$GNRMC,150511.00,A,2454.23253,N,06708.26904,E,0.009,,050525,,,R,V*0A
$GNVTG,,T,,M,0.009,N,0.017,K,D*37
$GNGGA,150511.00,2454.23253,N,06708.26904,E,4,12,0.60,22.0,M,-44.2,M,1.0,0292*78
$GNGSA,A,3,10,27,28,32,31,01,02,08,23,,,,1.24,0.60,1.08,1*0E
$GNGSA,A,3,87,81,74,88,75,65,66,72,,,,,1.24,0.60,1.08,2*0B
$GNGSA,A,3,08,03,15,,,,,,,,,,1.24,0.60,1.08,3*04
$GNGSA,A,3,08,09,06,13,20,16,29,32,38,39,,,1.24,0.60,1.08,4*07
$GNGSA,A,3,04,07,,,,,,,,,,,1.24,0.60,1.08,5*0E
$GPGSV,4,1,13,01,12,321,31,02,39,314,45,08,19,261,36,10,46,057,47,1*6E
$GPGSV,4,2,13,23,15,094,39,25,05,093,36,27,20,222,41,28,62,145,46,1*63
$GPGSV,4,3,13,31,40,180,46,32,55,012,49,36,34,246,42,40,59,208,47,1*66
$GPGSV,4,4,13,41,56,146,46,1*51
$GPGSV,1,1,01,25,05,093,34,5*5E
$GPGSV,2,1,08,01,12,321,33,08,19,261,35,10,46,057,47,23,15,094,41,6*66
$GPGSV,2,2,08,27,20,222,40,28,62,145,47,31,40,180,44,32,55,012,47,6*69
$GPGSV,1,1,03,18,02,146,,26,02,178,,49,17,257,,0*5D
$GLGSV,3,1,10,65,42,339,46,66,24,281,44,72,18,040,41,74,14,054,36,1*77
$GLGSV,3,2,10,75,24,106,48,81,13,331,39,86,01,164,09,87,40,183,46,1*71
$GLGSV,3,3,10,88,58,291,52,,,,44,1*49
$GLGSV,2,1,08,65,42,339,07,66,24,281,41,72,18,040,42,75,24,106,43,3*78
$GLGSV,2,2,08,81,13,331,38,86,01,164,07,87,40,183,08,88,58,291,48,3*7A
$GLGSV,1,1,01,76,06,160,,0*48
$GAGSV,2,1,07,03,53,021,51,05,07,046,45,07,12,240,33,08,58,270,51,2*77
$GAGSV,2,2,07,13,29,323,49,15,85,308,53,34,39,146,51,2*49
$GAGSV,2,1,08,03,53,021,45,05,07,046,36,07,12,240,36,08,58,270,47,7*7E
$GAGSV,2,2,08,13,29,323,44,15,85,308,47,18,15,280,36,34,39,146,45,7*7C
$GAGSV,1,1,02,02,03,146,,25,01,099,,0*72
$GBGSV,2,1,08,08,33,081,42,09,62,118,47,13,47,066,45,20,50,334,49,1*72
$GBGSV,2,2,08,29,44,274,48,32,31,049,47,38,27,092,44,39,51,060,47,1*7B
$GBGSV,2,1,05,06,60,087,48,08,33,081,46,09,62,118,49,13,47,066,48,B*06
$GBGSV,2,2,05,16,56,074,48,B*3B
$GBGSV,4,1,14,01,03,095,,02,58,140,,03,35,113,,05,62,201,,0*77
$GBGSV,4,2,14,10,04,162,,19,21,284,,23,16,060,,27,02,161,,0*70
$GBGSV,4,3,14,30,38,197,,35,05,320,,37,34,112,,59,08,095,,0*79
$GBGSV,4,4,14,60,60,149,,61,35,113,,0*7C
$GQGSV,1,1,02,04,20,074,38,07,19,104,33,1*63
$GQGSV,1,1,02,04,20,074,33,07,19,104,46,6*6D
$GQGSV,1,1,01,03,00,132,,0*56
$GNGLL,2454.23253,N,06708.26904,E,150511.00,A,D*71
$GNRMC,150512.00,A,2454.23253,N,06708.26904,E,0.003,,050525,,,R,V*03
$GNVTG,,T,,M,0.003,N,0.005,K,D*3E
$GNGGA,150512.00,2454.23253,N,06708.26904,E,4,12,0.60,22.0,M,-44.2,M,1.0,0292*7B
$GNGSA,A,3,10,27,28,32,31,01,02,08,23,,,,1.24,0.60,1.08,1*0E
$GNGSA,A,3,87,81,74,88,75,65,66,72,,,,,1.24,0.60,1.08,2*0B
$GNGSA,A,3,08,03,15,,,,,,,,,,1.24,0.60,1.08,3*04
$GNGSA,A,3,08,09,06,13,20,16,29,32,38,39,,,1.24,0.60,1.08,4*07
$GNGSA,A,3,04,07,,,,,,,,,,,1.24,0.60,1.08,5*0E
$GPGSV,4,1,13,01,12,321,31,02,39,314,45,08,19,261,36,10,46,057,47,1*6E
$GPGSV,4,2,13,23,15,094,38,25,05,093,36,27,20,222,41,28,62,145,46,1*62
$GPGSV,4,3,13,31,40,180,46,32,55,012,49,36,34,246,42,40,59,208,47,1*66
$GPGSV,4,4,13,41,56,146,46,1*51
$GPGSV,1,1,01,25,05,093,34,5*5E
$GPGSV,2,1,08,01,12,321,33,08,19,261,35,10,46,057,47,23,15,094,41,6*66
$GPGSV,2,2,08,27,20,222,40,28,62,145,47,31,40,180,44,32,55,012,47,6*69
$GPGSV,1,1,03,18,02,146,,26,02,178,,49,17,257,,0*5D
$GLGSV,3,1,10,65,42,339,46,66,24,281,44,72,18,040,41,74,14,054,36,1*77
$GLGSV,3,2,10,75,24,106,48,81,13,331,39,86,01,164,10,87,40,183,46,1*79
$GLGSV,3,3,10,88,58,291,51,,,,44,1*4A
$GLGSV,3,1,09,65,42,339,10,66,24,281,41,72,18,040,42,75,24,106,42,3*7F
$GLGSV,3,2,09,81,13,331,38,86,01,164,09,87,40,183,08,88,58,291,48,3*74
$GLGSV,3,3,09,,,,38,3*78
$GLGSV,1,1,01,76,06,160,,0*48
$GAGSV,2,1,07,03,53,021,51,05,07,046,45,07,12,240,33,08,58,270,51,2*77
$GAGSV,2,2,07,13,29,323,49,15,85,308,53,34,39,146,51,2*49
$GAGSV,2,1,08,03,53,021,45,05,07,046,36,07,12,240,36,08,58,270,47,7*7E
$GAGSV,2,2,08,13,29,323,44,15,85,308,47,18,15,280,36,34,39,146,45,7*7C
$GAGSV,1,1,02,02,03,146,,25,01,099,,0*72
$GBGSV,2,1,08,08,33,081,42,09,62,118,47,13,47,066,45,20,50,334,49,1*72
$GBGSV,2,2,08,29,44,274,48,32,31,049,47,38,27,092,44,39,51,060,47,1*7B
$GBGSV,2,1,05,06,60,087,48,08,33,081,46,09,62,118,49,13,47,066,48,B*06
$GBGSV,2,2,05,16,56,074,48,B*3B
$GBGSV,4,1,14,01,03,095,,02,58,140,,03,35,113,,05,62,201,,0*77
$GBGSV,4,2,14,10,04,162,,19,21,284,,23,16,060,,27,02,161,,0*70
$GBGSV,4,3,14,30,38,197,,35,05,320,,37,34,112,,59,08,095,,0*79
$GBGSV,4,4,14,60,60,149,,61,35,113,,0*7C
$GQGSV,1,1,02,04,20,074,38,07,19,104,33,1*63
$GQGSV,1,1,02,04,20,074,33,07,19,104,46,6*6D
$GQGSV,1,1,01,03,00,132,,0*56
$GNGLL,2454.23253,N,06708.26904,E,150512.00,A,D*72
$GNRMC,150513.00,A,2454.23253,N,06708.26904,E,0.007,,050525,,,R,V*06
$GNVTG,,T,,M,0.007,N,0.012,K,D*3C
$GNGGA,150513.00,2454.23253,N,06708.26904,E,4,12,0.60,22.0,M,-44.2,M,1.0,0292*7A
$GNGSA,A,3,10,27,28,32,31,01,02,08,23,,,,1.24,0.60,1.08,1*0E
$GNGSA,A,3,87,81,74,88,75,65,66,72,,,,,1.24,0.60,1.08,2*0B
$GNGSA,A,3,08,03,15,,,,,,,,,,1.24,0.60,1.08,3*04
$GNGSA,A,3,08,09,06,13,20,16,29,32,38,39,,,1.24,0.60,1.08,4*07
$GNGSA,A,3,04,07,,,,,,,,,,,1.24,0.60,1.08,5*0E
$GPGSV,4,1,13,01,12,321,31,02,39,314,45,08,19,261,36,10,46,057,47,1*6E
$GPGSV,4,2,13,23,15,094,39,25,05,093,36,27,20,222,41,28,62,145,47,1*62
$GPGSV,4,3,13,31,40,180,46,32,55,012,49,36,34,246,42,40,59,208,47,1*66
$GPGSV,4,4,13,41,56,146,46,1*51
$GPGSV,1,1,01,25,05,093,34,5*5E
$GPGSV,2,1,08,01,12,321,33,08,19,261,35,10,46,057,47,23,15,094,41,6*66
$GPGSV,2,2,08,27,20,222,40,28,62,145,47,31,40,180,44,32,55,012,47,6*69
$GPGSV,1,1,03,18,02,146,,26,02,178,,49,17,257,,0*5D
$GLGSV,3,1,10,65,42,339,46,66,24,281,44,72,18,040,41,74,14,054,36,1*77
$GLGSV,3,2,10,75,24,106,48,81,13,331,39,86,01,164,10,87,40,183,46,1*79
$GLGSV,3,3,10,88,58,291,52,,,,44,1*49
$GLGSV,3,1,09,65,42,339,08,66,24,281,41,72,18,040,42,75,24,106,42,3*76
$GLGSV,3,2,09,81,13,331,38,86,01,164,11,87,40,183,07,88,58,291,48,3*72
$GLGSV,3,3,09,,,,41,3*76
$GLGSV,1,1,01,76,06,160,,0*48
$GAGSV,2,1,07,03,53,021,51,05,07,046,45,07,12,240,33,08,58,270,51,2*77
$GAGSV,2,2,07,13,29,323,49,15,85,308,53,34,39,146,51,2*49
$GAGSV,2,1,08,03,53,021,45,05,07,046,36,07,12,240,36,08,58,270,47,7*7E
$GAGSV,2,2,08,13,29,323,44,15,85,308,47,18,15,280,36,34,39,146,45,7*7C
$GAGSV,1,1,02,02,03,146,,25,01,099,,0*72
$GBGSV,2,1,08,08,33,081,42,09,62,118,47,13,47,066,45,20,50,334,49,1*72
$GBGSV,2,2,08,29,44,274,48,32,31,049,47,38,27,092,44,39,51,060,47,1*7B
$GBGSV,2,1,05,06,60,087,48,08,33,081,46,09,62,118,49,13,47,066,48,B*06
$GBGSV,2,2,05,16,56,074,48,B*3B
$GBGSV,4,1,14,01,03,095,,02,58,140,,03,35,113,,05,62,201,,0*77
$GBGSV,4,2,14,10,04,162,,19,21,284,,23,16,060,,27,02,161,,0*70
$GBGSV,4,3,14,30,38,197,,35,05,320,,37,34,112,,59,08,095,,0*79
$GBGSV,4,4,14,60,60,149,,61,35,113,,0*7C
$GQGSV,1,1,02,04,20,074,38,07,19,104,33,1*63
$GQGSV,1,1,02,04,20,074,33,07,19,104,46,6*6D
$GQGSV,1,1,01,03,00,132,,0*56
$GNGLL,2454.23253,N,06708.26904,E,150513.00,A,D*73
$GNRMC,150514.00,A,2454.23253,N,06708.26904,E,0.004,,050525,,,R,V*02
$GNVTG,,T,,M,0.004,N,0.007,K,D*3B
$GNGGA,150514.00,2454.23253,N,06708.26904,E,4,12,0.60,22.0,M,-44.2,M,1.0,0292*7D
$GNGSA,A,3,10,27,28,32,31,01,02,08,23,,,,1.24,0.60,1.08,1*0E
$GNGSA,A,3,87,81,74,88,75,65,66,72,,,,,1.24,0.60,1.08,2*0B
$GNGSA,A,3,08,03,15,,,,,,,,,,1.24,0.60,1.08,3*04
$GNGSA,A,3,08,09,06,13,20,16,29,32,38,39,,,1.24,0.60,1.08,4*07
$GNGSA,A,3,04,07,,,,,,,,,,,1.24,0.60,1.08,5*0E
$GPGSV,4,1,13,01,12,321,31,02,39,314,45,08,19,261,36,10,46,057,47,1*6E
$GPGSV,4,2,13,23,15,094,39,25,05,093,36,27,20,222,41,28,62,145,47,1*62
$GPGSV,4,3,13,31,40,180,46,32,55,012,49,36,34,246,42,40,59,208,47,1*66
$GPGSV,4,4,13,41,56,146,47,1*50
$GPGSV,1,1,01,25,05,093,34,5*5E
$GPGSV,2,1,08,01,12,321,33,08,19,261,36,10,46,057,47,23,15,094,41,6*65
$GPGSV,2,2,08,27,20,222,40,28,62,145,47,31,40,180,44,32,55,012,47,6*69
$GPGSV,1,1,03,18,02,146,,26,02,178,,49,17,257,,0*5D
$GLGSV,3,1,10,65,42,339,46,66,24,281,44,72,18,040,41,74,14,054,35,1*74
$GLGSV,3,2,10,75,24,106,48,81,13,331,39,86,01,164,09,87,40,183,46,1*71
$GLGSV,3,3,10,88,58,291,52,,,,44,1*49
$GLGSV,3,1,09,65,42,339,08,66,24,281,41,72,18,040,42,75,24,106,42,3*76
$GLGSV,3,2,09,81,13,331,38,86,01,164,09,87,40,183,09,88,58,291,48,3*75
$GLGSV,3,3,09,,,,41,3*76
$GLGSV,1,1,01,76,06,160,,0*48
$GAGSV,2,1,07,03,53,021,51,05,07,046,45,07,12,240,33,08,58,270,51,2*77
$GAGSV,2,2,07,13,29,323,49,15,85,308,53,34,39,146,51,2*49
$GAGSV,2,1,08,03,53,021,45,05,07,046,35,07,12,240,37,08,58,270,47,7*7C
$GAGSV,2,2,08,13,29,323,44,15,85,308,47,18,15,280,36,34,39,146,45,7*7C
$GAGSV,1,1,02,02,03,146,,25,01,099,,0*72
$GBGSV,2,1,08,08,33,081,42,09,62,118,47,13,47,066,45,20,50,334,49,1*72
$GBGSV,2,2,08,29,44,274,48,32,31,049,47,38,27,092,44,39,51,060,47,1*7B
$GBGSV,2,1,05,06,60,087,48,08,33,081,46,09,62,118,49,13,47,066,48,B*06
$GBGSV,2,2,05,16,56,074,48,B*3B
$GBGSV,4,1,14,01,03,095,,02,58,140,,03,35,113,,05,62,201,,0*77
$GBGSV,4,2,14,10,04,162,,19,21,284,,23,16,060,,27,02,161,,0*70
$GBGSV,4,3,14,30,38,197,,35,05,320,,37,34,112,,59,08,095,,0*79
$GBGSV,4,4,14,60,60,149,,61,35,113,,0*7C
$GQGSV,1,1,02,04,20,074,38,07,19,104,33,1*63
$GQGSV,1,1,02,04,20,074,32,07,19,104,46,6*6C
$GQGSV,1,1,01,03,00,132,,0*56
$GNGLL,2454.23253,N,06708.26904,E,150514.00,A,D*74
$GNRMC,150515.00,A,2454.23253,N,06708.26904,E,0.006,,050525,,,R,V*01
$GNVTG,,T,,M,0.006,N,0.011,K,D*3E
$GNGGA,150515.00,2454.23253,N,06708.26904,E,4,12,0.60,22.0,M,-44.2,M,1.0,0292*7C
$GNGSA,A,3,10,27,28,32,31,01,02,08,23,,,,1.24,0.60,1.08,1*0E
$GNGSA,A,3,87,81,74,88,75,65,66,72,,,,,1.24,0.60,1.08,2*0B
$GNGSA,A,3,08,03,15,,,,,,,,,,1.24,0.60,1.08,3*04
$GNGSA,A,3,08,09,06,13,20,16,29,32,38,39,,,1.24,0.60,1.08,4*07
$GNGSA,A,3,04,07,,,,,,,,,,,1.24,0.60,1.08,5*0E
$GPGSV,4,1,13,01,12,321,31,02,39,314,45,08,19,261,36,10,46,057,47,1*6E
$GPGSV,4,2,13,23,15,094,39,25,05,093,36,27,20,222,41,28,62,145,47,1*62
$GPGSV,4,3,13,31,40,180,46,32,55,012,49,36,34,246,42,40,59,208,47,1*66
$GPGSV,4,4,13,41,56,146,47,1*50
$GPGSV,1,1,01,25,05,093,34,5*5E
$GPGSV,2,1,08,01,12,321,33,08,19,261,35,10,46,057,47,23,15,094,41,6*66
$GPGSV,2,2,08,27,20,222,40,28,62,145,47,31,40,180,44,32,55,012,47,6*69
$GPGSV,1,1,03,18,02,146,,26,02,178,,49,17,257,,0*5D
$GLGSV,3,1,10,65,42,339,46,66,24,281,44,72,18,040,41,74,14,054,35,1*74
$GLGSV,3,2,10,75,24,106,48,81,14,330,39,86,01,164,10,87,40,183,46,1*7F
$GLGSV,3,3,10,88,58,291,52,,,,44,1*49
$GLGSV,3,1,09,65,42,339,09,66,24,281,41,72,18,040,42,75,24,106,42,3*77
$GLGSV,3,2,09,81,14,330,38,86,01,164,10,87,40,183,10,88,58,291,48,3*73
$GLGSV,3,3,09,,,,42,3*75
$GLGSV,1,1,01,76,06,160,,0*48
$GAGSV,2,1,07,03,53,021,51,05,07,046,45,07,12,240,33,08,58,270,51,2*77
$GAGSV,2,2,07,13,29,323,49,15,85,308,53,34,39,146,51,2*49
$GAGSV,2,1,08,03,53,021,45,05,07,046,35,07,12,240,36,08,58,270,47,7*7D
$GAGSV,2,2,08,13,29,323,44,15,85,308,47,18,15,280,36,34,39,146,45,7*7C
$GAGSV,1,1,02,02,03,146,,25,01,099,,0*72
$GBGSV,2,1,08,08,33,081,42,09,62,118,47,13,47,066,45,20,50,334,50,1*7A
$GBGSV,2,2,08,29,44,274,48,32,31,049,47,38,27,092,44,39,51,060,47,1*7B
$GBGSV,2,1,05,06,60,087,48,08,33,081,45,09,62,118,49,13,47,066,48,B*05
$GBGSV,2,2,05,16,56,074,48,B*3B
$GBGSV,4,1,14,01,03,095,,02,58,140,,03,35,113,,05,62,201,,0*77
$GBGSV,4,2,14,10,04,162,,19,21,284,,23,16,060,,27,02,161,,0*70
$GBGSV,4,3,14,30,38,197,,35,05,320,,37,34,112,,59,08,095,,0*79
$GBGSV,4,4,14,60,60,149,,61,35,113,,0*7C
$GQGSV,1,1,02,04,20,074,38,07,19,104,33,1*63
$GQGSV,1,1,02,04,20,074,32,07,19,104,46,6*6C
$GQGSV,1,1,01,03,00,132,,0*56
$GNGLL,2454.23253,N,06708.26904,E,150515.00,A,D*75
$GNRMC,150516.00,A,2454.23253,N,06708.26904,E,0.001,,050525,,,R,V*05
$GNVTG,,T,,M,0.001,N,0.003,K,D*3A
$GNGGA,150516.00,2454.23253,N,06708.26904,E,4,12,0.60,22.0,M,-44.2,M,1.0,0292*7F
$GNGSA,A,3,10,27,28,32,31,01,02,08,23,,,,1.24,0.60,1.08,1*0E
$GNGSA,A,3,87,81,74,88,75,65,66,72,,,,,1.24,0.60,1.08,2*0B
$GNGSA,A,3,08,03,15,,,,,,,,,,1.24,0.60,1.08,3*04
$GNGSA,A,3,08,09,06,13,20,16,29,32,38,39,,,1.24,0.60,1.08,4*07
$GNGSA,A,3,04,07,,,,,,,,,,,1.24,0.60,1.08,5*0E
$GPGSV,4,1,13,01,12,321,31,02,39,314,45,08,19,261,36,10,46,057,47,1*6E
$GPGSV,4,2,13,23,15,094,39,25,05,093,36,27,20,222,41,28,62,145,47,1*62
$GPGSV,4,3,13,31,40,180,46,32,55,012,49,36,34,246,42,40,59,208,47,1*66
$GPGSV,4,4,13,41,56,146,47,1*50
$GPGSV,1,1,01,25,05,093,34,5*5E
$GPGSV,2,1,08,01,12,321,33,08,19,261,35,10,46,057,47,23,15,094,41,6*66
$GPGSV,2,2,08,27,20,222,40,28,62,145,47,31,40,180,44,32,55,012,47,6*69
$GPGSV,1,1,03,18,02,146,,26,02,178,,49,17,257,,0*5D
$GLGSV,3,1,10,65,42,339,46,66,24,281,44,72,18,040,41,74,14,054,35,1*74
$GLGSV,3,2,10,75,24,106,48,81,14,330,39,86,01,164,10,87,40,183,46,1*7F
$GLGSV,3,3,10,88,58,291,51,,,,44,1*4A
$GLGSV,3,1,09,65,42,339,09,66,24,281,41,72,18,040,42,75,24,106,42,3*77
$GLGSV,3,2,09,81,14,330,38,86,01,164,08,87,40,183,10,88,58,291,48,3*7A
$GLGSV,3,3,09,,,,41,3*76
$GLGSV,1,1,01,76,06,160,,0*48
$GAGSV,2,1,07,03,53,021,51,05,07,046,45,07,12,240,33,08,58,270,51,2*77
$GAGSV,2,2,07,13,29,323,49,15,85,308,53,34,39,146,51,2*49
$GAGSV,2,1,08,03,53,021,45,05,07,046,35,07,12,240,36,08,58,270,47,7*7D
$GAGSV,2,2,08,13,29,323,44,15,85,308,47,18,15,280,36,34,39,146,45,7*7C
$GAGSV,1,1,02,02,03,146,,25,01,099,,0*72
$GBGSV,2,1,08,08,33,081,42,09,62,118,47,13,47,066,45,20,50,334,49,1*72
$GBGSV,2,2,08,29,44,274,48,32,31,049,47,38,27,092,44,39,51,060,47,1*7B
$GBGSV,2,1,05,06,60,087,48,08,33,081,45,09,62,118,49,13,47,066,48,B*05
$GBGSV,2,2,05,16,56,074,48,B*3B
$GBGSV,4,1,14,01,03,095,,02,58,140,,03,35,113,,05,62,201,,0*77
$GBGSV,4,2,14,10,04,162,,19,21,284,,23,16,060,,27,02,161,,0*70
$GBGSV,4,3,14,30,38,197,,35,05,320,,37,34,112,,59,08,095,,0*79
$GBGSV,4,4,14,60,60,149,,61,35,113,,0*7C
$GQGSV,1,1,02,04,20,074,38,07,19,104,33,1*63
$GQGSV,1,1,02,04,20,074,33,07,19,104,46,6*6D
$GQGSV,1,1,01,03,00,132,,0*56
$GNGLL,2454.23253,N,06708.26904,E,150516.00,A,D*76
$GNRMC,150517.00,A,2454.23253,N,06708.26904,E,0.002,,050525,,,R,V*07
$GNVTG,,T,,M,0.002,N,0.003,K,D*39
$GNGGA,150517.00,2454.23253,N,06708.26904,E,4,12,0.60,22.0,M,-44.2,M,1.0,0292*7E
$GNGSA,A,3,10,27,28,32,31,01,02,08,23,,,,1.24,0.60,1.08,1*0E
$GNGSA,A,3,87,81,74,88,75,65,66,72,,,,,1.24,0.60,1.08,2*0B
$GNGSA,A,3,08,03,15,,,,,,,,,,1.24,0.60,1.08,3*04
$GNGSA,A,3,08,09,06,13,20,16,29,32,38,39,,,1.24,0.60,1.08,4*07
$GNGSA,A,3,04,07,,,,,,,,,,,1.24,0.60,1.08,5*0E
$GPGSV,4,1,13,01,12,321,31,02,39,314,45,08,19,261,35,10,46,057,47,1*6D
$GPGSV,4,2,13,23,15,094,39,25,05,093,36,27,20,222,41,28,62,145,47,1*62
$GPGSV,4,3,13,31,40,180,46,32,55,012,49,36,34,246,42,40,59,208,47,1*66
$GPGSV,4,4,13,41,56,146,47,1*50
$GPGSV,1,1,01,25,05,093,34,5*5E
$GPGSV,2,1,08,01,12,321,33,08,19,261,35,10,46,057,47,23,15,094,41,6*66
$GPGSV,2,2,08,27,20,222,40,28,62,145,47,31,40,180,44,32,55,012,47,6*69
$GPGSV,1,1,03,18,02,146,,26,02,178,,49,17,257,,0*5D
$GLGSV,3,1,10,65,42,339,46,66,24,281,44,72,18,040,41,74,14,054,35,1*74
$GLGSV,3,2,10,75,24,106,48,81,14,330,39,86,01,164,11,87,40,183,46,1*7E
$GLGSV,3,3,10,88,58,291,52,,,,44,1*49
$GLGSV,3,1,09,65,42,339,08,66,24,281,41,72,18,040,42,75,24,106,42,3*76
$GLGSV,3,2,09,81,14,330,38,86,01,164,08,87,40,183,09,88,58,291,48,3*72
$GLGSV,3,3,09,,,,41,3*76
$GLGSV,1,1,01,76,06,160,,0*48
$GAGSV,2,1,07,03,53,021,51,05,07,046,45,07,12,240,33,08,58,270,51,2*77
$GAGSV,2,2,07,13,29,323,49,15,85,308,53,34,39,146,51,2*49
$GAGSV,2,1,08,03,53,021,45,05,07,046,35,07,12,240,36,08,58,270,47,7*7D
$GAGSV,2,2,08,13,29,323,44,15,85,308,47,18,15,280,36,34,39,146,45,7*7C
$GAGSV,1,1,02,02,03,146,,25,01,099,,0*72
$GBGSV,2,1,08,08,33,081,42,09,62,118,47,13,47,066,45,20,50,334,49,1*72
$GBGSV,2,2,08,29,44,274,48,32,31,049,47,38,27,092,44,39,51,060,47,1*7B
$GBGSV,2,1,05,06,60,087,48,08,33,081,45,09,62,118,49,13,47,066,48,B*05
$GBGSV,2,2,05,16,56,074,48,B*3B
$GBGSV,4,1,14,01,03,095,,02,58,140,,03,35,113,,05,62,201,,0*77
$GBGSV,4,2,14,10,04,162,,19,21,284,,23,16,060,,27,02,161,,0*70
$GBGSV,4,3,14,30,38,197,,35,05,320,,37,34,112,,59,08,095,,0*79
$GBGSV,4,4,14,60,60,149,,61,35,113,,0*7C
$GQGSV,1,1,02,04,20,074,38,07,19,104,33,1*63
$GQGSV,1,1,02,04,20,074,33,07,19,104,46,6*6D
$GQGSV,1,1,01,03,00,132,,0*56
$GNGLL,2454.23253,N,06708.26904,E,150517.00,A,D*77
$GNRMC,150518.00,A,2454.23253,N,06708.26904,E,0.008,,050525,,,R,V*02
$GNVTG,,T,,M,0.008,N,0.014,K,D*35
$GNGGA,150518.00,2454.23253,N,06708.26904,E,4,12,0.60,22.0,M,-44.2,M,1.0,0292*71
$GNGSA,A,3,10,27,28,32,31,01,02,08,23,,,,1.24,0.60,1.08,1*0E
$GNGSA,A,3,87,81,74,88,75,65,66,72,,,,,1.24,0.60,1.08,2*0B
$GNGSA,A,3,08,03,15,,,,,,,,,,1.24,0.60,1.08,3*04
$GNGSA,A,3,08,09,06,13,20,16,29,32,38,39,,,1.24,0.60,1.08,4*07
$GNGSA,A,3,04,07,,,,,,,,,,,1.24,0.60,1.08,5*0E
$GPGSV,4,1,13,01,12,321,31,02,39,314,45,08,19,261,35,10,46,057,47,1*6D
$GPGSV,4,2,13,23,15,094,39,25,05,093,36,27,20,222,41,28,62,145,47,1*62
$GPGSV,4,3,13,31,40,180,46,32,55,012,49,36,34,246,42,40,59,208,47,1*66
$GPGSV,4,4,13,41,56,146,46,1*51
$GPGSV,1,1,01,25,05,093,34,5*5E
$GPGSV,2,1,08,01,12,321,33,08,19,261,35,10,46,057,47,23,15,094,41,6*66
$GPGSV,2,2,08,27,20,222,40,28,62,145,47,31,40,180,44,32,55,012,47,6*69
$GPGSV,1,1,03,18,02,146,,26,02,178,,49,17,257,,0*5D
$GLGSV,3,1,10,65,42,339,46,66,24,281,44,72,18,040,41,74,14,054,35,1*74
$GLGSV,3,2,10,75,24,106,48,81,14,330,39,86,01,164,12,87,40,183,46,1*7D
$GLGSV,3,3,10,88,58,291,51,,,,44,1*4A
$GLGSV,3,1,09,65,42,339,10,66,24,281,41,72,18,040,42,75,24,106,42,3*7F
$GLGSV,3,2,09,81,14,330,38,86,01,164,13,87,40,183,09,88,58,291,48,3*78
$GLGSV,3,3,09,,,,41,3*76
$GLGSV,1,1,01,76,06,160,,0*48
$GAGSV,2,1,07,03,53,021,51,05,07,046,45,07,12,240,33,08,58,270,51,2*77
$GAGSV,2,2,07,13,29,323,49,15,85,308,53,34,39,146,51,2*49
$GAGSV,2,1,08,03,53,021,45,05,07,046,35,07,12,240,36,08,58,270,47,7*7D
$GAGSV,2,2,08,13,29,323,44,15,85,308,47,18,15,280,36,34,39,146,45,7*7C
$GAGSV,1,1,02,02,03,146,,25,01,099,,0*72
$GBGSV,2,1,08,08,33,081,42,09,62,118,47,13,47,066,45,20,50,334,49,1*72
$GBGSV,2,2,08,29,44,274,48,32,31,049,47,38,27,092,44,39,51,060,47,1*7B
$GBGSV,2,1,05,06,60,087,48,08,33,081,45,09,62,118,49,13,47,066,48,B*05
$GBGSV,2,2,05,16,56,074,48,B*3B
$GBGSV,4,1,14,01,03,095,,02,58,140,,03,35,113,,05,62,201,,0*77
$GBGSV,4,2,14,10,04,162,,19,21,284,,23,16,060,,27,02,161,,0*70
$GBGSV,4,3,14,30,38,197,,35,05,320,,37,34,112,,59,08,095,,0*79
$GBGSV,4,4,14,60,60,149,,61,35,113,,0*7C
$GQGSV,1,1,02,04,20,074,38,07,19,104,33,1*63
$GQGSV,1,1,02,04,20,074,33,07,19,104,46,6*6D
$GQGSV,1,1,01,03,00,132,,0*56
$GNGLL,2454.23253,N,06708.26904,E,150518.00,A,D*78
$GNRMC,150519.00,A,2454.23253,N,06708.26904,E,0.006,,050525,,,R,V*0D
$GNVTG,,T,,M,0.006,N,0.012,K,D*3D
$GNGGA,150519.00,2454.23253,N,06708.26904,E,4,12,0.60,22.0,M,-44.2,M,1.0,0292*70
$GNGSA,A,3,10,27,28,32,31,01,02,08,23,,,,1.24,0.60,1.08,1*0E
$GNGSA,A,3,87,81,74,88,75,65,66,72,,,,,1.24,0.60,1.08,2*0B
$GNGSA,A,3,08,03,15,,,,,,,,,,1.24,0.60,1.08,3*04
$GNGSA,A,3,08,09,06,13,20,16,29,32,38,39,,,1.24,0.60,1.08,4*07
$GNGSA,A,3,04,07,,,,,,,,,,,1.24,0.60,1.08,5*0E
$GPGSV,4,1,13,01,12,321,31,02,39,314,45,08,19,261,35,10,46,057,47,1*6D
$GPGSV,4,2,13,23,15,094,38,25,05,093,36,27,20,222,41,28,62,145,47,1*63
$GPGSV,4,3,13,31,40,180,46,32,55,012,49,36,34,246,42,40,59,208,47,1*66
$GPGSV,4,4,13,41,56,146,46,1*51
$GPGSV,1,1,01,25,05,093,34,5*5E
$GPGSV,2,1,08,01,12,321,32,08,19,261,35,10,46,057,47,23,15,094,41,6*67
$GPGSV,2,2,08,27,20,222,40,28,62,145,47,31,40,180,44,32,55,012,47,6*69
$GPGSV,1,1,03,18,02,146,,26,02,178,,49,17,257,,0*5D
$GLGSV,3,1,10,65,42,339,46,66,24,281,44,72,18,040,41,74,14,054,36,1*77
$GLGSV,3,2,10,75,24,106,48,81,14,330,39,86,01,164,14,87,40,183,46,1*7B
$GLGSV,3,3,10,88,58,291,51,,,,44,1*4A
$GLGSV,3,1,09,65,42,339,10,66,24,281,42,72,18,040,42,75,24,106,42,3*7C
$GLGSV,3,2,09,81,14,330,38,86,01,164,10,87,40,183,09,88,58,291,48,3*7B
$GLGSV,3,3,09,,,,41,3*76
$GLGSV,1,1,01,76,06,160,,0*48
$GAGSV,2,1,07,03,53,021,51,05,07,046,45,07,12,240,33,08,58,270,51,2*77
$GAGSV,2,2,07,13,29,323,49,15,85,308,53,34,39,146,51,2*49
$GAGSV,2,1,08,03,53,021,45,05,07,046,35,07,12,240,37,08,58,270,47,7*7C
$GAGSV,2,2,08,13,29,323,44,15,85,308,47,18,15,280,36,34,39,146,45,7*7C
$GAGSV,1,1,02,02,03,146,,25,01,099,,0*72
$GBGSV,2,1,08,08,33,081,42,09,62,118,47,13,47,066,45,20,50,334,50,1*7A
$GBGSV,2,2,08,29,44,274,48,32,31,049,47,38,27,092,44,39,51,060,47,1*7B
$GBGSV,2,1,05,06,60,087,48,08,33,081,45,09,62,118,49,13,47,066,48,B*05
$GBGSV,2,2,05,16,56,074,48,B*3B
$GBGSV,4,1,14,01,03,095,,02,58,140,,03,35,113,,05,62,201,,0*77
$GBGSV,4,2,14,10,04,162,,19,21,284,,23,16,060,,27,02,161,,0*70
$GBGSV,4,3,14,30,38,197,,35,05,320,,37,34,112,,59,08,095,,0*79
$GBGSV,4,4,14,60,60,149,,61,35,113,,0*7C
$GQGSV,1,1,02,04,20,074,38,07,19,104,33,1*63
$GQGSV,1,1,02,04,20,074,33,07,19,104,46,6*6D
$GQGSV,1,1,01,03,00,132,,0*56
$GNGLL,2454.23253,N,06708.26904,E,150519.00,A,D*79
$GNRMC,150520.00,A,2454.23253,N,06708.26904,E,0.005,,050525,,,R,V*04
$GNVTG,,T,,M,0.005,N,0.010,K,D*3C
$GNGGA,150520.00,2454.23253,N,06708.26904,E,4,12,0.60,22.0,M,-44.2,M,1.0,0292*7A
$GNGSA,A,3,10,27,28,32,31,01,02,08,23,,,,1.24,0.60,1.08,1*0E
$GNGSA,A,3,87,81,74,88,75,65,66,72,,,,,1.24,0.60,1.08,2*0B
$GNGSA,A,3,08,03,15,,,,,,,,,,1.24,0.60,1.08,3*04
$GNGSA,A,3,08,09,06,13,20,16,29,32,38,39,,,1.24,0.60,1.08,4*07
$GNGSA,A,3,04,07,,,,,,,,,,,1.24,0.60,1.08,5*0E
$GPGSV,4,1,13,01,12,321,31,02,39,314,45,08,19,261,35,10,46,057,47,1*6D
$GPGSV,4,2,13,23,15,094,38,25,05,093,36,27,20,222,41,28,62,145,47,1*63
$GPGSV,4,3,13,31,40,180,46,32,55,012,49,36,34,246,42,40,59,208,47,1*66
$GPGSV,4,4,13,41,56,146,46,1*51
$GPGSV,1,1,01,25,05,093,35,5*5F
$GPGSV,2,1,08,01,12,321,32,08,19,261,36,10,46,057,47,23,15,094,40,6*65
$GPGSV,2,2,08,27,20,222,40,28,62,145,47,31,40,180,44,32,55,012,47,6*69
$GPGSV,1,1,03,18,02,146,,26,02,178,,49,17,257,,0*5D
$GLGSV,3,1,09,65,42,339,46,66,24,281,44,72,18,040,41,74,14,054,36,1*7F
$GLGSV,3,2,09,75,24,106,48,81,14,330,39,87,40,183,46,88,58,291,51,1*79
$GLGSV,3,3,09,,,,44,1*71
$GLGSV,2,1,08,65,42,339,11,66,24,281,42,72,18,040,42,75,24,106,42,3*7D
$GLGSV,2,2,08,81,14,330,38,87,40,183,10,88,58,291,48,,,,41,3*4B
$GLGSV,1,1,01,76,06,160,,0*48
$GAGSV,2,1,07,03,53,021,51,05,07,046,45,07,12,240,33,08,58,270,51,2*77
$GAGSV,2,2,07,13,29,323,49,15,85,308,53,34,39,146,51,2*49
$GAGSV,2,1,08,03,53,021,45,05,07,046,34,07,12,240,36,08,58,270,47,7*7C
$GAGSV,2,2,08,13,29,323,44,15,85,308,47,18,15,280,36,34,39,146,45,7*7C
$GAGSV,1,1,02,02,03,146,,25,01,099,,0*72
$GBGSV,2,1,08,08,33,081,42,09,62,118,47,13,47,066,45,20,50,334,50,1*7A
$GBGSV,2,2,08,29,44,274,48,32,31,049,47,38,27,092,44,39,51,060,47,1*7B
$GBGSV,2,1,05,06,60,087,48,08,33,081,45,09,62,118,49,13,47,066,48,B*05
$GBGSV,2,2,05,16,56,074,48,B*3B
$GBGSV,4,1,14,01,03,095,,02,58,140,,03,35,113,,05,62,201,,0*77
$GBGSV,4,2,14,10,04,162,,19,21,284,,23,16,060,,27,02,161,,0*70
$GBGSV,4,3,14,30,38,197,,35,05,320,,37,34,112,,59,08,095,,0*79
$GBGSV,4,4,14,60,60,149,,61,35,113,,0*7C
$GQGSV,1,1,02,04,20,074,38,07,19,104,33,1*63
$GQGSV,1,1,02,04,20,074,33,07,19,104,46,6*6D
$GQGSV,1,1,01,03,00,132,,0*56
$GNGLL,2454.23253,N,06708.26904,E,150520.00,A,D*73
$GNRMC,150521.00,A,2454.23253,N,06708.26904,E,0.011,,050525,,,R,V*00
$GNVTG,,T,,M,0.011,N,0.021,K,D*3B
$GNGGA,150521.00,2454.23253,N,06708.26904,E,4,12,0.60,22.0,M,-44.2,M,1.0,0292*7B
$GNGSA,A,3,10,27,28,32,31,01,02,08,23,,,,1.24,0.60,1.08,1*0E
$GNGSA,A,3,87,81,74,88,75,65,66,72,,,,,1.24,0.60,1.08,2*0B
$GNGSA,A,3,08,03,15,,,,,,,,,,1.24,0.60,1.08,3*04
$GNGSA,A,3,08,09,06,13,20,16,29,32,38,39,,,1.24,0.60,1.08,4*07
$GNGSA,A,3,04,07,,,,,,,,,,,1.24,0.60,1.08,5*0E
$GPGSV,4,1,13,01,12,321,31,02,39,314,45,08,19,261,35,10,46,057,47,1*6D
$GPGSV,4,2,13,23,15,094,38,25,05,093,36,27,20,222,40,28,62,145,47,1*62
$GPGSV,4,3,13,31,40,180,46,32,55,012,49,36,34,246,42,40,59,208,47,1*66
$GPGSV,4,4,13,41,56,146,46,1*51
$GPGSV,1,1,01,25,05,093,35,5*5F
$GPGSV,2,1,08,01,12,321,32,08,19,261,35,10,46,057,47,23,15,094,40,6*66
$GPGSV,2,2,08,27,20,222,40,28,62,145,47,31,40,180,44,32,55,012,47,6*69
$GPGSV,1,1,03,18,02,146,,26,02,178,,49,17,257,,0*5D
$GLGSV,3,1,09,65,42,339,46,66,24,281,44,72,18,040,41,74,14,054,36,1*7F
$GLGSV,3,2,09,75,24,106,48,81,14,330,39,87,38,183,46,88,58,291,51,1*76
$GLGSV,3,3,09,,,,44,1*71
$GLGSV,2,1,08,65,42,339,07,66,24,281,42,72,18,040,42,75,24,106,42,3*7A
$GLGSV,2,2,08,81,14,330,38,87,38,183,09,88,58,291,48,,,,41,3*4C
$GLGSV,1,1,01,76,06,160,,0*48
$GAGSV,2,1,07,03,53,021,51,05,07,046,45,07,12,240,33,08,58,270,51,2*77
$GAGSV,2,2,07,13,29,323,49,15,85,308,53,34,39,146,51,2*49
$GAGSV,2,1,08,03,53,021,45,05,07,046,34,07,12,240,36,08,58,270,47,7*7C
$GAGSV,2,2,08,13,29,323,44,15,85,308,47,18,15,280,36,34,39,146,45,7*7C
$GAGSV,1,1,02,02,03,146,,25,01,099,,0*72
$GBGSV,2,1,08,08,33,081,42,09,62,118,47,13,47,066,45,20,50,334,49,1*72
$GBGSV,2,2,08,29,44,274,48,32,31,049,47,38,27,092,44,39,51,060,47,1*7B
$GBGSV,2,1,05,06,60,087,48,08,33,081,45,09,62,118,49,13,47,066,48,B*05
$GBGSV,2,2,05,16,56,074,48,B*3B
$GBGSV,4,1,14,01,03,095,,02,58,140,,03,35,113,,05,62,201,,0*77
$GBGSV,4,2,14,10,04,162,,19,21,284,,23,16,060,,27,02,161,,0*70
$GBGSV,4,3,14,30,38,197,,35,05,320,,37,34,112,,59,08,095,,0*79
$GBGSV,4,4,14,60,60,149,,61,35,113,,0*7C
$GQGSV,1,1,02,04,20,074,38,07,19,104,33,1*63
$GQGSV,1,1,02,04,20,074,33,07,19,104,46,6*6D
$GQGSV,1,1,01,03,00,132,,0*56
$GNGLL,2454.23253,N,06708.26904,E,150521.00,A,D*72
$GNRMC,150522.00,A,2454.23253,N,06708.26904,E,0.007,,050525,,,R,V*04
$GNVTG,,T,,M,0.007,N,0.014,K,D*3A
$GNGGA,150522.00,2454.23253,N,06708.26904,E,4,12,0.60,22.0,M,-44.2,M,1.0,0292*78
$GNGSA,A,3,10,27,28,32,31,01,02,08,23,,,,1.24,0.60,1.08,1*0E
$GNGSA,A,3,87,81,74,88,75,65,66,72,,,,,1.24,0.60,1.08,2*0B
$GNGSA,A,3,08,03,15,,,,,,,,,,1.24,0.60,1.08,3*04
$GNGSA,A,3,08,09,06,13,20,16,29,32,38,39,,,1.24,0.60,1.08,4*07
$GNGSA,A,3,04,07,,,,,,,,,,,1.24,0.60,1.08,5*0E
$GPGSV,4,1,13,01,12,321,31,02,39,314,45,08,19,261,35,10,46,057,47,1*6D
$GPGSV,4,2,13,23,15,094,38,25,05,093,36,27,20,222,40,28,62,145,47,1*62
$GPGSV,4,3,13,31,40,180,46,32,55,012,49,36,34,246,42,40,59,208,47,1*66
$GPGSV,4,4,13,41,56,146,46,1*51
$GPGSV,1,1,01,25,05,093,35,5*5F
$GPGSV,2,1,08,01,12,321,31,08,19,261,35,10,46,057,47,23,15,094,40,6*65
$GPGSV,2,2,08,27,20,222,40,28,62,145,47,31,40,180,44,32,55,012,47,6*69
$GPGSV,1,1,03,18,02,146,,26,02,178,,49,17,257,,0*5D
$GLGSV,3,1,09,65,42,339,46,66,24,281,44,72,18,040,41,74,14,054,36,1*7F
$GLGSV,3,2,09,75,24,106,48,81,14,330,40,87,38,183,46,88,59,288,51,1*71
$GLGSV,3,3,09,,,,44,1*71
$GLGSV,2,1,08,65,42,339,08,66,24,281,42,72,18,040,42,75,24,106,42,3*75
$GLGSV,2,2,08,81,14,330,38,87,38,183,10,88,59,288,48,,,,41,3*4D
$GLGSV,1,1,01,76,06,160,,0*48
$GAGSV,2,1,07,03,53,021,51,05,07,046,45,07,12,240,33,08,58,270,51,2*77
$GAGSV,2,2,07,13,29,323,49,15,85,308,53,34,39,146,51,2*49
$GAGSV,2,1,08,03,53,021,45,05,07,046,34,07,12,240,36,08,58,270,47,7*7C
$GAGSV,2,2,08,13,29,323,44,15,85,308,47,18,15,280,35,34,39,146,45,7*7F
$GAGSV,1,1,02,02,03,146,,25,01,099,,0*72
$GBGSV,2,1,08,08,33,081,42,09,62,118,47,13,47,066,45,20,50,334,49,1*72
$GBGSV,2,2,08,29,44,274,48,32,31,049,47,38,27,092,44,39,51,060,47,1*7B
$GBGSV,2,1,05,06,60,087,48,08,33,081,45,09,62,118,49,13,47,066,48,B*05
$GBGSV,2,2,05,16,56,074,48,B*3B
$GBGSV,4,1,14,01,03,095,,02,58,140,,03,35,113,,05,62,201,,0*77
$GBGSV,4,2,14,10,04,162,,19,21,284,,23,16,060,,27,02,161,,0*70
$GBGSV,4,3,14,30,38,197,,35,05,320,,37,34,112,,59,08,095,,0*79
$GBGSV,4,4,14,60,60,149,,61,35,113,,0*7C
$GQGSV,1,1,02,04,20,074,38,07,19,104,33,1*63
$GQGSV,1,1,02,04,20,074,33,07,19,104,46,6*6D
$GQGSV,1,1,01,03,00,132,,0*56
$GNGLL,2454.23253,N,06708.26904,E,150522.00,A,D*71
$GNRMC,150523.00,A,2454.23253,N,06708.26904,E,0.007,,050525,,,R,V*05
$GNVTG,,T,,M,0.007,N,0.013,K,D*3D
$GNGGA,150523.00,2454.23253,N,06708.26904,E,4,12,0.60,22.0,M,-44.2,M,1.0,0292*79
$GNGSA,A,3,10,27,28,32,31,01,02,08,23,,,,1.24,0.60,1.08,1*0E
$GNGSA,A,3,87,81,74,88,75,65,66,72,,,,,1.24,0.60,1.08,2*0B
$GNGSA,A,3,08,03,15,,,,,,,,,,1.24,0.60,1.08,3*04
$GNGSA,A,3,08,09,06,13,20,16,29,32,38,39,,,1.24,0.60,1.08,4*07
$GNGSA,A,3,04,07,,,,,,,,,,,1.24,0.60,1.08,5*0E
$GPGSV,4,1,13,01,12,321,31,02,39,314,45,08,19,261,35,10,46,057,47,1*6D
$GPGSV,4,2,13,23,15,094,38,25,05,093,36,27,20,222,40,28,62,145,47,1*62
$GPGSV,4,3,13,31,40,180,46,32,55,012,49,36,34,246,42,40,59,208,47,1*66
$GPGSV,4,4,13,41,56,146,46,1*51
$GPGSV,1,1,01,25,05,093,35,5*5F
$GPGSV,2,1,08,01,12,321,31,08,19,261,35,10,46,057,47,23,15,094,40,6*65
$GPGSV,2,2,08,27,20,222,40,28,62,145,47,31,40,180,44,32,55,012,47,6*69
$GPGSV,1,1,03,18,02,146,,26,02,178,,49,17,257,,0*5D
$GLGSV,3,1,09,65,42,339,46,66,24,281,44,72,18,040,41,74,14,054,36,1*7F
$GLGSV,3,2,09,75,24,106,48,81,14,330,40,87,38,183,46,88,59,288,52,1*72
$GLGSV,3,3,09,,,,44,1*71
$GLGSV,2,1,08,65,42,339,07,66,24,281,42,72,18,040,42,75,24,106,43,3*7B
$GLGSV,2,2,08,81,14,330,38,87,38,183,09,88,59,288,48,,,,41,3*45
$GLGSV,1,1,01,76,06,160,,0*48
$GAGSV,2,1,07,03,53,021,51,05,07,046,45,07,12,240,33,08,58,270,51,2*77
$GAGSV,2,2,07,13,29,323,49,15,85,308,53,34,39,146,51,2*49
$GAGSV,2,1,08,03,53,021,45,05,07,046,34,07,12,240,36,08,58,270,47,7*7C
$GAGSV,2,2,08,13,29,323,44,15,85,308,47,18,15,280,36,34,39,146,45,7*7C
$GAGSV,1,1,02,02,03,146,,25,01,099,,0*72
$GBGSV,2,1,08,08,33,081,42,09,62,118,47,13,47,066,45,20,50,334,50,1*7A
$GBGSV,2,2,08,29,44,274,48,32,31,049,48,38,27,092,44,39,51,060,47,1*74
$GBGSV,2,1,05,06,60,087,48,08,33,081,45,09,62,118,49,13,47,066,48,B*05
$GBGSV,2,2,05,16,56,074,48,B*3B
$GBGSV,4,1,14,01,03,095,,02,58,140,,03,35,113,,05,62,201,,0*77
$GBGSV,4,2,14,10,04,162,,19,21,284,,23,16,060,,27,02,161,,0*70
$GBGSV,4,3,14,30,38,197,,35,05,320,,37,34,112,,59,08,095,,0*79
$GBGSV,4,4,14,60,60,149,,61,35,113,,0*7C
$GQGSV,1,1,02,04,20,074,38,07,19,104,33,1*63
$GQGSV,1,1,02,04,20,074,33,07,19,104,46,6*6D
$GQGSV,1,1,01,03,00,132,,0*56
$GNGLL,2454.23253,N,06708.26904,E,150523.00,A,D*70
$GNRMC,150524.00,A,2454.23253,N,06708.26904,E,0.008,,050525,,,R,V*0D
$GNVTG,,T,,M,0.008,N,0.014,K,D*35
$GNGGA,150524.00,2454.23253,N,06708.26904,E,4,12,0.60,22.0,M,-44.2,M,1.0,0292*7E
$GNGSA,A,3,10,27,28,32,31,01,02,08,23,,,,1.24,0.60,1.08,1*0E
$GNGSA,A,3,87,81,74,88,75,65,66,72,,,,,1.24,0.60,1.08,2*0B
$GNGSA,A,3,08,03,15,,,,,,,,,,1.24,0.60,1.08,3*04
$GNGSA,A,3,08,09,06,13,20,16,29,32,38,39,,,1.24,0.60,1.08,4*07
$GNGSA,A,3,04,07,,,,,,,,,,,1.24,0.60,1.08,5*0E
$GPGSV,4,1,13,01,13,321,31,02,39,314,45,08,19,261,35,10,46,057,47,1*6C
$GPGSV,4,2,13,23,15,094,38,25,05,093,36,27,20,222,40,28,62,145,47,1*62
$GPGSV,4,3,13,31,40,180,46,32,55,012,49,36,34,246,42,40,59,208,47,1*66
$GPGSV,4,4,13,41,56,146,46,1*51
$GPGSV,1,1,01,25,05,093,35,5*5F
$GPGSV,2,1,08,01,13,321,31,08,19,261,35,10,46,057,47,23,15,094,40,6*64
$GPGSV,2,2,08,27,20,222,40,28,62,145,47,31,40,180,44,32,55,012,47,6*69
$GPGSV,1,1,03,18,02,146,,26,02,178,,49,17,257,,0*5D
$GLGSV,3,1,09,65,42,339,46,66,24,281,44,72,18,040,41,74,14,054,35,1*7C
$GLGSV,3,2,09,75,24,106,48,81,14,330,40,87,38,183,46,88,59,288,51,1*71
$GLGSV,3,3,09,,,,44,1*71
$GLGSV,2,1,08,65,42,339,09,66,24,281,42,72,18,040,42,75,24,106,43,3*75
$GLGSV,2,2,08,81,14,330,38,87,38,183,07,88,59,288,48,,,,40,3*4A
$GLGSV,1,1,01,76,06,160,,0*48
$GAGSV,2,1,07,03,53,021,51,05,07,046,45,07,12,240,33,08,58,270,51,2*77
$GAGSV,2,2,07,13,29,323,49,15,85,308,53,34,39,146,51,2*49
$GAGSV,2,1,08,03,53,021,45,05,07,046,34,07,12,240,36,08,58,270,47,7*7C
$GAGSV,2,2,08,13,29,323,44,15,85,308,47,18,15,280,36,34,39,146,45,7*7C
$GAGSV,1,1,02,02,03,146,,25,01,099,,0*72
$GBGSV,2,1,08,08,33,081,42,09,62,118,47,13,47,066,45,20,50,334,49,1*72
$GBGSV,2,2,08,29,44,274,48,32,31,049,47,38,27,092,44,39,51,060,47,1*7B
$GBGSV,2,1,06,06,60,087,48,08,33,081,45,09,62,118,49,13,47,066,48,B*06
$GBGSV,2,2,06,16,56,074,48,20,50,334,15,B*0F
$GBGSV,4,1,14,01,03,095,,02,58,140,,03,35,113,,05,62,201,,0*77
$GBGSV,4,2,14,10,04,162,,19,21,284,,23,16,060,,27,02,161,,0*70
$GBGSV,4,3,14,30,38,197,,35,05,320,,37,34,112,,59,08,095,,0*79
$GBGSV,4,4,14,60,60,149,,61,35,113,,0*7C
$GQGSV,1,1,02,04,20,074,38,07,19,104,33,1*63
$GQGSV,1,1,02,04,20,074,33,07,19,104,46,6*6D
$GQGSV,1,1,01,03,00,132,,0*56
$GNGLL,2454.23253,N,06708.26904,E,150524.00,A,D*77
$GNRMC,150525.00,A,2454.23253,N,06708.26904,E,0.010,,050525,,,R,V*05
$GNVTG,,T,,M,0.010,N,0.018,K,D*30
$GNGGA,150525.00,2454.23253,N,06708.26904,E,4,12,0.60,22.0,M,-44.2,M,1.0,0292*7F
$GNGSA,A,3,10,27,28,32,31,01,02,08,23,,,,1.24,0.60,1.08,1*0E
$GNGSA,A,3,87,81,74,88,75,65,66,72,,,,,1.24,0.60,1.08,2*0B
$GNGSA,A,3,08,03,15,,,,,,,,,,1.24,0.60,1.08,3*04
$GNGSA,A,3,08,09,06,13,20,16,29,32,38,39,,,1.24,0.60,1.08,4*07
$GNGSA,A,3,04,07,,,,,,,,,,,1.24,0.60,1.08,5*0E
$GPGSV,4,1,13,01,13,321,31,02,40,313,45,08,19,261,35,10,46,057,47,1*65
$GPGSV,4,2,13,23,15,094,38,25,05,093,36,27,20,222,40,28,62,145,47,1*62
$GPGSV,4,3,13,31,40,180,46,32,55,012,49,36,34,246,42,40,59,208,47,1*66
$GPGSV,4,4,13,41,56,146,46,1*51
$GPGSV,1,1,01,25,05,093,36,5*5C
$GPGSV,2,1,08,01,13,321,31,08,19,261,35,10,46,057,47,23,15,094,40,6*64
$GPGSV,2,2,08,27,20,222,40,28,62,145,47,31,40,180,44,32,55,012,47,6*69
$GPGSV,1,1,03,18,02,146,,26,02,178,,49,17,257,,0*5D
$GLGSV,3,1,09,65,42,339,46,66,24,281,44,72,18,040,41,74,14,054,35,1*7C
$GLGSV,3,2,09,75,24,106,48,81,14,330,40,87,38,183,46,88,59,288,51,1*71
$GLGSV,3,3,09,,,,44,1*71
$GLGSV,2,1,08,65,42,339,08,66,24,281,42,72,18,040,42,75,24,106,42,3*75
$GLGSV,2,2,08,81,14,330,38,87,38,183,09,88,59,288,48,,,,40,3*44
$GLGSV,1,1,01,76,06,160,,0*48
$GAGSV,2,1,07,03,53,021,51,05,07,046,45,07,12,240,33,08,58,270,51,2*77
$GAGSV,2,2,07,13,29,323,49,15,85,308,53,34,39,146,51,2*49
$GAGSV,2,1,08,03,53,021,46,05,07,046,34,07,12,240,36,08,58,270,47,7*7F
$GAGSV,2,2,08,13,29,323,44,15,85,308,47,18,15,280,36,34,39,146,45,7*7C
$GAGSV,1,1,02,02,03,146,,25,01,099,,0*72
$GBGSV,2,1,08,08,33,081,42,09,62,118,47,13,47,066,45,20,50,334,49,1*72
$GBGSV,2,2,08,29,44,274,48,32,31,049,48,38,27,092,44,39,51,060,47,1*74
$GBGSV,2,1,06,06,60,087,48,08,33,081,45,09,62,118,49,13,47,066,48,B*06
$GBGSV,2,2,06,16,56,074,48,20,50,334,13,B*09
$GBGSV,4,1,14,01,03,095,,02,58,140,,03,35,113,,05,62,201,,0*77
$GBGSV,4,2,14,10,04,162,,19,21,284,,23,16,060,,27,02,161,,0*70
$GBGSV,4,3,14,30,38,197,,35,05,320,,37,34,112,,59,08,095,,0*79
$GBGSV,4,4,14,60,60,149,,61,35,113,,0*7C
$GQGSV,1,1,02,04,20,074,38,07,19,104,33,1*63
$GQGSV,1,1,02,04,20,074,33,07,19,104,46,6*6D
$GQGSV,1,1,01,03,00,132,,0*56
$GNGLL,2454.23253,N,06708.26904,E,150525.00,A,D*76
$GNRMC,150526.00,A,2454.23253,N,06708.26904,E,0.016,,050525,,,R,V*00
$GNVTG,,T,,M,0.016,N,0.029,K,D*34
$GNGGA,150526.00,2454.23253,N,06708.26904,E,4,12,0.60,22.0,M,-44.2,M,1.0,0292*7C
$GNGSA,A,3,10,27,28,32,31,01,02,08,23,,,,1.24,0.60,1.08,1*0E
$GNGSA,A,3,87,81,74,88,75,65,66,72,,,,,1.24,0.60,1.08,2*0B
$GNGSA,A,3,08,03,15,,,,,,,,,,1.24,0.60,1.08,3*04
$GNGSA,A,3,08,09,06,13,20,16,29,32,38,39,,,1.24,0.60,1.08,4*07
$GNGSA,A,3,04,07,,,,,,,,,,,1.24,0.60,1.08,5*0E
$GPGSV,4,1,13,01,13,321,31,02,40,313,45,08,19,261,35,10,46,057,47,1*65
$GPGSV,4,2,13,23,15,094,38,25,05,093,36,27,20,222,40,28,62,145,47,1*62
$GPGSV,4,3,13,31,40,180,46,32,55,012,49,36,34,246,42,40,59,208,47,1*66
$GPGSV,4,4,13,41,56,146,46,1*51
$GPGSV,1,1,01,25,05,093,35,5*5F
$GPGSV,2,1,08,01,13,321,31,08,19,261,35,10,46,057,47,23,15,094,40,6*64
$GPGSV,2,2,08,27,20,222,40,28,62,145,47,31,40,180,44,32,55,012,47,6*69
$GPGSV,1,1,03,18,02,146,,26,02,178,,49,17,257,,0*5D
$GLGSV,3,1,09,65,42,339,46,66,24,281,44,72,18,040,41,74,14,054,36,1*7F
$GLGSV,3,2,09,75,24,106,48,81,14,330,40,87,38,183,46,88,59,288,51,1*71
$GLGSV,3,3,09,,,,44,1*71
$GLGSV,2,1,08,65,42,339,10,66,24,281,42,72,18,040,42,75,24,106,43,3*7D
$GLGSV,2,2,08,81,14,330,38,87,38,183,08,88,59,288,48,,,,40,3*45
$GLGSV,1,1,01,76,06,160,,0*48
$GAGSV,2,1,07,03,53,021,51,05,07,046,45,07,12,240,33,08,58,270,51,2*77
$GAGSV,2,2,07,13,29,323,49,15,85,308,53,34,39,146,51,2*49
$GAGSV,2,1,08,03,53,021,46,05,07,046,34,07,12,240,36,08,58,270,47,7*7F
$GAGSV,2,2,08,13,29,323,44,15,85,308,47,18,15,280,36,34,39,146,45,7*7C
$GAGSV,1,1,02,02,03,146,,25,01,099,,0*72
$GBGSV,2,1,08,08,33,081,42,09,62,118,47,13,47,066,45,20,50,334,50,1*7A
$GBGSV,2,2,08,29,44,274,48,32,31,049,48,38,27,092,44,39,51,060,47,1*74
$GBGSV,2,1,06,06,60,087,48,08,33,081,45,09,62,118,49,13,47,066,48,B*06
$GBGSV,2,2,06,16,56,074,48,20,50,334,12,B*08
$GBGSV,4,1,14,01,03,095,,02,58,140,,03,35,113,,05,62,201,,0*77
$GBGSV,4,2,14,10,04,162,,19,21,284,,23,16,060,,27,02,161,,0*70
$GBGSV,4,3,14,30,38,197,,35,05,320,,37,34,112,,59,08,095,,0*79
$GBGSV,4,4,14,60,60,149,,61,35,113,,0*7C
$GQGSV,1,1,02,04,20,074,38,07,19,104,33,1*63
$GQGSV,1,1,02,04,20,074,33,07,19,104,46,6*6D
$GQGSV,1,1,01,03,00,132,,0*56
$GNGLL,2454.23253,N,06708.26904,E,150526.00,A,D*75
$GNRMC,150527.00,A,2454.23253,N,06708.26904,E,0.005,,050525,,,R,V*03
$GNVTG,,T,,M,0.005,N,0.008,K,D*35
$GNGGA,150527.00,2454.23253,N,06708.26904,E,4,12,0.60,22.0,M,-44.2,M,1.0,0292*7D
$GNGSA,A,3,10,27,28,32,31,01,02,08,23,,,,1.24,0.60,1.08,1*0E
$GNGSA,A,3,87,81,74,88,75,65,66,72,,,,,1.24,0.60,1.08,2*0B
$GNGSA,A,3,08,03,15,,,,,,,,,,1.24,0.60,1.08,3*04
$GNGSA,A,3,08,09,06,13,20,16,29,32,38,39,,,1.24,0.60,1.08,4*07
$GNGSA,A,3,04,07,,,,,,,,,,,1.24,0.60,1.08,5*0E
$GPGSV,4,1,13,01,13,321,30,02,40,313,45,08,19,261,35,10,46,057,47,1*64
$GPGSV,4,2,13,23,15,094,38,25,05,093,37,27,20,222,40,28,62,145,47,1*63
$GPGSV,4,3,13,31,40,180,46,32,55,012,49,36,34,246,42,40,59,208,47,1*66
$GPGSV,4,4,13,41,56,146,46,1*51
$GPGSV,1,1,01,25,05,093,35,5*5F
$GPGSV,2,1,08,01,13,321,31,08,19,261,35,10,46,057,47,23,15,094,40,6*64
$GPGSV,2,2,08,27,20,222,40,28,62,145,47,31,40,180,44,32,55,012,47,6*69
$GPGSV,1,1,03,18,02,146,,26,02,178,,49,17,257,,0*5D
$GLGSV,3,1,09,65,42,339,46,66,24,281,44,72,18,040,41,74,14,054,36,1*7F
$GLGSV,3,2,09,75,24,106,48,81,14,330,40,87,38,183,46,88,59,288,52,1*72
$GLGSV,3,3,09,,,,44,1*71
$GLGSV,2,1,08,65,42,339,11,66,24,281,42,72,18,040,42,75,24,106,43,3*7C
$GLGSV,2,2,08,81,14,330,38,87,38,183,10,88,59,288,48,,,,40,3*4C
$GLGSV,1,1,01,76,06,160,,0*48
$GAGSV,2,1,07,03,53,021,51,05,07,046,45,07,12,240,33,08,58,270,51,2*77
$GAGSV,2,2,07,13,29,323,49,15,85,308,53,34,39,146,51,2*49
$GAGSV,2,1,08,03,53,021,46,05,07,046,34,07,12,240,36,08,58,270,47,7*7F
$GAGSV,2,2,08,13,29,323,44,15,85,308,47,18,15,280,36,34,39,146,45,7*7C
$GAGSV,1,1,02,02,03,146,,25,01,099,,0*72
$GBGSV,2,1,08,08,33,081,42,09,62,118,47,13,47,066,45,20,50,334,50,1*7A
$GBGSV,2,2,08,29,44,274,48,32,31,049,48,38,27,092,44,39,51,060,47,1*74
$GBGSV,2,1,06,06,60,087,48,08,33,081,45,09,62,118,49,13,47,066,48,B*06
$GBGSV,2,2,06,16,56,074,48,20,50,334,11,B*0B
$GBGSV,4,1,14,01,03,095,,02,58,140,,03,35,113,,05,62,201,,0*77
$GBGSV,4,2,14,10,04,162,,19,21,284,,23,16,060,,27,02,161,,0*70
$GBGSV,4,3,14,30,38,197,,35,05,320,,37,34,112,,59,08,095,,0*79
$GBGSV,4,4,14,60,60,149,,61,35,113,,0*7C
$GQGSV,1,1,02,04,20,074,38,07,19,104,33,1*63
$GQGSV,1,1,02,04,20,074,33,07,19,104,46,6*6D
$GQGSV,1,1,01,03,00,132,,0*56
$GNGLL,2454.23253,N,06708.26904,E,150527.00,A,D*74
$GNRMC,150528.00,A,2454.23253,N,06708.26904,E,0.008,,050525,,,R,V*01
$GNVTG,,T,,M,0.008,N,0.015,K,D*34
$GNGGA,150528.00,2454.23253,N,06708.26904,E,4,12,0.60,22.0,M,-44.2,M,1.0,0292*72
$GNGSA,A,3,10,27,28,32,31,01,02,08,23,,,,1.24,0.60,1.08,1*0E
$GNGSA,A,3,87,81,74,88,75,65,66,72,,,,,1.24,0.60,1.08,2*0B
$GNGSA,A,3,08,03,15,,,,,,,,,,1.24,0.60,1.08,3*04
$GNGSA,A,3,08,09,06,13,20,16,29,32,38,39,,,1.24,0.60,1.08,4*07
$GNGSA,A,3,04,07,,,,,,,,,,,1.24,0.60,1.08,5*0E
$GPGSV,4,1,13,01,13,321,31,02,40,313,45,08,19,261,34,10,46,057,47,1*64
$GPGSV,4,2,13,23,15,094,38,25,05,093,36,27,20,222,40,28,62,145,47,1*62
$GPGSV,4,3,13,31,40,180,46,32,55,012,49,36,34,246,42,40,59,208,47,1*66
$GPGSV,4,4,13,41,56,146,46,1*51
$GPGSV,1,1,01,25,05,093,35,5*5F
$GPGSV,2,1,08,01,13,321,31,08,19,261,35,10,46,057,47,23,15,094,40,6*64
$GPGSV,2,2,08,27,20,222,40,28,62,145,47,31,40,180,44,32,55,012,47,6*69
$GPGSV,1,1,03,18,02,146,,26,02,178,,49,17,257,,0*5D
$GLGSV,3,1,09,65,42,339,46,66,24,281,44,72,18,040,41,74,14,054,36,1*7F
$GLGSV,3,2,09,75,24,106,48,81,14,330,40,87,38,183,46,88,59,288,51,1*71
$GLGSV,3,3,09,,,,44,1*71
$GLGSV,2,1,08,65,42,339,07,66,24,281,42,72,18,040,42,75,24,106,43,3*7B
$GLGSV,2,2,08,81,14,330,38,87,38,183,09,88,59,288,48,,,,40,3*44
$GLGSV,1,1,01,76,06,160,,0*48
$GAGSV,2,1,07,03,53,021,51,05,07,046,45,07,12,240,33,08,58,270,51,2*77
$GAGSV,2,2,07,13,29,323,49,15,85,308,53,34,39,146,51,2*49
$GAGSV,2,1,08,03,53,021,46,05,07,046,34,07,12,240,36,08,58,270,47,7*7F
$GAGSV,2,2,08,13,29,323,44,15,85,308,47,18,15,280,35,34,39,146,45,7*7F
$GAGSV,1,1,02,02,03,146,,25,01,099,,0*72
$GBGSV,2,1,08,08,33,081,42,09,62,118,47,13,47,066,45,20,50,334,50,1*7A
$GBGSV,2,2,08,29,44,274,48,32,31,049,47,38,27,092,44,39,51,060,47,1*7B
$GBGSV,2,1,06,06,60,087,48,08,33,081,45,09,62,118,49,13,47,066,48,B*06
$GBGSV,2,2,06,16,56,074,48,20,50,334,09,B*02
$GBGSV,4,1,14,01,03,095,,02,58,140,,03,35,113,,05,62,201,,0*77
$GBGSV,4,2,14,10,04,162,,19,21,284,,23,16,060,,27,02,161,,0*70
$GBGSV,4,3,14,30,38,197,,35,05,320,,37,34,112,,59,08,095,,0*79
$GBGSV,4,4,14,60,60,149,,61,35,113,,0*7C
$GQGSV,1,1,02,04,20,074,38,07,19,104,33,1*63
$GQGSV,1,1,02,04,20,074,33,07,19,104,46,6*6D
$GQGSV,1,1,01,03,00,132,,0*56
$GNGLL,2454.23253,N,06708.26904,E,150528.00,A,D*7B
$GNRMC,150529.00,A,2454.23253,N,06708.26904,E,0.005,,050525,,,R,V*0D
$GNVTG,,T,,M,0.005,N,0.009,K,D*34
$GNGGA,150529.00,2454.23253,N,06708.26904,E,4,12,0.60,22.0,M,-44.2,M,1.0,0292*73
$GNGSA,A,3,10,27,28,32,31,01,02,08,23,,,,1.24,0.60,1.08,1*0E
$GNGSA,A,3,87,81,74,88,75,65,66,72,,,,,1.24,0.60,1.08,2*0B
$GNGSA,A,3,08,03,15,,,,,,,,,,1.24,0.60,1.08,3*04
$GNGSA,A,3,08,09,06,13,20,16,29,32,38,39,,,1.24,0.60,1.08,4*07
$GNGSA,A,3,04,07,,,,,,,,,,,1.24,0.60,1.08,5*0E
$GPGSV,4,1,13,01,13,321,30,02,40,313,45,08,19,261,34,10,46,057,47,1*65
$GPGSV,4,2,13,23,15,094,38,25,05,093,37,27,20,222,40,28,62,145,47,1*63
$GPGSV,4,3,13,31,40,180,46,32,55,012,49,36,34,246,42,40,59,208,47,1*66
$GPGSV,4,4,13,41,56,146,46,1*51
$GPGSV,1,1,01,25,05,093,36,5*5C
$GPGSV,2,1,08,01,13,321,31,08,19,261,35,10,46,057,47,23,15,094,40,6*64
$GPGSV,2,2,08,27,20,222,40,28,62,145,47,31,40,180,44,32,55,012,47,6*69
$GPGSV,1,1,03,18,02,146,,26,02,178,,49,17,257,,0*5D
$GLGSV,3,1,09,65,42,339,46,66,24,281,44,72,18,040,41,74,14,054,36,1*7F
$GLGSV,3,2,09,75,24,106,48,81,14,330,40,87,38,183,46,88,59,288,52,1*72
$GLGSV,3,3,09,,,,44,1*71
$GLGSV,2,1,08,65,42,339,09,66,24,281,42,72,18,040,42,75,24,106,43,3*75
$GLGSV,2,2,08,81,14,330,38,87,38,183,12,88,59,288,48,,,,40,3*4E
$GLGSV,1,1,01,76,06,160,,0*48
$GAGSV,2,1,07,03,53,021,51,05,07,046,45,07,12,240,33,08,58,270,51,2*77
$GAGSV,2,2,07,13,29,323,49,15,85,308,53,34,39,146,51,2*49
$GAGSV,2,1,08,03,53,021,46,05,07,046,34,07,12,240,36,08,58,270,47,7*7F
$GAGSV,2,2,08,13,29,323,44,15,85,308,47,18,15,280,35,34,39,146,45,7*7F
$GAGSV,1,1,02,02,03,146,,25,01,099,,0*72
$GBGSV,2,1,08,08,33,081,42,09,62,118,47,13,47,066,45,20,50,334,49,1*72
$GBGSV,2,2,08,29,44,274,48,32,31,049,47,38,27,092,44,39,51,060,47,1*7B
$GBGSV,2,1,06,06,60,087,48,08,33,081,45,09,62,118,49,13,47,066,48,B*06
$GBGSV,2,2,06,16,56,074,48,20,50,334,11,B*0B
$GBGSV,4,1,14,01,03,095,,02,58,140,,03,35,113,,05,62,201,,0*77
$GBGSV,4,2,14,10,04,162,,19,21,284,,23,16,060,,27,02,161,,0*70
$GBGSV,4,3,14,30,38,197,,35,05,320,,37,34,112,,59,08,095,,0*79
$GBGSV,4,4,14,60,60,149,,61,35,113,,0*7C
$GQGSV,1,1,02,04,20,074,38,07,19,104,33,1*63
$GQGSV,1,1,02,04,20,074,33,07,19,104,46,6*6D
$GQGSV,1,1,01,03,00,132,,0*56
$GNGLL,2454.23253,N,06708.26904,E,150529.00,A,D*7A
$GNRMC,150530.00,A,2454.23253,N,06708.26904,E,0.008,,050525,,,R,V*08
$GNVTG,,T,,M,0.008,N,0.014,K,D*35
$GNGGA,150530.00,2454.23253,N,06708.26904,E,4,12,0.60,22.0,M,-44.2,M,1.0,0292*7B
$GNGSA,A,3,10,27,28,32,31,01,02,08,23,,,,1.24,0.60,1.08,1*0E
$GNGSA,A,3,87,81,74,88,75,65,66,72,,,,,1.24,0.60,1.08,2*0B
$GNGSA,A,3,08,03,15,,,,,,,,,,1.24,0.60,1.08,3*04
$GNGSA,A,3,08,09,06,13,20,16,29,32,38,39,,,1.24,0.60,1.08,4*07
$GNGSA,A,3,04,07,,,,,,,,,,,1.24,0.60,1.08,5*0E
$GPGSV,4,1,13,01,13,321,31,02,40,313,45,08,19,261,34,10,46,057,47,1*64
$GPGSV,4,2,13,23,15,094,38,25,05,093,37,27,20,222,40,28,62,145,47,1*63
$GPGSV,4,3,13,31,40,180,46,32,55,012,49,36,34,246,42,40,59,208,47,1*66
$GPGSV,4,4,13,41,56,146,46,1*51
$GPGSV,1,1,01,25,05,093,36,5*5C
$GPGSV,2,1,08,01,13,321,31,08,19,261,35,10,46,057,47,23,15,094,40,6*64
$GPGSV,2,2,08,27,20,222,40,28,62,145,47,31,40,180,44,32,55,012,47,6*69
$GPGSV,1,1,03,18,02,146,,26,02,178,,49,17,257,,0*5D
$GLGSV,3,1,09,65,42,339,45,66,24,281,44,72,18,040,42,74,14,054,36,1*7F
$GLGSV,3,2,09,75,24,106,47,81,14,330,40,87,38,183,46,88,59,288,52,1*7D
$GLGSV,3,3,09,,,,44,1*71
$GLGSV,2,1,08,65,42,339,09,66,24,281,42,72,18,040,42,75,24,106,43,3*75
$GLGSV,2,2,08,81,14,330,38,87,38,183,08,88,59,288,48,,,,40,3*45
$GLGSV,1,1,01,76,06,160,,0*48
$GAGSV,2,1,07,03,53,021,51,05,07,046,45,07,12,240,33,08,58,270,51,2*77
$GAGSV,2,2,07,13,29,323,49,15,85,308,53,34,39,146,51,2*49
$GAGSV,2,1,08,03,53,021,46,05,07,046,34,07,12,240,36,08,58,270,47,7*7F
$GAGSV,2,2,08,13,29,323,44,15,85,308,47,18,15,280,35,34,39,146,45,7*7F
$GAGSV,1,1,02,02,03,146,,25,01,099,,0*72
$GBGSV,2,1,08,08,33,081,42,09,62,118,47,13,47,066,45,20,50,334,49,1*72
$GBGSV,2,2,08,29,44,274,48,32,31,049,47,38,27,092,44,39,51,060,47,1*7B
$GBGSV,2,1,06,06,60,087,48,08,33,081,45,09,62,118,49,13,47,066,48,B*06
$GBGSV,2,2,06,16,56,074,48,20,50,334,11,B*0B
$GBGSV,4,1,14,01,03,095,,02,58,140,,03,35,113,,05,62,201,,0*77
$GBGSV,4,2,14,10,04,162,,19,21,284,,23,16,060,,27,02,161,,0*70
$GBGSV,4,3,14,30,38,197,,35,05,320,,37,34,112,,59,08,095,,0*79
$GBGSV,4,4,14,60,60,149,,61,35,113,,0*7C
$GQGSV,1,1,02,04,20,074,38,07,19,104,33,1*63
$GQGSV,1,1,02,04,20,074,32,07,19,104,45,6*6F
$GQGSV,1,1,01,03,00,132,,0*56
$GNGLL,2454.23253,N,06708.26904,E,150530.00,A,D*72
$GNRMC,150531.00,A,2454.23253,N,06708.26904,E,0.005,,050525,,,R,V*04
$GNVTG,,T,,M,0.005,N,0.010,K,D*3C
$GNGGA,150531.00,2454.23253,N,06708.26904,E,4,12,0.60,22.0,M,-44.2,M,1.0,0292*7A
$GNGSA,A,3,10,27,28,32,31,01,02,08,23,,,,1.24,0.60,1.08,1*0E
$GNGSA,A,3,87,81,74,88,75,65,66,72,,,,,1.24,0.60,1.08,2*0B
$GNGSA,A,3,08,03,15,,,,,,,,,,1.24,0.60,1.08,3*04
$GNGSA,A,3,08,09,06,13,20,16,29,32,38,39,,,1.24,0.60,1.08,4*07
$GNGSA,A,3,04,07,,,,,,,,,,,1.24,0.60,1.08,5*0E
$GPGSV,4,1,13,01,13,321,31,02,40,313,45,08,19,260,35,10,46,057,47,1*64
$GPGSV,4,2,13,23,15,094,37,25,05,093,37,27,20,222,40,28,62,145,47,1*6C
$GPGSV,4,3,13,31,40,180,46,32,55,012,49,36,34,246,42,40,59,208,47,1*66
$GPGSV,4,4,13,41,56,146,46,1*51
$GPGSV,1,1,01,25,05,093,36,5*5C
$GPGSV,2,1,08,01,13,321,31,08,19,260,35,10,46,057,47,23,15,094,40,6*65
$GPGSV,2,2,08,27,20,222,40,28,62,145,47,31,40,180,44,32,55,012,47,6*69
$GPGSV,1,1,03,18,02,146,,26,02,178,,49,17,257,,0*5D
$GLGSV,3,1,09,65,42,339,45,66,24,281,44,72,18,040,42,74,14,054,36,1*7F
$GLGSV,3,2,09,75,24,106,48,81,14,330,40,87,38,183,46,88,59,288,52,1*72
$GLGSV,3,3,09,,,,44,1*71
$GLGSV,2,1,08,65,42,339,09,66,24,281,43,72,18,040,42,75,24,106,43,3*74
$GLGSV,2,2,08,81,14,330,38,87,38,183,08,88,59,288,48,,,,40,3*45
$GLGSV,1,1,01,76,06,160,,0*48
$GAGSV,2,1,07,03,53,021,51,05,07,046,45,07,12,240,33,08,58,270,51,2*77
$GAGSV,2,2,07,13,29,323,49,15,85,308,53,34,39,146,51,2*49
$GAGSV,2,1,08,03,53,021,46,05,07,046,34,07,12,240,35,08,58,270,47,7*7C
$GAGSV,2,2,08,13,29,323,44,15,85,308,47,18,15,280,35,34,39,146,45,7*7F
$GAGSV,1,1,02,02,03,146,,25,01,099,,0*72
$GBGSV,2,1,08,08,33,081,42,09,62,118,47,13,47,066,45,20,50,334,50,1*7A
$GBGSV,2,2,08,29,44,274,48,32,31,049,47,38,27,092,44,39,51,060,47,1*7B
$GBGSV,2,1,06,06,60,087,48,08,33,081,45,09,62,118,49,13,47,066,48,B*06
$GBGSV,2,2,06,16,56,074,48,20,50,334,09,B*02
$GBGSV,4,1,14,01,03,095,,02,58,140,,03,35,113,,05,62,201,,0*77
$GBGSV,4,2,14,10,04,162,,19,21,284,,23,16,060,,27,02,161,,0*70
$GBGSV,4,3,14,30,38,197,,35,05,320,,37,34,112,,59,08,095,,0*79
$GBGSV,4,4,14,60,60,149,,61,35,113,,0*7C
$GQGSV,1,1,02,04,20,074,38,07,19,104,33,1*63
$GQGSV,1,1,02,04,20,074,33,07,19,104,45,6*6E
$GQGSV,1,1,01,03,00,132,,0*56
$GNGLL,2454.23253,N,06708.26904,E,150531.00,A,D*73
$GNRMC,150532.00,A,2454.23253,N,06708.26904,E,0.005,,050525,,,R,V*07
$GNVTG,,T,,M,0.005,N,0.010,K,D*3C
$GNGGA,150532.00,2454.23253,N,06708.26904,E,4,12,0.60,22.0,M,-44.2,M,1.0,0292*79
$GNGSA,A,3,10,27,28,32,31,01,02,08,23,,,,1.24,0.60,1.08,1*0E
$GNGSA,A,3,87,81,74,88,75,65,66,72,,,,,1.24,0.60,1.08,2*0B
$GNGSA,A,3,08,03,15,,,,,,,,,,1.24,0.60,1.08,3*04
$GNGSA,A,3,08,09,06,13,20,16,29,32,38,39,,,1.24,0.60,1.08,4*07
$GNGSA,A,3,04,07,,,,,,,,,,,1.24,0.60,1.08,5*0E
$GPGSV,4,1,13,01,13,321,31,02,40,313,45,08,19,260,35,10,46,057,47,1*64
$GPGSV,4,2,13,23,15,094,37,25,05,093,37,27,20,222,40,28,62,145,47,1*6C
$GPGSV,4,3,13,31,40,180,46,32,55,012,49,36,34,246,42,40,59,208,47,1*66
$GPGSV,4,4,13,41,56,146,46,1*51
$GPGSV,1,1,01,25,05,093,36,5*5C
$GPGSV,2,1,08,01,13,321,31,08,19,260,35,10,46,057,47,23,15,094,40,6*65
$GPGSV,2,2,08,27,20,222,40,28,62,145,47,31,40,180,44,32,55,012,47,6*69
$GPGSV,1,1,03,18,02,146,,26,02,178,,49,17,257,,0*5D
$GLGSV,3,1,09,65,42,339,45,66,24,281,44,72,18,040,42,74,14,054,36,1*7F
$GLGSV,3,2,09,75,24,106,48,81,14,330,41,87,38,183,46,88,59,288,52,1*73
$GLGSV,3,3,09,,,,44,1*71
$GLGSV,2,1,08,65,42,339,09,66,24,281,43,72,18,040,42,75,24,106,43,3*74
$GLGSV,2,2,08,81,14,330,38,87,38,183,08,88,59,288,48,,,,40,3*45
$GLGSV,1,1,01,76,06,160,,0*48
$GAGSV,2,1,07,03,53,021,51,05,07,046,45,07,12,240,33,08,58,270,50,2*76
$GAGSV,2,2,07,13,29,323,49,15,85,308,52,34,39,146,51,2*48
$GAGSV,2,1,08,03,53,021,46,05,07,046,34,07,12,240,35,08,58,270,47,7*7C
$GAGSV,2,2,08,13,29,323,44,15,85,308,47,18,15,280,35,34,39,146,45,7*7F
$GAGSV,1,1,02,02,03,146,,25,01,099,,0*72
$GBGSV,2,1,08,08,33,081,42,09,62,118,47,13,47,066,45,20,50,334,49,1*72
$GBGSV,2,2,08,29,44,274,48,32,31,049,47,38,27,092,44,39,51,060,47,1*7B
$GBGSV,2,1,06,06,60,087,48,08,33,081,45,09,62,118,49,13,47,066,48,B*06
$GBGSV,2,2,06,16,56,074,48,20,50,334,09,B*02
$GBGSV,4,1,14,01,03,095,,02,58,140,,03,35,113,,05,62,201,,0*77
$GBGSV,4,2,14,10,04,162,,19,21,284,,23,16,060,,27,02,161,,0*70
$GBGSV,4,3,14,30,38,197,,35,05,320,,37,34,112,,59,08,095,,0*79
$GBGSV,4,4,14,60,60,149,,61,35,113,,0*7C
$GQGSV,1,1,02,04,20,074,38,07,19,104,33,1*63
$GQGSV,1,1,02,04,20,074,32,07,19,104,45,6*6F
$GQGSV,1,1,01,03,00,132,,0*56
$GNGLL,2454.23253,N,06708.26904,E,150532.00,A,D*70
$GNRMC,150533.00,A,2454.23253,N,06708.26904,E,0.005,,050525,,,R,V*06
$GNVTG,,T,,M,0.005,N,0.009,K,D*34
$GNGGA,150533.00,2454.23253,N,06708.26904,E,4,12,0.60,22.0,M,-44.2,M,1.0,0292*78
$GNGSA,A,3,10,27,28,32,31,01,02,08,23,,,,1.24,0.60,1.08,1*0E
$GNGSA,A,3,87,81,74,88,75,65,66,72,,,,,1.24,0.60,1.08,2*0B
$GNGSA,A,3,08,03,15,,,,,,,,,,1.24,0.60,1.08,3*04
$GNGSA,A,3,08,09,06,13,20,16,29,32,38,39,,,1.24,0.60,1.08,4*07
$GNGSA,A,3,04,07,,,,,,,,,,,1.24,0.60,1.08,5*0E
$GPGSV,4,1,13,01,13,321,31,02,40,313,45,08,19,260,34,10,45,058,47,1*69
$GPGSV,4,2,13,23,15,094,37,25,05,093,36,27,20,222,40,28,62,145,47,1*6D
$GPGSV,4,3,13,31,40,180,46,32,55,012,49,36,34,246,42,40,59,208,47,1*66
$GPGSV,4,4,13,41,56,146,46,1*51
$GPGSV,1,1,01,25,05,093,33,5*59
$GPGSV,2,1,08,01,13,321,30,08,19,260,33,10,45,058,45,23,15,094,37,6*6C
$GPGSV,2,2,08,27,20,222,38,28,62,145,45,31,40,180,42,32,55,012,44,6*61
$GPGSV,1,1,03,18,02,146,,26,02,178,,49,17,257,,0*5D
$GLGSV,3,1,09,65,42,339,45,66,24,281,44,72,18,040,42,74,14,054,36,1*7F
$GLGSV,3,2,09,75,24,106,48,81,14,330,41,87,38,183,46,88,59,288,52,1*73
$GLGSV,3,3,09,,,,44,1*71
$GLGSV,2,1,08,65,42,339,09,66,24,281,41,72,18,040,40,75,24,106,41,3*76
$GLGSV,2,2,08,81,14,330,36,87,38,183,07,88,59,288,46,,,,38,3*45
$GLGSV,1,1,01,76,06,160,,0*48
$GAGSV,2,1,07,03,53,021,51,05,07,046,45,07,12,240,34,08,58,270,50,2*71
$GAGSV,2,2,07,13,29,323,48,15,85,308,52,34,39,146,50,2*48
$GAGSV,2,1,08,03,53,021,46,05,07,046,34,07,12,240,35,08,58,270,47,7*7C
$GAGSV,2,2,08,13,29,323,44,15,85,308,47,18,15,280,35,34,39,146,45,7*7F
$GAGSV,1,1,02,02,03,146,,25,01,099,,0*72
$GBGSV,2,1,08,08,33,081,42,09,62,118,47,13,47,066,45,20,50,334,49,1*72
$GBGSV,2,2,08,29,44,274,48,32,31,049,47,38,27,092,44,39,51,060,47,1*7B
$GBGSV,2,1,06,06,60,087,46,08,33,081,43,09,62,118,48,13,47,066,46,B*01
$GBGSV,2,2,06,16,56,074,46,20,50,334,08,B*0D
$GBGSV,4,1,14,01,03,095,,02,58,140,,03,35,113,,05,62,201,,0*77
$GBGSV,4,2,14,10,04,162,,19,21,284,,23,16,060,,27,02,161,,0*70
$GBGSV,4,3,14,30,38,197,,35,05,320,,37,34,112,,59,08,095,,0*79
$GBGSV,4,4,14,60,60,149,,61,35,113,,0*7C
$GQGSV,1,1,02,04,20,074,38,07,19,104,33,1*63
$GQGSV,1,1,02,04,20,074,32,07,19,104,43,6*69
$GQGSV,1,1,01,03,00,132,,0*56
$GNGLL,2454.23253,N,06708.26904,E,150533.00,A,D*71
$GNRMC,150534.00,A,2454.23253,N,06708.26904,E,0.002,,050525,,,R,V*06
$GNVTG,,T,,M,0.002,N,0.003,K,D*39
$GNGGA,150534.00,2454.23253,N,06708.26904,E,4,12,0.60,22.0,M,-44.2,M,1.0,0292*7F
$GNGSA,A,3,10,27,28,32,31,01,02,08,23,,,,1.24,0.60,1.08,1*0E
$GNGSA,A,3,87,81,74,88,75,65,66,72,,,,,1.24,0.60,1.08,2*0B
$GNGSA,A,3,08,03,15,,,,,,,,,,1.24,0.60,1.08,3*04
$GNGSA,A,3,08,09,06,13,20,16,29,32,38,39,,,1.24,0.60,1.08,4*07
$GNGSA,A,3,04,07,,,,,,,,,,,1.24,0.60,1.08,5*0E
$GPGSV,4,1,13,01,13,321,30,02,40,313,45,08,19,260,35,10,45,058,47,1*69
$GPGSV,4,2,13,23,15,094,37,25,05,093,36,27,20,222,40,28,62,145,47,1*6D
$GPGSV,4,3,13,31,40,180,46,32,55,012,49,36,34,246,42,40,59,208,47,1*66
$GPGSV,4,4,13,41,56,146,46,1*51
$GPGSV,1,1,01,25,05,093,35,5*5F
$GPGSV,2,1,08,01,13,321,30,08,19,260,35,10,45,058,46,23,15,094,39,6*67
$GPGSV,2,2,08,27,20,222,39,28,62,145,47,31,40,180,44,32,55,012,47,6*67
$GPGSV,1,1,03,18,02,146,,26,02,178,,49,17,257,,0*5D
$GLGSV,3,1,09,65,42,339,45,66,24,281,44,72,18,040,42,74,14,054,36,1*7F
$GLGSV,3,2,09,75,24,106,48,81,14,330,41,87,38,183,46,88,59,288,51,1*70
$GLGSV,3,3,09,,,,44,1*71
$GLGSV,2,1,08,65,42,339,09,66,24,281,43,72,18,040,43,75,24,106,43,3*75
$GLGSV,2,2,08,81,14,330,38,87,38,183,08,88,59,288,48,,,,39,3*4B
$GLGSV,1,1,01,76,06,160,,0*48
$GAGSV,2,1,07,03,53,021,51,05,07,046,45,07,12,240,33,08,58,270,51,2*77
$GAGSV,2,2,07,13,29,323,49,15,85,308,53,34,39,146,51,2*49
$GAGSV,2,1,08,03,53,021,46,05,07,046,34,07,12,240,35,08,58,270,47,7*7C
$GAGSV,2,2,08,13,29,323,44,15,85,308,47,18,15,280,35,34,39,146,44,7*7E
$GAGSV,1,1,02,02,03,146,,25,01,099,,0*72
$GBGSV,2,1,08,08,33,081,42,09,62,118,47,13,47,066,45,20,50,334,49,1*72
$GBGSV,2,2,08,29,44,274,48,32,31,049,47,38,27,092,44,39,51,060,47,1*7B
$GBGSV,2,1,06,06,60,087,48,08,33,081,45,09,62,118,49,13,47,066,48,B*06
$GBGSV,2,2,06,16,56,074,48,20,50,334,08,B*03
$GBGSV,4,1,14,01,03,095,,02,58,140,,03,35,113,,05,62,201,,0*77
$GBGSV,4,2,14,10,04,162,,19,21,284,,23,16,060,,27,02,161,,0*70
$GBGSV,4,3,14,30,38,197,,35,05,320,,37,34,112,,59,08,095,,0*79
$GBGSV,4,4,14,60,60,149,,61,35,113,,0*7C
$GQGSV,1,1,02,04,20,074,38,07,19,104,33,1*63
$GQGSV,1,1,02,04,20,074,32,07,19,104,45,6*6F
$GQGSV,1,1,01,03,00,132,,0*56
$GNGLL,2454.23253,N,06708.26904,E,150534.00,A,D*76
$GNRMC,150535.00,A,2454.23253,N,06708.26904,E,0.001,,050525,,,R,V*04
$GNVTG,,T,,M,0.001,N,0.002,K,D*3B
$GNGGA,150535.00,2454.23253,N,06708.26904,E,4,12,0.60,22.0,M,-44.2,M,1.0,0292*7E
$GNGSA,A,3,10,27,28,32,31,01,02,08,23,,,,1.24,0.60,1.08,1*0E
$GNGSA,A,3,87,81,74,88,75,65,66,72,,,,,1.24,0.60,1.08,2*0B
$GNGSA,A,3,08,03,15,,,,,,,,,,1.24,0.60,1.08,3*04
$GNGSA,A,3,08,09,06,13,20,16,29,32,38,39,,,1.24,0.60,1.08,4*07
$GNGSA,A,3,04,07,,,,,,,,,,,1.24,0.60,1.08,5*0E
$GPGSV,4,1,13,01,13,321,30,02,40,313,45,08,19,260,35,10,45,058,47,1*69
$GPGSV,4,2,13,23,15,094,37,25,05,093,37,27,20,222,40,28,62,145,47,1*6C
$GPGSV,4,3,13,31,40,180,46,32,55,012,49,36,34,246,42,40,59,208,47,1*66
$GPGSV,4,4,13,41,56,146,46,1*51
$GPGSV,1,1,01,25,05,093,36,5*5C
$GPGSV,2,1,08,01,13,321,30,08,19,260,35,10,45,058,47,23,15,094,39,6*66
$GPGSV,2,2,08,27,20,222,39,28,62,145,47,31,40,180,44,32,55,012,47,6*67
$GPGSV,1,1,03,18,02,146,,26,02,178,,49,17,257,,0*5D
$GLGSV,3,1,09,65,42,339,45,66,24,281,44,72,18,040,42,74,14,054,36,1*7F
$GLGSV,3,2,09,75,24,106,48,81,14,330,41,87,38,183,46,88,59,288,52,1*73
$GLGSV,3,3,09,,,,44,1*71
$GLGSV,2,1,08,65,42,339,08,66,24,281,43,72,18,040,42,75,24,106,43,3*75
$GLGSV,2,2,08,81,14,330,39,87,38,183,08,88,59,288,48,,,,40,3*44
$GLGSV,1,1,01,76,06,160,,0*48
$GAGSV,2,1,07,03,53,021,51,05,07,046,45,07,12,240,33,08,58,270,51,2*77
$GAGSV,2,2,07,13,29,323,49,15,85,308,53,34,39,146,51,2*49
$GAGSV,2,1,08,03,53,021,46,05,07,046,34,07,12,240,35,08,58,270,47,7*7C
$GAGSV,2,2,08,13,29,323,44,15,85,308,47,18,15,280,35,34,39,146,44,7*7E
$GAGSV,1,1,02,02,03,146,,25,01,099,,0*72
$GBGSV,2,1,08,08,33,081,41,09,62,118,47,13,47,066,45,20,50,334,49,1*71
$GBGSV,2,2,08,29,44,274,48,32,31,049,47,38,27,092,44,39,51,060,47,1*7B
$GBGSV,2,1,06,06,60,087,48,08,33,081,45,09,62,118,49,13,47,066,48,B*06
$GBGSV,2,2,06,16,56,074,48,20,50,334,08,B*03
$GBGSV,4,1,14,01,03,095,,02,58,140,,03,35,113,,05,62,201,,0*77
$GBGSV,4,2,14,10,04,162,,19,21,284,,23,16,060,,27,02,161,,0*70
$GBGSV,4,3,14,30,38,197,,35,05,320,,37,34,112,,59,08,095,,0*79
$GBGSV,4,4,14,60,60,149,,61,35,113,,0*7C
$GQGSV,1,1,02,04,20,074,38,07,19,104,33,1*63
$GQGSV,1,1,02,04,20,074,32,07,19,104,45,6*6F
$GQGSV,1,1,01,03,00,132,,0*56
$GNGLL,2454.23253,N,06708.26904,E,150535.00,A,D*77
$GNRMC,150536.00,A,2454.23253,N,06708.26904,E,0.004,,050525,,,R,V*02
$GNVTG,,T,,M,0.004,N,0.008,K,D*34
$GNGGA,150536.00,2454.23253,N,06708.26904,E,4,12,0.60,22.0,M,-44.2,M,1.0,0292*7D
$GNGSA,A,3,10,27,28,32,31,01,02,08,23,,,,1.24,0.60,1.08,1*0E
$GNGSA,A,3,87,81,74,88,75,65,66,72,,,,,1.24,0.60,1.08,2*0B
$GNGSA,A,3,08,03,15,,,,,,,,,,1.24,0.60,1.08,3*04
$GNGSA,A,3,08,09,06,13,20,16,29,32,38,39,,,1.24,0.60,1.08,4*07
$GNGSA,A,3,04,07,,,,,,,,,,,1.24,0.60,1.08,5*0E
$GPGSV,4,1,13,01,13,321,30,02,40,313,45,08,19,260,34,10,45,058,47,1*68
$GPGSV,4,2,13,23,15,094,37,25,05,093,37,27,20,222,40,28,62,145,47,1*6C
$GPGSV,4,3,13,31,40,180,46,32,55,012,49,36,34,246,42,40,59,208,47,1*66
$GPGSV,4,4,13,41,56,146,46,1*51
$GPGSV,1,1,01,25,05,093,36,5*5C
$GPGSV,2,1,08,01,13,321,30,08,19,260,35,10,45,058,47,23,15,094,39,6*66
$GPGSV,2,2,08,27,20,222,39,28,62,145,47,31,40,180,44,32,55,012,47,6*67
$GPGSV,1,1,03,18,02,146,,26,02,178,,49,17,257,,0*5D
$GLGSV,3,1,09,65,42,339,45,66,24,281,44,72,18,040,42,74,14,054,36,1*7F
$GLGSV,3,2,09,75,24,106,48,81,14,330,41,87,38,183,46,88,59,288,51,1*70
$GLGSV,3,3,09,,,,44,1*71
$GLGSV,2,1,08,65,42,339,08,66,24,281,43,72,18,040,43,75,24,106,43,3*74
$GLGSV,2,2,08,81,14,330,39,87,38,183,08,88,59,288,48,,,,40,3*44
$GLGSV,1,1,01,76,06,160,,0*48
$GAGSV,2,1,07,03,53,021,51,05,07,046,45,07,12,240,33,08,58,270,51,2*77
$GAGSV,2,2,07,13,29,323,49,15,85,308,53,34,39,146,51,2*49
$GAGSV,2,1,08,03,53,021,46,05,07,046,33,07,12,240,35,08,58,270,47,7*7B
$GAGSV,2,2,08,13,29,323,44,15,85,308,47,18,15,280,35,34,39,146,44,7*7E
$GAGSV,1,1,02,02,03,146,,25,01,099,,0*72
$GBGSV,2,1,08,08,33,081,41,09,62,118,47,13,47,066,45,20,50,334,49,1*71
$GBGSV,2,2,08,29,44,274,48,32,31,049,47,38,27,092,44,39,51,060,47,1*7B
$GBGSV,2,1,06,06,60,087,48,08,33,081,45,09,62,118,49,13,47,066,48,B*06
$GBGSV,2,2,06,16,56,074,48,20,50,334,08,B*03
$GBGSV,4,1,14,01,03,095,,02,58,140,,03,35,113,,05,62,201,,0*77
$GBGSV,4,2,14,10,04,162,,19,21,284,,23,16,060,,27,02,161,,0*70
$GBGSV,4,3,14,30,38,197,,35,05,320,,37,34,112,,59,08,095,,0*79
$GBGSV,4,4,14,60,60,149,,61,35,113,,0*7C
$GQGSV,1,1,02,04,20,074,38,07,19,104,33,1*63
$GQGSV,1,1,02,04,20,074,32,07,19,104,45,6*6F
$GQGSV,1,1,01,03,00,132,,0*56
$GNGLL,2454.23253,N,06708.26904,E,150536.00,A,D*74
$GNRMC,150537.00,A,2454.23253,N,06708.26904,E,0.003,,050525,,,R,V*04
$GNVTG,,T,,M,0.003,N,0.006,K,D*3D
$GNGGA,150537.00,2454.23253,N,06708.26904,E,4,12,0.60,22.0,M,-44.2,M,1.0,0292*7C
$GNGSA,A,3,10,27,28,32,31,01,02,08,23,,,,1.24,0.60,1.08,1*0E
$GNGSA,A,3,87,81,74,88,75,65,66,72,,,,,1.24,0.60,1.08,2*0B
$GNGSA,A,3,08,03,15,,,,,,,,,,1.24,0.60,1.08,3*04
$GNGSA,A,3,08,09,06,13,20,16,29,32,38,39,,,1.24,0.60,1.08,4*07
$GNGSA,A,3,04,07,,,,,,,,,,,1.24,0.60,1.08,5*0E
$GPGSV,4,1,13,01,13,321,30,02,40,313,45,08,19,260,34,10,45,058,47,1*68
$GPGSV,4,2,13,23,15,094,37,25,05,093,36,27,20,222,40,28,62,145,47,1*6D
$GPGSV,4,3,13,31,40,180,46,32,55,012,49,36,34,246,42,40,59,208,47,1*66
$GPGSV,4,4,13,41,56,146,46,1*51
$GPGSV,1,1,01,25,05,093,37,5*5D
$GPGSV,2,1,08,01,13,321,31,08,19,260,36,10,45,058,48,23,15,094,41,6*64
$GPGSV,2,2,08,27,20,222,41,28,62,145,48,31,40,180,46,32,55,012,48,6*6A
$GPGSV,1,1,03,18,02,146,,26,02,178,,49,17,257,,0*5D
$GLGSV,3,1,09,65,42,339,45,66,24,281,44,72,18,040,42,74,14,054,36,1*7F
$GLGSV,3,2,09,75,24,106,48,81,14,330,41,87,38,183,46,88,59,288,51,1*70
$GLGSV,3,3,09,,,,44,1*71
$GLGSV,2,1,08,65,42,339,09,66,24,281,44,72,18,040,43,75,24,106,44,3*75
$GLGSV,2,2,08,81,14,330,40,87,38,183,09,88,59,288,49,,,,41,3*4B
$GLGSV,1,1,01,76,06,160,,0*48
$GAGSV,2,1,07,03,53,021,51,05,07,046,46,07,12,240,33,08,58,270,51,2*74
$GAGSV,2,2,07,13,29,323,49,15,85,308,53,34,39,146,51,2*49
$GAGSV,2,1,08,03,53,021,46,05,07,046,34,07,12,240,35,08,58,270,47,7*7C
$GAGSV,2,2,08,13,29,323,44,15,85,308,47,18,15,280,35,34,39,146,44,7*7E
$GAGSV,1,1,02,02,03,146,,25,01,099,,0*72
$GBGSV,2,1,08,08,33,081,41,09,62,118,47,13,47,066,45,20,50,334,49,1*71
$GBGSV,2,2,08,29,44,274,48,32,31,049,47,38,27,092,43,39,51,060,47,1*7C
$GBGSV,2,1,06,06,60,087,49,08,33,081,46,09,62,118,50,13,47,066,49,B*0D
$GBGSV,2,2,06,16,56,074,49,20,50,334,08,B*02
$GBGSV,4,1,14,01,03,095,,02,58,140,,03,35,113,,05,62,201,,0*77
$GBGSV,4,2,14,10,04,162,,19,21,284,,23,16,060,,27,02,161,,0*70
$GBGSV,4,3,14,30,38,197,,35,05,320,,37,34,112,,59,08,095,,0*79
$GBGSV,4,4,14,60,60,149,,61,35,113,,0*7C
$GQGSV,1,1,02,04,20,074,38,07,19,104,33,1*63
$GQGSV,1,1,02,04,20,074,33,07,19,104,46,6*6D
$GQGSV,1,1,01,03,00,132,,0*56
$GNGLL,2454.23253,N,06708.26904,E,150537.00,A,D*75
$GNRMC,150538.00,A,2454.23253,N,06708.26904,E,0.001,,050525,,,R,V*09
$GNVTG,,T,,M,0.001,N,0.001,K,D*38
$GNGGA,150538.00,2454.23253,N,06708.26904,E,4,12,0.60,22.0,M,-44.2,M,1.0,0292*73
$GNGSA,A,3,10,27,28,32,31,01,02,08,23,,,,1.24,0.60,1.08,1*0E
$GNGSA,A,3,87,81,74,88,75,65,66,72,,,,,1.24,0.60,1.08,2*0B
$GNGSA,A,3,08,03,15,,,,,,,,,,1.24,0.60,1.08,3*04
$GNGSA,A,3,08,09,06,13,20,16,29,32,38,39,,,1.24,0.60,1.08,4*07
$GNGSA,A,3,04,07,,,,,,,,,,,1.24,0.60,1.08,5*0E
$GPGSV,4,1,13,01,13,321,30,02,40,313,45,08,19,260,35,10,45,058,47,1*69
$GPGSV,4,2,13,23,15,094,37,25,05,093,36,27,20,222,40,28,62,145,47,1*6D
$GPGSV,4,3,13,31,40,180,46,32,55,012,49,36,34,246,42,40,59,208,47,1*66
$GPGSV,4,4,13,41,56,146,46,1*51
$GPGSV,1,1,01,25,05,093,37,5*5D
$GPGSV,2,1,08,01,13,321,31,08,19,260,37,10,45,058,48,23,15,094,40,6*64
$GPGSV,2,2,08,27,20,222,40,28,62,145,48,31,40,180,45,32,55,012,48,6*68
$GPGSV,1,1,03,18,02,146,,26,02,178,,49,17,257,,0*5D
$GLGSV,3,1,09,65,42,339,45,66,24,281,44,72,18,040,42,74,14,054,37,1*7E
$GLGSV,3,2,09,75,24,106,48,81,14,330,41,87,38,183,46,88,59,288,51,1*70
$GLGSV,3,3,09,,,,44,1*71
$GLGSV,2,1,08,65,42,339,03,66,24,281,43,72,18,040,42,75,24,106,43,3*7E
$GLGSV,2,2,08,81,14,330,39,87,38,183,03,88,59,288,48,,,,40,3*4F
$GLGSV,1,1,01,76,06,160,,0*48
$GAGSV,2,1,07,03,53,021,51,05,07,046,45,07,12,240,33,08,58,270,51,2*77
$GAGSV,2,2,07,13,29,323,49,15,85,308,53,34,39,146,51,2*49
$GAGSV,2,1,08,03,53,021,46,05,07,046,33,07,12,240,35,08,58,270,47,7*7B
$GAGSV,2,2,08,13,29,323,44,15,85,308,47,18,15,280,35,34,39,146,45,7*7F
$GAGSV,1,1,02,02,03,146,,25,01,099,,0*72
$GBGSV,2,1,08,08,33,081,42,09,62,118,47,13,47,066,45,20,50,334,49,1*72
$GBGSV,2,2,08,29,44,274,47,32,31,049,47,38,27,092,43,39,51,060,47,1*73
$GBGSV,2,1,06,06,60,087,48,08,33,081,45,09,62,118,49,13,47,066,48,B*06
$GBGSV,2,2,06,16,56,074,48,20,50,334,08,B*03
$GBGSV,4,1,14,01,03,095,,02,58,140,,03,35,113,,05,62,201,,0*77
$GBGSV,4,2,14,10,04,162,,19,21,284,,23,16,060,,27,02,161,,0*70
$GBGSV,4,3,14,30,38,197,,35,05,320,,37,34,112,,59,08,095,,0*79
$GBGSV,4,4,14,60,60,149,,61,35,113,,0*7C
$GQGSV,1,1,02,04,20,074,38,07,19,104,33,1*63
$GQGSV,1,1,02,04,20,074,34,07,19,104,46,6*6A
$GQGSV,1,1,01,03,00,132,,0*56
$GNGLL,2454.23253,N,06708.26904,E,150538.00,A,D*7A
$GNRMC,150539.00,A,2454.23253,N,06708.26904,E,0.004,,050525,,,R,V*0D
$GNVTG,,T,,M,0.004,N,0.007,K,D*3B
$GNGGA,150539.00,2454.23253,N,06708.26904,E,4,12,0.60,22.0,M,-44.2,M,1.0,0292*72
$GNGSA,A,3,10,27,28,32,31,01,02,08,23,,,,1.24,0.60,1.08,1*0E
$GNGSA,A,3,87,81,74,88,75,65,66,72,,,,,1.24,0.60,1.08,2*0B
$GNGSA,A,3,08,03,15,,,,,,,,,,1.24,0.60,1.08,3*04
$GNGSA,A,3,08,09,06,13,20,16,29,32,38,39,,,1.24,0.60,1.08,4*07
$GNGSA,A,3,04,07,,,,,,,,,,,1.24,0.60,1.08,5*0E
$GPGSV,4,1,13,01,13,321,30,02,40,313,45,08,19,260,35,10,45,058,47,1*69
$GPGSV,4,2,13,23,15,094,37,25,05,093,36,27,20,222,40,28,62,145,47,1*6D
$GPGSV,4,3,13,31,40,180,46,32,55,012,49,36,34,246,42,40,59,208,47,1*66
$GPGSV,4,4,13,41,56,146,46,1*51
$GPGSV,1,1,01,25,05,093,37,5*5D
$GPGSV,2,1,08,01,13,321,31,08,19,260,37,10,45,058,48,23,15,094,40,6*64
$GPGSV,2,2,08,27,20,222,40,28,62,145,48,31,40,180,45,32,55,012,48,6*68
$GPGSV,1,1,03,18,02,146,,26,02,178,,49,17,257,,0*5D
$GLGSV,3,1,09,65,42,339,45,66,24,281,44,72,18,040,42,74,14,054,37,1*7E
$GLGSV,3,2,09,75,24,106,48,81,14,330,42,87,38,183,46,88,59,288,51,1*73
$GLGSV,3,3,09,,,,43,1*76
$GLGSV,2,1,07,65,42,339,06,66,24,281,43,72,18,040,42,75,24,106,44,3*73
$GLGSV,2,2,07,81,14,330,39,87,38,183,06,88,59,288,48,3*41
$GLGSV,1,1,01,76,06,160,,0*48
$GAGSV,2,1,07,03,53,021,51,05,07,046,45,07,12,240,33,08,58,270,51,2*77
$GAGSV,2,2,07,13,29,323,49,15,85,308,53,34,39,146,51,2*49
$GAGSV,2,1,08,03,53,021,46,05,07,046,33,07,12,240,36,08,58,270,47,7*78
$GAGSV,2,2,08,13,29,323,44,15,85,308,47,18,15,280,35,34,39,146,45,7*7F
$GAGSV,1,1,02,02,03,146,,25,01,099,,0*72
$GBGSV,2,1,08,08,33,081,42,09,62,118,47,13,47,066,45,20,50,334,49,1*72
$GBGSV,2,2,08,29,44,274,47,32,31,049,47,38,27,092,43,39,51,060,47,1*73
$GBGSV,2,1,06,06,60,087,48,08,33,081,45,09,62,118,49,13,47,066,48,B*06
$GBGSV,2,2,06,16,56,074,48,20,50,334,08,B*03
$GBGSV,4,1,14,01,03,095,,02,58,140,,03,35,113,,05,62,201,,0*77
$GBGSV,4,2,14,10,04,162,,19,21,284,,23,16,060,,27,02,161,,0*70
$GBGSV,4,3,14,30,38,197,,35,05,320,,37,34,112,,59,08,095,,0*79
$GBGSV,4,4,14,60,60,149,,61,35,113,,0*7C
$GQGSV,1,1,02,04,20,074,38,07,19,104,33,1*63
$GQGSV,1,1,02,04,20,074,33,07,19,104,46,6*6D
$GQGSV,1,1,01,03,00,132,,0*56
$GNGLL,2454.23253,N,06708.26904,E,150539.00,A,D*7B
$GNRMC,150540.00,A,2454.23253,N,06708.26904,E,0.007,,050525,,,R,V*00
$GNVTG,,T,,M,0.007,N,0.013,K,D*3D
$GNGGA,150540.00,2454.23253,N,06708.26904,E,4,12,0.60,22.0,M,-44.2,M,1.0,0292*7C
$GNGSA,A,3,10,27,28,32,31,01,02,08,23,,,,1.24,0.60,1.08,1*0E
$GNGSA,A,3,87,81,74,88,75,65,66,72,,,,,1.24,0.60,1.08,2*0B
$GNGSA,A,3,08,03,15,,,,,,,,,,1.24,0.60,1.08,3*04
$GNGSA,A,3,08,09,06,13,20,16,29,32,38,39,,,1.24,0.60,1.08,4*07
$GNGSA,A,3,04,07,,,,,,,,,,,1.24,0.60,1.08,5*0E
$GPGSV,4,1,13,01,13,321,30,02,40,313,45,08,19,260,35,10,45,058,47,1*69
$GPGSV,4,2,13,23,15,094,37,25,05,093,36,27,20,222,39,28,62,145,47,1*63
$GPGSV,4,3,13,31,40,180,46,32,55,012,49,36,34,246,42,40,59,208,47,1*66
$GPGSV,4,4,13,41,56,146,47,1*50
$GPGSV,1,1,01,25,05,093,36,5*5C
$GPGSV,2,1,08,01,13,321,30,08,19,260,37,10,45,058,47,23,15,094,40,6*6A
$GPGSV,2,2,08,27,20,222,40,28,62,145,48,31,40,180,45,32,55,012,47,6*67
$GPGSV,1,1,03,18,02,146,,26,02,178,,49,17,257,,0*5D
$GLGSV,3,1,09,65,42,339,45,66,24,281,44,72,18,040,42,74,14,054,37,1*7E
$GLGSV,3,2,09,75,24,106,48,81,14,330,42,87,38,183,46,88,59,288,51,1*73
$GLGSV,3,3,09,,,,43,1*76
$GLGSV,2,1,08,65,42,339,08,66,24,281,43,72,18,040,42,75,24,106,44,3*72
$GLGSV,2,2,08,81,14,330,39,87,38,183,07,88,59,288,48,,,,39,3*45
$GLGSV,1,1,01,76,06,160,,0*48
$GAGSV,2,1,07,03,53,021,51,05,07,046,45,07,12,240,33,08,58,270,51,2*77
$GAGSV,2,2,07,13,29,323,49,15,85,308,53,34,39,146,51,2*49
$GAGSV,2,1,08,03,53,021,46,05,07,046,33,07,12,240,35,08,58,270,47,7*7B
$GAGSV,2,2,08,13,29,323,44,15,85,308,47,18,15,280,35,34,39,146,44,7*7E
$GAGSV,1,1,02,02,03,146,,25,01,099,,0*72
$GBGSV,2,1,08,08,33,081,42,09,62,118,47,13,47,066,45,20,50,334,49,1*72
$GBGSV,2,2,08,29,44,274,47,32,31,049,47,38,27,092,43,39,51,060,47,1*73
$GBGSV,2,1,06,06,60,087,48,08,33,081,45,09,62,118,49,13,47,066,48,B*06
$GBGSV,2,2,06,16,56,074,48,20,50,334,08,B*03
$GBGSV,4,1,14,01,03,095,,02,58,140,,03,35,113,,05,62,201,,0*77
$GBGSV,4,2,14,10,04,162,,19,21,284,,23,16,060,,27,02,161,,0*70
$GBGSV,4,3,14,30,38,197,,35,05,320,,37,34,112,,59,08,095,,0*79
$GBGSV,4,4,14,60,60,149,,61,35,113,,0*7C
$GQGSV,1,1,02,04,20,074,38,07,19,104,33,1*63
$GQGSV,1,1,02,04,20,074,33,07,19,104,45,6*6E
$GQGSV,1,1,01,03,00,132,,0*56
$GNGLL,2454.23253,N,06708.26904,E,150540.00,A,D*75
$GNRMC,150541.00,A,2454.23253,N,06708.26904,E,0.009,,050525,,,R,V*0F
$GNVTG,,T,,M,0.009,N,0.016,K,D*36
$GNGGA,150541.00,2454.23253,N,06708.26904,E,4,12,0.60,22.0,M,-44.2,M,1.0,0292*7D
$GNGSA,A,3,10,27,28,32,31,01,02,08,23,,,,1.24,0.60,1.08,1*0E
$GNGSA,A,3,87,81,74,88,75,65,66,72,,,,,1.24,0.60,1.08,2*0B
$GNGSA,A,3,08,03,15,,,,,,,,,,1.24,0.60,1.08,3*04
$GNGSA,A,3,08,09,06,13,20,16,29,32,38,39,,,1.24,0.60,1.08,4*07
$GNGSA,A,3,04,07,,,,,,,,,,,1.24,0.60,1.08,5*0E
$GPGSV,4,1,13,01,13,321,30,02,40,313,45,08,19,260,35,10,45,058,47,1*69
$GPGSV,4,2,13,23,15,094,37,25,05,093,37,27,20,222,40,28,62,145,47,1*6C
$GPGSV,4,3,13,31,40,180,46,32,55,012,49,36,34,246,42,40,59,208,47,1*66
$GPGSV,4,4,13,41,56,146,47,1*50
$GPGSV,1,1,01,25,05,093,36,5*5C
$GPGSV,2,1,08,01,13,321,30,08,19,260,36,10,45,058,47,23,15,094,39,6*65
$GPGSV,2,2,08,27,20,222,40,28,62,145,47,31,40,180,45,32,55,012,47,6*68
$GPGSV,1,1,03,18,02,147,,26,02,178,,49,17,257,,0*5C
$GLGSV,3,1,09,65,42,339,45,66,24,281,44,72,18,040,42,74,14,054,37,1*7E
$GLGSV,3,2,09,75,24,106,48,81,14,330,42,87,38,183,46,88,59,288,51,1*73
$GLGSV,3,3,09,,,,43,1*76
$GLGSV,2,1,08,65,42,339,11,66,24,281,43,72,18,040,42,75,24,106,44,3*7A
$GLGSV,2,2,08,81,14,330,39,87,38,183,10,88,59,288,48,,,,39,3*43
$GLGSV,1,1,01,76,06,160,,0*48
$GAGSV,2,1,07,03,53,021,51,05,07,046,45,07,12,240,33,08,58,270,50,2*76
$GAGSV,2,2,07,13,29,323,49,15,85,308,52,34,39,146,51,2*48
$GAGSV,2,1,08,03,53,021,46,05,07,046,33,07,12,240,35,08,58,270,47,7*7B
$GAGSV,2,2,08,13,29,323,44,15,85,308,47,18,15,280,35,34,39,146,45,7*7F
$GAGSV,1,1,02,02,03,146,,25,01,099,,0*72
$GBGSV,2,1,08,08,33,081,41,09,62,118,47,13,47,066,45,20,50,334,49,1*71
$GBGSV,2,2,08,29,44,274,47,32,31,049,47,38,27,092,43,39,51,060,47,1*73
$GBGSV,2,1,05,06,60,087,48,08,33,081,45,09,62,118,49,13,47,066,48,B*05
$GBGSV,2,2,05,16,56,074,47,B*34
$GBGSV,4,1,14,01,03,095,,02,58,140,,03,35,113,,05,62,201,,0*77
$GBGSV,4,2,14,10,04,162,,19,21,284,,23,16,060,,27,02,161,,0*70
$GBGSV,4,3,14,30,38,197,,35,05,320,,37,34,112,,59,08,095,,0*79
$GBGSV,4,4,14,60,60,149,,61,35,113,,0*7C
$GQGSV,1,1,02,04,20,074,37,07,19,104,33,1*6C
$GQGSV,1,1,02,04,20,074,34,07,19,104,45,6*69
$GQGSV,1,1,01,03,00,132,,0*56
$GNGLL,2454.23253,N,06708.26904,E,150541.00,A,D*74
$GNRMC,150542.00,A,2454.23253,N,06708.26904,E,0.008,,050525,,,R,V*0D
$GNVTG,,T,,M,0.008,N,0.015,K,D*34
$GNGGA,150542.00,2454.23253,N,06708.26904,E,4,12,0.60,22.0,M,-44.2,M,1.0,0292*7E
$GNGSA,A,3,10,27,28,32,31,01,02,08,23,,,,1.24,0.60,1.08,1*0E
$GNGSA,A,3,87,81,74,88,75,65,66,72,,,,,1.24,0.60,1.08,2*0B
$GNGSA,A,3,08,03,15,,,,,,,,,,1.24,0.60,1.08,3*04
$GNGSA,A,3,08,09,06,13,20,16,29,32,38,39,,,1.24,0.60,1.08,4*07
$GNGSA,A,3,04,07,,,,,,,,,,,1.24,0.60,1.08,5*0E
$GPGSV,4,1,13,01,13,321,30,02,40,313,45,08,19,260,35,10,45,058,47,1*69
$GPGSV,4,2,13,23,15,094,37,25,05,093,37,27,20,222,39,28,62,145,47,1*62
$GPGSV,4,3,13,31,40,180,46,32,55,012,49,36,34,246,42,40,59,208,47,1*66
$GPGSV,4,4,13,41,56,146,47,1*50
$GPGSV,1,1,01,25,05,093,35,5*5F
$GPGSV,2,1,08,01,13,321,29,08,19,260,36,10,45,058,47,23,15,094,39,6*6D
$GPGSV,2,2,08,27,20,222,39,28,62,145,47,31,40,180,44,32,55,012,46,6*66
$GPGSV,1,1,03,18,02,147,,26,02,178,,49,17,257,,0*5C
$GLGSV,3,1,09,65,42,339,45,66,24,281,43,72,18,040,41,74,14,054,37,1*7A
$GLGSV,3,2,09,75,24,106,48,81,14,330,42,87,38,183,46,88,59,288,51,1*73
$GLGSV,3,3,09,,,,43,1*76
$GLGSV,2,1,08,65,42,339,07,66,24,281,43,72,18,040,42,75,24,106,44,3*7D
$GLGSV,2,2,08,81,14,330,39,87,38,183,09,88,59,288,48,,,,41,3*44
$GLGSV,1,1,01,76,06,160,,0*48
$GAGSV,2,1,07,03,53,021,51,05,07,046,45,07,12,240,33,08,58,270,51,2*77
$GAGSV,2,2,07,13,29,323,49,15,85,308,52,34,39,146,51,2*48
$GAGSV,2,1,08,03,53,021,46,05,07,046,33,07,12,240,35,08,58,270,47,7*7B
$GAGSV,2,2,08,13,29,323,44,15,85,308,47,18,15,280,35,34,39,146,44,7*7E
$GAGSV,1,1,02,02,03,146,,25,01,099,,0*72
$GBGSV,2,1,08,08,33,081,41,09,62,118,47,13,47,066,45,20,50,334,49,1*71
$GBGSV,2,2,08,29,44,274,47,32,31,049,47,38,27,092,43,39,51,060,47,1*73
$GBGSV,2,1,05,06,60,087,48,08,33,081,46,09,62,118,49,13,47,066,48,B*06
$GBGSV,2,2,05,16,56,074,48,B*3B
$GBGSV,4,1,14,01,03,095,,02,58,140,,03,35,113,,05,62,201,,0*77
$GBGSV,4,2,14,10,04,162,,19,21,284,,23,16,060,,27,02,161,,0*70
$GBGSV,4,3,14,30,38,197,,35,05,320,,37,34,112,,59,08,095,,0*79
$GBGSV,4,4,14,60,60,149,,61,35,113,,0*7C
$GQGSV,1,1,02,04,20,074,37,07,19,104,33,1*6C
$GQGSV,1,1,02,04,20,074,34,07,19,104,45,6*69
$GQGSV,1,1,01,03,00,132,,0*56
$GNGLL,2454.23253,N,06708.26904,E,150542.00,A,D*77
$GNRMC,150543.00,A,2454.23253,N,06708.26904,E,0.016,,050525,,,R,V*03
$GNVTG,,T,,M,0.016,N,0.029,K,D*34
$GNGGA,150543.00,2454.23253,N,06708.26904,E,4,12,0.62,22.0,M,-44.2,M,1.0,0292*7D
$GNGSA,A,3,10,27,28,32,31,02,08,23,,,,,1.28,0.62,1.12,1*0A
$GNGSA,A,3,87,81,74,88,75,65,66,72,,,,,1.28,0.62,1.12,2*0E
$GNGSA,A,3,08,03,15,07,,,,,,,,,1.28,0.62,1.12,3*06
$GNGSA,A,3,08,09,06,13,20,16,29,32,38,39,,,1.28,0.62,1.12,4*02
$GNGSA,A,3,04,07,,,,,,,,,,,1.28,0.62,1.12,5*0B
$GPGSV,4,1,13,01,13,321,30,02,40,313,45,08,19,260,35,10,45,058,47,1*69
$GPGSV,4,2,13,23,15,094,37,25,05,093,36,27,20,222,39,28,62,145,47,1*63
$GPGSV,4,3,13,31,40,180,46,32,55,012,49,36,34,246,42,40,59,208,47,1*66
$GPGSV,4,4,13,41,56,146,47,1*50
$GPGSV,1,1,01,25,05,093,36,5*5C
$GPGSV,2,1,08,01,13,321,29,08,19,260,36,10,45,058,47,23,15,094,39,6*6D
$GPGSV,2,2,08,27,20,222,40,28,62,145,47,31,40,180,44,32,55,012,46,6*68
$GPGSV,1,1,03,18,02,147,,26,02,178,,49,17,257,,0*5C
$GLGSV,3,1,09,65,42,339,45,66,24,281,43,72,18,040,41,74,14,054,37,1*7A
$GLGSV,3,2,09,75,24,106,48,81,14,330,42,87,38,183,46,88,59,288,51,1*73
$GLGSV,3,3,09,,,,43,1*76
$GLGSV,2,1,08,65,42,339,09,66,24,281,43,72,18,040,42,75,24,106,44,3*73
$GLGSV,2,2,08,81,14,330,39,87,38,183,08,88,59,288,48,,,,41,3*45
$GLGSV,1,1,01,76,06,160,,0*48
$GAGSV,2,1,07,03,53,021,51,05,07,046,45,07,12,240,33,08,58,270,51,2*77
$GAGSV,2,2,07,13,29,323,49,15,85,308,52,34,39,146,51,2*48
$GAGSV,2,1,08,03,53,021,46,05,07,046,33,07,12,240,36,08,58,270,47,7*78
$GAGSV,2,2,08,13,29,323,44,15,85,308,47,18,15,280,35,34,39,146,45,7*7F
$GAGSV,1,1,02,02,03,146,,25,01,099,,0*72
$GBGSV,2,1,08,08,33,081,41,09,62,118,47,13,47,066,45,20,50,334,49,1*71
$GBGSV,2,2,08,29,44,274,47,32,31,049,47,38,27,092,43,39,51,060,47,1*73
$GBGSV,2,1,05,06,60,087,48,08,33,081,46,09,62,118,49,13,47,066,48,B*06
$GBGSV,2,2,05,16,56,074,48,B*3B
$GBGSV,4,1,14,01,03,095,,02,58,140,,03,35,113,,05,62,201,,0*77
$GBGSV,4,2,14,10,04,162,,19,21,284,,23,16,060,,27,02,161,,0*70
$GBGSV,4,3,14,30,38,197,,35,05,320,,37,34,112,,59,08,095,,0*79
$GBGSV,4,4,14,60,60,149,,61,35,113,,0*7C
$GQGSV,1,1,02,04,20,074,37,07,19,104,33,1*6C
$GQGSV,1,1,02,04,20,074,34,07,19,104,45,6*69
$GQGSV,1,1,01,03,00,132,,0*56
$GNGLL,2454.23253,N,06708.26904,E,150543.00,A,D*76
$GNRMC,150544.00,A,2454.23253,N,06708.26904,E,0.003,,050525,,,F,V*14
$GNVTG,,T,,M,0.003,N,0.005,K,D*3E
$GNGGA,150544.00,2454.23253,N,06708.26904,E,5,12,0.60,22.0,M,-44.2,M,1.0,0292*79
$GNGSA,A,3,10,27,28,32,31,01,02,08,23,,,,1.24,0.60,1.08,1*0E
$GNGSA,A,3,87,81,74,88,75,65,66,72,,,,,1.24,0.60,1.08,2*0B
$GNGSA,A,3,07,08,03,15,,,,,,,,,1.24,0.60,1.08,3*03
$GNGSA,A,3,09,06,13,20,16,29,32,38,39,,,,1.24,0.60,1.08,4*0F
$GNGSA,A,3,04,07,,,,,,,,,,,1.24,0.60,1.08,5*0E
$GPGSV,4,1,13,01,13,321,30,02,40,313,45,08,19,260,35,10,45,058,47,1*69
$GPGSV,4,2,13,23,15,094,37,25,05,093,37,27,20,222,39,28,62,145,47,1*62
$GPGSV,4,3,13,31,40,180,46,32,55,012,49,36,34,246,42,40,59,208,47,1*66
$GPGSV,4,4,13,41,56,146,46,1*51
$GPGSV,1,1,01,25,05,093,35,5*5F
$GPGSV,2,1,08,01,13,321,29,08,19,260,36,10,45,058,47,23,15,094,39,6*6D
$GPGSV,2,2,08,27,20,222,40,28,62,145,47,31,40,180,44,32,55,012,46,6*68
$GPGSV,1,1,03,18,02,147,,26,02,178,,49,17,257,,0*5C
$GLGSV,3,1,09,65,42,339,45,66,24,281,44,72,18,040,41,74,14,054,37,1*7D
$GLGSV,3,2,09,75,24,106,48,81,14,330,42,87,38,183,46,88,59,288,51,1*73
$GLGSV,3,3,09,,,,43,1*76
$GLGSV,2,1,08,65,42,339,10,66,24,281,43,72,18,040,42,75,24,106,44,3*7B
$GLGSV,2,2,08,81,14,330,39,87,38,183,08,88,59,288,48,,,,41,3*45
$GLGSV,1,1,01,76,06,160,,0*48
$GAGSV,2,1,07,03,53,021,50,05,07,046,45,07,12,240,33,08,58,270,50,2*77
$GAGSV,2,2,07,13,29,323,49,15,85,308,52,34,39,146,50,2*49
$GAGSV,2,1,08,03,53,021,46,05,07,046,33,07,12,240,35,08,58,270,47,7*7B
$GAGSV,2,2,08,13,29,323,44,15,85,308,47,18,15,280,35,34,39,146,44,7*7E
$GAGSV,1,1,02,02,03,146,,25,01,099,,0*72
$GBGSV,2,1,08,08,33,081,41,09,62,118,47,13,47,066,45,20,50,334,49,1*71
$GBGSV,2,2,08,29,44,274,47,32,31,049,47,38,27,092,43,39,51,060,47,1*73
$GBGSV,2,1,05,06,60,087,47,08,33,081,45,09,62,118,49,13,47,066,47,B*05
$GBGSV,2,2,05,16,56,074,47,B*34
$GBGSV,4,1,14,01,03,095,,02,58,140,,03,35,113,,05,62,201,,0*77
$GBGSV,4,2,14,10,04,162,,19,21,284,,23,16,060,,27,02,161,,0*70
$GBGSV,4,3,14,30,38,197,,35,05,320,,37,34,112,,59,08,095,,0*79
$GBGSV,4,4,14,60,60,149,,61,35,113,,0*7C
$GQGSV,1,1,02,04,20,074,37,07,19,104,33,1*6C
$GQGSV,1,1,02,04,20,074,34,07,19,104,45,6*69
$GQGSV,1,1,01,03,00,132,,0*56
$GNGLL,2454.23253,N,06708.26904,E,150544.00,A,D*71
$GNRMC,150545.00,A,2454.23252,N,06708.26904,E,0.004,,050525,,,F,V*13
$GNVTG,,T,,M,0.004,N,0.007,K,D*3B
$GNGGA,150545.00,2454.23252,N,06708.26904,E,5,12,0.60,22.0,M,-44.2,M,1.0,0292*79
$GNGSA,A,3,10,27,28,32,31,01,02,08,23,,,,1.24,0.60,1.08,1*0E
$GNGSA,A,3,87,81,74,88,75,65,66,72,,,,,1.24,0.60,1.08,2*0B
$GNGSA,A,3,07,08,03,15,,,,,,,,,1.24,0.60,1.08,3*03
$GNGSA,A,3,09,06,13,20,16,29,32,38,39,,,,1.24,0.60,1.08,4*0F
$GNGSA,A,3,04,07,,,,,,,,,,,1.24,0.60,1.08,5*0E
$GPGSV,4,1,13,01,13,321,30,02,40,313,45,08,19,260,35,10,45,058,47,1*69
$GPGSV,4,2,13,23,14,095,37,25,05,093,37,27,20,222,39,28,62,145,47,1*62
$GPGSV,4,3,13,31,40,180,46,32,55,012,49,36,34,246,42,40,59,208,47,1*66
$GPGSV,4,4,13,41,56,146,46,1*51
$GPGSV,1,1,01,25,05,093,36,5*5C
$GPGSV,2,1,08,01,13,321,28,08,19,260,36,10,45,058,47,23,14,095,39,6*6C
$GPGSV,2,2,08,27,20,222,39,28,62,145,47,31,40,180,44,32,55,012,46,6*66
$GPGSV,1,1,03,18,02,147,,26,02,178,,49,17,257,,0*5C
$GLGSV,3,1,09,65,42,339,45,66,24,281,44,72,18,040,41,74,14,054,37,1*7D
$GLGSV,3,2,09,75,24,106,48,81,14,330,42,87,38,183,46,88,59,288,51,1*73
$GLGSV,3,3,09,,,,43,1*76
$GLGSV,2,1,08,65,42,339,09,66,24,281,43,72,18,040,42,75,24,106,44,3*73
$GLGSV,2,2,08,81,14,330,39,87,38,183,10,88,59,288,48,,,,41,3*4C
$GLGSV,1,1,01,76,06,160,,0*48
$GAGSV,2,1,07,03,53,021,50,05,07,046,45,07,12,240,33,08,58,270,50,2*77
$GAGSV,2,2,07,13,29,323,49,15,85,308,52,34,39,146,50,2*49
$GAGSV,2,1,08,03,53,021,46,05,07,046,33,07,12,240,36,08,58,270,47,7*78
$GAGSV,2,2,08,13,29,323,44,15,85,308,47,18,15,280,35,34,39,146,45,7*7F
$GAGSV,1,1,02,02,03,146,,25,01,099,,0*72
$GBGSV,2,1,08,08,33,081,41,09,62,118,47,13,47,066,45,20,50,334,49,1*71
$GBGSV,2,2,08,29,44,274,47,32,31,049,47,38,27,092,43,39,51,060,47,1*73
$GBGSV,2,1,05,06,60,087,48,08,33,081,46,09,62,118,49,13,47,066,48,B*06
$GBGSV,2,2,05,16,56,074,48,B*3B
$GBGSV,4,1,14,01,03,095,,02,58,140,,03,35,113,,05,62,201,,0*77
$GBGSV,4,2,14,10,04,162,,19,21,284,,23,16,060,,27,02,161,,0*70
$GBGSV,4,3,14,30,38,197,,35,05,320,,37,34,112,,59,08,095,,0*79
$GBGSV,4,4,14,60,60,149,,61,35,113,,0*7C
$GQGSV,1,1,02,04,20,074,37,07,19,104,33,1*6C
$GQGSV,1,1,02,04,20,074,34,07,19,104,45,6*69
$GQGSV,1,1,01,03,00,132,,0*56
$GNGLL,2454.23252,N,06708.26904,E,150545.00,A,D*71
$GNRMC,150546.00,A,2454.23252,N,06708.26904,E,0.003,,050525,,,F,V*17
$GNVTG,,T,,M,0.003,N,0.005,K,D*3E
$GNGGA,150546.00,2454.23252,N,06708.26904,E,5,12,0.60,22.0,M,-44.2,M,1.0,0292*7A
$GNGSA,A,3,10,27,28,32,31,01,02,08,23,,,,1.24,0.60,1.08,1*0E
$GNGSA,A,3,87,81,74,88,75,65,66,72,,,,,1.24,0.60,1.08,2*0B
$GNGSA,A,3,07,08,03,15,,,,,,,,,1.24,0.60,1.08,3*03
$GNGSA,A,3,09,06,13,20,16,29,32,38,39,,,,1.24,0.60,1.08,4*0F
$GNGSA,A,3,04,07,,,,,,,,,,,1.24,0.60,1.08,5*0E
$GPGSV,4,1,13,01,13,321,30,02,40,313,45,08,19,260,35,10,45,058,47,1*69
$GPGSV,4,2,13,23,14,095,36,25,05,093,37,27,20,222,39,28,62,145,47,1*63
$GPGSV,4,3,13,31,40,180,46,32,55,012,49,36,34,246,42,40,59,208,47,1*66
$GPGSV,4,4,13,41,56,146,46,1*51
$GPGSV,3,1,09,01,13,321,28,08,19,260,37,10,45,058,47,23,14,095,39,6*6D
$GPGSV,3,2,09,25,05,093,36,27,20,222,39,28,62,145,47,31,40,180,44,6*6B
$GPGSV,3,3,09,32,55,012,46,6*5A
$GPGSV,1,1,03,18,02,147,,26,02,178,,49,17,257,,0*5C
$GLGSV,3,1,09,65,42,339,45,66,24,281,44,72,18,040,41,74,14,054,37,1*7D
$GLGSV,3,2,09,75,24,106,48,81,14,330,42,87,38,183,46,88,59,288,51,1*73
$GLGSV,3,3,09,,,,43,1*76
$GLGSV,2,1,08,65,42,339,11,66,24,281,43,72,18,040,42,75,24,106,44,3*7A
$GLGSV,2,2,08,81,14,330,39,87,38,183,09,88,59,288,48,,,,41,3*44
$GLGSV,1,1,01,76,06,160,,0*48
$GAGSV,2,1,07,03,53,021,51,05,07,046,45,07,12,240,33,08,58,270,50,2*76
$GAGSV,2,2,07,13,29,323,49,15,85,308,52,34,39,146,50,2*49
$GAGSV,2,1,08,03,53,021,46,05,07,046,33,07,12,240,36,08,58,270,47,7*78
$GAGSV,2,2,08,13,29,323,44,15,85,308,47,18,15,280,35,34,39,146,45,7*7F
$GAGSV,1,1,02,02,03,146,,25,01,099,,0*72
$GBGSV,2,1,08,08,33,081,41,09,62,118,47,13,47,066,45,20,50,334,49,1*71
$GBGSV,2,2,08,29,44,274,47,32,31,049,47,38,27,092,43,39,51,060,47,1*73
$GBGSV,2,1,05,06,60,087,48,08,33,081,46,09,62,118,49,13,47,066,48,B*06
$GBGSV,2,2,05,16,56,074,48,B*3B
$GBGSV,4,1,14,01,03,095,,02,58,140,,03,35,113,,05,62,201,,0*77
$GBGSV,4,2,14,10,04,162,,19,21,284,,23,16,060,,27,02,161,,0*70
$GBGSV,4,3,14,30,38,197,,35,05,320,,37,34,112,,59,08,095,,0*79
$GBGSV,4,4,14,60,60,149,,61,35,113,,0*7C
$GQGSV,1,1,02,04,20,074,37,07,19,104,33,1*6C
$GQGSV,1,1,02,04,20,074,34,07,19,104,45,6*69
$GQGSV,1,1,01,03,00,132,,0*56
$GNGLL,2454.23252,N,06708.26904,E,150546.00,A,D*72
$GNRMC,150547.00,A,2454.23253,N,06708.26904,E,0.003,,050525,,,F,V*17
$GNVTG,,T,,M,0.003,N,0.005,K,D*3E
$GNGGA,150547.00,2454.23253,N,06708.26904,E,5,12,0.60,22.0,M,-44.2,M,1.0,0292*7A
$GNGSA,A,3,10,27,28,32,31,01,02,08,23,,,,1.24,0.60,1.08,1*0E
$GNGSA,A,3,87,81,74,88,75,65,66,72,,,,,1.24,0.60,1.08,2*0B
$GNGSA,A,3,07,08,03,15,,,,,,,,,1.24,0.60,1.08,3*03
$GNGSA,A,3,09,06,13,20,16,29,32,38,39,,,,1.24,0.60,1.08,4*0F
$GNGSA,A,3,04,07,,,,,,,,,,,1.24,0.60,1.08,5*0E
$GPGSV,4,1,13,01,13,321,29,02,40,313,45,08,19,260,36,10,45,058,47,1*62
$GPGSV,4,2,13,23,14,095,36,25,05,092,36,27,20,222,39,28,62,145,47,1*63
$GPGSV,4,3,13,31,40,180,46,32,55,012,49,36,34,246,42,40,59,208,47,1*66
$GPGSV,4,4,13,41,56,146,46,1*51
$GPGSV,3,1,09,01,13,321,28,08,19,260,37,10,45,058,47,23,14,095,39,6*6D
$GPGSV,3,2,09,25,05,092,36,27,20,222,40,28,62,145,47,31,40,180,44,6*64
$GPGSV,3,3,09,32,55,012,46,6*5A
$GPGSV,1,1,03,18,02,147,,26,02,178,,49,17,257,,0*5C
$GLGSV,3,1,09,65,42,339,46,66,24,281,43,72,18,040,41,74,14,054,37,1*79
$GLGSV,3,2,09,75,24,106,48,81,14,330,42,87,38,183,46,88,59,288,51,1*73
$GLGSV,3,3,09,,,,42,1*77
$GLGSV,2,1,08,65,42,339,09,66,24,281,43,72,18,040,42,75,24,106,44,3*73
$GLGSV,2,2,08,81,14,330,39,87,38,183,09,88,59,288,48,,,,41,3*44
$GLGSV,1,1,01,76,06,160,,0*48
$GAGSV,2,1,07,03,53,021,51,05,07,046,45,07,12,240,33,08,58,270,50,2*76
$GAGSV,2,2,07,13,29,323,49,15,85,308,52,34,39,146,51,2*48
$GAGSV,2,1,08,03,53,021,46,05,07,046,33,07,12,240,36,08,58,270,47,7*78
$GAGSV,2,2,08,13,29,323,44,15,85,308,47,18,15,280,35,34,39,146,45,7*7F
$GAGSV,1,1,02,02,03,146,,25,01,099,,0*72
$GBGSV,2,1,08,08,33,081,41,09,62,118,47,13,47,066,45,20,50,334,49,1*71
$GBGSV,2,2,08,29,44,274,47,32,31,049,47,38,27,092,43,39,51,060,47,1*73
$GBGSV,2,1,05,06,60,087,48,08,33,081,46,09,62,118,49,13,47,066,48,B*06
$GBGSV,2,2,05,16,56,074,48,B*3B
$GBGSV,4,1,14,01,03,095,,02,58,140,,03,35,113,,05,62,201,,0*77
$GBGSV,4,2,14,10,04,162,,19,21,284,,23,16,060,,27,02,161,,0*70
$GBGSV,4,3,14,30,38,197,,35,05,320,,37,34,112,,59,08,095,,0*79
$GBGSV,4,4,14,60,60,149,,61,35,113,,0*7C
$GQGSV,1,1,02,04,20,074,37,07,19,104,32,1*6D
$GQGSV,1,1,02,04,20,074,34,07,19,104,45,6*69
$GQGSV,1,1,01,03,00,132,,0*56
$GNGLL,2454.23253,N,06708.26904,E,150547.00,A,D*72
$GNRMC,150548.00,A,2454.23253,N,06708.26904,E,0.005,,050525,,,F,V*1E
$GNVTG,,T,,M,0.005,N,0.010,K,D*3C
$GNGGA,150548.00,2454.23253,N,06708.26904,E,5,12,0.60,22.0,M,-44.2,M,1.0,0292*75
$GNGSA,A,3,10,27,28,32,31,01,02,08,23,,,,1.24,0.60,1.08,1*0E
$GNGSA,A,3,87,81,74,88,75,65,66,72,,,,,1.24,0.60,1.08,2*0B
$GNGSA,A,3,07,08,03,15,,,,,,,,,1.24,0.60,1.08,3*03
$GNGSA,A,3,09,06,13,20,16,29,32,38,39,,,,1.24,0.60,1.08,4*0F
$GNGSA,A,3,04,07,,,,,,,,,,,1.24,0.60,1.08,5*0E
$GPGSV,4,1,13,01,13,321,29,02,40,313,45,08,19,260,35,10,45,058,47,1*61
$GPGSV,4,2,13,23,14,095,36,25,05,092,36,27,20,222,39,28,62,145,47,1*63
$GPGSV,4,3,13,31,40,180,46,32,55,012,49,36,34,246,42,40,59,208,47,1*66
$GPGSV,4,4,13,41,56,146,47,1*50
$GPGSV,3,1,09,01,13,321,28,08,19,260,37,10,45,058,47,23,14,095,39,6*6D
$GPGSV,3,2,09,25,05,092,36,27,20,222,39,28,62,145,47,31,40,180,44,6*6A
$GPGSV,3,3,09,32,55,012,46,6*5A
$GPGSV,1,1,03,18,02,147,,26,02,177,,49,17,257,,0*53
$GLGSV,3,1,09,65,42,339,46,66,24,281,43,72,18,040,41,74,14,054,37,1*79
$GLGSV,3,2,09,75,24,106,48,81,14,330,42,87,38,183,46,88,59,288,51,1*73
$GLGSV,3,3,09,,,,42,1*77
$GLGSV,2,1,08,65,42,339,11,66,24,281,43,72,18,040,42,75,24,106,44,3*7A
$GLGSV,2,2,08,81,14,330,39,87,38,183,12,88,59,288,48,,,,41,3*4E
$GLGSV,1,1,01,76,06,160,,0*48
$GAGSV,2,1,07,03,53,021,51,05,07,046,45,07,12,240,33,08,58,270,51,2*77
$GAGSV,2,2,07,13,29,323,49,15,85,308,52,34,39,146,51,2*48
$GAGSV,2,1,08,03,53,021,46,05,07,046,33,07,12,240,35,08,58,270,47,7*7B
$GAGSV,2,2,08,13,29,323,44,15,85,308,47,18,15,280,35,34,39,146,45,7*7F
$GAGSV,1,1,02,02,03,146,,25,01,099,,0*72
$GBGSV,2,1,08,08,33,081,41,09,62,118,47,13,47,066,45,20,50,334,49,1*71
$GBGSV,2,2,08,29,44,274,47,32,31,049,47,38,27,092,43,39,51,060,47,1*73
$GBGSV,2,1,05,06,60,087,48,08,33,081,46,09,62,118,49,13,47,066,48,B*06
$GBGSV,2,2,05,16,56,074,48,B*3B
$GBGSV,4,1,14,01,03,095,,02,58,140,,03,35,113,,05,62,201,,0*77
$GBGSV,4,2,14,10,04,162,,19,21,284,,23,16,060,,27,02,161,,0*70
$GBGSV,4,3,14,30,38,197,,35,05,320,,37,34,112,,59,08,095,,0*79
$GBGSV,4,4,14,60,60,149,,61,35,113,,0*7C
$GQGSV,1,1,02,04,20,074,37,07,19,104,33,1*6C
$GQGSV,1,1,02,04,20,074,34,07,19,104,45,6*69
$GQGSV,1,1,01,03,00,132,,0*56
$GNGLL,2454.23253,N,06708.26904,E,150548.00,A,D*7D
$GNRMC,150549.00,A,2454.23253,N,06708.26904,E,0.002,,050525,,,F,V*18
$GNVTG,,T,,M,0.002,N,0.004,K,D*3E
$GNGGA,150549.00,2454.23253,N,06708.26904,E,5,12,0.60,22.0,M,-44.2,M,1.0,0292*74
$GNGSA,A,3,10,27,28,32,31,01,02,08,23,,,,1.24,0.60,1.08,1*0E
$GNGSA,A,3,87,81,74,88,75,65,66,72,,,,,1.24,0.60,1.08,2*0B
$GNGSA,A,3,07,08,03,15,,,,,,,,,1.24,0.60,1.08,3*03
$GNGSA,A,3,09,06,13,20,16,29,32,38,39,,,,1.24,0.60,1.08,4*0F
$GNGSA,A,3,04,07,,,,,,,,,,,1.24,0.60,1.08,5*0E
$GPGSV,4,1,13,01,13,321,30,02,40,313,45,08,19,260,35,10,45,058,47,1*69
$GPGSV,4,2,13,23,14,095,37,25,05,092,36,27,19,221,39,28,62,145,47,1*6B
$GPGSV,4,3,13,31,40,180,46,32,55,012,49,36,34,246,42,40,59,208,47,1*66
$GPGSV,4,4,13,41,56,146,47,1*50
$GPGSV,3,1,09,01,13,321,28,08,19,260,37,10,45,058,47,23,14,095,39,6*6D
$GPGSV,3,2,09,25,05,092,36,27,19,221,39,28,62,145,47,31,40,180,44,6*63
$GPGSV,3,3,09,32,55,012,46,6*5A
$GPGSV,1,1,03,18,02,147,,26,02,177,,49,17,257,,0*53
$GLGSV,3,1,09,65,42,339,46,66,24,281,43,72,18,040,41,74,14,054,38,1*76
$GLGSV,3,2,09,75,24,106,48,81,14,330,42,87,38,183,46,88,59,288,51,1*73
$GLGSV,3,3,09,,,,42,1*77
$GLGSV,2,1,08,65,42,339,08,66,24,281,43,72,18,040,42,75,24,106,45,3*73
$GLGSV,2,2,08,81,14,330,39,87,38,183,09,88,59,288,48,,,,41,3*44
$GLGSV,1,1,01,76,06,160,,0*48
$GAGSV,2,1,07,03,53,021,51,05,07,046,45,07,12,240,33,08,58,270,51,2*77
$GAGSV,2,2,07,13,29,323,49,15,85,308,52,34,39,146,51,2*48
$GAGSV,2,1,08,03,53,021,46,05,07,046,33,07,12,240,36,08,58,270,47,7*78
$GAGSV,2,2,08,13,29,323,44,15,85,308,47,18,15,280,35,34,39,146,44,7*7E
$GAGSV,1,1,02,02,03,146,,25,01,099,,0*72
$GBGSV,2,1,08,08,33,081,41,09,62,118,47,13,47,066,45,20,50,334,49,1*71
$GBGSV,2,2,08,29,44,274,47,32,31,049,47,38,27,092,43,39,51,060,47,1*73
$GBGSV,2,1,05,06,60,087,48,08,33,081,46,09,62,118,49,13,47,066,48,B*06
$GBGSV,2,2,05,16,56,074,48,B*3B
$GBGSV,4,1,14,01,03,095,,02,58,140,,03,35,113,,05,62,201,,0*77
$GBGSV,4,2,14,10,04,162,,19,21,284,,23,16,060,,27,02,161,,0*70
$GBGSV,4,3,14,30,38,197,,35,05,320,,37,34,112,,59,08,095,,0*79
$GBGSV,4,4,14,60,60,149,,61,35,113,,0*7C
$GQGSV,1,1,02,04,20,074,37,07,19,104,33,1*6C
$GQGSV,1,1,02,04,20,074,34,07,19,104,45,6*69
$GQGSV,1,1,01,03,00,132,,0*56
$GNGLL,2454.23253,N,06708.26904,E,150549.00,A,D*7C
$GNRMC,150550.00,A,2454.23252,N,06708.26905,E,0.006,,050525,,,R,V*00
$GNVTG,,T,,M,0.006,N,0.011,K,D*3E
$GNGGA,150550.00,2454.23252,N,06708.26905,E,4,12,0.60,22.0,M,-44.2,M,1.0,0292*7D
$GNGSA,A,3,10,27,28,32,31,01,02,08,23,,,,1.24,0.60,1.08,1*0E
$GNGSA,A,3,87,81,74,88,75,65,66,72,,,,,1.24,0.60,1.08,2*0B
$GNGSA,A,3,07,08,03,15,,,,,,,,,1.24,0.60,1.08,3*03
$GNGSA,A,3,09,06,13,20,16,29,32,38,39,,,,1.24,0.60,1.08,4*0F
$GNGSA,A,3,04,07,,,,,,,,,,,1.24,0.60,1.08,5*0E
$GPGSV,4,1,13,01,13,321,30,02,40,313,45,08,19,260,35,10,45,058,47,1*69
$GPGSV,4,2,13,23,14,095,36,25,05,092,36,27,19,221,39,28,63,143,47,1*6D
$GPGSV,4,3,13,31,40,180,46,32,55,012,49,36,34,246,42,40,59,208,47,1*66
$GPGSV,4,4,13,41,56,146,47,1*50
$GPGSV,3,1,09,01,13,321,28,08,19,260,37,10,45,058,47,23,14,095,39,6*6D
$GPGSV,3,2,09,25,05,092,36,27,19,221,39,28,63,143,47,31,40,180,44,6*64
$GPGSV,3,3,09,32,55,012,46,6*5A
$GPGSV,1,1,03,18,02,147,,26,02,177,,49,17,257,,0*53
$GLGSV,3,1,09,65,42,339,46,66,24,281,43,72,18,040,41,74,14,054,38,1*76
$GLGSV,3,2,09,75,24,106,47,81,14,330,42,87,38,183,46,88,59,288,51,1*7C
$GLGSV,3,3,09,,,,41,1*74
$GLGSV,2,1,08,65,42,339,08,66,24,281,43,72,18,040,42,75,24,106,44,3*72
$GLGSV,2,2,08,81,14,330,39,87,38,183,10,88,59,288,48,,,,41,3*4C
$GLGSV,1,1,01,76,06,160,,0*48
$GAGSV,2,1,07,03,53,021,51,05,07,046,45,07,12,240,33,08,58,270,51,2*77
$GAGSV,2,2,07,13,29,323,49,15,85,308,52,34,39,146,51,2*48
$GAGSV,2,1,08,03,53,021,46,05,07,046,33,07,12,240,36,08,58,270,47,7*78
$GAGSV,2,2,08,13,29,323,44,15,85,308,47,18,15,280,35,34,39,146,44,7*7E
$GAGSV,1,1,02,02,03,146,,25,01,099,,0*72
$GBGSV,2,1,08,08,33,081,41,09,62,118,47,13,47,066,45,20,50,334,49,1*71
$GBGSV,2,2,08,29,44,274,47,32,31,049,47,38,27,092,43,39,51,060,47,1*73
$GBGSV,2,1,05,06,60,087,48,08,33,081,46,09,62,118,49,13,47,066,48,B*06
$GBGSV,2,2,05,16,56,074,48,B*3B
$GBGSV,4,1,14,01,03,095,,02,58,140,,03,35,113,,05,62,201,,0*77
$GBGSV,4,2,14,10,04,162,,19,21,284,,23,16,060,,27,02,161,,0*70
$GBGSV,4,3,14,30,38,197,,35,05,320,,37,34,112,,59,08,095,,0*79
$GBGSV,4,4,14,60,60,149,,61,35,113,,0*7C
$GQGSV,1,1,02,04,20,074,37,07,19,104,33,1*6C
$GQGSV,1,1,02,04,20,074,34,07,19,104,45,6*69
$GQGSV,1,1,01,03,00,132,,0*56
$GNGLL,2454.23252,N,06708.26905,E,150550.00,A,D*74
$GNRMC,150551.00,A,2454.23252,N,06708.26905,E,0.006,,050525,,,R,V*01
$GNVTG,,T,,M,0.006,N,0.010,K,D*3F
$GNGGA,150551.00,2454.23252,N,06708.26905,E,4,12,0.60,22.0,M,-44.2,M,1.0,0292*7C
$GNGSA,A,3,10,27,28,32,31,01,02,08,23,,,,1.24,0.60,1.08,1*0E
$GNGSA,A,3,87,81,74,88,75,65,66,72,,,,,1.24,0.60,1.08,2*0B
$GNGSA,A,3,07,08,03,15,,,,,,,,,1.24,0.60,1.08,3*03
$GNGSA,A,3,09,06,13,20,16,29,32,38,39,,,,1.24,0.60,1.08,4*0F
$GNGSA,A,3,04,07,,,,,,,,,,,1.24,0.60,1.08,5*0E
$GPGSV,4,1,13,01,13,321,30,02,40,313,45,08,19,260,35,10,45,058,47,1*69
$GPGSV,4,2,13,23,14,095,36,25,05,092,36,27,19,221,39,28,63,143,47,1*6D
$GPGSV,4,3,13,31,40,180,46,32,55,012,49,36,34,246,42,40,59,208,47,1*66
$GPGSV,4,4,13,41,56,146,46,1*51
$GPGSV,3,1,09,01,13,321,28,08,19,260,37,10,45,058,47,23,14,095,39,6*6D
$GPGSV,3,2,09,25,05,092,36,27,19,221,40,28,63,143,47,31,40,180,44,6*6A
$GPGSV,3,3,09,32,55,012,46,6*5A
$GPGSV,1,1,03,18,02,147,,26,02,177,,49,17,257,,0*53
$GLGSV,3,1,09,65,42,339,46,66,24,281,43,72,18,040,41,74,14,054,37,1*79
$GLGSV,3,2,09,75,24,106,47,81,14,330,42,87,38,183,46,88,59,288,51,1*7C
$GLGSV,3,3,09,,,,41,1*74
$GLGSV,2,1,08,65,42,339,09,66,24,281,43,72,18,040,42,75,24,106,44,3*73
$GLGSV,2,2,08,81,14,330,39,87,38,183,11,88,59,288,48,,,,41,3*4D
$GLGSV,1,1,01,76,06,160,,0*48
$GAGSV,2,1,07,03,53,021,51,05,07,046,45,07,12,240,33,08,58,270,51,2*77
$GAGSV,2,2,07,13,29,323,49,15,85,308,52,34,39,146,51,2*48
$GAGSV,2,1,08,03,53,021,46,05,07,046,33,07,12,240,36,08,58,270,47,7*78
$GAGSV,2,2,08,13,29,323,44,15,85,308,47,18,15,280,35,34,39,146,44,7*7E
$GAGSV,1,1,02,02,03,146,,25,01,099,,0*72
$GBGSV,2,1,08,08,33,081,41,09,62,118,47,13,47,066,45,20,50,334,49,1*71
$GBGSV,2,2,08,29,44,274,47,32,31,049,47,38,27,092,43,39,51,060,47,1*73
$GBGSV,2,1,05,06,60,087,48,08,33,081,46,09,62,118,49,13,47,066,48,B*06
$GBGSV,2,2,05,16,56,074,48,B*3B
$GBGSV,4,1,14,01,03,095,,02,58,140,,03,35,113,,05,62,201,,0*77
$GBGSV,4,2,14,10,04,162,,19,21,284,,23,16,060,,27,02,161,,0*70
$GBGSV,4,3,14,30,38,197,,35,05,320,,37,34,112,,59,08,095,,0*79
$GBGSV,4,4,14,60,60,149,,61,35,113,,0*7C
$GQGSV,1,1,02,04,20,074,37,07,19,104,33,1*6C
$GQGSV,1,1,02,04,20,074,34,07,19,104,45,6*69
$GQGSV,1,1,01,03,00,132,,0*56
$GNGLL,2454.23252,N,06708.26905,E,150551.00,A,D*75
$GNRMC,150552.00,A,2454.23253,N,06708.26905,E,0.001,,050525,,,R,V*04
$GNVTG,,T,,M,0.001,N,0.002,K,D*3B
$GNGGA,150552.00,2454.23253,N,06708.26905,E,4,12,0.60,22.0,M,-44.2,M,1.0,0292*7E
$GNGSA,A,3,10,27,28,32,31,01,02,08,23,,,,1.24,0.60,1.08,1*0E
$GNGSA,A,3,87,81,74,88,75,65,66,72,,,,,1.24,0.60,1.08,2*0B
$GNGSA,A,3,07,08,03,15,,,,,,,,,1.24,0.60,1.08,3*03
$GNGSA,A,3,09,06,13,20,16,29,32,38,39,,,,1.24,0.60,1.08,4*0F
$GNGSA,A,3,04,07,,,,,,,,,,,1.24,0.60,1.08,5*0E
$GPGSV,4,1,13,01,13,321,30,02,40,313,45,08,19,260,35,10,45,058,47,1*69
$GPGSV,4,2,13,23,14,095,36,25,05,092,36,27,19,221,39,28,63,143,47,1*6D
$GPGSV,4,3,13,31,40,180,46,32,55,012,49,36,34,246,42,40,59,208,47,1*66
$GPGSV,4,4,13,41,56,146,47,1*50
$GPGSV,3,1,09,01,13,321,28,08,19,260,37,10,45,058,47,23,14,095,39,6*6D
$GPGSV,3,2,09,25,05,092,36,27,19,221,40,28,63,143,48,31,40,180,44,6*65
$GPGSV,3,3,09,32,55,012,46,6*5A
$GPGSV,1,1,03,18,02,147,,26,02,177,,49,17,257,,0*53
$GLGSV,3,1,09,65,42,339,46,66,24,281,43,72,18,040,41,74,14,054,38,1*76
$GLGSV,3,2,09,75,24,106,47,81,14,330,42,87,38,183,46,88,59,288,51,1*7C
$GLGSV,3,3,09,,,,41,1*74
$GLGSV,2,1,08,65,42,339,08,66,24,281,43,72,18,040,42,75,24,106,44,3*72
$GLGSV,2,2,08,81,14,330,39,87,38,183,06,88,59,288,48,,,,41,3*4B
$GLGSV,1,1,01,76,06,160,,0*48
$GAGSV,2,1,07,03,53,021,51,05,07,046,45,07,12,240,33,08,58,270,51,2*77
$GAGSV,2,2,07,13,29,323,49,15,85,308,52,34,39,146,51,2*48
$GAGSV,2,1,08,03,53,021,46,05,07,046,33,07,12,240,36,08,58,270,47,7*78
$GAGSV,2,2,08,13,29,323,44,15,85,308,47,18,15,280,35,34,39,146,44,7*7E
$GAGSV,1,1,02,02,03,146,,25,01,099,,0*72
$GBGSV,2,1,08,08,33,081,41,09,62,118,47,13,47,066,45,20,50,334,49,1*71
$GBGSV,2,2,08,29,44,274,47,32,31,049,47,38,27,092,43,39,51,060,47,1*73
$GBGSV,2,1,05,06,60,087,48,08,33,081,46,09,62,118,49,13,47,066,48,B*06
$GBGSV,2,2,05,16,56,074,48,B*3B
$GBGSV,4,1,14,01,03,095,,02,58,140,,03,35,113,,05,62,201,,0*77
$GBGSV,4,2,14,10,04,162,,19,21,284,,23,16,060,,27,02,161,,0*70
$GBGSV,4,3,14,30,38,197,,35,05,320,,37,34,112,,59,08,095,,0*79
$GBGSV,4,4,14,60,60,149,,61,35,113,,0*7C
$GQGSV,1,1,02,04,20,074,37,07,19,104,32,1*6D
$GQGSV,1,1,02,04,20,074,34,07,19,104,45,6*69
$GQGSV,1,1,01,03,00,132,,0*56
$GNGLL,2454.23253,N,06708.26905,E,150552.00,A,D*77
$GNRMC,150553.00,A,2454.23253,N,06708.26905,E,0.001,,050525,,,R,V*05
$GNVTG,,T,,M,0.001,N,0.003,K,D*3A
$GNGGA,150553.00,2454.23253,N,06708.26905,E,4,12,0.60,22.0,M,-44.2,M,1.0,0292*7F
$GNGSA,A,3,10,27,28,32,31,01,02,08,23,,,,1.24,0.60,1.08,1*0E
$GNGSA,A,3,87,81,74,88,75,65,66,72,,,,,1.24,0.60,1.08,2*0B
$GNGSA,A,3,07,08,03,15,,,,,,,,,1.24,0.60,1.08,3*03
$GNGSA,A,3,09,06,13,20,16,29,32,38,39,,,,1.24,0.60,1.08,4*0F
$GNGSA,A,3,04,07,,,,,,,,,,,1.24,0.60,1.08,5*0E
$GPGSV,4,1,13,01,13,321,30,02,40,313,45,08,19,260,35,10,45,058,47,1*69
$GPGSV,4,2,13,23,14,095,36,25,05,092,36,27,19,221,39,28,63,143,47,1*6D
$GPGSV,4,3,13,31,41,180,46,32,55,012,49,36,34,246,42,40,59,208,47,1*67
$GPGSV,4,4,13,41,56,146,47,1*50
$GPGSV,3,1,09,01,13,321,28,08,19,260,37,10,45,058,47,23,14,095,39,6*6D
$GPGSV,3,2,09,25,05,092,36,27,19,221,40,28,63,143,48,31,41,180,44,6*64
$GPGSV,3,3,09,32,55,012,46,6*5A
$GPGSV,1,1,03,18,02,147,,26,02,177,,49,17,257,,0*53
$GLGSV,3,1,09,65,42,339,46,66,24,281,43,72,18,040,41,74,14,054,37,1*79
$GLGSV,3,2,09,75,24,106,47,81,14,330,42,87,38,183,46,88,59,288,51,1*7C
$GLGSV,3,3,09,,,,41,1*74
$GLGSV,2,1,08,65,42,339,10,66,24,281,43,72,18,040,42,75,24,106,44,3*7B
$GLGSV,2,2,08,81,14,330,39,87,38,183,10,88,59,288,48,,,,41,3*4C
$GLGSV,1,1,01,76,06,160,,0*48
$GAGSV,2,1,07,03,53,021,51,05,07,046,45,07,12,240,34,08,58,270,51,2*70
$GAGSV,2,2,07,13,29,323,49,15,85,308,52,34,39,146,51,2*48
$GAGSV,2,1,08,03,53,021,46,05,07,046,33,07,12,240,36,08,58,270,47,7*78
$GAGSV,2,2,08,13,29,323,44,15,85,308,47,18,15,280,35,34,39,146,44,7*7E
$GAGSV,1,1,02,02,03,146,,25,01,099,,0*72
$GBGSV,2,1,08,08,33,081,41,09,62,118,47,13,47,066,45,20,50,334,49,1*71
$GBGSV,2,2,08,29,44,274,47,32,31,049,47,38,27,092,43,39,51,060,47,1*73
$GBGSV,2,1,05,06,60,087,48,08,33,081,46,09,62,118,49,13,47,066,48,B*06
$GBGSV,2,2,05,16,56,074,48,B*3B
$GBGSV,4,1,14,01,03,095,,02,58,140,,03,35,113,,05,62,201,,0*77
$GBGSV,4,2,14,10,04,162,,19,21,284,,23,16,060,,27,02,161,,0*70
$GBGSV,4,3,14,30,38,197,,35,05,320,,37,34,112,,59,08,095,,0*79
$GBGSV,4,4,14,60,60,149,,61,35,113,,0*7C
$GQGSV,1,1,02,04,20,074,37,07,19,104,33,1*6C
$GQGSV,1,1,02,04,20,074,34,07,19,104,45,6*69
$GQGSV,1,1,01,03,00,132,,0*56
$GNGLL,2454.23253,N,06708.26905,E,150553.00,A,D*76
$GNRMC,150554.00,A,2454.23253,N,06708.26905,E,0.008,,050525,,,R,V*0B
$GNVTG,,T,,M,0.008,N,0.015,K,D*34
$GNGGA,150554.00,2454.23253,N,06708.26905,E,4,12,0.60,22.0,M,-44.2,M,1.0,0292*78
$GNGSA,A,3,10,27,28,32,31,01,02,08,23,,,,1.24,0.60,1.08,1*0E
$GNGSA,A,3,87,81,74,88,75,65,66,72,,,,,1.24,0.60,1.08,2*0B
$GNGSA,A,3,07,08,03,15,,,,,,,,,1.24,0.60,1.08,3*03
$GNGSA,A,3,09,06,13,20,16,29,32,38,39,,,,1.24,0.60,1.08,4*0F
$GNGSA,A,3,04,07,,,,,,,,,,,1.24,0.60,1.08,5*0E
$GPGSV,4,1,13,01,13,321,30,02,40,313,45,08,19,260,35,10,45,058,47,1*69
$GPGSV,4,2,13,23,14,095,37,25,05,092,36,27,19,221,39,28,63,143,47,1*6C
$GPGSV,4,3,13,31,41,180,46,32,54,014,49,36,34,246,42,40,59,208,47,1*60
$GPGSV,4,4,13,41,56,146,47,1*50
$GPGSV,3,1,09,01,13,321,29,08,19,260,37,10,45,058,47,23,14,095,39,6*6C
$GPGSV,3,2,09,25,05,092,36,27,19,221,40,28,63,143,48,31,41,180,44,6*64
$GPGSV,3,3,09,32,54,014,47,6*5C
$GPGSV,1,1,03,18,02,147,,26,02,177,,49,17,257,,0*53
$GLGSV,3,1,09,65,42,339,46,66,24,281,43,72,18,040,41,74,14,054,38,1*76
$GLGSV,3,2,09,75,24,106,47,81,14,330,42,87,38,183,46,88,59,288,51,1*7C
$GLGSV,3,3,09,,,,41,1*74
$GLGSV,2,1,08,65,42,339,09,66,24,281,43,72,18,040,42,75,24,106,44,3*73
$GLGSV,2,2,08,81,14,330,39,87,38,183,08,88,59,288,48,,,,41,3*45
$GLGSV,1,1,01,76,06,160,,0*48
$GAGSV,2,1,07,03,53,021,51,05,07,046,45,07,12,240,34,08,58,270,51,2*70
$GAGSV,2,2,07,13,29,323,49,15,85,308,53,34,39,146,51,2*49
$GAGSV,2,1,08,03,53,021,46,05,07,046,32,07,12,240,35,08,58,270,47,7*7A
$GAGSV,2,2,08,13,29,323,44,15,85,308,47,18,15,280,35,34,39,146,45,7*7F
$GAGSV,1,1,02,02,03,146,,25,01,099,,0*72
$GBGSV,2,1,08,08,33,081,41,09,62,118,47,13,47,066,45,20,50,334,49,1*71
$GBGSV,2,2,08,29,44,274,47,32,31,049,47,38,27,092,43,39,51,060,47,1*73
$GBGSV,2,1,05,06,60,087,48,08,33,081,46,09,62,118,49,13,47,066,48,B*06
$GBGSV,2,2,05,16,56,074,48,B*3B
$GBGSV,4,1,14,01,03,095,,02,58,140,,03,35,113,,05,62,201,,0*77
$GBGSV,4,2,14,10,04,162,,19,21,284,,23,16,060,,27,02,161,,0*70
$GBGSV,4,3,14,30,38,197,,35,05,320,,37,34,112,,59,08,095,,0*79
$GBGSV,4,4,14,60,60,149,,61,35,113,,0*7C
$GQGSV,1,1,02,04,20,074,37,07,19,104,33,1*6C
$GQGSV,1,1,02,04,20,074,34,07,19,104,45,6*69
$GQGSV,1,1,01,03,00,132,,0*56
$GNGLL,2454.23253,N,06708.26905,E,150554.00,A,D*71
$GNRMC,150555.00,A,2454.23253,N,06708.26905,E,0.001,,050525,,,R,V*03
$GNVTG,,T,,M,0.001,N,0.002,K,D*3B
$GNGGA,150555.00,2454.23253,N,06708.26905,E,4,12,0.60,22.0,M,-44.2,M,1.0,0292*79
$GNGSA,A,3,10,27,28,32,31,01,02,08,23,,,,1.24,0.60,1.08,1*0E
$GNGSA,A,3,87,81,74,88,75,65,66,72,,,,,1.24,0.60,1.08,2*0B
$GNGSA,A,3,07,08,03,15,,,,,,,,,1.24,0.60,1.08,3*03
$GNGSA,A,3,09,06,13,20,16,29,32,38,39,,,,1.24,0.60,1.08,4*0F
$GNGSA,A,3,04,07,,,,,,,,,,,1.24,0.60,1.08,5*0E
$GPGSV,4,1,13,01,13,321,30,02,40,313,45,08,19,260,35,10,45,058,47,1*69
$GPGSV,4,2,13,23,14,095,37,25,05,092,37,27,19,221,39,28,63,143,47,1*6D
$GPGSV,4,3,13,31,41,180,46,32,54,014,49,36,34,246,42,40,59,208,47,1*60
$GPGSV,4,4,13,41,56,146,47,1*50
$GPGSV,3,1,09,01,13,321,28,08,19,260,37,10,45,058,47,23,14,095,39,6*6D
$GPGSV,3,2,09,25,05,092,36,27,19,221,40,28,63,143,48,31,41,180,44,6*64
$GPGSV,3,3,09,32,54,014,46,6*5D
$GPGSV,1,1,03,18,02,147,,26,02,177,,49,17,257,,0*53
$GLGSV,3,1,09,65,42,339,46,66,24,281,43,72,18,040,41,74,14,054,38,1*76
$GLGSV,3,2,09,75,24,106,47,81,14,330,42,87,38,183,46,88,59,288,51,1*7C
$GLGSV,3,3,09,,,,41,1*74
$GLGSV,2,1,08,65,42,339,10,66,24,281,43,72,18,040,42,75,24,106,44,3*7B
$GLGSV,2,2,08,81,14,330,39,87,38,183,10,88,59,288,48,,,,41,3*4C
$GLGSV,1,1,01,76,06,160,,0*48
$GAGSV,2,1,07,03,53,021,51,05,07,046,45,07,12,240,34,08,58,270,51,2*70
$GAGSV,2,2,07,13,29,323,49,15,85,308,53,34,39,146,51,2*49
$GAGSV,2,1,08,03,53,021,46,05,07,046,32,07,12,240,36,08,58,270,47,7*79
$GAGSV,2,2,08,13,29,323,44,15,85,308,47,18,15,280,35,34,39,146,45,7*7F
$GAGSV,1,1,02,02,03,146,,25,01,099,,0*72
$GBGSV,2,1,08,08,33,081,41,09,62,118,47,13,47,066,45,20,50,334,49,1*71
$GBGSV,2,2,08,29,44,274,47,32,31,049,47,38,27,092,43,39,51,060,47,1*73
$GBGSV,2,1,05,06,60,087,48,08,33,081,46,09,62,118,49,13,47,066,48,B*06
$GBGSV,2,2,05,16,56,074,48,B*3B
$GBGSV,4,1,14,01,03,095,,02,58,140,,03,35,113,,05,62,201,,0*77
$GBGSV,4,2,14,10,04,162,,19,21,284,,23,16,060,,27,02,161,,0*70
$GBGSV,4,3,14,30,38,197,,35,05,320,,37,34,112,,59,08,095,,0*79
$GBGSV,4,4,14,60,60,149,,61,35,113,,0*7C
$GQGSV,1,1,02,04,20,074,37,07,19,104,33,1*6C
$GQGSV,1,1,02,04,20,074,34,07,19,104,45,6*69
$GQGSV,1,1,01,03,00,132,,0*56
$GNGLL,2454.23253,N,06708.26905,E,150555.00,A,D*70
$GNRMC,150556.00,A,2454.23253,N,06708.26905,E,0.002,,050525,,,R,V*03
$GNVTG,,T,,M,0.002,N,0.003,K,D*39
$GNGGA,150556.00,2454.23253,N,06708.26905,E,4,12,0.60,22.0,M,-44.2,M,1.0,0292*7A
$GNGSA,A,3,10,27,28,32,31,01,02,08,23,,,,1.24,0.60,1.08,1*0E
$GNGSA,A,3,87,81,74,88,75,65,66,72,,,,,1.24,0.60,1.08,2*0B
$GNGSA,A,3,07,08,03,15,,,,,,,,,1.24,0.60,1.08,3*03
$GNGSA,A,3,09,06,13,20,16,29,32,38,39,,,,1.24,0.60,1.08,4*0F
$GNGSA,A,3,04,07,,,,,,,,,,,1.24,0.60,1.08,5*0E
$GPGSV,4,1,13,01,13,321,30,02,40,313,45,08,19,260,35,10,45,058,47,1*69
$GPGSV,4,2,13,23,14,095,37,25,05,092,37,27,19,221,39,28,63,143,47,1*6D
$GPGSV,4,3,13,31,41,180,46,32,54,014,49,36,34,246,42,40,59,208,47,1*60
$GPGSV,4,4,13,41,56,146,47,1*50
$GPGSV,3,1,09,01,13,321,28,08,19,260,37,10,45,058,47,23,14,095,39,6*6D
$GPGSV,3,2,09,25,05,092,36,27,19,221,40,28,63,143,48,31,41,180,44,6*64
$GPGSV,3,3,09,32,54,014,47,6*5C
$GPGSV,1,1,03,18,02,147,,26,02,177,,49,17,257,,0*53
$GLGSV,3,1,09,65,42,339,46,66,24,281,43,72,18,040,41,74,14,054,38,1*76
$GLGSV,3,2,09,75,24,106,47,81,14,330,43,87,38,183,46,88,59,288,52,1*7E
$GLGSV,3,3,09,,,,41,1*74
$GLGSV,2,1,08,65,42,339,10,66,24,281,43,72,18,040,42,75,24,106,44,3*7B
$GLGSV,2,2,08,81,14,330,39,87,38,183,10,88,59,288,48,,,,41,3*4C
$GLGSV,1,1,01,76,06,160,,0*48
$GAGSV,2,1,07,03,53,021,51,05,07,046,45,07,12,240,34,08,58,270,50,2*71
$GAGSV,2,2,07,13,29,323,49,15,85,308,52,34,39,146,51,2*48
$GAGSV,2,1,08,03,53,021,46,05,07,046,32,07,12,240,36,08,58,270,47,7*79
$GAGSV,2,2,08,13,29,323,44,15,85,308,47,18,15,280,36,34,39,146,45,7*7C
$GAGSV,1,1,02,02,03,146,,25,01,099,,0*72
$GBGSV,2,1,08,08,33,081,41,09,62,118,47,13,47,066,45,20,50,334,49,1*71
$GBGSV,2,2,08,29,44,274,47,32,31,049,47,38,27,092,43,39,51,060,47,1*73
$GBGSV,2,1,05,06,60,087,48,08,33,081,45,09,62,118,49,13,47,066,48,B*05
$GBGSV,2,2,05,16,56,074,48,B*3B
$GBGSV,4,1,14,01,03,095,,02,58,140,,03,35,113,,05,62,201,,0*77
$GBGSV,4,2,14,10,04,162,,19,21,284,,23,16,060,,27,02,161,,0*70
$GBGSV,4,3,14,30,38,197,,35,05,320,,37,34,112,,59,08,095,,0*79
$GBGSV,4,4,14,60,60,149,,61,35,113,,0*7C
$GQGSV,1,1,02,04,20,074,37,07,19,104,33,1*6C
$GQGSV,1,1,02,04,20,074,34,07,19,104,45,6*69
$GQGSV,1,1,01,03,00,132,,0*56
$GNGLL,2454.23253,N,06708.26905,E,150556.00,A,D*73
$GNRMC,150557.00,A,2454.23253,N,06708.26905,E,0.006,,050525,,,R,V*06
$GNVTG,,T,,M,0.006,N,0.012,K,D*3D
$GNGGA,150557.00,2454.23253,N,06708.26905,E,4,12,0.60,22.0,M,-44.2,M,1.0,0292*7B
$GNGSA,A,3,10,27,28,32,31,01,02,08,23,,,,1.24,0.60,1.08,1*0E
$GNGSA,A,3,87,81,74,88,75,65,66,72,,,,,1.24,0.60,1.08,2*0B
$GNGSA,A,3,07,08,03,15,,,,,,,,,1.24,0.60,1.08,3*03
$GNGSA,A,3,09,06,13,20,16,29,32,38,39,,,,1.24,0.60,1.08,4*0F
$GNGSA,A,3,04,07,,,,,,,,,,,1.24,0.60,1.08,5*0E
$GPGSV,4,1,13,01,13,321,30,02,40,313,45,08,19,260,35,10,45,058,47,1*69
$GPGSV,4,2,13,23,14,095,37,25,05,092,37,27,19,221,39,28,63,143,47,1*6D
$GPGSV,4,3,13,31,41,180,46,32,54,014,49,36,34,246,42,40,59,208,47,1*60
$GPGSV,4,4,13,41,56,146,46,1*51
$GPGSV,3,1,09,01,13,321,28,08,19,260,37,10,45,058,47,23,14,095,38,6*6C
$GPGSV,3,2,09,25,05,092,36,27,19,221,40,28,63,143,48,31,41,180,45,6*65
$GPGSV,3,3,09,32,54,014,47,6*5C
$GPGSV,1,1,03,18,02,147,,26,02,177,,49,17,257,,0*53
$GLGSV,3,1,09,65,42,339,46,66,24,281,43,72,18,040,41,74,14,054,38,1*76
$GLGSV,3,2,09,75,24,106,47,81,14,330,43,87,38,183,46,88,59,288,51,1*7D
$GLGSV,3,3,09,,,,41,1*74
$GLGSV,2,1,08,65,42,339,08,66,24,281,43,72,18,040,42,75,24,106,44,3*72
$GLGSV,2,2,08,81,14,330,39,87,38,183,08,88,59,288,48,,,,41,3*45
$GLGSV,1,1,01,76,06,160,,0*48
$GAGSV,2,1,07,03,53,021,51,05,07,046,45,07,12,240,33,08,58,270,50,2*76
$GAGSV,2,2,07,13,29,323,49,15,85,308,53,34,39,146,51,2*49
$GAGSV,2,1,08,03,53,021,46,05,07,046,32,07,12,240,36,08,58,270,47,7*79
$GAGSV,2,2,08,13,29,323,44,15,85,308,47,18,15,280,36,34,39,146,45,7*7C
$GAGSV,1,1,02,02,03,146,,25,01,099,,0*72
$GBGSV,2,1,08,08,33,081,41,09,62,118,47,13,47,066,45,20,50,334,49,1*71
$GBGSV,2,2,08,29,44,274,47,32,31,049,47,38,27,092,43,39,51,060,47,1*73
$GBGSV,2,1,05,06,60,087,48,08,33,081,45,09,62,118,49,13,47,066,48,B*05
$GBGSV,2,2,05,16,56,074,48,B*3B
$GBGSV,4,1,14,01,03,095,,02,58,140,,03,35,113,,05,62,201,,0*77
$GBGSV,4,2,14,10,04,162,,19,21,284,,23,16,060,,27,02,161,,0*70
$GBGSV,4,3,14,30,38,197,,35,05,320,,37,34,112,,59,08,095,,0*79
$GBGSV,4,4,14,60,60,149,,61,35,113,,0*7C
$GQGSV,1,1,02,04,20,074,37,07,19,104,33,1*6C
$GQGSV,1,1,02,04,20,074,34,07,19,104,45,6*69
$GQGSV,1,1,01,03,00,132,,0*56
$GNGLL,2454.23253,N,06708.26905,E,150557.00,A,D*72
$GNRMC,150558.00,A,2454.23253,N,06708.26905,E,0.007,,050525,,,R,V*08
$GNVTG,,T,,M,0.007,N,0.012,K,D*3C
$GNGGA,150558.00,2454.23253,N,06708.26905,E,4,12,0.60,22.0,M,-44.2,M,1.0,0292*74
$GNGSA,A,3,10,27,28,32,31,01,02,08,23,,,,1.24,0.60,1.08,1*0E
$GNGSA,A,3,87,81,74,88,75,65,66,72,,,,,1.24,0.60,1.08,2*0B
$GNGSA,A,3,07,08,03,15,,,,,,,,,1.24,0.60,1.08,3*03
$GNGSA,A,3,09,06,13,20,16,29,32,38,39,,,,1.24,0.60,1.08,4*0F
$GNGSA,A,3,04,07,,,,,,,,,,,1.24,0.60,1.08,5*0E
$GPGSV,4,1,13,01,13,321,30,02,40,313,45,08,19,260,35,10,45,058,47,1*69
$GPGSV,4,2,13,23,14,095,37,25,05,092,37,27,19,221,39,28,63,143,47,1*6D
$GPGSV,4,3,13,31,41,180,46,32,54,014,49,36,34,246,42,40,59,208,47,1*60
$GPGSV,4,4,13,41,56,146,46,1*51
$GPGSV,3,1,09,01,13,321,28,08,19,260,37,10,45,058,47,23,14,095,38,6*6C
$GPGSV,3,2,09,25,05,092,36,27,19,221,40,28,63,143,48,31,41,180,45,6*65
$GPGSV,3,3,09,32,54,014,46,6*5D
$GPGSV,1,1,03,18,02,147,,26,02,177,,49,17,257,,0*53
$GLGSV,3,1,09,65,42,339,46,66,24,281,43,72,18,040,41,74,14,054,38,1*76
$GLGSV,3,2,09,75,24,106,47,81,14,330,43,87,38,183,46,88,59,288,51,1*7D
$GLGSV,3,3,09,,,,41,1*74
$GLGSV,2,1,08,65,42,339,10,66,24,281,43,72,18,040,42,75,24,106,44,3*7B
$GLGSV,2,2,08,81,14,330,39,87,38,183,09,88,59,288,48,,,,40,3*45
$GLGSV,1,1,01,76,06,160,,0*48
$GAGSV,2,1,07,03,53,021,51,05,07,046,45,07,12,240,33,08,58,270,51,2*77
$GAGSV,2,2,07,13,29,323,49,15,85,308,53,34,39,146,51,2*49
$GAGSV,2,1,08,03,53,021,46,05,07,046,32,07,12,240,36,08,58,270,47,7*79
$GAGSV,2,2,08,13,29,323,44,15,85,308,47,18,15,280,36,34,39,146,45,7*7C
$GAGSV,1,1,02,02,03,146,,25,01,099,,0*72
$GBGSV,2,1,08,08,33,081,41,09,62,118,47,13,47,066,45,20,50,334,49,1*71
$GBGSV,2,2,08,29,44,274,47,32,31,049,47,38,27,092,43,39,51,060,47,1*73
$GBGSV,2,1,05,06,60,087,48,08,33,081,46,09,62,118,49,13,47,066,48,B*06
$GBGSV,2,2,05,16,56,074,48,B*3B
$GBGSV,4,1,14,01,03,095,,02,58,140,,03,35,113,,05,62,201,,0*77
$GBGSV,4,2,14,10,04,162,,19,21,284,,23,16,060,,27,02,161,,0*70
$GBGSV,4,3,14,30,38,197,,35,05,320,,37,34,112,,59,08,095,,0*79
$GBGSV,4,4,14,60,60,149,,61,35,113,,0*7C
$GQGSV,1,1,02,04,20,074,37,07,19,104,33,1*6C
$GQGSV,1,1,02,04,20,074,34,07,19,104,45,6*69
$GQGSV,1,1,01,03,00,132,,0*56
$GNGLL,2454.23253,N,06708.26905,E,150558.00,A,D*7D
$GNRMC,150559.00,A,2454.23253,N,06708.26905,E,0.011,,050525,,,R,V*0E
$GNVTG,,T,,M,0.011,N,0.021,K,D*3B
$GNGGA,150559.00,2454.23253,N,06708.26905,E,4,12,0.60,22.0,M,-44.2,M,1.0,0292*75
$GNGSA,A,3,10,27,28,32,31,01,02,08,23,,,,1.24,0.60,1.08,1*0E
$GNGSA,A,3,87,81,74,88,75,65,66,72,,,,,1.24,0.60,1.08,2*0B
$GNGSA,A,3,07,08,03,15,,,,,,,,,1.24,0.60,1.08,3*03
$GNGSA,A,3,09,06,13,20,16,29,32,38,39,,,,1.24,0.60,1.08,4*0F
$GNGSA,A,3,04,07,,,,,,,,,,,1.24,0.60,1.08,5*0E
$GPGSV,4,1,13,01,13,321,30,02,40,313,45,08,19,260,35,10,45,058,47,1*69
$GPGSV,4,2,13,23,14,095,37,25,05,092,37,27,19,221,39,28,63,143,47,1*6D
$GPGSV,4,3,13,31,41,180,46,32,54,014,49,36,34,246,42,40,59,208,47,1*60
$GPGSV,4,4,13,41,56,146,47,1*50
$GPGSV,3,1,09,01,13,321,28,08,19,260,37,10,45,058,47,23,14,095,39,6*6D
$GPGSV,3,2,09,25,05,092,36,27,19,221,40,28,63,143,48,31,41,180,45,6*65
$GPGSV,3,3,09,32,54,014,47,6*5C
$GPGSV,1,1,03,18,02,147,,26,02,177,,49,17,257,,0*53
$GLGSV,3,1,09,65,42,339,46,66,24,281,43,72,18,040,41,74,14,054,38,1*76
$GLGSV,3,2,09,75,24,106,47,81,14,330,43,87,38,183,46,88,59,288,52,1*7E
$GLGSV,3,3,09,,,,41,1*74
$GLGSV,2,1,08,65,42,339,09,66,24,281,43,72,18,040,42,75,24,106,44,3*73
$GLGSV,2,2,08,81,14,330,39,87,38,183,08,88,59,288,48,,,,40,3*44
$GLGSV,1,1,01,76,06,160,,0*48
$GAGSV,2,1,07,03,53,021,51,05,07,046,45,07,12,240,34,08,58,270,51,2*70
$GAGSV,2,2,07,13,29,323,49,15,85,308,53,34,39,146,51,2*49
$GAGSV,2,1,08,03,53,021,46,05,07,046,32,07,12,240,36,08,58,270,47,7*79
$GAGSV,2,2,08,13,29,323,44,15,85,308,47,18,15,280,36,34,39,146,45,7*7C
$GAGSV,1,1,02,02,03,146,,25,01,099,,0*72
$GBGSV,2,1,08,08,33,081,41,09,62,118,47,13,47,066,45,20,50,334,49,1*71
$GBGSV,2,2,08,29,44,274,47,32,31,049,47,38,27,092,43,39,51,060,47,1*73
$GBGSV,2,1,05,06,60,087,48,08,33,081,46,09,62,118,49,13,47,066,48,B*06
$GBGSV,2,2,05,16,56,074,48,B*3B
$GBGSV,4,1,14,01,03,095,,02,58,140,,03,35,113,,05,62,201,,0*77
$GBGSV,4,2,14,10,04,162,,19,21,284,,23,16,060,,27,02,161,,0*70
$GBGSV,4,3,14,30,38,197,,35,05,320,,37,34,112,,59,08,095,,0*79
$GBGSV,4,4,14,60,60,149,,61,35,113,,0*7C
$GQGSV,1,1,02,04,20,074,37,07,19,104,33,1*6C
$GQGSV,1,1,02,04,20,074,35,07,19,104,45,6*68
$GQGSV,1,1,01,03,00,132,,0*56
$GNGLL,2454.23253,N,06708.26905,E,150559.00,A,D*7C
$GNRMC,150600.00,A,2454.23253,N,06708.26905,E,0.003,,050525,,,R,V*02
$GNVTG,,T,,M,0.003,N,0.005,K,D*3E
$GNGGA,150600.00,2454.23253,N,06708.26905,E,4,12,0.60,22.0,M,-44.2,M,1.0,0292*7A
$GNGSA,A,3,10,27,28,32,31,01,02,08,23,,,,1.24,0.60,1.08,1*0E
$GNGSA,A,3,87,81,74,88,75,65,66,72,,,,,1.24,0.60,1.08,2*0B
$GNGSA,A,3,07,08,03,15,,,,,,,,,1.24,0.60,1.08,3*03
$GNGSA,A,3,09,06,13,20,16,29,32,38,39,,,,1.24,0.60,1.08,4*0F
$GNGSA,A,3,04,07,,,,,,,,,,,1.24,0.60,1.08,5*0E
$GPGSV,4,1,13,01,13,321,30,02,40,313,45,08,19,260,35,10,45,058,47,1*69
$GPGSV,4,2,13,23,14,095,37,25,05,092,38,27,19,221,39,28,63,143,47,1*62
$GPGSV,4,3,13,31,41,180,46,32,54,014,49,36,34,246,42,40,59,208,47,1*60
$GPGSV,4,4,13,41,56,146,47,1*50
$GPGSV,3,1,09,01,13,321,28,08,19,260,37,10,45,058,47,23,14,095,39,6*6D
$GPGSV,3,2,09,25,05,092,36,27,19,221,40,28,63,143,48,31,41,180,45,6*65
$GPGSV,3,3,09,32,54,014,47,6*5C
$GPGSV,1,1,03,18,02,147,,26,02,177,,49,17,257,,0*53
$GLGSV,3,1,09,65,42,339,46,66,24,281,43,72,18,040,41,74,14,054,38,1*76
$GLGSV,3,2,09,75,24,106,47,81,14,330,43,87,38,183,46,88,59,288,52,1*7E
$GLGSV,3,3,09,,,,41,1*74
$GLGSV,2,1,08,65,42,339,10,66,24,281,43,72,18,040,42,75,24,106,44,3*7B
$GLGSV,2,2,08,81,14,330,39,87,38,183,08,88,59,288,48,,,,40,3*44
$GLGSV,1,1,01,76,06,160,,0*48
$GAGSV,2,1,07,03,53,021,51,05,07,046,45,07,12,240,33,08,58,270,51,2*77
$GAGSV,2,2,07,13,29,323,49,15,85,308,53,34,39,146,51,2*49
$GAGSV,2,1,08,03,53,021,46,05,07,046,32,07,12,240,36,08,58,270,47,7*79
$GAGSV,2,2,08,13,29,323,44,15,85,308,47,18,15,280,36,34,39,146,45,7*7C
$GAGSV,1,1,02,02,03,146,,25,01,099,,0*72
$GBGSV,2,1,08,08,33,081,41,09,62,118,47,13,47,066,45,20,50,334,49,1*71
$GBGSV,2,2,08,29,44,274,47,32,31,049,47,38,27,092,43,39,51,060,47,1*73
$GBGSV,2,1,06,06,60,087,48,08,33,081,46,09,62,118,49,13,47,066,48,B*05
$GBGSV,2,2,06,16,56,074,48,29,44,274,15,B*06
$GBGSV,4,1,14,01,03,095,,02,58,140,,03,35,113,,05,62,201,,0*77
$GBGSV,4,2,14,10,04,162,,19,21,284,,23,16,060,,27,02,161,,0*70
$GBGSV,4,3,14,30,38,197,,35,05,320,,37,34,112,,59,08,095,,0*79
$GBGSV,4,4,14,60,60,149,,61,35,113,,0*7C
$GQGSV,1,1,02,04,20,074,37,07,19,104,33,1*6C
$GQGSV,1,1,02,04,20,074,35,07,19,104,45,6*68
$GQGSV,1,1,01,03,00,132,,0*56
$GNGLL,2454.23253,N,06708.26905,E,150600.00,A,D*73
$GNRMC,150601.00,A,2454.23253,N,06708.26905,E,0.004,,050525,,,R,V*04
$GNVTG,,T,,M,0.004,N,0.007,K,D*3B
$GNGGA,150601.00,2454.23253,N,06708.26905,E,4,12,0.60,22.1,M,-44.2,M,1.0,0292*7A
$GNGSA,A,3,10,27,28,32,31,01,02,08,23,,,,1.24,0.60,1.08,1*0E
$GNGSA,A,3,87,81,74,88,75,65,66,72,,,,,1.24,0.60,1.08,2*0B
$GNGSA,A,3,07,08,03,15,,,,,,,,,1.24,0.60,1.08,3*03
$GNGSA,A,3,09,06,13,20,16,29,32,38,39,,,,1.24,0.60,1.08,4*0F
$GNGSA,A,3,04,07,,,,,,,,,,,1.24,0.60,1.08,5*0E
$GPGSV,4,1,13,01,13,321,30,02,40,313,45,08,19,260,35,10,45,058,47,1*69
$GPGSV,4,2,13,23,14,095,37,25,05,092,38,27,19,221,39,28,63,143,47,1*62
$GPGSV,4,3,13,31,41,180,46,32,54,014,49,36,34,246,42,40,59,208,47,1*60
$GPGSV,4,4,13,41,56,146,47,1*50
$GPGSV,3,1,09,01,13,321,27,08,19,260,37,10,45,058,47,23,14,095,39,6*62
$GPGSV,3,2,09,25,05,092,36,27,19,221,40,28,63,143,48,31,41,180,45,6*65
$GPGSV,3,3,09,32,54,014,47,6*5C
$GPGSV,1,1,03,18,02,147,,26,02,177,,49,17,257,,0*53
$GLGSV,3,1,09,65,42,339,46,66,24,281,43,72,18,040,41,74,14,054,37,1*79
$GLGSV,3,2,09,75,24,106,47,81,14,330,43,87,38,183,46,88,59,288,51,1*7D
$GLGSV,3,3,09,,,,41,1*74
$GLGSV,2,1,08,65,42,339,10,66,24,281,44,72,18,040,42,75,24,106,44,3*7C
$GLGSV,2,2,08,81,14,330,39,87,38,183,08,88,59,288,48,,,,40,3*44
$GLGSV,1,1,01,76,06,160,,0*48
$GAGSV,2,1,07,03,53,021,51,05,07,046,45,07,12,240,33,08,58,270,51,2*77
$GAGSV,2,2,07,13,29,323,49,15,85,308,53,34,39,146,51,2*49
$GAGSV,2,1,08,03,53,021,46,05,07,046,32,07,12,240,36,08,58,270,47,7*79
$GAGSV,2,2,08,13,29,323,44,15,85,308,47,18,15,280,35,34,39,146,45,7*7F
$GAGSV,1,1,02,02,03,146,,25,01,099,,0*72
$GBGSV,2,1,08,08,33,081,41,09,62,118,47,13,47,066,45,20,50,334,49,1*71
$GBGSV,2,2,08,29,44,274,47,32,31,049,47,38,27,092,43,39,51,060,47,1*73
$GBGSV,2,1,06,06,60,087,48,08,33,081,46,09,62,118,49,13,47,066,48,B*05
$GBGSV,2,2,06,16,56,074,48,29,44,274,12,B*01
$GBGSV,4,1,14,01,03,095,,02,58,140,,03,35,113,,05,62,201,,0*77
$GBGSV,4,2,14,10,04,162,,19,21,284,,23,16,060,,27,02,161,,0*70
$GBGSV,4,3,14,30,38,197,,35,05,320,,37,34,112,,59,08,095,,0*79
$GBGSV,4,4,14,60,60,149,,61,35,113,,0*7C
$GQGSV,1,1,02,04,20,074,37,07,19,104,33,1*6C
$GQGSV,1,1,02,04,20,074,35,07,19,104,45,6*68
$GQGSV,1,1,01,03,00,132,,0*56
$GNGLL,2454.23253,N,06708.26905,E,150601.00,A,D*72
$GNRMC,150602.00,A,2454.23253,N,06708.26905,E,0.001,,050525,,,R,V*02
$GNVTG,,T,,M,0.001,N,0.002,K,D*3B
$GNGGA,150602.00,2454.23253,N,06708.26905,E,4,12,0.60,22.0,M,-44.2,M,1.0,0292*78
$GNGSA,A,3,10,27,28,32,31,01,02,08,23,,,,1.24,0.60,1.08,1*0E
$GNGSA,A,3,87,81,74,88,75,65,66,72,,,,,1.24,0.60,1.08,2*0B
$GNGSA,A,3,07,08,03,15,,,,,,,,,1.24,0.60,1.08,3*03
$GNGSA,A,3,09,06,13,20,16,29,32,38,39,,,,1.24,0.60,1.08,4*0F
$GNGSA,A,3,04,07,,,,,,,,,,,1.24,0.60,1.08,5*0E
$GPGSV,4,1,13,01,13,321,30,02,40,313,45,08,19,260,35,10,45,058,47,1*69
$GPGSV,4,2,13,23,14,095,37,25,05,092,38,27,19,221,39,28,63,143,47,1*62
$GPGSV,4,3,13,31,41,180,46,32,54,014,49,36,34,246,42,40,59,208,47,1*60
$GPGSV,4,4,13,41,56,146,47,1*50
$GPGSV,3,1,09,01,13,321,28,08,19,260,37,10,45,058,47,23,14,095,38,6*6C
$GPGSV,3,2,09,25,05,092,36,27,19,221,40,28,63,143,48,31,41,180,44,6*64
$GPGSV,3,3,09,32,54,014,47,6*5C
$GPGSV,1,1,03,18,02,147,,26,02,177,,49,17,257,,0*53
$GLGSV,3,1,09,65,42,339,46,66,24,281,43,72,18,040,41,74,14,054,37,1*79
$GLGSV,3,2,09,75,24,106,47,81,14,330,43,87,38,183,46,88,59,288,51,1*7D
$GLGSV,3,3,09,,,,41,1*74
$GLGSV,2,1,08,65,42,339,10,66,24,281,43,72,18,040,42,75,24,106,44,3*7B
$GLGSV,2,2,08,81,14,330,39,87,38,183,08,88,59,288,48,,,,40,3*44
$GLGSV,1,1,01,76,06,160,,0*48
$GAGSV,2,1,07,03,53,021,51,05,07,046,45,07,12,240,33,08,58,270,51,2*77
$GAGSV,2,2,07,13,29,323,49,15,85,308,53,34,39,146,51,2*49
$GAGSV,2,1,08,03,53,021,46,05,07,046,32,07,12,240,36,08,58,270,47,7*79
$GAGSV,2,2,08,13,29,323,44,15,85,308,47,18,15,280,35,34,39,146,45,7*7F
$GAGSV,1,1,02,02,03,146,,25,01,099,,0*72
$GBGSV,2,1,08,08,33,081,41,09,62,118,47,13,47,066,45,20,50,334,49,1*71
$GBGSV,2,2,08,29,44,274,47,32,31,049,47,38,27,092,43,39,51,060,47,1*73
$GBGSV,2,1,06,06,60,087,48,08,33,081,46,09,62,118,49,13,47,066,48,B*05
$GBGSV,2,2,06,16,56,074,48,29,44,274,10,B*03
$GBGSV,4,1,14,01,03,095,,02,58,140,,03,35,113,,05,62,201,,0*77
$GBGSV,4,2,14,10,04,162,,19,21,284,,23,16,060,,27,02,161,,0*70
$GBGSV,4,3,14,30,38,197,,35,05,320,,37,34,112,,59,08,095,,0*79
$GBGSV,4,4,14,60,60,149,,61,35,113,,0*7C
$GQGSV,1,1,02,04,20,074,37,07,19,104,33,1*6C
$GQGSV,1,1,02,04,20,074,35,07,19,104,45,6*68
$GQGSV,1,1,01,03,00,132,,0*56
$GNGLL,2454.23253,N,06708.26905,E,150602.00,A,D*71
$GNRMC,150603.00,A,2454.23253,N,06708.26905,E,0.004,,050525,,,R,V*06
$GNVTG,,T,,M,0.004,N,0.008,K,D*34
$GNGGA,150603.00,2454.23253,N,06708.26905,E,4,12,0.60,22.0,M,-44.2,M,1.0,0292*79
$GNGSA,A,3,10,27,28,32,31,01,02,08,23,,,,1.24,0.60,1.08,1*0E
$GNGSA,A,3,87,81,74,88,75,65,66,72,,,,,1.24,0.60,1.08,2*0B
$GNGSA,A,3,07,08,03,15,,,,,,,,,1.24,0.60,1.08,3*03
$GNGSA,A,3,09,06,13,20,16,29,32,38,39,,,,1.24,0.60,1.08,4*0F
$GNGSA,A,3,04,07,,,,,,,,,,,1.24,0.60,1.08,5*0E
$GPGSV,4,1,13,01,13,321,30,02,40,313,45,08,19,260,35,10,45,058,47,1*69
$GPGSV,4,2,13,23,14,095,37,25,05,092,38,27,19,221,39,28,63,143,47,1*62
$GPGSV,4,3,13,31,41,180,46,32,54,014,49,36,34,246,42,40,59,208,47,1*60
$GPGSV,4,4,13,41,56,146,46,1*51
$GPGSV,3,1,09,01,13,321,28,08,19,260,37,10,45,058,47,23,14,095,38,6*6C
$GPGSV,3,2,09,25,05,092,36,27,19,221,40,28,63,143,48,31,41,180,45,6*65
$GPGSV,3,3,09,32,54,014,47,6*5C
$GPGSV,1,1,03,18,02,147,,26,02,177,,49,17,257,,0*53
$GLGSV,3,1,09,65,42,339,46,66,24,281,43,72,18,040,41,74,14,054,37,1*79
$GLGSV,3,2,09,75,24,106,47,81,14,330,43,87,38,183,46,88,59,288,51,1*7D
$GLGSV,3,3,09,,,,41,1*74
$GLGSV,2,1,08,65,42,339,09,66,24,281,43,72,18,040,42,75,24,106,44,3*73
$GLGSV,2,2,08,81,14,330,39,87,38,183,03,88,59,288,48,,,,40,3*4F
$GLGSV,1,1,01,76,06,160,,0*48
$GAGSV,2,1,07,03,53,021,51,05,07,046,45,07,12,240,33,08,58,270,51,2*77
$GAGSV,2,2,07,13,29,323,49,15,85,308,53,34,39,146,51,2*49
$GAGSV,2,1,08,03,53,021,46,05,07,046,32,07,12,240,35,08,58,270,47,7*7A
$GAGSV,2,2,08,13,29,323,44,15,85,308,47,18,15,280,36,34,39,146,44,7*7D
$GAGSV,1,1,02,02,03,146,,25,01,099,,0*72
$GBGSV,2,1,08,08,33,081,41,09,62,118,47,13,47,066,45,20,50,334,49,1*71
$GBGSV,2,2,08,29,44,274,47,32,31,049,47,38,27,092,43,39,51,060,47,1*73
$GBGSV,2,1,06,06,60,087,48,08,33,081,45,09,62,118,49,13,47,066,48,B*06
$GBGSV,2,2,06,16,56,074,48,29,44,274,08,B*0A
$GBGSV,4,1,14,01,03,095,,02,58,140,,03,35,113,,05,62,201,,0*77
$GBGSV,4,2,14,10,04,162,,19,21,284,,23,16,060,,27,02,161,,0*70
$GBGSV,4,3,14,30,38,197,,35,05,320,,37,34,112,,59,08,095,,0*79
$GBGSV,4,4,14,60,60,149,,61,35,113,,0*7C
$GQGSV,1,1,02,04,20,074,37,07,19,104,33,1*6C
$GQGSV,1,1,02,04,20,074,35,07,19,104,45,6*68
$GQGSV,1,1,01,03,00,132,,0*56
$GNGLL,2454.23253,N,06708.26905,E,150603.00,A,D*70
$GNRMC,150604.00,A,2454.23253,N,06708.26905,E,0.001,,050525,,,R,V*04
$GNVTG,,T,,M,0.001,N,0.002,K,D*3B
$GNGGA,150604.00,2454.23253,N,06708.26905,E,4,12,0.60,22.0,M,-44.2,M,1.0,0292*7E
$GNGSA,A,3,10,27,28,32,31,01,02,08,23,,,,1.24,0.60,1.08,1*0E
$GNGSA,A,3,87,81,74,88,75,65,66,72,,,,,1.24,0.60,1.08,2*0B
$GNGSA,A,3,07,08,03,15,,,,,,,,,1.24,0.60,1.08,3*03
$GNGSA,A,3,09,06,13,20,16,29,32,38,39,,,,1.24,0.60,1.08,4*0F
$GNGSA,A,3,04,07,,,,,,,,,,,1.24,0.60,1.08,5*0E
$GPGSV,4,1,13,01,13,321,30,02,40,313,44,08,19,260,36,10,45,058,47,1*6B
$GPGSV,4,2,13,23,14,095,37,25,05,092,38,27,19,221,39,28,63,143,47,1*62
$GPGSV,4,3,13,31,41,180,46,32,54,014,49,36,34,246,42,40,59,208,47,1*60
$GPGSV,4,4,13,41,56,146,46,1*51
$GPGSV,3,1,09,01,13,321,28,08,19,260,37,10,45,058,47,23,14,095,38,6*6C
$GPGSV,3,2,09,25,05,092,36,27,19,221,40,28,63,143,48,31,41,180,45,6*65
$GPGSV,3,3,09,32,54,014,47,6*5C
$GPGSV,1,1,03,18,02,147,,26,02,177,,49,17,257,,0*53
$GLGSV,3,1,09,65,42,339,46,66,24,281,43,72,18,040,41,74,14,054,37,1*79
$GLGSV,3,2,09,75,24,106,47,81,14,330,43,87,38,183,46,88,59,288,51,1*7D
$GLGSV,3,3,09,,,,41,1*74
$GLGSV,2,1,08,65,42,339,09,66,24,281,43,72,18,040,42,75,24,106,44,3*73
$GLGSV,2,2,08,81,14,330,39,87,38,183,06,88,59,288,48,,,,40,3*4A
$GLGSV,1,1,01,76,06,160,,0*48
$GAGSV,2,1,07,03,53,021,51,05,07,046,45,07,12,240,33,08,58,270,51,2*77
$GAGSV,2,2,07,13,29,323,49,15,85,308,53,34,39,146,51,2*49
$GAGSV,2,1,08,03,53,021,46,05,07,046,32,07,12,240,35,08,58,270,47,7*7A
$GAGSV,2,2,08,13,29,323,44,15,85,308,47,18,15,280,36,34,39,146,44,7*7D
$GAGSV,1,1,02,02,03,146,,25,01,099,,0*72
$GBGSV,2,1,08,08,33,081,41,09,62,118,47,13,47,066,45,20,50,334,49,1*71
$GBGSV,2,2,08,29,44,274,47,32,31,049,48,38,27,092,43,39,51,060,47,1*7C
$GBGSV,2,1,06,06,60,087,48,08,33,081,46,09,62,118,49,13,47,066,48,B*05
$GBGSV,2,2,06,16,56,074,48,29,44,274,07,B*05
$GBGSV,4,1,14,01,03,095,,02,58,140,,03,35,113,,05,62,201,,0*77
$GBGSV,4,2,14,10,04,162,,19,21,284,,23,16,060,,27,02,161,,0*70
$GBGSV,4,3,14,30,38,197,,35,05,320,,37,34,112,,59,08,095,,0*79
$GBGSV,4,4,14,60,60,149,,61,35,113,,0*7C
$GQGSV,1,1,02,04,20,074,37,07,19,104,32,1*6D
$GQGSV,1,1,02,04,20,074,35,07,19,104,45,6*68
$GQGSV,1,1,01,03,00,132,,0*56
$GNGLL,2454.23253,N,06708.26905,E,150604.00,A,D*77
$GNRMC,150605.00,A,2454.23253,N,06708.26905,E,0.004,,050525,,,R,V*00
$GNVTG,,T,,M,0.004,N,0.007,K,D*3B
$GNGGA,150605.00,2454.23253,N,06708.26905,E,4,12,0.60,22.1,M,-44.2,M,1.0,0292*7E
$GNGSA,A,3,10,27,28,32,31,01,02,08,23,,,,1.24,0.60,1.08,1*0E
$GNGSA,A,3,87,81,74,88,75,65,66,72,,,,,1.24,0.60,1.08,2*0B
$GNGSA,A,3,07,08,03,15,,,,,,,,,1.24,0.60,1.08,3*03
$GNGSA,A,3,09,06,13,20,16,29,32,38,39,,,,1.24,0.60,1.08,4*0F
$GNGSA,A,3,04,07,,,,,,,,,,,1.24,0.60,1.08,5*0E
$GPGSV,4,1,13,01,13,321,30,02,40,313,44,08,19,260,36,10,45,058,47,1*6B
$GPGSV,4,2,13,23,14,095,37,25,05,092,38,27,19,221,39,28,63,143,47,1*62
$GPGSV,4,3,13,31,41,180,46,32,54,014,49,36,34,246,42,40,59,208,47,1*60
$GPGSV,4,4,13,41,56,146,46,1*51
$GPGSV,3,1,09,01,13,321,28,08,19,260,37,10,45,058,47,23,14,095,38,6*6C
$GPGSV,3,2,09,25,05,092,36,27,19,221,40,28,63,143,48,31,41,180,44,6*64
$GPGSV,3,3,09,32,54,014,47,6*5C
$GPGSV,1,1,03,18,02,147,,26,02,177,,49,17,257,,0*53
$GLGSV,3,1,09,65,42,339,46,66,24,281,43,72,18,040,41,74,14,054,37,1*79
$GLGSV,3,2,09,75,24,106,47,81,14,330,43,87,38,183,46,88,59,288,51,1*7D
$GLGSV,3,3,09,,,,41,1*74
$GLGSV,2,1,08,65,42,339,09,66,24,281,43,72,18,040,42,75,24,106,44,3*73
$GLGSV,2,2,08,81,14,330,39,87,38,183,08,88,59,288,48,,,,40,3*44
$GLGSV,1,1,01,76,06,160,,0*48
$GAGSV,2,1,07,03,53,021,51,05,07,046,46,07,12,240,33,08,58,270,51,2*74
$GAGSV,2,2,07,13,29,323,49,15,85,308,53,34,39,146,51,2*49
$GAGSV,2,1,08,03,53,021,46,05,07,046,32,07,12,240,36,08,58,270,47,7*79
$GAGSV,2,2,08,13,29,323,44,15,85,308,47,18,15,280,36,34,39,146,45,7*7C
$GAGSV,1,1,02,02,03,146,,25,01,099,,0*72
$GBGSV,2,1,08,08,33,081,41,09,62,118,47,13,47,066,45,20,50,334,49,1*71
$GBGSV,2,2,08,29,44,274,47,32,31,049,47,38,27,092,43,39,51,060,47,1*73
$GBGSV,2,1,06,06,60,087,48,08,33,081,46,09,62,118,49,13,47,066,48,B*05
$GBGSV,2,2,06,16,56,074,48,29,44,274,07,B*05
$GBGSV,4,1,14,01,03,095,,02,58,140,,03,35,113,,05,62,201,,0*77
$GBGSV,4,2,14,10,04,162,,19,21,284,,23,16,060,,27,02,161,,0*70
$GBGSV,4,3,14,30,38,197,,35,05,320,,37,34,112,,59,08,095,,0*79
$GBGSV,4,4,14,60,60,149,,61,35,113,,0*7C
$GQGSV,1,1,02,04,20,074,37,07,19,104,33,1*6C
$GQGSV,1,1,02,04,20,074,35,07,19,104,45,6*68
$GQGSV,1,1,01,03,00,132,,0*56
$GNGLL,2454.23253,N,06708.26905,E,150605.00,A,D*76
$GNRMC,150606.00,A,2454.23253,N,06708.26905,E,0.008,,050525,,,R,V*0F
$GNVTG,,T,,M,0.008,N,0.015,K,D*34
$GNGGA,150606.00,2454.23253,N,06708.26905,E,4,12,0.60,22.0,M,-44.2,M,1.0,0292*7C
$GNGSA,A,3,10,27,28,32,31,01,02,08,23,,,,1.24,0.60,1.08,1*0E
$GNGSA,A,3,87,81,74,88,75,65,66,72,,,,,1.24,0.60,1.08,2*0B
$GNGSA,A,3,07,08,03,15,,,,,,,,,1.24,0.60,1.08,3*03
$GNGSA,A,3,09,06,13,20,16,29,32,38,39,,,,1.24,0.60,1.08,4*0F
$GNGSA,A,3,04,07,,,,,,,,,,,1.24,0.60,1.08,5*0E
$GPGSV,4,1,13,01,13,321,30,02,40,313,44,08,19,260,36,10,45,058,46,1*6A
$GPGSV,4,2,13,23,14,095,37,25,05,092,37,27,19,221,39,28,63,143,47,1*6D
$GPGSV,4,3,13,31,41,180,46,32,54,014,49,36,34,246,42,40,59,208,47,1*60
$GPGSV,4,4,13,41,56,146,47,1*50
$GPGSV,3,1,09,01,13,321,27,08,19,260,37,10,45,058,47,23,14,095,38,6*63
$GPGSV,3,2,09,25,05,092,36,27,19,221,40,28,63,143,48,31,41,180,45,6*65
$GPGSV,3,3,09,32,54,014,47,6*5C
$GPGSV,1,1,03,18,02,147,,26,02,177,,49,17,257,,0*53
$GLGSV,3,1,09,65,42,339,46,66,24,281,43,72,18,040,41,74,14,054,37,1*79
$GLGSV,3,2,09,75,24,106,47,81,14,330,43,87,38,183,46,88,59,288,51,1*7D
$GLGSV,3,3,09,,,,41,1*74
$GLGSV,2,1,08,65,42,339,09,66,24,281,43,72,18,040,42,75,24,106,44,3*73
$GLGSV,2,2,08,81,14,330,39,87,38,183,09,88,59,288,48,,,,40,3*45
$GLGSV,1,1,01,76,06,160,,0*48
$GAGSV,2,1,07,03,53,021,51,05,07,046,46,07,12,240,33,08,58,270,51,2*74
$GAGSV,2,2,07,13,29,323,49,15,85,308,53,34,39,146,51,2*49
$GAGSV,2,1,08,03,53,021,46,05,07,046,32,07,12,240,35,08,58,270,47,7*7A
$GAGSV,2,2,08,13,29,323,44,15,85,308,47,18,15,280,36,34,39,146,45,7*7C
$GAGSV,1,1,02,02,03,145,,25,01,099,,0*71
$GBGSV,2,1,08,08,33,081,41,09,62,118,47,13,47,066,45,20,50,334,49,1*71
$GBGSV,2,2,08,29,44,274,47,32,31,049,47,38,27,092,43,39,51,060,47,1*73
$GBGSV,2,1,06,06,60,087,48,08,33,081,45,09,62,118,49,13,47,066,48,B*06
$GBGSV,2,2,06,16,56,074,48,29,44,274,08,B*0A
$GBGSV,4,1,14,01,03,095,,02,58,140,,03,35,113,,05,62,201,,0*77
$GBGSV,4,2,14,10,04,162,,19,21,284,,23,16,060,,27,02,161,,0*70
$GBGSV,4,3,14,30,38,197,,35,05,320,,37,34,112,,59,08,095,,0*79
$GBGSV,4,4,14,60,60,149,,61,35,113,,0*7C
$GQGSV,1,1,02,04,20,074,37,07,19,104,33,1*6C
$GQGSV,1,1,02,04,20,074,34,07,19,104,45,6*69
$GQGSV,1,1,01,03,00,132,,0*56
$GNGLL,2454.23253,N,06708.26905,E,150606.00,A,D*75
$GNRMC,150607.00,A,2454.23253,N,06708.26905,E,0.001,,050525,,,R,V*07
$GNVTG,,T,,M,0.001,N,0.002,K,D*3B
$GNGGA,150607.00,2454.23253,N,06708.26905,E,4,12,0.60,22.0,M,-44.2,M,1.0,0292*7D
$GNGSA,A,3,10,27,28,32,31,01,02,08,23,,,,1.24,0.60,1.08,1*0E
$GNGSA,A,3,87,81,74,88,75,65,66,72,,,,,1.24,0.60,1.08,2*0B
$GNGSA,A,3,07,08,03,15,,,,,,,,,1.24,0.60,1.08,3*03
$GNGSA,A,3,09,06,13,20,16,29,32,38,39,,,,1.24,0.60,1.08,4*0F
$GNGSA,A,3,04,07,,,,,,,,,,,1.24,0.60,1.08,5*0E
$GPGSV,4,1,13,01,13,321,30,02,40,313,44,08,19,260,36,10,45,058,47,1*6B
$GPGSV,4,2,13,23,14,095,37,25,05,092,37,27,19,221,39,28,63,143,47,1*6D
$GPGSV,4,3,13,31,41,180,46,32,54,014,49,36,34,246,42,40,59,208,47,1*60
$GPGSV,4,4,13,41,56,146,47,1*50
$GPGSV,3,1,09,01,13,321,27,08,19,260,37,10,45,058,47,23,14,095,38,6*63
$GPGSV,3,2,09,25,05,092,37,27,19,221,40,28,63,143,48,31,41,180,45,6*64
$GPGSV,3,3,09,32,54,014,47,6*5C
$GPGSV,1,1,03,18,02,147,,26,02,177,,49,17,257,,0*53
$GLGSV,3,1,09,65,42,339,46,66,24,281,43,72,18,040,41,74,14,054,37,1*79
$GLGSV,3,2,09,75,24,106,47,81,14,330,44,87,38,183,46,88,59,288,51,1*7A
$GLGSV,3,3,09,,,,41,1*74
$GLGSV,2,1,08,65,42,339,09,66,24,281,44,72,18,040,42,75,24,106,44,3*74
$GLGSV,2,2,08,81,14,330,39,87,38,183,11,88,59,288,48,,,,40,3*4C
$GLGSV,1,1,01,76,06,160,,0*48
$GAGSV,2,1,07,03,53,021,51,05,07,046,46,07,12,240,33,08,58,270,51,2*74
$GAGSV,2,2,07,13,29,323,49,15,85,308,53,34,39,146,51,2*49
$GAGSV,2,1,08,03,53,021,46,05,07,046,32,07,12,240,35,08,58,270,47,7*7A
$GAGSV,2,2,08,13,29,323,44,15,85,308,47,18,15,280,36,34,39,146,45,7*7C
$GAGSV,1,1,02,02,03,145,,25,01,099,,0*71
$GBGSV,2,1,08,08,33,081,41,09,62,118,47,13,47,066,45,20,50,334,49,1*71
$GBGSV,2,2,08,29,44,274,47,32,31,049,47,38,27,092,43,39,51,060,47,1*73
$GBGSV,2,1,06,06,60,087,48,08,33,081,45,09,62,118,49,13,47,066,48,B*06
$GBGSV,2,2,06,16,56,074,48,29,44,274,07,B*05
$GBGSV,4,1,14,01,03,095,,02,58,140,,03,35,113,,05,62,201,,0*77
$GBGSV,4,2,14,10,04,162,,19,21,284,,23,16,060,,27,02,161,,0*70
$GBGSV,4,3,14,30,38,197,,35,05,320,,37,34,112,,59,08,095,,0*79
$GBGSV,4,4,14,60,60,149,,61,35,113,,0*7C
$GQGSV,1,1,02,04,20,074,37,07,19,104,33,1*6C
$GQGSV,1,1,02,04,20,074,34,07,19,104,45,6*69
$GQGSV,1,1,01,03,00,132,,0*56
$GNGLL,2454.23253,N,06708.26905,E,150607.00,A,D*74
$GNRMC,150608.00,A,2454.23253,N,06708.26905,E,0.008,,050525,,,R,V*01
$GNVTG,,T,,M,0.008,N,0.015,K,D*34
$GNGGA,150608.00,2454.23253,N,06708.26905,E,4,12,0.60,22.0,M,-44.2,M,1.0,0292*72
$GNGSA,A,3,10,27,28,32,31,01,02,08,23,,,,1.24,0.60,1.08,1*0E
$GNGSA,A,3,87,81,74,88,75,65,66,72,,,,,1.24,0.60,1.08,2*0B
$GNGSA,A,3,07,08,03,15,,,,,,,,,1.24,0.60,1.08,3*03
$GNGSA,A,3,09,06,13,20,16,29,32,38,39,,,,1.24,0.60,1.08,4*0F
$GNGSA,A,3,04,07,,,,,,,,,,,1.24,0.60,1.08,5*0E
$GPGSV,4,1,13,01,13,321,30,02,40,313,44,08,19,260,36,10,45,058,47,1*6B
$GPGSV,4,2,13,23,14,095,37,25,05,092,37,27,19,221,39,28,63,143,47,1*6D
$GPGSV,4,3,13,31,41,180,46,32,54,014,49,36,34,246,42,40,59,208,47,1*60
$GPGSV,4,4,13,41,56,146,46,1*51
$GPGSV,3,1,09,01,13,321,27,08,19,260,37,10,45,058,47,23,14,095,38,6*63
$GPGSV,3,2,09,25,05,092,37,27,19,221,40,28,63,143,48,31,41,180,45,6*64
$GPGSV,3,3,09,32,54,014,47,6*5C
$GPGSV,1,1,03,18,02,147,,26,02,177,,49,17,257,,0*53
$GLGSV,3,1,09,65,42,339,46,66,24,281,43,72,18,040,41,74,14,054,37,1*79
$GLGSV,3,2,09,75,24,106,47,81,14,330,44,87,38,183,46,88,59,288,51,1*7A
$GLGSV,3,3,09,,,,41,1*74
$GLGSV,2,1,08,65,42,339,09,66,24,281,44,72,18,040,42,75,24,106,44,3*74
$GLGSV,2,2,08,81,14,330,39,87,38,183,09,88,59,288,48,,,,40,3*45
$GLGSV,1,1,01,76,06,160,,0*48
$GAGSV,2,1,07,03,53,021,51,05,07,046,46,07,12,240,33,08,58,270,51,2*74
$GAGSV,2,2,07,13,29,323,49,15,85,308,52,34,39,146,50,2*49
$GAGSV,2,1,08,03,53,021,46,05,07,046,32,07,12,240,35,08,58,270,47,7*7A
$GAGSV,2,2,08,13,29,323,44,15,85,308,47,18,15,280,36,34,39,146,45,7*7C
$GAGSV,1,1,02,02,03,145,,25,01,099,,0*71
$GBGSV,2,1,08,08,33,081,41,09,62,118,47,13,47,066,45,20,50,334,49,1*71
$GBGSV,2,2,08,29,44,274,47,32,31,049,47,38,27,092,43,39,51,060,47,1*73
$GBGSV,2,1,06,06,60,087,48,08,33,081,45,09,62,118,49,13,47,066,48,B*06
$GBGSV,2,2,06,16,56,074,48,29,44,274,06,B*04
$GBGSV,4,1,14,01,03,095,,02,58,140,,03,35,113,,05,62,201,,0*77
$GBGSV,4,2,14,10,04,162,,19,21,284,,23,16,060,,27,02,161,,0*70
$GBGSV,4,3,14,30,38,197,,35,05,320,,37,34,112,,59,08,095,,0*79
$GBGSV,4,4,14,60,60,149,,61,35,113,,0*7C
$GQGSV,1,1,02,04,20,074,37,07,19,104,33,1*6C
$GQGSV,1,1,02,04,20,074,34,07,19,104,45,6*69
$GQGSV,1,1,01,03,00,132,,0*56
$GNGLL,2454.23253,N,06708.26905,E,150608.00,A,D*7B
$GNRMC,150609.00,A,2454.23253,N,06708.26905,E,0.008,,050525,,,R,V*00
$GNVTG,,T,,M,0.008,N,0.015,K,D*34
$GNGGA,150609.00,2454.23253,N,06708.26905,E,4,12,0.60,22.0,M,-44.2,M,1.0,0292*73
$GNGSA,A,3,10,27,28,32,31,01,02,08,23,,,,1.24,0.60,1.08,1*0E
$GNGSA,A,3,87,81,74,88,75,65,66,72,,,,,1.24,0.60,1.08,2*0B
$GNGSA,A,3,07,08,03,15,,,,,,,,,1.24,0.60,1.08,3*03
$GNGSA,A,3,09,06,13,20,16,29,32,38,39,,,,1.24,0.60,1.08,4*0F
$GNGSA,A,3,04,07,,,,,,,,,,,1.24,0.60,1.08,5*0E
$GPGSV,4,1,13,01,13,321,30,02,40,313,44,08,19,260,36,10,45,058,47,1*6B
$GPGSV,4,2,13,23,14,095,37,25,05,092,38,27,19,221,39,28,63,143,47,1*62
$GPGSV,4,3,13,31,41,180,46,32,54,014,49,36,34,246,42,40,59,208,47,1*60
$GPGSV,4,4,13,41,56,146,46,1*51
$GPGSV,3,1,09,01,13,321,27,08,19,260,37,10,45,058,47,23,14,095,38,6*63
$GPGSV,3,2,09,25,05,092,37,27,19,221,40,28,63,143,48,31,41,180,45,6*64
$GPGSV,3,3,09,32,54,014,46,6*5D
$GPGSV,1,1,03,18,02,147,,26,02,177,,49,17,257,,0*53
$GLGSV,2,1,08,65,42,339,46,66,24,281,43,72,18,040,41,74,14,054,38,1*76
$GLGSV,2,2,08,75,24,106,47,81,14,330,44,87,38,183,46,88,59,288,51,1*7A
$GLGSV,2,1,07,65,42,339,01,66,24,281,43,72,18,040,42,75,24,106,44,3*74
$GLGSV,2,2,07,81,14,330,39,87,38,183,07,88,59,288,48,3*40
$GLGSV,1,1,01,76,06,160,,0*48
$GAGSV,2,1,07,03,53,021,51,05,07,047,46,07,12,240,33,08,58,270,51,2*75
$GAGSV,2,2,07,13,29,323,49,15,85,308,52,34,39,146,50,2*49
$GAGSV,2,1,08,03,53,021,46,05,07,047,32,07,12,240,35,08,58,270,47,7*7B
$GAGSV,2,2,08,13,29,323,44,15,85,308,47,18,15,280,37,34,39,146,45,7*7D
$GAGSV,1,1,02,02,03,145,,25,01,099,,0*71
$GBGSV,2,1,08,08,33,081,41,09,62,118,47,13,47,066,45,20,50,334,49,1*71
$GBGSV,2,2,08,29,44,274,47,32,31,049,47,38,27,092,43,39,51,060,47,1*73
$GBGSV,2,1,06,06,60,087,48,08,33,081,45,09,62,118,49,13,47,066,48,B*06
$GBGSV,2,2,06,16,56,074,48,29,44,274,07,B*05
$GBGSV,4,1,14,01,03,095,,02,58,140,,03,35,113,,05,62,201,,0*77
$GBGSV,4,2,14,10,04,162,,19,21,284,,23,16,060,,27,02,161,,0*70
$GBGSV,4,3,14,30,38,197,,35,05,320,,37,34,112,,59,08,095,,0*79
$GBGSV,4,4,14,60,60,149,,61,35,113,,0*7C
$GQGSV,1,1,02,04,20,074,37,07,19,104,33,1*6C
$GQGSV,1,1,02,04,20,074,34,07,19,104,45,6*69
$GQGSV,1,1,01,03,00,132,,0*56
$GNGLL,2454.23253,N,06708.26905,E,150609.00,A,D*7A
$GNRMC,150610.00,A,2454.23253,N,06708.26905,E,0.005,,050525,,,R,V*05
$GNVTG,,T,,M,0.005,N,0.009,K,D*34
$GNGGA,150610.00,2454.23253,N,06708.26905,E,4,12,0.60,22.0,M,-44.2,M,1.0,0292*7B
$GNGSA,A,3,10,27,28,32,31,01,02,08,23,,,,1.24,0.60,1.08,1*0E
$GNGSA,A,3,87,81,74,88,75,65,66,72,,,,,1.24,0.60,1.08,2*0B
$GNGSA,A,3,07,08,03,15,,,,,,,,,1.24,0.60,1.08,3*03
$GNGSA,A,3,09,06,13,20,16,29,32,38,39,,,,1.24,0.60,1.08,4*0F
$GNGSA,A,3,04,07,,,,,,,,,,,1.24,0.60,1.08,5*0E
$GPGSV,4,1,13,01,13,321,30,02,40,313,44,08,19,260,36,10,45,058,47,1*6B
$GPGSV,4,2,13,23,14,095,37,25,05,092,37,27,19,221,39,28,63,143,47,1*6D
$GPGSV,4,3,13,31,41,180,46,32,54,014,49,36,34,246,42,40,59,208,47,1*60
$GPGSV,4,4,13,41,56,146,46,1*51
$GPGSV,3,1,09,01,13,321,27,08,19,260,36,10,45,058,47,23,14,095,38,6*62
$GPGSV,3,2,09,25,05,092,37,27,19,221,40,28,63,143,48,31,41,180,45,6*64
$GPGSV,3,3,09,32,54,014,47,6*5C
$GPGSV,1,1,03,18,02,147,,26,02,177,,49,17,257,,0*53
$GLGSV,3,1,09,65,42,339,46,66,24,281,43,72,18,040,41,74,14,054,38,1*76
$GLGSV,3,2,09,75,24,106,47,81,14,330,44,87,38,183,46,88,59,288,51,1*7A
$GLGSV,3,3,09,,,,41,1*74
$GLGSV,2,1,07,65,42,339,05,66,24,281,44,72,18,040,42,75,24,106,44,3*77
$GLGSV,2,2,07,81,14,330,39,87,38,183,05,88,59,288,48,3*42
$GLGSV,1,1,01,76,06,160,,0*48
$GAGSV,2,1,07,03,53,021,51,05,07,047,46,07,12,240,33,08,58,270,51,2*75
$GAGSV,2,2,07,13,29,323,49,15,85,308,53,34,39,146,50,2*48
$GAGSV,2,1,08,03,53,021,46,05,07,047,33,07,12,240,35,08,58,270,47,7*7A
$GAGSV,2,2,08,13,29,323,44,15,85,308,47,18,15,280,37,34,39,146,45,7*7D
$GAGSV,1,1,02,02,03,145,,25,01,099,,0*71
$GBGSV,2,1,08,08,33,081,41,09,62,118,47,13,47,066,45,20,50,334,49,1*71
$GBGSV,2,2,08,29,44,274,47,32,31,049,47,38,27,092,43,39,51,060,47,1*73
$GBGSV,2,1,06,06,60,087,48,08,33,081,45,09,62,118,49,13,47,066,48,B*06
$GBGSV,2,2,06,16,56,074,48,29,44,274,07,B*05
$GBGSV,4,1,14,01,03,095,,02,58,140,,03,35,113,,05,62,201,,0*77
$GBGSV,4,2,14,10,04,162,,19,21,284,,23,16,060,,27,02,161,,0*70
$GBGSV,4,3,14,30,38,197,,35,05,320,,37,34,112,,59,08,095,,0*79
$GBGSV,4,4,14,60,60,149,,61,35,113,,0*7C
$GQGSV,1,1,02,04,20,074,37,07,19,104,33,1*6C
$GQGSV,1,1,02,04,20,074,35,07,19,104,45,6*68
$GQGSV,1,1,01,03,00,132,,0*56
$GNGLL,2454.23253,N,06708.26905,E,150610.00,A,D*72
$GNRMC,150611.00,A,2454.23253,N,06708.26905,E,0.007,,050525,,,R,V*06
$GNVTG,,T,,M,0.007,N,0.013,K,D*3D
$GNGGA,150611.00,2454.23253,N,06708.26905,E,4,12,0.60,22.1,M,-44.2,M,1.0,0292*7B
$GNGSA,A,3,10,27,28,32,31,01,02,08,23,,,,1.24,0.60,1.08,1*0E
$GNGSA,A,3,87,81,74,88,75,65,66,72,,,,,1.24,0.60,1.08,2*0B
$GNGSA,A,3,07,08,03,15,,,,,,,,,1.24,0.60,1.08,3*03
$GNGSA,A,3,09,06,13,20,16,29,32,38,39,,,,1.24,0.60,1.08,4*0F
$GNGSA,A,3,04,07,,,,,,,,,,,1.24,0.60,1.08,5*0E
$GPGSV,4,1,13,01,13,321,30,02,40,313,44,08,19,260,36,10,45,058,47,1*6B
$GPGSV,4,2,13,23,14,095,37,25,05,092,37,27,19,221,39,28,63,143,47,1*6D
$GPGSV,4,3,13,31,41,180,46,32,54,014,49,36,34,246,42,40,59,208,47,1*60
$GPGSV,4,4,13,41,56,146,46,1*51
$GPGSV,3,1,09,01,13,321,27,08,19,260,36,10,45,058,47,23,14,095,38,6*62
$GPGSV,3,2,09,25,05,092,37,27,19,221,40,28,63,143,48,31,41,180,45,6*64
$GPGSV,3,3,09,32,54,014,47,6*5C
$GPGSV,1,1,03,18,02,147,,26,02,177,,49,17,257,,0*53
$GLGSV,3,1,09,65,42,339,46,66,24,281,43,72,18,040,41,74,14,054,38,1*76
$GLGSV,3,2,09,75,24,106,47,81,14,330,44,87,38,183,46,88,59,288,51,1*7A
$GLGSV,3,3,09,,,,41,1*74
$GLGSV,2,1,07,65,42,339,07,66,24,281,44,72,18,040,42,75,24,106,44,3*75
$GLGSV,2,2,07,81,14,330,39,87,38,183,07,88,59,288,48,3*40
$GLGSV,1,1,01,76,06,160,,0*48
$GAGSV,2,1,07,03,53,021,51,05,07,047,46,07,12,241,33,08,58,270,51,2*74
$GAGSV,2,2,07,13,29,323,49,15,85,308,53,34,39,146,50,2*48
$GAGSV,2,1,08,03,53,021,46,05,07,047,32,07,12,241,35,08,58,270,47,7*7A
$GAGSV,2,2,08,13,29,323,44,15,85,308,47,18,15,280,37,34,39,146,45,7*7D
$GAGSV,1,1,02,02,03,145,,25,01,099,,0*71
$GBGSV,2,1,08,08,33,081,41,09,62,118,47,13,47,066,45,20,50,334,49,1*71
$GBGSV,2,2,08,29,44,274,47,32,31,049,47,38,27,092,43,39,51,060,47,1*73
$GBGSV,2,1,05,06,60,087,48,08,33,081,45,09,62,118,49,13,47,066,48,B*05
$GBGSV,2,2,05,16,56,074,48,B*3B
$GBGSV,4,1,14,01,03,095,,02,58,140,,03,35,113,,05,62,201,,0*77
$GBGSV,4,2,14,10,04,162,,19,21,284,,23,16,060,,27,02,161,,0*70
$GBGSV,4,3,14,30,38,197,,35,05,320,,37,34,112,,59,08,095,,0*79
$GBGSV,4,4,14,60,60,149,,61,35,113,,0*7C
$GQGSV,1,1,02,04,20,074,37,07,19,104,33,1*6C
$GQGSV,1,1,02,04,20,074,35,07,19,104,45,6*68
$GQGSV,1,1,01,03,00,132,,0*56
$GNGLL,2454.23253,N,06708.26905,E,150611.00,A,D*73
$GNRMC,150612.00,A,2454.23253,N,06708.26905,E,0.007,,050525,,,R,V*05
$GNVTG,,T,,M,0.007,N,0.013,K,D*3D
$GNGGA,150612.00,2454.23253,N,06708.26905,E,4,12,0.60,22.0,M,-44.2,M,1.0,0292*79
$GNGSA,A,3,10,27,28,32,31,01,02,08,23,,,,1.24,0.60,1.08,1*0E
$GNGSA,A,3,87,81,74,88,75,65,66,72,,,,,1.24,0.60,1.08,2*0B
$GNGSA,A,3,07,08,03,15,,,,,,,,,1.24,0.60,1.08,3*03
$GNGSA,A,3,09,06,13,20,16,29,32,38,39,,,,1.24,0.60,1.08,4*0F
$GNGSA,A,3,04,07,,,,,,,,,,,1.24,0.60,1.08,5*0E
$GPGSV,4,1,13,01,13,321,30,02,40,313,44,08,19,260,36,10,45,058,47,1*6B
$GPGSV,4,2,13,23,14,095,37,25,05,092,37,27,19,221,39,28,63,143,47,1*6D
$GPGSV,4,3,13,31,41,180,46,32,54,014,49,36,34,246,42,40,59,208,47,1*60
$GPGSV,4,4,13,41,56,146,46,1*51
$GPGSV,3,1,09,01,13,321,27,08,19,260,36,10,45,058,47,23,14,095,38,6*62
$GPGSV,3,2,09,25,05,092,37,27,19,221,40,28,63,143,48,31,41,180,45,6*64
$GPGSV,3,3,09,32,54,014,47,6*5C
$GPGSV,1,1,03,18,02,147,,26,02,177,,49,17,257,,0*53
$GLGSV,3,1,09,65,42,339,46,66,24,281,42,72,18,040,41,74,14,054,38,1*77
$GLGSV,3,2,09,75,24,106,47,81,14,330,44,87,38,183,46,88,59,288,51,1*7A
$GLGSV,3,3,09,,,,41,1*74
$GLGSV,2,1,07,65,42,339,08,66,24,281,44,72,18,040,43,75,24,106,44,3*7B
$GLGSV,2,2,07,81,14,330,39,87,38,183,10,88,59,288,48,3*46
$GLGSV,1,1,01,76,06,160,,0*48
$GAGSV,2,1,07,03,53,021,51,05,07,047,46,07,12,241,33,08,58,272,51,2*76
$GAGSV,2,2,07,13,29,323,49,15,85,308,53,34,39,146,50,2*48
$GAGSV,2,1,08,03,53,021,46,05,07,047,33,07,12,241,35,08,58,272,47,7*79
$GAGSV,2,2,08,13,29,323,44,15,85,308,47,18,15,280,37,34,39,146,45,7*7D
$GAGSV,1,1,02,02,03,145,,25,01,099,,0*71
$GBGSV,2,1,08,08,33,081,41,09,62,118,47,13,47,066,45,20,50,334,49,1*71
$GBGSV,2,2,08,29,44,274,47,32,31,049,47,38,27,092,43,39,51,060,47,1*73
$GBGSV,2,1,05,06,60,087,48,08,33,081,45,09,62,118,49,13,47,066,48,B*05
$GBGSV,2,2,05,16,56,074,48,B*3B
$GBGSV,4,1,14,01,03,095,,02,58,140,,03,35,113,,05,62,201,,0*77
$GBGSV,4,2,14,10,04,162,,19,21,284,,23,16,060,,27,02,161,,0*70
$GBGSV,4,3,14,30,38,197,,35,05,320,,37,34,112,,59,08,095,,0*79
$GBGSV,4,4,14,60,60,149,,61,35,113,,0*7C
$GQGSV,1,1,02,04,20,074,37,07,19,104,33,1*6C
$GQGSV,1,1,02,04,20,074,35,07,19,104,45,6*68
$GQGSV,1,1,01,03,00,132,,0*56
$GNGLL,2454.23253,N,06708.26905,E,150612.00,A,D*70
$GNRMC,150613.00,A,2454.23253,N,06708.26905,E,0.004,,050525,,,R,V*07
$GNVTG,,T,,M,0.004,N,0.007,K,D*3B
$GNGGA,150613.00,2454.23253,N,06708.26905,E,4,12,0.60,22.0,M,-44.2,M,1.0,0292*78
$GNGSA,A,3,10,27,28,32,31,01,02,08,23,,,,1.24,0.60,1.08,1*0E
$GNGSA,A,3,87,81,74,88,75,65,66,72,,,,,1.24,0.60,1.08,2*0B
$GNGSA,A,3,07,08,03,15,,,,,,,,,1.24,0.60,1.08,3*03
$GNGSA,A,3,09,06,13,20,16,29,32,38,39,,,,1.24,0.60,1.08,4*0F
$GNGSA,A,3,04,07,,,,,,,,,,,1.24,0.60,1.08,5*0E
$GPGSV,4,1,13,01,13,321,30,02,40,313,44,08,19,260,36,10,45,058,47,1*6B
$GPGSV,4,2,13,23,14,095,38,25,05,092,38,27,19,221,39,28,63,143,47,1*6D
$GPGSV,4,3,13,31,41,180,46,32,54,014,49,36,34,246,42,40,59,208,47,1*60
$GPGSV,4,4,13,41,56,146,46,1*51
$GPGSV,3,1,09,01,13,321,27,08,19,260,37,10,45,058,47,23,14,095,38,6*63
$GPGSV,3,2,09,25,05,092,37,27,19,221,40,28,63,143,48,31,41,180,45,6*64
$GPGSV,3,3,09,32,54,014,47,6*5C
$GPGSV,1,1,03,18,02,147,,26,02,177,,49,17,257,,0*53
$GLGSV,3,1,09,65,42,339,46,66,24,281,42,72,18,040,41,74,14,054,38,1*77
$GLGSV,3,2,09,75,24,106,47,81,14,330,44,87,38,183,46,88,59,288,51,1*7A
$GLGSV,3,3,09,,,,41,1*74
$GLGSV,2,1,07,65,42,339,07,66,24,281,44,72,18,040,43,75,24,106,44,3*74
$GLGSV,2,2,07,81,14,330,38,87,38,183,08,88,59,288,48,3*4E
$GLGSV,1,1,01,76,06,160,,0*48
$GAGSV,2,1,07,03,53,021,51,05,07,047,46,07,12,241,33,08,58,272,51,2*76
$GAGSV,2,2,07,13,29,323,49,15,85,308,53,34,39,146,50,2*48
$GAGSV,2,1,08,03,53,021,46,05,07,047,33,07,12,241,35,08,58,272,47,7*79
$GAGSV,2,2,08,13,29,323,44,15,85,308,47,18,15,280,37,34,39,146,45,7*7D
$GAGSV,1,1,02,02,03,145,,25,01,099,,0*71
$GBGSV,2,1,08,08,33,081,41,09,62,118,47,13,47,066,45,20,50,334,49,1*71
$GBGSV,2,2,08,29,44,274,47,32,31,049,47,38,27,092,43,39,51,060,47,1*73
$GBGSV,2,1,05,06,60,087,48,08,33,081,45,09,62,118,49,13,47,066,48,B*05
$GBGSV,2,2,05,16,56,074,48,B*3B
$GBGSV,4,1,14,01,03,095,,02,58,140,,03,35,113,,05,62,201,,0*77
$GBGSV,4,2,14,10,04,162,,19,21,284,,23,16,060,,27,02,161,,0*70
$GBGSV,4,3,14,30,38,197,,35,05,320,,37,34,112,,59,08,095,,0*79
$GBGSV,4,4,14,60,60,149,,61,35,113,,0*7C
$GQGSV,1,1,02,04,20,074,37,07,19,104,33,1*6C
$GQGSV,1,1,02,04,20,074,35,07,19,104,45,6*68
$GQGSV,1,1,01,03,00,132,,0*56
$GNGLL,2454.23253,N,06708.26905,E,150613.00,A,D*71
$GNRMC,150614.00,A,2454.23253,N,06708.26905,E,0.003,,050525,,,R,V*07
$GNVTG,,T,,M,0.003,N,0.006,K,D*3D
$GNGGA,150614.00,2454.23253,N,06708.26905,E,4,12,0.60,22.0,M,-44.2,M,1.0,0292*7F
$GNGSA,A,3,10,27,28,32,31,01,02,08,23,,,,1.24,0.60,1.08,1*0E
$GNGSA,A,3,87,81,74,88,75,65,66,72,,,,,1.24,0.60,1.08,2*0B
$GNGSA,A,3,07,08,03,15,,,,,,,,,1.24,0.60,1.08,3*03
$GNGSA,A,3,09,06,13,20,16,29,32,38,39,,,,1.24,0.60,1.08,4*0F
$GNGSA,A,3,04,07,,,,,,,,,,,1.24,0.60,1.08,5*0E
$GPGSV,4,1,13,01,13,321,30,02,40,313,44,08,19,260,36,10,45,058,47,1*6B
$GPGSV,4,2,13,23,14,095,37,25,05,092,38,27,19,221,39,28,63,143,47,1*62
$GPGSV,4,3,13,31,41,180,46,32,54,014,49,36,34,246,42,40,59,208,47,1*60
$GPGSV,4,4,13,41,56,146,46,1*51
$GPGSV,3,1,09,01,13,321,26,08,19,260,36,10,45,058,47,23,14,095,38,6*63
$GPGSV,3,2,09,25,05,092,37,27,19,221,41,28,63,143,48,31,41,180,45,6*65
$GPGSV,3,3,09,32,54,014,47,6*5C
$GPGSV,1,1,03,18,02,147,,26,02,177,,49,17,257,,0*53
$GLGSV,3,1,09,65,42,339,46,66,24,281,42,72,18,040,41,74,14,054,38,1*77
$GLGSV,3,2,09,75,24,106,47,81,14,330,44,87,38,183,47,88,59,288,51,1*7B
$GLGSV,3,3,09,,,,41,1*74
$GLGSV,2,1,08,65,42,339,07,66,24,281,44,72,18,040,43,75,24,106,44,3*7B
$GLGSV,2,2,08,81,14,330,38,87,38,183,11,88,59,288,48,,,,40,3*4D
$GLGSV,1,1,01,76,06,160,,0*48
$GAGSV,2,1,07,03,53,021,51,05,07,047,46,07,12,241,33,08,58,272,51,2*76
$GAGSV,2,2,07,13,29,323,49,15,85,308,53,34,39,146,50,2*48
$GAGSV,2,1,08,03,53,021,46,05,07,047,32,07,12,241,35,08,58,272,47,7*78
$GAGSV,2,2,08,13,29,323,44,15,85,308,47,18,15,280,37,34,39,146,45,7*7D
$GAGSV,1,1,02,02,03,145,,25,01,099,,0*71
$GBGSV,2,1,08,08,33,081,41,09,62,118,47,13,47,066,45,20,50,334,49,1*71
$GBGSV,2,2,08,29,44,274,47,32,31,049,47,38,27,092,43,39,51,060,47,1*73
$GBGSV,2,1,05,06,60,087,48,08,33,081,45,09,62,118,49,13,47,066,48,B*05
$GBGSV,2,2,05,16,56,074,48,B*3B
$GBGSV,4,1,14,01,03,095,,02,58,140,,03,35,113,,05,62,201,,0*77
$GBGSV,4,2,14,10,04,162,,19,21,284,,23,16,060,,27,02,161,,0*70
$GBGSV,4,3,14,30,38,197,,35,05,320,,37,34,112,,59,08,095,,0*79
$GBGSV,4,4,14,60,60,149,,61,35,113,,0*7C
$GQGSV,1,1,02,04,20,074,37,07,19,104,33,1*6C
$GQGSV,1,1,02,04,20,074,35,07,19,104,46,6*6B
$GQGSV,1,1,01,03,00,132,,0*56
$GNGLL,2454.23253,N,06708.26905,E,150614.00,A,D*76
$GNRMC,150615.00,A,2454.23253,N,06708.26905,E,0.005,,050525,,,R,V*00
$GNVTG,,T,,M,0.005,N,0.009,K,D*34
$GNGGA,150615.00,2454.23253,N,06708.26905,E,4,12,0.60,22.0,M,-44.2,M,1.0,0292*7E
$GNGSA,A,3,10,27,28,32,31,01,02,08,23,,,,1.24,0.60,1.08,1*0E
$GNGSA,A,3,87,81,74,88,75,65,66,72,,,,,1.24,0.60,1.08,2*0B
$GNGSA,A,3,07,08,03,15,,,,,,,,,1.24,0.60,1.08,3*03
$GNGSA,A,3,09,06,13,20,16,29,32,38,39,,,,1.24,0.60,1.08,4*0F
$GNGSA,A,3,04,07,,,,,,,,,,,1.24,0.60,1.08,5*0E
$GPGSV,4,1,13,01,13,321,30,02,40,313,44,08,19,260,36,10,45,058,47,1*6B
$GPGSV,4,2,13,23,14,095,38,25,05,092,38,27,19,221,40,28,63,143,47,1*63
$GPGSV,4,3,13,31,41,180,46,32,54,014,49,36,34,246,42,40,59,208,47,1*60
$GPGSV,4,4,13,41,56,146,46,1*51
$GPGSV,3,1,09,01,13,321,26,08,19,260,36,10,45,058,47,23,14,095,38,6*63
$GPGSV,3,2,09,25,05,092,37,27,19,221,41,28,63,143,48,31,41,180,45,6*65
$GPGSV,3,3,09,32,54,014,47,6*5C
$GPGSV,1,1,03,18,02,147,,26,02,177,,49,17,257,,0*53
$GLGSV,3,1,09,65,42,339,46,66,24,281,42,72,18,040,41,74,14,054,38,1*77
$GLGSV,3,2,09,75,24,106,47,81,14,330,44,87,38,183,47,88,59,288,51,1*7B
$GLGSV,3,3,09,,,,41,1*74
$GLGSV,2,1,08,65,42,339,11,66,24,281,44,72,18,040,43,75,24,106,43,3*7B
$GLGSV,2,2,08,81,14,330,38,87,38,183,08,88,59,288,48,,,,40,3*45
$GLGSV,1,1,01,76,06,160,,0*48
$GAGSV,2,1,07,03,53,021,51,05,07,047,46,07,12,241,33,08,58,272,51,2*76
$GAGSV,2,2,07,13,29,323,49,15,85,308,53,34,39,146,50,2*48
$GAGSV,2,1,08,03,53,021,46,05,07,047,33,07,12,241,35,08,58,272,47,7*79
$GAGSV,2,2,08,13,29,323,44,15,85,308,47,18,15,280,37,34,39,146,45,7*7D
$GAGSV,1,1,02,02,03,145,,25,01,099,,0*71
$GBGSV,2,1,08,08,33,081,41,09,62,118,47,13,47,066,45,20,50,334,49,1*71
$GBGSV,2,2,08,29,44,274,47,32,31,049,47,38,27,092,43,39,51,060,47,1*73
$GBGSV,2,1,05,06,60,087,48,08,33,081,45,09,62,118,49,13,47,066,48,B*05
$GBGSV,2,2,05,16,56,074,48,B*3B
$GBGSV,4,1,14,01,03,095,,02,58,140,,03,35,113,,05,62,201,,0*77
$GBGSV,4,2,14,10,04,162,,19,21,284,,23,16,060,,27,02,161,,0*70
$GBGSV,4,3,14,30,38,197,,35,05,320,,37,34,112,,59,08,095,,0*79
$GBGSV,4,4,14,60,60,149,,61,35,113,,0*7C
$GQGSV,1,1,02,04,20,074,37,07,19,104,33,1*6C
$GQGSV,1,1,02,04,20,074,35,07,19,104,45,6*68
$GQGSV,1,1,01,03,00,132,,0*56
$GNGLL,2454.23253,N,06708.26905,E,150615.00,A,D*77
$GNRMC,150616.00,A,2454.23249,N,06708.26907,E,0.003,,050525,,,R,V*0C
$GNVTG,,T,,M,0.003,N,0.006,K,D*3D
$GNGGA,150616.00,2454.23249,N,06708.26907,E,4,12,0.60,21.8,M,-44.2,M,1.0,0292*7F
$GNGSA,A,3,10,27,28,32,31,01,02,08,23,,,,1.24,0.60,1.08,1*0E
$GNGSA,A,3,87,81,74,88,75,65,66,72,,,,,1.24,0.60,1.08,2*0B
$GNGSA,A,3,07,08,03,15,,,,,,,,,1.24,0.60,1.08,3*03
$GNGSA,A,3,09,06,13,20,16,29,32,38,39,,,,1.24,0.60,1.08,4*0F
$GNGSA,A,3,04,07,,,,,,,,,,,1.24,0.60,1.08,5*0E
$GPGSV,4,1,13,01,13,321,30,02,40,313,44,08,19,260,36,10,45,058,47,1*6B
$GPGSV,4,2,13,23,14,095,37,25,05,092,37,27,19,221,40,28,63,143,47,1*63
$GPGSV,4,3,13,31,41,180,47,32,54,014,49,36,34,246,42,40,59,208,47,1*61
$GPGSV,4,4,13,41,56,146,46,1*51
$GPGSV,3,1,09,01,13,321,26,08,19,260,36,10,45,058,47,23,14,095,38,6*63
$GPGSV,3,2,09,25,05,092,37,27,19,221,41,28,63,143,48,31,41,180,45,6*65
$GPGSV,3,3,09,32,54,014,47,6*5C
$GPGSV,1,1,03,18,02,147,,26,02,177,,49,17,257,,0*53
$GLGSV,3,1,09,65,42,339,45,66,24,281,42,72,18,040,41,74,14,054,38,1*74
$GLGSV,3,2,09,75,24,106,47,81,14,330,44,87,38,183,47,88,59,288,51,1*7B
$GLGSV,3,3,09,,,,41,1*74
$GLGSV,2,1,08,65,42,339,11,66,24,281,44,72,18,040,43,75,24,106,43,3*7B
$GLGSV,2,2,08,81,14,330,38,87,38,183,07,88,59,288,48,,,,40,3*4A
$GLGSV,1,1,01,76,06,160,,0*48
$GAGSV,2,1,07,03,53,021,51,05,07,047,46,07,12,241,33,08,58,272,51,2*76
$GAGSV,2,2,07,13,29,323,49,15,85,308,53,34,39,146,50,2*48
$GAGSV,2,1,08,03,53,021,46,05,07,047,33,07,12,241,35,08,58,272,47,7*79
$GAGSV,2,2,08,13,29,323,44,15,85,308,47,18,15,280,37,34,39,146,45,7*7D
$GAGSV,1,1,02,02,03,145,,25,01,099,,0*71
$GBGSV,2,1,08,08,33,081,41,09,62,118,47,13,47,066,45,20,50,334,49,1*71
$GBGSV,2,2,08,29,44,274,47,32,31,049,47,38,27,092,43,39,51,060,47,1*73
$GBGSV,2,1,05,06,60,087,48,08,33,081,45,09,62,118,49,13,47,066,48,B*05
$GBGSV,2,2,05,16,56,074,48,B*3B
$GBGSV,4,1,14,01,03,095,,02,58,140,,03,35,113,,05,62,201,,0*77
$GBGSV,4,2,14,10,04,162,,19,21,284,,23,16,060,,27,02,161,,0*70
$GBGSV,4,3,14,30,38,197,,35,05,320,,37,34,112,,59,08,095,,0*79
$GBGSV,4,4,14,60,60,149,,61,35,113,,0*7C
$GQGSV,1,1,02,04,20,074,37,07,19,104,33,1*6C
$GQGSV,1,1,02,04,20,074,35,07,19,104,46,6*6B
$GQGSV,1,1,01,03,00,132,,0*56
$GNGLL,2454.23249,N,06708.26907,E,150616.00,A,D*7D
$GNRMC,150617.00,A,2454.23249,N,06708.26907,E,0.006,,050525,,,R,V*08
$GNVTG,,T,,M,0.006,N,0.012,K,D*3D
$GNGGA,150617.00,2454.23249,N,06708.26907,E,4,12,0.60,21.8,M,-44.2,M,1.0,0292*7E
$GNGSA,A,3,10,27,28,32,31,01,02,08,23,,,,1.24,0.60,1.08,1*0E
$GNGSA,A,3,87,81,74,88,75,65,66,72,,,,,1.24,0.60,1.08,2*0B
$GNGSA,A,3,07,08,03,15,,,,,,,,,1.24,0.60,1.08,3*03
$GNGSA,A,3,09,06,13,20,16,29,32,38,39,,,,1.24,0.60,1.08,4*0F
$GNGSA,A,3,04,07,,,,,,,,,,,1.24,0.60,1.08,5*0E
$GPGSV,4,1,13,01,13,321,30,02,40,313,44,08,19,260,36,10,45,058,47,1*6B
$GPGSV,4,2,13,23,14,095,37,25,05,092,37,27,19,221,40,28,63,143,47,1*63
$GPGSV,4,3,13,31,41,180,47,32,54,014,49,36,34,246,42,40,59,208,47,1*61
$GPGSV,4,4,13,41,56,146,47,1*50
$GPGSV,3,1,09,01,13,321,26,08,19,260,36,10,45,058,47,23,14,095,38,6*63
$GPGSV,3,2,09,25,05,092,37,27,19,221,41,28,63,143,48,31,41,180,45,6*65
$GPGSV,3,3,09,32,54,014,47,6*5C
$GPGSV,1,1,03,18,02,147,,26,02,177,,49,17,257,,0*53
$GLGSV,3,1,09,65,42,339,45,66,24,281,42,72,18,040,41,74,14,054,38,1*74
$GLGSV,3,2,09,75,24,106,47,81,14,330,44,87,38,183,47,88,59,288,51,1*7B
$GLGSV,3,3,09,,,,41,1*74
$GLGSV,2,1,08,65,42,339,10,66,24,281,44,72,18,040,43,75,24,106,43,3*7A
$GLGSV,2,2,08,81,14,330,38,87,38,183,11,88,59,288,48,,,,40,3*4D
$GLGSV,1,1,01,76,06,160,,0*48
$GAGSV,2,1,07,03,53,021,51,05,07,047,46,07,12,241,33,08,58,272,51,2*76
$GAGSV,2,2,07,13,30,323,49,15,85,308,53,34,39,146,50,2*40
$GAGSV,2,1,08,03,53,021,46,05,07,047,32,07,12,241,35,08,58,272,47,7*78
$GAGSV,2,2,08,13,30,323,44,15,85,308,47,18,15,280,37,34,39,146,45,7*75
$GAGSV,1,1,02,02,03,145,,25,01,099,,0*71
$GBGSV,2,1,08,08,33,081,41,09,62,118,47,13,47,066,45,20,50,334,49,1*71
$GBGSV,2,2,08,29,44,274,47,32,31,049,47,38,27,092,43,39,51,060,47,1*73
$GBGSV,2,1,05,06,60,087,48,08,33,081,45,09,62,118,49,13,47,066,48,B*05
$GBGSV,2,2,05,16,56,074,48,B*3B
$GBGSV,4,1,14,01,03,095,,02,58,140,,03,35,113,,05,62,201,,0*77
$GBGSV,4,2,14,10,04,162,,19,21,284,,23,16,060,,27,02,161,,0*70
$GBGSV,4,3,14,30,38,197,,35,05,320,,37,34,112,,59,08,095,,0*79
$GBGSV,4,4,14,60,60,149,,61,35,113,,0*7C
$GQGSV,1,1,02,04,20,074,37,07,19,104,33,1*6C
$GQGSV,1,1,02,04,20,074,35,07,19,104,46,6*6B
$GQGSV,1,1,01,03,00,132,,0*56
$GNGLL,2454.23249,N,06708.26907,E,150617.00,A,D*7C
$GNRMC,150618.00,A,2454.23249,N,06708.26907,E,0.003,,050525,,,R,V*02
$GNVTG,,T,,M,0.003,N,0.005,K,D*3E
$GNGGA,150618.00,2454.23249,N,06708.26907,E,4,12,0.60,21.8,M,-44.2,M,1.0,0292*71
$GNGSA,A,3,10,27,28,32,31,01,02,08,23,,,,1.24,0.60,1.08,1*0E
$GNGSA,A,3,87,81,74,88,75,65,66,72,,,,,1.24,0.60,1.08,2*0B
$GNGSA,A,3,07,08,03,15,,,,,,,,,1.24,0.60,1.08,3*03
$GNGSA,A,3,09,06,13,20,16,29,32,38,39,,,,1.24,0.60,1.08,4*0F
$GNGSA,A,3,04,07,,,,,,,,,,,1.24,0.60,1.08,5*0E
$GPGSV,4,1,13,01,13,321,30,02,40,313,44,08,19,260,36,10,45,058,47,1*6B
$GPGSV,4,2,13,23,14,095,37,25,05,092,37,27,19,221,40,28,63,143,47,1*63
$GPGSV,4,3,13,31,41,180,47,32,54,014,49,36,34,246,42,40,59,208,47,1*61
$GPGSV,4,4,13,41,56,146,47,1*50
$GPGSV,3,1,09,01,13,321,26,08,19,260,36,10,45,058,47,23,14,095,38,6*63
$GPGSV,3,2,09,25,05,092,37,27,19,221,41,28,63,143,48,31,41,180,45,6*65
$GPGSV,3,3,09,32,54,014,47,6*5C
$GPGSV,1,1,03,18,02,147,,26,02,177,,49,17,257,,0*53
$GLGSV,3,1,09,65,42,339,45,66,24,281,42,72,18,040,41,74,14,054,38,1*74
$GLGSV,3,2,09,75,24,106,47,81,14,330,44,87,38,183,47,88,59,288,51,1*7B
$GLGSV,3,3,09,,,,41,1*74
$GLGSV,2,1,08,65,42,339,10,66,24,281,44,72,18,040,43,75,24,106,43,3*7A
$GLGSV,2,2,08,81,14,330,38,87,38,183,09,88,59,288,48,,,,40,3*44
$GLGSV,1,1,01,76,06,160,,0*48
$GAGSV,2,1,07,03,53,021,51,05,07,047,46,07,12,241,32,08,58,272,51,2*77
$GAGSV,2,2,07,13,30,323,49,15,85,300,53,34,39,146,50,2*48
$GAGSV,2,1,08,03,53,021,46,05,07,047,32,07,12,241,34,08,58,272,47,7*79
$GAGSV,2,2,08,13,30,323,44,15,85,300,47,18,15,280,37,34,39,146,45,7*7D
$GAGSV,1,1,02,02,03,145,,25,01,099,,0*71
$GBGSV,2,1,08,08,33,081,41,09,62,118,47,13,47,066,45,20,50,334,49,1*71
$GBGSV,2,2,08,29,44,274,47,32,31,049,47,38,27,092,43,39,51,060,47,1*73
$GBGSV,2,1,05,06,60,087,48,08,33,081,45,09,62,118,49,13,47,066,48,B*05
$GBGSV,2,2,05,16,56,074,48,B*3B
$GBGSV,4,1,14,01,03,095,,02,58,140,,03,35,113,,05,62,201,,0*77
$GBGSV,4,2,14,10,04,162,,19,21,284,,23,16,060,,27,02,161,,0*70
$GBGSV,4,3,14,30,38,197,,35,05,320,,37,34,112,,59,08,095,,0*79
$GBGSV,4,4,14,60,60,149,,61,35,113,,0*7C
$GQGSV,1,1,02,04,20,074,37,07,19,104,33,1*6C
$GQGSV,1,1,02,04,20,074,35,07,19,104,46,6*6B
$GQGSV,1,1,01,03,00,132,,0*56
$GNGLL,2454.23249,N,06708.26907,E,150618.00,A,D*73
$GNRMC,150619.00,A,2454.23249,N,06708.26907,E,0.002,,050525,,,R,V*02
$GNVTG,,T,,M,0.002,N,0.004,K,D*3E
$GNGGA,150619.00,2454.23249,N,06708.26907,E,4,12,0.60,21.8,M,-44.2,M,1.0,0292*70
$GNGSA,A,3,10,27,28,32,31,01,02,08,23,,,,1.24,0.60,1.08,1*0E
$GNGSA,A,3,87,81,74,88,75,65,66,72,,,,,1.24,0.60,1.08,2*0B
$GNGSA,A,3,07,08,03,15,,,,,,,,,1.24,0.60,1.08,3*03
$GNGSA,A,3,09,06,13,20,16,29,32,38,39,,,,1.24,0.60,1.08,4*0F
$GNGSA,A,3,04,07,,,,,,,,,,,1.24,0.60,1.08,5*0E
$GPGSV,4,1,13,01,13,321,30,02,40,313,44,08,19,260,36,10,45,058,47,1*6B
$GPGSV,4,2,13,23,14,095,37,25,05,092,37,27,19,221,40,28,63,143,47,1*63
$GPGSV,4,3,13,31,41,180,47,32,54,014,49,36,34,246,42,40,59,208,47,1*61
$GPGSV,4,4,13,41,56,146,47,1*50
$GPGSV,3,1,09,01,13,321,26,08,19,260,36,10,45,058,46,23,14,095,38,6*62
$GPGSV,3,2,09,25,05,092,37,27,19,221,41,28,63,143,48,31,41,180,45,6*65
$GPGSV,3,3,09,32,54,014,47,6*5C
$GPGSV,1,1,03,18,02,147,,26,02,177,,49,17,257,,0*53
$GLGSV,3,1,09,65,42,339,45,66,24,281,42,72,18,040,41,74,14,054,38,1*74
$GLGSV,3,2,09,75,24,106,47,81,14,330,44,87,38,183,47,88,59,288,51,1*7B
$GLGSV,3,3,09,,,,41,1*74
$GLGSV,2,1,08,65,42,339,09,66,24,281,44,72,18,040,43,75,24,106,43,3*72
$GLGSV,2,2,08,81,14,330,38,87,38,183,10,88,59,288,48,,,,40,3*4C
$GLGSV,1,1,01,76,06,160,,0*48
$GAGSV,2,1,07,03,53,021,51,05,07,047,46,07,12,241,32,08,58,272,51,2*77
$GAGSV,2,2,07,13,30,323,49,15,85,300,52,34,39,146,50,2*49
$GAGSV,2,1,08,03,53,021,46,05,07,047,32,07,12,241,34,08,58,272,47,7*79
$GAGSV,2,2,08,13,30,323,44,15,85,300,47,18,15,280,37,34,39,146,45,7*7D
$GAGSV,1,1,02,02,03,145,,25,01,099,,0*71
$GBGSV,2,1,08,08,33,081,41,09,62,118,47,13,47,066,45,20,50,334,49,1*71
$GBGSV,2,2,08,29,44,274,47,32,31,049,47,38,27,092,43,39,51,060,47,1*73
$GBGSV,2,1,05,06,60,087,48,08,33,081,45,09,62,118,49,13,47,066,48,B*05
$GBGSV,2,2,05,16,56,074,48,B*3B
$GBGSV,4,1,14,01,03,095,,02,58,140,,03,35,113,,05,62,201,,0*77
$GBGSV,4,2,14,10,04,162,,19,21,284,,23,16,060,,27,02,161,,0*70
$GBGSV,4,3,14,30,38,197,,35,05,320,,37,34,112,,59,08,095,,0*79
$GBGSV,4,4,14,60,60,149,,61,35,113,,0*7C
$GQGSV,1,1,02,04,20,074,37,07,19,104,32,1*6D
$GQGSV,1,1,02,04,20,074,35,07,19,104,46,6*6B
$GQGSV,1,1,01,03,00,132,,0*56
$GNGLL,2454.23249,N,06708.26907,E,150619.00,A,D*72
$GNRMC,150620.00,A,2454.23249,N,06708.26907,E,0.011,,050525,,,R,V*0A
$GNVTG,,T,,M,0.011,N,0.021,K,D*3B
$GNGGA,150620.00,2454.23249,N,06708.26907,E,4,12,0.60,21.8,M,-44.2,M,1.0,0292*7A
$GNGSA,A,3,10,27,28,32,31,01,02,08,23,,,,1.24,0.60,1.08,1*0E
$GNGSA,A,3,87,81,74,88,75,65,66,72,,,,,1.24,0.60,1.08,2*0B
$GNGSA,A,3,07,08,03,15,,,,,,,,,1.24,0.60,1.08,3*03
$GNGSA,A,3,09,06,13,20,16,29,32,38,39,,,,1.24,0.60,1.08,4*0F
$GNGSA,A,3,04,07,,,,,,,,,,,1.24,0.60,1.08,5*0E
$GPGSV,4,1,13,01,13,321,30,02,40,313,44,08,19,260,36,10,45,058,47,1*6B
$GPGSV,4,2,13,23,14,095,37,25,05,092,37,27,19,221,40,28,63,143,47,1*63
$GPGSV,4,3,13,31,41,180,47,32,54,014,49,36,34,246,42,40,59,208,47,1*61
$GPGSV,4,4,13,41,56,146,47,1*50
$GPGSV,3,1,09,01,13,321,25,08,19,260,36,10,45,058,46,23,14,095,38,6*61
$GPGSV,3,2,09,25,05,092,37,27,19,221,41,28,63,143,48,31,41,180,45,6*65
$GPGSV,3,3,09,32,54,014,47,6*5C
$GPGSV,1,1,03,18,02,147,,26,02,177,,49,17,257,,0*53
$GLGSV,3,1,09,65,42,339,45,66,24,281,42,72,18,040,42,74,14,054,38,1*77
$GLGSV,3,2,09,75,24,106,47,81,14,330,44,87,38,183,47,88,59,288,51,1*7B
$GLGSV,3,3,09,,,,41,1*74
$GLGSV,2,1,08,65,42,339,12,66,24,281,44,72,18,040,43,75,24,106,43,3*78
$GLGSV,2,2,08,81,14,330,38,87,38,183,08,88,59,288,48,,,,40,3*45
$GLGSV,1,1,01,76,06,160,,0*48
$GAGSV,2,1,07,03,53,021,51,05,07,047,46,07,12,241,32,08,58,272,51,2*77
$GAGSV,2,2,07,13,30,323,49,15,85,300,52,34,39,146,50,2*49
$GAGSV,2,1,08,03,53,021,46,05,07,047,33,07,12,241,34,08,58,272,47,7*78
$GAGSV,2,2,08,13,30,323,44,15,85,300,47,18,15,279,37,34,39,146,45,7*7B
$GAGSV,1,1,02,02,03,145,,25,01,099,,0*71
$GBGSV,2,1,08,08,33,081,41,09,62,118,47,13,47,066,45,20,50,334,49,1*71
$GBGSV,2,2,08,29,44,274,47,32,31,049,47,38,27,092,43,39,51,060,47,1*73
$GBGSV,2,1,05,06,60,087,48,08,33,081,45,09,62,118,49,13,47,066,48,B*05
$GBGSV,2,2,05,16,56,074,48,B*3B
$GBGSV,4,1,14,01,03,095,,02,58,140,,03,35,113,,05,62,201,,0*77
$GBGSV,4,2,14,10,04,162,,19,21,284,,23,16,060,,27,02,161,,0*70
$GBGSV,4,3,14,30,38,197,,35,05,320,,37,34,112,,59,08,095,,0*79
$GBGSV,4,4,14,60,60,149,,61,35,113,,0*7C
$GQGSV,1,1,02,04,20,074,37,07,19,104,33,1*6C
$GQGSV,1,1,02,04,20,074,35,07,19,104,46,6*6B
$GQGSV,1,1,01,03,00,132,,0*56
$GNGLL,2454.23249,N,06708.26907,E,150620.00,A,D*78
$GNRMC,150621.00,A,2454.23249,N,06708.26907,E,0.001,,050525,,,R,V*0A
$GNVTG,,T,,M,0.001,N,0.001,K,D*38
$GNGGA,150621.00,2454.23249,N,06708.26907,E,4,12,0.60,21.8,M,-44.2,M,1.0,0292*7B
$GNGSA,A,3,10,27,28,32,31,01,02,08,23,,,,1.24,0.60,1.08,1*0E
$GNGSA,A,3,87,81,74,88,75,65,66,72,,,,,1.24,0.60,1.08,2*0B
$GNGSA,A,3,07,08,03,15,,,,,,,,,1.24,0.60,1.08,3*03
$GNGSA,A,3,09,06,13,20,16,29,32,38,39,,,,1.24,0.60,1.08,4*0F
$GNGSA,A,3,04,07,,,,,,,,,,,1.24,0.60,1.08,5*0E
$GPGSV,4,1,13,01,13,321,30,02,40,313,44,08,19,260,36,10,45,058,47,1*6B
$GPGSV,4,2,13,23,14,095,37,25,05,092,37,27,19,221,40,28,63,143,47,1*63
$GPGSV,4,3,13,31,41,180,47,32,54,014,49,36,34,246,42,40,59,208,47,1*61
$GPGSV,4,4,13,41,56,146,46,1*51
$GPGSV,3,1,09,01,13,321,26,08,19,260,36,10,45,058,46,23,14,095,38,6*62
$GPGSV,3,2,09,25,05,092,37,27,19,221,41,28,63,143,48,31,41,180,45,6*65
$GPGSV,3,3,09,32,54,014,47,6*5C
$GPGSV,1,1,03,18,02,147,,26,02,177,,49,17,257,,0*53
$GLGSV,3,1,09,65,42,339,45,66,24,281,42,72,18,040,42,74,14,054,38,1*77
$GLGSV,3,2,09,75,24,106,47,81,14,330,44,87,38,183,47,88,59,288,51,1*7B
$GLGSV,3,3,09,,,,42,1*77
$GLGSV,2,1,08,65,42,339,08,66,24,281,44,72,18,040,44,75,24,106,43,3*74
$GLGSV,2,2,08,81,14,330,38,87,38,183,12,88,59,288,48,,,,40,3*4E
$GLGSV,1,1,01,76,06,160,,0*48
$GAGSV,2,1,07,03,53,021,51,05,07,047,46,07,12,241,32,08,58,272,51,2*77
$GAGSV,2,2,07,13,30,323,49,15,85,300,53,34,39,146,50,2*48
$GAGSV,2,1,08,03,53,021,46,05,07,047,33,07,12,241,34,08,58,272,47,7*78
$GAGSV,2,2,08,13,30,323,44,15,85,300,47,18,15,279,37,34,39,146,45,7*7B
$GAGSV,1,1,02,02,03,145,,25,01,099,,0*71
$GBGSV,2,1,08,08,33,081,41,09,62,118,47,13,47,066,45,20,50,334,49,1*71
$GBGSV,2,2,08,29,44,274,47,32,31,049,47,38,27,092,43,39,51,060,47,1*73
$GBGSV,2,1,05,06,60,087,48,08,33,081,45,09,62,118,49,13,47,066,48,B*05
$GBGSV,2,2,05,16,56,074,48,B*3B
$GBGSV,4,1,14,01,03,095,,02,58,140,,03,35,113,,05,62,201,,0*77
$GBGSV,4,2,14,10,04,162,,19,21,284,,23,16,060,,27,02,161,,0*70
$GBGSV,4,3,14,30,38,197,,35,05,320,,37,34,112,,59,08,095,,0*79
$GBGSV,4,4,14,60,60,149,,61,35,113,,0*7C
$GQGSV,1,1,02,04,20,074,37,07,19,104,33,1*6C
$GQGSV,1,1,02,04,20,074,35,07,19,104,45,6*68
$GQGSV,1,1,01,03,00,132,,0*56
$GNGLL,2454.23249,N,06708.26907,E,150621.00,A,D*79
$GNRMC,150622.00,A,2454.23249,N,06708.26907,E,0.003,,050525,,,R,V*0B
$GNVTG,,T,,M,0.003,N,0.005,K,D*3E
$GNGGA,150622.00,2454.23249,N,06708.26907,E,4,12,0.60,21.8,M,-44.2,M,2.0,0292*7B
$GNGSA,A,3,10,27,28,32,31,01,02,08,23,,,,1.24,0.60,1.08,1*0E
$GNGSA,A,3,87,81,74,88,75,65,66,72,,,,,1.24,0.60,1.08,2*0B
$GNGSA,A,3,07,08,03,15,,,,,,,,,1.24,0.60,1.08,3*03
$GNGSA,A,3,09,06,13,20,16,29,32,38,39,,,,1.24,0.60,1.08,4*0F
$GNGSA,A,3,04,07,,,,,,,,,,,1.24,0.60,1.08,5*0E
$GPGSV,4,1,13,01,13,321,31,02,40,313,44,08,19,260,36,10,45,058,47,1*6A
$GPGSV,4,2,13,23,14,095,37,25,05,092,37,27,19,221,40,28,63,143,47,1*63
$GPGSV,4,3,13,31,41,180,47,32,54,014,49,36,34,246,42,40,59,208,47,1*61
$GPGSV,4,4,13,41,56,146,46,1*51
$GPGSV,3,1,09,01,13,321,26,08,19,260,36,10,45,058,47,23,14,095,38,6*63
$GPGSV,3,2,09,25,05,092,37,27,19,221,41,28,63,143,48,31,41,180,45,6*65
$GPGSV,3,3,09,32,54,014,47,6*5C
$GPGSV,1,1,03,18,02,147,,26,02,177,,49,17,257,,0*53
$GLGSV,3,1,09,65,42,339,46,66,24,281,42,72,18,040,42,74,14,054,37,1*7B
$GLGSV,3,2,09,75,24,106,47,81,14,330,44,87,38,183,47,88,59,288,51,1*7B
$GLGSV,3,3,09,,,,41,1*74
$GLGSV,2,1,08,65,42,339,12,66,24,281,44,72,18,040,44,75,24,106,43,3*7F
$GLGSV,2,2,08,81,14,330,38,87,38,183,10,88,59,288,48,,,,39,3*42
$GLGSV,1,1,01,76,06,160,,0*48
$GAGSV,2,1,07,03,53,021,51,05,07,047,46,07,12,241,32,08,58,272,51,2*77
$GAGSV,2,2,07,13,30,323,49,15,85,300,53,34,39,146,50,2*48
$GAGSV,2,1,08,03,53,021,46,05,07,047,32,07,12,241,34,08,58,272,47,7*79
$GAGSV,2,2,08,13,30,323,44,15,85,300,47,18,15,279,37,34,39,146,45,7*7B
$GAGSV,1,1,02,02,03,145,,25,01,099,,0*71
$GBGSV,2,1,08,08,33,081,41,09,62,118,47,13,47,067,45,20,50,334,49,1*70
$GBGSV,2,2,08,29,44,274,47,32,31,049,47,38,27,092,43,39,51,060,47,1*73
$GBGSV,2,1,05,06,60,087,48,08,33,081,45,09,62,118,49,13,47,067,48,B*04
$GBGSV,2,2,05,16,56,074,48,B*3B
$GBGSV,4,1,14,01,03,095,,02,58,140,,03,35,113,,05,62,201,,0*77
$GBGSV,4,2,14,10,04,162,,19,21,284,,23,16,060,,27,02,161,,0*70
$GBGSV,4,3,14,30,38,197,,35,05,320,,37,34,112,,59,08,095,,0*79
$GBGSV,4,4,14,60,60,149,,61,35,113,,0*7C
$GQGSV,1,1,02,04,20,074,37,07,19,104,33,1*6C
$GQGSV,1,1,02,04,20,074,34,07,19,104,46,6*6A
$GQGSV,1,1,01,03,00,132,,0*56
$GNGLL,2454.23249,N,06708.26907,E,150622.00,A,D*7A
$GNRMC,150623.00,A,2454.23250,N,06708.26907,E,0.003,,050525,,,R,V*02
$GNVTG,,T,,M,0.003,N,0.006,K,D*3D
$GNGGA,150623.00,2454.23250,N,06708.26907,E,4,12,0.60,21.8,M,-44.2,M,1.0,0292*71
$GNGSA,A,3,10,27,28,32,31,01,02,08,23,,,,1.24,0.60,1.08,1*0E
$GNGSA,A,3,87,81,74,88,75,65,66,72,,,,,1.24,0.60,1.08,2*0B
$GNGSA,A,3,07,08,03,15,,,,,,,,,1.24,0.60,1.08,3*03
$GNGSA,A,3,09,06,13,20,16,29,32,38,39,,,,1.24,0.60,1.08,4*0F
$GNGSA,A,3,04,07,,,,,,,,,,,1.24,0.60,1.08,5*0E
$GPGSV,4,1,13,01,13,321,31,02,40,313,44,08,19,260,35,10,45,058,47,1*69
$GPGSV,4,2,13,23,14,095,37,25,05,092,37,27,19,221,40,28,63,143,47,1*63
$GPGSV,4,3,13,31,41,180,47,32,54,014,49,36,34,246,42,40,59,208,47,1*61
$GPGSV,4,4,13,41,56,146,47,1*50
$GPGSV,3,1,09,01,13,321,27,08,19,260,36,10,45,058,46,23,14,095,38,6*63
$GPGSV,3,2,09,25,05,092,37,27,19,221,41,28,63,143,48,31,41,180,45,6*65
$GPGSV,3,3,09,32,54,014,47,6*5C
$GPGSV,1,1,03,18,02,147,,26,02,177,,49,17,257,,0*53
$GLGSV,3,1,09,65,42,339,45,66,24,281,42,72,18,040,42,74,14,054,37,1*78
$GLGSV,3,2,09,75,24,106,47,81,14,330,44,87,38,183,47,88,59,288,51,1*7B
$GLGSV,3,3,09,,,,41,1*74
$GLGSV,2,1,08,65,42,339,10,66,24,281,44,72,18,040,44,75,24,106,43,3*7D
$GLGSV,2,2,08,81,14,330,39,87,38,183,07,88,59,288,48,,,,40,3*4B
$GLGSV,1,1,01,76,06,160,,0*48
$GAGSV,2,1,07,03,53,021,51,05,07,047,46,07,12,241,33,08,58,272,51,2*76
$GAGSV,2,2,07,13,30,323,49,15,85,300,53,34,39,146,50,2*48
$GAGSV,2,1,08,03,53,021,46,05,07,047,32,07,12,241,34,08,58,272,47,7*79
$GAGSV,2,2,08,13,30,323,44,15,85,300,47,18,15,279,38,34,39,146,45,7*74
$GAGSV,1,1,02,02,03,145,,25,01,099,,0*71
$GBGSV,2,1,08,08,33,081,41,09,62,118,47,13,47,067,45,20,50,334,49,1*70
$GBGSV,2,2,08,29,44,274,47,32,31,049,47,38,27,092,43,39,51,060,47,1*73
$GBGSV,2,1,05,06,60,087,48,08,33,081,45,09,62,118,49,13,47,067,48,B*04
$GBGSV,2,2,05,16,56,074,48,B*3B
$GBGSV,4,1,14,01,03,095,,02,58,140,,03,35,113,,05,62,201,,0*77
$GBGSV,4,2,14,10,04,162,,19,21,284,,23,16,060,,27,02,161,,0*70
$GBGSV,4,3,14,30,38,197,,35,05,320,,37,34,112,,59,08,095,,0*79
$GBGSV,4,4,14,60,60,149,,61,35,113,,0*7C
$GQGSV,1,1,02,04,20,074,37,07,19,104,33,1*6C
$GQGSV,1,1,02,04,20,074,34,07,19,104,46,6*6A
$GQGSV,1,1,01,03,00,132,,0*56
$GNGLL,2454.23250,N,06708.26907,E,150623.00,A,D*73
$GNRMC,150624.00,A,2454.23250,N,06708.26907,E,0.004,,050525,,,R,V*02
$GNVTG,,T,,M,0.004,N,0.007,K,D*3B
$GNGGA,150624.00,2454.23250,N,06708.26907,E,4,12,0.60,21.8,M,-44.2,M,1.0,0292*76
$GNGSA,A,3,10,27,28,32,31,01,02,08,23,,,,1.24,0.60,1.08,1*0E
$GNGSA,A,3,87,81,74,88,75,65,66,72,,,,,1.24,0.60,1.08,2*0B
$GNGSA,A,3,07,08,03,15,,,,,,,,,1.24,0.60,1.08,3*03
$GNGSA,A,3,09,06,13,20,16,29,32,38,39,,,,1.24,0.60,1.08,4*0F
$GNGSA,A,3,04,07,,,,,,,,,,,1.24,0.60,1.08,5*0E
$GPGSV,4,1,13,01,13,321,30,02,40,313,44,08,19,260,35,10,45,058,47,1*68
$GPGSV,4,2,13,23,14,095,37,25,05,092,37,27,19,221,40,28,63,143,47,1*63
$GPGSV,4,3,13,31,41,180,47,32,54,014,49,36,34,246,42,40,59,208,47,1*61
$GPGSV,4,4,13,41,56,146,46,1*51
$GPGSV,3,1,09,01,13,321,26,08,19,260,36,10,45,058,47,23,14,095,38,6*63
$GPGSV,3,2,09,25,05,092,37,27,19,221,41,28,63,143,48,31,41,180,45,6*65
$GPGSV,3,3,09,32,54,014,47,6*5C
$GPGSV,1,1,03,18,02,147,,26,02,177,,49,17,257,,0*53
$GLGSV,3,1,09,65,42,339,45,66,24,281,42,72,18,040,42,74,14,054,37,1*78
$GLGSV,3,2,09,75,24,106,47,81,14,330,44,87,38,183,47,88,59,288,51,1*7B
$GLGSV,3,3,09,,,,41,1*74
$GLGSV,2,1,08,65,42,339,10,66,24,281,44,72,18,040,44,75,24,106,43,3*7D
$GLGSV,2,2,08,81,14,330,39,87,38,183,08,88,59,288,49,,,,40,3*45
$GLGSV,1,1,01,76,06,160,,0*48
$GAGSV,2,1,07,03,53,021,51,05,07,047,46,07,12,241,32,08,58,272,51,2*77
$GAGSV,2,2,07,13,30,323,49,15,85,300,53,34,39,146,50,2*48
$GAGSV,2,1,08,03,53,021,46,05,07,047,32,07,12,241,34,08,58,272,47,7*79
$GAGSV,2,2,08,13,30,323,44,15,85,300,47,18,15,279,37,34,39,146,45,7*7B
$GAGSV,1,1,02,02,03,145,,25,01,099,,0*71
$GBGSV,2,1,08,08,33,081,42,09,62,118,47,13,47,067,45,20,50,334,49,1*73
$GBGSV,2,2,08,29,44,274,47,32,31,049,47,38,27,092,43,39,51,060,47,1*73
$GBGSV,2,1,05,06,60,087,48,08,33,081,45,09,62,118,49,13,47,067,48,B*04
$GBGSV,2,2,05,16,56,074,48,B*3B
$GBGSV,4,1,14,01,03,095,,02,58,140,,03,35,113,,05,62,201,,0*77
$GBGSV,4,2,14,10,04,162,,19,21,284,,23,16,060,,27,02,161,,0*70
$GBGSV,4,3,14,30,38,197,,35,05,320,,37,34,112,,59,08,095,,0*79
$GBGSV,4,4,14,60,60,149,,61,35,113,,0*7C
$GQGSV,1,1,02,04,20,074,37,07,19,104,32,1*6D
$GQGSV,1,1,02,04,20,074,35,07,19,104,46,6*6B
$GQGSV,1,1,01,03,00,132,,0*56
$GNGLL,2454.23250,N,06708.26907,E,150624.00,A,D*74
$GNRMC,150625.00,A,2454.23250,N,06708.26906,E,0.008,,050525,,,R,V*0E
$GNVTG,,T,,M,0.008,N,0.014,K,D*35
$GNGGA,150625.00,2454.23250,N,06708.26906,E,4,12,0.60,21.8,M,-44.2,M,1.0,0292*76
$GNGSA,A,3,10,27,28,32,31,01,02,08,23,,,,1.24,0.60,1.08,1*0E
$GNGSA,A,3,87,81,74,88,75,65,66,72,,,,,1.24,0.60,1.08,2*0B
$GNGSA,A,3,07,08,03,15,,,,,,,,,1.24,0.60,1.08,3*03
$GNGSA,A,3,09,06,13,20,16,29,32,38,39,,,,1.24,0.60,1.08,4*0F
$GNGSA,A,3,04,07,,,,,,,,,,,1.24,0.60,1.08,5*0E
$GPGSV,4,1,13,01,13,321,31,02,40,313,44,08,19,260,35,10,45,058,47,1*69
$GPGSV,4,2,13,23,14,095,38,25,05,092,37,27,19,221,40,28,63,143,47,1*6C
$GPGSV,4,3,13,31,41,180,47,32,54,014,49,36,34,246,42,40,59,208,47,1*61
$GPGSV,4,4,13,41,56,146,47,1*50
$GPGSV,3,1,09,01,13,321,26,08,19,260,36,10,45,058,47,23,14,095,38,6*63
$GPGSV,3,2,09,25,05,092,37,27,19,221,41,28,63,143,48,31,41,180,45,6*65
$GPGSV,3,3,09,32,54,014,47,6*5C
$GPGSV,1,1,03,18,02,147,,26,02,177,,49,17,257,,0*53
$GLGSV,3,1,09,65,42,339,45,66,24,281,42,72,18,040,42,74,14,054,37,1*78
$GLGSV,3,2,09,75,24,106,47,81,14,330,44,87,38,183,47,88,59,288,51,1*7B
$GLGSV,3,3,09,,,,41,1*74
$GLGSV,2,1,08,65,42,339,12,66,24,281,44,72,18,040,44,75,24,106,43,3*7F
$GLGSV,2,2,08,81,14,330,39,87,38,183,08,88,59,288,48,,,,40,3*44
$GLGSV,1,1,01,76,06,160,,0*48
$GAGSV,2,1,07,03,53,021,51,05,07,047,46,07,12,241,32,08,58,272,51,2*77
$GAGSV,2,2,07,13,30,323,49,15,85,300,53,34,39,146,50,2*48
$GAGSV,2,1,08,03,53,021,46,05,07,047,32,07,12,241,34,08,58,272,47,7*79
$GAGSV,2,2,08,13,30,323,44,15,85,300,47,18,15,279,37,34,39,146,45,7*7B
$GAGSV,1,1,02,02,03,145,,25,01,098,,0*70
$GBGSV,2,1,08,08,33,081,41,09,62,118,47,13,47,067,45,20,50,334,49,1*70
$GBGSV,2,2,08,29,44,274,47,32,31,049,47,38,27,092,43,39,51,060,47,1*73
$GBGSV,2,1,06,06,60,087,48,08,33,081,45,09,62,118,49,13,47,067,48,B*07
$GBGSV,2,2,06,16,56,074,48,20,50,334,14,B*0E
$GBGSV,4,1,14,01,03,095,,02,58,140,,03,35,113,,05,62,201,,0*77
$GBGSV,4,2,14,10,04,162,,19,21,284,,23,16,060,,27,02,161,,0*70
$GBGSV,4,3,14,30,38,197,,35,05,320,,37,34,112,,59,08,095,,0*79
$GBGSV,4,4,14,60,60,149,,61,35,113,,0*7C
$GQGSV,1,1,02,04,20,074,37,07,19,104,33,1*6C
$GQGSV,1,1,02,04,20,074,34,07,19,104,46,6*6A
$GQGSV,1,1,01,03,00,132,,0*56
$GNGLL,2454.23250,N,06708.26906,E,150625.00,A,D*74
$GNRMC,150626.00,A,2454.23249,N,06708.26906,E,0.008,,050525,,,R,V*05
$GNVTG,,T,,M,0.008,N,0.014,K,D*35
$GNGGA,150626.00,2454.23249,N,06708.26906,E,4,12,0.60,21.8,M,-44.2,M,1.0,0292*7D
$GNGSA,A,3,10,27,28,32,31,01,02,08,23,,,,1.24,0.60,1.08,1*0E
$GNGSA,A,3,87,81,74,88,75,65,66,72,,,,,1.24,0.60,1.08,2*0B
$GNGSA,A,3,07,08,03,15,,,,,,,,,1.24,0.60,1.08,3*03
$GNGSA,A,3,09,06,13,20,16,29,32,38,39,,,,1.24,0.60,1.08,4*0F
$GNGSA,A,3,04,07,,,,,,,,,,,1.24,0.60,1.08,5*0E
$GPGSV,4,1,13,01,13,321,31,02,40,313,44,08,19,260,35,10,45,058,47,1*69
$GPGSV,4,2,13,23,14,095,38,25,05,092,37,27,19,221,40,28,63,143,47,1*6C
$GPGSV,4,3,13,31,41,180,47,32,54,014,49,36,34,246,42,40,59,208,47,1*61
$GPGSV,4,4,13,41,56,146,47,1*50
$GPGSV,3,1,09,01,13,321,26,08,19,260,36,10,45,058,46,23,14,095,38,6*62
$GPGSV,3,2,09,25,05,092,37,27,19,221,41,28,63,143,48,31,41,180,45,6*65
$GPGSV,3,3,09,32,54,014,47,6*5C
$GPGSV,1,1,03,18,02,147,,26,02,177,,49,17,257,,0*53
$GLGSV,3,1,09,65,42,339,45,66,24,281,42,72,18,040,42,74,14,054,37,1*78
$GLGSV,3,2,09,75,24,106,47,81,14,330,44,87,38,183,47,88,59,288,51,1*7B
$GLGSV,3,3,09,,,,41,1*74
$GLGSV,2,1,08,65,42,339,11,66,24,281,44,72,18,040,44,75,24,106,43,3*7C
$GLGSV,2,2,08,81,14,330,39,87,38,183,09,88,59,288,48,,,,39,3*4B
$GLGSV,1,1,01,76,06,160,,0*48
$GAGSV,2,1,07,03,53,021,51,05,07,047,46,07,12,241,32,08,58,272,51,2*77
$GAGSV,2,2,07,13,30,323,49,15,85,300,53,34,39,146,50,2*48
$GAGSV,2,1,08,03,53,021,46,05,07,047,32,07,12,241,34,08,58,272,47,7*79
$GAGSV,2,2,08,13,30,323,44,15,85,300,47,18,15,279,37,34,39,146,45,7*7B
$GAGSV,1,1,02,02,03,145,,25,01,098,,0*70
$GBGSV,2,1,08,08,33,081,42,09,62,118,47,13,47,067,45,20,50,334,50,1*7B
$GBGSV,2,2,08,29,44,274,47,32,31,049,47,38,27,092,43,39,51,060,47,1*73
$GBGSV,2,1,06,06,60,087,48,08,33,081,45,09,62,118,49,13,47,067,48,B*07
$GBGSV,2,2,06,16,56,074,48,20,50,334,09,B*02
$GBGSV,4,1,14,01,03,095,,02,58,140,,03,35,113,,05,62,201,,0*77
$GBGSV,4,2,14,10,04,162,,19,21,284,,23,16,060,,27,02,161,,0*70
$GBGSV,4,3,14,30,38,197,,35,05,320,,37,34,112,,59,08,095,,0*79
$GBGSV,4,4,14,60,60,149,,61,35,113,,0*7C
$GQGSV,1,1,02,04,20,074,37,07,19,104,33,1*6C
$GQGSV,1,1,02,04,20,074,34,07,19,104,46,6*6A
$GQGSV,1,1,01,03,00,132,,0*56
$GNGLL,2454.23249,N,06708.26906,E,150626.00,A,D*7F
$GNRMC,150627.00,A,2454.23250,N,06708.26907,E,0.004,,050525,,,R,V*01
$GNVTG,,T,,M,0.004,N,0.008,K,D*34
$GNGGA,150627.00,2454.23250,N,06708.26907,E,4,12,0.60,21.8,M,-44.2,M,1.0,0292*75
$GNGSA,A,3,10,27,28,32,31,01,02,08,23,,,,1.23,0.60,1.08,1*09
$GNGSA,A,3,87,81,74,88,75,65,66,72,,,,,1.23,0.60,1.08,2*0C
$GNGSA,A,3,07,08,03,15,,,,,,,,,1.23,0.60,1.08,3*04
$GNGSA,A,3,09,06,13,20,16,29,32,38,39,,,,1.23,0.60,1.08,4*08
$GNGSA,A,3,04,07,,,,,,,,,,,1.23,0.60,1.08,5*09
$GPGSV,4,1,13,01,13,321,31,02,40,313,44,08,19,260,35,10,45,058,47,1*69
$GPGSV,4,2,13,23,14,095,38,25,05,092,37,27,19,221,40,28,63,143,47,1*6C
$GPGSV,4,3,13,31,41,180,47,32,54,014,49,36,34,246,42,40,59,208,47,1*61
$GPGSV,4,4,13,41,56,146,46,1*51
$GPGSV,3,1,09,01,13,321,25,08,19,260,36,10,45,058,46,23,14,095,38,6*61
$GPGSV,3,2,09,25,05,092,37,27,19,221,41,28,63,143,48,31,41,180,45,6*65
$GPGSV,3,3,09,32,54,014,47,6*5C
$GPGSV,1,1,03,18,02,147,,26,02,177,,49,17,257,,0*53
$GLGSV,3,1,09,65,42,339,45,66,24,281,42,72,18,040,42,74,14,054,37,1*78
$GLGSV,3,2,09,75,24,106,47,81,14,330,44,87,38,183,47,88,59,288,51,1*7B
$GLGSV,3,3,09,,,,41,1*74
$GLGSV,2,1,08,65,42,339,09,66,24,281,44,72,18,040,44,75,24,106,43,3*75
$GLGSV,2,2,08,81,14,330,39,87,38,183,09,88,59,288,48,,,,40,3*45
$GLGSV,1,1,01,76,06,160,,0*48
$GAGSV,2,1,07,03,53,021,51,05,07,047,46,07,12,241,32,08,58,272,51,2*77
$GAGSV,2,2,07,13,30,323,49,15,85,300,53,34,39,146,50,2*48
$GAGSV,2,1,08,03,53,021,46,05,07,047,32,07,12,241,34,08,58,272,47,7*79
$GAGSV,2,2,08,13,30,323,44,15,85,300,47,18,15,279,37,34,39,146,45,7*7B
$GAGSV,1,1,02,02,03,145,,25,01,098,,0*70
$GBGSV,2,1,08,08,33,081,42,09,62,118,47,13,47,067,45,20,50,334,50,1*7B
$GBGSV,2,2,08,29,44,274,47,32,31,049,47,38,27,092,43,39,51,060,47,1*73
$GBGSV,2,1,06,06,60,087,48,08,33,081,45,09,62,118,49,13,47,067,48,B*07
$GBGSV,2,2,06,16,56,074,48,20,50,334,08,B*03
$GBGSV,4,1,14,01,03,095,,02,58,140,,03,35,113,,05,62,201,,0*77
$GBGSV,4,2,14,10,04,162,,19,21,284,,23,16,060,,27,02,161,,0*70
$GBGSV,4,3,14,30,38,197,,35,05,320,,37,34,112,,59,08,095,,0*79
$GBGSV,4,4,14,60,60,149,,61,35,113,,0*7C
$GQGSV,1,1,02,04,20,074,37,07,19,104,33,1*6C
$GQGSV,1,1,02,04,20,074,35,07,19,104,46,6*6B
$GQGSV,1,1,01,03,00,132,,0*56
$GNGLL,2454.23250,N,06708.26907,E,150627.00,A,D*77
$GNRMC,150628.00,A,2454.23249,N,06708.26907,E,0.002,,050525,,,R,V*00
$GNVTG,,T,,M,0.002,N,0.003,K,D*39
$GNGGA,150628.00,2454.23249,N,06708.26907,E,4,12,0.60,21.8,M,-44.2,M,1.0,0292*72
$GNGSA,A,3,10,27,28,32,31,01,02,08,23,,,,1.23,0.60,1.08,1*09
$GNGSA,A,3,87,81,74,88,75,65,66,72,,,,,1.23,0.60,1.08,2*0C
$GNGSA,A,3,07,08,03,15,,,,,,,,,1.23,0.60,1.08,3*04
$GNGSA,A,3,09,06,13,20,16,29,32,38,39,,,,1.23,0.60,1.08,4*08
$GNGSA,A,3,04,07,,,,,,,,,,,1.23,0.60,1.08,5*09
$GPGSV,4,1,13,01,13,321,31,02,40,313,44,08,19,260,35,10,45,058,47,1*69
$GPGSV,4,2,13,23,14,095,38,25,05,092,37,27,19,221,40,28,63,143,47,1*6C
$GPGSV,4,3,13,31,41,180,46,32,54,014,49,36,34,246,42,40,59,208,47,1*60
$GPGSV,4,4,13,41,56,146,47,1*50
$GPGSV,3,1,09,01,13,321,25,08,19,260,36,10,45,058,46,23,14,095,38,6*61
$GPGSV,3,2,09,25,05,092,38,27,19,221,41,28,63,143,48,31,41,180,45,6*6A
$GPGSV,3,3,09,32,54,014,47,6*5C
$GPGSV,1,1,03,18,02,147,,26,02,177,,49,17,257,,0*53
$GLGSV,3,1,09,65,42,339,45,66,24,281,42,72,18,040,42,74,14,054,37,1*78
$GLGSV,3,2,09,75,24,106,47,81,14,330,43,87,38,183,47,88,59,288,51,1*7C
$GLGSV,3,3,09,,,,42,1*77
$GLGSV,2,1,08,65,42,339,13,66,24,281,44,72,18,040,44,75,24,106,43,3*7E
$GLGSV,2,2,08,81,14,330,39,87,38,183,09,88,59,288,48,,,,40,3*45
$GLGSV,1,1,01,76,06,160,,0*48
$GAGSV,2,1,07,03,53,021,51,05,07,047,46,07,12,241,32,08,58,272,51,2*77
$GAGSV,2,2,07,13,30,323,49,15,85,300,53,34,39,146,50,2*48
$GAGSV,2,1,08,03,53,021,46,05,07,047,32,07,12,241,34,08,58,272,47,7*79
$GAGSV,2,2,08,13,30,323,44,15,85,300,47,18,15,279,37,34,39,146,45,7*7B
$GAGSV,1,1,02,02,03,145,,25,01,098,,0*70
$GBGSV,2,1,08,08,33,081,42,09,62,118,47,13,47,067,45,20,50,334,50,1*7B
$GBGSV,2,2,08,29,44,274,47,32,31,049,47,38,27,092,43,39,51,060,47,1*73
$GBGSV,2,1,06,06,60,087,48,08,33,081,45,09,62,118,49,13,47,067,48,B*07
$GBGSV,2,2,06,16,56,074,48,20,50,334,08,B*03
$GBGSV,4,1,14,01,03,095,,02,58,140,,03,35,113,,05,62,201,,0*77
$GBGSV,4,2,14,10,04,162,,19,21,284,,23,16,060,,27,02,161,,0*70
$GBGSV,4,3,14,30,38,197,,35,05,320,,37,34,112,,59,08,095,,0*79
$GBGSV,4,4,14,60,60,149,,61,35,113,,0*7C
$GQGSV,1,1,02,04,20,074,37,07,19,104,33,1*6C
$GQGSV,1,1,02,04,20,074,34,07,19,104,46,6*6A
$GQGSV,1,1,01,03,00,132,,0*56
$GNGLL,2454.23249,N,06708.26907,E,150628.00,A,D*70
$GNRMC,150629.00,A,2454.23249,N,06708.26907,E,0.007,,050525,,,R,V*04
$GNVTG,,T,,M,0.007,N,0.013,K,D*3D
$GNGGA,150629.00,2454.23249,N,06708.26907,E,4,12,0.60,21.8,M,-44.2,M,1.0,0292*73
$GNGSA,A,3,10,27,28,32,31,01,02,08,23,,,,1.23,0.60,1.08,1*09
$GNGSA,A,3,87,81,74,88,75,65,66,72,,,,,1.23,0.60,1.08,2*0C
$GNGSA,A,3,07,08,03,15,,,,,,,,,1.23,0.60,1.08,3*04
$GNGSA,A,3,09,06,13,20,16,29,32,38,39,,,,1.23,0.60,1.08,4*08
$GNGSA,A,3,04,07,,,,,,,,,,,1.23,0.60,1.08,5*09
$GPGSV,4,1,13,01,13,321,31,02,40,313,44,08,19,260,35,10,45,058,47,1*69
$GPGSV,4,2,13,23,14,095,38,25,05,092,37,27,19,221,39,28,63,143,47,1*62
$GPGSV,4,3,13,31,41,180,46,32,54,014,49,36,34,246,42,40,59,208,47,1*60
$GPGSV,4,4,13,41,56,146,47,1*50
$GPGSV,3,1,09,01,13,321,24,08,19,260,35,10,45,058,46,23,14,095,38,6*63
$GPGSV,3,2,09,25,05,092,38,27,19,221,41,28,63,143,48,31,41,180,45,6*6A
$GPGSV,3,3,09,32,54,014,47,6*5C
$GPGSV,1,1,03,18,02,147,,26,02,177,,49,17,257,,0*53
$GLGSV,3,1,09,65,42,339,45,66,24,281,42,72,18,040,42,74,14,054,37,1*78
$GLGSV,3,2,09,75,24,106,47,81,14,330,43,87,38,183,47,88,59,288,51,1*7C
$GLGSV,3,3,09,,,,41,1*74
$GLGSV,2,1,08,65,42,339,10,66,24,281,44,72,18,040,44,75,24,106,43,3*7D
$GLGSV,2,2,08,81,14,330,39,87,38,183,08,88,59,288,48,,,,40,3*44
$GLGSV,1,1,01,76,06,160,,0*48
$GAGSV,2,1,07,03,53,021,51,05,07,047,46,07,12,241,32,08,58,272,51,2*77
$GAGSV,2,2,07,13,30,323,49,15,85,300,53,34,39,146,50,2*48
$GAGSV,2,1,08,03,53,021,46,05,07,047,32,07,12,241,34,08,58,272,47,7*79
$GAGSV,2,2,08,13,30,323,44,15,85,300,47,18,15,279,37,34,39,146,45,7*7B
$GAGSV,1,1,02,02,03,145,,25,01,098,,0*70
$GBGSV,2,1,08,08,33,081,42,09,62,118,47,13,47,067,45,20,50,334,50,1*7B
$GBGSV,2,2,08,29,44,274,47,32,31,049,47,38,27,092,43,39,51,060,47,1*73
$GBGSV,2,1,06,06,60,087,48,08,33,081,45,09,62,118,49,13,47,067,48,B*07
$GBGSV,2,2,06,16,56,074,48,20,50,334,08,B*03
$GBGSV,4,1,14,01,03,095,,02,58,140,,03,35,113,,05,62,201,,0*77
$GBGSV,4,2,14,10,04,162,,19,21,284,,23,16,060,,27,02,161,,0*70
$GBGSV,4,3,14,30,38,197,,35,05,320,,37,34,112,,59,08,095,,0*79
$GBGSV,4,4,14,60,60,149,,61,35,113,,0*7C
$GQGSV,1,1,02,04,20,074,37,07,19,104,33,1*6C
$GQGSV,1,1,02,04,20,074,35,07,19,104,46,6*6B
$GQGSV,1,1,01,03,00,132,,0*56
$GNGLL,2454.23249,N,06708.26907,E,150629.00,A,D*71
$GNRMC,150630.00,A,2454.23249,N,06708.26907,E,0.025,,050525,,,R,V*0C
$GNVTG,,T,,M,0.025,N,0.046,K,D*3D
$GNGGA,150630.00,2454.23249,N,06708.26907,E,4,12,0.60,21.8,M,-44.2,M,1.0,0292*7B
$GNGSA,A,3,10,27,28,32,31,01,02,08,23,,,,1.23,0.60,1.08,1*09
$GNGSA,A,3,87,81,74,88,75,65,66,72,,,,,1.23,0.60,1.08,2*0C
$GNGSA,A,3,07,08,03,15,,,,,,,,,1.23,0.60,1.08,3*04
$GNGSA,A,3,09,06,13,20,16,29,32,38,39,,,,1.23,0.60,1.08,4*08
$GNGSA,A,3,04,07,,,,,,,,,,,1.23,0.60,1.08,5*09
$GPGSV,4,1,13,01,13,321,31,02,40,313,44,08,19,260,35,10,45,058,47,1*69
$GPGSV,4,2,13,23,14,095,38,25,05,092,37,27,19,221,39,28,63,143,47,1*62
$GPGSV,4,3,13,31,41,180,47,32,54,014,49,36,34,246,42,40,59,208,47,1*61
$GPGS