$GNRMC,141002.00,A,2454.26824,N,06708.28611,E,0.061,,080425,,,F,V*11
$GNVTG,,T,,M,0.061,N,0.113,K,D*3C
$GNGGA,141002.00,2454.26824,N,06708.28611,E,5,12,1.45,22.3,M,-44.2,M,2.0,0100*7A
$GNGSA,A,3,18,32,10,29,24,,,,,,,,3.06,1.45,2.70,1*05
$GNGSA,A,3,69,82,,,,,,,,,,,3.06,1.45,2.70,2*07
$GNGSA,A,3,,,,,,,,,,,,,3.06,1.45,2.70,3*03
$GNGSA,A,3,10,39,06,09,07,,,,,,,,3.06,1.45,2.70,4*07
$GNGSA,A,3,03,,,,,,,,,,,,3.06,1.45,2.70,5*06
$GPGSV,2,1,05,10,47,306,37,18,55,075,27,24,23,086,33,29,18,161,34,1*65
$GPGSV,2,2,05,32,43,207,34,1*55
$GPGSV,2,1,05,10,47,306,33,18,55,075,30,24,23,086,25,29,18,161,30,6*63
$GPGSV,2,2,05,32,43,207,31,6*57
$GPGSV,1,1,01,08,01,323,,0*5F
$GLGSV,1,1,02,69,73,288,33,82,22,132,27,1*7C
$GLGSV,1,1,03,69,73,288,27,82,22,132,37,83,59,099,14,3*49
$GLGSV,1,1,02,70,16,225,,84,38,343,,0*7D
$GAGSV,1,1,00,0*74
$GBGSV,1,1,04,06,28,125,29,07,11,157,27,09,24,139,34,39,31,106,38,1*75
$GBGSV,1,1,04,06,28,125,34,07,11,157,26,09,24,139,29,10,21,164,37,B*06
$GQGSV,1,1,01,03,13,110,38,1*5E
$GQGSV,1,1,01,03,13,110,26,6*56
$GNGLL,2454.26824,N,06708.28611,E,141002.00,A,D*7C
$GNRMC,141003.00,A,2454.26822,N,06708.28611,E,0.013,,080425,,,F,V*13
$GNVTG,,T,,M,0.013,N,0.023,K,D*3B
$GNGGA,141003.00,2454.26822,N,06708.28611,E,5,12,1.45,22.3,M,-44.2,M,1.0,0100*7E
$GNGSA,A,3,18,32,10,29,24,,,,,,,,3.06,1.45,2.70,1*05
$GNGSA,A,3,69,82,,,,,,,,,,,3.06,1.45,2.70,2*07
$GNGSA,A,3,,,,,,,,,,,,,3.06,1.45,2.70,3*03
$GNGSA,A,3,10,39,06,09,07,,,,,,,,3.06,1.45,2.70,4*07
$GNGSA,A,3,03,,,,,,,,,,,,3.06,1.45,2.70,5*06
$GPGSV,2,1,05,10,47,306,37,18,55,075,27,24,23,086,33,29,18,161,35,1*64
$GPGSV,2,2,05,32,43,207,34,1*55
$GPGSV,2,1,05,10,47,306,33,18,55,075,31,24,23,086,25,29,18,161,30,6*62
$GPGSV,2,2,05,32,43,207,31,6*57
$GPGSV,1,1,01,08,01,323,,0*5F
$GLGSV,1,1,02,69,73,288,33,82,22,132,26,1*7D
$GLGSV,1,1,03,69,73,288,26,82,22,132,37,83,59,099,14,3*48
$GLGSV,1,1,02,70,16,225,,84,38,343,,0*7D
$GAGSV,1,1,00,0*74
$GBGSV,1,1,04,06,28,125,29,07,11,157,27,09,24,139,34,39,31,106,37,1*7A
$GBGSV,1,1,04,06,28,125,34,07,11,157,26,09,24,139,29,10,21,164,37,B*06
$GQGSV,1,1,01,03,13,110,38,1*5E
$GQGSV,1,1,01,03,13,110,26,6*56
$GNGLL,2454.26822,N,06708.28611,E,141003.00,A,D*7B
$GNRMC,141004.00,A,2454.26821,N,06708.28611,E,0.026,,080425,,,F,V*11
$GNVTG,,T,,M,0.026,N,0.048,K,D*30
$GNGGA,141004.00,2454.26821,N,06708.28611,E,5,12,1.45,22.3,M,-44.2,M,2.0,0100*79
$GNGSA,A,3,18,32,10,29,24,,,,,,,,3.06,1.45,2.70,1*05
$GNGSA,A,3,69,82,,,,,,,,,,,3.06,1.45,2.70,2*07
$GNGSA,A,3,,,,,,,,,,,,,3.06,1.45,2.70,3*03
$GNGSA,A,3,10,39,06,09,07,,,,,,,,3.06,1.45,2.70,4*07
$GNGSA,A,3,03,,,,,,,,,,,,3.06,1.45,2.70,5*06
$GPGSV,2,1,05,10,47,306,37,18,55,075,27,24,23,086,33,29,18,161,35,1*64
$GPGSV,2,2,05,32,43,207,34,1*55
$GPGSV,2,1,05,10,47,306,33,18,55,075,30,24,23,086,25,29,18,161,30,6*63
$GPGSV,2,2,05,32,43,207,31,6*57
$GPGSV,1,1,01,08,01,323,,0*5F
$GLGSV,1,1,02,69,73,288,33,82,22,132,26,1*7D
$GLGSV,1,1,03,69,73,288,26,82,22,132,37,83,59,099,16,3*4A
$GLGSV,1,1,02,70,16,225,,84,38,343,,0*7D
$GAGSV,1,1,00,0*74
$GBGSV,1,1,04,06,28,125,29,07,11,157,27,09,24,139,35,39,31,106,38,1*74
$GBGSV,1,1,04,06,28,125,34,07,11,157,26,09,24,139,29,10,21,164,37,B*06
$GQGSV,1,1,01,03,13,110,38,1*5E
$GQGSV,1,1,01,03,13,110,26,6*56
$GNGLL,2454.26821,N,06708.28611,E,141004.00,A,D*7F
$GNRMC,141005.00,A,2454.26819,N,06708.28612,E,0.042,,080425,,,F,V*1A
$GNVTG,,T,,M,0.042,N,0.078,K,D*31
$GNGGA,141005.00,2454.26819,N,06708.28612,E,5,12,1.45,22.4,M,-44.2,M,1.0,0100*74
$GNGSA,A,3,18,32,10,29,24,,,,,,,,3.06,1.45,2.70,1*05
$GNGSA,A,3,69,82,,,,,,,,,,,3.06,1.45,2.70,2*07
$GNGSA,A,3,,,,,,,,,,,,,3.06,1.45,2.70,3*03
$GNGSA,A,3,10,39,06,09,07,,,,,,,,3.06,1.45,2.70,4*07
$GNGSA,A,3,03,,,,,,,,,,,,3.06,1.45,2.70,5*06
$GPGSV,2,1,05,10,47,306,37,18,55,075,26,24,23,086,33,29,18,161,34,1*64
$GPGSV,2,2,05,32,43,207,34,1*55
$GPGSV,2,1,05,10,47,306,33,18,55,075,30,24,23,086,25,29,18,161,30,6*63
$GPGSV,2,2,05,32,43,207,31,6*57
$GPGSV,1,1,01,08,01,323,,0*5F
$GLGSV,1,1,02,69,73,288,33,82,22,132,26,1*7D
$GLGSV,1,1,03,69,73,288,26,82,22,132,37,83,59,099,16,3*4A
$GLGSV,1,1,02,70,16,225,,84,38,343,,0*7D
$GAGSV,1,1,00,0*74
$GBGSV,1,1,04,06,28,125,29,07,11,157,28,09,24,139,34,39,31,106,38,1*7A
$GBGSV,1,1,04,06,28,125,34,07,11,157,26,09,24,139,29,10,21,164,37,B*06
$GQGSV,1,1,01,03,13,110,38,1*5E
$GQGSV,1,1,01,03,13,110,26,6*56
$GNGLL,2454.26819,N,06708.28612,E,141005.00,A,D*76
$GNRMC,141006.00,A,2454.26817,N,06708.28612,E,0.059,,080425,,,F,V*1D
$GNVTG,,T,,M,0.059,N,0.109,K,D*3C
$GNGGA,141006.00,2454.26817,N,06708.28612,E,5,12,1.45,22.4,M,-44.2,M,2.0,0100*7A
$GNGSA,A,3,18,32,10,29,24,,,,,,,,3.06,1.45,2.70,1*05
$GNGSA,A,3,69,82,,,,,,,,,,,3.06,1.45,2.70,2*07
$GNGSA,A,3,,,,,,,,,,,,,3.06,1.45,2.70,3*03
$GNGSA,A,3,10,39,06,09,07,,,,,,,,3.06,1.45,2.70,4*07
$GNGSA,A,3,03,,,,,,,,,,,,3.06,1.45,2.70,5*06
$GPGSV,2,1,05,10,47,306,37,18,55,075,25,24,23,086,33,29,18,161,34,1*67
$GPGSV,2,2,05,32,43,207,34,1*55
$GPGSV,2,1,05,10,47,306,33,18,55,075,30,24,23,086,25,29,18,161,30,6*63
$GPGSV,2,2,05,32,43,207,31,6*57
$GPGSV,1,1,01,08,01,323,,0*5F
$GLGSV,1,1,03,69,73,288,33,82,22,132,26,83,59,099,14,1*4E
$GLGSV,1,1,04,69,73,288,26,82,22,132,37,83,59,099,15,84,38,343,21,3*7E
$GLGSV,1,1,01,70,16,225,,0*4D
$GAGSV,1,1,00,0*74
$GBGSV,1,1,04,06,28,125,29,07,11,157,28,09,24,139,34,39,31,106,38,1*7A
$GBGSV,1,1,04,06,28,125,34,07,11,157,26,09,24,139,29,10,21,164,37,B*06
$GQGSV,1,1,01,03,13,110,38,1*5E
$GQGSV,1,1,01,03,13,110,25,6*55
$GNGLL,2454.26817,N,06708.28612,E,141006.00,A,D*7B
$GNRMC,141007.00,A,2454.26815,N,06708.28612,E,0.016,,080425,,,F,V*15
$GNVTG,,T,,M,0.016,N,0.030,K,D*3C
$GNGGA,141007.00,2454.26815,N,06708.28612,E,5,12,1.45,22.4,M,-44.2,M,1.0,0100*7A
$GNGSA,A,3,18,32,10,29,24,,,,,,,,3.06,1.45,2.70,1*05
$GNGSA,A,3,69,82,,,,,,,,,,,3.06,1.45,2.70,2*07
$GNGSA,A,3,,,,,,,,,,,,,3.06,1.45,2.70,3*03
$GNGSA,A,3,10,39,06,09,07,,,,,,,,3.06,1.45,2.70,4*07
$GNGSA,A,3,03,,,,,,,,,,,,3.06,1.45,2.70,5*06
$GPGSV,2,1,05,10,47,306,37,18,55,075,25,24,23,086,32,29,18,161,34,1*66
$GPGSV,2,2,05,32,43,207,34,1*55
$GPGSV,2,1,05,10,47,306,33,18,55,075,30,24,23,086,26,29,18,161,30,6*60
$GPGSV,2,2,05,32,43,207,31,6*57
$GPGSV,1,1,01,08,01,323,,0*5F
$GLGSV,1,1,03,69,73,288,33,82,22,132,26,83,59,099,15,1*4F
$GLGSV,1,1,04,69,73,288,26,82,22,132,37,83,59,099,15,84,38,343,18,3*74
$GLGSV,1,1,01,70,16,225,,0*4D
$GAGSV,1,1,00,0*74
$GBGSV,1,1,04,06,28,125,29,07,11,157,28,09,24,139,34,39,31,106,38,1*7A
$GBGSV,1,1,04,06,28,125,34,07,11,157,26,09,24,139,29,10,21,164,37,B*06
$GQGSV,1,1,01,03,13,110,38,1*5E
$GQGSV,1,1,01,03,13,110,25,6*55
$GNGLL,2454.26815,N,06708.28612,E,141007.00,A,D*78
$GNRMC,141008.00,A,2454.26814,N,06708.28612,E,0.034,,080425,,,F,V*1B
$GNVTG,,T,,M,0.034,N,0.063,K,D*3A
$GNGGA,141008.00,2454.26814,N,06708.28612,E,5,12,1.45,22.4,M,-44.2,M,2.0,0100*77
$GNGSA,A,3,18,32,10,29,24,,,,,,,,3.06,1.45,2.70,1*05
$GNGSA,A,3,69,82,,,,,,,,,,,3.06,1.45,2.70,2*07
$GNGSA,A,3,,,,,,,,,,,,,3.06,1.45,2.70,3*03
$GNGSA,A,3,10,39,06,09,07,,,,,,,,3.06,1.45,2.70,4*07
$GNGSA,A,3,03,,,,,,,,,,,,3.06,1.45,2.70,5*06
$GPGSV,2,1,05,10,47,306,37,18,55,075,25,24,23,086,32,29,18,161,34,1*66
$GPGSV,2,2,05,32,43,207,33,1*52
$GPGSV,2,1,05,10,47,306,33,18,55,075,30,24,23,086,26,29,18,161,30,6*60
$GPGSV,2,2,05,32,43,207,31,6*57
$GPGSV,1,1,01,08,01,323,,0*5F
$GLGSV,1,1,03,69,73,288,33,82,22,132,26,83,59,099,16,1*4C
$GLGSV,1,1,04,69,73,288,26,82,22,132,37,83,59,099,15,84,38,343,16,3*7A
$GLGSV,1,1,01,70,16,225,,0*4D
$GAGSV,1,1,00,0*74
$GBGSV,1,1,04,06,28,125,29,07,11,157,28,09,24,139,34,39,31,106,38,1*7A
$GBGSV,1,1,04,06,28,125,34,07,11,157,26,09,24,139,29,10,21,164,37,B*06
$GQGSV,1,1,01,03,13,110,38,1*5E
$GQGSV,1,1,01,03,13,110,26,6*56
$GNGLL,2454.26814,N,06708.28612,E,141008.00,A,D*76
$GNRMC,141009.00,A,2454.26813,N,06708.28611,E,0.012,,080425,,,F,V*1A
$GNVTG,,T,,M,0.012,N,0.023,K,D*3A
$GNGGA,141009.00,2454.26813,N,06708.28611,E,5,12,1.45,22.4,M,-44.2,M,1.0,0100*71
$GNGSA,A,3,18,32,10,29,24,,,,,,,,3.06,1.45,2.70,1*05
$GNGSA,A,3,69,82,,,,,,,,,,,3.06,1.45,2.70,2*07
$GNGSA,A,3,,,,,,,,,,,,,3.06,1.45,2.70,3*03
$GNGSA,A,3,10,39,06,09,07,,,,,,,,3.06,1.45,2.70,4*07
$GNGSA,A,3,03,,,,,,,,,,,,3.06,1.45,2.70,5*06
$GPGSV,2,1,05,10,47,306,37,18,55,075,24,24,23,086,33,29,18,161,34,1*66
$GPGSV,2,2,05,32,43,207,33,1*52
$GPGSV,2,1,05,10,47,306,33,18,55,075,30,24,23,086,26,29,18,161,30,6*60
$GPGSV,2,2,05,32,43,207,31,6*57
$GPGSV,1,1,01,08,01,323,,0*5F
$GLGSV,1,1,03,69,73,288,33,82,22,132,26,83,59,099,15,1*4F
$GLGSV,1,1,04,69,73,288,26,82,22,132,37,83,59,099,16,84,38,343,14,3*7B
$GLGSV,1,1,01,70,16,225,,0*4D
$GAGSV,1,1,00,0*74
$GBGSV,1,1,04,06,28,125,29,07,11,157,28,09,24,139,35,39,31,106,38,1*7B
$GBGSV,1,1,04,06,28,125,34,07,11,157,26,09,24,139,29,10,21,164,37,B*06
$GQGSV,1,1,01,03,13,110,38,1*5E
$GQGSV,1,1,01,03,13,110,26,6*56
$GNGLL,2454.26813,N,06708.28611,E,141009.00,A,D*73
$GNRMC,141010.00,A,2454.26811,N,06708.28610,E,0.012,,080425,,,F,V*11
$GNVTG,,T,,M,0.012,N,0.022,K,D*3B
$GNGGA,141010.00,2454.26811,N,06708.28610,E,5,12,1.45,22.4,M,-44.2,M,2.0,0100*79
$GNGSA,A,3,18,32,10,29,24,,,,,,,,3.06,1.45,2.70,1*05
$GNGSA,A,3,69,82,,,,,,,,,,,3.06,1.45,2.70,2*07
$GNGSA,A,3,,,,,,,,,,,,,3.06,1.45,2.70,3*03
$GNGSA,A,3,10,39,06,09,07,,,,,,,,3.06,1.45,2.70,4*07
$GNGSA,A,3,03,,,,,,,,,,,,3.06,1.45,2.70,5*06
$GPGSV,2,1,05,10,47,306,37,18,55,075,23,24,23,086,33,29,18,161,34,1*61
$GPGSV,2,2,05,32,43,207,34,1*55
$GPGSV,2,1,05,10,47,306,33,18,55,075,30,24,23,086,26,29,18,161,30,6*60
$GPGSV,2,2,05,32,43,207,31,6*57
$GPGSV,1,1,01,08,01,323,,0*5F
$GLGSV,1,1,03,69,73,288,33,82,22,132,26,83,59,099,16,1*4C
$GLGSV,1,1,04,69,73,288,26,82,22,132,37,83,59,099,16,84,38,343,12,3*7D
$GLGSV,1,1,01,70,16,225,,0*4D
$GAGSV,1,1,00,0*74
$GBGSV,1,1,04,06,28,125,29,07,11,157,28,09,24,139,34,39,31,106,38,1*7A
$GBGSV,1,1,04,06,28,125,34,07,11,157,26,09,24,139,30,10,21,164,37,B*0E
$GQGSV,1,1,01,03,13,110,38,1*5E
$GQGSV,1,1,01,03,13,110,26,6*56
$GNGLL,2454.26811,N,06708.28610,E,141010.00,A,D*78
$GNRMC,141011.00,A,2454.26809,N,06708.28610,E,0.042,,080425,,,F,V*1C
$GNVTG,,T,,M,0.042,N,0.079,K,D*30
$GNGGA,141011.00,2454.26809,N,06708.28610,E,5,12,1.45,22.4,M,-44.2,M,1.0,0100*72
$GNGSA,A,3,18,32,10,29,24,,,,,,,,3.06,1.45,2.70,1*05
$GNGSA,A,3,69,82,,,,,,,,,,,3.06,1.45,2.70,2*07
$GNGSA,A,3,,,,,,,,,,,,,3.06,1.45,2.70,3*03
$GNGSA,A,3,10,39,06,09,07,,,,,,,,3.06,1.45,2.70,4*07
$GNGSA,A,3,03,,,,,,,,,,,,3.06,1.45,2.70,5*06
$GPGSV,2,1,05,10,47,306,37,18,55,075,22,24,23,086,33,29,18,161,34,1*60
$GPGSV,2,2,05,32,43,207,34,1*55
$GPGSV,2,1,05,10,47,306,33,18,55,075,29,24,23,086,26,29,18,161,29,6*60
$GPGSV,2,2,05,32,43,207,31,6*57
$GPGSV,1,1,01,08,01,323,,0*5F
$GLGSV,1,1,03,69,73,288,33,82,22,132,26,83,59,099,16,1*4C
$GLGSV,1,1,04,69,73,288,26,82,22,132,37,83,59,099,16,84,38,343,13,3*7C
$GLGSV,1,1,01,70,16,225,,0*4D
$GAGSV,1,1,00,0*74
$GBGSV,1,1,04,06,28,125,29,07,11,157,28,09,24,139,34,39,31,106,38,1*7A
$GBGSV,1,1,04,06,28,125,34,07,11,157,26,09,24,139,30,10,21,164,37,B*0E
$GQGSV,1,1,01,03,13,110,38,1*5E
$GQGSV,1,1,01,03,13,110,26,6*56
$GNGLL,2454.26809,N,06708.28610,E,141011.00,A,D*70
$GNRMC,141012.00,A,2454.26807,N,06708.28609,E,0.045,,080425,,,F,V*1E
$GNVTG,,T,,M,0.045,N,0.084,K,D*35
$GNGGA,141012.00,2454.26807,N,06708.28609,E,5,12,1.45,22.4,M,-44.2,M,2.0,0100*74
$GNGSA,A,3,18,32,10,29,24,,,,,,,,3.06,1.45,2.70,1*05
$GNGSA,A,3,69,82,,,,,,,,,,,3.06,1.45,2.70,2*07
$GNGSA,A,3,,,,,,,,,,,,,3.06,1.45,2.70,3*03
$GNGSA,A,3,10,39,06,09,07,,,,,,,,3.06,1.45,2.70,4*07
$GNGSA,A,3,03,,,,,,,,,,,,3.06,1.45,2.70,5*06
$GPGSV,2,1,05,10,47,306,37,18,55,075,22,24,23,086,33,29,18,161,34,1*60
$GPGSV,2,2,05,32,43,207,34,1*55
$GPGSV,2,1,05,10,47,306,33,18,55,075,29,24,23,086,26,29,18,161,30,6*68
$GPGSV,2,2,05,32,43,207,31,6*57
$GPGSV,1,1,01,08,01,323,,0*5F
$GLGSV,1,1,03,69,73,288,33,82,22,132,26,83,59,099,16,1*4C
$GLGSV,1,1,04,69,73,288,26,82,22,132,37,83,59,099,16,84,38,343,13,3*7C
$GLGSV,1,1,01,70,16,225,,0*4D
$GAGSV,1,1,00,0*74
$GBGSV,1,1,04,06,28,125,29,07,11,157,28,09,24,139,35,39,31,106,38,1*7B
$GBGSV,1,1,04,06,28,125,34,07,11,157,26,09,24,139,30,10,21,164,37,B*0E
$GQGSV,1,1,01,03,13,110,38,1*5E
$GQGSV,1,1,01,03,13,110,26,6*56
$GNGLL,2454.26807,N,06708.28609,E,141012.00,A,D*75
$GNRMC,141013.00,A,2454.26806,N,06708.28608,E,0.003,,080425,,,F,V*1D
$GNVTG,,T,,M,0.003,N,0.006,K,D*3D
$GNGGA,141013.00,2454.26806,N,06708.28608,E,5,12,1.45,22.3,M,-44.2,M,1.0,0100*71
$GNGSA,A,3,18,32,10,29,24,,,,,,,,3.06,1.45,2.70,1*05
$GNGSA,A,3,69,82,,,,,,,,,,,3.06,1.45,2.70,2*07
$GNGSA,A,3,,,,,,,,,,,,,3.06,1.45,2.70,3*03
$GNGSA,A,3,10,39,06,09,07,,,,,,,,3.06,1.45,2.70,4*07
$GNGSA,A,3,03,,,,,,,,,,,,3.06,1.45,2.70,5*06
$GPGSV,2,1,05,10,47,306,37,18,55,075,22,24,23,086,32,29,18,161,34,1*61
$GPGSV,2,2,05,32,43,207,34,1*55
$GPGSV,2,1,05,10,47,306,33,18,55,075,29,24,23,086,26,29,18,161,29,6*60
$GPGSV,2,2,05,32,43,207,30,6*56
$GPGSV,1,1,01,08,01,323,,0*5F
$GLGSV,1,1,03,69,73,288,33,82,22,132,26,83,59,099,15,1*4F
$GLGSV,1,1,04,69,73,288,26,82,22,132,37,83,59,099,17,84,38,343,13,3*7D
$GLGSV,1,1,01,70,16,225,,0*4D
$GAGSV,1,1,00,0*74
$GBGSV,1,1,04,06,28,125,29,07,11,157,28,09,24,139,34,39,31,106,38,1*7A
$GBGSV,1,1,04,06,28,125,34,07,11,157,26,09,24,139,30,10,21,164,37,B*0E
$GQGSV,1,1,01,03,13,110,38,1*5E
$GQGSV,1,1,01,03,13,110,26,6*56
$GNGLL,2454.26806,N,06708.28608,E,141013.00,A,D*74
$GNRMC,141014.00,A,2454.26806,N,06708.28607,E,0.027,,080425,,,F,V*13
$GNVTG,,T,,M,0.027,N,0.051,K,D*39
$GNGGA,141014.00,2454.26806,N,06708.28607,E,5,12,1.45,22.3,M,-44.2,M,2.0,0100*7A
$GNGSA,A,3,18,32,10,29,24,,,,,,,,3.06,1.45,2.70,1*05
$GNGSA,A,3,69,82,,,,,,,,,,,3.06,1.45,2.70,2*07
$GNGSA,A,3,,,,,,,,,,,,,3.06,1.45,2.70,3*03
$GNGSA,A,3,10,39,06,09,07,,,,,,,,3.06,1.45,2.70,4*07
$GNGSA,A,3,03,,,,,,,,,,,,3.06,1.45,2.70,5*06
$GPGSV,2,1,05,10,47,306,37,18,55,075,21,24,23,086,32,29,18,161,34,1*62
$GPGSV,2,2,05,32,43,207,34,1*55
$GPGSV,2,1,05,10,47,306,33,18,55,075,29,24,23,086,26,29,18,161,30,6*68
$GPGSV,2,2,05,32,43,207,30,6*56
$GPGSV,1,1,01,08,01,323,,0*5F
$GLGSV,1,1,03,69,73,288,34,82,22,132,26,83,59,099,15,1*48
$GLGSV,1,1,04,69,73,288,26,82,22,132,37,83,59,099,16,84,38,343,13,3*7C
$GLGSV,1,1,01,70,16,225,,0*4D
$GAGSV,1,1,00,0*74
$GBGSV,1,1,04,06,28,125,29,07,11,157,28,09,24,139,34,39,31,106,38,1*7A
$GBGSV,1,1,04,06,28,125,34,07,11,157,25,09,24,139,30,10,21,164,37,B*0D
$GQGSV,1,1,01,03,13,110,38,1*5E
$GQGSV,1,1,01,03,13,110,26,6*56
$GNGLL,2454.26806,N,06708.28607,E,141014.00,A,D*7C
$GNRMC,141015.00,A,2454.26807,N,06708.28606,E,0.069,,080425,,,F,V*18
$GNVTG,,T,,M,0.069,N,0.128,K,D*3C
$GNGGA,141015.00,2454.26807,N,06708.28606,E,5,12,1.45,22.2,M,-44.2,M,1.0,0100*79
$GNGSA,A,3,18,32,10,29,24,,,,,,,,3.06,1.45,2.70,1*05
$GNGSA,A,3,69,82,,,,,,,,,,,3.06,1.45,2.70,2*07
$GNGSA,A,3,,,,,,,,,,,,,3.06,1.45,2.70,3*03
$GNGSA,A,3,10,39,06,09,07,,,,,,,,3.06,1.45,2.70,4*07
$GNGSA,A,3,03,,,,,,,,,,,,3.06,1.45,2.70,5*06
$GPGSV,2,1,05,10,47,306,37,18,55,075,20,24,23,086,32,29,18,161,34,1*63
$GPGSV,2,2,05,32,43,207,34,1*55
$GPGSV,2,1,05,10,47,306,33,18,55,075,29,24,23,086,26,29,18,161,30,6*68
$GPGSV,2,2,05,32,43,207,30,6*56
$GPGSV,1,1,01,08,01,323,,0*5F
$GLGSV,1,1,03,69,73,288,33,82,22,132,26,83,59,099,14,1*4E
$GLGSV,1,1,04,69,73,288,26,82,22,132,37,83,59,099,16,84,38,343,14,3*7B
$GLGSV,1,1,01,70,16,225,,0*4D
$GAGSV,1,1,00,0*74
$GBGSV,1,1,04,06,28,125,29,07,11,157,28,09,24,139,34,39,31,106,38,1*7A
$GBGSV,1,1,04,06,28,125,34,07,11,157,25,09,24,139,30,10,21,164,37,B*0D
$GQGSV,1,1,01,03,13,110,38,1*5E
$GQGSV,1,1,01,03,13,110,26,6*56
$GNGLL,2454.26807,N,06708.28606,E,141015.00,A,D*7D
$GNRMC,141016.00,A,2454.26807,N,06708.28606,E,0.014,,080425,,,F,V*11
$GNVTG,,T,,M,0.014,N,0.026,K,D*39
$GNGGA,141016.00,2454.26807,N,06708.28606,E,5,12,1.45,22.2,M,-44.2,M,2.0,0100*79
$GNGSA,A,3,18,32,10,29,24,,,,,,,,3.06,1.45,2.70,1*05
$GNGSA,A,3,69,82,,,,,,,,,,,3.06,1.45,2.70,2*07
$GNGSA,A,3,,,,,,,,,,,,,3.06,1.45,2.70,3*03
$GNGSA,A,3,10,39,06,09,07,,,,,,,,3.06,1.45,2.70,4*07
$GNGSA,A,3,03,,,,,,,,,,,,3.06,1.45,2.70,5*06
$GPGSV,2,1,05,10,47,306,37,18,55,075,20,24,23,086,33,29,18,161,34,1*62
$GPGSV,2,2,05,32,43,207,34,1*55
$GPGSV,2,1,05,10,47,306,34,18,55,075,29,24,23,086,26,29,18,161,30,6*6F
$GPGSV,2,2,05,32,43,207,30,6*56
$GPGSV,1,1,01,08,01,323,,0*5F
$GLGSV,1,1,03,69,73,288,34,82,22,132,25,83,59,099,13,1*4D
$GLGSV,1,1,04,69,73,288,26,82,22,132,37,83,59,099,17,84,38,343,14,3*7A
$GLGSV,1,1,01,70,16,225,,0*4D
$GAGSV,1,1,00,0*74
$GBGSV,1,1,04,06,28,125,29,07,11,157,28,09,24,139,34,39,31,106,38,1*7A
$GBGSV,1,1,04,06,28,125,34,07,11,157,25,09,24,139,30,10,21,164,37,B*0D
$GQGSV,1,1,01,03,13,110,38,1*5E
$GQGSV,1,1,01,03,13,110,26,6*56
$GNGLL,2454.26807,N,06708.28606,E,141016.00,A,D*7E
$GNRMC,141017.00,A,2454.26808,N,06708.28608,E,0.026,,080425,,,F,V*10
$GNVTG,,T,,M,0.026,N,0.048,K,D*30
$GNGGA,141017.00,2454.26808,N,06708.28608,E,5,12,1.45,22.2,M,-44.2,M,1.0,0100*7A
$GNGSA,A,3,18,32,10,29,24,,,,,,,,3.06,1.45,2.70,1*05
$GNGSA,A,3,69,82,,,,,,,,,,,3.06,1.45,2.70,2*07
$GNGSA,A,3,,,,,,,,,,,,,3.06,1.45,2.70,3*03
$GNGSA,A,3,10,39,06,09,07,,,,,,,,3.06,1.45,2.70,4*07
$GNGSA,A,3,03,,,,,,,,,,,,3.06,1.45,2.70,5*06
$GPGSV,2,1,05,10,47,306,37,18,55,075,19,24,23,086,32,29,18,161,34,1*69
$GPGSV,2,2,05,32,43,207,34,1*55
$GPGSV,2,1,05,10,47,306,34,18,55,075,29,24,23,086,27,29,18,161,30,6*6E
$GPGSV,2,2,05,32,43,207,30,6*56
$GPGSV,1,1,01,08,01,323,,0*5F
$GLGSV,1,1,03,69,73,288,34,82,22,132,24,83,59,099,14,1*4B
$GLGSV,1,1,04,69,73,288,26,82,22,132,37,83,59,099,18,84,38,343,13,3*72
$GLGSV,1,1,01,70,16,225,,0*4D
$GAGSV,1,1,00,0*74
$GBGSV,1,1,04,06,28,125,29,07,11,157,28,09,24,139,34,39,31,106,38,1*7A
$GBGSV,1,1,04,06,28,125,34,07,11,157,25,09,24,139,30,10,21,164,37,B*0D
$GQGSV,1,1,01,03,13,110,38,1*5E
$GQGSV,1,1,01,03,13,110,26,6*56
$GNGLL,2454.26808,N,06708.28608,E,141017.00,A,D*7E
$GNRMC,141018.00,A,2454.26807,N,06708.28608,E,0.029,,080425,,,F,V*1F
$GNVTG,,T,,M,0.029,N,0.053,K,D*35
$GNGGA,141018.00,2454.26807,N,06708.28608,E,5,12,1.45,22.2,M,-44.2,M,2.0,0100*79
$GNGSA,A,3,18,32,10,29,24,,,,,,,,3.06,1.45,2.70,1*05
$GNGSA,A,3,69,82,,,,,,,,,,,3.06,1.45,2.70,2*07
$GNGSA,A,3,,,,,,,,,,,,,3.06,1.45,2.70,3*03
$GNGSA,A,3,10,39,06,09,07,,,,,,,,3.06,1.45,2.70,4*07
$GNGSA,A,3,03,,,,,,,,,,,,3.06,1.45,2.70,5*06
$GPGSV,2,1,05,10,47,306,37,18,55,075,19,24,23,086,32,29,18,161,34,1*69
$GPGSV,2,2,05,32,43,207,34,1*55
$GPGSV,2,1,05,10,47,306,34,18,55,075,29,24,23,086,27,29,18,161,29,6*66
$GPGSV,2,2,05,32,43,207,30,6*56
$GPGSV,1,1,01,08,01,323,,0*5F
$GLGSV,1,1,03,69,73,288,33,82,22,132,24,83,59,099,13,1*4B
$GLGSV,1,1,04,69,73,288,26,82,22,132,37,83,59,099,17,84,38,343,14,3*7A
$GLGSV,1,1,01,70,16,225,,0*4D
$GAGSV,1,1,00,0*74
$GBGSV,1,1,04,06,28,125,29,07,11,157,28,09,24,139,34,39,31,106,38,1*7A
$GBGSV,1,1,04,06,28,125,34,07,11,157,25,09,24,139,30,10,21,164,37,B*0D
$GQGSV,1,1,01,03,13,110,38,1*5E
$GQGSV,1,1,01,03,13,110,26,6*56
$GNGLL,2454.26807,N,06708.28608,E,141018.00,A,D*7E
$GNRMC,141019.00,A,2454.26807,N,06708.28608,E,0.012,,080425,,,F,V*16
$GNVTG,,T,,M,0.012,N,0.022,K,D*3B
$GNGGA,141019.00,2454.26807,N,06708.28608,E,5,12,1.45,22.2,M,-44.2,M,1.0,0100*7B
$GNGSA,A,3,18,32,10,29,24,,,,,,,,3.06,1.45,2.69,1*0D
$GNGSA,A,3,69,82,,,,,,,,,,,3.06,1.45,2.69,2*0F
$GNGSA,A,3,,,,,,,,,,,,,3.06,1.45,2.69,3*0B
$GNGSA,A,3,10,39,06,09,07,,,,,,,,3.06,1.45,2.69,4*0F
$GNGSA,A,3,03,,,,,,,,,,,,3.06,1.45,2.69,5*0E
$GPGSV,2,1,05,10,47,306,37,18,55,075,19,24,23,086,32,29,18,161,33,1*6E
$GPGSV,2,2,05,32,43,207,34,1*55
$GPGSV,2,1,05,10,47,306,33,18,55,075,29,24,23,086,27,29,18,161,30,6*69
$GPGSV,2,2,05,32,43,207,30,6*56
$GPGSV,1,1,01,08,01,323,,0*5F
$GLGSV,1,1,03,69,73,288,33,82,22,132,24,83,59,099,13,1*4B
$GLGSV,1,1,04,69,73,288,26,82,22,132,37,83,59,099,15,84,38,343,14,3*78
$GLGSV,1,1,01,70,16,225,,0*4D
$GAGSV,1,1,00,0*74
$GBGSV,1,1,04,06,28,125,29,07,11,157,28,09,24,139,35,39,31,106,38,1*7B
$GBGSV,1,1,04,06,28,125,34,07,11,157,25,09,24,139,30,10,21,164,37,B*0D
$GQGSV,1,1,01,03,13,110,38,1*5E
$GQGSV,1,1,01,03,13,110,26,6*56
$GNGLL,2454.26807,N,06708.28608,E,141019.00,A,D*7F
$GNRMC,141020.00,A,2454.26807,N,06708.28609,E,0.006,,080425,,,F,V*18
$GNVTG,,T,,M,0.006,N,0.011,K,D*3E
$GNGGA,141020.00,2454.26807,N,06708.28609,E,5,12,1.45,22.2,M,-44.2,M,2.0,0100*73
$GNGSA,A,3,18,32,10,29,24,,,,,,,,3.06,1.45,2.69,1*0D
$GNGSA,A,3,69,82,,,,,,,,,,,3.06,1.45,2.69,2*0F
$GNGSA,A,3,,,,,,,,,,,,,3.06,1.45,2.69,3*0B
$GNGSA,A,3,10,39,06,09,07,,,,,,,,3.06,1.45,2.69,4*0F
$GNGSA,A,3,03,,,,,,,,,,,,3.06,1.45,2.69,5*0E
$GPGSV,2,1,05,10,47,306,37,18,55,075,19,24,23,086,32,29,18,161,33,1*6E
$GPGSV,2,2,05,32,43,207,34,1*55
$GPGSV,2,1,05,10,47,306,34,18,55,075,29,24,23,086,27,29,18,161,29,6*66
$GPGSV,2,2,05,32,43,207,30,6*56
$GPGSV,1,1,01,08,01,323,,0*5F
$GLGSV,1,1,03,69,73,288,33,82,22,132,24,83,59,099,13,1*4B
$GLGSV,1,1,04,69,73,288,26,82,22,132,37,83,59,099,15,84,38,343,13,3*7F
$GLGSV,1,1,01,70,16,225,,0*4D
$GAGSV,1,1,00,0*74
$GBGSV,1,1,04,06,28,125,29,07,11,157,28,09,24,139,35,39,31,106,38,1*7B
$GBGSV,1,1,04,06,28,125,34,07,11,157,25,09,24,139,30,10,21,164,37,B*0D
$GQGSV,1,1,01,03,13,110,38,1*5E
$GQGSV,1,1,01,03,13,110,27,6*57
$GNGLL,2454.26807,N,06708.28609,E,141020.00,A,D*74
$GNRMC,141021.00,A,2454.26808,N,06708.28610,E,0.032,,080425,,,F,V*19
$GNVTG,,T,,M,0.032,N,0.060,K,D*3F
$GNGGA,141021.00,2454.26808,N,06708.28610,E,5,12,1.45,22.2,M,-44.2,M,1.0,0100*76
$GNGSA,A,3,18,32,10,29,24,,,,,,,,3.06,1.45,2.69,1*0D
$GNGSA,A,3,69,82,,,,,,,,,,,3.06,1.45,2.69,2*0F
$GNGSA,A,3,,,,,,,,,,,,,3.06,1.45,2.69,3*0B
$GNGSA,A,3,10,39,06,09,07,,,,,,,,3.06,1.45,2.69,4*0F
$GNGSA,A,3,03,,,,,,,,,,,,3.06,1.45,2.69,5*0E
$GPGSV,2,1,05,10,47,306,37,18,55,075,19,24,23,086,32,29,18,161,33,1*6E
$GPGSV,2,2,05,32,43,207,34,1*55
$GPGSV,2,1,05,10,47,306,34,18,55,075,29,24,23,086,27,29,18,161,29,6*66
$GPGSV,2,2,05,32,43,207,30,6*56
$GPGSV,1,1,01,08,01,323,,0*5F
$GLGSV,1,1,03,69,73,288,33,82,22,132,25,83,59,099,13,1*4A
$GLGSV,1,1,04,69,73,288,26,82,22,132,37,83,59,099,15,84,38,343,11,3*7D
$GLGSV,1,1,01,70,16,225,,0*4D
$GAGSV,1,1,00,0*74
$GBGSV,1,1,04,06,28,125,29,07,11,157,28,09,24,139,35,39,31,106,38,1*7B
$GBGSV,1,1,04,06,28,125,34,07,11,157,25,09,24,139,30,10,21,164,37,B*0D
$GQGSV,1,1,01,03,13,110,38,1*5E
$GQGSV,1,1,01,03,13,110,27,6*57
$GNGLL,2454.26808,N,06708.28610,E,141021.00,A,D*72
$GNRMC,141022.00,A,2454.26808,N,06708.28610,E,0.047,,080425,,,F,V*18
$GNVTG,,T,,M,0.047,N,0.086,K,D*35
$GNGGA,141022.00,2454.26808,N,06708.28610,E,5,12,1.45,22.2,M,-44.2,M,2.0,0100*76
$GNGSA,A,3,18,32,10,29,24,,,,,,,,3.06,1.45,2.69,1*0D
$GNGSA,A,3,69,82,,,,,,,,,,,3.06,1.45,2.69,2*0F
$GNGSA,A,3,,,,,,,,,,,,,3.06,1.45,2.69,3*0B
$GNGSA,A,3,10,39,06,09,07,,,,,,,,3.06,1.45,2.69,4*0F
$GNGSA,A,3,03,,,,,,,,,,,,3.06,1.45,2.69,5*0E
$GPGSV,2,1,05,10,47,306,37,18,55,075,20,24,23,086,32,29,18,161,33,1*64
$GPGSV,2,2,05,32,43,207,34,1*55
$GPGSV,2,1,05,10,47,306,34,18,55,075,29,24,23,086,26,29,18,161,30,6*6F
$GPGSV,2,2,05,32,43,207,30,6*56
$GPGSV,1,1,01,08,01,323,,0*5F
$GLGSV,1,1,04,69,73,288,33,70,16,225,18,82,22,132,25,83,59,099,14,1*76
$GLGSV,1,1,04,69,73,288,25,82,22,132,37,83,59,099,16,84,38,343,11,3*7D
$GAGSV,1,1,00,0*74
$GBGSV,1,1,04,06,28,125,29,07,11,157,28,09,24,139,35,39,31,106,38,1*7B
$GBGSV,1,1,04,06,28,125,34,07,11,157,25,09,24,139,30,10,21,164,37,B*0D
$GQGSV,1,1,01,03,13,110,38,1*5E
$GQGSV,1,1,01,03,13,110,27,6*57
$GNGLL,2454.26808,N,06708.28610,E,141022.00,A,D*71
$GNRMC,141023.00,A,2454.26808,N,06708.28610,E,0.035,,080425,,,F,V*1C
$GNVTG,,T,,M,0.035,N,0.066,K,D*3E
$GNGGA,141023.00,2454.26808,N,06708.28610,E,5,12,1.45,22.2,M,-44.2,M,1.0,0100*74
$GNGSA,A,3,18,32,10,29,24,,,,,,,,3.06,1.45,2.69,1*0D
$GNGSA,A,3,69,82,,,,,,,,,,,3.06,1.45,2.69,2*0F
$GNGSA,A,3,,,,,,,,,,,,,3.06,1.45,2.69,3*0B
$GNGSA,A,3,10,39,06,09,07,,,,,,,,3.06,1.45,2.69,4*0F
$GNGSA,A,3,03,,,,,,,,,,,,3.06,1.45,2.69,5*0E
$GPGSV,2,1,05,10,47,306,37,18,55,075,20,24,23,086,32,29,18,161,33,1*64
$GPGSV,2,2,05,32,43,207,34,1*55
$GPGSV,2,1,05,10,47,306,33,18,55,075,29,24,23,086,27,29,18,161,30,6*69
$GPGSV,2,2,05,32,43,207,30,6*56
$GPGSV,1,1,01,08,01,323,,0*5F
$GLGSV,1,1,04,69,73,288,33,70,16,225,15,82,22,132,25,83,59,099,14,1*7B
$GLGSV,1,1,04,69,73,288,26,82,22,132,37,83,59,099,15,84,38,343,12,3*7E
$GAGSV,1,1,00,0*74
$GBGSV,1,1,04,06,28,125,29,07,11,157,28,09,24,139,34,39,31,106,37,1*75
$GBGSV,1,1,04,06,28,125,34,07,11,157,25,09,24,139,30,10,21,164,37,B*0D
$GQGSV,1,1,01,03,13,110,38,1*5E
$GQGSV,1,1,01,03,13,110,27,6*57
$GNGLL,2454.26808,N,06708.28610,E,141023.00,A,D*70
$GNRMC,141024.00,A,2454.26807,N,06708.28611,E,0.057,,080425,,,F,V*11
$GNVTG,,T,,M,0.057,N,0.105,K,D*3E
$GNGGA,141024.00,2454.26807,N,06708.28611,E,5,12,1.45,22.2,M,-44.2,M,2.0,0100*7E
$GNGSA,A,3,18,32,10,29,24,,,,,,,,3.06,1.45,2.69,1*0D
$GNGSA,A,3,69,82,,,,,,,,,,,3.06,1.45,2.69,2*0F
$GNGSA,A,3,,,,,,,,,,,,,3.06,1.45,2.69,3*0B
$GNGSA,A,3,10,39,06,09,07,,,,,,,,3.06,1.45,2.69,4*0F
$GNGSA,A,3,03,,,,,,,,,,,,3.06,1.45,2.69,5*0E
$GPGSV,2,1,05,10,47,306,37,18,55,075,20,24,23,086,32,29,18,161,33,1*64
$GPGSV,2,2,05,32,43,207,33,1*52
$GPGSV,2,1,05,10,47,306,33,18,55,075,29,24,23,086,27,29,18,161,30,6*69
$GPGSV,2,2,05,32,43,207,30,6*56
$GPGSV,1,1,01,08,01,323,,0*5F
$GLGSV,1,1,04,69,73,288,34,70,16,225,14,82,22,132,26,83,59,099,14,1*7E
$GLGSV,2,1,05,69,73,288,25,82,22,132,37,83,59,099,16,84,38,343,12,3*7C
$GLGSV,2,2,05,,,,31,3*7D
$GAGSV,1,1,00,0*74
$GBGSV,1,1,04,06,28,125,28,07,11,157,28,09,24,139,35,39,31,106,38,1*7A
$GBGSV,1,1,04,06,28,125,34,07,11,157,25,09,24,139,30,10,21,164,37,B*0D
$GQGSV,1,1,01,03,13,110,38,1*5E
$GQGSV,1,1,01,03,13,110,26,6*56
$GNGLL,2454.26807,N,06708.28611,E,141024.00,A,D*79
$GNRMC,141025.00,A,2454.26807,N,06708.28611,E,0.047,,080425,,,F,V*11
$GNVTG,,T,,M,0.047,N,0.087,K,D*34
$GNGGA,141025.00,2454.26807,N,06708.28611,E,5,12,1.45,22.2,M,-44.2,M,1.0,0100*7C
$GNGSA,A,3,18,32,10,29,24,,,,,,,,3.06,1.45,2.69,1*0D
$GNGSA,A,3,69,82,,,,,,,,,,,3.06,1.45,2.69,2*0F
$GNGSA,A,3,,,,,,,,,,,,,3.06,1.45,2.69,3*0B
$GNGSA,A,3,10,39,06,09,07,,,,,,,,3.06,1.45,2.69,4*0F
$GNGSA,A,3,03,,,,,,,,,,,,3.06,1.45,2.69,5*0E
$GPGSV,2,1,05,10,47,306,37,18,55,075,20,24,23,086,32,29,18,161,34,1*63
$GPGSV,2,2,05,32,43,207,33,1*52
$GPGSV,2,1,05,10,47,306,33,18,55,075,29,24,23,086,27,29,18,161,30,6*69
$GPGSV,2,2,05,32,43,207,30,6*56
$GPGSV,1,1,01,08,01,323,,0*5F
$GLGSV,1,1,04,69,73,288,34,70,16,225,12,82,22,132,27,83,59,099,13,1*7E
$GLGSV,2,1,05,69,73,288,26,82,22,132,37,83,59,099,17,84,38,343,13,3*7F
$GLGSV,2,2,05,,,,31,3*7D
$GAGSV,1,1,00,0*74
$GBGSV,1,1,04,06,28,125,28,07,11,157,28,09,24,139,35,39,31,106,38,1*7A
$GBGSV,1,1,04,06,28,125,34,07,11,157,25,09,24,139,30,10,21,164,37,B*0D
$GQGSV,1,1,01,03,13,110,37,1*51
$GQGSV,1,1,01,03,13,110,27,6*57
$GNGLL,2454.26807,N,06708.28611,E,141025.00,A,D*78
$GNRMC,141026.00,A,2454.26807,N,06708.28611,E,0.058,,080425,,,F,V*1C
$GNVTG,,T,,M,0.058,N,0.108,K,D*3C
$GNGGA,141026.00,2454.26807,N,06708.28611,E,5,12,1.45,22.2,M,-44.2,M,2.0,0100*7C
$GNGSA,A,3,18,32,10,29,24,,,,,,,,3.06,1.45,2.69,1*0D
$GNGSA,A,3,69,82,,,,,,,,,,,3.06,1.45,2.69,2*0F
$GNGSA,A,3,,,,,,,,,,,,,3.06,1.45,2.69,3*0B
$GNGSA,A,3,10,39,06,09,07,,,,,,,,3.06,1.45,2.69,4*0F
$GNGSA,A,3,03,,,,,,,,,,,,3.06,1.45,2.69,5*0E
$GPGSV,2,1,05,10,47,306,37,18,55,075,21,24,23,086,33,29,18,161,33,1*64
$GPGSV,2,2,05,32,43,207,33,1*52
$GPGSV,2,1,05,10,47,306,34,18,55,075,28,24,23,086,26,29,18,161,30,6*6E
$GPGSV,2,2,05,32,43,207,30,6*56
$GPGSV,1,1,01,08,01,323,,0*5F
$GLGSV,1,1,04,69,73,288,34,70,16,225,10,82,22,132,27,83,59,099,13,1*7C
$GLGSV,2,1,05,69,73,288,25,82,22,132,37,83,59,099,18,84,38,343,12,3*72
$GLGSV,2,2,05,,,,30,3*7C
$GAGSV,1,1,00,0*74
$GBGSV,1,1,04,06,28,125,29,07,11,157,28,09,24,139,35,39,31,106,38,1*7B
$GBGSV,1,1,04,06,28,125,34,07,11,157,25,09,24,139,30,10,21,164,37,B*0D
$GQGSV,1,1,01,03,13,110,38,1*5E
$GQGSV,1,1,01,03,13,110,27,6*57
$GNGLL,2454.26807,N,06708.28611,E,141026.00,A,D*7B
$GNRMC,141027.00,A,2454.26807,N,06708.28611,E,0.028,,080425,,,F,V*1A
$GNVTG,,T,,M,0.028,N,0.052,K,D*35
$GNGGA,141027.00,2454.26807,N,06708.28611,E,5,12,1.45,22.2,M,-44.2,M,1.0,0100*7E
$GNGSA,A,3,18,32,10,29,24,,,,,,,,3.06,1.45,2.69,1*0D
$GNGSA,A,3,69,82,,,,,,,,,,,3.06,1.45,2.69,2*0F
$GNGSA,A,3,,,,,,,,,,,,,3.06,1.45,2.69,3*0B
$GNGSA,A,3,10,39,06,09,07,,,,,,,,3.06,1.45,2.69,4*0F
$GNGSA,A,3,03,,,,,,,,,,,,3.06,1.45,2.69,5*0E
$GPGSV,2,1,05,10,47,306,37,18,55,075,21,24,23,086,33,29,18,161,33,1*64
$GPGSV,2,2,05,32,43,207,33,1*52
$GPGSV,2,1,05,10,47,306,34,18,55,075,28,24,23,086,26,29,18,161,30,6*6E
$GPGSV,2,2,05,32,43,207,31,6*57
$GPGSV,1,1,01,08,01,323,,0*5F
$GLGSV,1,1,04,69,73,288,34,70,16,225,09,82,22,132,27,83,59,099,12,1*75
$GLGSV,2,1,05,69,73,288,25,82,22,132,37,83,59,099,19,84,38,343,11,3*70
$GLGSV,2,2,05,,,,30,3*7C
$GAGSV,1,1,00,0*74
$GBGSV,1,1,04,06,28,125,29,07,11,157,28,09,24,139,35,39,31,106,38,1*7B
$GBGSV,1,1,04,06,28,125,34,07,11,157,25,09,24,139,30,10,21,164,37,B*0D
$GQGSV,1,1,01,03,13,110,38,1*5E
$GQGSV,1,1,01,03,13,110,27,6*57
$GNGLL,2454.26807,N,06708.28611,E,141027.00,A,D*7A
$GNRMC,141028.00,A,2454.26808,N,06708.28610,E,0.004,,080425,,,F,V*15
$GNVTG,,T,,M,0.004,N,0.007,K,D*3B
$GNGGA,141028.00,2454.26808,N,06708.28610,E,5,12,1.45,22.2,M,-44.2,M,2.0,0100*7C
$GNGSA,A,3,18,32,10,29,24,,,,,,,,3.06,1.45,2.69,1*0D
$GNGSA,A,3,69,82,,,,,,,,,,,3.06,1.45,2.69,2*0F
$GNGSA,A,3,,,,,,,,,,,,,3.06,1.45,2.69,3*0B
$GNGSA,A,3,10,39,06,09,07,,,,,,,,3.06,1.45,2.69,4*0F
$GNGSA,A,3,03,,,,,,,,,,,,3.06,1.45,2.69,5*0E
$GPGSV,2,1,05,10,47,306,37,18,55,075,21,24,23,086,33,29,18,161,33,1*64
$GPGSV,2,2,05,32,43,207,33,1*52
$GPGSV,2,1,05,10,47,306,34,18,55,075,28,24,23,086,26,29,18,161,30,6*6E
$GPGSV,2,2,05,32,43,207,30,6*56
$GPGSV,1,1,01,08,01,323,,0*5F
$GLGSV,1,1,04,69,73,288,34,70,16,225,08,82,22,132,28,83,59,099,13,1*7A
$GLGSV,2,1,05,69,73,288,25,82,22,132,37,83,59,099,19,84,38,343,10,3*71
$GLGSV,2,2,05,,,,30,3*7C
$GLGSV,1,1,01,68,38,020,,0*4F
$GAGSV,1,1,00,0*74
$GBGSV,1,1,04,06,28,125,29,07,11,157,28,09,24,139,35,39,31,106,38,1*7B
$GBGSV,1,1,04,06,28,125,35,07,11,157,25,09,24,139,30,10,21,164,37,B*0C
$GQGSV,1,1,01,03,13,110,38,1*5E
$GQGSV,1,1,01,03,13,110,27,6*57
$GNGLL,2454.26808,N,06708.28610,E,141028.00,A,D*7B
$GNRMC,141029.00,A,2454.26808,N,06708.28610,E,0.050,,080425,,,F,V*15
$GNVTG,,T,,M,0.050,N,0.092,K,D*36
$GNGGA,141029.00,2454.26808,N,06708.28610,E,5,12,1.45,22.2,M,-44.2,M,1.0,0100*7E
$GNGSA,A,3,18,32,10,29,24,,,,,,,,3.06,1.45,2.69,1*0D
$GNGSA,A,3,69,82,,,,,,,,,,,3.06,1.45,2.69,2*0F
$GNGSA,A,3,,,,,,,,,,,,,3.06,1.45,2.69,3*0B
$GNGSA,A,3,10,39,06,09,07,,,,,,,,3.06,1.45,2.69,4*0F
$GNGSA,A,3,03,,,,,,,,,,,,3.06,1.45,2.69,5*0E
$GPGSV,2,1,05,10,47,306,37,18,55,075,22,24,23,086,33,29,18,161,33,1*67
$GPGSV,2,2,05,32,43,207,33,1*52
$GPGSV,2,1,05,10,47,306,34,18,55,075,28,24,23,086,26,29,18,161,30,6*6E
$GPGSV,2,2,05,32,43,207,30,6*56
$GPGSV,1,1,01,08,01,323,,0*5F
$GLGSV,1,1,04,69,73,290,34,70,16,225,07,82,22,132,28,83,59,099,13,1*7C
$GLGSV,2,1,05,69,73,290,25,82,22,132,37,83,59,099,19,84,38,343,10,3*78
$GLGSV,2,2,05,,,,30,3*7C
$GLGSV,1,1,01,68,38,020,,0*4F
$GAGSV,1,1,00,0*74
$GBGSV,1,1,04,06,28,125,29,07,11,157,28,09,24,139,35,39,31,106,37,1*74
$GBGSV,1,1,04,06,28,125,34,07,11,157,25,09,24,139,30,10,21,164,37,B*0D
$GQGSV,1,1,01,03,13,110,38,1*5E
$GQGSV,1,1,01,03,13,110,27,6*57
$GNGLL,2454.26808,N,06708.28610,E,141029.00,A,D*7A
$GNRMC,141030.00,A,2454.26807,N,06708.28609,E,0.066,,080425,,,F,V*1F
$GNVTG,,T,,M,0.066,N,0.122,K,D*39
$GNGGA,141030.00,2454.26807,N,06708.28609,E,5,12,1.45,22.2,M,-44.2,M,2.0,0100*72
$GNGSA,A,3,18,32,10,29,24,,,,,,,,3.06,1.45,2.69,1*0D
$GNGSA,A,3,69,82,,,,,,,,,,,3.06,1.45,2.69,2*0F
$GNGSA,A,3,,,,,,,,,,,,,3.06,1.45,2.69,3*0B
$GNGSA,A,3,10,39,06,09,07,,,,,,,,3.06,1.45,2.69,4*0F
$GNGSA,A,3,03,,,,,,,,,,,,3.06,1.45,2.69,5*0E
$GPGSV,2,1,05,10,47,306,37,18,55,075,22,24,23,086,33,29,18,161,33,1*67
$GPGSV,2,2,05,32,43,207,33,1*52
$GPGSV,2,1,05,10,47,306,34,18,55,075,28,24,23,086,26,29,18,161,30,6*6E
$GPGSV,2,2,05,32,43,207,30,6*56
$GPGSV,1,1,01,08,01,323,,0*5F
$GLGSV,1,1,04,69,73,290,34,70,16,226,07,82,22,132,28,83,59,099,12,1*7E
$GLGSV,2,1,05,69,73,290,25,82,22,132,37,83,59,099,18,84,38,343,10,3*79
$GLGSV,2,2,05,,,,30,3*7C
$GLGSV,1,1,01,68,38,020,,0*4F
$GAGSV,1,1,00,0*74
$GBGSV,1,1,04,06,28,125,29,07,11,157,28,09,24,139,35,39,31,106,37,1*74
$GBGSV,1,1,04,06,28,125,34,07,11,157,25,09,24,139,30,10,21,164,37,B*0D
$GQGSV,1,1,01,03,13,110,38,1*5E
$GQGSV,1,1,01,03,13,110,27,6*57
$GNGLL,2454.26807,N,06708.28609,E,141030.00,A,D*75
$GNRMC,141031.00,A,2454.26807,N,06708.28609,E,0.050,,080425,,,F,V*1B
$GNVTG,,T,,M,0.050,N,0.093,K,D*37
$GNGGA,141031.00,2454.26807,N,06708.28609,E,5,12,1.45,22.2,M,-44.2,M,1.0,0100*70
$GNGSA,A,3,18,32,10,29,24,,,,,,,,3.06,1.45,2.69,1*0D
$GNGSA,A,3,69,82,,,,,,,,,,,3.06,1.45,2.69,2*0F
$GNGSA,A,3,,,,,,,,,,,,,3.06,1.45,2.69,3*0B
$GNGSA,A,3,10,39,06,09,07,,,,,,,,3.06,1.45,2.69,4*0F
$GNGSA,A,3,03,,,,,,,,,,,,3.06,1.45,2.69,5*0E
$GPGSV,2,1,05,10,47,306,37,18,55,075,23,24,23,086,33,29,18,161,33,1*66
$GPGSV,2,2,05,32,43,207,33,1*52
$GPGSV,2,1,05,10,47,306,34,18,55,075,28,24,23,086,26,29,18,161,30,6*6E
$GPGSV,2,2,05,32,43,207,30,6*56
$GPGSV,1,1,01,08,01,323,,0*5F
$GLGSV,1,1,04,69,73,290,34,70,16,226,07,82,22,132,28,83,59,099,12,1*7E
$GLGSV,2,1,05,69,73,290,25,82,22,132,37,83,59,099,18,84,38,343,09,3*71
$GLGSV,2,2,05,,,,31,3*7D
$GLGSV,1,1,01,68,38,020,,0*4F
$GAGSV,1,1,00,0*74
$GBGSV,1,1,04,06,28,125,28,07,11,157,28,09,24,139,35,39,31,106,37,1*75
$GBGSV,1,1,04,06,28,125,34,07,11,157,25,09,24,139,30,10,21,164,37,B*0D
$GQGSV,1,1,01,03,13,110,38,1*5E
$GQGSV,1,1,01,03,13,110,27,6*57
$GNGLL,2454.26807,N,06708.28609,E,141031.00,A,D*74
$GNRMC,141032.00,A,2454.26807,N,06708.28609,E,0.003,,080425,,,F,V*1E
$GNVTG,,T,,M,0.003,N,0.005,K,D*3E
$GNGGA,141032.00,2454.26807,N,06708.28609,E,5,12,1.45,22.2,M,-44.2,M,2.0,0100*70
$GNGSA,A,3,18,32,10,29,24,,,,,,,,3.06,1.45,2.69,1*0D
$GNGSA,A,3,69,82,,,,,,,,,,,3.06,1.45,2.69,2*0F
$GNGSA,A,3,,,,,,,,,,,,,3.06,1.45,2.69,3*0B
$GNGSA,A,3,10,39,06,09,07,,,,,,,,3.06,1.45,2.69,4*0F
$GNGSA,A,3,03,,,,,,,,,,,,3.06,1.45,2.69,5*0E
$GPGSV,2,1,05,10,47,306,37,18,55,075,24,24,23,086,33,29,18,161,33,1*61
$GPGSV,2,2,05,32,43,207,33,1*52
$GPGSV,2,1,05,10,47,306,34,18,55,075,27,24,23,086,26,29,18,161,30,6*61
$GPGSV,2,2,05,32,43,207,30,6*56
$GPGSV,1,1,01,08,01,323,,0*5F
$GLGSV,1,1,04,69,73,290,34,70,16,226,08,82,22,132,28,83,59,099,14,1*77
$GLGSV,2,1,05,69,73,290,25,82,22,132,37,83,59,099,17,84,38,343,09,3*7E
$GLGSV,2,2,05,,,,31,3*7D
$GLGSV,1,1,01,68,38,020,,0*4F
$GAGSV,1,1,00,0*74
$GBGSV,1,1,04,06,28,125,29,07,11,157,28,09,24,139,35,39,31,106,37,1*74
$GBGSV,1,1,04,06,28,125,34,07,11,157,25,09,24,139,30,10,21,164,37,B*0D
$GQGSV,1,1,01,03,13,110,37,1*51
$GQGSV,1,1,01,03,13,110,27,6*57
$GNGLL,2454.26807,N,06708.28609,E,141032.00,A,D*77
$GNRMC,141033.00,A,2454.26807,N,06708.28608,E,0.037,,080425,,,F,V*19
$GNVTG,,T,,M,0.037,N,0.069,K,D*33
$GNGGA,141033.00,2454.26807,N,06708.28608,E,5,12,1.45,22.2,M,-44.2,M,1.0,0100*73
$GNGSA,A,3,18,32,10,29,24,,,,,,,,3.06,1.45,2.69,1*0D
$GNGSA,A,3,69,82,,,,,,,,,,,3.06,1.45,2.69,2*0F
$GNGSA,A,3,,,,,,,,,,,,,3.06,1.45,2.69,3*0B
$GNGSA,A,3,10,39,06,09,07,,,,,,,,3.06,1.45,2.69,4*0F
$GNGSA,A,3,03,,,,,,,,,,,,3.06,1.45,2.69,5*0E
$GPGSV,2,1,05,10,47,306,37,18,55,075,24,24,23,086,33,29,18,161,33,1*61
$GPGSV,2,2,05,32,43,207,33,1*52
$GPGSV,2,1,05,10,47,306,34,18,55,075,27,24,23,086,27,29,18,161,30,6*60
$GPGSV,2,2,05,32,43,207,30,6*56
$GPGSV,1,1,01,08,01,323,,0*5F
$GLGSV,1,1,03,69,73,290,34,82,22,132,28,83,59,099,15,1*4F
$GLGSV,2,1,05,69,73,290,25,82,22,132,37,83,59,099,18,84,38,343,11,3*78
$GLGSV,2,2,05,,,,31,3*7D
$GLGSV,1,1,02,68,38,020,,70,16,226,,0*7A
$GAGSV,1,1,00,0*74
$GBGSV,1,1,04,06,28,125,28,07,11,157,28,09,24,139,35,39,31,106,37,1*75
$GBGSV,1,1,04,06,28,125,34,07,11,157,25,09,24,139,31,10,21,164,38,B*03
$GQGSV,1,1,01,03,13,110,38,1*5E
$GQGSV,1,1,01,03,13,110,27,6*57
$GNGLL,2454.26807,N,06708.28608,E,141033.00,A,D*77
$GNRMC,141034.00,A,2454.26808,N,06708.28607,E,0.023,,080425,,,F,V*1B
$GNVTG,,T,,M,0.023,N,0.043,K,D*3E
$GNGGA,141034.00,2454.26808,N,06708.28607,E,5,12,1.45,22.1,M,-44.2,M,2.0,0100*74
$GNGSA,A,3,18,32,10,29,24,,,,,,,,3.05,1.45,2.69,1*0E
$GNGSA,A,3,69,82,,,,,,,,,,,3.05,1.45,2.69,2*0C
$GNGSA,A,3,,,,,,,,,,,,,3.05,1.45,2.69,3*08
$GNGSA,A,3,10,39,06,09,07,,,,,,,,3.05,1.45,2.69,4*0C
$GNGSA,A,3,03,,,,,,,,,,,,3.05,1.45,2.69,5*0D
$GPGSV,2,1,05,10,47,306,37,18,55,075,25,24,23,086,33,29,18,161,33,1*60
$GPGSV,2,2,05,32,43,207,33,1*52
$GPGSV,2,1,05,10,47,306,34,18,55,075,27,24,23,086,27,29,18,161,30,6*60
$GPGSV,2,2,05,32,43,207,30,6*56
$GPGSV,1,1,01,08,01,323,,0*5F
$GLGSV,1,1,03,69,73,290,34,82,22,132,28,83,59,099,16,1*4C
$GLGSV,2,1,05,69,73,290,25,82,22,132,37,83,59,099,18,84,38,343,10,3*79
$GLGSV,2,2,05,,,,31,3*7D
$GLGSV,1,1,02,68,38,020,,70,16,226,,0*7A
$GAGSV,1,1,00,0*74
$GBGSV,1,1,04,06,28,125,28,07,11,157,28,09,24,139,35,39,31,106,37,1*75
$GBGSV,1,1,04,06,28,125,35,07,11,157,25,09,24,139,30,10,21,164,38,B*03
$GQGSV,1,1,01,03,13,110,38,1*5E
$GQGSV,1,1,01,03,13,110,27,6*57
$GNGLL,2454.26808,N,06708.28607,E,141034.00,A,D*70
$GNRMC,141035.00,A,2454.26808,N,06708.28607,E,0.073,,080425,,,F,V*1F
$GNVTG,,T,,M,0.073,N,0.135,K,D*3B
$GNGGA,141035.00,2454.26808,N,06708.28607,E,5,12,1.45,22.1,M,-44.2,M,2.0,0100*75
$GNGSA,A,3,18,32,10,29,24,,,,,,,,3.05,1.45,2.69,1*0E
$GNGSA,A,3,69,82,,,,,,,,,,,3.05,1.45,2.69,2*0C
$GNGSA,A,3,,,,,,,,,,,,,3.05,1.45,2.69,3*08
$GNGSA,A,3,10,39,06,09,07,,,,,,,,3.05,1.45,2.69,4*0C
$GNGSA,A,3,03,,,,,,,,,,,,3.05,1.45,2.69,5*0D
$GPGSV,2,1,05,10,47,306,37,18,55,075,25,24,23,086,33,29,18,161,33,1*60
$GPGSV,2,2,05,32,43,207,33,1*52
$GPGSV,2,1,05,10,47,306,34,18,55,075,27,24,23,086,27,29,18,161,30,6*60
$GPGSV,2,2,05,32,43,207,30,6*56
$GPGSV,1,1,01,08,01,323,,0*5F
$GLGSV,1,1,03,69,73,290,34,82,22,132,28,83,59,099,16,1*4C
$GLGSV,2,1,05,69,73,290,25,82,22,132,37,83,59,099,18,84,38,343,08,3*70
$GLGSV,2,2,05,,,,31,3*7D
$GLGSV,1,1,02,68,38,020,,70,16,226,,0*7A
$GAGSV,1,1,00,0*74
$GBGSV,1,1,04,06,28,125,29,07,11,157,28,09,24,139,35,39,31,106,37,1*74
$GBGSV,1,1,04,06,28,125,34,07,11,157,25,09,24,139,30,10,21,164,38,B*02
$GQGSV,1,1,01,03,13,110,38,1*5E
$GQGSV,1,1,01,03,13,110,27,6*57
$GNGLL,2454.26808,N,06708.28607,E,141035.00,A,D*71
$GNRMC,141036.00,A,2454.26808,N,06708.28607,E,0.076,,080425,,,F,V*19
$GNVTG,,T,,M,0.076,N,0.141,K,D*3D
$GNGGA,141036.00,2454.26808,N,06708.28607,E,5,12,1.45,22.1,M,-44.2,M,2.0,0100*76
$GNGSA,A,3,18,32,10,29,24,,,,,,,,3.05,1.45,2.69,1*0E
$GNGSA,A,3,69,82,,,,,,,,,,,3.05,1.45,2.69,2*0C
$GNGSA,A,3,,,,,,,,,,,,,3.05,1.45,2.69,3*08
$GNGSA,A,3,10,39,06,09,07,,,,,,,,3.05,1.45,2.69,4*0C
$GNGSA,A,3,03,,,,,,,,,,,,3.05,1.45,2.69,5*0D
$GPGSV,2,1,05,10,47,306,37,18,55,075,25,24,23,086,33,29,18,161,33,1*60
$GPGSV,2,2,05,32,43,207,33,1*52
$GPGSV,2,1,05,10,47,306,34,18,55,075,27,24,23,086,27,29,18,161,30,6*60
$GPGSV,2,2,05,32,43,207,30,6*56
$GPGSV,1,1,01,08,01,323,,0*5F
$GLGSV,1,1,03,69,73,290,34,82,22,132,28,83,59,099,15,1*4F
$GLGSV,1,1,04,69,73,290,25,82,22,132,37,83,59,099,18,,,,31,3*4B
$GLGSV,1,1,03,68,38,020,,70,16,226,,84,38,343,,0*48
$GAGSV,1,1,00,0*74
$GBGSV,1,1,04,06,28,125,29,07,11,157,28,09,24,139,35,39,31,106,37,1*74
$GBGSV,1,1,04,06,28,125,34,07,11,157,25,09,24,139,30,10,21,164,37,B*0D
$GQGSV,1,1,01,03,13,110,38,1*5E
$GQGSV,1,1,01,03,13,110,27,6*57
$GNGLL,2454.26808,N,06708.28607,E,141036.00,A,D*72
$GNRMC,141037.00,A,2454.26807,N,06708.28608,E,0.022,,080425,,,F,V*19
$GNVTG,,T,,M,0.022,N,0.040,K,D*3C
$GNGGA,141037.00,2454.26807,N,06708.28608,E,5,12,1.45,22.1,M,-44.2,M,1.0,0100*74
$GNGSA,A,3,18,32,10,29,24,,,,,,,,3.05,1.45,2.69,1*0E
$GNGSA,A,3,69,82,,,,,,,,,,,3.05,1.45,2.69,2*0C
$GNGSA,A,3,,,,,,,,,,,,,3.05,1.45,2.69,3*08
$GNGSA,A,3,10,39,06,09,07,,,,,,,,3.05,1.45,2.69,4*0C
$GNGSA,A,3,03,,,,,,,,,,,,3.05,1.45,2.69,5*0D
$GPGSV,2,1,05,10,47,306,37,18,55,075,25,24,23,086,33,29,18,161,33,1*60
$GPGSV,2,2,05,32,43,207,33,1*52
$GPGSV,2,1,05,10,47,306,34,18,55,075,27,24,23,086,27,29,18,161,30,6*60
$GPGSV,2,2,05,32,43,207,30,6*56
$GPGSV,1,1,01,08,01,323,,0*5F
$GLGSV,1,1,03,69,73,290,34,82,22,132,29,83,59,099,14,1*4F
$GLGSV,1,1,04,69,73,290,25,82,22,132,37,83,59,099,18,,,,31,3*4B
$GLGSV,1,1,03,68,38,020,,70,16,226,,84,38,343,,0*48
$GAGSV,1,1,00,0*74
$GBGSV,1,1,04,06,28,125,28,07,11,157,28,09,24,139,35,39,31,106,37,1*75
$GBGSV,1,1,04,06,28,125,34,07,11,157,24,09,24,139,30,10,21,164,38,B*03
$GQGSV,1,1,01,03,13,110,38,1*5E
$GQGSV,1,1,01,03,13,110,27,6*57
$GNGLL,2454.26807,N,06708.28608,E,141037.00,A,D*73
$GNRMC,141038.00,A,2454.26807,N,06708.28608,E,0.028,,080425,,,F,V*1C
$GNVTG,,T,,M,0.028,N,0.051,K,D*36
$GNGGA,141038.00,2454.26807,N,06708.28608,E,5,12,1.45,22.1,M,-44.2,M,2.0,0100*78
$GNGSA,A,3,18,32,10,29,24,,,,,,,,3.05,1.45,2.69,1*0E
$GNGSA,A,3,69,82,,,,,,,,,,,3.05,1.45,2.69,2*0C
$GNGSA,A,3,,,,,,,,,,,,,3.05,1.45,2.69,3*08
$GNGSA,A,3,10,39,06,09,07,,,,,,,,3.05,1.45,2.69,4*0C
$GNGSA,A,3,03,,,,,,,,,,,,3.05,1.45,2.69,5*0D
$GPGSV,2,1,05,10,47,306,37,18,55,075,26,24,23,086,33,29,18,161,33,1*63
$GPGSV,2,2,05,32,43,207,33,1*52
$GPGSV,2,1,05,10,47,306,34,18,55,075,27,24,23,086,27,29,18,161,30,6*60
$GPGSV,2,2,05,32,43,207,29,6*5E
$GPGSV,1,1,01,08,01,323,,0*5F
$GLGSV,1,1,03,69,73,290,34,82,22,132,29,83,59,099,15,1*4E
$GLGSV,1,1,04,69,73,290,25,82,22,132,37,83,59,099,18,,,,31,3*4B
$GLGSV,1,1,03,68,38,020,,70,16,226,,84,38,343,,0*48
$GAGSV,1,1,00,0*74
$GBGSV,1,1,04,06,28,125,29,07,11,157,28,09,24,139,35,39,31,106,37,1*74
$GBGSV,1,1,04,06,28,125,34,07,11,157,25,09,24,139,30,10,21,164,37,B*0D
$GQGSV,1,1,01,03,13,110,38,1*5E
$GQGSV,1,1,01,03,13,110,27,6*57
$GNGLL,2454.26807,N,06708.28608,E,141038.00,A,D*7C
$GNRMC,141039.00,A,2454.26807,N,06708.28608,E,0.091,,080425,,,F,V*1F
$GNVTG,,T,,M,0.091,N,0.168,K,D*3F
$GNGGA,141039.00,2454.26807,N,06708.28608,E,5,12,1.45,22.1,M,-44.2,M,1.0,0100*7A
$GNGSA,A,3,18,32,10,29,24,,,,,,,,3.05,1.45,2.69,1*0E
$GNGSA,A,3,69,82,,,,,,,,,,,3.05,1.45,2.69,2*0C
$GNGSA,A,3,,,,,,,,,,,,,3.05,1.45,2.69,3*08
$GNGSA,A,3,10,39,06,09,07,,,,,,,,3.05,1.45,2.69,4*0C
$GNGSA,A,3,03,,,,,,,,,,,,3.05,1.45,2.69,5*0D
$GPGSV,2,1,05,10,47,306,36,18,55,075,26,24,23,086,33,29,18,161,33,1*62
$GPGSV,2,2,05,32,43,207,33,1*52
$GPGSV,2,1,05,10,47,306,34,18,55,075,27,24,23,086,27,29,18,161,31,6*61
$GPGSV,2,2,05,32,43,207,29,6*5E
$GPGSV,1,1,01,08,01,323,,0*5F
$GLGSV,1,1,03,69,73,290,34,82,22,132,29,83,59,099,13,1*48
$GLGSV,1,1,04,69,73,290,25,82,22,132,37,83,59,099,18,91,,,31,3*43
$GLGSV,1,1,03,68,38,020,,70,16,226,,84,38,343,,0*48
$GAGSV,1,1,00,0*74
$GBGSV,1,1,04,06,28,125,29,07,11,157,28,09,24,139,35,39,31,106,37,1*74
$GBGSV,1,1,04,06,28,125,34,07,11,157,25,09,24,139,30,10,21,164,38,B*02
$GQGSV,1,1,01,03,13,110,38,1*5E
$GQGSV,1,1,01,03,13,110,27,6*57
$GNGLL,2454.26807,N,06708.28608,E,141039.00,A,D*7D
$GNRMC,141040.00,A,2454.26806,N,06708.28607,E,0.062,,080425,,,F,V*13
$GNVTG,,T,,M,0.062,N,0.114,K,D*38
$GNGGA,141040.00,2454.26806,N,06708.28607,E,5,12,1.45,22.1,M,-44.2,M,2.0,0100*79
$GNGSA,A,3,18,32,10,29,24,,,,,,,,3.05,1.45,2.69,1*0E
$GNGSA,A,3,69,82,,,,,,,,,,,3.05,1.45,2.69,2*0C
$GNGSA,A,3,,,,,,,,,,,,,3.05,1.45,2.69,3*08
$GNGSA,A,3,10,39,06,09,07,,,,,,,,3.05,1.45,2.69,4*0C
$GNGSA,A,3,03,,,,,,,,,,,,3.05,1.45,2.69,5*0D
$GPGSV,2,1,05,10,47,306,37,18,55,075,26,24,23,086,33,29,18,161,33,1*63
$GPGSV,2,2,05,32,43,207,33,1*52
$GPGSV,2,1,05,10,47,306,34,18,55,075,27,24,23,086,27,29,18,161,30,6*60
$GPGSV,2,2,05,32,43,207,29,6*5E
$GPGSV,1,1,01,08,01,323,,0*5F
$GLGSV,1,1,04,69,73,290,34,70,16,226,16,82,22,132,30,83,59,099,11,1*74
$GLGSV,1,1,03,69,73,290,25,82,22,132,37,83,59,099,18,3*4E
$GLGSV,1,1,02,68,38,020,,84,38,343,,0*7F
$GAGSV,1,1,00,0*74
$GBGSV,1,1,04,06,28,125,29,07,11,157,28,09,24,139,35,39,31,106,37,1*74
$GBGSV,1,1,04,06,28,125,34,07,11,157,25,09,24,139,30,10,21,164,38,B*02
$GQGSV,1,1,01,03,13,110,37,1*51
$GQGSV,1,1,01,03,13,110,27,6*57
$GNGLL,2454.26806,N,06708.28607,E,141040.00,A,D*7D
$GNRMC,141041.00,A,2454.26805,N,06708.28607,E,0.062,,080425,,,F,V*11
$GNVTG,,T,,M,0.062,N,0.115,K,D*39
$GNGGA,141041.00,2454.26805,N,06708.28607,E,5,12,1.45,22.1,M,-44.2,M,1.0,0100*78
$GNGSA,A,3,18,32,10,29,24,,,,,,,,3.05,1.45,2.69,1*0E
$GNGSA,A,3,69,82,,,,,,,,,,,3.05,1.45,2.69,2*0C
$GNGSA,A,3,,,,,,,,,,,,,3.05,1.45,2.69,3*08
$GNGSA,A,3,10,39,06,09,07,,,,,,,,3.05,1.45,2.69,4*0C
$GNGSA,A,3,03,,,,,,,,,,,,3.05,1.45,2.69,5*0D
$GPGSV,2,1,05,10,47,306,37,18,55,075,26,24,23,086,33,29,18,161,33,1*63
$GPGSV,2,2,05,32,43,207,33,1*52
$GPGSV,2,1,05,10,47,306,34,18,55,075,27,24,23,086,27,29,18,161,30,6*60
$GPGSV,2,2,05,32,43,207,29,6*5E
$GPGSV,1,1,01,08,01,323,,0*5F
$GLGSV,1,1,04,69,73,290,34,70,16,226,12,82,22,132,31,83,59,099,10,1*70
$GLGSV,1,1,03,69,73,290,25,82,22,132,37,83,59,099,18,3*4E
$GLGSV,1,1,02,68,38,020,,84,38,343,,0*7F
$GAGSV,1,1,00,0*74
$GBGSV,1,1,04,06,28,125,29,07,11,157,28,09,24,139,35,39,31,106,37,1*74
$GBGSV,1,1,04,06,28,125,34,07,11,157,24,09,24,139,30,10,21,164,37,B*0C
$GQGSV,1,1,01,03,13,110,37,1*51
$GQGSV,1,1,01,03,13,110,27,6*57
$GNGLL,2454.26805,N,06708.28607,E,141041.00,A,D*7F
$GNRMC,141042.00,A,2454.26806,N,06708.28607,E,0.082,,080425,,,F,V*1F
$GNVTG,,T,,M,0.082,N,0.152,K,D*34
$GNGGA,141042.00,2454.26806,N,06708.28607,E,5,12,1.45,22.0,M,-44.2,M,2.0,0100*7A
$GNGSA,A,3,18,32,10,29,24,,,,,,,,3.05,1.45,2.69,1*0E
$GNGSA,A,3,69,82,,,,,,,,,,,3.05,1.45,2.69,2*0C
$GNGSA,A,3,,,,,,,,,,,,,3.05,1.45,2.69,3*08
$GNGSA,A,3,10,39,06,09,07,,,,,,,,3.05,1.45,2.69,4*0C
$GNGSA,A,3,03,,,,,,,,,,,,3.05,1.45,2.69,5*0D
$GPGSV,2,1,05,10,47,306,36,18,55,075,26,24,23,086,33,29,18,161,33,1*62
$GPGSV,2,2,05,32,43,207,33,1*52
$GPGSV,2,1,05,10,47,306,34,18,55,075,27,24,23,086,26,29,18,161,30,6*61
$GPGSV,2,2,05,32,43,207,29,6*5E
$GPGSV,1,1,01,08,01,323,,0*5F
$GLGSV,1,1,04,69,73,290,34,70,16,226,09,82,22,132,31,83,59,099,11,1*7B
$GLGSV,1,1,03,69,73,290,25,82,22,132,37,83,59,099,19,3*4F
$GLGSV,1,1,02,68,38,020,,84,38,343,,0*7F
$GAGSV,1,1,00,0*74
$GBGSV,1,1,04,06,28,125,29,07,11,157,28,09,24,139,35,39,31,106,37,1*74
$GBGSV,1,1,04,06,28,125,35,07,11,157,25,09,24,139,30,10,21,164,38,B*03
$GQGSV,1,1,01,03,13,110,37,1*51
$GQGSV,1,1,01,03,13,110,27,6*57
$GNGLL,2454.26806,N,06708.28607,E,141042.00,A,D*7F
$GNRMC,141043.00,A,2454.26806,N,06708.28608,E,0.023,,080425,,,F,V*1A
$GNVTG,,T,,M,0.023,N,0.042,K,D*3F
$GNGGA,141043.00,2454.26806,N,06708.28608,E,5,12,1.45,22.1,M,-44.2,M,1.0,0100*76
$GNGSA,A,3,18,32,10,29,24,,,,,,,,3.05,1.45,2.69,1*0E
$GNGSA,A,3,69,82,,,,,,,,,,,3.05,1.45,2.69,2*0C
$GNGSA,A,3,,,,,,,,,,,,,3.05,1.45,2.69,3*08
$GNGSA,A,3,10,39,06,09,07,,,,,,,,3.05,1.45,2.69,4*0C
$GNGSA,A,3,03,,,,,,,,,,,,3.05,1.45,2.69,5*0D
$GPGSV,2,1,05,10,47,306,36,18,55,075,27,24,23,086,34,29,18,161,33,1*64
$GPGSV,2,2,05,32,43,207,33,1*52
$GPGSV,2,1,05,10,47,306,34,18,55,075,27,24,23,086,26,29,18,161,30,6*61
$GPGSV,2,2,05,32,43,207,29,6*5E
$GPGSV,1,1,01,08,01,323,,0*5F
$GLGSV,1,1,04,69,73,290,34,70,16,226,08,82,22,132,31,83,58,100,11,1*7A
$GLGSV,1,1,03,69,73,290,25,82,22,132,37,83,58,100,20,3*45
$GLGSV,1,1,02,68,38,020,,84,38,343,,0*7F
$GAGSV,1,1,00,0*74
$GBGSV,1,1,04,06,28,125,29,07,11,157,28,09,24,139,35,39,31,106,37,1*74
$GBGSV,1,1,04,06,28,125,35,07,11,157,25,09,24,139,30,10,21,164,38,B*03
$GQGSV,1,1,01,03,13,110,37,1*51
$GQGSV,1,1,01,03,13,110,27,6*57
$GNGLL,2454.26806,N,06708.28608,E,141043.00,A,D*71
$GNRMC,141044.00,A,2454.26805,N,06708.28609,E,0.068,,080425,,,F,V*10
$GNVTG,,T,,M,0.068,N,0.126,K,D*33
$GNGGA,141044.00,2454.26805,N,06708.28609,E,5,12,1.45,22.1,M,-44.2,M,2.0,0100*70
$GNGSA,A,3,18,32,10,29,24,,,,,,,,3.05,1.45,2.69,1*0E
$GNGSA,A,3,69,82,,,,,,,,,,,3.05,1.45,2.69,2*0C
$GNGSA,A,3,,,,,,,,,,,,,3.05,1.45,2.69,3*08
$GNGSA,A,3,10,39,06,09,07,,,,,,,,3.05,1.45,2.69,4*0C
$GNGSA,A,3,03,,,,,,,,,,,,3.05,1.45,2.69,5*0D
$GPGSV,2,1,05,10,47,306,36,18,55,075,27,24,23,086,34,29,18,161,33,1*64
$GPGSV,2,2,05,32,43,207,33,1*52
$GPGSV,2,1,05,10,47,306,34,18,55,075,27,24,23,086,26,29,18,161,30,6*61
$GPGSV,2,2,05,32,43,207,29,6*5E
$GPGSV,1,1,01,08,01,323,,0*5F
$GLGSV,1,1,04,69,73,290,34,70,16,226,08,82,22,132,31,83,58,100,12,1*79
$GLGSV,1,1,03,69,73,290,25,82,22,132,37,83,58,100,20,3*45
$GLGSV,1,1,02,68,38,020,,84,39,343,,0*7E
$GAGSV,1,1,00,0*74
$GBGSV,1,1,04,06,28,125,29,07,11,157,28,09,24,139,35,39,31,106,37,1*74
$GBGSV,1,1,04,06,28,125,35,07,11,157,25,09,24,139,31,10,21,164,38,B*02
$GQGSV,1,1,01,03,13,110,37,1*51
$GQGSV,1,1,01,03,13,110,27,6*57
$GNGLL,2454.26805,N,06708.28609,E,141044.00,A,D*74
$GNRMC,141045.00,A,2454.26805,N,06708.28609,E,0.109,,080425,,,F,V*17
$GNVTG,,T,,M,0.109,N,0.202,K,D*30
$GNGGA,141045.00,2454.26805,N,06708.28609,E,5,12,1.45,22.1,M,-44.2,M,1.0,0100*72
$GNGSA,A,3,18,32,10,29,24,,,,,,,,3.05,1.45,2.69,1*0E
$GNGSA,A,3,69,82,,,,,,,,,,,3.05,1.45,2.69,2*0C
$GNGSA,A,3,,,,,,,,,,,,,3.05,1.45,2.69,3*08
$GNGSA,A,3,10,39,06,09,07,,,,,,,,3.05,1.45,2.69,4*0C
$GNGSA,A,3,03,,,,,,,,,,,,3.05,1.45,2.69,5*0D
$GPGSV,2,1,05,10,47,306,36,18,55,075,27,24,23,086,33,29,18,161,33,1*63
$GPGSV,2,2,05,32,43,207,33,1*52
$GPGSV,2,1,05,10,47,306,34,18,55,075,27,24,23,086,26,29,18,161,31,6*60
$GPGSV,2,2,05,32,43,207,29,6*5E
$GPGSV,1,1,01,08,01,323,,0*5F
$GLGSV,1,1,04,69,73,290,34,70,16,226,09,82,22,132,31,83,58,100,10,1*7A
$GLGSV,1,1,03,69,73,290,25,82,22,132,37,83,58,100,20,3*45
$GLGSV,1,1,02,68,38,020,,84,39,343,,0*7E
$GAGSV,1,1,00,0*74
$GBGSV,1,1,04,06,28,125,29,07,11,157,28,09,24,139,35,39,31,106,37,1*74
$GBGSV,1,1,04,06,28,125,35,07,11,157,25,09,24,139,31,10,21,164,38,B*02
$GQGSV,1,1,01,03,13,110,38,1*5E
$GQGSV,1,1,01,03,13,110,26,6*56
$GNGLL,2454.26805,N,06708.28609,E,141045.00,A,D*75
$GNRMC,141046.00,A,2454.26805,N,06708.28610,E,0.099,,080425,,,F,V*14
$GNVTG,,T,,M,0.099,N,0.184,K,D*35
$GNGGA,141046.00,2454.26805,N,06708.28610,E,5,12,1.45,22.2,M,-44.2,M,2.0,0100*79
$GNGSA,A,3,18,32,10,29,24,,,,,,,,3.05,1.45,2.69,1*0E
$GNGSA,A,3,69,82,,,,,,,,,,,3.05,1.45,2.69,2*0C
$GNGSA,A,3,,,,,,,,,,,,,3.05,1.45,2.69,3*08
$GNGSA,A,3,10,39,06,09,07,,,,,,,,3.05,1.45,2.69,4*0C
$GNGSA,A,3,03,,,,,,,,,,,,3.05,1.45,2.69,5*0D
$GPGSV,2,1,05,10,47,306,37,18,55,075,27,24,23,086,33,29,18,161,32,1*63
$GPGSV,2,2,05,32,43,207,32,1*53
$GPGSV,2,1,05,10,47,306,34,18,55,075,27,24,23,086,26,29,18,161,31,6*60
$GPGSV,2,2,05,32,43,207,29,6*5E
$GPGSV,1,1,01,08,01,323,,0*5F
$GLGSV,1,1,04,69,73,290,34,70,16,226,11,82,22,132,31,83,58,100,11,1*72
$GLGSV,1,1,03,69,73,290,25,82,22,132,37,83,58,100,21,3*44
$GLGSV,1,1,02,68,38,020,,84,39,343,,0*7E
$GAGSV,1,1,00,0*74
$GBGSV,1,1,04,06,28,125,29,07,11,157,28,09,24,139,35,39,31,106,37,1*74
$GBGSV,1,1,04,06,28,125,34,07,11,157,24,09,24,139,31,10,21,164,38,B*02
$GQGSV,1,1,01,03,13,110,37,1*51
$GQGSV,1,1,01,03,13,110,26,6*56
$GNGLL,2454.26805,N,06708.28610,E,141046.00,A,D*7E
$GNRMC,141047.00,A,2454.26805,N,06708.28611,E,0.059,,080425,,,F,V*18
$GNVTG,,T,,M,0.059,N,0.109,K,D*3C
$GNGGA,141047.00,2454.26805,N,06708.28611,E,5,12,1.45,22.2,M,-44.2,M,1.0,0100*7A
$GNGSA,A,3,18,32,10,29,24,,,,,,,,3.05,1.45,2.69,1*0E
$GNGSA,A,3,69,82,,,,,,,,,,,3.05,1.45,2.69,2*0C
$GNGSA,A,3,,,,,,,,,,,,,3.05,1.45,2.69,3*08
$GNGSA,A,3,10,39,06,09,07,,,,,,,,3.05,1.45,2.69,4*0C
$GNGSA,A,3,03,,,,,,,,,,,,3.05,1.45,2.69,5*0D
$GPGSV,2,1,05,10,47,306,36,18,55,075,27,24,23,086,33,29,18,161,32,1*62
$GPGSV,2,2,05,32,43,207,33,1*52
$GPGSV,2,1,05,10,47,306,34,18,55,075,27,24,23,086,26,29,18,161,31,6*60
$GPGSV,2,2,05,32,43,207,29,6*5E
$GPGSV,1,1,01,08,01,323,,0*5F
$GLGSV,1,1,04,69,73,290,34,70,16,226,11,82,22,132,32,83,58,100,10,1*70
$GLGSV,1,1,03,69,73,290,25,82,22,132,36,83,58,100,21,3*45
$GLGSV,1,1,02,68,38,020,,84,39,343,,0*7E
$GAGSV,1,1,00,0*74
$GBGSV,1,1,04,06,28,125,29,07,11,157,28,09,24,139,35,39,31,106,37,1*74
$GBGSV,1,1,04,06,28,125,34,07,11,157,24,09,24,139,31,10,21,164,38,B*02
$GQGSV,1,1,01,03,13,110,37,1*51
$GQGSV,1,1,01,03,13,110,27,6*57
$GNGLL,2454.26805,N,06708.28611,E,141047.00,A,D*7E
$GNRMC,141048.00,A,2454.26805,N,06708.28611,E,0.022,,080425,,,F,V*1B
$GNVTG,,T,,M,0.022,N,0.041,K,D*3D
$GNGGA,141048.00,2454.26805,N,06708.28611,E,5,12,1.45,22.2,M,-44.2,M,2.0,0100*76
$GNGSA,A,3,18,32,10,29,24,,,,,,,,3.05,1.45,2.69,1*0E
$GNGSA,A,3,69,82,,,,,,,,,,,3.05,1.45,2.69,2*0C
$GNGSA,A,3,,,,,,,,,,,,,3.05,1.45,2.69,3*08
$GNGSA,A,3,10,39,06,09,07,,,,,,,,3.05,1.45,2.69,4*0C
$GNGSA,A,3,03,,,,,,,,,,,,3.05,1.45,2.69,5*0D
$GPGSV,2,1,05,10,47,306,36,18,55,075,27,24,23,086,33,29,18,161,32,1*62
$GPGSV,2,2,05,32,43,207,32,1*53
$GPGSV,2,1,05,10,47,306,34,18,55,075,27,24,23,086,26,29,18,161,31,6*60
$GPGSV,2,2,05,32,43,207,29,6*5E
$GPGSV,1,1,01,08,01,323,,0*5F
$GLGSV,1,1,03,69,73,290,34,70,16,226,10,82,22,132,32,1*40
$GLGSV,1,1,03,69,73,290,25,82,22,132,37,83,58,100,21,3*44
$GLGSV,1,1,02,68,38,020,,84,39,343,,0*7E
$GAGSV,1,1,00,0*74
$GBGSV,1,1,04,06,28,125,29,07,11,157,28,09,24,139,35,39,31,106,37,1*74
$GBGSV,1,1,04,06,28,125,35,07,11,157,24,09,24,139,31,10,21,164,38,B*03
$GQGSV,1,1,01,03,13,110,37,1*51
$GQGSV,1,1,01,03,13,110,27,6*57
$GNGLL,2454.26805,N,06708.28611,E,141048.00,A,D*71
$GNRMC,141049.00,A,2454.26806,N,06708.28611,E,0.047,,080425,,,F,V*1A
$GNVTG,,T,,M,0.047,N,0.086,K,D*35
$GNGGA,141049.00,2454.26806,N,06708.28611,E,5,12,1.45,22.2,M,-44.2,M,1.0,0100*77
$GNGSA,A,3,18,32,10,29,24,,,,,,,,3.05,1.45,2.69,1*0E
$GNGSA,A,3,69,82,,,,,,,,,,,3.05,1.45,2.69,2*0C
$GNGSA,A,3,,,,,,,,,,,,,3.05,1.45,2.69,3*08
$GNGSA,A,3,10,39,06,09,07,,,,,,,,3.05,1.45,2.69,4*0C
$GNGSA,A,3,03,,,,,,,,,,,,3.05,1.45,2.69,5*0D
$GPGSV,2,1,05,10,47,306,36,18,55,075,27,24,23,086,33,29,18,161,32,1*62
$GPGSV,2,2,05,32,43,207,32,1*53
$GPGSV,2,1,05,10,47,306,34,18,55,075,27,24,23,086,26,29,18,161,30,6*61
$GPGSV,2,2,05,32,43,207,29,6*5E
$GPGSV,1,1,01,08,01,323,,0*5F
$GLGSV,1,1,02,69,73,290,34,82,22,132,32,1*76
$GLGSV,1,1,03,69,73,290,25,82,22,132,37,83,58,100,21,3*44
$GLGSV,1,1,03,68,38,020,,70,16,226,,84,39,343,,0*49
$GAGSV,1,1,00,0*74
$GBGSV,1,1,04,06,28,125,29,07,11,157,28,09,24,139,35,39,31,106,37,1*74
$GBGSV,1,1,04,06,28,125,35,07,11,157,23,09,24,139,31,10,21,164,38,B*04
$GQGSV,1,1,01,03,13,110,37,1*51
$GQGSV,1,1,01,03,13,110,26,6*56
$GNGLL,2454.26806,N,06708.28611,E,141049.00,A,D*73
$GNRMC,141050.00,A,2454.26806,N,06708.28612,E,0.030,,080425,,,F,V*11
$GNVTG,,T,,M,0.030,N,0.055,K,D*3B
$GNGGA,141050.00,2454.26806,N,06708.28612,E,5,12,1.45,22.2,M,-44.2,M,2.0,0100*7F
$GNGSA,A,3,18,32,10,29,24,,,,,,,,3.05,1.45,2.69,1*0E
$GNGSA,A,3,69,82,,,,,,,,,,,3.05,1.45,2.69,2*0C
$GNGSA,A,3,,,,,,,,,,,,,3.05,1.45,2.69,3*08
$GNGSA,A,3,10,39,06,09,07,,,,,,,,3.05,1.45,2.69,4*0C
$GNGSA,A,3,03,,,,,,,,,,,,3.05,1.45,2.69,5*0D
$GPGSV,2,1,05,10,47,306,37,18,55,075,28,24,23,086,33,29,18,161,32,1*6C
$GPGSV,2,2,05,32,43,207,32,1*53
$GPGSV,2,1,05,10,47,306,34,18,55,075,27,24,23,086,26,29,18,161,31,6*60
$GPGSV,2,2,05,32,43,207,29,6*5E
$GPGSV,1,1,01,08,01,323,,0*5F
$GLGSV,1,1,02,69,73,290,34,82,22,132,32,1*76
$GLGSV,1,1,03,69,73,290,25,82,22,132,37,83,58,100,21,3*44
$GLGSV,1,1,03,68,38,020,,70,16,226,,84,39,343,,0*49
$GAGSV,1,1,00,0*74
$GBGSV,1,1,04,06,28,125,29,07,11,157,28,09,24,139,35,39,31,106,37,1*74
$GBGSV,1,1,04,06,28,125,35,07,11,157,23,09,24,139,31,10,21,164,38,B*04
$GQGSV,1,1,01,03,13,110,37,1*51
$GQGSV,1,1,01,03,13,110,27,6*57
$GNGLL,2454.26806,N,06708.28612,E,141050.00,A,D*78
$GNRMC,141051.00,A,2454.26806,N,06708.28612,E,0.057,,080425,,,F,V*11
$GNVTG,,T,,M,0.057,N,0.105,K,D*3E
$GNGGA,141051.00,2454.26806,N,06708.28612,E,5,12,1.45,22.2,M,-44.2,M,1.0,0100*7D
$GNGSA,A,3,18,32,10,29,24,,,,,,,,3.05,1.45,2.68,1*0F
$GNGSA,A,3,69,82,,,,,,,,,,,3.05,1.45,2.68,2*0D
$GNGSA,A,3,,,,,,,,,,,,,3.05,1.45,2.68,3*09
$GNGSA,A,3,10,39,06,09,07,,,,,,,,3.05,1.45,2.68,4*0D
$GNGSA,A,3,03,,,,,,,,,,,,3.05,1.45,2.68,5*0C
$GPGSV,2,1,05,10,47,306,37,18,55,075,27,24,23,086,33,29,18,161,32,1*63
$GPGSV,2,2,05,32,43,207,32,1*53
$GPGSV,2,1,05,10,47,306,34,18,55,075,27,24,23,086,26,29,18,161,31,6*60
$GPGSV,2,2,05,32,43,207,29,6*5E
$GPGSV,1,1,01,08,01,323,,0*5F
$GLGSV,1,1,02,69,73,290,34,82,22,132,32,1*76
$GLGSV,1,1,03,69,73,290,26,82,22,132,36,83,58,100,21,3*46
$GLGSV,1,1,03,68,38,020,,70,16,226,,84,39,343,,0*49
$GAGSV,1,1,00,0*74
$GBGSV,1,1,04,06,28,125,29,07,11,157,28,09,24,139,35,39,31,106,37,1*74
$GBGSV,1,1,04,06,28,125,35,07,11,157,23,09,24,139,31,10,21,164,38,B*04
$GQGSV,1,1,01,03,13,110,37,1*51
$GQGSV,1,1,01,03,13,110,27,6*57
$GNGLL,2454.26806,N,06708.28612,E,141051.00,A,D*79
$GNRMC,141052.00,A,2454.26806,N,06708.28612,E,0.027,,080425,,,F,V*15
$GNVTG,,T,,M,0.027,N,0.049,K,D*30
$GNGGA,141052.00,2454.26806,N,06708.28612,E,5,12,1.45,22.2,M,-44.2,M,2.0,0100*7D
$GNGSA,A,3,18,32,10,29,24,,,,,,,,3.05,1.45,2.68,1*0F
$GNGSA,A,3,69,82,,,,,,,,,,,3.05,1.45,2.68,2*0D
$GNGSA,A,3,,,,,,,,,,,,,3.05,1.45,2.68,3*09
$GNGSA,A,3,10,39,06,09,07,,,,,,,,3.05,1.45,2.68,4*0D
$GNGSA,A,3,03,,,,,,,,,,,,3.05,1.45,2.68,5*0C
$GPGSV,2,1,05,10,47,306,36,18,55,075,28,24,23,086,33,29,18,161,32,1*6D
$GPGSV,2,2,05,32,43,207,32,1*53
$GPGSV,2,1,05,10,47,306,34,18,55,075,27,24,23,086,26,29,18,161,31,6*60
$GPGSV,2,2,05,32,43,207,29,6*5E
$GPGSV,1,1,01,08,02,323,,0*5C
$GLGSV,1,1,02,69,73,290,34,82,22,132,32,1*76
$GLGSV,1,1,03,69,73,290,26,82,22,132,36,83,58,100,21,3*46
$GLGSV,1,1,03,68,38,020,,70,16,226,,84,39,343,,0*49
$GAGSV,1,1,00,0*74
$GBGSV,1,1,04,06,28,125,29,07,11,157,28,09,24,139,35,39,31,106,37,1*74
$GBGSV,1,1,04,06,28,125,35,07,11,157,24,09,24,139,31,10,21,164,38,B*03
$GQGSV,1,1,01,03,13,110,37,1*51
$GQGSV,1,1,01,03,13,110,27,6*57
$GNGLL,2454.26806,N,06708.28612,E,141052.00,A,D*7A
$GNRMC,141053.00,A,2454.26806,N,06708.28613,E,0.063,,080425,,,F,V*15
$GNVTG,,T,,M,0.063,N,0.117,K,D*3A
$GNGGA,141053.00,2454.26806,N,06708.28613,E,5,12,1.45,22.2,M,-44.2,M,1.0,0100*7E
$GNGSA,A,3,18,32,10,29,24,,,,,,,,3.05,1.45,2.68,1*0F
$GNGSA,A,3,69,82,,,,,,,,,,,3.05,1.45,2.68,2*0D
$GNGSA,A,3,,,,,,,,,,,,,3.05,1.45,2.68,3*09
$GNGSA,A,3,10,39,06,09,07,,,,,,,,3.05,1.45,2.68,4*0D
$GNGSA,A,3,03,,,,,,,,,,,,3.05,1.45,2.68,5*0C
$GPGSV,2,1,05,10,47,306,36,18,55,075,28,24,23,086,33,29,18,161,32,1*6D
$GPGSV,2,2,05,32,43,207,32,1*53
$GPGSV,2,1,05,10,47,306,34,18,55,075,28,24,23,086,26,29,18,161,30,6*6E
$GPGSV,2,2,05,32,43,207,29,6*5E
$GPGSV,1,1,01,08,02,323,,0*5C
$GLGSV,1,1,02,69,73,290,34,82,22,132,32,1*76
$GLGSV,1,1,03,69,73,290,25,82,22,132,36,83,58,100,21,3*45
$GLGSV,1,1,03,68,38,020,,70,16,226,,84,39,343,,0*49
$GAGSV,1,1,00,0*74
$GBGSV,1,1,04,06,28,125,29,07,11,157,28,09,24,139,35,39,31,106,37,1*74
$GBGSV,1,1,04,06,28,125,35,07,11,157,24,09,24,139,31,10,21,164,38,B*03
$GQGSV,1,1,01,03,13,110,37,1*51
$GQGSV,1,1,01,03,13,110,27,6*57
$GNGLL,2454.26806,N,06708.28613,E,141053.00,A,D*7A
$GNRMC,141054.00,A,2454.26807,N,06708.28613,E,0.051,,080425,,,F,V*12
$GNVTG,,T,,M,0.051,N,0.094,K,D*31
$GNGGA,141054.00,2454.26807,N,06708.28613,E,5,12,1.45,22.2,M,-44.2,M,2.0,0100*7B
$GNGSA,A,3,18,32,10,29,24,,,,,,,,3.05,1.45,2.68,1*0F
$GNGSA,A,3,69,82,,,,,,,,,,,3.05,1.45,2.68,2*0D
$GNGSA,A,3,,,,,,,,,,,,,3.05,1.45,2.68,3*09
$GNGSA,A,3,10,39,06,09,07,,,,,,,,3.05,1.45,2.68,4*0D
$GNGSA,A,3,03,,,,,,,,,,,,3.05,1.45,2.68,5*0C
$GPGSV,2,1,05,10,47,306,36,18,55,075,28,24,23,086,33,29,18,161,32,1*6D
$GPGSV,2,2,05,32,43,207,33,1*52
$GPGSV,2,1,05,10,47,306,34,18,55,075,28,24,23,086,26,29,18,161,30,6*6E
$GPGSV,2,2,05,32,43,207,30,6*56
$GPGSV,1,1,01,08,02,323,,0*5C
$GLGSV,1,1,02,69,73,290,34,82,22,132,33,1*77
$GLGSV,1,1,03,69,73,290,25,82,22,132,36,83,58,100,21,3*45
$GLGSV,1,1,03,68,38,020,,70,16,226,,84,39,343,,0*49
$GAGSV,1,1,00,0*74
$GBGSV,1,1,04,06,28,125,29,07,11,157,28,09,24,139,35,39,31,106,37,1*74
$GBGSV,1,1,04,06,28,125,35,07,11,157,24,09,24,139,31,10,21,164,38,B*03
$GQGSV,1,1,01,03,13,110,37,1*51
$GQGSV,1,1,01,03,13,110,27,6*57
$GNGLL,2454.26807,N,06708.28613,E,141054.00,A,D*7C
$GNRMC,141055.00,A,2454.26807,N,06708.28613,E,0.018,,080425,,,F,V*1E
$GNVTG,,T,,M,0.018,N,0.033,K,D*31
$GNGGA,141055.00,2454.26807,N,06708.28613,E,5,12,1.45,22.2,M,-44.2,M,1.0,0100*79
$GNGSA,A,3,18,32,10,29,24,,,,,,,,3.05,1.45,2.68,1*0F
$GNGSA,A,3,69,82,,,,,,,,,,,3.05,1.45,2.68,2*0D
$GNGSA,A,3,,,,,,,,,,,,,3.05,1.45,2.68,3*09
$GNGSA,A,3,10,39,06,09,07,,,,,,,,3.05,1.45,2.68,4*0D
$GNGSA,A,3,03,,,,,,,,,,,,3.05,1.45,2.68,5*0C
$GPGSV,2,1,05,10,47,306,36,18,55,075,28,24,23,086,33,29,18,161,32,1*6D
$GPGSV,2,2,05,32,43,207,33,1*52
$GPGSV,2,1,05,10,47,306,34,18,55,075,28,24,23,086,26,29,18,161,30,6*6E
$GPGSV,2,2,05,32,43,207,29,6*5E
$GPGSV,1,1,01,08,02,323,,0*5C
$GLGSV,1,1,02,69,73,290,34,82,22,132,33,1*77
$GLGSV,1,1,03,69,73,290,25,82,22,132,36,83,58,100,21,3*45
$GLGSV,1,1,03,68,38,020,,70,16,226,,84,39,343,,0*49
$GAGSV,1,1,00,0*74
$GBGSV,1,1,04,06,28,125,29,07,11,157,28,09,24,139,35,39,31,106,37,1*74
$GBGSV,1,1,04,06,28,125,35,07,11,157,23,09,24,139,31,10,21,164,38,B*04
$GQGSV,1,1,01,03,13,110,37,1*51
$GQGSV,1,1,01,03,13,110,27,6*57
$GNGLL,2454.26807,N,06708.28613,E,141055.00,A,D*7D
$GNRMC,141056.00,A,2454.26807,N,06708.28613,E,0.015,,080425,,,F,V*10
$GNVTG,,T,,M,0.015,N,0.028,K,D*36
$GNGGA,141056.00,2454.26807,N,06708.28613,E,5,12,1.45,22.2,M,-44.2,M,2.0,0100*79
$GNGSA,A,3,18,32,10,29,24,,,,,,,,3.05,1.45,2.68,1*0F
$GNGSA,A,3,69,82,,,,,,,,,,,3.05,1.45,2.68,2*0D
$GNGSA,A,3,,,,,,,,,,,,,3.05,1.45,2.68,3*09
$GNGSA,A,3,10,39,06,09,07,,,,,,,,3.05,1.45,2.68,4*0D
$GNGSA,A,3,03,,,,,,,,,,,,3.05,1.45,2.68,5*0C
$GPGSV,2,1,05,10,47,306,37,18,55,075,28,24,23,086,33,29,18,161,33,1*6D
$GPGSV,2,2,05,32,43,207,33,1*52
$GPGSV,2,1,05,10,47,306,34,18,55,075,28,24,23,086,25,29,18,161,31,6*6C
$GPGSV,2,2,05,32,43,207,29,6*5E
$GPGSV,1,1,01,08,02,323,,0*5C
$GLGSV,1,1,02,69,73,290,34,82,22,132,34,1*70
$GLGSV,1,1,03,69,73,290,25,82,22,132,36,83,58,100,22,3*46
$GLGSV,1,1,03,68,38,020,,70,16,226,,84,39,343,,0*49
$GAGSV,1,1,00,0*74
$GBGSV,1,1,04,06,28,125,29,07,11,157,28,09,24,139,35,39,31,106,37,1*74
$GBGSV,1,1,04,06,28,125,35,07,11,157,23,09,24,139,31,10,21,164,38,B*04
$GQGSV,1,1,01,03,13,110,37,1*51
$GQGSV,1,1,01,03,13,110,26,6*56
$GNGLL,2454.26807,N,06708.28613,E,141056.00,A,D*7E
$GNRMC,141057.00,A,2454.26807,N,06708.28612,E,0.057,,080425,,,F,V*16
$GNVTG,,T,,M,0.057,N,0.106,K,D*3D
$GNGGA,141057.00,2454.26807,N,06708.28612,E,5,12,1.45,22.2,M,-44.2,M,1.0,0100*7A
$GNGSA,A,3,18,32,10,29,24,,,,,,,,3.05,1.45,2.68,1*0F
$GNGSA,A,3,69,82,,,,,,,,,,,3.05,1.45,2.68,2*0D
$GNGSA,A,3,,,,,,,,,,,,,3.05,1.45,2.68,3*09
$GNGSA,A,3,10,39,06,09,07,,,,,,,,3.05,1.45,2.68,4*0D
$GNGSA,A,3,03,,,,,,,,,,,,3.05,1.45,2.68,5*0C
$GPGSV,2,1,05,10,47,306,36,18,55,076,28,24,23,086,33,29,18,161,32,1*6E
$GPGSV,2,2,05,32,43,207,32,1*53
$GPGSV,2,1,05,10,47,306,34,18,55,076,27,24,23,086,25,29,18,161,31,6*60
$GPGSV,2,2,05,32,43,207,29,6*5E
$GPGSV,1,1,01,08,02,323,,0*5C
$GLGSV,1,1,02,69,73,290,34,82,22,132,34,1*70
$GLGSV,1,1,03,69,73,290,25,82,22,132,36,83,58,100,22,3*46
$GLGSV,1,1,03,68,38,020,,70,16,226,,84,39,343,,0*49
$GAGSV,1,1,00,0*74
$GBGSV,1,1,04,06,28,125,29,07,11,157,28,09,24,139,35,39,31,106,37,1*74
$GBGSV,1,1,04,06,28,125,35,07,11,157,23,09,24,139,31,10,21,164,38,B*04
$GQGSV,1,1,01,03,13,110,37,1*51
$GQGSV,1,1,01,03,13,110,26,6*56
$GNGLL,2454.26807,N,06708.28612,E,141057.00,A,D*7E
$GNRMC,141058.00,A,2454.26807,N,06708.28613,E,0.018,,080425,,,F,V*13
$GNVTG,,T,,M,0.018,N,0.034,K,D*36
$GNGGA,141058.00,2454.26807,N,06708.28613,E,5,12,1.45,22.3,M,-44.2,M,2.0,0100*76
$GNGSA,A,3,18,32,10,29,24,,,,,,,,3.05,1.45,2.68,1*0F
$GNGSA,A,3,69,82,,,,,,,,,,,3.05,1.45,2.68,2*0D
$GNGSA,A,3,,,,,,,,,,,,,3.05,1.45,2.68,3*09
$GNGSA,A,3,10,39,06,09,07,,,,,,,,3.05,1.45,2.68,4*0D
$GNGSA,A,3,03,,,,,,,,,,,,3.05,1.45,2.68,5*0C
$GPGSV,2,1,05,10,47,306,37,18,55,076,28,24,23,085,33,29,18,161,32,1*6C
$GPGSV,2,2,05,32,43,207,32,1*53
$GPGSV,2,1,05,10,47,306,34,18,55,076,28,24,23,085,25,29,18,161,31,6*6C
$GPGSV,2,2,05,32,43,207,29,6*5E
$GPGSV,1,1,01,08,02,323,,0*5C
$GLGSV,1,1,02,69,73,290,34,82,22,132,34,1*70
$GLGSV,1,1,03,69,73,290,25,82,22,132,36,83,58,100,22,3*46
$GLGSV,1,1,03,68,38,020,,70,16,226,,84,39,343,,0*49
$GAGSV,1,1,00,0*74
$GBGSV,1,1,04,06,28,125,29,07,11,157,28,09,24,139,35,39,31,106,37,1*74
$GBGSV,1,1,04,06,28,125,35,07,11,157,22,09,24,139,31,10,21,164,38,B*05
$GQGSV,1,1,01,03,13,110,37,1*51
$GQGSV,1,1,01,03,13,110,26,6*56
$GNGLL,2454.26807,N,06708.28613,E,141058.00,A,D*70
$GNRMC,141059.00,A,2454.26807,N,06708.28612,E,0.052,,080425,,,F,V*1D
$GNVTG,,T,,M,0.052,N,0.097,K,D*31
$GNGGA,141059.00,2454.26807,N,06708.28612,E,5,12,1.45,22.3,M,-44.2,M,1.0,0100*75
$GNGSA,A,3,18,32,10,29,24,,,,,,,,3.05,1.45,2.68,1*0F
$GNGSA,A,3,69,82,,,,,,,,,,,3.05,1.45,2.68,2*0D
$GNGSA,A,3,,,,,,,,,,,,,3.05,1.45,2.68,3*09
$GNGSA,A,3,10,39,06,09,07,,,,,,,,3.05,1.45,2.68,4*0D
$GNGSA,A,3,03,,,,,,,,,,,,3.05,1.45,2.68,5*0C
$GPGSV,2,1,05,10,47,306,37,18,55,076,28,24,23,085,33,29,18,161,32,1*6C
$GPGSV,2,2,05,32,43,207,32,1*53
$GPGSV,2,1,05,10,47,306,34,18,55,076,28,24,23,085,25,29,18,161,31,6*6C
$GPGSV,2,2,05,32,43,207,29,6*5E
$GPGSV,1,1,01,08,02,323,,0*5C
$GLGSV,1,1,02,69,73,290,35,82,22,132,35,1*70
$GLGSV,1,1,03,69,73,290,26,82,22,132,36,83,58,100,22,3*45
$GLGSV,1,1,03,68,38,020,,70,16,226,,84,39,343,,0*49
$GAGSV,1,1,00,0*74
$GBGSV,1,1,04,06,28,125,29,07,11,157,28,09,24,139,35,39,31,106,37,1*74
$GBGSV,1,1,04,06,28,125,35,07,11,157,22,09,24,139,31,10,21,164,38,B*05
$GQGSV,1,1,01,03,13,110,37,1*51
$GQGSV,1,1,01,03,13,110,27,6*57
$GNGLL,2454.26807,N,06708.28612,E,141059.00,A,D*70
$GNRMC,141100.00,A,2454.26807,N,06708.28613,E,0.060,,080425,,,F,V*10
$GNVTG,,T,,M,0.060,N,0.112,K,D*3C
$GNGGA,141100.00,2454.26807,N,06708.28613,E,5,12,1.45,22.3,M,-44.2,M,2.0,0100*7A
$GNGSA,A,3,18,32,10,29,24,,,,,,,,3.05,1.45,2.68,1*0F
$GNGSA,A,3,69,82,,,,,,,,,,,3.05,1.45,2.68,2*0D
$GNGSA,A,3,,,,,,,,,,,,,3.05,1.45,2.68,3*09
$GNGSA,A,3,10,39,06,09,07,,,,,,,,3.05,1.45,2.68,4*0D
$GNGSA,A,3,03,,,,,,,,,,,,3.05,1.45,2.68,5*0C
$GPGSV,2,1,05,10,47,306,37,18,55,076,28,24,23,085,33,29,18,161,33,1*6D
$GPGSV,2,2,05,32,43,207,32,1*53
$GPGSV,2,1,05,10,47,306,34,18,55,076,28,24,23,085,25,29,18,161,31,6*6C
$GPGSV,2,2,05,32,43,207,29,6*5E
$GPGSV,1,1,01,08,02,323,,0*5C
$GLGSV,1,1,03,69,73,290,34,70,16,226,16,82,22,132,35,1*41
$GLGSV,1,1,03,69,73,290,26,82,22,132,36,83,58,100,22,3*45
$GLGSV,1,1,02,68,38,020,,84,39,343,,0*7E
$GAGSV,1,1,00,0*74
$GBGSV,1,1,04,06,28,125,29,07,11,157,28,09,24,139,35,39,31,106,37,1*74
$GBGSV,1,1,04,06,28,125,35,07,11,157,22,09,24,139,31,10,21,164,38,B*05
$GQGSV,1,1,01,03,13,110,37,1*51
$GQGSV,1,1,01,03,13,110,26,6*56
$GNGLL,2454.26807,N,06708.28613,E,141100.00,A,D*7C
$GNRMC,141101.00,A,2454.26808,N,06708.28614,E,0.088,,080425,,,F,V*1F
$GNVTG,,T,,M,0.088,N,0.164,K,D*3B
$GNGGA,141101.00,2454.26808,N,06708.28614,E,5,12,1.45,22.3,M,-44.2,M,1.0,0100*70
$GNGSA,A,3,18,32,10,29,24,,,,,,,,3.05,1.45,2.68,1*0F
$GNGSA,A,3,69,82,,,,,,,,,,,3.05,1.45,2.68,2*0D
$GNGSA,A,3,,,,,,,,,,,,,3.05,1.45,2.68,3*09
$GNGSA,A,3,10,39,06,09,07,,,,,,,,3.05,1.45,2.68,4*0D
$GNGSA,A,3,03,,,,,,,,,,,,3.05,1.45,2.68,5*0C
$GPGSV,2,1,05,10,47,306,36,18,55,076,28,24,23,085,33,29,18,161,33,1*6C
$GPGSV,2,2,05,32,43,207,32,1*53
$GPGSV,2,1,05,10,47,306,34,18,55,076,28,24,23,085,25,29,18,161,31,6*6C
$GPGSV,2,2,05,32,43,207,29,6*5E
$GPGSV,1,1,01,08,02,323,,0*5C
$GLGSV,1,1,03,69,73,290,35,70,16,226,15,82,22,132,35,1*43
$GLGSV,1,1,03,69,73,290,26,82,22,132,36,83,58,100,23,3*44
$GLGSV,1,1,02,68,38,020,,84,39,343,,0*7E
$GAGSV,1,1,00,0*74
$GBGSV,1,1,04,06,28,125,29,07,11,157,28,09,24,139,35,39,31,106,37,1*74
$GBGSV,1,1,04,06,28,125,35,07,11,157,23,09,24,139,31,10,21,164,38,B*04
$GQGSV,1,1,01,03,13,110,37,1*51
$GQGSV,1,1,01,03,13,110,26,6*56
$GNGLL,2454.26808,N,06708.28614,E,141101.00,A,D*75
$GNRMC,141102.00,A,2454.26809,N,06708.28614,E,0.019,,080425,,,F,V*15
$GNVTG,,T,,M,0.019,N,0.035,K,D*36
$GNGGA,141102.00,2454.26809,N,06708.28614,E,5,12,1.45,22.2,M,-44.2,M,2.0,0100*70
$GNGSA,A,3,18,32,10,29,24,,,,,,,,3.05,1.45,2.68,1*0F
$GNGSA,A,3,69,82,,,,,,,,,,,3.05,1.45,2.68,2*0D
$GNGSA,A,3,,,,,,,,,,,,,3.05,1.45,2.68,3*09
$GNGSA,A,3,10,39,06,09,07,,,,,,,,3.05,1.45,2.68,4*0D
$GNGSA,A,3,03,,,,,,,,,,,,3.05,1.45,2.68,5*0C
$GPGSV,2,1,05,10,47,306,36,18,55,076,28,24,23,085,33,29,18,161,33,1*6C
$GPGSV,2,2,05,32,44,207,32,1*54
$GPGSV,2,1,05,10,47,306,34,18,55,076,28,24,23,085,25,29,18,161,31,6*6C
$GPGSV,2,2,05,32,44,207,29,6*59
$GPGSV,1,1,01,08,02,323,,0*5C
$GLGSV,1,1,03,69,73,290,35,70,16,226,15,82,22,132,35,1*43
$GLGSV,1,1,03,69,73,290,26,82,22,132,36,83,58,100,23,3*44
$GLGSV,1,1,02,68,38,020,,84,39,343,,0*7E
$GAGSV,1,1,00,0*74
$GBGSV,1,1,04,06,28,125,29,07,11,157,28,09,24,139,35,39,31,106,37,1*74
$GBGSV,1,1,04,06,28,125,35,07,11,157,23,09,24,139,31,10,21,164,38,B*04
$GQGSV,1,1,01,03,13,110,37,1*51
$GQGSV,1,1,01,03,13,110,26,6*56
$GNGLL,2454.26809,N,06708.28614,E,141102.00,A,D*77
$GNRMC,141103.00,A,2454.26810,N,06708.28614,E,0.091,,080425,,,F,V*1C
$GNVTG,,T,,M,0.091,N,0.169,K,D*3E
$GNGGA,141103.00,2454.26810,N,06708.28614,E,5,12,1.45,22.2,M,-44.2,M,1.0,0100*7A
$GNGSA,A,3,18,32,10,29,24,,,,,,,,3.05,1.45,2.68,1*0F
$GNGSA,A,3,69,82,,,,,,,,,,,3.05,1.45,2.68,2*0D
$GNGSA,A,3,,,,,,,,,,,,,3.05,1.45,2.68,3*09
$GNGSA,A,3,10,39,06,09,07,,,,,,,,3.05,1.45,2.68,4*0D
$GNGSA,A,3,03,,,,,,,,,,,,3.05,1.45,2.68,5*0C
$GPGSV,2,1,05,10,47,306,36,18,55,076,28,24,23,085,32,29,18,161,33,1*6D
$GPGSV,2,2,05,32,44,207,32,1*54
$GPGSV,2,1,05,10,47,306,34,18,55,076,28,24,23,085,25,29,18,161,30,6*6D
$GPGSV,2,2,05,32,44,207,29,6*59
$GPGSV,1,1,01,08,02,323,,0*5C
$GLGSV,1,1,03,69,73,290,35,70,16,226,14,82,22,132,35,1*42
$GLGSV,1,1,03,69,73,290,26,82,22,132,36,83,58,100,24,3*43
$GLGSV,1,1,02,68,38,020,,84,39,343,,0*7E
$GAGSV,1,1,00,0*74
$GBGSV,1,1,04,06,28,125,29,07,11,157,28,09,24,139,35,39,31,106,37,1*74
$GBGSV,1,1,04,06,28,125,35,07,11,157,23,09,24,139,31,10,21,164,38,B*04
$GQGSV,1,1,01,03,13,110,37,1*51
$GQGSV,1,1,01,03,13,110,26,6*56
$GNGLL,2454.26810,N,06708.28614,E,141103.00,A,D*7E
$GNRMC,141104.00,A,2454.26810,N,06708.28614,E,0.114,,080425,,,F,V*17
$GNVTG,,T,,M,0.114,N,0.212,K,D*3D
$GNGGA,141104.00,2454.26810,N,06708.28614,E,5,12,1.45,22.2,M,-44.2,M,2.0,0100*7E
$GNGSA,A,3,18,32,10,29,24,,,,,,,,3.05,1.45,2.68,1*0F
$GNGSA,A,3,69,82,,,,,,,,,,,3.05,1.45,2.68,2*0D
$GNGSA,A,3,,,,,,,,,,,,,3.05,1.45,2.68,3*09
$GNGSA,A,3,10,39,06,09,07,,,,,,,,3.05,1.45,2.68,4*0D
$GNGSA,A,3,03,,,,,,,,,,,,3.05,1.45,2.68,5*0C
$GPGSV,2,1,05,10,47,306,36,18,55,076,28,24,23,085,33,29,18,161,33,1*6C
$GPGSV,2,2,05,32,44,207,32,1*54
$GPGSV,2,1,05,10,47,306,34,18,55,076,28,24,23,085,25,29,18,161,31,6*6C
$GPGSV,2,2,05,32,44,207,29,6*59
$GPGSV,1,1,01,08,02,323,,0*5C
$GLGSV,1,1,03,69,73,290,35,70,16,226,14,82,22,132,36,1*41
$GLGSV,1,1,03,69,73,290,26,82,22,132,35,83,58,100,24,3*40
$GLGSV,1,1,02,68,38,020,,84,39,343,,0*7E
$GAGSV,1,1,00,0*74
$GBGSV,1,1,04,06,28,125,29,07,11,157,28,09,24,139,35,39,31,106,37,1*74
$GBGSV,1,1,04,06,28,125,35,07,11,157,23,09,24,139,31,10,21,164,38,B*04
$GQGSV,1,1,01,03,13,110,37,1*51
$GQGSV,1,1,01,03,13,110,26,6*56
$GNGLL,2454.26810,N,06708.28614,E,141104.00,A,D*79
$GNRMC,141105.00,A,2454.26809,N,06708.28614,E,0.029,,080425,,,F,V*11
$GNVTG,,T,,M,0.029,N,0.053,K,D*35
$GNGGA,141105.00,2454.26809,N,06708.28614,E,5,12,1.45,22.3,M,-44.2,M,1.0,0100*75
$GNGSA,A,3,18,32,10,29,24,,,,,,,,3.05,1.45,2.68,1*0F
$GNGSA,A,3,69,82,,,,,,,,,,,3.05,1.45,2.68,2*0D
$GNGSA,A,3,,,,,,,,,,,,,3.05,1.45,2.68,3*09
$GNGSA,A,3,10,39,06,09,07,,,,,,,,3.05,1.45,2.68,4*0D
$GNGSA,A,3,03,,,,,,,,,,,,3.05,1.45,2.68,5*0C
$GPGSV,2,1,05,10,47,306,36,18,55,076,28,24,23,085,32,29,18,161,33,1*6D
$GPGSV,2,2,05,32,44,207,31,1*57
$GPGSV,2,1,05,10,47,306,34,18,55,076,28,24,23,085,25,29,18,161,31,6*6C
$GPGSV,2,2,05,32,44,207,29,6*59
$GPGSV,1,1,01,08,02,323,,0*5C
$GLGSV,1,1,03,69,73,290,35,70,16,226,14,82,22,132,36,1*41
$GLGSV,1,1,03,69,73,290,27,82,22,132,35,83,58,100,24,3*41
$GLGSV,1,1,02,68,38,020,,84,39,343,,0*7E
$GAGSV,1,1,00,0*74
$GBGSV,1,1,04,06,28,125,29,07,11,157,28,09,24,139,35,39,31,106,37,1*74
$GBGSV,1,1,04,06,28,125,35,07,11,157,22,09,24,139,31,10,21,164,37,B*0A
$GQGSV,1,1,01,03,13,110,37,1*51
$GQGSV,1,1,01,03,13,110,26,6*56
$GNGLL,2454.26809,N,06708.28614,E,141105.00,A,D*70
$GNRMC,141106.00,A,2454.26808,N,06708.28615,E,0.071,,080425,,,F,V*1F
$GNVTG,,T,,M,0.071,N,0.132,K,D*3E
$GNGGA,141106.00,2454.26808,N,06708.28615,E,5,12,1.45,22.2,M,-44.2,M,2.0,0100*74
$GNGSA,A,3,18,32,10,29,24,,,,,,,,3.05,1.45,2.68,1*0F
$GNGSA,A,3,69,82,,,,,,,,,,,3.05,1.45,2.68,2*0D
$GNGSA,A,3,,,,,,,,,,,,,3.05,1.45,2.68,3*09
$GNGSA,A,3,10,39,06,09,07,,,,,,,,3.05,1.45,2.68,4*0D
$GNGSA,A,3,03,,,,,,,,,,,,3.05,1.45,2.68,5*0C
$GPGSV,2,1,05,10,47,306,37,18,55,076,28,24,23,085,32,29,18,161,33,1*6C
$GPGSV,2,2,05,32,44,207,32,1*54
$GPGSV,2,1,05,10,47,306,34,18,55,076,29,24,23,085,25,29,18,161,31,6*6D
$GPGSV,2,2,05,32,44,207,29,6*59
$GPGSV,1,1,01,08,02,323,,0*5C
$GLGSV,1,1,03,69,73,290,35,70,16,226,15,82,22,132,36,1*40
$GLGSV,1,1,03,69,73,290,26,82,22,132,36,83,58,100,24,3*43
$GLGSV,1,1,02,68,38,020,,84,39,343,,0*7E
$GAGSV,1,1,00,0*74
$GBGSV,1,1,04,06,28,125,30,07,11,157,28,09,24,139,35,39,31,106,37,1*7C
$GBGSV,1,1,04,06,28,125,35,07,11,157,22,09,24,139,31,10,21,164,37,B*0A
$GQGSV,1,1,01,03,13,110,37,1*51
$GQGSV,1,1,01,03,13,110,26,6*56
$GNGLL,2454.26808,N,06708.28615,E,141106.00,A,D*73
$GNRMC,141107.00,A,2454.26809,N,06708.28618,E,0.001,,080425,,,F,V*15
$GNVTG,,T,,M,0.001,N,0.001,K,D*38
$GNGGA,141107.00,2454.26809,N,06708.28618,E,5,12,1.45,22.2,M,-44.2,M,1.0,0100*7A
$GNGSA,A,3,18,32,10,29,24,,,,,,,,3.05,1.45,2.68,1*0F
$GNGSA,A,3,69,82,,,,,,,,,,,3.05,1.45,2.68,2*0D
$GNGSA,A,3,,,,,,,,,,,,,3.05,1.45,2.68,3*09
$GNGSA,A,3,10,39,06,09,07,,,,,,,,3.05,1.45,2.68,4*0D
$GNGSA,A,3,03,,,,,,,,,,,,3.05,1.45,2.68,5*0C
$GPGSV,2,1,05,10,47,306,37,18,55,076,27,24,23,085,32,29,18,161,33,1*63
$GPGSV,2,2,05,32,44,207,32,1*54
$GPGSV,2,1,05,10,47,306,34,18,55,076,28,24,23,085,25,29,18,161,31,6*6C
$GPGSV,2,2,05,32,44,207,29,6*59
$GPGSV,1,1,01,08,02,323,,0*5C
$GLGSV,1,1,03,69,73,290,35,70,16,226,16,82,22,132,36,1*43
$GLGSV,1,1,03,69,73,290,26,82,22,132,35,83,58,100,24,3*40
$GLGSV,1,1,02,68,38,020,,84,39,343,,0*7E
$GAGSV,1,1,00,0*74
$GBGSV,1,1,04,06,28,125,30,07,11,157,28,09,24,139,35,39,31,106,37,1*7C
$GBGSV,1,1,04,06,28,125,35,07,11,157,22,09,24,139,31,10,21,164,38,B*05
$GQGSV,1,1,01,03,13,110,37,1*51
$GQGSV,1,1,01,03,13,110,26,6*56
$GNGLL,2454.26809,N,06708.28618,E,141107.00,A,D*7E
$GNRMC,141108.00,A,2454.26810,N,06708.28620,E,0.029,,080425,,,F,V*13
$GNVTG,,T,,M,0.029,N,0.053,K,D*35
$GNGGA,141108.00,2454.26810,N,06708.28620,E,5,12,1.45,22.2,M,-44.2,M,2.0,0100*75
$GNGSA,A,3,18,32,10,29,24,,,,,,,,3.05,1.45,2.68,1*0F
$GNGSA,A,3,69,82,,,,,,,,,,,3.05,1.45,2.68,2*0D
$GNGSA,A,3,,,,,,,,,,,,,3.05,1.45,2.68,3*09
$GNGSA,A,3,10,39,06,09,07,,,,,,,,3.05,1.45,2.68,4*0D
$GNGSA,A,3,03,,,,,,,,,,,,3.05,1.45,2.68,5*0C
$GPGSV,2,1,05,10,47,306,37,18,55,076,27,24,23,085,32,29,18,161,33,1*63
$GPGSV,2,2,05,32,44,207,32,1*54
$GPGSV,2,1,05,10,47,306,34,18,55,076,29,24,23,085,25,29,18,161,31,6*6D
$GPGSV,2,2,05,32,44,207,29,6*59
$GPGSV,1,1,01,08,02,323,,0*5C
$GLGSV,1,1,03,69,73,290,35,70,16,226,16,82,22,132,36,1*43
$GLGSV,1,1,03,69,73,290,26,82,22,132,35,83,58,100,24,3*40
$GLGSV,1,1,02,68,38,020,,84,39,343,,0*7E
$GAGSV,1,1,00,0*74
$GBGSV,1,1,04,06,28,125,30,07,11,157,28,09,24,139,35,39,31,106,37,1*7C
$GBGSV,1,1,04,06,28,125,35,07,11,157,22,09,24,139,31,10,21,164,38,B*05
$GQGSV,1,1,01,03,13,110,37,1*51
$GQGSV,1,1,01,03,13,110,26,6*56
$GNGLL,2454.26810,N,06708.28620,E,141108.00,A,D*72
$GNRMC,141109.00,A,2454.26810,N,06708.28621,E,0.035,,080425,,,F,V*1E
$GNVTG,,T,,M,0.035,N,0.064,K,D*3C
$GNGGA,141109.00,2454.26810,N,06708.28621,E,5,12,1.45,22.2,M,-44.2,M,1.0,0100*76
$GNGSA,A,3,18,32,10,29,24,,,,,,,,3.04,1.45,2.68,1*0E
$GNGSA,A,3,69,82,,,,,,,,,,,3.04,1.45,2.68,2*0C
$GNGSA,A,3,,,,,,,,,,,,,3.04,1.45,2.68,3*08
$GNGSA,A,3,10,39,06,09,07,,,,,,,,3.04,1.45,2.68,4*0C
$GNGSA,A,3,03,,,,,,,,,,,,3.04,1.45,2.68,5*0D
$GPGSV,2,1,05,10,47,306,37,18,55,076,27,24,23,085,33,29,18,161,33,1*62
$GPGSV,2,2,05,32,44,207,32,1*54
$GPGSV,2,1,05,10,47,306,34,18,55,076,29,24,23,085,25,29,18,161,31,6*6D
$GPGSV,2,2,05,32,44,207,29,6*59
$GPGSV,1,1,01,08,02,323,,0*5C
$GLGSV,1,1,03,69,73,290,35,70,16,226,17,82,22,132,37,1*43
$GLGSV,1,1,03,69,73,290,26,82,22,132,35,83,58,100,24,3*40
$GLGSV,1,1,02,68,38,020,,84,39,343,,0*7E
$GAGSV,1,1,00,0*74
$GBGSV,1,1,04,06,28,125,30,07,11,157,28,09,24,139,35,39,31,106,37,1*7C
$GBGSV,1,1,04,06,28,125,35,07,11,157,22,09,24,139,31,10,21,164,38,B*05
$GQGSV,1,1,01,03,13,110,37,1*51
$GQGSV,1,1,01,03,13,110,26,6*56
$GNGLL,2454.26810,N,06708.28621,E,141109.00,A,D*72
$GNRMC,141110.00,A,2454.26810,N,06708.28622,E,0.059,,080425,,,F,V*1F
$GNVTG,,T,,M,0.059,N,0.110,K,D*34
$GNGGA,141110.00,2454.26810,N,06708.28622,E,5,12,1.45,22.3,M,-44.2,M,2.0,0100*7F
$GNGSA,A,3,18,32,10,29,24,,,,,,,,3.04,1.45,2.68,1*0E
$GNGSA,A,3,69,82,,,,,,,,,,,3.04,1.45,2.68,2*0C
$GNGSA,A,3,,,,,,,,,,,,,3.04,1.45,2.68,3*08
$GNGSA,A,3,10,39,06,09,07,,,,,,,,3.04,1.45,2.68,4*0C
$GNGSA,A,3,03,,,,,,,,,,,,3.04,1.45,2.68,5*0D
$GPGSV,2,1,05,10,47,306,37,18,55,076,27,24,23,085,33,29,18,161,33,1*62
$GPGSV,2,2,05,32,44,207,32,1*54
$GPGSV,2,1,05,10,47,306,34,18,55,076,29,24,23,085,25,29,18,161,31,6*6D
$GPGSV,2,2,05,32,44,207,29,6*59
$GPGSV,1,1,01,08,02,323,,0*5C
$GLGSV,1,1,03,69,73,290,35,70,16,226,16,82,22,132,37,1*42
$GLGSV,1,1,03,69,73,290,26,82,22,132,35,83,58,100,24,3*40
$GLGSV,1,1,02,68,38,020,,84,39,343,,0*7E
$GAGSV,1,1,00,0*74
$GBGSV,1,1,04,06,28,125,30,07,11,157,28,09,24,139,35,39,31,106,37,1*7C
$GBGSV,1,1,04,06,28,125,35,07,11,157,22,09,24,139,31,10,21,164,38,B*05
$GQGSV,1,1,01,03,13,110,37,1*51
$GQGSV,1,1,01,03,13,110,26,6*56
$GNGLL,2454.26810,N,06708.28622,E,141110.00,A,D*79
$GNRMC,141111.00,A,2454.26810,N,06708.28622,E,0.067,,080425,,,F,V*13
$GNVTG,,T,,M,0.067,N,0.124,K,D*3E
$GNGGA,141111.00,2454.26810,N,06708.28622,E,5,12,1.45,22.3,M,-44.2,M,1.0,0100*7D
$GNGSA,A,3,18,32,10,29,24,,,,,,,,3.04,1.45,2.68,1*0E
$GNGSA,A,3,69,82,,,,,,,,,,,3.04,1.45,2.68,2*0C
$GNGSA,A,3,,,,,,,,,,,,,3.04,1.45,2.68,3*08
$GNGSA,A,3,10,39,06,09,07,,,,,,,,3.04,1.45,2.68,4*0C
$GNGSA,A,3,03,,,,,,,,,,,,3.04,1.45,2.68,5*0D
$GPGSV,2,1,05,10,47,306,37,18,55,076,26,24,23,085,32,29,18,161,33,1*62
$GPGSV,2,2,05,32,44,207,32,1*54
$GPGSV,2,1,05,10,47,306,34,18,55,076,29,24,23,085,25,29,18,161,31,6*6D
$GPGSV,2,2,05,32,44,207,29,6*59
$GPGSV,1,1,01,08,02,323,,0*5C
$GLGSV,1,1,03,69,73,290,34,70,16,226,16,82,22,132,37,1*43
$GLGSV,1,1,03,69,73,290,26,82,22,132,35,83,58,100,24,3*40
$GLGSV,1,1,02,68,38,020,,84,39,343,,0*7E
$GAGSV,1,1,00,0*74
$GBGSV,1,1,04,06,28,125,30,07,11,157,28,09,24,139,35,39,31,106,37,1*7C
$GBGSV,1,1,04,06,28,125,35,07,11,157,22,09,24,139,31,10,21,164,37,B*0A
$GQGSV,1,1,01,03,13,110,37,1*51
$GQGSV,1,1,01,03,13,110,26,6*56
$GNGLL,2454.26810,N,06708.28622,E,141111.00,A,D*78
$GNRMC,141112.00,A,2454.26810,N,06708.28623,E,0.010,,080425,,,F,V*11
$GNVTG,,T,,M,0.010,N,0.018,K,D*30
$GNGGA,141112.00,2454.26810,N,06708.28623,E,5,12,1.45,22.3,M,-44.2,M,2.0,0100*7C
$GNGSA,A,3,18,32,10,29,24,,,,,,,,3.04,1.45,2.68,1*0E
$GNGSA,A,3,69,82,,,,,,,,,,,3.04,1.45,2.68,2*0C
$GNGSA,A,3,,,,,,,,,,,,,3.04,1.45,2.68,3*08
$GNGSA,A,3,10,39,06,09,07,,,,,,,,3.04,1.45,2.68,4*0C
$GNGSA,A,3,03,,,,,,,,,,,,3.04,1.45,2.68,5*0D
$GPGSV,2,1,05,10,47,306,37,18,55,076,26,24,23,085,32,29,18,161,33,1*62
$GPGSV,2,2,05,32,44,207,32,1*54
$GPGSV,2,1,05,10,47,306,34,18,55,076,29,24,23,085,25,29,18,161,31,6*6D
$GPGSV,2,2,05,32,44,207,29,6*59
$GPGSV,1,1,01,08,02,323,,0*5C
$GLGSV,1,1,03,69,73,290,34,70,16,226,16,82,22,132,38,1*4C
$GLGSV,1,1,03,69,73,290,27,82,22,132,35,83,58,100,25,3*40
$GLGSV,1,1,02,68,38,020,,84,39,343,,0*7E
$GAGSV,1,1,00,0*74
$GBGSV,1,1,04,06,28,125,29,07,11,157,28,09,24,139,35,39,31,106,37,1*74
$GBGSV,1,1,04,06,28,125,35,07,11,157,22,09,24,139,31,10,21,164,38,B*05
$GQGSV,1,1,01,03,13,110,37,1*51
$GQGSV,1,1,01,03,13,110,25,6*55
$GNGLL,2454.26810,N,06708.28623,E,141112.00,A,D*7A
$GNRMC,141113.00,A,2454.26811,N,06708.28626,E,0.044,,080425,,,F,V*15
$GNVTG,,T,,M,0.044,N,0.081,K,D*31
$GNGGA,141113.00,2454.26811,N,06708.28626,E,5,12,1.45,22.3,M,-44.2,M,1.0,0100*7A
$GNGSA,A,3,18,32,10,29,24,,,,,,,,3.04,1.45,2.68,1*0E
$GNGSA,A,3,69,82,,,,,,,,,,,3.04,1.45,2.68,2*0C
$GNGSA,A,3,,,,,,,,,,,,,3.04,1.45,2.68,3*08
$GNGSA,A,3,10,39,06,09,07,,,,,,,,3.04,1.45,2.68,4*0C
$GNGSA,A,3,03,,,,,,,,,,,,3.04,1.45,2.68,5*0D
$GPGSV,2,1,05,10,47,306,37,18,55,076,26,24,23,085,32,29,18,161,33,1*62
$GPGSV,2,2,05,32,44,207,32,1*54
$GPGSV,2,1,05,10,47,306,34,18,55,076,29,24,23,085,24,29,18,161,31,6*6C
$GPGSV,2,2,05,32,44,207,29,6*59
$GPGSV,1,1,01,08,02,323,,0*5C
$GLGSV,1,1,03,69,73,290,34,70,16,226,16,82,22,132,38,1*4C
$GLGSV,1,1,03,69,73,290,27,82,22,132,35,83,58,100,25,3*40
$GLGSV,1,1,02,68,38,020,,84,39,343,,0*7E
$GAGSV,1,1,00,0*74
$GBGSV,1,1,04,06,28,125,30,07,11,157,28,09,24,139,35,39,31,106,37,1*7C
$GBGSV,1,1,04,06,28,125,35,07,11,157,21,09,24,139,31,10,21,164,38,B*06
$GQGSV,1,1,01,03,13,110,37,1*51
$GQGSV,1,1,01,03,13,110,25,6*55
$GNGLL,2454.26811,N,06708.28626,E,141113.00,A,D*7F
$GNRMC,141114.00,A,2454.26811,N,06708.28628,E,0.034,,080425,,,F,V*1B
$GNVTG,,T,,M,0.034,N,0.063,K,D*3A
$GNGGA,141114.00,2454.26811,N,06708.28628,E,5,12,1.45,22.3,M,-44.2,M,2.0,0100*70
$GNGSA,A,3,18,32,10,29,24,,,,,,,,3.04,1.45,2.68,1*0E
$GNGSA,A,3,69,82,,,,,,,,,,,3.04,1.45,2.68,2*0C
$GNGSA,A,3,,,,,,,,,,,,,3.04,1.45,2.68,3*08
$GNGSA,A,3,10,39,06,09,07,,,,,,,,3.04,1.45,2.68,4*0C
$GNGSA,A,3,03,,,,,,,,,,,,3.04,1.45,2.68,5*0D
$GPGSV,2,1,05,10,47,306,37,18,55,076,25,24,23,085,32,29,18,161,33,1*61
$GPGSV,2,2,05,32,44,207,32,1*54
$GPGSV,2,1,05,10,47,306,34,18,55,076,29,24,23,085,24,29,18,161,30,6*6D
$GPGSV,2,2,05,32,44,207,29,6*59
$GPGSV,1,1,01,08,02,323,,0*5C
$GLGSV,1,1,03,69,73,290,34,70,16,226,16,82,22,132,38,1*4C
$GLGSV,1,1,03,69,73,290,26,82,22,132,35,83,58,100,24,3*40
$GLGSV,1,1,02,68,38,020,,84,39,343,,0*7E
$GAGSV,1,1,00,0*74
$GBGSV,1,1,04,06,28,125,30,07,11,157,28,09,24,139,35,39,31,106,37,1*7C
$GBGSV,1,1,04,06,28,125,35,07,11,157,22,09,24,139,31,10,21,164,38,B*05
$GQGSV,1,1,01,03,13,110,37,1*51
$GQGSV,1,1,01,03,13,110,25,6*55
$GNGLL,2454.26811,N,06708.28628,E,141114.00,A,D*76
$GNRMC,141115.00,A,2454.26812,N,06708.28629,E,0.058,,080425,,,F,V*12
$GNVTG,,T,,M,0.058,N,0.107,K,D*33
$GNGGA,141115.00,2454.26812,N,06708.28629,E,5,12,1.45,22.2,M,-44.2,M,1.0,0100*71
$GNGSA,A,3,18,32,10,29,24,,,,,,,,3.04,1.45,2.68,1*0E
$GNGSA,A,3,69,82,,,,,,,,,,,3.04,1.45,2.68,2*0C
$GNGSA,A,3,,,,,,,,,,,,,3.04,1.45,2.68,3*08
$GNGSA,A,3,10,39,06,09,07,,,,,,,,3.04,1.45,2.68,4*0C
$GNGSA,A,3,03,,,,,,,,,,,,3.04,1.45,2.68,5*0D
$GPGSV,2,1,05,10,47,306,37,18,55,076,25,24,23,085,32,29,18,161,33,1*61
$GPGSV,2,2,05,32,44,207,31,1*57
$GPGSV,2,1,05,10,47,306,34,18,55,076,29,24,23,085,25,29,18,161,30,6*6C
$GPGSV,2,2,05,32,44,207,29,6*59
$GPGSV,1,1,01,08,02,323,,0*5C
$GLGSV,1,1,03,69,73,290,34,70,16,226,16,82,22,132,38,1*4C
$GLGSV,1,1,03,69,73,290,26,82,22,132,35,83,58,100,24,3*40
$GLGSV,1,1,02,68,38,020,,84,39,343,,0*7E
$GAGSV,1,1,00,0*74
$GBGSV,1,1,04,06,28,125,29,07,11,157,28,09,24,139,35,39,31,106,37,1*74
$GBGSV,1,1,04,06,28,125,35,07,11,157,21,09,24,139,31,10,21,164,38,B*06
$GQGSV,1,1,01,03,13,110,37,1*51
$GQGSV,1,1,01,03,13,110,25,6*55
$GNGLL,2454.26812,N,06708.28629,E,141115.00,A,D*75
$GNRMC,141116.00,A,2454.26811,N,06708.28631,E,0.018,,080425,,,F,V*1F
$GNVTG,,T,,M,0.018,N,0.032,K,D*30
$GNGGA,141116.00,2454.26811,N,06708.28631,E,5,12,1.45,22.2,M,-44.2,M,2.0,0100*7B
$GNGSA,A,3,18,32,10,29,24,,,,,,,,3.04,1.45,2.68,1*0E
$GNGSA,A,3,69,82,,,,,,,,,,,3.04,1.45,2.68,2*0C
$GNGSA,A,3,,,,,,,,,,,,,3.04,1.45,2.68,3*08
$GNGSA,A,3,10,39,06,09,07,,,,,,,,3.04,1.45,2.68,4*0C
$GNGSA,A,3,03,,,,,,,,,,,,3.04,1.45,2.68,5*0D
$GPGSV,2,1,05,10,47,306,37,18,55,076,25,24,23,085,32,29,18,161,33,1*61
$GPGSV,2,2,05,32,44,207,31,1*57
$GPGSV,2,1,05,10,47,306,34,18,55,076,29,24,23,085,25,29,18,161,30,6*6C
$GPGSV,2,2,05,32,44,207,28,6*58
$GPGSV,1,1,01,08,02,323,,0*5C
$GLGSV,1,1,03,69,73,290,35,70,16,226,17,82,22,132,38,1*4C
$GLGSV,1,1,03,69,73,290,26,82,22,132,35,83,58,100,25,3*41
$GLGSV,1,1,02,68,38,020,,84,39,343,,0*7E
$GAGSV,1,1,00,0*74
$GBGSV,1,1,04,06,28,125,29,07,11,157,28,09,24,139,35,39,31,106,37,1*74
$GBGSV,1,1,04,06,28,125,35,07,11,157,21,09,24,139,31,10,21,164,38,B*06
$GQGSV,1,1,01,03,13,110,37,1*51
$GQGSV,1,1,01,03,13,110,25,6*55
$GNGLL,2454.26811,N,06708.28631,E,141116.00,A,D*7C
$GNRMC,141117.00,A,2454.26811,N,06708.28633,E,0.064,,080425,,,F,V*17
$GNVTG,,T,,M,0.064,N,0.118,K,D*32
$GNGGA,141117.00,2454.26811,N,06708.28633,E,5,12,1.45,22.3,M,-44.2,M,1.0,0100*7A
$GNGSA,A,3,18,32,10,29,24,,,,,,,,3.04,1.45,2.68,1*0E
$GNGSA,A,3,69,82,,,,,,,,,,,3.04,1.45,2.68,2*0C
$GNGSA,A,3,,,,,,,,,,,,,3.04,1.45,2.68,3*08
$GNGSA,A,3,10,39,06,09,07,,,,,,,,3.04,1.45,2.68,4*0C
$GNGSA,A,3,03,,,,,,,,,,,,3.04,1.45,2.68,5*0D
$GPGSV,2,1,05,10,47,306,37,18,55,076,25,24,23,085,32,29,18,161,33,1*61
$GPGSV,2,2,05,32,44,207,31,1*57
$GPGSV,2,1,05,10,47,306,34,18,55,076,29,24,23,085,24,29,18,161,31,6*6C
$GPGSV,2,2,05,32,44,207,28,6*58
$GPGSV,1,1,01,08,02,323,,0*5C
$GLGSV,1,1,03,69,73,290,34,70,16,226,16,82,22,132,38,1*4C
$GLGSV,1,1,03,69,73,290,26,82,22,132,34,83,58,100,24,3*41
$GLGSV,1,1,02,68,38,020,,84,39,343,,0*7E
$GAGSV,1,1,00,0*74
$GBGSV,1,1,04,06,28,125,29,07,11,157,28,09,24,139,35,39,31,106,37,1*74
$GBGSV,1,1,04,06,28,125,35,07,11,157,21,09,24,139,31,10,21,164,38,B*06
$GQGSV,1,1,01,03,13,110,37,1*51
$GQGSV,1,1,01,03,13,110,25,6*55
$GNGLL,2454.26811,N,06708.28633,E,141117.00,A,D*7F
$GNRMC,141118.00,A,2454.26809,N,06708.28633,E,0.113,,080425,,,F,V*10
$GNVTG,,T,,M,0.113,N,0.209,K,D*30
$GNGGA,141118.00,2454.26809,N,06708.28633,E,5,12,1.45,22.3,M,-44.2,M,2.0,0100*7F
$GNGSA,A,3,18,32,10,29,24,,,,,,,,3.04,1.45,2.68,1*0E
$GNGSA,A,3,69,82,,,,,,,,,,,3.04,1.45,2.68,2*0C
$GNGSA,A,3,,,,,,,,,,,,,3.04,1.45,2.68,3*08
$GNGSA,A,3,10,39,06,09,07,,,,,,,,3.04,1.45,2.68,4*0C
$GNGSA,A,3,03,,,,,,,,,,,,3.04,1.45,2.68,5*0D
$GPGSV,2,1,05,10,47,306,37,18,55,076,24,24,23,085,32,29,18,161,33,1*60
$GPGSV,2,2,05,32,44,207,32,1*54
$GPGSV,2,1,05,10,47,306,34,18,55,076,29,24,23,085,24,29,18,161,31,6*6C
$GPGSV,2,2,05,32,44,207,28,6*58
$GPGSV,1,1,01,08,02,323,,0*5C
$GLGSV,1,1,03,69,73,290,34,70,16,226,16,82,22,132,38,1*4C
$GLGSV,1,1,03,69,73,290,26,82,22,132,35,83,58,100,24,3*40
$GLGSV,1,1,02,68,38,020,,84,39,343,,0*7E
$GAGSV,1,1,00,0*74
$GBGSV,2,1,05,06,28,125,30,07,11,157,28,09,24,139,35,10,20,164,14,1*70
$GBGSV,2,2,05,39,31,106,37,1*48
$GBGSV,1,1,04,06,28,125,35,07,11,157,22,09,24,139,31,10,20,164,38,B*04
$GQGSV,1,1,01,03,13,110,37,1*51
$GQGSV,1,1,01,03,13,110,24,6*54
$GNGLL,2454.26809,N,06708.28633,E,141118.00,A,D*79
$GNRMC,141119.00,A,2454.26808,N,06708.28633,E,0.096,,080425,,,F,V*1C
$GNVTG,,T,,M,0.096,N,0.178,K,D*39
$GNGGA,141119.00,2454.26808,N,06708.28633,E,5,12,1.45,22.3,M,-44.2,M,1.0,0100*7C
$GNGSA,A,3,18,32,10,29,24,,,,,,,,3.04,1.45,2.68,1*0E
$GNGSA,A,3,69,82,,,,,,,,,,,3.04,1.45,2.68,2*0C
$GNGSA,A,3,,,,,,,,,,,,,3.04,1.45,2.68,3*08
$GNGSA,A,3,10,39,06,09,07,,,,,,,,3.04,1.45,2.68,4*0C
$GNGSA,A,3,03,,,,,,,,,,,,3.04,1.45,2.68,5*0D
$GPGSV,2,1,05,10,47,306,37,18,55,076,24,24,23,085,32,29,18,161,33,1*60
$GPGSV,2,2,05,32,44,207,32,1*54
$GPGSV,2,1,05,10,47,306,34,18,55,076,29,24,23,085,24,29,18,161,31,6*6C
$GPGSV,2,2,05,32,44,207,27,6*57
$GPGSV,1,1,01,08,02,323,,0*5C
$GLGSV,1,1,03,69,73,290,34,70,16,226,16,82,22,132,38,1*4C
$GLGSV,1,1,03,69,73,290,26,82,22,132,35,83,58,100,25,3*41
$GLGSV,1,1,02,68,38,020,,84,39,343,,0*7E
$GAGSV,1,1,00,0*74
$GBGSV,2,1,05,06,28,125,29,07,11,157,28,09,24,139,35,10,20,164,13,1*7F
$GBGSV,2,2,05,39,31,106,37,1*48
$GBGSV,1,1,04,06,28,125,35,07,11,157,21,09,24,139,31,10,20,164,38,B*07
$GQGSV,1,1,01,03,13,110,37,1*51
$GQGSV,1,1,01,03,13,110,25,6*55
$GNGLL,2454.26808,N,06708.28633,E,141119.00,A,D*79
$GNRMC,141120.00,A,2454.26808,N,06708.28633,E,0.040,,080425,,,F,V*1D
$GNVTG,,T,,M,0.040,N,0.075,K,D*3E
$GNGGA,141120.00,2454.26808,N,06708.28633,E,5,12,1.45,22.3,M,-44.2,M,2.0,0100*75
$GNGSA,A,3,18,32,10,29,24,,,,,,,,3.04,1.45,2.68,1*0E
$GNGSA,A,3,69,82,,,,,,,,,,,3.04,1.45,2.68,2*0C
$GNGSA,A,3,,,,,,,,,,,,,3.04,1.45,2.68,3*08
$GNGSA,A,3,10,39,06,09,07,,,,,,,,3.04,1.45,2.68,4*0C
$GNGSA,A,3,03,,,,,,,,,,,,3.04,1.45,2.68,5*0D
$GPGSV,2,1,05,10,47,306,37,18,55,076,24,24,23,085,32,29,18,161,33,1*60
$GPGSV,2,2,05,32,44,207,32,1*54
$GPGSV,2,1,05,10,47,306,34,18,55,076,29,24,23,085,24,29,18,161,31,6*6C
$GPGSV,2,2,05,32,44,207,27,6*57
$GPGSV,1,1,01,08,02,323,,0*5C
$GLGSV,1,1,03,69,73,290,34,70,16,226,17,82,22,132,38,1*4D
$GLGSV,1,1,03,69,73,290,26,82,22,132,35,83,58,100,25,3*41
$GLGSV,1,1,02,68,38,020,,84,39,343,,0*7E
$GAGSV,1,1,00,0*74
$GBGSV,2,1,05,06,28,125,30,07,11,157,28,09,24,139,35,10,20,164,11,1*75
$GBGSV,2,2,05,39,32,106,37,1*4B
$GBGSV,1,1,04,06,28,125,35,07,11,157,21,09,24,139,31,10,20,164,38,B*07
$GQGSV,1,1,01,03,13,110,37,1*51
$GQGSV,1,1,01,03,13,110,25,6*55
$GNGLL,2454.26808,N,06708.28633,E,141120.00,A,D*73
$GNRMC,141121.00,A,2454.26807,N,06708.28633,E,0.017,,080425,,,F,V*11
$GNVTG,,T,,M,0.017,N,0.031,K,D*3C
$GNGGA,141121.00,2454.26807,N,06708.28633,E,5,12,1.45,22.3,M,-44.2,M,1.0,0100*78
$GNGSA,A,3,18,32,10,29,24,,,,,,,,3.04,1.45,2.68,1*0E
$GNGSA,A,3,69,82,,,,,,,,,,,3.04,1.45,2.68,2*0C
$GNGSA,A,3,,,,,,,,,,,,,3.04,1.45,2.68,3*08
$GNGSA,A,3,10,39,06,09,07,,,,,,,,3.04,1.45,2.68,4*0C
$GNGSA,A,3,03,,,,,,,,,,,,3.04,1.45,2.68,5*0D
$GPGSV,2,1,05,10,47,306,37,18,55,076,24,24,23,085,32,29,18,161,33,1*60
$GPGSV,2,2,05,32,44,207,32,1*54
$GPGSV,2,1,05,10,47,306,34,18,55,076,29,24,23,085,24,29,18,161,31,6*6C
$GPGSV,2,2,05,32,44,207,28,6*58
$GPGSV,1,1,01,08,02,323,,0*5C
$GLGSV,1,1,03,69,73,290,34,70,16,226,17,82,22,132,39,1*4C
$GLGSV,1,1,03,69,73,290,26,82,22,132,35,83,58,100,25,3*41
$GLGSV,1,1,02,68,38,020,,84,39,343,,0*7E
$GAGSV,1,1,00,0*74
$GBGSV,2,1,05,06,28,125,30,07,11,157,28,09,24,139,35,10,20,164,10,1*74
$GBGSV,2,2,05,39,32,106,37,1*4B
$GBGSV,1,1,04,06,28,125,35,07,11,157,21,09,24,139,32,10,20,164,38,B*04
$GQGSV,1,1,01,03,13,110,37,1*51
$GQGSV,1,1,01,03,13,110,25,6*55
$GNGLL,2454.26807,N,06708.28633,E,141121.00,A,D*7D
$GNRMC,141122.00,A,2454.26807,N,06708.28632,E,0.012,,080425,,,F,V*16
$GNVTG,,T,,M,0.012,N,0.021,K,D*38
$GNGGA,141122.00,2454.26807,N,06708.28632,E,5,12,1.45,22.3,M,-44.2,M,2.0,0100*79
$GNGSA,A,3,18,32,10,29,24,,,,,,,,3.04,1.45,2.67,1*01
$GNGSA,A,3,69,82,,,,,,,,,,,3.04,1.45,2.67,2*03
$GNGSA,A,3,,,,,,,,,,,,,3.04,1.45,2.67,3*07
$GNGSA,A,3,10,39,06,09,07,,,,,,,,3.04,1.45,2.67,4*03
$GNGSA,A,3,03,,,,,,,,,,,,3.04,1.45,2.67,5*02
$GPGSV,2,1,05,10,47,306,37,18,55,076,24,24,23,085,32,29,18,161,33,1*60
$GPGSV,2,2,05,32,44,207,32,1*54
$GPGSV,2,1,05,10,47,306,34,18,55,076,29,24,23,085,23,29,18,161,31,6*6B
$GPGSV,2,2,05,32,44,207,28,6*58
$GPGSV,1,1,01,08,02,323,,0*5C
$GLGSV,1,1,03,69,73,290,33,70,16,226,18,82,22,132,39,1*44
$GLGSV,1,1,03,69,73,290,26,82,22,132,35,83,58,100,25,3*41
$GLGSV,1,1,02,68,38,020,,84,39,343,,0*7E
$GAGSV,1,1,00,0*74
$GBGSV,2,1,05,06,28,125,30,07,11,157,28,09,24,139,35,10,20,164,10,1*74
$GBGSV,2,2,05,39,32,106,37,1*4B
$GBGSV,1,1,04,06,28,125,35,07,11,157,21,09,24,139,32,10,20,164,38,B*04
$GQGSV,1,1,01,03,13,110,37,1*51
$GQGSV,1,1,01,03,13,110,25,6*55
$GNGLL,2454.26807,N,06708.28632,E,141122.00,A,D*7F
$GNRMC,141123.00,A,2454.26807,N,06708.28632,E,0.006,,080425,,,F,V*12
$GNVTG,,T,,M,0.006,N,0.010,K,D*3F
$GNGGA,141123.00,2454.26807,N,06708.28632,E,5,12,1.45,22.3,M,-44.2,M,1.0,0100*7B
$GNGSA,A,3,18,32,10,29,24,,,,,,,,3.04,1.45,2.67,1*01
$GNGSA,A,3,69,82,,,,,,,,,,,3.04,1.45,2.67,2*03
$GNGSA,A,3,,,,,,,,,,,,,3.04,1.45,2.67,3*07
$GNGSA,A,3,10,39,06,09,07,,,,,,,,3.04,1.45,2.67,4*03
$GNGSA,A,3,03,,,,,,,,,,,,3.04,1.45,2.67,5*02
$GPGSV,2,1,05,10,47,306,37,18,55,076,24,24,23,085,32,29,18,161,33,1*60
$GPGSV,2,2,05,32,44,207,32,1*54
$GPGSV,2,1,05,10,47,306,34,18,55,076,29,24,23,085,23,29,18,161,30,6*6A
$GPGSV,2,2,05,32,44,207,28,6*58
$GPGSV,1,1,01,08,02,323,,0*5C
$GLGSV,1,1,03,69,73,290,33,70,16,226,17,82,22,132,39,1*4B
$GLGSV,1,1,03,69,73,290,26,82,22,132,34,83,58,100,24,3*41
$GLGSV,1,1,02,68,38,020,,84,39,343,,0*7E
$GAGSV,1,1,00,0*74
$GBGSV,2,1,05,06,28,125,30,07,11,157,28,09,24,139,35,10,20,164,11,1*75
$GBGSV,2,2,05,39,32,106,37,1*4B
$GBGSV,1,1,04,06,28,125,35,07,11,157,22,09,24,139,32,10,20,164,38,B*07
$GQGSV,1,1,01,03,13,111,37,1*50
$GQGSV,1,1,01,03,13,111,25,6*54
$GNGLL,2454.26807,N,06708.28632,E,141123.00,A,D*7E
$GNRMC,141124.00,A,2454.26807,N,06708.28631,E,0.051,,080425,,,F,V*14
$GNVTG,,T,,M,0.051,N,0.095,K,D*30
$GNGGA,141124.00,2454.26807,N,06708.28631,E,5,12,1.45,22.2,M,-44.2,M,2.0,0100*7D
$GNGSA,A,3,18,32,10,29,24,,,,,,,,3.04,1.45,2.67,1*01
$GNGSA,A,3,69,82,,,,,,,,,,,3.04,1.45,2.67,2*03
$GNGSA,A,3,,,,,,,,,,,,,3.04,1.45,2.67,3*07
$GNGSA,A,3,10,39,06,09,07,,,,,,,,3.04,1.45,2.67,4*03
$GNGSA,A,3,03,,,,,,,,,,,,3.04,1.45,2.67,5*02
$GPGSV,2,1,05,10,47,306,37,18,55,076,24,24,23,085,32,29,18,161,33,1*60
$GPGSV,2,2,05,32,44,207,32,1*54
$GPGSV,2,1,05,10,47,306,34,18,55,076,29,24,23,085,23,29,18,161,31,6*6B
$GPGSV,2,2,05,32,44,207,27,6*57
$GPGSV,1,1,01,08,02,323,,0*5C
$GLGSV,1,1,03,69,73,290,34,70,16,226,18,82,22,132,39,1*43
$GLGSV,1,1,03,69,73,290,26,82,22,132,34,83,58,100,24,3*41
$GLGSV,1,1,02,68,38,020,,84,39,343,,0*7E
$GAGSV,1,1,00,0*74
$GBGSV,2,1,05,06,28,125,30,07,11,157,28,09,24,139,35,10,20,164,11,1*75
$GBGSV,2,2,05,39,32,106,37,1*4B
$GBGSV,1,1,04,06,28,125,35,07,11,157,21,09,24,139,32,10,20,164,38,B*04
$GQGSV,1,1,01,03,13,111,37,1*50
$GQGSV,1,1,01,03,13,111,25,6*54
$GNGLL,2454.26807,N,06708.28631,E,141124.00,A,D*7A
$GNRMC,141125.00,A,2454.26807,N,06708.28632,E,0.051,,080425,,,F,V*16
$GNVTG,,T,,M,0.051,N,0.095,K,D*30
$GNGGA,141125.00,2454.26807,N,06708.28632,E,5,12,1.45,22.2,M,-44.2,M,1.0,0100*7C
$GNGSA,A,3,18,32,10,29,24,,,,,,,,3.04,1.45,2.67,1*01
$GNGSA,A,3,69,82,,,,,,,,,,,3.04,1.45,2.67,2*03
$GNGSA,A,3,,,,,,,,,,,,,3.04,1.45,2.67,3*07
$GNGSA,A,3,10,39,06,09,07,,,,,,,,3.04,1.45,2.67,4*03
$GNGSA,A,3,03,,,,,,,,,,,,3.04,1.45,2.67,5*02
$GPGSV,2,1,05,10,47,306,37,18,55,076,24,24,23,085,32,29,18,161,33,1*60
$GPGSV,2,2,05,32,44,207,32,1*54
$GPGSV,2,1,05,10,47,306,34,18,55,076,29,24,23,085,23,29,18,161,31,6*6B
$GPGSV,2,2,05,32,44,207,27,6*57
$GPGSV,1,1,01,08,02,323,,0*5C
$GLGSV,1,1,03,69,73,290,34,70,16,226,17,82,22,132,39,1*4C
$GLGSV,1,1,03,69,73,290,27,82,22,132,35,83,58,100,24,3*41
$GLGSV,1,1,02,68,38,020,,84,39,343,,0*7E
$GAGSV,1,1,00,0*74
$GBGSV,2,1,05,06,28,125,30,07,11,157,28,09,24,139,35,10,20,164,11,1*75
$GBGSV,2,2,05,39,32,106,37,1*4B
$GBGSV,1,1,04,06,28,125,35,07,11,157,20,09,24,139,32,10,20,164,37,B*0A
$GQGSV,1,1,01,03,13,111,37,1*50
$GQGSV,1,1,01,03,13,111,25,6*54
$GNGLL,2454.26807,N,06708.28632,E,141125.00,A,D*78
$GNRMC,141126.00,A,2454.26807,N,06708.28632,E,0.098,,080425,,,F,V*10
$GNVTG,,T,,M,0.098,N,0.181,K,D*31
$GNGGA,141126.00,2454.26807,N,06708.28632,E,5,12,1.45,22.2,M,-44.2,M,2.0,0100*7C
$GNGSA,A,3,18,32,10,29,24,,,,,,,,3.04,1.45,2.67,1*01
$GNGSA,A,3,69,82,,,,,,,,,,,3.04,1.45,2.67,2*03
$GNGSA,A,3,,,,,,,,,,,,,3.04,1.45,2.67,3*07
$GNGSA,A,3,10,39,06,09,07,,,,,,,,3.04,1.45,2.67,4*03
$GNGSA,A,3,03,,,,,,,,,,,,3.04,1.45,2.67,5*02
$GPGSV,2,1,05,10,47,306,37,18,55,076,25,24,23,085,32,29,18,161,33,1*61
$GPGSV,2,2,05,32,44,207,32,1*54
$GPGSV,2,1,05,10,47,306,34,18,55,076,29,24,23,085,23,29,18,161,31,6*6B
$GPGSV,2,2,05,32,44,207,28,6*58
$GPGSV,1,1,01,08,02,323,,0*5C
$GLGSV,1,1,03,69,73,290,34,70,16,226,18,82,22,132,39,1*43
$GLGSV,1,1,03,69,73,290,27,82,22,132,34,83,58,100,24,3*40
$GLGSV,1,1,02,68,38,020,,84,39,343,,0*7E
$GAGSV,1,1,00,0*74
$GBGSV,2,1,05,06,28,125,30,07,11,157,29,09,24,139,35,10,20,164,10,1*75
$GBGSV,2,2,05,39,32,106,37,1*4B
$GBGSV,1,1,04,06,28,125,35,07,11,157,20,09,24,139,32,10,20,164,37,B*0A
$GQGSV,1,1,01,03,13,111,37,1*50
$GQGSV,1,1,01,03,13,111,25,6*54
$GNGLL,2454.26807,N,06708.28632,E,141126.00,A,D*7B
$GNRMC,141127.00,A,2454.26807,N,06708.28632,E,0.045,,080425,,,F,V*11
$GNVTG,,T,,M,0.045,N,0.084,K,D*35
$GNGGA,141127.00,2454.26807,N,06708.28632,E,5,12,1.45,22.2,M,-44.2,M,1.0,0100*7E
$GNGSA,A,3,18,32,10,29,24,,,,,,,,3.04,1.45,2.67,1*01
$GNGSA,A,3,69,82,,,,,,,,,,,3.04,1.45,2.67,2*03
$GNGSA,A,3,,,,,,,,,,,,,3.04,1.45,2.67,3*07
$GNGSA,A,3,10,39,06,09,07,,,,,,,,3.04,1.45,2.67,4*03
$GNGSA,A,3,03,,,,,,,,,,,,3.04,1.45,2.67,5*02
$GPGSV,2,1,05,10,47,306,37,18,55,076,25,24,23,085,32,29,18,161,32,1*60
$GPGSV,2,2,05,32,44,207,32,1*54
$GPGSV,2,1,05,10,47,306,34,18,55,076,29,24,23,085,23,29,18,161,30,6*6A
$GPGSV,2,2,05,32,44,207,28,6*58
$GPGSV,1,1,01,08,02,323,,0*5C
$GLGSV,1,1,03,69,73,290,34,70,16,226,18,82,22,132,40,1*4D
$GLGSV,1,1,03,69,73,290,27,82,22,132,34,83,58,100,24,3*40
$GLGSV,1,1,02,68,37,020,,84,39,343,,0*71
$GAGSV,1,1,00,0*74
$GBGSV,2,1,05,06,28,125,30,07,11,157,29,09,24,139,35,10,20,164,13,1*76
$GBGSV,2,2,05,39,32,106,37,1*4B
$GBGSV,1,1,04,06,28,125,35,07,11,157,20,09,24,139,31,10,20,164,37,B*09
$GQGSV,1,1,01,03,13,111,37,1*50
$GQGSV,1,1,01,03,13,111,25,6*54
$GNGLL,2454.26807,N,06708.28632,E,141127.00,A,D*7A
$GNRMC,141128.00,A,2454.26805,N,06708.28631,E,0.051,,080425,,,F,V*1A
$GNVTG,,T,,M,0.051,N,0.094,K,D*31
$GNGGA,141128.00,2454.26805,N,06708.28631,E,5,12,1.45,22.2,M,-44.2,M,2.0,0100*73
$GNGSA,A,3,18,32,10,29,24,,,,,,,,3.04,1.45,2.67,1*01
$GNGSA,A,3,69,82,,,,,,,,,,,3.04,1.45,2.67,2*03
$GNGSA,A,3,,,,,,,,,,,,,3.04,1.45,2.67,3*07
$GNGSA,A,3,10,39,06,09,07,,,,,,,,3.04,1.45,2.67,4*03
$GNGSA,A,3,03,,,,,,,,,,,,3.04,1.45,2.67,5*02
$GPGSV,2,1,05,10,47,306,37,18,55,076,25,24,23,085,32,29,18,161,33,1*61
$GPGSV,2,2,05,32,44,207,32,1*54
$GPGSV,2,1,05,10,47,306,34,18,55,076,29,24,23,085,23,29,18,161,31,6*6B
$GPGSV,2,2,05,32,44,207,27,6*57
$GPGSV,1,1,01,08,02,323,,0*5C
$GLGSV,1,1,03,69,73,292,34,70,16,226,17,82,22,132,40,1*40
$GLGSV,1,1,03,69,73,292,27,82,22,132,34,83,58,100,23,3*45
$GLGSV,1,1,02,68,37,020,,84,39,343,,0*71
$GAGSV,1,1,00,0*74
$GBGSV,2,1,05,06,28,125,30,07,11,157,29,09,24,139,35,10,20,164,14,1*71
$GBGSV,2,2,05,39,32,106,37,1*4B
$GBGSV,1,1,04,06,28,125,35,07,11,157,20,09,24,139,31,10,20,164,37,B*09
$GQGSV,1,1,01,03,13,111,37,1*50
$GQGSV,1,1,01,03,13,111,24,6*55
$GNGLL,2454.26805,N,06708.28631,E,141128.00,A,D*74
$GNRMC,141129.00,A,2454.26803,N,06708.28630,E,0.036,,080425,,,F,V*1D
$GNVTG,,T,,M,0.036,N,0.067,K,D*3C
$GNGGA,141129.00,2454.26803,N,06708.28630,E,5,12,1.45,22.3,M,-44.2,M,1.0,0100*77
$GNGSA,A,3,18,32,10,29,24,,,,,,,,3.04,1.45,2.67,1*01
$GNGSA,A,3,69,82,,,,,,,,,,,3.04,1.45,2.67,2*03
$GNGSA,A,3,,,,,,,,,,,,,3.04,1.45,2.67,3*07
$GNGSA,A,3,10,39,06,09,07,,,,,,,,3.04,1.45,2.67,4*03
$GNGSA,A,3,03,,,,,,,,,,,,3.04,1.45,2.67,5*02
$GPGSV,2,1,05,10,47,306,37,18,55,076,25,24,23,085,32,29,18,161,32,1*60
$GPGSV,2,2,05,32,44,207,32,1*54
$GPGSV,2,1,05,10,47,306,34,18,55,076,29,24,23,085,22,29,18,161,31,6*6A
$GPGSV,2,2,05,32,44,207,27,6*57
$GPGSV,1,1,01,08,02,323,,0*5C
$GLGSV,1,1,03,69,73,292,34,70,17,226,17,82,22,132,40,1*41
$GLGSV,1,1,04,69,73,292,27,82,22,132,34,83,58,100,23,84,39,343,15,3*74
$GLGSV,1,1,01,68,37,020,,0*40
$GAGSV,1,1,00,0*74
$GBGSV,2,1,05,06,28,125,30,07,11,157,29,09,24,139,35,10,20,164,13,1*76
$GBGSV,2,2,05,39,32,106,37,1*4B
$GBGSV,1,1,04,06,28,125,35,07,11,157,20,09,24,139,32,10,20,164,37,B*0A
$GQGSV,1,1,01,03,13,111,37,1*50
$GQGSV,1,1,01,03,13,111,24,6*55
$GNGLL,2454.26803,N,06708.28630,E,141129.00,A,D*72
$GNRMC,141130.00,A,2454.26802,N,06708.28629,E,0.007,,080425,,,F,V*1E
$GNVTG,,T,,M,0.007,N,0.014,K,D*3A
$GNGGA,141130.00,2454.26802,N,06708.28629,E,5,12,1.45,22.3,M,-44.2,M,2.0,0100*75
$GNGSA,A,3,18,32,10,29,24,,,,,,,,3.04,1.45,2.67,1*01
$GNGSA,A,3,69,82,,,,,,,,,,,3.04,1.45,2.67,2*03
$GNGSA,A,3,,,,,,,,,,,,,3.04,1.45,2.67,3*07
$GNGSA,A,3,10,39,06,09,07,,,,,,,,3.04,1.45,2.67,4*03
$GNGSA,A,3,03,,,,,,,,,,,,3.04,1.45,2.67,5*02
$GPGSV,2,1,05,10,47,306,37,18,55,076,25,24,23,085,32,29,18,161,33,1*61
$GPGSV,2,2,05,32,44,207,32,1*54
$GPGSV,2,1,05,10,47,306,34,18,55,076,29,24,23,085,22,29,18,161,31,6*6A
$GPGSV,2,2,05,32,44,207,28,6*58
$GPGSV,1,1,01,08,02,323,,0*5C
$GLGSV,1,1,03,69,73,292,34,70,17,226,16,82,22,132,40,1*40
$GLGSV,1,1,04,69,73,292,27,82,22,132,34,83,58,100,23,84,39,343,16,3*77
$GLGSV,1,1,01,68,37,020,,0*40
$GAGSV,1,1,00,0*74
$GBGSV,2,1,05,06,28,125,30,07,11,157,29,09,24,139,35,10,20,164,12,1*77
$GBGSV,2,2,05,39,32,106,37,1*4B
$GBGSV,1,1,04,06,28,125,35,07,11,157,20,09,24,139,32,10,20,164,37,B*0A
$GQGSV,1,1,01,03,13,111,37,1*50
$GQGSV,1,1,01,03,13,111,24,6*55
$GNGLL,2454.26802,N,06708.28629,E,141130.00,A,D*73
$GNRMC,141131.00,A,2454.26802,N,06708.28629,E,0.017,,080425,,,F,V*1E
$GNVTG,,T,,M,0.017,N,0.032,K,D*3F
$GNGGA,141131.00,2454.26802,N,06708.28629,E,5,12,1.45,22.3,M,-44.2,M,1.0,0100*77
$GNGSA,A,3,18,32,10,29,24,,,,,,,,3.04,1.45,2.67,1*01
$GNGSA,A,3,69,82,,,,,,,,,,,3.04,1.45,2.67,2*03
$GNGSA,A,3,,,,,,,,,,,,,3.04,1.45,2.67,3*07
$GNGSA,A,3,10,39,06,09,07,,,,,,,,3.04,1.45,2.67,4*03
$GNGSA,A,3,03,,,,,,,,,,,,3.04,1.45,2.67,5*02
$GPGSV,2,1,05,10,47,306,37,18,55,076,25,24,23,085,31,29,18,161,33,1*62
$GPGSV,2,2,05,32,44,207,32,1*54
$GPGSV,2,1,05,10,47,306,34,18,55,076,29,24,23,085,22,29,18,161,31,6*6A
$GPGSV,2,2,05,32,44,207,28,6*58
$GPGSV,1,1,01,08,02,323,,0*5C
$GLGSV,1,1,03,69,73,292,34,70,17,226,16,82,22,132,40,1*40
$GLGSV,1,1,04,69,73,292,27,82,22,132,34,83,58,100,23,84,39,343,15,3*74
$GLGSV,1,1,01,68,37,020,,0*40
$GAGSV,1,1,00,0*74
$GBGSV,2,1,05,06,28,125,30,07,11,157,29,09,24,139,35,10,20,164,12,1*77
$GBGSV,2,2,05,39,32,106,37,1*4B
$GBGSV,1,1,04,06,28,125,35,07,11,157,20,09,24,139,32,10,20,164,37,B*0A
$GQGSV,1,1,01,03,13,111,37,1*50
$GQGSV,1,1,01,03,13,111,24,6*55
$GNGLL,2454.26802,N,06708.28629,E,141131.00,A,D*72
$GNRMC,141132.00,A,2454.26800,N,06708.28629,E,0.050,,080425,,,F,V*1C
$GNVTG,,T,,M,0.050,N,0.092,K,D*36
$GNGGA,141132.00,2454.26800,N,06708.28629,E,5,12,1.45,22.3,M,-44.2,M,2.0,0100*75
$GNGSA,A,3,18,32,10,29,24,,,,,,,,3.04,1.45,2.67,1*01
$GNGSA,A,3,69,82,,,,,,,,,,,3.04,1.45,2.67,2*03
$GNGSA,A,3,,,,,,,,,,,,,3.04,1.45,2.67,3*07
$GNGSA,A,3,10,39,06,09,07,,,,,,,,3.04,1.45,2.67,4*03
$GNGSA,A,3,03,,,,,,,,,,,,3.04,1.45,2.67,5*02
$GPGSV,2,1,05,10,47,306,37,18,55,076,25,24,23,085,31,29,18,161,32,1*63
$GPGSV,2,2,05,32,44,207,32,1*54
$GPGSV,2,1,05,10,47,306,34,18,55,076,29,24,23,085,22,29,18,161,31,6*6A
$GPGSV,2,2,05,32,44,207,28,6*58
$GPGSV,1,1,01,08,02,323,,0*5C
$GLGSV,1,1,03,69,73,292,34,70,17,226,14,82,22,132,40,1*42
$GLGSV,1,1,04,69,73,292,27,82,22,132,34,83,58,100,23,84,39,343,16,3*77
$GLGSV,1,1,01,68,37,020,,0*40
$GAGSV,1,1,00,0*74
$GBGSV,2,1,05,06,28,125,30,07,11,157,29,09,24,139,35,10,20,164,12,1*77
$GBGSV,2,2,05,39,32,106,37,1*4B
$GBGSV,1,1,04,06,28,125,35,07,11,157,20,09,24,139,32,10,20,164,37,B*0A
$GQGSV,1,1,01,03,13,111,37,1*50
$GQGSV,1,1,01,03,13,111,25,6*54
$GNGLL,2454.26800,N,06708.28629,E,141132.00,A,D*73
$GNRMC,141133.00,A,2454.26801,N,06708.28629,E,0.031,,080425,,,F,V*1B
$GNVTG,,T,,M,0.031,N,0.058,K,D*37
$GNGGA,141133.00,2454.26801,N,06708.28629,E,5,12,1.45,22.3,M,-44.2,M,1.0,0100*76
$GNGSA,A,3,18,32,10,29,24,,,,,,,,3.04,1.45,2.67,1*01
$GNGSA,A,3,69,82,,,,,,,,,,,3.04,1.45,2.67,2*03
$GNGSA,A,3,,,,,,,,,,,,,3.04,1.45,2.67,3*07
$GNGSA,A,3,10,39,06,09,07,,,,,,,,3.04,1.45,2.67,4*03
$GNGSA,A,3,03,,,,,,,,,,,,3.04,1.45,2.67,5*02
$GPGSV,2,1,05,10,47,306,37,18,55,076,25,24,23,085,32,29,18,161,32,1*60
$GPGSV,2,2,05,32,44,207,32,1*54
$GPGSV,2,1,05,10,47,306,34,18,55,076,29,24,23,085,22,29,18,161,31,6*6A
$GPGSV,2,2,05,32,44,207,27,6*57
$GPGSV,1,1,01,08,02,323,,0*5C
$GLGSV,1,1,03,69,73,292,34,70,17,226,14,82,22,132,40,1*42
$GLGSV,1,1,04,69,73,292,27,82,22,132,34,83,58,100,23,84,39,343,15,3*74
$GLGSV,1,1,01,68,37,020,,0*40
$GAGSV,1,1,00,0*74
$GBGSV,2,1,05,06,28,125,30,07,11,157,29,09,24,139,35,10,20,164,12,1*77
$GBGSV,2,2,05,39,32,106,37,1*4B
$GBGSV,1,1,04,06,28,125,35,07,11,157,21,09,24,139,32,10,20,164,37,B*0B
$GQGSV,1,1,01,03,13,111,37,1*50
$GQGSV,1,1,01,03,13,111,25,6*54
$GNGLL,2454.26801,N,06708.28629,E,141133.00,A,D*73
$GNRMC,141134.00,A,2454.26800,N,06708.28630,E,0.021,,080425,,,F,V*14
$GNVTG,,T,,M,0.021,N,0.039,K,D*31
$GNGGA,141134.00,2454.26800,N,06708.28630,E,5,12,1.45,22.4,M,-44.2,M,2.0,0100*7C
$GNGSA,A,3,18,32,10,29,24,,,,,,,,3.04,1.45,2.67,1*01
$GNGSA,A,3,69,82,,,,,,,,,,,3.04,1.45,2.67,2*03
$GNGSA,A,3,,,,,,,,,,,,,3.04,1.45,2.67,3*07
$GNGSA,A,3,10,39,06,09,07,,,,,,,,3.04,1.45,2.67,4*03
$GNGSA,A,3,03,,,,,,,,,,,,3.04,1.45,2.67,5*02
$GPGSV,2,1,05,10,47,306,37,18,55,076,25,24,23,085,31,29,18,161,33,1*62
$GPGSV,2,2,05,32,44,207,32,1*54
$GPGSV,2,1,05,10,47,306,34,18,55,076,29,24,23,085,22,29,18,161,30,6*6B
$GPGSV,2,2,05,32,44,207,27,6*57
$GPGSV,1,1,01,08,02,323,,0*5C
$GLGSV,1,1,03,69,73,292,33,70,17,226,12,82,22,132,40,1*43
$GLGSV,1,1,04,69,73,292,27,82,22,132,35,83,58,100,23,84,39,343,16,3*76
$GLGSV,1,1,01,68,37,020,,0*40
$GAGSV,1,1,00,0*74
$GBGSV,2,1,05,06,28,125,30,07,11,157,29,09,24,139,35,10,20,164,12,1*77
$GBGSV,2,2,05,39,32,106,37,1*4B
$GBGSV,1,1,04,06,28,125,35,07,11,157,23,09,24,139,32,10,20,164,37,B*09
$GQGSV,1,1,01,03,13,111,37,1*50
$GQGSV,1,1,01,03,13,111,24,6*55
$GNGLL,2454.26800,N,06708.28630,E,141134.00,A,D*7D
$GNRMC,141135.00,A,2454.26800,N,06708.28631,E,0.037,,080425,,,F,V*13
$GNVTG,,T,,M,0.037,N,0.068,K,D*32
$GNGGA,141135.00,2454.26800,N,06708.28631,E,5,12,1.45,22.4,M,-44.2,M,1.0,0100*7F
$GNGSA,A,3,18,32,10,29,24,,,,,,,,3.04,1.45,2.67,1*01
$GNGSA,A,3,69,82,,,,,,,,,,,3.04,1.45,2.67,2*03
$GNGSA,A,3,,,,,,,,,,,,,3.04,1.45,2.67,3*07
$GNGSA,A,3,10,39,06,09,07,,,,,,,,3.04,1.45,2.67,4*03
$GNGSA,A,3,03,,,,,,,,,,,,3.04,1.45,2.67,5*02
$GPGSV,2,1,05,10,47,306,37,18,55,076,25,24,23,085,31,29,18,161,33,1*62
$GPGSV,2,2,05,32,44,207,32,1*54
$GPGSV,2,1,05,10,47,306,34,18,55,076,29,24,23,085,22,29,18,161,31,6*6A
$GPGSV,2,2,05,32,44,207,27,6*57
$GPGSV,1,1,01,08,02,323,,0*5C
$GLGSV,1,1,03,69,73,292,34,70,17,226,09,82,22,132,41,1*4F
$GLGSV,1,1,04,69,73,292,27,82,22,132,34,83,58,100,25,84,39,343,16,3*71
$GLGSV,1,1,01,68,37,020,,0*40
$GAGSV,1,1,00,0*74
$GBGSV,2,1,05,06,28,125,30,07,11,157,29,09,24,139,35,10,20,164,11,1*74
$GBGSV,2,2,05,39,32,106,37,1*4B
$GBGSV,1,1,04,06,28,125,35,07,11,157,23,09,24,139,32,10,20,164,37,B*09
$GQGSV,1,1,01,03,13,111,37,1*50
$GQGSV,1,1,01,03,13,111,24,6*55
$GNGLL,2454.26800,N,06708.28631,E,141135.00,A,D*7D
$GNRMC,141136.00,A,2454.26799,N,06708.28631,E,0.024,,080425,,,F,V*1D
$GNVTG,,T,,M,0.024,N,0.044,K,D*3E
$GNGGA,141136.00,2454.26799,N,06708.28631,E,5,12,1.45,22.4,M,-44.2,M,2.0,0100*70
$GNGSA,A,3,18,32,10,29,24,,,,,,,,3.04,1.45,2.67,1*01
$GNGSA,A,3,69,82,,,,,,,,,,,3.04,1.45,2.67,2*03
$GNGSA,A,3,,,,,,,,,,,,,3.04,1.45,2.67,3*07
$GNGSA,A,3,10,39,06,09,07,,,,,,,,3.04,1.45,2.67,4*03
$GNGSA,A,3,03,,,,,,,,,,,,3.04,1.45,2.67,5*02
$GPGSV,2,1,05,10,47,306,37,18,55,076,26,24,23,085,31,29,18,161,32,1*60
$GPGSV,2,2,05,32,44,207,32,1*54
$GPGSV,2,1,05,10,47,306,35,18,55,076,29,24,23,085,22,29,18,161,32,6*68
$GPGSV,2,2,05,32,44,207,27,6*57
$GPGSV,1,1,01,08,02,323,,0*5C
$GLGSV,1,1,03,68,37,020,15,69,73,292,34,82,22,132,40,1*4C
$GLGSV,1,1,04,69,73,292,27,82,22,132,34,83,58,100,25,84,39,343,15,3*72
$GLGSV,1,1,01,70,17,226,,0*4F
$GAGSV,1,1,00,0*74
$GBGSV,2,1,05,06,28,125,30,07,11,157,29,09,24,139,35,10,20,164,13,1*76
$GBGSV,2,2,05,39,32,106,37,1*4B
$GBGSV,1,1,04,06,28,125,35,07,11,157,23,09,24,139,32,10,20,164,38,B*06
$GQGSV,1,1,01,03,13,111,37,1*50
$GQGSV,1,1,01,03,13,111,24,6*55
$GNGLL,2454.26799,N,06708.28631,E,141136.00,A,D*71
$GNRMC,141137.00,A,2454.26800,N,06708.28631,E,0.033,,080425,,,F,V*15
$GNVTG,,T,,M,0.033,N,0.062,K,D*3C
$GNGGA,141137.00,2454.26800,N,06708.28631,E,5,12,1.45,22.3,M,-44.2,M,1.0,0100*7A
$GNGSA,A,3,18,32,10,29,24,,,,,,,,3.04,1.45,2.67,1*01
$GNGSA,A,3,69,82,,,,,,,,,,,3.04,1.45,2.67,2*03
$GNGSA,A,3,,,,,,,,,,,,,3.04,1.45,2.67,3*07
$GNGSA,A,3,10,39,06,09,07,,,,,,,,3.04,1.45,2.67,4*03
$GNGSA,A,3,03,,,,,,,,,,,,3.04,1.45,2.67,5*02
$GPGSV,2,1,05,10,47,306,37,18,55,076,26,24,23,085,31,29,18,161,33,1*61
$GPGSV,2,2,05,32,44,207,32,1*54
$GPGSV,2,1,05,10,47,306,35,18,55,076,29,24,23,085,21,29,18,161,31,6*68
$GPGSV,2,2,05,32,44,207,27,6*57
$GPGSV,1,1,01,08,02,323,,0*5C
$GLGSV,1,1,03,68,37,020,13,69,73,292,33,82,22,132,40,1*4D
$GLGSV,1,1,04,69,73,292,27,82,22,132,34,83,58,100,25,84,39,343,15,3*72
$GLGSV,1,1,01,70,17,226,,0*4F
$GAGSV,1,1,00,0*74
$GBGSV,2,1,05,06,28,125,30,07,11,157,29,09,24,139,35,10,20,164,14,1*71
$GBGSV,2,2,05,39,32,106,37,1*4B
$GBGSV,1,1,04,06,28,125,35,07,11,157,23,09,24,139,32,10,20,164,37,B*09
$GQGSV,1,1,01,03,13,111,37,1*50
$GQGSV,1,1,01,03,13,111,24,6*55
$GNGLL,2454.26800,N,06708.28631,E,141137.00,A,D*7F
$GNRMC,141138.00,A,2454.26801,N,06708.28632,E,0.014,,080425,,,F,V*1D
$GNVTG,,T,,M,0.014,N,0.026,K,D*39
$GNGGA,141138.00,2454.26801,N,06708.28632,E,5,12,1.45,22.3,M,-44.2,M,2.0,0100*74
$GNGSA,A,3,18,32,10,29,24,,,,,,,,3.04,1.45,2.67,1*01
$GNGSA,A,3,69,82,,,,,,,,,,,3.04,1.45,2.67,2*03
$GNGSA,A,3,,,,,,,,,,,,,3.04,1.45,2.67,3*07
$GNGSA,A,3,10,39,06,09,07,,,,,,,,3.04,1.45,2.67,4*03
$GNGSA,A,3,03,,,,,,,,,,,,3.04,1.45,2.67,5*02
$GPGSV,2,1,05,10,47,306,37,18,55,076,26,24,23,085,31,29,18,161,32,1*60
$GPGSV,2,2,05,32,44,207,32,1*54
$GPGSV,2,1,05,10,47,306,35,18,55,076,30,24,23,085,21,29,18,161,32,6*63
$GPGSV,2,2,05,32,44,207,27,6*57
$GPGSV,1,1,01,08,02,323,,0*5C
$GLGSV,1,1,03,68,37,020,14,69,73,292,33,82,22,132,41,1*4B
$GLGSV,1,1,04,69,73,292,27,82,22,132,34,83,58,100,25,84,39,343,16,3*71
$GLGSV,1,1,01,70,17,226,,0*4F
$GAGSV,1,1,00,0*74
$GBGSV,2,1,05,06,28,125,30,07,11,157,29,09,24,139,35,10,20,164,14,1*71
$GBGSV,2,2,05,39,32,106,37,1*4B
$GBGSV,1,1,04,06,28,125,35,07,11,157,23,09,24,139,32,10,20,164,38,B*06
$GQGSV,1,1,01,03,13,111,37,1*50
$GQGSV,1,1,01,03,13,111,24,6*55
$GNGLL,2454.26801,N,06708.28632,E,141138.00,A,D*72
$GNRMC,141139.00,A,2454.26803,N,06708.28632,E,0.016,,080425,,,F,V*1C
$GNVTG,,T,,M,0.016,N,0.031,K,D*3D
$GNGGA,141139.00,2454.26803,N,06708.28632,E,5,12,1.45,22.3,M,-44.2,M,1.0,0100*74
$GNGSA,A,3,18,32,10,29,24,,,,,,,,3.04,1.45,2.67,1*01
$GNGSA,A,3,69,82,,,,,,,,,,,3.04,1.45,2.67,2*03
$GNGSA,A,3,,,,,,,,,,,,,3.04,1.45,2.67,3*07
$GNGSA,A,3,10,39,06,09,07,,,,,,,,3.04,1.45,2.67,4*03
$GNGSA,A,3,03,,,,,,,,,,,,3.04,1.45,2.67,5*02
$GPGSV,2,1,05,10,47,306,37,18,55,076,27,24,23,085,31,29,18,161,32,1*61
$GPGSV,2,2,05,32,44,207,32,1*54
$GPGSV,2,1,05,10,47,306,34,18,55,076,29,24,23,085,21,29,18,161,32,6*6A
$GPGSV,2,2,05,32,44,207,26,6*56
$GPGSV,1,1,01,08,02,323,,0*5C
$GLGSV,1,1,03,68,37,020,15,69,73,292,33,82,22,132,41,1*4A
$GLGSV,2,1,05,69,73,292,28,82,22,132,34,83,58,100,24,84,39,343,16,3*7D
$GLGSV,2,2,05,,,,34,3*78
$GLGSV,1,1,01,70,17,226,,0*4F
$GAGSV,1,1,00,0*74
$GBGSV,2,1,05,06,28,125,30,07,11,157,29,09,24,139,35,10,20,164,12,1*77
$GBGSV,2,2,05,39,32,106,37,1*4B
$GBGSV,1,1,04,06,28,125,35,07,11,157,22,09,24,139,32,10,20,164,38,B*07
$GQGSV,1,1,01,03,13,111,37,1*50
$GQGSV,1,1,01,03,13,111,22,6*53
$GNGLL,2454.26803,N,06708.28632,E,141139.00,A,D*71
$GNRMC,141140.00,A,2454.26803,N,06708.28633,E,0.031,,080425,,,F,V*16
$GNVTG,,T,,M,0.031,N,0.058,K,D*37
$GNGGA,141140.00,2454.26803,N,06708.28633,E,5,12,1.45,22.2,M,-44.2,M,2.0,0100*79
$GNGSA,A,3,18,32,10,29,24,,,,,,,,3.04,1.45,2.67,1*01
$GNGSA,A,3,69,82,,,,,,,,,,,3.04,1.45,2.67,2*03
$GNGSA,A,3,,,,,,,,,,,,,3.04,1.45,2.67,3*07
$GNGSA,A,3,10,39,06,09,07,,,,,,,,3.04,1.45,2.67,4*03
$GNGSA,A,3,03,,,,,,,,,,,,3.04,1.45,2.67,5*02
$GPGSV,2,1,05,10,47,306,37,18,55,076,27,24,23,085,31,29,18,161,32,1*61
$GPGSV,2,2,05,32,44,207,32,1*54
$GPGSV,2,1,05,10,47,306,34,18,55,076,29,24,23,085,21,29,18,161,32,6*6A
$GPGSV,2,2,05,32,44,207,27,6*57
$GPGSV,1,1,01,08,02,323,,0*5C
$GLGSV,1,1,03,68,37,020,16,69,73,292,33,82,22,132,41,1*49
$GLGSV,2,1,05,69,73,292,28,82,22,132,34,83,58,100,23,84,39,343,16,3*7A
$GLGSV,2,2,05,,,,34,3*78
$GLGSV,1,1,01,70,17,226,,0*4F
$GAGSV,1,1,00,0*74
$GBGSV,2,1,05,06,28,125,30,07,11,157,29,09,24,139,35,10,20,164,09,1*7D
$GBGSV,2,2,05,39,32,106,37,1*4B
$GBGSV,1,1,04,06,28,125,35,07,11,157,23,09,24,139,31,10,20,164,39,B*04
$GQGSV,1,1,01,03,13,111,37,1*50
$GQGSV,1,1,01,03,13,111,22,6*53
$GNGLL,2454.26803,N,06708.28633,E,141140.00,A,D*7E
$GNRMC,141141.00,A,2454.26802,N,06708.28633,E,0.072,,080425,,,F,V*11
$GNVTG,,T,,M,0.072,N,0.133,K,D*3C
$GNGGA,141141.00,2454.26802,N,06708.28633,E,5,12,1.45,22.2,M,-44.2,M,1.0,0100*7A
$GNGSA,A,3,18,32,10,29,24,,,,,,,,3.04,1.45,2.67,1*01
$GNGSA,A,3,69,82,,,,,,,,,,,3.04,1.45,2.67,2*03
$GNGSA,A,3,,,,,,,,,,,,,3.04,1.45,2.67,3*07
$GNGSA,A,3,10,39,06,09,07,,,,,,,,3.04,1.45,2.67,4*03
$GNGSA,A,3,03,,,,,,,,,,,,3.04,1.45,2.67,5*02
$GPGSV,2,1,05,10,47,306,37,18,55,076,27,24,23,085,31,29,18,161,32,1*61
$GPGSV,2,2,05,32,44,207,32,1*54
$GPGSV,2,1,05,10,47,306,34,18,55,076,30,24,23,085,21,29,18,161,32,6*62
$GPGSV,2,2,05,32,44,207,26,6*56
$GPGSV,1,1,01,08,02,323,,0*5C
$GLGSV,1,1,04,68,37,020,14,69,73,292,33,82,21,133,41,83,58,100,13,1*7B
$GLGSV,2,1,05,69,73,292,28,82,21,133,34,83,58,100,22,84,39,343,15,3*7A
$GLGSV,2,2,05,,,,34,3*78
$GLGSV,1,1,01,70,17,226,,0*4F
$GAGSV,1,1,00,0*74
$GBGSV,1,1,04,06,28,125,30,07,11,157,29,09,24,139,35,39,32,106,37,1*7E
$GBGSV,1,1,04,06,28,125,35,07,11,157,23,09,24,139,31,10,20,164,38,B*05
$GQGSV,1,1,01,03,13,111,37,1*50
$GQGSV,1,1,01,03,13,111,22,6*53
$GNGLL,2454.26802,N,06708.28633,E,141141.00,A,D*7E
$GNRMC,141142.00,A,2454.26802,N,06708.28633,E,0.020,,080425,,,F,V*15
$GNVTG,,T,,M,0.020,N,0.037,K,D*3E
$GNGGA,141142.00,2454.26802,N,06708.28633,E,5,12,1.45,22.2,M,-44.2,M,2.0,0100*7A
$GNGSA,A,3,18,32,10,29,24,,,,,,,,3.04,1.45,2.67,1*01
$GNGSA,A,3,69,82,,,,,,,,,,,3.04,1.45,2.67,2*03
$GNGSA,A,3,,,,,,,,,,,,,3.04,1.45,2.67,3*07
$GNGSA,A,3,10,39,06,09,07,,,,,,,,3.04,1.45,2.67,4*03
$GNGSA,A,3,03,,,,,,,,,,,,3.04,1.45,2.67,5*02
$GPGSV,2,1,05,10,47,306,37,18,55,076,27,24,23,085,31,29,18,161,32,1*61
$GPGSV,2,2,05,32,44,207,32,1*54
$GPGSV,2,1,05,10,47,306,34,18,55,076,30,24,23,085,21,29,18,161,32,6*62
$GPGSV,2,2,05,32,44,207,26,6*56
$GPGSV,1,1,01,08,02,323,,0*5C
$GLGSV,1,1,04,68,37,020,12,69,73,292,33,82,21,133,41,83,58,102,14,1*78
$GLGSV,2,1,05,69,73,292,27,82,21,133,33,83,58,102,21,84,39,343,16,3*70
$GLGSV,2,2,05,,,,34,3*78
$GLGSV,1,1,01,70,17,226,,0*4F
$GAGSV,1,1,00,0*74
$GBGSV,2,1,05,06,28,125,30,07,11,157,29,09,24,139,35,10,20,164,16,1*73
$GBGSV,2,2,05,39,32,106,37,1*4B
$GBGSV,1,1,04,06,28,125,35,07,11,157,23,09,24,139,31,10,20,164,38,B*05
$GQGSV,1,1,01,03,13,111,37,1*50
$GQGSV,1,1,01,03,13,111,22,6*53
$GNGLL,2454.26802,N,06708.28633,E,141142.00,A,D*7D
$GNRMC,141143.00,A,2454.26801,N,06708.28633,E,0.033,,080425,,,F,V*15
$GNVTG,,T,,M,0.033,N,0.061,K,D*3F
$GNGGA,141143.00,2454.26801,N,06708.28633,E,5,12,1.45,22.3,M,-44.2,M,1.0,0100*7A
$GNGSA,A,3,18,32,10,29,24,,,,,,,,3.04,1.45,2.67,1*01
$GNGSA,A,3,69,82,,,,,,,,,,,3.04,1.45,2.67,2*03
$GNGSA,A,3,,,,,,,,,,,,,3.04,1.45,2.67,3*07
$GNGSA,A,3,10,39,06,09,07,,,,,,,,3.04,1.45,2.67,4*03
$GNGSA,A,3,03,,,,,,,,,,,,3.04,1.45,2.67,5*02
$GPGSV,2,1,05,10,47,306,37,18,55,076,27,24,23,085,31,29,18,161,32,1*61
$GPGSV,2,2,05,32,44,207,32,1*54
$GPGSV,2,1,05,10,47,306,35,18,55,076,30,24,23,085,21,29,18,161,32,6*63
$GPGSV,2,2,05,32,44,207,26,6*56
$GPGSV,1,1,01,08,02,323,,0*5C
$GLGSV,1,1,04,68,37,020,13,69,73,292,33,82,21,133,41,83,58,102,13,1*7E
$GLGSV,2,1,05,69,73,292,27,82,21,133,34,83,58,102,22,84,39,344,16,3*73
$GLGSV,2,2,05,,,,34,3*78
$GLGSV,1,1,01,70,17,226,,0*4F
$GAGSV,1,1,00,0*74
$GBGSV,2,1,05,06,28,125,30,07,11,157,29,09,24,139,35,10,20,164,15,1*70
$GBGSV,2,2,05,39,32,106,37,1*4B
$GBGSV,1,1,04,06,28,125,35,07,11,157,24,09,24,139,31,10,20,164,38,B*02
$GQGSV,1,1,01,03,13,111,37,1*50
$GQGSV,1,1,01,03,13,111,22,6*53
$GNGLL,2454.26801,N,06708.28633,E,141143.00,A,D*7F
$GNRMC,141144.00,A,2454.26801,N,06708.28633,E,0.047,,080425,,,F,V*11
$GNVTG,,T,,M,0.047,N,0.087,K,D*34
$GNGGA,141144.00,2454.26801,N,06708.28633,E,5,12,1.45,22.2,M,-44.2,M,2.0,0100*7F
$GNGSA,A,3,18,32,10,29,24,,,,,,,,3.03,1.45,2.67,1*06
$GNGSA,A,3,69,82,,,,,,,,,,,3.03,1.45,2.67,2*04
$GNGSA,A,3,,,,,,,,,,,,,3.03,1.45,2.67,3*00
$GNGSA,A,3,10,39,06,09,07,,,,,,,,3.03,1.45,2.67,4*04
$GNGSA,A,3,03,,,,,,,,,,,,3.03,1.45,2.67,5*05
$GPGSV,2,1,05,10,47,306,37,18,55,076,27,24,23,085,30,29,18,161,32,1*60
$GPGSV,2,2,05,32,44,207,32,1*54
$GPGSV,2,1,05,10,47,306,34,18,55,076,30,24,23,085,20,29,18,161,32,6*63
$GPGSV,2,2,05,32,44,207,26,6*56
$GPGSV,1,1,01,08,02,323,,0*5C
$GLGSV,1,1,04,68,37,020,10,69,73,292,33,82,21,133,41,83,58,102,14,1*7A
$GLGSV,2,1,05,69,73,292,27,82,21,133,34,83,58,102,23,84,39,344,16,3*72
$GLGSV,2,2,05,,,,34,3*78
$GLGSV,1,1,01,70,17,226,,0*4F
$GAGSV,1,1,00,0*74
$GBGSV,2,1,05,06,28,125,30,07,11,157,29,09,24,139,35,10,20,164,13,1*76
$GBGSV,2,2,05,39,32,106,37,1*4B
$GBGSV,1,1,04,06,28,125,35,07,11,157,25,09,24,139,32,10,20,164,37,B*0F
$GQGSV,1,1,01,03,13,111,37,1*50
$GQGSV,1,1,01,03,13,111,22,6*53
$GNGLL,2454.26801,N,06708.28633,E,141144.00,A,D*78
$GNRMC,141145.00,A,2454.26800,N,06708.28634,E,0.051,,080425,,,F,V*11
$GNVTG,,T,,M,0.051,N,0.095,K,D*30
$GNGGA,141145.00,2454.26800,N,06708.28634,E,5,12,1.45,22.3,M,-44.2,M,1.0,0100*7A
$GNGSA,A,3,18,32,10,29,24,,,,,,,,3.03,1.45,2.67,1*06
$GNGSA,A,3,69,82,,,,,,,,,,,3.03,1.45,2.67,2*04
$GNGSA,A,3,,,,,,,,,,,,,3.03,1.45,2.67,3*00
$GNGSA,A,3,10,39,06,09,07,,,,,,,,3.03,1.45,2.67,4*04
$GNGSA,A,3,03,,,,,,,,,,,,3.03,1.45,2.67,5*05
$GPGSV,2,1,05,10,47,306,37,18,55,076,27,24,23,085,30,29,18,161,32,1*60
$GPGSV,2,2,05,32,44,207,32,1*54
$GPGSV,2,1,05,10,47,306,34,18,55,076,30,24,23,085,20,29,18,161,32,6*63
$GPGSV,2,2,05,32,44,207,26,6*56
$GPGSV,1,1,01,08,02,323,,0*5C
$GLGSV,1,1,04,68,37,020,09,69,73,292,33,82,21,133,41,83,58,102,14,1*72
$GLGSV,2,1,05,69,73,292,26,82,21,133,33,83,58,102,23,84,39,344,15,3*77
$GLGSV,2,2,05,,,,34,3*78
$GLGSV,1,1,01,70,17,226,,0*4F
$GAGSV,1,1,00,0*74
$GBGSV,2,1,05,06,28,125,30,07,11,157,29,09,24,139,35,10,20,164,14,1*71
$GBGSV,2,2,05,39,32,106,37,1*4B
$GBGSV,1,1,04,06,28,125,35,07,11,157,25,09,24,139,32,10,20,164,37,B*0F
$GQGSV,1,1,01,03,13,111,37,1*50
$GQGSV,1,1,01,03,13,111,22,6*53
$GNGLL,2454.26800,N,06708.28634,E,141145.00,A,D*7F
$GNRMC,141146.00,A,2454.26800,N,06708.28634,E,0.054,,080425,,,F,V*17
$GNVTG,,T,,M,0.054,N,0.100,K,D*38
$GNGGA,141146.00,2454.26800,N,06708.28634,E,5,12,1.45,22.3,M,-44.2,M,2.0,0100*7A
$GNGSA,A,3,18,32,10,29,24,,,,,,,,3.03,1.45,2.67,1*06
$GNGSA,A,3,69,82,,,,,,,,,,,3.03,1.45,2.67,2*04
$GNGSA,A,3,,,,,,,,,,,,,3.03,1.45,2.67,3*00
$GNGSA,A,3,10,39,06,09,07,,,,,,,,3.03,1.45,2.67,4*04
$GNGSA,A,3,03,,,,,,,,,,,,3.03,1.45,2.67,5*05
$GPGSV,2,1,05,10,47,306,37,18,55,076,27,24,23,085,30,29,18,161,32,1*60
$GPGSV,2,2,05,32,44,207,32,1*54
$GPGSV,2,1,05,10,47,306,34,18,55,076,30,24,23,085,20,29,18,161,32,6*63
$GPGSV,2,2,05,32,44,207,26,6*56
$GPGSV,1,1,01,08,02,323,,0*5C
$GLGSV,1,1,04,68,37,020,09,69,73,292,33,82,21,133,41,83,58,102,13,1*75
$GLGSV,2,1,05,69,73,292,26,82,21,133,33,83,58,102,23,84,39,344,15,3*77
$GLGSV,2,2,05,,,,35,3*79
$GLGSV,1,1,01,70,17,226,,0*4F
$GAGSV,1,1,00,0*74
$GBGSV,2,1,05,06,28,125,30,07,11,157,29,09,24,139,35,10,20,164,14,1*71
$GBGSV,2,2,05,39,32,106,37,1*4B
$GBGSV,1,1,04,06,28,125,35,07,11,157,24,09,24,139,31,10,20,164,38,B*02
$GQGSV,1,1,01,03,13,111,37,1*50
$GQGSV,1,1,01,03,13,111,23,6*52
$GNGLL,2454.26800,N,06708.28634,E,141146.00,A,D*7C
$GNRMC,141147.00,A,2454.26800,N,06708.28634,E,0.027,,080425,,,F,V*12
$GNVTG,,T,,M,0.027,N,0.049,K,D*30
$GNGGA,141147.00,2454.26800,N,06708.28634,E,5,12,1.45,22.3,M,-44.2,M,1.0,0100*78
$GNGSA,A,3,18,32,10,29,24,,,,,,,,3.03,1.45,2.67,1*06
$GNGSA,A,3,69,82,,,,,,,,,,,3.03,1.45,2.67,2*04
$GNGSA,A,3,,,,,,,,,,,,,3.03,1.45,2.67,3*00
$GNGSA,A,3,10,39,06,09,07,,,,,,,,3.03,1.45,2.67,4*04
$GNGSA,A,3,03,,,,,,,,,,,,3.03,1.45,2.67,5*05
$GPGSV,2,1,05,10,47,306,37,18,55,076,27,24,23,085,31,29,18,161,32,1*61
$GPGSV,2,2,05,32,44,207,32,1*54
$GPGSV,2,1,05,10,47,306,34,18,55,076,30,24,23,085,20,29,18,161,32,6*63
$GPGSV,2,2,05,32,44,207,26,6*56
$GPGSV,1,1,01,08,02,323,,0*5C
$GLGSV,1,1,04,68,37,020,08,69,73,292,33,82,21,133,42,83,58,102,14,1*70
$GLGSV,2,1,05,69,73,292,27,82,21,133,33,83,58,102,22,84,39,344,16,3*74
$GLGSV,2,2,05,,,,35,3*79
$GLGSV,1,1,01,70,17,226,,0*4F
$GAGSV,1,1,00,0*74
$GBGSV,2,1,05,06,28,125,30,07,11,157,29,09,24,139,35,10,20,164,15,1*70
$GBGSV,2,2,05,39,32,106,37,1*4B
$GBGSV,1,1,04,06,28,125,35,07,11,157,25,09,24,139,31,10,20,164,38,B*03
$GQGSV,1,1,01,03,13,111,37,1*50
$GQGSV,1,1,01,03,13,111,24,6*55
$GNGLL,2454.26800,N,06708.28634,E,141147.00,A,D*7D
$GNRMC,141148.00,A,2454.26799,N,06708.28634,E,0.019,,080425,,,F,V*1F
$GNVTG,,T,,M,0.019,N,0.036,K,D*35
$GNGGA,141148.00,2454.26799,N,06708.28634,E,5,12,1.45,22.3,M,-44.2,M,2.0,0100*7B
$GNGSA,A,3,18,32,10,29,24,,,,,,,,3.03,1.45,2.67,1*06
$GNGSA,A,3,69,82,,,,,,,,,,,3.03,1.45,2.67,2*04
$GNGSA,A,3,,,,,,,,,,,,,3.03,1.45,2.67,3*00
$GNGSA,A,3,10,39,06,09,07,,,,,,,,3.03,1.45,2.67,4*04
$GNGSA,A,3,03,,,,,,,,,,,,3.03,1.45,2.67,5*05
$GPGSV,2,1,05,10,47,306,37,18,55,076,27,24,23,085,30,29,18,161,31,1*63
$GPGSV,2,2,05,32,44,207,32,1*54
$GPGSV,2,1,05,10,47,306,34,18,55,076,30,24,23,085,20,29,18,161,32,6*63
$GPGSV,2,2,05,32,44,207,26,6*56
$GPGSV,1,1,01,08,02,323,,0*5C
$GLGSV,1,1,04,68,37,020,09,69,73,292,33,82,21,133,42,83,58,102,15,1*70
$GLGSV,2,1,05,69,73,292,27,82,21,133,33,83,58,102,22,84,39,344,15,3*77
$GLGSV,2,2,05,,,,35,3*79
$GLGSV,1,1,01,70,17,226,,0*4F
$GAGSV,1,1,00,0*74
$GBGSV,2,1,05,06,28,125,30,07,11,157,29,09,24,139,35,10,20,164,15,1*70
$GBGSV,2,2,05,39,32,106,37,1*4B
$GBGSV,1,1,04,06,28,125,35,07,11,157,25,09,24,139,31,10,20,164,38,B*03
$GQGSV,1,1,01,03,13,111,37,1*50
$GQGSV,1,1,01,03,13,111,24,6*55
$GNGLL,2454.26799,N,06708.28634,E,141148.00,A,D*7D
$GNRMC,141149.00,A,2454.26800,N,06708.28634,E,0.054,,080425,,,F,V*18
$GNVTG,,T,,M,0.054,N,0.100,K,D*38
$GNGGA,141149.00,2454.26800,N,06708.28634,E,5,12,1.45,22.3,M,-44.2,M,1.0,0100*76
$GNGSA,A,3,18,32,10,29,24,,,,,,,,3.03,1.45,2.67,1*06
$GNGSA,A,3,69,82,,,,,,,,,,,3.03,1.45,2.67,2*04
$GNGSA,A,3,,,,,,,,,,,,,3.03,1.45,2.67,3*00
$GNGSA,A,3,10,39,06,09,07,,,,,,,,3.03,1.45,2.67,4*04
$GNGSA,A,3,03,,,,,,,,,,,,3.03,1.45,2.67,5*05
$GPGSV,2,1,05,10,47,306,37,18,55,076,27,24,23,085,31,29,18,161,31,1*62
$GPGSV,2,2,05,32,44,207,31,1*57
$GPGSV,2,1,05,10,47,306,34,18,55,076,31,24,23,085,20,29,18,161,32,6*62
$GPGSV,2,2,05,32,44,207,26,6*56
$GPGSV,1,1,01,08,02,323,,0*5C
$GLGSV,1,1,04,68,37,020,09,69,73,292,33,82,21,133,42,83,58,102,14,1*71
$GLGSV,2,1,05,69,73,292,27,82,21,133,33,83,58,102,21,84,39,344,14,3*75
$GLGSV,2,2,05,,,,34,3*78
$GLGSV,1,1,01,70,17,226,,0*4F
$GAGSV,1,1,00,0*74
$GBGSV,2,1,05,06,28,125,30,07,11,157,29,09,24,139,35,10,20,164,13,1*76
$GBGSV,2,2,05,39,32,106,37,1*4B
$GBGSV,1,1,04,06,28,125,35,07,11,157,25,09,24,139,31,10,20,164,38,B*03
$GQGSV,1,1,01,03,13,111,37,1*50
$GQGSV,1,1,01,03,13,111,24,6*55
$GNGLL,2454.26800,N,06708.28634,E,141149.00,A,D*73
$GNRMC,141150.00,A,2454.26801,N,06708.28635,E,0.049,,080425,,,F,V*1C
$GNVTG,,T,,M,0.049,N,0.090,K,D*3C
$GNGGA,141150.00,2454.26801,N,06708.28635,E,5,12,1.45,22.2,M,-44.2,M,2.0,0100*7C
$GNGSA,A,3,18,32,10,29,24,,,,,,,,3.03,1.45,2.67,1*06
$GNGSA,A,3,69,82,,,,,,,,,,,3.03,1.45,2.67,2*04
$GNGSA,A,3,,,,,,,,,,,,,3.03,1.45,2.67,3*00
$GNGSA,A,3,10,39,06,09,07,,,,,,,,3.03,1.45,2.67,4*04
$GNGSA,A,3,03,,,,,,,,,,,,3.03,1.45,2.67,5*05
$GPGSV,2,1,05,10,47,306,37,18,55,076,27,24,23,085,30,29,18,161,31,1*63
$GPGSV,2,2,05,32,44,207,31,1*57
$GPGSV,2,1,05,10,47,306,34,18,55,076,30,24,23,085,21,29,18,161,32,6*62
$GPGSV,2,2,05,32,44,207,26,6*56
$GPGSV,1,1,01,08,02,323,,0*5C
$GLGSV,1,1,03,69,73,292,33,82,21,133,42,83,58,102,11,1*42
$GLGSV,2,1,05,69,73,292,27,82,21,133,33,83,58,102,21,84,39,344,13,3*72
$GLGSV,2,2,05,,,,34,3*78
$GLGSV,1,1,02,68,37,020,,70,17,226,,0*74
$GAGSV,1,1,00,0*74
$GBGSV,2,1,05,06,28,125,30,07,11,157,29,09,24,139,35,10,20,164,11,1*74
$GBGSV,2,2,05,39,32,106,37,1*4B
$GBGSV,1,1,04,06,28,125,35,07,11,157,25,09,24,139,31,10,20,164,38,B*03
$GQGSV,1,1,01,03,13,111,37,1*50
$GQGSV,1,1,01,03,13,111,24,6*55
$GNGLL,2454.26801,N,06708.28635,E,141150.00,A,D*7B
$GNRMC,141151.00,A,2454.26802,N,06708.28635,E,0.053,,080425,,,F,V*15
$GNVTG,,T,,M,0.053,N,0.098,K,D*3F
$GNGGA,141151.00,2454.26802,N,06708.28635,E,5,12,1.45,22.2,M,-44.2,M,1.0,0100*7D
$GNGSA,A,3,18,32,10,29,24,,,,,,,,3.03,1.45,2.67,1*06
$GNGSA,A,3,69,82,,,,,,,,,,,3.03,1.45,2.67,2*04
$GNGSA,A,3,,,,,,,,,,,,,3.03,1.45,2.67,3*00
$GNGSA,A,3,10,39,06,09,07,,,,,,,,3.03,1.45,2.67,4*04
$GNGSA,A,3,03,,,,,,,,,,,,3.03,1.45,2.67,5*05
$GPGSV,2,1,05,10,47,306,37,18,55,076,27,24,23,085,31,29,18,161,31,1*62
$GPGSV,2,2,05,32,44,207,31,1*57
$GPGSV,2,1,05,10,47,306,34,18,55,076,31,24,23,085,20,29,18,161,32,6*62
$GPGSV,2,2,05,32,44,207,27,6*57
$GPGSV,1,1,01,08,02,323,,0*5C
$GLGSV,1,1,03,69,73,292,33,82,21,133,42,83,58,102,08,1*4A
$GLGSV,2,1,05,69,73,292,27,82,21,133,34,83,58,102,20,84,39,344,11,3*76
$GLGSV,2,2,05,,,,34,3*78
$GLGSV,1,1,02,68,37,020,,70,17,226,,0*74
$GAGSV,1,1,00,0*74
$GBGSV,2,1,05,06,28,125,30,07,11,157,29,09,24,139,35,10,20,164,09,1*7D
$GBGSV,2,2,05,39,32,106,37,1*4B
$GBGSV,1,1,04,06,28,125,35,07,11,157,25,09,24,139,31,10,20,164,38,B*03
$GQGSV,1,1,01,03,13,111,37,1*50
$GQGSV,1,1,01,03,13,111,23,6*52
$GNGLL,2454.26802,N,06708.28635,E,141151.00,A,D*79
$GNRMC,141152.00,A,2454.26804,N,06708.28635,E,0.036,,080425,,,F,V*13
$GNVTG,,T,,M,0.036,N,0.067,K,D*3C
$GNGGA,141152.00,2454.26804,N,06708.28635,E,5,12,1.45,22.1,M,-44.2,M,2.0,0100*78
$GNGSA,A,3,18,32,10,29,24,,,,,,,,3.03,1.45,2.67,1*06
$GNGSA,A,3,69,82,,,,,,,,,,,3.03,1.45,2.67,2*04
$GNGSA,A,3,,,,,,,,,,,,,3.03,1.45,2.67,3*00
$GNGSA,A,3,10,39,06,09,07,,,,,,,,3.03,1.45,2.67,4*04
$GNGSA,A,3,03,,,,,,,,,,,,3.03,1.45,2.67,5*05
$GPGSV,2,1,05,10,47,306,37,18,55,076,27,24,23,085,30,29,18,161,31,1*63
$GPGSV,2,2,05,32,44,207,31,1*57
$GPGSV,2,1,05,10,47,306,34,18,55,076,31,24,23,085,20,29,18,161,32,6*62
$GPGSV,2,2,05,32,44,207,27,6*57
$GPGSV,1,1,01,08,02,323,,0*5C
$GLGSV,1,1,03,69,73,292,32,82,21,133,42,83,58,102,08,1*4B
$GLGSV,2,1,05,69,73,292,28,82,21,133,33,83,58,102,20,84,39,344,11,3*7E
$GLGSV,2,2,05,,,,35,3*79
$GLGSV,1,1,02,68,37,020,,70,17,226,,0*74
$GAGSV,1,1,00,0*74
$GBGSV,2,1,05,06,28,125,30,07,11,157,29,09,24,139,35,10,20,164,08,1*7C
$GBGSV,2,2,05,39,32,106,37,1*4B
$GBGSV,1,1,04,06,28,125,35,07,11,157,24,09,24,139,31,10,20,164,38,B*02
$GQGSV,1,1,01,03,13,111,37,1*50
$GQGSV,1,1,01,03,13,111,22,6*53
$GNGLL,2454.26804,N,06708.28635,E,141152.00,A,D*7C
$GNRMC,141153.00,A,2454.26806,N,06708.28635,E,0.018,,080425,,,F,V*1C
$GNVTG,,T,,M,0.018,N,0.033,K,D*31
$GNGGA,141153.00,2454.26806,N,06708.28635,E,5,12,1.45,22.1,M,-44.2,M,1.0,0100*78
$GNGSA,A,3,18,32,10,29,24,,,,,,,,3.03,1.45,2.66,1*07
$GNGSA,A,3,69,82,,,,,,,,,,,3.03,1.45,2.66,2*05
$GNGSA,A,3,,,,,,,,,,,,,3.03,1.45,2.66,3*01
$GNGSA,A,3,10,39,06,09,07,,,,,,,,3.03,1.45,2.66,4*05
$GNGSA,A,3,03,,,,,,,,,,,,3.03,1.45,2.66,5*04
$GPGSV,2,1,05,10,47,307,37,18,55,076,27,24,23,085,31,29,18,161,31,1*63
$GPGSV,2,2,05,32,44,207,31,1*57
$GPGSV,2,1,05,10,47,307,34,18,55,076,31,24,23,085,20,29,18,161,32,6*63
$GPGSV,2,2,05,32,44,207,27,6*57
$GPGSV,1,1,01,08,02,323,,0*5C
$GLGSV,1,1,03,69,73,292,32,82,21,133,42,83,58,102,08,1*4B
$GLGSV,2,1,05,69,73,292,28,82,21,133,34,83,58,102,20,84,39,344,13,3*7B
$GLGSV,2,2,05,,,,35,3*79
$GLGSV,1,1,02,68,37,020,,70,17,226,,0*74
$GAGSV,1,1,00,0*74
$GBGSV,2,1,05,06,28,125,30,07,11,157,29,09,24,139,35,10,20,164,08,1*7C
$GBGSV,2,2,05,39,32,106,37,1*4B
$GBGSV,1,1,04,06,28,125,35,07,11,157,24,09,24,139,31,10,20,164,38,B*02
$GQGSV,1,1,01,03,13,111,37,1*50
$GQGSV,1,1,01,03,13,111,22,6*53
$GNGLL,2454.26806,N,06708.28635,E,141153.00,A,D*7F
$GNRMC,141154.00,A,2454.26807,N,06708.28635,E,0.072,,080425,,,F,V*16
$GNVTG,,T,,M,0.072,N,0.134,K,D*3B
$GNGGA,141154.00,2454.26807,N,06708.28635,E,5,12,1.45,22.0,M,-44.2,M,2.0,0100*7C
$GNGSA,A,3,18,32,10,29,24,,,,,,,,3.03,1.45,2.66,1*07
$GNGSA,A,3,69,82,,,,,,,,,,,3.03,1.45,2.66,2*05
$GNGSA,A,3,,,,,,,,,,,,,3.03,1.45,2.66,3*01
$GNGSA,A,3,10,39,06,09,07,,,,,,,,3.03,1.45,2.66,4*05
$GNGSA,A,3,03,,,,,,,,,,,,3.03,1.45,2.66,5*04
$GPGSV,2,1,05,10,47,307,37,18,55,076,27,24,23,085,31,29,18,161,32,1*60
$GPGSV,2,2,05,32,44,207,31,1*57
$GPGSV,2,1,05,10,47,307,34,18,55,076,31,24,23,085,20,29,18,161,32,6*63
$GPGSV,2,2,05,32,44,207,28,6*58
$GPGSV,1,1,01,08,02,323,,0*5C
$GLGSV,1,1,03,69,73,292,33,82,21,133,42,83,58,102,09,1*4B
$GLGSV,2,1,05,69,73,292,28,82,21,133,34,83,58,102,18,84,39,344,14,3*77
$GLGSV,2,2,05,,,,35,3*79
$GLGSV,1,1,02,68,37,020,,70,17,226,,0*74
$GAGSV,1,1,00,0*74
$GBGSV,2,1,05,06,28,125,30,07,11,157,29,09,24,139,35,10,20,164,09,1*7D
$GBGSV,2,2,05,39,32,106,37,1*4B
$GBGSV,1,1,04,06,28,125,35,07,11,157,25,09,24,139,31,10,20,164,38,B*03
$GQGSV,1,1,01,03,13,111,37,1*50
$GQGSV,1,1,01,03,13,111,22,6*53
$GNGLL,2454.26807,N,06708.28635,E,141154.00,A,D*79
$GNRMC,141155.00,A,2454.26807,N,06708.28634,E,0.038,,080425,,,F,V*18
$GNVTG,,T,,M,0.038,N,0.070,K,D*34
$GNGGA,141155.00,2454.26807,N,06708.28634,E,5,12,1.45,22.0,M,-44.2,M,1.0,0100*7F
$GNGSA,A,3,18,32,10,29,24,,,,,,,,3.03,1.45,2.66,1*07
$GNGSA,A,3,69,82,,,,,,,,,,,3.03,1.45,2.66,2*05
$GNGSA,A,3,,,,,,,,,,,,,3.03,1.45,2.66,3*01
$GNGSA,A,3,10,39,06,09,07,,,,,,,,3.03,1.45,2.66,4*05
$GNGSA,A,3,03,,,,,,,,,,,,3.03,1.45,2.66,5*04
$GPGSV,2,1,05,10,47,307,37,18,55,076,27,24,23,085,31,29,18,161,32,1*60
$GPGSV,2,2,05,32,44,207,30,1*56
$GPGSV,2,1,05,10,47,307,34,18,55,076,31,24,23,085,20,29,18,161,32,6*63
$GPGSV,2,2,05,32,44,207,28,6*58
$GPGSV,1,1,01,08,02,323,,0*5C
$GLGSV,1,1,03,69,73,292,33,82,21,133,42,83,58,102,10,1*43
$GLGSV,2,1,05,69,73,292,28,82,21,133,34,83,58,102,19,84,39,344,14,3*76
$GLGSV,2,2,05,,,,35,3*79
$GLGSV,1,1,02,68,37,020,,70,17,226,,0*74
$GAGSV,1,1,00,0*74
$GBGSV,2,1,05,06,28,125,30,07,11,157,29,09,24,139,36,10,20,164,10,1*76
$GBGSV,2,2,05,39,32,106,37,1*4B
$GBGSV,1,1,04,06,28,125,35,07,11,157,25,09,24,139,31,10,20,164,38,B*03
$GQGSV,1,1,01,03,13,111,37,1*50
$GQGSV,1,1,01,03,13,111,22,6*53
$GNGLL,2454.26807,N,06708.28634,E,141155.00,A,D*79
$GNRMC,141156.00,A,2454.26808,N,06708.28634,E,0.012,,080425,,,F,V*1C
$GNVTG,,T,,M,0.012,N,0.022,K,D*3B
$GNGGA,141156.00,2454.26808,N,06708.28634,E,5,12,1.45,22.0,M,-44.2,M,2.0,0100*70
$GNGSA,A,3,18,32,10,29,24,,,,,,,,3.03,1.45,2.66,1*07
$GNGSA,A,3,69,82,,,,,,,,,,,3.03,1.45,2.66,2*05
$GNGSA,A,3,,,,,,,,,,,,,3.03,1.45,2.66,3*01
$GNGSA,A,3,10,39,06,09,07,,,,,,,,3.03,1.45,2.66,4*05
$GNGSA,A,3,03,,,,,,,,,,,,3.03,1.45,2.66,5*04
$GPGSV,2,1,05,10,47,307,37,18,55,076,27,24,23,085,31,29,18,161,32,1*60
$GPGSV,2,2,05,32,44,207,30,1*56
$GPGSV,2,1,05,10,47,307,34,18,55,076,31,24,23,085,19,29,18,161,32,6*69
$GPGSV,2,2,05,32,44,207,28,6*58
$GPGSV,1,1,01,08,02,323,,0*5C
$GLGSV,1,1,03,69,73,292,33,82,21,133,42,83,58,102,12,1*41
$GLGSV,2,1,05,69,73,292,28,82,21,133,34,83,58,102,18,84,39,344,14,3*77
$GLGSV,2,2,05,,,,35,3*79
$GLGSV,1,1,02,68,37,020,,70,17,226,,0*74
$GAGSV,1,1,00,0*74
$GBGSV,2,1,05,06,28,125,30,07,11,157,29,09,24,139,35,10,20,164,09,1*7D
$GBGSV,2,2,05,39,32,106,37,1*4B
$GBGSV,1,1,04,06,28,125,35,07,11,157,24,09,24,139,31,10,20,164,38,B*02
$GQGSV,1,1,01,03,13,111,37,1*50
$GQGSV,1,1,01,03,13,111,22,6*53
$GNGLL,2454.26808,N,06708.28634,E,141156.00,A,D*75
$GNRMC,141157.00,A,2454.26809,N,06708.28634,E,0.018,,080425,,,F,V*16
$GNVTG,,T,,M,0.018,N,0.034,K,D*36
$GNGGA,141157.00,2454.26809,N,06708.28634,E,5,12,1.45,22.0,M,-44.2,M,1.0,0100*73
$GNGSA,A,3,18,32,10,29,24,,,,,,,,3.03,1.45,2.66,1*07
$GNGSA,A,3,69,82,,,,,,,,,,,3.03,1.45,2.66,2*05
$GNGSA,A,3,,,,,,,,,,,,,3.03,1.45,2.66,3*01
$GNGSA,A,3,10,39,06,09,07,,,,,,,,3.03,1.45,2.66,4*05
$GNGSA,A,3,03,,,,,,,,,,,,3.03,1.45,2.66,5*04
$GPGSV,2,1,05,10,47,307,37,18,55,076,27,24,23,085,31,29,18,161,32,1*60
$GPGSV,2,2,05,32,44,207,30,1*56
$GPGSV,2,1,05,10,47,307,34,18,55,076,31,24,23,085,19,29,18,161,32,6*69
$GPGSV,2,2,05,32,44,207,28,6*58
$GPGSV,1,1,01,08,02,323,,0*5C
$GLGSV,1,1,03,69,73,292,33,82,21,133,42,83,58,102,14,1*47
$GLGSV,2,1,05,69,73,292,28,82,21,133,34,83,58,102,19,84,39,344,14,3*76
$GLGSV,2,2,05,,,,35,3*79
$GLGSV,1,1,02,68,37,020,,70,17,226,,0*74
$GAGSV,1,1,00,0*74
$GBGSV,1,1,04,06,28,125,30,07,11,157,30,09,24,139,35,39,32,106,37,1*76
$GBGSV,1,1,04,06,28,125,35,07,11,157,25,09,24,139,32,10,20,164,38,B*00
$GQGSV,1,1,01,03,13,111,37,1*50
$GQGSV,1,1,01,03,13,111,21,6*50
$GNGLL,2454.26809,N,06708.28634,E,141157.00,A,D*75
$GNRMC,141158.00,A,2454.26808,N,06708.28634,E,0.036,,080425,,,F,V*14
$GNVTG,,T,,M,0.036,N,0.066,K,D*3D
$GNGGA,141158.00,2454.26808,N,06708.28634,E,5,12,1.45,22.0,M,-44.2,M,2.0,0100*7E
$GNGSA,A,3,18,32,10,29,24,,,,,,,,3.03,1.45,2.66,1*07
$GNGSA,A,3,69,82,,,,,,,,,,,3.03,1.45,2.66,2*05
$GNGSA,A,3,,,,,,,,,,,,,3.03,1.45,2.66,3*01
$GNGSA,A,3,10,39,06,09,07,,,,,,,,3.03,1.45,2.66,4*05
$GNGSA,A,3,03,,,,,,,,,,,,3.03,1.45,2.66,5*04
$GPGSV,2,1,05,10,47,307,37,18,55,077,27,24,23,085,31,29,18,161,32,1*61
$GPGSV,2,2,05,32,44,207,30,1*56
$GPGSV,2,1,05,10,47,307,34,18,55,077,31,24,23,085,19,29,18,161,32,6*68
$GPGSV,2,2,05,32,44,207,28,6*58
$GPGSV,1,1,01,08,02,323,,0*5C
$GLGSV,1,1,03,69,73,292,33,82,21,133,42,83,58,102,13,1*40
$GLGSV,2,1,05,69,73,292,28,82,21,133,34,83,58,102,19,84,39,344,13,3*71
$GLGSV,2,2,05,,,,35,3*79
$GLGSV,1,1,02,68,37,020,,70,17,226,,0*74
$GAGSV,1,1,00,0*74
$GBGSV,1,1,04,06,28,125,30,07,11,157,30,09,24,139,35,39,32,106,37,1*76
$GBGSV,1,1,04,06,28,125,35,07,11,157,25,09,24,139,32,10,20,164,38,B*00
$GQGSV,1,1,01,03,13,111,37,1*50
$GQGSV,1,1,01,03,13,111,22,6*53
$GNGLL,2454.26808,N,06708.28634,E,141158.00,A,D*7B
$GNRMC,141159.00,A,2454.26809,N,06708.28634,E,0.089,,080425,,,F,V*10
$GNVTG,,T,,M,0.089,N,0.165,K,D*3B
$GNGGA,141159.00,2454.26809,N,06708.28634,E,5,12,1.45,22.0,M,-44.2,M,1.0,0100*7D
$GNGSA,A,3,18,32,10,29,24,,,,,,,,3.03,1.45,2.66,1*07
$GNGSA,A,3,69,82,,,,,,,,,,,3.03,1.45,2.66,2*05
$GNGSA,A,3,,,,,,,,,,,,,3.03,1.45,2.66,3*01
$GNGSA,A,3,10,39,06,09,07,,,,,,,,3.03,1.45,2.66,4*05
$GNGSA,A,3,03,,,,,,,,,,,,3.03,1.45,2.66,5*04
$GPGSV,2,1,05,10,47,307,37,18,55,077,26,24,23,085,31,29,18,161,32,1*60
$GPGSV,2,2,05,32,44,207,30,1*56
$GPGSV,2,1,05,10,47,307,34,18,55,077,31,24,23,085,20,29,18,161,32,6*62
$GPGSV,2,2,05,32,44,207,28,6*58
$GPGSV,1,1,01,08,02,323,,0*5C
$GLGSV,1,1,03,69,73,292,33,82,21,133,42,83,58,102,11,1*42
$GLGSV,2,1,05,69,73,292,28,82,21,133,34,83,58,102,18,84,39,344,13,3*70
$GLGSV,2,2,05,,,,35,3*79
$GLGSV,1,1,02,68,37,020,,70,17,226,,0*74
$GAGSV,1,1,00,0*74
$GBGSV,1,1,04,06,28,125,30,07,11,157,30,09,24,139,35,39,32,106,37,1*76
$GBGSV,1,1,04,06,28,125,35,07,11,157,24,09,24,139,32,10,20,164,38,B*01
$GQGSV,1,1,01,03,13,111,37,1*50
$GQGSV,1,1,01,03,13,111,22,6*53
$GNGLL,2454.26809,N,06708.28634,E,141159.00,A,D*7B
$GNRMC,141200.00,A,2454.26810,N,06708.28634,E,0.031,,080425,,,F,V*14
$GNVTG,,T,,M,0.031,N,0.058,K,D*37
$GNGGA,141200.00,2454.26810,N,06708.28634,E,5,12,1.45,22.0,M,-44.2,M,2.0,0100*79
$GNGSA,A,3,18,32,10,29,24,,,,,,,,3.03,1.45,2.66,1*07
$GNGSA,A,3,69,82,,,,,,,,,,,3.03,1.45,2.66,2*05
$GNGSA,A,3,,,,,,,,,,,,,3.03,1.45,2.66,3*01
$GNGSA,A,3,10,39,06,09,07,,,,,,,,3.03,1.45,2.66,4*05
$GNGSA,A,3,03,,,,,,,,,,,,3.03,1.45,2.66,5*04
$GPGSV,2,1,05,10,47,307,37,18,55,077,26,24,23,085,31,29,17,161,31,1*6C
$GPGSV,2,2,05,32,44,207,31,1*57
$GPGSV,2,1,05,10,47,307,34,18,55,077,31,24,23,085,20,29,17,161,33,6*6C
$GPGSV,2,2,05,32,44,207,28,6*58
$GPGSV,1,1,01,08,02,323,,0*5C
$GLGSV,1,1,03,69,73,292,33,82,21,133,42,83,58,102,09,1*4B
$GLGSV,2,1,05,69,73,292,28,82,21,133,34,83,58,102,18,84,39,344,13,3*70
$GLGSV,2,2,05,,,,35,3*79
$GLGSV,1,1,02,68,37,020,,70,17,226,,0*74
$GAGSV,1,1,00,0*74
$GBGSV,1,1,04,06,28,125,30,07,11,157,30,09,24,139,35,39,32,106,37,1*76
$GBGSV,1,1,04,06,28,125,35,07,11,157,25,09,24,139,32,10,20,164,38,B*00
$GQGSV,1,1,01,03,13,111,37,1*50
$GQGSV,1,1,01,03,13,111,22,6*53
$GNGLL,2454.26810,N,06708.28634,E,141200.00,A,D*7C
$GNRMC,141201.00,A,2454.26811,N,06708.28634,E,0.012,,080425,,,F,V*15
$GNVTG,,T,,M,0.012,N,0.023,K,D*3A
$GNGGA,141201.00,2454.26811,N,06708.28634,E,5,12,1.45,22.0,M,-44.2,M,1.0,0100*7A
$GNGSA,A,3,18,32,10,29,24,,,,,,,,3.03,1.45,2.66,1*07
$GNGSA,A,3,69,82,,,,,,,,,,,3.03,1.45,2.66,2*05
$GNGSA,A,3,,,,,,,,,,,,,3.03,1.45,2.66,3*01
$GNGSA,A,3,10,39,06,09,07,,,,,,,,3.03,1.45,2.66,4*05
$GNGSA,A,3,03,,,,,,,,,,,,3.03,1.45,2.66,5*04
$GPGSV,2,1,05,10,47,307,37,18,55,077,26,24,23,085,31,29,17,161,31,1*6C
$GPGSV,2,2,05,32,44,207,31,1*57
$GPGSV,2,1,05,10,47,307,34,18,55,077,31,24,23,085,19,29,17,161,33,6*66
$GPGSV,2,2,05,32,44,207,28,6*58
$GPGSV,1,1,01,08,02,323,,0*5C
$GLGSV,1,1,03,69,73,292,33,82,21,133,42,83,58,102,11,1*42
$GLGSV,2,1,05,69,73,292,28,82,21,133,35,83,58,102,17,84,39,344,12,3*7F
$GLGSV,2,2,05,,,,35,3*79
$GLGSV,1,1,02,68,37,020,,70,17,226,,0*74
$GAGSV,1,1,00,0*74
$GBGSV,1,1,04,06,28,125,30,07,11,157,30,09,24,139,35,39,32,106,37,1*76
$GBGSV,1,1,04,06,28,125,35,07,11,157,25,09,24,139,32,10,20,164,38,B*00
$GQGSV,1,1,01,03,13,111,37,1*50
$GQGSV,1,1,01,03,13,111,22,6*53
$GNGLL,2454.26811,N,06708.28634,E,141201.00,A,D*7C
$GNRMC,141202.00,A,2454.26811,N,06708.28634,E,0.016,,080425,,,F,V*12
$GNVTG,,T,,M,0.016,N,0.029,K,D*34
$GNGGA,141202.00,2454.26811,N,06708.28634,E,5,12,1.45,22.0,M,-44.2,M,2.0,0100*7A
$GNGSA,A,3,18,32,10,29,24,,,,,,,,3.03,1.45,2.66,1*07
$GNGSA,A,3,69,82,,,,,,,,,,,3.03,1.45,2.66,2*05
$GNGSA,A,3,,,,,,,,,,,,,3.03,1.45,2.66,3*01
$GNGSA,A,3,10,39,06,09,07,,,,,,,,3.03,1.45,2.66,4*05
$GNGSA,A,3,03,,,,,,,,,,,,3.03,1.45,2.66,5*04
$GPGSV,2,1,05,10,47,307,37,18,55,077,26,24,23,085,31,29,17,161,31,1*6C
$GPGSV,2,2,05,32,44,207,31,1*57
$GPGSV,2,1,05,10,47,307,34,18,55,077,31,24,23,085,19,29,17,161,33,6*66
$GPGSV,2,2,05,32,44,207,28,6*58
$GPGSV,1,1,01,08,02,323,,0*5C
$GLGSV,1,1,03,69,73,292,33,82,21,133,42,83,58,102,13,1*40
$GLGSV,2,1,05,69,73,292,28,82,21,133,35,83,58,102,18,84,39,344,12,3*70
$GLGSV,2,2,05,,,,35,3*79
$GLGSV,1,1,02,68,37,020,,70,17,226,,0*74
$GAGSV,1,1,00,0*74
$GBGSV,1,1,04,06,28,125,31,07,11,157,29,09,24,139,35,39,32,106,37,1*7F
$GBGSV,1,1,04,06,28,125,34,07,11,157,25,09,24,139,33,10,20,164,38,B*00
$GQGSV,1,1,01,03,13,111,37,1*50
$GQGSV,1,1,01,03,13,111,22,6*53
$GNGLL,2454.26811,N,06708.28634,E,141202.00,A,D*7F
$GNRMC,141203.00,A,2454.26812,N,06708.28634,E,0.019,,080425,,,F,V*1F
$GNVTG,,T,,M,0.019,N,0.036,K,D*35
$GNGGA,141203.00,2454.26812,N,06708.28634,E,5,12,1.45,21.9,M,-44.2,M,1.0,0100*71
$GNGSA,A,3,18,32,10,29,24,,,,,,,,3.03,1.45,2.66,1*07
$GNGSA,A,3,69,82,,,,,,,,,,,3.03,1.45,2.66,2*05
$GNGSA,A,3,,,,,,,,,,,,,3.03,1.45,2.66,3*01
$GNGSA,A,3,10,39,06,09,07,,,,,,,,3.03,1.45,2.66,4*05
$GNGSA,A,3,03,,,,,,,,,,,,3.03,1.45,2.66,5*04
$GPGSV,2,1,05,10,47,307,37,18,55,077,26,24,23,085,31,29,17,161,31,1*6C
$GPGSV,2,2,05,32,44,207,31,1*57
$GPGSV,2,1,05,10,47,307,34,18,55,077,31,24,23,085,19,29,17,161,33,6*66
$GPGSV,2,2,05,32,44,207,28,6*58
$GPGSV,1,1,01,08,02,323,,0*5C
$GLGSV,1,1,03,69,73,292,33,82,21,133,42,83,58,102,14,1*47
$GLGSV,2,1,05,69,73,292,28,82,21,133,35,83,58,102,19,84,39,344,11,3*72
$GLGSV,2,2,05,,,,35,3*79
$GLGSV,1,1,02,68,37,020,,70,17,226,,0*74
$GAGSV,1,1,00,0*74
$GBGSV,1,1,04,06,28,125,30,07,11,157,30,09,24,139,35,39,32,106,36,1*77
$GBGSV,1,1,04,06,28,125,34,07,11,157,25,09,24,139,33,10,20,164,38,B*00
$GQGSV,1,1,01,03,13,111,37,1*50
$GQGSV,1,1,01,03,13,111,22,6*53
$GNGLL,2454.26812,N,06708.28634,E,141203.00,A,D*7D
$GNRMC,141204.00,A,2454.26811,N,06708.28634,E,0.047,,080425,,,F,V*10
$GNVTG,,T,,M,0.047,N,0.086,K,D*35
$GNGGA,141204.00,2454.26811,N,06708.28634,E,5,12,1.45,22.0,M,-44.2,M,2.0,0100*7C
$GNGSA,A,3,18,32,10,29,24,,,,,,,,3.03,1.45,2.66,1*07
$GNGSA,A,3,69,82,,,,,,,,,,,3.03,1.45,2.66,2*05
$GNGSA,A,3,,,,,,,,,,,,,3.03,1.45,2.66,3*01
$GNGSA,A,3,10,39,06,09,07,,,,,,,,3.03,1.45,2.66,4*05
$GNGSA,A,3,03,,,,,,,,,,,,3.03,1.45,2.66,5*04
$GPGSV,2,1,05,10,47,307,37,18,55,077,26,24,23,085,31,29,17,161,31,1*6C
$GPGSV,2,2,05,32,44,207,31,1*57
$GPGSV,2,1,05,10,47,307,34,18,55,077,31,24,23,085,20,29,17,161,33,6*6C
$GPGSV,2,2,05,32,44,207,28,6*58
$GPGSV,1,1,01,08,02,323,,0*5C
$GLGSV,1,1,03,69,73,292,33,82,21,133,42,83,58,102,15,1*46
$GLGSV,2,1,05,69,73,292,29,82,21,133,35,83,58,102,19,84,39,344,10,3*72
$GLGSV,2,2,05,,,,35,3*79
$GLGSV,1,1,02,68,37,020,,70,17,226,,0*74
$GAGSV,1,1,00,0*74
$GBGSV,1,1,04,06,28,125,30,07,11,157,30,09,24,139,35,39,32,106,37,1*76
$GBGSV,1,1,04,06,28,125,34,07,11,157,25,09,24,139,33,10,20,164,38,B*00
$GQGSV,1,1,01,03,13,111,37,1*50
$GQGSV,1,1,01,03,13,111,22,6*53
$GNGLL,2454.26811,N,06708.28634,E,141204.00,A,D*79
$GNRMC,141205.00,A,2454.26810,N,06708.28634,E,0.023,,080425,,,F,V*12
$GNVTG,,T,,M,0.023,N,0.043,K,D*3E
$GNGGA,141205.00,2454.26810,N,06708.28634,E,5,12,1.45,22.0,M,-44.2,M,1.0,0100*7F
$GNGSA,A,3,18,32,10,29,24,,,,,,,,3.03,1.45,2.66,1*07
$GNGSA,A,3,69,82,,,,,,,,,,,3.03,1.45,2.66,2*05
$GNGSA,A,3,,,,,,,,,,,,,3.03,1.45,2.66,3*01
$GNGSA,A,3,10,39,06,09,07,,,,,,,,3.03,1.45,2.66,4*05
$GNGSA,A,3,03,,,,,,,,,,,,3.03,1.45,2.66,5*04
$GPGSV,2,1,05,10,47,307,37,18,55,077,26,24,23,085,31,29,17,161,31,1*6C
$GPGSV,2,2,05,32,44,207,32,1*54
$GPGSV,2,1,05,10,47,307,34,18,55,077,30,24,23,085,20,29,17,161,33,6*6D
$GPGSV,2,2,05,32,44,207,28,6*58
$GPGSV,1,1,01,08,02,323,,0*5C
$GLGSV,1,1,03,69,73,292,33,82,21,133,42,83,58,102,16,1*45
$GLGSV,2,1,05,69,73,292,28,82,21,133,35,83,58,102,19,84,39,344,12,3*71
$GLGSV,2,2,05,,,,35,3*79
$GLGSV,1,1,02,68,37,020,,70,17,226,,0*74
$GAGSV,1,1,00,0*74
$GBGSV,1,1,04,06,28,125,30,07,11,157,30,09,24,139,35,39,32,106,37,1*76
$GBGSV,1,1,04,06,28,125,35,07,11,157,25,09,24,139,33,10,20,164,38,B*01
$GQGSV,1,1,01,03,13,111,37,1*50
$GQGSV,1,1,01,03,13,111,21,6*50
$GNGLL,2454.26810,N,06708.28634,E,141205.00,A,D*79
$GNRMC,141206.00,A,2454.26810,N,06708.28634,E,0.010,,080425,,,F,V*11
$GNVTG,,T,,M,0.010,N,0.019,K,D*31
$GNGGA,141206.00,2454.26810,N,06708.28634,E,5,12,1.45,22.0,M,-44.2,M,2.0,0100*7F
$GNGSA,A,3,18,32,10,29,24,,,,,,,,3.03,1.45,2.66,1*07
$GNGSA,A,3,69,82,,,,,,,,,,,3.03,1.45,2.66,2*05
$GNGSA,A,3,,,,,,,,,,,,,3.03,1.45,2.66,3*01
$GNGSA,A,3,10,39,06,09,07,,,,,,,,3.03,1.45,2.66,4*05
$GNGSA,A,3,03,,,,,,,,,,,,3.03,1.45,2.66,5*04
$GPGSV,2,1,05,10,47,307,37,18,55,077,26,24,23,085,31,29,17,161,31,1*6C
$GPGSV,2,2,05,32,44,207,32,1*54
$GPGSV,2,1,05,10,47,307,34,18,55,077,30,24,23,085,20,29,17,161,33,6*6D
$GPGSV,2,2,05,32,44,207,28,6*58
$GPGSV,1,1,01,08,02,323,,0*5C
$GLGSV,1,1,03,69,73,292,33,82,21,133,42,83,58,102,16,1*45
$GLGSV,2,1,05,69,73,292,28,82,21,133,35,83,58,102,18,84,39,344,12,3*70
$GLGSV,2,2,05,,,,36,3*7A
$GLGSV,1,1,02,68,37,020,,70,17,226,,0*74
$GAGSV,1,1,00,0*74
$GBGSV,1,1,04,06,28,125,30,07,11,157,30,09,24,139,35,39,32,106,36,1*77
$GBGSV,1,1,04,06,28,125,35,07,11,157,26,09,24,139,33,10,20,164,38,B*02
$GQGSV,1,1,01,03,13,111,37,1*50
$GQGSV,1,1,01,03,13,111,21,6*50
$GNGLL,2454.26810,N,06708.28634,E,141206.00,A,D*7A
$GNRMC,141207.00,A,2454.26809,N,06708.28634,E,0.026,,080425,,,F,V*1D
$GNVTG,,T,,M,0.026,N,0.049,K,D*31
$GNGGA,141207.00,2454.26809,N,06708.28634,E,5,12,1.45,22.0,M,-44.2,M,1.0,0100*75
$GNGSA,A,3,18,32,10,29,24,,,,,,,,3.03,1.45,2.66,1*07
$GNGSA,A,3,69,82,,,,,,,,,,,3.03,1.45,2.66,2*05
$GNGSA,A,3,,,,,,,,,,,,,3.03,1.45,2.66,3*01
$GNGSA,A,3,10,39,06,09,07,,,,,,,,3.03,1.45,2.66,4*05
$GNGSA,A,3,03,,,,,,,,,,,,3.03,1.45,2.66,5*04
$GPGSV,2,1,05,10,47,307,37,18,55,077,25,24,23,085,31,29,17,161,31,1*6F
$GPGSV,2,2,05,32,44,207,32,1*54
$GPGSV,2,1,05,10,47,307,34,18,55,077,31,24,23,085,20,29,17,161,33,6*6C
$GPGSV,2,2,05,32,44,207,28,6*58
$GPGSV,1,1,01,08,02,323,,0*5C
$GLGSV,1,1,03,69,73,292,33,82,21,133,42,83,58,102,15,1*46
$GLGSV,2,1,05,69,73,292,28,82,21,133,35,83,58,102,18,84,39,344,14,3*76
$GLGSV,2,2,05,,,,36,3*7A
$GLGSV,1,1,02,68,37,020,,70,17,226,,0*74
$GAGSV,1,1,00,0*74
$GBGSV,1,1,04,06,28,125,31,07,11,157,30,09,24,139,35,39,32,106,36,1*76
$GBGSV,1,1,04,06,28,125,35,07,11,157,26,09,24,139,33,10,20,164,38,B*02
$GQGSV,1,1,01,03,13,111,37,1*50
$GQGSV,1,1,01,03,13,111,20,6*51
$GNGLL,2454.26809,N,06708.28634,E,141207.00,A,D*73
$GNRMC,141208.00,A,2454.26809,N,06708.28634,E,0.027,,080425,,,F,V*13
$GNVTG,,T,,M,0.027,N,0.050,K,D*38
$GNGGA,141208.00,2454.26809,N,06708.28634,E,5,12,1.45,22.0,M,-44.2,M,2.0,0100*79
$GNGSA,A,3,18,32,10,29,24,,,,,,,,3.03,1.45,2.66,1*07
$GNGSA,A,3,69,82,,,,,,,,,,,3.03,1.45,2.66,2*05
$GNGSA,A,3,,,,,,,,,,,,,3.03,1.45,2.66,3*01
$GNGSA,A,3,10,39,06,09,07,,,,,,,,3.03,1.45,2.66,4*05
$GNGSA,A,3,03,,,,,,,,,,,,3.03,1.45,2.66,5*04
$GPGSV,2,1,05,10,47,307,37,18,55,077,25,24,23,085,31,29,17,161,31,1*6F
$GPGSV,2,2,05,32,44,207,32,1*54
$GPGSV,2,1,05,10,47,307,34,18,55,077,30,24,23,085,20,29,17,161,33,6*6D
$GPGSV,2,2,05,32,44,207,28,6*58
$GPGSV,1,1,01,08,02,323,,0*5C
$GLGSV,1,1,03,69,73,292,33,82,21,133,42,83,58,102,14,1*47
$GLGSV,2,1,05,69,73,292,27,82,21,133,35,83,58,102,19,84,39,344,14,3*78
$GLGSV,2,2,05,,,,36,3*7A
$GLGSV,1,1,02,68,37,020,,70,17,226,,0*74
$GAGSV,1,1,00,0*74
$GBGSV,1,1,04,06,28,125,31,07,11,157,30,09,24,139,35,39,32,106,36,1*76
$GBGSV,1,1,04,06,28,125,35,07,11,157,26,09,24,139,33,10,20,164,38,B*02
$GQGSV,1,1,01,03,13,111,37,1*50
$GQGSV,1,1,01,03,13,111,21,6*50
$GNGLL,2454.26809,N,06708.28634,E,141208.00,A,D*7C
$GNRMC,141209.00,A,2454.26809,N,06708.28634,E,0.027,,080425,,,F,V*12
$GNVTG,,T,,M,0.027,N,0.050,K,D*38
$GNGGA,141209.00,2454.26809,N,06708.28634,E,5,12,1.45,22.0,M,-44.2,M,1.0,0100*7B
$GNGSA,A,3,18,32,10,29,24,,,,,,,,3.03,1.45,2.66,1*07
$GNGSA,A,3,69,82,,,,,,,,,,,3.03,1.45,2.66,2*05
$GNGSA,A,3,,,,,,,,,,,,,3.03,1.45,2.66,3*01
$GNGSA,A,3,10,39,06,09,07,,,,,,,,3.03,1.45,2.66,4*05
$GNGSA,A,3,03,,,,,,,,,,,,3.03,1.45,2.66,5*04
$GPGSV,2,1,05,10,47,307,37,18,55,077,25,24,23,085,31,29,17,161,31,1*6F
$GPGSV,2,2,05,32,44,207,32,1*54
$GPGSV,2,1,05,10,47,307,34,18,55,077,30,24,23,085,20,29,17,161,33,6*6D
$GPGSV,2,2,05,32,44,207,28,6*58
$GPGSV,1,1,01,08,02,323,,0*5C
$GLGSV,1,1,03,69,73,292,32,82,21,133,42,83,58,102,13,1*41
$GLGSV,2,1,05,69,73,292,27,82,21,133,35,83,58,102,18,84,39,344,13,3*7E
$GLGSV,2,2,05,91,,,36,3*72
$GLGSV,1,1,02,68,37,020,,70,17,226,,0*74
$GAGSV,1,1,00,0*74
$GBGSV,1,1,04,06,28,125,30,07,11,157,30,09,24,139,35,39,32,106,36,1*77
$GBGSV,1,1,04,06,28,125,35,07,11,157,26,09,24,139,33,10,20,164,37,B*0D
$GQGSV,1,1,01,03,13,111,37,1*50
$GQGSV,1,1,01,03,13,111,21,6*50
$GNGLL,2454.26809,N,06708.28634,E,141209.00,A,D*7D
$GNRMC,141210.00,A,2454.26810,N,06708.28634,E,0.025,,080425,,,F,V*10
$GNVTG,,T,,M,0.025,N,0.047,K,D*3C
$GNGGA,141210.00,2454.26810,N,06708.28634,E,5,12,1.45,21.9,M,-44.2,M,2.0,0100*72
$GNGSA,A,3,18,32,10,29,24,,,,,,,,3.03,1.45,2.66,1*07
$GNGSA,A,3,69,82,,,,,,,,,,,3.03,1.45,2.66,2*05
$GNGSA,A,3,,,,,,,,,,,,,3.03,1.45,2.66,3*01
$GNGSA,A,3,10,39,06,09,07,,,,,,,,3.03,1.45,2.66,4*05
$GNGSA,A,3,03,,,,,,,,,,,,3.03,1.45,2.66,5*04
$GPGSV,2,1,05,10,47,307,37,18,55,077,24,24,23,085,31,29,17,161,31,1*6E
$GPGSV,2,2,05,32,44,207,32,1*54
$GPGSV,2,1,05,10,47,307,34,18,55,077,30,24,23,085,20,29,17,161,33,6*6D
$GPGSV,2,2,05,32,44,207,27,6*57
$GPGSV,1,1,01,08,02,323,,0*5C
$GLGSV,1,1,03,69,73,292,32,82,21,133,42,83,58,102,14,1*46
$GLGSV,1,1,04,69,73,292,28,82,21,133,35,83,58,102,18,84,39,344,13,3*73
$GLGSV,1,1,02,68,37,020,,70,17,226,,0*74
$GAGSV,1,1,00,0*74
$GBGSV,2,1,05,06,28,125,30,07,11,157,30,09,24,139,35,10,20,164,14,1*79
$GBGSV,2,2,05,39,32,106,36,1*4A
$GBGSV,1,1,04,06,28,125,35,07,11,157,26,09,24,139,33,10,20,164,37,B*0D
$GQGSV,1,1,01,03,13,111,37,1*50
$GQGSV,1,1,01,03,13,111,22,6*53
$GNGLL,2454.26810,N,06708.28634,E,141210.00,A,D*7D
$GNRMC,141211.00,A,2454.26811,N,06708.28634,E,0.034,,080425,,,F,V*10
$GNVTG,,T,,M,0.034,N,0.062,K,D*3B
$GNGGA,141211.00,2454.26811,N,06708.28634,E,5,12,1.45,21.9,M,-44.2,M,1.0,0100*71
$GNGSA,A,3,18,32,10,29,24,,,,,,,,3.03,1.45,2.66,1*07
$GNGSA,A,3,69,82,,,,,,,,,,,3.03,1.45,2.66,2*05
$GNGSA,A,3,,,,,,,,,,,,,3.03,1.45,2.66,3*01
$GNGSA,A,3,10,39,06,09,07,,,,,,,,3.03,1.45,2.66,4*05
$GNGSA,A,3,03,,,,,,,,,,,,3.03,1.45,2.66,5*04
$GPGSV,2,1,05,10,47,307,37,18,55,077,24,24,23,085,31,29,17,161,31,1*6E
$GPGSV,2,2,05,32,44,207,32,1*54
$GPGSV,2,1,05,10,47,307,34,18,55,077,30,24,23,085,21,29,17,161,33,6*6C
$GPGSV,2,2,05,32,44,207,28,6*58
$GPGSV,1,1,01,08,02,323,,0*5C
$GLGSV,1,1,03,69,73,292,32,82,21,133,42,83,58,102,15,1*47
$GLGSV,1,1,04,69,73,292,28,82,21,133,35,83,58,102,18,84,39,344,13,3*73
$GLGSV,1,1,02,68,37,020,,70,17,226,,0*74
$GAGSV,1,1,00,0*74
$GBGSV,2,1,05,06,28,125,30,07,11,157,30,09,24,139,35,10,20,164,13,1*7E
$GBGSV,2,2,05,39,32,106,36,1*4A
$GBGSV,1,1,04,06,28,125,35,07,11,157,27,09,24,139,33,10,20,164,38,B*03
$GQGSV,1,1,01,03,13,111,37,1*50
$GQGSV,1,1,01,03,13,111,22,6*53
$GNGLL,2454.26811,N,06708.28634,E,141211.00,A,D*7D
$GNRMC,141212.00,A,2454.26810,N,06708.28634,E,0.024,,080425,,,F,V*13
$GNVTG,,T,,M,0.024,N,0.044,K,D*3E
$GNGGA,141212.00,2454.26810,N,06708.28634,E,5,12,1.45,21.9,M,-44.2,M,2.0,0100*70
$GNGSA,A,3,18,32,10,29,24,,,,,,,,3.03,1.45,2.66,1*07
$GNGSA,A,3,69,82,,,,,,,,,,,3.03,1.45,2.66,2*05
$GNGSA,A,3,,,,,,,,,,,,,3.03,1.45,2.66,3*01
$GNGSA,A,3,10,39,06,09,07,,,,,,,,3.03,1.45,2.66,4*05
$GNGSA,A,3,03,,,,,,,,,,,,3.03,1.45,2.66,5*04
$GPGSV,2,1,05,10,47,307,37,18,55,077,24,24,23,085,31,29,17,161,31,1*6E
$GPGSV,2,2,05,32,44,207,33,1*55
$GPGSV,2,1,05,10,47,307,34,18,55,077,30,24,23,085,21,29,17,161,33,6*6C
$GPGSV,2,2,05,32,44,207,27,6*57
$GPGSV,1,1,01,08,02,323,,0*5C
$GLGSV,1,1,03,69,73,292,32,82,21,133,42,83,58,102,14,1*46
$GLGSV,1,1,04,69,73,292,28,82,21,133,35,83,58,102,18,84,39,344,13,3*73
$GLGSV,1,1,02,68,37,020,,70,17,226,,0*74
$GAGSV,1,1,00,0*74
$GBGSV,2,1,05,06,28,125,31,07,11,157,30,09,24,139,35,10,20,164,13,1*7F
$GBGSV,2,2,05,39,32,106,36,1*4A
$GBGSV,1,1,04,06,28,125,35,07,11,157,27,09,24,139,33,10,20,164,38,B*03
$GQGSV,1,1,01,03,13,111,37,1*50
$GQGSV,1,1,01,03,13,111,21,6*50
$GNGLL,2454.26810,N,06708.28634,E,141212.00,A,D*7F
$GNRMC,141213.00,A,2454.26808,N,06708.28635,E,0.021,,080425,,,F,V*1F
$GNVTG,,T,,M,0.021,N,0.039,K,D*31
$GNGGA,141213.00,2454.26808,N,06708.28635,E,5,12,1.45,21.9,M,-44.2,M,1.0,0100*7A
$GNGSA,A,3,18,32,10,29,24,,,,,,,,3.03,1.45,2.66,1*07
$GNGSA,A,3,69,82,,,,,,,,,,,3.03,1.45,2.66,2*05
$GNGSA,A,3,,,,,,,,,,,,,3.03,1.45,2.66,3*01
$GNGSA,A,3,10,39,06,09,07,,,,,,,,3.03,1.45,2.66,4*05
$GNGSA,A,3,03,,,,,,,,,,,,3.03,1.45,2.66,5*04
$GPGSV,2,1,05,10,47,307,37,18,55,077,23,24,23,085,31,29,17,161,31,1*69
$GPGSV,2,2,05,32,44,207,33,1*55
$GPGSV,2,1,05,10,47,307,34,18,55,077,30,24,23,085,21,29,17,161,34,6*6B
$GPGSV,2,2,05,32,44,207,28,6*58
$GPGSV,1,1,01,08,02,323,,0*5C
$GLGSV,1,1,03,69,73,292,31,82,21,133,42,83,58,102,13,1*42
$GLGSV,1,1,04,69,73,292,28,82,21,133,35,83,58,102,19,84,39,344,13,3*72
$GLGSV,1,1,02,68,37,020,,70,17,226,,0*74
$GAGSV,1,1,00,0*74
$GBGSV,2,1,05,06,28,125,31,07,11,157,30,09,24,139,35,10,20,164,12,1*7E
$GBGSV,2,2,05,39,32,106,36,1*4A
$GBGSV,1,1,04,06,28,125,35,07,11,157,27,09,24,139,33,10,20,164,38,B*03
$GQGSV,1,1,01,03,13,111,37,1*50
$GQGSV,1,1,01,03,13,111,21,6*50
$GNGLL,2454.26808,N,06708.28635,E,141213.00,A,D*76
$GNRMC,141214.00,A,2454.26808,N,06708.28634,E,0.062,,080425,,,F,V*1E
$GNVTG,,T,,M,0.062,N,0.115,K,D*39
$GNGGA,141214.00,2454.26808,N,06708.28634,E,5,12,1.45,21.9,M,-44.2,M,2.0,0100*7F
$GNGSA,A,3,18,32,10,29,24,,,,,,,,3.03,1.45,2.66,1*07
$GNGSA,A,3,69,82,,,,,,,,,,,3.03,1.45,2.66,2*05
$GNGSA,A,3,,,,,,,,,,,,,3.03,1.45,2.66,3*01
$GNGSA,A,3,10,39,06,09,07,,,,,,,,3.03,1.45,2.66,4*05
$GNGSA,A,3,03,,,,,,,,,,,,3.03,1.45,2.66,5*04
$GPGSV,2,1,05,10,47,307,37,18,55,077,23,24,23,085,31,29,17,161,31,1*69
$GPGSV,2,2,05,32,44,207,33,1*55
$GPGSV,2,1,05,10,47,307,34,18,55,077,30,24,23,085,20,29,17,161,34,6*6A
$GPGSV,2,2,05,32,44,207,28,6*58
$GPGSV,1,1,02,08,02,323,,15,17,041,,0*68
$GLGSV,1,1,03,69,73,292,31,82,21,133,42,83,58,102,13,1*42
$GLGSV,1,1,04,69,73,292,28,82,21,133,35,83,58,102,19,84,39,344,14,3*75
$GLGSV,1,1,02,68,37,020,,70,17,226,,0*74
$GAGSV,1,1,00,0*74
$GBGSV,2,1,05,06,28,125,31,07,11,157,30,09,24,139,35,10,20,164,12,1*7E
$GBGSV,2,2,05,39,32,106,36,1*4A
$GBGSV,1,1,04,06,28,125,35,07,11,157,27,09,24,139,33,10,20,164,37,B*0C
$GQGSV,1,1,02,03,13,111,37,07,19,104,29,1*62
$GQGSV,1,1,02,03,13,111,22,07,19,104,34,6*6D
$GNGLL,2454.26808,N,06708.28634,E,141214.00,A,D*70
$GNRMC,141215.00,A,2454.26808,N,06708.28635,E,0.019,,080425,,,F,V*12
$GNVTG,,T,,M,0.019,N,0.034,K,D*37
$GNGGA,141215.00,2454.26808,N,06708.28635,E,5,12,1.45,21.9,M,-44.2,M,1.0,0100*7C
$GNGSA,A,3,18,32,10,29,24,,,,,,,,3.03,1.45,2.66,1*07
$GNGSA,A,3,69,82,,,,,,,,,,,3.03,1.45,2.66,2*05
$GNGSA,A,3,,,,,,,,,,,,,3.03,1.45,2.66,3*01
$GNGSA,A,3,10,39,06,09,07,,,,,,,,3.03,1.45,2.66,4*05
$GNGSA,A,3,03,,,,,,,,,,,,3.03,1.45,2.66,5*04
$GPGSV,2,1,05,10,47,307,37,18,55,077,24,24,23,085,31,29,17,161,31,1*6E
$GPGSV,2,2,05,32,44,207,33,1*55
$GPGSV,2,1,05,10,47,307,34,18,55,077,29,24,23,085,20,29,17,161,33,6*65
$GPGSV,2,2,05,32,44,207,28,6*58
$GPGSV,1,1,02,08,02,323,,15,17,041,,0*68
$GLGSV,1,1,04,69,73,292,31,70,17,226,17,82,21,133,42,83,58,102,12,1*75
$GLGSV,1,1,04,69,73,292,28,82,21,133,35,83,58,102,19,84,39,344,15,3*74
$GLGSV,1,1,01,68,37,020,,0*40
$GAGSV,1,1,00,0*74
$GBGSV,2,1,05,06,28,125,30,07,11,157,30,09,24,139,35,10,20,164,12,1*7F
$GBGSV,2,2,05,39,32,106,36,1*4A
$GBGSV,1,1,04,06,28,125,35,07,11,157,26,09,24,139,33,10,20,164,37,B*0D
$GQGSV,1,1,02,03,13,111,37,07,19,104,28,1*63
$GQGSV,1,1,02,03,13,111,21,07,19,104,34,6*6E
$GNGLL,2454.26808,N,06708.28635,E,141215.00,A,D*70
$GNRMC,141216.00,A,2454.26808,N,06708.28635,E,0.029,,080425,,,F,V*12
$GNVTG,,T,,M,0.029,N,0.054,K,D*32
$GNGGA,141216.00,2454.26808,N,06708.28635,E,5,12,1.45,21.9,M,-44.2,M,2.0,0100*7C
$GNGSA,A,3,18,32,10,29,24,,,,,,,,3.03,1.45,2.66,1*07
$GNGSA,A,3,69,82,,,,,,,,,,,3.03,1.45,2.66,2*05
$GNGSA,A,3,,,,,,,,,,,,,3.03,1.45,2.66,3*01
$GNGSA,A,3,10,39,06,09,07,,,,,,,,3.03,1.45,2.66,4*05
$GNGSA,A,3,03,,,,,,,,,,,,3.03,1.45,2.66,5*04
$GPGSV,2,1,06,10,47,307,37,15,17,041,15,18,55,077,23,24,23,085,31,1*60
$GPGSV,2,2,06,29,17,161,31,32,44,207,33,1*6F
$GPGSV,2,1,05,10,47,307,34,18,55,077,29,24,23,085,20,29,17,161,33,6*65
$GPGSV,2,2,05,32,44,207,28,6*58
$GPGSV,1,1,01,08,02,323,,0*5C
$GLGSV,1,1,04,69,73,292,31,70,17,226,18,82,21,133,42,83,58,102,12,1*7A
$GLGSV,1,1,04,69,73,292,28,82,21,133,35,83,58,102,18,84,39,344,16,3*76
$GLGSV,1,1,01,68,37,020,,0*40
$GAGSV,1,1,00,0*74
$GBGSV,2,1,05,06,28,125,30,07,11,157,30,09,24,139,35,10,20,164,11,1*7C
$GBGSV,2,2,05,39,32,106,36,1*4A
$GBGSV,1,1,04,06,28,125,35,07,11,157,26,09,24,139,33,10,20,164,37,B*0D
$GQGSV,1,1,02,03,13,111,37,07,19,104,28,1*63
$GQGSV,1,1,02,03,13,111,21,07,19,104,35,6*6F
$GNGLL,2454.26808,N,06708.28635,E,141216.00,A,D*73
$GNRMC,141217.00,A,2454.26808,N,06708.28635,E,0.045,,080425,,,F,V*19
$GNVTG,,T,,M,0.045,N,0.083,K,D*32
$GNGGA,141217.00,2454.26808,N,06708.28635,E,5,12,1.45,21.9,M,-44.2,M,1.0,0100*7E
$GNGSA,A,3,18,32,10,29,24,,,,,,,,3.03,1.45,2.66,1*07
$GNGSA,A,3,69,82,,,,,,,,,,,3.03,1.45,2.66,2*05
$GNGSA,A,3,,,,,,,,,,,,,3.03,1.45,2.66,3*01
$GNGSA,A,3,10,39,06,09,07,,,,,,,,3.03,1.45,2.66,4*05
$GNGSA,A,3,03,,,,,,,,,,,,3.03,1.45,2.66,5*04
$GPGSV,2,1,06,10,47,307,37,15,17,041,15,18,55,077,23,24,23,085,30,1*61
$GPGSV,2,2,06,29,17,161,31,32,44,207,33,1*6F
$GPGSV,2,1,05,10,47,307,34,18,55,077,29,24,23,085,19,29,17,161,34,6*68
$GPGSV,2,2,05,32,44,207,28,6*58
$GPGSV,1,1,01,08,02,323,,0*5C
$GLGSV,1,1,04,69,73,292,31,70,17,226,18,82,21,133,42,83,58,102,10,1*78
$GLGSV,1,1,04,69,73,292,27,82,21,133,35,83,58,102,19,84,39,344,15,3*7B
$GLGSV,1,1,01,68,37,020,,0*40
$GAGSV,1,1,00,0*74
$GBGSV,2,1,05,06,28,125,30,07,11,157,30,09,24,139,35,10,20,164,09,1*75
$GBGSV,2,2,05,39,32,106,36,1*4A
$GBGSV,1,1,04,06,28,125,35,07,11,157,25,09,24,139,34,10,20,164,37,B*09
$GQGSV,1,1,02,03,13,111,37,07,19,104,28,1*63
$GQGSV,1,1,02,03,13,111,21,07,19,104,35,6*6F
$GNGLL,2454.26808,N,06708.28635,E,141217.00,A,D*72
$GNRMC,141218.00,A,2454.26809,N,06708.28636,E,0.047,,080425,,,F,V*16
$GNVTG,,T,,M,0.047,N,0.087,K,D*34
$GNGGA,141218.00,2454.26809,N,06708.28636,E,5,12,1.45,21.9,M,-44.2,M,2.0,0100*70
$GNGSA,A,3,18,32,10,29,24,,,,,,,,3.02,1.45,2.66,1*06
$GNGSA,A,3,69,82,,,,,,,,,,,3.02,1.45,2.66,2*04
$GNGSA,A,3,,,,,,,,,,,,,3.02,1.45,2.66,3*00
$GNGSA,A,3,10,39,06,09,07,,,,,,,,3.02,1.45,2.66,4*04
$GNGSA,A,3,03,,,,,,,,,,,,3.02,1.45,2.66,5*05
$GPGSV,2,1,06,10,47,307,37,15,17,041,16,18,55,077,22,24,23,085,31,1*62
$GPGSV,2,2,06,29,17,161,30,32,44,207,33,1*6E
$GPGSV,2,1,05,10,47,307,34,18,55,077,29,24,23,085,19,29,17,161,34,6*68
$GPGSV,2,2,05,32,44,207,28,6*58
$GPGSV,1,1,01,08,02,323,,0*5C
$GLGSV,1,1,04,69,73,292,31,70,17,226,18,82,21,133,42,83,58,102,11,1*79
$GLGSV,1,1,04,69,73,292,27,82,21,133,35,83,58,102,20,84,39,344,15,3*71
$GLGSV,1,1,01,68,37,020,,0*40
$GAGSV,1,1,00,0*74
$GBGSV,2,1,05,06,28,125,30,07,11,157,30,09,24,139,35,10,20,164,10,1*7D
$GBGSV,2,2,05,39,32,106,36,1*4A
$GBGSV,1,1,04,06,28,125,35,07,11,157,24,09,24,139,34,10,20,164,37,B*08
$GQGSV,1,1,02,03,13,111,37,07,19,104,29,1*62
$GQGSV,1,1,02,03,13,111,22,07,19,104,35,6*6C
$GNGLL,2454.26809,N,06708.28636,E,141218.00,A,D*7F
$GNRMC,141219.00,A,2454.26808,N,06708.28638,E,0.017,,080425,,,F,V*1D
$GNVTG,,T,,M,0.017,N,0.032,K,D*3F
$GNGGA,141219.00,2454.26808,N,06708.28638,E,5,12,1.45,21.9,M,-44.2,M,1.0,0100*7D
$GNGSA,A,3,18,32,10,29,24,,,,,,,,3.02,1.45,2.66,1*06
$GNGSA,A,3,69,82,,,,,,,,,,,3.02,1.45,2.66,2*04
$GNGSA,A,3,,,,,,,,,,,,,3.02,1.45,2.66,3*00
$GNGSA,A,3,10,39,06,09,07,,,,,,,,3.02,1.45,2.66,4*04
$GNGSA,A,3,03,,,,,,,,,,,,3.02,1.45,2.66,5*05
$GPGSV,2,1,06,10,47,307,37,15,17,041,16,18,55,077,21,24,23,085,31,1*61
$GPGSV,2,2,06,29,17,161,30,32,44,207,33,1*6E
$GPGSV,2,1,05,10,47,307,34,18,55,077,28,24,23,085,18,29,17,161,34,6*68
$GPGSV,2,2,05,32,44,207,28,6*58
$GPGSV,1,1,01,08,02,323,,0*5C
$GLGSV,1,1,04,69,73,292,31,70,17,226,18,82,21,133,42,83,58,102,12,1*7A
$GLGSV,1,1,04,69,73,292,27,82,21,133,35,83,58,102,20,84,39,344,16,3*72
$GLGSV,1,1,01,68,37,020,,0*40
$GAGSV,1,1,00,0*74
$GBGSV,2,1,05,06,28,125,30,07,11,157,30,09,24,139,35,10,20,164,08,1*74
$GBGSV,2,2,05,39,32,106,36,1*4A
$GBGSV,1,1,04,06,28,125,35,07,11,157,24,09,24,139,34,10,20,164,37,B*08
$GQGSV,1,1,02,03,13,111,37,07,19,104,29,1*62
$GQGSV,1,1,02,03,13,111,21,07,19,104,35,6*6F
$GNGLL,2454.26808,N,06708.28638,E,141219.00,A,D*71
$GNRMC,141220.00,A,2454.26806,N,06708.28638,E,0.069,,080425,,,F,V*10
$GNVTG,,T,,M,0.069,N,0.128,K,D*3C
$GNGGA,141220.00,2454.26806,N,06708.28638,E,5,12,1.45,22.0,M,-44.2,M,2.0,0100*70
$GNGSA,A,3,18,32,10,29,24,,,,,,,,3.02,1.45,2.66,1*06
$GNGSA,A,3,69,82,,,,,,,,,,,3.02,1.45,2.66,2*04
$GNGSA,A,3,,,,,,,,,,,,,3.02,1.45,2.66,3*00
$GNGSA,A,3,10,39,06,09,07,,,,,,,,3.02,1.45,2.66,4*04
$GNGSA,A,3,03,,,,,,,,,,,,3.02,1.45,2.66,5*05
$GPGSV,2,1,06,10,47,307,37,15,17,041,16,18,55,077,21,24,23,085,30,1*60
$GPGSV,2,2,06,29,17,161,30,32,44,207,33,1*6E
$GPGSV,2,1,05,10,47,307,34,18,55,077,28,24,23,085,18,29,17,161,34,6*68
$GPGSV,2,2,05,32,44,207,28,6*58
$GPGSV,1,1,01,08,02,323,,0*5C
$GLGSV,1,1,04,69,73,292,31,70,17,226,18,82,21,133,42,83,58,102,11,1*79
$GLGSV,1,1,04,69,73,292,27,82,21,133,35,83,58,102,21,84,39,344,15,3*70
$GLGSV,1,1,01,68,37,020,,0*40
$GAGSV,1,1,00,0*74
$GBGSV,2,1,05,06,28,125,31,07,11,157,29,09,24,139,35,10,20,164,10,1*74
$GBGSV,2,2,05,39,32,106,37,1*4B
$GBGSV,1,1,04,06,28,125,35,07,11,157,23,09,24,139,34,10,20,164,37,B*0F
$GQGSV,1,1,02,03,13,111,37,07,19,104,29,1*62
$GQGSV,1,1,02,03,13,111,20,07,19,104,35,6*6E
$GNGLL,2454.26806,N,06708.28638,E,141220.00,A,D*75
$GNRMC,141221.00,A,2454.26805,N,06708.28639,E,0.060,,080425,,,F,V*1A
$GNVTG,,T,,M,0.060,N,0.111,K,D*3F
$GNGGA,141221.00,2454.26805,N,06708.28639,E,5,12,1.45,22.0,M,-44.2,M,1.0,0100*70
$GNGSA,A,3,18,32,10,29,24,,,,,,,,3.02,1.45,2.66,1*06
$GNGSA,A,3,69,82,,,,,,,,,,,3.02,1.45,2.66,2*04
$GNGSA,A,3,,,,,,,,,,,,,3.02,1.45,2.66,3*00
$GNGSA,A,3,10,39,06,09,07,,,,,,,,3.02,1.45,2.66,4*04
$GNGSA,A,3,03,,,,,,,,,,,,3.02,1.45,2.66,5*05
$GPGSV,2,1,06,10,47,307,37,15,17,041,16,18,55,077,21,24,23,085,31,1*61
$GPGSV,2,2,06,29,17,161,30,32,44,207,33,1*6E
$GPGSV,2,1,05,10,47,307,34,18,55,077,29,24,23,085,19,29,17,161,34,6*68
$GPGSV,2,2,05,32,44,207,28,6*58
$GPGSV,1,1,01,08,02,323,,0*5C
$GLGSV,1,1,04,69,73,292,32,70,17,226,18,82,21,133,42,83,58,102,10,1*7B
$GLGSV,2,1,05,69,73,292,28,82,21,133,35,83,58,102,21,84,39,344,16,3*7E
$GLGSV,2,2,05,,,,36,3*7A
$GLGSV,1,1,01,68,37,020,,0*40
$GAGSV,1,1,00,0*74
$GBGSV,2,1,05,06,28,125,31,07,11,157,30,09,24,139,35,10,20,164,13,1*7F
$GBGSV,2,2,05,39,32,105,36,1*49
$GBGSV,1,1,04,06,28,125,35,07,11,157,22,09,24,139,34,10,20,164,37,B*0E
$GQGSV,1,1,02,03,13,111,37,07,19,104,29,1*62
$GQGSV,1,1,02,03,13,111,20,07,19,104,35,6*6E
$GNGLL,2454.26805,N,06708.28639,E,141221.00,A,D*76
$GNRMC,141222.00,A,2454.26803,N,06708.28641,E,0.062,,080425,,,F,V*12
$GNVTG,,T,,M,0.062,N,0.115,K,D*39
$GNGGA,141222.00,2454.26803,N,06708.28641,E,5,12,1.45,22.0,M,-44.2,M,2.0,0100*79
$GNGSA,A,3,18,32,10,29,24,,,,,,,,3.02,1.45,2.66,1*06
$GNGSA,A,3,69,82,,,,,,,,,,,3.02,1.45,2.66,2*04
$GNGSA,A,3,,,,,,,,,,,,,3.02,1.45,2.66,3*00
$GNGSA,A,3,10,39,06,09,07,,,,,,,,3.02,1.45,2.66,4*04
$GNGSA,A,3,03,,,,,,,,,,,,3.02,1.45,2.66,5*05
$GPGSV,2,1,06,10,47,307,37,15,17,041,16,18,55,077,20,24,23,085,31,1*60
$GPGSV,2,2,06,29,17,161,30,32,44,207,33,1*6E
$GPGSV,2,1,05,10,47,307,34,18,55,077,29,24,23,085,19,29,17,161,34,6*68
$GPGSV,2,2,05,32,44,207,27,6*57
$GPGSV,1,1,01,08,02,323,,0*5C
$GLGSV,1,1,03,69,73,292,32,70,17,226,18,82,21,133,42,1*48
$GLGSV,2,1,05,69,73,292,28,82,21,133,35,83,58,102,22,84,39,344,17,3*7C
$GLGSV,2,2,05,,,,36,3*7A
$GLGSV,1,1,01,68,37,020,,0*40
$GAGSV,1,1,00,0*74
$GBGSV,2,1,05,06,28,125,31,07,11,157,29,09,24,139,35,10,20,164,14,1*70
$GBGSV,2,2,05,39,32,105,36,1*49
$GBGSV,1,1,04,06,28,125,35,07,11,157,22,09,24,139,34,10,20,164,37,B*0E
$GQGSV,1,1,02,03,13,111,37,07,19,104,29,1*62
$GQGSV,1,1,02,03,13,111,19,07,19,104,35,6*64
$GNGLL,2454.26803,N,06708.28641,E,141222.00,A,D*7C
$GNRMC,141223.00,A,2454.26801,N,06708.28642,E,0.046,,080425,,,F,V*14
$GNVTG,,T,,M,0.046,N,0.085,K,D*37
$GNGGA,141223.00,2454.26801,N,06708.28642,E,5,12,1.45,22.1,M,-44.2,M,1.0,0100*7B
$GNGSA,A,3,18,32,10,29,24,,,,,,,,3.02,1.45,2.66,1*06
$GNGSA,A,3,69,82,,,,,,,,,,,3.02,1.45,2.66,2*04
$GNGSA,A,3,,,,,,,,,,,,,3.02,1.45,2.66,3*00
$GNGSA,A,3,10,39,06,09,07,,,,,,,,3.02,1.45,2.66,4*04
$GNGSA,A,3,03,,,,,,,,,,,,3.02,1.45,2.66,5*05
$GPGSV,2,1,06,10,47,307,37,15,17,041,16,18,55,077,19,24,23,085,31,1*6A
$GPGSV,2,2,06,29,17,161,30,32,44,207,33,1*6E
$GPGSV,2,1,05,10,47,307,34,18,55,077,29,24,23,085,18,29,17,161,34,6*69
$GPGSV,2,2,05,32,44,207,28,6*58
$GPGSV,1,1,01,08,02,323,,0*5C
$GLGSV,1,1,03,69,73,292,32,70,17,226,18,82,21,133,42,1*48
$GLGSV,2,1,05,69,73,292,28,82,21,133,35,83,58,102,22,84,39,344,16,3*7D
$GLGSV,2,2,05,,,,36,3*7A
$GLGSV,1,1,01,68,37,020,,0*40
$GAGSV,1,1,00,0*74
$GBGSV,2,1,05,06,28,125,31,07,11,157,29,09,24,139,35,10,20,164,14,1*70
$GBGSV,2,2,05,39,32,105,36,1*49
$GBGSV,1,1,04,06,28,125,35,07,11,157,23,09,24,139,34,10,20,164,37,B*0F
$GQGSV,1,1,02,03,13,111,37,07,19,104,29,1*62
$GQGSV,1,1,02,03,13,111,19,07,19,104,35,6*64
$GNGLL,2454.26801,N,06708.28642,E,141223.00,A,D*7C
$GNRMC,141224.00,A,2454.26799,N,06708.28644,E,0.024,,080425,,,F,V*1F
$GNVTG,,T,,M,0.024,N,0.044,K,D*3E
$GNGGA,141224.00,2454.26799,N,06708.28644,E,5,12,1.45,22.2,M,-44.2,M,2.0,0100*74
$GNGSA,A,3,18,32,10,29,24,,,,,,,,3.02,1.45,2.65,1*05
$GNGSA,A,3,69,82,,,,,,,,,,,3.02,1.45,2.65,2*07
$GNGSA,A,3,,,,,,,,,,,,,3.02,1.45,2.65,3*03
$GNGSA,A,3,10,39,06,09,07,,,,,,,,3.02,1.45,2.65,4*07
$GNGSA,A,3,03,,,,,,,,,,,,3.02,1.45,2.65,5*06
$GPGSV,2,1,06,10,47,307,37,15,17,041,16,18,55,077,19,24,23,085,31,1*6A
$GPGSV,2,2,06,29,17,161,30,32,44,207,33,1*6E
$GPGSV,2,1,05,10,47,307,34,18,55,077,28,24,23,085,18,29,17,161,34,6*68
$GPGSV,2,2,05,32,44,207,28,6*58
$GPGSV,1,1,01,08,02,323,,0*5C
$GLGSV,1,1,03,69,73,292,32,70,17,226,18,82,21,133,42,1*48
$GLGSV,2,1,05,69,73,292,28,82,21,133,35,83,58,102,21,84,39,344,16,3*7E
$GLGSV,2,2,05,,,,36,3*7A
$GLGSV,1,1,01,68,37,020,,0*40
$GAGSV,1,1,00,0*74
$GBGSV,2,1,05,06,28,125,31,07,11,157,29,09,24,139,35,10,20,164,14,1*70
$GBGSV,2,2,05,39,32,105,36,1*49
$GBGSV,1,1,04,06,28,125,35,07,11,157,23,09,24,139,34,10,20,164,37,B*0F
$GQGSV,1,1,02,03,13,111,37,07,19,104,29,1*62
$GQGSV,1,1,02,03,13,111,18,07,19,104,35,6*65
$GNGLL,2454.26799,N,06708.28644,E,141224.00,A,D*73
$GNRMC,141225.00,A,2454.26798,N,06708.28645,E,0.018,,080425,,,F,V*11
$GNVTG,,T,,M,0.018,N,0.033,K,D*31
$GNGGA,141225.00,2454.26798,N,06708.28645,E,5,12,1.45,22.2,M,-44.2,M,1.0,0100*76
$GNGSA,A,3,18,32,10,29,24,,,,,,,,3.02,1.45,2.65,1*05
$GNGSA,A,3,69,82,,,,,,,,,,,3.02,1.45,2.65,2*07
$GNGSA,A,3,,,,,,,,,,,,,3.02,1.45,2.65,3*03
$GNGSA,A,3,10,39,06,09,07,,,,,,,,3.02,1.45,2.65,4*07
$GNGSA,A,3,03,,,,,,,,,,,,3.02,1.45,2.65,5*06
$GPGSV,2,1,06,10,47,307,37,15,17,041,16,18,55,077,18,24,23,085,31,1*6B
$GPGSV,2,2,06,29,17,161,30,32,44,207,33,1*6E
$GPGSV,2,1,05,10,47,307,34,18,55,077,28,24,23,085,17,29,17,161,34,6*67
$GPGSV,2,2,05,32,44,207,28,6*58
$GPGSV,1,1,01,08,02,323,,0*5C
$GLGSV,1,1,03,69,73,292,32,70,17,226,18,82,21,133,42,1*48
$GLGSV,2,1,05,69,73,292,27,82,21,133,35,83,58,102,22,84,39,344,17,3*73
$GLGSV,2,2,05,,,,37,3*7B
$GLGSV,1,1,01,68,37,020,,0*40
$GAGSV,1,1,00,0*74
$GBGSV,2,1,05,06,28,125,31,07,11,157,30,09,24,139,35,10,20,164,14,1*78
$GBGSV,2,2,05,39,32,105,36,1*49
$GBGSV,1,1,04,06,28,125,35,07,11,157,23,09,24,139,33,10,20,164,37,B*08
$GQGSV,1,1,02,03,13,111,37,07,19,104,29,1*62
$GQGSV,1,1,02,03,13,111,19,07,19,104,35,6*64
$GNGLL,2454.26798,N,06708.28645,E,141225.00,A,D*72
$GNRMC,141226.00,A,2454.26797,N,06708.28646,E,0.046,,080425,,,F,V*15
$GNVTG,,T,,M,0.046,N,0.085,K,D*37
$GNGGA,141226.00,2454.26797,N,06708.28646,E,5,12,1.45,22.3,M,-44.2,M,2.0,0100*7B
$GNGSA,A,3,18,32,10,29,24,,,,,,,,3.02,1.45,2.65,1*05
$GNGSA,A,3,69,82,,,,,,,,,,,3.02,1.45,2.65,2*07
$GNGSA,A,3,,,,,,,,,,,,,3.02,1.45,2.65,3*03
$GNGSA,A,3,10,39,06,09,07,,,,,,,,3.02,1.45,2.65,4*07
$GNGSA,A,3,03,,,,,,,,,,,,3.02,1.45,2.65,5*06
$GPGSV,2,1,06,10,47,307,37,15,17,041,15,18,55,077,17,24,23,085,31,1*67
$GPGSV,2,2,06,29,17,161,31,32,44,207,33,1*6F
$GPGSV,2,1,05,10,47,307,34,18,55,077,28,24,23,085,17,29,17,161,34,6*67
$GPGSV,2,2,05,32,44,207,28,6*58
$GPGSV,1,1,01,08,02,323,,0*5C
$GLGSV,1,1,03,69,73,292,32,70,17,226,18,82,21,133,42,1*48
$GLGSV,2,1,05,69,73,292,28,82,21,133,36,83,58,102,22,84,39,344,17,3*7F
$GLGSV,2,2,05,,,,37,3*7B
$GLGSV,1,1,01,68,37,020,,0*40
$GAGSV,1,1,00,0*74
$GBGSV,2,1,05,06,28,125,31,07,11,157,30,09,24,139,35,10,20,164,14,1*78
$GBGSV,2,2,05,39,32,105,36,1*49
$GBGSV,1,1,04,06,28,125,35,07,11,157,24,09,24,139,33,10,20,164,37,B*0F
$GQGSV,1,1,02,03,13,111,37,07,19,104,29,1*62
$GQGSV,1,1,02,03,13,111,20,07,19,104,35,6*6E
$GNGLL,2454.26797,N,06708.28646,E,141226.00,A,D*7D
$GNRMC,141227.00,A,2454.26796,N,06708.28646,E,0.035,,080425,,,F,V*11
$GNVTG,,T,,M,0.035,N,0.065,K,D*3D
$GNGGA,141227.00,2454.26796,N,06708.28646,E,5,12,1.45,22.3,M,-44.2,M,1.0,0100*78
$GNGSA,A,3,18,32,10,29,24,,,,,,,,3.02,1.45,2.65,1*05
$GNGSA,A,3,69,82,,,,,,,,,,,3.02,1.45,2.65,2*07
$GNGSA,A,3,,,,,,,,,,,,,3.02,1.45,2.65,3*03
$GNGSA,A,3,10,39,06,09,07,,,,,,,,3.02,1.45,2.65,4*07
$GNGSA,A,3,03,,,,,,,,,,,,3.02,1.45,2.65,5*06
$GPGSV,2,1,06,10,47,307,37,15,17,041,16,18,55,077,18,24,23,085,31,1*6B
$GPGSV,2,2,06,29,17,161,30,32,44,207,33,1*6E
$GPGSV,2,1,05,10,47,307,34,18,55,077,28,24,23,085,19,29,17,161,34,6*69
$GPGSV,2,2,05,32,44,207,28,6*58
$GPGSV,1,1,01,08,02,323,,0*5C
$GLGSV,1,1,03,69,73,292,32,70,17,226,19,82,21,133,42,1*49
$GLGSV,2,1,05,69,73,292,28,82,21,133,36,83,58,102,22,84,39,344,18,3*70
$GLGSV,2,2,05,,,,37,3*7B
$GLGSV,1,1,01,68,37,020,,0*40
$GAGSV,1,1,00,0*74
$GBGSV,2,1,05,06,28,125,31,07,11,157,30,09,24,139,35,10,20,164,14,1*78
$GBGSV,2,2,05,39,32,105,36,1*49
$GBGSV,1,1,04,06,28,125,35,07,11,157,23,09,24,139,33,10,20,164,37,B*08
$GQGSV,1,1,02,03,13,111,37,07,19,104,29,1*62
$GQGSV,1,1,02,03,13,111,20,07,19,104,35,6*6E
$GNGLL,2454.26796,N,06708.28646,E,141227.00,A,D*7D
$GNRMC,141228.00,A,2454.26796,N,06708.28646,E,0.055,,080425,,,F,V*18
$GNVTG,,T,,M,0.055,N,0.101,K,D*38
$GNGGA,141228.00,2454.26796,N,06708.28646,E,5,12,1.45,22.3,M,-44.2,M,2.0,0100*74
$GNGSA,A,3,18,32,10,29,24,,,,,,,,3.02,1.45,2.65,1*05
$GNGSA,A,3,69,82,,,,,,,,,,,3.02,1.45,2.65,2*07
$GNGSA,A,3,,,,,,,,,,,,,3.02,1.45,2.65,3*03
$GNGSA,A,3,10,39,06,09,07,,,,,,,,3.02,1.45,2.65,4*07
$GNGSA,A,3,03,,,,,,,,,,,,3.02,1.45,2.65,5*06
$GPGSV,2,1,06,10,47,307,37,15,17,041,16,18,55,077,18,24,23,085,31,1*6B
$GPGSV,2,2,06,29,17,161,30,32,44,207,33,1*6E
$GPGSV,2,1,05,10,47,307,34,18,55,077,28,24,23,085,19,29,17,161,34,6*69
$GPGSV,2,2,05,32,44,207,28,6*58
$GPGSV,1,1,01,08,02,323,,0*5C
$GLGSV,1,1,03,69,73,292,32,70,17,226,19,82,21,133,42,1*49
$GLGSV,2,1,05,69,73,292,28,82,21,133,35,83,58,102,22,84,39,344,18,3*73
$GLGSV,2,2,05,,,,37,3*7B
$GLGSV,1,1,01,68,37,020,,0*40
$GAGSV,1,1,00,0*74
$GBGSV,2,1,05,06,28,125,31,07,11,157,29,09,24,139,35,10,20,164,15,1*71
$GBGSV,2,2,05,39,32,105,36,1*49
$GBGSV,1,1,04,06,28,125,35,07,11,157,24,09,24,139,33,10,20,164,37,B*0F
$GQGSV,1,1,02,03,13,111,37,07,19,104,29,1*62
$GQGSV,1,1,02,03,13,111,19,07,19,104,36,6*67
$GNGLL,2454.26796,N,06708.28646,E,141228.00,A,D*72
$GNRMC,141229.00,A,2454.26797,N,06708.28646,E,0.035,,080425,,,F,V*1E
$GNVTG,,T,,M,0.035,N,0.065,K,D*3D
$GNGGA,141229.00,2454.26797,N,06708.28646,E,5,12,1.45,22.3,M,-44.2,M,1.0,0100*77
$GNGSA,A,3,18,32,10,29,24,,,,,,,,3.02,1.45,2.65,1*05
$GNGSA,A,3,69,82,,,,,,,,,,,3.02,1.45,2.65,2*07
$GNGSA,A,3,,,,,,,,,,,,,3.02,1.45,2.65,3*03
$GNGSA,A,3,10,39,06,09,07,,,,,,,,3.02,1.45,2.65,4*07
$GNGSA,A,3,03,,,,,,,,,,,,3.02,1.45,2.65,5*06
$GPGSV,2,1,06,10,47,307,37,15,17,041,17,18,55,077,18,24,23,085,31,1*6A
$GPGSV,2,2,06,29,17,161,30,32,44,207,33,1*6E
$GPGSV,2,1,05,10,47,307,34,18,55,077,29,24,23,085,19,29,17,161,34,6*68
$GPGSV,2,2,05,32,44,207,28,6*58
$GPGSV,1,1,01,08,02,323,,0*5C
$GLGSV,1,1,03,69,73,292,32,70,17,226,19,82,21,133,42,1*49
$GLGSV,2,1,05,69,73,292,28,82,21,133,35,83,58,102,22,84,39,344,19,3*72
$GLGSV,2,2,05,,,,37,3*7B
$GLGSV,1,1,01,68,37,020,,0*40
$GAGSV,1,1,00,0*74
$GBGSV,2,1,05,06,28,125,31,07,11,157,30,09,24,139,35,10,20,164,13,1*7F
$GBGSV,2,2,05,39,32,105,37,1*48
$GBGSV,1,1,04,06,28,125,35,07,11,157,25,09,24,139,33,10,20,164,37,B*0E
$GQGSV,1,1,02,03,13,111,37,07,19,104,29,1*62
$GQGSV,1,1,02,03,13,111,19,07,19,104,36,6*67
$GNGLL,2454.26797,N,06708.28646,E,141229.00,A,D*72
$GNRMC,141230.00,A,2454.26796,N,06708.28647,E,0.009,,080425,,,F,V*19
$GNVTG,,T,,M,0.009,N,0.016,K,D*36
$GNGGA,141230.00,2454.26796,N,06708.28647,E,5,12,1.45,22.3,M,-44.2,M,2.0,0100*7C
$GNGSA,A,3,18,32,10,29,24,,,,,,,,3.02,1.45,2.65,1*05
$GNGSA,A,3,69,82,,,,,,,,,,,3.02,1.45,2.65,2*07
$GNGSA,A,3,,,,,,,,,,,,,3.02,1.45,2.65,3*03
$GNGSA,A,3,10,39,06,09,07,,,,,,,,3.02,1.45,2.65,4*07
$GNGSA,A,3,03,,,,,,,,,,,,3.02,1.45,2.65,5*06
$GPGSV,2,1,06,10,47,307,37,15,17,041,17,18,55,077,19,24,23,085,31,1*6B
$GPGSV,2,2,06,29,17,161,30,32,44,207,33,1*6E
$GPGSV,2,1,05,10,47,307,34,18,55,077,28,24,23,085,19,29,17,161,34,6*69
$GPGSV,2,2,05,32,44,207,28,6*58
$GPGSV,1,1,01,08,02,323,,0*5C
$GLGSV,1,1,03,69,73,294,31,70,17,226,20,82,21,133,42,1*46
$GLGSV,2,1,05,69,73,294,28,82,21,133,35,83,58,102,22,84,39,344,19,3*74
$GLGSV,2,2,05,,,,37,3*7B
$GLGSV,1,1,01,68,37,020,,0*40
$GAGSV,1,1,00,0*74
$GBGSV,2,1,05,06,28,125,31,07,11,157,30,09,24,139,35,10,20,164,13,1*7F
$GBGSV,2,2,05,39,32,105,37,1*48
$GBGSV,1,1,04,06,28,125,35,07,11,157,25,09,24,139,33,10,20,164,37,B*0E
$GQGSV,1,1,02,03,13,111,37,07,19,104,29,1*62
$GQGSV,1,1,02,03,13,111,20,07,19,104,35,6*6E
$GNGLL,2454.26796,N,06708.28647,E,141230.00,A,D*7A
$GNRMC,141231.00,A,2454.26794,N,06708.28647,E,0.019,,080425,,,F,V*1B
$GNVTG,,T,,M,0.019,N,0.035,K,D*36
$GNGGA,141231.00,2454.26794,N,06708.28647,E,5,12,1.45,22.3,M,-44.2,M,1.0,0100*7C
$GNGSA,A,3,18,32,10,29,24,,,,,,,,3.02,1.45,2.65,1*05
$GNGSA,A,3,69,82,,,,,,,,,,,3.02,1.45,2.65,2*07
$GNGSA,A,3,,,,,,,,,,,,,3.02,1.45,2.65,3*03
$GNGSA,A,3,10,39,06,09,07,,,,,,,,3.02,1.45,2.65,4*07
$GNGSA,A,3,03,,,,,,,,,,,,3.02,1.45,2.65,5*06
$GPGSV,2,1,06,10,47,307,37,15,17,041,15,18,55,077,19,24,23,085,31,1*69
$GPGSV,2,2,06,29,17,161,30,32,44,207,33,1*6E
$GPGSV,2,1,05,10,47,307,34,18,55,077,28,24,23,085,19,29,17,161,34,6*69
$GPGSV,2,2,05,32,44,207,27,6*57
$GPGSV,1,1,01,08,02,323,,0*5C
$GLGSV,1,1,03,69,73,294,32,70,17,226,21,82,21,133,42,1*44
$GLGSV,2,1,05,69,73,294,29,82,21,133,35,83,58,102,23,84,39,344,20,3*7E
$GLGSV,2,2,05,,,,37,3*7B
$GLGSV,1,1,01,68,37,020,,0*40
$GAGSV,1,1,00,0*74
$GBGSV,2,1,05,06,28,125,31,07,11,157,30,09,24,139,35,10,20,164,15,1*79
$GBGSV,2,2,05,39,32,105,36,1*49
$GBGSV,1,1,04,06,28,125,35,07,11,157,25,09,24,139,33,10,20,164,37,B*0E
$GQGSV,1,1,02,03,13,111,37,07,19,104,29,1*62
$GQGSV,1,1,02,03,13,111,20,07,19,104,35,6*6E
$GNGLL,2454.26794,N,06708.28647,E,141231.00,A,D*79
$GNRMC,141232.00,A,2454.26793,N,06708.28647,E,0.038,,080425,,,F,V*1C
$GNVTG,,T,,M,0.038,N,0.071,K,D*35
$GNGGA,141232.00,2454.26793,N,06708.28647,E,5,12,1.45,22.3,M,-44.2,M,2.0,0100*7B
$GNGSA,A,3,18,32,10,29,24,,,,,,,,3.02,1.45,2.65,1*05
$GNGSA,A,3,69,82,,,,,,,,,,,3.02,1.45,2.65,2*07
$GNGSA,A,3,,,,,,,,,,,,,3.02,1.45,2.65,3*03
$GNGSA,A,3,10,39,06,09,07,,,,,,,,3.02,1.45,2.65,4*07
$GNGSA,A,3,03,,,,,,,,,,,,3.02,1.45,2.65,5*06
$GPGSV,2,1,06,10,47,307,37,15,17,041,16,18,55,077,17,24,23,085,32,1*67
$GPGSV,2,2,06,29,17,161,29,32,44,207,33,1*66
$GPGSV,2,1,05,10,47,307,34,18,55,077,28,24,23,085,20,29,17,161,34,6*63
$GPGSV,2,2,05,32,44,207,28,6*58
$GPGSV,1,1,01,08,02,323,,0*5C
$GLGSV,1,1,03,69,73,294,32,70,17,226,20,82,21,133,42,1*45
$GLGSV,2,1,05,69,73,294,28,82,21,133,36,83,58,102,22,84,39,344,19,3*77
$GLGSV,2,2,05,,,,37,3*7B
$GLGSV,1,1,01,68,37,020,,0*40
$GAGSV,1,1,00,0*74
$GBGSV,2,1,05,06,28,125,31,07,11,157,30,09,24,139,35,10,20,164,16,1*7A
$GBGSV,2,2,05,39,32,105,36,1*49
$GBGSV,1,1,04,06,28,125,35,07,11,157,25,09,24,139,34,10,20,164,37,B*09
$GQGSV,1,1,02,03,13,111,37,07,19,104,29,1*62
$GQGSV,1,1,02,03,13,111,20,07,19,104,35,6*6E
$GNGLL,2454.26793,N,06708.28647,E,141232.00,A,D*7D
$GNRMC,141233.00,A,2454.26793,N,06708.28647,E,0.020,,080425,,,F,V*14
$GNVTG,,T,,M,0.020,N,0.037,K,D*3E
$GNGGA,141233.00,2454.26793,N,06708.28647,E,5,12,1.45,22.3,M,-44.2,M,1.0,0100*79
$GNGSA,A,3,18,32,10,29,24,,,,,,,,3.02,1.45,2.65,1*05
$GNGSA,A,3,69,82,,,,,,,,,,,3.02,1.45,2.65,2*07
$GNGSA,A,3,,,,,,,,,,,,,3.02,1.45,2.65,3*03
$GNGSA,A,3,10,39,06,09,07,,,,,,,,3.02,1.45,2.65,4*07
$GNGSA,A,3,03,,,,,,,,,,,,3.02,1.45,2.65,5*06
$GPGSV,2,1,06,10,47,307,37,15,17,041,16,18,55,077,17,24,23,085,32,1*67
$GPGSV,2,2,06,29,17,161,29,32,44,207,34,1*61
$GPGSV,2,1,05,10,47,307,34,18,55,077,28,24,23,085,20,29,17,161,34,6*63
$GPGSV,2,2,05,32,44,207,28,6*58
$GPGSV,1,1,01,08,02,323,,0*5C
$GLGSV,1,1,03,69,73,294,32,70,17,226,20,82,21,133,42,1*45
$GLGSV,2,1,05,69,73,294,28,82,21,133,36,83,58,102,21,84,39,344,19,3*74
$GLGSV,2,2,05,,,,37,3*7B
$GLGSV,1,1,01,68,37,020,,0*40
$GAGSV,1,1,00,0*74
$GBGSV,2,1,05,06,28,125,31,07,11,157,30,09,24,139,35,10,20,164,16,1*7A
$GBGSV,2,2,05,39,32,105,36,1*49
$GBGSV,1,1,04,06,28,125,35,07,11,157,25,09,24,139,34,10,20,164,37,B*09
$GQGSV,1,1,02,03,13,111,37,07,19,104,29,1*62
$GQGSV,1,1,02,03,13,111,20,07,19,104,35,6*6E
$GNGLL,2454.26793,N,06708.28647,E,141233.00,A,D*7C
$GNRMC,141234.00,A,2454.26791,N,06708.28648,E,0.032,,080425,,,F,V*1D
$GNVTG,,T,,M,0.032,N,0.058,K,D*34
$GNGGA,141234.00,2454.26791,N,06708.28648,E,5,12,1.45,22.4,M,-44.2,M,2.0,0100*77
$GNGSA,A,3,18,32,10,29,24,,,,,,,,3.02,1.45,2.65,1*05
$GNGSA,A,3,69,82,,,,,,,,,,,3.02,1.45,2.65,2*07
$GNGSA,A,3,,,,,,,,,,,,,3.02,1.45,2.65,3*03
$GNGSA,A,3,10,39,06,09,07,,,,,,,,3.02,1.45,2.65,4*07
$GNGSA,A,3,03,,,,,,,,,,,,3.02,1.45,2.65,5*06
$GPGSV,2,1,06,10,47,307,37,15,17,041,16,18,55,077,16,24,23,085,32,1*66
$GPGSV,2,2,06,29,17,161,29,32,44,207,33,1*66
$GPGSV,2,1,05,10,47,307,34,18,55,077,28,24,23,085,20,29,17,161,34,6*63
$GPGSV,2,2,05,32,44,207,28,6*58
$GPGSV,1,1,01,08,02,323,,0*5C
$GLGSV,1,1,03,69,73,294,32,70,17,226,20,82,21,133,42,1*45
$GLGSV,2,1,05,69,73,294,27,82,21,133,36,83,58,102,21,84,39,344,19,3*7B
$GLGSV,2,2,05,,,,37,3*7B
$GLGSV,1,1,01,68,37,020,,0*40
$GAGSV,1,1,00,0*74
$GBGSV,2,1,05,06,28,125,31,07,11,157,30,09,24,139,34,10,20,164,16,1*7B
$GBGSV,2,2,05,39,32,105,36,1*49
$GBGSV,1,1,04,06,28,125,35,07,11,157,26,09,24,139,34,10,20,164,37,B*0A
$GQGSV,1,1,02,03,13,111,37,07,19,104,29,1*62
$GQGSV,1,1,02,03,13,111,21,07,19,104,35,6*6F
$GNGLL,2454.26791,N,06708.28648,E,141234.00,A,D*76
$GNRMC,141235.00,A,2454.26791,N,06708.28649,E,0.012,,080425,,,F,V*1F
$GNVTG,,T,,M,0.012,N,0.023,K,D*3A
$GNGGA,141235.00,2454.26791,N,06708.28649,E,5,12,1.45,22.4,M,-44.2,M,1.0,0100*74
$GNGSA,A,3,18,32,10,29,24,,,,,,,,3.02,1.45,2.65,1*05
$GNGSA,A,3,69,82,,,,,,,,,,,3.02,1.45,2.65,2*07
$GNGSA,A,3,,,,,,,,,,,,,3.02,1.45,2.65,3*03
$GNGSA,A,3,10,39,06,09,07,,,,,,,,3.02,1.45,2.65,4*07
$GNGSA,A,3,03,,,,,,,,,,,,3.02,1.45,2.65,5*06
$GPGSV,2,1,06,10,47,307,37,15,17,041,16,18,55,077,15,24,23,085,32,1*65
$GPGSV,2,2,06,29,17,161,30,32,44,207,34,1*69
$GPGSV,2,1,05,10,47,307,34,18,55,077,29,24,23,085,20,29,17,161,34,6*62
$GPGSV,2,2,05,32,44,207,28,6*58
$GPGSV,1,1,01,08,02,323,,0*5C
$GLGSV,1,1,03,69,73,294,32,70,17,226,20,82,21,133,42,1*45
$GLGSV,2,1,05,69,73,294,26,82,21,133,36,83,58,102,20,84,39,344,19,3*7B
$GLGSV,2,2,05,,,,37,3*7B
$GLGSV,1,1,01,68,37,020,,0*40
$GAGSV,1,1,00,0*74
$GBGSV,2,1,05,06,28,125,31,07,11,157,30,09,24,139,34,10,20,164,16,1*7B
$GBGSV,2,2,05,39,32,105,36,1*49
$GBGSV,1,1,04,06,28,125,35,07,11,157,25,09,24,139,35,10,20,164,37,B*08
$GQGSV,1,1,02,03,13,111,37,07,19,104,29,1*62
$GQGSV,1,1,02,03,13,111,21,07,19,104,35,6*6F
$GNGLL,2454.26791,N,06708.28649,E,141235.00,A,D*76
$GNRMC,141236.00,A,2454.26789,N,06708.28651,E,0.035,,080425,,,F,V*19
$GNVTG,,T,,M,0.035,N,0.065,K,D*3D
$GNGGA,141236.00,2454.26789,N,06708.28651,E,5,12,1.45,22.4,M,-44.2,M,2.0,0100*74
$GNGSA,A,3,18,32,10,29,24,,,,,,,,3.02,1.45,2.65,1*05
$GNGSA,A,3,69,82,,,,,,,,,,,3.02,1.45,2.65,2*07
$GNGSA,A,3,,,,,,,,,,,,,3.02,1.45,2.65,3*03
$GNGSA,A,3,10,39,06,09,07,,,,,,,,3.02,1.45,2.65,4*07
$GNGSA,A,3,03,,,,,,,,,,,,3.02,1.45,2.65,5*06
$GPGSV,2,1,06,10,47,307,37,15,17,041,17,18,55,077,14,24,23,085,32,1*65
$GPGSV,2,2,06,29,17,161,29,32,44,207,34,1*61
$GPGSV,2,1,05,10,47,307,34,18,55,077,29,24,23,085,20,29,17,161,34,6*62
$GPGSV,2,2,05,32,44,207,27,6*57
$GPGSV,1,1,01,08,02,323,,0*5C
$GLGSV,1,1,03,69,73,294,32,70,17,226,20,82,21,133,42,1*45
$GLGSV,2,1,05,69,73,294,26,82,21,133,36,83,58,102,19,84,39,344,19,3*71
$GLGSV,2,2,05,,,,37,3*7B
$GLGSV,1,1,01,68,37,020,,0*40
$GAGSV,1,1,00,0*74
$GBGSV,2,1,05,06,28,125,31,07,11,157,30,09,24,139,34,10,20,164,16,1*7B
$GBGSV,2,2,05,39,32,105,36,1*49
$GBGSV,1,1,04,06,28,125,35,07,11,157,25,09,24,139,35,10,20,164,36,B*09
$GQGSV,1,1,02,03,13,111,37,07,19,104,28,1*63
$GQGSV,1,1,02,03,13,111,21,07,19,104,35,6*6F
$GNGLL,2454.26789,N,06708.28651,E,141236.00,A,D*75
$GNRMC,141237.00,A,2454.26787,N,06708.28651,E,0.047,,080425,,,F,V*13
$GNVTG,,T,,M,0.047,N,0.088,K,D*3B
$GNGGA,141237.00,2454.26787,N,06708.28651,E,5,12,1.45,22.5,M,-44.2,M,1.0,0100*79
$GNGSA,A,3,18,32,10,29,24,,,,,,,,3.02,1.45,2.65,1*05
$GNGSA,A,3,69,82,,,,,,,,,,,3.02,1.45,2.65,2*07
$GNGSA,A,3,,,,,,,,,,,,,3.02,1.45,2.65,3*03
$GNGSA,A,3,10,39,06,09,07,,,,,,,,3.02,1.45,2.65,4*07
$GNGSA,A,3,03,,,,,,,,,,,,3.02,1.45,2.65,5*06
$GPGSV,2,1,06,10,47,307,37,15,17,041,17,18,55,077,14,24,23,085,31,1*66
$GPGSV,2,2,06,29,17,161,30,32,44,207,33,1*6E
$GPGSV,2,1,05,10,47,307,34,18,55,077,29,24,23,085,21,29,17,161,34,6*63
$GPGSV,2,2,05,32,44,207,28,6*58
$GPGSV,1,1,01,08,02,323,,0*5C
$GLGSV,1,1,03,69,73,294,32,70,17,226,21,82,21,133,41,1*47
$GLGSV,2,1,05,69,73,294,26,82,21,133,36,83,58,102,18,84,39,344,19,3*70
$GLGSV,2,2,05,,,,37,3*7B
$GLGSV,1,1,01,68,37,020,,0*40
$GAGSV,1,1,00,0*74
$GBGSV,2,1,05,06,28,125,31,07,11,157,29,09,24,139,34,10,20,164,17,1*72
$GBGSV,2,2,05,39,32,105,36,1*49
$GBGSV,1,1,04,06,28,125,35,07,11,157,26,09,24,139,35,10,20,164,36,B*0A
$GQGSV,1,1,02,03,13,111,37,07,19,104,28,1*63
$GQGSV,1,1,02,03,13,111,21,07,19,104,35,6*6F
$GNGLL,2454.26787,N,06708.28651,E,141237.00,A,D*7A
$GNRMC,141238.00,A,2454.26786,N,06708.28654,E,0.037,,080425,,,F,V*1F
$GNVTG,,T,,M,0.037,N,0.069,K,D*33
$GNGGA,141238.00,2454.26786,N,06708.28654,E,5,12,1.45,22.5,M,-44.2,M,2.0,0100*71
$GNGSA,A,3,18,32,10,29,24,,,,,,,,3.02,1.45,2.65,1*05
$GNGSA,A,3,69,82,,,,,,,,,,,3.02,1.45,2.65,2*07
$GNGSA,A,3,,,,,,,,,,,,,3.02,1.45,2.65,3*03
$GNGSA,A,3,10,39,06,09,07,,,,,,,,3.02,1.45,2.65,4*07
$GNGSA,A,3,03,,,,,,,,,,,,3.02,1.45,2.65,5*06
$GPGSV,2,1,06,10,47,307,37,15,17,041,17,18,55,077,15,24,23,085,32,1*64
$GPGSV,2,2,06,29,17,161,29,32,44,207,34,1*61
$GPGSV,2,1,05,10,47,307,34,18,55,077,29,24,23,085,20,29,17,161,34,6*62
$GPGSV,2,2,05,32,44,207,28,6*58
$GPGSV,1,1,01,08,02,323,,0*5C
$GLGSV,1,1,03,69,73,294,32,70,17,226,21,82,21,133,42,1*44
$GLGSV,2,1,05,69,73,294,27,82,21,133,36,83,58,102,18,84,39,344,18,3*70
$GLGSV,2,2,05,,,,37,3*7B
$GLGSV,1,1,01,68,37,020,,0*40
$GAGSV,1,1,00,0*74
$GBGSV,2,1,05,06,28,125,31,07,11,157,30,09,24,139,34,10,20,164,17,1*7A
$GBGSV,2,2,05,39,32,105,36,1*49
$GBGSV,1,1,04,06,28,125,35,07,11,157,26,09,24,139,34,10,20,164,37,B*0A
$GQGSV,1,1,02,03,13,111,37,07,19,104,28,1*63
$GQGSV,1,1,02,03,13,111,21,07,19,104,35,6*6F
$GNGLL,2454.26786,N,06708.28654,E,141238.00,A,D*71
$GNRMC,141239.00,A,2454.26785,N,06708.28656,E,0.024,,080425,,,F,V*1D
$GNVTG,,T,,M,0.024,N,0.044,K,D*3E
$GNGGA,141239.00,2454.26785,N,06708.28656,E,5,12,1.45,22.6,M,-44.2,M,1.0,0100*71
$GNGSA,A,3,18,32,10,29,24,,,,,,,,3.02,1.45,2.65,1*05
$GNGSA,A,3,69,82,,,,,,,,,,,3.02,1.45,2.65,2*07
$GNGSA,A,3,,,,,,,,,,,,,3.02,1.45,2.65,3*03
$GNGSA,A,3,10,39,06,09,07,,,,,,,,3.02,1.45,2.65,4*07
$GNGSA,A,3,03,,,,,,,,,,,,3.02,1.45,2.65,5*06
$GPGSV,2,1,06,10,47,307,37,15,17,041,16,18,55,077,14,24,23,085,32,1*64
$GPGSV,2,2,06,29,17,161,29,32,44,207,34,1*61
$GPGSV,2,1,05,10,47,307,34,18,55,077,29,24,23,085,20,29,17,161,35,6*63
$GPGSV,2,2,05,32,44,207,29,6*59
$GPGSV,1,1,01,08,02,323,,0*5C
$GLGSV,1,1,03,69,73,294,32,70,17,226,21,82,21,133,41,1*47
$GLGSV,1,1,04,69,73,294,27,82,21,133,37,83,58,102,19,84,39,344,18,3*72
$GLGSV,1,1,01,68,37,020,,0*40
$GAGSV,1,1,00,0*74
$GBGSV,2,1,05,06,28,125,31,07,11,157,29,09,24,139,34,10,20,164,17,1*72
$GBGSV,2,2,05,39,32,105,36,1*49
$GBGSV,1,1,04,06,28,125,35,07,11,157,26,09,24,139,35,10,20,164,37,B*0B
$GQGSV,1,1,02,03,13,111,37,07,19,104,28,1*63
$GQGSV,1,1,02,03,13,111,21,07,19,104,35,6*6F
$GNGLL,2454.26785,N,06708.28656,E,141239.00,A,D*71
$GNRMC,141240.00,A,2454.26784,N,06708.28657,E,0.015,,080425,,,F,V*11
$GNVTG,,T,,M,0.015,N,0.028,K,D*36
$GNGGA,141240.00,2454.26784,N,06708.28657,E,5,12,1.45,22.6,M,-44.2,M,2.0,0100*7C
$GNGSA,A,3,18,32,10,29,24,,,,,,,,3.02,1.45,2.65,1*05
$GNGSA,A,3,69,82,,,,,,,,,,,3.02,1.45,2.65,2*07
$GNGSA,A,3,,,,,,,,,,,,,3.02,1.45,2.65,3*03
$GNGSA,A,3,10,39,06,09,07,,,,,,,,3.02,1.45,2.65,4*07
$GNGSA,A,3,03,,,,,,,,,,,,3.02,1.45,2.65,5*06
$GPGSV,2,1,06,10,47,307,37,15,17,041,15,18,55,077,15,24,23,085,32,1*66
$GPGSV,2,2,06,29,17,161,29,32,44,207,34,1*61
$GPGSV,2,1,05,10,47,307,35,18,55,077,29,24,23,085,20,29,17,161,34,6*63
$GPGSV,2,2,05,32,44,207,28,6*58
$GPGSV,1,1,01,08,02,323,,0*5C
$GLGSV,1,1,03,69,73,294,32,70,17,226,21,82,21,133,42,1*44
$GLGSV,1,1,04,69,73,294,27,82,21,133,36,83,58,102,19,84,39,344,18,3*73
$GLGSV,1,1,01,68,37,020,,0*40
$GAGSV,1,1,00,0*74
$GBGSV,2,1,05,06,28,125,31,07,11,157,30,09,24,139,34,10,20,164,16,1*7B
$GBGSV,2,2,05,39,32,105,36,1*49
$GBGSV,1,1,04,06,28,125,35,07,11,157,26,09,24,139,34,10,20,164,37,B*0A
$GQGSV,1,1,02,03,13,111,37,07,19,104,29,1*62
$GQGSV,1,1,02,03,13,111,20,07,19,104,35,6*6E
$GNGLL,2454.26784,N,06708.28657,E,141240.00,A,D*7F
$GNRMC,141241.00,A,2454.26783,N,06708.28658,E,0.029,,080425,,,F,V*17
$GNVTG,,T,,M,0.029,N,0.054,K,D*32
$GNGGA,141241.00,2454.26783,N,06708.28658,E,5,12,1.45,22.6,M,-44.2,M,1.0,0100*76
$GNGSA,A,3,18,32,10,29,24,,,,,,,,3.02,1.45,2.65,1*05
$GNGSA,A,3,69,82,,,,,,,,,,,3.02,1.45,2.65,2*07
$GNGSA,A,3,,,,,,,,,,,,,3.02,1.45,2.65,3*03
$GNGSA,A,3,10,39,06,09,07,,,,,,,,3.02,1.45,2.65,4*07
$GNGSA,A,3,03,,,,,,,,,,,,3.02,1.45,2.65,5*06
$GPGSV,2,1,06,10,47,307,37,15,17,041,16,18,55,077,15,24,23,085,32,1*65
$GPGSV,2,2,06,29,17,161,29,32,44,207,34,1*61
$GPGSV,2,1,05,10,47,307,35,18,55,077,29,24,23,085,20,29,17,161,34,6*63
$GPGSV,2,2,05,32,44,207,28,6*58
$GPGSV,1,1,01,08,02,323,,0*5C
$GLGSV,1,1,03,69,73,294,33,70,17,226,22,82,21,133,42,1*46
$GLGSV,1,1,04,69,73,294,27,82,21,133,37,83,58,102,19,84,39,344,17,3*7D
$GLGSV,1,1,01,68,37,020,,0*40
$GAGSV,1,1,00,0*74
$GBGSV,2,1,05,06,28,125,32,07,11,157,30,09,24,139,34,10,20,164,16,1*78
$GBGSV,2,2,05,39,32,105,36,1*49
$GBGSV,1,1,04,06,28,125,35,07,11,157,26,09,24,139,34,10,20,164,37,B*0A
$GQGSV,1,1,02,03,13,111,37,07,19,104,29,1*62
$GQGSV,1,1,02,03,13,111,21,07,19,104,35,6*6F
$GNGLL,2454.26783,N,06708.28658,E,141241.00,A,D*76
$GNRMC,141242.00,A,2454.26783,N,06708.28659,E,0.031,,080425,,,F,V*1C
$GNVTG,,T,,M,0.031,N,0.057,K,D*38
$GNGGA,141242.00,2454.26783,N,06708.28659,E,5,12,1.45,22.6,M,-44.2,M,2.0,0100*77
$GNGSA,A,3,18,32,10,29,24,,,,,,,,3.02,1.45,2.65,1*05
$GNGSA,A,3,69,82,,,,,,,,,,,3.02,1.45,2.65,2*07
$GNGSA,A,3,,,,,,,,,,,,,3.02,1.45,2.65,3*03
$GNGSA,A,3,10,39,06,09,07,,,,,,,,3.02,1.45,2.65,4*07
$GNGSA,A,3,03,,,,,,,,,,,,3.02,1.45,2.65,5*06
$GPGSV,2,1,06,10,47,307,37,15,17,041,15,18,55,077,14,24,23,085,32,1*67
$GPGSV,2,2,06,29,17,161,29,32,44,207,34,1*61
$GPGSV,2,1,05,10,47,307,34,18,55,077,29,24,23,085,20,29,17,161,35,6*63
$GPGSV,2,2,05,32,44,207,29,6*59
$GPGSV,1,1,01,08,02,323,,0*5C
$GLGSV,1,1,03,69,73,294,32,70,17,226,22,82,21,133,42,1*47
$GLGSV,1,1,04,69,73,294,27,82,21,133,37,83,58,102,18,84,39,344,17,3*7C
$GLGSV,1,1,01,68,37,020,,0*40
$GAGSV,1,1,00,0*74
$GBGSV,2,1,05,06,28,125,32,07,11,157,30,09,24,139,34,10,20,164,15,1*7B
$GBGSV,2,2,05,39,32,105,36,1*49
$GBGSV,1,1,04,06,28,125,35,07,11,157,26,09,24,139,34,10,20,164,37,B*0A
$GQGSV,1,1,02,03,13,111,37,07,19,104,29,1*62
$GQGSV,1,1,02,03,13,111,20,07,19,104,35,6*6E
$GNGLL,2454.26783,N,06708.28659,E,141242.00,A,D*74
$GNRMC,141243.00,A,2454.26782,N,06708.28660,E,0.070,,080425,,,F,V*13
$GNVTG,,T,,M,0.070,N,0.130,K,D*3D
$GNGGA,141243.00,2454.26782,N,06708.28660,E,5,12,1.45,22.6,M,-44.2,M,1.0,0100*7E
$GNGSA,A,3,18,32,10,29,24,,,,,,,,3.02,1.45,2.65,1*05
$GNGSA,A,3,69,82,,,,,,,,,,,3.02,1.45,2.65,2*07
$GNGSA,A,3,,,,,,,,,,,,,3.02,1.45,2.65,3*03
$GNGSA,A,3,10,39,06,09,07,,,,,,,,3.02,1.45,2.65,4*07
$GNGSA,A,3,03,,,,,,,,,,,,3.02,1.45,2.65,5*06
$GPGSV,2,1,06,10,47,307,37,15,17,041,14,18,55,077,14,24,23,085,31,1*65
$GPGSV,2,2,06,29,17,161,29,32,44,207,33,1*66
$GPGSV,2,1,05,10,47,307,34,18,55,077,29,24,23,085,20,29,17,161,35,6*63
$GPGSV,2,2,05,32,44,207,29,6*59
$GPGSV,1,1,01,08,02,323,,0*5C
$GLGSV,1,1,03,69,73,294,33,70,17,226,22,82,21,133,42,1*46
$GLGSV,1,1,04,69,73,294,27,82,21,133,37,83,58,102,18,84,39,344,17,3*7C
$GLGSV,1,1,01,68,37,020,,0*40
$GAGSV,1,1,00,0*74
$GBGSV,2,1,05,06,28,125,32,07,11,157,30,09,24,139,34,10,20,164,16,1*78
$GBGSV,2,2,05,39,32,105,36,1*49
$GBGSV,1,1,04,06,28,125,35,07,11,157,26,09,24,139,34,10,20,164,37,B*0A
$GQGSV,1,1,02,03,13,111,37,07,19,104,29,1*62
$GQGSV,1,1,02,03,13,111,20,07,19,104,35,6*6E
$GNGLL,2454.26782,N,06708.28660,E,141243.00,A,D*7E
$GNRMC,141244.00,A,2454.26781,N,06708.28660,E,0.075,,080425,,,F,V*12
$GNVTG,,T,,M,0.075,N,0.139,K,D*31
$GNGGA,141244.00,2454.26781,N,06708.28660,E,5,12,1.45,22.6,M,-44.2,M,2.0,0100*79
$GNGSA,A,3,18,32,10,29,24,,,,,,,,3.02,1.45,2.65,1*05
$GNGSA,A,3,69,82,,,,,,,,,,,3.02,1.45,2.65,2*07
$GNGSA,A,3,,,,,,,,,,,,,3.02,1.45,2.65,3*03
$GNGSA,A,3,10,39,06,09,07,,,,,,,,3.02,1.45,2.65,4*07
$GNGSA,A,3,03,,,,,,,,,,,,3.02,1.45,2.65,5*06
$GPGSV,2,1,06,10,47,307,37,15,17,041,14,18,55,077,13,24,23,085,31,1*62
$GPGSV,2,2,06,29,17,161,29,32,44,207,33,1*66
$GPGSV,2,1,05,10,47,307,34,18,55,077,30,24,23,085,20,29,17,161,35,6*6B
$GPGSV,2,2,05,32,44,207,29,6*59
$GPGSV,1,1,02,08,02,323,,16,09,258,,0*6E
$GLGSV,1,1,03,69,73,294,32,70,17,226,22,82,21,133,41,1*44
$GLGSV,1,1,04,69,73,294,27,82,21,133,37,83,58,103,19,84,39,344,18,3*73
$GLGSV,1,1,01,68,37,020,,0*40
$GAGSV,1,1,00,0*74
$GBGSV,2,1,05,06,28,125,32,07,11,157,30,09,24,139,34,10,20,164,16,1*78
$GBGSV,2,2,05,39,32,105,36,1*49
$GBGSV,1,1,04,06,28,125,35,07,11,157,26,09,24,139,34,10,20,164,37,B*0A
$GQGSV,1,1,02,03,13,111,37,07,19,104,29,1*62
$GQGSV,1,1,02,03,13,111,21,07,19,104,35,6*6F
$GNGLL,2454.26781,N,06708.28660,E,141244.00,A,D*7A
$GNRMC,141245.00,A,2454.26780,N,06708.28662,E,0.063,,080425,,,F,V*17
$GNVTG,,T,,M,0.063,N,0.117,K,D*3A
$GNGGA,141245.00,2454.26780,N,06708.28662,E,5,12,1.45,22.7,M,-44.2,M,1.0,0100*79
$GNGSA,A,3,18,32,10,29,24,,,,,,,,3.02,1.45,2.65,1*05
$GNGSA,A,3,69,82,,,,,,,,,,,3.02,1.45,2.65,2*07
$GNGSA,A,3,,,,,,,,,,,,,3.02,1.45,2.65,3*03
$GNGSA,A,3,10,39,06,09,07,,,,,,,,3.02,1.45,2.65,4*07
$GNGSA,A,3,03,,,,,,,,,,,,3.02,1.45,2.65,5*06
$GPGSV,2,1,06,10,47,307,37,15,17,041,15,18,55,077,16,24,23,085,31,1*66
$GPGSV,2,2,06,29,17,161,28,32,44,207,34,1*60
$GPGSV,2,1,05,10,47,307,34,18,55,077,30,24,23,085,21,29,17,161,35,6*6A
$GPGSV,2,2,05,32,44,207,29,6*59
$GPGSV,1,1,02,08,02,323,,16,09,258,,0*6E
$GLGSV,1,1,03,69,73,294,32,70,17,226,22,82,21,133,42,1*47
$GLGSV,1,1,04,69,73,294,27,82,21,133,37,83,58,103,20,84,40,344,18,3*77
$GLGSV,1,1,01,68,37,020,,0*40
$GAGSV,1,1,00,0*74
$GBGSV,2,1,05,06,28,125,32,07,11,157,30,09,24,139,34,10,20,164,16,1*78
$GBGSV,2,2,05,39,32,105,36,1*49
$GBGSV,1,1,04,06,28,125,35,07,11,157,26,09,24,139,34,10,20,164,37,B*0A
$GQGSV,1,1,02,03,13,111,37,07,19,104,29,1*62
$GQGSV,1,1,02,03,13,111,21,07,19,104,35,6*6F
$GNGLL,2454.26780,N,06708.28662,E,141245.00,A,D*78
$GNRMC,141246.00,A,2454.26778,N,06708.28663,E,0.032,,080425,,,F,V*16
$GNVTG,,T,,M,0.032,N,0.058,K,D*34
$GNGGA,141246.00,2454.26778,N,06708.28663,E,5,12,1.45,22.7,M,-44.2,M,2.0,0100*7F
$GNGSA,A,3,18,32,10,29,24,,,,,,,,3.02,1.45,2.65,1*05
$GNGSA,A,3,69,82,,,,,,,,,,,3.02,1.45,2.65,2*07
$GNGSA,A,3,,,,,,,,,,,,,3.02,1.45,2.65,3*03
$GNGSA,A,3,10,39,06,09,07,,,,,,,,3.02,1.45,2.65,4*07
$GNGSA,A,3,03,,,,,,,,,,,,3.02,1.45,2.65,5*06
$GPGSV,2,1,06,10,47,307,37,15,17,041,16,18,55,077,17,24,23,085,31,1*64
$GPGSV,2,2,06,29,17,161,28,32,44,207,34,1*60
$GPGSV,2,1,05,10,47,307,34,18,55,077,30,24,23,085,21,29,17,161,34,6*6B
$GPGSV,2,2,05,32,44,207,29,6*59
$GPGSV,1,1,02,08,02,323,,16,09,258,,0*6E
$GLGSV,1,1,03,69,73,294,32,70,17,226,22,82,21,133,42,1*47
$GLGSV,1,1,04,69,73,294,26,82,21,133,36,83,58,103,20,84,40,344,19,3*76
$GLGSV,1,1,01,68,37,020,,0*40
$GAGSV,1,1,00,0*74
$GBGSV,2,1,05,06,28,125,32,07,11,157,30,09,24,139,34,10,20,164,16,1*78
$GBGSV,2,2,05,39,32,105,36,1*49
$GBGSV,1,1,04,06,28,125,35,07,11,157,27,09,24,139,34,10,20,164,37,B*0B
$GQGSV,1,1,02,03,13,111,37,07,19,104,29,1*62
$GQGSV,1,1,02,03,13,111,22,07,19,104,35,6*6C
$GNGLL,2454.26778,N,06708.28663,E,141246.00,A,D*7D
$GNRMC,141247.00,A,2454.26778,N,06708.28664,E,0.062,,080425,,,F,V*15
$GNVTG,,T,,M,0.062,N,0.115,K,D*39
$GNGGA,141247.00,2454.26778,N,06708.28664,E,5,12,1.45,22.7,M,-44.2,M,1.0,0100*7A
$GNGSA,A,3,18,32,10,29,24,,,,,,,,3.02,1.45,2.65,1*05
$GNGSA,A,3,69,82,,,,,,,,,,,3.02,1.45,2.65,2*07
$GNGSA,A,3,,,,,,,,,,,,,3.02,1.45,2.65,3*03
$GNGSA,A,3,10,39,06,09,07,,,,,,,,3.02,1.45,2.65,4*07
$GNGSA,A,3,03,,,,,,,,,,,,3.02,1.45,2.65,5*06
$GPGSV,2,1,06,10,47,307,37,15,17,041,16,18,55,077,18,24,23,085,31,1*6B
$GPGSV,2,2,06,29,17,161,28,32,44,207,35,1*61
$GPGSV,2,1,05,10,47,307,34,18,55,077,31,24,23,085,21,29,17,161,34,6*6A
$GPGSV,2,2,05,32,44,207,28,6*58
$GPGSV,1,1,02,08,02,323,,16,09,258,,0*6E
$GLGSV,1,1,03,69,73,294,32,70,17,226,22,82,21,133,42,1*47
$GLGSV,1,1,04,69,73,294,26,82,21,133,36,83,58,103,21,84,40,344,19,3*77
$GLGSV,1,1,01,68,37,020,,0*40
$GAGSV,1,1,00,0*74
$GBGSV,2,1,05,06,28,125,32,07,11,157,30,09,24,139,34,10,20,164,17,1*79
$GBGSV,2,2,05,39,32,105,36,1*49
$GBGSV,1,1,04,06,28,125,35,07,11,157,28,09,24,139,34,10,20,164,37,B*04
$GQGSV,1,1,02,03,13,111,37,07,19,104,29,1*62
$GQGSV,1,1,02,03,13,111,23,07,19,104,36,6*6E
$GNGLL,2454.26778,N,06708.28664,E,141247.00,A,D*7B
$GNRMC,141248.00,A,2454.26778,N,06708.28665,E,0.056,,080425,,,F,V*1C
$GNVTG,,T,,M,0.056,N,0.105,K,D*3F
$GNGGA,141248.00,2454.26778,N,06708.28665,E,5,12,1.45,22.8,M,-44.2,M,2.0,0100*78
$GNGSA,A,3,18,32,10,29,24,,,,,,,,3.02,1.45,2.65,1*05
$GNGSA,A,3,69,82,,,,,,,,,,,3.02,1.45,2.65,2*07
$GNGSA,A,3,,,,,,,,,,,,,3.02,1.45,2.65,3*03
$GNGSA,A,3,10,39,06,09,07,,,,,,,,3.02,1.45,2.65,4*07
$GNGSA,A,3,03,,,,,,,,,,,,3.02,1.45,2.65,5*06
$GPGSV,2,1,06,10,47,307,37,15,17,041,16,18,55,077,19,24,23,085,31,1*6A
$GPGSV,2,2,06,29,17,161,29,32,44,207,34,1*61
$GPGSV,2,1,05,10,47,307,34,18,55,077,30,24,23,085,22,29,17,161,34,6*68
$GPGSV,2,2,05,32,44,207,28,6*58
$GPGSV,1,1,02,08,02,323,,16,09,258,,0*6E
$GLGSV,1,1,03,69,73,294,32,70,17,226,22,82,21,133,42,1*47
$GLGSV,1,1,04,69,73,294,26,82,21,133,37,83,58,103,21,84,40,344,18,3*77
$GLGSV,1,1,01,68,37,020,,0*40
$GAGSV,1,1,00,0*74
$GBGSV,2,1,05,06,28,125,32,07,11,157,30,09,24,139,34,10,20,164,18,1*76
$GBGSV,2,2,05,39,32,105,36,1*49
$GBGSV,1,1,04,06,28,125,35,07,11,157,27,09,24,139,34,10,20,164,37,B*0B
$GQGSV,1,1,02,03,13,111,37,07,19,104,29,1*62
$GQGSV,1,1,02,03,13,111,22,07,19,104,36,6*6F
$GNGLL,2454.26778,N,06708.28665,E,141248.00,A,D*75
$GNRMC,141249.00,A,2454.26777,N,06708.28666,E,0.016,,080425,,,F,V*15
$GNVTG,,T,,M,0.016,N,0.029,K,D*34
$GNGGA,141249.00,2454.26777,N,06708.28666,E,5,12,1.45,22.8,M,-44.2,M,1.0,0100*76
$GNGSA,A,3,18,32,10,29,24,,,,,,,,3.02,1.45,2.65,1*05
$GNGSA,A,3,69,82,,,,,,,,,,,3.02,1.45,2.65,2*07
$GNGSA,A,3,,,,,,,,,,,,,3.02,1.45,2.65,3*03
$GNGSA,A,3,10,39,06,09,07,,,,,,,,3.02,1.45,2.65,4*07
$GNGSA,A,3,07,03,,,,,,,,,,,3.02,1.45,2.65,5*01
$GPGSV,2,1,06,10,47,307,37,15,17,041,16,18,55,077,19,24,23,085,31,1*6A
$GPGSV,2,2,06,29,17,161,29,32,44,207,34,1*61
$GPGSV,2,1,05,10,47,307,34,18,55,077,30,24,23,085,21,29,17,161,34,6*6B
$GPGSV,2,2,05,32,44,207,28,6*58
$GPGSV,1,1,02,08,02,323,,16,09,258,,0*6E
$GLGSV,1,1,03,69,73,294,32,70,17,226,22,82,21,133,42,1*47
$GLGSV,1,1,04,69,73,294,27,82,21,133,36,83,58,103,21,84,40,344,19,3*76
$GLGSV,1,1,01,68,37,020,,0*40
$GAGSV,1,1,00,0*74
$GBGSV,2,1,05,06,28,125,32,07,11,157,30,09,24,139,34,10,20,164,18,1*76
$GBGSV,2,2,05,39,32,105,36,1*49
$GBGSV,1,1,04,06,28,125,35,07,11,157,27,09,24,139,34,10,20,164,37,B*0B
$GQGSV,1,1,02,03,13,111,37,07,19,104,29,1*62
$GQGSV,1,1,02,03,13,111,22,07,19,104,36,6*6F
$GNGLL,2454.26777,N,06708.28666,E,141249.00,A,D*78
$GNRMC,141250.00,A,2454.26777,N,06708.28666,E,0.022,,080425,,,F,V*1A
$GNVTG,,T,,M,0.022,N,0.041,K,D*3D
$GNGGA,141250.00,2454.26777,N,06708.28666,E,5,12,1.45,22.8,M,-44.2,M,2.0,0100*7D
$GNGSA,A,3,18,32,10,29,24,,,,,,,,3.02,1.45,2.65,1*05
$GNGSA,A,3,69,82,,,,,,,,,,,3.02,1.45,2.65,2*07
$GNGSA,A,3,,,,,,,,,,,,,3.02,1.45,2.65,3*03
$GNGSA,A,3,10,39,06,09,07,,,,,,,,3.02,1.45,2.65,4*07
$GNGSA,A,3,07,03,,,,,,,,,,,3.02,1.45,2.65,5*01
$GPGSV,2,1,06,10,47,307,37,15,17,041,16,18,55,077,19,24,23,085,31,1*6A
$GPGSV,2,2,06,29,17,161,29,32,44,207,35,1*60
$GPGSV,2,1,05,10,47,307,34,18,55,077,29,24,23,085,21,29,17,161,34,6*63
$GPGSV,2,2,05,32,44,207,27,6*57
$GPGSV,1,1,02,08,02,323,,16,09,258,,0*6E
$GLGSV,1,1,03,69,73,294,32,70,17,226,23,82,21,133,41,1*45
$GLGSV,1,1,04,69,73,294,27,82,21,133,36,83,58,103,20,84,40,344,18,3*76
$GLGSV,1,1,01,68,37,020,,0*40
$GAGSV,1,1,00,0*74
$GBGSV,2,1,05,06,28,125,32,07,11,157,30,09,24,139,34,10,20,164,18,1*76
$GBGSV,2,2,05,39,32,105,36,1*49
$GBGSV,1,1,04,06,28,125,35,07,11,157,27,09,24,139,34,10,20,164,37,B*0B
$GQGSV,1,1,02,03,13,111,37,07,19,104,29,1*62
$GQGSV,1,1,02,03,13,111,21,07,19,104,36,6*6C
$GNGLL,2454.26777,N,06708.28666,E,141250.00,A,D*70
$GNRMC,141251.00,A,2454.26777,N,06708.28667,E,0.024,,080425,,,F,V*1C
$GNVTG,,T,,M,0.024,N,0.044,K,D*3E
$GNGGA,141251.00,2454.26777,N,06708.28667,E,5,12,1.45,22.8,M,-44.2,M,1.0,0100*7E
$GNGSA,A,3,18,32,10,29,24,,,,,,,,3.02,1.45,2.65,1*05
$GNGSA,A,3,69,82,,,,,,,,,,,3.02,1.45,2.65,2*07
$GNGSA,A,3,,,,,,,,,,,,,3.02,1.45,2.65,3*03
$GNGSA,A,3,10,39,06,09,07,,,,,,,,3.02,1.45,2.65,4*07
$GNGSA,A,3,07,03,,,,,,,,,,,3.02,1.45,2.65,5*01
$GPGSV,2,1,06,10,47,307,37,15,17,041,16,18,55,077,19,24,23,085,31,1*6A
$GPGSV,2,2,06,29,17,161,29,32,44,207,35,1*60
$GPGSV,2,1,05,10,47,307,34,18,55,077,29,24,23,085,21,29,17,161,34,6*63
$GPGSV,2,2,05,32,44,207,27,6*57
$GPGSV,1,1,02,08,02,323,,16,09,258,,0*6E
$GLGSV,1,1,03,69,73,294,32,70,17,226,22,82,21,133,41,1*44
$GLGSV,1,1,04,69,73,294,27,82,21,133,36,83,58,103,21,84,40,344,18,3*77
$GLGSV,1,1,01,68,37,020,,0*40
$GAGSV,1,1,00,0*74
$GBGSV,2,1,05,06,28,125,32,07,11,157,30,09,24,139,34,10,20,164,19,1*77
$GBGSV,2,2,05,39,32,105,36,1*49
$GBGSV,1,1,04,06,28,125,35,07,11,157,26,09,24,139,33,10,20,164,37,B*0D
$GQGSV,1,1,02,03,13,111,37,07,19,104,29,1*62
$GQGSV,1,1,02,03,13,111,20,07,19,104,36,6*6D
$GNGLL,2454.26777,N,06708.28667,E,141251.00,A,D*70
$GNRMC,141252.00,A,2454.26777,N,06708.28667,E,0.023,,080425,,,F,V*18
$GNVTG,,T,,M,0.023,N,0.043,K,D*3E
$GNGGA,141252.00,2454.26777,N,06708.28667,E,5,12,1.45,22.8,M,-44.2,M,2.0,0100*7E
$GNGSA,A,3,18,32,10,29,24,,,,,,,,3.01,1.45,2.65,1*06
$GNGSA,A,3,69,82,,,,,,,,,,,3.01,1.45,2.65,2*04
$GNGSA,A,3,,,,,,,,,,,,,3.01,1.45,2.65,3*00
$GNGSA,A,3,10,39,06,09,07,,,,,,,,3.01,1.45,2.65,4*04
$GNGSA,A,3,07,03,,,,,,,,,,,3.01,1.45,2.65,5*02
$GPGSV,2,1,06,10,47,307,37,15,17,041,17,18,55,077,20,24,23,085,31,1*61
$GPGSV,2,2,06,29,17,161,29,32,44,207,35,1*60
$GPGSV,2,1,05,10,47,307,34,18,55,077,30,24,23,085,21,29,17,161,34,6*6B
$GPGSV,2,2,05,32,44,207,27,6*57
$GPGSV,1,1,02,08,02,323,,16,09,258,,0*6E
$GLGSV,1,1,03,69,73,294,32,70,17,226,23,82,21,133,41,1*45
$GLGSV,2,1,05,69,73,294,27,82,21,133,36,83,58,103,21,84,40,344,18,3*75
$GLGSV,2,2,05,,,,38,3*74
$GLGSV,1,1,01,68,37,020,,0*40
$GAGSV,1,1,00,0*74
$GBGSV,2,1,05,06,28,125,32,07,11,157,30,09,24,139,34,10,20,164,20,1*7D
$GBGSV,2,2,05,39,32,105,36,1*49
$GBGSV,1,1,04,06,28,125,35,07,11,157,26,09,24,139,33,10,20,164,37,B*0D
$GQGSV,1,1,02,03,13,111,37,07,19,104,29,1*62
$GQGSV,1,1,02,03,13,111,20,07,19,104,35,6*6E
$GNGLL,2454.26777,N,06708.28667,E,141252.00,A,D*73
$GNRMC,141253.00,A,2454.26778,N,06708.28668,E,0.074,,080425,,,F,V*1B
$GNVTG,,T,,M,0.074,N,0.137,K,D*3E
$GNGGA,141253.00,2454.26778,N,06708.28668,E,5,12,1.45,22.9,M,-44.2,M,1.0,0100*7D
$GNGSA,A,3,18,32,10,29,24,,,,,,,,3.01,1.45,2.65,1*06
$GNGSA,A,3,69,82,,,,,,,,,,,3.01,1.45,2.65,2*04
$GNGSA,A,3,,,,,,,,,,,,,3.01,1.45,2.65,3*00
$GNGSA,A,3,10,39,06,09,07,,,,,,,,3.01,1.45,2.65,4*04
$GNGSA,A,3,07,03,,,,,,,,,,,3.01,1.45,2.65,5*02
$GPGSV,2,1,06,10,47,307,37,15,17,041,17,18,55,077,21,24,23,085,30,1*61
$GPGSV,2,2,06,29,17,161,29,32,44,207,35,1*60
$GPGSV,2,1,05,10,47,307,34,18,55,077,30,24,23,085,21,29,17,161,34,6*6B
$GPGSV,2,2,05,32,44,207,27,6*57
$GPGSV,1,1,02,08,02,323,,16,09,258,,0*6E
$GLGSV,1,1,03,69,73,294,32,70,17,226,23,82,21,133,41,1*45
$GLGSV,2,1,05,69,73,294,27,82,21,133,36,83,58,103,21,84,40,344,19,3*74
$GLGSV,2,2,05,,,,38,3*74
$GLGSV,1,1,01,68,37,020,,0*40
$GAGSV,1,1,00,0*74
$GBGSV,2,1,05,06,28,125,32,07,11,157,30,09,24,139,34,10,20,164,20,1*7D
$GBGSV,2,2,05,39,32,105,36,1*49
$GBGSV,1,1,04,06,28,125,35,07,11,157,26,09,24,139,33,10,20,164,37,B*0D
$GQGSV,1,1,02,03,13,111,37,07,19,104,29,1*62
$GQGSV,1,1,02,03,13,111,20,07,19,104,35,6*6E
$GNGLL,2454.26778,N,06708.28668,E,141253.00,A,D*72
$GNRMC,141254.00,A,2454.26777,N,06708.28668,E,0.072,,080425,,,F,V*15
$GNVTG,,T,,M,0.072,N,0.133,K,D*3C
$GNGGA,141254.00,2454.26777,N,06708.28668,E,5,12,1.45,22.9,M,-44.2,M,2.0,0100*76
$GNGSA,A,3,18,32,10,29,24,,,,,,,,3.01,1.45,2.64,1*07
$GNGSA,A,3,69,82,,,,,,,,,,,3.01,1.45,2.64,2*05
$GNGSA,A,3,,,,,,,,,,,,,3.01,1.45,2.64,3*01
$GNGSA,A,3,10,39,06,09,07,,,,,,,,3.01,1.45,2.64,4*05
$GNGSA,A,3,07,03,,,,,,,,,,,3.01,1.45,2.64,5*03
$GPGSV,2,1,06,10,47,307,37,15,17,041,18,18,55,077,22,24,23,085,30,1*6D
$GPGSV,2,2,06,29,17,161,29,32,44,207,35,1*60
$GPGSV,2,1,05,10,47,307,34,18,55,077,30,24,23,085,22,29,17,161,34,6*68
$GPGSV,2,2,05,32,44,207,27,6*57
$GPGSV,1,1,02,08,02,323,,16,09,258,,0*6E
$GLGSV,1,1,03,69,73,294,32,70,17,226,24,82,21,133,41,1*42
$GLGSV,2,1,05,69,73,294,27,82,21,133,37,83,58,103,20,84,40,344,18,3*75
$GLGSV,2,2,05,,,,38,3*74
$GLGSV,1,1,01,68,37,020,,0*40
$GAGSV,1,1,00,0*74
$GBGSV,2,1,05,06,28,125,32,07,11,157,30,09,24,139,34,10,20,164,19,1*77
$GBGSV,2,2,05,39,32,105,36,1*49
$GBGSV,1,1,04,06,28,125,35,07,11,157,27,09,24,139,34,10,20,164,37,B*0B
$GQGSV,1,1,02,03,13,111,37,07,19,104,29,1*62
$GQGSV,1,1,02,03,13,111,20,07,19,104,36,6*6D
$GNGLL,2454.26777,N,06708.28668,E,141254.00,A,D*7A
$GNRMC,141255.00,A,2454.26777,N,06708.28667,E,0.052,,080425,,,F,V*19
$GNVTG,,T,,M,0.052,N,0.096,K,D*30
$GNGGA,141255.00,2454.26777,N,06708.28667,E,5,12,1.45,22.8,M,-44.2,M,1.0,0100*7A
$GNGSA,A,3,18,32,10,29,24,,,,,,,,3.01,1.45,2.64,1*07
$GNGSA,A,3,69,82,,,,,,,,,,,3.01,1.45,2.64,2*05
$GNGSA,A,3,,,,,,,,,,,,,3.01,1.45,2.64,3*01
$GNGSA,A,3,10,39,06,09,07,,,,,,,,3.01,1.45,2.64,4*05
$GNGSA,A,3,07,03,,,,,,,,,,,3.01,1.45,2.64,5*03
$GPGSV,2,1,06,10,48,308,37,15,17,041,18,18,55,077,23,24,23,085,30,1*6C
$GPGSV,2,2,06,29,17,161,28,32,44,207,35,1*61
$GPGSV,2,1,05,10,48,308,34,18,55,077,30,24,23,085,22,29,17,161,34,6*68
$GPGSV,2,2,05,32,44,207,27,6*57
$GPGSV,1,1,02,08,02,323,,16,09,258,,0*6E
$GLGSV,1,1,03,69,73,294,32,70,17,226,24,82,21,133,41,1*42
$GLGSV,2,1,05,69,73,294,27,82,21,133,37,83,58,103,18,84,40,344,19,3*7F
$GLGSV,2,2,05,,,,38,3*74
$GLGSV,1,1,01,68,37,020,,0*40
$GAGSV,1,1,00,0*74
$GBGSV,2,1,05,06,28,125,32,07,11,157,30,09,24,139,34,10,20,164,19,1*77
$GBGSV,2,2,05,39,32,105,36,1*49
$GBGSV,1,1,04,06,28,125,35,07,11,157,27,09,24,139,34,10,20,164,37,B*0B
$GQGSV,1,1,02,03,13,111,37,07,19,104,29,1*62
$GQGSV,1,1,02,03,13,111,20,07,19,104,35,6*6E
$GNGLL,2454.26777,N,06708.28667,E,141255.00,A,D*74
$GNRMC,141256.00,A,2454.26777,N,06708.28668,E,0.064,,080425,,,F,V*10
$GNVTG,,T,,M,0.064,N,0.118,K,D*32
$GNGGA,141256.00,2454.26777,N,06708.28668,E,5,12,1.45,22.9,M,-44.2,M,2.0,0100*74
$GNGSA,A,3,18,32,10,29,24,,,,,,,,3.01,1.45,2.64,1*07
$GNGSA,A,3,69,82,,,,,,,,,,,3.01,1.45,2.64,2*05
$GNGSA,A,3,,,,,,,,,,,,,3.01,1.45,2.64,3*01
$GNGSA,A,3,10,39,06,09,07,,,,,,,,3.01,1.45,2.64,4*05
$GNGSA,A,3,07,03,,,,,,,,,,,3.01,1.45,2.64,5*03
$GPGSV,2,1,07,10,48,308,37,15,17,041,17,16,09,258,14,18,55,077,22,1*6E
$GPGSV,2,2,07,24,23,085,30,29,17,161,28,32,44,207,35,1*59
$GPGSV,2,1,05,10,48,308,34,18,55,077,30,24,23,085,21,29,17,161,34,6*6B
$GPGSV,2,2,05,32,44,207,27,6*57
$GPGSV,1,1,01,08,02,323,,0*5C
$GLGSV,1,1,03,69,73,294,32,70,17,226,24,82,21,133,41,1*42
$GLGSV,2,1,05,69,73,294,27,82,21,133,37,83,58,103,18,84,40,344,18,3*7E
$GLGSV,2,2,05,,,,38,3*74
$GLGSV,1,1,01,68,37,020,,0*40
$GAGSV,1,1,00,0*74
$GBGSV,2,1,05,06,28,125,32,07,11,157,30,09,24,139,34,10,20,164,20,1*7D
$GBGSV,2,2,05,39,32,105,36,1*49
$GBGSV,1,1,04,06,28,125,35,07,11,157,27,09,24,139,34,10,20,164,37,B*0B
$GQGSV,1,1,02,03,13,111,37,07,19,104,29,1*62
$GQGSV,1,1,02,03,13,111,19,07,19,104,35,6*64
$GNGLL,2454.26777,N,06708.28668,E,141256.00,A,D*78
$GNRMC,141257.00,A,2454.26776,N,06708.28669,E,0.036,,080425,,,F,V*16
$GNVTG,,T,,M,0.036,N,0.067,K,D*3C
$GNGGA,141257.00,2454.26776,N,06708.28669,E,5,12,1.45,22.9,M,-44.2,M,1.0,0100*76
$GNGSA,A,3,18,32,10,29,24,,,,,,,,3.01,1.45,2.64,1*07
$GNGSA,A,3,69,82,,,,,,,,,,,3.01,1.45,2.64,2*05
$GNGSA,A,3,,,,,,,,,,,,,3.01,1.45,2.64,3*01
$GNGSA,A,3,10,39,06,09,07,,,,,,,,3.01,1.45,2.64,4*05
$GNGSA,A,3,07,03,,,,,,,,,,,3.01,1.45,2.64,5*03
$GPGSV,2,1,07,10,48,308,38,15,17,041,17,16,09,258,15,18,55,077,22,1*60
$GPGSV,2,2,07,24,23,085,30,29,17,161,28,32,44,207,35,1*59
$GPGSV,2,1,05,10,48,308,34,18,55,077,30,24,23,085,21,29,17,161,34,6*6B
$GPGSV,2,2,05,32,44,207,27,6*57
$GPGSV,1,1,01,08,02,323,,0*5C
$GLGSV,1,1,03,69,73,294,32,70,17,226,23,82,21,133,41,1*45
$GLGSV,2,1,05,69,73,294,27,82,21,133,37,83,58,103,17,84,40,344,18,3*71
$GLGSV,2,2,05,,,,38,3*74
$GLGSV,1,1,01,68,37,020,,0*40
$GAGSV,1,1,00,0*74
$GBGSV,2,1,05,06,28,125,32,07,11,157,30,09,24,139,34,10,20,164,20,1*7D
$GBGSV,2,2,05,39,32,105,36,1*49
$GBGSV,1,1,04,06,28,125,35,07,11,157,28,09,24,139,34,10,20,164,37,B*04
$GQGSV,1,1,02,03,13,111,37,07,19,104,29,1*62
$GQGSV,1,1,02,03,13,111,19,07,19,104,35,6*64
$GNGLL,2454.26776,N,06708.28669,E,141257.00,A,D*79
$GNRMC,141258.00,A,2454.26776,N,06708.28671,E,0.065,,080425,,,F,V*16
$GNVTG,,T,,M,0.065,N,0.120,K,D*38
$GNGGA,141258.00,2454.26776,N,06708.28671,E,5,12,1.45,22.9,M,-44.2,M,2.0,0100*73
$GNGSA,A,3,18,32,10,29,24,,,,,,,,3.01,1.45,2.64,1*07
$GNGSA,A,3,69,82,,,,,,,,,,,3.01,1.45,2.64,2*05
$GNGSA,A,3,,,,,,,,,,,,,3.01,1.45,2.64,3*01
$GNGSA,A,3,10,39,06,09,07,,,,,,,,3.01,1.45,2.64,4*05
$GNGSA,A,3,07,03,,,,,,,,,,,3.01,1.45,2.64,5*03
$GPGSV,2,1,07,10,48,308,38,15,17,041,17,16,09,258,15,18,55,077,23,1*61
$GPGSV,2,2,07,24,23,085,30,29,17,161,28,32,44,207,35,1*59
$GPGSV,2,1,05,10,48,308,34,18,55,077,30,24,23,085,21,29,17,161,34,6*6B
$GPGSV,2,2,05,32,44,207,27,6*57
$GPGSV,1,1,01,08,02,323,,0*5C
$GLGSV,1,1,03,69,73,294,32,70,17,226,23,82,21,133,41,1*45
$GLGSV,2,1,05,69,73,294,27,82,21,133,37,83,58,103,17,84,40,344,18,3*71
$GLGSV,2,2,05,,,,38,3*74
$GLGSV,1,1,01,68,36,020,,0*41
$GAGSV,1,1,00,0*74
$GBGSV,2,1,05,06,28,125,32,07,11,157,30,09,24,139,34,10,20,164,20,1*7D
$GBGSV,2,2,05,39,32,105,36,1*49
$GBGSV,1,1,04,06,28,125,35,07,11,157,28,09,24,139,34,10,20,164,37,B*04
$GQGSV,1,1,02,03,13,111,37,07,19,104,29,1*62
$GQGSV,1,1,02,03,13,111,18,07,19,104,35,6*65
$GNGLL,2454.26776,N,06708.28671,E,141258.00,A,D*7F
$GNRMC,141259.00,A,2454.26776,N,06708.28672,E,0.023,,080425,,,F,V*16
$GNVTG,,T,,M,0.023,N,0.043,K,D*3E
$GNGGA,141259.00,2454.26776,N,06708.28672,E,5,12,1.45,22.9,M,-44.2,M,1.0,0100*72
$GNGSA,A,3,18,32,10,29,24,,,,,,,,3.01,1.45,2.64,1*07
$GNGSA,A,3,69,82,,,,,,,,,,,3.01,1.45,2.64,2*05
$GNGSA,A,3,,,,,,,,,,,,,3.01,1.45,2.64,3*01
$GNGSA,A,3,10,39,06,09,07,,,,,,,,3.01,1.45,2.64,4*05
$GNGSA,A,3,07,03,,,,,,,,,,,3.01,1.45,2.64,5*03
$GPGSV,2,1,07,10,48,308,38,15,17,041,17,16,09,258,14,18,55,077,23,1*60
$GPGSV,2,2,07,24,23,085,30,29,17,161,28,32,44,207,35,1*59
$GPGSV,2,1,05,10,48,308,34,18,55,077,30,24,23,085,21,29,17,161,34,6*6B
$GPGSV,2,2,05,32,44,207,27,6*57
$GPGSV,1,1,01,08,02,323,,0*5C
$GLGSV,1,1,03,69,73,294,32,70,17,226,23,82,21,133,41,1*45
$GLGSV,2,1,05,69,73,294,27,82,21,133,37,83,58,103,18,84,40,344,19,3*7F
$GLGSV,2,2,05,,,,38,3*74
$GLGSV,1,1,01,68,36,020,,0*41
$GAGSV,1,1,00,0*74
$GBGSV,2,1,05,06,28,125,32,07,11,157,30,09,24,139,34,10,20,164,20,1*7D
$GBGSV,2,2,05,39,32,105,36,1*49
$GBGSV,1,1,04,06,28,125,35,07,11,157,28,09,24,139,34,10,20,164,37,B*04
$GQGSV,1,1,02,03,13,111,37,07,19,104,29,1*62
$GQGSV,1,1,02,03,13,111,18,07,19,104,35,6*65
$GNGLL,2454.26776,N,06708.28672,E,141259.00,A,D*7D
$GNRMC,141300.00,A,2454.26776,N,06708.28673,E,0.027,,080425,,,F,V*1E
$GNVTG,,T,,M,0.027,N,0.049,K,D*30
$GNGGA,141300.00,2454.26776,N,06708.28673,E,5,12,1.45,22.9,M,-44.2,M,2.0,0100*7D
$GNGSA,A,3,18,32,10,29,24,,,,,,,,3.01,1.45,2.64,1*07
$GNGSA,A,3,69,82,,,,,,,,,,,3.01,1.45,2.64,2*05
$GNGSA,A,3,,,,,,,,,,,,,3.01,1.45,2.64,3*01
$GNGSA,A,3,10,39,06,09,07,,,,,,,,3.01,1.45,2.64,4*05
$GNGSA,A,3,07,03,,,,,,,,,,,3.01,1.45,2.64,5*03
$GPGSV,2,1,07,10,48,308,38,15,16,041,16,16,09,258,11,18,55,077,23,1*65
$GPGSV,2,2,07,24,23,085,30,29,17,161,28,32,44,207,34,1*58
$GPGSV,2,1,05,10,48,308,34,18,55,077,30,24,23,085,22,29,17,161,34,6*68
$GPGSV,2,2,05,32,44,207,27,6*57
$GPGSV,1,1,01,08,02,323,,0*5C
$GLGSV,1,1,03,69,73,294,32,70,17,226,23,82,21,133,40,1*44
$GLGSV,2,1,05,69,73,294,27,82,21,133,37,83,58,103,18,84,40,344,19,3*7F
$GLGSV,2,2,05,,,,38,3*74
$GLGSV,1,1,01,68,36,020,,0*41
$GAGSV,1,1,00,0*74
$GBGSV,2,1,05,06,28,125,32,07,11,157,30,09,24,139,34,10,20,164,20,1*7D
$GBGSV,2,2,05,39,32,105,36,1*49
$GBGSV,1,1,04,06,28,125,35,07,11,157,28,09,24,139,34,10,20,164,37,B*04
$GQGSV,1,1,02,03,13,111,37,07,19,104,29,1*62
$GQGSV,1,1,02,03,13,111,17,07,19,104,35,6*6A
$GNGLL,2454.26776,N,06708.28673,E,141300.00,A,D*71
$GNRMC,141301.00,A,2454.26776,N,06708.28674,E,0.068,,080425,,,F,V*13
$GNVTG,,T,,M,0.068,N,0.126,K,D*33
$GNGGA,141301.00,2454.26776,N,06708.28674,E,5,12,1.45,22.9,M,-44.2,M,1.0,0100*78
$GNGSA,A,3,18,32,10,29,24,,,,,,,,3.01,1.45,2.64,1*07
$GNGSA,A,3,69,82,,,,,,,,,,,3.01,1.45,2.64,2*05
$GNGSA,A,3,,,,,,,,,,,,,3.01,1.45,2.64,3*01
$GNGSA,A,3,10,39,06,09,07,,,,,,,,3.01,1.45,2.64,4*05
$GNGSA,A,3,07,03,,,,,,,,,,,3.01,1.45,2.64,5*03
$GPGSV,2,1,07,10,48,308,38,15,16,041,16,16,09,258,09,18,55,077,24,1*6B
$GPGSV,2,2,07,24,23,085,30,29,17,161,27,32,44,207,34,1*57
$GPGSV,2,1,05,10,48,308,34,18,55,077,31,24,23,085,22,29,17,161,34,6*69
$GPGSV,2,2,05,32,44,207,27,6*57
$GPGSV,1,1,01,08,02,323,,0*5C
$GLGSV,1,1,03,69,73,294,32,70,17,226,23,82,21,133,40,1*44
$GLGSV,2,1,05,69,73,294,27,82,21,133,37,83,58,103,19,84,40,344,18,3*7F
$GLGSV,2,2,05,,,,38,3*74
$GLGSV,1,1,01,68,36,020,,0*41
$GAGSV,1,1,00,0*74
$GBGSV,2,1,05,06,28,125,32,07,11,157,30,09,24,139,34,10,20,164,20,1*7D
$GBGSV,2,2,05,39,32,105,36,1*49
$GBGSV,1,1,04,06,28,125,35,07,11,157,28,09,24,139,34,10,20,164,36,B*05
$GQGSV,1,1,02,03,13,111,37,07,19,104,29,1*62
$GQGSV,1,1,02,03,13,111,17,07,19,104,35,6*6A
$GNGLL,2454.26776,N,06708.28674,E,141301.00,A,D*77
$GNRMC,141302.00,A,2454.26776,N,06708.28674,E,0.024,,080425,,,F,V*18
$GNVTG,,T,,M,0.024,N,0.045,K,D*3F
$GNGGA,141302.00,2454.26776,N,06708.28674,E,5,12,1.45,23.0,M,-44.2,M,2.0,0100*70
$GNGSA,A,3,18,32,10,29,24,,,,,,,,3.01,1.45,2.64,1*07
$GNGSA,A,3,69,82,,,,,,,,,,,3.01,1.45,2.64,2*05
$GNGSA,A,3,,,,,,,,,,,,,3.01,1.45,2.64,3*01
$GNGSA,A,3,10,39,06,09,07,,,,,,,,3.01,1.45,2.64,4*05
$GNGSA,A,3,07,03,,,,,,,,,,,3.01,1.45,2.64,5*03
$GPGSV,2,1,06,10,48,308,38,15,16,041,15,18,55,078,25,24,23,085,30,1*66
$GPGSV,2,2,06,29,17,161,27,32,44,207,34,1*6F
$GPGSV,2,1,05,10,48,308,34,18,55,078,30,24,23,085,22,29,17,161,34,6*67
$GPGSV,2,2,05,32,44,207,27,6*57
$GPGSV,1,1,02,08,02,323,,16,09,258,,0*6E
$GLGSV,1,1,03,69,72,295,32,70,17,226,24,82,21,133,40,1*43
$GLGSV,2,1,05,69,72,295,27,82,21,133,37,83,58,103,18,84,40,344,19,3*7F
$GLGSV,2,2,05,,,,38,3*74
$GLGSV,1,1,01,68,36,020,,0*41
$GAGSV,1,1,00,0*74
$GBGSV,2,1,05,06,28,125,32,07,11,157,30,09,24,139,34,10,20,164,21,1*7C
$GBGSV,2,2,05,39,32,105,37,1*48
$GBGSV,1,1,04,06,28,125,35,07,11,157,28,09,24,139,34,10,20,164,36,B*05
$GQGSV,1,1,02,03,13,111,37,07,19,104,29,1*62
$GQGSV,1,1,02,03,13,111,17,07,19,104,35,6*6A
$GNGLL,2454.26776,N,06708.28674,E,141302.00,A,D*74
$GNRMC,141303.00,A,2454.26776,N,06708.28675,E,0.016,,080425,,,F,V*19
$GNVTG,,T,,M,0.016,N,0.030,K,D*3C
$GNGGA,141303.00,2454.26776,N,06708.28675,E,5,12,1.45,22.9,M,-44.2,M,1.0,0100*7B
$GNGSA,A,3,18,32,10,29,24,,,,,,,,3.01,1.45,2.64,1*07
$GNGSA,A,3,69,82,,,,,,,,,,,3.01,1.45,2.64,2*05
$GNGSA,A,3,,,,,,,,,,,,,3.01,1.45,2.64,3*01
$GNGSA,A,3,10,39,06,09,07,,,,,,,,3.01,1.45,2.64,4*05
$GNGSA,A,3,07,03,,,,,,,,,,,3.01,1.45,2.64,5*03
$GPGSV,2,1,06,10,48,308,38,15,16,041,15,18,55,078,25,24,23,084,30,1*67
$GPGSV,2,2,06,29,17,161,27,32,44,207,34,1*6F
$GPGSV,2,1,05,10,48,308,34,18,55,078,30,24,23,084,21,29,17,161,34,6*65
$GPGSV,2,2,05,32,44,207,28,6*58
$GPGSV,1,1,02,08,02,323,,16,09,258,,0*6E
$GLGSV,1,1,03,69,72,295,32,70,17,226,24,82,21,133,40,1*43
$GLGSV,2,1,05,69,72,295,28,82,21,133,37,83,58,103,18,84,40,344,19,3*70
$GLGSV,2,2,05,,,,38,3*74
$GLGSV,1,1,01,68,36,020,,0*41
$GAGSV,1,1,00,0*74
$GBGSV,2,1,05,06,28,125,32,07,11,157,30,09,24,139,34,10,20,164,20,1*7D
$GBGSV,2,2,05,39,32,105,36,1*49
$GBGSV,1,1,04,06,28,125,35,07,11,157,28,09,24,139,34,10,20,164,36,B*05
$GQGSV,1,1,02,03,13,111,37,07,19,104,29,1*62
$GQGSV,1,1,02,03,13,111,17,07,19,104,35,6*6A
$GNGLL,2454.26776,N,06708.28675,E,141303.00,A,D*74
$GNRMC,141304.00,A,2454.26776,N,06708.28675,E,0.037,,080425,,,F,V*1D
$GNVTG,,T,,M,0.037,N,0.068,K,D*32
$GNGGA,141304.00,2454.26776,N,06708.28675,E,5,12,1.45,22.9,M,-44.2,M,2.0,0100*7F
$GNGSA,A,3,18,32,10,29,24,,,,,,,,3.01,1.45,2.64,1*07
$GNGSA,A,3,69,82,,,,,,,,,,,3.01,1.45,2.64,2*05
$GNGSA,A,3,,,,,,,,,,,,,3.01,1.45,2.64,3*01
$GNGSA,A,3,10,39,06,09,07,,,,,,,,3.01,1.45,2.64,4*05
$GNGSA,A,3,07,03,,,,,,,,,,,3.01,1.45,2.64,5*03
$GPGSV,2,1,06,10,48,308,38,15,16,041,16,18,55,078,25,24,23,084,30,1*64
$GPGSV,2,2,06,29,17,161,27,32,44,207,34,1*6F
$GPGSV,2,1,05,10,48,308,34,18,55,078,30,24,23,084,22,29,17,161,34,6*66
$GPGSV,2,2,05,32,44,207,27,6*57
$GPGSV,1,1,02,08,02,323,,16,09,258,,0*6E
$GLGSV,1,1,03,69,72,295,32,70,17,226,24,82,21,133,40,1*43
$GLGSV,2,1,05,69,72,295,27,82,21,133,37,83,58,103,17,84,40,344,18,3*71
$GLGSV,2,2,05,,,,38,3*74
$GLGSV,1,1,01,68,36,020,,0*41
$GAGSV,1,1,00,0*74
$GBGSV,2,1,05,06,28,125,32,07,11,157,30,09,24,139,34,10,20,164,20,1*7D
$GBGSV,2,2,05,39,32,105,37,1*48
$GBGSV,1,1,04,06,28,125,35,07,11,157,28,09,24,139,34,10,20,164,36,B*05
$GQGSV,1,1,02,03,13,111,37,07,19,104,29,1*62
$GQGSV,1,1,02,03,13,111,16,07,19,104,35,6*6B
$GNGLL,2454.26776,N,06708.28675,E,141304.00,A,D*73
$GNRMC,141305.00,A,2454.26776,N,06708.28675,E,0.022,,080425,,,F,V*18
$GNVTG,,T,,M,0.022,N,0.040,K,D*3C
$GNGGA,141305.00,2454.26776,N,06708.28675,E,5,12,1.45,22.9,M,-44.2,M,1.0,0100*7D
$GNGSA,A,3,18,32,10,29,24,,,,,,,,3.01,1.45,2.64,1*07
$GNGSA,A,3,69,82,,,,,,,,,,,3.01,1.45,2.64,2*05
$GNGSA,A,3,,,,,,,,,,,,,3.01,1.45,2.64,3*01
$GNGSA,A,3,10,39,06,09,07,,,,,,,,3.01,1.45,2.64,4*05
$GNGSA,A,3,07,03,,,,,,,,,,,3.01,1.45,2.64,5*03
$GPGSV,2,1,06,10,48,308,38,15,16,041,17,18,55,078,25,24,23,084,30,1*65
$GPGSV,2,2,06,29,17,161,27,32,44,207,34,1*6F
$GPGSV,2,1,05,10,48,308,34,18,55,078,30,24,23,084,23,29,17,161,33,6*60
$GPGSV,2,2,05,32,44,207,27,6*57
$GPGSV,1,1,02,08,02,323,,16,09,258,,0*6E
$GLGSV,1,1,03,69,72,295,32,70,17,226,23,82,21,133,40,1*44
$GLGSV,2,1,05,69,72,295,27,82,21,133,37,83,58,103,16,84,40,344,19,3*71
$GLGSV,2,2,05,,,,38,3*74
$GLGSV,1,1,01,68,36,020,,0*41
$GAGSV,1,1,00,0*74
$GBGSV,2,1,05,06,28,125,32,07,11,157,30,09,24,139,34,10,20,164,21,1*7C
$GBGSV,2,2,05,39,32,105,36,1*49
$GBGSV,1,1,04,06,28,125,35,07,11,157,27,09,24,139,34,10,20,164,36,B*0A
$GQGSV,1,1,02,03,13,111,37,07,19,104,29,1*62
$GQGSV,1,1,02,03,13,111,16,07,19,104,35,6*6B
$GNGLL,2454.26776,N,06708.28675,E,141305.00,A,D*72
$GNRMC,141306.00,A,2454.26777,N,06708.28675,E,0.034,,080425,,,F,V*1D
$GNVTG,,T,,M,0.034,N,0.064,K,D*3D
$GNGGA,141306.00,2454.26777,N,06708.28675,E,5,12,1.45,22.9,M,-44.2,M,2.0,0100*7C
$GNGSA,A,3,18,32,10,29,24,,,,,,,,3.01,1.45,2.64,1*07
$GNGSA,A,3,69,82,,,,,,,,,,,3.01,1.45,2.64,2*05
$GNGSA,A,3,,,,,,,,,,,,,3.01,1.45,2.64,3*01
$GNGSA,A,3,10,39,06,09,07,,,,,,,,3.01,1.45,2.64,4*05
$GNGSA,A,3,07,03,,,,,,,,,,,3.01,1.45,2.64,5*03
$GPGSV,2,1,06,10,48,308,37,15,16,041,16,18,55,078,26,24,23,084,30,1*68
$GPGSV,2,2,06,29,17,161,27,32,44,207,34,1*6F
$GPGSV,2,1,05,10,48,308,34,18,55,078,30,24,23,084,23,29,17,161,33,6*60
$GPGSV,2,2,05,32,44,207,28,6*58
$GPGSV,1,1,02,08,02,323,,16,09,258,,0*6E
$GLGSV,1,1,03,69,72,295,32,70,17,226,23,82,21,133,40,1*44
$GLGSV,2,1,05,69,72,295,27,82,21,133,37,83,58,103,17,84,40,344,20,3*7A
$GLGSV,2,2,05,,,,38,3*74
$GLGSV,1,1,01,68,36,020,,0*41
$GAGSV,1,1,00,0*74
$GBGSV,2,1,05,06,28,125,31,07,11,157,30,09,24,139,33,10,20,164,20,1*79
$GBGSV,2,2,05,39,32,105,36,1*49
$GBGSV,1,1,04,06,28,125,35,07,11,157,28,09,24,139,34,10,20,164,36,B*05
$GQGSV,1,1,02,03,13,111,37,07,19,104,29,1*62
$GQGSV,1,1,02,03,13,111,17,07,19,104,36,6*69
$GNGLL,2454.26777,N,06708.28675,E,141306.00,A,D*70
$GNRMC,141307.00,A,2454.26777,N,06708.28675,E,0.038,,080425,,,F,V*10
$GNVTG,,T,,M,0.038,N,0.069,K,D*3C
$GNGGA,141307.00,2454.26777,N,06708.28675,E,5,12,1.45,22.9,M,-44.2,M,1.0,0100*7E
$GNGSA,A,3,18,32,10,29,24,,,,,,,,3.01,1.45,2.64,1*07
$GNGSA,A,3,69,82,,,,,,,,,,,3.01,1.45,2.64,2*05
$GNGSA,A,3,,,,,,,,,,,,,3.01,1.45,2.64,3*01
$GNGSA,A,3,10,39,06,09,07,,,,,,,,3.01,1.45,2.64,4*05
$GNGSA,A,3,07,03,,,,,,,,,,,3.01,1.45,2.64,5*03
$GPGSV,2,1,06,10,48,308,38,15,16,041,17,18,55,078,26,24,23,084,30,1*66
$GPGSV,2,2,06,29,17,161,28,32,45,208,33,1*69
$GPGSV,2,1,05,10,48,308,34,18,55,078,30,24,23,084,24,29,17,161,33,6*67
$GPGSV,2,2,05,32,45,208,28,6*56
$GPGSV,1,1,02,08,02,323,,16,09,258,,0*6E
$GLGSV,1,1,03,69,72,295,32,70,17,226,23,82,21,133,40,1*44
$GLGSV,2,1,05,69,72,295,27,82,21,133,37,83,58,103,17,84,40,344,19,3*70
$GLGSV,2,2,05,,,,38,3*74
$GLGSV,1,1,01,68,36,020,,0*41
$GAGSV,1,1,00,0*74
$GBGSV,2,1,05,06,28,125,31,07,11,157,30,09,24,139,33,10,20,164,20,1*79
$GBGSV,2,2,05,39,32,105,36,1*49
$GBGSV,1,1,04,06,28,125,35,07,11,157,28,09,24,139,34,10,20,164,36,B*05
$GQGSV,1,1,02,03,13,111,37,07,19,104,29,1*62
$GQGSV,1,1,02,03,13,111,17,07,19,104,35,6*6A
$GNGLL,2454.26777,N,06708.28675,E,141307.00,A,D*71
$GNRMC,141308.00,A,2454.26777,N,06708.28674,E,0.036,,080425,,,F,V*10
$GNVTG,,T,,M,0.036,N,0.066,K,D*3D
$GNGGA,141308.00,2454.26777,N,06708.28674,E,5,12,1.45,22.9,M,-44.2,M,2.0,0100*73
$GNGSA,A,3,18,32,10,29,24,,,,,,,,3.01,1.45,2.64,1*07
$GNGSA,A,3,69,82,,,,,,,,,,,3.01,1.45,2.64,2*05
$GNGSA,A,3,,,,,,,,,,,,,3.01,1.45,2.64,3*01
$GNGSA,A,3,10,39,06,09,07,,,,,,,,3.01,1.45,2.64,4*05
$GNGSA,A,3,07,03,,,,,,,,,,,3.01,1.45,2.64,5*03
$GPGSV,2,1,06,10,48,308,38,15,16,041,16,18,55,078,25,24,23,084,30,1*64
$GPGSV,2,2,06,29,17,161,27,32,45,208,34,1*61
$GPGSV,2,1,05,10,48,308,34,18,55,078,29,24,23,084,23,29,17,161,34,6*6F
$GPGSV,2,2,05,32,45,208,28,6*56
$GPGSV,1,1,02,08,02,323,,16,09,258,,0*6E
$GLGSV,1,1,03,69,72,295,32,70,17,226,23,82,21,133,40,1*44
$GLGSV,2,1,05,69,72,295,27,82,21,133,37,83,58,103,16,84,40,344,19,3*71
$GLGSV,2,2,05,,,,38,3*74
$GLGSV,1,1,01,68,36,020,,0*41
$GAGSV,1,1,00,0*74
$GBGSV,2,1,05,06,28,125,32,07,11,157,30,09,24,139,33,10,20,164,20,1*7A
$GBGSV,2,2,05,39,32,105,37,1*48
$GBGSV,1,1,04,06,28,125,35,07,11,157,28,09,24,139,34,10,20,164,36,B*05
$GQGSV,1,1,02,03,13,111,37,07,19,104,29,1*62
$GQGSV,1,1,02,03,13,111,18,07,19,104,35,6*65
$GNGLL,2454.26777,N,06708.28674,E,141308.00,A,D*7F
$GNRMC,141309.00,A,2454.26776,N,06708.28673,E,0.058,,080425,,,F,V*1F
$GNVTG,,T,,M,0.058,N,0.107,K,D*33
$GNGGA,141309.00,2454.26776,N,06708.28673,E,5,12,1.45,22.9,M,-44.2,M,1.0,0100*77
$GNGSA,A,3,18,32,10,29,24,,,,,,,,3.01,1.45,2.64,1*07
$GNGSA,A,3,69,82,,,,,,,,,,,3.01,1.45,2.64,2*05
$GNGSA,A,3,,,,,,,,,,,,,3.01,1.45,2.64,3*01
$GNGSA,A,3,10,39,06,09,07,,,,,,,,3.01,1.45,2.64,4*05
$GNGSA,A,3,07,03,,,,,,,,,,,3.01,1.45,2.64,5*03
$GPGSV,2,1,06,10,48,308,38,15,16,041,16,18,55,078,25,24,23,084,30,1*64
$GPGSV,2,2,06,29,17,161,27,32,45,208,34,1*61
$GPGSV,2,1,05,10,48,308,34,18,55,078,29,24,23,084,23,29,17,161,34,6*6F
$GPGSV,2,2,05,32,45,208,28,6*56
$GPGSV,1,1,02,08,02,323,,16,09,258,,0*6E
$GLGSV,1,1,03,69,72,295,32,70,17,226,23,82,21,133,40,1*44
$GLGSV,1,1,04,69,72,295,27,82,21,133,37,83,58,103,16,84,40,344,19,3*73
$GLGSV,1,1,01,68,36,020,,0*41
$GAGSV,1,1,00,0*74
$GBGSV,2,1,05,06,28,125,32,07,11,157,31,09,24,139,33,10,20,164,20,1*7B
$GBGSV,2,2,05,39,32,105,36,1*49
$GBGSV,1,1,04,06,28,125,34,07,11,157,28,09,24,139,35,10,20,164,36,B*05
$GQGSV,1,1,02,03,13,111,37,07,19,104,29,1*62
$GQGSV,1,1,02,03,13,111,19,07,19,104,36,6*67
$GNGLL,2454.26776,N,06708.28673,E,141309.00,A,D*78
$GNRMC,141310.00,A,2454.26776,N,06708.28672,E,0.015,,080425,,,F,V*1F
$GNVTG,,T,,M,0.015,N,0.028,K,D*36
$GNGGA,141310.00,2454.26776,N,06708.28672,E,5,12,1.45,22.9,M,-44.2,M,2.0,0100*7D
$GNGSA,A,3,18,32,10,29,24,,,,,,,,3.01,1.45,2.64,1*07
$GNGSA,A,3,69,82,,,,,,,,,,,3.01,1.45,2.64,2*05
$GNGSA,A,3,,,,,,,,,,,,,3.01,1.45,2.64,3*01
$GNGSA,A,3,10,39,06,09,07,,,,,,,,3.01,1.45,2.64,4*05
$GNGSA,A,3,07,03,,,,,,,,,,,3.01,1.45,2.64,5*03
$GPGSV,2,1,06,10,48,308,38,15,16,041,16,18,55,078,26,24,23,084,30,1*67
$GPGSV,2,2,06,29,17,161,27,32,45,208,34,1*61
$GPGSV,2,1,05,10,48,308,34,18,55,078,30,24,23,084,23,29,17,161,34,6*67
$GPGSV,2,2,05,32,45,208,28,6*56
$GPGSV,1,1,02,08,02,323,,16,09,258,,0*6E
$GLGSV,1,1,03,69,72,295,32,70,17,226,23,82,21,133,40,1*44
$GLGSV,1,1,04,69,72,295,27,82,21,133,37,83,58,103,15,84,40,344,19,3*70
$GLGSV,1,1,01,68,36,020,,0*41
$GAGSV,1,1,00,0*74
$GBGSV,2,1,05,06,28,125,32,07,11,157,31,09,24,139,33,10,20,164,20,1*7B
$GBGSV,2,2,05,39,32,105,36,1*49
$GBGSV,1,1,04,06,28,125,34,07,11,157,29,09,24,139,34,10,20,164,36,B*05
$GQGSV,1,1,02,03,13,111,37,07,19,104,29,1*62
$GQGSV,1,1,02,03,13,111,19,07,19,104,35,6*64
$GNGLL,2454.26776,N,06708.28672,E,141310.00,A,D*71
$GNRMC,141311.00,A,2454.26776,N,06708.28671,E,0.044,,080425,,,F,V*19
$GNVTG,,T,,M,0.044,N,0.082,K,D*32
$GNGGA,141311.00,2454.26776,N,06708.28671,E,5,12,1.45,22.9,M,-44.2,M,1.0,0100*7C
$GNGSA,A,3,18,32,10,29,24,,,,,,,,3.01,1.45,2.64,1*07
$GNGSA,A,3,69,82,,,,,,,,,,,3.01,1.45,2.64,2*05
$GNGSA,A,3,,,,,,,,,,,,,3.01,1.45,2.64,3*01
$GNGSA,A,3,10,39,06,09,07,,,,,,,,3.01,1.45,2.64,4*05
$GNGSA,A,3,07,03,,,,,,,,,,,3.01,1.45,2.64,5*03
$GPGSV,2,1,06,10,48,308,38,15,16,041,15,18,55,078,26,24,23,084,30,1*64
$GPGSV,2,2,06,29,17,161,27,32,45,208,34,1*61
$GPGSV,2,1,05,10,48,308,34,18,55,078,30,24,23,084,24,29,17,161,35,6*61
$GPGSV,2,2,05,32,45,208,28,6*56
$GPGSV,1,1,02,08,02,323,,16,09,258,,0*6E
$GLGSV,1,1,03,69,72,295,32,70,17,226,22,82,21,133,40,1*45
$GLGSV,1,1,04,69,72,295,27,82,21,133,37,83,58,103,15,84,40,344,20,3*7A
$GLGSV,1,1,01,68,36,020,,0*41
$GAGSV,1,1,00,0*74
$GBGSV,2,1,05,06,28,125,32,07,11,157,31,09,24,139,33,10,20,164,20,1*7B
$GBGSV,2,2,05,39,32,105,36,1*49
$GBGSV,1,1,04,06,28,125,34,07,11,157,28,09,24,139,35,10,20,164,36,B*05
$GQGSV,1,1,02,03,13,111,37,07,19,104,29,1*62
$GQGSV,1,1,02,03,13,111,21,07,19,104,35,6*6F
$GNGLL,2454.26776,N,06708.28671,E,141311.00,A,D*73
$GNRMC,141312.00,A,2454.26777,N,06708.28671,E,0.087,,080425,,,F,V*14
$GNVTG,,T,,M,0.087,N,0.161,K,D*31
$GNGGA,141312.00,2454.26777,N,06708.28671,E,5,12,1.45,22.9,M,-44.2,M,2.0,0100*7D
$GNGSA,A,3,18,32,10,29,24,,,,,,,,3.01,1.45,2.64,1*07
$GNGSA,A,3,69,82,,,,,,,,,,,3.01,1.45,2.64,2*05
$GNGSA,A,3,,,,,,,,,,,,,3.01,1.45,2.64,3*01
$GNGSA,A,3,10,39,06,09,07,,,,,,,,3.01,1.45,2.64,4*05
$GNGSA,A,3,07,03,,,,,,,,,,,3.01,1.45,2.64,5*03
$GPGSV,2,1,06,10,48,308,38,15,16,041,16,18,55,078,26,24,23,084,30,1*67
$GPGSV,2,2,06,29,17,161,27,32,45,208,34,1*61
$GPGSV,2,1,05,10,48,308,34,18,55,078,29,24,23,084,24,29,17,161,35,6*69
$GPGSV,2,2,05,32,45,208,28,6*56
$GPGSV,1,1,02,08,02,323,,16,09,258,,0*6E
$GLGSV,1,1,03,69,72,295,31,70,17,226,23,82,21,133,40,1*47
$GLGSV,2,1,05,69,72,295,27,82,21,133,37,83,58,103,15,84,40,344,20,3*78
$GLGSV,2,2,05,,,,33,3*7F
$GLGSV,1,1,01,68,36,020,,0*41
$GAGSV,1,1,00,0*74
$GBGSV,2,1,05,06,28,125,31,07,11,157,30,09,24,139,33,10,20,164,21,1*78
$GBGSV,2,2,05,39,32,105,36,1*49
$GBGSV,1,1,04,06,28,125,35,07,11,157,27,09,24,139,34,10,20,164,36,B*0A
$GQGSV,1,1,02,03,13,111,37,07,19,104,29,1*62
$GQGSV,1,1,02,03,13,111,20,07,19,104,36,6*6D
$GNGLL,2454.26777,N,06708.28671,E,141312.00,A,D*71
$GNRMC,141313.00,A,2454.26776,N,06708.28670,E,0.037,,080425,,,F,V*1E
$GNVTG,,T,,M,0.037,N,0.068,K,D*32
$GNGGA,141313.00,2454.26776,N,06708.28670,E,5,12,1.45,22.9,M,-44.2,M,1.0,0100*7F
$GNGSA,A,3,18,32,10,29,24,,,,,,,,3.01,1.45,2.64,1*07
$GNGSA,A,3,69,82,,,,,,,,,,,3.01,1.45,2.64,2*05
$GNGSA,A,3,,,,,,,,,,,,,3.01,1.45,2.64,3*01
$GNGSA,A,3,10,39,06,09,07,,,,,,,,3.01,1.45,2.64,4*05
$GNGSA,A,3,07,03,,,,,,,,,,,3.01,1.45,2.64,5*03
$GPGSV,2,1,06,10,48,308,38,15,16,041,17,18,55,078,26,24,23,084,29,1*6E
$GPGSV,2,2,06,29,17,161,27,32,45,208,34,1*61
$GPGSV,2,1,05,10,48,308,34,18,55,078,30,24,23,084,24,29,17,161,35,6*61
$GPGSV,2,2,05,32,45,208,28,6*56
$GPGSV,1,1,02,08,02,323,,16,09,258,,0*6E
$GLGSV,1,1,03,69,72,295,31,70,17,226,23,82,21,133,40,1*47
$GLGSV,2,1,05,69,72,295,27,82,21,133,37,83,58,103,16,84,40,344,20,3*7B
$GLGSV,2,2,05,,,,37,3*7B
$GLGSV,1,1,01,68,36,020,,0*41
$GAGSV,1,1,00,0*74
$GBGSV,2,1,05,06,28,125,31,07,11,157,30,09,24,139,33,10,20,164,20,1*79
$GBGSV,2,2,05,39,32,105,37,1*48
$GBGSV,1,1,04,06,28,125,35,07,11,157,27,09,24,139,34,10,20,164,36,B*0A
$GQGSV,1,1,02,03,13,111,37,07,19,104,29,1*62
$GQGSV,1,1,02,03,13,111,21,07,19,104,36,6*6C
$GNGLL,2454.26776,N,06708.28670,E,141313.00,A,D*70
$GNRMC,141314.00,A,2454.26776,N,06708.28669,E,0.039,,080425,,,F,V*1F
$GNVTG,,T,,M,0.039,N,0.072,K,D*37
$GNGGA,141314.00,2454.26776,N,06708.28669,E,5,12,1.45,22.9,M,-44.2,M,2.0,0100*73
$GNGSA,A,3,18,32,10,29,24,,,,,,,,3.01,1.45,2.64,1*07
$GNGSA,A,3,69,82,,,,,,,,,,,3.01,1.45,2.64,2*05
$GNGSA,A,3,,,,,,,,,,,,,3.01,1.45,2.64,3*01
$GNGSA,A,3,10,39,06,09,07,,,,,,,,3.01,1.45,2.64,4*05
$GNGSA,A,3,07,03,,,,,,,,,,,3.01,1.45,2.64,5*03
$GPGSV,2,1,06,10,48,308,38,15,16,041,17,18,55,078,26,24,23,084,29,1*6E
$GPGSV,2,2,06,29,17,161,27,32,45,208,34,1*61
$GPGSV,2,1,05,10,48,308,34,18,55,078,29,24,23,084,24,29,17,161,35,6*69
$GPGSV,2,2,05,32,45,208,28,6*56
$GPGSV,1,1,02,08,02,323,,16,09,258,,0*6E
$GLGSV,1,1,03,69,72,295,31,70,17,226,23,82,21,133,40,1*47
$GLGSV,2,1,05,69,72,295,26,82,21,133,37,83,58,103,15,84,40,344,20,3*79
$GLGSV,2,2,05,,,,37,3*7B
$GLGSV,1,1,01,68,36,020,,0*41
$GAGSV,1,1,00,0*74
$GBGSV,2,1,05,06,28,125,31,07,11,157,31,09,24,139,33,10,20,164,20,1*78
$GBGSV,2,2,05,39,32,105,36,1*49
$GBGSV,1,1,04,06,28,125,35,07,11,157,26,09,24,139,34,10,20,164,36,B*0B
$GQGSV,1,1,02,03,13,111,37,07,19,104,29,1*62
$GQGSV,1,1,02,03,13,111,20,07,19,104,36,6*6D
$GNGLL,2454.26776,N,06708.28669,E,141314.00,A,D*7F
$GNRMC,141315.00,A,2454.26776,N,06708.28669,E,0.010,,080425,,,F,V*15
$GNVTG,,T,,M,0.010,N,0.019,K,D*31
$GNGGA,141315.00,2454.26776,N,06708.28669,E,5,12,1.45,22.9,M,-44.2,M,1.0,0100*71
$GNGSA,A,3,18,32,10,29,24,,,,,,,,3.01,1.45,2.64,1*07
$GNGSA,A,3,69,82,,,,,,,,,,,3.01,1.45,2.64,2*05
$GNGSA,A,3,,,,,,,,,,,,,3.01,1.45,2.64,3*01
$GNGSA,A,3,10,39,06,09,07,,,,,,,,3.01,1.45,2.64,4*05
$GNGSA,A,3,07,03,,,,,,,,,,,3.01,1.45,2.64,5*03
$GPGSV,2,1,06,10,48,308,38,15,16,041,17,18,55,078,26,24,23,084,29,1*6E
$GPGSV,2,2,06,29,17,161,27,32,45,208,34,1*61
$GPGSV,2,1,05,10,48,308,34,18,55,078,30,24,23,084,24,29,17,161,35,6*61
$GPGSV,2,2,05,32,45,208,28,6*56
$GPGSV,1,1,02,08,02,323,,16,09,258,,0*6E
$GLGSV,1,1,03,69,72,295,31,70,17,226,22,82,21,133,40,1*46
$GLGSV,2,1,05,69,72,295,26,82,21,133,37,83,58,103,15,84,40,344,19,3*73
$GLGSV,2,2,05,,,,37,3*7B
$GLGSV,1,1,01,68,36,020,,0*41
$GAGSV,1,1,00,0*74
$GBGSV,2,1,05,06,28,125,32,07,11,157,30,09,24,139,33,10,20,164,20,1*7A
$GBGSV,2,2,05,39,32,105,36,1*49
$GBGSV,1,1,04,06,28,125,35,07,11,157,26,09,24,139,34,10,20,164,36,B*0B
$GQGSV,1,1,02,03,13,111,37,07,19,104,29,1*62
$GQGSV,1,1,02,03,13,111,20,07,19,104,36,6*6D
$GNGLL,2454.26776,N,06708.28669,E,141315.00,A,D*7E
$GNRMC,141316.00,A,2454.26776,N,06708.28670,E,0.042,,080425,,,F,V*19
$GNVTG,,T,,M,0.042,N,0.077,K,D*3E
$GNGGA,141316.00,2454.26776,N,06708.28670,E,5,12,1.45,22.9,M,-44.2,M,2.0,0100*79
$GNGSA,A,3,18,32,10,29,24,,,,,,,,3.01,1.45,2.64,1*07
$GNGSA,A,3,69,82,,,,,,,,,,,3.01,1.45,2.64,2*05
$GNGSA,A,3,,,,,,,,,,,,,3.01,1.45,2.64,3*01
$GNGSA,A,3,10,39,06,09,07,,,,,,,,3.01,1.45,2.64,4*05
$GNGSA,A,3,07,03,,,,,,,,,,,3.01,1.45,2.64,5*03
$GPGSV,2,1,06,10,48,308,38,15,16,041,16,18,55,078,26,24,23,084,29,1*6F
$GPGSV,2,2,06,29,17,161,27,32,45,208,34,1*61
$GPGSV,2,1,05,10,48,308,34,18,55,078,30,24,23,084,24,29,17,161,35,6*61
$GPGSV,2,2,05,32,45,208,28,6*56
$GPGSV,1,1,02,08,02,323,,16,09,258,,0*6E
$GLGSV,1,1,03,69,72,295,31,70,17,227,23,82,21,133,40,1*46
$GLGSV,2,1,05,69,72,295,26,82,21,133,37,83,58,103,15,84,40,344,20,3*79
$GLGSV,2,2,05,,,,37,3*7B
$GLGSV,1,1,01,68,36,020,,0*41
$GAGSV,1,1,00,0*74
$GBGSV,2,1,05,06,28,125,32,07,11,157,30,09,24,139,33,10,20,164,20,1*7A
$GBGSV,2,2,05,39,32,105,36,1*49
$GBGSV,1,1,04,06,28,125,35,07,11,157,26,09,24,139,34,10,20,164,36,B*0B
$GQGSV,1,1,02,03,13,111,37,07,19,104,29,1*62
$GQGSV,1,1,02,03,13,111,20,07,19,104,36,6*6D
$GNGLL,2454.26776,N,06708.28670,E,141316.00,A,D*75
$GNRMC,141317.00,A,2454.26776,N,06708.28670,E,0.008,,080425,,,F,V*16
$GNVTG,,T,,M,0.008,N,0.015,K,D*34
$GNGGA,141317.00,2454.26776,N,06708.28670,E,5,12,1.45,22.9,M,-44.2,M,1.0,0100*7B
$GNGSA,A,3,18,32,10,29,24,,,,,,,,3.01,1.45,2.64,1*07
$GNGSA,A,3,69,82,,,,,,,,,,,3.01,1.45,2.64,2*05
$GNGSA,A,3,,,,,,,,,,,,,3.01,1.45,2.64,3*01
$GNGSA,A,3,10,39,06,09,07,,,,,,,,3.01,1.45,2.64,4*05
$GNGSA,A,3,07,03,,,,,,,,,,,3.01,1.45,2.64,5*03
$GPGSV,2,1,06,10,48,308,38,15,16,041,16,18,55,078,26,24,23,084,29,1*6F
$GPGSV,2,2,06,29,17,161,28,32,45,208,34,1*6E
$GPGSV,2,1,05,10,48,308,34,18,55,078,30,24,23,084,23,29,17,161,35,6*66
$GPGSV,2,2,05,32,45,208,28,6*56
$GPGSV,1,1,02,08,02,323,,16,09,258,,0*6E
$GLGSV,1,1,03,69,72,295,31,70,17,227,23,82,21,133,40,1*46
$GLGSV,2,1,05,69,72,295,26,82,21,133,36,83,58,103,15,84,40,344,19,3*72
$GLGSV,2,2,05,,,,37,3*7B
$GLGSV,1,1,01,68,36,020,,0*41
$GAGSV,1,1,00,0*74
$GBGSV,2,1,05,06,28,125,32,07,11,157,31,09,24,139,33,10,20,164,19,1*71
$GBGSV,2,2,05,39,32,105,36,1*49
$GBGSV,1,1,04,06,28,125,35,07,11,157,26,09,24,139,34,10,20,164,36,B*0B
$GQGSV,1,1,02,03,13,111,37,07,19,104,29,1*62
$GQGSV,1,1,02,03,13,111,20,07,19,104,36,6*6D
$GNGLL,2454.26776,N,06708.28670,E,141317.00,A,D*74
$GNRMC,141318.00,A,2454.26777,N,06708.28670,E,0.011,,080425,,,F,V*10
$GNVTG,,T,,M,0.011,N,0.020,K,D*3A
$GNGGA,141318.00,2454.26777,N,06708.28670,E,5,12,1.45,22.9,M,-44.2,M,2.0,0100*76
$GNGSA,A,3,18,32,10,29,24,,,,,,,,3.01,1.45,2.64,1*07
$GNGSA,A,3,69,82,,,,,,,,,,,3.01,1.45,2.64,2*05
$GNGSA,A,3,,,,,,,,,,,,,3.01,1.45,2.64,3*01
$GNGSA,A,3,10,39,06,09,07,,,,,,,,3.01,1.45,2.64,4*05
$GNGSA,A,3,07,03,,,,,,,,,,,3.01,1.45,2.64,5*03
$GPGSV,2,1,06,10,48,308,38,15,16,041,16,18,55,078,26,24,23,084,29,1*6F
$GPGSV,2,2,06,29,17,161,28,32,45,208,34,1*6E
$GPGSV,2,1,05,10,48,308,34,18,55,078,29,24,23,084,23,29,17,161,35,6*6E
$GPGSV,2,2,05,32,45,208,29,6*57
$GPGSV,1,1,02,08,02,323,,16,09,258,,0*6E
$GLGSV,1,1,03,69,72,295,31,70,17,227,24,82,21,133,40,1*41
$GLGSV,2,1,05,69,72,295,26,82,21,133,36,83,58,103,15,84,40,344,19,3*72
$GLGSV,2,2,05,,,,37,3*7B
$GLGSV,1,1,01,68,36,020,,0*41
$GAGSV,1,1,00,0*74
$GBGSV,2,1,05,06,28,125,32,07,11,157,30,09,24,139,33,10,20,164,19,1*70
$GBGSV,2,2,05,39,32,105,36,1*49
$GBGSV,1,1,04,06,28,125,35,07,11,157,26,09,24,139,34,10,20,164,36,B*0B
$GQGSV,1,1,02,03,13,111,37,07,19,104,29,1*62
$GQGSV,1,1,02,03,13,111,20,07,19,104,36,6*6D
$GNGLL,2454.26777,N,06708.28670,E,141318.00,A,D*7A
$GNRMC,141319.00,A,2454.26776,N,06708.28669,E,0.052,,080425,,,F,V*1F
$GNVTG,,T,,M,0.052,N,0.097,K,D*31
$GNGGA,141319.00,2454.26776,N,06708.28669,E,5,12,1.45,22.8,M,-44.2,M,1.0,0100*7C
$GNGSA,A,3,18,32,10,29,24,,,,,,,,3.01,1.45,2.64,1*07
$GNGSA,A,3,69,82,,,,,,,,,,,3.01,1.45,2.64,2*05
$GNGSA,A,3,,,,,,,,,,,,,3.01,1.45,2.64,3*01
$GNGSA,A,3,10,39,06,09,07,,,,,,,,3.01,1.45,2.64,4*05
$GNGSA,A,3,07,03,,,,,,,,,,,3.01,1.45,2.64,5*03
$GPGSV,2,1,06,10,48,308,38,15,16,041,15,18,55,078,26,24,23,084,29,1*6C
$GPGSV,2,2,06,29,17,161,28,32,45,208,34,1*6E
$GPGSV,2,1,05,10,48,308,34,18,55,078,29,24,23,084,24,29,17,161,36,6*6A
$GPGSV,2,2,05,32,45,208,29,6*57
$GPGSV,1,1,02,08,02,323,,16,09,258,,0*6E
$GLGSV,1,1,03,69,72,295,31,70,17,227,24,82,21,133,40,1*41
$GLGSV,2,1,05,69,72,295,26,82,21,133,36,83,58,103,15,84,40,344,18,3*73
$GLGSV,2,2,05,,,,37,3*7B
$GLGSV,1,1,01,68,36,020,,0*41
$GAGSV,1,1,00,0*74
$GBGSV,2,1,05,06,28,125,32,07,11,157,30,09,24,139,33,10,20,164,19,1*70
$GBGSV,2,2,05,39,32,105,36,1*49
$GBGSV,1,1,04,06,28,125,34,07,11,157,27,09,24,139,34,10,20,164,36,B*0B
$GQGSV,1,1,02,03,13,111,37,07,19,104,29,1*62
$GQGSV,1,1,02,03,13,111,20,07,19,104,36,6*6D
$GNGLL,2454.26776,N,06708.28669,E,141319.00,A,D*72
$GNRMC,141320.00,A,2454.26776,N,06708.28668,E,0.035,,080425,,,F,V*15
$GNVTG,,T,,M,0.035,N,0.064,K,D*3C
$GNGGA,141320.00,2454.26776,N,06708.28668,E,5,12,1.45,22.8,M,-44.2,M,2.0,0100*74
$GNGSA,A,3,18,32,10,29,24,,,,,,,,3.01,1.45,2.64,1*07
$GNGSA,A,3,69,82,,,,,,,,,,,3.01,1.45,2.64,2*05
$GNGSA,A,3,,,,,,,,,,,,,3.01,1.45,2.64,3*01
$GNGSA,A,3,10,39,06,09,07,,,,,,,,3.01,1.45,2.64,4*05
$GNGSA,A,3,07,03,,,,,,,,,,,3.01,1.45,2.64,5*03
$GPGSV,2,1,06,10,48,308,38,15,16,041,15,18,55,078,26,24,23,084,29,1*6C
$GPGSV,2,2,06,29,17,161,27,32,45,208,34,1*61
$GPGSV,2,1,05,10,48,308,34,18,55,078,29,24,23,084,24,29,17,161,36,6*6A
$GPGSV,2,2,05,32,45,208,29,6*57
$GPGSV,1,1,02,08,02,323,,16,09,258,,0*6E
$GLGSV,1,1,03,69,72,295,31,70,17,227,24,82,21,133,40,1*41
$GLGSV,2,1,05,69,72,295,27,82,21,133,36,83,58,103,16,84,40,344,18,3*71
$GLGSV,2,2,05,,,,37,3*7B
$GLGSV,1,1,01,68,36,020,,0*41
$GAGSV,1,1,00,0*74
$GBGSV,2,1,05,06,29,125,32,07,11,157,30,09,24,139,33,10,20,164,18,1*70
$GBGSV,2,2,05,39,32,105,36,1*49
$GBGSV,1,1,04,06,29,125,35,07,11,157,27,09,24,139,35,10,20,164,36,B*0A
$GQGSV,1,1,02,03,13,111,37,07,19,104,29,1*62
$GQGSV,1,1,02,03,13,111,20,07,19,104,36,6*6D
$GNGLL,2454.26776,N,06708.28668,E,141320.00,A,D*79
$GNRMC,141321.00,A,2454.26776,N,06708.28668,E,0.026,,080425,,,F,V*16
$GNVTG,,T,,M,0.026,N,0.049,K,D*31
$GNGGA,141321.00,2454.26776,N,06708.28668,E,5,12,1.45,22.9,M,-44.2,M,1.0,0100*77
$GNGSA,A,3,18,32,10,29,24,,,,,,,,3.01,1.45,2.64,1*07
$GNGSA,A,3,69,82,,,,,,,,,,,3.01,1.45,2.64,2*05
$GNGSA,A,3,,,,,,,,,,,,,3.01,1.45,2.64,3*01
$GNGSA,A,3,10,39,06,09,07,,,,,,,,3.01,1.45,2.64,4*05
$GNGSA,A,3,07,03,,,,,,,,,,,3.01,1.45,2.64,5*03
$GPGSV,2,1,06,10,48,308,38,15,16,041,16,18,55,078,27,24,23,084,29,1*6E
$GPGSV,2,2,06,29,17,161,28,32,45,208,35,1*6F
$GPGSV,2,1,05,10,48,308,34,18,55,078,29,24,23,084,25,29,17,161,36,6*6B
$GPGSV,2,2,05,32,45,208,29,6*57
$GPGSV,1,1,02,08,02,323,,16,09,258,,0*6E
$GLGSV,1,1,03,69,72,295,32,70,17,227,23,82,21,133,40,1*45
$GLGSV,2,1,05,69,72,295,27,82,21,133,36,83,58,103,18,84,40,344,18,3*7F
$GLGSV,2,2,05,,,,37,3*7B
$GLGSV,1,1,01,68,36,020,,0*41
$GAGSV,1,1,00,0*74
$GBGSV,2,1,05,06,29,125,32,07,11,157,30,09,24,139,33,10,20,164,19,1*71
$GBGSV,2,2,05,39,32,105,36,1*49
$GBGSV,1,1,04,06,29,125,35,07,11,157,27,09,24,139,34,10,20,164,36,B*0B
$GQGSV,1,1,02,03,13,111,37,07,19,104,29,1*62
$GQGSV,1,1,02,03,13,111,21,07,19,104,36,6*6C
$GNGLL,2454.26776,N,06708.28668,E,141321.00,A,D*78
$GNRMC,141322.00,A,2454.26776,N,06708.28668,E,0.009,,080425,,,F,V*18
$GNVTG,,T,,M,0.009,N,0.016,K,D*36
$GNGGA,141322.00,2454.26776,N,06708.28668,E,5,12,1.45,22.9,M,-44.2,M,2.0,0100*77
$GNGSA,A,3,18,32,10,29,24,,,,,,,,3.01,1.45,2.64,1*07
$GNGSA,A,3,69,82,,,,,,,,,,,3.01,1.45,2.64,2*05
$GNGSA,A,3,,,,,,,,,,,,,3.01,1.45,2.64,3*01
$GNGSA,A,3,10,39,06,09,07,,,,,,,,3.01,1.45,2.64,4*05
$GNGSA,A,3,07,03,,,,,,,,,,,3.01,1.45,2.64,5*03
$GPGSV,2,1,06,10,48,308,38,15,16,041,16,18,55,078,27,24,23,084,29,1*6E
$GPGSV,2,2,06,29,17,161,28,32,45,208,35,1*6F
$GPGSV,2,1,05,10,48,308,34,18,55,078,29,24,23,084,25,29,17,161,36,6*6B
$GPGSV,2,2,05,32,45,208,29,6*57
$GPGSV,1,1,02,08,02,323,,16,09,258,,0*6E
$GLGSV,1,1,03,69,72,295,32,70,17,227,23,82,21,133,40,1*45
$GLGSV,2,1,05,69,72,295,26,82,21,133,36,83,58,103,19,84,40,344,18,3*7F
$GLGSV,2,2,05,,,,37,3*7B
$GLGSV,1,1,01,68,36,020,,0*41
$GAGSV,1,1,00,0*74
$GBGSV,2,1,05,06,29,125,32,07,11,157,30,09,24,139,33,10,20,164,18,1*70
$GBGSV,2,2,05,39,32,105,36,1*49
$GBGSV,1,1,04,06,29,125,35,07,11,157,27,09,24,139,34,10,20,164,36,B*0B
$GQGSV,1,1,02,03,13,111,37,07,19,104,29,1*62
$GQGSV,1,1,02,03,13,111,21,07,19,104,36,6*6C
$GNGLL,2454.26776,N,06708.28668,E,141322.00,A,D*7B
$GNRMC,141323.00,A,2454.26777,N,06708.28669,E,0.003,,080425,,,F,V*13
$GNVTG,,T,,M,0.003,N,0.006,K,D*3D
$GNGGA,141323.00,2454.26777,N,06708.28669,E,5,12,1.45,22.9,M,-44.2,M,1.0,0100*75
$GNGSA,A,3,18,32,10,29,24,,,,,,,,3.01,1.45,2.64,1*07
$GNGSA,A,3,69,82,,,,,,,,,,,3.01,1.45,2.64,2*05
$GNGSA,A,3,,,,,,,,,,,,,3.01,1.45,2.64,3*01
$GNGSA,A,3,10,39,06,09,07,,,,,,,,3.01,1.45,2.64,4*05
$GNGSA,A,3,07,03,,,,,,,,,,,3.01,1.45,2.64,5*03
$GPGSV,2,1,06,10,48,308,38,15,16,041,17,18,55,078,26,24,23,084,29,1*6E
$GPGSV,2,2,06,29,17,161,28,32,45,208,35,1*6F
$GPGSV,2,1,05,10,48,308,34,18,55,078,29,24,23,084,24,29,17,161,36,6*6A
$GPGSV,2,2,05,32,45,208,29,6*57
$GPGSV,1,1,02,08,02,323,,16,09,258,,0*6E
$GLGSV,1,1,03,69,72,295,32,70,17,227,23,82,21,133,40,1*45
$GLGSV,2,1,05,69,72,295,26,82,21,133,36,83,58,103,18,84,40,344,18,3*7E
$GLGSV,2,2,05,,,,37,3*7B
$GLGSV,1,1,01,68,36,020,,0*41
$GAGSV,1,1,00,0*74
$GBGSV,2,1,05,06,29,125,32,07,11,157,30,09,24,139,33,10,20,164,19,1*71
$GBGSV,2,2,05,39,32,105,36,1*49
$GBGSV,1,1,04,06,29,125,35,07,11,157,27,09,24,139,34,10,20,164,36,B*0B
$GQGSV,1,1,02,03,13,111,37,07,19,104,29,1*62
$GQGSV,1,1,02,03,13,111,21,07,19,104,36,6*6C
$GNGLL,2454.26777,N,06708.28669,E,141323.00,A,D*7A
$GNRMC,141324.00,A,2454.26777,N,06708.28668,E,0.018,,080425,,,F,V*1F
$GNVTG,,T,,M,0.018,N,0.034,K,D*36
$GNGGA,141324.00,2454.26777,N,06708.28668,E,5,12,1.45,22.9,M,-44.2,M,2.0,0100*70
$GNGSA,A,3,18,32,10,29,24,,,,,,,,3.01,1.45,2.63,1*00
$GNGSA,A,3,69,82,,,,,,,,,,,3.01,1.45,2.63,2*02
$GNGSA,A,3,,,,,,,,,,,,,3.01,1.45,2.63,3*06
$GNGSA,A,3,10,39,06,09,07,,,,,,,,3.01,1.45,2.63,4*02
$GNGSA,A,3,07,03,,,,,,,,,,,3.01,1.45,2.63,5*04
$GPGSV,2,1,06,10,48,308,38,15,16,041,18,18,55,078,27,24,23,084,29,1*60
$GPGSV,2,2,06,29,17,161,28,32,45,208,35,1*6F
$GPGSV,2,1,05,10,48,308,34,18,55,078,29,24,23,084,24,29,17,161,36,6*6A
$GPGSV,2,2,05,32,45,208,29,6*57
$GPGSV,1,1,02,08,02,323,,16,09,258,,0*6E
$GLGSV,1,1,03,69,72,295,33,70,17,227,23,82,21,133,40,1*44
$GLGSV,2,1,05,69,72,295,26,82,21,133,36,83,58,103,18,84,40,344,19,3*7F
$GLGSV,2,2,05,,,,37,3*7B
$GLGSV,1,1,01,68,36,020,,0*41
$GAGSV,1,1,00,0*74
$GBGSV,2,1,05,06,29,125,32,07,11,157,30,09,24,139,33,10,20,164,20,1*7B
$GBGSV,2,2,05,39,32,105,36,1*49
$GBGSV,1,1,04,06,29,125,34,07,11,157,27,09,24,139,34,10,20,164,36,B*0A
$GQGSV,1,1,02,03,13,111,37,07,19,104,29,1*62
$GQGSV,1,1,02,03,13,111,20,07,19,104,36,6*6D
$GNGLL,2454.26777,N,06708.28668,E,141324.00,A,D*7C
$GNRMC,141325.00,A,2454.26776,N,06708.28667,E,0.033,,080425,,,F,V*19
$GNVTG,,T,,M,0.033,N,0.061,K,D*3F
$GNGGA,141325.00,2454.26776,N,06708.28667,E,5,12,1.45,22.8,M,-44.2,M,1.0,0100*7D
$GNGSA,A,3,18,32,10,29,24,,,,,,,,3.00,1.45,2.63,1*01
$GNGSA,A,3,69,82,,,,,,,,,,,3.00,1.45,2.63,2*03
$GNGSA,A,3,,,,,,,,,,,,,3.00,1.45,2.63,3*07
$GNGSA,A,3,10,39,06,09,07,,,,,,,,3.00,1.45,2.63,4*03
$GNGSA,A,3,07,03,,,,,,,,,,,3.00,1.45,2.63,5*05
$GPGSV,2,1,06,10,48,308,38,15,16,041,17,18,55,078,26,24,23,084,28,1*6F
$GPGSV,2,2,06,29,17,161,28,32,45,208,35,1*6F
$GPGSV,2,1,05,10,48,308,34,18,55,078,29,24,23,084,24,29,17,161,36,6*6A
$GPGSV,2,2,05,32,45,208,29,6*57
$GPGSV,1,1,02,08,02,323,,16,09,258,,0*6E
$GLGSV,1,1,03,69,72,295,33,70,17,227,23,82,21,133,40,1*44
$GLGSV,2,1,05,69,72,295,26,82,21,133,36,83,58,103,17,84,40,344,18,3*71
$GLGSV,2,2,05,,,,37,3*7B
$GLGSV,1,1,01,68,36,020,,0*41
$GAGSV,1,1,00,0*74
$GBGSV,2,1,05,06,29,125,32,07,11,157,30,09,24,139,33,10,20,164,20,1*7B
$GBGSV,2,2,05,39,32,105,36,1*49
$GBGSV,1,1,04,06,29,125,35,07,11,157,27,09,24,139,34,10,20,164,36,B*0B
$GQGSV,1,1,02,03,13,111,37,07,19,104,29,1*62
$GQGSV,1,1,02,03,13,111,20,07,19,104,36,6*6D
$GNGLL,2454.26776,N,06708.28667,E,141325.00,A,D*73
$GNRMC,141326.00,A,2454.26776,N,06708.28667,E,0.025,,080425,,,F,V*1D
$GNVTG,,T,,M,0.025,N,0.047,K,D*3C
$GNGGA,141326.00,2454.26776,N,06708.28667,E,5,12,1.45,22.8,M,-44.2,M,2.0,0100*7D
$GNGSA,A,3,18,32,10,29,24,,,,,,,,3.00,1.45,2.63,1*01
$GNGSA,A,3,69,82,,,,,,,,,,,3.00,1.45,2.63,2*03
$GNGSA,A,3,,,,,,,,,,,,,3.00,1.45,2.63,3*07
$GNGSA,A,3,10,39,06,09,07,,,,,,,,3.00,1.45,2.63,4*03
$GNGSA,A,3,07,03,,,,,,,,,,,3.00,1.45,2.63,5*05
$GPGSV,2,1,06,10,48,308,38,15,16,041,17,18,55,078,26,24,23,084,28,1*6F
$GPGSV,2,2,06,29,17,161,28,32,45,208,35,1*6F
$GPGSV,2,1,05,10,48,308,34,18,55,078,29,24,23,084,25,29,17,161,35,6*68
$GPGSV,2,2,05,32,45,208,30,6*5F
$GPGSV,1,1,02,08,02,323,,16,09,258,,0*6E
$GLGSV,1,1,03,69,72,295,32,70,17,227,22,82,21,133,40,1*44
$GLGSV,2,1,05,69,72,295,27,82,21,133,36,83,58,103,16,84,40,344,18,3*71
$GLGSV,2,2,05,,,,37,3*7B
$GLGSV,1,1,01,68,36,020,,0*41
$GAGSV,1,1,00,0*74
$GBGSV,2,1,05,06,29,125,32,07,11,157,31,09,24,139,33,10,20,164,21,1*7B
$GBGSV,2,2,05,39,32,105,36,1*49
$GBGSV,1,1,04,06,29,125,35,07,11,157,27,09,24,139,34,10,20,164,36,B*0B
$GQGSV,1,1,02,03,13,111,37,07,19,104,29,1*62
$GQGSV,1,1,02,03,13,111,20,07,19,104,36,6*6D
$GNGLL,2454.26776,N,06708.28667,E,141326.00,A,D*70
$GNRMC,141327.00,A,2454.26777,N,06708.28667,E,0.074,,080425,,,F,V*19
$GNVTG,,T,,M,0.074,N,0.138,K,D*31
$GNGGA,141327.00,2454.26777,N,06708.28667,E,5,12,1.45,22.8,M,-44.2,M,1.0,0100*7E
$GNGSA,A,3,18,32,10,29,24,,,,,,,,3.00,1.45,2.63,1*01
$GNGSA,A,3,69,82,,,,,,,,,,,3.00,1.45,2.63,2*03
$GNGSA,A,3,,,,,,,,,,,,,3.00,1.45,2.63,3*07
$GNGSA,A,3,10,39,06,09,07,,,,,,,,3.00,1.45,2.63,4*03
$GNGSA,A,3,07,03,,,,,,,,,,,3.00,1.45,2.63,5*05
$GPGSV,2,1,06,10,48,308,38,15,16,041,16,18,55,078,26,24,23,084,28,1*6E
$GPGSV,2,2,06,29,17,161,28,32,45,208,35,1*6F
$GPGSV,2,1,05,10,48,308,34,18,55,078,29,24,23,084,25,29,17,161,35,6*68
$GPGSV,2,2,05,32,45,208,30,6*5F
$GPGSV,1,1,02,08,02,323,,16,09,258,,0*6E
$GLGSV,1,1,03,69,72,295,32,70,17,227,22,82,21,133,39,1*4A
$GLGSV,2,1,05,69,72,295,26,82,21,133,37,83,58,103,14,84,40,344,19,3*72
$GLGSV,2,2,05,,,,37,3*7B
$GLGSV,1,1,01,68,36,020,,0*41
$GAGSV,1,1,00,0*74
$GBGSV,2,1,05,06,29,125,32,07,11,157,31,09,24,139,33,10,20,164,21,1*7B
$GBGSV,2,2,05,39,32,105,36,1*49
$GBGSV,1,1,04,06,29,125,35,07,11,157,28,09,24,139,34,10,20,164,36,B*04
$GQGSV,1,1,02,03,13,111,36,07,19,104,29,1*63
$GQGSV,1,1,02,03,13,111,19,07,19,104,36,6*67
$GNGLL,2454.26777,N,06708.28667,E,141327.00,A,D*70
$GNRMC,141328.00,A,2454.26777,N,06708.28667,E,0.047,,080425,,,F,V*16
$GNVTG,,T,,M,0.047,N,0.088,K,D*3B
$GNGGA,141328.00,2454.26777,N,06708.28667,E,5,12,1.45,22.8,M,-44.2,M,2.0,0100*72
$GNGSA,A,3,18,32,10,29,24,,,,,,,,3.00,1.45,2.63,1*01
$GNGSA,A,3,69,82,,,,,,,,,,,3.00,1.45,2.63,2*03
$GNGSA,A,3,,,,,,,,,,,,,3.00,1.45,2.63,3*07
$GNGSA,A,3,10,39,06,09,07,,,,,,,,3.00,1.45,2.63,4*03
$GNGSA,A,3,07,03,,,,,,,,,,,3.00,1.45,2.63,5*05
$GPGSV,2,1,06,10,48,308,38,15,16,041,16,18,55,078,26,24,23,084,29,1*6F
$GPGSV,2,2,06,29,17,161,28,32,45,208,35,1*6F
$GPGSV,2,1,05,10,48,308,34,18,55,078,29,24,23,084,25,29,17,161,36,6*6B
$GPGSV,2,2,05,32,45,208,30,6*5F
$GPGSV,1,1,02,08,02,323,,16,09,258,,0*6E
$GLGSV,1,1,03,69,72,295,32,70,17,227,22,82,21,133,39,1*4A
$GLGSV,2,1,05,69,72,295,27,82,21,133,37,83,58,103,11,84,40,344,18,3*77
$GLGSV,2,2,05,,,,37,3*7B
$GLGSV,1,1,01,68,36,020,,0*41
$GAGSV,1,1,00,0*74
$GBGSV,2,1,05,06,29,125,32,07,11,157,31,09,24,139,33,10,20,164,21,1*7B
$GBGSV,2,2,05,39,32,105,36,1*49
$GBGSV,1,1,04,06,29,125,35,07,11,157,28,09,24,139,34,10,20,164,36,B*04
$GQGSV,1,1,02,03,13,111,37,07,19,104,29,1*62
$GQGSV,1,1,02,03,13,111,20,07,19,104,36,6*6D
$GNGLL,2454.26777,N,06708.28667,E,141328.00,A,D*7F
$GNRMC,141329.00,A,2454.26777,N,06708.28666,E,0.049,,080425,,,F,V*18
$GNVTG,,T,,M,0.049,N,0.090,K,D*3C
$GNGGA,141329.00,2454.26777,N,06708.28666,E,5,12,1.45,22.8,M,-44.2,M,1.0,0100*71
$GNGSA,A,3,18,32,10,29,24,,,,,,,,3.00,1.45,2.63,1*01
$GNGSA,A,3,69,82,,,,,,,,,,,3.00,1.45,2.63,2*03
$GNGSA,A,3,,,,,,,,,,,,,3.00,1.45,2.63,3*07
$GNGSA,A,3,10,39,06,09,07,,,,,,,,3.00,1.45,2.63,4*03
$GNGSA,A,3,07,03,,,,,,,,,,,3.00,1.45,2.63,5*05
$GPGSV,2,1,06,10,48,308,38,15,16,041,15,18,55,078,26,24,23,084,29,1*6C
$GPGSV,2,2,06,29,17,161,28,32,45,208,35,1*6F
$GPGSV,2,1,05,10,48,308,34,18,55,078,29,24,23,084,25,29,17,161,36,6*6B
$GPGSV,2,2,05,32,45,208,30,6*5F
$GPGSV,1,1,02,08,02,323,,16,09,258,,0*6E
$GLGSV,1,1,04,69,72,295,32,70,17,227,22,82,21,133,39,83,58,103,16,1*7E
$GLGSV,1,1,04,69,72,295,27,82,21,133,37,84,40,344,18,,,,37,3*45
$GLGSV,1,1,01,68,36,020,,0*41
$GAGSV,1,1,00,0*74
$GBGSV,2,1,05,06,29,125,32,07,11,157,31,09,24,139,33,10,20,164,21,1*7B
$GBGSV,2,2,05,39,32,105,36,1*49
$GBGSV,1,1,04,06,29,125,35,07,11,157,28,09,24,139,34,10,20,164,36,B*04
$GQGSV,1,1,02,03,13,111,37,07,19,104,29,1*62
$GQGSV,1,1,02,03,13,111,20,07,19,104,36,6*6D
$GNGLL,2454.26777,N,06708.28666,E,141329.00,A,D*7F
$GNRMC,141330.00,A,2454.26776,N,06708.28664,E,0.053,,080425,,,F,V*18
$GNVTG,,T,,M,0.053,N,0.099,K,D*3E
$GNGGA,141330.00,2454.26776,N,06708.28664,E,5,12,1.45,22.8,M,-44.2,M,2.0,0100*79
$GNGSA,A,3,18,32,10,29,24,,,,,,,,3.00,1.45,2.63,1*01
$GNGSA,A,3,69,82,,,,,,,,,,,3.00,1.45,2.63,2*03
$GNGSA,A,3,,,,,,,,,,,,,3.00,1.45,2.63,3*07
$GNGSA,A,3,10,39,06,09,07,,,,,,,,3.00,1.45,2.63,4*03
$GNGSA,A,3,07,03,,,,,,,,,,,3.00,1.45,2.63,5*05
$GPGSV,2,1,06,10,48,308,38,15,16,041,16,18,55,078,25,24,23,084,28,1*6D
$GPGSV,2,2,06,29,17,161,27,32,45,208,35,1*60
$GPGSV,2,1,05,10,48,308,34,18,55,078,28,24,23,084,25,29,17,161,36,6*6A
$GPGSV,2,2,05,32,45,208,30,6*5F
$GPGSV,1,1,02,08,02,323,,16,09,258,,0*6E
$GLGSV,2,1,05,68,36,020,15,69,72,295,32,70,17,227,22,82,21,133,39,1*72
$GLGSV,2,2,05,83,58,103,15,1*4D
$GLGSV,1,1,04,69,72,295,27,82,21,133,37,84,40,344,18,,,,37,3*45
$GAGSV,1,1,00,0*74
$GBGSV,2,1,05,06,29,125,32,07,11,157,31,09,24,139,33,10,20,164,21,1*7B
$GBGSV,2,2,05,39,32,105,36,1*49
$GBGSV,1,1,04,06,29,125,35,07,11,157,28,09,24,139,34,10,20,164,36,B*04
$GQGSV,1,1,02,03,13,111,37,07,19,104,29,1*62
$GQGSV,1,1,02,03,13,111,19,07,19,104,36,6*67
$GNGLL,2454.26776,N,06708.28664,E,141330.00,A,D*74
$GNRMC,141331.00,A,2454.26776,N,06708.28665,E,0.068,,080425,,,F,V*10
$GNVTG,,T,,M,0.068,N,0.127,K,D*32
$GNGGA,141331.00,2454.26776,N,06708.28665,E,5,12,1.45,22.9,M,-44.2,M,1.0,0100*7B
$GNGSA,A,3,18,32,10,29,24,,,,,,,,3.00,1.45,2.63,1*01
$GNGSA,A,3,69,82,,,,,,,,,,,3.00,1.45,2.63,2*03
$GNGSA,A,3,,,,,,,,,,,,,3.00,1.45,2.63,3*07
$GNGSA,A,3,10,39,06,09,07,,,,,,,,3.00,1.45,2.63,4*03
$GNGSA,A,3,07,03,,,,,,,,,,,3.00,1.45,2.63,5*05
$GPGSV,2,1,06,10,48,308,38,15,16,041,17,18,55,078,25,24,23,084,29,1*6D
$GPGSV,2,2,06,29,17,161,27,32,45,208,35,1*60
$GPGSV,2,1,05,10,48,308,34,18,55,078,28,24,23,084,24,29,17,161,35,6*68
$GPGSV,2,2,05,32,45,208,30,6*5F
$GPGSV,1,1,02,08,02,323,,16,09,258,,0*6E
$GLGSV,2,1,05,68,36,020,14,69,72,295,32,70,17,227,22,82,21,133,39,1*73
$GLGSV,2,2,05,83,58,103,14,1*4C
$GLGSV,1,1,04,69,72,295,27,82,21,133,37,84,40,344,18,,,,37,3*45
$GAGSV,1,1,00,0*74
$GBGSV,2,1,05,06,29,125,32,07,11,157,31,09,24,139,33,10,20,164,21,1*7B
$GBGSV,2,2,05,39,32,105,36,1*49
$GBGSV,1,1,04,06,29,125,35,07,11,157,28,09,24,139,35,10,20,164,36,B*05
$GQGSV,1,1,02,03,13,111,37,07,19,104,29,1*62
$GQGSV,1,1,02,03,13,111,20,07,19,104,36,6*6D
$GNGLL,2454.26776,N,06708.28665,E,141331.00,A,D*74
$GNRMC,141332.00,A,2454.26776,N,06708.28663,E,0.050,,080425,,,F,V*1E
$GNVTG,,T,,M,0.050,N,0.093,K,D*37
$GNGGA,141332.00,2454.26776,N,06708.28663,E,5,12,1.45,22.8,M,-44.2,M,2.0,0100*7C
$GNGSA,A,3,18,32,10,29,24,,,,,,,,3.00,1.45,2.63,1*01
$GNGSA,A,3,69,82,,,,,,,,,,,3.00,1.45,2.63,2*03
$GNGSA,A,3,,,,,,,,,,,,,3.00,1.45,2.63,3*07
$GNGSA,A,3,10,39,06,09,07,,,,,,,,3.00,1.45,2.63,4*03
$GNGSA,A,3,07,03,,,,,,,,,,,3.00,1.45,2.63,5*05
$GPGSV,2,1,06,10,48,308,38,15,16,041,17,18,55,078,24,24,23,084,29,1*6C
$GPGSV,2,2,06,29,17,161,27,32,45,208,35,1*60
$GPGSV,2,1,05,10,48,308,34,18,55,078,28,24,23,084,25,29,17,161,35,6*69
$GPGSV,2,2,05,32,45,208,30,6*5F
$GPGSV,1,1,02,08,02,323,,16,09,258,,0*6E
$GLGSV,2,1,05,68,36,020,14,69,72,295,32,70,17,227,22,82,21,133,39,1*73
$GLGSV,2,2,05,83,58,103,13,1*4B
$GLGSV,1,1,04,69,72,295,27,82,21,133,37,84,40,344,18,,,,37,3*45
$GAGSV,1,1,00,0*74
$GBGSV,2,1,05,06,29,125,32,07,11,157,31,09,24,139,33,10,20,164,21,1*7B
$GBGSV,2,2,05,39,32,105,36,1*49
$GBGSV,1,1,04,06,29,125,35,07,11,157,28,09,24,139,34,10,20,164,36,B*04
$GQGSV,1,1,02,03,13,111,37,07,19,104,29,1*62
$GQGSV,1,1,02,03,13,111,20,07,19,104,35,6*6E
$GNGLL,2454.26776,N,06708.28663,E,141332.00,A,D*71
$GNRMC,141333.00,A,2454.26776,N,06708.28663,E,0.066,,080425,,,F,V*1A
$GNVTG,,T,,M,0.066,N,0.123,K,D*38
$GNGGA,141333.00,2454.26776,N,06708.28663,E,5,12,1.45,22.8,M,-44.2,M,1.0,0100*7E
$GNGSA,A,3,18,32,10,29,24,,,,,,,,3.00,1.45,2.63,1*01
$GNGSA,A,3,69,82,,,,,,,,,,,3.00,1.45,2.63,2*03
$GNGSA,A,3,,,,,,,,,,,,,3.00,1.45,2.63,3*07
$GNGSA,A,3,10,39,06,09,07,,,,,,,,3.00,1.45,2.63,4*03
$GNGSA,A,3,07,03,,,,,,,,,,,3.00,1.45,2.63,5*05
$GPGSV,2,1,06,10,48,308,38,15,16,041,18,18,55,078,23,24,23,084,29,1*64
$GPGSV,2,2,06,29,17,161,27,32,45,208,35,1*60
$GPGSV,2,1,05,10,48,308,34,18,55,078,28,24,23,084,24,29,17,161,35,6*68
$GPGSV,2,2,05,32,45,208,30,6*5F
$GPGSV,1,1,02,08,02,323,,16,09,258,,0*6E
$GLGSV,2,1,05,68,36,021,13,69,72,295,32,70,17,227,22,82,21,133,39,1*75
$GLGSV,2,2,05,83,58,103,13,1*4B
$GLGSV,1,1,04,69,72,295,27,82,21,133,37,84,40,344,18,,,,37,3*45
$GAGSV,1,1,00,0*74
$GBGSV,2,1,05,06,29,125,32,07,11,157,31,09,24,139,33,10,20,164,22,1*78
$GBGSV,2,2,05,39,32,105,36,1*49
$GBGSV,1,1,04,06,29,125,35,07,11,157,28,09,24,139,34,10,20,164,36,B*04
$GQGSV,1,1,02,03,13,111,37,07,19,104,29,1*62
$GQGSV,1,1,02,03,13,111,19,07,19,104,36,6*67
$GNGLL,2454.26776,N,06708.28663,E,141333.00,A,D*70
$GNRMC,141334.00,A,2454.26776,N,06708.28662,E,0.034,,080425,,,F,V*1B
$GNVTG,,T,,M,0.034,N,0.062,K,D*3B
$GNGGA,141334.00,2454.26776,N,06708.28662,E,5,12,1.45,22.8,M,-44.2,M,2.0,0100*7B
$GNGSA,A,3,18,32,10,29,24,,,,,,,,3.00,1.45,2.63,1*01
$GNGSA,A,3,69,82,,,,,,,,,,,3.00,1.45,2.63,2*03
$GNGSA,A,3,,,,,,,,,,,,,3.00,1.45,2.63,3*07
$GNGSA,A,3,10,39,06,09,07,,,,,,,,3.00,1.45,2.63,4*03
$GNGSA,A,3,07,03,,,,,,,,,,,3.00,1.45,2.63,5*05
$GPGSV,2,1,06,10,48,308,38,15,16,041,18,18,55,078,22,24,23,084,29,1*65
$GPGSV,2,2,06,29,17,161,27,32,45,208,35,1*60
$GPGSV,2,1,05,10,48,308,34,18,55,078,28,24,23,084,24,29,17,161,35,6*68
$GPGSV,2,2,05,32,45,208,30,6*5F
$GPGSV,1,1,02,08,02,323,,16,09,258,,0*6E
$GLGSV,2,1,05,68,36,021,13,69,72,296,32,70,17,227,22,82,21,133,39,1*76
$GLGSV,2,2,05,83,58,103,13,1*4B
$GLGSV,1,1,04,69,72,296,28,82,21,133,37,84,40,344,18,,,,36,3*48
$GAGSV,1,1,00,0*74
$GBGSV,2,1,05,06,29,125,32,07,11,157,31,09,24,139,33,10,20,164,22,1*78
$GBGSV,2,2,05,39,32,105,36,1*49
$GBGSV,1,1,04,06,29,125,35,07,11,157,29,09,24,139,35,10,20,164,36,B*04
$GQGSV,1,1,02,03,13,111,37,07,19,104,29,1*62
$GQGSV,1,1,02,03,13,111,20,07,19,104,35,6*6E
$GNGLL,2454.26776,N,06708.28662,E,141334.00,A,D*76
$GNRMC,141335.00,A,2454.26776,N,06708.28661,E,0.085,,080425,,,F,V*13
$GNVTG,,T,,M,0.085,N,0.156,K,D*37
$GNGGA,141335.00,2454.26776,N,06708.28661,E,5,12,1.45,22.8,M,-44.2,M,1.0,0100*7A
$GNGSA,A,3,18,32,10,29,24,,,,,,,,3.00,1.45,2.63,1*01
$GNGSA,A,3,69,82,,,,,,,,,,,3.00,1.45,2.63,2*03
$GNGSA,A,3,,,,,,,,,,,,,3.00,1.45,2.63,3*07
$GNGSA,A,3,10,39,06,09,07,,,,,,,,3.00,1.45,2.63,4*03
$GNGSA,A,3,07,03,,,,,,,,,,,3.00,1.45,2.63,5*05
$GPGSV,2,1,06,10,48,308,38,15,16,041,17,18,55,078,22,24,23,084,28,1*6B
$GPGSV,2,2,06,29,17,161,27,32,45,208,35,1*60
$GPGSV,2,1,05,10,48,308,34,18,55,078,28,24,23,084,24,29,17,161,35,6*68
$GPGSV,2,2,05,32,45,208,30,6*5F
$GPGSV,1,1,02,08,02,323,,16,09,258,,0*6E
$GLGSV,2,1,05,68,36,021,13,69,72,296,32,70,17,227,22,82,21,133,39,1*76
$GLGSV,2,2,05,83,58,103,12,1*4A
$GLGSV,1,1,04,69,72,296,28,82,21,133,37,84,40,344,18,,,,36,3*48
$GAGSV,1,1,00,0*74
$GBGSV,2,1,05,06,29,125,32,07,11,157,31,09,24,139,33,10,20,164,22,1*78
$GBGSV,2,2,05,39,32,105,36,1*49
$GBGSV,1,1,04,06,29,125,35,07,11,157,28,09,24,139,34,10,20,164,36,B*04
$GQGSV,1,1,02,03,13,111,37,07,19,104,29,1*62
$GQGSV,1,1,02,03,13,111,20,07,19,104,35,6*6E
$GNGLL,2454.26776,N,06708.28661,E,141335.00,A,D*74
$GNRMC,141336.00,A,2454.26776,N,06708.28660,E,0.039,,080425,,,F,V*16
$GNVTG,,T,,M,0.039,N,0.072,K,D*37
$GNGGA,141336.00,2454.26776,N,06708.28660,E,5,12,1.45,22.8,M,-44.2,M,2.0,0100*7B
$GNGSA,A,3,18,32,10,29,24,,,,,,,,3.00,1.45,2.63,1*01
$GNGSA,A,3,69,82,,,,,,,,,,,3.00,1.45,2.63,2*03
$GNGSA,A,3,,,,,,,,,,,,,3.00,1.45,2.63,3*07
$GNGSA,A,3,10,39,06,09,07,,,,,,,,3.00,1.45,2.63,4*03
$GNGSA,A,3,07,03,,,,,,,,,,,3.00,1.45,2.63,5*05
$GPGSV,2,1,06,10,48,308,38,15,16,041,18,18,55,078,22,24,23,084,28,1*64
$GPGSV,2,2,06,29,17,161,26,32,45,208,35,1*61
$GPGSV,2,1,05,10,48,308,34,18,55,078,28,24,23,084,24,29,17,161,36,6*6B
$GPGSV,2,2,05,32,45,208,30,6*5F
$GPGSV,1,1,02,08,02,323,,16,09,258,,0*6E
$GLGSV,2,1,05,68,36,021,11,69,72,296,32,70,17,227,22,82,21,133,39,1*74
$GLGSV,2,2,05,83,58,103,14,1*4C
$GLGSV,1,1,04,69,72,296,27,82,21,133,37,84,40,344,18,,,,36,3*47
$GAGSV,1,1,00,0*74
$GBGSV,2,1,05,06,29,125,32,07,11,157,31,09,24,139,33,10,20,164,22,1*78
$GBGSV,2,2,05,39,32,105,36,1*49
$GBGSV,1,1,04,06,29,125,35,07,11,157,28,09,24,139,34,10,20,164,36,B*04
$GQGSV,1,1,02,03,13,111,37,07,19,104,29,1*62
$GQGSV,1,1,02,03,13,111,20,07,19,104,36,6*6D
$GNGLL,2454.26776,N,06708.28660,E,141336.00,A,D*76
$GNRMC,141337.00,A,2454.26775,N,06708.28660,E,0.026,,080425,,,F,V*1A
$GNVTG,,T,,M,0.026,N,0.048,K,D*30
$GNGGA,141337.00,2454.26775,N,06708.28660,E,5,12,1.45,22.8,M,-44.2,M,1.0,0100*7A
$GNGSA,A,3,18,32,10,29,24,,,,,,,,3.00,1.45,2.63,1*01
$GNGSA,A,3,69,82,,,,,,,,,,,3.00,1.45,2.63,2*03
$GNGSA,A,3,,,,,,,,,,,,,3.00,1.45,2.63,3*07
$GNGSA,A,3,10,39,06,09,07,,,,,,,,3.00,1.45,2.63,4*03
$GNGSA,A,3,07,03,,,,,,,,,,,3.00,1.45,2.63,5*05
$GPGSV,2,1,06,10,48,308,38,15,16,041,18,18,55,078,21,24,23,084,28,1*67
$GPGSV,2,2,06,29,17,161,26,32,45,208,35,1*61
$GPGSV,2,1,05,10,48,308,33,18,55,078,28,24,23,084,25,29,17,161,36,6*6D
$GPGSV,2,2,05,32,45,208,30,6*5F
$GPGSV,1,1,02,08,02,323,,16,09,258,,0*6E
$GLGSV,2,1,05,68,36,021,11,69,72,296,32,70,17,227,23,82,21,133,39,1*75
$GLGSV,2,2,05,83,58,103,13,1*4B
$GLGSV,1,1,04,69,72,296,27,82,21,133,37,84,40,344,18,,,,36,3*47
$GAGSV,1,1,00,0*74
$GBGSV,2,1,05,06,29,125,32,07,11,157,31,09,24,139,33,10,20,164,22,1*78
$GBGSV,2,2,05,39,32,105,36,1*49
$GBGSV,1,1,04,06,29,125,34,07,11,157,28,09,24,139,34,10,20,164,36,B*05
$GQGSV,1,1,02,03,13,111,37,07,19,104,29,1*62
$GQGSV,1,1,02,03,13,111,20,07,19,104,36,6*6D
$GNGLL,2454.26775,N,06708.28660,E,141337.00,A,D*74
$GNRMC,141338.00,A,2454.26775,N,06708.28659,E,0.053,,080425,,,F,V*1D
$GNVTG,,T,,M,0.053,N,0.098,K,D*3F
$GNGGA,141338.00,2454.26775,N,06708.28659,E,5,12,1.45,22.8,M,-44.2,M,2.0,0100*7C
$GNGSA,A,3,18,32,10,29,24,,,,,,,,3.00,1.45,2.63,1*01
$GNGSA,A,3,69,82,,,,,,,,,,,3.00,1.45,2.63,2*03
$GNGSA,A,3,,,,,,,,,,,,,3.00,1.45,2.63,3*07
$GNGSA,A,3,10,39,06,09,07,,,,,,,,3.00,1.45,2.63,4*03
$GNGSA,A,3,07,03,,,,,,,,,,,3.00,1.45,2.63,5*05
$GPGSV,2,1,06,10,48,308,38,15,16,041,17,18,55,078,20,24,23,084,28,1*69
$GPGSV,2,2,06,29,17,161,26,32,45,208,35,1*61
$GPGSV,2,1,05,10,48,308,34,18,55,078,28,24,23,084,24,29,17,161,36,6*6B
$GPGSV,2,2,05,32,45,208,30,6*5F
$GPGSV,1,1,02,08,02,323,,16,09,258,,0*6E
$GLGSV,2,1,05,68,36,021,11,69,72,296,31,70,17,227,23,82,21,133,39,1*76
$GLGSV,2,2,05,83,58,103,12,1*4A
$GLGSV,1,1,04,69,72,296,27,82,21,133,37,84,40,344,18,,,,36,3*47
$GAGSV,1,1,00,0*74
$GBGSV,2,1,05,06,29,125,32,07,11,157,31,09,24,139,33,10,20,164,23,1*79
$GBGSV,2,2,05,39,32,105,36,1*49
$GBGSV,1,1,04,06,29,125,35,07,11,157,28,09,24,139,34,10,20,164,36,B*04
$GQGSV,1,1,02,03,13,111,37,07,19,104,29,1*62
$GQGSV,1,1,02,03,13,111,19,07,19,104,36,6*67
$GNGLL,2454.26775,N,06708.28659,E,141338.00,A,D*71
$GNRMC,141339.00,A,2454.26776,N,06708.28659,E,0.019,,080425,,,F,V*11
$GNVTG,,T,,M,0.019,N,0.034,K,D*37
$GNGGA,141339.00,2454.26776,N,06708.28659,E,5,12,1.45,22.8,M,-44.2,M,1.0,0100*7D
$GNGSA,A,3,18,32,10,29,24,,,,,,,,3.00,1.45,2.63,1*01
$GNGSA,A,3,69,82,,,,,,,,,,,3.00,1.45,2.63,2*03
$GNGSA,A,3,,,,,,,,,,,,,3.00,1.45,2.63,3*07
$GNGSA,A,3,10,39,06,09,07,,,,,,,,3.00,1.45,2.63,4*03
$GNGSA,A,3,07,03,,,,,,,,,,,3.00,1.45,2.63,5*05
$GPGSV,2,1,06,10,48,308,38,15,16,041,16,18,55,078,19,24,23,084,28,1*62
$GPGSV,2,2,06,29,17,161,26,32,45,208,35,1*61
$GPGSV,2,1,05,10,48,308,34,18,55,078,28,24,23,084,25,29,17,161,36,6*6A
$GPGSV,2,2,05,32,45,208,30,6*5F
$GPGSV,1,1,02,08,02,323,,16,09,258,,0*6E
$GLGSV,2,1,05,68,36,021,11,69,72,296,31,70,17,227,23,82,21,133,39,1*76
$GLGSV,2,2,05,83,58,103,13,1*4B
$GLGSV,1,1,03,69,72,296,27,82,21,133,37,84,40,344,18,3*45
$GAGSV,1,1,00,0*74
$GBGSV,2,1,05,06,29,125,32,07,11,157,31,09,24,139,33,10,20,164,23,1*79
$GBGSV,2,2,05,39,32,105,36,1*49
$GBGSV,1,1,04,06,29,125,35,07,11,157,27,09,24,139,34,10,20,164,36,B*0B
$GQGSV,1,1,02,03,13,111,37,07,19,104,29,1*62
$GQGSV,1,1,02,03,13,111,19,07,19,104,36,6*67
$GNGLL,2454.26776,N,06708.28659,E,141339.00,A,D*73
$GNRMC,141340.00,A,2454.26775,N,06708.28659,E,0.044,,080425,,,F,V*14
$GNVTG,,T,,M,0.044,N,0.081,K,D*31
$GNGGA,141340.00,2454.26775,N,06708.28659,E,5,12,1.44,22.8,M,-44.2,M,2.0,0100*72
$GNGSA,A,3,18,32,10,29,24,,,,,,,,3.00,1.44,2.63,1*00
$GNGSA,A,3,69,82,,,,,,,,,,,3.00,1.44,2.63,2*02
$GNGSA,A,3,,,,,,,,,,,,,3.00,1.44,2.63,3*06
$GNGSA,A,3,10,39,06,09,07,,,,,,,,3.00,1.44,2.63,4*02
$GNGSA,A,3,07,03,,,,,,,,,,,3.00,1.44,2.63,5*04
$GPGSV,2,1,06,10,48,308,38,15,16,041,17,18,55,078,18,24,23,084,28,1*62
$GPGSV,2,2,06,29,17,161,26,32,45,208,35,1*61
$GPGSV,2,1,05,10,48,308,34,18,55,078,28,24,23,084,25,29,17,161,36,6*6A
$GPGSV,2,2,05,32,45,208,30,6*5F
$GPGSV,1,1,02,08,02,323,,16,09,258,,0*6E
$GLGSV,2,1,05,68,36,021,09,69,72,296,31,70,17,227,23,82,21,133,39,1*7F
$GLGSV,2,2,05,83,58,103,14,1*4C
$GLGSV,1,1,03,69,72,296,27,82,21,133,37,84,40,344,18,3*45
$GAGSV,1,1,00,0*74
$GBGSV,2,1,05,06,29,125,32,07,11,157,31,09,24,139,33,10,20,164,23,1*79
$GBGSV,2,2,05,39,32,105,36,1*49
$GBGSV,1,1,04,06,29,125,34,07,11,157,28,09,24,139,34,10,20,164,36,B*05
$GQGSV,1,1,02,03,13,111,36,07,19,104,29,1*63
$GQGSV,1,1,02,03,13,111,19,07,19,104,36,6*67
$GNGLL,2454.26775,N,06708.28659,E,141340.00,A,D*7E
$GNRMC,141341.00,A,2454.26775,N,06708.28660,E,0.079,,080425,,,F,V*11
$GNVTG,,T,,M,0.079,N,0.146,K,D*35
$GNGGA,141341.00,2454.26775,N,06708.28660,E,5,12,1.44,22.9,M,-44.2,M,1.0,0100*7B
$GNGSA,A,3,18,32,10,29,24,,,,,,,,3.00,1.44,2.63,1*00
$GNGSA,A,3,69,82,,,,,,,,,,,3.00,1.44,2.63,2*02
$GNGSA,A,3,,,,,,,,,,,,,3.00,1.44,2.63,3*06
$GNGSA,A,3,10,39,06,09,07,,,,,,,,3.00,1.44,2.63,4*02
$GNGSA,A,3,07,03,,,,,,,,,,,3.00,1.44,2.63,5*04
$GPGSV,2,1,06,10,48,308,38,15,16,041,17,18,55,078,18,24,23,084,28,1*62
$GPGSV,2,2,06,29,17,161,26,32,45,208,35,1*61
$GPGSV,2,1,05,10,48,308,34,18,55,078,28,24,23,084,25,29,17,161,36,6*6A
$GPGSV,2,2,05,32,45,208,30,6*5F
$GPGSV,1,1,02,08,02,323,,16,09,258,,0*6E
$GLGSV,2,1,05,68,36,021,09,69,72,296,31,70,17,227,23,82,21,133,39,1*7F
$GLGSV,2,2,05,83,58,103,14,1*4C
$GLGSV,1,1,03,69,72,296,27,82,21,133,37,84,40,344,17,3*4A
$GAGSV,1,1,00,0*74
$GBGSV,2,1,05,06,29,125,32,07,11,157,31,09,24,139,33,10,20,164,23,1*79
$GBGSV,2,2,05,39,32,105,36,1*49
$GBGSV,1,1,04,06,29,125,34,07,11,157,27,09,24,139,34,10,20,164,36,B*0A
$GQGSV,1,1,02,03,13,111,37,07,19,104,29,1*62
$GQGSV,1,1,02,03,13,111,20,07,19,104,36,6*6D
$GNGLL,2454.26775,N,06708.28660,E,141341.00,A,D*75
$GNRMC,141342.00,A,2454.26775,N,06708.28660,E,0.080,,080425,,,F,V*14
$GNVTG,,T,,M,0.080,N,0.147,K,D*32
$GNGGA,141342.00,2454.26775,N,06708.28660,E,5,12,1.44,22.9,M,-44.2,M,2.0,0100*7B
$GNGSA,A,3,18,32,10,29,24,,,,,,,,3.00,1.44,2.63,1*00
$GNGSA,A,3,69,82,,,,,,,,,,,3.00,1.44,2.63,2*02
$GNGSA,A,3,,,,,,,,,,,,,3.00,1.44,2.63,3*06
$GNGSA,A,3,10,39,06,09,07,,,,,,,,3.00,1.44,2.63,4*02
$GNGSA,A,3,07,03,,,,,,,,,,,3.00,1.44,2.63,5*04
$GPGSV,2,1,06,10,48,308,38,15,16,041,18,18,55,078,17,24,23,084,28,1*62
$GPGSV,2,2,06,29,17,161,26,32,45,208,35,1*61
$GPGSV,2,1,05,10,48,308,34,18,55,078,28,24,23,084,25,29,17,161,36,6*6A
$GPGSV,2,2,05,32,45,208,29,6*57
$GPGSV,1,1,02,08,02,323,,16,09,258,,0*6E
$GLGSV,2,1,05,68,36,021,11,69,72,296,31,70,17,227,23,82,21,133,39,1*76
$GLGSV,2,2,05,83,58,103,13,1*4B
$GLGSV,1,1,03,69,72,296,27,82,21,133,37,84,40,344,17,3*4A
$GAGSV,1,1,00,0*74
$GBGSV,2,1,05,06,29,125,32,07,11,157,31,09,24,139,33,10,20,164,23,1*79
$GBGSV,2,2,05,39,32,105,36,1*49
$GBGSV,1,1,04,06,29,125,34,07,11,157,27,09,24,139,34,10,20,164,36,B*0A
$GQGSV,1,1,02,03,13,111,37,07,19,104,28,1*63
$GQGSV,1,1,02,03,13,111,20,07,19,104,36,6*6D
$GNGLL,2454.26775,N,06708.28660,E,141342.00,A,D*76
$GNRMC,141343.00,A,2454.26775,N,06708.28660,E,0.051,,080425,,,F,V*19
$GNVTG,,T,,M,0.051,N,0.094,K,D*31
$GNGGA,141343.00,2454.26775,N,06708.28660,E,5,12,1.44,22.9,M,-44.2,M,1.0,0100*79
$GNGSA,A,3,18,32,10,29,24,,,,,,,,3.00,1.44,2.63,1*00
$GNGSA,A,3,69,82,,,,,,,,,,,3.00,1.44,2.63,2*02
$GNGSA,A,3,,,,,,,,,,,,,3.00,1.44,2.63,3*06
$GNGSA,A,3,10,39,06,09,07,,,,,,,,3.00,1.44,2.63,4*02
$GNGSA,A,3,07,03,,,,,,,,,,,3.00,1.44,2.63,5*04
$GPGSV,2,1,06,10,48,308,38,15,16,041,17,18,55,078,17,24,23,084,28,1*6D
$GPGSV,2,2,06,29,17,161,25,32,45,208,35,1*62
$GPGSV,2,1,05,10,48,308,34,18,55,078,27,24,23,084,25,29,17,161,36,6*65
$GPGSV,2,2,05,32,45,208,29,6*57
$GPGSV,1,1,02,08,02,323,,16,09,258,,0*6E
$GLGSV,2,1,05,68,36,021,10,69,72,296,31,70,17,227,24,82,21,133,39,1*70
$GLGSV,2,2,05,83,58,103,13,1*4B
$GLGSV,1,1,03,69,72,296,27,82,21,133,37,84,40,344,18,3*45
$GAGSV,1,1,00,0*74
$GBGSV,2,1,05,06,29,125,32,07,11,157,31,09,24,139,33,10,20,164,23,1*79
$GBGSV,2,2,05,39,32,105,36,1*49
$GBGSV,1,1,04,06,29,125,34,07,11,157,27,09,24,139,34,10,20,164,36,B*0A
$GQGSV,1,1,02,03,13,111,37,07,19,104,28,1*63
$GQGSV,1,1,02,03,13,111,20,07,19,104,36,6*6D
$GNGLL,2454.26775,N,06708.28660,E,141343.00,A,D*77
$GNRMC,141344.00,A,2454.26776,N,06708.28660,E,0.011,,080425,,,F,V*19
$GNVTG,,T,,M,0.011,N,0.021,K,D*3B
$GNGGA,141344.00,2454.26776,N,06708.28660,E,5,12,1.44,22.9,M,-44.2,M,2.0,0100*7E
$GNGSA,A,3,18,32,10,29,24,,,,,,,,3.00,1.44,2.63,1*00
$GNGSA,A,3,69,82,,,,,,,,,,,3.00,1.44,2.63,2*02
$GNGSA,A,3,,,,,,,,,,,,,3.00,1.44,2.63,3*06
$GNGSA,A,3,10,39,06,09,07,,,,,,,,3.00,1.44,2.63,4*02
$GNGSA,A,3,07,03,,,,,,,,,,,3.00,1.44,2.63,5*04
$GPGSV,2,1,06,10,48,308,38,15,16,041,16,18,55,079,17,24,23,084,27,1*62
$GPGSV,2,2,06,29,17,161,25,32,45,208,35,1*62
$GPGSV,2,1,05,10,48,308,34,18,55,079,27,24,23,084,25,29,17,161,36,6*64
$GPGSV,2,2,05,32,45,208,29,6*57
$GPGSV,1,1,02,08,02,323,,16,09,258,,0*6E
$GLGSV,1,1,04,69,72,296,31,70,17,227,24,82,21,133,38,83,58,103,12,1*7D
$GLGSV,1,1,04,69,72,296,26,82,21,133,37,84,40,344,18,,,,36,3*46
$GLGSV,1,1,01,68,36,021,,0*40
$GAGSV,1,1,00,0*74
$GBGSV,2,1,05,06,29,125,32,07,11,157,31,09,24,139,33,10,20,164,23,1*79
$GBGSV,2,2,05,39,32,105,36,1*49
$GBGSV,1,1,04,06,29,125,34,07,11,157,27,09,24,139,34,10,20,164,36,B*0A
$GQGSV,1,1,02,03,13,111,37,07,19,104,28,1*63
$GQGSV,1,1,02,03,13,111,20,07,19,104,36,6*6D
$GNGLL,2454.26776,N,06708.28660,E,141344.00,A,D*73
$GNRMC,141345.00,A,2454.26776,N,06708.28658,E,0.026,,080425,,,F,V*17
µb
  4µb
6  @ $GNVTG,,T,,M,0.026,N,0.049,K,D*31
$GNGGA,141345.00,2454.26776,N,06708.28658,E,5,12,1.44,22.9,M,-44.2,M,1.0,0100*77
$GNGSA,A,3,18,32,10,29,24,,,,,,,,3.00,1.44,2.63,1*00
$GNGSA,A,3,69,82,,,,,,,,,,,3.00,1.44,2.63,2*02
$GNGSA,A,3,,,,,,,,,,,,,3.00,1.44,2.63,3*06
$GNGSA,A,3,10,39,06,09,07,,,,,,,,3.00,1.44,2.63,4*02
$GNGSA,A,3,07,03,,,,,,,,,,,3.00,1.44,2.63,5*04
$GPGSV,2,1,06,10,48,308,39,15,16,041,16,18,55,079,17,24,23,084,27,1*63
$GPGSV,2,2,06,29,17,161,25,32,45,208,35,1*62
$GPGSV,2,1,05,10,48,308,34,18,55,079,27,24,23,084,24,29,17,161,36,6*65
$GPGSV,2,2,05,32,45,208,29,6*57
$GPGSV,1,1,02,08,02,323,,16,09,258,,0*6E
$GLGSV,1,1,04,69,72,296,31,70,17,227,23,82,21,133,38,83,58,103,10,1*78
$GLGSV,1,1,04,69,72,296,27,82,21,133,37,84,40,344,19,,,,36,3*46
$GLGSV,1,1,01,68,36,021,,0*40
$GAGSV,1,1,00,0*74
$GBGSV,2,1,05,06,29,125,32,07,11,157,31,09,24,139,33,10,20,164,23,1*79
$GBGSV,2,2,05,39,32,105,36,1*49
$GBGSV,1,1,04,06,29,125,34,07,11,157,27,09,24,139,34,10,20,164,36,B*0A
$GQGSV,1,1,02,03,13,111,37,07,19,104,28,1*63
$GQGSV,1,1,02,03,13,111,20,07,19,104,36,6*6D
$GNGLL,2454.26776,N,06708.28658,E,141345.00,A,D*79
$GNRMC,141346.00,A,2454.26776,N,06708.28657,E,0.010,,080425,,,F,V*1E
$GNVTG,,T,,M,0.010,N,0.018,K,D*30
$GNGGA,141346.00,2454.26776,N,06708.28657,E,5,12,1.44,22.9,M,-44.2,M,2.0,0100*78
$GNGSA,A,3,18,32,10,29,24,,,,,,,,3.00,1.44,2.63,1*00
$GNGSA,A,3,69,82,,,,,,,,,,,3.00,1.44,2.63,2*02
$GNGSA,A,3,,,,,,,,,,,,,3.00,1.44,2.63,3*06
$GNGSA,A,3,10,39,06,09,07,,,,,,,,3.00,1.44,2.63,4*02
$GNGSA,A,3,07,03,,,,,,,,,,,3.00,1.44,2.63,5*04
$GPGSV,2,1,06,10,48,308,39,15,16,041,15,18,55,079,17,24,23,084,27,1*60
$GPGSV,2,2,06,29,17,161,24,32,45,208,35,1*63
$GPGSV,2,1,05,10,48,308,34,18,55,079,27,24,23,084,24,29,17,161,36,6*65
$GPGSV,2,2,05,32,45,208,29,6*57
$GPGSV,1,1,02,08,02,323,,16,09,258,,0*6E
$GLGSV,1,1,04,69,72,296,31,70,17,227,23,82,21,133,38,83,58,103,11,1*79
$GLGSV,1,1,04,69,72,296,27,82,21,133,37,84,40,344,19,,,,36,3*46
$GLGSV,1,1,01,68,36,021,,0*40
$GAGSV,1,1,00,0*74
$GBGSV,2,1,05,06,29,125,32,07,11,157,31,09,24,139,33,10,20,164,23,1*79
$GBGSV,2,2,05,39,32,105,36,1*49
$GBGSV,1,1,04,06,29,125,34,07,11,157,27,09,24,139,34,10,20,164,36,B*0A
$GQGSV,1,1,02,03,13,111,37,07,19,104,28,1*63
$GQGSV,1,1,02,03,13,111,19,07,19,104,36,6*67
$GNGLL,2454.26776,N,06708.28657,E,141346.00,A,D*75
$GNRMC,141347.00,A,2454.26776,N,06708.28657,E,0.008,,080425,,,F,V*16
$GNVTG,,T,,M,0.008,N,0.014,K,D*35
$GNGGA,141347.00,2454.26776,N,06708.28657,E,5,12,1.44,22.9,M,-44.2,M,3.0,0100*78
$GNGSA,A,3,18,32,10,29,24,,,,,,,,3.00,1.44,2.63,1*00
$GNGSA,A,3,69,82,,,,,,,,,,,3.00,1.44,2.63,2*02
$GNGSA,A,3,,,,,,,,,,,,,3.00,1.44,2.63,3*06
$GNGSA,A,3,10,39,06,09,07,,,,,,,,3.00,1.44,2.63,4*02
$GNGSA,A,3,07,03,,,,,,,,,,,3.00,1.44,2.63,5*04
$GPGSV,2,1,06,10,48,308,39,15,16,041,16,18,55,079,16,24,23,084,27,1*62
$GPGSV,2,2,06,29,17,161,24,32,45,208,35,1*63
$GPGSV,2,1,05,10,48,308,34,18,55,079,27,24,23,084,25,29,17,161,36,6*64
$GPGSV,2,2,05,32,45,208,29,6*57
$GPGSV,1,1,02,08,02,323,,16,09,258,,0*6E
$GLGSV,1,1,04,69,72,296,31,70,17,227,23,82,21,134,38,83,58,103,13,1*7C
$GLGSV,2,1,05,69,72,296,27,82,21,134,37,83,58,103,24,84,40,344,19,3*74
$GLGSV,2,2,05,,,,36,3*7A
$GLGSV,1,1,01,68,36,021,,0*40
$GAGSV,1,1,00,0*74
$GBGSV,2,1,05,06,29,125,32,07,11,157,31,09,24,139,33,10,20,164,23,1*79
$GBGSV,2,2,05,39,32,105,36,1*49
$GBGSV,1,1,04,06,29,125,34,07,11,157,27,09,24,139,34,10,20,164,36,B*0A
$GQGSV,1,1,02,03,13,111,37,07,19,104,29,1*62
$GQGSV,1,1,02,03,13,111,18,07,19,104,36,6*66
$GNGLL,2454.26776,N,06708.28657,E,141347.00,A,D*74
$GNRMC,141348.00,A,2454.26775,N,06708.28657,E,0.029,,080425,,,F,V*19
$GNVTG,,T,,M,0.029,N,0.055,K,D*33
$GNGGA,141348.00,2454.26775,N,06708.28657,E,5,12,1.44,22.9,M,-44.2,M,4.0,0100*73
$GNGSA,A,3,18,32,10,29,24,,,,,,,,3.00,1.44,2.63,1*00
$GNGSA,A,3,69,82,,,,,,,,,,,3.00,1.44,2.63,2*02
$GNGSA,A,3,,,,,,,,,,,,,3.00,1.44,2.63,3*06
$GNGSA,A,3,10,39,06,09,07,,,,,,,,3.00,1.44,2.63,4*02
$GNGSA,A,3,07,03,,,,,,,,,,,3.00,1.44,2.63,5*04
$GPGSV,2,1,06,10,48,308,39,15,16,041,17,18,55,079,16,24,23,084,27,1*63
$GPGSV,2,2,06,29,17,161,24,32,45,208,35,1*63
$GPGSV,2,1,05,10,48,308,33,18,55,079,27,24,23,084,24,29,17,161,36,6*62
$GPGSV,2,2,05,32,45,208,30,6*5F
$GPGSV,1,1,02,08,02,323,,16,09,258,,0*6E
$GLGSV,1,1,04,69,72,296,31,70,17,227,23,82,21,134,38,83,58,104,14,1*7C
$GLGSV,2,1,05,69,72,296,26,82,21,134,37,83,58,104,21,84,40,344,19,3*77
$GLGSV,2,2,05,,,,36,3*7A
$GLGSV,1,1,01,68,36,021,,0*40
$GAGSV,1,1,00,0*74
$GBGSV,2,1,05,06,29,125,32,07,11,157,32,09,24,139,33,10,20,164,24,1*7D
$GBGSV,2,2,05,39,32,105,36,1*49
µb
‹ EXT CORE 1.00 (0fa0ae)        00190000  ROM BASE 0x118B2060           FWVER=HPG 1.32                PROTVER=27.31                 MOD=ZED-F9P                   GPS;GLO;GAL;BDS               SBAS;QZSS                     O$GNRMC,141350.00,A,2454.26775,N,06708.28657,E,0.080,,080425,,,F,V*13
µb
  4µb
6  @ $GNVTG,,T,,M,0.080,N,0.148,K,D*3D
$GNGGA,141350.00,2454.26775,N,06708.28657,E,5,12,1.44,22.9,M,-44.2,M,2.0,0100*7C
$GNGSA,A,3,18,32,10,29,24,,,,,,,,3.00,1.44,2.63,1*00
$GNGSA,A,3,69,82,,,,,,,,,,,3.00,1.44,2.63,2*02
$GNGSA,A,3,,,,,,,,,,,,,3.00,1.44,2.63,3*06
$GNGSA,A,3,10,39,06,09,07,,,,,,,,3.00,1.44,2.63,4*02
$GNGSA,A,3,07,03,,,,,,,,,,,3.00,1.44,2.63,5*04
$GPGSV,2,1,06,10,48,308,39,15,16,041,17,18,55,079,17,24,23,084,28,1*6D
$GPGSV,2,2,06,29,17,161,24,32,45,208,35,1*63
$GPGSV,2,1,05,10,48,308,33,18,55,079,27,24,23,084,23,29,17,161,36,6*65
$GPGSV,2,2,05,32,45,208,29,6*57
$GPGSV,1,1,02,08,02,323,,16,09,258,,0*6E
$GLGSV,1,1,04,69,72,296,31,70,17,227,24,82,21,134,38,83,58,104,13,1*7C
$GLGSV,2,1,05,69,72,296,27,82,21,134,37,83,58,104,20,84,40,344,19,3*77
$GLGSV,2,2,05,,,,36,3*7A
$GLGSV,1,1,01,68,36,021,,0*40
$GAGSV,1,1,00,0*74
$GBGSV,2,1,05,06,29,125,32,07,11,157,32,09,24,139,33,10,20,164,24,1*7D
$GBGSV,2,2,05,39,32,105,36,1*49
$GBGSV,1,1,04,06,29,125,34,07,11,157,27,09,24,139,34,10,20,164,36,B*0A
$GQGSV,1,1,02,03,13,111,37,07,19,104,29,1*62
$GQGSV,1,1,02,03,13,111,18,07,19,104,36,6*66
$GNGLL,2454.26775,N,06708.28657,E,141350.00,A,D*71
µb
‹ EXT CORE 1.00 (0fa0ae)        00190000  ROM BASE 0x118B2060           FWVER=HPG 1.32                PROTVER=27.31                 MOD=ZED-F9P                   GPS;GLO;GAL;BDS               SBAS;QZSS                     Oµb
6®      qèD                                  Æñ- ? M¶J   7              Ñ      2:   ∫C   	   x          J     wJ    íP$   Ê  x              ¥ç$GNRMC,141351.00,A,2454.26775,N,06708.28657,E,0.046,,080425,,,F,V*18
$GNVTG,,T,,M,0.046,N,0.085,K,D*37
$GNGGA,141351.00,2454.26775,N,06708.28657,E,5,12,1.44,22.9,M,-44.2,M,1.0,0100*7E
$GNGSA,A,3,18,32,10,29,24,,,,,,,,3.00,1.44,2.63,1*00
$GNGSA,A,3,69,82,,,,,,,,,,,3.00,1.44,2.63,2*02
$GNGSA,A,3,,,,,,,,,,,,,3.00,1.44,2.63,3*06
$GNGSA,A,3,10,39,06,09,07,,,,,,,,3.00,1.44,2.63,4*02
$GNGSA,A,3,07,03,,,,,,,,,,,3.00,1.44,2.63,5*04
$GPGSV,2,1,06,10,48,308,39,15,16,041,18,18,55,079,17,24,23,084,27,1*6D
$GPGSV,2,2,06,29,17,161,24,32,45,208,35,1*63
$GPGSV,2,1,05,10,48,308,33,18,55,079,27,24,23,084,23,29,17,161,36,6*65
$GPGSV,2,2,05,32,45,208,29,6*57
$GPGSV,1,1,02,08,02,323,,16,09,258,,0*6E
$GLGSV,1,1,04,69,72,296,31,70,17,227,23,82,21,134,38,83,58,104,12,1*7A
$GLGSV,2,1,05,69,72,296,27,82,21,134,37,83,58,104,19,84,40,344,20,3*77
$GLGSV,2,2,05,,,,35,3*79
$GLGSV,1,1,01,68,36,021,,0*40
$GAGSV,1,1,00,0*74
$GBGSV,2,1,05,06,29,125,32,07,11,157,31,09,24,139,33,10,20,164,23,1*79
$GBGSV,2,2,05,39,32,105,36,1*49
$GBGSV,1,1,04,06,29,125,34,07,11,157,27,09,24,139,34,10,20,164,36,B*0A
$GQGSV,1,1,02,03,13,111,37,07,19,104,29,1*62
$GQGSV,1,1,02,03,13,111,19,07,19,104,36,6*67
$GNGLL,2454.26775,N,06708.28657,E,141351.00,A,D*70
µb
6®      iI                                  ÿÆ-    €J   17              Ñ      º?   ¨D    
   z          J     ¥¨J   ºh$   ¯  z              3Ç$GNRMC,141352.00,A,2454.26775,N,06708.28656,E,0.043,,080425,,,F,V*1F
$GNVTG,,T,,M,0.043,N,0.080,K,D*37
$GNGGA,141352.00,2454.26775,N,06708.28656,E,5,12,1.44,22.9,M,-44.2,M,2.0,0100*7F
$GNGSA,A,3,18,32,10,29,24,,,,,,,,3.00,1.44,2.63,1*00
$GNGSA,A,3,69,82,,,,,,,,,,,3.00,1.44,2.63,2*02
$GNGSA,A,3,,,,,,,,,,,,,3.00,1.44,2.63,3*06
$GNGSA,A,3,10,39,06,09,07,,,,,,,,3.00,1.44,2.63,4*02
$GNGSA,A,3,07,03,,,,,,,,,,,3.00,1.44,2.63,5*04
$GPGSV,2,1,06,10,48,308,38,15,16,041,18,18,55,079,17,24,23,084,27,1*6C
$GPGSV,2,2,06,29,17,161,24,32,45,208,35,1*63
$GPGSV,2,1,05,10,48,308,33,18,55,079,27,24,23,084,22,29,17,161,36,6*64
$GPGSV,2,2,05,32,45,208,29,6*57
$GPGSV,1,1,02,08,02,323,,16,09,258,,0*6E
$GLGSV,1,1,04,69,72,296,31,70,17,227,23,82,21,134,38,83,58,104,11,1*79
$GLGSV,2,1,05,69,72,296,27,82,21,134,37,83,58,104,19,84,40,344,20,3*77
$GLGSV,2,2,05,,,,35,3*79
$GLGSV,1,1,01,68,36,021,,0*40
$GAGSV,1,1,00,0*74
$GBGSV,2,1,05,06,29,125,32,07,11,157,31,09,24,139,33,10,20,164,23,1*79
$GBGSV,2,2,05,39,32,105,36,1*49
$GBGSV,1,1,04,06,29,125,34,07,11,157,27,09,24,139,34,10,20,164,36,B*0A
$GQGSV,1,1,02,03,13,111,37,07,19,104,29,1*62
$GQGSV,1,1,02,03,13,111,19,07,19,104,36,6*67
$GNGLL,2454.26775,N,06708.28656,E,141352.00,A,D*72
$GNRMC,141353.00