$GNRMC,153216.00,A,2454.23261,N,06708.27175,E,0.001,,020525,,,F,V*1C
$GNVTG,,T,,M,0.001,N,0.002,K,D*3B
$GNGGA,153216.00,2454.23261,N,06708.27175,E,5,12,0.59,21.4,M,-44.2,M,1.0,0284*7E
$GNGSA,A,3,10,27,28,31,32,01,23,08,02,,,,1.18,0.59,1.02,1*01
$GNGSA,A,3,70,71,73,80,79,69,84,85,86,,,,1.18,0.59,1.02,2*06
$GNGSA,A,3,05,15,34,03,,,,,,,,,1.18,0.59,1.02,3*01
$GNGSA,A,3,06,09,08,13,12,11,16,26,,,,,1.18,0.59,1.02,4*06
$GNGSA,A,3,07,04,,,,,,,,,,,1.18,0.59,1.02,5*01
$GPGSV,4,1,13,01,18,320,39,02,45,308,46,08,17,254,38,10,44,068,46,1*61
$GPGSV,4,2,13,23,11,101,36,25,07,086,34,27,16,216,38,28,68,131,47,1*65
$GPGSV,4,3,13,31,47,178,45,32,49,019,48,40,59,208,48,41,56,146,46,1*6E
$GPGSV,4,4,13,42,19,104,45,1*5C
$GPGSV,3,1,09,01,18,320,45,08,17,254,40,10,44,068,45,23,11,101,38,6*6D
$GPGSV,3,2,09,25,07,086,31,27,16,216,41,28,68,131,48,31,47,178,45,6*60
$GPGSV,3,3,09,32,49,019,46,6*5C
$GLGSV,3,1,10,69,12,048,42,70,41,343,37,71,24,288,46,73,12,159,42,1*73
$GLGSV,3,2,10,79,14,051,45,80,27,105,47,84,35,183,37,85,61,263,50,1*70
$GLGSV,3,3,10,86,21,326,46,,,,50,1*44
$GLGSV,3,1,10,69,12,048,43,70,41,343,14,71,24,288,45,73,12,159,45,3*75
$GLGSV,3,2,10,79,14,051,45,80,27,105,46,84,35,183,48,85,61,263,48,3*72
$GLGSV,3,3,10,86,21,326,42,,,,49,3*4A
$GAGSV,2,1,06,03,65,302,52,05,40,032,50,08,24,249,46,15,46,320,50,2*71
$GAGSV,2,2,06,34,77,168,52,36,25,148,47,2*73
$GAGSV,2,1,06,03,65,302,47,05,40,032,44,08,24,249,40,15,46,320,46,7*74
$GAGSV,2,2,06,34,77,168,48,36,25,148,41,7*7B
$GAGSV,1,1,03,16,06,109,,24,02,085,,25,06,131,,0*45
$GBGSV,2,1,08,06,62,081,47,09,65,114,47,11,46,274,47,12,38,198,43,1*77
$GBGSV,2,2,08,13,48,070,45,16,56,068,46,26,34,147,46,34,46,236,47,1*7C
$GBGSV,2,1,08,06,62,081,45,08,34,085,47,09,65,114,48,11,46,274,51,B*00
$GBGSV,2,2,08,12,38,198,51,13,48,070,46,14,21,287,47,16,56,068,46,B*0A
$GBGSV,1,1,03,10,03,160,,44,19,178,,45,29,079,,0*43
$GQGSV,1,1,02,04,20,075,37,07,19,104,33,1*6D
$GQGSV,1,1,02,04,20,075,39,07,19,104,43,6*63
$GNGLL,2454.23261,N,06708.27175,E,153216.00,A,D*7C
$GNRMC,153217.00,A,2454.23241,N,06708.27187,E,0.007,,020525,,,R,V*00
$GNVTG,,T,,M,0.007,N,0.013,K,D*3D
$GNGGA,153217.00,2454.23241,N,06708.27187,E,4,12,0.59,21.8,M,-44.2,M,1.0,0284*7D
$GNGSA,A,3,10,27,28,31,32,01,23,08,02,,,,1.18,0.59,1.02,1*01
$GNGSA,A,3,70,71,73,80,79,69,84,85,86,,,,1.18,0.59,1.02,2*06
$GNGSA,A,3,05,15,34,03,,,,,,,,,1.18,0.59,1.02,3*01
$GNGSA,A,3,06,09,08,13,12,11,16,26,,,,,1.18,0.59,1.02,4*06
$GNGSA,A,3,07,04,,,,,,,,,,,1.18,0.59,1.02,5*01
$GPGSV,4,1,13,01,18,320,39,02,45,308,46,08,17,254,38,10,44,068,46,1*61
$GPGSV,4,2,13,23,11,101,37,25,07,086,33,27,16,216,38,28,68,131,47,1*63
$GPGSV,4,3,13,31,47,178,45,32,49,019,48,40,59,208,48,41,56,146,46,1*6E
$GPGSV,4,4,13,42,19,104,45,1*5C
$GPGSV,3,1,09,01,18,320,45,08,17,254,40,10,44,068,45,23,11,101,38,6*6D
$GPGSV,3,2,09,25,07,086,31,27,16,216,41,28,68,131,48,31,47,178,45,6*60
$GPGSV,3,3,09,32,49,019,46,6*5C
$GLGSV,3,1,10,69,12,048,42,70,41,343,37,71,24,288,46,73,12,159,42,1*73
$GLGSV,3,2,10,79,14,051,44,80,27,105,47,84,35,183,37,85,61,263,50,1*71
$GLGSV,3,3,10,86,21,326,46,,,,50,1*44
$GLGSV,3,1,10,69,12,048,43,70,41,343,09,71,24,288,45,73,12,159,45,3*79
$GLGSV,3,2,10,79,14,051,45,80,27,105,46,84,35,183,48,85,61,263,48,3*72
$GLGSV,3,3,10,86,21,326,41,,,,49,3*49
$GAGSV,2,1,06,03,65,302,51,05,40,032,50,08,24,249,46,15,46,320,50,2*72
$GAGSV,2,2,06,34,77,168,52,36,25,148,47,2*73
$GAGSV,2,1,06,03,65,302,47,05,40,032,44,08,24,249,40,15,46,320,46,7*74
$GAGSV,2,2,06,34,77,168,48,36,25,148,41,7*7B
$GAGSV,1,1,03,16,06,109,,24,02,085,,25,06,131,,0*45
$GBGSV,2,1,08,06,62,081,47,09,65,114,47,11,46,274,47,12,38,198,43,1*77
$GBGSV,2,2,08,13,48,070,45,16,56,068,46,26,34,147,46,34,46,236,47,1*7C
$GBGSV,2,1,08,06,62,081,45,08,34,085,47,09,65,114,48,11,46,274,51,B*00
$GBGSV,2,2,08,12,38,198,51,13,48,070,46,14,21,287,47,16,56,068,46,B*0A
$GBGSV,1,1,03,10,03,160,,44,19,178,,45,29,079,,0*43
$GQGSV,1,1,02,04,20,075,38,07,19,104,33,1*62
$GQGSV,1,1,02,04,20,075,39,07,19,104,43,6*63
$GNGLL,2454.23241,N,06708.27187,E,153217.00,A,D*72
$GNRMC,153218.00,A,2454.23240,N,06708.27187,E,0.002,,020525,,,R,V*0B
$GNVTG,,T,,M,0.002,N,0.003,K,D*39
$GNGGA,153218.00,2454.23240,N,06708.27187,E,4,12,0.59,21.7,M,-44.2,M,1.0,0284*7C
$GNGSA,A,3,10,27,28,31,32,01,23,08,02,,,,1.18,0.59,1.02,1*01
$GNGSA,A,3,70,71,73,80,79,69,84,85,86,,,,1.18,0.59,1.02,2*06
$GNGSA,A,3,05,15,34,03,,,,,,,,,1.18,0.59,1.02,3*01
$GNGSA,A,3,06,09,08,13,12,11,16,26,,,,,1.18,0.59,1.02,4*06
$GNGSA,A,3,07,04,,,,,,,,,,,1.18,0.59,1.02,5*01
$GPGSV,4,1,13,01,18,320,39,02,45,308,46,08,17,254,38,10,44,068,46,1*61
$GPGSV,4,2,13,23,11,101,37,25,07,086,33,27,16,216,39,28,68,131,47,1*62
$GPGSV,4,3,13,31,47,178,45,32,49,019,48,40,59,208,48,41,56,146,46,1*6E
$GPGSV,4,4,13,42,19,104,45,1*5C
$GPGSV,3,1,09,01,18,320,45,08,17,254,40,10,44,068,45,23,11,101,38,6*6D
$GPGSV,3,2,09,25,07,086,30,27,16,216,41,28,68,131,48,31,47,178,45,6*61
$GPGSV,3,3,09,32,49,019,46,6*5C
$GLGSV,3,1,10,69,12,048,42,70,41,343,37,71,24,288,46,73,12,159,42,1*73
$GLGSV,3,2,10,79,14,051,44,80,27,105,47,84,35,183,37,85,61,263,50,1*71
$GLGSV,3,3,10,86,21,326,46,,,,50,1*44
$GLGSV,3,1,10,69,12,048,43,70,41,343,13,71,24,288,45,73,12,159,45,3*72
$GLGSV,3,2,10,79,14,051,45,80,27,105,46,84,35,183,48,85,61,263,48,3*72
$GLGSV,3,3,10,86,21,326,42,,,,49,3*4A
$GAGSV,2,1,06,03,65,302,52,05,40,032,50,08,24,249,46,15,46,320,50,2*71
$GAGSV,2,2,06,34,77,168,52,36,25,148,47,2*73
$GAGSV,2,1,06,03,65,302,48,05,40,032,44,08,24,249,40,15,46,320,46,7*7B
$GAGSV,2,2,06,34,77,168,48,36,25,148,41,7*7B
$GAGSV,1,1,03,16,06,109,,24,02,085,,25,06,131,,0*45
$GBGSV,2,1,08,06,62,081,47,09,65,114,47,11,46,274,47,12,38,198,43,1*77
$GBGSV,2,2,08,13,48,070,45,16,56,068,46,26,34,147,46,34,46,236,47,1*7C
$GBGSV,2,1,08,06,62,081,45,08,34,085,47,09,65,114,48,11,46,274,51,B*00
$GBGSV,2,2,08,12,38,198,51,13,48,070,46,14,21,287,47,16,56,068,46,B*0A
$GBGSV,1,1,03,10,03,160,,44,19,178,,45,29,079,,0*43
$GQGSV,1,1,02,04,20,075,38,07,19,104,34,1*65
$GQGSV,1,1,02,04,20,075,39,07,19,104,43,6*63
$GNGLL,2454.23240,N,06708.27187,E,153218.00,A,D*7C
$GNRMC,153219.00,A,2454.23240,N,06708.27187,E,0.001,,020525,,,R,V*09
$GNVTG,,T,,M,0.001,N,0.003,K,D*3A
$GNGGA,153219.00,2454.23240,N,06708.27187,E,4,12,0.59,21.8,M,-44.2,M,1.0,0284*72
$GNGSA,A,3,10,27,28,31,32,01,23,08,02,,,,1.18,0.59,1.02,1*01
$GNGSA,A,3,70,71,73,80,79,69,84,85,86,,,,1.18,0.59,1.02,2*06
$GNGSA,A,3,05,15,34,03,,,,,,,,,1.18,0.59,1.02,3*01
$GNGSA,A,3,06,09,08,13,12,11,16,26,,,,,1.18,0.59,1.02,4*06
$GNGSA,A,3,07,04,,,,,,,,,,,1.18,0.59,1.02,5*01
$GPGSV,4,1,13,01,18,320,39,02,45,308,46,08,17,254,38,10,44,068,46,1*61
$GPGSV,4,2,13,23,11,101,37,25,07,086,33,27,16,216,39,28,68,131,47,1*62
$GPGSV,4,3,13,31,47,178,45,32,49,019,48,40,59,208,48,41,56,146,46,1*6E
$GPGSV,4,4,13,42,19,104,45,1*5C
$GPGSV,3,1,09,01,18,320,45,08,17,254,40,10,44,068,46,23,11,101,38,6*6E
$GPGSV,3,2,09,25,07,086,30,27,16,216,41,28,68,131,48,31,47,178,45,6*61
$GPGSV,3,3,09,32,49,019,46,6*5C
$GLGSV,3,1,10,69,12,048,43,70,41,343,37,71,24,288,46,73,12,159,42,1*72
$GLGSV,3,2,10,79,14,051,44,80,27,105,47,84,35,183,37,85,61,263,50,1*71
$GLGSV,3,3,10,86,21,326,46,,,,50,1*44
$GLGSV,3,1,10,69,12,048,43,70,41,343,10,71,24,288,45,73,12,159,45,3*71
$GLGSV,3,2,10,79,14,051,45,80,27,105,46,84,35,183,48,85,61,263,48,3*72
$GLGSV,3,3,10,86,21,326,42,,,,49,3*4A
$GAGSV,2,1,06,03,65,302,52,05,40,032,50,08,24,249,46,15,46,320,50,2*71
$GAGSV,2,2,06,34,77,168,52,36,25,148,47,2*73
$GAGSV,2,1,06,03,65,302,48,05,40,032,44,08,24,249,40,15,46,320,46,7*7B
$GAGSV,2,2,06,34,77,168,48,36,25,148,41,7*7B
$GAGSV,1,1,03,16,06,109,,24,02,085,,25,06,131,,0*45
$GBGSV,2,1,08,06,62,081,47,09,65,114,47,11,46,274,47,12,38,198,43,1*77
$GBGSV,2,2,08,13,48,070,45,16,56,068,46,26,34,147,46,34,46,236,47,1*7C
$GBGSV,2,1,08,06,62,081,45,08,34,085,47,09,65,114,48,11,46,274,51,B*00
$GBGSV,2,2,08,12,38,198,51,13,48,070,46,14,21,287,47,16,56,068,46,B*0A
$GBGSV,1,1,03,10,03,160,,44,19,178,,45,29,079,,0*43
$GQGSV,1,1,02,04,20,075,38,07,19,104,34,1*65
$GQGSV,1,1,02,04,20,075,39,07,19,104,43,6*63
$GNGLL,2454.23240,N,06708.27187,E,153219.00,A,D*7D
$GNRMC,153220.00,A,2454.23240,N,06708.27187,E,0.005,,020525,,,R,V*07
$GNVTG,,T,,M,0.005,N,0.009,K,D*34
$GNGGA,153220.00,2454.23240,N,06708.27187,E,4,12,0.59,21.8,M,-44.2,M,1.0,0284*78
$GNGSA,A,3,10,27,28,31,32,01,23,08,02,,,,1.18,0.59,1.02,1*01
$GNGSA,A,3,70,71,73,80,79,69,84,85,86,,,,1.18,0.59,1.02,2*06
$GNGSA,A,3,05,15,34,03,,,,,,,,,1.18,0.59,1.02,3*01
$GNGSA,A,3,06,09,08,13,12,11,16,26,,,,,1.18,0.59,1.02,4*06
$GNGSA,A,3,07,04,,,,,,,,,,,1.18,0.59,1.02,5*01
$GPGSV,4,1,13,01,18,320,39,02,45,308,46,08,17,254,38,10,44,068,46,1*61
$GPGSV,4,2,13,23,11,101,37,25,07,086,33,27,16,216,39,28,68,131,47,1*62
$GPGSV,4,3,13,31,47,178,45,32,49,019,48,40,59,208,48,41,56,146,46,1*6E
$GPGSV,4,4,13,42,19,104,45,1*5C
$GPGSV,3,1,09,01,18,320,45,08,17,254,40,10,44,068,46,23,11,101,38,6*6E
$GPGSV,3,2,09,25,07,086,30,27,16,216,41,28,68,131,48,31,47,178,45,6*61
$GPGSV,3,3,09,32,49,019,46,6*5C
$GLGSV,3,1,10,69,12,048,43,70,41,343,37,71,24,288,46,73,12,159,42,1*72
$GLGSV,3,2,10,79,14,051,44,80,27,105,47,84,35,183,37,85,61,263,50,1*71
$GLGSV,3,3,10,86,21,326,46,,,,50,1*44
$GLGSV,3,1,10,69,12,048,43,70,41,343,07,71,24,288,45,73,12,159,45,3*77
$GLGSV,3,2,10,79,14,051,45,80,27,105,46,84,35,183,48,85,61,263,48,3*72
$GLGSV,3,3,10,86,21,326,42,,,,49,3*4A
$GAGSV,2,1,06,03,65,302,52,05,40,032,50,08,24,249,46,15,46,320,50,2*71
$GAGSV,2,2,06,34,77,168,52,36,25,148,47,2*73
$GAGSV,2,1,06,03,65,302,48,05,40,032,44,08,24,249,40,15,46,320,46,7*7B
$GAGSV,2,2,06,34,77,168,48,36,25,148,41,7*7B
$GAGSV,1,1,03,16,06,109,,24,02,085,,25,06,131,,0*45
$GBGSV,2,1,08,06,62,081,47,09,65,114,47,11,46,274,47,12,38,198,43,1*77
$GBGSV,2,2,08,13,48,070,45,16,56,068,46,26,34,147,46,34,46,236,47,1*7C
$GBGSV,2,1,08,06,62,081,45,08,34,085,47,09,65,114,48,11,46,274,51,B*00
$GBGSV,2,2,08,12,38,198,51,13,48,070,46,14,21,287,47,16,56,068,46,B*0A
$GBGSV,1,1,03,10,03,160,,44,19,178,,45,29,079,,0*43
$GQGSV,1,1,02,04,20,075,38,07,19,104,34,1*65
$GQGSV,1,1,02,04,20,075,39,07,19,104,43,6*63
$GNGLL,2454.23240,N,06708.27187,E,153220.00,A,D*77
$GNRMC,153221.00,A,2454.23240,N,06708.27187,E,0.005,,020525,,,R,V*06
$GNVTG,,T,,M,0.005,N,0.010,K,D*3C
$GNGGA,153221.00,2454.23240,N,06708.27187,E,4,12,0.59,21.8,M,-44.2,M,1.0,0284*79
$GNGSA,A,3,10,27,28,31,32,01,23,08,02,,,,1.18,0.59,1.02,1*01
$GNGSA,A,3,70,71,73,80,79,69,84,85,86,,,,1.18,0.59,1.02,2*06
$GNGSA,A,3,05,15,34,03,,,,,,,,,1.18,0.59,1.02,3*01
$GNGSA,A,3,06,09,08,13,12,11,16,26,,,,,1.18,0.59,1.02,4*06
$GNGSA,A,3,07,04,,,,,,,,,,,1.18,0.59,1.02,5*01
$GPGSV,4,1,13,01,18,320,39,02,45,308,46,08,17,254,38,10,44,068,46,1*61
$GPGSV,4,2,13,23,11,101,37,25,07,086,33,27,16,216,39,28,68,131,47,1*62
$GPGSV,4,3,13,31,47,178,45,32,49,019,48,40,59,208,48,41,56,146,46,1*6E
$GPGSV,4,4,13,42,19,104,45,1*5C
$GPGSV,3,1,09,01,18,320,45,08,17,254,40,10,44,068,45,23,11,101,38,6*6D
$GPGSV,3,2,09,25,07,086,30,27,16,216,41,28,68,131,48,31,47,178,45,6*61
$GPGSV,3,3,09,32,49,019,46,6*5C
$GLGSV,3,1,10,69,12,048,43,70,41,343,37,71,24,288,46,73,12,159,42,1*72
$GLGSV,3,2,10,79,14,051,44,80,27,105,47,84,35,183,37,85,61,263,50,1*71
$GLGSV,3,3,10,86,21,326,46,,,,50,1*44
$GLGSV,3,1,10,69,12,048,43,70,41,343,10,71,24,288,45,73,12,159,45,3*71
$GLGSV,3,2,10,79,14,051,45,80,27,105,46,84,35,183,48,85,61,263,48,3*72
$GLGSV,3,3,10,86,21,326,42,,,,49,3*4A
$GAGSV,2,1,06,03,65,302,52,05,40,032,50,08,24,249,46,15,46,320,50,2*71
$GAGSV,2,2,06,34,77,169,52,36,25,148,47,2*72
$GAGSV,2,1,06,03,65,302,48,05,40,032,44,08,24,249,40,15,46,320,46,7*7B
$GAGSV,2,2,06,34,77,169,48,36,25,148,41,7*7A
$GAGSV,1,1,03,16,06,109,,24,02,085,,25,06,131,,0*45
$GBGSV,2,1,08,06,62,081,47,09,65,114,47,11,46,274,47,12,38,198,43,1*77
$GBGSV,2,2,08,13,48,070,45,16,56,068,46,26,34,147,46,34,46,236,47,1*7C
$GBGSV,2,1,08,06,62,081,45,08,34,085,47,09,65,114,48,11,46,274,51,B*00
$GBGSV,2,2,08,12,38,198,51,13,48,070,46,14,21,287,47,16,56,068,46,B*0A
$GBGSV,1,1,03,10,03,160,,44,19,178,,45,29,079,,0*43
$GQGSV,1,1,02,04,20,075,38,07,19,104,34,1*65
$GQGSV,1,1,02,04,20,075,39,07,19,104,43,6*63
$GNGLL,2454.23240,N,06708.27187,E,153221.00,A,D*76
$GNRMC,153222.00,A,2454.23240,N,06708.27187,E,0.002,,020525,,,R,V*02
$GNVTG,,T,,M,0.002,N,0.004,K,D*3E
$GNGGA,153222.00,2454.23240,N,06708.27187,E,4,12,0.59,21.8,M,-44.2,M,1.0,0284*7A
$GNGSA,A,3,10,27,28,31,32,01,23,08,02,,,,1.18,0.59,1.02,1*01
$GNGSA,A,3,70,71,73,80,79,69,84,85,86,,,,1.18,0.59,1.02,2*06
$GNGSA,A,3,05,15,34,03,,,,,,,,,1.18,0.59,1.02,3*01
$GNGSA,A,3,06,09,08,13,12,11,16,26,,,,,1.18,0.59,1.02,4*06
$GNGSA,A,3,07,04,,,,,,,,,,,1.18,0.59,1.02,5*01
$GPGSV,4,1,13,01,18,320,39,02,45,308,46,08,17,254,38,10,44,068,46,1*61
$GPGSV,4,2,13,23,11,101,37,25,07,086,33,27,16,216,39,28,68,131,47,1*62
$GPGSV,4,3,13,31,47,178,45,32,49,019,48,40,59,208,48,41,56,146,46,1*6E
$GPGSV,4,4,13,42,19,104,45,1*5C
$GPGSV,3,1,09,01,18,320,45,08,17,254,40,10,44,068,46,23,11,101,38,6*6E
$GPGSV,3,2,09,25,07,086,29,27,16,216,41,28,68,131,48,31,47,178,45,6*69
$GPGSV,3,3,09,32,49,019,46,6*5C
$GLGSV,3,1,10,69,12,048,43,70,41,343,37,71,24,288,46,73,12,159,42,1*72
$GLGSV,3,2,10,79,14,051,44,80,27,105,47,84,35,183,37,85,61,263,50,1*71
$GLGSV,3,3,10,86,21,326,46,,,,50,1*44
$GLGSV,3,1,10,69,12,048,43,70,41,343,10,71,24,288,45,73,12,159,45,3*71
$GLGSV,3,2,10,79,14,051,45,80,27,105,46,84,35,183,48,85,61,263,48,3*72
$GLGSV,3,3,10,86,21,326,42,,,,49,3*4A
$GAGSV,2,1,06,03,65,302,52,05,40,032,50,08,24,249,46,15,46,320,51,2*70
$GAGSV,2,2,06,34,77,169,52,36,24,148,47,2*73
$GAGSV,2,1,06,03,65,302,48,05,40,032,44,08,24,249,40,15,46,320,46,7*7B
$GAGSV,2,2,06,34,77,169,48,36,24,148,41,7*7B
$GAGSV,1,1,03,16,06,109,,24,02,085,,25,06,131,,0*45
$GBGSV,2,1,08,06,62,081,47,09,65,114,47,11,46,274,47,12,38,198,43,1*77
$GBGSV,2,2,08,13,48,070,45,16,56,068,46,26,34,147,46,34,46,236,47,1*7C
$GBGSV,2,1,08,06,62,081,45,08,34,085,47,09,65,114,48,11,46,274,51,B*00
$GBGSV,2,2,08,12,38,198,51,13,48,070,46,14,21,287,47,16,56,068,46,B*0A
$GBGSV,1,1,03,10,03,160,,44,19,178,,45,29,079,,0*43
$GQGSV,1,1,02,04,20,075,37,07,19,104,34,1*6A
$GQGSV,1,1,02,04,20,075,39,07,19,104,43,6*63
$GNGLL,2454.23240,N,06708.27187,E,153222.00,A,D*75
$GNRMC,153223.00,A,2454.23240,N,06708.27187,E,0.007,,020525,,,R,V*06
$GNVTG,,T,,M,0.007,N,0.012,K,D*3C
$GNGGA,153223.00,2454.23240,N,06708.27187,E,4,12,0.59,21.8,M,-44.2,M,1.0,0284*7B
$GNGSA,A,3,10,27,28,31,32,01,23,08,02,,,,1.18,0.59,1.02,1*01
$GNGSA,A,3,70,71,73,80,79,69,84,85,86,,,,1.18,0.59,1.02,2*06
$GNGSA,A,3,05,15,34,03,,,,,,,,,1.18,0.59,1.02,3*01
$GNGSA,A,3,06,09,08,13,12,11,16,26,,,,,1.18,0.59,1.02,4*06
$GNGSA,A,3,07,04,,,,,,,,,,,1.18,0.59,1.02,5*01
$GPGSV,4,1,13,01,18,320,39,02,45,308,46,08,17,254,38,10,44,068,46,1*61
$GPGSV,4,2,13,23,11,101,37,25,07,086,33,27,16,216,39,28,68,131,47,1*62
$GPGSV,4,3,13,31,47,178,45,32,49,019,48,40,59,208,48,41,56,146,46,1*6E
$GPGSV,4,4,13,42,19,104,45,1*5C
$GPGSV,3,1,09,01,18,320,45,08,17,254,40,10,44,068,46,23,11,101,38,6*6E
$GPGSV,3,2,09,25,07,086,29,27,16,216,41,28,68,131,48,31,47,178,45,6*69
$GPGSV,3,3,09,32,49,019,46,6*5C
$GLGSV,3,1,10,69,12,048,43,70,41,343,37,71,24,288,46,73,12,159,42,1*72
$GLGSV,3,2,10,79,14,051,43,80,27,105,47,84,35,183,37,85,61,263,51,1*77
$GLGSV,3,3,10,86,21,326,46,,,,50,1*44
$GLGSV,3,1,10,69,12,048,43,70,41,343,07,71,24,288,45,73,12,159,45,3*77
$GLGSV,3,2,10,79,14,051,45,80,27,105,46,84,35,183,47,85,61,263,48,3*7D
$GLGSV,3,3,10,86,21,326,42,,,,49,3*4A
$GAGSV,2,1,06,03,65,302,51,05,40,032,50,08,24,249,46,15,46,320,50,2*72
$GAGSV,2,2,06,34,77,169,52,36,24,148,47,2*73
$GAGSV,2,1,06,03,65,302,48,05,40,032,44,08,24,249,40,15,46,320,46,7*7B
$GAGSV,2,2,06,34,77,169,48,36,24,148,41,7*7B
$GAGSV,1,1,03,16,06,109,,24,02,085,,25,06,131,,0*45
$GBGSV,2,1,08,06,62,081,47,09,65,114,47,11,46,274,47,12,38,198,43,1*77
$GBGSV,2,2,08,13,48,070,45,16,56,068,46,26,34,147,46,34,46,236,47,1*7C
$GBGSV,2,1,08,06,62,081,45,08,34,085,47,09,65,114,48,11,46,274,51,B*00
$GBGSV,2,2,08,12,38,198,51,13,48,070,46,14,21,287,47,16,56,068,46,B*0A
$GBGSV,1,1,03,10,03,160,,44,19,178,,45,29,079,,0*43
$GQGSV,1,1,02,04,20,075,37,07,19,104,34,1*6A
$GQGSV,1,1,02,04,20,075,39,07,19,104,43,6*63
$GNGLL,2454.23240,N,06708.27187,E,153223.00,A,D*74
$GNRMC,153224.00,A,2454.23240,N,06708.27187,E,0.008,,020525,,,R,V*0E
$GNVTG,,T,,M,0.008,N,0.014,K,D*35
$GNGGA,153224.00,2454.23240,N,06708.27187,E,4,12,0.59,21.8,M,-44.2,M,1.0,0284*7C
$GNGSA,A,3,10,27,28,31,32,01,23,08,02,,,,1.18,0.59,1.02,1*01
$GNGSA,A,3,70,71,73,80,79,69,84,85,86,,,,1.18,0.59,1.02,2*06
$GNGSA,A,3,05,15,34,03,,,,,,,,,1.18,0.59,1.02,3*01
$GNGSA,A,3,06,09,08,13,12,11,16,26,,,,,1.18,0.59,1.02,4*06
$GNGSA,A,3,07,04,,,,,,,,,,,1.18,0.59,1.02,5*01
$GPGSV,4,1,13,01,18,320,39,02,45,308,46,08,17,254,38,10,44,068,46,1*61
$GPGSV,4,2,13,23,11,101,37,25,07,086,32,27,16,216,39,28,68,131,47,1*63
$GPGSV,4,3,13,31,47,178,45,32,49,019,48,40,59,208,48,41,56,146,46,1*6E
$GPGSV,4,4,13,42,19,104,45,1*5C
$GPGSV,3,1,09,01,18,320,45,08,17,254,40,10,44,068,46,23,11,101,38,6*6E
$GPGSV,3,2,09,25,07,086,29,27,16,216,41,28,68,131,49,31,47,178,45,6*68
$GPGSV,3,3,09,32,49,019,46,6*5C
$GLGSV,3,1,10,69,12,048,43,70,41,343,37,71,24,288,46,73,12,159,42,1*72
$GLGSV,3,2,10,79,14,051,44,80,27,105,47,84,35,183,37,85,61,263,51,1*70
$GLGSV,3,3,10,86,21,326,46,,,,50,1*44
$GLGSV,3,1,10,69,12,048,43,70,41,343,07,71,24,288,45,73,12,159,45,3*77
$GLGSV,3,2,10,79,14,051,45,80,27,105,46,84,35,183,47,85,61,263,48,3*7D
$GLGSV,3,3,10,86,21,326,42,,,,49,3*4A
$GAGSV,2,1,06,03,65,302,52,05,40,032,50,08,24,249,46,15,46,320,51,2*70
$GAGSV,2,2,06,34,77,169,52,36,24,148,47,2*73
$GAGSV,2,1,06,03,65,302,48,05,40,032,44,08,24,249,40,15,46,320,46,7*7B
$GAGSV,2,2,06,34,77,169,48,36,24,148,41,7*7B
$GAGSV,1,1,03,16,06,109,,24,02,085,,25,06,131,,0*45
$GBGSV,2,1,08,06,62,081,47,09,65,114,47,11,46,274,47,12,38,198,43,1*77
$GBGSV,2,2,08,13,48,070,45,16,56,068,46,26,34,147,46,34,46,236,47,1*7C
$GBGSV,2,1,08,06,62,081,45,08,34,086,47,09,65,114,48,11,46,274,51,B*03
$GBGSV,2,2,08,12,38,198,51,13,48,070,46,14,21,287,47,16,56,068,46,B*0A
$GBGSV,1,1,03,10,03,160,,44,19,178,,45,29,079,,0*43
$GQGSV,1,1,02,04,20,075,38,07,19,104,34,1*65
$GQGSV,1,1,02,04,20,075,39,07,19,104,44,6*64
$GNGLL,2454.23240,N,06708.27187,E,153224.00,A,D*73
$GNRMC,153225.00,A,2454.23240,N,06708.27187,E,0.004,,020525,,,R,V*03
$GNVTG,,T,,M,0.004,N,0.007,K,D*3B
$GNGGA,153225.00,2454.23240,N,06708.27187,E,4,12,0.59,21.7,M,-44.2,M,1.0,0284*72
$GNGSA,A,3,10,27,28,31,32,01,23,08,02,,,,1.18,0.59,1.02,1*01
$GNGSA,A,3,70,71,73,80,79,69,84,85,86,,,,1.18,0.59,1.02,2*06
$GNGSA,A,3,05,15,34,03,,,,,,,,,1.18,0.59,1.02,3*01
$GNGSA,A,3,06,09,08,13,12,11,16,26,,,,,1.18,0.59,1.02,4*06
$GNGSA,A,3,07,04,,,,,,,,,,,1.18,0.59,1.02,5*01
$GPGSV,4,1,13,01,18,320,39,02,45,308,46,08,17,254,38,10,44,068,46,1*61
$GPGSV,4,2,13,23,11,101,37,25,07,086,32,27,16,216,39,28,68,131,47,1*63
$GPGSV,4,3,13,31,47,178,45,32,49,019,48,40,59,208,48,41,56,146,46,1*6E
$GPGSV,4,4,13,42,19,104,45,1*5C
$GPGSV,3,1,09,01,18,320,45,08,17,254,40,10,44,068,46,23,11,101,38,6*6E
$GPGSV,3,2,09,25,07,086,29,27,16,216,41,28,68,131,49,31,47,178,45,6*68
$GPGSV,3,3,09,32,49,019,46,6*5C
$GLGSV,3,1,10,69,12,048,43,70,41,343,37,71,24,288,46,73,12,159,42,1*72
$GLGSV,3,2,10,79,14,051,44,80,27,105,47,84,35,183,37,85,61,263,51,1*70
$GLGSV,3,3,10,86,21,326,46,,,,50,1*44
$GLGSV,3,1,10,69,12,048,43,70,41,343,10,71,24,288,45,73,12,159,45,3*71
$GLGSV,3,2,10,79,14,051,45,80,27,105,46,84,35,183,47,85,61,263,48,3*7D
$GLGSV,3,3,10,86,21,326,42,,,,49,3*4A
$GAGSV,2,1,06,03,65,302,52,05,40,032,50,08,24,249,46,15,46,320,50,2*71
$GAGSV,2,2,06,34,77,169,52,36,24,148,47,2*73
$GAGSV,2,1,06,03,65,302,48,05,40,032,44,08,24,249,40,15,46,320,46,7*7B
$GAGSV,2,2,06,34,77,169,48,36,24,148,41,7*7B
$GAGSV,1,1,03,16,06,109,,24,02,085,,25,06,131,,0*45
$GBGSV,2,1,08,06,62,081,47,09,66,114,47,11,46,274,47,12,38,198,43,1*74
$GBGSV,2,2,08,13,48,070,45,16,56,068,46,26,34,147,46,34,46,236,47,1*7C
$GBGSV,2,1,08,06,62,081,46,08,34,086,46,09,66,114,48,11,46,274,51,B*02
$GBGSV,2,2,08,12,38,198,51,13,48,070,46,14,21,287,47,16,56,068,46,B*0A
$GBGSV,1,1,03,10,03,160,,44,19,178,,45,29,079,,0*43
$GQGSV,1,1,02,04,20,075,38,07,19,104,34,1*65
$GQGSV,1,1,02,04,20,075,39,07,19,104,43,6*63
$GNGLL,2454.23240,N,06708.27187,E,153225.00,A,D*72
$GNRMC,153226.00,A,2454.23240,N,06708.27187,E,0.005,,020525,,,R,V*01
$GNVTG,,T,,M,0.005,N,0.009,K,D*34
$GNGGA,153226.00,2454.23240,N,06708.27187,E,4,12,0.59,21.8,M,-44.2,M,1.0,0284*7E
$GNGSA,A,3,10,27,28,31,32,01,23,08,02,,,,1.18,0.59,1.02,1*01
$GNGSA,A,3,70,71,73,80,79,69,84,85,86,,,,1.18,0.59,1.02,2*06
$GNGSA,A,3,05,15,34,03,,,,,,,,,1.18,0.59,1.02,3*01
$GNGSA,A,3,06,09,08,13,12,11,16,26,,,,,1.18,0.59,1.02,4*06
$GNGSA,A,3,07,04,,,,,,,,,,,1.18,0.59,1.02,5*01
$GPGSV,4,1,13,01,18,320,39,02,45,308,46,08,17,254,38,10,44,068,46,1*61
$GPGSV,4,2,13,23,11,101,38,25,07,086,32,27,16,216,39,28,68,131,47,1*6C
$GPGSV,4,3,13,31,47,178,45,32,49,019,48,40,59,208,48,41,56,146,46,1*6E
$GPGSV,4,4,13,42,19,104,45,1*5C
$GPGSV,3,1,09,01,18,320,45,08,17,254,40,10,44,068,46,23,11,101,38,6*6E
$GPGSV,3,2,09,25,07,086,28,27,16,216,41,28,68,131,49,31,47,178,45,6*69
$GPGSV,3,3,09,32,49,019,46,6*5C
$GLGSV,3,1,10,69,12,048,43,70,41,343,37,71,24,288,46,73,12,159,42,1*72
$GLGSV,3,2,10,79,14,051,44,80,27,105,47,84,35,183,37,85,61,263,51,1*70
$GLGSV,3,3,10,86,21,326,46,,,,50,1*44
$GLGSV,3,1,10,69,12,048,43,70,41,343,09,71,24,288,45,73,12,159,45,3*79
$GLGSV,3,2,10,79,14,051,44,80,27,105,46,84,35,183,48,85,61,263,48,3*73
$GLGSV,3,3,10,86,21,326,42,,,,49,3*4A
$GAGSV,2,1,06,03,65,302,52,05,40,032,50,08,24,249,46,15,46,320,50,2*71
$GAGSV,2,2,06,34,77,169,52,36,24,148,47,2*73
$GAGSV,2,1,06,03,65,302,47,05,40,032,44,08,24,249,40,15,46,320,46,7*74
$GAGSV,2,2,06,34,77,169,48,36,24,148,41,7*7B
$GAGSV,1,1,03,16,06,109,,24,02,085,,25,06,131,,0*45
$GBGSV,2,1,08,06,62,081,47,09,66,114,47,11,46,274,47,12,38,198,43,1*74
$GBGSV,2,2,08,13,48,070,45,16,56,068,46,26,34,147,46,34,46,236,47,1*7C
$GBGSV,2,1,08,06,62,081,46,08,34,086,46,09,66,114,48,11,46,274,51,B*02
$GBGSV,2,2,08,12,38,198,51,13,48,070,46,14,21,287,47,16,56,068,46,B*0A
$GBGSV,1,1,03,10,03,160,,44,19,178,,45,29,079,,0*43
$GQGSV,1,1,02,04,20,075,38,07,19,104,33,1*62
$GQGSV,1,1,02,04,20,075,39,07,19,104,43,6*63
$GNGLL,2454.23240,N,06708.27187,E,153226.00,A,D*71
$GNRMC,153227.00,A,2454.23240,N,06708.27187,E,0.002,,020525,,,R,V*07
$GNVTG,,T,,M,0.002,N,0.003,K,D*39
$GNGGA,153227.00,2454.23240,N,06708.27187,E,4,12,0.59,21.8,M,-44.2,M,1.0,0284*7F
$GNGSA,A,3,10,27,28,31,32,01,23,08,02,,,,1.18,0.59,1.02,1*01
$GNGSA,A,3,70,71,73,80,79,69,84,85,86,,,,1.18,0.59,1.02,2*06
$GNGSA,A,3,05,15,34,03,,,,,,,,,1.18,0.59,1.02,3*01
$GNGSA,A,3,06,09,08,13,12,11,16,26,,,,,1.18,0.59,1.02,4*06
$GNGSA,A,3,07,04,,,,,,,,,,,1.18,0.59,1.02,5*01
$GPGSV,4,1,13,01,18,320,39,02,45,308,46,08,17,254,37,10,44,068,46,1*6E
$GPGSV,4,2,13,23,11,101,38,25,07,086,32,27,16,216,39,28,68,131,47,1*6C
$GPGSV,4,3,13,31,47,178,45,32,49,019,48,40,59,208,48,41,56,146,46,1*6E
$GPGSV,4,4,13,42,19,104,45,1*5C
$GPGSV,3,1,09,01,18,320,45,08,17,254,40,10,44,068,46,23,11,101,38,6*6E
$GPGSV,3,2,09,25,07,086,28,27,16,216,41,28,68,131,49,31,47,178,45,6*69
$GPGSV,3,3,09,32,49,019,46,6*5C
$GLGSV,3,1,10,69,12,048,43,70,41,343,37,71,24,288,46,73,12,159,42,1*72
$GLGSV,3,2,10,79,14,051,43,80,27,105,47,84,35,183,37,85,61,263,51,1*77
$GLGSV,3,3,10,86,21,326,46,,,,50,1*44
$GLGSV,3,1,10,69,12,048,43,70,41,343,08,71,24,288,45,73,12,159,45,3*78
$GLGSV,3,2,10,79,14,051,44,80,27,105,46,84,35,183,48,85,61,263,48,3*73
$GLGSV,3,3,10,86,21,326,42,,,,49,3*4A
$GAGSV,2,1,06,03,65,302,52,05,40,032,50,08,24,249,46,15,46,320,50,2*71
$GAGSV,2,2,06,34,77,169,52,36,24,148,47,2*73
$GAGSV,2,1,06,03,65,302,47,05,40,032,44,08,24,249,40,15,46,320,46,7*74
$GAGSV,2,2,06,34,77,169,48,36,24,148,41,7*7B
$GAGSV,1,1,03,16,06,109,,24,02,085,,25,06,131,,0*45
$GBGSV,2,1,08,06,62,081,47,09,66,114,47,11,46,273,47,12,38,198,43,1*73
$GBGSV,2,2,08,13,48,070,45,16,56,068,46,26,34,147,46,34,46,236,47,1*7C
$GBGSV,2,1,08,06,62,081,46,08,34,086,46,09,66,114,48,11,46,273,51,B*05
$GBGSV,2,2,08,12,38,198,51,13,48,070,46,14,21,287,47,16,56,068,46,B*0A
$GBGSV,1,1,03,10,03,160,,44,19,178,,45,29,079,,0*43
$GQGSV,1,1,02,04,20,075,38,07,19,104,33,1*62
$GQGSV,1,1,02,04,20,075,39,07,19,104,43,6*63
$GNGLL,2454.23240,N,06708.27187,E,153227.00,A,D*70
$GNRMC,153228.00,A,2454.23240,N,06708.27187,E,0.007,,020525,,,R,V*0D
$GNVTG,,T,,M,0.007,N,0.014,K,D*3A
$GNGGA,153228.00,2454.23240,N,06708.27187,E,4,12,0.59,21.8,M,-44.2,M,1.0,0284*70
$GNGSA,A,3,10,27,28,31,32,01,23,08,02,,,,1.18,0.59,1.02,1*01
$GNGSA,A,3,70,71,73,80,79,69,84,85,86,,,,1.18,0.59,1.02,2*06
$GNGSA,A,3,05,15,34,03,,,,,,,,,1.18,0.59,1.02,3*01
$GNGSA,A,3,06,09,08,13,12,11,16,26,,,,,1.18,0.59,1.02,4*06
$GNGSA,A,3,07,04,,,,,,,,,,,1.18,0.59,1.02,5*01
$GPGSV,4,1,13,01,18,320,39,02,45,308,46,08,17,254,37,10,44,068,46,1*6E
$GPGSV,4,2,13,23,11,101,38,25,07,086,32,27,16,216,39,28,68,131,47,1*6C
$GPGSV,4,3,13,31,47,178,45,32,49,019,48,40,59,208,48,41,56,146,46,1*6E
$GPGSV,4,4,13,42,19,104,45,1*5C
$GPGSV,3,1,09,01,18,320,45,08,17,254,40,10,44,068,46,23,11,101,38,6*6E
$GPGSV,3,2,09,25,07,086,29,27,16,216,41,28,68,131,49,31,47,178,45,6*68
$GPGSV,3,3,09,32,49,019,46,6*5C
$GLGSV,3,1,10,69,12,048,43,70,41,343,37,71,24,288,46,73,12,159,42,1*72
$GLGSV,3,2,10,79,14,051,43,80,27,105,47,84,35,183,37,85,61,263,51,1*77
$GLGSV,3,3,10,86,21,326,46,,,,50,1*44
$GLGSV,3,1,10,69,12,048,43,70,41,343,09,71,24,288,45,73,12,159,45,3*79
$GLGSV,3,2,10,79,14,051,44,80,27,105,46,84,35,183,48,85,61,263,48,3*73
$GLGSV,3,3,10,86,21,326,42,,,,49,3*4A
$GAGSV,2,1,06,03,65,302,52,05,40,032,50,08,24,249,46,15,46,320,50,2*71
$GAGSV,2,2,06,34,77,169,52,36,24,148,47,2*73
$GAGSV,2,1,06,03,65,302,47,05,40,032,44,08,24,249,40,15,46,320,46,7*74
$GAGSV,2,2,06,34,77,169,48,36,24,148,41,7*7B
$GAGSV,1,1,03,16,06,109,,24,02,085,,25,06,131,,0*45
$GBGSV,2,1,08,06,62,081,47,09,66,114,47,11,46,273,47,12,37,197,43,1*73
$GBGSV,2,2,08,13,48,070,45,16,56,068,46,26,34,147,46,34,46,236,47,1*7C
$GBGSV,2,1,08,06,62,081,46,08,34,086,46,09,66,114,48,11,46,273,51,B*05
$GBGSV,2,2,08,12,37,197,51,13,48,070,46,14,21,287,47,16,56,068,46,B*0A
$GBGSV,1,1,04,10,03,160,,44,19,178,,45,29,079,,50,51,348,,0*7A
$GQGSV,1,1,02,04,20,075,38,07,19,104,34,1*65
$GQGSV,1,1,02,04,20,075,39,07,19,104,43,6*63
$GNGLL,2454.23240,N,06708.27187,E,153228.00,A,D*7F
$GNRMC,153229.00,A,2454.23240,N,06708.27187,E,0.004,,020525,,,R,V*0F
$GNVTG,,T,,M,0.004,N,0.007,K,D*3B
$GNGGA,153229.00,2454.23240,N,06708.27187,E,4,12,0.59,21.7,M,-44.2,M,1.0,0284*7E
$GNGSA,A,3,10,27,28,31,32,01,23,08,02,,,,1.18,0.59,1.02,1*01
$GNGSA,A,3,70,71,73,80,79,69,84,85,86,,,,1.18,0.59,1.02,2*06
$GNGSA,A,3,05,15,34,03,,,,,,,,,1.18,0.59,1.02,3*01
$GNGSA,A,3,06,09,08,13,12,11,16,26,,,,,1.18,0.59,1.02,4*06
$GNGSA,A,3,07,04,,,,,,,,,,,1.18,0.59,1.02,5*01
$GPGSV,4,1,13,01,18,320,39,02,45,308,46,08,17,254,37,10,44,068,47,1*6F
$GPGSV,4,2,13,23,11,101,38,25,07,086,32,27,16,216,39,28,68,131,47,1*6C
$GPGSV,4,3,13,31,47,178,45,32,49,019,48,40,59,208,48,41,56,146,46,1*6E
$GPGSV,4,4,13,42,19,104,45,1*5C
$GPGSV,3,1,09,01,18,320,45,08,17,254,40,10,44,068,46,23,11,101,38,6*6E
$GPGSV,3,2,09,25,07,086,29,27,16,216,41,28,68,131,49,31,47,178,45,6*68
$GPGSV,3,3,09,32,49,019,46,6*5C
$GLGSV,3,1,10,69,12,048,43,70,41,343,37,71,24,288,46,73,12,159,42,1*72
$GLGSV,3,2,10,79,14,051,43,80,27,105,47,84,35,183,37,85,61,263,51,1*77
$GLGSV,3,3,10,86,21,326,46,,,,50,1*44
$GLGSV,3,1,10,69,12,048,43,70,41,343,10,71,24,288,45,73,12,159,45,3*71
$GLGSV,3,2,10,79,14,051,43,80,27,105,46,84,35,183,47,85,61,263,47,3*74
$GLGSV,3,3,10,86,21,326,42,,,,49,3*4A
$GAGSV,2,1,06,03,65,302,52,05,40,032,50,08,24,249,46,15,46,320,50,2*71
$GAGSV,2,2,06,34,77,169,52,36,24,148,47,2*73
$GAGSV,2,1,06,03,65,302,47,05,40,032,44,08,24,249,41,15,46,320,46,7*75
$GAGSV,2,2,06,34,77,169,48,36,24,148,41,7*7B
$GAGSV,1,1,03,16,06,109,,24,02,085,,25,06,131,,0*45
$GBGSV,2,1,08,06,62,081,47,09,66,114,47,11,46,273,47,12,37,197,43,1*73
$GBGSV,2,2,08,13,48,071,45,16,56,068,46,26,34,147,46,34,46,236,47,1*7D
$GBGSV,2,1,08,06,62,081,45,08,34,086,46,09,66,114,48,11,46,273,51,B*06
$GBGSV,2,2,08,12,37,197,51,13,48,071,46,14,21,287,47,16,56,068,46,B*0B
$GBGSV,1,1,04,10,03,160,,44,19,178,,45,29,079,,50,51,348,,0*7A
$GQGSV,1,1,02,04,20,075,38,07,19,104,33,1*62
$GQGSV,1,1,02,04,20,075,39,07,19,104,43,6*63
$GNGLL,2454.23240,N,06708.27187,E,153229.00,A,D*7E
$GNRMC,153230.00,A,2454.23240,N,06708.27187,E,0.002,,020525,,,R,V*01
$GNVTG,,T,,M,0.002,N,0.004,K,D*3E
$GNGGA,153230.00,2454.23240,N,06708.27187,E,4,12,0.59,21.8,M,-44.2,M,1.0,0284*79
$GNGSA,A,3,10,27,28,31,32,01,23,08,02,,,,1.18,0.59,1.02,1*01
$GNGSA,A,3,70,71,73,80,79,69,84,85,86,,,,1.18,0.59,1.02,2*06
$GNGSA,A,3,05,15,34,03,,,,,,,,,1.18,0.59,1.02,3*01
$GNGSA,A,3,06,09,08,13,12,11,16,26,,,,,1.18,0.59,1.02,4*06
$GNGSA,A,3,07,04,,,,,,,,,,,1.18,0.59,1.02,5*01
$GPGSV,4,1,13,01,18,320,39,02,45,308,46,08,17,254,37,10,44,068,46,1*6E
$GPGSV,4,2,13,23,11,101,38,25,07,086,32,27,16,216,39,28,68,131,47,1*6C
$GPGSV,4,3,13,31,47,178,45,32,49,019,48,40,59,208,48,41,56,146,47,1*6F
$GPGSV,4,4,13,42,19,104,45,1*5C
$GPGSV,3,1,09,01,18,320,45,08,17,254,40,10,44,068,46,23,11,101,38,6*6E
$GPGSV,3,2,09,25,07,086,29,27,16,216,41,28,68,131,48,31,47,178,45,6*69
$GPGSV,3,3,09,32,49,019,46,6*5C
$GLGSV,3,1,10,69,12,048,43,70,41,343,37,71,24,288,46,73,12,159,42,1*72
$GLGSV,3,2,10,79,14,051,44,80,27,105,47,84,35,183,37,85,61,263,51,1*70
$GLGSV,3,3,10,86,21,326,46,,,,50,1*44
$GLGSV,3,1,10,69,12,048,43,70,41,343,09,71,24,288,45,73,12,159,45,3*79
$GLGSV,3,2,10,79,14,051,44,80,27,105,46,84,35,183,47,85,61,263,48,3*7C
$GLGSV,3,3,10,86,21,326,42,,,,49,3*4A
$GAGSV,2,1,06,03,65,302,52,05,40,032,50,08,24,249,46,15,46,320,50,2*71
$GAGSV,2,2,06,34,77,169,52,36,24,148,47,2*73
$GAGSV,2,1,06,03,65,302,47,05,40,032,44,08,24,249,41,15,46,320,46,7*75
$GAGSV,2,2,06,34,77,169,48,36,24,148,41,7*7B
$GAGSV,1,1,03,16,06,109,,24,02,085,,25,06,131,,0*45
$GBGSV,2,1,08,06,62,081,47,09,66,114,47,11,46,273,47,12,37,197,43,1*73
$GBGSV,2,2,08,13,48,071,45,16,56,068,46,26,34,147,46,34,46,236,47,1*7D
$GBGSV,2,1,08,06,62,081,45,08,34,086,46,09,66,114,48,11,46,273,51,B*06
$GBGSV,2,2,08,12,37,197,51,13,48,071,46,14,21,288,47,16,56,068,46,B*04
$GBGSV,1,1,04,10,03,160,,44,19,178,,45,29,079,,50,51,348,,0*7A
$GQGSV,1,1,02,04,20,075,38,07,19,104,33,1*62
$GQGSV,1,1,02,04,20,075,39,07,19,104,43,6*63
$GNGLL,2454.23240,N,06708.27187,E,153230.00,A,D*76
$GNRMC,153231.00,A,2454.23240,N,06708.27187,E,0.014,,020525,,,R,V*07
$GNVTG,,T,,M,0.014,N,0.026,K,D*39
$GNGGA,153231.00,2454.23240,N,06708.27187,E,4,12,0.59,21.8,M,-44.2,M,1.0,0284*78
$GNGSA,A,3,10,27,28,31,32,01,23,08,02,,,,1.18,0.59,1.02,1*01
$GNGSA,A,3,70,71,73,80,79,69,84,85,86,,,,1.18,0.59,1.02,2*06
$GNGSA,A,3,05,15,34,03,,,,,,,,,1.18,0.59,1.02,3*01
$GNGSA,A,3,06,09,08,13,12,11,16,26,,,,,1.18,0.59,1.02,4*06
$GNGSA,A,3,07,04,,,,,,,,,,,1.18,0.59,1.02,5*01
$GPGSV,4,1,13,01,18,320,39,02,45,308,46,08,17,254,37,10,44,068,47,1*6F
$GPGSV,4,2,13,23,11,101,38,25,07,086,31,27,16,216,39,28,68,131,47,1*6F
$GPGSV,4,3,13,31,47,178,45,32,49,019,48,40,59,208,48,41,56,146,46,1*6E
$GPGSV,4,4,13,42,19,104,45,1*5C
$GPGSV,3,1,09,01,18,320,45,08,17,254,40,10,44,068,46,23,11,101,38,6*6E
$GPGSV,3,2,09,25,07,086,29,27,16,216,41,28,68,131,48,31,47,178,45,6*69
$GPGSV,3,3,09,32,49,019,46,6*5C
$GLGSV,3,1,10,69,12,048,43,70,41,343,37,71,24,288,46,73,12,159,42,1*72
$GLGSV,3,2,10,79,14,051,43,80,27,105,47,84,35,183,37,85,61,263,51,1*77
$GLGSV,3,3,10,86,21,326,46,,,,50,1*44
$GLGSV,3,1,10,69,12,048,43,70,41,343,10,71,24,288,45,73,12,159,45,3*71
$GLGSV,3,2,10,79,14,051,44,80,27,105,46,84,35,183,48,85,61,263,48,3*73
$GLGSV,3,3,10,86,21,326,42,,,,49,3*4A
$GAGSV,2,1,06,03,65,302,52,05,40,032,50,08,24,249,46,15,46,320,51,2*70
$GAGSV,2,2,06,34,77,169,52,36,24,148,47,2*73
$GAGSV,2,1,06,03,65,302,47,05,40,032,44,08,24,249,41,15,46,320,46,7*75
$GAGSV,2,2,06,34,77,169,48,36,24,148,41,7*7B
$GAGSV,1,1,03,16,06,109,,24,02,085,,25,06,131,,0*45
$GBGSV,2,1,08,06,62,081,47,09,66,114,47,11,46,273,47,12,37,197,43,1*73
$GBGSV,2,2,08,13,48,071,45,16,56,067,46,26,34,147,46,34,46,236,47,1*72
$GBGSV,2,1,08,06,62,081,46,08,34,086,46,09,66,114,48,11,46,273,51,B*05
$GBGSV,2,2,08,12,37,197,51,13,48,071,46,14,21,288,47,16,56,067,46,B*0B
$GBGSV,1,1,04,10,03,160,,44,19,178,,45,29,079,,50,51,348,,0*7A
$GQGSV,1,1,02,04,20,075,37,07,19,104,35,1*6B
$GQGSV,1,1,02,04,20,075,39,07,19,104,43,6*63
$GNGLL,2454.23240,N,06708.27187,E,153231.00,A,D*77
$GNRMC,153232.00,A,2454.23240,N,06708.27187,E,0.018,,020525,,,R,V*08
$GNVTG,,T,,M,0.018,N,0.033,K,D*31
$GNGGA,153232.00,2454.23240,N,06708.27187,E,4,12,0.59,21.8,M,-44.2,M,1.0,0284*7B
$GNGSA,A,3,10,27,28,31,32,01,23,08,02,,,,1.18,0.59,1.02,1*01
$GNGSA,A,3,70,71,73,80,79,69,84,85,86,,,,1.18,0.59,1.02,2*06
$GNGSA,A,3,05,15,34,03,,,,,,,,,1.18,0.59,1.02,3*01
$GNGSA,A,3,06,09,08,13,12,11,16,26,,,,,1.18,0.59,1.02,4*06
$GNGSA,A,3,07,04,,,,,,,,,,,1.18,0.59,1.02,5*01
$GPGSV,4,1,13,01,18,320,39,02,45,308,46,08,17,254,37,10,44,068,46,1*6E
$GPGSV,4,2,13,23,11,101,38,25,07,086,31,27,16,216,39,28,68,131,47,1*6F
$GPGSV,4,3,13,31,47,178,45,32,49,019,48,40,59,208,48,41,56,146,46,1*6E
$GPGSV,4,4,13,42,19,104,45,1*5C
$GPGSV,3,1,09,01,18,320,45,08,17,254,40,10,44,068,46,23,11,101,38,6*6E
$GPGSV,3,2,09,25,07,086,29,27,16,216,41,28,68,131,48,31,47,178,45,6*69
$GPGSV,3,3,09,32,49,019,46,6*5C
$GLGSV,3,1,10,69,12,048,43,70,41,343,37,71,24,288,46,73,12,159,42,1*72
$GLGSV,3,2,10,79,14,051,43,80,27,105,46,84,35,183,37,85,61,263,51,1*76
$GLGSV,3,3,10,86,21,326,46,,,,50,1*44
$GLGSV,3,1,10,69,12,048,44,70,41,343,10,71,24,288,45,73,12,159,45,3*76
$GLGSV,3,2,10,79,14,051,44,80,27,105,46,84,35,183,48,85,61,263,48,3*73
$GLGSV,3,3,10,86,21,326,42,,,,49,3*4A
$GAGSV,2,1,06,03,65,302,52,05,40,032,50,08,24,249,46,15,46,320,51,2*70
$GAGSV,2,2,06,34,77,169,52,36,24,148,47,2*73
$GAGSV,2,1,06,03,65,302,47,05,40,032,44,08,24,249,41,15,46,320,46,7*75
$GAGSV,2,2,06,34,77,169,48,36,24,148,41,7*7B
$GAGSV,1,1,03,16,06,109,,24,02,085,,25,06,131,,0*45
$GBGSV,2,1,08,06,62,081,47,09,66,114,47,11,46,273,47,12,37,197,43,1*73
$GBGSV,2,2,08,13,48,071,45,16,56,067,46,26,34,146,46,34,46,236,47,1*73
$GBGSV,2,1,08,06,62,081,46,08,34,086,46,09,66,114,48,11,46,273,51,B*05
$GBGSV,2,2,08,12,37,197,51,13,48,071,46,14,21,288,47,16,56,067,46,B*0B
$GBGSV,1,1,04,10,03,160,,44,19,178,,45,29,079,,50,51,348,,0*7A
$GQGSV,1,1,02,04,20,075,38,07,19,104,34,1*65
$GQGSV,1,1,02,04,20,075,39,07,19,104,43,6*63
$GNGLL,2454.23240,N,06708.27187,E,153232.00,A,D*74
$GNRMC,153233.00,A,2454.23240,N,06708.27187,E,0.017,,020525,,,R,V*06
$GNVTG,,T,,M,0.017,N,0.032,K,D*3F
$GNGGA,153233.00,2454.23240,N,06708.27187,E,4,12,0.59,21.8,M,-44.2,M,1.0,0284*7A
$GNGSA,A,3,10,27,28,31,32,01,23,08,02,,,,1.18,0.59,1.02,1*01
$GNGSA,A,3,70,71,73,80,79,69,84,85,86,,,,1.18,0.59,1.02,2*06
$GNGSA,A,3,05,15,34,03,,,,,,,,,1.18,0.59,1.02,3*01
$GNGSA,A,3,06,09,08,13,12,11,16,26,,,,,1.18,0.59,1.02,4*06
$GNGSA,A,3,07,04,,,,,,,,,,,1.18,0.59,1.02,5*01
$GPGSV,4,1,13,01,18,320,39,02,45,308,46,08,17,254,37,10,44,068,47,1*6F
$GPGSV,4,2,13,23,11,101,38,25,07,086,31,27,16,216,39,28,68,131,47,1*6F
$GPGSV,4,3,13,31,47,178,45,32,49,019,48,40,59,208,48,41,56,146,46,1*6E
$GPGSV,4,4,13,42,19,104,45,1*5C
$GPGSV,3,1,09,01,18,320,45,08,17,254,41,10,44,068,46,23,11,101,38,6*6F
$GPGSV,3,2,09,25,07,086,29,27,16,216,41,28,68,131,48,31,47,178,45,6*69
$GPGSV,3,3,09,32,49,019,46,6*5C
$GLGSV,3,1,10,69,12,048,43,70,41,343,37,71,24,288,46,73,12,159,42,1*72
$GLGSV,3,2,10,79,14,051,44,80,27,105,47,84,35,183,37,85,61,263,51,1*70
$GLGSV,3,3,10,86,21,326,46,,,,50,1*44
$GLGSV,3,1,10,69,12,048,44,70,41,343,08,71,24,288,45,73,12,159,45,3*7F
$GLGSV,3,2,10,79,14,051,44,80,27,105,46,84,35,183,48,85,61,263,48,3*73
$GLGSV,3,3,10,86,21,326,42,,,,49,3*4A
$GAGSV,2,1,06,03,65,302,52,05,40,032,50,08,24,249,46,15,46,320,51,2*70
$GAGSV,2,2,06,34,77,169,52,36,24,148,47,2*73
$GAGSV,2,1,06,03,65,302,47,05,40,032,44,08,24,249,40,15,46,320,46,7*74
$GAGSV,2,2,06,34,77,169,48,36,24,148,41,7*7B
$GAGSV,1,1,03,16,06,109,,24,02,085,,25,06,131,,0*45
$GBGSV,2,1,08,06,62,081,47,09,66,114,47,11,46,273,47,12,37,197,43,1*73
$GBGSV,2,2,08,13,48,071,45,16,56,067,46,26,34,146,46,34,45,235,47,1*73
$GBGSV,2,1,08,06,62,081,46,08,34,086,46,09,66,114,48,11,46,273,51,B*05
$GBGSV,2,2,08,12,37,197,51,13,48,071,46,14,21,288,47,16,56,067,46,B*0B
$GBGSV,1,1,04,10,03,160,,44,19,178,,45,29,079,,50,51,348,,0*7A
$GQGSV,1,1,02,04,20,075,37,07,19,104,33,1*6D
$GQGSV,1,1,02,04,20,075,39,07,19,104,43,6*63
$GNGLL,2454.23240,N,06708.27187,E,153233.00,A,D*75
$GNRMC,153234.00,A,2454.23240,N,06708.27187,E,0.004,,020525,,,R,V*03
$GNVTG,,T,,M,0.004,N,0.008,K,D*34
$GNGGA,153234.00,2454.23240,N,06708.27187,E,4,12,0.59,21.8,M,-44.2,M,1.0,0284*7D
$GNGSA,A,3,10,27,28,31,32,01,23,08,02,,,,1.18,0.59,1.02,1*01
$GNGSA,A,3,70,71,73,80,79,69,84,85,86,,,,1.18,0.59,1.02,2*06
$GNGSA,A,3,05,15,34,03,,,,,,,,,1.18,0.59,1.02,3*01
$GNGSA,A,3,06,09,08,13,12,11,16,26,,,,,1.18,0.59,1.02,4*06
$GNGSA,A,3,07,04,,,,,,,,,,,1.18,0.59,1.02,5*01
$GPGSV,4,1,13,01,18,320,39,02,45,308,46,08,17,254,37,10,44,068,47,1*6F
$GPGSV,4,2,13,23,11,101,38,25,07,086,30,27,16,216,39,28,68,131,47,1*6E
$GPGSV,4,3,13,31,47,178,45,32,49,019,48,40,59,208,48,41,56,146,46,1*6E
$GPGSV,4,4,13,42,19,104,45,1*5C
$GPGSV,3,1,09,01,18,320,45,08,17,254,40,10,44,068,46,23,11,101,38,6*6E
$GPGSV,3,2,09,25,07,086,29,27,16,216,42,28,68,131,48,31,47,178,45,6*6A
$GPGSV,3,3,09,32,49,019,46,6*5C
$GLGSV,3,1,10,69,12,048,43,70,41,343,37,71,24,288,46,73,12,159,42,1*72
$GLGSV,3,2,10,79,14,051,44,80,27,105,47,84,35,183,37,85,61,263,51,1*70
$GLGSV,3,3,10,86,21,326,46,,,,50,1*44
$GLGSV,3,1,10,69,12,048,44,70,41,343,08,71,24,288,45,73,12,159,45,3*7F
$GLGSV,3,2,10,79,14,051,44,80,27,105,46,84,35,183,47,85,61,263,48,3*7C
$GLGSV,3,3,10,86,21,326,43,,,,49,3*4B
$GAGSV,2,1,06,03,65,302,52,05,40,032,50,08,24,249,46,15,46,320,51,2*70
$GAGSV,2,2,06,34,77,169,52,36,24,148,47,2*73
$GAGSV,2,1,06,03,65,302,47,05,40,032,44,08,24,249,40,15,46,320,46,7*74
$GAGSV,2,2,06,34,77,169,48,36,24,148,41,7*7B
$GAGSV,1,1,03,16,06,109,,24,02,085,,25,06,131,,0*45
$GBGSV,2,1,08,06,62,081,47,09,66,114,47,11,46,273,47,12,37,197,43,1*73
$GBGSV,2,2,08,13,48,071,45,16,56,067,46,26,34,146,46,34,45,235,47,1*73
$GBGSV,2,1,08,06,62,081,46,08,34,086,46,09,66,114,48,11,46,273,51,B*05
$GBGSV,2,2,08,12,37,197,51,13,48,071,46,14,21,288,47,16,56,067,46,B*0B
$GBGSV,1,1,04,10,03,160,,44,19,178,,45,29,079,,50,51,348,,0*7A
$GQGSV,1,1,02,04,20,075,38,07,19,104,33,1*62
$GQGSV,1,1,02,04,20,075,39,07,19,104,43,6*63
$GNGLL,2454.23240,N,06708.27187,E,153234.00,A,D*72
$GNRMC,153235.00,A,2454.23240,N,06708.27187,E,0.003,,020525,,,R,V*05
$GNVTG,,T,,M,0.003,N,0.005,K,D*3E
$GNGGA,153235.00,2454.23240,N,06708.27187,E,4,12,0.59,21.8,M,-44.2,M,1.0,0284*7C
$GNGSA,A,3,10,27,28,31,32,01,23,08,02,,,,1.18,0.59,1.02,1*01
$GNGSA,A,3,70,71,73,80,79,69,84,85,86,,,,1.18,0.59,1.02,2*06
$GNGSA,A,3,05,15,34,03,,,,,,,,,1.18,0.59,1.02,3*01
$GNGSA,A,3,06,09,08,13,12,11,16,26,,,,,1.18,0.59,1.02,4*06
$GNGSA,A,3,07,04,,,,,,,,,,,1.18,0.59,1.02,5*01
$GPGSV,4,1,13,01,18,320,40,02,45,308,46,08,17,254,37,10,44,068,47,1*61
$GPGSV,4,2,13,23,11,101,38,25,07,086,30,27,16,216,39,28,68,131,47,1*6E
$GPGSV,4,3,13,31,47,178,45,32,49,019,48,40,59,208,48,41,56,146,46,1*6E
$GPGSV,4,4,13,42,19,104,45,1*5C
$GPGSV,3,1,09,01,18,320,44,08,17,254,41,10,44,068,45,23,11,101,38,6*6D
$GPGSV,3,2,09,25,07,086,29,27,16,216,41,28,68,131,48,31,47,178,45,6*69
$GPGSV,3,3,09,32,49,019,46,6*5C
$GLGSV,3,1,10,69,12,048,43,70,41,343,37,71,24,288,46,73,12,159,42,1*72
$GLGSV,3,2,10,79,14,051,44,80,27,105,47,84,35,183,37,85,61,263,51,1*70
$GLGSV,3,3,10,86,21,326,46,,,,50,1*44
$GLGSV,3,1,10,69,12,048,43,70,41,343,08,71,24,288,45,73,12,159,45,3*78
$GLGSV,3,2,10,79,14,051,43,80,27,105,45,84,35,183,47,85,61,263,48,3*78
$GLGSV,3,3,10,86,21,326,42,,,,49,3*4A
$GAGSV,2,1,06,03,65,302,51,05,40,032,49,08,24,249,46,15,46,320,50,2*7A
$GAGSV,2,2,06,34,77,169,51,36,24,148,47,2*70
$GAGSV,2,1,06,03,65,302,47,05,40,032,44,08,24,249,40,15,46,320,46,7*74
$GAGSV,2,2,06,34,77,169,48,36,24,148,41,7*7B
$GAGSV,1,1,03,16,06,109,,24,02,085,,25,06,131,,0*45
$GBGSV,2,1,08,06,62,081,47,09,66,114,47,11,46,273,47,12,37,197,43,1*73
$GBGSV,2,2,08,13,48,071,45,16,56,067,46,26,34,146,46,34,45,235,47,1*73
$GBGSV,2,1,08,06,62,081,45,08,34,086,46,09,66,114,48,11,46,273,50,B*07
$GBGSV,2,2,08,12,37,197,50,13,48,071,46,14,21,288,47,16,56,067,46,B*0A
$GBGSV,1,1,04,10,03,160,,44,19,178,,45,29,078,,50,51,348,,0*7B
$GQGSV,1,1,02,04,20,075,38,07,19,104,33,1*62
$GQGSV,1,1,02,04,20,075,39,07,19,104,43,6*63
$GNGLL,2454.23240,N,06708.27187,E,153235.00,A,D*73
$GNRMC,153236.00,A,2454.23240,N,06708.27187,E,0.003,,020525,,,R,V*06
$GNVTG,,T,,M,0.003,N,0.006,K,D*3D
$GNGGA,153236.00,2454.23240,N,06708.27187,E,4,12,0.59,21.8,M,-44.2,M,1.0,0284*7F
$GNGSA,A,3,10,27,28,31,32,01,23,08,02,,,,1.18,0.59,1.02,1*01
$GNGSA,A,3,70,71,73,80,79,69,84,85,86,,,,1.18,0.59,1.02,2*06
$GNGSA,A,3,05,15,34,03,,,,,,,,,1.18,0.59,1.02,3*01
$GNGSA,A,3,06,09,08,13,12,11,16,26,,,,,1.18,0.59,1.02,4*06
$GNGSA,A,3,07,04,,,,,,,,,,,1.18,0.59,1.02,5*01
$GPGSV,4,1,13,01,18,320,39,02,45,308,46,08,17,254,37,10,44,068,47,1*6F
$GPGSV,4,2,13,23,11,101,38,25,07,086,31,27,16,216,38,28,68,131,47,1*6E
$GPGSV,4,3,13,31,47,178,45,32,49,019,48,40,59,208,48,41,56,146,46,1*6E
$GPGSV,4,4,13,42,19,104,45,1*5C
$GPGSV,3,1,09,01,18,320,45,08,17,254,41,10,44,068,46,23,11,101,38,6*6F
$GPGSV,3,2,09,25,07,086,29,27,16,216,42,28,68,131,48,31,47,178,45,6*6A
$GPGSV,3,3,09,32,49,019,46,6*5C
$GLGSV,3,1,10,69,12,048,43,70,41,343,37,71,24,288,46,73,12,159,42,1*72
$GLGSV,3,2,10,79,14,051,44,80,27,105,47,84,35,183,37,85,61,263,51,1*70
$GLGSV,3,3,10,86,21,326,46,,,,50,1*44
$GLGSV,3,1,10,69,12,048,43,70,41,343,08,71,24,288,45,73,12,159,46,3*7B
$GLGSV,3,2,10,79,14,051,44,80,27,105,45,84,35,183,47,85,61,263,48,3*7F
$GLGSV,3,3,10,86,21,326,43,,,,49,3*4B
$GAGSV,2,1,06,03,65,302,52,05,40,032,50,08,24,249,46,15,46,320,51,2*70
$GAGSV,2,2,06,34,77,169,52,36,24,148,47,2*73
$GAGSV,2,1,06,03,65,302,47,05,40,032,44,08,24,249,40,15,46,320,46,7*74
$GAGSV,2,2,06,34,77,169,48,36,24,148,41,7*7B
$GAGSV,1,1,03,16,06,109,,24,02,085,,25,06,131,,0*45
$GBGSV,2,1,08,06,62,081,47,09,66,114,47,11,46,273,47,12,37,197,43,1*73
$GBGSV,2,2,08,13,48,071,45,16,56,067,46,26,34,146,46,34,45,235,47,1*73
$GBGSV,2,1,08,06,62,081,46,08,34,086,46,09,66,114,48,11,46,273,51,B*05
$GBGSV,2,2,08,12,37,197,51,13,48,071,46,14,21,288,47,16,56,067,46,B*0B
$GBGSV,1,1,04,10,03,160,,44,19,178,,45,29,078,,50,51,348,,0*7B
$GQGSV,1,1,02,04,20,075,38,07,19,104,33,1*62
$GQGSV,1,1,02,04,20,075,39,07,19,104,43,6*63
$GNGLL,2454.23240,N,06708.27187,E,153236.00,A,D*70
$GNRMC,153237.00,A,2454.23240,N,06708.27187,E,0.007,,020525,,,R,V*03
$GNVTG,,T,,M,0.007,N,0.013,K,D*3D
$GNGGA,153237.00,2454.23240,N,06708.27187,E,4,12,0.59,21.8,M,-44.2,M,1.0,0284*7E
$GNGSA,A,3,10,27,28,31,32,01,23,08,02,,,,1.18,0.59,1.02,1*01
$GNGSA,A,3,70,71,73,80,79,69,84,85,86,,,,1.18,0.59,1.02,2*06
$GNGSA,A,3,05,15,34,03,,,,,,,,,1.18,0.59,1.02,3*01
$GNGSA,A,3,06,09,08,13,12,11,16,26,,,,,1.18,0.59,1.02,4*06
$GNGSA,A,3,07,04,,,,,,,,,,,1.18,0.59,1.02,5*01
$GPGSV,4,1,13,01,18,320,39,02,45,308,46,08,17,254,37,10,44,068,47,1*6F
$GPGSV,4,2,13,23,11,101,38,25,07,086,31,27,16,216,38,28,68,131,47,1*6E
$GPGSV,4,3,13,31,47,178,45,32,49,019,48,40,59,208,48,41,56,146,46,1*6E
$GPGSV,4,4,13,42,19,104,45,1*5C
$GPGSV,3,1,09,01,18,320,45,08,17,254,41,10,44,068,46,23,11,101,38,6*6F
$GPGSV,3,2,09,25,07,086,29,27,16,216,41,28,68,131,48,31,47,178,45,6*69
$GPGSV,3,3,09,32,49,019,46,6*5C
$GLGSV,3,1,10,69,12,048,43,70,41,343,37,71,24,288,46,73,12,159,42,1*72
$GLGSV,3,2,10,79,14,051,44,80,27,105,47,84,35,183,37,85,61,263,51,1*70
$GLGSV,3,3,10,86,21,326,46,,,,50,1*44
$GLGSV,3,1,10,69,12,048,43,70,41,343,09,71,24,288,45,73,12,159,45,3*79
$GLGSV,3,2,10,79,14,051,43,80,27,105,46,84,35,183,48,85,61,263,48,3*74
$GLGSV,3,3,10,86,21,326,43,,,,49,3*4B
$GAGSV,2,1,06,03,65,302,52,05,40,032,50,08,24,249,46,15,46,320,50,2*71
$GAGSV,2,2,06,34,77,169,52,36,24,148,47,2*73
$GAGSV,2,1,06,03,65,302,47,05,40,032,44,08,24,249,40,15,46,320,46,7*74
$GAGSV,2,2,06,34,77,169,48,36,24,148,41,7*7B
$GAGSV,1,1,03,16,06,109,,24,02,085,,25,06,131,,0*45
$GBGSV,2,1,08,06,62,081,47,09,66,114,47,11,46,273,47,12,37,197,43,1*73
$GBGSV,2,2,08,13,48,071,45,16,56,067,46,26,34,146,46,34,45,235,47,1*73
$GBGSV,2,1,08,06,62,081,46,08,34,086,46,09,66,114,48,11,46,273,51,B*05
$GBGSV,2,2,08,12,37,197,51,13,48,071,46,14,21,288,47,16,56,067,46,B*0B
$GBGSV,1,1,04,10,03,160,,44,19,178,,45,29,078,,50,51,348,,0*7B
$GQGSV,1,1,02,04,20,075,38,07,19,104,33,1*62
$GQGSV,1,1,02,04,20,075,39,07,19,104,43,6*63
$GNGLL,2454.23240,N,06708.27187,E,153237.00,A,D*71
$GNRMC,153238.00,A,2454.23240,N,06708.27187,E,0.002,,020525,,,R,V*09
$GNVTG,,T,,M,0.002,N,0.004,K,D*3E
$GNGGA,153238.00,2454.23240,N,06708.27187,E,4,12,0.59,21.8,M,-44.2,M,1.0,0284*71
$GNGSA,A,3,10,27,28,31,32,01,23,08,02,,,,1.18,0.59,1.02,1*01
$GNGSA,A,3,70,71,73,80,79,69,84,85,86,,,,1.18,0.59,1.02,2*06
$GNGSA,A,3,05,15,34,03,,,,,,,,,1.18,0.59,1.02,3*01
$GNGSA,A,3,06,09,08,13,12,11,16,26,,,,,1.18,0.59,1.02,4*06
$GNGSA,A,3,07,04,,,,,,,,,,,1.18,0.59,1.02,5*01
$GPGSV,4,1,13,01,18,320,39,02,45,308,46,08,17,254,38,10,44,068,46,1*61
$GPGSV,4,2,13,23,11,101,38,25,07,086,31,27,16,216,38,28,68,131,48,1*61
$GPGSV,4,3,13,31,47,178,45,32,49,019,48,40,59,208,48,41,56,146,47,1*6F
$GPGSV,4,4,13,42,19,104,45,1*5C
$GPGSV,3,1,09,01,18,320,45,08,17,254,41,10,44,068,46,23,11,101,38,6*6F
$GPGSV,3,2,09,25,07,086,29,27,16,216,42,28,68,131,48,31,47,178,45,6*6A
$GPGSV,3,3,09,32,49,019,46,6*5C
$GLGSV,3,1,10,69,12,048,43,70,41,343,37,71,24,288,46,73,12,159,42,1*72
$GLGSV,3,2,10,79,14,051,44,80,27,105,47,84,35,183,36,85,61,263,51,1*71
$GLGSV,3,3,10,86,21,326,46,,,,50,1*44
$GLGSV,3,1,10,69,12,048,44,70,41,343,09,71,24,288,45,73,12,159,45,3*7E
$GLGSV,3,2,10,79,14,051,43,80,27,105,45,84,35,183,48,85,61,263,48,3*77
$GLGSV,3,3,10,86,21,326,43,,,,49,3*4B
$GAGSV,2,1,06,03,65,302,52,05,40,032,50,08,24,249,46,15,46,320,50,2*71
$GAGSV,2,2,06,34,77,169,52,36,24,148,47,2*73
$GAGSV,2,1,06,03,65,302,47,05,40,032,44,08,24,249,41,15,46,320,46,7*75
$GAGSV,2,2,06,34,77,169,48,36,24,148,41,7*7B
$GAGSV,1,1,03,16,06,109,,24,02,085,,25,06,131,,0*45
$GBGSV,2,1,08,06,62,081,47,09,66,114,47,11,46,273,47,12,37,197,43,1*73
$GBGSV,2,2,08,13,48,071,45,16,56,067,46,26,34,146,46,34,45,235,47,1*73
$GBGSV,2,1,08,06,62,081,46,08,34,086,46,09,66,114,48,11,46,273,51,B*05
$GBGSV,2,2,08,12,37,197,51,13,48,071,46,14,21,288,47,16,56,067,46,B*0B
$GBGSV,1,1,04,10,03,160,,44,19,178,,45,29,078,,50,51,348,,0*7B
$GQGSV,1,1,02,04,20,075,38,07,19,104,33,1*62
$GQGSV,1,1,02,04,20,075,39,07,19,104,43,6*63
$GNGLL,2454.23240,N,06708.27187,E,153238.00,A,D*7E
$GNRMC,153239.00,A,2454.23240,N,06708.27187,E,0.009,,020525,,,R,V*03
$GNVTG,,T,,M,0.009,N,0.016,K,D*36
$GNGGA,153239.00,2454.23240,N,06708.27187,E,4,12,0.59,21.8,M,-44.2,M,2.0,0284*73
$GNGSA,A,3,10,27,28,31,32,01,23,08,02,,,,1.18,0.59,1.02,1*01
$GNGSA,A,3,70,71,73,80,79,69,84,85,86,,,,1.18,0.59,1.02,2*06
$GNGSA,A,3,05,15,34,03,,,,,,,,,1.18,0.59,1.02,3*01
$GNGSA,A,3,06,09,08,13,12,11,16,26,,,,,1.18,0.59,1.02,4*06
$GNGSA,A,3,07,04,,,,,,,,,,,1.18,0.59,1.02,5*01
$GPGSV,4,1,13,01,18,320,40,02,45,308,46,08,17,254,37,10,44,068,46,1*60
$GPGSV,4,2,13,23,11,101,38,25,07,086,31,27,16,216,38,28,68,131,48,1*61
$GPGSV,4,3,13,31,47,178,45,32,49,019,48,40,59,208,48,41,56,146,46,1*6E
$GPGSV,4,4,13,42,19,104,45,1*5C
$GPGSV,3,1,09,01,18,320,45,08,17,254,41,10,44,068,46,23,11,101,38,6*6F
$GPGSV,3,2,09,25,07,086,29,27,16,216,41,28,68,131,49,31,47,178,45,6*68
$GPGSV,3,3,09,32,49,019,46,6*5C
$GLGSV,3,1,10,69,12,048,43,70,41,343,37,71,24,288,46,73,12,159,42,1*72
$GLGSV,3,2,10,79,14,051,44,80,27,105,47,84,35,183,36,85,61,263,51,1*71
$GLGSV,3,3,10,86,21,326,46,,,,50,1*44
$GLGSV,3,1,09,69,12,048,44,70,41,343,08,71,24,288,45,73,12,159,45,3*77
$GLGSV,3,2,09,79,14,051,43,80,27,105,45,84,35,183,48,85,61,263,48,3*7F
$GLGSV,3,3,09,86,21,326,43,3*4E
$GAGSV,2,1,06,03,65,302,52,05,40,032,50,08,24,249,46,15,46,320,50,2*71
$GAGSV,2,2,06,34,77,169,52,36,24,148,47,2*73
$GAGSV,2,1,06,03,65,302,47,05,40,032,44,08,24,249,40,15,46,320,45,7*77
$GAGSV,2,2,06,34,77,169,48,36,24,148,41,7*7B
$GAGSV,1,1,03,16,06,109,,24,02,085,,25,06,131,,0*45
$GBGSV,2,1,08,06,62,081,47,09,66,114,47,11,46,273,47,12,37,197,43,1*73
$GBGSV,2,2,08,13,48,071,45,16,56,067,46,26,34,146,46,34,45,235,47,1*73
$GBGSV,2,1,08,06,62,081,46,08,34,086,46,09,66,114,48,11,46,273,51,B*05
$GBGSV,2,2,08,12,37,197,51,13,48,071,46,14,21,288,47,16,56,067,46,B*0B
$GBGSV,1,1,04,10,03,160,,44,19,178,,45,29,078,,50,51,348,,0*7B
$GQGSV,1,1,02,04,20,075,38,07,19,104,33,1*62
$GQGSV,1,1,02,04,20,075,39,07,19,104,43,6*63
$GNGLL,2454.23240,N,06708.27187,E,153239.00,A,D*7F
$GNRMC,153240.00,A,2454.23240,N,06708.27187,E,0.008,,020525,,,R,V*0C
$GNVTG,,T,,M,0.008,N,0.015,K,D*34
$GNGGA,153240.00,2454.23240,N,06708.27187,E,4,12,0.59,21.8,M,-44.2,M,1.0,0284*7E
$GNGSA,A,3,10,27,28,31,32,01,23,08,02,,,,1.18,0.59,1.02,1*01
$GNGSA,A,3,70,71,73,80,79,69,84,85,86,,,,1.18,0.59,1.02,2*06
$GNGSA,A,3,05,15,34,03,,,,,,,,,1.18,0.59,1.02,3*01
$GNGSA,A,3,06,09,08,13,12,11,16,26,,,,,1.18,0.59,1.02,4*06
$GNGSA,A,3,07,04,,,,,,,,,,,1.18,0.59,1.02,5*01
$GPGSV,4,1,13,01,18,320,39,02,45,308,46,08,17,254,37,10,44,068,46,1*6E
$GPGSV,4,2,13,23,11,101,38,25,07,086,31,27,16,216,38,28,68,131,48,1*61
$GPGSV,4,3,13,31,47,178,45,32,49,019,47,40,59,208,48,41,56,146,47,1*60
$GPGSV,4,4,13,42,19,104,45,1*5C
$GPGSV,3,1,09,01,18,320,45,08,17,254,41,10,44,068,46,23,11,101,38,6*6F
$GPGSV,3,2,09,25,07,086,29,27,16,216,42,28,68,131,48,31,47,178,45,6*6A
$GPGSV,3,3,09,32,49,019,46,6*5C
$GLGSV,3,1,10,69,12,048,43,70,41,343,37,71,24,288,46,73,12,159,42,1*72
$GLGSV,3,2,10,79,14,051,44,80,27,105,47,84,35,183,37,85,61,263,51,1*70
$GLGSV,3,3,10,86,21,326,45,,,,50,1*47
$GLGSV,3,1,09,69,12,048,44,70,41,343,08,71,24,288,45,73,12,159,45,3*77
$GLGSV,3,2,09,79,14,051,43,80,27,105,45,84,35,183,48,85,61,263,48,3*7F
$GLGSV,3,3,09,86,21,326,43,3*4E
$GAGSV,2,1,06,03,65,302,52,05,40,032,50,08,24,249,46,15,46,320,50,2*71
$GAGSV,2,2,06,34,77,169,52,36,24,148,47,2*73
$GAGSV,2,1,06,03,65,302,47,05,40,032,44,08,24,249,41,15,46,320,45,7*76
$GAGSV,2,2,06,34,77,169,48,36,24,148,41,7*7B
$GAGSV,1,1,03,16,06,109,,24,02,085,,25,06,131,,0*45
$GBGSV,2,1,08,06,62,081,47,09,66,114,47,11,46,273,47,12,37,197,43,1*73
$GBGSV,2,2,08,13,48,071,45,16,56,067,46,26,34,146,46,34,45,235,47,1*73
$GBGSV,2,1,08,06,62,081,45,08,34,086,46,09,66,114,48,11,46,273,51,B*06
$GBGSV,2,2,08,12,37,197,51,13,48,071,46,14,21,288,47,16,56,067,46,B*0B
$GBGSV,1,1,04,10,03,160,,44,19,178,,45,29,078,,50,51,348,,0*7B
$GQGSV,1,1,02,04,20,076,38,07,19,104,34,1*66
$GQGSV,1,1,02,04,20,076,39,07,19,104,43,6*60
$GNGLL,2454.23240,N,06708.27187,E,153240.00,A,D*71
$GNRMC,153241.00,A,2454.23240,N,06708.27187,E,0.006,,020525,,,R,V*03
$GNVTG,,T,,M,0.006,N,0.011,K,D*3E
$GNGGA,153241.00,2454.23240,N,06708.27187,E,4,12,0.59,21.8,M,-44.2,M,1.0,0284*7F
$GNGSA,A,3,10,27,28,31,32,01,23,08,02,,,,1.18,0.59,1.02,1*01
$GNGSA,A,3,70,71,73,80,79,69,84,85,86,,,,1.18,0.59,1.02,2*06
$GNGSA,A,3,05,15,34,03,,,,,,,,,1.18,0.59,1.02,3*01
$GNGSA,A,3,06,09,08,13,12,11,16,26,,,,,1.18,0.59,1.02,4*06
$GNGSA,A,3,07,04,,,,,,,,,,,1.18,0.59,1.02,5*01
$GPGSV,4,1,13,01,18,320,39,02,45,308,46,08,17,254,38,10,44,068,46,1*61
$GPGSV,4,2,13,23,11,101,38,25,07,086,32,27,16,216,38,28,68,131,48,1*62
$GPGSV,4,3,13,31,47,178,45,32,49,019,47,40,59,208,48,41,56,146,46,1*61
$GPGSV,4,4,13,42,19,104,45,1*5C
$GPGSV,3,1,09,01,18,320,45,08,17,254,41,10,44,068,45,23,11,101,38,6*6C
$GPGSV,3,2,09,25,07,086,29,27,16,216,41,28,68,131,48,31,47,178,45,6*69
$GPGSV,3,3,09,32,49,019,46,6*5C
$GLGSV,3,1,10,69,12,048,43,70,41,343,37,71,24,288,46,73,12,159,42,1*72
$GLGSV,3,2,10,79,14,051,44,80,27,105,47,84,35,183,37,85,61,263,51,1*70
$GLGSV,3,3,10,86,21,326,45,,,,50,1*47
$GLGSV,3,1,09,69,12,048,44,70,41,343,10,71,24,288,45,73,12,159,45,3*7E
$GLGSV,3,2,09,79,14,051,43,80,27,105,45,84,35,183,48,85,61,263,48,3*7F
$GLGSV,3,3,09,86,21,326,43,3*4E
$GAGSV,2,1,06,03,65,302,51,05,40,032,50,08,24,249,46,15,46,320,50,2*72
$GAGSV,2,2,06,34,77,169,52,36,24,148,47,2*73
$GAGSV,2,1,06,03,65,302,47,05,40,032,44,08,24,249,41,15,46,320,45,7*76
$GAGSV,2,2,06,34,77,169,48,36,24,148,41,7*7B
$GAGSV,1,1,03,16,06,109,,24,02,085,,25,06,131,,0*45
$GBGSV,2,1,08,06,62,081,47,09,66,114,47,11,46,273,47,12,37,197,43,1*73
$GBGSV,2,2,08,13,48,071,45,16,56,067,46,26,34,146,46,34,45,235,47,1*73
$GBGSV,2,1,08,06,62,081,45,08,34,086,46,09,66,114,48,11,46,273,51,B*06
$GBGSV,2,2,08,12,37,197,51,13,48,071,46,14,21,288,47,16,56,067,46,B*0B
$GBGSV,1,1,04,10,03,160,,44,19,178,,45,29,078,,50,51,348,,0*7B
$GQGSV,1,1,02,04,20,076,38,07,19,104,34,1*66
$GQGSV,1,1,02,04,20,076,39,07,19,104,43,6*60
$GNGLL,2454.23240,N,06708.27187,E,153241.00,A,D*70
$GNRMC,153242.00,A,2454.23240,N,06708.27187,E,0.005,,020525,,,R,V*03
$GNVTG,,T,,M,0.005,N,0.008,K,D*35
$GNGGA,153242.00,2454.23240,N,06708.27187,E,4,12,0.59,21.8,M,-44.2,M,1.0,0284*7C
$GNGSA,A,3,10,27,28,31,32,01,23,08,02,,,,1.18,0.59,1.02,1*01
$GNGSA,A,3,70,71,73,80,79,69,84,85,86,,,,1.18,0.59,1.02,2*06
$GNGSA,A,3,05,15,34,03,,,,,,,,,1.18,0.59,1.02,3*01
$GNGSA,A,3,06,09,08,13,12,11,16,26,,,,,1.18,0.59,1.02,4*06
$GNGSA,A,3,07,04,,,,,,,,,,,1.18,0.59,1.02,5*01
$GPGSV,4,1,13,01,18,320,40,02,45,308,46,08,17,254,38,10,44,068,46,1*6F
$GPGSV,4,2,13,23,11,101,38,25,07,086,32,27,16,216,38,28,68,131,48,1*62
$GPGSV,4,3,13,31,47,178,45,32,49,019,47,40,59,208,48,41,56,146,46,1*61
$GPGSV,4,4,13,42,19,104,45,1*5C
$GPGSV,3,1,09,01,18,320,45,08,17,254,41,10,44,068,45,23,11,101,38,6*6C
$GPGSV,3,2,09,25,07,086,29,27,16,216,42,28,68,131,49,31,47,178,45,6*6B
$GPGSV,3,3,09,32,49,019,46,6*5C
$GLGSV,3,1,10,69,12,048,42,70,41,343,37,71,24,288,46,73,12,159,42,1*73
$GLGSV,3,2,10,79,14,051,44,80,27,105,47,84,35,183,37,85,61,263,51,1*70
$GLGSV,3,3,10,86,21,326,45,,,,50,1*47
$GLGSV,3,1,09,69,12,048,44,70,41,343,10,71,24,288,45,73,12,159,45,3*7E
$GLGSV,3,2,09,79,14,051,43,80,27,105,45,84,35,183,48,85,61,263,48,3*7F
$GLGSV,3,3,09,86,21,326,43,3*4E
$GAGSV,2,1,06,03,65,302,52,05,40,032,50,08,24,249,46,15,46,320,51,2*70
$GAGSV,2,2,06,34,77,169,52,36,24,148,47,2*73
$GAGSV,2,1,06,03,65,302,47,05,40,032,44,08,24,249,41,15,46,320,46,7*75
$GAGSV,2,2,06,34,77,169,48,36,24,148,41,7*7B
$GAGSV,1,1,03,16,06,109,,24,02,085,,25,06,131,,0*45
$GBGSV,2,1,08,06,62,081,47,09,66,114,47,11,46,273,47,12,37,197,43,1*73
$GBGSV,2,2,08,13,48,071,45,16,56,067,46,26,34,146,46,34,45,235,47,1*73
$GBGSV,2,1,08,06,62,081,46,08,34,086,46,09,66,114,48,11,46,273,51,B*05
$GBGSV,2,2,08,12,37,197,51,13,48,071,46,14,21,288,47,16,56,067,46,B*0B
$GBGSV,1,1,04,10,03,160,,44,19,178,,45,29,078,,50,51,348,,0*7B
$GQGSV,1,1,02,04,20,076,38,07,19,104,33,1*61
$GQGSV,1,1,02,04,20,076,39,07,19,104,43,6*60
$GNGLL,2454.23240,N,06708.27187,E,153242.00,A,D*73
$GNRMC,153243.00,A,2454.23240,N,06708.27187,E,0.005,,020525,,,R,V*02
$GNVTG,,T,,M,0.005,N,0.009,K,D*34
$GNGGA,153243.00,2454.23240,N,06708.27187,E,4,12,0.59,21.8,M,-44.2,M,1.0,0284*7D
$GNGSA,A,3,10,27,28,31,32,01,23,08,02,,,,1.18,0.59,1.02,1*01
$GNGSA,A,3,70,71,73,80,79,69,84,85,86,,,,1.18,0.59,1.02,2*06
$GNGSA,A,3,05,15,34,03,,,,,,,,,1.18,0.59,1.02,3*01
$GNGSA,A,3,06,09,08,13,12,11,16,26,,,,,1.18,0.59,1.02,4*06
$GNGSA,A,3,07,04,,,,,,,,,,,1.18,0.59,1.02,5*01
$GPGSV,4,1,13,01,18,320,40,02,45,308,46,08,17,254,38,10,44,068,46,1*6F
$GPGSV,4,2,13,23,11,101,38,25,07,086,31,27,16,216,38,28,68,131,48,1*61
$GPGSV,4,3,13,31,47,178,45,32,49,019,47,40,59,208,48,41,56,146,46,1*61
$GPGSV,4,4,13,42,19,104,45,1*5C
$GPGSV,3,1,09,01,18,320,45,08,17,254,41,10,44,068,46,23,11,101,38,6*6F
$GPGSV,3,2,09,25,07,086,29,27,16,216,42,28,68,131,49,31,47,178,45,6*6B
$GPGSV,3,3,09,32,49,019,46,6*5C
$GLGSV,3,1,10,69,12,048,43,70,41,343,37,71,24,288,45,73,12,159,42,1*71
$GLGSV,3,2,10,79,14,051,44,80,27,105,47,84,35,183,37,85,61,263,51,1*70
$GLGSV,3,3,10,86,21,326,45,,,,50,1*47
$GLGSV,3,1,09,69,12,048,44,70,41,343,09,71,24,288,45,73,12,159,45,3*76
$GLGSV,3,2,09,79,14,051,43,80,27,105,45,84,35,183,48,85,61,263,48,3*7F
$GLGSV,3,3,09,86,21,326,43,3*4E
$GAGSV,2,1,06,03,65,302,52,05,40,032,50,08,24,249,46,15,46,320,51,2*70
$GAGSV,2,2,06,34,77,169,52,36,24,148,47,2*73
$GAGSV,2,1,06,03,65,302,47,05,40,032,44,08,24,249,41,15,46,320,45,7*76
$GAGSV,2,2,06,34,77,169,48,36,24,148,41,7*7B
$GAGSV,1,1,03,16,06,109,,24,02,085,,25,06,131,,0*45
$GBGSV,2,1,08,06,62,081,47,09,66,114,47,11,46,273,47,12,37,197,43,1*73
$GBGSV,2,2,08,13,48,071,45,16,56,067,46,26,34,146,46,34,45,235,47,1*73
$GBGSV,2,1,08,06,62,081,46,08,34,086,46,09,66,114,48,11,46,273,51,B*05
$GBGSV,2,2,08,12,37,197,51,13,48,071,46,14,21,288,47,16,56,067,46,B*0B
$GBGSV,1,1,04,10,03,160,,44,19,178,,45,29,078,,50,51,348,,0*7B
$GQGSV,1,1,02,04,20,076,38,07,19,104,34,1*66
$GQGSV,1,1,02,04,20,076,39,07,19,104,43,6*60
$GNGLL,2454.23240,N,06708.27187,E,153243.00,A,D*72
$GNRMC,153244.00,A,2454.23240,N,06708.27187,E,0.010,,020525,,,R,V*01
$GNVTG,,T,,M,0.010,N,0.019,K,D*31
$GNGGA,153244.00,2454.23240,N,06708.27187,E,4,12,0.59,21.8,M,-44.2,M,1.0,0284*7A
$GNGSA,A,3,10,27,28,31,32,01,23,08,02,,,,1.18,0.59,1.02,1*01
$GNGSA,A,3,70,71,73,80,79,69,84,85,86,,,,1.18,0.59,1.02,2*06
$GNGSA,A,3,05,15,34,03,,,,,,,,,1.18,0.59,1.02,3*01
$GNGSA,A,3,06,09,08,13,12,11,16,26,,,,,1.18,0.59,1.02,4*06
$GNGSA,A,3,07,04,,,,,,,,,,,1.18,0.59,1.02,5*01
$GPGSV,4,1,13,01,18,320,39,02,45,308,46,08,17,254,37,10,44,068,46,1*6E
$GPGSV,4,2,13,23,11,101,38,25,07,086,32,27,16,216,38,28,68,131,48,1*62
$GPGSV,4,3,13,31,47,178,45,32,49,019,47,40,59,208,48,41,56,146,46,1*61
$GPGSV,4,4,13,42,19,104,45,1*5C
$GPGSV,3,1,09,01,18,320,45,08,17,254,41,10,44,068,46,23,11,101,38,6*6F
$GPGSV,3,2,09,25,07,086,30,27,16,216,42,28,68,131,48,31,47,178,45,6*62
$GPGSV,3,3,09,32,49,019,46,6*5C
$GLGSV,3,1,10,69,12,048,43,70,41,343,37,71,24,288,45,73,12,159,42,1*71
$GLGSV,3,2,10,79,14,051,44,80,27,105,47,84,35,183,37,85,61,263,51,1*70
$GLGSV,3,3,10,86,21,326,45,,,,50,1*47
$GLGSV,3,1,09,69,12,048,44,70,41,343,10,71,24,288,45,73,12,159,45,3*7E
$GLGSV,3,2,09,79,14,051,43,80,27,105,45,84,35,183,48,85,61,263,48,3*7F
$GLGSV,3,3,09,86,21,326,43,3*4E
$GAGSV,2,1,06,03,65,302,52,05,40,032,50,08,24,249,46,15,46,320,51,2*70
$GAGSV,2,2,06,34,77,169,52,36,24,148,47,2*73
$GAGSV,2,1,06,03,65,302,47,05,40,032,44,08,24,249,41,15,46,320,45,7*76
$GAGSV,2,2,06,34,77,169,48,36,24,148,41,7*7B
$GAGSV,1,1,03,16,06,109,,24,02,085,,25,06,131,,0*45
$GBGSV,2,1,08,06,62,081,47,09,66,114,47,11,46,273,47,12,37,197,43,1*73
$GBGSV,2,2,08,13,48,071,45,16,56,067,46,26,34,146,46,34,45,235,47,1*73
$GBGSV,2,1,08,06,62,081,46,08,34,086,46,09,66,114,48,11,46,273,51,B*05
$GBGSV,2,2,08,12,37,197,51,13,48,071,46,14,21,288,47,16,56,067,46,B*0B
$GBGSV,1,1,04,10,03,160,,44,19,178,,45,29,078,,50,51,348,,0*7B
$GQGSV,1,1,02,04,20,076,38,07,19,104,33,1*61
$GQGSV,1,1,02,04,20,076,39,07,19,104,43,6*60
$GNGLL,2454.23240,N,06708.27187,E,153244.00,A,D*75
$GNRMC,153245.00,A,2454.23240,N,06708.27187,E,0.003,,020525,,,R,V*02
$GNVTG,,T,,M,0.003,N,0.006,K,D*3D
$GNGGA,153245.00,2454.23240,N,06708.27187,E,4,12,0.59,21.8,M,-44.2,M,1.0,0284*7B
$GNGSA,A,3,10,27,28,31,32,01,23,08,02,,,,1.18,0.59,1.02,1*01
$GNGSA,A,3,70,71,73,80,79,69,84,85,86,,,,1.18,0.59,1.02,2*06
$GNGSA,A,3,05,15,34,03,,,,,,,,,1.18,0.59,1.02,3*01
$GNGSA,A,3,06,09,08,13,12,11,16,26,,,,,1.18,0.59,1.02,4*06
$GNGSA,A,3,07,04,,,,,,,,,,,1.18,0.59,1.02,5*01
$GPGSV,4,1,13,01,18,320,39,02,45,308,46,08,17,254,37,10,44,068,46,1*6E
$GPGSV,4,2,13,23,11,101,38,25,07,086,31,27,16,216,38,28,68,131,48,1*61
$GPGSV,4,3,13,31,47,178,45,32,49,019,47,40,59,208,48,41,56,146,46,1*61
$GPGSV,4,4,13,42,19,104,45,1*5C
$GPGSV,3,1,09,01,18,320,45,08,17,254,41,10,44,068,45,23,11,101,38,6*6C
$GPGSV,3,2,09,25,07,086,30,27,16,216,42,28,68,131,48,31,47,178,45,6*62
$GPGSV,3,3,09,32,49,019,46,6*5C
$GLGSV,3,1,10,69,12,048,42,70,41,343,37,71,24,288,45,73,12,159,42,1*70
$GLGSV,3,2,10,79,14,051,44,80,27,105,47,84,35,183,37,85,61,263,51,1*70
$GLGSV,3,3,10,86,21,326,45,,,,50,1*47
$GLGSV,3,1,09,69,12,048,44,70,41,343,09,71,24,288,45,73,12,159,45,3*76
$GLGSV,3,2,09,79,14,051,43,80,27,105,45,84,35,183,47,85,61,263,48,3*70
$GLGSV,3,3,09,86,21,326,43,3*4E
$GAGSV,2,1,06,03,65,302,52,05,40,032,50,08,24,249,46,15,46,320,51,2*70
$GAGSV,2,2,06,34,77,169,52,36,24,148,47,2*73
$GAGSV,2,1,06,03,65,302,47,05,40,032,44,08,24,249,40,15,46,320,45,7*77
$GAGSV,2,2,06,34,77,169,48,36,24,148,41,7*7B
$GAGSV,1,1,03,16,06,109,,24,02,085,,25,06,131,,0*45
$GBGSV,2,1,08,06,62,081,47,09,66,114,47,11,46,273,47,12,37,197,43,1*73
$GBGSV,2,2,08,13,48,071,45,16,56,067,46,26,34,146,46,34,45,235,47,1*73
$GBGSV,2,1,08,06,62,081,46,08,34,086,46,09,66,114,48,11,46,273,51,B*05
$GBGSV,2,2,08,12,37,197,51,13,48,071,46,14,21,288,47,16,56,067,46,B*0B
$GBGSV,1,1,04,10,03,160,,44,19,178,,45,29,078,,50,51,348,,0*7B
$GQGSV,1,1,02,04,20,076,38,07,19,104,34,1*66
$GQGSV,1,1,02,04,20,076,39,07,19,104,43,6*60
$GNGLL,2454.23240,N,06708.27187,E,153245.00,A,D*74
$GNRMC,153246.00,A,2454.23240,N,06708.27187,E,0.008,,020525,,,R,V*0A
$GNVTG,,T,,M,0.008,N,0.015,K,D*34
$GNGGA,153246.00,2454.23240,N,06708.27187,E,4,12,0.59,21.8,M,-44.2,M,1.0,0284*78
$GNGSA,A,3,10,27,28,31,32,01,23,08,02,,,,1.18,0.59,1.02,1*01
$GNGSA,A,3,70,71,73,80,79,69,84,85,86,,,,1.18,0.59,1.02,2*06
$GNGSA,A,3,05,15,34,03,,,,,,,,,1.18,0.59,1.02,3*01
$GNGSA,A,3,06,09,08,13,12,11,16,26,,,,,1.18,0.59,1.02,4*06
$GNGSA,A,3,07,04,,,,,,,,,,,1.18,0.59,1.02,5*01
$GPGSV,4,1,13,01,18,320,39,02,45,308,46,08,17,254,37,10,44,068,46,1*6E
$GPGSV,4,2,13,23,11,101,38,25,07,086,31,27,16,216,38,28,68,131,48,1*61
$GPGSV,4,3,13,31,47,178,45,32,49,019,47,40,59,208,48,41,56,146,47,1*60
$GPGSV,4,4,13,42,19,104,45,1*5C
$GPGSV,3,1,09,01,18,320,45,08,17,254,41,10,44,068,45,23,11,101,38,6*6C
$GPGSV,3,2,09,25,07,086,31,27,16,216,42,28,68,131,48,31,47,178,45,6*63
$GPGSV,3,3,09,32,49,019,46,6*5C
$GLGSV,3,1,10,69,12,049,43,70,41,343,38,71,24,288,45,73,12,159,42,1*7F
$GLGSV,3,2,10,79,14,051,44,80,27,105,47,84,35,183,37,85,61,263,51,1*70
$GLGSV,3,3,10,86,21,326,45,,,,50,1*47
$GLGSV,3,1,09,69,12,049,45,70,41,343,09,71,24,288,45,73,12,159,45,3*76
$GLGSV,3,2,09,79,14,051,43,80,27,105,45,84,35,183,47,85,61,263,48,3*70
$GLGSV,3,3,09,86,21,326,43,3*4E
$GAGSV,2,1,06,03,65,302,52,05,40,032,50,08,24,249,46,15,46,320,51,2*70
$GAGSV,2,2,06,34,77,169,52,36,24,148,47,2*73
$GAGSV,2,1,06,03,65,302,47,05,40,032,44,08,24,249,40,15,46,320,45,7*77
$GAGSV,2,2,06,34,77,169,48,36,24,148,41,7*7B
$GAGSV,1,1,03,16,06,109,,24,02,085,,25,06,131,,0*45
$GBGSV,2,1,08,06,62,081,47,09,66,114,47,11,46,273,47,12,37,197,43,1*73
$GBGSV,2,2,08,13,48,071,45,16,56,067,46,26,34,146,46,34,45,235,47,1*73
$GBGSV,2,1,08,06,62,081,46,08,34,086,46,09,66,114,48,11,46,273,51,B*05
$GBGSV,2,2,08,12,37,197,51,13,48,071,46,14,21,288,47,16,56,067,46,B*0B
$GBGSV,1,1,04,10,03,160,,44,19,178,,45,29,078,,50,51,348,,0*7B
$GQGSV,1,1,02,04,20,076,38,07,19,104,33,1*61
$GQGSV,1,1,02,04,20,076,39,07,19,104,43,6*60
$GNGLL,2454.23240,N,06708.27187,E,153246.00,A,D*77
$GNRMC,153247.00,A,2454.23240,N,06708.27187,E,0.005,,020525,,,R,V*06
$GNVTG,,T,,M,0.005,N,0.010,K,D*3C
$GNGGA,153247.00,2454.23240,N,06708.27187,E,4,12,0.59,21.8,M,-44.2,M,1.0,0284*79
$GNGSA,A,3,10,27,28,31,32,01,23,08,02,,,,1.18,0.59,1.02,1*01
$GNGSA,A,3,70,71,73,80,79,69,84,85,86,,,,1.18,0.59,1.02,2*06
$GNGSA,A,3,05,15,34,03,,,,,,,,,1.18,0.59,1.02,3*01
$GNGSA,A,3,06,09,08,13,12,11,16,26,,,,,1.18,0.59,1.02,4*06
$GNGSA,A,3,07,04,,,,,,,,,,,1.18,0.59,1.02,5*01
$GPGSV,4,1,13,01,18,320,39,02,45,308,46,08,17,254,37,10,44,068,46,1*6E
$GPGSV,4,2,13,23,11,101,38,25,07,086,31,27,16,216,38,28,68,131,48,1*61
$GPGSV,4,3,13,31,47,178,45,32,49,019,47,40,59,208,48,41,56,146,46,1*61
$GPGSV,4,4,13,42,19,104,45,1*5C
$GPGSV,3,1,09,01,18,320,45,08,17,254,41,10,44,068,45,23,11,101,37,6*63
$GPGSV,3,2,09,25,07,086,31,27,16,216,41,28,68,131,48,31,47,178,45,6*60
$GPGSV,3,3,09,32,49,019,45,6*5F
$GLGSV,3,1,10,69,12,049,42,70,41,344,37,71,24,288,45,73,12,159,42,1*76
$GLGSV,3,2,10,79,14,051,44,80,27,105,47,84,35,183,37,85,61,263,51,1*70
$GLGSV,3,3,10,86,21,326,45,,,,50,1*47
$GLGSV,3,1,09,69,12,049,45,70,41,344,11,71,24,288,45,73,12,159,44,3*79
$GLGSV,3,2,09,79,14,051,43,80,27,105,45,84,35,183,47,85,61,263,48,3*70
$GLGSV,3,3,09,86,21,326,43,3*4E
$GAGSV,2,1,06,03,65,302,52,05,40,032,50,08,24,249,46,15,46,320,50,2*71
$GAGSV,2,2,06,34,77,169,52,36,24,148,47,2*73
$GAGSV,2,1,06,03,65,302,47,05,40,032,44,08,24,249,40,15,46,320,45,7*77
$GAGSV,2,2,06,34,77,169,48,36,24,148,41,7*7B
$GAGSV,1,1,03,16,06,109,,24,02,085,,25,06,131,,0*45
$GBGSV,2,1,08,06,62,081,47,09,66,114,47,11,46,273,47,12,37,197,43,1*73
$GBGSV,2,2,08,13,48,071,45,16,56,067,46,26,34,146,46,34,45,235,47,1*73
$GBGSV,2,1,08,06,62,081,46,08,34,086,46,09,66,114,48,11,46,273,51,B*05
$GBGSV,2,2,08,12,37,197,51,13,48,071,46,14,21,288,47,16,56,067,46,B*0B
$GBGSV,1,1,04,10,03,160,,44,19,178,,45,29,078,,50,51,348,,0*7B
$GQGSV,1,1,02,04,20,076,38,07,19,104,33,1*61
$GQGSV,1,1,02,04,20,076,39,07,19,104,43,6*60
$GNGLL,2454.23240,N,06708.27187,E,153247.00,A,D*76
$GNRMC,153248.00,A,2454.23240,N,06708.27187,E,0.003,,020525,,,R,V*0F
$GNVTG,,T,,M,0.003,N,0.006,K,D*3D
$GNGGA,153248.00,2454.23240,N,06708.27187,E,4,12,0.59,21.8,M,-44.2,M,1.0,0284*76
$GNGSA,A,3,10,27,28,31,32,01,23,08,02,,,,1.18,0.59,1.02,1*01
$GNGSA,A,3,70,71,73,80,79,69,84,85,86,,,,1.18,0.59,1.02,2*06
$GNGSA,A,3,05,15,34,03,,,,,,,,,1.18,0.59,1.02,3*01
$GNGSA,A,3,06,09,08,13,12,11,16,26,,,,,1.18,0.59,1.02,4*06
$GNGSA,A,3,07,04,,,,,,,,,,,1.18,0.59,1.02,5*01
$GPGSV,4,1,13,01,18,320,40,02,45,308,46,08,17,254,38,10,44,068,46,1*6F
$GPGSV,4,2,13,23,11,101,38,25,07,086,31,27,16,216,38,28,68,131,48,1*61
$GPGSV,4,3,13,31,47,178,45,32,49,019,47,40,59,208,48,41,56,146,46,1*61
$GPGSV,4,4,13,42,19,104,45,1*5C
$GPGSV,3,1,09,01,18,320,45,08,17,254,41,10,44,068,45,23,11,101,38,6*6C
$GPGSV,3,2,09,25,07,086,31,27,16,216,41,28,68,131,48,31,47,178,45,6*60
$GPGSV,3,3,09,32,49,019,45,6*5F
$GLGSV,3,1,10,69,12,049,43,70,41,344,37,71,25,289,45,73,12,159,42,1*77
$GLGSV,3,2,10,79,14,051,44,80,27,105,47,84,35,183,37,85,61,263,51,1*70
$GLGSV,3,3,10,86,21,326,45,,,,50,1*47
$GLGSV,3,1,09,69,12,049,45,70,41,344,08,71,25,289,45,73,12,159,45,3*70
$GLGSV,3,2,09,79,14,051,43,80,27,105,46,84,35,183,47,85,61,263,48,3*73
$GLGSV,3,3,09,86,21,326,43,3*4E
$GAGSV,2,1,06,03,65,302,52,05,40,032,50,08,24,249,46,15,46,320,51,2*70
$GAGSV,2,2,06,34,77,169,52,36,24,148,47,2*73
$GAGSV,2,1,06,03,65,302,47,05,40,032,44,08,24,249,40,15,46,320,45,7*77
$GAGSV,2,2,06,34,77,169,48,36,24,148,41,7*7B
$GAGSV,1,1,03,16,06,109,,24,02,085,,25,06,131,,0*45
$GBGSV,2,1,08,06,62,081,47,09,66,114,47,11,46,273,47,12,37,197,43,1*73
$GBGSV,2,2,08,13,48,071,45,16,56,067,46,26,34,146,46,34,45,235,47,1*73
$GBGSV,2,1,08,06,62,081,46,08,34,086,46,09,66,114,48,11,46,273,51,B*05
$GBGSV,2,2,08,12,37,197,51,13,48,071,46,14,21,288,47,16,56,067,46,B*0B
$GBGSV,1,1,04,10,03,160,,44,19,178,,45,29,078,,50,51,348,,0*7B
$GQGSV,1,1,02,04,20,076,37,07,19,104,34,1*69
$GQGSV,1,1,02,04,20,076,39,07,19,104,43,6*60
$GNGLL,2454.23240,N,06708.27187,E,153248.00,A,D*79
$GNRMC,153249.00,A,2454.23240,N,06708.27187,E,0.005,,020525,,,R,V*08
$GNVTG,,T,,M,0.005,N,0.009,K,D*34
$GNGGA,153249.00,2454.23240,N,06708.27187,E,4,12,0.59,21.8,M,-44.2,M,1.0,0284*77
$GNGSA,A,3,10,27,28,31,32,01,23,08,02,,,,1.18,0.59,1.02,1*01
$GNGSA,A,3,70,71,73,80,79,69,84,85,86,,,,1.18,0.59,1.02,2*06
$GNGSA,A,3,05,15,34,03,,,,,,,,,1.18,0.59,1.02,3*01
$GNGSA,A,3,06,09,08,13,12,11,16,26,,,,,1.18,0.59,1.02,4*06
$GNGSA,A,3,07,04,,,,,,,,,,,1.18,0.59,1.02,5*01
$GPGSV,4,1,13,01,18,320,39,02,45,308,46,08,17,254,37,10,44,068,46,1*6E
$GPGSV,4,2,13,23,11,101,38,25,07,086,30,27,16,216,38,28,68,131,48,1*60
$GPGSV,4,3,13,31,47,178,45,32,49,019,47,40,59,208,48,41,56,146,46,1*61
$GPGSV,4,4,13,42,19,104,45,1*5C
$GPGSV,3,1,09,01,18,320,45,08,17,254,42,10,44,068,45,23,11,101,38,6*6F
$GPGSV,3,2,09,25,07,086,31,27,16,216,41,28,68,131,48,31,47,178,45,6*60
$GPGSV,3,3,09,32,49,019,46,6*5C
$GLGSV,3,1,10,69,12,049,42,70,41,344,37,71,25,289,45,73,12,159,42,1*76
$GLGSV,3,2,10,79,14,051,44,80,27,105,47,84,35,183,37,85,61,263,51,1*70
$GLGSV,3,3,10,86,21,326,45,,,,50,1*47
$GLGSV,3,1,09,69,12,049,45,70,41,344,08,71,25,289,45,73,12,159,45,3*70
$GLGSV,3,2,09,79,14,051,43,80,27,105,46,84,35,183,47,85,61,263,48,3*73
$GLGSV,3,3,09,86,21,326,43,3*4E
$GAGSV,2,1,06,03,65,302,52,05,40,032,50,08,24,249,46,15,46,320,51,2*70
$GAGSV,2,2,06,34,77,169,52,36,24,148,47,2*73
$GAGSV,2,1,06,03,65,302,47,05,40,032,44,08,24,249,40,15,46,320,45,7*77
$GAGSV,2,2,06,34,77,169,48,36,24,148,41,7*7B
$GAGSV,1,1,03,16,06,109,,24,02,085,,25,06,131,,0*45
$GBGSV,2,1,08,06,62,081,47,09,66,114,47,11,46,273,47,12,37,197,43,1*73
$GBGSV,2,2,08,13,48,071,45,16,56,067,46,26,34,146,46,34,45,235,47,1*73
$GBGSV,2,1,08,06,62,081,46,08,34,086,46,09,66,114,48,11,46,273,51,B*05
$GBGSV,2,2,08,12,37,197,51,13,48,071,46,14,21,288,47,16,56,067,46,B*0B
$GBGSV,1,1,04,10,03,160,,44,19,178,,45,29,078,,50,51,348,,0*7B
$GQGSV,1,1,02,04,20,076,38,07,19,104,34,1*66
$GQGSV,1,1,02,04,20,076,39,07,19,104,43,6*60
$GNGLL,2454.23240,N,06708.27187,E,153249.00,A,D*78
$GNRMC,153250.00,A,2454.23240,N,06708.27187,E,0.002,,020525,,,R,V*07
$GNVTG,,T,,M,0.002,N,0.004,K,D*3E
$GNGGA,153250.00,2454.23240,N,06708.27187,E,4,12,0.59,21.8,M,-44.2,M,1.0,0284*7F
$GNGSA,A,3,10,27,28,31,32,01,23,08,02,,,,1.18,0.59,1.02,1*01
$GNGSA,A,3,70,71,73,80,79,69,84,85,86,,,,1.18,0.59,1.02,2*06
$GNGSA,A,3,05,15,34,03,,,,,,,,,1.18,0.59,1.02,3*01
$GNGSA,A,3,06,09,08,13,12,11,16,26,,,,,1.18,0.59,1.02,4*06
$GNGSA,A,3,07,04,,,,,,,,,,,1.18,0.59,1.02,5*01
$GPGSV,4,1,13,01,18,320,39,02,45,308,46,08,17,254,38,10,44,068,46,1*61
$GPGSV,4,2,13,23,11,101,38,25,07,086,31,27,16,216,38,28,68,131,48,1*61
$GPGSV,4,3,13,31,47,178,45,32,49,019,47,40,59,208,48,41,56,146,46,1*61
$GPGSV,4,4,13,42,19,104,45,1*5C
$GPGSV,3,1,09,01,18,320,45,08,17,254,42,10,44,068,45,23,11,101,38,6*6F
$GPGSV,3,2,09,25,07,086,32,27,16,216,42,28,68,131,48,31,47,178,45,6*60
$GPGSV,3,3,09,32,49,019,46,6*5C
$GLGSV,3,1,10,69,12,049,43,70,41,344,38,71,25,289,45,73,13,158,42,1*78
$GLGSV,3,2,10,79,14,051,44,80,27,105,47,84,35,183,37,85,61,263,51,1*70
$GLGSV,3,3,10,86,21,326,45,,,,50,1*47
$GLGSV,3,1,09,69,12,049,45,70,41,344,09,71,25,289,45,73,13,158,46,3*72
$GLGSV,3,2,09,79,14,051,43,80,27,105,46,84,35,183,47,85,61,263,48,3*73
$GLGSV,3,3,09,86,21,326,43,3*4E
$GAGSV,2,1,06,03,65,302,52,05,40,032,50,08,24,249,46,15,46,320,51,2*70
$GAGSV,2,2,06,34,77,169,52,36,24,148,47,2*73
$GAGSV,2,1,06,03,65,302,47,05,40,032,44,08,24,249,40,15,46,320,45,7*77
$GAGSV,2,2,06,34,77,169,48,36,24,148,41,7*7B
$GAGSV,1,1,03,16,06,109,,24,02,085,,25,06,131,,0*45
$GBGSV,2,1,08,06,62,081,47,09,66,114,47,11,46,273,47,12,37,197,43,1*73
$GBGSV,2,2,08,13,48,071,45,16,56,067,46,26,34,146,46,34,45,235,47,1*73
$GBGSV,2,1,08,06,62,081,46,08,34,086,46,09,66,114,48,11,46,273,51,B*05
$GBGSV,2,2,08,12,37,197,51,13,48,071,46,14,21,288,47,16,56,067,46,B*0B
$GBGSV,1,1,04,10,03,160,,44,19,178,,45,29,078,,50,51,348,,0*7B
$GQGSV,1,1,02,04,20,076,38,07,19,104,33,1*61
$GQGSV,1,1,02,04,20,076,39,07,19,104,43,6*60
$GNGLL,2454.23240,N,06708.27187,E,153250.00,A,D*70
$GNRMC,153251.00,A,2454.23240,N,06708.27187,E,0.002,,020525,,,R,V*06
$GNVTG,,T,,M,0.002,N,0.003,K,D*39
$GNGGA,153251.00,2454.23240,N,06708.27187,E,4,12,0.59,21.8,M,-44.2,M,1.0,0284*7E
$GNGSA,A,3,10,27,28,31,32,01,23,08,02,,,,1.18,0.59,1.02,1*01
$GNGSA,A,3,70,71,73,80,79,69,84,85,86,,,,1.18,0.59,1.02,2*06
$GNGSA,A,3,05,15,34,03,,,,,,,,,1.18,0.59,1.02,3*01
$GNGSA,A,3,06,09,08,13,12,11,16,26,,,,,1.18,0.59,1.02,4*06
$GNGSA,A,3,07,04,,,,,,,,,,,1.18,0.59,1.02,5*01
$GPGSV,4,1,13,01,18,320,39,02,45,308,46,08,17,254,38,10,44,068,46,1*61
$GPGSV,4,2,13,23,11,101,38,25,07,086,31,27,16,216,38,28,68,131,48,1*61
$GPGSV,4,3,13,31,47,178,45,32,49,019,47,40,59,208,48,41,56,146,47,1*60
$GPGSV,4,4,13,42,19,104,45,1*5C
$GPGSV,3,1,09,01,18,320,45,08,17,254,42,10,44,068,45,23,11,101,38,6*6F
$GPGSV,3,2,09,25,07,086,32,27,16,216,42,28,68,131,48,31,47,178,45,6*60
$GPGSV,3,3,09,32,49,019,46,6*5C
$GLGSV,3,1,10,69,12,049,43,70,41,344,37,71,25,289,45,73,13,158,42,1*77
$GLGSV,3,2,10,79,14,051,44,80,27,105,47,84,35,183,37,85,61,263,51,1*70
$GLGSV,3,3,10,86,21,326,45,,,,50,1*47
$GLGSV,3,1,09,69,12,049,45,70,41,344,09,71,25,289,45,73,13,158,45,3*71
$GLGSV,3,2,09,79,14,051,43,80,27,105,46,84,35,183,47,85,61,263,48,3*73
$GLGSV,3,3,09,86,21,326,43,3*4E
$GAGSV,2,1,06,03,65,302,52,05,40,032,50,08,24,249,46,15,46,320,51,2*70
$GAGSV,2,2,06,34,77,169,52,36,24,148,47,2*73
$GAGSV,2,1,06,03,65,302,48,05,40,032,44,08,24,249,40,15,46,320,45,7*78
$GAGSV,2,2,06,34,77,169,48,36,24,148,41,7*7B
$GAGSV,1,1,03,16,06,109,,24,02,085,,25,06,131,,0*45
$GBGSV,2,1,08,06,62,081,47,09,66,114,47,11,46,273,47,12,37,197,43,1*73
$GBGSV,2,2,08,13,48,071,45,16,56,067,46,26,34,146,46,34,45,235,47,1*73
$GBGSV,2,1,08,06,62,081,46,08,34,086,46,09,66,114,48,11,46,273,51,B*05
$GBGSV,2,2,08,12,37,197,51,13,48,071,46,14,21,288,47,16,56,067,46,B*0B
$GBGSV,1,1,04,10,03,160,,44,19,178,,45,29,078,,50,51,348,,0*7B
$GQGSV,1,1,02,04,20,076,37,07,19,104,34,1*69
$GQGSV,1,1,02,04,20,076,39,07,19,104,43,6*60
$GNGLL,2454.23240,N,06708.27187,E,153251.00,A,D*71
$GNRMC,153252.00,A,2454.23240,N,06708.27187,E,0.006,,020525,,,R,V*01
$GNVTG,,T,,M,0.006,N,0.012,K,D*3D
$GNGGA,153252.00,2454.23240,N,06708.27187,E,4,12,0.59,21.8,M,-44.2,M,1.0,0284*7D
$GNGSA,A,3,10,27,28,31,32,01,23,08,02,,,,1.18,0.59,1.02,1*01
$GNGSA,A,3,70,71,73,80,79,69,84,85,86,,,,1.18,0.59,1.02,2*06
$GNGSA,A,3,05,15,34,03,,,,,,,,,1.18,0.59,1.02,3*01
$GNGSA,A,3,06,09,08,13,12,11,16,26,,,,,1.18,0.59,1.02,4*06
$GNGSA,A,3,07,04,,,,,,,,,,,1.18,0.59,1.02,5*01
$GPGSV,4,1,13,01,18,320,39,02,45,308,46,08,17,254,38,10,44,068,46,1*61
$GPGSV,4,2,13,23,11,101,38,25,07,086,31,27,16,216,38,28,68,131,48,1*61
$GPGSV,4,3,13,31,47,178,45,32,49,019,48,40,59,208,48,41,56,146,47,1*6F
$GPGSV,4,4,13,42,19,104,45,1*5C
$GPGSV,3,1,09,01,18,320,45,08,17,254,42,10,44,068,45,23,11,101,38,6*6F
$GPGSV,3,2,09,25,07,086,32,27,16,216,42,28,68,131,48,31,47,178,45,6*60
$GPGSV,3,3,09,32,49,019,46,6*5C
$GLGSV,3,1,10,69,12,049,43,70,41,344,38,71,25,289,45,73,13,158,43,1*79
$GLGSV,3,2,10,79,14,051,44,80,27,105,47,84,35,183,37,85,61,263,51,1*70
$GLGSV,3,3,10,86,21,326,45,,,,50,1*47
$GLGSV,3,1,09,69,12,049,45,70,41,344,11,71,25,289,45,73,13,158,45,3*78
$GLGSV,3,2,09,79,14,051,43,80,27,105,45,84,35,183,47,85,61,263,48,3*70
$GLGSV,3,3,09,86,21,326,44,3*49
$GAGSV,2,1,06,03,65,302,52,05,40,032,50,08,24,249,46,15,46,320,51,2*70
$GAGSV,2,2,06,34,77,169,52,36,24,148,47,2*73
$GAGSV,2,1,06,03,65,302,48,05,40,032,44,08,24,249,40,15,46,320,45,7*78
$GAGSV,2,2,06,34,77,169,48,36,24,148,41,7*7B
$GAGSV,1,1,03,16,06,109,,24,02,085,,25,06,131,,0*45
$GBGSV,2,1,08,06,62,081,47,09,66,114,47,11,46,273,47,12,37,197,43,1*73
$GBGSV,2,2,08,13,48,071,45,16,56,067,46,26,34,146,46,34,45,235,47,1*73
$GBGSV,2,1,08,06,62,081,46,08,34,086,46,09,66,114,48,11,46,273,51,B*05
$GBGSV,2,2,08,12,37,197,51,13,48,071,46,14,21,288,47,16,56,067,46,B*0B
$GBGSV,1,1,04,10,03,160,,44,19,178,,45,29,078,,50,51,348,,0*7B
$GQGSV,1,1,02,04,20,076,37,07,19,104,33,1*6E
$GQGSV,1,1,02,04,20,076,39,07,19,104,43,6*60
$GNGLL,2454.23240,N,06708.27187,E,153252.00,A,D*72
$GNRMC,153253.00,A,2454.23240,N,06708.27187,E,0.006,,020525,,,R,V*00
$GNVTG,,T,,M,0.006,N,0.011,K,D*3E
$GNGGA,153253.00,2454.23240,N,06708.27187,E,4,12,0.59,21.8,M,-44.2,M,1.0,0284*7C
$GNGSA,A,3,10,27,28,31,32,01,23,08,02,,,,1.18,0.59,1.02,1*01
$GNGSA,A,3,70,71,73,80,79,69,84,85,86,,,,1.18,0.59,1.02,2*06
$GNGSA,A,3,05,15,34,03,,,,,,,,,1.18,0.59,1.02,3*01
$GNGSA,A,3,06,09,08,13,12,11,16,26,,,,,1.18,0.59,1.02,4*06
$GNGSA,A,3,07,04,,,,,,,,,,,1.18,0.59,1.02,5*01
$GPGSV,4,1,13,01,18,320,39,02,45,308,46,08,17,254,38,10,44,068,46,1*61
$GPGSV,4,2,13,23,11,101,38,25,07,086,31,27,16,216,38,28,68,131,48,1*61
$GPGSV,4,3,13,31,47,178,45,32,49,019,47,40,59,208,48,41,56,146,46,1*61
$GPGSV,4,4,13,42,19,104,45,1*5C
$GPGSV,3,1,09,01,18,320,45,08,17,254,41,10,44,068,45,23,11,101,37,6*63
$GPGSV,3,2,09,25,07,086,32,27,16,216,41,28,68,131,48,31,47,178,45,6*63
$GPGSV,3,3,09,32,49,019,46,6*5C
$GLGSV,3,1,10,69,12,049,43,70,41,344,38,71,25,289,45,73,13,158,43,1*79
$GLGSV,3,2,10,79,14,051,44,80,27,105,47,84,35,183,37,85,61,263,51,1*70
$GLGSV,3,3,10,86,21,326,45,,,,50,1*47
$GLGSV,3,1,09,69,12,049,45,70,41,344,10,71,25,289,45,73,13,158,45,3*79
$GLGSV,3,2,09,79,14,051,43,80,27,105,45,84,35,183,47,85,61,263,48,3*70
$GLGSV,3,3,09,86,21,326,44,3*49
$GAGSV,2,1,06,03,65,302,52,05,40,032,50,08,24,249,46,15,46,320,51,2*70
$GAGSV,2,2,06,34,77,169,52,36,24,148,47,2*73
$GAGSV,2,1,06,03,65,302,48,05,40,032,44,08,24,249,40,15,46,320,45,7*78
$GAGSV,2,2,06,34,77,169,48,36,24,148,41,7*7B
$GAGSV,1,1,03,16,06,109,,24,02,085,,25,06,131,,0*45
$GBGSV,2,1,08,06,62,081,47,09,66,114,47,11,46,273,47,12,37,197,43,1*73
$GBGSV,2,2,08,13,48,071,45,16,56,067,46,26,34,146,46,34,45,235,47,1*73
$GBGSV,2,1,08,06,62,081,46,08,34,086,46,09,66,114,48,11,46,273,51,B*05
$GBGSV,2,2,08,12,37,197,51,13,48,071,46,14,21,288,47,16,56,067,46,B*0B
$GBGSV,1,1,04,10,03,160,,44,19,178,,45,29,078,,50,51,348,,0*7B
$GQGSV,1,1,02,04,20,076,37,07,19,104,33,1*6E
$GQGSV,1,1,02,04,20,076,39,07,19,104,43,6*60
$GNGLL,2454.23240,N,06708.27187,E,153253.00,A,D*73
$GNRMC,153254.00,A,2454.23240,N,06708.27187,E,0.002,,020525,,,R,V*03
$GNVTG,,T,,M,0.002,N,0.004,K,D*3E
$GNGGA,153254.00,2454.23240,N,06708.27187,E,4,12,0.59,21.8,M,-44.2,M,1.0,0284*7B
$GNGSA,A,3,10,27,28,31,32,01,23,08,02,,,,1.18,0.59,1.02,1*01
$GNGSA,A,3,70,71,73,80,79,69,84,85,86,,,,1.18,0.59,1.02,2*06
$GNGSA,A,3,05,15,34,03,,,,,,,,,1.18,0.59,1.02,3*01
$GNGSA,A,3,06,09,08,13,12,11,16,26,,,,,1.18,0.59,1.02,4*06
$GNGSA,A,3,07,04,,,,,,,,,,,1.18,0.59,1.02,5*01
$GPGSV,4,1,13,01,18,320,39,02,45,308,46,08,17,254,38,10,44,068,46,1*61
$GPGSV,4,2,13,23,11,101,38,25,07,086,31,27,16,216,38,28,68,131,48,1*61
$GPGSV,4,3,13,31,47,178,45,32,49,019,47,40,59,208,48,41,56,146,47,1*60
$GPGSV,4,4,13,42,19,104,45,1*5C
$GPGSV,3,1,09,01,18,320,45,08,17,254,41,10,44,068,45,23,11,101,38,6*6C
$GPGSV,3,2,09,25,07,086,33,27,16,216,41,28,68,131,48,31,47,178,45,6*62
$GPGSV,3,3,09,32,49,019,46,6*5C
$GLGSV,3,1,10,69,12,049,43,70,41,344,37,71,25,289,45,73,13,158,43,1*76
$GLGSV,3,2,10,79,14,051,44,80,27,105,47,84,35,183,37,85,61,263,51,1*70
$GLGSV,3,3,10,86,21,326,45,,,,50,1*47
$GLGSV,3,1,09,69,12,049,45,70,41,344,09,71,25,289,45,73,13,158,45,3*71
$GLGSV,3,2,09,79,14,051,43,80,27,105,45,84,35,183,47,85,61,263,48,3*70
$GLGSV,3,3,09,86,21,326,44,3*49
$GAGSV,2,1,06,03,65,302,52,05,40,032,50,08,24,249,46,15,46,320,51,2*70
$GAGSV,2,2,06,34,77,169,52,36,24,148,47,2*73
$GAGSV,2,1,06,03,65,302,48,05,40,032,44,08,24,249,40,15,46,320,45,7*78
$GAGSV,2,2,06,34,77,169,48,36,24,148,41,7*7B
$GAGSV,1,1,03,16,06,109,,24,02,085,,25,06,131,,0*45
$GBGSV,2,1,08,06,62,081,46,09,66,114,47,11,46,273,47,12,37,197,43,1*72
$GBGSV,2,2,08,13,48,071,45,16,56,067,46,26,34,146,46,34,45,235,47,1*73
$GBGSV,2,1,08,06,62,081,46,08,34,086,46,09,66,114,48,11,46,273,51,B*05
$GBGSV,2,2,08,12,37,197,51,13,48,071,46,14,21,288,47,16,56,067,46,B*0B
$GBGSV,1,1,04,10,03,160,,44,19,178,,45,29,078,,50,51,348,,0*7B
$GQGSV,1,1,02,04,20,076,38,07,19,104,33,1*61
$GQGSV,1,1,02,04,20,076,39,07,19,104,43,6*60
$GNGLL,2454.23240,N,06708.27187,E,153254.00,A,D*74
$GNRMC,153255.00,A,2454.23240,N,06708.27187,E,0.006,,020525,,,R,V*06
$GNVTG,,T,,M,0.006,N,0.010,K,D*3F
$GNGGA,153255.00,2454.23240,N,06708.27187,E,4,12,0.59,21.8,M,-44.2,M,1.0,0284*7A
$GNGSA,A,3,10,27,28,31,32,01,23,08,02,,,,1.18,0.59,1.02,1*01
$GNGSA,A,3,70,71,73,80,79,69,84,85,86,,,,1.18,0.59,1.02,2*06
$GNGSA,A,3,05,15,34,03,,,,,,,,,1.18,0.59,1.02,3*01
$GNGSA,A,3,06,09,08,13,12,11,16,26,,,,,1.18,0.59,1.02,4*06
$GNGSA,A,3,07,04,,,,,,,,,,,1.18,0.59,1.02,5*01
$GPGSV,4,1,13,01,18,320,39,02,45,308,46,08,17,254,38,10,44,068,46,1*61
$GPGSV,4,2,13,23,11,101,38,25,07,086,31,27,16,216,38,28,68,131,48,1*61
$GPGSV,4,3,13,31,47,178,45,32,49,019,47,40,59,208,48,41,56,146,46,1*61
$GPGSV,4,4,13,42,19,104,45,1*5C
$GPGSV,3,1,09,01,18,320,45,08,17,254,41,10,44,068,46,23,11,101,38,6*6F
$GPGSV,3,2,09,25,07,086,33,27,16,216,42,28,68,131,48,31,47,178,45,6*61
$GPGSV,3,3,09,32,49,019,46,6*5C
$GLGSV,3,1,10,69,12,049,43,70,41,344,37,71,25,289,45,73,13,158,43,1*76
$GLGSV,3,2,10,79,14,051,44,80,27,105,47,84,35,183,37,85,61,263,51,1*70
$GLGSV,3,3,10,86,21,326,45,,,,50,1*47
$GLGSV,3,1,09,69,12,049,45,70,41,344,11,71,25,289,45,73,13,158,45,3*78
$GLGSV,3,2,09,79,14,051,43,80,27,105,45,84,35,183,47,85,61,263,48,3*70
$GLGSV,3,3,09,86,21,326,44,3*49
$GAGSV,2,1,06,03,65,302,52,05,40,032,50,08,24,249,46,15,46,320,51,2*70
$GAGSV,2,2,06,34,77,169,52,36,24,148,47,2*73
$GAGSV,2,1,06,03,65,302,48,05,40,032,44,08,24,249,40,15,46,320,45,7*78
$GAGSV,2,2,06,34,77,169,48,36,24,148,41,7*7B
$GAGSV,1,1,03,16,06,109,,24,02,085,,25,06,131,,0*45
$GBGSV,2,1,08,06,62,081,47,09,66,114,47,11,46,273,47,12,37,197,43,1*73
$GBGSV,2,2,08,13,48,071,45,16,56,067,46,26,34,146,46,34,45,235,47,1*73
$GBGSV,2,1,08,06,62,081,46,08,34,086,46,09,66,114,48,11,46,273,51,B*05
$GBGSV,2,2,08,12,37,197,51,13,48,071,46,14,21,288,47,16,56,067,46,B*0B
$GBGSV,1,1,04,10,03,160,,44,19,178,,45,29,078,,50,51,348,,0*7B
$GQGSV,1,1,02,04,20,076,38,07,19,104,33,1*61
$GQGSV,1,1,02,04,20,076,39,07,19,104,43,6*60
$GNGLL,2454.23240,N,06708.27187,E,153255.00,A,D*75
$GNRMC,153256.00,A,2454.23240,N,06708.27187,E,0.003,,020525,,,R,V*00
$GNVTG,,T,,M,0.003,N,0.006,K,D*3D
$GNGGA,153256.00,2454.23240,N,06708.27187,E,4,12,0.59,21.8,M,-44.2,M,1.0,0284*79
$GNGSA,A,3,10,27,28,31,32,01,23,08,02,,,,1.18,0.59,1.02,1*01
$GNGSA,A,3,70,71,73,80,79,69,84,85,86,,,,1.18,0.59,1.02,2*06
$GNGSA,A,3,05,15,34,03,,,,,,,,,1.18,0.59,1.02,3*01
$GNGSA,A,3,06,09,08,13,12,11,16,26,,,,,1.18,0.59,1.02,4*06
$GNGSA,A,3,07,04,,,,,,,,,,,1.18,0.59,1.02,5*01
$GPGSV,4,1,13,01,18,320,39,02,45,308,46,08,17,254,38,10,44,068,46,1*61
$GPGSV,4,2,13,23,11,101,38,25,07,086,31,27,16,216,38,28,68,131,48,1*61
$GPGSV,4,3,13,31,47,178,45,32,49,019,47,40,59,208,48,41,56,146,46,1*61
$GPGSV,4,4,13,42,19,104,45,1*5C
$GPGSV,3,1,09,01,18,320,45,08,17,254,41,10,44,068,46,23,11,101,37,6*60
$GPGSV,3,2,09,25,07,086,33,27,16,216,41,28,68,131,48,31,47,178,45,6*62
$GPGSV,3,3,09,32,49,019,46,6*5C
$GLGSV,3,1,10,69,12,049,42,70,41,344,37,71,25,289,45,73,13,158,43,1*77
$GLGSV,3,2,10,79,14,050,45,80,27,105,46,84,35,183,37,85,61,263,51,1*71
$GLGSV,3,3,10,86,21,326,45,,,,50,1*47
$GLGSV,3,1,09,69,12,049,45,70,41,344,07,71,25,289,45,73,13,158,45,3*7F
$GLGSV,3,2,09,79,14,050,43,80,27,105,45,84,35,183,47,85,61,263,48,3*71
$GLGSV,3,3,09,86,21,326,44,3*49
$GAGSV,2,1,06,03,65,302,52,05,40,032,50,08,24,249,46,15,46,320,51,2*70
$GAGSV,2,2,06,34,77,169,52,36,24,148,47,2*73
$GAGSV,2,1,06,03,65,302,48,05,40,032,44,08,24,249,40,15,46,320,45,7*78
$GAGSV,2,2,06,34,77,169,48,36,24,148,41,7*7B
$GAGSV,1,1,03,16,06,109,,24,02,085,,25,06,131,,0*45
$GBGSV,2,1,08,06,62,081,47,09,66,114,47,11,46,273,47,12,37,197,43,1*73
$GBGSV,2,2,08,13,48,071,45,16,56,067,46,26,34,146,46,34,45,235,47,1*73
$GBGSV,2,1,08,06,62,081,46,08,34,086,46,09,66,114,48,11,46,273,51,B*05
$GBGSV,2,2,08,12,37,197,51,13,48,071,46,14,21,288,48,16,56,067,46,B*04
$GBGSV,1,1,04,10,03,160,,44,19,178,,45,29,078,,50,51,348,,0*7B
$GQGSV,1,1,02,04,20,076,38,07,19,104,33,1*61
$GQGSV,1,1,02,04,20,076,39,07,19,104,43,6*60
$GNGLL,2454.23240,N,06708.27187,E,153256.00,A,D*76
$GNRMC,153257.00,A,2454.23240,N,06708.27187,E,0.004,,020525,,,R,V*06
$GNVTG,,T,,M,0.004,N,0.007,K,D*3B
$GNGGA,153257.00,2454.23240,N,06708.27187,E,4,12,0.59,21.8,M,-44.2,M,1.0,0284*78
$GNGSA,A,3,10,27,28,31,32,01,23,08,02,,,,1.18,0.59,1.02,1*01
$GNGSA,A,3,70,71,73,80,79,69,84,85,86,,,,1.18,0.59,1.02,2*06
$GNGSA,A,3,05,15,34,03,,,,,,,,,1.18,0.59,1.02,3*01
$GNGSA,A,3,06,09,08,13,12,11,16,26,,,,,1.18,0.59,1.02,4*06
$GNGSA,A,3,07,04,,,,,,,,,,,1.18,0.59,1.02,5*01
$GPGSV,4,1,13,01,18,320,39,02,45,308,46,08,17,254,38,10,44,068,46,1*61
$GPGSV,4,2,13,23,11,101,38,25,07,086,31,27,16,216,38,28,68,131,48,1*61
$GPGSV,4,3,13,31,47,178,45,32,49,019,47,40,59,208,48,41,56,146,46,1*61
$GPGSV,4,4,13,42,19,104,45,1*5C
$GPGSV,3,1,09,01,18,320,45,08,17,254,41,10,44,068,45,23,11,101,37,6*63
$GPGSV,3,2,09,25,07,086,33,27,16,216,41,28,68,131,48,31,47,178,45,6*62
$GPGSV,3,3,09,32,49,019,46,6*5C
$GLGSV,3,1,10,69,12,049,43,70,41,344,37,71,25,289,45,73,13,158,43,1*76
$GLGSV,3,2,10,79,14,050,45,80,28,104,47,84,35,183,37,85,61,263,51,1*7E
$GLGSV,3,3,10,86,21,326,45,,,,50,1*47
$GLGSV,3,1,09,69,12,049,45,70,41,344,10,71,25,289,45,73,13,158,45,3*79
$GLGSV,3,2,09,79,14,050,43,80,28,104,45,84,35,183,47,85,61,263,48,3*7F
$GLGSV,3,3,09,86,21,326,44,3*49
$GAGSV,2,1,06,03,65,302,52,05,40,032,50,08,24,249,46,15,46,320,51,2*70
$GAGSV,2,2,06,34,77,169,52,36,24,148,47,2*73
$GAGSV,2,1,06,03,65,302,48,05,40,032,44,08,24,249,40,15,46,320,45,7*78
$GAGSV,2,2,06,34,77,169,48,36,24,148,41,7*7B
$GAGSV,1,1,03,16,06,109,,24,02,085,,25,06,131,,0*45
$GBGSV,2,1,08,06,62,081,46,09,66,114,47,11,46,273,47,12,37,197,43,1*72
$GBGSV,2,2,08,13,48,071,45,16,56,067,46,26,34,146,46,34,45,235,47,1*73
$GBGSV,2,1,08,06,62,081,46,08,34,086,46,09,66,114,48,11,46,273,51,B*05
$GBGSV,2,2,08,12,37,197,51,13,48,071,46,14,21,288,48,16,56,067,46,B*04
$GBGSV,1,1,04,10,03,160,,44,19,178,,45,29,078,,50,51,348,,0*7B
$GQGSV,1,1,02,04,20,076,38,07,19,104,34,1*66
$GQGSV,1,1,02,04,20,076,39,07,19,104,43,6*60
$GNGLL,2454.23240,N,06708.27187,E,153257.00,A,D*77
$GNRMC,153258.00,A,2454.23240,N,06708.27187,E,0.006,,020525,,,R,V*0B
$GNVTG,,T,,M,0.006,N,0.012,K,D*3D
$GNGGA,153258.00,2454.23240,N,06708.27187,E,4,12,0.59,21.8,M,-44.2,M,1.0,0284*77
$GNGSA,A,3,10,27,28,31,32,01,23,08,02,,,,1.18,0.59,1.02,1*01
$GNGSA,A,3,70,71,73,80,79,69,84,85,86,,,,1.18,0.59,1.02,2*06
$GNGSA,A,3,05,15,34,03,,,,,,,,,1.18,0.59,1.02,3*01
$GNGSA,A,3,06,09,08,13,12,11,16,26,,,,,1.18,0.59,1.02,4*06
$GNGSA,A,3,07,04,,,,,,,,,,,1.18,0.59,1.02,5*01
$GPGSV,4,1,13,01,18,320,39,02,45,308,46,08,17,254,38,10,44,068,46,1*61
$GPGSV,4,2,13,23,11,101,38,25,07,086,31,27,16,216,38,28,68,131,48,1*61
$GPGSV,4,3,13,31,47,178,45,32,49,019,48,40,59,208,48,41,56,146,46,1*6E
$GPGSV,4,4,13,42,19,104,45,1*5C
$GPGSV,3,1,09,01,18,320,45,08,17,254,41,10,44,068,45,23,11,101,37,6*63
$GPGSV,3,2,09,25,07,086,34,27,16,216,41,28,68,131,48,31,47,178,45,6*65
$GPGSV,3,3,09,32,49,019,46,6*5C
$GLGSV,3,1,10,69,12,049,43,70,41,344,38,71,25,289,45,73,13,158,43,1*79
$GLGSV,3,2,10,79,14,050,45,80,28,104,47,84,35,183,37,85,61,263,51,1*7E
$GLGSV,3,3,10,86,21,326,44,,,,50,1*46
$GLGSV,3,1,09,69,12,049,46,70,41,344,11,71,25,289,45,73,13,158,45,3*7B
$GLGSV,3,2,09,79,14,050,43,80,28,104,45,84,35,183,47,85,61,263,48,3*7F
$GLGSV,3,3,09,86,21,326,44,3*49
$GAGSV,2,1,06,03,65,302,52,05,40,032,50,08,24,249,46,15,46,320,51,2*70
$GAGSV,2,2,06,34,77,169,52,36,24,148,47,2*73
$GAGSV,2,1,06,03,65,302,48,05,40,032,44,08,24,249,40,15,46,320,45,7*78
$GAGSV,2,2,06,34,77,169,48,36,24,148,41,7*7B
$GAGSV,1,1,03,16,06,109,,24,02,085,,25,06,131,,0*45
$GBGSV,2,1,08,06,62,081,46,09,66,114,47,11,46,273,47,12,37,197,43,1*72
$GBGSV,2,2,08,13,48,071,45,16,56,067,46,26,34,146,46,34,45,235,47,1*73
$GBGSV,2,1,08,06,62,081,46,08,34,086,46,09,66,114,48,11,46,273,51,B*05
$GBGSV,2,2,08,12,37,197,51,13,48,071,46,14,21,288,48,16,56,067,46,B*04
$GBGSV,1,1,04,10,03,160,,44,19,178,,45,29,078,,50,51,348,,0*7B
$GQGSV,1,1,02,04,20,076,38,07,19,104,34,1*66
$GQGSV,1,1,02,04,20,076,39,07,19,104,43,6*60
$GNGLL,2454.23240,N,06708.27187,E,153258.00,A,D*78
$GNRMC,153259.00,A,2454.23240,N,06708.27187,E,0.006,,020525,,,R,V*0A
$GNVTG,,T,,M,0.006,N,0.012,K,D*3D
$GNGGA,153259.00,2454.23240,N,06708.27187,E,4,12,0.59,21.8,M,-44.2,M,1.0,0284*76
$GNGSA,A,3,10,27,28,31,32,01,23,08,02,,,,1.18,0.59,1.02,1*01
$GNGSA,A,3,70,71,73,80,79,69,84,85,86,,,,1.18,0.59,1.02,2*06
$GNGSA,A,3,05,15,34,03,,,,,,,,,1.18,0.59,1.02,3*01
$GNGSA,A,3,06,09,08,13,12,11,16,26,,,,,1.18,0.59,1.02,4*06
$GNGSA,A,3,07,04,,,,,,,,,,,1.18,0.59,1.02,5*01
$GPGSV,4,1,13,01,18,320,39,02,45,308,46,08,17,254,38,10,44,068,46,1*61
$GPGSV,4,2,13,23,11,101,38,25,07,086,32,27,16,216,38,28,68,131,48,1*62
$GPGSV,4,3,13,31,47,178,45,32,49,019,47,40,59,208,48,41,56,146,46,1*61
$GPGSV,4,4,13,42,19,104,45,1*5C
$GPGSV,3,1,09,01,18,320,45,08,17,254,41,10,44,068,45,23,11,101,37,6*63
$GPGSV,3,2,09,25,07,086,34,27,16,216,41,28,68,131,48,31,47,178,45,6*65
$GPGSV,3,3,09,32,49,019,46,6*5C
$GLGSV,3,1,10,69,12,049,43,70,41,344,37,71,25,289,45,73,13,158,43,1*76
$GLGSV,3,2,10,79,14,050,45,80,28,104,47,84,35,183,37,85,61,263,51,1*7E
$GLGSV,3,3,10,86,21,326,44,,,,50,1*46
$GLGSV,3,1,09,69,12,049,45,70,41,344,11,71,25,289,45,73,13,158,44,3*79
$GLGSV,3,2,09,79,14,050,43,80,28,104,46,84,35,183,47,85,61,263,48,3*7C
$GLGSV,3,3,09,86,21,326,44,3*49
$GAGSV,2,1,06,03,65,302,52,05,40,032,50,08,24,249,46,15,46,320,51,2*70
$GAGSV,2,2,06,34,77,169,52,36,24,148,47,2*73
$GAGSV,2,1,06,03,65,302,48,05,40,032,44,08,24,249,40,15,46,320,45,7*78
$GAGSV,2,2,06,34,77,169,48,36,24,148,41,7*7B
$GAGSV,1,1,03,16,06,109,,24,02,085,,25,06,131,,0*45
$GBGSV,2,1,08,06,62,081,47,09,66,114,47,11,46,273,47,12,37,197,43,1*73
$GBGSV,2,2,08,13,48,071,45,16,56,067,46,26,34,146,46,34,45,235,47,1*73
$GBGSV,2,1,08,06,62,081,46,08,34,086,46,09,66,114,48,11,46,273,51,B*05
$GBGSV,2,2,08,12,37,197,50,13,48,071,46,14,21,288,48,16,56,067,46,B*05
$GBGSV,1,1,04,10,03,160,,44,19,178,,45,29,078,,50,51,348,,0*7B
$GQGSV,1,1,02,04,20,076,38,07,19,104,33,1*61
$GQGSV,1,1,02,04,20,076,39,07,19,104,43,6*60
$GNGLL,2454.23240,N,06708.27187,E,153259.00,A,D*79
$GNRMC,153300.00,A,2454.23240,N,06708.27187,E,0.002,,020525,,,R,V*03
$GNVTG,,T,,M,0.002,N,0.003,K,D*39
$GNGGA,153300.00,2454.23240,N,06708.27187,E,4,12,0.59,21.8,M,-44.2,M,1.0,0284*7B
$GNGSA,A,3,10,27,28,31,32,01,23,08,02,,,,1.18,0.59,1.02,1*01
$GNGSA,A,3,70,71,73,80,79,69,84,85,86,,,,1.18,0.59,1.02,2*06
$GNGSA,A,3,05,15,34,03,,,,,,,,,1.18,0.59,1.02,3*01
$GNGSA,A,3,06,09,08,13,12,11,16,26,,,,,1.18,0.59,1.02,4*06
$GNGSA,A,3,07,04,,,,,,,,,,,1.18,0.59,1.02,5*01
$GPGSV,4,1,13,01,18,320,39,02,45,308,46,08,17,254,38,10,44,068,46,1*61
$GPGSV,4,2,13,23,11,101,38,25,07,086,32,27,16,216,38,28,68,131,48,1*62
$GPGSV,4,3,13,31,47,178,45,32,49,019,47,40,59,208,48,41,56,146,46,1*61
$GPGSV,4,4,13,42,19,104,45,1*5C
$GPGSV,3,1,09,01,18,320,45,08,17,254,41,10,44,068,46,23,11,101,37,6*60
$GPGSV,3,2,09,25,07,086,34,27,16,216,41,28,68,131,48,31,47,178,45,6*65
$GPGSV,3,3,09,32,49,019,46,6*5C
$GLGSV,3,1,10,69,12,049,43,70,41,344,37,71,25,289,45,73,13,158,42,1*77
$GLGSV,3,2,10,79,14,050,45,80,28,104,47,84,35,183,37,85,61,263,51,1*7E
$GLGSV,3,3,10,86,21,326,45,,,,50,1*47
$GLGSV,3,1,09,69,12,049,46,70,41,344,08,71,25,289,45,73,13,158,45,3*73
$GLGSV,3,2,09,79,14,050,43,80,28,104,45,84,35,183,47,85,61,263,48,3*7F
$GLGSV,3,3,09,86,21,326,44,3*49
$GAGSV,2,1,06,03,65,302,52,05,40,032,50,08,24,249,46,15,46,320,51,2*70
$GAGSV,2,2,06,34,77,169,52,36,24,148,47,2*73
$GAGSV,2,1,06,03,65,302,48,05,40,032,44,08,24,249,40,15,46,320,45,7*78
$GAGSV,2,2,06,34,77,169,48,36,24,148,41,7*7B
$GAGSV,1,1,03,16,06,109,,24,02,085,,25,06,131,,0*45
$GBGSV,2,1,08,06,62,081,46,09,66,114,47,11,46,273,47,12,37,197,42,1*73
$GBGSV,2,2,08,13,48,071,45,16,56,067,46,26,34,146,46,34,45,235,47,1*73
$GBGSV,2,1,08,06,62,081,46,08,34,086,46,09,66,114,48,11,46,273,51,B*05
$GBGSV,2,2,08,12,37,197,51,13,48,071,46,14,21,288,48,16,56,067,46,B*04
$GBGSV,1,1,04,10,03,160,,44,19,178,,45,29,078,,50,51,348,,0*7B
$GQGSV,1,1,02,04,20,076,38,07,19,104,33,1*61
$GQGSV,1,1,02,04,20,076,39,07,19,104,43,6*60
$GNGLL,2454.23240,N,06708.27187,E,153300.00,A,D*74
$GNRMC,153301.00,A,2454.23241,N,06708.27187,E,0.004,,020525,,,R,V*05
$GNVTG,,T,,M,0.004,N,0.007,K,D*3B
$GNGGA,153301.00,2454.23241,N,06708.27187,E,4,12,0.59,21.8,M,-44.2,M,1.0,0284*7B
$GNGSA,A,3,10,27,28,31,32,01,23,08,02,,,,1.18,0.59,1.02,1*01
$GNGSA,A,3,70,71,73,80,79,69,84,85,86,,,,1.18,0.59,1.02,2*06
$GNGSA,A,3,05,15,34,03,,,,,,,,,1.18,0.59,1.02,3*01
$GNGSA,A,3,06,09,08,13,12,11,16,26,,,,,1.18,0.59,1.02,4*06
$GNGSA,A,3,07,04,,,,,,,,,,,1.18,0.59,1.02,5*01
$GPGSV,4,1,13,01,18,320,39,02,45,308,46,08,17,254,38,10,44,068,46,1*61
$GPGSV,4,2,13,23,11,101,38,25,07,086,32,27,16,216,38,28,68,131,48,1*62
$GPGSV,4,3,13,31,47,178,45,32,49,019,47,40,59,208,48,41,56,146,46,1*61
$GPGSV,4,4,13,42,19,104,45,1*5C
$GPGSV,3,1,09,01,18,320,45,08,17,254,41,10,44,068,46,23,11,101,37,6*60
$GPGSV,3,2,09,25,07,086,35,27,16,216,41,28,68,131,48,31,47,178,45,6*64
$GPGSV,3,3,09,32,49,019,46,6*5C
$GLGSV,3,1,10,69,12,049,43,70,41,344,38,71,25,289,45,73,13,158,42,1*78
$GLGSV,3,2,10,79,14,050,45,80,28,104,47,84,34,183,37,85,61,263,51,1*7F
$GLGSV,3,3,10,86,21,326,45,,,,50,1*47
$GLGSV,3,1,09,69,12,049,46,70,41,344,10,71,25,289,45,73,13,158,45,3*7A
$GLGSV,3,2,09,79,14,050,43,80,28,104,45,84,34,183,47,85,61,263,48,3*7E
$GLGSV,3,3,09,86,21,326,44,3*49
$GAGSV,2,1,06,03,65,302,52,05,40,032,50,08,24,249,46,15,46,320,51,2*70
$GAGSV,2,2,06,34,77,169,52,36,24,148,47,2*73
$GAGSV,2,1,06,03,65,302,48,05,40,032,44,08,24,249,40,15,46,320,45,7*78
$GAGSV,2,2,06,34,77,169,48,36,24,148,41,7*7B
$GAGSV,1,1,03,16,06,109,,24,02,085,,25,06,131,,0*45
$GBGSV,2,1,08,06,62,081,46,09,66,114,47,11,46,273,47,12,37,197,43,1*72
$GBGSV,2,2,08,13,48,071,45,16,56,067,46,26,34,146,46,34,45,235,47,1*73
$GBGSV,2,1,08,06,62,081,46,08,34,086,46,09,66,114,48,11,46,273,51,B*05
$GBGSV,2,2,08,12,37,197,51,13,48,071,46,14,21,288,48,16,56,067,46,B*04
$GBGSV,1,1,04,10,03,160,,44,19,178,,45,29,078,,50,51,348,,0*7B
$GQGSV,1,1,02,04,20,076,38,07,19,104,33,1*61
$GQGSV,1,1,02,04,20,076,39,07,19,104,43,6*60
$GNGLL,2454.23241,N,06708.27187,E,153301.00,A,D*74
$GNRMC,153302.00,A,2454.23240,N,06708.27187,E,0.003,,020525,,,R,V*00
$GNVTG,,T,,M,0.003,N,0.005,K,D*3E
$GNGGA,153302.00,2454.23240,N,06708.27187,E,4,12,0.59,21.8,M,-44.2,M,1.0,0284*79
$GNGSA,A,3,10,27,28,31,32,01,23,08,02,,,,1.18,0.59,1.02,1*01
$GNGSA,A,3,70,71,73,80,79,69,84,85,86,,,,1.18,0.59,1.02,2*06
$GNGSA,A,3,05,15,34,03,,,,,,,,,1.18,0.59,1.02,3*01
$GNGSA,A,3,06,09,08,13,12,11,16,26,,,,,1.18,0.59,1.02,4*06
$GNGSA,A,3,07,04,,,,,,,,,,,1.18,0.59,1.02,5*01
$GPGSV,4,1,13,01,18,320,39,02,45,308,46,08,17,254,38,10,44,068,46,1*61
$GPGSV,4,2,13,23,11,101,38,25,07,086,32,27,16,216,38,28,68,131,48,1*62
$GPGSV,4,3,13,31,47,178,45,32,49,019,47,40,59,208,48,41,56,146,46,1*61
$GPGSV,4,4,13,42,19,104,45,1*5C
$GPGSV,3,1,09,01,18,320,45,08,17,254,41,10,44,068,46,23,11,101,37,6*60
$GPGSV,3,2,09,25,07,086,35,27,16,216,41,28,68,131,48,31,47,178,45,6*64
$GPGSV,3,3,09,32,49,019,46,6*5C
$GLGSV,3,1,10,69,12,049,43,70,41,344,38,71,25,289,45,73,13,158,42,1*78
$GLGSV,3,2,10,79,14,050,46,80,28,104,47,84,34,183,37,85,61,261,51,1*7E
$GLGSV,3,3,10,86,21,326,45,,,,50,1*47
$GLGSV,3,1,09,69,12,049,46,70,41,344,10,71,25,289,45,73,13,158,45,3*7A
$GLGSV,3,2,09,79,14,050,43,80,28,104,45,84,34,183,47,85,61,261,48,3*7C
$GLGSV,3,3,09,86,21,326,44,3*49
$GAGSV,2,1,06,03,65,302,52,05,40,032,50,08,24,249,46,15,46,320,51,2*70
$GAGSV,2,2,06,34,77,169,52,36,24,148,47,2*73
$GAGSV,2,1,06,03,65,302,48,05,40,032,44,08,24,249,40,15,46,320,46,7*7B
$GAGSV,2,2,06,34,77,169,48,36,24,148,40,7*7A
$GAGSV,1,1,03,16,06,109,,24,02,085,,25,06,131,,0*45
$GBGSV,2,1,08,06,62,081,46,09,66,114,47,11,46,273,47,12,37,197,43,1*72
$GBGSV,2,2,08,13,48,071,45,16,56,067,46,26,34,146,46,34,45,235,47,1*73
$GBGSV,2,1,08,06,62,081,46,08,34,086,46,09,66,114,48,11,46,273,51,B*05
$GBGSV,2,2,08,12,37,197,51,13,48,071,46,14,21,288,48,16,56,067,46,B*04
$GBGSV,1,1,04,10,03,160,,44,19,178,,45,29,078,,50,51,348,,0*7B
$GQGSV,1,1,02,04,20,076,38,07,19,104,33,1*61
$GQGSV,1,1,02,04,20,076,39,07,19,104,43,6*60
$GNGLL,2454.23240,N,06708.27187,E,153302.00,A,D*76
$GNRMC,153303.00,A,2454.23240,N,06708.27187,E,0.009,,020525,,,R,V*0B
$GNVTG,,T,,M,0.009,N,0.017,K,D*37
$GNGGA,153303.00,2454.23240,N,06708.27187,E,4,12,0.59,21.8,M,-44.2,M,1.0,0284*78
$GNGSA,A,3,10,27,28,31,32,01,23,08,02,,,,1.18,0.59,1.02,1*01
$GNGSA,A,3,70,71,73,80,79,69,84,85,86,,,,1.18,0.59,1.02,2*06
$GNGSA,A,3,05,15,34,03,,,,,,,,,1.18,0.59,1.02,3*01
$GNGSA,A,3,06,09,08,13,12,11,16,26,,,,,1.18,0.59,1.02,4*06
$GNGSA,A,3,07,04,,,,,,,,,,,1.18,0.59,1.02,5*01
$GPGSV,4,1,13,01,18,320,39,02,45,308,46,08,17,254,38,10,44,068,46,1*61
$GPGSV,4,2,13,23,11,101,38,25,07,086,32,27,16,216,38,28,68,131,48,1*62
$GPGSV,4,3,13,31,47,178,45,32,49,019,47,40,59,208,48,41,56,146,46,1*61
$GPGSV,4,4,13,42,19,104,45,1*5C
$GPGSV,3,1,09,01,18,320,45,08,17,254,41,10,44,068,46,23,11,101,37,6*60
$GPGSV,3,2,09,25,07,086,35,27,16,216,41,28,68,131,48,31,47,178,45,6*64
$GPGSV,3,3,09,32,49,019,46,6*5C
$GLGSV,3,1,10,69,12,049,43,70,41,344,38,71,25,289,45,73,13,158,42,1*78
$GLGSV,3,2,10,79,14,050,46,80,28,104,47,84,34,183,37,85,61,261,51,1*7E
$GLGSV,3,3,10,86,21,325,45,,,,50,1*44
$GLGSV,3,1,09,69,12,049,46,70,41,344,07,71,25,289,45,73,13,158,45,3*7C
$GLGSV,3,2,09,79,14,050,43,80,28,104,45,84,34,183,47,85,61,261,48,3*7C
$GLGSV,3,3,09,86,21,325,44,3*4A
$GAGSV,2,1,06,03,65,302,52,05,40,032,50,08,24,249,46,15,46,320,51,2*70
$GAGSV,2,2,06,34,77,169,52,36,24,148,47,2*73
$GAGSV,2,1,06,03,65,302,48,05,40,032,44,08,24,249,40,15,46,320,45,7*78
$GAGSV,2,2,06,34,77,169,48,36,24,148,41,7*7B
$GAGSV,1,1,03,16,06,109,,24,02,085,,25,06,131,,0*45
$GBGSV,2,1,08,06,62,081,46,09,66,114,47,11,46,273,47,12,37,197,42,1*73
$GBGSV,2,2,08,13,48,071,45,16,56,067,46,26,34,146,46,34,45,235,47,1*73
$GBGSV,2,1,08,06,62,081,46,08,34,086,46,09,66,114,48,11,46,273,51,B*05
$GBGSV,2,2,08,12,37,197,51,13,48,071,46,14,21,288,48,16,56,067,46,B*04
$GBGSV,1,1,04,10,03,160,,44,19,178,,45,29,078,,50,51,348,,0*7B
$GQGSV,1,1,02,04,20,076,38,07,19,104,33,1*61
$GQGSV,1,1,02,04,20,076,39,07,19,104,43,6*60
$GNGLL,2454.23240,N,06708.27187,E,153303.00,A,D*77
$GNRMC,153304.00,A,2454.23240,N,06708.27187,E,0.005,,020525,,,R,V*00
$GNVTG,,T,,M,0.005,N,0.009,K,D*34
$GNGGA,153304.00,2454.23240,N,06708.27187,E,4,12,0.59,21.8,M,-44.2,M,1.0,0284*7F
$GNGSA,A,3,10,27,28,31,32,01,23,08,02,,,,1.18,0.59,1.02,1*01
$GNGSA,A,3,70,71,73,80,79,69,84,85,86,,,,1.18,0.59,1.02,2*06
$GNGSA,A,3,05,15,34,03,,,,,,,,,1.18,0.59,1.02,3*01
$GNGSA,A,3,06,09,08,13,12,11,16,26,,,,,1.18,0.59,1.02,4*06
$GNGSA,A,3,07,04,,,,,,,,,,,1.18,0.59,1.02,5*01
$GPGSV,4,1,13,01,18,320,39,02,45,308,46,08,17,254,38,10,44,068,46,1*61
$GPGSV,4,2,13,23,11,101,38,25,07,086,32,27,16,216,38,28,68,131,48,1*62
$GPGSV,4,3,13,31,47,178,45,32,49,019,47,40,59,208,48,41,56,146,46,1*61
$GPGSV,4,4,13,42,19,104,45,1*5C
$GPGSV,3,1,09,01,18,320,45,08,17,254,41,10,44,068,46,23,11,101,38,6*6F
$GPGSV,3,2,09,25,07,086,35,27,16,216,41,28,68,131,48,31,47,178,45,6*64
$GPGSV,3,3,09,32,49,019,46,6*5C
$GLGSV,3,1,10,69,12,049,43,70,41,344,38,71,25,289,45,73,13,158,42,1*78
$GLGSV,3,2,10,79,14,050,46,80,28,104,47,84,34,183,37,85,61,261,51,1*7E
$GLGSV,3,3,10,86,21,325,45,,,,50,1*44
$GLGSV,3,1,09,69,12,049,46,70,41,344,07,71,25,289,45,73,13,158,45,3*7C
$GLGSV,3,2,09,79,14,050,43,80,28,104,45,84,34,183,47,85,61,261,48,3*7C
$GLGSV,3,3,09,86,21,325,44,3*4A
$GAGSV,2,1,06,03,65,302,52,05,40,032,50,08,24,249,46,15,46,320,51,2*70
$GAGSV,2,2,06,34,77,169,52,36,24,148,47,2*73
$GAGSV,2,1,06,03,65,302,48,05,40,032,44,08,24,249,40,15,46,320,45,7*78
$GAGSV,2,2,06,34,77,169,48,36,24,148,41,7*7B
$GAGSV,1,1,03,16,06,109,,24,02,085,,25,06,131,,0*45
$GBGSV,2,1,08,06,62,081,46,09,66,114,47,11,46,273,47,12,37,197,42,1*73
$GBGSV,2,2,08,13,48,071,45,16,56,067,46,26,34,146,46,34,45,235,47,1*73
$GBGSV,2,1,08,06,62,081,46,08,34,086,46,09,66,114,48,11,46,273,51,B*05
$GBGSV,2,2,08,12,37,197,51,13,48,071,46,14,21,288,48,16,56,067,46,B*04
$GBGSV,1,1,04,10,03,160,,44,19,178,,45,29,078,,50,51,348,,0*7B
$GQGSV,1,1,02,04,20,076,37,07,19,104,33,1*6E
$GQGSV,1,1,02,04,20,076,39,07,19,104,43,6*60
$GNGLL,2454.23240,N,06708.27187,E,153304.00,A,D*70
$GNRMC,153305.00,A,2454.23241,N,06708.27187,E,0.006,,020525,,,R,V*03
$GNVTG,,T,,M,0.006,N,0.011,K,D*3E
$GNGGA,153305.00,2454.23241,N,06708.27187,E,4,12,0.59,21.8,M,-44.2,M,1.0,0284*7F
$GNGSA,A,3,10,27,28,31,32,01,23,08,02,,,,1.18,0.59,1.02,1*01
$GNGSA,A,3,70,71,73,80,79,69,84,85,86,,,,1.18,0.59,1.02,2*06
$GNGSA,A,3,05,15,34,03,,,,,,,,,1.18,0.59,1.02,3*01
$GNGSA,A,3,06,09,08,13,12,11,16,26,,,,,1.18,0.59,1.02,4*06
$GNGSA,A,3,07,04,,,,,,,,,,,1.18,0.59,1.02,5*01
$GPGSV,4,1,13,01,18,320,39,02,45,308,46,08,17,254,38,10,44,068,46,1*61
$GPGSV,4,2,13,23,11,101,38,25,07,086,32,27,16,216,38,28,68,131,48,1*62
$GPGSV,4,3,13,31,47,178,45,32,49,019,47,40,59,208,48,41,56,146,46,1*61
$GPGSV,4,4,13,42,19,104,45,1*5C
$GPGSV,3,1,09,01,18,320,45,08,17,254,41,10,44,068,46,23,11,101,38,6*6F
$GPGSV,3,2,09,25,07,086,36,27,16,216,41,28,68,131,48,31,47,178,45,6*67
$GPGSV,3,3,09,32,49,019,46,6*5C
$GLGSV,3,1,10,69,12,049,43,70,41,344,38,71,25,289,45,73,13,158,42,1*78
$GLGSV,3,2,10,79,14,050,46,80,28,104,47,84,34,183,37,85,61,261,51,1*7E
$GLGSV,3,3,10,86,21,325,45,,,,50,1*44
$GLGSV,3,1,09,69,12,049,46,70,41,344,07,71,25,289,45,73,13,158,45,3*7C
$GLGSV,3,2,09,79,14,050,42,80,28,104,45,84,34,183,47,85,61,261,48,3*7D
$GLGSV,3,3,09,86,21,325,44,3*4A
$GAGSV,2,1,06,03,65,302,52,05,40,032,50,08,24,249,46,15,46,320,51,2*70
$GAGSV,2,2,06,34,77,169,52,36,24,148,47,2*73
$GAGSV,2,1,06,03,65,302,48,05,40,032,44,08,24,249,40,15,46,320,45,7*78
$GAGSV,2,2,06,34,77,169,48,36,24,148,41,7*7B
$GAGSV,1,1,03,16,06,109,,24,02,085,,25,06,131,,0*45
$GBGSV,2,1,08,06,62,081,46,09,66,114,47,11,46,273,47,12,37,197,43,1*72
$GBGSV,2,2,08,13,48,071,45,16,56,067,46,26,34,146,46,34,45,235,47,1*73
$GBGSV,2,1,08,06,62,081,46,08,34,086,46,09,66,114,48,11,46,273,51,B*05
$GBGSV,2,2,08,12,37,197,51,13,48,071,46,14,21,288,48,16,56,067,46,B*04
$GBGSV,1,1,04,10,03,160,,44,19,178,,45,29,078,,50,51,348,,0*7B
$GQGSV,1,1,02,04,20,076,37,07,19,104,34,1*69
$GQGSV,1,1,02,04,20,076,39,07,19,104,43,6*60
$GNGLL,2454.23241,N,06708.27187,E,153305.00,A,D*70
$GNRMC,153306.00,A,2454.23241,N,06708.27187,E,0.002,,020525,,,R,V*04
$GNVTG,,T,,M,0.002,N,0.004,K,D*3E
$GNGGA,153306.00,2454.23241,N,06708.27187,E,4,12,0.59,21.8,M,-44.2,M,1.0,0284*7C
$GNGSA,A,3,10,27,28,31,32,01,23,08,02,,,,1.18,0.59,1.02,1*01
$GNGSA,A,3,70,71,73,80,79,69,84,85,86,,,,1.18,0.59,1.02,2*06
$GNGSA,A,3,05,15,34,03,,,,,,,,,1.18,0.59,1.02,3*01
$GNGSA,A,3,06,09,08,13,12,11,16,26,,,,,1.18,0.59,1.02,4*06
$GNGSA,A,3,07,04,,,,,,,,,,,1.18,0.59,1.02,5*01
$GPGSV,4,1,13,01,18,320,39,02,45,308,46,08,17,254,38,10,44,068,46,1*61
$GPGSV,4,2,13,23,11,101,38,25,07,086,32,27,16,216,38,28,68,131,48,1*62
$GPGSV,4,3,13,31,47,178,45,32,49,019,47,40,59,208,48,41,56,146,46,1*61
$GPGSV,4,4,13,42,19,104,45,1*5C
$GPGSV,3,1,09,01,18,320,45,08,17,254,41,10,44,068,46,23,11,101,38,6*6F
$GPGSV,3,2,09,25,07,086,36,27,16,216,41,28,68,131,48,31,47,178,45,6*67
$GPGSV,3,3,09,32,49,019,46,6*5C
$GLGSV,3,1,10,69,12,049,43,70,41,344,37,71,25,289,45,73,13,158,42,1*77
$GLGSV,3,2,10,79,14,050,46,80,28,104,47,84,34,183,37,85,61,261,51,1*7E
$GLGSV,3,3,10,86,21,325,45,,,,50,1*44
$GLGSV,3,1,09,69,12,049,46,70,41,344,07,71,25,289,45,73,13,158,45,3*7C
$GLGSV,3,2,09,79,14,050,43,80,28,104,45,84,34,183,47,85,61,261,48,3*7C
$GLGSV,3,3,09,86,21,325,44,3*4A
$GAGSV,2,1,06,03,65,302,52,05,40,032,50,08,24,249,46,15,46,320,51,2*70
$GAGSV,2,2,06,34,77,169,52,36,24,148,47,2*73
$GAGSV,2,1,06,03,65,302,48,05,40,032,44,08,24,249,40,15,46,320,45,7*78
$GAGSV,2,2,06,34,77,169,48,36,24,148,41,7*7B
$GAGSV,1,1,03,16,06,109,,24,02,085,,25,06,131,,0*45
$GBGSV,2,1,08,06,62,081,46,09,66,114,47,11,46,273,47,12,37,197,43,1*72
$GBGSV,2,2,08,13,48,071,45,16,56,067,46,26,34,146,46,34,45,235,47,1*73
$GBGSV,2,1,08,06,62,081,46,08,34,086,46,09,66,114,48,11,46,273,51,B*05
$GBGSV,2,2,08,12,37,197,51,13,48,071,46,14,21,288,48,16,56,067,46,B*04
$GBGSV,1,1,04,10,03,160,,44,19,178,,45,29,078,,50,51,348,,0*7B
$GQGSV,1,1,02,04,20,076,37,07,19,104,33,1*6E
$GQGSV,1,1,02,04,20,076,39,07,19,104,43,6*60
$GNGLL,2454.23241,N,06708.27187,E,153306.00,A,D*73
$GNRMC,153307.00,A,2454.23240,N,06708.27187,E,0.007,,020525,,,R,V*01
$GNVTG,,T,,M,0.007,N,0.013,K,D*3D
$GNGGA,153307.00,2454.23240,N,06708.27187,E,4,12,0.59,21.8,M,-44.2,M,1.0,0284*7C
$GNGSA,A,3,10,27,28,31,32,01,23,08,02,,,,1.18,0.59,1.02,1*01
$GNGSA,A,3,70,71,73,80,79,69,84,85,86,,,,1.18,0.59,1.02,2*06
$GNGSA,A,3,05,15,34,03,,,,,,,,,1.18,0.59,1.02,3*01
$GNGSA,A,3,06,09,08,13,12,11,16,26,,,,,1.18,0.59,1.02,4*06
$GNGSA,A,3,07,04,,,,,,,,,,,1.18,0.59,1.02,5*01
$GPGSV,4,1,13,01,19,320,39,02,45,308,46,08,17,254,38,10,44,068,46,1*60
$GPGSV,4,2,13,23,11,101,38,25,07,086,32,27,16,216,38,28,68,131,48,1*62
$GPGSV,4,3,13,31,47,178,46,32,49,019,47,40,59,208,48,41,56,146,46,1*62
$GPGSV,4,4,13,42,19,104,45,1*5C
$GPGSV,3,1,09,01,19,320,45,08,17,254,41,10,44,068,46,23,11,101,38,6*6E
$GPGSV,3,2,09,25,07,086,36,27,16,216,41,28,68,131,48,31,47,178,45,6*67
$GPGSV,3,3,09,32,49,019,46,6*5C
$GLGSV,3,1,10,69,12,049,43,70,41,344,37,71,25,289,45,73,13,158,42,1*77
$GLGSV,3,2,10,79,14,050,46,80,28,104,47,84,34,183,37,85,61,261,51,1*7E
$GLGSV,3,3,10,86,21,325,45,,,,50,1*44
$GLGSV,3,1,09,69,12,049,46,70,41,344,10,71,25,289,45,73,13,158,45,3*7A
$GLGSV,3,2,09,79,14,050,43,80,28,104,45,84,34,183,47,85,61,261,48,3*7C
$GLGSV,3,3,09,86,21,325,44,3*4A
$GAGSV,2,1,06,03,65,302,52,05,40,032,50,08,24,249,46,15,46,320,51,2*70
$GAGSV,2,2,06,34,77,169,52,36,24,148,47,2*73
$GAGSV,2,1,06,03,65,302,48,05,40,032,44,08,24,249,40,15,46,320,46,7*7B
$GAGSV,2,2,06,34,77,169,48,36,24,148,40,7*7A
$GAGSV,1,1,03,16,06,109,,24,02,085,,25,06,131,,0*45
$GBGSV,2,1,08,06,62,081,46,09,66,114,47,11,46,273,47,12,37,197,43,1*72
$GBGSV,2,2,08,13,48,071,45,16,56,067,46,26,34,146,46,34,45,235,47,1*73
$GBGSV,2,1,08,06,62,081,46,08,34,086,46,09,66,114,48,11,46,273,51,B*05
$GBGSV,2,2,08,12,37,197,51,13,48,071,46,14,21,288,48,16,56,067,46,B*04
$GBGSV,1,1,04,10,03,160,,44,19,178,,45,29,078,,50,51,348,,0*7B
$GQGSV,1,1,02,04,20,076,37,07,19,104,33,1*6E
$GQGSV,1,1,02,04,20,076,39,07,19,104,43,6*60
$GNGLL,2454.23240,N,06708.27187,E,153307.00,A,D*73
$GNRMC,153308.00,A,2454.23241,N,06708.27187,E,0.004,,020525,,,R,V*0C
$GNVTG,,T,,M,0.004,N,0.007,K,D*3B
$GNGGA,153308.00,2454.23241,N,06708.27187,E,4,12,0.59,21.8,M,-44.2,M,1.0,0284*72
$GNGSA,A,3,10,27,28,31,32,01,23,08,02,,,,1.18,0.59,1.02,1*01
$GNGSA,A,3,70,71,73,80,79,69,84,85,86,,,,1.18,0.59,1.02,2*06
$GNGSA,A,3,05,15,34,03,,,,,,,,,1.18,0.59,1.02,3*01
$GNGSA,A,3,06,09,08,13,12,11,16,26,,,,,1.18,0.59,1.02,4*06
$GNGSA,A,3,07,04,,,,,,,,,,,1.18,0.59,1.02,5*01
$GPGSV,4,1,13,01,19,320,39,02,45,308,46,08,17,254,38,10,44,068,46,1*60
$GPGSV,4,2,13,23,11,101,38,25,07,086,32,27,16,216,38,28,68,131,48,1*62
$GPGSV,4,3,13,31,47,178,46,32,49,019,47,40,59,208,48,41,56,146,47,1*63
$GPGSV,4,4,13,42,19,104,45,1*5C
$GPGSV,3,1,09,01,19,320,45,08,17,254,41,10,44,068,46,23,11,101,38,6*6E
$GPGSV,3,2,09,25,07,086,37,27,16,216,41,28,68,131,48,31,47,178,45,6*66
$GPGSV,3,3,09,32,49,019,46,6*5C
$GLGSV,3,1,10,69,12,049,43,70,41,344,37,71,25,289,45,73,13,158,42,1*77
$GLGSV,3,2,10,79,14,050,47,80,28,104,47,84,34,183,37,85,61,261,51,1*7F
$GLGSV,3,3,10,86,21,325,45,,,,50,1*44
$GLGSV,3,1,10,69,12,049,45,70,41,344,10,71,25,289,45,73,13,158,45,3*71
$GLGSV,3,2,10,79,14,050,43,80,28,104,46,84,34,183,47,85,61,261,48,3*77
$GLGSV,3,3,10,86,21,325,44,,,,49,3*4F
$GAGSV,2,1,06,03,65,302,52,05,40,032,50,08,24,249,46,15,46,320,51,2*70
$GAGSV,2,2,06,34,77,169,52,36,24,148,47,2*73
$GAGSV,2,1,06,03,65,302,48,05,40,032,44,08,24,249,40,15,46,320,46,7*7B
$GAGSV,2,2,06,34,77,169,48,36,24,148,40,7*7A
$GAGSV,1,1,03,16,06,109,,24,02,085,,25,06,131,,0*45
$GBGSV,2,1,08,06,62,081,46,09,66,114,47,11,46,273,47,12,37,197,43,1*72
$GBGSV,2,2,08,13,48,071,45,16,56,067,46,26,34,146,46,34,45,235,47,1*73
$GBGSV,2,1,08,06,62,081,46,08,34,086,46,09,66,114,48,11,46,273,51,B*05
$GBGSV,2,2,08,12,37,197,51,13,48,071,46,14,21,288,48,16,56,067,46,B*04
$GBGSV,1,1,04,10,03,160,,44,19,178,,45,29,078,,50,51,348,,0*7B
$GQGSV,1,1,02,04,20,076,37,07,19,104,33,1*6E
$GQGSV,1,1,02,04,20,076,39,07,19,104,43,6*60
$GNGLL,2454.23241,N,06708.27187,E,153308.00,A,D*7D
$GNRMC,153309.00,A,2454.23240,N,06708.27187,E,0.002,,020525,,,R,V*0A
$GNVTG,,T,,M,0.002,N,0.003,K,D*39
$GNGGA,153309.00,2454.23240,N,06708.27187,E,4,12,0.59,21.8,M,-44.2,M,1.0,0284*72
$GNGSA,A,3,10,27,28,31,32,01,23,08,02,,,,1.18,0.59,1.02,1*01
$GNGSA,A,3,70,71,73,80,79,69,84,85,86,,,,1.18,0.59,1.02,2*06
$GNGSA,A,3,05,15,34,03,,,,,,,,,1.18,0.59,1.02,3*01
$GNGSA,A,3,06,09,08,13,12,11,16,26,,,,,1.18,0.59,1.02,4*06
$GNGSA,A,3,07,04,,,,,,,,,,,1.18,0.59,1.02,5*01
$GPGSV,4,1,13,01,19,320,40,02,45,308,46,08,17,254,38,10,44,068,46,1*6E
$GPGSV,4,2,13,23,11,101,38,25,07,086,32,27,16,216,38,28,68,131,48,1*62
$GPGSV,4,3,13,31,47,178,46,32,49,019,47,40,59,208,48,41,56,146,47,1*63
$GPGSV,4,4,13,42,19,104,45,1*5C
$GPGSV,3,1,09,01,19,320,45,08,17,254,41,10,44,068,46,23,11,101,38,6*6E
$GPGSV,3,2,09,25,07,086,37,27,16,216,41,28,68,131,48,31,47,178,45,6*66
$GPGSV,3,3,09,32,49,019,46,6*5C
$GLGSV,3,1,10,69,12,049,43,70,41,344,37,71,25,289,45,73,13,158,42,1*77
$GLGSV,3,2,10,79,14,050,47,80,28,104,47,84,34,183,37,85,61,261,51,1*7F
$GLGSV,3,3,10,86,21,325,45,,,,50,1*44
$GLGSV,3,1,10,69,12,049,45,70,41,344,08,71,25,289,45,73,13,158,45,3*78
$GLGSV,3,2,10,79,14,050,42,80,28,104,45,84,34,183,47,85,61,261,48,3*75
$GLGSV,3,3,10,86,21,325,44,,,,49,3*4F
$GAGSV,2,1,06,03,65,302,52,05,40,032,50,08,24,249,46,15,46,320,51,2*70
$GAGSV,2,2,06,34,77,169,52,36,24,148,47,2*73
$GAGSV,2,1,06,03,65,302,48,05,40,032,44,08,24,249,40,15,46,320,46,7*7B
$GAGSV,2,2,06,34,77,169,48,36,24,148,40,7*7A
$GAGSV,1,1,03,16,06,109,,24,02,085,,25,06,131,,0*45
$GBGSV,2,1,08,06,62,081,46,09,66,114,47,11,46,273,47,12,37,197,43,1*72
$GBGSV,2,2,08,13,48,071,45,16,56,067,46,26,34,146,46,34,45,235,47,1*73
$GBGSV,2,1,08,06,62,081,46,08,34,086,47,09,66,114,48,11,46,273,51,B*04
$GBGSV,2,2,08,12,37,197,51,13,48,071,46,14,21,288,48,16,56,067,46,B*04
$GBGSV,1,1,04,10,03,160,,44,19,178,,45,29,078,,50,51,348,,0*7B
$GQGSV,1,1,02,04,20,076,37,07,19,104,33,1*6E
$GQGSV,1,1,02,04,20,076,39,07,19,104,43,6*60
$GNGLL,2454.23240,N,06708.27187,E,153309.00,A,D*7D
$GNRMC,153310.00,A,2454.23241,N,06708.27187,E,0.004,,020525,,,R,V*05
$GNVTG,,T,,M,0.004,N,0.008,K,D*34
$GNGGA,153310.00,2454.23241,N,06708.27187,E,4,12,0.59,21.8,M,-44.2,M,1.0,0284*7B
$GNGSA,A,3,10,27,28,31,32,01,23,08,02,,,,1.18,0.59,1.02,1*01
$GNGSA,A,3,70,71,73,80,79,69,84,85,86,,,,1.18,0.59,1.02,2*06
$GNGSA,A,3,05,15,34,03,,,,,,,,,1.18,0.59,1.02,3*01
$GNGSA,A,3,06,09,08,13,12,11,16,26,,,,,1.18,0.59,1.02,4*06
$GNGSA,A,3,07,04,,,,,,,,,,,1.18,0.59,1.02,5*01
$GPGSV,4,1,13,01,19,320,39,02,45,308,46,08,17,254,38,10,44,068,46,1*60
$GPGSV,4,2,13,23,11,101,38,25,07,086,32,27,16,216,38,28,68,131,48,1*62
$GPGSV,4,3,13,31,47,178,46,32,49,019,47,40,59,208,48,41,56,146,47,1*63
$GPGSV,4,4,13,42,19,104,45,1*5C
$GPGSV,3,1,09,01,19,320,45,08,17,254,41,10,44,068,46,23,11,101,38,6*6E
$GPGSV,3,2,09,25,07,086,37,27,16,216,41,28,68,131,48,31,47,178,45,6*66
$GPGSV,3,3,09,32,49,019,46,6*5C
$GLGSV,3,1,10,69,12,049,44,70,41,344,38,71,25,289,45,73,13,158,42,1*7F
$GLGSV,3,2,10,79,14,050,47,80,28,104,47,84,34,183,37,85,61,261,51,1*7F
$GLGSV,3,3,10,86,21,325,44,,,,51,1*44
$GLGSV,3,1,10,69,12,049,45,70,41,344,08,71,25,289,45,73,13,158,45,3*78
$GLGSV,3,2,10,79,14,050,42,80,28,104,45,84,34,183,47,85,61,261,48,3*75
$GLGSV,3,3,10,86,21,325,44,,,,49,3*4F
$GAGSV,2,1,06,03,65,302,52,05,40,032,50,08,24,249,46,15,46,320,51,2*70
$GAGSV,2,2,06,34,77,169,52,36,24,148,47,2*73
$GAGSV,2,1,06,03,65,302,48,05,40,032,44,08,24,249,41,15,46,320,46,7*7A
$GAGSV,2,2,06,34,77,169,48,36,24,148,40,7*7A
$GAGSV,1,1,03,16,06,109,,24,02,085,,25,06,131,,0*45
$GBGSV,2,1,08,06,62,081,46,09,66,114,47,11,46,273,47,12,37,197,43,1*72
$GBGSV,2,2,08,13,48,071,45,16,56,067,46,26,34,146,46,34,45,235,47,1*73
$GBGSV,2,1,08,06,62,081,46,08,34,086,47,09,66,114,48,11,46,273,51,B*04
$GBGSV,2,2,08,12,37,197,51,13,48,071,46,14,21,288,48,16,56,067,46,B*04
$GBGSV,1,1,04,10,03,160,,44,19,178,,45,29,078,,50,51,348,,0*7B
$GQGSV,1,1,02,04,20,076,37,07,19,104,33,1*6E
$GQGSV,1,1,02,04,20,076,39,07,19,104,43,6*60
$GNGLL,2454.23241,N,06708.27187,E,153310.00,A,D*74
$GNRMC,153311.00,A,2454.23241,N,06708.27187,E,0.002,,020525,,,R,V*02
$GNVTG,,T,,M,0.002,N,0.003,K,D*39
$GNGGA,153311.00,2454.23241,N,06708.27187,E,4,12,0.59,21.8,M,-44.2,M,1.0,0284*7A
$GNGSA,A,3,10,27,28,31,32,01,23,08,02,,,,1.18,0.59,1.02,1*01
$GNGSA,A,3,70,71,73,80,79,69,84,85,86,,,,1.18,0.59,1.02,2*06
$GNGSA,A,3,05,15,34,03,,,,,,,,,1.18,0.59,1.02,3*01
$GNGSA,A,3,06,09,08,13,12,11,16,26,,,,,1.18,0.59,1.02,4*06
$GNGSA,A,3,07,04,,,,,,,,,,,1.18,0.59,1.02,5*01
$GPGSV,4,1,13,01,19,320,39,02,45,308,46,08,17,254,39,10,44,068,46,1*61
$GPGSV,4,2,13,23,11,101,38,25,07,086,32,27,16,216,38,28,68,131,48,1*62
$GPGSV,4,3,13,31,47,178,46,32,49,019,47,40,59,208,48,41,56,146,47,1*63
$GPGSV,4,4,13,42,19,104,45,1*5C
$GPGSV,3,1,09,01,19,320,45,08,17,254,41,10,44,068,45,23,11,101,37,6*62
$GPGSV,3,2,09,25,07,086,37,27,16,216,41,28,68,131,48,31,47,178,45,6*66
$GPGSV,3,3,09,32,49,019,46,6*5C
$GLGSV,3,1,10,69,12,049,44,70,41,344,37,71,25,289,45,73,13,158,42,1*70
$GLGSV,3,2,10,79,14,050,47,80,28,104,47,84,34,183,37,85,61,261,51,1*7F
$GLGSV,3,3,10,86,21,325,44,,,,51,1*44
$GLGSV,3,1,10,69,12,049,45,70,41,344,11,71,25,289,45,73,13,158,45,3*70
$GLGSV,3,2,10,79,14,050,42,80,28,104,45,84,34,183,47,85,61,261,48,3*75
$GLGSV,3,3,10,86,21,325,44,,,,49,3*4F
$GAGSV,2,1,06,03,65,302,52,05,40,032,50,08,24,249,46,15,46,320,51,2*70
$GAGSV,2,2,06,34,77,169,52,36,24,148,47,2*73
$GAGSV,2,1,06,03,65,302,48,05,40,032,44,08,24,249,41,15,46,320,46,7*7A
$GAGSV,2,2,06,34,77,169,48,36,24,148,40,7*7A
$GAGSV,1,1,03,16,06,109,,24,02,085,,25,06,131,,0*45
$GBGSV,2,1,08,06,62,081,46,09,66,114,47,11,46,273,47,12,37,197,43,1*72
$GBGSV,2,2,08,13,48,071,45,16,56,067,46,26,34,146,46,34,45,235,47,1*73
$GBGSV,2,1,08,06,62,081,46,08,34,086,46,09,66,114,48,11,46,273,51,B*05
$GBGSV,2,2,08,12,37,197,51,13,48,071,46,14,21,288,48,16,56,067,46,B*04
$GBGSV,1,1,04,10,03,160,,44,19,178,,45,29,078,,50,51,348,,0*7B
$GQGSV,1,1,02,04,20,076,37,07,19,104,33,1*6E
$GQGSV,1,1,02,04,20,076,39,07,19,104,43,6*60
$GNGLL,2454.23241,N,06708.27187,E,153311.00,A,D*75
$GNRMC,153312.00,A,2454.23240,N,06708.27187,E,0.093,,020525,,,R,V*08
$GNVTG,,T,,M,0.093,N,0.173,K,D*37
$GNGGA,153312.00,2454.23240,N,06708.27187,E,4,12,0.59,21.8,M,-44.2,M,1.0,0284*78
$GNGSA,A,3,10,27,28,31,32,01,23,08,02,,,,1.18,0.59,1.02,1*01
$GNGSA,A,3,70,71,73,80,79,69,84,85,86,,,,1.18,0.59,1.02,2*06
$GNGSA,A,3,05,15,34,03,,,,,,,,,1.18,0.59,1.02,3*01
$GNGSA,A,3,06,09,08,13,12,11,16,26,,,,,1.18,0.59,1.02,4*06
$GNGSA,A,3,07,04,,,,,,,,,,,1.18,0.59,1.02,5*01
$GPGSV,4,1,13,01,19,320,39,02,45,308,46,08,16,253,39,10,44,068,46,1*67
$GPGSV,4,2,13,23,11,101,38,25,07,086,32,27,16,216,38,28,68,131,48,1*62
$GPGSV,4,3,13,31,47,178,46,32,49,019,47,40,59,208,48,41,56,146,47,1*63
$GPGSV,4,4,13,42,19,104,45,1*5C
$GPGSV,3,1,09,01,19,320,45,08,16,253,41,10,44,068,45,23,11,101,37,6*64
$GPGSV,3,2,09,25,07,086,37,27,16,216,40,28,68,131,48,31,47,178,45,6*67
$GPGSV,3,3,09,32,49,019,46,6*5C
$GLGSV,3,1,10,69,12,049,44,70,41,344,38,71,25,289,45,73,13,158,42,1*7F
$GLGSV,3,2,10,79,14,050,47,80,28,104,47,84,34,183,37,85,61,261,51,1*7F
$GLGSV,3,3,10,86,21,325,44,,,,51,1*44
$GLGSV,3,1,10,69,12,049,45,70,41,344,10,71,25,289,45,73,13,158,45,3*71
$GLGSV,3,2,10,79,14,050,42,80,28,104,45,84,34,183,47,85,61,261,48,3*75
$GLGSV,3,3,10,86,21,325,44,,,,49,3*4F
$GAGSV,2,1,06,03,65,302,52,05,40,032,50,08,24,249,46,15,46,320,50,2*71
$GAGSV,2,2,06,34,77,169,52,36,24,148,47,2*73
$GAGSV,2,1,06,03,65,302,48,05,40,032,44,08,24,249,41,15,46,320,46,7*7A
$GAGSV,2,2,06,34,77,169,48,36,24,148,40,7*7A
$GAGSV,1,1,03,16,06,109,,24,02,085,,25,06,131,,0*45
$GBGSV,2,1,08,06,62,081,46,09,66,114,47,11,46,273,47,12,37,197,43,1*72
$GBGSV,2,2,08,13,48,071,45,16,56,067,46,26,34,146,46,34,45,235,47,1*73
$GBGSV,2,1,08,06,62,081,46,08,34,086,47,09,66,114,48,11,46,273,51,B*04
$GBGSV,2,2,08,12,37,197,51,13,48,071,46,14,21,288,48,16,56,067,46,B*04
$GBGSV,1,1,04,10,03,160,,44,19,178,,45,29,078,,50,51,348,,0*7B
$GQGSV,1,1,02,04,20,076,37,07,19,104,33,1*6E
$GQGSV,1,1,02,04,20,076,39,07,19,104,43,6*60
$GNGLL,2454.23240,N,06708.27187,E,153312.00,A,D*77
$GNRMC,153313.00,A,2454.23240,N,06708.27187,E,0.097,,020525,,,R,V*0D
$GNVTG,,T,,M,0.097,N,0.180,K,D*3F
$GNGGA,153313.00,2454.23240,N,06708.27187,E,4,12,0.60,21.8,M,-44.2,M,1.0,0284*73
$GNGSA,A,3,10,27,28,31,32,01,23,08,02,,,,1.20,0.60,1.04,1*06
$GNGSA,A,3,71,73,80,79,69,84,85,86,,,,,1.20,0.60,1.04,2*06
$GNGSA,A,3,05,15,34,03,,,,,,,,,1.20,0.60,1.04,3*06
$GNGSA,A,3,14,06,09,08,13,12,11,16,26,,,,1.20,0.60,1.04,4*04
$GNGSA,A,3,07,04,,,,,,,,,,,1.20,0.60,1.04,5*06
$GPGSV,4,1,13,01,19,320,39,02,45,308,46,08,16,253,39,10,44,068,46,1*67
$GPGSV,4,2,13,23,11,101,38,25,07,086,33,27,16,216,38,28,68,131,48,1*63
$GPGSV,4,3,13,31,47,178,45,32,49,019,47,40,59,208,48,41,56,146,46,1*61
$GPGSV,4,4,13,42,19,104,45,1*5C
$GPGSV,3,1,09,01,19,320,45,08,16,253,41,10,44,068,45,23,11,101,37,6*64
$GPGSV,3,2,09,25,07,086,37,27,16,216,40,28,68,131,48,31,47,178,45,6*67
$GPGSV,3,3,09,32,49,019,46,6*5C
$GLGSV,3,1,10,69,12,049,44,70,41,344,37,71,25,289,45,73,13,158,42,1*70
$GLGSV,3,2,10,79,14,050,47,80,28,104,47,84,34,183,37,85,61,261,51,1*7F
$GLGSV,3,3,10,86,21,325,45,,,,51,1*45
$GLGSV,3,1,10,69,12,049,45,70,41,344,09,71,25,289,45,73,13,158,45,3*79
$GLGSV,3,2,10,79,14,050,43,80,28,104,45,84,34,183,47,85,61,261,48,3*74
$GLGSV,3,3,10,86,21,325,44,,,,49,3*4F
$GAGSV,2,1,06,03,65,302,52,05,40,032,50,08,24,249,46,15,46,320,51,2*70
$GAGSV,2,2,06,34,77,169,52,36,24,148,47,2*73
$GAGSV,2,1,06,03,65,302,48,05,40,032,44,08,24,249,41,15,46,320,46,7*7A
$GAGSV,2,2,06,34,77,169,48,36,24,148,40,7*7A
$GAGSV,1,1,03,16,06,109,,24,02,085,,25,06,131,,0*45
$GBGSV,2,1,08,06,62,081,46,09,66,114,47,11,46,273,47,12,37,197,43,1*72
$GBGSV,2,2,08,13,48,071,45,16,56,067,46,26,34,146,46,34,45,235,47,1*73
$GBGSV,2,1,08,06,62,081,46,08,34,086,47,09,66,114,48,11,46,273,51,B*04
$GBGSV,2,2,08,12,37,197,51,13,48,071,46,14,21,288,48,16,56,067,46,B*04
$GBGSV,1,1,04,10,03,160,,44,19,178,,45,29,078,,50,51,348,,0*7B
$GQGSV,1,1,02,04,20,076,37,07,19,104,33,1*6E
$GQGSV,1,1,02,04,20,076,39,07,19,104,43,6*60
$GNGLL,2454.23240,N,06708.27187,E,153313.00,A,D*76
$GNRMC,153314.00,A,2454.23241,N,06708.27186,E,0.066,,020525,,,R,V*04
$GNVTG,,T,,M,0.066,N,0.123,K,D*38
$GNGGA,153314.00,2454.23241,N,06708.27186,E,4,12,0.60,21.9,M,-44.2,M,1.0,0284*75
$GNGSA,A,3,10,27,28,31,32,01,23,08,02,,,,1.20,0.60,1.04,1*06
$GNGSA,A,3,71,73,80,79,69,84,85,86,,,,,1.20,0.60,1.04,2*06
$GNGSA,A,3,05,15,34,03,,,,,,,,,1.20,0.60,1.04,3*06
$GNGSA,A,3,14,06,09,08,13,12,11,16,26,,,,1.20,0.60,1.04,4*04
$GNGSA,A,3,07,04,,,,,,,,,,,1.20,0.60,1.04,5*06
$GPGSV,4,1,13,01,19,320,39,02,45,308,46,08,16,253,39,10,44,069,46,1*66
$GPGSV,4,2,13,23,11,101,37,25,07,086,33,27,16,216,38,28,68,131,48,1*6C
$GPGSV,4,3,13,31,47,178,46,32,49,019,47,40,59,208,48,41,56,146,46,1*62
$GPGSV,4,4,13,42,19,104,45,1*5C
$GPGSV,3,1,09,01,19,320,44,08,16,253,41,10,44,069,46,23,11,101,37,6*67
$GPGSV,3,2,09,25,07,086,38,27,16,216,41,28,68,131,48,31,47,178,45,6*69
$GPGSV,3,3,09,32,49,019,46,6*5C
$GLGSV,3,1,10,69,12,049,44,70,41,344,37,71,25,289,45,73,13,158,42,1*70
$GLGSV,3,2,10,79,14,050,47,80,28,104,47,84,34,183,37,85,61,261,51,1*7F
$GLGSV,3,3,10,86,21,325,44,,,,51,1*44
$GLGSV,3,1,10,69,12,049,45,70,41,344,08,71,25,289,45,73,13,158,45,3*78
$GLGSV,3,2,10,79,14,050,43,80,28,104,45,84,34,183,47,85,61,261,48,3*74
$GLGSV,3,3,10,86,21,325,44,,,,49,3*4F
$GAGSV,2,1,06,03,65,302,52,05,40,032,50,08,24,249,46,15,46,320,51,2*70
$GAGSV,2,2,06,34,77,169,52,36,24,148,47,2*73
$GAGSV,2,1,06,03,65,302,48,05,40,032,44,08,24,249,41,15,46,320,46,7*7A
$GAGSV,2,2,06,34,77,169,48,36,24,148,40,7*7A
$GAGSV,1,1,03,16,06,109,,24,02,085,,25,06,131,,0*45
$GBGSV,2,1,08,06,62,081,46,09,66,114,47,11,46,273,47,12,37,197,43,1*72
$GBGSV,2,2,08,13,48,071,45,16,56,067,46,26,34,146,46,34,45,235,47,1*73
$GBGSV,2,1,08,06,62,081,46,08,34,086,47,09,66,114,48,11,46,273,51,B*04
$GBGSV,2,2,08,12,37,197,51,13,48,071,46,14,21,288,48,16,56,067,46,B*04
$GBGSV,1,1,04,10,03,160,,44,19,178,,45,29,078,,50,51,348,,0*7B
$GQGSV,1,1,02,04,20,076,37,07,19,104,33,1*6E
$GQGSV,1,1,02,04,20,076,39,07,19,104,43,6*60
$GNGLL,2454.23241,N,06708.27186,E,153314.00,A,D*71
$GNRMC,153315.00,A,2454.23241,N,06708.27186,E,0.013,,020525,,,F,V*13
$GNVTG,,T,,M,0.013,N,0.024,K,D*3C
$GNGGA,153315.00,2454.23241,N,06708.27186,E,5,12,0.60,21.8,M,-44.2,M,1.0,0284*74
$GNGSA,A,3,10,27,28,31,32,01,23,08,02,,,,1.20,0.60,1.04,1*06
$GNGSA,A,3,71,73,80,79,69,84,85,86,,,,,1.20,0.60,1.04,2*06
$GNGSA,A,3,05,15,34,03,,,,,,,,,1.20,0.60,1.04,3*06
$GNGSA,A,3,14,06,09,08,13,12,11,16,26,,,,1.20,0.60,1.04,4*04
$GNGSA,A,3,07,04,,,,,,,,,,,1.20,0.60,1.04,5*06
$GPGSV,4,1,13,01,19,320,39,02,45,308,46,08,16,253,39,10,44,069,46,1*66
$GPGSV,4,2,13,23,11,101,38,25,07,086,33,27,16,216,38,28,68,131,48,1*63
$GPGSV,4,3,13,31,47,178,46,32,49,019,47,40,59,208,48,41,56,146,46,1*62
$GPGSV,4,4,13,42,19,104,45,1*5C
$GPGSV,3,1,09,01,19,320,44,08,16,253,41,10,44,069,46,23,11,101,37,6*67
$GPGSV,3,2,09,25,07,086,38,27,16,216,41,28,68,131,48,31,47,178,45,6*69
$GPGSV,3,3,09,32,49,019,46,6*5C
$GLGSV,3,1,10,69,12,049,44,70,41,344,37,71,25,289,45,73,13,158,42,1*70
$GLGSV,3,2,10,79,14,050,47,80,28,104,47,84,34,183,37,85,61,261,51,1*7F
$GLGSV,3,3,10,86,21,325,44,,,,51,1*44
$GLGSV,3,1,10,69,12,049,45,70,41,344,08,71,25,289,45,73,13,158,44,3*79
$GLGSV,3,2,10,79,14,050,42,80,28,104,45,84,34,183,47,85,61,261,48,3*75
$GLGSV,3,3,10,86,21,325,45,,,,49,3*4E
$GAGSV,2,1,06,03,65,302,52,05,40,032,50,08,24,249,46,15,46,320,51,2*70
$GAGSV,2,2,06,34,77,169,52,36,24,148,47,2*73
$GAGSV,2,1,06,03,65,302,48,05,40,032,44,08,24,249,41,15,46,320,46,7*7A
$GAGSV,2,2,06,34,77,169,48,36,24,148,40,7*7A
$GAGSV,1,1,03,16,06,109,,24,02,085,,25,06,131,,0*45
$GBGSV,2,1,08,06,62,081,46,09,66,114,47,11,46,273,47,12,37,197,43,1*72
$GBGSV,2,2,08,13,48,071,45,16,56,067,46,26,34,146,46,34,45,235,47,1*73
$GBGSV,2,1,08,06,62,081,46,08,34,086,47,09,66,114,48,11,46,273,51,B*04
$GBGSV,2,2,08,12,37,197,51,13,48,071,47,14,21,288,48,16,56,067,46,B*05
$GBGSV,1,1,04,10,03,160,,44,19,178,,45,29,078,,50,51,348,,0*7B
$GQGSV,1,1,02,04,20,076,37,07,19,104,34,1*69
$GQGSV,1,1,02,04,20,076,39,07,19,104,43,6*60
$GNGLL,2454.23241,N,06708.27186,E,153315.00,A,D*70
$GNRMC,153316.00,A,2454.23241,N,06708.27187,E,0.030,,020525,,,F,V*10
$GNVTG,,T,,M,0.030,N,0.056,K,D*38
$GNGGA,153316.00,2454.23241,N,06708.27187,E,5,12,0.59,21.8,M,-44.2,M,1.0,0284*7C
$GNGSA,A,3,10,27,28,31,32,01,23,08,02,,,,1.18,0.59,1.02,1*01
$GNGSA,A,3,70,71,73,80,79,69,84,85,86,,,,1.18,0.59,1.02,2*06
$GNGSA,A,3,15,34,03,,,,,,,,,,1.18,0.59,1.02,3*04
$GNGSA,A,3,06,09,14,08,13,12,11,16,26,,,,1.18,0.59,1.02,4*03
$GNGSA,A,3,07,04,,,,,,,,,,,1.18,0.59,1.02,5*01
$GPGSV,4,1,13,01,19,320,39,02,45,308,46,08,16,253,39,10,44,069,46,1*66
$GPGSV,4,2,13,23,11,101,38,25,07,086,33,27,16,216,38,28,68,131,48,1*63
$GPGSV,4,3,13,31,47,178,46,32,49,019,47,40,59,208,48,41,56,146,46,1*62
$GPGSV,4,4,13,42,19,104,45,1*5C
$GPGSV,3,1,09,01,19,320,44,08,16,253,41,10,44,069,46,23,11,101,37,6*67
$GPGSV,3,2,09,25,07,086,38,27,16,216,41,28,68,131,48,31,47,178,45,6*69
$GPGSV,3,3,09,32,49,019,46,6*5C
$GLGSV,3,1,10,69,12,049,44,70,41,344,37,71,25,289,45,73,13,158,42,1*70
$GLGSV,3,2,10,79,14,050,47,80,28,104,47,84,34,183,37,85,61,261,51,1*7F
$GLGSV,3,3,10,86,21,325,44,,,,51,1*44
$GLGSV,3,1,10,69,12,049,45,70,41,344,08,71,25,289,45,73,13,158,44,3*79
$GLGSV,3,2,10,79,14,050,42,80,28,104,45,84,34,183,47,85,61,261,48,3*75
$GLGSV,3,3,10,86,21,325,45,,,,49,3*4E
$GAGSV,2,1,06,03,65,302,52,05,40,032,50,08,24,249,46,15,46,320,51,2*70
$GAGSV,2,2,06,34,77,169,52,36,24,148,47,2*73
$GAGSV,2,1,06,03,65,302,48,05,40,032,44,08,24,249,41,15,46,320,46,7*7A
$GAGSV,2,2,06,34,77,169,48,36,24,148,40,7*7A
$GAGSV,1,1,03,16,06,109,,24,02,085,,25,06,131,,0*45
$GBGSV,2,1,08,06,62,081,46,09,66,114,47,11,46,273,47,12,37,197,43,1*72
$GBGSV,2,2,08,13,48,071,45,16,56,067,46,26,34,146,46,34,45,235,47,1*73
$GBGSV,2,1,08,06,62,081,46,08,34,086,47,09,66,114,48,11,46,273,51,B*04
$GBGSV,2,2,08,12,37,197,51,13,48,071,47,14,21,288,48,16,56,067,46,B*05
$GBGSV,1,1,04,10,03,160,,44,19,178,,45,29,078,,50,51,348,,0*7B
$GQGSV,1,1,02,04,20,076,37,07,19,104,34,1*69
$GQGSV,1,1,02,04,20,076,39,07,19,104,43,6*60
$GNGLL,2454.23241,N,06708.27187,E,153316.00,A,D*72
$GNRMC,153317.00,A,2454.23241,N,06708.27187,E,0.002,,020525,,,F,V*10
$GNVTG,,T,,M,0.002,N,0.003,K,D*39
$GNGGA,153317.00,2454.23241,N,06708.27187,E,5,12,0.59,21.8,M,-44.2,M,1.0,0284*7D
$GNGSA,A,3,10,27,28,31,32,01,23,08,02,,,,1.18,0.59,1.02,1*01
$GNGSA,A,3,70,71,73,80,79,69,84,85,86,,,,1.18,0.59,1.02,2*06
$GNGSA,A,3,15,34,03,,,,,,,,,,1.18,0.59,1.02,3*04
$GNGSA,A,3,06,09,14,08,13,12,11,16,26,,,,1.18,0.59,1.02,4*03
$GNGSA,A,3,07,04,,,,,,,,,,,1.18,0.59,1.02,5*01
$GPGSV,4,1,13,01,19,320,39,02,45,308,46,08,16,253,39,10,44,069,46,1*66
$GPGSV,4,2,13,23,11,101,38,25,07,086,33,27,16,216,38,28,68,131,48,1*63
$GPGSV,4,3,13,31,47,178,46,32,49,019,47,40,59,208,48,41,56,146,46,1*62
$GPGSV,4,4,13,42,19,104,45,1*5C
$GPGSV,3,1,09,01,19,320,44,08,16,253,41,10,44,069,45,23,11,101,37,6*64
$GPGSV,3,2,09,25,07,086,38,27,16,216,41,28,68,131,48,31,47,178,45,6*69
$GPGSV,3,3,09,32,49,019,46,6*5C
$GLGSV,3,1,10,69,12,049,44,70,41,344,37,71,25,289,45,73,13,158,42,1*70
$GLGSV,3,2,10,79,14,050,47,80,28,104,47,84,34,183,37,85,61,261,51,1*7F
$GLGSV,3,3,10,86,21,325,44,,,,51,1*44
$GLGSV,3,1,10,69,12,049,45,70,41,344,07,71,25,289,45,73,13,158,44,3*76
$GLGSV,3,2,10,79,14,050,42,80,28,104,45,84,34,183,46,85,61,261,48,3*74
$GLGSV,3,3,10,86,21,325,44,,,,49,3*4F
$GAGSV,2,1,06,03,65,302,52,05,40,032,50,08,24,249,46,15,46,320,51,2*70
$GAGSV,2,2,06,34,77,169,52,36,24,148,47,2*73
$GAGSV,2,1,06,03,65,302,48,05,40,032,44,08,24,249,41,15,46,320,46,7*7A
$GAGSV,2,2,06,34,77,169,48,36,24,148,40,7*7A
$GAGSV,1,1,03,16,06,109,,24,02,085,,25,06,131,,0*45
$GBGSV,2,1,08,06,62,081,46,09,66,114,47,11,46,273,47,12,37,197,43,1*72
$GBGSV,2,2,08,13,48,071,45,16,56,067,46,26,34,146,46,34,45,235,47,1*73
$GBGSV,2,1,08,06,62,081,46,08,34,086,47,09,66,114,48,11,46,273,51,B*04
$GBGSV,2,2,08,12,37,197,51,13,48,071,46,14,21,288,48,16,56,067,46,B*04
$GBGSV,1,1,04,10,03,160,,44,19,178,,45,29,078,,50,51,348,,0*7B
$GQGSV,1,1,02,04,20,076,37,07,19,104,33,1*6E
$GQGSV,1,1,02,04,20,076,39,07,19,104,43,6*60
$GNGLL,2454.23241,N,06708.27187,E,153317.00,A,D*73
$GNRMC,153318.00,A,2454.23240,N,06708.27187,E,0.004,,020525,,,F,V*18
$GNVTG,,T,,M,0.004,N,0.007,K,D*3B
$GNGGA,153318.00,2454.23240,N,06708.27187,E,5,12,0.59,21.8,M,-44.2,M,1.0,0284*73
$GNGSA,A,3,10,27,28,31,32,01,23,08,02,,,,1.18,0.59,1.02,1*01
$GNGSA,A,3,70,71,73,80,79,69,84,85,86,,,,1.18,0.59,1.02,2*06
$GNGSA,A,3,15,34,03,,,,,,,,,,1.18,0.59,1.02,3*04
$GNGSA,A,3,06,09,14,08,13,12,11,16,26,,,,1.18,0.59,1.02,4*03
$GNGSA,A,3,07,04,,,,,,,,,,,1.18,0.59,1.02,5*01
$GPGSV,4,1,13,01,19,320,39,02,45,308,46,08,16,253,39,10,44,069,46,1*66
$GPGSV,4,2,13,23,11,101,38,25,07,086,34,27,16,216,38,28,68,131,48,1*64
$GPGSV,4,3,13,31,47,178,46,32,49,019,47,40,59,208,48,41,56,146,46,1*62
$GPGSV,4,4,13,42,19,104,45,1*5C
$GPGSV,3,1,09,01,19,320,44,08,16,253,41,10,44,069,46,23,11,101,38,6*68
$GPGSV,3,2,09,25,07,086,38,27,16,216,41,28,68,131,48,31,47,178,45,6*69
$GPGSV,3,3,09,32,49,019,46,6*5C
$GLGSV,3,1,10,69,12,049,44,70,41,344,37,71,25,289,45,73,13,158,42,1*70
$GLGSV,3,2,10,79,14,050,47,80,28,104,47,84,34,183,37,85,61,261,51,1*7F
$GLGSV,3,3,10,86,21,325,44,,,,50,1*45
$GLGSV,3,1,10,69,12,049,45,70,41,344,07,71,25,289,45,73,13,158,44,3*76
$GLGSV,3,2,10,79,14,050,42,80,28,104,46,84,34,183,47,85,61,261,48,3*76
$GLGSV,3,3,10,86,21,325,44,,,,49,3*4F
$GAGSV,2,1,06,03,65,302,52,05,40,032,50,08,24,249,46,15,46,320,51,2*70
$GAGSV,2,2,06,34,77,169,52,36,24,148,47,2*73
$GAGSV,2,1,06,03,65,302,48,05,40,032,44,08,24,249,41,15,46,320,46,7*7A
$GAGSV,2,2,06,34,77,169,48,36,24,148,40,7*7A
$GAGSV,1,1,03,16,06,109,,24,02,085,,25,06,131,,0*45
$GBGSV,2,1,08,06,62,081,46,09,66,114,47,11,46,273,47,12,37,197,43,1*72
$GBGSV,2,2,08,13,48,071,45,16,56,067,46,26,34,146,46,34,45,235,47,1*73
$GBGSV,2,1,08,06,62,081,46,08,34,086,47,09,66,114,48,11,46,273,51,B*04
$GBGSV,2,2,08,12,37,197,51,13,48,071,46,14,21,288,48,16,56,067,46,B*04
$GBGSV,1,1,04,10,03,160,,44,19,178,,45,29,078,,50,51,348,,0*7B
$GQGSV,1,1,02,04,20,076,37,07,19,104,33,1*6E
$GQGSV,1,1,02,04,20,076,39,07,19,104,43,6*60
$GNGLL,2454.23240,N,06708.27187,E,153318.00,A,D*7D
$GNRMC,153319.00,A,2454.23240,N,06708.27187,E,0.003,,020525,,,F,V*1E
$GNVTG,,T,,M,0.003,N,0.006,K,D*3D
$GNGGA,153319.00,2454.23240,N,06708.27187,E,5,12,0.59,21.8,M,-44.2,M,1.0,0284*72
$GNGSA,A,3,10,27,28,31,32,01,23,08,02,,,,1.18,0.59,1.02,1*01
$GNGSA,A,3,70,71,73,80,79,69,84,85,86,,,,1.18,0.59,1.02,2*06
$GNGSA,A,3,15,34,03,,,,,,,,,,1.18,0.59,1.02,3*04
$GNGSA,A,3,06,09,14,08,13,12,11,16,26,,,,1.18,0.59,1.02,4*03
$GNGSA,A,3,07,04,,,,,,,,,,,1.18,0.59,1.02,5*01
$GPGSV,4,1,13,01,19,320,39,02,45,308,46,08,16,253,39,10,44,069,46,1*66
$GPGSV,4,2,13,23,11,101,38,25,07,086,34,27,16,216,38,28,68,131,48,1*64
$GPGSV,4,3,13,31,47,178,46,32,49,019,47,40,59,208,48,41,56,146,46,1*62
$GPGSV,4,4,13,42,19,104,45,1*5C
$GPGSV,3,1,09,01,19,320,44,08,16,253,41,10,44,069,45,23,11,101,37,6*64
$GPGSV,3,2,09,25,07,086,38,27,16,216,41,28,68,131,48,31,47,178,45,6*69
$GPGSV,3,3,09,32,49,019,46,6*5C
$GLGSV,3,1,10,69,12,049,44,70,41,344,38,71,25,289,45,73,13,158,42,1*7F
$GLGSV,3,2,10,79,14,050,47,80,28,104,47,84,34,183,37,85,61,261,51,1*7F
$GLGSV,3,3,10,86,21,325,44,,,,50,1*45
$GLGSV,3,1,10,69,12,049,45,70,41,344,09,71,25,289,45,73,13,158,44,3*78
$GLGSV,3,2,10,79,14,050,42,80,28,104,45,84,34,183,47,85,61,261,48,3*75
$GLGSV,3,3,10,86,21,325,44,,,,49,3*4F
$GAGSV,2,1,06,03,65,302,52,05,40,032,50,08,24,249,46,15,46,320,51,2*70
$GAGSV,2,2,06,34,77,169,52,36,24,148,47,2*73
$GAGSV,2,1,06,03,65,302,48,05,40,032,44,08,24,249,41,15,46,320,46,7*7A
$GAGSV,2,2,06,34,77,169,48,36,24,148,40,7*7A
$GAGSV,1,1,03,16,06,109,,24,02,085,,25,06,131,,0*45
$GBGSV,2,1,08,06,62,081,46,09,66,114,47,11,46,273,47,12,37,197,43,1*72
$GBGSV,2,2,08,13,48,071,45,16,56,067,46,26,34,146,46,34,45,235,46,1*72
$GBGSV,2,1,08,06,62,081,46,08,34,086,47,09,66,114,48,11,46,273,51,B*04
$GBGSV,2,2,08,12,37,197,51,13,48,071,47,14,21,288,48,16,56,067,46,B*05
$GBGSV,1,1,04,10,03,160,,44,19,178,,45,29,078,,50,51,348,,0*7B
$GQGSV,1,1,02,04,20,076,37,07,19,104,33,1*6E
$GQGSV,1,1,02,04,20,076,39,07,19,104,43,6*60
$GNGLL,2454.23240,N,06708.27187,E,153319.00,A,D*7C
$GNRMC,153320.00,A,2454.23240,N,06708.27188,E,0.005,,020525,,,R,V*09
$GNVTG,,T,,M,0.005,N,0.009,K,D*34
$GNGGA,153320.00,2454.23240,N,06708.27188,E,4,12,0.59,21.9,M,-44.2,M,1.0,0284*77
$GNGSA,A,3,10,27,28,31,32,01,23,08,02,,,,1.18,0.59,1.02,1*01
$GNGSA,A,3,70,71,73,80,79,69,84,85,86,,,,1.18,0.59,1.02,2*06
$GNGSA,A,3,15,34,03,,,,,,,,,,1.18,0.59,1.02,3*04
$GNGSA,A,3,06,09,14,08,13,12,11,16,26,,,,1.18,0.59,1.02,4*03
$GNGSA,A,3,07,04,,,,,,,,,,,1.18,0.59,1.02,5*01
$GPGSV,4,1,13,01,19,320,39,02,45,308,46,08,16,253,39,10,44,069,46,1*66
$GPGSV,4,2,13,23,11,101,38,25,07,086,33,27,16,216,38,28,68,131,48,1*63
$GPGSV,4,3,13,31,47,178,46,32,49,019,47,40,59,208,48,41,56,146,46,1*62
$GPGSV,4,4,13,42,19,104,45,1*5C
$GPGSV,3,1,09,01,19,320,45,08,16,253,41,10,44,069,45,23,11,101,37,6*65
$GPGSV,3,2,09,25,07,086,38,27,16,216,41,28,68,131,48,31,47,178,45,6*69
$GPGSV,3,3,09,32,49,019,46,6*5C
$GLGSV,3,1,10,69,12,049,44,70,41,344,37,71,25,289,45,73,13,158,42,1*70
$GLGSV,3,2,10,79,14,050,47,80,28,104,47,84,34,183,37,85,61,261,51,1*7F
$GLGSV,3,3,10,86,21,325,44,,,,50,1*45
$GLGSV,3,1,10,69,12,049,45,70,41,344,08,71,25,289,45,73,13,158,44,3*79
$GLGSV,3,2,10,79,14,050,42,80,28,104,45,84,34,183,47,85,61,261,48,3*75
$GLGSV,3,3,10,86,21,325,44,,,,49,3*4F
$GAGSV,2,1,06,03,65,302,52,05,40,032,50,08,24,249,46,15,46,320,51,2*70
$GAGSV,2,2,06,34,77,169,52,36,24,148,47,2*73
$GAGSV,2,1,06,03,65,302,48,05,40,032,44,08,24,249,41,15,46,320,46,7*7A
$GAGSV,2,2,06,34,77,169,48,36,24,148,40,7*7A
$GAGSV,1,1,03,16,06,109,,24,02,085,,25,06,131,,0*45
$GBGSV,2,1,08,06,62,081,46,09,66,114,47,11,46,273,47,12,37,197,43,1*72
$GBGSV,2,2,08,13,48,071,45,16,56,067,46,26,34,146,46,34,45,235,46,1*72
$GBGSV,2,1,08,06,62,081,46,08,34,086,47,09,66,114,48,11,46,273,51,B*04
$GBGSV,2,2,08,12,37,197,51,13,48,071,46,14,21,288,48,16,56,067,46,B*04
$GBGSV,1,1,04,10,03,160,,44,19,178,,45,29,078,,50,51,348,,0*7B
$GQGSV,1,1,02,04,20,076,37,07,19,104,33,1*6E
$GQGSV,1,1,02,04,20,076,39,07,19,104,43,6*60
$GNGLL,2454.23240,N,06708.27188,E,153320.00,A,D*79
$GNRMC,153321.00,A,2454.23241,N,06708.27188,E,0.007,,020525,,,R,V*0B
$GNVTG,,T,,M,0.007,N,0.013,K,D*3D
$GNGGA,153321.00,2454.23241,N,06708.27188,E,4,12,0.59,21.9,M,-44.2,M,1.0,0284*77
$GNGSA,A,3,10,27,28,31,32,01,23,08,02,,,,1.18,0.59,1.02,1*01
$GNGSA,A,3,70,71,73,80,79,69,84,85,86,,,,1.18,0.59,1.02,2*06
$GNGSA,A,3,15,34,03,,,,,,,,,,1.18,0.59,1.02,3*04
$GNGSA,A,3,06,09,14,08,13,12,11,16,26,,,,1.18,0.59,1.02,4*03
$GNGSA,A,3,07,04,,,,,,,,,,,1.18,0.59,1.02,5*01
$GPGSV,4,1,13,01,19,320,39,02,45,308,46,08,16,253,39,10,44,069,46,1*66
$GPGSV,4,2,13,23,11,101,38,25,07,086,33,27,16,216,38,28,68,131,48,1*63
$GPGSV,4,3,13,31,47,178,46,32,49,019,47,40,59,208,48,41,56,146,46,1*62
$GPGSV,4,4,13,42,19,104,45,1*5C
$GPGSV,3,1,09,01,19,320,45,08,16,253,41,10,44,069,46,23,11,101,37,6*66
$GPGSV,3,2,09,25,07,086,38,27,16,216,41,28,68,131,48,31,47,178,45,6*69
$GPGSV,3,3,09,32,49,019,46,6*5C
$GLGSV,3,1,10,69,12,049,44,70,41,344,37,71,25,289,46,73,13,158,42,1*73
$GLGSV,3,2,10,79,14,050,47,80,28,104,47,84,34,183,37,85,61,261,51,1*7F
$GLGSV,3,3,10,86,21,325,44,,,,51,1*44
$GLGSV,3,1,10,69,12,049,45,70,41,344,10,71,25,289,45,73,13,158,44,3*70
$GLGSV,3,2,10,79,14,050,42,80,28,104,45,84,34,183,47,85,61,261,48,3*75
$GLGSV,3,3,10,86,21,325,44,,,,49,3*4F
$GAGSV,2,1,06,03,65,302,52,05,40,032,50,08,24,249,46,15,46,320,51,2*70
$GAGSV,2,2,06,34,77,169,52,36,24,148,47,2*73
$GAGSV,2,1,06,03,65,302,48,05,40,032,44,08,24,249,41,15,46,320,46,7*7A
$GAGSV,2,2,06,34,77,169,48,36,24,148,40,7*7A
$GAGSV,1,1,03,16,06,109,,24,02,085,,25,06,131,,0*45
$GBGSV,2,1,08,06,62,081,46,09,66,114,47,11,46,273,47,12,37,197,43,1*72
$GBGSV,2,2,08,13,48,071,45,16,56,067,46,26,34,146,46,34,45,235,46,1*72
$GBGSV,2,1,08,06,62,081,46,08,34,086,47,09,66,114,48,11,46,273,51,B*04
$GBGSV,2,2,08,12,37,197,51,13,48,071,46,14,21,288,48,16,56,067,46,B*04
$GBGSV,1,1,04,10,03,160,,44,19,178,,45,29,078,,50,51,348,,0*7B
$GQGSV,1,1,02,04,20,076,37,07,19,104,33,1*6E
$GQGSV,1,1,02,04,20,076,39,07,19,104,43,6*60
$GNGLL,2454.23241,N,06708.27188,E,153321.00,A,D*79
$GNRMC,153322.00,A,2454.23240,N,06708.27189,E,0.015,,020525,,,D,V*1D
$GNVTG,,T,,M,0.015,N,0.027,K,D*39
$GNGGA,153322.00,2454.23240,N,06708.27189,E,2,12,0.59,21.9,M,-44.2,M,1.0,0284*72
$GNGSA,A,3,10,27,28,31,32,01,23,08,02,,,,1.18,0.59,1.02,1*01
$GNGSA,A,3,70,71,73,80,79,69,84,85,86,,,,1.18,0.59,1.02,2*06
$GNGSA,A,3,15,34,03,,,,,,,,,,1.18,0.59,1.02,3*04
$GNGSA,A,3,06,09,14,08,13,12,11,16,26,,,,1.18,0.59,1.02,4*03
$GNGSA,A,3,07,04,,,,,,,,,,,1.18,0.59,1.02,5*01
$GPGSV,4,1,13,01,19,320,39,02,45,308,46,08,16,253,39,10,44,069,46,1*66
$GPGSV,4,2,13,23,11,101,38,25,07,086,33,27,16,216,38,28,68,131,48,1*63
$GPGSV,4,3,13,31,47,178,46,32,49,019,47,40,59,208,48,41,56,146,46,1*62
$GPGSV,4,4,13,42,19,104,45,1*5C
$GPGSV,3,1,09,01,19,320,45,08,16,253,41,10,44,069,45,23,11,101,37,6*65
$GPGSV,3,2,09,25,07,086,38,27,16,216,41,28,68,131,48,31,47,178,45,6*69
$GPGSV,3,3,09,32,49,019,46,6*5C
$GLGSV,3,1,10,69,12,049,44,70,41,344,37,71,25,289,46,73,13,158,42,1*73
$GLGSV,3,2,10,79,14,050,47,80,28,104,47,84,34,183,37,85,61,261,51,1*7F
$GLGSV,3,3,10,86,21,325,44,,,,51,1*44
$GLGSV,3,1,10,69,12,049,45,70,41,344,10,71,25,289,45,73,13,158,44,3*70
$GLGSV,3,2,10,79,14,050,42,80,28,104,45,84,34,183,47,85,61,261,48,3*75
$GLGSV,3,3,10,86,21,325,44,,,,49,3*4F
$GAGSV,2,1,06,03,65,302,52,05,40,032,50,08,24,249,46,15,46,320,50,2*71
$GAGSV,2,2,06,34,77,169,52,36,24,148,47,2*73
$GAGSV,2,1,06,03,65,302,48,05,40,032,44,08,24,249,41,15,46,320,46,7*7A
$GAGSV,2,2,06,34,77,169,48,36,24,148,40,7*7A
$GAGSV,1,1,03,16,06,109,,24,02,085,,25,06,131,,0*45
$GBGSV,2,1,08,06,62,081,46,09,66,114,47,11,46,273,47,12,37,197,43,1*72
$GBGSV,2,2,08,13,48,071,45,16,56,067,46,26,34,146,46,34,45,235,46,1*72
$GBGSV,2,1,08,06,62,081,46,08,34,086,47,09,66,114,48,11,46,273,51,B*04
$GBGSV,2,2,08,12,37,197,51,13,48,071,46,14,21,288,48,16,56,067,46,B*04
$GBGSV,1,1,04,10,03,160,,44,19,178,,45,29,078,,50,51,348,,0*7B
$GQGSV,1,1,02,04,20,076,37,07,19,104,33,1*6E
$GQGSV,1,1,02,04,20,076,38,07,19,104,43,6*61
$GNGLL,2454.23240,N,06708.27189,E,153322.00,A,D*7A
$GNRMC,153323.00,A,2454.23241,N,06708.27189,E,0.025,,020525,,,F,V*1C
$GNVTG,,T,,M,0.025,N,0.047,K,D*3C
$GNGGA,153323.00,2454.23241,N,06708.27189,E,5,12,0.63,21.9,M,-44.2,M,1.0,0284*7C
$GNGSA,A,3,10,27,28,31,32,01,23,08,02,,,,1.21,0.63,1.04,1*04
$GNGSA,A,3,71,73,80,79,69,85,86,,,,,,1.21,0.63,1.04,2*08
$GNGSA,A,3,05,15,34,03,,,,,,,,,1.21,0.63,1.04,3*04
$GNGSA,A,3,06,09,14,08,13,12,11,16,26,34,,,1.21,0.63,1.04,4*01
$GNGSA,A,3,07,04,,,,,,,,,,,1.21,0.63,1.04,5*04
$GPGSV,4,1,13,01,19,320,40,02,45,308,46,08,16,253,39,10,44,069,46,1*68
$GPGSV,4,2,13,23,11,101,38,25,07,086,33,27,16,216,38,28,68,131,48,1*63
$GPGSV,4,3,13,31,47,178,46,32,49,019,47,40,59,208,48,41,56,146,46,1*62
$GPGSV,4,4,13,42,19,104,45,1*5C
$GPGSV,3,1,09,01,19,320,45,08,16,253,41,10,44,069,45,23,11,101,37,6*65
$GPGSV,3,2,09,25,07,086,38,27,16,216,40,28,68,131,48,31,47,178,45,6*68
$GPGSV,3,3,09,32,49,019,46,6*5C
$GLGSV,3,1,10,69,12,049,44,70,41,344,37,71,25,289,46,73,13,158,42,1*73
$GLGSV,3,2,10,79,14,050,47,80,28,104,47,84,34,183,37,85,61,261,51,1*7F
$GLGSV,3,3,10,86,21,325,44,,,,51,1*44
$GLGSV,3,1,10,69,12,049,45,70,41,344,11,71,25,289,45,73,13,158,44,3*71
$GLGSV,3,2,10,79,14,050,42,80,28,104,45,84,34,183,47,85,61,261,48,3*75
$GLGSV,3,3,10,86,21,325,44,,,,49,3*4F
$GAGSV,2,1,06,03,65,302,52,05,40,032,50,08,24,249,46,15,46,320,50,2*71
$GAGSV,2,2,06,34,77,169,52,36,24,148,47,2*73
$GAGSV,2,1,06,03,65,302,48,05,40,032,44,08,24,249,41,15,46,320,46,7*7A
$GAGSV,2,2,06,34,77,169,48,36,24,148,40,7*7A
$GAGSV,1,1,03,16,06,109,,24,02,085,,25,06,131,,0*45
$GBGSV,2,1,08,06,62,081,46,09,66,114,47,11,46,273,47,12,37,197,43,1*72
$GBGSV,2,2,08,13,48,071,45,16,56,067,46,26,34,146,46,34,45,235,46,1*72
$GBGSV,2,1,08,06,62,081,46,08,34,086,47,09,66,114,48,11,46,273,51,B*04
$GBGSV,2,2,08,12,37,197,51,13,48,071,46,14,21,288,47,16,56,067,46,B*0B
$GBGSV,1,1,04,10,03,160,,44,19,178,,45,29,078,,50,51,348,,0*7B
$GQGSV,1,1,02,04,20,076,37,07,19,104,33,1*6E
$GQGSV,1,1,02,04,20,076,38,07,19,104,43,6*61
$GNGLL,2454.23241,N,06708.27189,E,153323.00,A,D*7A
$GNRMC,153324.00,A,2454.23241,N,06708.27189,E,0.021,,020525,,,F,V*1F
$GNVTG,,T,,M,0.021,N,0.038,K,D*30
$GNGGA,153324.00,2454.23241,N,06708.27189,E,5,12,0.59,21.9,M,-44.2,M,1.0,0284*72
$GNGSA,A,3,10,27,28,31,32,01,23,08,02,,,,1.18,0.59,1.02,1*01
$GNGSA,A,3,70,84,71,73,80,79,69,85,86,,,,1.18,0.59,1.02,2*06
$GNGSA,A,3,15,34,03,,,,,,,,,,1.18,0.59,1.02,3*04
$GNGSA,A,3,06,14,08,13,12,11,16,26,34,,,,1.18,0.59,1.02,4*0D
$GNGSA,A,3,07,04,,,,,,,,,,,1.18,0.59,1.02,5*01
$GPGSV,4,1,13,01,19,320,39,02,45,308,46,08,16,253,39,10,44,069,46,1*66
$GPGSV,4,2,13,23,11,101,38,25,07,086,33,27,15,216,38,28,68,131,48,1*60
$GPGSV,4,3,13,31,47,178,46,32,49,019,47,40,59,208,48,41,56,146,46,1*62
$GPGSV,4,4,13,42,19,104,45,1*5C
$GPGSV,3,1,09,01,19,320,45,08,16,253,41,10,44,069,45,23,11,101,37,6*65
$GPGSV,3,2,09,25,07,086,38,27,15,216,41,28,68,131,48,31,47,178,45,6*6A
$GPGSV,3,3,09,32,49,019,46,6*5C
$GLGSV,3,1,10,69,12,049,44,70,41,344,37,71,25,289,46,73,13,158,42,1*73
$GLGSV,3,2,10,79,14,050,47,80,28,104,47,84,34,183,37,85,61,261,51,1*7F
$GLGSV,3,3,10,86,21,325,44,,,,50,1*45
$GLGSV,3,1,10,69,12,049,45,70,41,344,09,71,25,289,45,73,13,158,44,3*78
$GLGSV,3,2,10,79,14,050,42,80,28,104,46,84,34,183,46,85,61,261,48,3*77
$GLGSV,3,3,10,86,21,325,44,,,,49,3*4F
$GAGSV,2,1,06,03,65,302,52,05,40,032,50,08,24,249,46,15,46,320,51,2*70
$GAGSV,2,2,06,34,77,169,52,36,24,148,47,2*73
$GAGSV,2,1,06,03,65,302,47,05,40,032,44,08,24,249,41,15,46,320,46,7*75
$GAGSV,2,2,06,34,77,169,48,36,24,148,40,7*7A
$GAGSV,1,1,03,16,06,109,,24,02,085,,25,06,131,,0*45
$GBGSV,2,1,08,06,62,081,46,09,66,114,47,11,46,273,47,12,37,197,43,1*72
$GBGSV,2,2,08,13,48,071,45,16,56,067,47,26,34,146,46,34,45,235,47,1*72
$GBGSV,2,1,08,06,62,081,46,08,34,086,47,09,66,114,48,11,46,273,51,B*04
$GBGSV,2,2,08,12,37,197,51,13,48,071,46,14,21,288,48,16,56,067,46,B*04
$GBGSV,1,1,04,10,03,160,,44,19,178,,45,29,078,,50,51,348,,0*7B
$GQGSV,1,1,02,04,20,076,37,07,19,104,33,1*6E
$GQGSV,1,1,02,04,20,076,38,07,19,104,43,6*61
$GNGLL,2454.23241,N,06708.27189,E,153324.00,A,D*7D
$GNRMC,153325.00,A,2454.23241,N,06708.27189,E,0.005,,020525,,,F,V*18
$GNVTG,,T,,M,0.005,N,0.010,K,D*3C
$GNGGA,153325.00,2454.23241,N,06708.27189,E,5,12,0.59,21.9,M,-44.2,M,1.0,0284*73
$GNGSA,A,3,10,27,28,31,32,01,23,08,02,,,,1.18,0.59,1.02,1*01
$GNGSA,A,3,70,84,71,73,80,79,69,85,86,,,,1.18,0.59,1.02,2*06
$GNGSA,A,3,15,34,03,,,,,,,,,,1.18,0.59,1.02,3*04
$GNGSA,A,3,06,14,08,13,12,11,16,26,34,,,,1.18,0.59,1.02,4*0D
$GNGSA,A,3,07,04,,,,,,,,,,,1.18,0.59,1.02,5*01
$GPGSV,4,1,13,01,19,320,39,02,45,308,46,08,16,253,39,10,44,069,46,1*66
$GPGSV,4,2,13,23,11,101,38,25,07,086,33,27,15,216,38,28,68,130,48,1*61
$GPGSV,4,3,13,31,47,178,46,32,49,019,47,40,59,208,48,41,56,146,46,1*62
$GPGSV,4,4,13,42,19,104,45,1*5C
$GPGSV,3,1,09,01,19,320,45,08,16,253,41,10,44,069,46,23,11,101,37,6*66
$GPGSV,3,2,09,25,07,086,38,27,15,216,41,28,68,130,48,31,47,178,45,6*6B
$GPGSV,3,3,09,32,49,019,46,6*5C
$GLGSV,3,1,10,69,12,049,44,70,41,344,37,71,25,289,46,73,13,158,42,1*73
$GLGSV,3,2,10,79,14,050,47,80,28,104,47,84,34,183,37,85,61,261,51,1*7F
$GLGSV,3,3,10,86,21,325,44,,,,50,1*45
$GLGSV,3,1,10,69,12,049,45,70,41,344,09,71,25,289,45,73,13,158,44,3*78
$GLGSV,3,2,10,79,14,050,42,80,28,104,46,84,34,183,46,85,61,261,48,3*77
$GLGSV,3,3,10,86,21,325,44,,,,49,3*4F
$GAGSV,2,1,06,03,65,302,52,05,40,032,50,08,24,249,46,15,46,320,51,2*70
$GAGSV,2,2,06,34,77,169,52,36,24,148,47,2*73
$GAGSV,2,1,06,03,65,302,48,05,40,032,44,08,24,249,41,15,46,320,46,7*7A
$GAGSV,2,2,06,34,77,169,48,36,24,148,40,7*7A
$GAGSV,1,1,03,16,06,109,,24,02,085,,25,06,131,,0*45
$GBGSV,2,1,08,06,62,081,46,09,66,114,47,11,46,273,47,12,37,197,43,1*72
$GBGSV,2,2,08,13,48,071,45,16,56,067,47,26,34,146,45,34,45,235,47,1*71
$GBGSV,2,1,08,06,62,081,46,08,34,086,47,09,66,114,48,11,46,273,51,B*04
$GBGSV,2,2,08,12,37,197,51,13,48,071,47,14,21,288,47,16,56,067,46,B*0A
$GBGSV,1,1,04,10,03,160,,44,19,178,,45,29,078,,50,51,348,,0*7B
$GQGSV,1,1,02,04,20,076,37,07,19,104,33,1*6E
$GQGSV,1,1,02,04,20,076,38,07,19,104,43,6*61
$GNGLL,2454.23241,N,06708.27189,E,153325.00,A,D*7C
$GNRMC,153326.00,A,2454.23241,N,06708.27189,E,0.006,,020525,,,R,V*0C
$GNVTG,,T,,M,0.006,N,0.012,K,D*3D
$GNGGA,153326.00,2454.23241,N,06708.27189,E,4,12,0.59,21.8,M,-44.2,M,1.0,0284*70
$GNGSA,A,3,10,27,28,31,32,01,23,08,02,,,,1.18,0.59,1.02,1*01
$GNGSA,A,3,70,84,71,73,80,79,69,85,86,,,,1.18,0.59,1.02,2*06
$GNGSA,A,3,15,34,03,,,,,,,,,,1.18,0.59,1.02,3*04
$GNGSA,A,3,06,14,08,13,12,11,16,26,34,,,,1.18,0.59,1.02,4*0D
$GNGSA,A,3,07,04,,,,,,,,,,,1.18,0.59,1.02,5*01
$GPGSV,4,1,13,01,19,320,39,02,45,308,46,08,16,253,39,10,44,069,46,1*66
$GPGSV,4,2,13,23,11,101,38,25,07,086,33,27,15,216,38,28,68,130,48,1*61
$GPGSV,4,3,13,31,47,178,46,32,49,019,47,40,59,208,48,41,56,146,46,1*62
$GPGSV,4,4,13,42,19,104,45,1*5C
$GPGSV,3,1,09,01,19,320,45,08,16,253,41,10,44,069,46,23,11,101,37,6*66
$GPGSV,3,2,09,25,07,086,38,27,15,216,41,28,68,130,48,31,47,178,46,6*68
$GPGSV,3,3,09,32,49,019,46,6*5C
$GLGSV,3,1,10,69,12,049,44,70,41,344,37,71,25,289,46,73,13,158,42,1*73
$GLGSV,3,2,10,79,14,050,47,80,28,104,47,84,34,183,37,85,61,261,51,1*7F
$GLGSV,3,3,10,86,21,325,44,,,,50,1*45
$GLGSV,3,1,10,69,12,049,45,70,41,344,10,71,25,289,45,73,13,158,44,3*70
$GLGSV,3,2,10,79,14,050,42,80,28,104,46,84,34,183,46,85,61,261,48,3*77
$GLGSV,3,3,10,86,21,325,44,,,,49,3*4F
$GAGSV,2,1,06,03,65,302,52,05,40,032,50,08,24,249,46,15,46,320,51,2*70
$GAGSV,2,2,06,34,77,169,52,36,24,148,47,2*73
$GAGSV,2,1,06,03,65,302,48,05,40,032,44,08,24,249,41,15,46,320,46,7*7A
$GAGSV,2,2,06,34,77,169,48,36,24,148,40,7*7A
$GAGSV,1,1,03,16,06,109,,24,02,085,,25,06,131,,0*45
$GBGSV,2,1,08,06,62,081,46,09,66,114,47,11,46,273,47,12,37,197,43,1*72
$GBGSV,2,2,08,13,48,071,45,16,56,067,46,26,34,146,45,34,45,235,47,1*70
$GBGSV,2,1,08,06,62,081,46,08,34,086,47,09,66,114,48,11,46,273,51,B*04
$GBGSV,2,2,08,12,37,197,51,13,48,071,47,14,21,288,47,16,56,067,46,B*0A
$GBGSV,1,1,04,10,03,160,,44,19,178,,45,29,078,,50,51,348,,0*7B
$GQGSV,1,1,02,04,20,076,37,07,19,104,33,1*6E
$GQGSV,1,1,02,04,20,076,39,07,19,104,43,6*60
$GNGLL,2454.23241,N,06708.27189,E,153326.00,A,D*7F
$GNRMC,153327.00,A,2454.23241,N,06708.27189,E,0.001,,020525,,,R,V*0A
$GNVTG,,T,,M,0.001,N,0.002,K,D*3B
$GNGGA,153327.00,2454.23241,N,06708.27189,E,4,12,0.59,21.8,M,-44.2,M,1.0,0284*71
$GNGSA,A,3,10,27,28,31,32,01,23,08,02,,,,1.18,0.59,1.02,1*01
$GNGSA,A,3,70,84,71,73,80,79,69,85,86,,,,1.18,0.59,1.02,2*06
$GNGSA,A,3,15,34,03,,,,,,,,,,1.18,0.59,1.02,3*04
$GNGSA,A,3,06,14,08,13,12,11,16,26,34,,,,1.18,0.59,1.02,4*0D
$GNGSA,A,3,07,04,,,,,,,,,,,1.18,0.59,1.02,5*01
$GPGSV,4,1,13,01,19,320,39,02,45,308,46,08,16,253,39,10,44,069,46,1*66
$GPGSV,4,2,13,23,11,101,38,25,07,086,33,27,15,216,38,28,68,130,48,1*61
$GPGSV,4,3,13,31,47,178,46,32,49,019,47,40,59,208,48,41,56,146,46,1*62
$GPGSV,4,4,13,42,19,104,45,1*5C
$GPGSV,3,1,09,01,19,320,45,08,16,253,41,10,44,069,46,23,11,101,37,6*66
$GPGSV,3,2,09,25,07,086,38,27,15,216,40,28,68,130,48,31,47,178,46,6*69
$GPGSV,3,3,09,32,49,019,46,6*5C
$GLGSV,3,1,10,69,12,049,44,70,41,344,37,71,25,289,46,73,13,158,42,1*73
$GLGSV,3,2,10,79,14,050,47,80,28,104,47,84,34,183,37,85,61,261,51,1*7F
$GLGSV,3,3,10,86,21,325,44,,,,50,1*45
$GLGSV,3,1,10,69,12,049,45,70,41,344,08,71,25,289,45,73,13,158,44,3*79
$GLGSV,3,2,10,79,14,050,42,80,28,104,46,84,34,183,46,85,61,261,48,3*77
$GLGSV,3,3,10,86,21,325,44,,,,49,3*4F
$GAGSV,2,1,06,03,65,302,52,05,40,032,50,08,24,249,46,15,46,320,51,2*70
$GAGSV,2,2,06,34,77,169,52,36,24,148,47,2*73
$GAGSV,2,1,06,03,65,302,48,05,40,032,44,08,24,249,41,15,46,320,46,7*7A
$GAGSV,2,2,06,34,77,169,48,36,24,148,40,7*7A
$GAGSV,1,1,03,16,06,109,,24,02,085,,25,06,131,,0*45
$GBGSV,2,1,08,06,62,081,46,09,66,114,47,11,46,273,47,12,37,197,43,1*72
$GBGSV,2,2,08,13,48,071,45,16,56,067,46,26,34,146,46,34,45,235,47,1*73
$GBGSV,2,1,08,06,62,081,46,08,34,086,47,09,66,114,48,11,46,273,51,B*04
$GBGSV,2,2,08,12,37,197,51,13,48,071,47,14,21,288,47,16,56,067,46,B*0A
$GBGSV,1,1,04,10,03,160,,44,19,178,,45,29,078,,50,51,348,,0*7B
$GQGSV,1,1,02,04,20,076,37,07,19,104,33,1*6E
$GQGSV,1,1,02,04,20,076,38,07,19,104,43,6*61
$GNGLL,2454.23241,N,06708.27189,E,153327.00,A,D*7E
$GNRMC,153328.00,A,2454.23241,N,06708.27189,E,0.004,,020525,,,R,V*00
$GNVTG,,T,,M,0.004,N,0.007,K,D*3B
$GNGGA,153328.00,2454.23241,N,06708.27189,E,4,12,0.59,21.8,M,-44.2,M,1.0,0284*7E
$GNGSA,A,3,10,27,28,31,32,01,23,08,02,,,,1.18,0.59,1.02,1*01
$GNGSA,A,3,70,84,71,73,80,79,69,85,86,,,,1.18,0.59,1.02,2*06
$GNGSA,A,3,15,34,03,,,,,,,,,,1.18,0.59,1.02,3*04
$GNGSA,A,3,06,14,08,13,12,11,16,26,34,,,,1.18,0.59,1.02,4*0D
$GNGSA,A,3,07,04,,,,,,,,,,,1.18,0.59,1.02,5*01
$GPGSV,4,1,13,01,19,320,39,02,45,308,46,08,16,253,40,10,44,069,46,1*68
$GPGSV,4,2,13,23,11,101,38,25,07,086,33,27,15,216,38,28,68,130,48,1*61
$GPGSV,4,3,13,31,48,178,46,32,49,019,47,40,59,208,48,41,56,146,46,1*6D
$GPGSV,4,4,13,42,19,104,45,1*5C
$GPGSV,3,1,09,01,19,320,45,08,16,253,40,10,44,069,46,23,11,101,37,6*67
$GPGSV,3,2,09,25,07,086,38,27,15,216,40,28,68,130,48,31,48,178,46,6*66
$GPGSV,3,3,09,32,49,019,46,6*5C
$GLGSV,3,1,10,69,12,049,44,70,41,344,37,71,25,289,46,73,13,158,42,1*73
$GLGSV,3,2,10,79,14,050,47,80,28,104,47,84,34,183,37,85,61,261,51,1*7F
$GLGSV,3,3,10,86,21,325,44,,,,50,1*45
$GLGSV,3,1,10,69,12,049,45,70,41,344,08,71,25,289,45,73,13,158,44,3*79
$GLGSV,3,2,10,79,14,050,42,80,28,104,46,84,34,183,46,85,61,261,48,3*77
$GLGSV,3,3,10,86,21,325,44,,,,49,3*4F
$GAGSV,2,1,06,03,65,302,52,05,40,032,50,08,24,249,46,15,46,320,51,2*70
$GAGSV,2,2,06,34,77,169,52,36,24,148,47,2*73
$GAGSV,2,1,06,03,65,302,48,05,40,032,44,08,24,249,41,15,46,320,46,7*7A
$GAGSV,2,2,06,34,77,169,48,36,24,148,40,7*7A
$GAGSV,1,1,03,16,06,109,,24,02,085,,25,06,131,,0*45
$GBGSV,2,1,08,06,62,081,46,09,66,114,47,11,46,273,47,12,37,197,43,1*72
$GBGSV,2,2,08,13,48,071,45,16,56,067,46,26,34,146,46,34,45,235,47,1*73
$GBGSV,2,1,08,06,62,081,46,08,34,086,47,09,66,114,48,11,46,273,51,B*04
$GBGSV,2,2,08,12,37,197,51,13,48,071,46,14,21,288,47,16,56,067,46,B*0B
$GBGSV,1,1,04,10,03,160,,44,19,178,,45,29,078,,50,51,348,,0*7B
$GQGSV,1,1,02,04,20,076,37,07,19,104,33,1*6E
$GQGSV,1,1,02,04,20,076,38,07,19,104,43,6*61
$GNGLL,2454.23241,N,06708.27189,E,153328.00,A,D*71
$GNRMC,153329.00,A,2454.23241,N,06708.27189,E,0.004,,020525,,,R,V*01
$GNVTG,,T,,M,0.004,N,0.007,K,D*3B
$GNGGA,153329.00,2454.23241,N,06708.27189,E,4,12,0.59,21.8,M,-44.2,M,1.0,0284*7F
$GNGSA,A,3,10,27,28,31,32,01,23,08,02,,,,1.18,0.59,1.02,1*01
$GNGSA,A,3,70,84,71,73,80,79,69,85,86,,,,1.18,0.59,1.02,2*06
$GNGSA,A,3,15,34,03,,,,,,,,,,1.18,0.59,1.02,3*04
$GNGSA,A,3,06,14,08,13,12,11,16,26,34,,,,1.18,0.59,1.02,4*0D
$GNGSA,A,3,07,04,,,,,,,,,,,1.18,0.59,1.02,5*01
$GPGSV,4,1,13,01,19,320,39,02,45,308,46,08,16,253,40,10,44,069,46,1*68
$GPGSV,4,2,13,23,11,101,38,25,07,086,34,27,15,216,38,28,68,130,48,1*66
$GPGSV,4,3,13,31,48,178,46,32,49,020,47,40,59,208,48,41,56,146,46,1*67
$GPGSV,4,4,13,42,19,104,45,1*5C
$GPGSV,3,1,09,01,19,320,45,08,16,253,40,10,44,069,45,23,11,101,37,6*64
$GPGSV,3,2,09,25,07,086,38,27,15,216,40,28,68,130,48,31,48,178,45,6*65
$GPGSV,3,3,09,32,49,020,46,6*56
$GLGSV,3,1,10,69,12,049,44,70,41,344,37,71,25,289,46,73,13,158,43,1*72
$GLGSV,3,2,10,79,14,050,46,80,28,104,47,84,34,183,37,85,61,261,51,1*7E
$GLGSV,3,3,10,86,21,325,44,,,,50,1*45
$GLGSV,3,1,10,69,12,049,45,70,41,344,08,71,25,289,45,73,13,158,44,3*79
$GLGSV,3,2,10,79,14,050,42,80,28,104,46,84,34,183,46,85,61,261,48,3*77
$GLGSV,3,3,10,86,21,325,44,,,,49,3*4F
$GAGSV,2,1,06,03,65,302,52,05,40,032,50,08,24,249,46,15,46,320,50,2*71
$GAGSV,2,2,06,34,77,169,52,36,24,148,47,2*73
$GAGSV,2,1,06,03,65,302,48,05,40,032,44,08,24,249,41,15,46,320,46,7*7A
$GAGSV,2,2,06,34,77,169,48,36,24,148,40,7*7A
$GAGSV,1,1,03,16,06,109,,24,02,085,,25,06,131,,0*45
$GBGSV,2,1,08,06,62,081,46,09,66,114,47,11,46,273,47,12,37,197,43,1*72
$GBGSV,2,2,08,13,48,071,45,16,56,067,46,26,34,146,46,34,45,235,47,1*73
$GBGSV,2,1,08,06,62,081,46,08,34,086,47,09,66,114,48,11,46,273,51,B*04
$GBGSV,2,2,08,12,37,197,51,13,48,071,47,14,21,288,47,16,56,067,46,B*0A
$GBGSV,1,1,04,10,03,160,,44,19,178,,45,29,078,,50,51,348,,0*7B
$GQGSV,1,1,02,04,20,076,37,07,19,104,33,1*6E
$GQGSV,1,1,02,04,20,076,38,07,19,104,43,6*61
$GNGLL,2454.23241,N,06708.27189,E,153329.00,A,D*70
$GNRMC,153330.00,A,2454.23241,N,06708.27189,E,0.002,,020525,,,R,V*0F
$GNVTG,,T,,M,0.002,N,0.004,K,D*3E
$GNGGA,153330.00,2454.23241,N,06708.27189,E,4,12,0.59,21.8,M,-44.2,M,1.0,0284*77
$GNGSA,A,3,10,27,28,31,32,01,23,08,02,,,,1.18,0.59,1.02,1*01
$GNGSA,A,3,70,84,71,73,80,79,69,85,86,,,,1.18,0.59,1.02,2*06
$GNGSA,A,3,15,34,03,,,,,,,,,,1.18,0.59,1.02,3*04
$GNGSA,A,3,06,14,08,13,12,11,16,26,34,,,,1.18,0.59,1.02,4*0D
$GNGSA,A,3,07,04,,,,,,,,,,,1.18,0.59,1.02,5*01
$GPGSV,4,1,13,01,19,320,39,02,45,308,46,08,16,253,40,10,44,069,46,1*68
$GPGSV,4,2,13,23,11,101,38,25,07,086,34,27,15,216,38,28,68,130,48,1*66
$GPGSV,4,3,13,31,48,178,46,32,49,020,47,40,59,208,48,41,56,146,46,1*67
$GPGSV,4,4,13,42,19,104,45,1*5C
$GPGSV,3,1,09,01,19,320,45,08,16,253,40,10,44,069,45,23,11,101,37,6*64
$GPGSV,3,2,09,25,07,086,38,27,15,216,40,28,68,130,48,31,48,178,46,6*66
$GPGSV,3,3,09,32,49,020,46,6*56
$GLGSV,3,1,10,69,12,049,45,70,41,344,37,71,25,289,46,73,13,158,43,1*73
$GLGSV,3,2,10,79,14,050,46,80,28,104,47,84,34,183,37,85,61,261,51,1*7E
$GLGSV,3,3,10,86,21,325,44,,,,50,1*45
$GLGSV,3,1,10,69,12,049,45,70,41,344,09,71,25,289,45,73,13,158,44,3*78
$GLGSV,3,2,10,79,14,050,42,80,28,104,46,84,34,183,46,85,61,261,48,3*77
$GLGSV,3,3,10,86,21,325,44,,,,49,3*4F
$GAGSV,2,1,06,03,65,302,52,05,40,032,50,08,24,249,46,15,46,320,51,2*70
$GAGSV,2,2,06,34,77,169,52,36,24,148,47,2*73
$GAGSV,2,1,06,03,65,302,47,05,40,032,44,08,24,249,41,15,46,320,45,7*76
$GAGSV,2,2,06,34,77,169,48,36,24,148,40,7*7A
$GAGSV,1,1,03,16,06,109,,24,02,085,,25,06,131,,0*45
$GBGSV,2,1,08,06,62,081,46,09,66,114,47,11,46,273,47,12,37,197,43,1*72
$GBGSV,2,2,08,13,48,071,45,16,56,067,47,26,34,146,46,34,45,235,47,1*72
$GBGSV,2,1,08,06,62,081,46,08,34,086,47,09,66,114,48,11,46,273,51,B*04
$GBGSV,2,2,08,12,37,197,51,13,48,071,47,14,21,288,47,16,56,067,46,B*0A
$GBGSV,1,1,04,10,03,160,,44,19,178,,45,29,078,,50,51,348,,0*7B
$GQGSV,1,1,02,04,20,076,37,07,19,104,33,1*6E
$GQGSV,1,1,02,04,20,076,38,07,19,104,43,6*61
$GNGLL,2454.23241,N,06708.27189,E,153330.00,A,D*78
$GNRMC,153331.00,A,2454.23241,N,06708.27189,E,0.006,,020525,,,R,V*0A
$GNVTG,,T,,M,0.006,N,0.012,K,D*3D
$GNGGA,153331.00,2454.23241,N,06708.27189,E,4,12,0.59,21.8,M,-44.2,M,1.0,0284*76
$GNGSA,A,3,10,27,28,31,32,01,23,08,02,,,,1.18,0.59,1.02,1*01
$GNGSA,A,3,70,84,71,73,80,79,69,85,86,,,,1.18,0.59,1.02,2*06
$GNGSA,A,3,15,34,03,,,,,,,,,,1.18,0.59,1.02,3*04
$GNGSA,A,3,06,14,08,13,12,11,16,26,34,,,,1.18,0.59,1.02,4*0D
$GNGSA,A,3,07,04,,,,,,,,,,,1.18,0.59,1.02,5*01
$GPGSV,4,1,13,01,19,320,39,02,45,308,46,08,16,253,40,10,44,069,46,1*68
$GPGSV,4,2,13,23,11,101,38,25,07,086,34,27,15,216,38,28,68,130,48,1*66
$GPGSV,4,3,13,31,48,178,46,32,49,020,47,40,59,208,48,41,56,146,46,1*67
$GPGSV,4,4,13,42,19,104,45,1*5C
$GPGSV,3,1,09,01,19,320,45,08,16,253,41,10,44,069,45,23,11,101,37,6*65
$GPGSV,3,2,09,25,07,086,38,27,15,216,40,28,68,130,48,31,48,178,46,6*66
$GPGSV,3,3,09,32,49,020,46,6*56
$GLGSV,3,1,10,69,12,049,45,70,41,344,37,71,25,289,46,73,13,158,42,1*72
$GLGSV,3,2,10,79,14,050,46,80,28,104,47,84,34,183,37,85,61,261,51,1*7E
$GLGSV,3,3,10,86,21,325,44,,,,50,1*45
$GLGSV,3,1,10,69,12,049,45,70,41,344,07,71,25,289,45,73,13,158,43,3*71
$GLGSV,3,2,10,79,14,050,42,80,28,104,46,84,34,183,47,85,61,261,48,3*76
$GLGSV,3,3,10,86,21,325,44,,,,49,3*4F
$GAGSV,2,1,06,03,65,302,52,05,40,032,50,08,24,249,46,15,46,320,51,2*70
$GAGSV,2,2,06,34,77,169,52,36,24,148,47,2*73
$GAGSV,2,1,06,03,65,302,47,05,40,032,44,08,24,249,41,15,46,320,46,7*75
$GAGSV,2,2,06,34,77,169,48,36,24,148,40,7*7A
$GAGSV,1,1,03,16,06,109,,24,02,085,,25,06,131,,0*45
$GBGSV,2,1,08,06,62,081,46,09,66,114,47,11,46,273,47,12,37,197,43,1*72
$GBGSV,2,2,08,13,48,071,45,16,56,067,46,26,34,146,45,34,45,235,47,1*70
$GBGSV,2,1,08,06,62,081,46,08,34,086,47,09,66,114,48,11,46,273,51,B*04
$GBGSV,2,2,08,12,37,197,51,13,48,071,47,14,21,288,47,16,56,067,46,B*0A
$GBGSV,1,1,04,10,03,160,,44,19,178,,45,29,078,,50,51,348,,0*7B
$GQGSV,1,1,02,04,20,076,37,07,19,104,33,1*6E
$GQGSV,1,1,02,04,20,076,38,07,19,104,43,6*61
$GNGLL,2454.23241,N,06708.27189,E,153331.00,A,D*79
$GNRMC,153332.00,A,2454.23241,N,06708.27189,E,0.006,,020525,,,R,V*09
$GNVTG,,T,,M,0.006,N,0.011,K,D*3E
$GNGGA,153332.00,2454.23241,N,06708.27189,E,4,12,0.59,21.8,M,-44.2,M,1.0,0284*75
$GNGSA,A,3,10,27,28,31,32,01,23,08,02,,,,1.18,0.59,1.02,1*01
$GNGSA,A,3,70,84,71,73,80,79,69,85,86,,,,1.18,0.59,1.02,2*06
$GNGSA,A,3,15,34,03,,,,,,,,,,1.18,0.59,1.02,3*04
$GNGSA,A,3,06,14,08,13,12,11,16,26,34,,,,1.18,0.59,1.02,4*0D
$GNGSA,A,3,07,04,,,,,,,,,,,1.18,0.59,1.02,5*01
$GPGSV,4,1,13,01,19,320,39,02,45,308,46,08,16,253,40,10,44,069,46,1*68
$GPGSV,4,2,13,23,11,101,38,25,07,086,34,27,15,216,38,28,68,130,48,1*66
$GPGSV,4,3,13,31,48,178,46,32,49,020,47,40,59,208,48,41,56,146,46,1*67
$GPGSV,4,4,13,42,19,104,45,1*5C
$GPGSV,3,1,09,01,19,320,45,08,16,253,41,10,44,069,45,23,11,101,37,6*65
$GPGSV,3,2,09,25,07,086,38,27,15,216,40,28,68,130,48,31,48,178,46,6*66
$GPGSV,3,3,09,32,49,020,46,6*56
$GLGSV,3,1,10,69,12,049,45,70,41,344,37,71,25,289,46,73,13,158,42,1*72
$GLGSV,3,2,10,79,14,050,46,80,28,104,47,84,34,183,37,85,61,261,51,1*7E
$GLGSV,3,3,10,86,21,325,44,,,,50,1*45
$GLGSV,3,1,10,69,12,049,45,70,41,344,07,71,25,289,45,73,13,158,43,3*71
$GLGSV,3,2,10,79,14,050,42,80,28,104,46,84,34,183,46,85,61,261,48,3*77
$GLGSV,3,3,10,86,21,325,44,,,,49,3*4F
$GAGSV,2,1,06,03,65,302,52,05,40,032,50,08,24,249,46,15,46,320,51,2*70
$GAGSV,2,2,06,34,77,169,52,36,24,148,47,2*73
$GAGSV,2,1,06,03,65,302,47,05,40,032,44,08,24,249,41,15,46,320,45,7*76
$GAGSV,2,2,06,34,77,169,48,36,24,148,40,7*7A
$GAGSV,1,1,03,16,06,109,,24,02,085,,25,06,131,,0*45
$GBGSV,2,1,08,06,62,081,46,09,66,114,47,11,46,273,47,12,37,197,43,1*72
$GBGSV,2,2,08,13,48,071,45,16,56,067,47,26,34,146,45,34,45,235,47,1*71
$GBGSV,2,1,08,06,62,081,46,08,34,086,47,09,66,114,48,11,46,273,51,B*04
$GBGSV,2,2,08,12,37,197,51,13,48,071,46,14,21,288,47,16,56,067,46,B*0B
$GBGSV,1,1,04,10,03,160,,44,19,178,,45,29,078,,50,51,348,,0*7B
$GQGSV,1,1,02,04,20,076,37,07,19,104,33,1*6E
$GQGSV,1,1,02,04,20,076,38,07,19,104,43,6*61
$GNGLL,2454.23241,N,06708.27189,E,153332.00,A,D*7A
$GNRMC,153333.00,A,2454.23241,N,06708.27189,E,0.004,,020525,,,R,V*0A
$GNVTG,,T,,M,0.004,N,0.007,K,D*3B
$GNGGA,153333.00,2454.23241,N,06708.27189,E,4,12,0.59,21.8,M,-44.2,M,1.0,0284*74
$GNGSA,A,3,10,27,28,31,32,01,23,08,02,,,,1.18,0.59,1.02,1*01
$GNGSA,A,3,70,84,71,73,80,79,69,85,86,,,,1.18,0.59,1.02,2*06
$GNGSA,A,3,15,34,03,,,,,,,,,,1.18,0.59,1.02,3*04
$GNGSA,A,3,06,14,08,13,12,11,16,26,34,,,,1.18,0.59,1.02,4*0D
$GNGSA,A,3,07,04,,,,,,,,,,,1.18,0.59,1.02,5*01
$GPGSV,4,1,13,01,19,320,39,02,45,308,46,08,16,253,40,10,44,069,46,1*68
$GPGSV,4,2,13,23,11,101,38,25,07,086,34,27,15,216,37,28,68,130,48,1*69
$GPGSV,4,3,13,31,48,178,46,32,49,020,47,40,59,208,48,41,56,146,46,1*67
$GPGSV,4,4,13,42,19,104,45,1*5C
$GPGSV,3,1,09,01,19,320,45,08,16,253,41,10,44,069,46,23,11,101,37,6*66
$GPGSV,3,2,09,25,07,086,38,27,15,216,40,28,68,130,48,31,48,178,46,6*66
$GPGSV,3,3,09,32,49,020,46,6*56
$GLGSV,3,1,10,69,12,049,44,70,41,344,37,71,25,289,46,73,13,158,42,1*73
$GLGSV,3,2,10,79,14,050,46,80,28,104,47,84,34,183,37,85,61,261,51,1*7E
$GLGSV,3,3,10,86,21,325,44,,,,50,1*45
$GLGSV,3,1,10,69,12,049,45,70,41,344,09,71,25,289,44,73,13,158,43,3*7E
$GLGSV,3,2,10,79,14,050,42,80,28,104,46,84,34,183,46,85,61,261,48,3*77
$GLGSV,3,3,10,86,21,325,44,,,,49,3*4F
$GAGSV,2,1,06,03,65,302,52,05,40,032,50,08,24,249,46,15,46,320,51,2*70
$GAGSV,2,2,06,34,77,169,52,36,24,148,47,2*73
$GAGSV,2,1,06,03,65,302,47,05,40,032,44,08,24,249,41,15,46,320,45,7*76
$GAGSV,2,2,06,34,77,169,48,36,24,148,40,7*7A
$GAGSV,1,1,03,16,06,109,,24,02,085,,25,06,131,,0*45
$GBGSV,2,1,08,06,62,081,46,09,66,114,47,11,46,273,47,12,37,197,43,1*72
$GBGSV,2,2,08,13,48,071,45,16,56,067,47,26,34,146,45,34,45,235,47,1*71
$GBGSV,2,1,08,06,62,081,46,08,34,086,47,09,66,114,48,11,46,273,51,B*04
$GBGSV,2,2,08,12,37,197,51,13,48,071,46,14,21,288,47,16,56,067,46,B*0B
$GBGSV,1,1,04,10,03,160,,44,19,178,,45,29,078,,50,51,348,,0*7B
$GQGSV,1,1,02,04,20,076,37,07,19,104,33,1*6E
$GQGSV,1,1,02,04,20,076,39,07,19,104,43,6*60
$GNGLL,2454.23241,N,06708.27189,E,153333.00,A,D*7B
$GNRMC,153334.00,A,2454.23241,N,06708.27189,E,0.003,,020525,,,R,V*0A
$GNVTG,,T,,M,0.003,N,0.005,K,D*3E
$GNGGA,153334.00,2454.23241,N,06708.27189,E,4,12,0.59,21.8,M,-44.2,M,1.0,0284*73
$GNGSA,A,3,10,27,28,31,32,01,23,08,02,,,,1.18,0.59,1.02,1*01
$GNGSA,A,3,70,84,71,73,80,79,69,85,86,,,,1.18,0.59,1.02,2*06
$GNGSA,A,3,15,34,03,,,,,,,,,,1.18,0.59,1.02,3*04
$GNGSA,A,3,06,14,08,13,12,11,16,26,34,,,,1.18,0.59,1.02,4*0D
$GNGSA,A,3,07,04,,,,,,,,,,,1.18,0.59,1.02,5*01
$GPGSV,4,1,13,01,19,320,39,02,45,308,46,08,16,253,40,10,44,069,46,1*68
$GPGSV,4,2,13,23,11,101,38,25,07,086,34,27,15,216,37,28,68,130,47,1*66
$GPGSV,4,3,13,31,48,178,46,32,49,020,47,40,59,208,48,41,56,146,46,1*67
$GPGSV,4,4,13,42,19,104,45,1*5C
$GPGSV,3,1,09,01,19,320,42,08,16,253,39,10,44,069,44,23,11,101,36,6*6D
$GPGSV,3,2,09,25,07,086,36,27,15,216,38,28,68,130,46,31,48,178,44,6*6B
$GPGSV,3,3,09,32,49,020,45,6*55
$GLGSV,3,1,10,69,12,049,44,70,41,344,37,71,25,289,46,73,13,158,42,1*73
$GLGSV,3,2,10,79,14,050,46,80,28,104,46,84,34,183,37,85,61,261,51,1*7F
$GLGSV,3,3,10,86,21,325,44,,,,50,1*45
$GLGSV,3,1,10,69,12,049,44,70,41,344,09,71,25,289,43,73,13,158,42,3*79
$GLGSV,3,2,10,79,14,050,41,80,28,104,44,84,34,183,45,85,61,261,46,3*7B
$GLGSV,3,3,10,86,21,325,43,,,,47,3*46
$GAGSV,2,1,06,03,65,302,47,05,40,032,46,08,24,249,41,15,46,320,46,2*72
$GAGSV,2,2,06,34,77,169,47,36,24,148,43,2*73
$GAGSV,2,1,06,03,65,302,47,05,40,032,44,08,24,249,41,15,46,320,45,7*76
$GAGSV,2,2,06,34,77,169,48,36,24,148,40,7*7A
$GAGSV,1,1,03,16,06,109,,24,02,085,,25,06,131,,0*45
$GBGSV,2,1,08,06,62,081,42,09,66,114,42,11,46,273,42,12,37,197,39,1*7B
$GBGSV,2,2,08,13,48,071,41,16,56,067,42,26,34,146,41,34,45,235,42,1*71
$GBGSV,2,1,08,06,62,081,43,08,34,086,44,09,66,114,45,11,46,273,48,B*07
$GBGSV,2,2,08,12,37,197,47,13,48,071,43,14,21,288,44,16,56,067,43,B*0F
$GBGSV,1,1,04,10,03,160,,44,19,178,,45,29,078,,50,51,348,,0*7B
$GQGSV,1,1,02,04,20,076,37,07,19,104,33,1*6E
$GQGSV,1,1,02,04,20,076,36,07,19,104,41,6*6D
$GNGLL,2454.23241,N,06708.27189,E,153334.00,A,D*7C
$GNRMC,153335.00,A,2454.23241,N,06708.27189,E,0.011,,020525,,,R,V*08
$GNVTG,,T,,M,0.011,N,0.019,K,D*30
$GNGGA,153335.00,2454.23241,N,06708.27189,E,4,12,0.59,21.8,M,-44.2,M,1.0,0284*72
$GNGSA,A,3,10,27,28,31,32,01,23,08,02,,,,1.18,0.59,1.02,1*01
$GNGSA,A,3,70,84,71,73,80,79,69,85,86,,,,1.18,0.59,1.02,2*06
$GNGSA,A,3,15,34,03,,,,,,,,,,1.18,0.59,1.02,3*04
$GNGSA,A,3,06,14,08,13,12,11,16,26,34,,,,1.18,0.59,1.02,4*0D
$GNGSA,A,3,07,04,,,,,,,,,,,1.18,0.59,1.02,5*01
$GPGSV,4,1,13,01,19,320,37,02,45,308,43,08,16,253,37,10,44,069,43,1*66
$GPGSV,4,2,13,23,11,101,36,25,07,086,33,27,15,216,35,28,68,130,45,1*6F
$GPGSV,4,3,13,31,48,178,43,32,49,020,45,40,59,208,45,41,56,146,44,1*6F
$GPGSV,4,4,13,42,19,104,43,1*5A
$GPGSV,3,1,09,01,19,320,41,08,16,253,37,10,44,069,41,23,11,101,35,6*66
$GPGSV,3,2,09,25,07,086,35,27,15,216,36,28,68,130,44,31,48,178,41,6*61
$GPGSV,3,3,09,32,49,020,43,6*53
$GLGSV,3,1,10,69,12,049,42,70,41,344,35,71,25,289,44,73,13,158,40,1*77
$GLGSV,3,2,10,79,14,050,44,80,28,104,44,84,34,183,34,85,61,261,49,1*75
$GLGSV,3,3,10,86,21,325,41,,,,48,1*49
$GLGSV,3,1,10,69,12,049,41,70,41,344,09,71,25,289,40,73,13,158,39,3*73
$GLGSV,3,2,10,79,14,050,38,80,28,104,42,84,34,183,43,85,61,261,44,3*77
$GLGSV,3,3,10,86,21,325,40,,,,46,3*44
$GAGSV,2,1,06,03,65,302,47,05,40,032,45,08,24,249,41,15,46,320,46,2*71
$GAGSV,2,2,06,34,77,169,47,36,24,148,42,2*72
$GAGSV,2,1,06,03,65,302,45,05,40,032,42,08,24,249,39,15,46,320,43,7*7B
$GAGSV,2,2,06,34,77,169,46,36,24,148,38,7*7B
$GAGSV,1,1,03,16,06,109,,24,02,085,,25,06,131,,0*45
$GBGSV,2,1,08,06,62,081,42,09,66,114,42,11,46,273,42,12,37,197,39,1*7B
$GBGSV,2,2,08,13,48,071,41,16,56,067,42,26,34,146,41,34,45,235,42,1*71
$GBGSV,2,1,08,06,62,081,40,08,34,086,41,09,66,114,43,11,46,273,46,B*09
$GBGSV,2,2,08,12,37,197,45,13,48,071,41,14,21,288,41,16,56,067,41,B*08
$GBGSV,1,1,04,10,03,160,,44,19,178,,45,29,078,,50,51,348,,0*7B
$GQGSV,1,1,02,04,20,076,34,07,19,104,29,1*66
$GQGSV,1,1,02,04,20,076,36,07,19,104,39,6*62
$GNGLL,2454.23241,N,06708.27189,E,153335.00,A,D*7D
$GNRMC,153336.00,A,2454.23241,N,06708.27189,E,0.005,,020525,,,R,V*0E
$GNVTG,,T,,M,0.005,N,0.010,K,D*3C
$GNGGA,153336.00,2454.23241,N,06708.27189,E,4,12,0.59,21.8,M,-44.2,M,1.0,0284*71
$GNGSA,A,3,10,27,28,31,32,01,23,08,02,,,,1.18,0.59,1.02,1*01
$GNGSA,A,3,70,84,71,73,80,79,69,85,86,,,,1.18,0.59,1.02,2*06
$GNGSA,A,3,15,34,03,,,,,,,,,,1.18,0.59,1.02,3*04
$GNGSA,A,3,06,14,08,13,12,11,16,26,34,,,,1.18,0.59,1.02,4*0D
$GNGSA,A,3,07,04,,,,,,,,,,,1.18,0.59,1.02,5*01
$GPGSV,4,1,14,01,19,320,38,02,45,308,45,08,16,253,39,10,44,069,45,1*60
$GPGSV,4,2,14,23,11,101,37,24,,,28,25,07,086,33,27,15,216,36,1*51
$GPGSV,4,3,14,28,68,130,47,31,48,178,45,32,49,020,46,40,59,208,47,1*6F
$GPGSV,4,4,14,41,56,146,46,42,19,104,44,1*6D
$GPGSV,3,1,09,01,19,320,41,08,16,253,37,10,44,069,42,23,11,101,34,6*64
$GPGSV,3,2,09,25,07,086,35,27,15,216,37,28,68,130,45,31,48,178,42,6*62
$GPGSV,3,3,09,32,49,020,43,6*53
$GLGSV,3,1,10,69,12,049,43,70,41,344,36,71,25,289,44,73,13,158,41,1*74
$GLGSV,3,2,10,79,14,050,45,80,28,104,45,84,34,183,35,85,61,261,50,1*7C
$GLGSV,3,3,10,86,21,325,42,,,,49,1*4B
$GLGSV,3,1,10,69,12,049,42,70,41,344,09,71,25,289,41,73,13,158,40,3*7F
$GLGSV,3,2,10,79,14,050,39,80,28,104,43,84,34,183,44,85,61,261,45,3*71
$GLGSV,3,3,10,86,21,325,41,,,,46,3*45
$GAGSV,2,1,06,03,65,302,47,05,40,032,45,08,24,249,41,15,46,320,46,2*71
$GAGSV,2,2,06,34,77,169,47,36,24,148,43,2*73
$GAGSV,2,1,06,03,65,302,47,05,40,032,43,08,24,249,40,15,46,320,45,7*70
$GAGSV,2,2,06,34,77,169,48,36,24,148,39,7*74
$GAGSV,1,1,03,16,06,109,,24,02,085,,25,06,131,,0*45
$GBGSV,2,1,08,06,62,081,44,09,66,114,45,11,46,273,44,12,37,197,41,1*73
$GBGSV,2,2,08,13,48,071,43,16,56,067,44,26,34,146,43,34,45,235,45,1*70
$GBGSV,2,1,08,06,62,081,41,08,34,086,43,09,66,114,44,11,46,273,47,B*0C
$GBGSV,2,2,08,12,37,197,46,13,48,071,42,14,21,288,43,16,56,067,42,B*09
$GBGSV,1,1,04,10,03,160,,44,19,178,,45,29,078,,50,51,348,,0*7B
$GQGSV,1,1,02,04,20,076,36,07,19,104,32,1*6E
$GQGSV,1,1,02,04,20,076,36,07,19,104,40,6*6C
$GNGLL,2454.23241,N,06708.27189,E,153336.00,A,D*7E
$GNRMC,153337.00,A,2454.23241,N,06708.27189,E,0.007,,020525,,,R,V*0D
$GNVTG,,T,,M,0.007,N,0.013,K,D*3D
$GNGGA,153337.00,2454.23241,N,06708.27189,E,4,12,0.59,21.8,M,-44.2,M,1.0,0284*70
$GNGSA,A,3,10,27,28,31,32,01,23,08,02,,,,1.18,0.59,1.02,1*01
$GNGSA,A,3,70,84,71,73,80,79,69,85,86,,,,1.18,0.59,1.02,2*06
$GNGSA,A,3,15,34,03,,,,,,,,,,1.18,0.59,1.02,3*04
$GNGSA,A,3,06,14,08,13,12,11,16,26,34,,,,1.18,0.59,1.02,4*0D
$GNGSA,A,3,07,04,,,,,,,,,,,1.18,0.59,1.02,5*01
$GPGSV,4,1,13,01,19,320,38,02,45,308,46,08,16,253,39,10,44,069,45,1*64
$GPGSV,4,2,13,23,11,101,38,25,07,086,34,27,15,216,37,28,68,130,47,1*66
$GPGSV,4,3,13,31,48,178,45,32,49,020,47,40,59,208,48,41,56,146,46,1*64
$GPGSV,4,4,13,42,19,104,44,1*5D
$GPGSV,3,1,09,01,19,320,42,08,16,253,38,10,44,069,43,23,11,101,35,6*68
$GPGSV,3,2,09,25,07,086,36,27,15,216,38,28,68,130,46,31,48,178,43,6*6C
$GPGSV,3,3,09,32,49,020,44,6*54
$GLGSV,3,1,10,69,12,049,43,70,41,344,36,71,25,289,45,73,13,158,41,1*75
$GLGSV,3,2,10,79,14,050,45,80,28,104,45,84,34,183,35,85,61,261,50,1*7C
$GLGSV,3,3,10,86,21,325,42,,,,49,1*4B
$GLGSV,3,1,10,69,12,049,42,70,41,344,01,71,25,289,41,73,13,158,41,3*76
$GLGSV,3,2,10,79,14,050,40,80,28,104,43,84,34,183,44,85,61,261,45,3*7F
$GLGSV,3,3,10,86,21,325,42,,,,46,3*46
$GAGSV,2,1,06,03,65,302,47,05,40,032,45,08,24,249,41,15,46,320,46,2*71
$GAGSV,2,2,06,34,77,169,47,36,24,148,43,2*73
$GAGSV,2,1,06,03,65,302,47,05,40,032,43,08,24,249,40,15,46,320,45,7*70
$GAGSV,2,2,06,34,77,169,48,36,24,148,40,7*7A
$GAGSV,1,1,03,16,06,109,,24,02,085,,25,06,131,,0*45
$GBGSV,2,1,08,06,62,081,45,09,66,114,45,11,46,273,45,12,37,197,42,1*70
$GBGSV,2,2,08,13,48,071,44,16,56,067,45,26,34,146,44,34,45,235,45,1*71
$GBGSV,2,1,08,06,62,081,42,08,34,086,43,09,66,114,44,11,46,273,47,B*0F
$GBGSV,2,2,08,12,37,197,47,13,48,071,42,14,21,288,43,16,56,067,42,B*08
$GBGSV,1,1,04,10,03,160,,44,19,178,,45,29,078,,50,51,348,,0*7B
$GQGSV,1,1,02,04,20,076,37,07,19,104,33,1*6E
$GQGSV,1,1,02,04,20,076,36,07,19,104,41,6*6D
$GNGLL,2454.23241,N,06708.27189,E,153337.00,A,D*7F
$GNRMC,153338.00,A,2454.23241,N,06708.27189,E,0.002,,020525,,,R,V*07
$GNVTG,,T,,M,0.002,N,0.003,K,D*39
$GNGGA,153338.00,2454.23241,N,06708.27189,E,4,12,0.59,21.8,M,-44.2,M,1.0,0284*7F
$GNGSA,A,3,10,27,28,31,32,01,23,08,02,,,,1.18,0.59,1.02,1*01
$GNGSA,A,3,70,84,71,73,80,79,69,85,86,,,,1.18,0.59,1.02,2*06
$GNGSA,A,3,15,34,03,,,,,,,,,,1.18,0.59,1.02,3*04
$GNGSA,A,3,06,14,08,13,12,11,16,26,34,,,,1.18,0.59,1.02,4*0D
$GNGSA,A,3,07,04,,,,,,,,,,,1.18,0.59,1.02,5*01
$GPGSV,4,1,13,01,19,320,38,02,45,308,46,08,16,253,40,10,44,069,46,1*69
$GPGSV,4,2,13,23,11,101,38,25,07,086,34,27,15,216,37,28,68,130,47,1*66
$GPGSV,4,3,13,31,48,178,45,32,49,020,47,40,59,208,48,41,56,146,46,1*64
$GPGSV,4,4,13,42,19,104,45,1*5C
$GPGSV,3,1,09,01,19,320,42,08,16,253,38,10,44,069,43,23,11,101,35,6*68
$GPGSV,3,2,09,25,07,086,36,27,15,216,38,28,68,130,46,31,48,178,43,6*6C
$GPGSV,3,3,09,32,49,020,44,6*54
$GLGSV,3,1,10,69,12,049,43,70,41,344,37,71,25,289,45,73,13,158,41,1*74
$GLGSV,3,2,10,79,14,050,45,80,28,104,46,84,34,183,36,85,61,261,50,1*7C
$GLGSV,3,3,10,86,21,325,42,,,,49,1*4B
$GLGSV,3,1,10,69,12,049,42,70,41,344,06,71,25,289,41,73,13,158,41,3*71
$GLGSV,3,2,10,79,14,050,39,80,28,104,43,84,34,183,43,85,61,261,45,3*76
$GLGSV,3,3,10,86,21,325,42,,,,46,3*46
$GAGSV,2,1,06,03,65,302,47,05,40,032,45,08,24,249,41,15,46,320,46,2*71
$GAGSV,2,2,06,34,77,169,47,36,24,148,43,2*73
$GAGSV,2,1,06,03,65,302,47,05,40,032,43,08,24,249,40,15,46,320,45,7*70
$GAGSV,2,2,06,34,77,169,48,36,24,148,40,7*7A
$GAGSV,1,1,03,16,06,109,,24,02,085,,25,06,131,,0*45
$GBGSV,2,1,08,06,62,081,47,09,66,114,47,11,46,273,47,12,37,197,44,1*74
$GBGSV,2,2,08,13,48,071,46,16,56,067,47,26,34,146,46,34,45,235,48,1*7E
$GBGSV,2,1,08,06,62,081,42,08,34,086,43,09,66,114,44,11,46,273,48,B*00
$GBGSV,2,2,08,12,37,197,47,13,48,071,43,14,21,288,43,16,56,067,42,B*09
$GBGSV,1,1,04,10,03,160,,44,19,178,,45,29,078,,50,51,348,,0*7B
$GQGSV,1,1,02,04,20,076,37,07,19,104,33,1*6E
$GQGSV,1,1,02,04,20,076,36,07,19,104,41,6*6D
$GNGLL,2454.23241,N,06708.27189,E,153338.00,A,D*70
$GNRMC,153339.00,A,2454.23241,N,06708.27189,E,0.004,,020525,,,R,V*00
$GNVTG,,T,,M,0.004,N,0.007,K,D*3B
$GNGGA,153339.00,2454.23241,N,06708.27189,E,4,12,0.59,21.8,M,-44.2,M,1.0,0284*7E
$GNGSA,A,3,10,27,28,31,32,01,23,08,02,,,,1.18,0.59,1.02,1*01
$GNGSA,A,3,70,84,71,73,80,79,69,85,86,,,,1.18,0.59,1.02,2*06
$GNGSA,A,3,15,34,03,,,,,,,,,,1.18,0.59,1.02,3*04
$GNGSA,A,3,06,14,08,13,12,11,16,26,34,,,,1.18,0.59,1.02,4*0D
$GNGSA,A,3,07,04,,,,,,,,,,,1.18,0.59,1.02,5*01
$GPGSV,4,1,13,01,19,320,39,02,45,308,47,08,16,253,40,10,44,069,46,1*69
$GPGSV,4,2,13,23,11,101,39,25,07,086,34,27,15,216,37,28,68,130,48,1*68
$GPGSV,4,3,13,31,48,178,46,32,49,020,48,40,59,208,48,41,56,146,47,1*69
$GPGSV,4,4,13,42,19,104,45,1*5C
$GPGSV,3,1,09,01,19,320,42,08,16,253,39,10,44,069,43,23,11,101,35,6*69
$GPGSV,3,2,09,25,07,086,36,27,15,216,38,28,68,130,46,31,48,178,43,6*6C
$GPGSV,3,3,09,32,49,020,44,6*54
$GLGSV,3,1,09,69,12,049,43,70,41,344,37,71,25,289,46,73,13,158,41,1*7F
$GLGSV,3,2,09,79,14,050,45,80,28,104,46,84,34,183,36,85,61,261,50,1*74
$GLGSV,3,3,09,86,21,325,43,1*4F
$GLGSV,3,1,09,69,12,049,42,70,41,344,07,71,25,289,41,73,13,158,41,3*78
$GLGSV,3,2,09,79,14,050,39,80,28,104,43,84,34,183,43,85,61,261,45,3*7E
$GLGSV,3,3,09,86,21,325,42,3*4C
$GAGSV,2,1,06,03,65,302,47,05,40,032,45,08,24,249,41,15,46,320,46,2*71
$GAGSV,2,2,06,34,77,169,47,36,24,148,43,2*73
$GAGSV,2,1,06,03,65,302,47,05,40,032,43,08,24,249,40,15,46,320,45,7*70
$GAGSV,2,2,06,34,77,169,48,36,24,148,39,7*74
$GAGSV,1,1,03,16,06,109,,24,02,085,,25,06,131,,0*45
$GBGSV,2,1,08,06,62,081,46,09,66,114,46,11,46,273,46,12,37,197,43,1*72
$GBGSV,2,2,08,13,48,071,45,16,56,067,46,26,34,146,45,34,45,235,46,1*71
$GBGSV,2,1,08,06,62,081,42,08,34,086,43,09,66,114,45,11,46,273,48,B*01
$GBGSV,2,2,08,12,37,197,47,13,48,071,43,14,21,288,43,16,56,067,42,B*09
$GBGSV,1,1,04,10,03,160,,44,19,178,,45,29,078,,50,51,348,,0*7B
$GQGSV,1,1,02,04,20,076,37,07,19,104,34,1*69
$GQGSV,1,1,02,04,20,076,37,07,19,104,41,6*6C
$GNGLL,2454.23241,N,06708.27189,E,153339.00,A,D*71
$GNRMC,153340.00,A,2454.23241,N,06708.27189,E,0.006,,020525,,,R,V*0C
$GNVTG,,T,,M,0.006,N,0.011,K,D*3E
$GNGGA,153340.00,2454.23241,N,06708.27189,E,4,12,0.59,21.8,M,-44.2,M,1.0,0284*70
$GNGSA,A,3,10,27,28,31,32,01,23,08,02,,,,1.18,0.59,1.02,1*01
$GNGSA,A,3,70,84,71,73,80,79,69,85,86,,,,1.18,0.59,1.02,2*06
$GNGSA,A,3,15,34,03,,,,,,,,,,1.18,0.59,1.02,3*04
$GNGSA,A,3,06,14,08,13,12,11,16,26,34,,,,1.18,0.59,1.02,4*0D
$GNGSA,A,3,07,04,,,,,,,,,,,1.18,0.59,1.02,5*01
$GPGSV,4,1,13,01,19,320,39,02,45,308,46,08,16,253,40,10,44,069,46,1*68
$GPGSV,4,2,13,23,11,101,39,25,07,086,34,27,15,216,38,28,68,130,48,1*67
$GPGSV,4,3,13,31,48,178,46,32,49,020,48,40,59,208,48,41,56,146,47,1*69
$GPGSV,4,4,13,42,19,104,45,1*5C
$GPGSV,3,1,09,01,19,320,42,08,16,253,39,10,44,069,43,23,11,101,36,6*6A
$GPGSV,3,2,09,25,07,086,36,27,15,216,38,28,68,130,46,31,48,178,43,6*6C
$GPGSV,3,3,09,32,49,020,44,6*54
$GLGSV,3,1,10,69,12,049,43,70,41,344,37,71,25,289,46,73,13,158,42,1*74
$GLGSV,3,2,10,79,14,050,45,80,28,104,46,84,34,183,36,85,61,261,50,1*7C
$GLGSV,3,3,10,86,21,325,43,,,,49,1*4A
$GLGSV,3,1,09,69,12,049,42,70,41,344,09,71,25,289,41,73,13,158,41,3*76
$GLGSV,3,2,09,79,14,050,39,80,28,104,43,84,34,183,44,85,61,261,45,3*79
$GLGSV,3,3,09,86,21,325,42,3*4C
$GAGSV,2,1,06,03,65,302,48,05,40,032,46,08,24,249,42,15,46,320,47,2*7F
$GAGSV,2,2,06,34,77,169,48,36,24,148,43,2*7C
$GAGSV,2,1,06,03,65,302,47,05,40,032,44,08,24,249,41,15,46,320,45,7*76
$GAGSV,2,2,06,34,77,169,48,36,24,148,39,7*74
$GAGSV,1,1,03,16,06,109,,24,02,085,,25,06,131,,0*45
$GBGSV,2,1,08,06,62,081,46,09,66,114,46,11,46,273,46,12,37,197,43,1*72
$GBGSV,2,2,08,13,48,071,45,16,56,067,46,26,34,146,45,34,45,235,46,1*71
$GBGSV,2,1,08,06,62,081,43,08,34,086,44,09,66,114,45,11,46,273,48,B*07
$GBGSV,2,2,08,12,37,197,48,13,48,071,44,14,21,288,44,16,56,067,43,B*07
$GBGSV,1,1,04,10,03,160,,44,19,178,,45,29,078,,50,51,348,,0*7B
$GQGSV,1,1,02,04,20,076,37,07,19,104,34,1*69
$GQGSV,1,1,02,04,20,076,36,07,19,104,41,6*6D
$GNGLL,2454.23241,N,06708.27189,E,153340.00,A,D*7F
$GNRMC,153341.00,A,2454.23241,N,06708.27189,E,0.008,,020525,,,R,V*03
$GNVTG,,T,,M,0.008,N,0.015,K,D*34
$GNGGA,153341.00,2454.23241,N,06708.27189,E,4,12,0.59,21.8,M,-44.2,M,1.0,0284*71
$GNGSA,A,3,10,27,28,31,32,01,23,08,02,,,,1.18,0.59,1.02,1*01
$GNGSA,A,3,70,84,71,73,80,79,69,85,86,,,,1.18,0.59,1.02,2*06
$GNGSA,A,3,15,34,03,,,,,,,,,,1.18,0.59,1.02,3*04
$GNGSA,A,3,06,14,08,13,12,11,16,26,34,,,,1.18,0.59,1.02,4*0D
$GNGSA,A,3,07,04,,,,,,,,,,,1.18,0.59,1.02,5*01
$GPGSV,4,1,13,01,19,320,38,02,45,308,45,08,16,253,39,10,44,069,45,1*67
$GPGSV,4,2,13,23,11,101,38,25,07,086,33,27,15,216,37,28,68,130,46,1*60
$GPGSV,4,3,13,31,48,178,44,32,49,020,46,40,59,208,47,41,56,146,45,1*68
$GPGSV,4,4,13,42,19,104,44,1*5D
$GPGSV,3,1,09,01,19,320,43,08,16,253,39,10,44,069,44,23,11,101,36,6*6C
$GPGSV,3,2,09,25,07,086,36,27,15,216,38,28,68,130,46,31,48,178,43,6*6C
$GPGSV,3,3,09,32,49,020,44,6*54
$GLGSV,3,1,10,69,12,049,43,70,41,344,37,71,25,289,45,73,13,158,42,1*77
$GLGSV,3,2,10,79,14,050,44,80,28,104,46,84,34,183,36,85,61,261,50,1*7D
$GLGSV,3,3,10,86,21,325,43,,,,49,1*4A
$GLGSV,3,1,09,69,12,049,42,70,41,344,09,71,25,289,41,73,13,158,41,3*76
$GLGSV,3,2,09,79,14,050,40,80,28,104,43,84,34,183,44,85,61,261,45,3*77
$GLGSV,3,3,09,86,21,325,42,3*4C
$GAGSV,2,1,06,03,65,304,48,05,40,032,46,08,24,249,42,15,46,320,47,2*79
$GAGSV,2,2,06,34,77,169,48,36,24,148,43,2*7C
$GAGSV,2,1,06,03,65,304,46,05,40,032,42,08,24,249,40,15,46,320,44,7*77
$GAGSV,2,2,06,34,77,169,47,36,24,148,39,7*7B
$GAGSV,1,1,03,16,06,109,,24,02,085,,25,06,131,,0*45
$GBGSV,2,1,08,06,62,081,45,09,66,114,46,11,46,273,46,12,37,197,42,1*70
$GBGSV,2,2,08,13,48,071,44,16,56,067,45,26,34,146,44,34,45,235,46,1*72
$GBGSV,2,1,08,06,62,081,42,08,34,086,44,09,66,114,45,11,46,273,48,B*06
$GBGSV,2,2,08,12,37,197,47,13,48,071,43,14,21,288,44,16,56,067,43,B*0F
$GBGSV,1,1,04,10,03,160,,44,19,178,,45,29,078,,50,51,348,,0*7B
$GQGSV,1,1,02,04,20,076,36,07,19,104,32,1*6E
$GQGSV,1,1,02,04,20,076,36,07,19,104,41,6*6D
$GNGLL,2454.23241,N,06708.27189,E,153341.00,A,D*7E
$GNRMC,153342.00,A,2454.23241,N,06708.27189,E,0.007,,020525,,,R,V*0F
$GNVTG,,T,,M,0.007,N,0.012,K,D*3C
$GNGGA,153342.00,2454.23241,N,06708.27189,E,4,12,0.59,21.8,M,-44.2,M,1.0,0284*72
$GNGSA,A,3,10,27,28,31,32,01,23,08,02,,,,1.18,0.59,1.02,1*01
$GNGSA,A,3,70,84,71,73,80,79,69,85,86,,,,1.18,0.59,1.02,2*06
$GNGSA,A,3,15,34,03,,,,,,,,,,1.18,0.59,1.02,3*04
$GNGSA,A,3,06,14,08,13,12,11,16,26,34,,,,1.18,0.59,1.02,4*0D
$GNGSA,A,3,07,04,,,,,,,,,,,1.18,0.59,1.02,5*01
$GPGSV,4,1,13,01,19,320,38,02,45,308,45,08,16,253,39,10,44,069,45,1*67
$GPGSV,4,2,13,23,11,101,38,25,07,086,33,27,15,216,36,28,68,130,47,1*60
$GPGSV,4,3,13,31,48,178,45,32,49,020,46,40,59,208,47,41,56,146,45,1*69
$GPGSV,4,4,13,42,19,104,44,1*5D
$GPGSV,3,1,09,01,19,320,43,08,16,253,39,10,44,069,44,23,11,101,36,6*6C
$GPGSV,3,2,09,25,07,086,36,27,15,216,38,28,68,130,46,31,48,178,43,6*6C
$GPGSV,3,3,09,32,49,020,44,6*54
$GLGSV,3,1,10,69,12,049,43,70,41,344,37,71,25,289,46,73,13,158,42,1*74
$GLGSV,3,2,10,79,14,050,44,80,28,104,46,84,34,183,36,85,61,261,50,1*7D
$GLGSV,3,3,10,86,21,325,43,,,,49,1*4A
$GLGSV,3,1,10,69,12,049,42,70,41,344,09,71,25,289,41,73,13,158,41,3*7E
$GLGSV,3,2,10,79,14,050,39,80,28,104,43,84,34,183,44,85,61,261,45,3*71
$GLGSV,3,3,10,86,21,325,42,,,,46,3*46
$GAGSV,2,1,06,03,65,304,48,05,40,032,46,08,24,249,42,15,46,320,47,2*79
$GAGSV,2,2,06,34,77,169,48,36,24,148,43,2*7C
$GAGSV,2,1,06,03,65,304,46,05,40,032,43,08,24,249,40,15,46,320,44,7*76
$GAGSV,2,2,06,34,77,169,47,36,24,148,39,7*7B
$GAGSV,1,1,03,16,06,109,,24,02,085,,25,06,131,,0*45
$GBGSV,2,1,08,06,62,081,46,09,66,114,46,11,46,273,46,12,37,197,43,1*72
$GBGSV,2,2,08,13,48,071,45,16,56,067,46,26,34,146,45,34,45,235,46,1*71
$GBGSV,2,1,08,06,62,081,43,08,34,086,44,09,66,114,45,11,46,273,48,B*07
$GBGSV,2,2,08,12,37,197,47,13,48,071,43,14,21,288,44,16,56,067,43,B*0F
$GBGSV,1,1,04,10,03,160,,44,19,178,,45,29,078,,50,51,348,,0*7B
$GQGSV,1,1,02,04,20,076,36,07,19,104,32,1*6E
$GQGSV,1,1,02,04,20,076,37,07,19,104,41,6*6C
$GNGLL,2454.23241,N,06708.27189,E,153342.00,A,D*7D
$GNRMC,153343.00,A,2454.23241,N,06708.27189,E,0.002,,020525,,,R,V*0B
$GNVTG,,T,,M,0.002,N,0.004,K,D*3E
$GNGGA,153343.00,2454.23241,N,06708.27189,E,4,12,0.59,21.8,M,-44.2,M,1.0,0284*73
$GNGSA,A,3,10,27,28,31,32,01,23,08,02,,,,1.18,0.59,1.02,1*01
$GNGSA,A,3,70,84,71,73,80,79,69,85,86,,,,1.18,0.59,1.02,2*06
$GNGSA,A,3,15,34,03,,,,,,,,,,1.18,0.59,1.02,3*04
$GNGSA,A,3,06,14,08,13,12,11,16,26,34,,,,1.18,0.59,1.02,4*0D
$GNGSA,A,3,07,04,,,,,,,,,,,1.18,0.59,1.02,5*01
$GPGSV,4,1,13,01,19,320,38,02,45,308,45,08,16,253,39,10,44,069,45,1*67
$GPGSV,4,2,13,23,11,101,37,25,07,086,32,27,15,216,36,28,68,130,47,1*6E
$GPGSV,4,3,13,31,48,178,45,32,49,020,47,40,59,208,47,41,56,146,45,1*68
$GPGSV,4,4,13,42,19,104,44,1*5D
$GPGSV,3,1,09,01,19,320,42,08,16,253,39,10,44,069,43,23,11,101,35,6*69
$GPGSV,3,2,09,25,07,086,36,27,15,216,38,28,68,130,46,31,48,178,43,6*6C
$GPGSV,3,3,09,32,49,020,44,6*54
$GLGSV,3,1,10,69,12,049,43,70,41,344,37,71,25,289,45,73,13,158,42,1*77
$GLGSV,3,2,10,79,14,050,44,80,28,104,46,84,34,183,36,85,61,261,50,1*7D
$GLGSV,3,3,10,86,21,325,43,,,,49,1*4A
$GLGSV,3,1,10,69,12,049,42,70,41,344,08,71,25,289,41,73,13,158,41,3*7F
$GLGSV,3,2,10,79,14,050,39,80,28,104,43,84,34,183,44,85,61,261,45,3*71
$GLGSV,3,3,10,86,21,325,42,,,,46,3*46
$GAGSV,2,1,06,03,65,304,48,05,39,032,46,08,24,249,42,15,46,320,46,2*76
$GAGSV,2,2,06,34,77,169,47,36,24,148,43,2*73
$GAGSV,2,1,06,03,65,304,46,05,39,032,43,08,24,249,40,15,46,320,44,7*78
$GAGSV,2,2,06,34,77,169,47,36,24,148,39,7*7B
$GAGSV,1,1,03,16,06,109,,24,02,085,,25,06,131,,0*45
$GBGSV,2,1,08,06,62,081,46,09,66,114,46,11,46,273,46,12,37,197,43,1*72
$GBGSV,2,2,08,13,48,071,45,16,56,067,46,26,34,146,45,34,45,235,46,1*71
$GBGSV,2,1,08,06,62,081,42,08,34,086,43,09,66,114,45,11,46,273,48,B*01
$GBGSV,2,2,08,12,37,197,47,13,48,071,43,14,21,288,44,16,56,067,43,B*0F
$GBGSV,1,1,04,10,03,160,,44,19,178,,45,29,078,,50,51,348,,0*7B
$GQGSV,1,1,02,04,20,076,36,07,19,104,32,1*6E
$GQGSV,1,1,02,04,20,076,36,07,19,104,41,6*6D
$GNGLL,2454.23241,N,06708.27189,E,153343.00,A,D*7C
$GNRMC,153344.00,A,2454.23241,N,06708.27189,E,0.004,,020525,,,R,V*0A
$GNVTG,,T,,M,0.004,N,0.008,K,D*34
$GNGGA,153344.00,2454.23241,N,06708.27189,E,4,12,0.59,21.8,M,-44.2,M,1.0,0284*74
$GNGSA,A,3,10,27,28,31,32,01,23,08,02,,,,1.18,0.59,1.02,1*01
$GNGSA,A,3,70,84,71,73,80,79,69,85,86,,,,1.18,0.59,1.02,2*06
$GNGSA,A,3,15,34,03,,,,,,,,,,1.18,0.59,1.02,3*04
$GNGSA,A,3,06,14,08,13,12,11,16,26,34,,,,1.18,0.59,1.02,4*0D
$GNGSA,A,3,07,04,,,,,,,,,,,1.18,0.59,1.02,5*01
$GPGSV,4,1,13,01,19,320,38,02,45,308,46,08,16,253,40,10,44,069,46,1*69
$GPGSV,4,2,13,23,11,101,38,25,07,086,33,27,15,216,37,28,68,130,47,1*61
$GPGSV,4,3,13,31,48,178,45,32,49,020,47,40,59,208,47,41,56,146,46,1*6B
$GPGSV,4,4,13,42,19,104,44,1*5D
$GPGSV,3,1,09,01,19,320,43,08,16,253,39,10,44,069,43,23,11,101,35,6*68
$GPGSV,3,2,09,25,07,086,36,27,15,216,38,28,68,130,46,31,48,178,43,6*6C
$GPGSV,3,3,09,32,49,020,44,6*54
$GLGSV,3,1,10,69,12,049,43,70,41,344,37,71,25,289,45,73,13,158,42,1*77
$GLGSV,3,2,10,79,14,050,43,80,28,104,46,84,34,183,36,85,61,261,50,1*7A
$GLGSV,3,3,10,86,21,325,43,,,,49,1*4A
$GLGSV,3,1,10,69,12,049,42,70,41,344,08,71,25,289,41,73,13,158,41,3*7F
$GLGSV,3,2,10,79,14,050,40,80,28,104,43,84,34,183,43,85,61,261,45,3*78
$GLGSV,3,3,10,86,21,325,42,,,,46,3*46
$GAGSV,2,1,06,03,65,304,47,05,39,032,46,08,24,249,42,15,46,320,46,2*79
$GAGSV,2,2,06,34,77,169,47,36,24,148,43,2*73
$GAGSV,2,1,06,03,65,304,46,05,39,032,43,08,24,249,40,15,46,320,44,7*78
$GAGSV,2,2,06,34,77,169,47,36,24,148,39,7*7B
$GAGSV,1,1,03,16,06,109,,24,02,085,,25,06,131,,0*45
$GBGSV,2,1,08,06,62,081,45,09,66,114,46,11,46,273,46,12,37,197,43,1*71
$GBGSV,2,2,08,13,48,071,45,16,56,067,46,26,34,146,45,34,45,235,46,1*71
$GBGSV,2,1,08,06,62,081,42,08,34,086,43,09,66,114,45,11,46,273,48,B*01
$GBGSV,2,2,08,12,37,197,47,13,48,071,43,14,21,288,44,16,56,067,43,B*0F
$GBGSV,1,1,04,10,03,160,,44,19,178,,45,29,078,,50,51,348,,0*7B
$GQGSV,1,1,02,04,20,076,37,07,19,104,33,1*6E
$GQGSV,1,1,02,04,20,076,36,07,19,104,41,6*6D
$GNGLL,2454.23241,N,06708.27189,E,153344.00,A,D*7B
$GNRMC,153345.00,A,2454.23241,N,06708.27189,E,0.008,,020525,,,R,V*07
$GNVTG,,T,,M,0.008,N,0.016,K,D*37
$GNGGA,153345.00,2454.23241,N,06708.27189,E,4,12,0.59,21.8,M,-44.2,M,1.0,0284*75
$GNGSA,A,3,10,27,28,31,32,01,23,08,02,,,,1.18,0.59,1.02,1*01
$GNGSA,A,3,70,84,71,73,80,79,69,85,86,,,,1.18,0.59,1.02,2*06
$GNGSA,A,3,15,34,03,,,,,,,,,,1.18,0.59,1.02,3*04
$GNGSA,A,3,06,14,08,13,12,11,16,26,34,,,,1.18,0.59,1.02,4*0D
$GNGSA,A,3,07,04,,,,,,,,,,,1.18,0.59,1.02,5*01
$GPGSV,4,1,13,01,19,320,38,02,45,308,46,08,16,253,40,10,44,069,46,1*69
$GPGSV,4,2,13,23,11,101,38,25,07,086,33,27,15,216,37,28,68,130,47,1*61
$GPGSV,4,3,13,31,48,178,45,32,49,020,47,40,59,208,47,41,56,146,46,1*6B
$GPGSV,4,4,13,42,19,104,44,1*5D
$GPGSV,3,1,09,01,19,320,43,08,16,253,39,10,44,069,44,23,11,101,35,6*6F
$GPGSV,3,2,09,25,07,086,36,27,15,216,38,28,68,130,46,31,48,178,43,6*6C
$GPGSV,3,3,09,32,49,020,44,6*54
$GLGSV,3,1,10,69,12,049,44,70,41,344,37,71,25,289,46,73,13,158,42,1*73
$GLGSV,3,2,10,79,14,050,43,80,28,104,46,84,34,183,36,85,61,261,50,1*7A
$GLGSV,3,3,10,86,21,325,43,,,,49,1*4A
$GLGSV,3,1,10,69,12,049,42,70,41,344,10,71,25,289,41,73,13,158,41,3*76
$GLGSV,3,2,10,79,14,050,39,80,28,104,43,84,34,183,43,85,61,261,45,3*76
$GLGSV,3,3,10,86,21,325,42,,,,46,3*46
$GAGSV,2,1,06,03,65,304,48,05,39,032,46,08,24,249,42,15,46,320,47,2*77
$GAGSV,2,2,06,34,77,169,48,36,24,148,43,2*7C
$GAGSV,2,1,06,03,65,304,46,05,39,032,43,08,24,249,40,15,46,320,44,7*78
$GAGSV,2,2,06,34,77,169,47,36,24,148,39,7*7B
$GAGSV,1,1,03,16,06,109,,24,02,085,,25,06,131,,0*45
$GBGSV,2,1,08,06,62,081,45,09,66,114,46,11,46,273,46,12,37,197,43,1*71
$GBGSV,2,2,08,13,48,071,45,16,56,067,46,26,34,146,44,34,45,235,46,1*70
$GBGSV,2,1,08,06,62,081,43,08,34,086,44,09,66,114,45,11,46,273,48,B*07
$GBGSV,2,2,08,12,37,197,47,13,48,071,43,14,21,288,44,16,56,067,43,B*0F
$GBGSV,1,1,04,10,03,160,,44,19,178,,45,29,078,,50,51,348,,0*7B
$GQGSV,1,1,02,04,20,076,37,07,19,104,33,1*6E
$GQGSV,1,1,02,04,20,076,37,07,19,104,41,6*6C
$GNGLL,2454.23241,N,06708.27189,E,153345.00,A,D*7A
$GNRMC,153346.00,A,2454.23241,N,06708.27189,E,0.013,,020525,,,R,V*0E
$GNVTG,,T,,M,0.013,N,0.023,K,D*3B
$GNGGA,153346.00,2454.23241,N,06708.27189,E,4,12,0.59,21.8,M,-44.2,M,1.0,0284*76
$GNGSA,A,3,10,27,28,31,32,01,23,08,02,,,,1.18,0.59,1.02,1*01
$GNGSA,A,3,70,84,71,73,80,79,69,85,86,,,,1.18,0.59,1.02,2*06
$GNGSA,A,3,15,34,03,,,,,,,,,,1.18,0.59,1.02,3*04
$GNGSA,A,3,06,14,08,13,12,11,16,26,34,,,,1.18,0.59,1.02,4*0D
$GNGSA,A,3,07,04,,,,,,,,,,,1.18,0.59,1.02,5*01
$GPGSV,4,1,13,01,19,320,38,02,45,308,45,08,16,253,39,10,44,069,45,1*67
$GPGSV,4,2,13,23,11,101,37,25,07,086,32,27,15,216,36,28,68,130,46,1*6F
$GPGSV,4,3,13,31,48,178,44,32,49,020,47,40,59,208,47,41,56,146,46,1*6A
$GPGSV,4,4,13,42,19,104,44,1*5D
$GPGSV,3,1,09,01,19,320,43,08,16,253,39,10,44,069,44,23,11,101,35,6*6F
$GPGSV,3,2,09,25,07,086,36,27,15,216,38,28,68,130,46,31,48,178,43,6*6C
$GPGSV,3,3,09,32,49,020,44,6*54
$GLGSV,3,1,10,69,12,049,43,70,41,344,37,71,25,289,45,73,13,158,42,1*77
$GLGSV,3,2,10,79,14,050,43,80,28,104,45,84,34,183,36,85,61,261,49,1*71
$GLGSV,3,3,10,86,21,325,42,,,,49,1*4B
$GLGSV,3,1,10,69,12,049,42,70,41,344,10,71,25,289,41,73,13,158,41,3*76
$GLGSV,3,2,10,79,14,050,40,80,28,104,43,84,34,183,43,85,61,261,45,3*78
$GLGSV,3,3,10,86,21,325,42,,,,46,3*46
$GAGSV,2,1,06,03,65,304,48,05,39,032,46,08,25,249,42,15,46,320,47,2*76
$GAGSV,2,2,06,34,77,169,48,36,24,148,43,2*7C
$GAGSV,2,1,06,03,65,304,46,05,39,032,43,08,25,249,39,15,46,320,44,7*77
$GAGSV,2,2,06,34,77,169,47,36,24,148,39,7*7B
$GAGSV,1,1,03,16,06,109,,24,02,085,,25,06,131,,0*45
$GBGSV,2,1,08,06,62,081,45,09,66,114,45,11,46,273,44,12,37,197,41,1*72
$GBGSV,2,2,08,13,48,071,43,16,56,067,44,26,34,146,43,34,45,235,44,1*71
$GBGSV,2,1,08,06,62,081,43,08,34,086,44,09,66,114,45,11,46,273,48,B*07
$GBGSV,2,2,08,12,37,197,47,13,48,071,43,14,21,288,44,16,56,067,43,B*0F
$GBGSV,1,1,04,10,03,160,,44,19,178,,45,29,078,,50,51,348,,0*7B
$GQGSV,1,1,02,04,20,076,36,07,19,104,32,1*6E
$GQGSV,1,1,02,04,20,076,37,07,19,104,41,6*6C
$GNGLL,2454.23241,N,06708.27189,E,153346.00,A,D*79
$GNRMC,153347.00,A,2454.23241,N,06708.27189,E,0.011,,020525,,,R,V*0D
$GNVTG,,T,,M,0.011,N,0.020,K,D*3A
$GNGGA,153347.00,2454.23241,N,06708.27189,E,4,12,0.59,21.8,M,-44.2,M,1.0,0284*77
$GNGSA,A,3,10,27,28,31,32,01,23,08,02,,,,1.18,0.59,1.02,1*01
$GNGSA,A,3,70,84,71,73,80,79,69,85,86,,,,1.18,0.59,1.02,2*06
$GNGSA,A,3,15,34,03,,,,,,,,,,1.18,0.59,1.02,3*04
$GNGSA,A,3,06,14,08,13,12,11,16,26,34,,,,1.18,0.59,1.02,4*0D
$GNGSA,A,3,07,04,,,,,,,,,,,1.18,0.59,1.02,5*01
$GPGSV,4,1,13,01,19,320,38,02,45,308,45,08,16,253,39,10,44,069,45,1*67
$GPGSV,4,2,13,23,11,101,37,25,07,086,32,27,15,216,37,28,68,130,47,1*6F
$GPGSV,4,3,13,31,48,178,45,32,49,020,47,40,59,208,47,41,56,146,45,1*68
$GPGSV,4,4,13,42,19,104,44,1*5D
$GPGSV,3,1,09,01,19,320,42,08,16,253,39,10,44,069,43,23,11,101,35,6*69
$GPGSV,3,2,09,25,07,086,35,27,15,216,38,28,68,130,46,31,48,178,43,6*6F
$GPGSV,3,3,09,32,49,020,44,6*54
$GLGSV,3,1,10,69,12,049,43,70,41,344,36,71,25,289,45,73,13,158,42,1*76
$GLGSV,3,2,10,79,14,050,43,80,28,104,45,84,34,183,36,85,61,261,50,1*79
$GLGSV,3,3,10,86,21,325,42,,,,49,1*4B
$GLGSV,3,1,10,69,12,049,42,70,41,344,08,71,25,289,41,73,13,158,41,3*7F
$GLGSV,3,2,10,79,14,050,40,80,28,104,43,84,34,183,43,85,61,261,45,3*78
$GLGSV,3,3,10,86,21,325,42,,,,46,3*46
$GAGSV,2,1,06,03,65,304,47,05,39,032,45,08,25,249,41,15,46,320,46,2*78
$GAGSV,2,2,06,34,77,169,47,36,24,148,43,2*73
$GAGSV,2,1,06,03,65,304,46,05,39,032,43,08,25,249,39,15,46,320,44,7*77
$GAGSV,2,2,06,34,77,169,47,36,24,148,39,7*7B
$GAGSV,1,1,03,16,06,109,,24,02,085,,25,06,131,,0*45
$GBGSV,2,1,08,06,62,081,45,09,66,114,45,11,46,273,45,12,37,197,42,1*70
$GBGSV,2,2,08,13,48,071,44,16,56,067,45,26,34,146,43,34,45,235,45,1*76
$GBGSV,2,1,08,06,62,081,42,08,34,086,43,09,66,114,44,11,46,273,47,B*0F
$GBGSV,2,2,08,12,37,197,47,13,48,071,43,14,21,288,43,16,56,067,42,B*09
$GBGSV,1,1,04,10,03,160,,44,19,178,,45,29,078,,50,51,348,,0*7B
$GQGSV,1,1,02,04,20,076,36,07,19,104,32,1*6E
$GQGSV,1,1,02,04,20,076,36,07,19,104,41,6*6D
$GNGLL,2454.23241,N,06708.27189,E,153347.00,A,D*78
$GNRMC,153348.00,A,2454.23241,N,06708.27189,E,0.008,,020525,,,R,V*0A
$GNVTG,,T,,M,0.008,N,0.015,K,D*34
$GNGGA,153348.00,2454.23241,N,06708.27189,E,4,12,0.59,21.8,M,-44.2,M,1.0,0284*78
$GNGSA,A,3,10,27,28,31,32,01,23,08,02,,,,1.18,0.59,1.02,1*01
$GNGSA,A,3,70,84,71,73,80,79,69,85,86,,,,1.18,0.59,1.02,2*06
$GNGSA,A,3,15,34,03,,,,,,,,,,1.18,0.59,1.02,3*04
$GNGSA,A,3,06,14,08,13,12,11,16,26,34,,,,1.18,0.59,1.02,4*0D
$GNGSA,A,3,07,04,,,,,,,,,,,1.18,0.59,1.02,5*01
$GPGSV,4,1,13,01,19,320,38,02,45,308,45,08,16,253,39,10,44,069,45,1*67
$GPGSV,4,2,13,23,11,101,37,25,07,086,32,27,15,216,37,28,68,130,47,1*6F
$GPGSV,4,3,13,31,48,178,45,32,49,020,47,40,59,208,47,41,56,146,45,1*68
$GPGSV,4,4,13,42,19,104,44,1*5D
$GPGSV,3,1,09,01,19,320,42,08,16,253,39,10,44,069,43,23,11,101,34,6*68
$GPGSV,3,2,09,25,07,086,35,27,15,216,38,28,68,130,46,31,48,178,43,6*6F
$GPGSV,3,3,09,32,49,020,44,6*54
$GLGSV,3,1,10,69,12,049,43,70,41,344,36,71,25,289,45,73,13,158,41,1*75
$GLGSV,3,2,10,79,14,050,42,80,28,104,45,84,34,183,36,85,61,261,50,1*78
$GLGSV,3,3,10,86,21,325,42,,,,48,1*4A
$GLGSV,3,1,10,69,12,049,42,70,41,344,10,71,25,289,41,73,13,158,40,3*77
$GLGSV,3,2,10,79,14,050,39,80,28,104,43,84,34,183,43,85,61,261,45,3*76
$GLGSV,3,3,10,86,21,325,41,,,,46,3*45
$GAGSV,2,1,06,03,65,304,47,05,39,032,45,08,25,249,41,15,46,320,45,2*7B
$GAGSV,2,2,06,34,77,169,46,36,24,148,42,2*73
$GAGSV,2,1,06,03,65,304,46,05,39,032,43,08,25,249,39,15,46,320,44,7*77
$GAGSV,2,2,06,34,77,169,47,36,24,148,39,7*7B
$GAGSV,1,1,03,16,06,109,,24,02,085,,25,06,131,,0*45
$GBGSV,2,1,08,06,62,081,45,09,66,114,45,11,46,273,45,12,37,197,42,1*70
$GBGSV,2,2,08,13,48,071,44,16,56,067,45,26,34,146,44,34,45,235,45,1*71
$GBGSV,2,1,08,06,62,081,42,08,34,086,43,09,66,114,44,11,46,273,47,B*0F
$GBGSV,2,2,08,12,37,197,47,13,48,071,43,14,21,288,43,16,56,067,42,B*09
$GBGSV,1,1,04,10,03,160,,44,19,178,,45,29,078,,50,51,348,,0*7B
$GQGSV,1,1,02,04,20,076,36,07,19,104,32,1*6E
$GQGSV,1,1,02,04,20,076,36,07,19,104,41,6*6D
$GNGLL,2454.23241,N,06708.27189,E,153348.00,A,D*77
$GNRMC,153349.00,A,2454.23241,N,06708.27189,E,0.012,,020525,,,R,V*00
$GNVTG,,T,,M,0.012,N,0.023,K,D*3A
$GNGGA,153349.00,2454.23241,N,06708.27189,E,4,12,0.59,21.8,M,-44.2,M,1.0,0284*79
$GNGSA,A,3,10,27,28,31,32,01,23,08,02,,,,1.18,0.59,1.02,1*01
$GNGSA,A,3,70,84,71,73,80,79,69,85,86,,,,1.18,0.59,1.02,2*06
$GNGSA,A,3,15,34,03,,,,,,,,,,1.18,0.59,1.02,3*04
$GNGSA,A,3,06,14,08,13,12,11,16,26,34,,,,1.18,0.59,1.02,4*0D
$GNGSA,A,3,07,04,,,,,,,,,,,1.18,0.59,1.02,5*01
$GPGSV,4,1,13,01,19,320,38,02,45,308,45,08,16,253,39,10,44,069,46,1*64
$GPGSV,4,2,13,23,11,101,37,25,07,086,32,27,15,216,37,28,68,130,47,1*6F
$GPGSV,4,3,13,31,48,178,45,32,49,020,47,40,59,208,47,41,56,146,46,1*6B
$GPGSV,4,4,13,42,19,104,44,1*5D
$GPGSV,3,1,09,01,19,320,42,08,16,253,39,10,44,069,43,23,11,101,34,6*68
$GPGSV,3,2,09,25,07,086,35,27,15,216,38,28,68,130,46,31,48,178,43,6*6F
$GPGSV,3,3,09,32,49,020,44,6*54
$GLGSV,3,1,10,69,12,049,43,70,41,344,36,71,25,289,45,73,13,158,41,1*75
$GLGSV,3,2,10,79,14,050,42,80,28,104,45,84,34,183,36,85,61,261,50,1*78
$GLGSV,3,3,10,86,21,325,42,,,,49,1*4B
$GLGSV,3,1,10,69,12,049,42,70,41,344,07,71,25,289,41,73,13,158,40,3*71
$GLGSV,3,2,10,79,14,050,39,80,28,104,43,84,34,183,43,85,61,261,45,3*76
$GLGSV,3,3,10,86,21,325,41,,,,46,3*45
$GAGSV,2,1,06,03,65,304,47,05,39,032,45,08,25,249,41,15,46,320,45,2*7B
$GAGSV,2,2,06,34,77,169,46,36,24,148,42,2*73
$GAGSV,2,1,06,03,65,304,46,05,39,032,43,08,25,249,40,15,46,320,44,7*79
$GAGSV,2,2,06,34,77,169,47,36,24,148,39,7*7B
$GAGSV,1,1,03,16,06,109,,24,02,085,,25,06,131,,0*45
$GBGSV,2,1,08,06,62,081,45,09,66,114,45,11,46,273,45,12,37,197,42,1*70
$GBGSV,2,2,08,13,48,071,44,16,56,067,45,26,34,146,44,34,45,235,45,1*71
$GBGSV,2,1,08,06,62,081,42,08,34,086,43,09,66,114,44,11,46,273,47,B*0F
$GBGSV,2,2,08,12,37,197,47,13,48,071,43,14,21,288,43,16,56,067,42,B*09
$GBGSV,1,1,04,10,03,160,,44,19,178,,45,29,078,,50,51,348,,0*7B
$GQGSV,1,1,02,04,20,076,36,07,19,104,33,1*6F
$GQGSV,1,1,02,04,20,076,36,07,19,104,41,6*6D
$GNGLL,2454.23241,N,06708.27189,E,153349.00,A,D*76
$GNRMC,153350.00,A,2454.23241,N,06708.27189,E,0.008,,020525,,,R,V*03
$GNVTG,,T,,M,0.008,N,0.014,K,D*35
$GNGGA,153350.00,2454.23241,N,06708.27189,E,4,12,0.59,21.8,M,-44.2,M,1.0,0284*71
$GNGSA,A,3,10,27,28,31,32,01,23,08,02,,,,1.18,0.59,1.02,1*01
$GNGSA,A,3,70,84,71,73,80,79,69,85,86,,,,1.18,0.59,1.02,2*06
$GNGSA,A,3,15,34,03,,,,,,,,,,1.18,0.59,1.02,3*04
$GNGSA,A,3,06,14,08,13,12,11,16,26,34,,,,1.18,0.59,1.02,4*0D
$GNGSA,A,3,07,04,,,,,,,,,,,1.18,0.59,1.02,5*01
$GPGSV,4,1,13,01,19,320,38,02,45,308,45,08,16,253,39,10,44,069,46,1*64
$GPGSV,4,2,13,23,11,101,37,25,07,086,31,27,15,216,37,28,68,130,47,1*6C
$GPGSV,4,3,13,31,48,178,45,32,49,020,47,40,59,208,47,41,56,146,46,1*6B
$GPGSV,4,4,13,42,19,104,44,1*5D
$GPGSV,3,1,09,01,19,320,42,08,16,253,39,10,44,069,43,23,11,101,34,6*68
$GPGSV,3,2,09,25,07,086,35,27,15,216,38,28,68,130,46,31,48,178,43,6*6F
$GPGSV,3,3,09,32,49,020,44,6*54
$GLGSV,3,1,10,69,12,049,43,70,41,344,36,71,25,289,45,73,13,158,41,1*75
$GLGSV,3,2,10,79,14,050,42,80,28,104,45,84,34,183,36,85,61,261,50,1*78
$GLGSV,3,3,10,86,21,325,42,,,,48,1*4A
$GLGSV,3,1,10,69,12,049,42,70,41,344,07,71,25,289,41,73,13,158,40,3*71
$GLGSV,3,2,10,79,14,050,39,80,28,104,43,84,34,183,43,85,61,261,45,3*76
$GLGSV,3,3,10,86,21,325,41,,,,46,3*45
$GAGSV,2,1,06,03,65,304,46,05,39,032,45,08,25,249,41,15,46,320,45,2*7A
$GAGSV,2,2,06,34,77,169,46,36,24,148,42,2*73
$GAGSV,2,1,06,03,65,304,46,05,39,032,43,08,25,249,40,15,46,320,44,7*79
$GAGSV,2,2,06,34,77,169,47,36,24,148,39,7*7B
$GAGSV,1,1,03,16,06,109,,24,02,085,,25,06,131,,0*45
$GBGSV,2,1,08,06,62,081,45,09,66,114,45,11,46,273,45,12,37,197,42,1*70
$GBGSV,2,2,08,13,48,071,44,16,56,067,45,26,34,146,44,34,45,235,45,1*71
$GBGSV,2,1,08,06,62,081,42,08,34,086,42,09,66,114,44,11,46,273,47,B*0E
$GBGSV,2,2,08,12,37,197,46,13,48,071,43,14,21,288,43,16,56,067,42,B*08
$GBGSV,1,1,04,10,03,160,,44,19,178,,45,29,078,,50,51,348,,0*7B
$GQGSV,1,1,02,04,20,076,37,07,19,104,33,1*6E
$GQGSV,1,1,02,04,20,076,36,07,19,104,41,6*6D
$GNGLL,2454.23241,N,06708.27189,E,153350.00,A,D*7E
$GNRMC,153351.00,A,2454.23241,N,06708.27189,E,0.010,,020525,,,R,V*0B
$GNVTG,,T,,M,0.010,N,0.018,K,D*30
$GNGGA,153351.00,2454.23241,N,06708.27189,E,4,12,0.59,21.8,M,-44.2,M,1.0,0284*70
$GNGSA,A,3,10,27,28,31,32,01,23,08,02,,,,1.18,0.59,1.02,1*01
$GNGSA,A,3,70,84,71,73,80,79,69,85,86,,,,1.18,0.59,1.02,2*06
$GNGSA,A,3,15,34,03,,,,,,,,,,1.18,0.59,1.02,3*04
$GNGSA,A,3,06,14,08,13,12,11,16,26,34,,,,1.18,0.59,1.02,4*0D
$GNGSA,A,3,07,04,,,,,,,,,,,1.18,0.59,1.02,5*01
$GPGSV,4,1,13,01,19,320,37,02,45,308,45,08,16,253,39,10,44,069,45,1*68
$GPGSV,4,2,13,23,11,101,37,25,07,086,31,27,15,216,37,28,68,130,47,1*6C
$GPGSV,4,3,13,31,48,178,45,32,49,020,47,40,59,208,47,41,56,146,46,1*6B
$GPGSV,4,4,13,42,19,104,44,1*5D
$GPGSV,3,1,09,01,19,320,42,08,16,253,39,10,44,069,43,23,11,101,34,6*68
$GPGSV,3,2,09,25,07,086,35,27,15,216,38,28,68,130,46,31,48,178,43,6*6F
$GPGSV,3,3,09,32,49,020,44,6*54
$GLGSV,3,1,10,69,12,049,43,70,41,344,36,71,25,289,45,73,13,158,41,1*75
$GLGSV,3,2,10,79,14,050,42,80,28,104,45,84,34,183,36,85,61,261,50,1*78
$GLGSV,3,3,10,86,21,325,42,,,,48,1*4A
$GLGSV,3,1,10,69,12,049,42,70,41,344,08,71,25,289,41,73,13,158,40,3*7E
$GLGSV,3,2,10,79,14,050,40,80,28,104,43,84,34,183,43,85,61,261,45,3*78
$GLGSV,3,3,10,86,21,325,41,,,,46,3*45
$GAGSV,2,1,06,03,65,304,47,05,39,032,45,08,25,249,41,15,47,320,46,2*79
$GAGSV,2,2,06,34,77,169,47,36,24,148,42,2*72
$GAGSV,2,1,06,03,65,304,46,05,39,032,43,08,25,249,40,15,47,320,44,7*78
$GAGSV,2,2,06,34,77,169,47,36,24,148,39,7*7B
$GAGSV,1,1,03,16,06,109,,24,02,085,,25,06,131,,0*45
$GBGSV,2,1,08,06,62,081,45,09,66,114,45,11,46,273,45,12,37,197,42,1*70
$GBGSV,2,2,08,13,48,071,44,16,56,067,45,26,34,146,44,34,45,235,45,1*71
$GBGSV,2,1,08,06,62,081,42,08,34,086,42,09,66,114,44,11,46,273,47,B*0E
$GBGSV,2,2,08,12,37,197,46,13,48,071,42,14,21,288,42,16,56,067,42,B*08
$GBGSV,1,1,04,10,03,160,,44,19,178,,45,29,078,,50,51,348,,0*7B
$GQGSV,1,1,02,04,20,076,36,07,19,104,32,1*6E
$GQGSV,1,1,02,04,20,076,37,07,19,104,41,6*6C
$GNGLL,2454.23241,N,06708.27189,E,153351.00,A,D*7F
$GNRMC,153352.00,A,2454.23241,N,06708.27189,E,0.009,,020525,,,R,V*00
$GNVTG,,T,,M,0.009,N,0.018,K,D*38
$GNGGA,153352.00,2454.23241,N,06708.27189,E,4,12,0.59,21.8,M,-44.2,M,1.0,0284*73
$GNGSA,A,3,10,27,28,31,32,01,23,08,02,,,,1.18,0.59,1.02,1*01
$GNGSA,A,3,70,84,71,73,80,79,69,85,86,,,,1.18,0.59,1.02,2*06
$GNGSA,A,3,15,34,03,,,,,,,,,,1.18,0.59,1.02,3*04
$GNGSA,A,3,06,14,08,13,12,11,16,26,34,,,,1.18,0.59,1.02,4*0D
$GNGSA,A,3,07,04,,,,,,,,,,,1.18,0.59,1.02,5*01
$GPGSV,4,1,13,01,19,320,37,02,45,308,45,08,16,253,39,10,44,069,45,1*68
$GPGSV,4,2,13,23,11,101,37,25,07,086,30,27,15,216,37,28,68,130,47,1*6D
$GPGSV,4,3,13,31,48,178,45,32,49,020,47,40,59,208,47,41,56,146,46,1*6B
$GPGSV,4,4,13,42,19,104,44,1*5D
$GPGSV,3,1,09,01,19,320,42,08,16,253,39,10,44,069,43,23,11,101,34,6*68
$GPGSV,3,2,09,25,07,086,35,27,15,216,38,28,68,130,46,31,48,178,43,6*6F
$GPGSV,3,3,09,32,49,020,44,6*54
$GLGSV,3,1,10,69,12,049,43,70,41,344,36,71,25,289,45,73,13,158,41,1*75
$GLGSV,3,2,10,79,14,050,42,80,28,104,45,84,34,183,36,85,61,261,50,1*78
$GLGSV,3,3,10,86,21,325,42,,,,48,1*4A
$GLGSV,3,1,10,69,12,049,42,70,41,344,08,71,25,289,41,73,13,158,40,3*7E
$GLGSV,3,2,10,79,14,050,40,80,28,104,43,84,34,183,43,85,61,261,45,3*78
$GLGSV,3,3,10,86,21,325,41,,,,46,3*45
$GAGSV,2,1,06,03,65,304,47,05,39,032,45,08,25,249,41,15,47,320,46,2*79
$GAGSV,2,2,06,34,77,169,47,36,24,148,42,2*72
$GAGSV,2,1,06,03,65,304,46,05,39,032,43,08,25,249,40,15,47,320,44,7*78
$GAGSV,2,2,06,34,77,169,47,36,24,148,39,7*7B
$GAGSV,1,1,03,16,06,108,,24,02,085,,25,06,131,,0*44
$GBGSV,2,1,08,06,62,081,45,09,66,114,45,11,46,273,45,12,37,197,42,1*70
$GBGSV,2,2,08,13,48,071,44,16,56,067,45,26,34,146,44,34,45,235,45,1*71
$GBGSV,2,1,08,06,62,081,42,08,34,086,42,09,66,114,44,11,46,273,47,B*0E
$GBGSV,2,2,08,12,37,197,46,13,48,071,43,14,21,288,43,16,56,067,42,B*08
$GBGSV,1,1,04,10,03,160,,44,19,178,,45,29,078,,50,51,348,,0*7B
$GQGSV,1,1,02,04,20,076,37,07,19,104,32,1*6F
$GQGSV,1,1,02,04,20,076,37,07,19,104,41,6*6C
$GNGLL,2454.23241,N,06708.27189,E,153352.00,A,D*7C
$GNRMC,153353.00,A,2454.23241,N,06708.27189,E,0.006,,020525,,,R,V*0E
$GNVTG,,T,,M,0.006,N,0.010,K,D*3F
$GNGGA,153353.00,2454.23241,N,06708.27189,E,4,12,0.59,21.8,M,-44.2,M,1.0,0284*72
$GNGSA,A,3,10,27,28,31,32,01,23,08,02,,,,1.18,0.59,1.02,1*01
$GNGSA,A,3,70,84,71,73,80,79,69,85,86,,,,1.18,0.59,1.02,2*06
$GNGSA,A,3,15,34,03,,,,,,,,,,1.18,0.59,1.02,3*04
$GNGSA,A,3,06,14,08,13,12,11,16,26,34,,,,1.18,0.59,1.02,4*0D
$GNGSA,A,3,07,04,,,,,,,,,,,1.18,0.59,1.02,5*01
$GPGSV,4,1,13,01,19,320,37,02,45,308,45,08,16,253,39,10,44,069,45,1*68
$GPGSV,4,2,13,23,11,101,37,25,07,086,31,27,15,216,37,28,68,130,47,1*6C
$GPGSV,4,3,13,31,48,178,45,32,49,020,47,40,59,208,47,41,56,146,46,1*6B
$GPGSV,4,4,13,42,19,104,44,1*5D
$GPGSV,3,1,09,01,19,320,42,08,16,253,39,10,44,069,43,23,11,101,34,6*68
$GPGSV,3,2,09,25,07,086,35,27,15,216,38,28,68,130,46,31,48,178,43,6*6F
$GPGSV,3,3,09,32,49,020,44,6*54
$GLGSV,3,1,10,69,12,049,43,70,41,344,36,71,25,289,45,73,13,158,41,1*75
$GLGSV,3,2,10,79,14,050,41,80,28,104,45,84,34,183,36,85,61,261,50,1*7B
$GLGSV,3,3,10,86,21,325,42,,,,48,1*4A
$GLGSV,3,1,10,69,12,049,42,70,41,344,11,71,25,289,41,73,13,158,40,3*76
$GLGSV,3,2,10,79,14,050,40,80,28,104,43,84,34,183,43,85,61,261,45,3*78
$GLGSV,3,3,10,86,21,325,41,,,,46,3*45
$GAGSV,2,1,06,03,65,304,47,05,39,032,45,08,25,249,41,15,47,320,46,2*79
$GAGSV,2,2,06,34,77,169,47,36,24,148,42,2*72
$GAGSV,2,1,06,03,65,304,46,05,39,032,43,08,25,249,39,15,47,320,44,7*76
$GAGSV,2,2,06,34,77,169,47,36,24,148,39,7*7B
$GAGSV,1,1,03,16,06,108,,24,02,085,,25,06,131,,0*44
$GBGSV,2,1,08,06,62,081,45,09,66,114,45,11,46,273,45,12,37,197,42,1*70
$GBGSV,2,2,08,13,48,071,44,16,56,067,45,26,34,146,44,34,45,235,45,1*71
$GBGSV,2,1,08,06,62,081,42,08,34,086,42,09,66,114,44,11,46,273,47,B*0E
$GBGSV,2,2,08,12,37,197,46,13,48,071,42,14,21,288,43,16,56,067,42,B*09
$GBGSV,1,1,04,10,03,160,,44,19,178,,45,29,078,,50,51,348,,0*7B
$GQGSV,1,1,02,04,20,076,37,07,19,104,32,1*6F
$GQGSV,1,1,02,04,20,076,36,07,19,104,41,6*6D
$GNGLL,2454.23241,N,06708.27189,E,153353.00,A,D*7D
$GNRMC,153354.00,A,2454.23240,N,06708.27189,E,0.007,,020525,,,R,V*09
$GNVTG,,T,,M,0.007,N,0.012,K,D*3C
$GNGGA,153354.00,2454.23240,N,06708.27189,E,4,12,0.59,21.8,M,-44.2,M,1.0,0284*74
$GNGSA,A,3,10,27,28,31,32,01,23,08,02,,,,1.18,0.59,1.02,1*01
$GNGSA,A,3,70,84,71,73,80,79,69,85,86,,,,1.18,0.59,1.02,2*06
$GNGSA,A,3,15,34,03,,,,,,,,,,1.18,0.59,1.02,3*04
$GNGSA,A,3,06,14,08,13,12,11,16,26,34,,,,1.18,0.59,1.02,4*0D
$GNGSA,A,3,07,04,,,,,,,,,,,1.18,0.59,1.02,5*01
$GPGSV,4,1,13,01,19,320,37,02,45,308,45,08,16,253,39,10,44,069,45,1*68
$GPGSV,4,2,13,23,11,101,38,25,07,086,30,27,15,216,37,28,68,130,47,1*62
$GPGSV,4,3,13,31,48,178,45,32,49,020,47,40,59,208,47,41,56,146,45,1*68
$GPGSV,4,4,13,42,19,104,44,1*5D
$GPGSV,3,1,09,01,19,320,42,08,16,253,38,10,44,069,43,23,11,101,34,6*69
$GPGSV,3,2,09,25,07,086,35,27,15,216,38,28,68,130,46,31,48,178,43,6*6F
$GPGSV,3,3,09,32,49,020,44,6*54
$GLGSV,3,1,10,69,12,049,43,70,41,344,36,71,25,289,45,73,13,158,41,1*75
$GLGSV,3,2,10,79,14,050,41,80,28,104,45,84,34,183,36,85,61,261,50,1*7B
$GLGSV,3,3,10,86,21,325,42,,,,49,1*4B
$GLGSV,3,1,10,69,12,049,42,70,41,344,10,71,25,289,41,73,13,158,40,3*77
$GLGSV,3,2,10,79,14,050,40,80,28,104,43,84,34,183,43,85,61,261,45,3*78
$GLGSV,3,3,10,86,21,325,41,,,,46,3*45
$GAGSV,2,1,06,03,65,304,47,05,39,032,45,08,25,249,41,15,47,320,46,2*79
$GAGSV,2,2,06,34,77,169,47,36,24,148,42,2*72
$GAGSV,2,1,06,03,65,304,46,05,39,032,42,08,25,249,39,15,47,320,44,7*77
$GAGSV,2,2,06,34,77,169,47,36,24,148,39,7*7B
$GAGSV,1,1,03,16,06,108,,24,02,085,,25,06,131,,0*44
$GBGSV,2,1,08,06,62,081,45,09,66,114,45,11,46,273,45,12,37,197,42,1*70
$GBGSV,2,2,08,13,48,071,44,16,56,067,45,26,34,146,44,34,45,235,45,1*71
$GBGSV,2,1,08,06,62,081,42,08,34,086,42,09,66,114,44,11,46,273,47,B*0E
$GBGSV,2,2,08,12,37,197,46,13,48,071,42,14,21,288,43,16,56,067,42,B*09
$GBGSV,1,1,04,10,03,160,,44,19,178,,45,29,078,,50,51,348,,0*7B
$GQGSV,1,1,02,04,20,076,36,07,19,104,32,1*6E
$GQGSV,1,1,02,04,20,076,36,07,19,104,41,6*6D
$GNGLL,2454.23240,N,06708.27189,E,153354.00,A,D*7B
$GNRMC,153355.00,A,2454.23241,N,06708.27189,E,0.004,,020525,,,R,V*0A
$GNVTG,,T,,M,0.004,N,0.007,K,D*3B
$GNGGA,153355.00,2454.23241,N,06708.27189,E,4,12,0.59,21.8,M,-44.2,M,1.0,0284*74
$GNGSA,A,3,10,27,28,31,32,01,23,08,02,,,,1.18,0.59,1.02,1*01
$GNGSA,A,3,70,84,71,73,80,79,69,85,86,,,,1.18,0.59,1.02,2*06
$GNGSA,A,3,15,34,03,,,,,,,,,,1.18,0.59,1.02,3*04
$GNGSA,A,3,06,14,08,13,12,11,16,26,34,,,,1.18,0.59,1.02,4*0D
$GNGSA,A,3,07,04,,,,,,,,,,,1.18,0.59,1.02,5*01
$GPGSV,4,1,13,01,19,320,37,02,45,308,45,08,16,253,39,10,44,069,45,1*68
$GPGSV,4,2,13,23,11,101,38,25,07,086,30,27,15,216,37,28,68,130,47,1*62
$GPGSV,4,3,13,31,48,178,45,32,49,020,47,40,59,208,47,41,56,146,45,1*68
$GPGSV,4,4,13,42,19,104,44,1*5D
$GPGSV,3,1,09,01,19,320,42,08,16,253,38,10,44,069,43,23,11,101,34,6*69
$GPGSV,3,2,09,25,07,086,34,27,15,216,38,28,68,130,46,31,48,178,43,6*6E
$GPGSV,3,3,09,32,49,020,44,6*54
$GLGSV,3,1,10,69,12,049,43,70,41,344,36,71,25,289,45,73,13,158,41,1*75
$GLGSV,3,2,10,79,14,050,41,80,28,104,45,84,34,183,36,85,61,261,50,1*7B
$GLGSV,3,3,10,86,21,325,42,,,,48,1*4A
$GLGSV,3,1,10,69,12,049,41,70,41,344,09,71,25,289,41,73,13,158,40,3*7C
$GLGSV,3,2,10,79,14,050,40,80,28,104,43,84,34,183,43,85,61,261,45,3*78
$GLGSV,3,3,10,86,21,325,41,,,,46,3*45
$GAGSV,2,1,06,03,65,304,47,05,39,032,45,08,25,249,41,15,47,320,46,2*79
$GAGSV,2,2,06,34,77,169,47,36,24,148,42,2*72
$GAGSV,2,1,06,03,65,304,46,05,39,032,42,08,25,249,39,15,47,320,44,7*77
$GAGSV,2,2,06,34,77,169,47,36,24,148,39,7*7B
$GAGSV,1,1,03,16,06,108,,24,02,085,,25,06,131,,0*44
$GBGSV,2,1,08,06,62,081,45,09,66,114,45,11,46,273,45,12,37,197,42,1*70
$GBGSV,2,2,08,13,48,071,44,16,56,067,45,26,34,146,44,34,45,235,45,1*71
$GBGSV,2,1,08,06,62,081,42,08,34,086,42,09,66,114,44,11,46,273,47,B*0E
$GBGSV,2,2,08,12,37,197,46,13,48,071,42,14,21,288,42,16,56,067,42,B*08
$GBGSV,1,1,04,10,03,160,,44,19,178,,45,29,078,,50,51,348,,0*7B
$GQGSV,1,1,02,04,20,076,36,07,19,104,32,1*6E
$GQGSV,1,1,02,04,20,076,36,07,19,104,41,6*6D
$GNGLL,2454.23241,N,06708.27189,E,153355.00,A,D*7B
$GNRMC,153356.00,A,2454.23240,N,06708.27189,E,0.006,,020525,,,R,V*0A
$GNVTG,,T,,M,0.006,N,0.011,K,D*3E
$GNGGA,153356.00,2454.23240,N,06708.27189,E,4,12,0.59,21.8,M,-44.2,M,1.0,0284*76
$GNGSA,A,3,10,27,28,31,32,01,23,08,02,,,,1.18,0.59,1.02,1*01
$GNGSA,A,3,70,84,71,73,80,79,69,85,86,,,,1.18,0.59,1.02,2*06
$GNGSA,A,3,15,34,03,,,,,,,,,,1.18,0.59,1.02,3*04
$GNGSA,A,3,06,14,08,13,12,11,16,26,34,,,,1.18,0.59,1.02,4*0D
$GNGSA,A,3,07,04,,,,,,,,,,,1.18,0.59,1.02,5*01
$GPGSV,4,1,13,01,19,320,37,02,45,308,45,08,16,253,39,10,44,069,45,1*68
$GPGSV,4,2,13,23,11,101,38,25,07,086,30,27,15,216,37,28,68,130,46,1*63
$GPGSV,4,3,13,31,48,178,45,32,49,020,47,40,59,208,47,41,56,146,45,1*68
$GPGSV,4,4,13,42,19,104,44,1*5D
$GPGSV,3,1,09,01,19,320,42,08,16,253,38,10,44,069,43,23,11,101,35,6*68
$GPGSV,3,2,09,25,07,086,34,27,15,216,38,28,68,130,46,31,48,178,43,6*6E
$GPGSV,3,3,09,32,49,020,44,6*54
$GLGSV,3,1,10,69,12,049,43,70,41,344,36,71,25,289,45,73,13,158,41,1*75
$GLGSV,3,2,10,79,14,050,41,80,28,104,45,84,34,183,35,85,61,261,50,1*78
$GLGSV,3,3,10,86,21,325,42,,,,48,1*4A
$GLGSV,3,1,10,69,12,049,41,70,41,344,09,71,25,289,41,73,13,158,40,3*7C
$GLGSV,3,2,10,79,14,050,40,80,28,104,43,84,34,183,43,85,61,261,45,3*78
$GLGSV,3,3,10,86,21,325,41,,,,46,3*45
$GAGSV,2,1,06,03,65,304,47,05,39,032,45,08,25,249,41,15,47,320,46,2*79
$GAGSV,2,2,06,34,77,169,47,36,24,148,43,2*73
$GAGSV,2,1,06,03,65,304,46,05,39,032,42,08,25,249,39,15,47,320,44,7*77
$GAGSV,2,2,06,34,77,169,47,36,24,148,39,7*7B
$GAGSV,1,1,03,16,06,108,,24,02,085,,25,06,131,,0*44
$GBGSV,2,1,08,06,62,081,45,09,66,114,45,11,46,273,45,12,37,197,42,1*70
$GBGSV,2,2,08,13,48,071,44,16,56,067,45,26,34,146,44,34,45,235,45,1*71
$GBGSV,2,1,08,06,62,081,42,08,34,086,42,09,66,114,44,11,46,273,47,B*0E
$GBGSV,2,2,08,12,37,197,46,13,48,071,43,14,21,288,43,16,56,067,42,B*08
$GBGSV,1,1,04,10,03,160,,44,19,178,,45,29,078,,50,51,348,,0*7B
$GQGSV,1,1,02,04,20,076,36,07,19,104,32,1*6E
$GQGSV,1,1,02,04,20,076,36,07,19,104,41,6*6D
$GNGLL,2454.23240,N,06708.27189,E,153356.00,A,D*79
$GNRMC,153357.00,A,2454.23241,N,06708.27189,E,0.006,,020525,,,R,V*0A
$GNVTG,,T,,M,0.006,N,0.011,K,D*3E
$GNGGA,153357.00,2454.23241,N,06708.27189,E,4,12,0.59,21.8,M,-44.2,M,1.0,0284*76
$GNGSA,A,3,10,27,28,31,32,01,23,08,02,,,,1.18,0.59,1.02,1*01
$GNGSA,A,3,70,84,71,73,80,79,69,85,86,,,,1.18,0.59,1.02,2*06
$GNGSA,A,3,15,34,03,,,,,,,,,,1.18,0.59,1.02,3*04
$GNGSA,A,3,06,14,08,13,12,11,16,26,34,,,,1.18,0.59,1.02,4*0D
$GNGSA,A,3,07,04,,,,,,,,,,,1.18,0.59,1.02,5*01
$GPGSV,4,1,13,01,19,320,37,02,45,308,45,08,16,253,39,10,44,069,45,1*68
$GPGSV,4,2,13,23,11,101,38,25,07,086,30,27,15,216,37,28,68,130,47,1*62
$GPGSV,4,3,13,31,48,178,45,32,49,020,47,40,59,208,47,41,56,146,45,1*68
$GPGSV,4,4,13,42,19,104,44,1*5D
$GPGSV,3,1,09,01,19,320,42,08,16,253,38,10,44,069,43,23,11,101,35,6*68
$GPGSV,3,2,09,25,07,086,34,27,15,216,38,28,68,130,46,31,48,178,43,6*6E
$GPGSV,3,3,09,32,49,020,44,6*54
$GLGSV,3,1,10,69,12,049,43,70,41,344,36,71,25,289,45,73,13,158,41,1*75
$GLGSV,3,2,10,79,14,050,41,80,28,104,45,84,34,183,35,85,61,261,50,1*78
$GLGSV,3,3,10,86,21,325,42,,,,48,1*4A
$GLGSV,3,1,10,69,12,049,41,70,41,344,10,71,25,289,41,73,13,158,40,3*74
$GLGSV,3,2,10,79,14,050,40,80,28,104,43,84,34,183,43,85,61,261,45,3*78
$GLGSV,3,3,10,86,21,325,41,,,,46,3*45
$GAGSV,2,1,06,03,65,304,47,05,39,032,45,08,25,249,41,15,47,320,46,2*79
$GAGSV,2,2,06,34,77,169,47,36,24,148,43,2*73
$GAGSV,2,1,06,03,65,304,46,05,39,032,42,08,25,249,39,15,47,320,44,7*77
$GAGSV,2,2,06,34,77,169,47,36,24,148,39,7*7B
$GAGSV,1,1,03,16,06,108,,24,02,085,,25,06,131,,0*44
$GBGSV,2,1,08,06,62,081,45,09,66,114,45,11,46,273,45,12,37,197,42,1*70
$GBGSV,2,2,08,13,48,071,44,16,56,067,45,26,34,146,44,34,45,235,45,1*71
$GBGSV,2,1,08,06,62,081,42,08,34,086,43,09,66,114,44,11,46,273,47,B*0F
$GBGSV,2,2,08,12,37,197,47,13,48,071,43,14,21,288,43,16,56,067,42,B*09
$GBGSV,1,1,04,10,03,160,,44,19,178,,45,29,078,,50,51,348,,0*7B
$GQGSV,1,1,02,04,20,076,36,07,19,104,32,1*6E
$GQGSV,1,1,02,04,20,076,36,07,19,104,41,6*6D
$GNGLL,2454.23241,N,06708.27189,E,153357.00,A,D*79
$GNRMC,153358.00,A,2454.23240,N,06708.27189,E,0.004,,020525,,,R,V*06
$GNVTG,,T,,M,0.004,N,0.007,K,D*3B
$GNGGA,153358.00,2454.23240,N,06708.27189,E,4,12,0.59,21.8,M,-44.2,M,1.0,0284*78
$GNGSA,A,3,10,27,28,31,32,01,23,08,02,,,,1.18,0.59,1.02,1*01
$GNGSA,A,3,70,84,71,73,80,79,69,85,86,,,,1.18,0.59,1.02,2*06
$GNGSA,A,3,15,34,03,,,,,,,,,,1.18,0.59,1.02,3*04
$GNGSA,A,3,06,14,08,13,12,11,16,26,34,,,,1.18,0.59,1.02,4*0D
$GNGSA,A,3,07,04,,,,,,,,,,,1.18,0.59,1.02,5*01
$GPGSV,4,1,13,01,19,320,37,02,45,308,45,08,16,253,39,10,44,069,45,1*68
$GPGSV,4,2,13,23,11,101,38,25,07,086,29,27,15,216,37,28,68,130,47,1*6A
$GPGSV,4,3,13,31,48,178,45,32,49,020,47,40,59,208,47,41,56,146,45,1*68
$GPGSV,4,4,13,42,19,104,44,1*5D
$GPGSV,3,1,09,01,19,320,42,08,16,253,38,10,44,069,43,23,11,101,34,6*69
$GPGSV,3,2,09,25,07,086,34,27,15,216,38,28,68,130,46,31,48,178,43,6*6E
$GPGSV,3,3,09,32,49,020,44,6*54
$GLGSV,3,1,10,69,12,049,43,70,41,344,36,71,25,289,45,73,13,158,41,1*75
$GLGSV,3,2,10,79,14,050,41,80,28,104,45,84,34,183,35,85,61,261,50,1*78
$GLGSV,3,3,10,86,21,325,42,,,,48,1*4A
$GLGSV,3,1,10,69,12,049,41,70,41,344,09,71,25,289,41,73,13,158,39,3*72
$GLGSV,3,2,10,79,14,050,40,80,28,104,43,84,34,183,43,85,61,261,45,3*78
$GLGSV,3,3,10,86,21,325,41,,,,46,3*45
$GAGSV,2,1,06,03,65,304,47,05,39,032,45,08,25,249,41,15,47,320,46,2*79
$GAGSV,2,2,06,34,77,169,47,36,24,148,43,2*73
$GAGSV,2,1,06,03,65,304,46,05,39,032,42,08,25,249,39,15,47,320,44,7*77
$GAGSV,2,2,06,34,77,169,47,36,24,148,39,7*7B
$GAGSV,1,1,03,16,06,108,,24,02,085,,25,06,131,,0*44
$GBGSV,2,1,08,06,62,081,45,09,66,114,45,11,46,273,45,12,37,197,42,1*70
$GBGSV,2,2,08,13,48,071,44,16,56,067,45,26,34,146,44,34,45,235,45,1*71
$GBGSV,2,1,08,06,62,081,42,08,34,086,42,09,66,114,44,11,46,273,47,B*0E
$GBGSV,2,2,08,12,37,197,46,13,48,071,42,14,21,288,43,16,56,067,42,B*09
$GBGSV,1,1,04,10,03,160,,44,19,178,,45,29,078,,50,51,348,,0*7B
$GQGSV,1,1,02,04,20,076,36,07,19,104,32,1*6E
$GQGSV,1,1,02,04,20,076,36,07,19,104,41,6*6D
$GNGLL,2454.23240,N,06708.27189,E,153358.00,A,D*77
$GNRMC,153359.00,A,2454.23240,N,06708.27189,E,0.004,,020525,,,R,V*07
$GNVTG,,T,,M,0.004,N,0.008,K,D*34
$GNGGA,153359.00,2454.23240,N,06708.27189,E,4,12,0.59,21.8,M,-44.2,M,1.0,0284*79
$GNGSA,A,3,10,27,28,31,32,01,23,08,02,,,,1.18,0.59,1.02,1*01
$GNGSA,A,3,70,84,71,73,80,79,69,85,86,,,,1.18,0.59,1.02,2*06
$GNGSA,A,3,15,34,03,,,,,,,,,,1.18,0.59,1.02,3*04
$GNGSA,A,3,06,14,08,13,12,11,16,26,34,,,,1.18,0.59,1.02,4*0D
$GNGSA,A,3,07,04,,,,,,,,,,,1.18,0.59,1.02,5*01
$GPGSV,4,1,13,01,19,320,37,02,45,308,45,08,16,253,39,10,44,069,45,1*68
$GPGSV,4,2,13,23,11,101,38,25,07,086,29,27,15,216,37,28,68,130,47,1*6A
$GPGSV,4,3,13,31,48,178,45,32,49,020,47,40,59,208,47,41,56,146,45,1*68
$GPGSV,4,4,13,42,19,104,44,1*5D
$GPGSV,3,1,09,01,19,320,42,08,16,253,38,10,44,069,43,23,11,101,35,6*68
$GPGSV,3,2,09,25,07,086,34,27,15,216,38,28,68,130,46,31,48,178,43,6*6E
$GPGSV,3,3,09,32,49,020,44,6*54
$GLGSV,3,1,10,69,12,049,43,70,41,344,36,71,25,289,45,73,13,158,41,1*75
$GLGSV,3,2,10,79,14,050,41,80,28,104,45,84,34,183,35,85,61,261,50,1*78
$GLGSV,3,3,10,86,21,325,42,,,,48,1*4A
$GLGSV,3,1,10,69,12,049,41,70,41,344,11,71,25,289,41,73,13,158,39,3*7B
$GLGSV,3,2,10,79,14,050,40,80,28,104,43,84,34,183,43,85,61,261,45,3*78
$GLGSV,3,3,10,86,21,325,41,,,,46,3*45
$GAGSV,2,1,06,03,65,304,47,05,39,032,45,08,25,249,41,15,47,320,46,2*79
$GAGSV,2,2,06,34,77,169,47,36,24,148,43,2*73
$GAGSV,2,1,06,03,65,304,46,05,39,032,42,08,25,249,39,15,47,320,44,7*77
$GAGSV,2,2,06,34,77,169,47,36,24,148,39,7*7B
$GAGSV,1,1,03,16,06,108,,24,02,085,,25,06,131,,0*44
$GBGSV,2,1,08,06,62,081,45,09,66,114,45,11,46,273,45,12,37,197,42,1*70
$GBGSV,2,2,08,13,48,071,44,16,56,067,45,26,34,146,44,34,45,235,45,1*71
$GBGSV,2,1,08,06,62,081,42,08,34,086,43,09,66,114,44,11,46,273,47,B*0F
$GBGSV,2,2,08,12,37,197,46,13,48,071,42,14,21,288,43,16,56,067,42,B*09
$GBGSV,1,1,04,10,03,160,,44,19,178,,45,29,078,,50,51,348,,0*7B
$GQGSV,1,1,02,04,20,076,36,07,19,104,32,1*6E
$GQGSV,1,1,02,04,20,076,36,07,19,104,41,6*6D
$GNGLL,2454.23240,N,06708.27189,E,153359.00,A,D*76
$GNRMC,153400.00,A,2454.23241,N,06708.27188,E,0.005,,020525,,,R,V*0D
$GNVTG,,T,,M,0.005,N,0.009,K,D*34
$GNGGA,153400.00,2454.23241,N,06708.27188,E,4,12,0.59,21.8,M,-44.2,M,1.0,0284*72
$GNGSA,A,3,10,27,28,31,32,01,23,08,02,,,,1.18,0.59,1.02,1*01
$GNGSA,A,3,70,84,71,73,80,79,69,85,86,,,,1.18,0.59,1.02,2*06
$GNGSA,A,3,15,34,03,,,,,,,,,,1.18,0.59,1.02,3*04
$GNGSA,A,3,06,14,08,13,12,11,16,26,34,,,,1.18,0.59,1.02,4*0D
$GNGSA,A,3,07,04,,,,,,,,,,,1.18,0.59,1.02,5*01
$GPGSV,4,1,13,01,19,320,37,02,45,308,45,08,16,253,39,10,44,069,45,1*68
$GPGSV,4,2,13,23,11,101,38,25,07,086,30,27,15,216,37,28,68,130,47,1*62
$GPGSV,4,3,13,31,48,178,45,32,49,020,47,40,59,208,47,41,56,146,45,1*68
$GPGSV,4,4,13,42,19,104,44,1*5D
$GPGSV,3,1,09,01,19,320,42,08,16,253,38,10,44,069,43,23,11,101,35,6*68
$GPGSV,3,2,09,25,07,086,34,27,15,216,38,28,68,130,46,31,48,178,43,6*6E
$GPGSV,3,3,09,32,49,020,44,6*54
$GLGSV,3,1,10,69,12,049,43,70,41,344,36,71,25,289,45,73,13,158,41,1*75
$GLGSV,3,2,10,79,14,050,41,80,28,104,45,84,34,183,35,85,61,261,50,1*78
$GLGSV,3,3,10,86,21,325,42,,,,48,1*4A
$GLGSV,3,1,10,69,12,049,41,70,41,344,09,71,25,289,41,73,13,158,39,3*72
$GLGSV,3,2,10,79,14,050,41,80,28,104,43,84,34,183,43,85,61,261,45,3*79
$GLGSV,3,3,10,86,21,325,41,,,,46,3*45
$GAGSV,2,1,06,03,65,304,47,05,39,032,45,08,25,249,41,15,47,320,46,2*79
$GAGSV,2,2,06,34,77,169,47,36,24,148,43,2*73
$GAGSV,2,1,06,03,65,304,46,05,39,032,42,08,25,249,39,15,47,320,44,7*77
$GAGSV,2,2,06,34,77,169,47,36,24,148,39,7*7B
$GAGSV,1,1,03,16,06,108,,24,02,085,,25,06,131,,0*44
$GBGSV,2,1,08,06,62,081,45,09,66,114,45,11,46,273,45,12,37,197,42,1*70
$GBGSV,2,2,08,13,48,071,44,16,56,067,45,26,34,146,44,34,45,235,45,1*71
$GBGSV,2,1,08,06,62,081,42,08,34,086,43,09,66,114,44,11,46,273,47,B*0F
$GBGSV,2,2,08,12,37,197,47,13,48,071,43,14,21,288,43,16,56,067,42,B*09
$GBGSV,1,1,04,10,03,160,,44,19,178,,45,29,078,,50,51,348,,0*7B
$GQGSV,1,1,02,04,20,076,36,07,19,104,32,1*6E
$GQGSV,1,1,02,04,20,076,36,07,19,104,41,6*6D
$GNGLL,2454.23241,N,06708.27188,E,153400.00,A,D*7D
$GNRMC,153401.00,A,2454.23241,N,06708.27188,E,0.011,,020525,,,R,V*09
$GNVTG,,T,,M,0.011,N,0.021,K,D*3B
$GNGGA,153401.00,2454.23241,N,06708.27188,E,4,12,0.59,21.8,M,-44.2,M,1.0,0284*73
$GNGSA,A,3,10,27,28,31,32,01,23,08,02,,,,1.18,0.59,1.02,1*01
$GNGSA,A,3,70,84,71,73,80,79,69,85,86,,,,1.18,0.59,1.02,2*06
$GNGSA,A,3,15,34,03,,,,,,,,,,1.18,0.59,1.02,3*04
$GNGSA,A,3,06,14,08,13,12,11,16,26,34,,,,1.18,0.59,1.02,4*0D
$GNGSA,A,3,07,04,,,,,,,,,,,1.18,0.59,1.02,5*01
$GPGSV,4,1,13,01,19,320,37,02,45,308,45,08,16,253,39,10,44,069,45,1*68
$GPGSV,4,2,13,23,11,101,38,25,07,086,30,27,15,216,37,28,68,130,47,1*62
$GPGSV,4,3,13,31,48,178,45,32,49,020,47,40,59,208,47,41,56,146,45,1*68
$GPGSV,4,4,13,42,19,104,44,1*5D
$GPGSV,3,1,09,01,19,320,42,08,16,253,38,10,44,069,43,23,11,101,35,6*68
$GPGSV,3,2,09,25,07,086,34,27,15,216,38,28,68,130,46,31,48,178,43,6*6E
$GPGSV,3,3,09,32,49,020,44,6*54
$GLGSV,3,1,10,69,12,049,43,70,41,344,36,71,25,289,45,73,13,158,41,1*75
$GLGSV,3,2,10,79,14,050,40,80,28,104,46,84,34,183,35,85,61,261,50,1*7A
$GLGSV,3,3,10,86,21,325,42,,,,48,1*4A
$GLGSV,3,1,10,69,12,049,41,70,41,344,09,71,25,289,41,73,13,158,39,3*72
$GLGSV,3,2,10,79,14,050,41,80,28,104,43,84,34,183,43,85,61,261,45,3*79
$GLGSV,3,3,10,86,21,325,41,,,,46,3*45
$GAGSV,2,1,06,03,65,304,47,05,39,032,45,08,25,249,41,15,47,320,46,2*79
$GAGSV,2,2,06,34,77,169,47,36,24,148,43,2*73
$GAGSV,2,1,06,03,65,304,46,05,39,032,42,08,25,249,39,15,47,320,44,7*77
$GAGSV,2,2,06,34,77,169,47,36,24,148,39,7*7B
$GAGSV,1,1,03,16,06,108,,24,02,085,,25,06,131,,0*44
$GBGSV,2,1,08,06,62,081,45,09,66,114,45,11,46,273,45,12,37,197,42,1*70
$GBGSV,2,2,08,13,48,071,44,16,56,067,45,26,34,146,44,34,45,235,45,1*71
$GBGSV,2,1,08,06,62,081,42,08,34,086,43,09,66,114,44,11,46,273,47,B*0F
$GBGSV,2,2,08,12,37,197,46,13,48,071,43,14,21,288,43,16,56,067,42,B*08
$GBGSV,1,1,04,10,03,160,,44,19,178,,45,29,078,,50,51,348,,0*7B
$GQGSV,1,1,02,04,20,076,36,07,19,104,32,1*6E
$GQGSV,1,1,02,04,20,076,36,07,19,104,41,6*6D
$GNGLL,2454.23241,N,06708.27188,E,153401.00,A,D*7C
$GNRMC,153402.00,A,2454.23241,N,06708.27189,E,0.006,,020525,,,R,V*0D
$GNVTG,,T,,M,0.006,N,0.011,K,D*3E
$GNGGA,153402.00,2454.23241,N,06708.27189,E,4,12,0.59,21.8,M,-44.2,M,1.0,0284*71
$GNGSA,A,3,10,27,28,31,32,01,23,08,02,,,,1.18,0.59,1.02,1*01
$GNGSA,A,3,70,84,71,73,80,79,69,85,86,,,,1.18,0.59,1.02,2*06
$GNGSA,A,3,15,34,03,,,,,,,,,,1.18,0.59,1.02,3*04
$GNGSA,A,3,06,14,08,13,12,11,16,26,34,,,,1.18,0.59,1.02,4*0D
$GNGSA,A,3,07,04,,,,,,,,,,,1.18,0.59,1.02,5*01
$GPGSV,4,1,13,01,19,320,37,02,45,308,45,08,16,253,39,10,44,069,45,1*68
$GPGSV,4,2,13,23,11,101,38,25,07,086,30,27,15,216,37,28,68,130,47,1*62
$GPGSV,4,3,13,31,48,178,45,32,49,020,47,40,59,208,47,41,56,146,45,1*68
$GPGSV,4,4,13,42,19,104,44,1*5D
$GPGSV,3,1,09,01,19,320,42,08,16,253,38,10,44,069,43,23,11,101,35,6*68
$GPGSV,3,2,09,25,07,086,34,27,15,216,38,28,68,130,46,31,48,178,43,6*6E
$GPGSV,3,3,09,32,49,020,44,6*54
$GLGSV,3,1,10,69,12,049,43,70,41,344,36,71,25,289,45,73,13,158,41,1*75
$GLGSV,3,2,10,79,14,050,40,80,28,104,46,84,34,183,35,85,61,261,50,1*7A
$GLGSV,3,3,10,86,21,325,42,,,,48,1*4A
$GLGSV,3,1,10,69,12,049,41,70,41,344,09,71,25,289,41,73,13,158,39,3*72
$GLGSV,3,2,10,79,14,050,41,80,28,104,43,84,34,183,43,85,61,261,45,3*79
$GLGSV,3,3,10,86,21,325,41,,,,46,3*45
$GAGSV,2,1,06,03,65,304,47,05,39,032,45,08,25,249,41,15,47,320,46,2*79
$GAGSV,2,2,06,34,77,169,47,36,24,148,43,2*73
$GAGSV,2,1,06,03,65,304,46,05,39,032,42,08,25,249,39,15,47,320,44,7*77
$GAGSV,2,2,06,34,77,169,47,36,24,148,39,7*7B
$GAGSV,1,1,03,16,06,108,,24,02,085,,25,06,131,,0*44
$GBGSV,2,1,08,06,62,081,45,09,66,114,45,11,46,273,45,12,37,197,42,1*70
$GBGSV,2,2,08,13,48,071,44,16,56,067,45,26,34,146,44,34,45,235,45,1*71
$GBGSV,2,1,08,06,62,081,42,08,34,086,43,09,66,114,44,11,46,273,47,B*0F
$GBGSV,2,2,08,12,37,197,46,13,48,071,43,14,21,288,43,16,56,067,42,B*08
$GBGSV,1,1,04,10,03,160,,44,19,178,,45,29,078,,50,51,348,,0*7B
$GQGSV,1,1,02,04,20,076,36,07,19,104,32,1*6E
$GQGSV,1,1,02,04,20,076,36,07,19,104,41,6*6D
$GNGLL,2454.23241,N,06708.27189,E,153402.00,A,D*7E
$GNRMC,153403.00,A,2454.23241,N,06708.27189,E,0.003,,020525,,,R,V*09
$GNVTG,,T,,M,0.003,N,0.006,K,D*3D
$GNGGA,153403.00,2454.23241,N,06708.27189,E,4,12,0.59,21.8,M,-44.2,M,1.0,0284*70
$GNGSA,A,3,10,27,28,31,32,01,23,08,02,,,,1.18,0.59,1.02,1*01
$GNGSA,A,3,70,84,71,73,80,79,69,85,86,,,,1.18,0.59,1.02,2*06
$GNGSA,A,3,15,34,03,,,,,,,,,,1.18,0.59,1.02,3*04
$GNGSA,A,3,06,14,08,13,12,11,16,26,34,,,,1.18,0.59,1.02,4*0D
$GNGSA,A,3,07,04,,,,,,,,,,,1.18,0.59,1.02,5*01
$GPGSV,4,1,13,01,19,320,37,02,45,308,45,08,16,253,39,10,44,069,45,1*68
$GPGSV,4,2,13,23,11,101,38,25,07,086,30,27,15,216,37,28,68,130,47,1*62
$GPGSV,4,3,13,31,48,178,45,32,49,020,47,40,59,208,47,41,56,146,45,1*68
$GPGSV,4,4,13,42,19,104,44,1*5D
$GPGSV,3,1,09,01,19,320,42,08,16,253,38,10,44,069,43,23,11,101,35,6*68
$GPGSV,3,2,09,25,07,086,34,27,15,216,38,28,68,130,46,31,48,178,43,6*6E
$GPGSV,3,3,09,32,49,020,44,6*54
$GLGSV,3,1,10,69,12,049,43,70,41,344,36,71,25,289,45,73,13,158,41,1*75
$GLGSV,3,2,10,79,14,050,41,80,28,104,46,84,34,183,35,85,61,261,50,1*7B
$GLGSV,3,3,10,86,21,325,42,,,,49,1*4B
$GLGSV,3,1,10,69,12,049,41,70,41,344,09,71,25,289,41,73,13,158,39,3*72
$GLGSV,3,2,10,79,14,050,41,80,28,104,43,84,34,183,43,85,61,261,45,3*79
$GLGSV,3,3,10,86,21,325,41,,,,46,3*45
$GAGSV,2,1,06,03,65,304,47,05,39,032,45,08,25,249,41,15,47,320,46,2*79
$GAGSV,2,2,06,34,77,169,47,36,24,148,43,2*73
$GAGSV,2,1,06,03,65,304,46,05,39,032,43,08,25,249,39,15,47,320,44,7*76
$GAGSV,2,2,06,34,77,169,47,36,24,148,39,7*7B
$GAGSV,1,1,03,16,06,108,,24,02,085,,25,06,131,,0*44
$GBGSV,2,1,08,06,62,081,45,09,66,114,45,11,46,273,45,12,37,197,42,1*70
$GBGSV,2,2,08,13,48,071,44,16,56,067,45,26,34,146,44,34,45,235,45,1*71
$GBGSV,2,1,08,06,62,081,42,08,34,086,43,09,66,114,44,11,46,273,47,B*0F
$GBGSV,2,2,08,12,37,197,46,13,48,071,43,14,21,288,43,16,56,067,42,B*08
$GBGSV,1,1,04,10,03,160,,44,19,178,,45,29,078,,50,51,348,,0*7B
$GQGSV,1,1,02,04,20,076,36,07,19,104,32,1*6E
$GQGSV,1,1,02,04,20,076,36,07,19,104,41,6*6D
$GNGLL,2454.23241,N,06708.27189,E,153403.00,A,D*7F
$GNRMC,153404.00,A,2454.23240,N,06708.27189,E,0.005,,020525,,,R,V*09
$GNVTG,,T,,M,0.005,N,0.009,K,D*34
$GNGGA,153404.00,2454.23240,N,06708.27189,E,4,12,0.59,21.8,M,-44.2,M,1.0,0284*76
$GNGSA,A,3,10,27,28,31,32,01,23,08,02,,,,1.18,0.59,1.02,1*01
$GNGSA,A,3,70,84,71,73,80,79,69,85,86,,,,1.18,0.59,1.02,2*06
$GNGSA,A,3,15,34,03,,,,,,,,,,1.18,0.59,1.02,3*04
$GNGSA,A,3,06,14,08,13,12,11,16,26,34,,,,1.18,0.59,1.02,4*0D
$GNGSA,A,3,07,04,,,,,,,,,,,1.18,0.59,1.02,5*01
$GPGSV,4,1,13,01,19,320,37,02,45,308,45,08,16,253,39,10,44,069,45,1*68
$GPGSV,4,2,13,23,11,101,38,25,07,086,30,27,15,216,37,28,68,130,47,1*62
$GPGSV,4,3,13,31,48,178,45,32,49,020,47,40,59,208,47,41,56,146,45,1*68
$GPGSV,4,4,13,42,19,104,44,1*5D
$GPGSV,3,1,09,01,19,320,42,08,16,253,38,10,44,069,43,23,11,101,35,6*68
$GPGSV,3,2,09,25,07,086,34,27,15,216,38,28,68,130,46,31,48,178,43,6*6E
$GPGSV,3,3,09,32,49,020,44,6*54
$GLGSV,3,1,10,69,12,049,43,70,41,344,36,71,25,289,45,73,13,158,41,1*75
$GLGSV,3,2,10,79,14,050,40,80,28,104,46,84,34,183,35,85,61,261,50,1*7A
$GLGSV,3,3,10,86,21,325,42,,,,49,1*4B
$GLGSV,3,1,10,69,12,049,41,70,41,344,09,71,25,289,41,73,13,158,39,3*72
$GLGSV,3,2,10,79,14,050,41,80,28,104,43,84,34,183,43,85,61,261,45,3*79
$GLGSV,3,3,10,86,21,325,41,,,,46,3*45
$GAGSV,2,1,06,03,65,304,47,05,39,032,45,08,25,249,41,15,47,320,46,2*79
$GAGSV,2,2,06,34,76,169,47,36,24,148,43,2*72
$GAGSV,2,1,06,03,65,304,46,05,39,032,42,08,25,249,39,15,47,320,44,7*77
$GAGSV,2,2,06,34,76,169,47,36,24,148,39,7*7A
$GAGSV,1,1,03,16,06,108,,24,02,085,,25,06,131,,0*44
$GBGSV,2,1,08,06,62,081,45,09,66,114,45,11,46,273,45,12,37,197,42,1*70
$GBGSV,2,2,08,13,48,071,44,16,56,067,45,26,34,146,44,34,45,235,45,1*71
$GBGSV,2,1,08,06,62,081,42,08,34,086,43,09,66,114,44,11,46,273,47,B*0F
$GBGSV,2,2,08,12,37,197,46,13,48,071,43,14,21,288,43,16,56,067,42,B*08
$GBGSV,1,1,04,10,03,160,,44,19,178,,45,29,078,,50,51,348,,0*7B
$GQGSV,1,1,02,04,20,076,36,07,19,104,32,1*6E
$GQGSV,1,1,02,04,20,076,36,07,19,104,41,6*6D
$GNGLL,2454.23240,N,06708.27189,E,153404.00,A,D*79
$GNRMC,153405.00,A,2454.23240,N,06708.27189,E,0.006,,020525,,,R,V*0B
$GNVTG,,T,,M,0.006,N,0.011,K,D*3E
$GNGGA,153405.00,2454.23240,N,06708.27189,E,4,12,0.59,21.8,M,-44.2,M,1.0,0284*77
$GNGSA,A,3,10,27,28,31,32,01,23,08,02,,,,1.18,0.59,1.02,1*01
$GNGSA,A,3,70,84,71,73,80,79,69,85,86,,,,1.18,0.59,1.02,2*06
$GNGSA,A,3,15,34,03,,,,,,,,,,1.18,0.59,1.02,3*04
$GNGSA,A,3,06,14,08,13,12,11,16,26,34,,,,1.18,0.59,1.02,4*0D
$GNGSA,A,3,07,04,,,,,,,,,,,1.18,0.59,1.02,5*01
$GPGSV,4,1,13,01,19,320,37,02,45,308,45,08,16,253,39,10,44,069,45,1*68
$GPGSV,4,2,13,23,11,101,38,25,07,086,30,27,15,216,38,28,68,130,47,1*6D
$GPGSV,4,3,13,31,48,178,45,32,49,020,47,40,59,208,47,41,56,146,45,1*68
$GPGSV,4,4,13,42,19,104,44,1*5D
$GPGSV,3,1,09,01,19,320,42,08,16,253,38,10,44,069,43,23,11,101,35,6*68
$GPGSV,3,2,09,25,07,086,33,27,15,216,38,28,68,130,46,31,48,178,43,6*69
$GPGSV,3,3,09,32,49,020,44,6*54
$GLGSV,3,1,10,69,12,049,43,70,41,344,36,71,25,289,45,73,13,158,41,1*75
$GLGSV,3,2,10,79,14,050,40,80,28,104,46,84,34,183,35,85,61,261,50,1*7A
$GLGSV,3,3,10,86,21,325,42,,,,49,1*4B
$GLGSV,3,1,10,69,12,049,41,70,41,344,07,71,25,289,41,73,13,158,39,3*7C
$GLGSV,3,2,10,79,14,050,41,80,28,104,43,84,34,183,43,85,61,261,45,3*79
$GLGSV,3,3,10,86,21,325,41,,,,46,3*45
$GAGSV,2,1,06,03,65,304,47,05,39,032,45,08,25,249,41,15,47,320,46,2*79
$GAGSV,2,2,06,34,76,169,47,36,23,149,43,2*74
$GAGSV,2,1,06,03,65,304,46,05,39,032,42,08,25,249,39,15,47,320,44,7*77
$GAGSV,2,2,06,34,76,169,47,36,23,149,39,7*7C
$GAGSV,1,1,03,16,06,108,,24,02,085,,25,06,131,,0*44
$GBGSV,2,1,08,06,62,081,45,09,66,114,45,11,46,273,45,12,37,197,42,1*70
$GBGSV,2,2,08,13,48,071,44,16,56,067,45,26,34,146,44,34,45,235,45,1*71
$GBGSV,2,1,08,06,62,081,42,08,34,086,43,09,66,114,44,11,46,273,47,B*0F
$GBGSV,2,2,08,12,37,197,46,13,48,071,43,14,21,288,43,16,56,067,42,B*08
$GBGSV,1,1,04,10,03,160,,44,19,178,,45,29,078,,50,51,348,,0*7B
$GQGSV,1,1,02,04,20,076,37,07,19,104,32,1*6F
$GQGSV,1,1,02,04,20,076,36,07,19,104,40,6*6C
$GNGLL,2454.23240,N,06708.27189,E,153405.00,A,D*78
$GNRMC,153406.00,A,2454.23240,N,06708.27189,E,0.001,,020525,,,R,V*0F
$GNVTG,,T,,M,0.001,N,0.003,K,D*3A
$GNGGA,153406.00,2454.23240,N,06708.27189,E,4,12,0.59,21.8,M,-44.2,M,1.0,0284*74
$GNGSA,A,3,10,27,28,31,32,01,23,08,02,,,,1.18,0.59,1.02,1*01
$GNGSA,A,3,70,84,71,73,80,79,69,85,86,,,,1.18,0.59,1.02,2*06
$GNGSA,A,3,15,34,03,,,,,,,,,,1.18,0.59,1.02,3*04
$GNGSA,A,3,06,14,08,13,12,11,16,26,34,,,,1.18,0.59,1.02,4*0D
$GNGSA,A,3,07,04,,,,,,,,,,,1.18,0.59,1.02,5*01
$GPGSV,4,1,13,01,19,320,37,02,45,308,45,08,16,253,39,10,44,069,45,1*68
$GPGSV,4,2,13,23,11,101,38,25,07,086,30,27,15,216,38,28,68,130,47,1*6D
$GPGSV,4,3,13,31,48,178,45,32,49,020,47,40,59,208,47,41,56,146,45,1*68
$GPGSV,4,4,13,42,19,104,44,1*5D
$GPGSV,3,1,09,01,19,320,42,08,16,253,38,10,44,069,43,23,11,101,34,6*69
$GPGSV,3,2,09,25,07,086,33,27,15,216,38,28,68,130,46,31,48,178,43,6*69
$GPGSV,3,3,09,32,49,020,44,6*54
$GLGSV,3,1,10,69,12,049,43,70,41,344,36,71,25,289,45,73,13,158,41,1*75
$GLGSV,3,2,10,79,14,050,40,80,28,104,46,84,34,183,35,85,61,261,50,1*7A
$GLGSV,3,3,10,86,21,325,42,,,,49,1*4B
$GLGSV,3,1,10,69,12,049,41,70,41,344,07,71,25,289,41,73,13,158,39,3*7C
$GLGSV,3,2,10,79,14,050,41,80,28,104,43,84,34,183,43,85,61,261,45,3*79
$GLGSV,3,3,10,86,21,325,41,,,,46,3*45
$GAGSV,2,1,06,03,65,304,47,05,39,032,45,08,25,249,41,15,47,320,46,2*79
$GAGSV,2,2,06,34,76,169,47,36,23,149,43,2*74
$GAGSV,2,1,06,03,65,304,46,05,39,032,42,08,25,249,39,15,47,320,44,7*77
$GAGSV,2,2,06,34,76,169,47,36,23,149,39,7*7C
$GAGSV,1,1,03,16,06,108,,24,02,085,,25,06,131,,0*44
$GBGSV,2,1,08,06,62,080,45,09,66,114,45,11,46,273,45,12,37,197,42,1*71
$GBGSV,2,2,08,13,48,071,44,16,56,067,45,26,34,146,44,34,45,235,45,1*71
$GBGSV,2,1,08,06,62,080,42,08,34,086,43,09,66,114,44,11,46,273,47,B*0E
$GBGSV,2,2,08,12,37,197,47,13,48,071,43,14,21,288,43,16,56,067,42,B*09
$GBGSV,1,1,04,10,03,160,,44,19,178,,45,29,078,,50,51,348,,0*7B
$GQGSV,1,1,02,04,20,076,37,07,19,104,32,1*6F
$GQGSV,1,1,02,04,20,076,36,07,19,104,40,6*6C
$GNGLL,2454.23240,N,06708.27189,E,153406.00,A,D*7B
$GNRMC,153407.00,A,2454.23240,N,06708.27188,E,0.004,,020525,,,R,V*0A
$GNVTG,,T,,M,0.004,N,0.007,K,D*3B
$GNGGA,153407.00,2454.23240,N,06708.27188,E,4,12,0.59,21.8,M,-44.2,M,2.0,0284*77
$GNGSA,A,3,10,27,28,31,32,01,23,08,02,,,,1.18,0.59,1.02,1*01
$GNGSA,A,3,70,84,71,73,80,79,69,85,86,,,,1.18,0.59,1.02,2*06
$GNGSA,A,3,15,34,03,,,,,,,,,,1.18,0.59,1.02,3*04
$GNGSA,A,3,06,14,08,13,12,11,16,26,34,,,,1.18,0.59,1.02,4*0D
$GNGSA,A,3,07,04,,,,,,,,,,,1.18,0.59,1.02,5*01
$GPGSV,4,1,13,01,19,320,37,02,45,308,45,08,16,253,39,10,44,069,45,1*68
$GPGSV,4,2,13,23,11,101,38,25,07,086,30,27,15,216,38,28,68,130,47,1*6D
$GPGSV,4,3,13,31,48,178,45,32,49,020,47,40,59,208,47,41,56,146,45,1*68
$GPGSV,4,4,13,42,19,104,44,1*5D
$GPGSV,3,1,09,01,19,320,42,08,16,253,38,10,44,069,43,23,11,101,34,6*69
$GPGSV,3,2,09,25,07,086,33,27,15,216,38,28,68,130,46,31,48,178,43,6*69
$GPGSV,3,3,09,32,49,020,44,6*54
$GLGSV,3,1,10,69,12,049,43,70,41,344,36,71,25,289,45,73,13,158,41,1*75
$GLGSV,3,2,10,79,14,050,40,80,28,104,46,84,34,183,36,85,61,261,50,1*79
$GLGSV,3,3,10,86,21,325,43,,,,49,1*4A
$GLGSV,3,1,10,69,12,049,41,70,41,344,09,71,25,289,41,73,13,158,39,3*72
$GLGSV,3,2,10,79,14,050,41,80,28,104,43,84,34,183,44,85,61,261,45,3*7E
$GLGSV,3,3,10,86,21,325,41,,,,46,3*45
$GAGSV,2,1,06,03,65,304,47,05,39,032,45,08,25,249,41,15,47,320,46,2*79
$GAGSV,2,2,06,34,76,169,47,36,23,149,43,2*74
$GAGSV,2,1,06,03,65,304,46,05,39,032,43,08,25,249,39,15,47,320,44,7*76
$GAGSV,2,2,06,34,76,169,47,36,23,149,39,7*7C
$GAGSV,1,1,03,16,06,108,,24,02,085,,25,06,131,,0*44
$GBGSV,2,1,08,06,62,080,45,09,66,114,45,11,46,273,45,12,37,197,42,1*71
$GBGSV,2,2,08,13,48,071,44,16,56,067,45,26,34,146,44,34,45,235,45,1*71
$GBGSV,2,1,08,06,62,080,42,08,34,087,43,09,66,114,44,11,46,273,47,B*0F
$GBGSV,2,2,08,12,37,197,47,13,48,071,43,14,21,288,43,16,56,067,42,B*09
$GBGSV,1,1,04,10,03,160,,44,19,178,,45,29,078,,50,51,348,,0*7B
$GQGSV,1,1,02,04,20,076,36,07,19,104,32,1*6E
$GQGSV,1,1,02,04,20,076,36,07,19,104,40,6*6C
$GNGLL,2454.23240,N,06708.27188,E,153407.00,A,D*7B
$GNRMC,153408.00,A,2454.23240,N,06708.27188,E,0.005,,020525,,,R,V*04
$GNVTG,,T,,M,0.005,N,0.010,K,D*3C
$GNGGA,153408.00,2454.23240,N,06708.27188,E,4,12,0.59,21.8,M,-44.2,M,1.0,0284*7B
$GNGSA,A,3,10,27,28,31,32,01,23,08,02,,,,1.18,0.59,1.02,1*01
$GNGSA,A,3,70,84,71,73,80,79,69,85,86,,,,1.18,0.59,1.02,2*06
$GNGSA,A,3,15,34,03,,,,,,,,,,1.18,0.59,1.02,3*04
$GNGSA,A,3,06,14,08,13,12,11,16,26,34,,,,1.18,0.59,1.02,4*0D
$GNGSA,A,3,07,04,,,,,,,,,,,1.18,0.59,1.02,5*01
$GPGSV,4,1,13,01,19,320,37,02,45,308,45,08,16,253,39,10,44,069,45,1*68
$GPGSV,4,2,13,23,11,101,38,25,07,086,30,27,15,216,38,28,68,130,47,1*6D
$GPGSV,4,3,13,31,48,178,44,32,49,020,47,40,59,208,47,41,56,146,45,1*69
$GPGSV,4,4,13,42,19,104,44,1*5D
$GPGSV,3,1,09,01,19,320,42,08,16,253,38,10,44,069,43,23,11,101,34,6*69
$GPGSV,3,2,09,25,07,086,32,27,15,216,38,28,68,130,46,31,48,178,43,6*68
$GPGSV,3,3,09,32,49,020,44,6*54
$GLGSV,3,1,10,69,12,049,43,70,41,344,36,71,25,289,45,73,13,158,41,1*75
$GLGSV,3,2,10,79,14,050,40,80,28,104,46,84,34,183,36,85,61,261,50,1*79
$GLGSV,3,3,10,86,21,325,43,,,,49,1*4A
$GLGSV,3,1,10,69,12,049,40,70,41,344,09,71,25,289,41,73,13,158,39,3*73
$GLGSV,3,2,10,79,14,050,41,80,28,104,43,84,34,183,44,85,61,261,45,3*7E
$GLGSV,3,3,10,86,21,325,41,,,,46,3*45
$GAGSV,2,1,06,03,65,304,47,05,39,032,45,08,25,249,41,15,47,320,46,2*79
$GAGSV,2,2,06,34,76,169,47,36,23,149,43,2*74
$GAGSV,2,1,06,03,65,304,46,05,39,032,43,08,25,249,39,15,47,320,44,7*76
$GAGSV,2,2,06,34,76,169,47,36,23,149,39,7*7C
$GAGSV,1,1,03,16,06,108,,24,02,085,,25,06,131,,0*44
$GBGSV,2,1,08,06,62,080,45,09,66,113,45,11,46,273,45,12,37,197,42,1*76
$GBGSV,2,2,08,13,48,071,44,16,56,067,45,26,34,146,44,34,45,235,46,1*72
$GBGSV,2,1,08,06,62,080,42,08,34,087,43,09,66,113,44,11,46,273,47,B*08
$GBGSV,2,2,08,12,37,197,46,13,48,071,43,14,21,288,43,16,56,067,42,B*08
$GBGSV,1,1,04,10,03,160,,44,19,178,,45,29,078,,50,51,348,,0*7B
$GQGSV,1,1,02,04,20,076,36,07,19,104,32,1*6E
$GQGSV,1,1,02,04,20,076,36,07,19,104,41,6*6D
$GNGLL,2454.23240,N,06708.27188,E,153408.00,A,D*74
$GNRMC,153409.00,A,2454.23240,N,06708.27189,E,0.009,,020525,,,R,V*08
$GNVTG,,T,,M,0.009,N,0.017,K,D*37
$GNGGA,153409.00,2454.23240,N,06708.27189,E,4,12,0.59,21.8,M,-44.2,M,1.0,0284*7B
$GNGSA,A,3,10,27,28,31,32,01,23,08,02,,,,1.18,0.59,1.02,1*01
$GNGSA,A,3,70,84,71,73,80,79,69,85,86,,,,1.18,0.59,1.02,2*06
$GNGSA,A,3,15,34,03,,,,,,,,,,1.18,0.59,1.02,3*04
$GNGSA,A,3,06,14,08,13,12,11,16,26,34,,,,1.18,0.59,1.02,4*0D
$GNGSA,A,3,07,04,,,,,,,,,,,1.18,0.59,1.02,5*01
$GPGSV,4,1,13,01,19,320,37,02,45,308,45,08,16,253,39,10,44,069,45,1*68
$GPGSV,4,2,13,23,11,101,38,25,07,086,30,27,15,216,38,28,68,130,47,1*6D
$GPGSV,4,3,13,31,48,178,45,32,49,020,47,40,59,208,47,41,56,146,45,1*68
$GPGSV,4,4,13,42,19,104,44,1*5D
$GPGSV,3,1,09,01,19,320,42,08,16,253,38,10,44,069,43,23,11,101,34,6*69
$GPGSV,3,2,09,25,07,086,32,27,15,216,38,28,68,130,46,31,48,178,43,6*68
$GPGSV,3,3,09,32,49,020,44,6*54
$GLGSV,3,1,09,69,12,049,42,70,41,344,36,71,25,289,45,73,13,158,41,1*7C
$GLGSV,3,2,09,79,14,050,40,80,28,104,46,84,34,183,36,85,61,261,50,1*71
$GLGSV,3,3,09,86,21,325,43,1*4F
$GLGSV,3,1,09,69,12,049,40,70,41,344,09,71,25,289,41,73,13,158,38,3*7A
$GLGSV,3,2,09,79,14,050,41,80,28,104,43,84,34,183,44,85,61,261,45,3*76
$GLGSV,3,3,09,86,21,325,41,3*4F
$GAGSV,2,1,06,03,65,304,47,05,39,032,45,08,25,249,41,15,47,320,46,2*79
$GAGSV,2,2,06,34,76,169,47,36,23,149,43,2*74
$GAGSV,2,1,06,03,65,304,46,05,39,032,42,08,25,249,39,15,47,320,44,7*77
$GAGSV,2,2,06,34,76,169,47,36,23,149,39,7*7C
$GAGSV,1,1,03,16,06,108,,24,02,085,,25,06,131,,0*44
$GBGSV,2,1,08,06,62,080,45,09,66,113,46,11,46,273,45,12,37,197,42,1*75
$GBGSV,2,2,08,13,48,071,44,16,56,067,45,26,34,146,44,34,45,235,46,1*72
$GBGSV,2,1,08,06,62,080,42,08,34,087,43,09,66,113,44,11,46,273,47,B*08
$GBGSV,2,2,08,12,37,197,46,13,48,071,43,14,21,288,43,16,56,067,42,B*08
$GBGSV,1,1,04,10,03,160,,44,19,178,,45,29,078,,50,51,348,,0*7B
$GQGSV,1,1,02,04,20,076,37,07,19,104,32,1*6F
$GQGSV,1,1,02,04,20,076,36,07,19,104,41,6*6D
$GNGLL,2454.23240,N,06708.27189,E,153409.00,A,D*74
$GNRMC,153410.00,A,2454.23240,N,06708.27189,E,0.005,,020525,,,R,V*0C
$GNVTG,,T,,M,0.005,N,0.010,K,D*3C
$GNGGA,153410.00,2454.23240,N,06708.27189,E,4,12,0.59,21.8,M,-44.2,M,1.0,0284*73
$GNGSA,A,3,10,27,28,31,32,01,23,08,02,,,,1.18,0.59,1.02,1*01
$GNGSA,A,3,70,84,71,73,80,79,69,85,86,,,,1.18,0.59,1.02,2*06
$GNGSA,A,3,15,34,03,,,,,,,,,,1.18,0.59,1.02,3*04
$GNGSA,A,3,06,14,08,13,12,11,16,26,34,,,,1.18,0.59,1.02,4*0D
$GNGSA,A,3,07,04,,,,,,,,,,,1.18,0.59,1.02,5*01
$GPGSV,4,1,13,01,19,320,37,02,45,308,45,08,16,253,38,10,44,069,45,1*69
$GPGSV,4,2,13,23,11,101,38,25,07,086,30,27,15,216,38,28,68,130,47,1*6D
$GPGSV,4,3,13,31,48,178,45,32,49,020,47,40,59,208,47,41,56,146,45,1*68
$GPGSV,4,4,13,42,19,104,44,1*5D
$GPGSV,3,1,09,01,19,320,42,08,16,253,38,10,44,069,43,23,11,101,35,6*68
$GPGSV,3,2,09,25,07,086,32,27,15,216,38,28,68,130,46,31,48,178,43,6*68
$GPGSV,3,3,09,32,49,020,44,6*54
$GLGSV,3,1,10,69,12,049,42,70,41,344,36,71,25,289,45,73,13,158,41,1*74
$GLGSV,3,2,10,79,14,050,40,80,28,104,46,84,34,183,36,85,61,261,50,1*79
$GLGSV,3,3,10,86,21,325,43,,,,48,1*4B
$GLGSV,3,1,10,69,12,049,40,70,41,344,09,71,25,289,41,73,13,158,38,3*72
$GLGSV,3,2,10,79,14,050,41,80,28,104,43,84,34,183,44,85,61,261,45,3*7E
$GLGSV,3,3,10,86,21,325,41,,,,46,3*45
$GAGSV,2,1,06,03,65,304,47,05,39,032,45,08,25,249,41,15,47,320,45,2*7A
$GAGSV,2,2,06,34,76,169,47,36,23,149,42,2*75
$GAGSV,2,1,06,03,65,304,46,05,39,032,42,08,25,249,39,15,47,320,44,7*77
$GAGSV,2,2,06,34,76,169,47,36,23,149,39,7*7C
$GAGSV,1,1,03,16,06,108,,24,02,085,,25,06,131,,0*44
$GBGSV,2,1,08,06,62,080,45,09,66,113,45,11,46,272,45,12,37,197,42,1*77
$GBGSV,2,2,08,13,48,071,44,16,56,067,45,26,34,146,44,34,45,235,46,1*72
$GBGSV,2,1,08,06,62,080,42,08,34,087,43,09,66,113,44,11,46,272,47,B*09
$GBGSV,2,2,08,12,37,197,46,13,48,071,43,14,21,288,43,16,56,067,42,B*08
$GBGSV,1,1,04,10,03,160,,44,19,178,,45,29,078,,50,51,348,,0*7B
$GQGSV,1,1,02,04,20,076,36,07,19,104,32,1*6E
$GQGSV,1,1,02,04,20,076,36,07,19,104,41,6*6D
$GNGLL,2454.23240,N,06708.27189,E,153410.00,A,D*7C
$GNRMC,153411.00,A,2454.23240,N,06708.27189,E,0.004,,020525,,,R,V*0C
$GNVTG,,T,,M,0.004,N,0.007,K,D*3B
$GNGGA,153411.00,2454.23240,N,06708.27189,E,4,12,0.59,21.8,M,-44.2,M,1.0,0284*72
$GNGSA,A,3,10,27,28,31,32,01,23,08,02,,,,1.18,0.59,1.02,1*01
$GNGSA,A,3,70,84,71,73,80,79,69,85,86,,,,1.18,0.59,1.02,2*06
$GNGSA,A,3,15,34,03,,,,,,,,,,1.18,0.59,1.02,3*04
$GNGSA,A,3,06,14,08,13,12,11,16,26,34,,,,1.18,0.59,1.02,4*0D
$GNGSA,A,3,07,04,,,,,,,,,,,1.18,0.59,1.02,5*01
$GPGSV,4,1,13,01,19,320,37,02,45,308,45,08,16,253,39,10,44,069,45,1*68
$GPGSV,4,2,13,23,11,101,38,25,07,086,30,27,15,216,38,28,68,130,47,1*6D
$GPGSV,4,3,13,31,48,178,45,32,49,020,47,40,59,208,47,41,56,146,45,1*68
$GPGSV,4,4,13,42,19,104,44,1*5D
$GPGSV,3,1,09,01,19,320,42,08,16,253,38,10,44,069,43,23,11,101,34,6*69
$GPGSV,3,2,09,25,07,086,32,27,15,216,38,28,68,130,46,31,48,178,43,6*68
$GPGSV,3,3,09,32,49,020,44,6*54
$GLGSV,3,1,10,69,12,049,42,70,41,344,36,71,25,289,44,73,13,158,41,1*75
$GLGSV,3,2,10,79,14,050,40,80,28,104,46,84,34,183,36,85,61,261,50,1*79
$GLGSV,3,3,10,86,21,325,43,,,,49,1*4A
$GLGSV,3,1,10,69,12,049,40,70,41,344,10,71,25,289,41,73,13,158,38,3*7A
$GLGSV,3,2,10,79,14,050,42,80,28,104,43,84,34,183,44,85,61,261,45,3*7D
$GLGSV,3,3,10,86,21,325,41,,,,46,3*45
$GAGSV,2,1,06,03,65,304,47,05,39,032,45,08,25,249,41,15,47,320,46,2*79
$GAGSV,2,2,06,34,76,169,47,36,23,149,43,2*74
$GAGSV,2,1,06,03,65,304,46,05,39,032,43,08,25,249,39,15,47,320,44,7*76
$GAGSV,2,2,06,34,76,169,47,36,23,149,39,7*7C
$GAGSV,1,1,03,16,06,108,,24,02,085,,25,06,131,,0*44
$GBGSV,2,1,08,06,62,080,45,09,66,113,45,11,46,272,45,12,36,197,42,1*76
$GBGSV,2,2,08,13,48,071,44,16,56,067,45,26,34,146,44,34,45,235,46,1*72
$GBGSV,2,1,08,06,62,080,42,08,34,087,43,09,66,113,44,11,46,272,47,B*09
$GBGSV,2,2,08,12,36,197,46,13,48,071,43,14,21,288,43,16,56,067,42,B*09
$GBGSV,1,1,04,10,03,160,,44,19,178,,45,29,078,,50,51,348,,0*7B
$GQGSV,1,1,02,04,20,076,37,07,19,104,32,1*6F
$GQGSV,1,1,02,04,20,076,36,07,19,104,41,6*6D
$GNGLL,2454.23240,N,06708.27189,E,153411.00,A,D*7D
$GNRMC,153412.00,A,2454.23240,N,06708.27189,E,0.009,,020525,,,R,V*02
$GNVTG,,T,,M,0.009,N,0.017,K,D*37
$GNGGA,153412.00,2454.23240,N,06708.27189,E,4,12,0.59,21.8,M,-44.2,M,1.0,0284*71
$GNGSA,A,3,10,27,28,31,32,01,23,08,02,,,,1.18,0.59,1.02,1*01
$GNGSA,A,3,70,84,71,73,80,79,69,85,86,,,,1.18,0.59,1.02,2*06
$GNGSA,A,3,15,34,03,,,,,,,,,,1.18,0.59,1.02,3*04
$GNGSA,A,3,06,14,08,13,12,11,16,26,34,,,,1.18,0.59,1.02,4*0D
$GNGSA,A,3,07,04,,,,,,,,,,,1.18,0.59,1.02,5*01
$GPGSV,4,1,13,01,19,320,37,02,45,308,45,08,16,253,39,10,44,069,45,1*68
$GPGSV,4,2,13,23,11,101,38,25,07,086,30,27,15,216,38,28,68,130,47,1*6D
$GPGSV,4,3,13,31,48,178,45,32,49,020,47,40,59,208,47,41,56,146,45,1*68
$GPGSV,4,4,13,42,19,104,44,1*5D
$GPGSV,3,1,09,01,19,320,42,08,16,253,38,10,44,069,43,23,11,101,34,6*69
$GPGSV,3,2,09,25,07,086,32,27,15,216,38,28,68,130,46,31,48,178,43,6*68
$GPGSV,3,3,09,32,49,020,44,6*54
$GLGSV,3,1,10,69,12,049,43,70,41,344,36,71,25,289,44,73,13,158,41,1*74
$GLGSV,3,2,10,79,14,050,41,80,28,104,46,84,34,183,36,85,61,261,50,1*78
$GLGSV,3,3,10,86,21,325,43,,,,49,1*4A
$GLGSV,3,1,10,69,12,049,40,70,41,344,08,71,25,289,41,73,13,158,38,3*73
$GLGSV,3,2,10,79,14,050,42,80,28,104,43,84,34,183,44,85,61,261,45,3*7D
$GLGSV,3,3,10,86,21,325,41,,,,46,3*45
$GAGSV,2,1,06,03,65,304,47,05,39,032,45,08,25,249,41,15,47,320,45,2*7A
$GAGSV,2,2,06,34,76,169,47,36,23,149,43,2*74
$GAGSV,2,1,06,03,65,304,46,05,39,032,43,08,25,249,39,15,47,320,44,7*76
$GAGSV,2,2,06,34,76,169,47,36,23,149,39,7*7C
$GAGSV,1,1,03,16,06,108,,24,02,085,,25,06,131,,0*44
$GBGSV,2,1,08,06,62,080,45,09,66,113,46,11,46,272,45,12,36,197,42,1*75
$GBGSV,2,2,08,13,48,072,44,16,56,067,45,26,34,146,44,34,45,235,46,1*71
$GBGSV,2,1,08,06,62,080,42,08,34,087,43,09,66,113,44,11,46,272,47,B*09
$GBGSV,2,2,08,12,36,197,46,13,48,072,43,14,21,288,43,16,56,067,42,B*0A
$GBGSV,1,1,04,10,03,160,,44,19,178,,45,29,078,,50,51,348,,0*7B
$GQGSV,1,1,02,04,20,076,36,07,19,104,32,1*6E
$GQGSV,1,1,02,04,20,076,36,07,19,104,41,6*6D
$GNGLL,2454.23240,N,06708.27189,E,153412.00,A,D*7E
$GNRMC,153413.00,A,2454.23240,N,06708.27189,E,0.009,,020525,,,R,V*03
$GNVTG,,T,,M,0.009,N,0.017,K,D*37
$GNGGA,153413.00,2454.23240,N,06708.27189,E,4,12,0.59,21.8,M,-44.2,M,1.0,0284*70
$GNGSA,A,3,10,27,28,31,32,01,23,08,02,,,,1.18,0.59,1.02,1*01
$GNGSA,A,3,70,84,71,73,80,79,69,85,86,,,,1.18,0.59,1.02,2*06
$GNGSA,A,3,15,34,03,,,,,,,,,,1.18,0.59,1.02,3*04
$GNGSA,A,3,06,14,08,13,12,11,16,26,34,,,,1.18,0.59,1.02,4*0D
$GNGSA,A,3,07,04,,,,,,,,,,,1.18,0.59,1.02,5*01
$GPGSV,4,1,13,01,19,320,37,02,45,308,45,08,16,253,38,10,44,069,45,1*69
$GPGSV,4,2,13,23,11,101,38,25,07,086,29,27,15,216,38,28,68,130,47,1*65
$GPGSV,4,3,13,31,48,178,45,32,49,020,47,40,59,208,47,41,56,146,45,1*68
$GPGSV,4,4,13,42,19,104,44,1*5D
$GPGSV,3,1,09,01,19,320,42,08,16,253,38,10,44,069,43,23,11,101,35,6*68
$GPGSV,3,2,09,25,07,086,31,27,15,216,38,28,68,130,46,31,48,178,43,6*6B
$GPGSV,3,3,09,32,49,020,44,6*54
$GLGSV,3,1,10,69,12,049,42,70,41,344,36,71,25,289,44,73,13,158,41,1*75
$GLGSV,3,2,10,79,14,050,41,80,28,104,46,84,34,183,36,85,61,261,50,1*78
$GLGSV,3,3,10,86,21,325,43,,,,49,1*4A
$GLGSV,3,1,10,69,12,049,40,70,41,344,10,71,25,289,41,73,13,158,38,3*7A
$GLGSV,3,2,10,79,14,050,42,80,28,104,43,84,34,183,43,85,61,261,45,3*7A
$GLGSV,3,3,10,86,21,325,41,,,,46,3*45
$GAGSV,2,1,06,03,65,304,47,05,39,032,45,08,25,249,41,15,47,320,46,2*79
$GAGSV,2,2,06,34,76,169,47,36,23,149,43,2*74
$GAGSV,2,1,06,03,65,304,46,05,39,032,43,08,25,249,40,15,47,320,44,7*78
$GAGSV,2,2,06,34,76,169,47,36,23,149,39,7*7C
$GAGSV,1,1,03,16,06,108,,24,02,085,,25,06,131,,0*44
$GBGSV,2,1,08,06,62,080,45,09,66,113,46,11,46,272,45,12,36,197,42,1*75
$GBGSV,2,2,08,13,48,072,44,16,56,067,45,26,34,146,44,34,45,235,46,1*71
$GBGSV,2,1,08,06,62,080,42,08,34,087,43,09,66,113,44,11,46,272,47,B*09
$GBGSV,2,2,08,12,36,197,46,13,48,072,43,14,21,289,43,16,56,067,42,B*0B
$GBGSV,1,1,04,10,03,160,,44,19,178,,45,29,078,,50,51,348,,0*7B
$GQGSV,1,1,02,04,20,076,36,07,19,104,32,1*6E
$GQGSV,1,1,02,04,20,076,36,07,19,104,40,6*6C
$GNGLL,2454.23240,N,06708.27189,E,153413.00,A,D*7F
$GNRMC,153414.00,A,2454.23240,N,06708.27189,E,0.010,,020525,,,R,V*0C
$GNVTG,,T,,M,0.010,N,0.018,K,D*30
$GNGGA,153414.00,2454.23240,N,06708.27189,E,4,12,0.59,21.8,M,-44.2,M,1.0,0284*77
$GNGSA,A,3,10,27,28,31,32,01,23,08,02,,,,1.18,0.59,1.02,1*01
$GNGSA,A,3,70,84,71,73,80,79,69,85,86,,,,1.18,0.59,1.02,2*06
$GNGSA,A,3,15,34,03,,,,,,,,,,1.18,0.59,1.02,3*04
$GNGSA,A,3,06,14,08,13,12,11,16,26,34,,,,1.18,0.59,1.02,4*0D
$GNGSA,A,3,07,04,,,,,,,,,,,1.18,0.59,1.02,5*01
$GPGSV,4,1,13,01,19,320,37,02,45,308,45,08,16,253,38,10,44,069,45,1*69
$GPGSV,4,2,13,23,11,101,38,25,07,086,29,27,15,216,37,28,68,130,47,1*6A
$GPGSV,4,3,13,31,48,178,45,32,49,020,47,40,59,208,47,41,56,146,45,1*68
$GPGSV,4,4,13,42,19,104,44,1*5D
$GPGSV,3,1,09,01,19,320,42,08,16,253,38,10,44,069,43,23,11,101,35,6*68
$GPGSV,3,2,09,25,07,086,31,27,15,216,38,28,68,130,46,31,48,178,43,6*6B
$GPGSV,3,3,09,32,49,020,44,6*54
$GLGSV,3,1,10,69,12,049,42,70,41,344,36,71,25,289,44,73,13,158,41,1*75
$GLGSV,3,2,10,79,14,050,41,80,28,104,46,84,34,183,36,85,61,261,50,1*78
$GLGSV,3,3,10,86,21,325,43,,,,49,1*4A
$GLGSV,3,1,10,69,12,049,40,70,41,344,08,71,25,289,41,73,13,158,38,3*73
$GLGSV,3,2,10,79,14,050,41,80,28,104,43,84,34,183,43,85,61,261,45,3*79
$GLGSV,3,3,10,86,21,325,41,,,,46,3*45
$GAGSV,2,1,06,03,65,304,46,05,39,032,45,08,25,249,41,15,47,320,45,2*7B
$GAGSV,2,2,06,34,76,169,47,36,23,149,43,2*74
$GAGSV,2,1,06,03,65,304,46,05,39,032,43,08,25,249,40,15,47,320,44,7*78
$GAGSV,2,2,06,34,76,169,47,36,23,149,39,7*7C
$GAGSV,1,1,03,16,06,108,,24,02,085,,25,06,131,,0*44
$GBGSV,2,1,08,06,62,080,45,09,66,113,46,11,46,272,45,12,36,197,42,1*75
$GBGSV,2,2,08,13,48,072,44,16,56,067,45,26,34,146,44,34,45,235,46,1*71
$GBGSV,2,1,08,06,62,080,42,08,34,087,43,09,66,113,44,11,46,272,47,B*09
$GBGSV,2,2,08,12,36,197,46,13,48,072,43,14,21,289,43,16,56,067,42,B*0B
$GBGSV,1,1,04,10,03,160,,44,19,178,,45,29,078,,50,51,348,,0*7B
$GQGSV,1,1,02,04,20,076,36,07,19,104,32,1*6E
$GQGSV,1,1,02,04,20,076,36,07,19,104,41,6*6D
$GNGLL,2454.23240,N,06708.27189,E,153414.00,A,D*78
$GNRMC,153415.00,A,2454.23240,N,06708.27189,E,0.006,,020525,,,R,V*0A
$GNVTG,,T,,M,0.006,N,0.011,K,D*3E
$GNGGA,153415.00,2454.23240,N,06708.27189,E,4,12,0.59,21.8,M,-44.2,M,1.0,0284*76
$GNGSA,A,3,10,27,28,31,32,01,23,08,02,,,,1.18,0.59,1.02,1*01
$GNGSA,A,3,70,84,71,73,80,79,69,85,86,,,,1.18,0.59,1.02,2*06
$GNGSA,A,3,15,34,03,,,,,,,,,,1.18,0.59,1.02,3*04
$GNGSA,A,3,06,14,08,13,12,11,16,26,34,,,,1.18,0.59,1.02,4*0D
$GNGSA,A,3,07,04,,,,,,,,,,,1.18,0.59,1.02,5*01
$GPGSV,4,1,13,01,19,320,37,02,45,308,45,08,16,253,38,10,44,069,45,1*69
$GPGSV,4,2,13,23,11,101,38,25,07,086,29,27,15,216,37,28,68,130,47,1*6A
$GPGSV,4,3,13,31,48,178,45,32,49,020,47,40,59,208,47,41,56,146,45,1*68
$GPGSV,4,4,13,42,19,104,44,1*5D
$GPGSV,3,1,09,01,19,320,42,08,16,253,38,10,44,069,43,23,11,101,35,6*68
$GPGSV,3,2,09,25,07,086,31,27,15,216,38,28,68,130,46,31,48,178,43,6*6B
$GPGSV,3,3,09,32,49,020,44,6*54
$GLGSV,3,1,10,69,12,049,42,70,41,344,36,71,25,289,44,73,13,158,40,1*74
$GLGSV,3,2,10,79,14,050,41,80,28,104,46,84,34,183,36,85,61,261,49,1*70
$GLGSV,3,3,10,86,21,325,43,,,,49,1*4A
$GLGSV,3,1,10,69,12,049,40,70,41,344,08,71,25,289,41,73,13,158,38,3*73
$GLGSV,3,2,10,79,14,050,41,80,28,104,43,84,34,183,43,85,61,261,45,3*79
$GLGSV,3,3,10,86,21,325,41,,,,46,3*45
$GAGSV,2,1,06,03,65,304,46,05,39,032,45,08,25,249,41,15,47,320,45,2*7B
$GAGSV,2,2,06,34,76,169,47,36,23,149,43,2*74
$GAGSV,2,1,06,03,65,304,46,05,39,032,43,08,25,249,40,15,47,320,44,7*78
$GAGSV,2,2,06,34,76,169,47,36,23,149,39,7*7C
$GAGSV,1,1,03,16,06,108,,24,02,085,,25,06,131,,0*44
$GBGSV,2,1,08,06,62,080,45,09,66,113,46,11,46,272,45,12,36,197,42,1*75
$GBGSV,2,2,08,13,48,072,44,16,56,067,45,26,34,146,44,34,45,235,46,1*71
$GBGSV,2,1,08,06,62,080,42,08,34,087,43,09,66,113,44,11,46,272,47,B*09
$GBGSV,2,2,08,12,36,197,46,13,48,072,43,14,21,289,43,16,56,067,42,B*0B
$GBGSV,1,1,04,10,03,160,,44,19,178,,45,29,078,,50,51,348,,0*7B
$GQGSV,1,1,02,04,20,076,36,07,19,104,32,1*6E
$GQGSV,1,1,02,04,20,076,36,07,19,104,41,6*6D
$GNGLL,2454.23240,N,06708.27189,E,153415.00,A,D*79
$GNRMC,153416.00,A,2454.23240,N,06708.27189,E,0.003,,020525,,,R,V*0C
$GNVTG,,T,,M,0.003,N,0.006,K,D*3D
$GNGGA,153416.00,2454.23240,N,06708.27189,E,4,12,0.59,21.8,M,-44.2,M,1.0,0284*75
$GNGSA,A,3,10,27,28,31,32,01,23,08,02,,,,1.18,0.59,1.02,1*01
$GNGSA,A,3,70,84,71,73,80,79,69,85,86,,,,1.18,0.59,1.02,2*06
$GNGSA,A,3,15,34,03,,,,,,,,,,1.18,0.59,1.02,3*04
$GNGSA,A,3,06,14,08,13,12,11,16,26,34,,,,1.18,0.59,1.02,4*0D
$GNGSA,A,3,07,04,,,,,,,,,,,1.18,0.59,1.02,5*01
$GPGSV,4,1,13,01,19,320,37,02,45,308,45,08,16,253,38,10,44,069,45,1*69
$GPGSV,4,2,13,23,11,101,38,25,07,086,29,27,15,216,37,28,68,130,47,1*6A
$GPGSV,4,3,13,31,48,178,45,32,49,020,47,40,59,208,47,41,56,146,45,1*68
$GPGSV,4,4,13,42,19,104,44,1*5D
$GPGSV,3,1,09,01,19,320,42,08,16,253,38,10,44,069,43,23,11,101,35,6*68
$GPGSV,3,2,09,25,07,086,31,27,15,216,38,28,68,130,46,31,48,178,43,6*6B
$GPGSV,3,3,09,32,49,020,44,6*54
$GLGSV,3,1,10,69,12,049,42,70,41,344,36,71,25,289,44,73,13,158,40,1*74
$GLGSV,3,2,10,79,14,050,41,80,28,104,46,84,34,183,36,85,61,261,50,1*78
$GLGSV,3,3,10,86,21,325,43,,,,49,1*4A
$GLGSV,3,1,10,69,12,049,40,70,41,344,11,71,25,289,41,73,13,158,38,3*7B
$GLGSV,3,2,10,79,14,050,41,80,28,104,43,84,34,183,43,85,61,261,45,3*79
$GLGSV,3,3,10,86,21,325,41,,,,46,3*45
$GAGSV,2,1,06,03,65,304,47,05,39,032,45,08,25,249,41,15,47,320,45,2*7A
$GAGSV,2,2,06,34,76,169,47,36,23,149,43,2*74
$GAGSV,2,1,06,03,65,304,46,05,39,032,43,08,25,249,40,15,47,320,44,7*78
$GAGSV,2,2,06,34,76,169,47,36,23,149,39,7*7C
$GAGSV,1,1,03,16,06,108,,24,02,085,,25,06,131,,0*44
$GBGSV,2,1,08,06,62,080,45,09,66,113,46,11,46,272,45,12,36,197,42,1*75
$GBGSV,2,2,08,13,48,072,44,16,56,067,45,26,34,146,44,34,45,235,46,1*71
$GBGSV,2,1,08,06,62,080,42,08,34,087,43,09,66,113,44,11,46,272,47,B*09
$GBGSV,2,2,08,12,36,197,46,13,48,072,43,14,21,289,43,16,56,067,42,B*0B
$GBGSV,1,1,04,10,03,160,,44,19,178,,45,29,078,,50,51,348,,0*7B
$GQGSV,1,1,02,04,20,076,36,07,19,104,33,1*6F
$GQGSV,1,1,02,04,20,076,36,07,19,104,41,6*6D
$GNGLL,2454.23240,N,06708.27189,E,153416.00,A,D*7A
$GNRMC,153417.00,A,2454.23241,N,06708.27189,E,0.005,,020525,,,R,V*0A
$GNVTG,,T,,M,0.005,N,0.009,K,D*34
$GNGGA,153417.00,2454.23241,N,06708.27189,E,4,12,0.59,21.8,M,-44.2,M,1.0,0284*75
$GNGSA,A,3,10,27,28,31,32,01,23,08,02,,,,1.18,0.59,1.02,1*01
$GNGSA,A,3,70,84,71,73,80,79,69,85,86,,,,1.18,0.59,1.02,2*06
$GNGSA,A,3,15,34,03,,,,,,,,,,1.18,0.59,1.02,3*04
$GNGSA,A,3,06,14,08,13,12,11,16,26,34,,,,1.18,0.59,1.02,4*0D
$GNGSA,A,3,07,04,,,,,,,,,,,1.18,0.59,1.02,5*01
$GPGSV,4,1,13,01,19,320,37,02,45,308,45,08,16,253,38,10,44,069,45,1*69
$GPGSV,4,2,13,23,11,101,38,25,07,086,28,27,15,216,37,28,68,130,47,1*6B
$GPGSV,4,3,13,31,48,178,45,32,49,020,47,40,59,208,47,41,56,146,45,1*68
$GPGSV,4,4,13,42,19,104,44,1*5D
$GPGSV,3,1,09,01,19,320,42,08,16,253,37,10,44,069,43,23,11,101,35,6*67
$GPGSV,3,2,09,25,07,086,31,27,15,216,37,28,68,130,46,31,48,178,43,6*64
$GPGSV,3,3,09,32,49,020,44,6*54
$GLGSV,3,1,10,69,12,049,42,70,41,344,36,71,25,289,44,73,13,158,41,1*75
$GLGSV,3,2,10,79,14,050,41,80,28,104,46,84,34,183,36,85,61,261,50,1*78
$GLGSV,3,3,10,86,21,325,43,,,,49,1*4A
$GLGSV,3,1,10,69,12,049,40,70,41,344,08,71,25,289,41,73,13,158,39,3*72
$GLGSV,3,2,10,79,14,050,41,80,28,104,43,84,34,183,43,85,61,261,45,3*79
$GLGSV,3,3,10,86,21,325,40,,,,46,3*44
$GAGSV,2,1,06,03,65,304,46,05,39,032,45,08,25,249,41,15,47,320,45,2*7B
$GAGSV,2,2,06,34,76,169,47,36,23,149,43,2*74
$GAGSV,2,1,06,03,65,304,46,05,39,032,43,08,25,249,40,15,47,320,44,7*78
$GAGSV,2,2,06,34,76,169,47,36,23,149,39,7*7C
$GAGSV,1,1,03,16,06,108,,24,02,085,,25,06,131,,0*44
$GBGSV,2,1,08,06,62,080,45,09,66,113,46,11,46,272,45,12,36,197,42,1*75
$GBGSV,2,2,08,13,48,072,44,16,56,067,45,26,35,145,44,34,45,235,46,1*73
$GBGSV,2,1,08,06,62,080,42,08,34,087,43,09,66,113,44,11,46,272,47,B*09
$GBGSV,2,2,08,12,36,197,46,13,48,072,43,14,21,289,43,16,56,067,42,B*0B
$GBGSV,1,1,04,10,03,160,,44,19,178,,45,29,078,,50,51,348,,0*7B
$GQGSV,1,1,02,04,20,076,36,07,19,104,32,1*6E
$GQGSV,1,1,02,04,20,076,36,07,19,104,41,6*6D
$GNGLL,2454.23241,N,06708.27189,E,153417.00,A,D*7A
$GNRMC,153418.00,A,2454.23240,N,06708.27189,E,0.011,,020525,,,R,V*01
$GNVTG,,T,,M,0.011,N,0.021,K,D*3B
$GNGGA,153418.00,2454.23240,N,06708.27189,E,4,12,0.59,21.8,M,-44.2,M,1.0,0284*7B
$GNGSA,A,3,10,27,28,31,32,01,23,08,02,,,,1.18,0.59,1.02,1*01
$GNGSA,A,3,70,84,71,73,80,79,69,85,86,,,,1.18,0.59,1.02,2*06
$GNGSA,A,3,15,34,03,,,,,,,,,,1.18,0.59,1.02,3*04
$GNGSA,A,3,06,14,08,13,12,11,16,26,34,,,,1.18,0.59,1.02,4*0D
$GNGSA,A,3,07,04,,,,,,,,,,,1.18,0.59,1.02,5*01
$GPGSV,4,1,13,01,19,320,37,02,45,308,45,08,16,253,38,10,44,069,45,1*69
$GPGSV,4,2,13,23,11,101,38,25,07,086,28,27,15,216,37,28,68,130,47,1*6B
$GPGSV,4,3,13,31,48,178,45,32,49,020,47,40,59,208,47,41,56,146,45,1*68
$GPGSV,4,4,13,42,19,104,44,1*5D
$GPGSV,3,1,09,01,19,320,42,08,16,253,37,10,44,069,43,23,11,101,35,6*67
$GPGSV,3,2,09,25,07,086,31,27,15,216,38,28,68,130,46,31,48,178,43,6*6B
$GPGSV,3,3,09,32,49,020,44,6*54
$GLGSV,3,1,10,69,12,049,42,70,41,344,36,71,25,289,44,73,13,158,41,1*75
$GLGSV,3,2,10,79,14,050,41,80,28,104,46,84,34,183,36,85,61,261,49,1*70
$GLGSV,3,3,10,86,21,325,43,,,,49,1*4A
$GLGSV,3,1,10,69,12,049,40,70,41,344,06,71,25,289,41,73,13,158,38,3*7D
$GLGSV,3,2,10,79,14,050,41,80,28,104,43,84,34,183,43,85,61,261,45,3*79
$GLGSV,3,3,10,86,21,325,40,,,,46,3*44
$GAGSV,2,1,06,03,65,304,46,05,39,032,45,08,25,249,41,15,47,320,45,2*7B
$GAGSV,2,2,06,34,76,169,46,36,23,149,43,2*75
$GAGSV,2,1,06,03,65,304,46,05,39,032,43,08,25,249,40,15,47,320,44,7*78
$GAGSV,2,2,06,34,76,169,47,36,23,149,39,7*7C
$GAGSV,1,1,03,16,06,108,,24,02,085,,25,06,131,,0*44
$GBGSV,2,1,08,06,62,080,45,09,66,113,46,11,46,272,45,12,36,197,42,1*75
$GBGSV,2,2,08,13,48,072,44,16,56,067,45,26,35,145,45,34,45,234,46,1*73
$GBGSV,2,1,08,06,62,080,42,08,34,087,43,09,66,113,44,11,46,272,47,B*09
$GBGSV,2,2,08,12,36,197,46,13,48,072,43,14,21,289,43,16,56,067,42,B*0B
$GBGSV,1,1,04,10,03,160,,44,19,178,,45,29,078,,50,51,348,,0*7B
$GQGSV,1,1,02,04,20,076,36,07,19,104,32,1*6E
$GQGSV,1,1,02,04,20,076,36,07,19,104,41,6*6D
$GNGLL,2454.23240,N,06708.27189,E,153418.00,A,D*74
$GNRMC,153419.00,A,2454.23240,N,06708.27190,E,0.073,,020525,,,D,V*1A
$GNVTG,,T,,M,0.073,N,0.136,K,D*38
$GNGGA,153419.00,2454.23240,N,06708.27190,E,2,12,0.59,21.7,M,-44.2,M,1.0,0284*7B
$GNGSA,A,3,10,27,28,31,32,01,23,08,02,,,,1.18,0.59,1.02,1*01
$GNGSA,A,3,70,84,71,73,80,79,69,85,86,,,,1.18,0.59,1.02,2*06
$GNGSA,A,3,15,34,03,,,,,,,,,,1.18,0.59,1.02,3*04
$GNGSA,A,3,06,14,08,13,12,11,16,26,34,,,,1.18,0.59,1.02,4*0D
$GNGSA,A,3,07,04,,,,,,,,,,,1.18,0.59,1.02,5*01
$GPGSV,4,1,13,01,19,320,37,02,45,308,45,08,16,253,38,10,44,069,45,1*69
$GPGSV,4,2,13,23,11,101,38,25,07,086,27,27,15,216,37,28,68,130,47,1*64
$GPGSV,4,3,13,31,48,178,45,32,49,020,47,40,59,208,47,41,56,146,45,1*68
$GPGSV,4,4,13,42,19,104,44,1*5D
$GPGSV,3,1,09,01,19,320,42,08,16,253,37,10,44,069,43,23,11,101,35,6*67
$GPGSV,3,2,09,25,07,086,31,27,15,216,38,28,68,130,46,31,48,178,43,6*6B
$GPGSV,3,3,09,32,49,020,44,6*54
$GLGSV,3,1,10,69,12,049,42,70,41,344,36,71,25,289,44,73,13,158,40,1*74
$GLGSV,3,2,10,79,14,050,41,80,28,104,46,84,34,183,36,85,61,261,49,1*70
$GLGSV,3,3,10,86,21,325,43,,,,49,1*4A
$GLGSV,3,1,10,69,12,049,40,70,41,344,08,71,25,289,41,73,13,158,38,3*73
$GLGSV,3,2,10,79,14,050,41,80,28,104,43,84,34,183,43,85,61,261,45,3*79
$GLGSV,3,3,10,86,21,325,40,,,,46,3*44
$GAGSV,2,1,06,03,65,304,46,05,39,032,45,08,25,249,41,15,47,320,45,2*7B
$GAGSV,2,2,06,34,76,169,46,36,23,149,43,2*75
$GAGSV,2,1,06,03,65,304,46,05,39,032,43,08,25,249,40,15,47,320,44,7*78
$GAGSV,2,2,06,34,76,169,47,36,23,149,40,7*72
$GAGSV,1,1,03,16,06,108,,24,02,085,,25,06,131,,0*44
$GBGSV,2,1,08,06,62,080,45,09,66,113,46,11,46,272,45,12,36,197,42,1*75
$GBGSV,2,2,08,13,48,072,44,16,56,067,45,26,35,145,45,34,45,234,46,1*73
$GBGSV,2,1,08,06,62,080,42,08,34,087,43,09,66,113,44,11,46,272,47,B*09
$GBGSV,2,2,08,12,36,197,46,13,48,072,43,14,21,289,43,16,56,067,42,B*0B
$GBGSV,1,1,04,10,03,160,,44,18,178,,45,29,078,,50,51,348,,0*7A
$GQGSV,1,1,02,04,20,076,36,07,19,104,33,1*6F
$GQGSV,1,1,02,04,20,076,36,07,19,104,41,6*6D
$GNGLL,2454.23240,N,06708.27190,E,153419.00,A,D*7D
$GNRMC,153420.00,A,2454.23240,N,06708.27191,E,0.033,,020525,,,D,V*15
$GNVTG,,T,,M,0.033,N,0.062,K,D*3C
$GNGGA,153420.00,2454.23240,N,06708.27191,E,2,12,0.64,21.5,M,-44.2,M,1.0,0284*7C
$GNGSA,A,3,10,27,28,32,01,23,31,08,02,,,,1.32,0.64,1.15,1*01
$GNGSA,A,3,70,84,71,73,80,79,69,85,86,,,,1.32,0.64,1.15,2*06
$GNGSA,A,3,15,34,03,,,,,,,,,,1.32,0.64,1.15,3*04
$GNGSA,A,3,09,06,14,08,13,12,11,16,26,,,,1.32,0.64,1.15,4*03
$GNGSA,A,3,07,04,,,,,,,,,,,1.32,0.64,1.15,5*01
$GPGSV,4,1,13,01,19,320,37,02,45,308,45,08,16,253,37,10,44,069,45,1*66
$GPGSV,4,2,13,23,11,101,38,25,07,086,27,27,15,216,37,28,68,130,47,1*64
$GPGSV,4,3,13,31,48,178,45,32,49,020,47,40,59,208,47,41,56,146,45,1*68
$GPGSV,4,4,13,42,19,104,44,1*5D
$GPGSV,3,1,09,01,19,320,42,08,16,253,37,10,44,069,43,23,11,101,35,6*67
$GPGSV,3,2,09,25,07,086,31,27,15,216,38,28,68,130,46,31,48,178,43,6*6B
$GPGSV,3,3,09,32,49,020,44,6*54
$GLGSV,3,1,10,69,12,049,42,70,41,344,36,71,25,289,44,73,13,158,41,1*75
$GLGSV,3,2,10,79,14,050,41,80,28,104,46,84,34,183,36,85,61,261,50,1*78
$GLGSV,3,3,10,86,21,325,43,,,,49,1*4A
$GLGSV,3,1,10,69,12,049,40,70,41,344,12,71,25,289,41,73,13,158,39,3*79
$GLGSV,3,2,10,79,14,050,41,80,28,104,43,84,34,183,43,85,61,261,45,3*79
$GLGSV,3,3,10,86,21,325,40,,,,46,3*44
$GAGSV,2,1,06,03,65,304,46,05,39,032,45,08,25,249,41,15,47,320,45,2*7B
$GAGSV,2,2,06,34,76,169,46,36,23,149,42,2*74
$GAGSV,2,1,06,03,65,304,46,05,39,032,43,08,25,249,40,15,47,320,44,7*78
$GAGSV,2,2,06,34,76,169,47,36,23,149,40,7*72
$GAGSV,1,1,03,16,06,108,,24,02,085,,25,06,131,,0*44
$GBGSV,2,1,08,06,62,080,45,09,66,113,46,11,46,272,45,12,36,197,42,1*75
$GBGSV,2,2,08,13,48,072,44,16,56,067,45,26,35,145,45,34,45,234,46,1*73
$GBGSV,2,1,08,06,62,080,42,08,34,087,43,09,66,113,44,11,46,272,47,B*09
$GBGSV,2,2,08,12,36,197,46,13,48,072,43,14,21,289,43,16,56,067,42,B*0B
$GBGSV,1,1,04,10,03,160,,44,18,178,,45,29,078,,50,51,348,,0*7A
$GQGSV,1,1,02,04,20,076,36,07,19,104,33,1*6F
$GQGSV,1,1,02,04,20,076,35,07,19,104,41,6*6E
$GNGLL,2454.23240,N,06708.27191,E,153420.00,A,D*76
$GNRMC,153421.00,A,2454.23240,N,06708.27192,E,0.048,,020525,,,D,V*1B
$GNVTG,,T,,M,0.048,N,0.088,K,D*34
$GNGGA,153421.00,2454.23240,N,06708.27192,E,2,12,0.59,21.3,M,-44.2,M,1.0,0284*76
$GNGSA,A,3,10,27,28,32,01,23,31,08,02,,,,1.18,0.59,1.02,1*01
$GNGSA,A,3,70,84,71,73,80,79,69,85,86,,,,1.18,0.59,1.02,2*06
$GNGSA,A,3,15,34,03,,,,,,,,,,1.18,0.59,1.02,3*04
$GNGSA,A,3,09,06,14,08,13,12,11,16,26,,,,1.18,0.59,1.02,4*03
$GNGSA,A,3,07,04,,,,,,,,,,,1.18,0.59,1.02,5*01
$GPGSV,4,1,13,01,19,320,37,02,45,308,45,08,16,253,37,10,44,069,45,1*66
$GPGSV,4,2,13,23,11,101,38,25,07,086,27,27,15,216,37,28,68,130,47,1*64
$GPGSV,4,3,13,31,48,178,45,32,49,020,47,40,59,208,47,41,56,146,45,1*68
$GPGSV,4,4,13,42,19,104,44,1*5D
$GPGSV,3,1,09,01,19,320,42,08,16,253,38,10,44,069,43,23,11,101,35,6*68
$GPGSV,3,2,09,25,07,086,30,27,15,216,38,28,68,130,46,31,48,178,43,6*6A
$GPGSV,3,3,09,32,49,020,44,6*54
$GLGSV,3,1,10,69,12,049,41,70,41,344,36,71,25,289,44,73,13,158,40,1*77
$GLGSV,3,2,10,79,14,050,41,80,28,104,46,84,34,183,36,85,61,261,49,1*70
$GLGSV,3,3,10,86,21,325,43,,,,49,1*4A
$GLGSV,3,1,10,69,12,049,40,70,41,344,08,71,25,289,41,73,13,158,38,3*73
$GLGSV,3,2,10,79,14,050,41,80,28,104,43,84,34,183,43,85,61,261,45,3*79
$GLGSV,3,3,10,86,21,325,40,,,,46,3*44
$GAGSV,2,1,06,03,65,304,46,05,39,032,44,08,25,249,41,15,47,320,45,2*7A
$GAGSV,2,2,06,34,76,169,46,36,23,149,42,2*74
$GAGSV,2,1,06,03,65,304,46,05,39,032,43,08,25,249,40,15,47,320,44,7*78
$GAGSV,2,2,06,34,76,169,47,36,23,149,40,7*72
$GAGSV,1,1,03,16,06,108,,24,02,085,,25,06,131,,0*44
$GBGSV,2,1,08,06,62,080,45,09,66,113,46,11,46,272,45,12,36,197,42,1*75
$GBGSV,2,2,08,13,48,072,44,16,56,067,45,26,35,145,44,34,45,234,46,1*72
$GBGSV,2,1,08,06,62,080,42,08,34,087,42,09,66,113,44,11,46,272,47,B*08
$GBGSV,2,2,08,12,36,197,46,13,48,072,43,14,21,289,43,16,56,067,42,B*0B
$GBGSV,1,1,04,10,03,160,,44,18,178,,45,29,078,,50,51,348,,0*7A
$GQGSV,1,1,02,04,20,076,36,07,19,104,33,1*6F
$GQGSV,1,1,02,04,20,076,36,07,19,104,41,6*6D
$GNGLL,2454.23240,N,06708.27192,E,153421.00,A,D*74
$GNRMC,153422.00,A,2454.23244,N,06708.27191,E,0.229,342.33,020525,,,D,V*01
$GNVTG,342.33,T,,M,0.229,N,0.424,K,D*28
$GNGGA,153422.00,2454.23244,N,06708.27191,E,2,12,0.59,21.5,M,-44.2,M,1.0,0284*74
$GNGSA,A,3,10,27,28,32,01,23,31,08,02,,,,1.18,0.59,1.02,1*01
$GNGSA,A,3,70,84,71,73,80,79,69,85,86,,,,1.18,0.59,1.02,2*06
$GNGSA,A,3,15,34,03,,,,,,,,,,1.18,0.59,1.02,3*04
$GNGSA,A,3,09,06,14,08,13,12,11,16,26,,,,1.18,0.59,1.02,4*03
$GNGSA,A,3,07,04,,,,,,,,,,,1.18,0.59,1.02,5*01
$GPGSV,4,1,13,01,19,320,37,02,45,308,45,08,16,253,37,10,44,069,45,1*66
$GPGSV,4,2,13,23,11,101,38,25,07,086,26,27,15,216,37,28,68,130,47,1*65
$GPGSV,4,3,13,31,48,178,45,32,49,020,47,40,59,208,47,41,56,146,45,1*68
$GPGSV,4,4,13,42,19,104,44,1*5D
$GPGSV,3,1,09,01,19,320,42,08,16,253,37,10,44,069,43,23,11,101,35,6*67
$GPGSV,3,2,09,25,07,086,30,27,15,216,38,28,68,130,46,31,48,178,43,6*6A
$GPGSV,3,3,09,32,49,020,44,6*54
$GLGSV,3,1,10,69,12,049,42,70,41,344,36,71,25,289,44,73,13,158,40,1*74
$GLGSV,3,2,10,79,14,050,41,80,28,104,46,84,34,183,35,85,61,261,49,1*73
$GLGSV,3,3,10,86,21,325,43,,,,49,1*4A
$GLGSV,3,1,10,69,12,049,40,70,41,344,09,71,25,289,41,73,13,158,38,3*72
$GLGSV,3,2,10,79,14,050,41,80,28,104,43,84,34,183,43,85,61,261,45,3*79
$GLGSV,3,3,10,86,21,325,40,,,,46,3*44
$GAGSV,2,1,06,03,65,304,46,05,39,032,44,08,25,249,41,15,47,320,45,2*7A
$GAGSV,2,2,06,34,76,169,46,36,23,149,43,2*75
$GAGSV,2,1,06,03,65,304,46,05,39,032,43,08,25,249,40,15,47,320,44,7*78
$GAGSV,2,2,06,34,76,169,47,36,23,149,40,7*72
$GAGSV,1,1,03,16,06,108,,24,02,085,,25,06,131,,0*44
$GBGSV,2,1,08,06,62,080,45,09,66,113,46,11,46,272,45,12,36,197,42,1*75
$GBGSV,2,2,08,13,48,072,44,16,56,067,45,26,35,145,44,34,45,234,46,1*72
$GBGSV,2,1,08,06,62,080,42,08,34,087,43,09,66,113,44,11,46,272,47,B*09
$GBGSV,2,2,08,12,36,197,46,13,48,072,42,14,21,289,42,16,56,067,42,B*0B
$GBGSV,2,1,05,10,03,160,,21,46,026,,44,18,178,,45,29,078,,0*73
$GBGSV,2,2,05,50,51,348,,0*4C
$GQGSV,1,1,02,04,20,076,37,07,19,104,33,1*6E
$GQGSV,1,1,02,04,20,076,36,07,19,104,41,6*6D
$GNGLL,2454.23244,N,06708.27191,E,153422.00,A,D*70
$GNRMC,153423.00,A,2454.23251,N,06708.27189,E,0.279,351.48,020525,,,D,V*06
$GNVTG,351.48,T,,M,0.279,N,0.517,K,D*22
$GNGGA,153423.00,2454.23251,N,06708.27189,E,2,12,0.59,21.8,M,-44.2,M,1.0,0284*75
$GNGSA,A,3,10,27,28,32,01,23,31,08,02,,,,1.18,0.59,1.02,1*01
$GNGSA,A,3,70,84,71,73,80,79,69,85,86,,,,1.18,0.59,1.02,2*06
$GNGSA,A,3,15,34,03,,,,,,,,,,1.18,0.59,1.02,3*04
$GNGSA,A,3,09,06,14,08,13,12,11,16,26,,,,1.18,0.59,1.02,4*03
$GNGSA,A,3,07,04,,,,,,,,,,,1.18,0.59,1.02,5*01
$GPGSV,4,1,13,01,19,320,37,02,45,308,45,08,16,253,37,10,44,069,46,1*65
$GPGSV,4,2,13,23,11,101,38,25,07,086,27,27,15,216,37,28,68,130,47,1*64
$GPGSV,4,3,13,31,48,178,45,32,49,020,47,40,59,208,47,41,56,146,45,1*68
$GPGSV,4,4,13,42,19,104,44,1*5D
$GPGSV,3,1,09,01,19,320,42,08,16,253,38,10,44,069,43,23,11,101,35,6*68
$GPGSV,3,2,09,25,07,086,30,27,15,216,38,28,68,130,46,31,48,178,43,6*6A
$GPGSV,3,3,09,32,49,020,44,6*54
$GLGSV,3,1,10,69,12,049,41,70,41,344,36,71,25,289,44,73,13,158,40,1*77
$GLGSV,3,2,10,79,14,050,42,80,28,104,46,84,34,183,36,85,61,261,49,1*73
$GLGSV,3,3,10,86,21,325,43,,,,49,1*4A
$GLGSV,3,1,10,69,12,049,40,70,41,344,07,71,25,289,41,73,13,158,38,3*7C
$GLGSV,3,2,10,79,14,050,41,80,28,104,43,84,34,183,43,85,61,261,45,3*79
$GLGSV,3,3,10,86,21,325,40,,,,46,3*44
$GAGSV,2,1,06,03,65,304,46,05,39,032,45,08,25,249,41,15,47,320,45,2*7B
$GAGSV,2,2,06,34,76,169,46,36,23,149,42,2*74
$GAGSV,2,1,06,03,65,304,46,05,39,032,43,08,25,249,40,15,47,320,44,7*78
$GAGSV,2,2,06,34,76,169,47,36,23,149,40,7*72
$GAGSV,1,1,03,16,06,108,,24,02,085,,25,06,131,,0*44
$GBGSV,2,1,08,06,62,080,45,09,66,113,46,11,46,272,45,12,36,197,42,1*75
$GBGSV,2,2,08,13,48,072,44,16,56,067,45,26,35,145,44,34,45,234,46,1*72
$GBGSV,2,1,08,06,62,080,42,08,34,087,43,09,66,113,44,11,46,272,47,B*09
$GBGSV,2,2,08,12,36,197,46,13,48,072,42,14,21,289,42,16,56,067,42,B*0B
$GBGSV,2,1,05,10,03,160,,21,46,026,,44,18,178,,45,29,078,,0*73
$GBGSV,2,2,05,50,51,349,,0*4D
$GQGSV,1,1,02,04,20,076,36,07,19,104,32,1*6E
$GQGSV,1,1,02,04,20,076,36,07,19,104,40,6*6C
$GNGLL,2454.23251,N,06708.27189,E,153423.00,A,D*7C
$GNRMC,153424.00,A,2454.23251,N,06708.27189,E,0.012,,020525,,,F,V*19
$GNVTG,,T,,M,0.012,N,0.022,K,D*3B
$GNGGA,153424.00,2454.23251,N,06708.27189,E,5,12,0.59,21.8,M,-44.2,M,1.0,0284*75
$GNGSA,A,3,10,27,28,32,01,23,31,08,02,,,,1.18,0.59,1.02,1*01
$GNGSA,A,3,70,84,71,73,80,79,69,85,86,,,,1.18,0.59,1.02,2*06
$GNGSA,A,3,15,34,03,,,,,,,,,,1.18,0.59,1.02,3*04
$GNGSA,A,3,09,06,14,08,13,12,11,16,26,,,,1.18,0.59,1.02,4*03
$GNGSA,A,3,07,04,,,,,,,,,,,1.18,0.59,1.02,5*01
$GPGSV,4,1,13,01,19,320,37,02,45,308,45,08,16,253,37,10,44,069,45,1*66
$GPGSV,4,2,13,23,11,101,38,25,07,086,26,27,15,216,37,28,68,130,47,1*65
$GPGSV,4,3,13,31,48,178,45,32,49,020,47,40,59,208,47,41,56,146,45,1*68
$GPGSV,4,4,13,42,19,104,44,1*5D
$GPGSV,3,1,09,01,19,320,42,08,16,253,37,10,44,069,43,23,11,101,35,6*67
$GPGSV,3,2,09,25,07,086,31,27,15,216,38,28,68,130,46,31,48,178,43,6*6B
$GPGSV,3,3,09,32,49,020,44,6*54
$GLGSV,3,1,10,69,12,049,41,70,41,344,36,71,25,289,44,73,13,158,40,1*77
$GLGSV,3,2,10,79,14,050,41,80,28,104,46,84,34,183,35,85,61,261,50,1*7B
$GLGSV,3,3,10,86,21,325,43,,,,49,1*4A
$GLGSV,3,1,10,69,12,049,40,70,41,344,10,71,25,289,42,73,13,158,38,3*79
$GLGSV,3,2,10,79,14,050,41,80,28,104,43,84,34,183,43,85,61,261,45,3*79
$GLGSV,3,3,10,86,21,325,40,,,,46,3*44
$GAGSV,2,1,06,03,65,304,46,05,39,032,45,08,25,249,41,15,47,320,45,2*7B
$GAGSV,2,2,06,34,76,169,46,36,23,149,43,2*75
$GAGSV,2,1,06,03,65,304,46,05,39,032,43,08,25,249,40,15,47,320,44,7*78
$GAGSV,2,2,06,34,76,169,47,36,23,149,40,7*72
$GAGSV,1,1,03,16,06,108,,24,02,085,,25,06,131,,0*44
$GBGSV,2,1,08,06,62,080,45,09,66,113,46,11,46,272,45,12,36,197,42,1*75
$GBGSV,2,2,08,13,48,072,44,16,56,067,45,26,35,145,44,34,45,234,46,1*72
$GBGSV,2,1,08,06,62,080,42,08,34,087,43,09,66,113,44,11,46,272,47,B*09
$GBGSV,2,2,08,12,36,197,47,13,48,072,43,14,21,289,43,16,56,067,42,B*0A
$GBGSV,2,1,05,10,03,160,,21,46,026,,44,18,178,,45,29,078,,0*73
$GBGSV,2,2,05,50,51,349,,0*4D
$GQGSV,1,1,02,04,20,076,36,07,19,104,32,1*6E
$GQGSV,1,1,02,04,20,076,36,07,19,104,41,6*6D
$GNGLL,2454.23251,N,06708.27189,E,153424.00,A,D*7B
$GNRMC,153425.00,A,2454.23251,N,06708.27189,E,0.060,,020525,,,F,V*1D
$GNVTG,,T,,M,0.060,N,0.112,K,D*3C
$GNGGA,153425.00,2454.23251,N,06708.27189,E,5,12,0.63,21.8,M,-44.2,M,1.0,0284*7D
$GNGSA,A,3,10,27,28,32,01,23,31,08,02,,,,1.26,0.63,1.09,1*0E
$GNGSA,A,3,70,84,71,80,79,69,85,86,,,,,1.26,0.63,1.09,2*0D
$GNGSA,A,3,15,34,03,05,,,,,,,,,1.26,0.63,1.09,3*0E
$GNGSA,A,3,09,06,14,08,13,12,11,16,26,,,,1.26,0.63,1.09,4*0C
$GNGSA,A,3,07,04,,,,,,,,,,,1.26,0.63,1.09,5*0E
$GPGSV,4,1,13,01,19,320,37,02,45,308,45,08,16,253,37,10,44,069,45,1*66
$GPGSV,4,2,13,23,11,101,38,25,07,086,26,27,15,216,37,28,68,130,47,1*65
$GPGSV,4,3,13,31,48,178,45,32,49,020,47,40,59,208,47,41,56,146,45,1*68
$GPGSV,4,4,13,42,19,104,44,1*5D
$GPGSV,3,1,09,01,19,320,42,08,16,253,37,10,44,069,43,23,11,101,35,6*67
$GPGSV,3,2,09,25,07,086,31,27,15,216,38,28,68,130,46,31,48,178,43,6*6B
$GPGSV,3,3,09,32,49,020,44,6*54
$GLGSV,3,1,10,69,12,049,42,70,41,344,36,71,25,289,44,73,13,158,40,1*74
$GLGSV,3,2,10,79,14,050,41,80,28,104,46,84,34,183,35,85,61,261,49,1*73
$GLGSV,3,3,10,86,21,325,43,,,,49,1*4A
$GLGSV,3,1,10,69,12,049,40,70,41,344,09,71,25,289,42,73,13,158,38,3*71
$GLGSV,3,2,10,79,14,050,41,80,28,104,43,84,34,183,43,85,61,261,45,3*79
$GLGSV,3,3,10,86,21,325,40,,,,46,3*44
$GAGSV,2,1,06,03,65,304,46,05,39,032,45,08,25,249,41,15,47,319,45,2*71
$GAGSV,2,2,06,34,76,169,46,36,23,149,43,2*75
$GAGSV,2,1,06,03,65,304,46,05,39,032,43,08,25,249,40,15,47,319,44,7*72
$GAGSV,2,2,06,34,76,169,47,36,23,149,39,7*7C
$GAGSV,1,1,03,16,06,108,,24,02,085,,25,06,131,,0*44
$GBGSV,2,1,08,06,62,080,45,09,66,113,46,11,46,272,45,12,36,197,42,1*75
$GBGSV,2,2,08,13,48,072,44,16,56,067,45,26,35,145,44,34,45,234,46,1*72
$GBGSV,2,1,08,06,62,080,42,08,34,087,43,09,66,113,44,11,46,272,47,B*09
$GBGSV,2,2,08,12,36,197,47,13,48,072,43,14,21,289,43,16,56,067,42,B*0A
$GBGSV,2,1,05,10,03,160,,21,46,026,,44,18,178,,45,29,078,,0*73
$GBGSV,2,2,05,50,51,349,,0*4D
$GQGSV,1,1,02,04,20,076,37,07,19,104,32,1*6F
$GQGSV,1,1,02,04,20,076,36,07,19,104,41,6*6D
$GNGLL,2454.23251,N,06708.27189,E,153425.00,A,D*7A
$GNRMC,153426.00,A,2454.23251,N,06708.27188,E,0.005,,020525,,,F,V*1C
$GNVTG,,T,,M,0.005,N,0.009,K,D*34
$GNGGA,153426.00,2454.23251,N,06708.27188,E,5,12,0.59,21.8,M,-44.2,M,1.0,0284*76
$GNGSA,A,3,10,27,28,32,01,23,31,08,02,,,,1.18,0.59,1.02,1*01
$GNGSA,A,3,70,73,84,71,80,79,69,85,86,,,,1.18,0.59,1.02,2*06
$GNGSA,A,3,15,34,03,,,,,,,,,,1.18,0.59,1.02,3*04
$GNGSA,A,3,06,14,08,13,12,11,09,16,26,,,,1.18,0.59,1.02,4*03
$GNGSA,A,3,07,04,,,,,,,,,,,1.18,0.59,1.02,5*01
$GPGSV,4,1,13,01,19,320,37,02,45,308,45,08,16,253,37,10,44,069,45,1*66
$GPGSV,4,2,13,23,11,101,38,25,07,086,26,27,15,216,37,28,68,130,47,1*65
$GPGSV,4,3,13,31,48,178,45,32,49,020,47,40,59,208,47,41,56,146,45,1*68
$GPGSV,4,4,13,42,19,104,44,1*5D
$GPGSV,3,1,09,01,19,320,42,08,16,253,37,10,44,069,43,23,11,101,35,6*67
$GPGSV,3,2,09,25,07,086,30,27,15,216,38,28,68,130,46,31,48,178,43,6*6A
$GPGSV,3,3,09,32,49,020,44,6*54
$GLGSV,3,1,10,69,12,049,42,70,41,344,36,71,25,289,45,73,13,158,39,1*7B
$GLGSV,3,2,10,79,14,050,41,80,28,104,46,84,34,183,36,85,61,261,50,1*78
$GLGSV,3,3,10,86,21,325,43,,,,49,1*4A
$GLGSV,3,1,10,69,12,049,40,70,41,344,10,71,25,289,42,73,13,158,38,3*79
$GLGSV,3,2,10,79,14,050,41,80,28,104,43,84,34,183,43,85,61,261,45,3*79
$GLGSV,3,3,10,86,21,325,40,,,,46,3*44
$GAGSV,2,1,06,03,65,304,46,05,39,032,45,08,25,249,41,15,47,319,45,2*71
$GAGSV,2,2,06,34,76,169,46,36,23,149,43,2*75
$GAGSV,2,1,06,03,65,304,46,05,39,032,43,08,25,249,40,15,47,319,44,7*72
$GAGSV,2,2,06,34,76,169,47,36,23,149,40,7*72
$GAGSV,1,1,03,16,06,108,,24,02,085,,25,06,131,,0*44
$GBGSV,2,1,08,06,62,080,45,09,66,113,46,11,46,272,45,12,36,197,42,1*75
$GBGSV,2,2,08,13,48,072,44,16,56,067,45,26,35,145,44,34,45,234,46,1*72
$GBGSV,2,1,08,06,62,080,42,08,34,087,43,09,66,113,44,11,46,272,47,B*09
$GBGSV,2,2,08,12,36,197,46,13,48,072,43,14,21,289,42,16,56,067,42,B*0A
$GBGSV,2,1,05,10,03,160,,21,46,026,,44,18,178,,45,29,078,,0*73
$GBGSV,2,2,05,50,51,349,,0*4D
$GQGSV,1,1,02,04,20,076,36,07,19,104,33,1*6F
$GQGSV,1,1,02,04,20,076,36,07,19,104,41,6*6D
$GNGLL,2454.23251,N,06708.27188,E,153426.00,A,D*78
$GNRMC,153427.00,A,2454.23250,N,06708.27188,E,0.005,,020525,,,F,V*1C
$GNVTG,,T,,M,0.005,N,0.010,K,D*3C
$GNGGA,153427.00,2454.23250,N,06708.27188,E,5,12,0.59,21.8,M,-44.2,M,1.0,0284*76
$GNGSA,A,3,10,27,28,32,01,23,31,08,02,,,,1.18,0.59,1.02,1*01
$GNGSA,A,3,70,73,84,71,80,79,69,85,86,,,,1.18,0.59,1.02,2*06
$GNGSA,A,3,15,34,03,,,,,,,,,,1.18,0.59,1.02,3*04
$GNGSA,A,3,06,14,08,13,12,11,09,16,26,,,,1.18,0.59,1.02,4*03
$GNGSA,A,3,07,04,,,,,,,,,,,1.18,0.59,1.02,5*01
$GPGSV,4,1,13,01,19,320,37,02,45,308,45,08,16,253,37,10,44,069,45,1*66
$GPGSV,4,2,13,23,11,101,38,25,07,086,25,27,15,216,37,28,68,130,47,1*66
$GPGSV,4,3,13,31,48,178,45,32,49,020,47,40,59,208,47,41,56,146,46,1*6B
$GPGSV,4,4,13,42,19,104,44,1*5D
$GPGSV,3,1,09,01,19,320,42,08,16,253,37,10,44,069,43,23,11,101,35,6*67
$GPGSV,3,2,09,25,07,086,30,27,15,216,38,28,68,130,46,31,48,178,43,6*6A
$GPGSV,3,3,09,32,49,020,44,6*54
$GLGSV,3,1,10,69,12,049,41,70,41,344,36,71,25,289,45,73,13,158,39,1*78
$GLGSV,3,2,10,79,14,050,42,80,28,104,46,84,34,183,35,85,61,261,49,1*70
$GLGSV,3,3,10,86,21,325,43,,,,49,1*4A
$GLGSV,3,1,10,69,12,049,40,70,41,344,08,71,25,289,42,73,13,158,38,3*70
$GLGSV,3,2,10,79,14,050,41,80,28,104,43,84,34,183,43,85,61,261,45,3*79
$GLGSV,3,3,10,86,21,325,40,,,,46,3*44
$GAGSV,2,1,06,03,65,304,46,05,39,032,45,08,25,249,41,15,47,319,45,2*71
$GAGSV,2,2,06,34,76,169,46,36,23,149,42,2*74
$GAGSV,2,1,06,03,65,304,46,05,39,032,43,08,25,249,40,15,47,319,44,7*72
$GAGSV,2,2,06,34,76,169,47,36,23,149,40,7*72
$GAGSV,1,1,03,16,06,108,,24,02,085,,25,06,131,,0*44
$GBGSV,2,1,08,06,62,080,45,09,66,113,46,11,46,272,45,12,36,197,42,1*75
$GBGSV,2,2,08,13,48,072,44,16,56,067,45,26,35,145,44,34,45,234,46,1*72
$GBGSV,2,1,08,06,62,080,42,08,34,087,43,09,66,113,44,11,46,272,47,B*09
$GBGSV,2,2,08,12,36,197,46,13,48,072,43,14,21,289,43,16,56,067,42,B*0B
$GBGSV,2,1,05,10,03,160,,21,46,026,,44,18,178,,45,29,078,,0*73
$GBGSV,2,2,05,50,51,349,,0*4D
$GQGSV,1,1,02,04,20,076,37,07,19,104,33,1*6E
$GQGSV,1,1,02,04,20,076,36,07,19,104,41,6*6D
$GNGLL,2454.23250,N,06708.27188,E,153427.00,A,D*78
$GNRMC,153428.00,A,2454.23240,N,06708.27189,E,0.043,,020525,,,R,V*05
$GNVTG,,T,,M,0.043,N,0.079,K,D*31
$GNGGA,153428.00,2454.23240,N,06708.27189,E,4,12,0.60,21.8,M,-44.2,M,1.0,0284*72
$GNGSA,A,3,10,27,28,32,01,23,31,08,02,,,,1.20,0.60,1.04,1*06
$GNGSA,A,3,73,84,71,80,79,69,85,86,,,,,1.20,0.60,1.04,2*06
$GNGSA,A,3,15,34,03,36,,,,,,,,,1.20,0.60,1.04,3*06
$GNGSA,A,3,34,06,14,08,13,12,11,09,16,,,,1.20,0.60,1.04,4*07
$GNGSA,A,3,07,04,,,,,,,,,,,1.20,0.60,1.04,5*06
$GPGSV,4,1,13,01,19,320,37,02,45,308,45,08,16,253,37,10,44,069,45,1*66
$GPGSV,4,2,13,23,11,101,38,25,07,086,25,27,15,216,37,28,68,130,47,1*66
$GPGSV,4,3,13,31,48,178,45,32,49,020,47,40,59,208,47,41,56,146,46,1*6B
$GPGSV,4,4,13,42,19,104,44,1*5D
$GPGSV,3,1,09,01,19,320,42,08,16,253,37,10,44,069,43,23,11,101,35,6*67
$GPGSV,3,2,09,25,07,086,31,27,15,216,38,28,68,130,46,31,48,178,43,6*6B
$GPGSV,3,3,09,32,49,020,44,6*54
$GLGSV,3,1,10,69,12,049,41,70,41,344,36,71,25,289,44,73,13,158,39,1*79
$GLGSV,3,2,10,79,14,050,42,80,28,104,46,84,34,183,36,85,61,261,49,1*73
$GLGSV,3,3,10,86,21,325,43,,,,49,1*4A
$GLGSV,3,1,10,69,12,049,40,70,41,344,08,71,25,289,42,73,13,158,38,3*70
$GLGSV,3,2,10,79,14,050,41,80,28,104,43,84,34,183,43,85,61,261,45,3*79
$GLGSV,3,3,10,86,21,325,40,,,,46,3*44
$GAGSV,2,1,06,03,65,304,46,05,39,032,45,08,25,249,41,15,47,319,45,2*71
$GAGSV,2,2,06,34,76,169,46,36,23,149,42,2*74
$GAGSV,2,1,06,03,65,304,46,05,39,032,43,08,25,249,40,15,47,319,44,7*72
$GAGSV,2,2,06,34,76,169,47,36,23,149,40,7*72
$GAGSV,1,1,03,16,06,108,,24,02,085,,25,06,131,,0*44
$GBGSV,2,1,08,06,62,080,45,09,66,113,46,11,46,272,45,12,36,197,42,1*75
$GBGSV,2,2,08,13,48,072,44,16,56,067,45,26,35,145,44,34,45,234,46,1*72
$GBGSV,2,1,08,06,62,080,42,08,34,087,43,09,66,113,44,11,46,272,47,B*09
$GBGSV,2,2,08,12,36,197,46,13,48,072,43,14,21,289,43,16,56,067,42,B*0B
$GBGSV,2,1,05,10,03,160,,21,46,026,,44,18,178,,45,29,078,,0*73
$GBGSV,2,2,05,50,51,349,,0*4D
$GQGSV,1,1,02,04,20,076,36,07,19,104,33,1*6F
$GQGSV,1,1,02,04,20,076,35,07,19,104,41,6*6E
$GNGLL,2454.23240,N,06708.27189,E,153428.00,A,D*77
$GNRMC,153429.00,A,2454.23240,N,06708.27188,E,0.022,,020525,,,F,V*16
$GNVTG,,T,,M,0.022,N,0.042,K,D*3E
$GNGGA,153429.00,2454.23240,N,06708.27188,E,5,12,0.60,21.9,M,-44.2,M,1.0,0284*72
$GNGSA,A,3,10,27,28,32,01,23,31,08,02,,,,1.20,0.60,1.04,1*06
$GNGSA,A,3,73,84,71,80,79,69,85,86,,,,,1.20,0.60,1.04,2*06
$GNGSA,A,3,15,34,03,08,,,,,,,,,1.20,0.60,1.04,3*0B
$GNGSA,A,3,34,06,14,08,13,12,11,09,16,,,,1.20,0.60,1.04,4*07
$GNGSA,A,3,07,04,,,,,,,,,,,1.20,0.60,1.04,5*06
$GPGSV,4,1,13,01,19,320,37,02,45,308,45,08,16,253,37,10,44,069,45,1*66
$GPGSV,4,2,13,23,11,101,38,25,07,086,24,27,15,216,37,28,68,130,47,1*67
$GPGSV,4,3,13,31,48,178,45,32,49,020,47,40,59,208,47,41,56,146,45,1*68
$GPGSV,4,4,13,42,19,104,44,1*5D
$GPGSV,3,1,09,01,19,320,42,08,16,253,37,10,44,069,43,23,11,101,35,6*67
$GPGSV,3,2,09,25,07,086,31,27,15,216,38,28,68,130,46,31,48,178,43,6*6B
$GPGSV,3,3,09,32,49,020,44,6*54
$GLGSV,3,1,10,69,12,049,41,70,41,344,36,71,25,289,44,73,13,158,40,1*77
$GLGSV,3,2,10,79,14,050,42,80,28,104,46,84,34,183,35,85,61,261,50,1*78
$GLGSV,3,3,10,86,21,325,43,,,,49,1*4A
$GLGSV,3,1,10,69,12,049,40,70,41,344,08,71,25,289,42,73,13,158,38,3*70
$GLGSV,3,2,10,79,14,050,41,80,28,104,43,84,34,183,43,85,61,261,45,3*79
$GLGSV,3,3,10,86,21,325,40,,,,46,3*44
$GAGSV,2,1,06,03,65,304,46,05,39,032,45,08,25,249,41,15,47,319,45,2*71
$GAGSV,2,2,06,34,76,169,46,36,23,149,42,2*74
$GAGSV,2,1,06,03,65,304,46,05,39,032,43,08,25,249,40,15,47,319,44,7*72
$GAGSV,2,2,06,34,76,169,47,36,23,149,40,7*72
$GAGSV,1,1,03,16,06,108,,24,02,085,,25,06,131,,0*44
$GBGSV,2,1,08,06,62,080,45,09,66,113,46,11,46,272,45,12,36,197,42,1*75
$GBGSV,2,2,08,13,48,072,44,16,56,067,45,26,35,145,44,34,45,234,46,1*72
$GBGSV,2,1,08,06,62,080,42,08,34,087,43,09,66,113,44,11,46,272,47,B*09
$GBGSV,2,2,08,12,36,197,46,13,48,072,43,14,21,289,43,16,56,067,42,B*0B
$GBGSV,2,1,05,10,03,160,,21,46,026,,44,18,178,,45,29,078,,0*73
$GBGSV,2,2,05,50,51,349,,0*4D
$GQGSV,1,1,02,04,20,076,36,07,19,104,32,1*6E
$GQGSV,1,1,02,04,20,076,35,07,19,104,41,6*6E
$GNGLL,2454.23240,N,06708.27188,E,153429.00,A,D*77
$GNRMC,153430.00,A,2454.23240,N,06708.27190,E,0.024,,020525,,,F,V*11
$GNVTG,,T,,M,0.024,N,0.045,K,D*3F
$GNGGA,153430.00,2454.23240,N,06708.27190,E,5,12,0.59,21.8,M,-44.2,M,1.0,0284*78
$GNGSA,A,3,10,27,28,32,01,23,31,08,02,,,,1.18,0.59,1.02,1*01
$GNGSA,A,3,70,73,84,71,80,79,69,85,86,,,,1.18,0.59,1.02,2*06
$GNGSA,A,3,15,34,03,08,,,,,,,,,1.18,0.59,1.02,3*0C
$GNGSA,A,3,06,14,08,13,12,11,09,16,,,,,1.18,0.59,1.02,4*07
$GNGSA,A,3,07,04,,,,,,,,,,,1.18,0.59,1.02,5*01
$GPGSV,4,1,13,01,19,320,37,02,45,308,45,08,16,253,37,10,44,069,45,1*66
$GPGSV,4,2,13,23,11,101,38,25,07,086,23,27,15,216,38,28,68,130,47,1*6F
$GPGSV,4,3,13,31,48,178,45,32,49,020,47,40,59,208,47,41,56,146,45,1*68
$GPGSV,4,4,13,42,19,104,44,1*5D
$GPGSV,3,1,09,01,19,320,42,08,16,253,37,10,44,069,43,23,11,101,36,6*64
$GPGSV,3,2,09,25,07,086,31,27,15,216,38,28,68,130,46,31,48,178,43,6*6B
$GPGSV,3,3,09,32,49,020,44,6*54
$GLGSV,3,1,10,69,12,049,41,70,41,344,36,71,25,289,45,73,13,158,39,1*78
$GLGSV,3,2,10,79,14,050,42,80,28,104,46,84,34,183,36,85,61,261,50,1*7B
$GLGSV,3,3,10,86,21,325,43,,,,49,1*4A
$GLGSV,3,1,10,69,12,049,40,70,41,344,10,71,25,289,42,73,13,158,38,3*79
$GLGSV,3,2,10,79,14,050,41,80,28,104,43,84,34,183,43,85,61,261,45,3*79
$GLGSV,3,3,10,86,21,325,40,,,,46,3*44
$GAGSV,2,1,06,03,65,304,46,05,39,032,45,08,25,249,41,15,47,319,45,2*71
$GAGSV,2,2,06,34,76,169,47,36,23,149,43,2*74
$GAGSV,2,1,06,03,65,304,46,05,39,032,43,08,25,249,40,15,47,319,44,7*72
$GAGSV,2,2,06,34,76,169,47,36,23,149,40,7*72
$GAGSV,1,1,03,16,06,108,,24,02,085,,25,06,131,,0*44
$GBGSV,2,1,08,06,62,080,45,09,66,113,46,11,46,272,45,12,36,197,42,1*75
$GBGSV,2,2,08,13,48,072,44,16,56,067,45,26,35,145,44,34,45,234,46,1*72
$GBGSV,2,1,08,06,62,080,42,08,34,087,43,09,66,113,44,11,46,272,47,B*09
$GBGSV,2,2,08,12,36,197,46,13,48,072,43,14,21,289,43,16,56,067,42,B*0B
$GBGSV,2,1,05,10,03,160,,21,46,026,,44,18,178,,45,29,078,,0*73
$GBGSV,2,2,05,50,51,349,,0*4D
$GQGSV,1,1,02,04,20,076,36,07,19,104,32,1*6E
$GQGSV,1,1,02,04,20,076,36,07,19,104,40,6*6C
$GNGLL,2454.23240,N,06708.27190,E,153430.00,A,D*76
$GNRMC,153431.00,A,2454.23240,N,06708.27191,E,0.004,,020525,,,F,V*13
$GNVTG,,T,,M,0.004,N,0.008,K,D*34
$GNGGA,153431.00,2454.23240,N,06708.27191,E,5,12,0.59,21.8,M,-44.2,M,1.0,0284*78
$GNGSA,A,3,10,27,28,32,01,23,31,08,02,,,,1.18,0.59,1.02,1*01
$GNGSA,A,3,70,73,84,71,80,79,69,85,86,,,,1.18,0.59,1.02,2*06
$GNGSA,A,3,15,34,03,08,,,,,,,,,1.18,0.59,1.02,3*0C
$GNGSA,A,3,06,14,08,13,12,11,09,16,,,,,1.18,0.59,1.02,4*07
$GNGSA,A,3,07,04,,,,,,,,,,,1.18,0.59,1.02,5*01
$GPGSV,4,1,13,01,19,320,36,02,45,308,45,08,16,253,37,10,44,069,45,1*67
$GPGSV,4,2,13,23,11,101,38,25,07,086,23,27,15,216,37,28,68,130,47,1*60
$GPGSV,4,3,13,31,48,178,45,32,49,020,47,40,59,208,47,41,56,146,46,1*6B
$GPGSV,4,4,13,42,19,104,44,1*5D
$GPGSV,3,1,09,01,19,320,42,08,16,253,37,10,44,069,43,23,11,101,36,6*64
$GPGSV,3,2,09,25,07,086,31,27,15,216,38,28,68,130,46,31,48,178,43,6*6B
$GPGSV,3,3,09,32,49,020,44,6*54
$GLGSV,3,1,10,69,12,049,41,70,41,344,36,71,25,289,45,73,13,158,39,1*78
$GLGSV,3,2,10,79,14,050,42,80,28,104,46,84,34,183,36,85,61,261,50,1*7B
$GLGSV,3,3,10,86,21,325,43,,,,49,1*4A
$GLGSV,3,1,10,69,12,049,40,70,41,344,10,71,25,289,42,73,13,158,38,3*79
$GLGSV,3,2,10,79,14,050,41,80,28,104,43,84,34,183,43,85,61,261,45,3*79
$GLGSV,3,3,10,86,21,325,40,,,,46,3*44
$GAGSV,2,1,06,03,65,304,46,05,39,032,45,08,25,249,41,15,47,319,45,2*71
$GAGSV,2,2,06,34,76,169,47,36,23,149,43,2*74
$GAGSV,2,1,06,03,65,304,46,05,39,032,43,08,25,249,40,15,47,319,44,7*72
$GAGSV,2,2,06,34,76,169,47,36,23,149,40,7*72
$GAGSV,1,1,03,16,06,108,,24,02,085,,25,06,131,,0*44
$GBGSV,2,1,08,06,62,080,45,09,66,113,46,11,46,272,45,12,36,197,42,1*75
$GBGSV,2,2,08,13,48,072,44,16,56,067,45,26,35,145,44,34,45,234,46,1*72
$GBGSV,2,1,08,06,62,080,42,08,34,087,43,09,66,113,44,11,46,272,47,B*09
$GBGSV,2,2,08,12,36,197,46,13,48,072,43,14,21,289,43,16,56,067,42,B*0B
$GBGSV,2,1,05,10,03,160,,21,46,026,,44,18,178,,45,29,078,,0*73
$GBGSV,2,2,05,50,51,349,,0*4D
$GQGSV,1,1,02,04,20,076,36,07,19,104,32,1*6E
$GQGSV,1,1,02,04,20,076,35,07,19,104,40,6*6F
$GNGLL,2454.23240,N,06708.27191,E,153431.00,A,D*76
$GNRMC,153432.00,A,2454.23240,N,06708.27189,E,0.006,,020525,,,R,V*0F
$GNVTG,,T,,M,0.006,N,0.012,K,D*3D
$GNGGA,153432.00,2454.23240,N,06708.27189,E,4,12,0.59,21.7,M,-44.2,M,1.0,0284*7C
$GNGSA,A,3,10,27,28,32,01,23,31,08,02,,,,1.18,0.59,1.02,1*01
$GNGSA,A,3,70,73,84,71,80,79,69,85,86,,,,1.18,0.59,1.02,2*06
$GNGSA,A,3,15,34,03,08,,,,,,,,,1.18,0.59,1.02,3*0C
$GNGSA,A,3,06,14,08,13,12,11,09,16,,,,,1.18,0.59,1.02,4*07
$GNGSA,A,3,07,04,,,,,,,,,,,1.18,0.59,1.02,5*01
$GPGSV,4,1,13,01,19,320,37,02,45,308,45,08,16,253,37,10,44,069,45,1*66
$GPGSV,4,2,13,23,11,101,38,25,07,086,22,27,15,216,37,28,68,130,47,1*61
$GPGSV,4,3,13,31,48,178,45,32,49,020,47,40,59,208,47,41,56,146,46,1*6B
$GPGSV,4,4,13,42,19,104,44,1*5D
$GPGSV,3,1,09,01,19,320,42,08,16,253,37,10,44,069,43,23,11,101,36,6*64
$GPGSV,3,2,09,25,07,086,31,27,15,216,38,28,68,130,46,31,48,178,43,6*6B
$GPGSV,3,3,09,32,49,020,44,6*54
$GLGSV,3,1,10,69,11,050,41,70,41,344,36,71,25,289,45,73,13,158,39,1*73
$GLGSV,3,2,10,79,14,050,42,80,28,104,46,84,34,183,36,85,61,261,50,1*7B
$GLGSV,3,3,10,86,21,325,43,,,,49,1*4A
$GLGSV,3,1,10,69,11,050,40,70,41,344,10,71,25,289,42,73,13,158,38,3*72
$GLGSV,3,2,10,79,14,050,41,80,28,104,43,84,34,183,43,85,61,261,46,3*7A
$GLGSV,3,3,10,86,21,325,40,,,,46,3*44
$GAGSV,2,1,06,03,65,304,46,05,39,032,45,08,25,249,41,15,47,319,45,2*71
$GAGSV,2,2,06,34,76,169,47,36,23,149,43,2*74
$GAGSV,2,1,06,03,65,304,46,05,39,032,43,08,25,249,40,15,47,319,44,7*72
$GAGSV,2,2,06,34,76,169,47,36,23,149,40,7*72
$GAGSV,1,1,03,16,06,108,,24,02,085,,25,06,131,,0*44
$GBGSV,2,1,08,06,62,080,45,09,66,113,46,11,46,272,45,12,36,197,42,1*75
$GBGSV,2,2,08,13,48,072,44,16,56,067,45,26,35,145,44,34,45,234,46,1*72
$GBGSV,2,1,08,06,62,080,42,08,34,087,43,09,66,113,44,11,46,272,47,B*09
$GBGSV,2,2,08,12,36,197,46,13,48,072,43,14,21,289,43,16,56,067,42,B*0B
$GBGSV,2,1,05,10,03,160,,21,46,026,,44,18,178,,45,29,078,,0*73
$GBGSV,2,2,05,50,51,349,,0*4D
$GQGSV,1,1,02,04,20,076,36,07,19,104,33,1*6F
$GQGSV,1,1,02,04,20,076,35,07,19,104,41,6*6E
$GNGLL,2454.23240,N,06708.27189,E,153432.00,A,D*7C
$GNRMC,153433.00,A,2454.23240,N,06708.27189,E,0.005,,020525,,,R,V*0D
$GNVTG,,T,,M,0.005,N,0.009,K,D*34
$GNGGA,153433.00,2454.23240,N,06708.27189,E,4,12,0.59,21.8,M,-44.2,M,1.0,0284*72
$GNGSA,A,3,10,27,28,32,01,23,31,08,02,,,,1.18,0.59,1.02,1*01
$GNGSA,A,3,70,73,84,71,80,79,69,85,86,,,,1.18,0.59,1.02,2*06
$GNGSA,A,3,15,34,03,08,,,,,,,,,1.18,0.59,1.02,3*0C
$GNGSA,A,3,06,14,08,13,12,11,09,16,,,,,1.18,0.59,1.02,4*07
$GNGSA,A,3,07,04,,,,,,,,,,,1.18,0.59,1.02,5*01
$GPGSV,4,1,13,01,19,320,36,02,45,308,45,08,16,253,37,10,44,069,45,1*67
$GPGSV,4,2,13,23,11,101,38,25,07,086,22,27,15,216,37,28,68,130,47,1*61
$GPGSV,4,3,13,31,48,178,45,32,49,020,47,40,59,208,47,41,56,146,45,1*68
$GPGSV,4,4,13,42,19,104,44,1*5D
$GPGSV,3,1,09,01,19,320,42,08,16,253,37,10,44,069,43,23,11,101,36,6*64
$GPGSV,3,2,09,25,07,086,31,27,15,216,38,28,68,130,46,31,48,178,43,6*6B
$GPGSV,3,3,09,32,49,020,44,6*54
$GLGSV,3,1,10,69,11,050,41,70,41,345,36,71,25,289,45,73,13,158,39,1*72
$GLGSV,3,2,10,79,14,050,42,80,28,104,46,84,34,183,36,85,61,261,50,1*7B
$GLGSV,3,3,10,86,21,325,43,,,,49,1*4A
$GLGSV,3,1,10,69,11,050,40,70,41,345,10,71,25,289,42,73,13,158,38,3*73
$GLGSV,3,2,10,79,14,050,40,80,28,104,43,84,34,183,43,85,61,261,45,3*78
$GLGSV,3,3,10,86,21,325,40,,,,46,3*44
$GAGSV,2,1,06,03,65,304,46,05,39,032,45,08,25,249,41,15,47,319,45,2*71
$GAGSV,2,2,06,34,76,169,47,36,23,149,43,2*74
$GAGSV,2,1,06,03,65,304,46,05,39,032,43,08,25,249,40,15,47,319,44,7*72
$GAGSV,2,2,06,34,76,169,47,36,23,149,40,7*72
$GAGSV,1,1,03,16,06,108,,24,02,085,,25,06,131,,0*44
$GBGSV,2,1,08,06,62,080,45,09,66,113,46,11,46,272,45,12,36,197,42,1*75
$GBGSV,2,2,08,13,48,072,44,16,56,067,45,26,35,145,44,34,45,234,46,1*72
$GBGSV,2,1,08,06,62,080,42,08,34,087,43,09,66,113,44,11,46,272,47,B*09
$GBGSV,2,2,08,12,36,197,46,13,48,072,43,14,21,289,43,16,56,067,42,B*0B
$GBGSV,2,1,05,10,03,160,,21,46,026,,44,18,178,,45,29,078,,0*73
$GBGSV,2,2,05,50,51,349,,0*4D
$GQGSV,1,1,02,04,20,076,36,07,19,104,32,1*6E
$GQGSV,1,1,02,04,20,076,35,07,19,104,41,6*6E
$GNGLL,2454.23240,N,06708.27189,E,153433.00,A,D*7D
$GNRMC,153434.00,A,2454.23240,N,06708.27189,E,0.005,,020525,,,R,V*0A
$GNVTG,,T,,M,0.005,N,0.010,K,D*3C
$GNGGA,153434.00,2454.23240,N,06708.27189,E,4,12,0.59,21.8,M,-44.2,M,1.0,0284*75
$GNGSA,A,3,10,27,28,32,01,23,31,08,02,,,,1.18,0.59,1.02,1*01
$GNGSA,A,3,70,73,84,71,80,79,69,85,86,,,,1.18,0.59,1.02,2*06
$GNGSA,A,3,15,34,03,08,,,,,,,,,1.18,0.59,1.02,3*0C
$GNGSA,A,3,06,14,08,13,12,11,09,16,,,,,1.18,0.59,1.02,4*07
$GNGSA,A,3,07,04,,,,,,,,,,,1.18,0.59,1.02,5*01
$GPGSV,4,1,13,01,19,320,36,02,45,308,45,08,16,253,37,10,44,069,45,1*67
$GPGSV,4,2,13,23,11,101,38,25,07,086,22,27,15,216,38,28,68,130,47,1*6E
$GPGSV,4,3,13,31,48,178,45,32,49,020,47,40,59,208,47,41,56,146,45,1*68
$GPGSV,4,4,13,42,19,104,44,1*5D
$GPGSV,3,1,09,01,19,320,42,08,16,253,37,10,44,069,43,23,11,101,36,6*64
$GPGSV,3,2,09,25,07,086,30,27,15,216,38,28,68,130,46,31,48,178,43,6*6A
$GPGSV,3,3,09,32,49,020,44,6*54
$GLGSV,3,1,10,69,11,050,41,70,41,345,36,71,25,290,45,73,13,158,39,1*7A
$GLGSV,3,2,10,79,14,050,43,80,28,104,46,84,34,183,36,85,61,261,50,1*7A
$GLGSV,3,3,10,86,21,325,43,,,,49,1*4A
$GLGSV,3,1,10,69,11,050,40,70,41,345,10,71,25,290,41,73,13,158,38,3*78
$GLGSV,3,2,10,79,14,050,40,80,28,104,43,84,34,183,43,85,61,261,45,3*78
$GLGSV,3,3,10,86,21,325,40,,,,46,3*44
$GAGSV,2,1,06,03,65,304,46,05,39,032,45,08,25,249,41,15,47,319,45,2*71
$GAGSV,2,2,06,34,76,169,46,36,23,149,43,2*75
$GAGSV,2,1,06,03,65,304,46,05,39,032,43,08,25,249,40,15,47,319,44,7*72
$GAGSV,2,2,06,34,76,169,47,36,23,149,40,7*72
$GAGSV,1,1,03,16,06,108,,24,02,085,,25,06,131,,0*44
$GBGSV,2,1,08,06,62,080,45,09,66,113,46,11,46,272,45,12,36,197,42,1*75
$GBGSV,2,2,08,13,48,072,44,16,56,067,45,26,35,145,44,34,45,234,46,1*72
$GBGSV,2,1,08,06,62,080,42,08,34,087,43,09,66,113,44,11,46,272,47,B*09
$GBGSV,2,2,08,12,36,197,46,13,48,072,43,14,21,289,43,16,56,067,42,B*0B
$GBGSV,2,1,05,10,03,160,,21,46,026,,44,18,178,,45,29,078,,0*73
$GBGSV,2,2,05,50,51,349,,0*4D
$GQGSV,1,1,02,04,20,076,36,07,19,104,32,1*6E
$GQGSV,1,1,02,04,20,076,35,07,19,104,40,6*6F
$GNGLL,2454.23240,N,06708.27189,E,153434.00,A,D*7A
$GNRMC,153435.00,A,2454.23240,N,06708.27189,E,0.004,,020525,,,R,V*0A
$GNVTG,,T,,M,0.004,N,0.008,K,D*34
$GNGGA,153435.00,2454.23240,N,06708.27189,E,4,12,0.59,21.8,M,-44.2,M,1.0,0284*74
$GNGSA,A,3,10,27,28,32,01,23,31,08,02,,,,1.18,0.59,1.02,1*01
$GNGSA,A,3,70,73,84,71,80,79,69,85,86,,,,1.18,0.59,1.02,2*06
$GNGSA,A,3,15,34,03,08,,,,,,,,,1.18,0.59,1.02,3*0C
$GNGSA,A,3,06,14,08,13,12,11,09,16,,,,,1.18,0.59,1.02,4*07
$GNGSA,A,3,07,04,,,,,,,,,,,1.18,0.59,1.02,5*01
$GPGSV,4,1,13,01,19,320,36,02,45,308,45,08,16,253,37,10,44,069,45,1*67
$GPGSV,4,2,13,23,11,101,38,25,07,086,22,27,15,216,38,28,68,130,47,1*6E
$GPGSV,4,3,13,31,48,178,45,32,49,020,47,40,59,208,47,41,56,146,45,1*68
$GPGSV,4,4,13,42,19,104,44,1*5D
$GPGSV,3,1,09,01,19,320,42,08,16,253,37,10,44,069,43,23,11,101,36,6*64
$GPGSV,3,2,09,25,07,086,29,27,15,216,38,28,68,130,46,31,48,178,43,6*62
$GPGSV,3,3,09,32,49,020,44,6*54
$GLGSV,3,1,10,69,11,050,41,70,41,345,36,71,25,290,45,73,13,158,39,1*7A
$GLGSV,3,2,10,79,14,050,43,80,28,104,46,84,34,183,36,85,61,261,50,1*7A
$GLGSV,3,3,10,86,21,325,43,,,,49,1*4A
$GLGSV,3,1,10,69,11,050,39,70,41,345,01,71,25,290,42,73,13,158,38,3*75
$GLGSV,3,2,10,79,14,050,40,80,28,104,43,84,34,183,43,85,61,261,45,3*78
$GLGSV,3,3,10,86,21,325,40,,,,46,3*44
$GAGSV,2,1,06,03,65,304,46,05,39,032,45,08,25,249,41,15,47,319,45,2*71
$GAGSV,2,2,06,34,76,169,47,36,23,149,42,2*75
$GAGSV,2,1,06,03,65,304,46,05,39,032,43,08,25,249,40,15,47,319,44,7*72
$GAGSV,2,2,06,34,76,169,47,36,23,149,40,7*72
$GAGSV,1,1,03,16,06,108,,24,02,085,,25,06,131,,0*44
$GBGSV,2,1,08,06,62,080,45,09,66,113,46,11,46,272,45,12,36,197,42,1*75
$GBGSV,2,2,08,13,48,072,44,16,56,067,45,26,35,145,44,34,45,234,46,1*72
$GBGSV,2,1,08,06,62,080,42,08,34,087,43,09,66,113,44,11,46,272,47,B*09
$GBGSV,2,2,08,12,36,197,47,13,48,072,43,14,21,289,43,16,56,067,42,B*0A
$GBGSV,2,1,05,10,03,160,,21,46,026,,44,18,178,,45,29,078,,0*73
$GBGSV,2,2,05,50,51,349,,0*4D
$GQGSV,1,1,02,04,20,076,36,07,19,104,32,1*6E
$GQGSV,1,1,02,04,20,076,35,07,19,104,40,6*6F
$GNGLL,2454.23240,N,06708.27189,E,153435.00,A,D*7B
$GNRMC,153436.00,A,2454.23240,N,06708.27189,E,0.005,,020525,,,R,V*08
$GNVTG,,T,,M,0.005,N,0.009,K,D*34
$GNGGA,153436.00,2454.23240,N,06708.27189,E,4,12,0.59,21.8,M,-44.2,M,1.0,0284*77
$GNGSA,A,3,10,27,28,32,01,23,31,08,02,,,,1.18,0.59,1.02,1*01
$GNGSA,A,3,70,73,84,71,80,79,69,85,86,,,,1.18,0.59,1.02,2*06
$GNGSA,A,3,15,34,03,08,,,,,,,,,1.18,0.59,1.02,3*0C
$GNGSA,A,3,06,14,08,13,12,11,09,16,,,,,1.18,0.59,1.02,4*07
$GNGSA,A,3,07,04,,,,,,,,,,,1.18,0.59,1.02,5*01
$GPGSV,4,1,13,01,19,320,36,02,45,308,45,08,16,253,36,10,44,069,45,1*66
$GPGSV,4,2,13,23,11,101,38,25,07,086,22,27,15,216,38,28,68,130,47,1*6E
$GPGSV,4,3,13,31,48,178,45,32,49,020,47,40,59,208,47,41,56,146,45,1*68
$GPGSV,4,4,13,42,19,104,44,1*5D
$GPGSV,3,1,09,01,19,320,42,08,16,253,37,10,44,069,43,23,11,101,36,6*64
$GPGSV,3,2,09,25,07,086,30,27,15,216,38,28,68,130,46,31,48,178,43,6*6A
$GPGSV,3,3,09,32,49,020,44,6*54
$GLGSV,3,1,10,69,11,050,41,70,41,345,36,71,25,290,45,73,13,158,38,1*7B
$GLGSV,3,2,10,79,14,050,43,80,28,104,46,84,34,183,36,85,61,261,50,1*7A
$GLGSV,3,3,10,86,21,325,43,,,,49,1*4A
$GLGSV,3,1,10,69,11,050,40,70,41,345,06,71,25,290,42,73,13,158,38,3*7C
$GLGSV,3,2,10,79,14,050,40,80,28,104,43,84,34,183,43,85,61,261,45,3*78
$GLGSV,3,3,10,86,21,325,40,,,,46,3*44
$GAGSV,2,1,06,03,65,304,46,05,39,032,45,08,25,249,41,15,47,319,45,2*71
$GAGSV,2,2,06,34,76,169,47,36,23,149,42,2*75
$GAGSV,2,1,06,03,65,304,46,05,39,032,43,08,25,249,40,15,47,319,44,7*72
$GAGSV,2,2,06,34,76,169,47,36,23,149,40,7*72
$GAGSV,1,1,03,16,06,108,,24,02,085,,25,06,131,,0*44
$GBGSV,2,1,08,06,62,080,45,09,66,113,46,11,46,272,45,12,36,197,42,1*75
$GBGSV,2,2,08,13,48,072,44,16,56,067,45,26,35,145,44,34,45,234,46,1*72
$GBGSV,2,1,08,06,62,080,42,08,34,087,43,09,66,113,44,11,46,272,47,B*09
$GBGSV,2,2,08,12,36,197,47,13,48,072,43,14,21,289,43,16,56,067,42,B*0A
$GBGSV,2,1,05,10,03,160,,21,46,026,,44,18,178,,45,29,078,,0*73
$GBGSV,2,2,05,50,51,349,,0*4D
$GQGSV,1,1,02,04,20,076,36,07,19,104,32,1*6E
$GQGSV,1,1,02,04,20,076,35,07,19,104,40,6*6F
$GNGLL,2454.23240,N,06708.27189,E,153436.00,A,D*78
$GNRMC,153437.00,A,2454.23240,N,06708.27189,E,0.003,,020525,,,R,V*0F
$GNVTG,,T,,M,0.003,N,0.006,K,D*3D
$GNGGA,153437.00,2454.23240,N,06708.27189,E,4,12,0.59,21.8,M,-44.2,M,1.0,0284*76
$GNGSA,A,3,10,27,28,32,01,23,31,08,02,,,,1.18,0.59,1.02,1*01
$GNGSA,A,3,70,73,84,71,80,79,69,85,86,,,,1.18,0.59,1.02,2*06
$GNGSA,A,3,15,34,03,08,,,,,,,,,1.18,0.59,1.02,3*0C
$GNGSA,A,3,06,14,08,13,12,11,09,16,,,,,1.18,0.59,1.02,4*07
$GNGSA,A,3,07,04,,,,,,,,,,,1.18,0.59,1.02,5*01
$GPGSV,4,1,13,01,19,320,37,02,45,308,45,08,16,253,36,10,44,069,45,1*67
$GPGSV,4,2,13,23,11,101,38,25,07,086,21,27,15,216,38,28,68,130,47,1*6D
$GPGSV,4,3,13,31,48,178,45,32,49,020,47,40,59,208,47,41,56,146,45,1*68
$GPGSV,4,4,13,42,19,104,44,1*5D
$GPGSV,3,1,09,01,19,320,42,08,16,253,37,10,44,069,43,23,11,101,36,6*64
$GPGSV,3,2,09,25,07,086,30,27,15,216,38,28,68,130,46,31,48,178,43,6*6A
$GPGSV,3,3,09,32,49,020,44,6*54
$GLGSV,3,1,10,69,11,050,42,70,41,345,36,71,25,290,45,73,13,158,39,1*79
$GLGSV,3,2,10,79,14,050,43,80,28,104,46,84,34,183,36,85,61,261,50,1*7A
$GLGSV,3,3,10,86,21,325,43,,,,49,1*4A
$GLGSV,3,1,10,69,11,050,39,70,41,345,07,71,25,290,42,73,13,158,39,3*72
$GLGSV,3,2,10,79,14,050,40,80,28,104,43,84,34,183,43,85,61,261,46,3*7B
$GLGSV,3,3,10,86,21,325,40,,,,46,3*44
$GAGSV,2,1,06,03,65,304,46,05,39,032,45,08,25,249,41,15,47,319,45,2*71
$GAGSV,2,2,06,34,76,169,47,36,23,149,43,2*74
$GAGSV,2,1,06,03,65,304,46,05,39,032,42,08,25,249,40,15,47,319,44,7*73
$GAGSV,2,2,06,34,76,169,47,36,23,149,40,7*72
$GAGSV,1,1,03,16,06,108,,24,02,085,,25,06,131,,0*44
$GBGSV,2,1,08,06,62,080,45,09,66,113,46,11,46,272,45,12,36,197,42,1*75
$GBGSV,2,2,08,13,48,072,44,16,56,067,45,26,35,145,44,34,45,234,46,1*72
$GBGSV,2,1,08,06,62,080,42,08,34,087,43,09,66,113,44,11,46,272,47,B*09
$GBGSV,2,2,08,12,36,197,47,13,48,072,43,14,21,289,43,16,56,067,42,B*0A
$GBGSV,2,1,05,10,03,160,,21,46,026,,44,18,178,,45,29,078,,0*73
$GBGSV,2,2,05,50,51,349,,0*4D
$GQGSV,1,1,02,04,20,076,36,07,19,104,32,1*6E
$GQGSV,1,1,02,04,20,076,35,07,19,104,41,6*6E
$GNGLL,2454.23240,N,06708.27189,E,153437.00,A,D*79
$GNRMC,153438.00,A,2454.23240,N,06708.27189,E,0.001,,020525,,,R,V*02
$GNVTG,,T,,M,0.001,N,0.002,K,D*3B
$GNGGA,153438.00,2454.23240,N,06708.27189,E,4,12,0.59,21.8,M,-44.2,M,1.0,0284*79
$GNGSA,A,3,10,27,28,32,01,23,31,08,02,,,,1.18,0.59,1.02,1*01
$GNGSA,A,3,70,73,84,71,80,79,69,85,86,,,,1.18,0.59,1.02,2*06
$GNGSA,A,3,15,34,03,08,,,,,,,,,1.18,0.59,1.02,3*0C
$GNGSA,A,3,06,14,08,13,12,11,09,16,,,,,1.18,0.59,1.02,4*07
$GNGSA,A,3,07,04,,,,,,,,,,,1.18,0.59,1.02,5*01
$GPGSV,4,1,13,01,19,320,36,02,45,308,45,08,16,253,36,10,44,069,45,1*66
$GPGSV,4,2,13,23,11,101,38,25,07,086,22,27,15,216,38,28,68,130,47,1*6E
$GPGSV,4,3,13,31,48,178,45,32,49,020,47,40,59,208,47,41,56,146,45,1*68
$GPGSV,4,4,13,42,19,104,44,1*5D
$GPGSV,3,1,09,01,19,320,42,08,16,253,37,10,44,069,43,23,11,101,36,6*64
$GPGSV,3,2,09,25,07,086,29,27,15,216,38,28,68,130,46,31,48,178,43,6*62
$GPGSV,3,3,09,32,49,020,44,6*54
$GLGSV,3,1,10,69,11,050,42,70,41,345,36,71,25,290,45,73,13,158,39,1*79
$GLGSV,3,2,10,79,14,050,44,80,28,104,46,84,34,183,36,85,61,261,50,1*7D
$GLGSV,3,3,10,86,21,325,43,,,,49,1*4A
$GLGSV,3,1,10,69,11,050,39,70,41,345,07,71,25,290,42,73,13,158,39,3*72
$GLGSV,3,2,10,79,14,050,40,80,28,104,43,84,34,183,43,85,61,261,46,3*7B
$GLGSV,3,3,10,86,21,325,40,,,,46,3*44
$GAGSV,2,1,06,03,65,304,46,05,39,032,45,08,25,249,41,15,47,319,45,2*71
$GAGSV,2,2,06,34,76,169,47,36,23,149,43,2*74
$GAGSV,2,1,06,03,65,304,46,05,39,032,42,08,25,249,40,15,47,319,44,7*73
$GAGSV,2,2,06,34,76,169,47,36,23,149,40,7*72
$GAGSV,1,1,03,16,06,108,,24,02,085,,25,06,131,,0*44
$GBGSV,2,1,08,06,62,080,45,09,66,113,46,11,46,272,45,12,36,197,42,1*75
$GBGSV,2,2,08,13,48,072,44,16,56,067,45,26,35,145,44,34,45,234,46,1*72
$GBGSV,2,1,08,06,62,080,42,08,34,087,43,09,66,113,44,11,46,272,47,B*09
$GBGSV,2,2,08,12,36,197,47,13,48,072,43,14,21,289,43,16,56,067,42,B*0A
$GBGSV,2,1,05,10,03,160,,21,46,026,,44,18,178,,45,29,078,,0*73
$GBGSV,2,2,05,50,51,349,,0*4D
$GQGSV,1,1,02,04,20,076,36,07,19,104,32,1*6E
$GQGSV,1,1,02,04,20,076,35,07,19,104,41,6*6E
$GNGLL,2454.23240,N,06708.27189,E,153438.00,A,D*76
$GNRMC,153439.00,A,2454.23240,N,06708.27189,E,0.003,,020525,,,R,V*01
$GNVTG,,T,,M,0.003,N,0.005,K,D*3E
$GNGGA,153439.00,2454.23240,N,06708.27189,E,4,12,0.59,21.8,M,-44.2,M,1.0,0284*78
$GNGSA,A,3,10,27,28,32,01,23,31,08,02,,,,1.18,0.59,1.02,1*01
$GNGSA,A,3,70,73,84,71,80,79,69,85,86,,,,1.18,0.59,1.02,2*06
$GNGSA,A,3,15,34,03,08,,,,,,,,,1.18,0.59,1.02,3*0C
$GNGSA,A,3,06,14,08,13,12,11,09,16,,,,,1.18,0.59,1.02,4*07
$GNGSA,A,3,07,04,,,,,,,,,,,1.18,0.59,1.02,5*01
$GPGSV,4,1,13,01,19,320,36,02,45,308,45,08,16,253,36,10,44,069,45,1*66
$GPGSV,4,2,13,23,11,101,38,25,07,086,21,27,15,216,38,28,68,130,47,1*6D
$GPGSV,4,3,13,31,48,178,45,32,49,020,47,40,59,208,47,41,56,146,45,1*68
$GPGSV,4,4,13,42,19,104,44,1*5D
$GPGSV,3,1,09,01,19,320,42,08,16,253,37,10,44,069,43,23,11,101,36,6*64
$GPGSV,3,2,09,25,07,086,30,27,15,216,38,28,68,130,46,31,48,178,43,6*6A
$GPGSV,3,3,09,32,49,020,44,6*54
$GLGSV,3,1,10,69,11,050,42,70,41,345,36,71,25,290,45,73,13,158,38,1*78
$GLGSV,3,2,10,79,14,050,44,80,28,104,46,84,34,183,36,85,61,261,50,1*7D
$GLGSV,3,3,10,86,21,325,43,,,,49,1*4A
$GLGSV,3,1,09,69,11,050,39,70,41,345,08,71,25,290,42,73,13,158,39,3*75
$GLGSV,3,2,09,79,14,050,40,80,28,104,44,84,34,183,43,85,61,261,46,3*74
$GLGSV,3,3,09,86,21,325,40,3*4E
$GAGSV,2,1,06,03,65,304,46,05,39,032,45,08,25,249,41,15,47,319,45,2*71
$GAGSV,2,2,06,34,76,169,47,36,23,149,43,2*74
$GAGSV,2,1,06,03,65,304,46,05,39,032,42,08,25,249,40,15,47,319,44,7*73
$GAGSV,2,2,06,34,76,169,47,36,23,149,40,7*72
$GAGSV,1,1,03,16,06,108,,24,02,085,,25,06,131,,0*44
$GBGSV,2,1,08,06,62,080,45,09,66,113,45,11,46,272,45,12,36,197,42,1*76
$GBGSV,2,2,08,13,48,072,44,16,56,067,45,26,35,145,44,34,45,234,46,1*72
$GBGSV,2,1,08,06,62,080,42,08,34,087,43,09,66,113,44,11,46,272,47,B*09
$GBGSV,2,2,08,12,36,197,47,13,48,072,43,14,21,289,43,16,56,067,42,B*0A
$GBGSV,2,1,05,10,03,160,,21,46,026,,44,18,178,,45,29,078,,0*73
$GBGSV,2,2,05,50,51,349,,0*4D
$GQGSV,1,1,02,04,20,076,36,07,19,104,33,1*6F
$GQGSV,1,1,02,04,20,076,35,07,19,104,41,6*6E
$GNGLL,2454.23240,N,06708.27189,E,153439.00,A,D*77
$GNRMC,153440.00,A,2454.23240,N,06708.27189,E,0.005,,020525,,,R,V*09
$GNVTG,,T,,M,0.005,N,0.008,K,D*35
$GNGGA,153440.00,2454.23240,N,06708.27189,E,4,12,0.59,21.8,M,-44.2,M,1.0,0284*76
$GNGSA,A,3,10,27,28,32,01,23,31,08,02,,,,1.18,0.59,1.02,1*01
$GNGSA,A,3,70,73,84,71,80,79,69,85,86,,,,1.18,0.59,1.02,2*06
$GNGSA,A,3,15,34,03,08,,,,,,,,,1.18,0.59,1.02,3*0C
$GNGSA,A,3,06,14,08,13,12,11,09,16,,,,,1.18,0.59,1.02,4*07
$GNGSA,A,3,07,04,,,,,,,,,,,1.18,0.59,1.02,5*01
$GPGSV,4,1,13,01,19,320,36,02,45,308,45,08,16,253,36,10,44,069,45,1*66
$GPGSV,4,2,13,23,11,101,38,25,07,086,21,27,15,216,38,28,68,130,47,1*6D
$GPGSV,4,3,13,31,48,178,45,32,49,020,47,40,59,208,47,41,56,146,45,1*68
$GPGSV,4,4,13,42,19,104,44,1*5D
$GPGSV,3,1,09,01,19,320,42,08,16,253,37,10,44,069,43,23,11,101,36,6*64
$GPGSV,3,2,09,25,07,086,30,27,15,216,38,28,68,130,46,31,48,178,43,6*6A
$GPGSV,3,3,09,32,49,020,44,6*54
$GLGSV,3,1,10,69,11,050,42,70,41,345,36,71,25,290,45,73,13,158,38,1*78
$GLGSV,3,2,10,79,14,050,44,80,28,104,46,84,34,183,36,85,61,261,50,1*7D
$GLGSV,3,3,10,86,21,325,43,,,,49,1*4A
$GLGSV,3,1,09,69,11,050,40,70,41,345,08,71,25,290,42,73,13,158,39,3*7B
$GLGSV,3,2,09,79,14,050,40,80,28,104,44,84,34,183,43,85,61,261,46,3*74
$GLGSV,3,3,09,86,21,325,40,3*4E
$GAGSV,2,1,06,03,65,304,46,05,39,032,45,08,25,249,41,15,47,319,45,2*71
$GAGSV,2,2,06,34,76,169,47,36,23,149,42,2*75
$GAGSV,2,1,06,03,65,304,46,05,39,032,42,08,25,249,40,15,47,319,44,7*73
$GAGSV,2,2,06,34,76,169,47,36,23,149,40,7*72
$GAGSV,1,1,03,16,06,108,,24,02,085,,25,06,131,,0*44
$GBGSV,2,1,08,06,62,080,45,09,66,113,45,11,46,272,45,12,36,197,42,1*76
$GBGSV,2,2,08,13,48,072,44,16,56,067,45,26,35,145,44,34,45,234,46,1*72
$GBGSV,2,1,08,06,62,080,42,08,34,087,43,09,66,113,44,11,46,272,47,B*09
$GBGSV,2,2,08,12,36,197,47,13,48,072,43,14,21,289,43,16,56,067,42,B*0A
$GBGSV,2,1,05,10,03,160,,21,46,026,,44,18,178,,45,29,078,,0*73
$GBGSV,2,2,05,50,51,349,,0*4D
$GQGSV,1,1,02,04,20,076,36,07,19,104,32,1*6E
$GQGSV,1,1,02,04,20,076,35,07,19,104,41,6*6E
$GNGLL,2454.23240,N,06708.27189,E,153440.00,A,D*79
$GNRMC,153441.00,A,2454.23240,N,06708.27189,E,0.003,,020525,,,R,V*0E
$GNVTG,,T,,M,0.003,N,0.006,K,D*3D
$GNGGA,153441.00,2454.23240,N,06708.27189,E,4,12,0.59,21.8,M,-44.2,M,1.0,0284*77
$GNGSA,A,3,10,27,28,32,01,23,31,08,02,,,,1.18,0.59,1.02,1*01
$GNGSA,A,3,70,73,84,71,80,79,69,85,86,,,,1.18,0.59,1.02,2*06
$GNGSA,A,3,15,34,03,08,,,,,,,,,1.18,0.59,1.02,3*0C
$GNGSA,A,3,06,14,08,13,12,11,09,16,,,,,1.18,0.59,1.02,4*07
$GNGSA,A,3,07,04,,,,,,,,,,,1.18,0.59,1.02,5*01
$GPGSV,4,1,13,01,19,320,36,02,45,308,45,08,16,253,36,10,44,069,45,1*66
$GPGSV,4,2,13,23,11,101,38,25,07,086,21,27,15,216,38,28,68,130,47,1*6D
$GPGSV,4,3,13,31,48,178,45,32,49,020,46,40,59,208,47,41,56,146,45,1*69
$GPGSV,4,4,13,42,19,104,44,1*5D
$GPGSV,3,1,09,01,19,320,42,08,16,253,37,10,44,069,43,23,11,101,36,6*64
$GPGSV,3,2,09,25,07,086,29,27,15,216,38,28,68,130,46,31,48,178,43,6*62
$GPGSV,3,3,09,32,49,020,44,6*54
$GLGSV,3,1,10,69,11,050,42,70,41,345,36,71,25,290,45,73,13,158,39,1*79
$GLGSV,3,2,10,79,14,050,44,80,28,104,46,84,34,183,36,85,61,261,50,1*7D
$GLGSV,3,3,10,86,21,325,43,,,,49,1*4A
$GLGSV,3,1,09,69,11,050,40,70,41,345,09,71,25,290,42,73,13,158,39,3*7A
$GLGSV,3,2,09,79,14,050,40,80,28,104,44,84,34,183,43,85,61,261,45,3*77
$GLGSV,3,3,09,86,21,325,40,3*4E
$GAGSV,2,1,06,03,65,304,46,05,39,032,45,08,25,249,41,15,47,319,45,2*71
$GAGSV,2,2,06,34,76,169,47,36,23,149,42,2*75
$GAGSV,2,1,06,03,65,304,46,05,39,032,42,08,25,249,40,15,47,319,44,7*73
$GAGSV,2,2,06,34,76,169,47,36,23,149,40,7*72
$GAGSV,1,1,03,16,06,108,,24,02,085,,25,06,131,,0*44
$GBGSV,2,1,08,06,62,080,45,09,66,113,45,11,46,272,45,12,36,197,41,1*75
$GBGSV,2,2,08,13,48,072,44,16,56,067,45,26,35,145,44,34,45,234,46,1*72
$GBGSV,2,1,08,06,62,080,42,08,34,087,43,09,66,113,44,11,46,272,47,B*09
$GBGSV,2,2,08,12,36,197,47,13,48,072,43,14,21,289,43,16,56,067,42,B*0A
$GBGSV,2,1,05,10,03,160,,21,46,026,,44,18,178,,45,29,078,,0*73
$GBGSV,2,2,05,50,51,349,,0*4D
$GQGSV,1,1,02,04,20,076,36,07,19,104,33,1*6F
$GQGSV,1,1,02,04,20,076,35,07,19,104,41,6*6E
$GNGLL,2454.23240,N,06708.27189,E,153441.00,A,D*78
$GNRMC,153442.00,A,2454.23240,N,06708.27189,E,0.005,,020525,,,R,V*0B
$GNVTG,,T,,M,0.005,N,0.010,K,D*3C
$GNGGA,153442.00,2454.23240,N,06708.27189,E,4,12,0.59,21.8,M,-44.2,M,1.0,0284*74
$GNGSA,A,3,10,27,28,32,01,23,31,08,02,,,,1.18,0.59,1.02,1*01
$GNGSA,A,3,70,73,84,71,80,79,69,85,86,,,,1.18,0.59,1.02,2*06
$GNGSA,A,3,15,34,03,08,,,,,,,,,1.18,0.59,1.02,3*0C
$GNGSA,A,3,06,14,08,13,12,11,09,16,,,,,1.18,0.59,1.02,4*07
$GNGSA,A,3,07,04,,,,,,,,,,,1.18,0.59,1.02,5*01
$GPGSV,4,1,13,01,19,320,36,02,45,308,45,08,16,253,36,10,44,069,45,1*66
$GPGSV,4,2,13,23,11,101,38,25,07,086,21,27,15,216,38,28,68,130,47,1*6D
$GPGSV,4,3,13,31,48,178,45,32,49,020,46,40,59,208,47,41,56,146,45,1*69
$GPGSV,4,4,13,42,19,104,44,1*5D
$GPGSV,3,1,09,01,19,320,42,08,16,253,37,10,44,069,43,23,11,101,36,6*64
$GPGSV,3,2,09,25,07,086,29,27,15,216,38,28,68,130,46,31,48,178,43,6*62
$GPGSV,3,3,09,32,49,020,44,6*54
$GLGSV,3,1,10,69,11,050,42,70,41,345,36,71,25,290,45,73,13,158,38,1*78
$GLGSV,3,2,10,79,14,049,44,80,28,104,46,84,34,183,36,85,61,261,50,1*75
$GLGSV,3,3,10,86,21,325,43,,,,49,1*4A
$GLGSV,3,1,09,69,11,050,40,70,41,345,12,71,25,290,42,73,13,158,39,3*70
$GLGSV,3,2,09,79,14,049,40,80,28,104,44,84,34,183,43,85,61,261,46,3*7C
$GLGSV,3,3,09,86,21,325,40,3*4E
$GAGSV,2,1,06,03,65,304,46,05,39,032,45,08,25,249,41,15,47,319,45,2*71
$GAGSV,2,2,06,34,76,169,47,36,23,149,43,2*74
$GAGSV,2,1,06,03,65,304,46,05,39,032,42,08,25,249,40,15,47,319,44,7*73
$GAGSV,2,2,06,34,76,169,47,36,23,149,39,7*7C
$GAGSV,1,1,03,16,06,108,,24,02,085,,25,06,131,,0*44
$GBGSV,2,1,08,06,62,080,45,09,66,113,45,11,46,272,45,12,36,197,41,1*75
$GBGSV,2,2,08,13,48,072,44,16,56,067,45,26,35,145,44,34,45,234,46,1*72
$GBGSV,2,1,08,06,62,080,42,08,34,087,43,09,66,113,44,11,46,272,47,B*09
$GBGSV,2,2,08,12,36,197,47,13,48,072,43,14,21,289,43,16,56,067,42,B*0A
$GBGSV,2,1,05,10,03,160,,21,46,026,,44,18,178,,45,29,078,,0*73
$GBGSV,2,2,05,50,51,349,,0*4D
$GQGSV,1,1,02,04,20,076,36,07,19,104,33,1*6F
$GQGSV,1,1,02,04,20,076,35,07,19,104,41,6*6E
$GNGLL,2454.23240,N,06708.27189,E,153442.00,A,D*7B
$GNRMC,153443.00,A,2454.23240,N,06708.27189,E,0.002,,020525,,,R,V*0D
$GNVTG,,T,,M,0.002,N,0.004,K,D*3E
$GNGGA,153443.00,2454.23240,N,06708.27189,E,4,12,0.59,21.8,M,-44.2,M,1.0,0284*75
$GNGSA,A,3,10,27,28,32,01,23,31,08,02,,,,1.18,0.59,1.02,1*01
$GNGSA,A,3,70,73,84,71,80,79,69,85,86,,,,1.18,0.59,1.02,2*06
$GNGSA,A,3,15,34,03,08,,,,,,,,,1.18,0.59,1.02,3*0C
$GNGSA,A,3,06,14,08,13,12,11,09,16,,,,,1.18,0.59,1.02,4*07
$GNGSA,A,3,07,04,,,,,,,,,,,1.18,0.59,1.02,5*01
$GPGSV,4,1,13,01,19,320,36,02,45,308,45,08,16,253,35,10,44,069,45,1*65
$GPGSV,4,2,13,23,11,101,38,25,07,086,22,27,15,216,38,28,68,130,47,1*6E
$GPGSV,4,3,13,31,48,178,45,32,49,020,46,40,59,208,47,41,56,146,45,1*69
$GPGSV,4,4,13,42,19,104,44,1*5D
$GPGSV,3,1,09,01,19,320,42,08,16,253,37,10,44,069,43,23,11,101,36,6*64
$GPGSV,3,2,09,25,07,086,29,27,15,216,38,28,68,130,46,31,48,178,43,6*62
$GPGSV,3,3,09,32,49,020,44,6*54
$GLGSV,3,1,10,69,11,050,42,70,41,345,36,71,25,290,45,73,13,158,38,1*78
$GLGSV,3,2,10,79,14,049,44,80,28,103,45,84,34,183,36,85,61,261,49,1*79
$GLGSV,3,3,10,86,21,325,43,,,,49,1*4A
$GLGSV,3,1,09,69,11,050,39,70,41,345,09,71,25,290,42,73,13,158,39,3*74
$GLGSV,3,2,09,79,14,049,40,80,28,103,44,84,34,183,43,85,61,261,46,3*7B
$GLGSV,3,3,09,86,21,325,40,3*4E
$GAGSV,2,1,06,03,65,304,46,05,39,032,45,08,25,249,41,15,47,319,45,2*71
$GAGSV,2,2,06,34,76,169,47,36,23,149,42,2*75
$GAGSV,2,1,06,03,65,304,46,05,39,032,42,08,25,249,40,15,47,319,44,7*73
$GAGSV,2,2,06,34,76,169,47,36,23,149,39,7*7C
$GAGSV,1,1,03,16,06,108,,24,02,085,,25,06,131,,0*44
$GBGSV,2,1,08,06,62,080,45,09,66,113,45,11,46,272,45,12,36,197,42,1*76
$GBGSV,2,2,08,13,48,072,44,16,56,067,45,26,35,145,44,34,45,234,46,1*72
$GBGSV,2,1,08,06,62,080,42,08,34,087,43,09,66,113,44,11,46,272,47,B*09
$GBGSV,2,2,08,12,36,197,47,13,48,072,43,14,21,289,43,16,56,067,42,B*0A
$GBGSV,2,1,05,10,03,160,,21,46,026,,44,18,178,,45,29,078,,0*73
$GBGSV,2,2,05,50,51,349,,0*4D
$GQGSV,1,1,02,04,20,076,35,07,19,104,32,1*6D
$GQGSV,1,1,02,04,20,076,35,07,19,104,41,6*6E
$GNGLL,2454.23240,N,06708.27189,E,153443.00,A,D*7A
$GNRMC,153444.00,A,2454.23240,N,06708.27189,E,0.005,,020525,,,R,V*0D
$GNVTG,,T,,M,0.005,N,0.008,K,D*35
$GNGGA,153444.00,2454.23240,N,06708.27189,E,4,12,0.59,21.8,M,-44.2,M,1.0,0284*72
$GNGSA,A,3,10,27,28,32,01,23,31,08,02,,,,1.18,0.59,1.02,1*01
$GNGSA,A,3,70,73,84,71,80,79,69,85,86,,,,1.18,0.59,1.02,2*06
$GNGSA,A,3,15,34,03,08,,,,,,,,,1.18,0.59,1.02,3*0C
$GNGSA,A,3,06,14,08,13,12,11,09,16,,,,,1.18,0.59,1.02,4*07
$GNGSA,A,3,07,04,,,,,,,,,,,1.18,0.59,1.02,5*01
$GPGSV,4,1,13,01,19,320,36,02,45,308,45,08,16,253,35,10,44,069,45,1*65
$GPGSV,4,2,13,23,11,101,38,25,07,086,23,27,15,216,38,28,68,130,47,1*6F
$GPGSV,4,3,13,31,48,178,45,32,49,020,46,40,59,208,47,41,56,146,45,1*69
$GPGSV,4,4,13,42,19,104,44,1*5D
$GPGSV,3,1,09,01,19,320,42,08,16,253,37,10,44,069,43,23,11,101,36,6*64
$GPGSV,3,2,09,25,07,086,30,27,15,216,38,28,68,130,46,31,48,178,43,6*6A
$GPGSV,3,3,09,32,49,020,44,6*54
$GLGSV,3,1,10,69,11,050,42,70,41,345,36,71,25,290,45,73,13,158,38,1*78
$GLGSV,3,2,10,79,14,049,44,80,28,103,45,84,34,183,35,85,61,261,49,1*7A
$GLGSV,3,3,10,86,21,325,43,,,,49,1*4A
$GLGSV,3,1,09,69,11,050,40,70,41,345,09,71,25,290,42,73,13,158,39,3*7A
$GLGSV,3,2,09,79,14,049,40,80,28,103,44,84,34,183,43,85,61,261,46,3*7B
$GLGSV,3,3,09,86,21,325,40,3*4E
$GAGSV,2,1,06,03,65,304,47,05,39,032,45,08,25,249,41,15,47,319,45,2*70
$GAGSV,2,2,06,34,76,169,47,36,23,149,42,2*75
$GAGSV,2,1,06,03,65,304,46,05,39,032,42,08,25,249,40,15,47,319,44,7*73
$GAGSV,2,2,06,34,76,169,47,36,23,149,39,7*7C
$GAGSV,1,1,03,16,06,108,,24,02,085,,25,06,131,,0*44
$GBGSV,2,1,08,06,62,080,45,09,66,113,45,11,46,272,45,12,36,197,42,1*76
$GBGSV,2,2,08,13,48,072,44,16,56,067,45,26,35,145,44,34,45,234,46,1*72
$GBGSV,2,1,08,06,62,080,42,08,34,087,43,09,66,113,44,11,46,272,47,B*09
$GBGSV,2,2,08,12,36,197,47,13,48,072,43,14,21,289,43,16,56,067,42,B*0A
$GBGSV,2,1,05,10,03,160,,21,46,026,,44,18,178,,45,29,078,,0*73
$GBGSV,2,2,05,50,51,349,,0*4D
$GQGSV,1,1,02,04,20,076,36,07,19,104,32,1*6E
$GQGSV,1,1,02,04,20,076,35,07,19,104,41,6*6E
$GNGLL,2454.23240,N,06708.27189,E,153444.00,A,D*7D
$GNRMC,153445.00,A,2454.23240,N,06708.27189,E,0.005,,020525,,,R,V*0C
$GNVTG,,T,,M,0.005,N,0.010,K,D*3C
$GNGGA,153445.00,2454.23240,N,06708.27189,E,4,12,0.59,21.8,M,-44.2,M,1.0,0284*73
$GNGSA,A,3,10,27,28,32,01,23,31,08,02,,,,1.18,0.59,1.02,1*01
$GNGSA,A,3,70,73,84,71,80,79,69,85,86,,,,1.18,0.59,1.02,2*06
$GNGSA,A,3,15,34,03,08,,,,,,,,,1.18,0.59,1.02,3*0C
$GNGSA,A,3,06,14,08,13,12,11,09,16,,,,,1.18,0.59,1.02,4*07
$GNGSA,A,3,07,04,,,,,,,,,,,1.18,0.59,1.02,5*01
$GPGSV,4,1,13,01,19,320,36,02,45,308,45,08,16,253,35,10,44,069,45,1*65
$GPGSV,4,2,13,23,11,101,38,25,07,086,23,27,15,216,38,28,68,130,47,1*6F
$GPGSV,4,3,13,31,48,178,45,32,49,020,46,40,59,208,47,41,56,146,45,1*69
$GPGSV,4,4,13,42,19,104,44,1*5D
$GPGSV,3,1,09,01,19,320,42,08,16,253,37,10,44,069,43,23,11,101,36,6*64
$GPGSV,3,2,09,25,07,086,30,27,15,216,37,28,68,130,46,31,48,178,43,6*65
$GPGSV,3,3,09,32,49,020,44,6*54
$GLGSV,3,1,10,69,11,050,42,70,41,345,36,71,25,290,45,73,13,158,38,1*78
$GLGSV,3,2,10,79,14,049,44,80,28,103,45,84,34,183,35,85,61,261,49,1*7A
$GLGSV,3,3,10,86,21,325,43,,,,49,1*4A
$GLGSV,3,1,09,69,11,050,39,70,41,345,08,71,25,290,42,73,13,158,39,3*75
$GLGSV,3,2,09,79,14,049,40,80,28,103,44,84,34,183,43,85,61,261,46,3*7B
$GLGSV,3,3,09,86,21,325,40,3*4E
$GAGSV,2,1,06,03,65,304,47,05,39,032,45,08,25,249,41,15,47,319,45,2*70
$GAGSV,2,2,06,34,76,169,47,36,23,149,43,2*74
$GAGSV,2,1,06,03,65,304,46,05,39,032,42,08,25,249,40,15,47,319,44,7*73
$GAGSV,2,2,06,34,76,169,47,36,23,149,39,7*7C
$GAGSV,1,1,03,16,06,108,,24,02,085,,25,06,131,,0*44
$GBGSV,2,1,08,06,62,080,45,09,66,113,45,11,46,272,45,12,36,197,42,1*76
$GBGSV,2,2,08,13,48,072,44,16,56,067,45,26,35,145,44,34,45,234,46,1*72
$GBGSV,2,1,08,06,62,080,42,08,34,087,43,09,66,113,44,11,46,272,47,B*09
$GBGSV,2,2,08,12,36,197,47,13,48,072,43,14,21,289,43,16,56,067,42,B*0A
$GBGSV,2,1,05,10,03,160,,21,46,026,,44,18,178,,45,29,078,,0*73
$GBGSV,2,2,05,50,51,349,,0*4D
$GQGSV,1,1,02,04,20,076,35,07,19,104,33,1*6C
$GQGSV,1,1,02,04,20,076,35,07,19,104,41,6*6E
$GNGLL,2454.23240,N,06708.27189,E,153445.00,A,D*7C
$GNRMC,153446.00,A,2454.23240,N,06708.27189,E,0.001,,020525,,,R,V*0B
$GNVTG,,T,,M,0.001,N,0.001,K,D*38
$GNGGA,153446.00,2454.23240,N,06708.27189,E,4,12,0.59,21.8,M,-44.2,M,1.0,0284*70
$GNGSA,A,3,10,27,28,32,01,23,31,08,02,,,,1.18,0.59,1.02,1*01
$GNGSA,A,3,70,73,84,71,80,79,69,85,86,,,,1.18,0.59,1.02,2*06
$GNGSA,A,3,15,34,03,08,,,,,,,,,1.18,0.59,1.02,3*0C
$GNGSA,A,3,06,14,08,13,12,11,09,16,,,,,1.18,0.59,1.02,4*07
$GNGSA,A,3,07,04,,,,,,,,,,,1.18,0.59,1.02,5*01
$GPGSV,4,1,13,01,19,320,36,02,45,308,45,08,16,253,35,10,44,069,45,1*65
$GPGSV,4,2,13,23,11,101,38,25,07,086,24,27,15,216,38,28,68,130,47,1*68
$GPGSV,4,3,13,31,48,178,45,32,49,020,46,40,59,208,47,41,56,146,45,1*69
$GPGSV,4,4,13,42,19,104,44,1*5D
$GPGSV,3,1,09,01,19,320,42,08,16,253,37,10,44,069,43,23,11,101,36,6*64
$GPGSV,3,2,09,25,07,086,30,27,15,216,37,28,68,130,46,31,48,178,43,6*65
$GPGSV,3,3,09,32,49,020,43,6*53
$GLGSV,3,1,10,69,11,050,42,70,41,345,36,71,25,290,45,73,13,158,38,1*78
$GLGSV,3,2,10,79,14,049,45,80,28,103,45,84,34,183,35,85,61,261,49,1*7B
$GLGSV,3,3,10,86,21,325,43,,,,49,1*4A
$GLGSV,3,1,09,69,11,050,39,70,41,345,08,71,25,290,42,73,13,158,39,3*75
$GLGSV,3,2,09,79,14,049,40,80,28,103,44,84,34,183,43,85,61,261,45,3*78
$GLGSV,3,3,09,86,21,325,40,3*4E
$GAGSV,2,1,06,03,65,304,47,05,39,032,45,08,25,249,41,15,47,319,45,2*70
$GAGSV,2,2,06,34,76,169,47,36,23,149,42,2*75
$GAGSV,2,1,06,03,65,304,46,05,39,032,42,08,25,249,40,15,47,319,44,7*73
$GAGSV,2,2,06,34,76,169,47,36,23,149,40,7*72
$GAGSV,1,1,03,16,06,108,,24,02,085,,25,06,131,,0*44
$GBGSV,2,1,08,06,62,080,45,09,66,113,45,11,46,272,45,12,36,197,42,1*76
$GBGSV,2,2,08,13,48,072,44,16,56,067,45,26,35,145,44,34,45,234,46,1*72
$GBGSV,2,1,08,06,62,080,42,08,34,087,43,09,66,113,44,11,46,272,47,B*09
$GBGSV,2,2,08,12,36,197,47,13,48,072,43,14,21,289,43,16,56,067,42,B*0A
$GBGSV,2,1,05,10,03,160,,21,46,026,,44,18,178,,45,29,078,,0*73
$GBGSV,2,2,05,50,51,349,,0*4D
$GQGSV,1,1,02,04,20,076,36,07,19,104,33,1*6F
$GQGSV,1,1,02,04,20,076,35,07,19,104,41,6*6E
$GNGLL,2454.23240,N,06708.27189,E,153446.00,A,D*7F
$GNRMC,153447.00,A,2454.23240,N,06708.27189,E,0.003,,020525,,,R,V*08
$GNVTG,,T,,M,0.003,N,0.006,K,D*3D
$GNGGA,153447.00,2454.23240,N,06708.27189,E,4,12,0.59,21.8,M,-44.2,M,1.0,0284*71
$GNGSA,A,3,10,27,28,32,01,23,31,08,02,,,,1.18,0.59,1.02,1*01
$GNGSA,A,3,70,73,84,71,80,79,69,85,86,,,,1.18,0.59,1.02,2*06
$GNGSA,A,3,15,34,03,08,,,,,,,,,1.18,0.59,1.02,3*0C
$GNGSA,A,3,06,14,08,13,12,11,09,16,,,,,1.18,0.59,1.02,4*07
$GNGSA,A,3,07,04,,,,,,,,,,,1.18,0.59,1.02,5*01
$GPGSV,4,1,13,01,19,320,36,02,45,308,45,08,16,253,35,10,44,069,45,1*65
$GPGSV,4,2,13,23,11,101,38,25,07,086,24,27,15,216,38,28,68,130,47,1*68
$GPGSV,4,3,13,31,48,178,45,32,49,020,46,40,59,208,47,41,56,146,45,1*69
$GPGSV,4,4,13,42,19,104,44,1*5D
$GPGSV,3,1,09,01,19,320,42,08,16,253,37,10,44,069,43,23,11,101,37,6*65
$GPGSV,3,2,09,25,07,086,30,27,15,216,37,28,68,130,46,31,48,178,43,6*65
$GPGSV,3,3,09,32,49,020,43,6*53
$GLGSV,3,1,10,69,11,050,42,70,41,345,36,71,25,290,45,73,13,158,38,1*78
$GLGSV,3,2,10,79,14,049,45,80,28,103,45,84,33,183,35,85,61,261,49,1*7C
$GLGSV,3,3,10,86,21,325,43,,,,49,1*4A
$GLGSV,3,1,09,69,11,050,40,70,41,345,08,71,25,290,42,73,13,158,39,3*7B
$GLGSV,3,2,09,79,14,049,40,80,28,103,44,84,33,183,43,85,61,261,45,3*7F
$GLGSV,3,3,09,86,21,325,40,3*4E
$GAGSV,2,1,06,03,65,304,47,05,39,032,45,08,25,249,42,15,47,319,46,2*70
$GAGSV,2,2,06,34,76,169,47,36,23,149,43,2*74
$GAGSV,2,1,06,03,65,304,46,05,39,032,42,08,25,249,40,15,47,319,44,7*73
$GAGSV,2,2,06,34,76,169,47,36,23,149,39,7*7C
$GAGSV,1,1,03,16,06,108,,24,02,085,,25,06,131,,0*44
$GBGSV,2,1,08,06,62,080,45,09,66,113,45,11,46,272,45,12,36,197,42,1*76
$GBGSV,2,2,08,13,48,072,44,16,56,067,45,26,35,145,44,34,45,234,46,1*72
$GBGSV,2,1,08,06,62,080,42,08,34,087,43,09,66,113,44,11,46,272,47,B*09
$GBGSV,2,2,08,12,36,197,47,13,48,072,43,14,21,289,43,16,56,067,42,B*0A
$GBGSV,2,1,05,10,03,160,,21,46,026,,44,18,178,,45,29,078,,0*73
$GBGSV,2,2,05,50,51,349,,0*4D
$GQGSV,1,1,02,04,20,076,36,07,19,104,32,1*6E
$GQGSV,1,1,02,04,20,076,35,07,19,104,41,6*6E
$GNGLL,2454.23240,N,06708.27189,E,153447.00,A,D*7E
$GNRMC,153448.00,A,2454.23240,N,06708.27189,E,0.006,,020525,,,R,V*02
$GNVTG,,T,,M,0.006,N,0.011,K,D*3E
$GNGGA,153448.00,2454.23240,N,06708.27189,E,4,12,0.59,21.8,M,-44.2,M,1.0,0284*7E
$GNGSA,A,3,10,27,28,32,01,23,31,08,02,,,,1.18,0.59,1.02,1*01
$GNGSA,A,3,70,73,84,71,80,79,69,85,86,,,,1.18,0.59,1.02,2*06
$GNGSA,A,3,15,34,03,08,,,,,,,,,1.18,0.59,1.02,3*0C
$GNGSA,A,3,06,14,08,13,12,11,09,16,,,,,1.18,0.59,1.02,4*07
$GNGSA,A,3,07,04,,,,,,,,,,,1.18,0.59,1.02,5*01
$GPGSV,4,1,13,01,19,320,36,02,45,308,45,08,16,253,35,10,44,069,45,1*65
$GPGSV,4,2,13,23,11,101,38,25,07,086,24,27,15,216,38,28,68,130,47,1*68
$GPGSV,4,3,13,31,48,178,45,32,49,020,46,40,59,208,47,41,56,146,45,1*69
$GPGSV,4,4,13,42,19,104,44,1*5D
$GPGSV,3,1,09,01,19,320,42,08,16,253,37,10,44,069,43,23,11,101,37,6*65
$GPGSV,3,2,09,25,07,086,29,27,15,216,37,28,68,130,46,31,48,178,43,6*6D
$GPGSV,3,3,09,32,49,020,43,6*53
$GLGSV,3,1,10,69,11,050,43,70,41,345,36,71,25,290,45,73,13,158,38,1*79
$GLGSV,3,2,10,79,14,049,45,80,28,103,45,84,33,183,35,85,61,259,49,1*77
$GLGSV,3,3,10,86,21,325,43,,,,49,1*4A
$GLGSV,3,1,10,69,11,050,40,70,41,345,09,71,25,290,42,73,13,158,39,3*72
$GLGSV,3,2,10,79,14,049,40,80,28,103,44,84,33,183,43,85,61,259,45,3*7C
$GLGSV,3,3,10,86,21,325,40,,,,45,3*47
$GAGSV,2,1,06,03,65,304,47,05,39,032,45,08,25,249,42,15,47,319,46,2*70
$GAGSV,2,2,06,34,76,169,47,36,23,149,43,2*74
$GAGSV,2,1,06,03,65,304,46,05,39,032,42,08,25,249,40,15,47,319,44,7*73
$GAGSV,2,2,06,34,76,169,47,36,23,149,39,7*7C
$GAGSV,1,1,03,16,06,108,,24,02,085,,25,06,131,,0*44
$GBGSV,2,1,08,06,62,080,45,09,66,113,45,11,46,272,45,12,36,197,42,1*76
$GBGSV,2,2,08,13,48,072,44,16,56,067,45,26,35,145,44,34,45,234,46,1*72
$GBGSV,2,1,08,06,62,080,42,08,34,087,43,09,66,113,44,11,46,272,47,B*09
$GBGSV,2,2,08,12,36,197,47,13,48,072,43,14,21,289,43,16,56,067,42,B*0A
$GBGSV,2,1,05,10,03,160,,21,46,026,,44,18,178,,45,29,078,,0*73
$GBGSV,2,2,05,50,51,349,,0*4D
$GQGSV,1,1,02,04,20,076,36,07,19,104,32,1*6E
$GQGSV,1,1,02,04,20,076,35,07,19,104,41,6*6E
$GNGLL,2454.23240,N,06708.27189,E,153448.00,A,D*71
$GNRMC,153449.00,A,2454.23240,N,06708.27189,E,0.003,,020525,,,R,V*06
$GNVTG,,T,,M,0.003,N,0.005,K,D*3E
$GNGGA,153449.00,2454.23240,N,06708.27189,E,4,12,0.59,21.8,M,-44.2,M,1.0,0284*7F
$GNGSA,A,3,10,27,28,32,01,23,31,08,02,,,,1.18,0.59,1.02,1*01
$GNGSA,A,3,70,73,84,71,80,79,69,85,86,,,,1.18,0.59,1.02,2*06
$GNGSA,A,3,15,34,03,08,,,,,,,,,1.18,0.59,1.02,3*0C
$GNGSA,A,3,06,14,08,13,12,11,09,16,,,,,1.18,0.59,1.02,4*07
$GNGSA,A,3,07,04,,,,,,,,,,,1.18,0.59,1.02,5*01
$GPGSV,4,1,13,01,19,320,36,02,45,308,45,08,16,253,35,10,44,069,45,1*65
$GPGSV,4,2,13,23,11,101,38,25,07,086,25,27,15,216,38,28,68,130,47,1*69
$GPGSV,4,3,13,31,48,178,45,32,49,020,46,40,59,208,47,41,56,146,45,1*69
$GPGSV,4,4,13,42,19,104,44,1*5D
$GPGSV,3,1,09,01,19,320,42,08,16,253,37,10,44,069,43,23,11,101,37,6*65
$GPGSV,3,2,09,25,07,086,30,27,15,216,37,28,68,130,46,31,48,178,43,6*65
$GPGSV,3,3,09,32,49,020,43,6*53
$GLGSV,3,1,10,69,11,050,43,70,41,345,36,71,25,290,45,73,13,158,38,1*79
$GLGSV,3,2,10,79,14,049,45,80,28,103,45,84,33,183,35,85,61,259,49,1*77
$GLGSV,3,3,10,86,22,325,43,,,,49,1*49
$GLGSV,3,1,10,69,11,050,40,70,41,345,13,71,25,290,41,73,13,158,39,3*7A
$GLGSV,3,2,10,79,14,049,40,80,28,103,44,84,33,183,43,85,61,259,45,3*7C
$GLGSV,3,3,10,86,22,325,40,,,,46,3*47
$GAGSV,2,1,06,03,65,304,47,05,39,032,45,08,25,249,42,15,47,319,46,2*70
$GAGSV,2,2,06,34,76,169,47,36,23,149,43,2*74
$GAGSV,2,1,06,03,65,304,46,05,39,032,42,08,25,249,40,15,47,319,44,7*73
$GAGSV,2,2,06,34,76,169,47,36,23,149,40,7*72
$GAGSV,1,1,03,16,06,108,,24,02,085,,25,06,131,,0*44
$GBGSV,2,1,08,06,62,080,45,09,66,113,45,11,46,272,45,12,36,197,42,1*76
$GBGSV,2,2,08,13,48,072,44,16,56,067,45,26,35,145,44,34,45,234,46,1*72
$GBGSV,2,1,08,06,62,080,42,08,34,087,43,09,66,113,44,11,46,272,47,B*09
$GBGSV,2,2,08,12,36,197,47,13,48,072,43,14,21,289,43,16,56,067,42,B*0A
$GBGSV,2,1,05,10,03,160,,21,46,026,,44,18,178,,45,29,078,,0*73
$GBGSV,2,2,05,50,51,349,,0*4D
$GQGSV,1,1,02,04,20,076,36,07,19,104,32,1*6E
$GQGSV,1,1,02,04,20,076,35,07,19,104,41,6*6E
$GNGLL,2454.23240,N,06708.27189,E,153449.00,A,D*70
$GNRMC,153450.00,A,2454.23240,N,06708.27189,E,0.005,,020525,,,R,V*08
$GNVTG,,T,,M,0.005,N,0.009,K,D*34
$GNGGA,153450.00,2454.23240,N,06708.27189,E,4,12,0.59,21.8,M,-44.2,M,1.0,0284*77
$GNGSA,A,3,10,27,28,32,01,23,31,08,02,,,,1.18,0.59,1.02,1*01
$GNGSA,A,3,70,73,84,71,80,79,69,85,86,,,,1.18,0.59,1.02,2*06
$GNGSA,A,3,15,34,03,08,,,,,,,,,1.18,0.59,1.02,3*0C
$GNGSA,A,3,06,14,08,13,12,11,09,16,,,,,1.18,0.59,1.02,4*07
$GNGSA,A,3,07,04,,,,,,,,,,,1.18,0.59,1.02,5*01
$GPGSV,4,1,13,01,19,320,36,02,45,308,45,08,16,253,35,10,44,069,45,1*65
$GPGSV,4,2,13,23,11,101,38,25,07,086,26,27,15,216,39,28,68,130,47,1*6B
$GPGSV,4,3,13,31,48,178,46,32,49,020,46,40,59,208,47,41,56,146,45,1*6A
$GPGSV,4,4,13,42,19,104,44,1*5D
$GPGSV,3,1,09,01,19,320,42,08,16,253,37,10,44,069,43,23,11,101,36,6*64
$GPGSV,3,2,09,25,07,086,30,27,15,216,37,28,68,130,46,31,48,178,43,6*65
$GPGSV,3,3,09,32,49,020,43,6*53
$GLGSV,3,1,10,69,11,050,43,70,41,345,36,71,25,290,45,73,13,158,38,1*79
$GLGSV,3,2,10,79,14,049,45,80,28,103,45,84,33,183,35,85,61,259,49,1*77
$GLGSV,3,3,10,86,22,325,43,,,,49,1*49
$GLGSV,3,1,10,69,11,050,40,70,41,345,09,71,25,290,42,73,13,158,39,3*72
$GLGSV,3,2,10,79,14,049,40,80,28,103,44,84,33,183,43,85,61,259,45,3*7C
$GLGSV,3,3,10,86,22,325,40,,,,46,3*47
$GAGSV,2,1,06,03,65,304,47,05,39,032,45,08,25,249,42,15,47,319,46,2*70
$GAGSV,2,2,06,34,76,169,47,36,23,149,43,2*74
$GAGSV,2,1,06,03,65,304,46,05,39,032,42,08,25,249,40,15,47,319,44,7*73
$GAGSV,2,2,06,34,76,169,47,36,23,149,40,7*72
$GAGSV,1,1,03,16,06,108,,24,02,085,,25,06,131,,0*44
$GBGSV,2,1,08,06,62,080,45,09,66,113,45,11,46,272,45,12,36,197,42,1*76
$GBGSV,2,2,08,13,48,072,44,16,56,067,45,26,35,145,44,34,45,234,46,1*72
$GBGSV,2,1,08,06,62,080,42,08,34,087,43,09,66,113,44,11,46,272,47,B*09
$GBGSV,2,2,08,12,36,197,47,13,48,072,43,14,21,289,43,16,56,067,42,B*0A
$GBGSV,2,1,05,10,03,160,,21,46,026,,44,18,178,,45,29,078,,0*73
$GBGSV,2,2,05,50,51,349,,0*4D
$GQGSV,1,1,02,04,20,076,36,07,19,104,33,1*6F
$GQGSV,1,1,02,04,20,076,35,07,19,104,41,6*6E
$GNGLL,2454.23240,N,06708.27189,E,153450.00,A,D*78
$GNRMC,153451.00,A,2454.23240,N,06708.27189,E,0.003,,020525,,,R,V*0F
$GNVTG,,T,,M,0.003,N,0.005,K,D*3E
$GNGGA,153451.00,2454.23240,N,06708.27189,E,4,12,0.59,21.8,M,-44.2,M,1.0,0284*76
$GNGSA,A,3,10,27,28,32,01,23,31,08,02,,,,1.18,0.59,1.02,1*01
$GNGSA,A,3,70,73,84,71,80,79,69,85,86,,,,1.18,0.59,1.02,2*06
$GNGSA,A,3,15,34,03,08,,,,,,,,,1.18,0.59,1.02,3*0C
$GNGSA,A,3,06,14,08,13,12,11,09,16,,,,,1.18,0.59,1.02,4*07
$GNGSA,A,3,07,04,,,,,,,,,,,1.18,0.59,1.02,5*01
$GPGSV,4,1,13,01,19,320,36,02,45,308,45,08,16,253,34,10,44,069,45,1*64
$GPGSV,4,2,13,23,11,101,38,25,07,086,26,27,15,216,38,28,68,130,47,1*6A
$GPGSV,4,3,13,31,48,178,45,32,49,020,46,40,59,208,47,41,56,146,45,1*69
$GPGSV,4,4,13,42,19,104,44,1*5D
$GPGSV,3,1,09,01,19,320,42,08,16,253,37,10,44,069,43,23,11,101,37,6*65
$GPGSV,3,2,09,25,07,086,30,27,15,216,37,28,68,130,46,31,48,178,43,6*65
$GPGSV,3,3,09,32,49,020,44,6*54
$GLGSV,3,1,10,69,11,050,43,70,41,345,36,71,25,290,45,73,13,158,37,1*76
$GLGSV,3,2,10,79,14,049,45,80,28,103,45,84,33,183,35,85,61,259,49,1*77
$GLGSV,3,3,10,86,22,325,43,,,,49,1*49
$GLGSV,3,1,10,69,11,050,40,70,41,345,10,71,25,290,42,73,13,158,39,3*7A
$GLGSV,3,2,10,79,14,049,40,80,28,103,44,84,33,183,43,85,61,259,45,3*7C
$GLGSV,3,3,10,86,22,325,40,,,,46,3*47
$GAGSV,2,1,06,03,65,304,47,05,39,032,45,08,25,249,42,15,47,319,46,2*70
$GAGSV,2,2,06,34,76,169,47,36,23,149,43,2*74
$GAGSV,2,1,06,03,65,304,46,05,39,032,42,08,25,249,40,15,47,319,44,7*73
$GAGSV,2,2,06,34,76,169,47,36,23,149,40,7*72
$GAGSV,1,1,03,16,06,108,,24,02,085,,25,06,131,,0*44
$GBGSV,2,1,08,06,62,080,45,09,66,113,45,11,46,272,45,12,36,197,42,1*76
$GBGSV,2,2,08,13,48,072,44,16,56,067,45,26,35,145,44,34,45,234,46,1*72
$GBGSV,2,1,08,06,62,080,42,08,34,087,43,09,66,113,44,11,46,272,47,B*09
$GBGSV,2,2,08,12,36,197,47,13,48,072,43,14,21,289,43,16,56,067,42,B*0A
$GBGSV,2,1,05,10,03,160,,21,46,026,,44,18,178,,45,29,078,,0*73
$GBGSV,2,2,05,50,51,349,,0*4D
$GQGSV,1,1,02,04,20,076,36,07,19,104,32,1*6E
$GQGSV,1,1,02,04,20,076,35,07,19,104,41,6*6E
$GNGLL,2454.23240,N,06708.27189,E,153451.00,A,D*79
$GNRMC,153452.00,A,2454.23240,N,06708.27189,E,0.005,,020525,,,R,V*0A
$GNVTG,,T,,M,0.005,N,0.009,K,D*34
$GNGGA,153452.00,2454.23240,N,06708.27189,E,4,12,0.59,21.8,M,-44.2,M,1.0,0284*75
$GNGSA,A,3,10,27,28,32,01,23,31,08,02,,,,1.18,0.59,1.02,1*01
$GNGSA,A,3,70,73,84,71,80,79,69,85,86,,,,1.18,0.59,1.02,2*06
$GNGSA,A,3,15,34,03,08,,,,,,,,,1.18,0.59,1.02,3*0C
$GNGSA,A,3,06,14,08,13,12,11,09,16,,,,,1.18,0.59,1.02,4*07
$GNGSA,A,3,07,04,,,,,,,,,,,1.18,0.59,1.02,5*01
$GPGSV,4,1,13,01,19,320,36,02,45,308,45,08,16,253,35,10,44,069,45,1*65
$GPGSV,4,2,13,23,11,101,38,25,07,086,27,27,15,216,38,28,68,130,47,1*6B
$GPGSV,4,3,13,31,48,178,45,32,49,020,46,40,59,208,47,41,56,146,45,1*69
$GPGSV,4,4,13,42,19,104,44,1*5D
$GPGSV,3,1,09,01,19,320,42,08,16,253,37,10,44,069,43,23,11,101,37,6*65
$GPGSV,3,2,09,25,07,086,30,27,15,216,37,28,68,130,46,31,48,178,43,6*65
$GPGSV,3,3,09,32,49,020,44,6*54
$GLGSV,3,1,10,69,11,050,43,70,41,345,36,71,25,290,45,73,13,158,38,1*79
$GLGSV,3,2,10,79,14,049,45,80,28,103,45,84,33,183,35,85,61,259,49,1*77
$GLGSV,3,3,10,86,22,325,43,,,,49,1*49
$GLGSV,3,1,10,69,11,050,40,70,41,345,08,71,25,290,42,73,13,158,39,3*73
$GLGSV,3,2,10,79,14,049,40,80,28,103,44,84,33,183,43,85,61,259,45,3*7C
$GLGSV,3,3,10,86,22,325,40,,,,46,3*47
$GAGSV,2,1,06,03,65,304,47,05,39,032,45,08,25,249,42,15,47,319,46,2*70
$GAGSV,2,2,06,34,76,169,47,36,23,149,43,2*74
$GAGSV,2,1,06,03,65,304,46,05,39,032,42,08,25,249,40,15,47,319,44,7*73
$GAGSV,2,2,06,34,76,169,47,36,23,149,40,7*72
$GAGSV,1,1,03,16,06,108,,24,02,085,,25,06,131,,0*44
$GBGSV,2,1,08,06,62,080,45,09,66,113,45,11,46,272,45,12,36,197,42,1*76
$GBGSV,2,2,08,13,48,072,44,16,56,067,45,26,35,145,44,34,45,234,46,1*72
$GBGSV,2,1,08,06,62,080,42,08,34,087,43,09,66,113,44,11,46,272,47,B*09
$GBGSV,2,2,08,12,36,197,47,13,48,072,43,14,21,289,43,16,56,067,42,B*0A
$GBGSV,2,1,06,10,03,160,,21,46,026,,22,11,070,,44,18,178,,0*72
$GBGSV,2,2,06,45,29,078,,50,51,349,,0*7B
$GQGSV,1,1,02,04,20,076,36,07,19,104,32,1*6E
$GQGSV,1,1,02,04,20,076,35,07,19,104,41,6*6E
$GNGLL,2454.23240,N,06708.27189,E,153452.00,A,D*7A
$GNRMC,153453.00,A,2454.23240,N,06708.27189,E,0.007,,020525,,,R,V*09
$GNVTG,,T,,M,0.007,N,0.012,K,D*3C
$GNGGA,153453.00,2454.23240,N,06708.27189,E,4,12,0.59,21.8,M,-44.2,M,1.0,0284*74
$GNGSA,A,3,10,27,28,32,01,23,31,08,02,,,,1.18,0.59,1.02,1*01
$GNGSA,A,3,70,73,84,71,80,79,69,85,86,,,,1.18,0.59,1.02,2*06
$GNGSA,A,3,15,34,03,08,,,,,,,,,1.18,0.59,1.02,3*0C
$GNGSA,A,3,06,14,08,13,12,11,09,16,,,,,1.18,0.59,1.02,4*07
$GNGSA,A,3,07,04,,,,,,,,,,,1.18,0.59,1.02,5*01
$GPGSV,4,1,13,01,19,320,36,02,45,308,45,08,16,253,35,10,44,069,45,1*65
$GPGSV,4,2,13,23,11,101,38,25,07,086,28,27,15,216,38,28,68,130,47,1*64
$GPGSV,4,3,13,31,48,178,45,32,49,020,46,40,59,208,47,41,56,146,45,1*69
$GPGSV,4,4,13,42,19,104,44,1*5D
$GPGSV,3,1,09,01,19,320,42,08,16,253,37,10,44,069,43,23,11,101,37,6*65
$GPGSV,3,2,09,25,07,086,30,27,15,216,37,28,68,130,46,31,48,178,43,6*65
$GPGSV,3,3,09,32,49,020,43,6*53
$GLGSV,3,1,10,69,11,050,43,70,41,345,36,71,25,290,45,73,13,158,38,1*79
$GLGSV,3,2,10,79,14,049,45,80,28,103,45,84,33,183,35,85,61,259,49,1*77
$GLGSV,3,3,10,86,22,325,43,,,,49,1*49
$GLGSV,3,1,10,69,11,050,40,70,41,345,09,71,25,290,42,73,13,158,39,3*72
$GLGSV,3,2,10,79,14,049,40,80,28,103,44,84,33,183,43,85,61,259,45,3*7C
$GLGSV,3,3,10,86,22,325,40,,,,46,3*47
$GAGSV,2,1,06,03,65,304,47,05,39,032,45,08,25,249,42,15,47,319,46,2*70
$GAGSV,2,2,06,34,76,170,47,36,23,149,42,2*7D
$GAGSV,2,1,06,03,65,304,46,05,39,032,42,08,25,249,40,15,47,319,44,7*73
$GAGSV,2,2,06,34,76,170,47,36,23,149,40,7*7A
$GAGSV,1,1,03,16,06,108,,24,02,085,,25,06,131,,0*44
$GBGSV,2,1,08,06,62,080,45,09,66,113,45,11,46,272,45,12,36,197,41,1*75
$GBGSV,2,2,08,13,48,072,44,16,56,067,45,26,35,145,44,34,45,234,46,1*72
$GBGSV,2,1,08,06,62,080,42,08,34,087,43,09,66,113,44,11,46,272,47,B*09
$GBGSV,2,2,08,12,36,197,47,13,48,072,43,14,21,289,43,16,56,067,42,B*0A
$GBGSV,2,1,06,10,03,160,,21,46,026,,22,11,070,,44,18,178,,0*72
$GBGSV,2,2,06,45,29,078,,50,51,349,,0*7B
$GQGSV,1,1,02,04,20,076,36,07,19,104,32,1*6E
$GQGSV,1,1,02,04,20,076,35,07,19,104,41,6*6E
$GNGLL,2454.23240,N,06708.27189,E,153453.00,A,D*7B
$GNRMC,153454.00,A,2454.23240,N,06708.27189,E,0.002,,020525,,,R,V*0B
$GNVTG,,T,,M,0.002,N,0.003,K,D*39
$GNGGA,153454.00,2454.23240,N,06708.27189,E,4,12,0.59,21.8,M,-44.2,M,1.0,0284*73
$GNGSA,A,3,10,27,28,32,01,23,31,08,02,,,,1.18,0.59,1.02,1*01
$GNGSA,A,3,70,73,84,71,80,79,69,85,86,,,,1.18,0.59,1.02,2*06
$GNGSA,A,3,15,34,03,08,,,,,,,,,1.18,0.59,1.02,3*0C
$GNGSA,A,3,06,14,08,13,12,11,09,16,,,,,1.18,0.59,1.02,4*07
$GNGSA,A,3,07,04,,,,,,,,,,,1.18,0.59,1.02,5*01
$GPGSV,4,1,13,01,19,320,36,02,46,307,45,08,16,253,35,10,44,069,45,1*69
$GPGSV,4,2,13,23,11,101,38,25,07,086,28,27,15,216,38,28,68,130,47,1*64
$GPGSV,4,3,13,31,48,178,45,32,49,020,46,40,59,208,47,41,56,146,45,1*69
$GPGSV,4,4,13,42,19,104,44,1*5D
$GPGSV,3,1,09,01,19,320,42,08,16,253,37,10,44,069,43,23,11,101,36,6*64
$GPGSV,3,2,09,25,07,086,30,27,15,216,37,28,68,130,46,31,48,178,43,6*65
$GPGSV,3,3,09,32,49,020,43,6*53
$GLGSV,3,1,10,69,11,050,43,70,41,345,36,71,25,290,44,73,13,158,38,1*78
$GLGSV,3,2,10,79,14,049,45,80,28,103,45,84,33,183,35,85,61,259,49,1*77
$GLGSV,3,3,10,86,22,325,43,,,,49,1*49
$GLGSV,3,1,10,69,11,050,40,70,41,345,10,71,25,290,42,73,13,158,39,3*7A
$GLGSV,3,2,10,79,14,049,40,80,28,103,44,84,33,183,43,85,61,259,45,3*7C
$GLGSV,3,3,10,86,22,325,40,,,,46,3*47
$GAGSV,2,1,06,03,65,304,47,05,39,032,45,08,25,249,42,15,47,319,46,2*70
$GAGSV,2,2,06,34,76,170,47,36,23,149,42,2*7D
$GAGSV,2,1,06,03,65,304,46,05,39,032,42,08,25,249,39,15,47,319,44,7*7D
$GAGSV,2,2,06,34,76,170,47,36,23,149,40,7*7A
$GAGSV,1,1,03,16,06,108,,24,02,085,,25,06,131,,0*44
$GBGSV,2,1,08,06,62,080,45,09,66,113,45,11,46,272,45,12,36,197,41,1*75
$GBGSV,2,2,08,13,48,072,44,16,56,067,45,26,35,145,44,34,45,234,46,1*72
$GBGSV,2,1,08,06,62,080,42,08,34,087,43,09,66,113,44,11,46,272,47,B*09
$GBGSV,2,2,08,12,36,197,47,13,48,072,43,14,21,289,43,16,56,067,42,B*0A
$GBGSV,2,1,06,10,03,160,,21,46,026,,22,11,070,,44,18,178,,0*72
$GBGSV,2,2,06,45,29,078,,50,51,349,,0*7B
$GQGSV,1,1,02,04,20,076,36,07,19,104,32,1*6E
$GQGSV,1,1,02,04,20,076,35,07,19,104,41,6*6E
$GNGLL,2454.23240,N,06708.27189,E,153454.00,A,D*7C
$GNRMC,153455.00,A,2454.23240,N,06708.27189,E,0.004,,020525,,,R,V*0C
$GNVTG,,T,,M,0.004,N,0.007,K,D*3B
$GNGGA,153455.00,2454.23240,N,06708.27189,E,4,12,0.59,21.8,M,-44.2,M,1.0,0284*72
$GNGSA,A,3,10,27,28,32,01,23,31,08,02,,,,1.18,0.59,1.02,1*01
$GNGSA,A,3,70,73,84,71,80,79,69,85,86,,,,1.18,0.59,1.02,2*06
$GNGSA,A,3,15,34,03,08,,,,,,,,,1.18,0.59,1.02,3*0C
$GNGSA,A,3,06,14,08,13,12,11,09,16,,,,,1.18,0.59,1.02,4*07
$GNGSA,A,3,07,04,,,,,,,,,,,1.18,0.59,1.02,5*01
$GPGSV,4,1,13,01,19,320,36,02,46,307,45,08,16,253,35,10,44,069,45,1*69
$GPGSV,4,2,13,23,11,101,38,25,07,086,29,27,15,216,38,28,68,130,47,1*65
$GPGSV,4,3,13,31,48,178,45,32,49,020,46,40,59,208,47,41,56,146,45,1*69
$GPGSV,4,4,13,42,19,104,44,1*5D
$GPGSV,3,1,09,01,19,320,42,08,16,253,37,10,44,069,43,23,11,101,36,6*64
$GPGSV,3,2,09,25,07,086,31,27,15,216,37,28,68,130,46,31,48,178,43,6*64
$GPGSV,3,3,09,32,49,020,43,6*53
$GLGSV,3,1,10,69,11,050,43,70,41,345,36,71,25,290,44,73,13,158,37,1*77
$GLGSV,3,2,10,79,14,049,45,80,28,103,45,84,33,183,36,85,61,259,49,1*74
$GLGSV,3,3,10,86,22,325,43,,,,49,1*49
$GLGSV,3,1,10,69,11,050,40,70,41,345,07,71,25,290,41,73,13,158,39,3*7F
$GLGSV,3,2,10,79,14,049,40,80,28,103,44,84,33,183,43,85,61,259,45,3*7C
$GLGSV,3,3,10,86,22,325,40,,,,46,3*47
$GAGSV,2,1,06,03,65,304,47,05,39,032,45,08,25,249,42,15,47,319,46,2*70
$GAGSV,2,2,06,34,76,170,47,36,23,149,43,2*7C
$GAGSV,2,1,06,03,65,304,46,05,39,032,42,08,25,249,39,15,47,319,44,7*7D
$GAGSV,2,2,06,34,76,170,47,36,23,149,40,7*7A
$GAGSV,1,1,03,16,06,108,,24,02,085,,25,06,131,,0*44
$GBGSV,2,1,08,06,62,080,45,09,66,113,45,11,46,272,45,12,36,197,41,1*75
$GBGSV,2,2,08,13,48,072,44,16,56,067,45,26,35,145,44,34,45,234,46,1*72
$GBGSV,2,1,08,06,62,080,42,08,34,087,43,09,66,113,44,11,46,272,47,B*09
$GBGSV,2,2,08,12,36,197,47,13,48,072,43,14,21,289,43,16,56,067,42,B*0A
$GBGSV,2,1,06,10,03,160,,21,46,026,,22,11,070,,44,18,178,,0*72
$GBGSV,2,2,06,45,29,078,,50,51,349,,0*7B
$GQGSV,1,1,02,04,20,076,36,07,19,104,32,1*6E
$GQGSV,1,1,02,04,20,076,35,07,19,104,41,6*6E
$GNGLL,2454.23240,N,06708.27189,E,153455.00,A,D*7D
$GNRMC,153456.00,A,2454.23240,N,06708.27189,E,0.006,,020525,,,R,V*0D
$GNVTG,,T,,M,0.006,N,0.010,K,D*3F
$GNGGA,153456.00,2454.23240,N,06708.27189,E,4,12,0.59,21.8,M,-44.2,M,1.0,0284*71
$GNGSA,A,3,10,27,28,32,01,23,31,08,02,,,,1.18,0.59,1.02,1*01
$GNGSA,A,3,70,73,84,71,80,79,69,85,86,,,,1.18,0.59,1.02,2*06
$GNGSA,A,3,15,34,03,08,,,,,,,,,1.18,0.59,1.02,3*0C
$GNGSA,A,3,06,14,08,13,12,11,09,16,,,,,1.18,0.59,1.02,4*07
$GNGSA,A,3,07,04,,,,,,,,,,,1.18,0.59,1.02,5*01
$GPGSV,4,1,13,01,19,320,36,02,46,307,45,08,16,253,35,10,44,069,45,1*69
$GPGSV,4,2,13,23,11,101,38,25,07,086,29,27,15,216,38,28,68,130,47,1*65
$GPGSV,4,3,13,31,48,178,45,32,49,020,46,40,59,208,47,41,56,146,45,1*69
$GPGSV,4,4,13,42,19,104,44,1*5D
$GPGSV,3,1,09,01,19,320,42,08,16,253,37,10,44,069,43,23,11,101,36,6*64
$GPGSV,3,2,09,25,07,086,31,27,15,216,37,28,68,130,46,31,48,178,43,6*64
$GPGSV,3,3,09,32,49,020,43,6*53
$GLGSV,3,1,10,69,11,050,43,70,41,345,36,71,25,290,44,73,13,158,37,1*77
$GLGSV,3,2,10,79,14,049,45,80,28,103,45,84,33,183,36,85,61,259,49,1*74
$GLGSV,3,3,10,86,22,325,43,,,,49,1*49
$GLGSV,3,1,10,69,11,050,40,70,41,345,07,71,25,290,41,73,13,158,40,3*71
$GLGSV,3,2,10,79,14,049,39,80,28,103,44,84,33,183,43,85,61,259,45,3*72
$GLGSV,3,3,10,86,22,325,40,,,,46,3*47
$GAGSV,2,1,06,03,65,304,47,05,39,032,45,08,25,249,42,15,47,319,46,2*70
$GAGSV,2,2,06,34,76,170,47,36,23,149,42,2*7D
$GAGSV,2,1,06,03,65,304,46,05,39,032,42,08,25,249,40,15,47,319,44,7*73
$GAGSV,2,2,06,34,76,170,47,36,23,149,40,7*7A
$GAGSV,1,1,03,16,06,108,,24,02,085,,25,06,131,,0*44
$GBGSV,2,1,08,06,62,080,45,09,66,113,45,11,46,272,45,12,36,197,41,1*75
$GBGSV,2,2,08,13,48,072,44,16,56,067,45,26,35,145,44,34,45,234,46,1*72
$GBGSV,2,1,08,06,62,080,42,08,34,087,43,09,66,113,44,11,46,272,47,B*09
$GBGSV,2,2,08,12,36,197,47,13,48,072,43,14,21,289,43,16,56,067,42,B*0A
$GBGSV,2,1,06,10,03,160,,21,46,026,,22,11,070,,44,18,178,,0*72
$GBGSV,2,2,06,45,29,078,,50,51,349,,0*7B
$GQGSV,1,1,02,04,20,076,36,07,19,104,32,1*6E
$GQGSV,1,1,02,04,20,076,35,07,19,104,41,6*6E
$GNGLL,2454.23240,N,06708.27189,E,153456.00,A,D*7E
$GNRMC,153457.00,A,2454.23240,N,06708.27189,E,0.003,,020525,,,R,V*09
$GNVTG,,T,,M,0.003,N,0.005,K,D*3E
$GNGGA,153457.00,2454.23240,N,06708.27189,E,4,12,0.59,21.8,M,-44.2,M,1.0,0284*70
$GNGSA,A,3,10,27,28,32,01,23,31,08,02,,,,1.18,0.59,1.02,1*01
$GNGSA,A,3,70,73,84,71,80,79,69,85,86,,,,1.18,0.59,1.02,2*06
$GNGSA,A,3,15,34,03,08,,,,,,,,,1.18,0.59,1.02,3*0C
$GNGSA,A,3,06,14,08,13,12,11,09,16,,,,,1.18,0.59,1.02,4*07
$GNGSA,A,3,07,04,,,,,,,,,,,1.18,0.59,1.02,5*01
$GPGSV,4,1,13,01,19,320,36,02,46,307,45,08,16,253,35,10,44,069,45,1*69
$GPGSV,4,2,13,23,11,101,38,25,07,086,29,27,15,216,38,28,68,130,47,1*65
$GPGSV,4,3,13,31,48,178,45,32,49,020,46,40,59,208,47,41,56,146,45,1*69
$GPGSV,4,4,13,42,19,104,44,1*5D
$GPGSV,3,1,09,01,19,320,42,08,16,253,37,10,44,069,43,23,11,101,36,6*64
$GPGSV,3,2,09,25,07,086,31,27,15,216,37,28,68,130,46,31,48,178,43,6*64
$GPGSV,3,3,09,32,49,020,43,6*53
$GLGSV,3,1,10,69,11,050,43,70,41,345,36,71,25,290,44,73,13,158,38,1*78
$GLGSV,3,2,10,79,14,049,45,80,28,103,45,84,33,183,35,85,61,259,49,1*77
$GLGSV,3,3,10,86,22,325,43,,,,49,1*49
$GLGSV,3,1,10,69,11,050,40,70,41,345,12,71,25,290,41,73,13,158,40,3*75
$GLGSV,3,2,10,79,14,049,39,80,28,103,44,84,33,183,43,85,61,259,45,3*72
$GLGSV,3,3,10,86,22,325,40,,,,46,3*47
$GAGSV,2,1,06,03,65,304,47,05,39,032,45,08,25,249,42,15,47,319,46,2*70
$GAGSV,2,2,06,34,76,170,47,36,23,149,42,2*7D
$GAGSV,2,1,06,03,65,304,46,05,39,032,42,08,25,249,39,15,47,319,44,7*7D
$GAGSV,2,2,06,34,76,170,47,36,23,149,40,7*7A
$GAGSV,1,1,03,16,06,108,,24,02,085,,25,06,131,,0*44
$GBGSV,2,1,08,06,62,080,45,09,66,113,45,11,46,272,45,12,36,197,41,1*75
$GBGSV,2,2,08,13,48,072,44,16,56,067,44,26,35,145,44,34,45,234,46,1*73
$GBGSV,2,1,08,06,62,080,42,08,34,087,43,09,66,113,44,11,46,272,47,B*09
$GBGSV,2,2,08,12,36,197,47,13,48,072,43,14,21,289,43,16,56,067,42,B*0A
$GBGSV,2,1,06,10,03,160,,21,46,026,,22,11,070,,44,18,178,,0*72
$GBGSV,2,2,06,45,29,078,,50,51,349,,0*7B
$GQGSV,1,1,02,04,20,076,36,07,19,104,32,1*6E
$GQGSV,1,1,02,04,20,076,35,07,19,104,41,6*6E
$GNGLL,2454.23240,N,06708.27189,E,153457.00,A,D*7F
$GNRMC,153458.00,A,2454.23240,N,06708.27189,E,0.006,,020525,,,R,V*03
$GNVTG,,T,,M,0.006,N,0.011,K,D*3E
$GNGGA,153458.00,2454.23240,N,06708.27189,E,4,12,0.59,21.8,M,-44.2,M,1.0,0284*7F
$GNGSA,A,3,10,27,28,32,01,23,31,08,02,,,,1.18,0.59,1.02,1*01
$GNGSA,A,3,70,73,84,71,80,79,69,85,86,,,,1.18,0.59,1.02,2*06
$GNGSA,A,3,15,34,03,08,,,,,,,,,1.18,0.59,1.02,3*0C
$GNGSA,A,3,06,14,08,13,12,11,09,16,,,,,1.18,0.59,1.02,4*07
$GNGSA,A,3,07,04,,,,,,,,,,,1.18,0.59,1.02,5*01
$GPGSV,4,1,13,01,19,320,36,02,46,307,45,08,16,253,35,10,44,069,45,1*69
$GPGSV,4,2,13,23,11,101,38,25,07,086,30,27,15,216,38,28,68,130,47,1*6D
$GPGSV,4,3,13,31,48,178,45,32,49,020,46,40,59,208,47,41,56,146,45,1*69
$GPGSV,4,4,13,42,19,104,44,1*5D
$GPGSV,3,1,09,01,19,320,42,08,16,253,37,10,44,069,43,23,11,101,36,6*64
$GPGSV,3,2,09,25,07,086,31,27,15,216,37,28,68,130,46,31,48,178,43,6*64
$GPGSV,3,3,09,32,49,020,43,6*53
$GLGSV,3,1,10,69,11,050,43,70,41,345,36,71,25,290,45,73,13,158,38,1*79
$GLGSV,3,2,10,79,14,049,45,80,28,103,45,84,33,183,35,85,61,259,49,1*77
$GLGSV,3,3,10,86,22,325,43,,,,49,1*49
$GLGSV,3,1,10,69,11,050,40,70,41,345,10,71,25,290,41,73,13,158,40,3*77
$GLGSV,3,2,10,79,14,049,39,80,28,103,44,84,33,183,43,85,61,259,45,3*72
$GLGSV,3,3,10,86,22,325,40,,,,46,3*47
$GAGSV,2,1,06,03,65,304,47,05,39,032,45,08,25,249,42,15,47,319,46,2*70
$GAGSV,2,2,06,34,76,170,47,36,23,149,42,2*7D
$GAGSV,2,1,06,03,65,304,46,05,39,032,42,08,25,249,40,15,47,319,44,7*73
$GAGSV,2,2,06,34,76,170,47,36,23,149,40,7*7A
$GAGSV,1,1,03,16,06,108,,24,02,085,,25,06,131,,0*44
$GBGSV,2,1,08,06,62,080,45,09,66,113,45,11,46,272,45,12,36,197,41,1*75
$GBGSV,2,2,08,13,48,072,44,16,56,067,44,26,35,145,44,34,45,234,46,1*73
$GBGSV,2,1,08,06,62,080,42,08,34,087,43,09,66,113,44,11,46,272,47,B*09
$GBGSV,2,2,08,12,36,197,47,13,48,072,43,14,21,289,43,16,56,067,42,B*0A
$GBGSV,2,1,06,10,03,160,,21,46,026,,22,11,070,,44,18,178,,0*72
$GBGSV,2,2,06,45,29,078,,50,51,349,,0*7B
$GQGSV,1,1,02,04,20,076,36,07,19,104,32,1*6E
$GQGSV,1,1,02,04,20,076,35,07,19,104,41,6*6E
$GNGLL,2454.23240,N,06708.27189,E,153458.00,A,D*70
$GNRMC,153459.00,A,2454.23240,N,06708.27189,E,0.002,,020525,,,R,V*06
$GNVTG,,T,,M,0.002,N,0.003,K,D*39
$GNGGA,153459.00,2454.23240,N,06708.27189,E,4,12,0.59,21.8,M,-44.2,M,1.0,0284*7E
$GNGSA,A,3,10,27,28,32,01,23,31,08,02,,,,1.18,0.59,1.02,1*01
$GNGSA,A,3,70,73,84,71,80,79,69,85,86,,,,1.18,0.59,1.02,2*06
$GNGSA,A,3,15,34,03,08,,,,,,,,,1.18,0.59,1.02,3*0C
$GNGSA,A,3,06,14,08,13,12,11,09,16,,,,,1.18,0.59,1.02,4*07
$GNGSA,A,3,07,04,,,,,,,,,,,1.18,0.59,1.02,5*01
$GPGSV,4,1,13,01,19,320,37,02,46,307,45,08,16,253,35,10,44,069,45,1*68
$GPGSV,4,2,13,23,11,101,38,25,07,086,30,27,15,216,38,28,68,130,47,1*6D
$GPGSV,4,3,13,31,48,178,45,32,49,020,46,40,59,208,47,41,56,146,45,1*69
$GPGSV,4,4,13,42,19,104,44,1*5D
$GPGSV,3,1,09,01,19,320,42,08,16,253,37,10,44,069,43,23,11,101,37,6*65
$GPGSV,3,2,09,25,07,086,31,27,15,216,37,28,68,130,46,31,48,178,43,6*64
$GPGSV,3,3,09,32,49,020,44,6*54
$GLGSV,3,1,10,69,11,050,43,70,41,345,36,71,25,290,45,73,13,158,37,1*76
$GLGSV,3,2,10,79,14,049,45,80,28,103,44,84,33,183,35,85,61,259,49,1*76
$GLGSV,3,3,10,86,22,325,43,,,,49,1*49
$GLGSV,3,1,10,69,11,050,40,70,41,345,09,71,25,290,41,73,13,158,40,3*7F
$GLGSV,3,2,10,79,14,049,39,80,28,103,44,84,33,183,43,85,61,259,45,3*72
$GLGSV,3,3,10,86,22,325,40,,,,47,3*46
$GAGSV,2,1,06,03,65,304,47,05,39,032,45,08,25,249,42,15,47,319,45,2*73
$GAGSV,2,2,06,34,76,170,47,36,23,149,42,2*7D
$GAGSV,2,1,06,03,65,304,46,05,39,032,42,08,25,249,40,15,47,319,44,7*73
$GAGSV,2,2,06,34,76,170,47,36,23,149,40,7*7A
$GAGSV,1,1,03,16,06,108,,24,02,085,,25,06,131,,0*44
$GBGSV,2,1,08,06,62,080,45,09,66,113,45,11,46,272,45,12,36,197,41,1*75
$GBGSV,2,2,08,13,48,072,44,16,56,067,45,26,35,145,44,34,45,234,46,1*72
$GBGSV,2,1,08,06,62,080,42,08,34,087,43,09,66,113,44,11,46,272,47,B*09
$GBGSV,2,2,08,12,36,197,47,13,48,072,43,14,21,289,43,16,56,067,42,B*0A
$GBGSV,2,1,06,10,03,160,,21,46,026,,22,11,070,,44,18,178,,0*72
$GBGSV,2,2,06,45,29,078,,50,51,349,,0*7B
$GQGSV,1,1,02,04,20,076,36,07,19,104,33,1*6F
$GQGSV,1,1,02,04,20,076,35,07,19,104,41,6*6E
$GNGLL,2454.23240,N,06708.27189,E,153459.00,A,D*71
$GNRMC,153500.00,A,2454.23240,N,06708.27189,E,0.007,,020525,,,R,V*0E
$GNVTG,,T,,M,0.007,N,0.012,K,D*3C
$GNGGA,153500.00,2454.23240,N,06708.27189,E,4,12,0.59,21.8,M,-44.2,M,1.0,0284*73
$GNGSA,A,3,10,27,28,32,01,23,31,08,02,,,,1.18,0.59,1.02,1*01
$GNGSA,A,3,70,73,84,71,80,79,69,85,86,,,,1.18,0.59,1.02,2*06
$GNGSA,A,3,15,34,03,08,,,,,,,,,1.18,0.59,1.02,3*0C
$GNGSA,A,3,06,14,08,13,12,11,09,16,,,,,1.18,0.59,1.02,4*07
$GNGSA,A,3,07,04,,,,,,,,,,,1.18,0.59,1.02,5*01
$GPGSV,4,1,13,01,19,320,37,02,46,307,45,08,16,253,35,10,43,070,45,1*67
$GPGSV,4,2,13,23,11,101,38,25,07,086,30,27,15,216,38,28,68,130,47,1*6D
$GPGSV,4,3,13,31,48,178,46,32,49,020,46,40,59,208,47,41,56,146,45,1*6A
$GPGSV,4,4,13,42,19,104,44,1*5D
$GPGSV,3,1,09,01,19,320,42,08,16,253,37,10,43,070,43,23,11,101,37,6*6A
$GPGSV,3,2,09,25,07,086,31,27,15,216,37,28,68,130,46,31,48,178,43,6*64
$GPGSV,3,3,09,32,49,020,43,6*53
$GLGSV,3,1,10,69,11,050,43,70,41,345,36,71,25,290,45,73,13,158,37,1*76
$GLGSV,3,2,10,79,14,049,45,80,28,103,44,84,33,183,35,85,61,259,49,1*76
$GLGSV,3,3,10,86,22,325,44,,,,49,1*4E
$GLGSV,3,1,10,69,11,050,40,70,41,345,08,71,25,290,41,73,13,158,40,3*7E
$GLGSV,3,2,10,79,14,049,39,80,28,103,44,84,33,183,43,85,61,259,45,3*72
$GLGSV,3,3,10,86,22,325,40,,,,47,3*46
$GAGSV,2,1,06,03,65,304,46,05,39,032,45,08,25,249,41,15,47,319,45,2*71
$GAGSV,2,2,06,34,76,170,46,36,23,149,42,2*7C
$GAGSV,2,1,06,03,65,304,46,05,39,032,42,08,25,249,40,15,47,319,44,7*73
$GAGSV,2,2,06,34,76,170,47,36,23,149,40,7*7A
$GAGSV,1,1,03,16,06,108,,24,02,085,,25,06,131,,0*44
$GBGSV,2,1,08,06,62,080,45,09,66,113,45,11,46,272,45,12,36,197,42,1*76
$GBGSV,2,2,08,13,48,072,44,16,56,067,45,26,35,145,44,34,45,234,46,1*72
$GBGSV,2,1,08,06,62,080,42,08,34,087,43,09,66,113,44,11,46,272,47,B*09
$GBGSV,2,2,08,12,36,197,47,13,48,072,43,14,21,289,43,16,56,067,42,B*0A
$GBGSV,2,1,06,10,03,160,,21,46,026,,22,11,070,,44,18,178,,0*72
$GBGSV,2,2,06,45,29,078,,50,51,349,,0*7B
$GQGSV,1,1,02,04,20,076,36,07,19,104,32,1*6E
$GQGSV,1,1,02,04,20,076,35,07,19,104,41,6*6E
$GNGLL,2454.23240,N,06708.27189,E,153500.00,A,D*7C
$GNRMC,153501.00,A,2454.23240,N,06708.27189,E,0.004,,020525,,,R,V*0C
$GNVTG,,T,,M,0.004,N,0.008,K,D*34
$GNGGA,153501.00,2454.23240,N,06708.27189,E,4,12,0.59,21.8,M,-44.2,M,1.0,0284*72
$GNGSA,A,3,10,27,28,32,01,23,31,08,02,,,,1.18,0.59,1.02,1*01
$GNGSA,A,3,70,73,84,71,80,79,69,85,86,,,,1.18,0.59,1.02,2*06
$GNGSA,A,3,15,34,03,08,,,,,,,,,1.18,0.59,1.02,3*0C
$GNGSA,A,3,06,14,08,13,12,11,09,16,,,,,1.18,0.59,1.02,4*07
$GNGSA,A,3,07,04,,,,,,,,,,,1.18,0.59,1.02,5*01
$GPGSV,4,1,13,01,19,320,37,02,46,307,45,08,16,253,35,10,43,070,45,1*67
$GPGSV,4,2,13,23,11,101,38,25,07,086,30,27,15,216,38,28,68,130,47,1*6D
$GPGSV,4,3,13,31,48,178,46,32,49,020,46,40,59,208,47,41,56,146,45,1*6A
$GPGSV,4,4,13,42,19,104,44,1*5D
$GPGSV,3,1,09,01,19,320,42,08,16,253,37,10,43,070,43,23,11,101,36,6*6B
$GPGSV,3,2,09,25,07,086,31,27,15,216,37,28,68,130,46,31,48,178,43,6*64
$GPGSV,3,3,09,32,49,020,44,6*54
$GLGSV,3,1,10,69,11,050,44,70,41,345,36,71,25,290,45,73,13,158,38,1*7E
$GLGSV,3,2,10,79,14,049,45,80,28,103,44,84,33,183,35,85,61,259,49,1*76
$GLGSV,3,3,10,86,22,325,44,,,,49,1*4E
$GLGSV,3,1,10,69,11,050,40,70,41,345,08,71,25,290,41,73,13,158,40,3*7E
$GLGSV,3,2,10,79,14,049,39,80,28,103,44,84,33,183,43,85,61,259,45,3*72
$GLGSV,3,3,10,86,22,325,40,,,,47,3*46
$GAGSV,2,1,06,03,65,304,46,05,39,032,45,08,25,249,41,15,47,319,45,2*71
$GAGSV,2,2,06,34,76,170,46,36,23,149,42,2*7C
$GAGSV,2,1,06,03,65,304,46,05,39,032,42,08,25,249,40,15,47,319,44,7*73
$GAGSV,2,2,06,34,76,170,47,36,23,149,40,7*7A
$GAGSV,1,1,03,16,06,108,,24,02,085,,25,06,131,,0*44
$GBGSV,2,1,08,06,62,080,45,09,66,113,45,11,46,272,45,12,36,197,42,1*76
$GBGSV,2,2,08,13,48,072,44,16,56,067,45,26,35,145,44,34,45,234,46,1*72
$GBGSV,2,1,08,06,62,080,42,08,34,087,42,09,66,113,44,11,46,272,47,B*08
$GBGSV,2,2,08,12,36,197,47,13,48,072,43,14,21,289,43,16,56,067,42,B*0A
$GBGSV,2,1,06,10,03,160,,21,46,026,,22,11,070,,44,18,178,,0*72
$GBGSV,2,2,06,45,29,078,,50,51,349,,0*7B
$GQGSV,1,1,02,04,20,076,36,07,19,104,33,1*6F
$GQGSV,1,1,02,04,20,076,35,07,19,104,41,6*6E
$GNGLL,2454.23240,N,06708.27189,E,153501.00,A,D*7D
$GNRMC,153502.00,A,2454.23240,N,06708.27189,E,0.006,,020525,,,R,V*0D
$GNVTG,,T,,M,0.006,N,0.011,K,D*3E
$GNGGA,153502.00,2454.23240,N,06708.27189,E,4,12,0.59,21.8,M,-44.2,M,1.0,0284*71
$GNGSA,A,3,10,27,28,32,01,23,31,08,02,,,,1.18,0.59,1.02,1*01
$GNGSA,A,3,70,73,84,71,80,79,69,85,86,,,,1.18,0.59,1.02,2*06
$GNGSA,A,3,15,34,03,08,,,,,,,,,1.18,0.59,1.02,3*0C
$GNGSA,A,3,06,14,08,13,12,11,09,16,,,,,1.18,0.59,1.02,4*07
$GNGSA,A,3,07,04,,,,,,,,,,,1.18,0.59,1.02,5*01
$GPGSV,4,1,13,01,19,320,36,02,46,307,45,08,16,253,35,10,43,070,45,1*66
$GPGSV,4,2,13,23,11,101,38,25,07,086,30,27,15,216,38,28,68,130,47,1*6D
$GPGSV,4,3,13,31,48,178,46,32,49,020,46,40,59,208,47,41,56,146,45,1*6A
$GPGSV,4,4,13,42,19,104,44,1*5D
$GPGSV,3,1,09,01,19,320,42,08,16,253,37,10,43,070,43,23,11,101,36,6*6B
$GPGSV,3,2,09,25,07,086,31,27,15,216,37,28,68,130,46,31,48,178,43,6*64
$GPGSV,3,3,09,32,49,020,44,6*54
$GLGSV,3,1,10,69,11,050,43,70,41,345,36,71,25,290,45,73,13,158,37,1*76
$GLGSV,3,2,10,79,14,049,44,80,28,103,44,84,33,183,35,85,61,259,49,1*77
$GLGSV,3,3,10,86,22,325,44,,,,49,1*4E
$GLGSV,3,1,10,69,11,050,41,70,41,345,08,71,25,290,41,73,13,158,40,3*7F
$GLGSV,3,2,10,79,14,049,39,80,28,103,44,84,33,183,43,85,61,259,45,3*72
$GLGSV,3,3,10,86,22,325,40,,,,47,3*46
$GAGSV,2,1,06,03,65,304,46,05,39,032,45,08,25,249,41,15,47,319,45,2*71
$GAGSV,2,2,06,34,76,170,46,36,23,149,42,2*7C
$GAGSV,2,1,06,03,65,304,46,05,39,032,42,08,25,249,40,15,47,319,44,7*73
$GAGSV,2,2,06,34,76,170,47,36,23,149,40,7*7A
$GAGSV,1,1,03,16,06,108,,24,02,085,,25,06,131,,0*44
$GBGSV,2,1,08,06,62,080,45,09,66,113,45,11,46,272,45,12,36,197,42,1*76
$GBGSV,2,2,08,13,48,072,44,16,56,067,45,26,35,145,44,34,45,234,46,1*72
$GBGSV,2,1,08,06,62,080,42,08,34,087,43,09,66,113,44,11,46,272,47,B*09
$GBGSV,2,2,08,12,36,197,47,13,48,072,43,14,21,289,43,16,56,067,42,B*0A
$GBGSV,2,1,06,10,03,160,,21,46,026,,22,11,070,,44,18,178,,0*72
$GBGSV,2,2,06,45,29,078,,50,51,349,,0*7B
$GQGSV,1,1,02,04,20,076,36,07,19,104,33,1*6F
$GQGSV,1,1,02,04,20,076,35,07,19,104,41,6*6E
$GNGLL,2454.23240,N,06708.27189,E,153502.00,A,D*7E
$GNRMC,153503.00,A,2454.23240,N,06708.27189,E,0.004,,020525,,,R,V*0E
$GNVTG,,T,,M,0.004,N,0.007,K,D*3B
$GNGGA,153503.00,2454.23240,N,06708.27189,E,4,12,0.59,21.8,M,-44.2,M,1.0,0284*70
$GNGSA,A,3,10,27,28,32,01,23,31,08,02,,,,1.18,0.59,1.02,1*01
$GNGSA,A,3,70,73,84,71,80,79,69,85,86,,,,1.18,0.59,1.02,2*06
$GNGSA,A,3,15,34,03,08,,,,,,,,,1.18,0.59,1.02,3*0C
$GNGSA,A,3,06,14,08,13,12,11,09,16,,,,,1.18,0.59,1.02,4*07
$GNGSA,A,3,07,04,,,,,,,,,,,1.18,0.59,1.02,5*01
$GPGSV,4,1,13,01,19,320,37,02,46,307,45,08,16,253,35,10,43,070,45,1*67
$GPGSV,4,2,13,23,11,101,38,25,07,086,31,27,15,216,38,28,68,130,47,1*6C
$GPGSV,4,3,13,31,48,178,46,32,49,020,46,40,59,208,47,41,56,146,45,1*6A
$GPGSV,4,4,13,42,19,104,44,1*5D
$GPGSV,3,1,09,01,19,320,42,08,16,253,37,10,43,070,43,23,11,101,36,6*6B
$GPGSV,3,2,09,25,07,086,31,27,15,216,37,28,68,130,46,31,48,178,43,6*64
$GPGSV,3,3,09,32,49,020,43,6*53
$GLGSV,3,1,10,69,11,050,43,70,41,345,36,71,25,290,45,73,13,158,37,1*76
$GLGSV,3,2,10,79,14,049,44,80,28,103,44,84,33,183,35,85,61,259,49,1*77
$GLGSV,3,3,10,86,22,325,44,,,,49,1*4E
$GLGSV,3,1,10,69,11,050,41,70,41,345,02,71,25,290,41,73,13,158,40,3*75
$GLGSV,3,2,10,79,14,049,39,80,28,103,44,84,33,183,43,85,61,259,45,3*72
$GLGSV,3,3,10,86,22,325,40,,,,47,3*46
$GAGSV,2,1,06,03,65,304,46,05,39,032,45,08,25,249,41,15,47,319,45,2*71
$GAGSV,2,2,06,34,76,170,46,36,23,149,42,2*7C
$GAGSV,2,1,06,03,65,304,46,05,39,032,42,08,25,249,40,15,47,319,44,7*73
$GAGSV,2,2,06,34,76,170,47,36,23,149,40,7*7A
$GAGSV,1,1,03,16,06,108,,24,02,085,,25,06,131,,0*44
$GBGSV,2,1,08,06,62,080,45,09,66,113,45,11,46,272,45,12,36,197,42,1*76
$GBGSV,2,2,08,13,48,072,44,16,56,067,45,26,35,145,44,34,45,234,46,1*72
$GBGSV,2,1,08,06,62,080,42,08,34,087,43,09,66,113,44,11,46,272,47,B*09
$GBGSV,2,2,08,12,36,197,47,13,48,072,43,14,21,289,43,16,56,067,42,B*0A
$GBGSV,2,1,06,10,03,160,,21,46,026,,22,11,070,,44,18,178,,0*72
$GBGSV,2,2,06,45,29,078,,50,51,349,,0*7B
$GQGSV,1,1,02,04,20,076,36,07,19,104,33,1*6F
$GQGSV,1,1,02,04,20,076,35,07,19,104,41,6*6E
$GNGLL,2454.23240,N,06708.27189,E,153503.00,A,D*7F
$GNRMC,153504.00,A,2454.23240,N,06708.27189,E,0.005,,020525,,,R,V*08
$GNVTG,,T,,M,0.005,N,0.010,K,D*3C
$GNGGA,153504.00,2454.23240,N,06708.27189,E,4,12,0.59,21.8,M,-44.2,M,1.0,0284*77
$GNGSA,A,3,10,27,28,32,01,23,31,08,02,,,,1.18,0.59,1.02,1*01
$GNGSA,A,3,70,73,84,71,80,79,69,85,86,,,,1.18,0.59,1.02,2*06
$GNGSA,A,3,15,34,03,08,,,,,,,,,1.18,0.59,1.02,3*0C
$GNGSA,A,3,06,14,08,13,12,11,09,16,,,,,1.18,0.59,1.02,4*07
$GNGSA,A,3,07,04,,,,,,,,,,,1.18,0.59,1.02,5*01
$GPGSV,4,1,13,01,19,320,36,02,46,307,45,08,16,253,35,10,43,070,45,1*66
$GPGSV,4,2,13,23,11,101,38,25,07,086,31,27,15,216,38,28,68,130,47,1*6C
$GPGSV,4,3,13,31,48,178,46,32,49,020,46,40,59,208,47,41,56,146,45,1*6A
$GPGSV,4,4,13,42,19,104,44,1*5D
$GPGSV,3,1,09,01,19,320,42,08,16,253,37,10,43,070,43,23,11,101,37,6*6A
$GPGSV,3,2,09,25,07,086,32,27,15,216,37,28,68,130,46,31,48,178,43,6*67
$GPGSV,3,3,09,32,49,020,43,6*53
$GLGSV,3,1,10,69,11,050,44,70,41,345,36,71,25,290,45,73,13,158,37,1*71
$GLGSV,3,2,10,79,14,049,44,80,28,103,44,84,33,183,35,85,61,259,49,1*77
$GLGSV,3,3,10,86,22,325,44,,,,49,1*4E
$GLGSV,3,1,10,69,11,050,41,70,41,345,06,71,25,290,41,73,13,158,40,3*71
$GLGSV,3,2,10,79,14,049,39,80,28,103,44,84,33,183,43,85,61,259,45,3*72
$GLGSV,3,3,10,86,22,325,40,,,,47,3*46
$GAGSV,2,1,06,03,65,304,46,05,39,032,45,08,25,249,41,15,47,319,45,2*71
$GAGSV,2,2,06,34,76,170,46,36,23,149,42,2*7C
$GAGSV,2,1,06,03,65,304,46,05,39,032,42,08,25,249,40,15,47,319,44,7*73
$GAGSV,2,2,06,34,76,170,47,36,23,149,40,7*7A
$GAGSV,1,1,03,16,06,108,,24,02,085,,25,06,131,,0*44
$GBGSV,2,1,08,06,62,080,45,09,66,113,45,11,46,272,45,12,36,197,41,1*75
$GBGSV,2,2,08,13,48,072,44,16,56,067,45,26,35,145,44,34,45,234,46,1*72
$GBGSV,2,1,08,06,62,080,42,08,34,087,42,09,66,113,44,11,46,272,47,B*08
$GBGSV,2,2,08,12,36,197,47,13,48,072,43,14,21,289,43,16,56,067,42,B*0A
$GBGSV,2,1,06,10,03,160,,21,46,026,,22,11,070,,44,18,178,,0*72
$GBGSV,2,2,06,45,29,078,,50,51,349,,0*7B
$GQGSV,1,1,02,04,20,076,36,07,19,104,32,1*6E
$GQGSV,1,1,02,04,20,076,35,07,19,104,41,6*6E
$GNGLL,2454.23240,N,06708.27189,E,153504.00,A,D*78
$GNRMC,153505.00,A,2454.23240,N,06708.27189,E,0.002,,020525,,,R,V*0E
$GNVTG,,T,,M,0.002,N,0.004,K,D*3E
$GNGGA,153505.00,2454.23240,N,06708.27189,E,4,12,0.59,21.8,M,-44.2,M,1.0,0284*76
$GNGSA,A,3,10,27,28,32,01,23,31,08,02,,,,1.18,0.59,1.02,1*01
$GNGSA,A,3,70,73,84,71,80,79,69,85,86,,,,1.18,0.59,1.02,2*06
$GNGSA,A,3,15,34,03,08,,,,,,,,,1.18,0.59,1.02,3*0C
$GNGSA,A,3,06,14,08,13,12,11,09,16,,,,,1.18,0.59,1.02,4*07
$GNGSA,A,3,07,04,,,,,,,,,,,1.18,0.59,1.02,5*01
$GPGSV,4,1,13,01,19,320,37,02,46,307,45,08,16,253,35,10,43,070,45,1*67
$GPGSV,4,2,13,23,11,101,37,25,07,086,31,27,15,216,38,28,68,130,47,1*63
$GPGSV,4,3,13,31,48,178,46,32,49,020,46,40,59,208,47,41,56,146,45,1*6A
$GPGSV,4,4,13,42,19,104,44,1*5D
$GPGSV,3,1,09,01,19,320,42,08,16,253,37,10,43,070,43,23,11,101,36,6*6B
$GPGSV,3,2,09,25,07,086,31,27,15,216,37,28,68,130,46,31,48,178,43,6*64
$GPGSV,3,3,09,32,49,020,43,6*53
$GLGSV,3,1,10,69,11,050,44,70,41,345,36,71,25,290,45,73,13,158,37,1*71
$GLGSV,3,2,10,79,14,049,44,80,28,103,44,84,33,183,35,85,61,259,49,1*77
$GLGSV,3,3,10,86,22,325,44,,,,49,1*4E
$GLGSV,3,1,10,69,11,050,41,70,41,345,07,71,25,290,41,73,13,158,40,3*70
$GLGSV,3,2,10,79,14,049,38,80,28,103,44,84,33,183,43,85,61,259,45,3*73
$GLGSV,3,3,10,86,22,325,40,,,,47,3*46
$GAGSV,2,1,06,03,65,304,46,05,39,032,45,08,25,249,41,15,47,319,45,2*71
$GAGSV,2,2,06,34,76,170,46,36,23,149,42,2*7C
$GAGSV,2,1,06,03,65,304,46,05,39,032,42,08,25,249,40,15,47,319,44,7*73
$GAGSV,2,2,06,34,76,170,47,36,23,149,40,7*7A
$GAGSV,1,1,03,16,06,108,,24,02,085,,25,06,131,,0*44
$GBGSV,2,1,08,06,62,080,45,09,66,113,45,11,46,272,45,12,36,197,42,1*76
$GBGSV,2,2,08,13,48,072,44,16,56,067,45,26,35,145,44,34,45,234,46,1*72
$GBGSV,2,1,08,06,62,080,41,08,34,087,42,09,66,113,43,11,46,272,46,B*0D
$GBGSV,2,2,08,12,36,197,46,13,48,072,42,14,21,289,43,16,56,067,41,B*09
$GBGSV,2,1,06,10,03,160,,21,46,026,,22,11,070,,44,18,178,,0*72
$GBGSV,2,2,06,45,29,078,,50,51,349,,0*7B
$GQGSV,1,1,02,04,20,076,36,07,19,104,33,1*6F
$GQGSV,1,1,02,04,20,076,35,07,19,104,40,6*6F
$GNGLL,2454.23240,N,06708.27189,E,153505.00,A,D*79
$GNRMC,153506.00,A,2454.23240,N,06708.27189,E,0.008,,020525,,,R,V*07
$GNVTG,,T,,M,0.008,N,0.015,K,D*34
$GNGGA,153506.00,2454.23240,N,06708.27189,E,4,12,0.59,21.8,M,-44.2,M,1.0,0284*75
$GNGSA,A,3,10,27,28,32,01,23,31,08,02,,,,1.18,0.59,1.02,1*01
$GNGSA,A,3,70,73,84,71,80,79,69,85,86,,,,1.18,0.59,1.02,2*06
$GNGSA,A,3,15,34,03,08,,,,,,,,,1.18,0.59,1.02,3*0C
$GNGSA,A,3,06,14,08,13,12,11,09,16,,,,,1.18,0.59,1.02,4*07
$GNGSA,A,3,07,04,,,,,,,,,,,1.18,0.59,1.02,5*01
$GPGSV,4,1,13,01,19,320,37,02,46,307,45,08,16,253,35,10,43,070,45,1*67
$GPGSV,4,2,13,23,11,101,37,25,07,086,31,27,15,216,38,28,68,130,47,1*63
$GPGSV,4,3,13,31,48,178,46,32,49,020,46,40,59,208,47,41,56,146,45,1*6A
$GPGSV,4,4,13,42,19,104,44,1*5D
$GPGSV,3,1,09,01,19,320,42,08,16,253,37,10,43,070,43,23,11,101,36,6*6B
$GPGSV,3,2,09,25,07,086,32,27,15,216,37,28,68,130,46,31,48,178,43,6*67
$GPGSV,3,3,09,32,49,020,43,6*53
$GLGSV,3,1,10,69,11,050,44,70,41,345,35,71,25,290,45,73,13,158,38,1*7D
$GLGSV,3,2,10,79,14,049,44,80,28,103,44,84,33,183,35,85,61,259,49,1*77
$GLGSV,3,3,10,86,22,325,44,,,,48,1*4F
$GLGSV,3,1,10,69,11,050,41,70,41,345,07,71,25,290,41,73,13,158,40,3*70
$GLGSV,3,2,10,79,14,049,38,80,28,103,44,84,33,183,43,85,61,259,45,3*73
$GLGSV,3,3,10,86,22,325,40,,,,47,3*46
$GAGSV,2,1,06,03,65,304,46,05,39,032,45,08,25,249,41,15,47,319,45,2*71
$GAGSV,2,2,06,34,76,170,46,36,23,149,42,2*7C
$GAGSV,2,1,06,03,65,304,46,05,39,032,42,08,25,249,40,15,47,319,44,7*73
$GAGSV,2,2,06,34,76,170,47,36,23,149,40,7*7A
$GAGSV,1,1,03,16,06,108,,24,02,085,,25,06,131,,0*44
$GBGSV,2,1,08,06,62,080,45,09,66,113,45,11,46,272,45,12,36,197,42,1*76
$GBGSV,2,2,08,13,48,072,44,16,56,067,45,26,35,145,44,34,45,234,46,1*72
$GBGSV,2,1,08,06,62,080,41,08,34,087,42,09,66,113,43,11,46,272,46,B*0D
$GBGSV,2,2,08,12,36,197,46,13,48,072,42,14,21,289,43,16,56,067,41,B*09
$GBGSV,2,1,06,10,03,160,,21,46,026,,22,11,070,,44,18,178,,0*72
$GBGSV,2,2,06,45,29,078,,50,51,349,,0*7B
$GQGSV,1,1,02,04,20,076,36,07,19,104,32,1*6E
$GQGSV,1,1,02,04,20,076,35,07,19,104,40,6*6F
$GNGLL,2454.23240,N,06708.27189,E,153506.00,A,D*7A
$GNRMC,153507.00,A,2454.23240,N,06708.27189,E,0.009,,020525,,,R,V*07
$GNVTG,,T,,M,0.009,N,0.016,K,D*36
$GNGGA,153507.00,2454.23240,N,06708.27189,E,4,12,0.59,21.8,M,-44.2,M,1.0,0284*74
$GNGSA,A,3,10,27,28,32,01,23,31,08,02,,,,1.18,0.59,1.02,1*01
$GNGSA,A,3,70,73,84,71,80,79,69,85,86,,,,1.18,0.59,1.02,2*06
$GNGSA,A,3,15,34,03,08,,,,,,,,,1.18,0.59,1.02,3*0C
$GNGSA,A,3,06,14,08,13,12,11,09,16,,,,,1.18,0.59,1.02,4*07
$GNGSA,A,3,07,04,,,,,,,,,,,1.18,0.59,1.02,5*01
$GPGSV,4,1,13,01,19,320,37,02,46,307,45,08,16,253,35,10,43,070,45,1*67
$GPGSV,4,2,13,23,11,101,37,25,07,086,31,27,15,216,38,28,68,130,47,1*63
$GPGSV,4,3,13,31,48,178,46,32,49,020,46,40,59,208,47,41,56,146,45,1*6A
$GPGSV,4,4,13,42,19,104,44,1*5D
$GPGSV,3,1,09,01,19,320,42,08,16,253,37,10,43,070,43,23,11,101,36,6*6B
$GPGSV,3,2,09,25,07,086,32,27,15,216,37,28,68,130,46,31,48,178,43,6*67
$GPGSV,3,3,09,32,49,020,43,6*53
$GLGSV,3,1,10,69,11,050,44,70,41,345,35,71,25,290,45,73,13,158,38,1*7D
$GLGSV,3,2,10,79,14,049,44,80,28,103,44,84,33,183,35,85,61,259,49,1*77
$GLGSV,3,3,10,86,22,325,44,,,,49,1*4E
$GLGSV,3,1,10,69,11,050,41,70,41,345,10,71,25,290,41,73,13,158,40,3*76
$GLGSV,3,2,10,79,14,049,38,80,28,103,44,84,33,183,43,85,61,259,45,3*73
$GLGSV,3,3,10,86,22,325,40,,,,47,3*46
$GAGSV,2,1,06,03,65,304,46,05,39,032,44,08,25,249,41,15,47,319,45,2*70
$GAGSV,2,2,06,34,76,170,46,36,23,149,42,2*7C
$GAGSV,2,1,06,03,65,304,46,05,39,032,42,08,25,249,40,15,47,319,44,7*73
$GAGSV,2,2,06,34,76,170,47,36,23,149,40,7*7A
$GAGSV,1,1,03,16,06,108,,24,02,085,,25,06,131,,0*44
$GBGSV,2,1,08,06,62,080,45,09,66,113,45,11,46,272,45,12,36,197,41,1*75
$GBGSV,2,2,08,13,48,072,44,16,56,067,45,26,35,145,44,34,45,234,46,1*72
$GBGSV,2,1,08,06,62,080,41,08,34,087,42,09,66,113,43,11,46,272,46,B*0D
$GBGSV,2,2,08,12,36,197,46,13,48,072,42,14,21,289,43,16,56,067,41,B*09
$GBGSV,2,1,06,10,03,160,,21,46,026,,22,11,070,,44,18,178,,0*72
$GBGSV,2,2,06,45,29,078,,50,51,349,,0*7B
$GQGSV,1,1,02,04,20,076,36,07,19,104,33,1*6F
$GQGSV,1,1,02,04,20,076,35,07,19,104,41,6*6E
$GNGLL,2454.23240,N,06708.27189,E,153507.00,A,D*7B
$GNRMC,153508.00,A,2454.23240,N,06708.27189,E,0.005,,020525,,,R,V*04
$GNVTG,,T,,M,0.005,N,0.010,K,D*3C
$GNGGA,153508.00,2454.23240,N,06708.27189,E,4,12,0.59,21.8,M,-44.2,M,1.0,0284*7B
$GNGSA,A,3,10,27,28,32,01,23,31,08,02,,,,1.18,0.59,1.02,1*01
$GNGSA,A,3,70,73,84,71,80,79,69,85,86,,,,1.18,0.59,1.02,2*06
$GNGSA,A,3,15,34,03,08,,,,,,,,,1.18,0.59,1.02,3*0C
$GNGSA,A,3,06,14,08,13,12,11,09,16,,,,,1.18,0.59,1.02,4*07
$GNGSA,A,3,07,04,,,,,,,,,,,1.18,0.59,1.02,5*01
$GPGSV,4,1,13,01,19,320,37,02,46,307,45,08,16,253,35,10,43,070,45,1*67
$GPGSV,4,2,13,23,11,101,37,25,07,086,31,27,15,216,38,28,68,130,47,1*63
$GPGSV,4,3,13,31,48,178,46,32,49,020,46,40,59,208,47,41,56,146,45,1*6A
$GPGSV,4,4,13,42,19,104,44,1*5D
$GPGSV,3,1,09,01,19,320,42,08,16,253,37,10,43,070,43,23,11,101,36,6*6B
$GPGSV,3,2,09,25,07,086,32,27,15,216,37,28,68,130,46,31,48,178,43,6*67
$GPGSV,3,3,09,32,49,020,43,6*53
$GLGSV,3,1,10,69,11,050,44,70,41,345,36,71,25,290,45,73,13,158,38,1*7E
$GLGSV,3,2,10,79,14,049,44,80,28,103,44,84,33,183,36,85,61,259,49,1*74
$GLGSV,3,3,10,86,22,325,44,,,,49,1*4E
$GLGSV,3,1,10,69,11,050,41,70,41,345,10,71,25,290,41,73,13,158,41,3*77
$GLGSV,3,2,10,79,14,049,39,80,28,103,44,84,33,183,43,85,61,259,45,3*72
$GLGSV,3,3,10,86,22,325,40,,,,47,3*46
$GAGSV,2,1,06,03,65,304,46,05,39,032,44,08,25,249,41,15,47,319,45,2*70
$GAGSV,2,2,06,34,76,170,46,36,23,149,42,2*7C
$GAGSV,2,1,06,03,65,304,46,05,39,032,42,08,25,249,40,15,47,319,44,7*73
$GAGSV,2,2,06,34,76,170,47,36,23,149,40,7*7A
$GAGSV,1,1,03,16,06,108,,24,02,085,,25,06,131,,0*44
$GBGSV,2,1,08,06,62,080,45,09,66,113,45,11,46,272,45,12,36,197,42,1*76
$GBGSV,2,2,08,13,48,072,44,16,56,067,45,26,35,145,44,34,45,234,46,1*72
$GBGSV,2,1,08,06,62,080,41,08,34,087,42,09,66,113,43,11,46,272,46,B*0D
$GBGSV,2,2,08,12,36,197,46,13,48,072,42,14,21,289,43,16,56,067,41,B*09
$GBGSV,2,1,06,10,03,160,,21,46,026,,22,11,070,,44,18,178,,0*72
$GBGSV,2,2,06,45,29,078,,50,51,349,,0*7B
$GQGSV,1,1,02,04,20,076,35,07,19,104,33,1*6C
$GQGSV,1,1,02,04,20,076,35,07,19,104,40,6*6F
$GNGLL,2454.23240,N,06708.27189,E,153508.00,A,D*74
$GNRMC,153509.00,A,2454.23240,N,06708.27189,E,0.007,,020525,,,R,V*07
$GNVTG,,T,,M,0.007,N,0.013,K,D*3D
$GNGGA,153509.00,2454.23240,N,06708.27189,E,4,12,0.59,21.8,M,-44.2,M,1.0,0284*7A
$GNGSA,A,3,10,27,28,32,01,23,31,08,02,,,,1.18,0.59,1.02,1*01
$GNGSA,A,3,70,73,84,71,80,79,69,85,86,,,,1.18,0.59,1.02,2*06
$GNGSA,A,3,15,34,03,08,,,,,,,,,1.18,0.59,1.02,3*0C
$GNGSA,A,3,06,14,08,13,12,11,09,16,,,,,1.18,0.59,1.02,4*07
$GNGSA,A,3,07,04,,,,,,,,,,,1.18,0.59,1.02,5*01
$GPGSV,4,1,13,01,19,320,37,02,46,307,45,08,16,253,35,10,43,070,45,1*67
$GPGSV,4,2,13,23,11,101,37,25,07,086,31,27,15,216,37,28,68,130,47,1*6C
$GPGSV,4,3,13,31,48,178,46,32,49,020,46,40,59,208,47,41,56,146,45,1*6A
$GPGSV,4,4,13,42,19,104,44,1*5D
$GPGSV,3,1,09,01,19,320,42,08,16,253,37,10,43,070,43,23,11,101,36,6*6B
$GPGSV,3,2,09,25,07,086,32,27,15,216,37,28,68,130,46,31,48,178,43,6*67
$GPGSV,3,3,09,32,49,020,43,6*53
$GLGSV,3,1,09,69,11,050,44,70,41,345,36,71,25,290,45,73,13,158,38,1*76
$GLGSV,3,2,09,79,14,049,44,80,28,103,44,84,33,183,35,85,61,259,50,1*77
$GLGSV,3,3,09,86,22,325,44,1*4B
$GLGSV,3,1,09,69,11,050,42,70,41,345,09,71,25,290,41,73,13,158,41,3*74
$GLGSV,3,2,09,79,14,049,39,80,28,103,44,84,33,183,43,85,61,259,45,3*7A
$GLGSV,3,3,09,86,22,325,40,3*4D
$GAGSV,2,1,06,03,65,304,46,05,39,032,45,08,25,249,41,15,47,319,45,2*71
$GAGSV,2,2,06,34,76,170,46,36,23,149,42,2*7C
$GAGSV,2,1,06,03,65,304,46,05,39,032,42,08,25,249,40,15,47,319,44,7*73
$GAGSV,2,2,06,34,76,170,47,36,23,149,40,7*7A
$GAGSV,1,1,03,16,06,108,,24,02,085,,25,06,131,,0*44
$GBGSV,2,1,08,06,62,080,45,09,66,113,45,11,46,272,45,12,36,197,41,1*75
$GBGSV,2,2,08,13,48,072,44,16,56,067,45,26,35,145,44,34,45,234,46,1*72
$GBGSV,2,1,08,06,62,080,41,08,34,087,42,09,66,113,43,11,46,272,46,B*0D
$GBGSV,2,2,08,12,36,197,46,13,48,072,42,14,21,289,43,16,56,067,41,B*09
$GBGSV,2,1,06,10,03,160,,21,46,026,,22,11,070,,44,18,178,,0*72
$GBGSV,2,2,06,45,29,078,,50,51,349,,0*7B
$GQGSV,1,1,02,04,20,076,36,07,19,104,33,1*6F
$GQGSV,1,1,02,04,20,076,35,07,19,104,41,6*6E
$GNGLL,2454.23240,N,06708.27189,E,153509.00,A,D*75
$GNRMC,153510.00,A,2454.23240,N,06708.27189,E,0.006,,020525,,,R,V*0E
$GNVTG,,T,,M,0.006,N,0.010,K,D*3F
$GNGGA,153510.00,2454.23240,N,06708.27189,E,4,12,0.59,21.8,M,-44.2,M,1.0,0284*72
$GNGSA,A,3,10,27,28,32,01,23,31,08,02,,,,1.18,0.59,1.02,1*01
$GNGSA,A,3,70,73,84,71,80,79,69,85,86,,,,1.18,0.59,1.02,2*06
$GNGSA,A,3,15,34,03,08,,,,,,,,,1.18,0.59,1.02,3*0C
$GNGSA,A,3,06,14,08,13,12,11,09,16,,,,,1.18,0.59,1.02,4*07
$GNGSA,A,3,07,04,,,,,,,,,,,1.18,0.59,1.02,5*01
$GPGSV,4,1,13,01,19,320,37,02,46,307,45,08,16,253,35,10,43,070,45,1*67
$GPGSV,4,2,13,23,11,101,37,25,07,086,32,27,15,216,37,28,68,130,47,1*6F
$GPGSV,4,3,13,31,48,178,46,32,49,020,47,40,59,208,47,41,56,146,45,1*6B
$GPGSV,4,4,13,42,19,104,44,1*5D
$GPGSV,3,1,09,01,19,320,42,08,16,253,37,10,43,070,43,23,11,101,36,6*6B
$GPGSV,3,2,09,25,07,086,32,27,15,216,37,28,68,130,46,31,48,178,43,6*67
$GPGSV,3,3,09,32,49,020,43,6*53
$GLGSV,3,1,10,69,11,050,44,70,41,345,36,71,25,290,45,73,13,158,38,1*7E
$GLGSV,3,2,10,79,14,049,44,80,28,103,44,84,33,183,36,85,61,259,50,1*7C
$GLGSV,3,3,10,86,22,325,44,,,,48,1*4F
$GLGSV,3,1,10,69,11,050,42,70,41,345,01,71,25,290,41,73,13,158,41,3*74
$GLGSV,3,2,10,79,14,049,38,80,28,103,44,84,33,183,43,85,61,259,45,3*73
$GLGSV,3,3,10,86,22,325,40,,,,47,3*46
$GAGSV,2,1,06,03,65,304,46,05,39,032,45,08,25,249,41,15,47,319,45,2*71
$GAGSV,2,2,06,34,76,170,46,36,23,149,42,2*7C
$GAGSV,2,1,06,03,65,304,46,05,39,032,42,08,25,249,40,15,47,319,44,7*73
$GAGSV,2,2,06,34,76,170,47,36,23,149,40,7*7A
$GAGSV,1,1,03,16,06,108,,24,02,085,,25,06,131,,0*44
$GBGSV,2,1,08,06,62,080,45,09,66,113,45,11,46,272,45,12,36,197,41,1*75
$GBGSV,2,2,08,13,48,072,44,16,56,067,45,26,35,145,44,34,45,234,46,1*72
$GBGSV,2,1,08,06,62,080,41,08,34,087,42,09,66,113,43,11,46,272,46,B*0D
$GBGSV,2,2,08,12,36,197,47,13,48,072,42,14,21,289,43,16,56,067,41,B*08
$GBGSV,2,1,06,10,03,160,,21,46,026,,22,11,070,,44,18,178,,0*72
$GBGSV,2,2,06,45,29,078,,50,51,349,,0*7B
$GQGSV,1,1,02,04,20,076,36,07,19,104,33,1*6F
$GQGSV,1,1,02,04,20,076,35,07,19,104,40,6*6F
$GNGLL,2454.23240,N,06708.27189,E,153510.00,A,D*7D
$GNRMC,153511.00,A,2454.23240,N,06708.27189,E,0.002,,020525,,,R,V*0B
$GNVTG,,T,,M,0.002,N,0.003,K,D*39
$GNGGA,153511.00,2454.23240,N,06708.27189,E,4,12,0.59,21.8,M,-44.2,M,1.0,0284*73
$GNGSA,A,3,10,27,28,32,01,23,31,08,02,,,,1.18,0.59,1.02,1*01
$GNGSA,A,3,70,73,84,71,80,79,69,85,86,,,,1.18,0.59,1.02,2*06
$GNGSA,A,3,15,34,03,08,,,,,,,,,1.18,0.59,1.02,3*0C
$GNGSA,A,3,06,14,08,13,12,11,09,16,,,,,1.18,0.59,1.02,4*07
$GNGSA,A,3,07,04,,,,,,,,,,,1.18,0.59,1.02,5*01
$GPGSV,4,1,13,01,19,320,37,02,46,307,45,08,16,253,36,10,43,070,45,1*64
$GPGSV,4,2,13,23,11,102,37,25,07,086,32,27,15,216,37,28,68,130,47,1*6C
$GPGSV,4,3,13,31,48,178,46,32,49,020,46,40,59,208,47,41,56,146,45,1*6A
$GPGSV,4,4,13,42,19,104,44,1*5D
$GPGSV,3,1,09,01,19,320,42,08,16,253,37,10,43,070,43,23,11,102,36,6*68
$GPGSV,3,2,09,25,07,086,32,27,15,216,37,28,68,130,46,31,48,178,43,6*67
$GPGSV,3,3,09,32,49,020,43,6*53
$GLGSV,3,1,10,69,11,050,44,70,41,345,36,71,25,290,45,73,13,158,38,1*7E
$GLGSV,3,2,10,79,14,049,44,80,28,103,45,84,33,183,35,85,61,259,49,1*76
$GLGSV,3,3,10,86,22,325,44,,,,48,1*4F
$GLGSV,3,1,10,69,11,050,42,70,41,345,05,71,25,290,41,73,13,158,41,3*70
$GLGSV,3,2,10,79,14,049,38,80,28,103,44,84,33,183,43,85,61,259,45,3*73
$GLGSV,3,3,10,86,22,325,40,,,,47,3*46
$GAGSV,2,1,06,03,65,304,46,05,39,032,45,08,25,249,41,15,47,319,45,2*71
$GAGSV,2,2,06,34,76,170,46,36,23,149,42,2*7C
$GAGSV,2,1,06,03,65,304,46,05,39,032,42,08,25,249,40,15,47,319,44,7*73
$GAGSV,2,2,06,34,76,170,47,36,23,149,40,7*7A
$GAGSV,1,1,03,16,06,108,,24,02,085,,25,06,131,,0*44
$GBGSV,2,1,08,06,62,080,45,09,66,113,45,11,46,272,45,12,36,197,41,1*75
$GBGSV,2,2,08,13,48,072,44,16,56,067,45,26,35,145,44,34,45,234,46,1*72
$GBGSV,2,1,08,06,62,080,41,08,34,087,42,09,66,113,43,11,46,272,46,B*0D
$GBGSV,2,2,08,12,36,197,47,13,48,072,42,14,21,289,43,16,56,067,41,B*08
$GBGSV,2,1,06,10,03,160,,21,46,026,,22,11,070,,44,18,178,,0*72
$GBGSV,2,2,06,45,29,078,,50,51,349,,0*7B
$GQGSV,1,1,02,04,20,076,36,07,19,104,33,1*6F
$GQGSV,1,1,02,04,20,076,35,07,19,104,40,6*6F
$GNGLL,2454.23240,N,06708.27189,E,153511.00,A,D*7C
$GNRMC,153512.00,A,2454.23240,N,06708.27189,E,0.004,,020525,,,R,V*0E
$GNVTG,,T,,M,0.004,N,0.007,K,D*3B
$GNGGA,153512.00,2454.23240,N,06708.27189,E,4,12,0.59,21.8,M,-44.2,M,1.0,0284*70
$GNGSA,A,3,10,27,28,32,01,23,31,08,02,,,,1.18,0.59,1.02,1*01
$GNGSA,A,3,70,73,84,71,80,79,69,85,86,,,,1.18,0.59,1.02,2*06
$GNGSA,A,3,15,34,03,08,,,,,,,,,1.18,0.59,1.02,3*0C
$GNGSA,A,3,06,14,08,13,12,11,09,16,,,,,1.18,0.59,1.02,4*07
$GNGSA,A,3,07,04,,,,,,,,,,,1.18,0.59,1.02,5*01
$GPGSV,4,1,13,01,19,320,37,02,46,307,45,08,16,253,36,10,43,070,45,1*64
$GPGSV,4,2,13,23,11,102,37,25,07,085,32,27,15,216,37,28,68,130,47,1*6F
$GPGSV,4,3,13,31,48,178,46,32,49,020,46,40,59,208,47,41,56,146,45,1*6A
$GPGSV,4,4,13,42,19,104,44,1*5D
$GPGSV,3,1,09,01,19,320,42,08,16,253,37,10,43,070,43,23,11,102,36,6*68
$GPGSV,3,2,09,25,07,085,32,27,15,216,37,28,68,130,46,31,48,178,43,6*64
$GPGSV,3,3,09,32,49,020,44,6*54
$GLGSV,3,1,10,69,11,050,44,70,41,345,36,71,25,290,45,73,13,158,38,1*7E
$GLGSV,3,2,10,79,14,049,44,80,28,103,45,84,33,183,35,85,61,259,49,1*76
$GLGSV,3,3,10,86,22,325,44,,,,48,1*4F
$GLGSV,3,1,10,69,11,050,42,70,41,345,07,71,25,290,41,73,13,158,41,3*72
$GLGSV,3,2,10,79,14,049,38,80,28,103,44,84,33,183,43,85,61,259,45,3*73
$GLGSV,3,3,10,86,22,325,40,,,,47,3*46
$GAGSV,2,1,06,03,65,304,46,05,39,032,45,08,25,249,41,15,47,319,45,2*71
$GAGSV,2,2,06,34,76,170,46,36,23,149,42,2*7C
$GAGSV,2,1,06,03,65,304,46,05,39,032,42,08,25,249,40,15,47,319,44,7*73
$GAGSV,2,2,06,34,76,170,47,36,23,149,40,7*7A
$GAGSV,1,1,03,16,06,108,,24,02,085,,25,06,131,,0*44
$GBGSV,2,1,08,06,62,080,45,09,66,113,45,11,46,272,45,12,36,197,41,1*75
$GBGSV,2,2,08,13,48,072,44,16,56,067,45,26,35,145,44,34,45,234,46,1*72
$GBGSV,2,1,08,06,62,080,41,08,34,087,42,09,66,113,43,11,46,272,46,B*0D
$GBGSV,2,2,08,12,36,197,47,13,48,072,42,14,21,289,43,16,56,067,41,B*08
$GBGSV,2,1,06,10,03,160,,21,46,026,,22,11,070,,44,18,178,,0*72
$GBGSV,2,2,06,45,29,078,,50,51,349,,0*7B
$GQGSV,1,1,02,04,20,076,35,07,19,104,32,1*6D
$GQGSV,1,1,02,04,20,076,35,07,19,104,40,6*6F
$GNGLL,2454.23240,N,06708.27189,E,153512.00,A,D*7F
$GNRMC,153513.00,A,2454.23240,N,06708.27189,E,0.005,,020525,,,R,V*0E
$GNVTG,,T,,M,0.005,N,0.009,K,D*34
$GNGGA,153513.00,2454.23240,N,06708.27189,E,4,12,0.59,21.8,M,-44.2,M,1.0,0284*71
$GNGSA,A,3,10,27,28,32,01,23,31,08,02,,,,1.18,0.59,1.02,1*01
$GNGSA,A,3,70,73,84,71,80,79,69,85,86,,,,1.18,0.59,1.02,2*06
$GNGSA,A,3,15,34,03,08,,,,,,,,,1.18,0.59,1.02,3*0C
$GNGSA,A,3,06,14,08,13,12,11,09,16,,,,,1.18,0.59,1.02,4*07
$GNGSA,A,3,07,04,,,,,,,,,,,1.18,0.59,1.02,5*01
$GPGSV,4,1,13,01,19,320,37,02,46,307,45,08,16,253,36,10,43,070,45,1*64
$GPGSV,4,2,13,23,11,102,37,25,07,085,32,27,15,215,37,28,68,130,47,1*6C
$GPGSV,4,3,13,31,48,178,46,32,49,020,47,40,59,208,47,41,56,146,45,1*6B
$GPGSV,4,4,13,42,19,104,44,1*5D
$GPGSV,3,1,09,01,19,320,42,08,16,253,37,10,43,070,43,23,11,102,36,6*68
$GPGSV,3,2,09,25,07,085,32,27,15,215,37,28,68,130,46,31,48,178,43,6*67
$GPGSV,3,3,09,32,49,020,43,6*53
$GLGSV,3,1,10,69,11,050,44,70,41,345,36,71,25,290,45,73,13,158,38,1*7E
$GLGSV,3,2,10,79,14,049,44,80,28,103,45,84,33,183,35,85,61,259,49,1*76
$GLGSV,3,3,10,86,22,325,44,,,,49,1*4E
$GLGSV,3,1,10,69,11,050,42,70,41,345,07,71,25,290,41,73,13,158,41,3*72
$GLGSV,3,2,10,79,14,049,38,80,28,103,44,84,33,183,43,85,61,259,45,3*73
$GLGSV,3,3,10,86,22,325,40,,,,47,3*46
$GAGSV,2,1,06,03,65,304,46,05,39,032,45,08,25,249,41,15,47,319,45,2*71
$GAGSV,2,2,06,34,76,170,46,36,23,149,42,2*7C
$GAGSV,2,1,06,03,65,304,46,05,39,032,42,08,25,249,40,15,47,319,44,7*73
$GAGSV,2,2,06,34,76,170,47,36,23,149,40,7*7A
$GAGSV,1,1,03,16,06,108,,24,02,085,,25,06,131,,0*44
$GBGSV,2,1,08,06,62,080,45,09,66,113,45,11,46,272,45,12,36,197,41,1*75
$GBGSV,2,2,08,13,48,072,44,16,56,067,45,26,35,145,44,34,45,234,46,1*72
$GBGSV,2,1,08,06,62,080,41,08,34,087,42,09,66,113,43,11,46,272,46,B*0D
$GBGSV,2,2,08,12,36,197,47,13,48,072,42,14,21,289,43,16,56,067,41,B*08
$GBGSV,2,1,06,10,03,160,,21,46,026,,22,11,070,,44,18,178,,0*72
$GBGSV,2,2,06,45,29,078,,50,51,349,,0*7B
$GQGSV,1,1,02,04,20,076,35,07,19,104,32,1*6D
$GQGSV,1,1,02,04,20,076,35,07,19,104,41,6*6E
$GNGLL,2454.23240,N,06708.27189,E,153513.00,A,D*7E
$GNRMC,153514.00,A,2454.23240,N,06708.27189,E,0.003,,020525,,,R,V*0F
$GNVTG,,T,,M,0.003,N,0.005,K,D*3E
$GNGGA,153514.00,2454.23240,N,06708.27189,E,4,12,0.59,21.8,M,-44.2,M,1.0,0284*76
$GNGSA,A,3,10,27,28,32,01,23,31,08,02,,,,1.18,0.59,1.02,1*01
$GNGSA,A,3,70,73,84,71,80,79,69,85,86,,,,1.18,0.59,1.02,2*06
$GNGSA,A,3,15,34,03,08,,,,,,,,,1.18,0.59,1.02,3*0C
$GNGSA,A,3,06,14,08,13,12,11,09,16,,,,,1.18,0.59,1.02,4*07
$GNGSA,A,3,07,04,,,,,,,,,,,1.18,0.59,1.02,5*01
$GPGSV,4,1,13,01,19,320,37,02,46,307,45,08,16,253,36,10,43,070,45,1*64
$GPGSV,4,2,13,23,11,102,37,25,07,085,32,27,15,215,37,28,69,128,47,1*64
$GPGSV,4,3,13,31,48,178,46,32,49,020,47,40,59,208,47,41,56,146,45,1*6B
$GPGSV,4,4,13,42,19,104,44,1*5D
$GPGSV,3,1,09,01,19,320,42,08,16,253,36,10,43,070,43,23,11,102,35,6*6A
$GPGSV,3,2,09,25,07,085,33,27,15,215,37,28,69,128,46,31,48,178,43,6*6E
$GPGSV,3,3,09,32,49,020,43,6*53
$GLGSV,3,1,10,69,11,050,44,70,41,345,35,71,25,290,45,73,13,158,38,1*7D
$GLGSV,3,2,10,79,14,049,44,80,28,103,45,84,33,183,35,85,61,259,49,1*76
$GLGSV,3,3,10,86,22,325,44,,,,49,1*4E
$GLGSV,3,1,10,69,11,050,42,70,41,345,08,71,25,290,41,73,13,158,41,3*7D
$GLGSV,3,2,10,79,14,049,38,80,28,103,44,84,33,183,43,85,61,259,45,3*73
$GLGSV,3,3,10,86,22,325,40,,,,47,3*46
$GAGSV,2,1,06,03,65,304,46,05,39,032,45,08,25,249,41,15,47,319,45,2*71
$GAGSV,2,2,06,34,76,170,46,36,23,149,42,2*7C
$GAGSV,2,1,06,03,65,304,46,05,39,032,42,08,25,249,40,15,47,319,44,7*73
$GAGSV,2,2,06,34,76,170,47,36,23,149,40,7*7A
$GAGSV,1,1,03,16,06,108,,24,02,085,,25,06,131,,0*44
$GBGSV,2,1,08,06,62,080,45,09,66,113,45,11,46,272,45,12,36,197,41,1*75
$GBGSV,2,2,08,13,48,072,44,16,56,067,45,26,35,145,44,34,45,234,46,1*72
$GBGSV,2,1,08,06,62,080,41,08,34,087,42,09,66,113,43,11,46,272,46,B*0D
$GBGSV,2,2,08,12,36,197,47,13,48,072,42,14,21,289,43,16,56,067,41,B*08
$GBGSV,2,1,06,10,03,160,,21,46,026,,22,11,070,,44,18,178,,0*72
$GBGSV,2,2,06,45,29,078,,50,51,349,,0*7B
$GQGSV,1,1,02,04,20,076,35,07,19,104,32,1*6D
$GQGSV,1,1,02,04,20,076,35,07,19,104,40,6*6F
$GNGLL,2454.23240,N,06708.27189,E,153514.00,A,D*79
$GNRMC,153515.00,A,2454.23240,N,06708.27189,E,0.002,,020525,,,R,V*0F
$GNVTG,,T,,M,0.002,N,0.004,K,D*3E
$GNGGA,153515.00,2454.23240,N,06708.27189,E,4,12,0.59,21.8,M,-44.2,M,1.0,0284*77
$GNGSA,A,3,10,27,28,32,01,23,31,08,02,,,,1.18,0.59,1.02,1*01
$GNGSA,A,3,70,73,84,71,80,79,69,85,86,,,,1.18,0.59,1.02,2*06
$GNGSA,A,3,15,34,03,08,,,,,,,,,1.18,0.59,1.02,3*0C
$GNGSA,A,3,06,14,08,13,12,11,09,16,,,,,1.18,0.59,1.02,4*07
$GNGSA,A,3,07,04,,,,,,,,,,,1.18,0.59,1.02,5*01
$GPGSV,4,1,13,01,19,320,37,02,46,307,45,08,16,253,36,10,43,070,45,1*64
$GPGSV,4,2,13,23,11,102,37,25,07,085,32,27,15,215,37,28,69,128,47,1*64
$GPGSV,4,3,13,31,48,178,46,32,49,020,47,40,59,208,47,41,56,146,45,1*6B
$GPGSV,4,4,13,42,19,104,44,1*5D
$GPGSV,3,1,09,01,19,320,42,08,16,253,37,10,43,070,43,23,11,102,36,6*68
$GPGSV,3,2,09,25,07,085,33,27,15,215,38,28,69,128,46,31,48,178,43,6*61
$GPGSV,3,3,09,32,49,020,44,6*54
$GLGSV,3,1,10,69,11,050,44,70,41,345,36,71,25,290,45,73,13,158,38,1*7E
$GLGSV,3,2,10,79,14,049,44,80,28,103,45,84,33,183,35,85,61,259,49,1*76
$GLGSV,3,3,10,86,22,325,44,,,,49,1*4E
$GLGSV,3,1,10,69,11,050,42,70,41,345,08,71,25,290,41,73,13,158,41,3*7D
$GLGSV,3,2,10,79,14,049,38,80,28,103,44,84,33,183,43,85,61,259,45,3*73
$GLGSV,3,3,10,86,22,325,40,,,,47,3*46
$GAGSV,2,1,06,03,65,304,46,05,39,032,45,08,25,249,41,15,47,319,45,2*71
$GAGSV,2,2,06,34,76,170,46,36,23,149,42,2*7C
$GAGSV,2,1,07,03,65,304,46,05,39,032,42,08,25,249,40,15,47,319,44,7*72
$GAGSV,2,2,07,25,06,131,37,34,76,170,47,36,23,149,40,7*4D
$GAGSV,1,1,02,16,06,108,,24,02,085,,0*77
$GBGSV,2,1,08,06,62,080,45,09,66,113,45,11,46,272,45,12,36,197,42,1*76
$GBGSV,2,2,08,13,48,072,44,16,56,067,45,26,35,145,44,34,45,234,46,1*72
$GBGSV,2,1,08,06,62,080,41,08,34,087,42,09,66,113,43,11,46,272,46,B*0D
$GBGSV,2,2,08,12,36,197,47,13,48,072,42,14,21,289,43,16,56,067,41,B*08
$GBGSV,2,1,06,10,03,160,,21,46,026,,22,11,070,,44,18,178,,0*72
$GBGSV,2,2,06,45,29,078,,50,51,349,,0*7B
$GQGSV,1,1,02,04,20,076,36,07,19,104,32,1*6E
$GQGSV,1,1,02,04,20,076,35,07,19,104,41,6*6E
$GNGLL,2454.23240,N,06708.27189,E,153515.00,A,D*78
$GNRMC,153516.00,A,2454.23240,N,06708.27189,E,0.003,,020525,,,R,V*0D
$GNVTG,,T,,M,0.003,N,0.006,K,D*3D
$GNGGA,153516.00,2454.23240,N,06708.27189,E,4,12,0.59,21.8,M,-44.2,M,1.0,0284*74
$GNGSA,A,3,10,27,28,32,01,23,31,08,02,,,,1.18,0.59,1.02,1*01
$GNGSA,A,3,70,73,84,71,80,79,69,85,86,,,,1.18,0.59,1.02,2*06
$GNGSA,A,3,15,34,03,08,,,,,,,,,1.18,0.59,1.02,3*0C
$GNGSA,A,3,06,14,08,13,12,11,09,16,,,,,1.18,0.59,1.02,4*07
$GNGSA,A,3,07,04,,,,,,,,,,,1.18,0.59,1.02,5*01
$GPGSV,4,1,13,01,19,320,37,02,46,307,45,08,16,253,36,10,43,070,45,1*64
$GPGSV,4,2,13,23,11,102,37,25,07,085,32,27,15,215,37,28,69,128,47,1*64
$GPGSV,4,3,13,31,48,178,46,32,49,020,47,40,59,208,47,41,56,146,45,1*6B
$GPGSV,4,4,13,42,19,104,44,1*5D
$GPGSV,3,1,09,01,19,320,42,08,16,253,37,10,43,070,43,23,11,102,36,6*68
$GPGSV,3,2,09,25,07,085,33,27,15,215,38,28,69,128,46,31,48,178,43,6*61
$GPGSV,3,3,09,32,49,020,44,6*54
$GLGSV,3,1,10,69,11,050,44,70,41,345,36,71,25,290,45,73,13,158,38,1*7E
$GLGSV,3,2,10,79,14,049,44,80,28,103,45,84,33,183,35,85,61,259,49,1*76
$GLGSV,3,3,10,86,22,325,44,,,,49,1*4E
$GLGSV,3,1,10,69,11,050,42,70,41,345,06,71,25,290,41,73,13,158,41,3*73
$GLGSV,3,2,10,79,14,049,38,80,28,103,44,84,33,183,43,85,61,259,45,3*73
$GLGSV,3,3,10,86,22,325,40,,,,47,3*46
$GAGSV,2,1,06,03,65,304,46,05,39,032,45,08,25,249,41,15,47,319,45,2*71
$GAGSV,2,2,06,34,76,170,46,36,23,149,42,2*7C
$GAGSV,2,1,07,03,65,304,46,05,39,032,42,08,25,249,40,15,47,319,44,7*72
$GAGSV,2,2,07,25,06,131,37,34,76,170,47,36,23,149,40,7*4D
$GAGSV,1,1,02,16,06,108,,24,02,085,,0*77
$GBGSV,2,1,08,06,62,080,45,09,66,113,45,11,46,272,45,12,36,197,41,1*75
$GBGSV,2,2,08,13,48,072,44,16,56,067,45,26,35,145,44,34,45,234,46,1*72
$GBGSV,2,1,08,06,62,080,41,08,34,087,42,09,66,113,43,11,46,272,46,B*0D
$GBGSV,2,2,08,12,36,197,47,13,48,072,42,14,21,289,43,16,56,067,41,B*08
$GBGSV,2,1,06,10,03,160,,21,46,026,,22,11,070,,44,18,178,,0*72
$GBGSV,2,2,06,45,29,078,,50,51,349,,0*7B
$GQGSV,1,1,02,04,20,076,36,07,19,104,32,1*6E
$GQGSV,1,1,02,04,20,076,35,07,19,104,41,6*6E
$GNGLL,2454.23240,N,06708.27189,E,153516.00,A,D*7B
$GNRMC,153517.00,A,2454.23240,N,06708.27189,E,0.003,,020525,,,R,V*0C
$GNVTG,,T,,M,0.003,N,0.006,K,D*3D
$GNGGA,153517.00,2454.23240,N,06708.27189,E,4,12,0.59,21.8,M,-44.2,M,1.0,0284*75
$GNGSA,A,3,10,27,28,32,01,23,31,08,02,,,,1.18,0.59,1.02,1*01
$GNGSA,A,3,70,73,84,71,80,79,69,85,86,,,,1.18,0.59,1.02,2*06
$GNGSA,A,3,15,34,03,08,,,,,,,,,1.18,0.59,1.02,3*0C
$GNGSA,A,3,06,14,08,13,12,11,09,16,,,,,1.18,0.59,1.02,4*07
$GNGSA,A,3,07,04,,,,,,,,,,,1.18,0.59,1.02,5*01
$GPGSV,4,1,13,01,19,320,37,02,46,307,45,08,16,253,36,10,43,070,45,1*64
$GPGSV,4,2,13,23,11,102,37,25,07,085,32,27,15,215,37,28,69,128,47,1*64
$GPGSV,4,3,13,31,49,178,46,32,49,020,47,40,59,208,47,41,56,146,45,1*6A
$GPGSV,4,4,13,42,19,104,44,1*5D
$GPGSV,3,1,09,01,19,320,42,08,16,253,37,10,43,070,43,23,11,102,36,6*68
$GPGSV,3,2,09,25,07,085,33,27,15,215,38,28,69,128,46,31,49,178,43,6*60
$GPGSV,3,3,09,32,49,020,43,6*53
$GLGSV,3,1,10,69,11,050,44,70,41,345,35,71,25,290,45,73,13,158,39,1*7C
$GLGSV,3,2,10,79,14,049,44,80,28,103,45,84,33,183,35,85,61,259,49,1*76
$GLGSV,3,3,10,86,22,325,44,,,,48,1*4F
$GLGSV,3,1,10,69,11,050,43,70,41,345,08,71,25,290,41,73,13,158,41,3*7C
$GLGSV,3,2,10,79,14,049,38,80,28,103,44,84,33,183,43,85,61,259,45,3*73
$GLGSV,3,3,10,86,22,325,40,,,,47,3*46
$GAGSV,2,1,06,03,65,304,46,05,39,032,45,08,25,249,41,15,47,319,45,2*71
$GAGSV,2,2,06,34,76,170,46,36,23,149,42,2*7C
$GAGSV,2,1,07,03,65,304,47,05,39,032,42,08,25,249,40,15,47,319,44,7*73
$GAGSV,2,2,07,25,06,131,36,34,76,170,47,36,23,149,40,7*4C
$GAGSV,1,1,02,16,06,108,,24,02,085,,0*77
$GBGSV,2,1,08,06,62,080,45,09,66,113,45,11,46,272,45,12,36,197,42,1*76
$GBGSV,2,2,08,13,48,072,44,16,56,067,45,26,35,145,44,34,45,234,46,1*72
$GBGSV,2,1,08,06,62,080,41,08,34,087,42,09,66,113,43,11,46,272,46,B*0D
$GBGSV,2,2,08,12,36,197,47,13,48,072,42,14,21,289,43,16,56,067,41,B*08
$GBGSV,2,1,06,10,03,160,,21,46,026,,22,11,070,,44,18,178,,0*72
$GBGSV,2,2,06,45,29,078,,50,51,349,,0*7B
$GQGSV,1,1,02,04,20,076,36,07,19,104,33,1*6F
$GQGSV,1,1,02,04,20,076,35,07,19,104,41,6*6E
$GNGLL,2454.23240,N,06708.27189,E,153517.00,A,D*7A
$GNRMC,153518.00,A,2454.23240,N,06708.27189,E,0.058,,020525,,,R,V*0D
$GNVTG,,T,,M,0.058,N,0.108,K,D*3C
$GNGGA,153518.00,2454.23240,N,06708.27189,E,4,12,0.59,21.8,M,-44.2,M,1.0,0284*7A
$GNGSA,A,3,10,27,28,32,01,23,31,08,02,,,,1.18,0.59,1.02,1*01
$GNGSA,A,3,70,73,84,71,80,79,69,85,86,,,,1.18,0.59,1.02,2*06
$GNGSA,A,3,15,34,03,08,,,,,,,,,1.18,0.59,1.02,3*0C
$GNGSA,A,3,06,14,08,13,12,11,09,16,,,,,1.18,0.59,1.02,4*07
$GNGSA,A,3,07,04,,,,,,,,,,,1.18,0.59,1.02,5*01
$GPGSV,4,1,13,01,19,320,37,02,46,307,44,08,16,253,36,10,43,070,45,1*65
$GPGSV,4,2,13,23,11,102,37,25,07,085,32,27,15,215,36,28,69,128,47,1*65
$GPGSV,4,3,13,31,49,178,46,32,48,021,47,40,59,208,47,41,56,146,45,1*6A
$GPGSV,4,4,13,42,19,104,44,1*5D
$GPGSV,3,1,09,01,19,320,41,08,16,253,37,10,43,070,43,23,11,102,36,6*6B
$GPGSV,3,2,09,25,07,085,33,27,15,215,38,28,69,128,46,31,49,178,43,6*60
$GPGSV,3,3,09,32,48,021,44,6*54
$GLGSV,3,1,10,69,11,050,44,70,41,345,36,71,25,290,45,73,13,158,38,1*7E
$GLGSV,3,2,10,79,14,049,44,80,28,103,45,84,33,183,35,85,61,259,49,1*76
$GLGSV,3,3,10,86,22,325,44,,,,48,1*4F
$GLGSV,3,1,10,69,11,050,43,70,41,345,08,71,25,290,41,73,13,158,41,3*7C
$GLGSV,3,2,10,79,14,049,38,80,28,103,44,84,33,183,43,85,61,259,45,3*73
$GLGSV,3,3,10,86,22,325,40,,,,47,3*46
$GAGSV,2,1,06,03,65,304,46,05,39,032,45,08,25,249,41,15,47,319,45,2*71
$GAGSV,2,2,06,34,76,170,46,36,23,149,42,2*7C
$GAGSV,2,1,07,03,65,304,46,05,39,032,42,08,25,249,40,15,47,319,44,7*72
$GAGSV,2,2,07,25,06,131,36,34,76,170,47,36,23,149,40,7*4C
$GAGSV,1,1,02,16,06,108,,24,02,085,,0*77
$GBGSV,2,1,08,06,62,080,45,09,66,113,45,11,46,272,45,12,36,197,42,1*76
$GBGSV,2,2,08,13,48,072,44,16,56,067,45,26,35,145,44,34,45,234,46,1*72
$GBGSV,2,1,08,06,62,080,41,08,34,087,42,09,66,113,43,11,46,272,46,B*0D
$GBGSV,2,2,08,12,36,197,47,13,48,072,42,14,21,289,43,16,56,067,41,B*08
$GBGSV,2,1,06,10,03,160,,21,46,026,,22,11,070,,44,18,178,,0*72
$GBGSV,2,2,06,45,29,078,,50,51,349,,0*7B
$GQGSV,1,1,02,04,20,076,36,07,19,104,32,1*6E
$GQGSV,1,1,02,04,20,076,35,07,19,104,41,6*6E
$GNGLL,2454.23240,N,06708.27189,E,153518.00,A,D*75
$GNRMC,153519.00,A,2454.23240,N,06708.27189,E,0.008,,020525,,,F,V*1D
$GNVTG,,T,,M,0.008,N,0.015,K,D*34
$GNGGA,153519.00,2454.23240,N,06708.27189,E,5,12,0.59,21.8,M,-44.2,M,1.0,0284*7A
$GNGSA,A,3,10,27,28,32,01,23,31,08,02,,,,1.18,0.59,1.02,1*01
$GNGSA,A,3,70,73,84,71,80,79,69,85,86,,,,1.18,0.59,1.02,2*06
$GNGSA,A,3,15,34,03,08,,,,,,,,,1.18,0.59,1.02,3*0C
$GNGSA,A,3,06,14,08,13,12,11,09,16,,,,,1.18,0.59,1.02,4*07
$GNGSA,A,3,07,04,,,,,,,,,,,1.18,0.59,1.02,5*01
$GPGSV,4,1,13,01,19,320,37,02,46,307,44,08,16,253,37,10,43,070,45,1*64
$GPGSV,4,2,13,23,11,102,37,25,07,085,32,27,15,215,36,28,69,128,47,1*65
$GPGSV,4,3,13,31,49,178,46,32,48,021,47,40,59,208,47,41,56,146,45,1*6A
$GPGSV,4,4,13,42,19,104,44,1*5D
$GPGSV,3,1,09,01,19,320,41,08,16,253,37,10,43,070,43,23,11,102,36,6*6B
$GPGSV,3,2,09,25,07,085,33,27,15,215,38,28,69,128,46,31,49,178,43,6*60
$GPGSV,3,3,09,32,48,021,44,6*54
$GLGSV,3,1,10,69,11,050,44,70,41,345,36,71,25,290,45,73,13,158,38,1*7E
$GLGSV,3,2,10,79,14,049,44,80,28,103,45,84,33,183,36,85,61,259,49,1*75
$GLGSV,3,3,10,86,22,325,44,,,,48,1*4F
$GLGSV,3,1,10,69,11,050,43,70,41,345,10,71,25,290,41,73,13,158,41,3*75
$GLGSV,3,2,10,79,14,049,38,80,28,103,44,84,33,183,43,85,61,259,45,3*73
$GLGSV,3,3,10,86,22,325,40,,,,47,3*46
$GAGSV,2,1,06,03,65,304,46,05,39,032,45,08,25,249,41,15,47,319,45,2*71
$GAGSV,2,2,06,34,76,170,46,36,23,149,42,2*7C
$GAGSV,2,1,07,03,65,304,46,05,39,032,42,08,25,249,40,15,47,319,44,7*72
$GAGSV,2,2,07,25,06,131,36,34,76,170,47,36,23,149,40,7*4C
$GAGSV,1,1,02,16,06,108,,24,02,085,,0*77
$GBGSV,2,1,08,06,62,080,45,09,66,113,45,11,46,272,45,12,36,197,41,1*75
$GBGSV,2,2,08,13,48,072,44,16,56,067,45,26,35,145,44,34,45,234,46,1*72
$GBGSV,2,1,08,06,62,080,41,08,34,087,42,09,66,113,43,11,46,272,46,B*0D
$GBGSV,2,2,08,12,36,197,47,13,48,072,42,14,21,289,43,16,56,067,41,B*08
$GBGSV,2,1,06,10,03,160,,21,46,026,,22,11,070,,44,18,178,,0*72
$GBGSV,2,2,06,45,29,078,,50,51,349,,0*7B
$GQGSV,1,1,02,04,20,076,35,07,19,104,32,1*6D
$GQGSV,1,1,02,04,20,076,35,07,19,104,41,6*6E
$GNGLL,2454.23240,N,06708.27189,E,153519.00,A,D*74
$GNRMC,153520.00,A,2454.23240,N,06708.27189,E,0.007,,020525,,,F,V*18
$GNVTG,,T,,M,0.007,N,0.013,K,D*3D
$GNGGA,153520.00,2454.23240,N,06708.27189,E,5,12,0.59,21.8,M,-44.2,M,1.0,0284*70
$GNGSA,A,3,10,27,28,32,01,23,31,08,02,,,,1.18,0.59,1.02,1*01
$GNGSA,A,3,70,73,84,71,80,79,69,85,86,,,,1.18,0.59,1.02,2*06
$GNGSA,A,3,15,34,03,08,,,,,,,,,1.18,0.59,1.02,3*0C
$GNGSA,A,3,06,14,08,13,12,11,09,16,,,,,1.18,0.59,1.02,4*07
$GNGSA,A,3,07,04,,,,,,,,,,,1.18,0.59,1.02,5*01
$GPGSV,4,1,13,01,19,320,37,02,46,307,45,08,16,253,37,10,43,070,45,1*65
$GPGSV,4,2,13,23,11,102,37,25,07,085,32,27,15,215,36,28,69,128,47,1*65
$GPGSV,4,3,13,31,49,178,46,32,48,021,47,40,59,208,47,41,56,146,45,1*6A
$GPGSV,4,4,13,42,19,104,44,1*5D
$GPGSV,3,1,09,01,19,320,41,08,16,253,37,10,43,070,43,23,11,102,36,6*6B
$GPGSV,3,2,09,25,07,085,33,27,15,215,38,28,69,128,46,31,49,178,43,6*60
$GPGSV,3,3,09,32,48,021,43,6*53
$GLGSV,3,1,10,69,11,050,44,70,41,345,36,71,25,290,45,73,13,158,39,1*7F
$GLGSV,3,2,10,79,14,049,44,80,28,103,45,84,33,183,35,85,61,259,49,1*76
$GLGSV,3,3,10,86,22,325,44,,,,49,1*4E
$GLGSV,3,1,10,69,11,050,43,70,41,345,10,71,25,290,41,73,13,158,41,3*75
$GLGSV,3,2,10,79,14,049,38,80,28,103,44,84,33,183,43,85,61,259,45,3*73
$GLGSV,3,3,10,86,22,325,40,,,,47,3*46
$GAGSV,2,1,06,03,65,304,47,05,39,032,45,08,25,249,42,15,47,319,46,2*70
$GAGSV,2,2,06,34,76,170,47,36,23,149,43,2*7C
$GAGSV,2,1,07,03,65,304,47,05,39,032,42,08,25,249,40,15,47,319,44,7*73
$GAGSV,2,2,07,25,06,131,36,34,76,170,47,36,23,149,40,7*4C
$GAGSV,1,1,02,16,06,108,,24,02,085,,0*77
$GBGSV,2,1,08,06,62,080,45,09,66,113,45,11,46,272,45,12,36,197,41,1*75
$GBGSV,2,2,08,13,48,072,44,16,56,067,45,26,35,145,44,34,45,234,46,1*72
$GBGSV,2,1,08,06,62,080,42,08,34,087,42,09,66,113,43,11,46,272,46,B*0E
$GBGSV,2,2,08,12,36,197,47,13,48,072,42,14,21,289,43,16,56,067,42,B*0B
$GBGSV,2,1,06,10,03,160,,21,46,026,,22,11,070,,44,18,178,,0*72
$GBGSV,2,2,06,45,29,078,,50,51,349,,0*7B
$GQGSV,1,1,02,04,20,076,35,07,19,104,32,1*6D
$GQGSV,1,1,02,04,20,076,35,07,19,104,40,6*6F
$GNGLL,2454.23240,N,06708.27189,E,153520.00,A,D*7E
$GNRMC,153521.00,A,2454.23241,N,06708.27189,E,0.081,,020525,,,F,V*16
$GNVTG,,T,,M,0.081,N,0.149,K,D*3D
$GNGGA,153521.00,2454.23241,N,06708.27189,E,5,12,0.62,21.8,M,-44.2,M,1.0,0284*78
$GNGSA,A,3,10,27,28,32,01,23,31,08,,,,,1.24,0.62,1.07,1*01
$GNGSA,A,3,73,84,71,80,79,69,85,86,,,,,1.24,0.62,1.07,2*03
$GNGSA,A,3,05,15,34,03,08,36,,,,,,,1.24,0.62,1.07,3*0E
$GNGSA,A,3,06,14,08,13,12,11,09,16,,,,,1.24,0.62,1.07,4*05
$GNGSA,A,3,07,04,,,,,,,,,,,1.24,0.62,1.07,5*03
$GPGSV,4,1,13,01,19,320,37,02,46,307,45,08,16,253,37,10,43,070,45,1*65
$GPGSV,4,2,13,23,11,102,37,25,07,085,32,27,15,215,36,28,69,128,47,1*65
$GPGSV,4,3,13,31,49,178,46,32,48,021,47,40,59,208,47,41,56,146,45,1*6A
$GPGSV,4,4,13,42,19,104,44,1*5D
$GPGSV,3,1,09,01,19,320,41,08,16,253,37,10,43,070,43,23,11,102,37,6*6A
$GPGSV,3,2,09,25,07,085,33,27,15,215,38,28,69,128,46,31,49,178,43,6*60
$GPGSV,3,3,09,32,48,021,44,6*54
$GLGSV,3,1,10,69,11,050,44,70,41,345,36,71,25,290,45,73,13,158,39,1*7F
$GLGSV,3,2,10,79,14,049,44,80,28,103,45,84,33,183,35,85,61,259,49,1*76
$GLGSV,3,3,10,86,22,325,44,,,,49,1*4E
$GLGSV,3,1,10,69,11,050,43,70,41,345,09,71,25,290,41,73,13,158,41,3*7D
$GLGSV,3,2,10,79,14,049,38,80,28,103,44,84,33,183,43,85,61,259,45,3*73
$GLGSV,3,3,10,86,22,325,40,,,,47,3*46
$GAGSV,2,1,06,03,65,304,47,05,39,032,46,08,25,249,42,15,47,319,46,2*73
$GAGSV,2,2,06,34,76,170,47,36,23,149,43,2*7C
$GAGSV,2,1,07,03,65,304,47,05,39,032,42,08,25,249,40,15,47,319,44,7*73
$GAGSV,2,2,07,25,06,131,36,34,76,170,47,36,23,149,40,7*4C
$GAGSV,1,1,02,16,06,108,,24,02,085,,0*77
$GBGSV,2,1,08,06,62,080,45,09,66,113,45,11,46,272,45,12,36,197,42,1*76
$GBGSV,2,2,08,13,48,072,44,16,56,067,45,26,35,145,44,34,45,234,46,1*72
$GBGSV,2,1,08,06,62,080,42,08,34,087,43,09,66,113,44,11,46,272,47,B*09
$GBGSV,2,2,08,12,36,197,48,13,48,072,43,14,21,289,44,16,56,067,42,B*02
$GBGSV,2,1,06,10,03,160,,21,46,026,,22,11,070,,44,18,178,,0*72
$GBGSV,2,2,06,45,29,078,,50,51,349,,0*7B
$GQGSV,1,1,02,04,20,076,35,07,19,104,33,1*6C
$GQGSV,1,1,02,04,20,076,35,07,19,104,41,6*6E
$GNGLL,2454.23241,N,06708.27189,E,153521.00,A,D*7E
$GNRMC,153522.00,A,2454.23240,N,06708.27189,E,0.017,,020525,,,F,V*1B
$GNVTG,,T,,M,0.017,N,0.031,K,D*3C
$GNGGA,153522.00,2454.23240,N,06708.27189,E,5,12,0.59,21.8,M,-44.2,M,1.0,0284*72
$GNGSA,A,3,10,27,28,32,01,23,31,08,02,,,,1.18,0.59,1.02,1*01
$GNGSA,A,3,70,73,84,71,80,79,69,85,86,,,,1.18,0.59,1.02,2*06
$GNGSA,A,3,36,15,34,03,08,,,,,,,,1.18,0.59,1.02,3*09
$GNGSA,A,3,14,08,13,12,11,09,16,,,,,,1.18,0.59,1.02,4*01
$GNGSA,A,3,07,04,,,,,,,,,,,1.18,0.59,1.02,5*01
$GPGSV,4,1,13,01,19,320,37,02,46,307,45,08,16,253,37,10,43,070,45,1*65
$GPGSV,4,2,13,23,11,102,37,25,07,085,32,27,15,215,36,28,69,128,47,1*65
$GPGSV,4,3,13,31,49,178,46,32,48,021,47,40,59,208,47,41,56,146,45,1*6A
$GPGSV,4,4,13,42,19,104,44,1*5D
$GPGSV,3,1,09,01,19,320,41,08,16,253,37,10,43,070,43,23,11,102,37,6*6A
$GPGSV,3,2,09,25,07,085,33,27,15,215,38,28,69,128,46,31,49,178,43,6*60
$GPGSV,3,3,09,32,48,021,44,6*54
$GLGSV,3,1,10,69,11,050,44,70,41,345,36,71,25,290,45,73,13,158,39,1*7F
$GLGSV,3,2,10,79,14,049,43,80,28,103,45,84,33,183,35,85,61,259,49,1*71
$GLGSV,3,3,10,86,22,325,44,,,,49,1*4E
$GLGSV,3,1,10,69,11,050,42,70,41,345,08,71,25,290,41,73,13,158,41,3*7D
$GLGSV,3,2,10,79,14,049,37,80,28,103,44,84,33,183,43,85,61,259,45,3*7C
$GLGSV,3,3,10,86,22,325,40,,,,47,3*46
$GAGSV,2,1,06,03,65,304,48,05,39,032,46,08,25,249,43,15,47,319,47,2*7C
$GAGSV,2,2,06,34,76,170,48,36,23,149,43,2*73
$GAGSV,2,1,07,03,65,304,47,05,39,032,42,08,25,249,40,15,47,319,44,7*73
$GAGSV,2,2,07,25,06,131,36,34,76,170,47,36,23,149,40,7*4C
$GAGSV,1,1,02,16,06,108,,24,02,085,,0*77
$GBGSV,2,1,08,06,62,080,45,09,66,113,45,11,46,272,45,12,36,197,42,1*76
$GBGSV,2,2,08,13,48,072,44,16,56,067,45,26,35,145,45,34,45,234,46,1*73
$GBGSV,2,1,08,06,62,080,43,08,34,087,43,09,66,113,45,11,46,272,47,B*09
$GBGSV,2,2,08,12,36,197,48,13,48,072,43,14,21,289,45,16,56,067,43,B*02
$GBGSV,2,1,06,10,03,160,,21,46,026,,22,11,070,,44,18,178,,0*72
$GBGSV,2,2,06,45,29,078,,50,51,349,,0*7B
$GQGSV,1,1,02,04,20,076,36,07,19,104,33,1*6F
$GQGSV,1,1,02,04,20,076,35,07,19,104,41,6*6E
$GNGLL,2454.23240,N,06708.27189,E,153522.00,A,D*7C
$GNRMC,153523.00,A,2454.23240,N,06708.27189,E,0.027,,020525,,,F,V*19
$GNVTG,,T,,M,0.027,N,0.050,K,D*38
$GNGGA,153523.00,2454.23240,N,06708.27189,E,5,12,0.60,21.8,M,-44.2,M,1.0,0284*79
$GNGSA,A,3,10,27,28,32,01,23,31,08,02,,,,1.20,0.60,1.04,1*06
$GNGSA,A,3,73,84,71,80,79,69,85,86,,,,,1.20,0.60,1.04,2*06
$GNGSA,A,3,36,15,34,03,08,,,,,,,,1.20,0.60,1.04,3*0E
$GNGSA,A,3,06,14,08,13,12,11,09,16,,,,,1.20,0.60,1.04,4*00
$GNGSA,A,3,07,04,,,,,,,,,,,1.20,0.60,1.04,5*06
$GPGSV,4,1,13,01,19,320,37,02,46,307,45,08,16,253,37,10,43,070,45,1*65
$GPGSV,4,2,13,23,11,102,37,25,07,085,33,27,15,215,36,28,69,128,47,1*64
$GPGSV,4,3,13,31,49,178,46,32,48,021,47,40,59,208,47,41,56,146,45,1*6A
$GPGSV,4,4,13,42,19,104,44,1*5D
$GPGSV,3,1,09,01,19,320,41,08,16,253,37,10,43,070,43,23,11,102,37,6*6A
$GPGSV,3,2,09,25,07,085,34,27,15,215,38,28,69,128,46,31,49,178,43,6*67
$GPGSV,3,3,09,32,48,021,44,6*54
$GLGSV,3,1,10,69,11,050,44,70,41,345,36,71,25,290,45,73,13,158,39,1*7F
$GLGSV,3,2,10,79,14,049,43,80,28,103,45,84,33,183,35,85,61,259,49,1*71
$GLGSV,3,3,10,86,22,325,44,,,,49,1*4E
$GLGSV,3,1,10,69,11,050,43,70,41,345,09,71,25,290,41,73,13,158,41,3*7D
$GLGSV,3,2,10,79,14,049,37,80,28,103,44,84,33,183,43,85,61,259,45,3*7C
$GLGSV,3,3,10,86,22,325,40,,,,47,3*46
$GAGSV,2,1,06,03,65,304,48,05,39,032,46,08,25,249,43,15,47,319,47,2*7C
$GAGSV,2,2,06,34,76,170,48,36,23,149,43,2*73
$GAGSV,2,1,07,03,65,304,47,05,39,032,42,08,25,249,40,15,47,319,44,7*73
$GAGSV,2,2,07,25,06,131,36,34,76,170,47,36,23,149,40,7*4C
$GAGSV,1,1,02,16,06,108,,24,02,085,,0*77
$GBGSV,2,1,08,06,62,080,45,09,66,113,45,11,46,272,45,12,36,197,42,1*76
$GBGSV,2,2,08,13,48,072,44,16,56,067,45,26,35,145,45,34,45,234,46,1*73
$GBGSV,2,1,08,06,62,080,43,08,34,087,43,09,66,113,45,11,46,272,48,B*06
$GBGSV,2,2,08,12,36,197,48,13,48,072,43,14,21,289,44,16,56,067,43,B*03
$GBGSV,2,1,06,10,03,160,,21,46,026,,22,11,070,,44,18,178,,0*72
$GBGSV,2,2,06,45,29,078,,50,51,349,,0*7B
$GQGSV,1,1,02,04,20,076,36,07,19,104,33,1*6F
$GQGSV,1,1,02,04,20,076,35,07,19,104,41,6*6E
$GNGLL,2454.23240,N,06708.27189,E,153523.00,A,D*7D
$GNRMC,153524.00,A,2454.23240,N,06708.27189,E,0.007,,020525,,,F,V*1C
$GNVTG,,T,,M,0.007,N,0.013,K,D*3D
$GNGGA,153524.00,2454.23240,N,06708.27189,E,5,12,0.59,21.8,M,-44.2,M,1.0,0284*74
$GNGSA,A,3,10,27,28,32,01,23,31,08,02,,,,1.18,0.59,1.02,1*01
$GNGSA,A,3,70,73,84,71,80,79,69,85,86,,,,1.18,0.59,1.02,2*06
$GNGSA,A,3,36,15,34,03,08,,,,,,,,1.18,0.59,1.02,3*09
$GNGSA,A,3,14,08,13,12,11,09,16,,,,,,1.18,0.59,1.02,4*01
$GNGSA,A,3,07,04,,,,,,,,,,,1.18,0.59,1.02,5*01
$GPGSV,4,1,13,01,19,320,37,02,46,307,45,08,16,253,37,10,43,070,45,1*65
$GPGSV,4,2,13,23,11,102,37,25,07,085,33,27,15,215,36,28,69,128,47,1*64
$GPGSV,4,3,13,31,49,178,46,32,48,021,47,40,59,208,47,41,56,146,45,1*6A
$GPGSV,4,4,13,42,19,104,44,1*5D
$GPGSV,3,1,09,01,19,320,41,08,16,253,37,10,43,070,43,23,11,102,37,6*6A
$GPGSV,3,2,09,25,07,085,34,27,15,215,38,28,69,128,46,31,49,178,43,6*67
$GPGSV,3,3,09,32,48,021,44,6*54
$GLGSV,3,1,10,69,11,050,44,70,41,345,36,71,25,290,45,73,13,158,39,1*7F
$GLGSV,3,2,10,79,14,049,43,80,28,103,45,84,33,183,35,85,61,259,49,1*71
$GLGSV,3,3,10,86,22,325,44,,,,49,1*4E
$GLGSV,3,1,10,69,11,050,43,70,41,345,10,71,25,290,41,73,13,158,41,3*75
$GLGSV,3,2,10,79,14,049,38,80,28,103,44,84,33,183,43,85,61,259,45,3*73
$GLGSV,3,3,10,86,22,325,40,,,,47,3*46
$GAGSV,2,1,06,03,65,304,47,05,39,032,45,08,25,249,42,15,47,319,46,2*70
$GAGSV,2,2,06,34,76,170,47,36,23,149,43,2*7C
$GAGSV,2,1,07,03,65,304,47,05,39,032,42,08,25,249,40,15,47,319,44,7*73
$GAGSV,2,2,07,25,06,131,36,34,76,170,47,36,23,149,40,7*4C
$GAGSV,1,1,02,16,06,108,,24,02,085,,0*77
$GBGSV,2,1,08,06,62,080,45,09,66,113,45,11,46,272,45,12,36,197,42,1*76
$GBGSV,2,2,08,13,48,072,44,16,56,067,45,26,35,145,45,34,45,234,46,1*73
$GBGSV,2,1,08,06,62,080,43,08,34,087,43,09,66,113,45,11,46,272,47,B*09
$GBGSV,2,2,08,12,36,197,48,13,48,072,43,14,21,289,44,16,56,067,43,B*03
$GBGSV,2,1,06,10,03,160,,21,46,026,,22,11,070,,44,18,178,,0*72
$GBGSV,2,2,06,45,29,078,,50,51,349,,0*7B
$GQGSV,1,1,02,04,20,076,36,07,19,104,32,1*6E
$GQGSV,1,1,02,04,20,076,35,07,19,104,40,6*6F
$GNGLL,2454.23240,N,06708.27189,E,153524.00,A,D*7A
$GNRMC,153525.00,A,2454.23240,N,06708.27189,E,0.009,,020525,,,F,V*13
$GNVTG,,T,,M,0.009,N,0.016,K,D*36
$GNGGA,153525.00,2454.23240,N,06708.27189,E,5,12,0.59,21.8,M,-44.2,M,1.0,0284*75
$GNGSA,A,3,10,27,28,32,01,23,31,08,02,,,,1.18,0.59,1.02,1*01
$GNGSA,A,3,70,73,84,71,80,79,69,85,86,,,,1.18,0.59,1.02,2*06
$GNGSA,A,3,36,15,34,03,08,,,,,,,,1.18,0.59,1.02,3*09
$GNGSA,A,3,14,08,13,12,11,09,16,,,,,,1.18,0.59,1.02,4*01
$GNGSA,A,3,07,04,,,,,,,,,,,1.18,0.59,1.02,5*01
$GPGSV,4,1,13,01,19,320,37,02,46,307,45,08,16,253,37,10,43,070,45,1*65
$GPGSV,4,2,13,23,11,102,37,25,07,085,33,27,15,215,36,28,69,128,47,1*64
$GPGSV,4,3,13,31,49,178,46,32,48,021,47,40,59,208,47,41,56,146,45,1*6A
$GPGSV,4,4,13,42,19,104,44,1*5D
$GPGSV,3,1,09,01,19,320,42,08,16,253,37,10,43,070,43,23,11,102,37,6*69
$GPGSV,3,2,09,25,07,085,34,27,15,215,38,28,69,128,46,31,49,178,43,6*67
$GPGSV,3,3,09,32,48,021,44,6*54
$GLGSV,3,1,10,69,11,050,44,70,41,345,36,71,25,290,45,73,13,158,39,1*7F
$GLGSV,3,2,10,79,14,049,43,80,28,103,45,84,33,183,36,85,61,259,49,1*72
$GLGSV,3,3,10,86,22,325,44,,,,49,1*4E
$GLGSV,3,1,10,69,11,050,43,70,41,345,10,71,25,290,41,73,13,158,41,3*75
$GLGSV,3,2,10,79,14,049,38,80,28,103,44,84,33,183,43,85,61,259,45,3*73
$GLGSV,3,3,10,86,22,325,40,,,,47,3*46
$GAGSV,2,1,06,03,65,304,47,05,39,032,45,08,25,249,42,15,47,319,46,2*70
$GAGSV,2,2,06,34,76,170,47,36,23,149,43,2*7C
$GAGSV,2,1,07,03,65,304,47,05,39,032,42,08,25,249,40,15,47,319,44,7*73
$GAGSV,2,2,07,25,06,131,36,34,76,170,47,36,23,149,41,7*4D
$GAGSV,1,1,02,16,06,108,,24,02,085,,0*77
$GBGSV,2,1,08,06,62,080,45,09,66,113,45,11,46,272,45,12,36,197,42,1*76
$GBGSV,2,2,08,13,48,072,44,16,56,067,45,26,35,145,45,34,45,234,46,1*73
$GBGSV,2,1,08,06,62,080,43,08,34,087,43,09,66,113,45,11,46,272,47,B*09
$GBGSV,2,2,08,12,36,197,48,13,48,072,44,14,21,289,44,16,56,067,43,B*04
$GBGSV,2,1,06,10,03,160,,21,46,026,,22,11,070,,44,18,178,,0*72
$GBGSV,2,2,06,45,29,078,,50,51,349,,0*7B
$GQGSV,1,1,02,04,20,076,35,07,19,104,32,1*6D
$GQGSV,1,1,02,04,20,076,35,07,19,104,40,6*6F
$GNGLL,2454.23240,N,06708.27189,E,153525.00,A,D*7B
$GNRMC,153526.00,A,2454.23241,N,06708.27190,E,0.000,,020525,,,R,V*04
$GNVTG,,T,,M,0.000,N,0.000,K,D*38
$GNGGA,153526.00,2454.23241,N,06708.27190,E,4,12,0.59,21.8,M,-44.2,M,1.0,0284*7E
$GNGSA,A,3,10,27,28,32,01,23,31,08,02,,,,1.18,0.59,1.02,1*01
$GNGSA,A,3,70,73,84,71,80,79,69,85,86,,,,1.18,0.59,1.02,2*06
$GNGSA,A,3,36,15,34,03,08,,,,,,,,1.18,0.59,1.02,3*09
$GNGSA,A,3,14,08,13,12,11,09,16,,,,,,1.18,0.59,1.02,4*01
$GNGSA,A,3,07,04,,,,,,,,,,,1.18,0.59,1.02,5*01
$GPGSV,4,1,13,01,19,320,37,02,46,307,45,08,16,253,38,10,43,070,45,1*6A
$GPGSV,4,2,13,23,11,102,37,25,07,085,33,27,15,215,36,28,69,128,47,1*64
$GPGSV,4,3,13,31,49,178,46,32,48,021,47,40,59,208,47,41,56,146,45,1*6A
$GPGSV,4,4,13,42,19,104,44,1*5D
$GPGSV,3,1,09,01,19,320,41,08,16,253,37,10,43,070,43,23,11,102,37,6*6A
$GPGSV,3,2,09,25,07,085,34,27,15,215,38,28,69,128,46,31,49,178,43,6*67
$GPGSV,3,3,09,32,48,021,44,6*54
$GLGSV,3,1,10,69,11,050,44,70,41,345,36,71,25,290,45,73,13,158,39,1*7F
$GLGSV,3,2,10,79,14,049,43,80,28,103,45,84,33,183,35,85,61,259,49,1*71
$GLGSV,3,3,10,86,22,325,44,,,,49,1*4E
$GLGSV,3,1,10,69,11,050,43,70,41,345,08,71,25,290,41,73,13,158,41,3*7C
$GLGSV,3,2,10,79,14,049,38,80,28,103,44,84,33,183,43,85,61,259,45,3*73
$GLGSV,3,3,10,86,22,325,40,,,,47,3*46
$GAGSV,2,1,06,03,65,304,47,05,39,032,45,08,25,249,42,15,47,319,46,2*70
$GAGSV,2,2,06,34,76,170,47,36,23,149,43,2*7C
$GAGSV,2,1,07,03,65,304,47,05,39,032,42,08,25,249,40,15,47,319,44,7*73
$GAGSV,2,2,07,25,06,131,36,34,76,170,47,36,23,149,41,7*4D
$GAGSV,1,1,02,16,06,108,,24,02,085,,0*77
$GBGSV,2,1,08,06,62,080,45,09,66,113,45,11,46,272,45,12,36,197,42,1*76
$GBGSV,2,2,08,13,48,072,44,16,56,067,45,26,35,145,45,34,45,234,46,1*73
$GBGSV,2,1,08,06,62,080,43,08,34,087,43,09,66,113,45,11,46,272,47,B*09
$GBGSV,2,2,08,12,36,197,48,13,48,072,43,14,21,289,45,16,56,067,43,B*02
$GBGSV,2,1,06,10,03,160,,21,46,026,,22,11,070,,44,18,178,,0*72
$GBGSV,2,2,06,45,29,078,,50,51,349,,0*7B
$GQGSV,1,1,02,04,20,076,35,07,19,104,32,1*6D
$GQGSV,1,1,02,04,20,076,35,07,19,104,40,6*6F
$GNGLL,2454.23241,N,06708.27190,E,153526.00,A,D*71
$GNRMC,153527.00,A,2454.23241,N,06708.27189,E,0.002,,020525,,,R,V*0F
$GNVTG,,T,,M,0.002,N,0.003,K,D*39
$GNGGA,153527.00,2454.23241,N,06708.27189,E,4,12,0.59,21.8,M,-44.2,M,1.0,0284*77
$GNGSA,A,3,10,27,28,32,01,23,31,08,02,,,,1.18,0.59,1.02,1*01
$GNGSA,A,3,70,73,84,71,80,79,69,85,86,,,,1.18,0.59,1.02,2*06
$GNGSA,A,3,36,15,34,03,08,,,,,,,,1.18,0.59,1.02,3*09
$GNGSA,A,3,14,08,13,12,11,09,16,,,,,,1.18,0.59,1.02,4*01
$GNGSA,A,3,07,04,,,,,,,,,,,1.18,0.59,1.02,5*01
$GPGSV,4,1,13,01,19,320,37,02,46,307,45,08,16,253,38,10,43,070,45,1*6A
$GPGSV,4,2,13,23,11,102,37,25,07,085,32,27,15,215,36,28,69,128,47,1*65
$GPGSV,4,3,13,31,49,178,46,32,48,021,47,40,59,208,47,41,56,146,46,1*69
$GPGSV,4,4,13,42,19,104,44,1*5D
$GPGSV,3,1,09,01,19,320,42,08,16,253,37,10,43,070,43,23,11,102,37,6*69
$GPGSV,3,2,09,25,07,085,34,27,15,215,38,28,69,128,46,31,49,178,43,6*67
$GPGSV,3,3,09,32,48,021,44,6*54
$GLGSV,3,1,10,69,11,050,44,70,41,345,36,71,25,290,45,73,13,158,39,1*7F
$GLGSV,3,2,10,79,14,049,43,80,28,103,45,84,33,183,36,85,61,259,49,1*72
$GLGSV,3,3,10,86,22,325,44,,,,49,1*4E
$GLGSV,3,1,10,69,11,050,43,70,41,345,08,71,25,290,41,73,13,158,41,3*7C
$GLGSV,3,2,10,79,14,049,38,80,28,103,44,84,33,183,43,85,61,259,45,3*73
$GLGSV,3,3,10,86,22,325,40,,,,47,3*46
$GAGSV,2,1,06,03,65,304,47,05,39,032,46,08,25,249,42,15,47,319,46,2*73
$GAGSV,2,2,06,34,76,170,47,36,23,149,43,2*7C
$GAGSV,2,1,07,03,65,304,47,05,39,032,42,08,25,249,40,15,47,319,44,7*73
$GAGSV,2,2,07,25,06,131,36,34,76,170,47,36,23,149,41,7*4D
$GAGSV,1,1,02,16,06,108,,24,02,085,,0*77
$GBGSV,2,1,08,06,62,080,45,09,66,113,45,11,46,272,45,12,36,197,42,1*76
$GBGSV,2,2,08,13,48,072,44,16,56,067,45,26,35,145,45,34,45,234,46,1*73
$GBGSV,2,1,08,06,62,080,43,08,34,087,43,09,66,113,45,11,46,272,47,B*09
$GBGSV,2,2,08,12,36,197,48,13,48,072,43,14,21,289,44,16,56,067,43,B*03
$GBGSV,2,1,06,10,03,160,,21,46,026,,22,11,070,,44,18,178,,0*72
$GBGSV,2,2,06,45,29,078,,50,51,349,,0*7B
$GQGSV,1,1,02,04,20,076,35,07,19,104,33,1*6C
$GQGSV,1,1,02,04,20,076,35,07,19,104,40,6*6F
$GNGLL,2454.23241,N,06708.27189,E,153527.00,A,D*78
$GNRMC,153528.00,A,2454.23240,N,06708.27189,E,0.010,,020525,,,R,V*02
$GNVTG,,T,,M,0.010,N,0.018,K,D*30
$GNGGA,153528.00,2454.23240,N,06708.27189,E,4,12,0.59,21.8,M,-44.2,M,1.0,0284*79
$GNGSA,A,3,10,27,28,32,01,23,31,08,02,,,,1.18,0.59,1.02,1*01
$GNGSA,A,3,70,73,84,71,80,79,69,85,86,,,,1.18,0.59,1.02,2*06
$GNGSA,A,3,36,15,34,03,08,,,,,,,,1.18,0.59,1.02,3*09
$GNGSA,A,3,14,08,13,12,11,09,16,,,,,,1.18,0.59,1.02,4*01
$GNGSA,A,3,07,04,,,,,,,,,,,1.18,0.59,1.02,5*01
$GPGSV,4,1,13,01,19,320,38,02,46,307,45,08,16,253,38,10,43,070,45,1*65
$GPGSV,4,2,13,23,11,102,37,25,07,085,32,27,15,215,36,28,69,128,46,1*64
$GPGSV,4,3,13,31,49,178,46,32,48,021,47,40,59,208,47,41,56,146,45,1*6A
$GPGSV,4,4,13,42,19,104,44,1*5D
$GPGSV,3,1,09,01,19,320,42,08,16,253,37,10,43,070,43,23,11,102,37,6*69
$GPGSV,3,2,09,25,07,085,34,27,15,215,38,28,69,128,46,31,49,178,43,6*67
$GPGSV,3,3,09,32,48,021,44,6*54
$GLGSV,3,1,10,69,11,050,44,70,41,345,36,71,25,290,45,73,13,158,40,1*71
$GLGSV,3,2,10,79,14,049,43,80,28,103,45,84,33,183,36,85,61,259,49,1*72
$GLGSV,3,3,10,86,22,325,44,,,,49,1*4E
$GLGSV,3,1,10,69,11,050,43,70,41,345,08,71,25,290,41,73,13,158,41,3*7C
$GLGSV,3,2,10,79,14,049,38,80,28,103,44,84,33,183,43,85,61,259,45,3*73
$GLGSV,3,3,10,86,22,325,39,,,,47,3*48
$GAGSV,2,1,06,03,65,304,47,05,39,032,45,08,25,249,42,15,47,319,46,2*70
$GAGSV,2,2,06,34,76,170,47,36,23,149,43,2*7C
$GAGSV,2,1,07,03,65,304,47,05,39,032,42,08,25,249,40,15,47,319,44,7*73
$GAGSV,2,2,07,25,06,131,36,34,76,170,47,36,23,149,40,7*4C
$GAGSV,1,1,02,16,06,108,,24,02,085,,0*77
$GBGSV,2,1,08,06,62,080,45,09,66,113,45,11,46,272,45,12,36,197,42,1*76
$GBGSV,2,2,08,13,48,072,44,16,56,067,45,26,35,145,45,34,45,234,46,1*73
$GBGSV,2,1,08,06,62,080,43,08,34,087,43,09,66,113,45,11,46,272,47,B*09
$GBGSV,2,2,08,12,36,197,48,13,48,072,43,14,21,289,44,16,56,067,43,B*03
$GBGSV,2,1,06,10,03,160,,21,46,026,,22,11,070,,44,18,178,,0*72
$GBGSV,2,2,06,45,29,078,,50,51,349,,0*7B
$GQGSV,1,1,02,04,20,076,35,07,19,104,33,1*6C
$GQGSV,1,1,02,04,20,076,35,07,19,104,40,6*6F
$GNGLL,2454.23240,N,06708.27189,E,153528.00,A,D*76
$GNRMC,153529.00,A,2454.23240,N,06708.27189,E,0.006,,020525,,,R,V*04
$GNVTG,,T,,M,0.006,N,0.010,K,D*3F
$GNGGA,153529.00,2454.23240,N,06708.27189,E,4,12,0.59,21.8,M,-44.2,M,1.0,0284*78
$GNGSA,A,3,10,27,28,32,01,23,31,08,02,,,,1.18,0.59,1.02,1*01
$GNGSA,A,3,70,73,84,71,80,79,69,85,86,,,,1.18,0.59,1.02,2*06
$GNGSA,A,3,36,15,34,03,08,,,,,,,,1.18,0.59,1.02,3*09
$GNGSA,A,3,14,08,13,12,11,09,16,,,,,,1.18,0.59,1.02,4*01
$GNGSA,A,3,07,04,,,,,,,,,,,1.18,0.59,1.02,5*01
$GPGSV,4,1,13,01,19,320,37,02,46,307,45,08,16,253,38,10,43,070,45,1*6A
$GPGSV,4,2,13,23,11,102,37,25,07,085,32,27,15,215,36,28,69,128,46,1*64
$GPGSV,4,3,13,31,49,178,46,32,48,021,47,40,59,208,47,41,56,146,45,1*6A
$GPGSV,4,4,13,42,19,104,44,1*5D
$GPGSV,3,1,09,01,19,320,42,08,16,253,37,10,43,070,43,23,11,102,37,6*69
$GPGSV,3,2,09,25,07,085,34,27,15,215,38,28,69,128,46,31,49,178,43,6*67
$GPGSV,3,3,09,32,48,021,43,6*53
$GLGSV,3,1,10,69,11,050,44,70,41,345,36,71,25,290,45,73,13,158,40,1*71
$GLGSV,3,2,10,79,14,049,43,80,28,103,46,84,33,183,36,85,61,259,49,1*71
$GLGSV,3,3,10,86,22,325,44,,,,49,1*4E
$GLGSV,3,1,10,69,11,050,43,70,41,345,10,71,25,290,41,73,13,158,41,3*75
$GLGSV,3,2,10,79,14,049,38,80,28,103,44,84,33,183,43,85,61,259,45,3*73
$GLGSV,3,3,10,86,22,325,40,,,,47,3*46
$GAGSV,2,1,06,03,65,304,47,05,39,032,46,08,25,249,42,15,47,319,46,2*73
$GAGSV,2,2,06,34,76,170,47,36,23,149,43,2*7C
$GAGSV,2,1,07,03,65,304,47,05,39,032,42,08,25,249,40,15,47,319,44,7*73
$GAGSV,2,2,07,25,06,131,36,34,76,170,47,36,23,149,40,7*4C
$GAGSV,1,1,02,16,06,108,,24,02,085,,0*77
$GBGSV,2,1,08,06,62,080,45,09,66,113,45,11,46,272,45,12,36,197,42,1*76
$GBGSV,2,2,08,13,48,072,44,16,56,067,45,26,35,145,45,34,45,234,46,1*73
$GBGSV,2,1,08,06,62,080,42,08,34,087,43,09,66,113,44,11,46,272,47,B*09
$GBGSV,2,2,08,12,36,197,48,13,48,072,43,14,21,289,44,16,56,067,42,B*02
$GBGSV,2,1,06,10,03,160,,21,46,026,,22,11,070,,44,18,178,,0*72
$GBGSV,2,2,06,45,29,078,,50,51,349,,0*7B
$GQGSV,1,1,02,04,20,076,35,07,19,104,32,1*6D
$GQGSV,1,1,02,04,20,076,35,07,19,104,40,6*6F
$GNGLL,2454.23240,N,06708.27189,E,153529.00,A,D*77
$GNRMC,153530.00,A,2454.23241,N,06708.27189,E,0.047,,020525,,,D,V*1E
$GNVTG,,T,,M,0.047,N,0.088,K,D*3B
$GNGGA,153530.00,2454.23241,N,06708.27189,E,2,12,0.59,21.8,M,-44.2,M,1.0,0284*77
$GNGSA,A,3,10,27,28,32,01,23,31,08,02,,,,1.18,0.59,1.02,1*01
$GNGSA,A,3,70,73,84,71,80,79,69,85,86,,,,1.18,0.59,1.02,2*06
$GNGSA,A,3,36,15,34,03,08,,,,,,,,1.18,0.59,1.02,3*09
$GNGSA,A,3,14,08,13,12,11,09,16,,,,,,1.18,0.59,1.02,4*01
$GNGSA,A,3,07,04,,,,,,,,,,,1.18,0.59,1.02,5*01
$GPGSV,4,1,13,01,19,320,37,02,46,307,45,08,16,253,38,10,43,070,45,1*6A
$GPGSV,4,2,13,23,11,102,37,25,07,085,32,27,15,215,36,28,69,128,46,1*64
$GPGSV,4,3,13,31,49,178,46,32,48,021,47,40,59,208,47,41,56,146,45,1*6A
$GPGSV,4,4,13,42,19,104,44,1*5D
$GPGSV,3,1,09,01,19,320,42,08,16,253,37,10,43,070,43,23,11,102,37,6*69
$GPGSV,3,2,09,25,07,085,34,27,15,215,38,28,69,128,46,31,49,178,43,6*67
$GPGSV,3,3,09,32,48,021,43,6*53
$GLGSV,3,1,10,69,11,050,44,70,41,345,36,71,25,290,45,73,13,158,40,1*71
$GLGSV,3,2,10,79,14,049,43,80,28,103,46,84,33,183,36,85,61,259,49,1*71
$GLGSV,3,3,10,86,22,325,44,,,,49,1*4E
$GLGSV,3,1,10,69,11,050,43,70,41,345,10,71,25,290,41,73,13,158,41,3*75
$GLGSV,3,2,10,79,14,049,38,80,28,103,44,84,33,183,43,85,61,259,45,3*73
$GLGSV,3,3,10,86,22,325,40,,,,47,3*46
$GAGSV,2,1,06,03,65,305,47,05,39,032,46,08,25,249,42,15,47,319,46,2*72
$GAGSV,2,2,06,34,76,170,47,36,23,149,43,2*7C
$GAGSV,2,1,07,03,65,305,47,05,39,032,42,08,25,249,40,15,47,319,44,7*72
$GAGSV,2,2,07,25,06,131,36,34,76,170,48,36,23,149,40,7*43
$GAGSV,1,1,02,16,06,108,,24,02,085,,0*77
$GBGSV,2,1,08,06,62,080,45,09,66,113,45,11,46,272,45,12,36,197,42,1*76
$GBGSV,2,2,08,13,48,072,44,16,56,067,45,26,35,145,45,34,45,234,46,1*73
$GBGSV,2,1,08,06,62,080,42,08,34,087,42,09,66,113,44,11,46,272,47,B*08
$GBGSV,2,2,08,12,36,197,48,13,48,072,43,14,21,289,44,16,56,067,42,B*02
$GBGSV,2,1,06,10,03,160,,21,46,026,,22,11,070,,44,18,178,,0*72
$GBGSV,2,2,06,45,29,078,,50,51,349,,0*7B
$GQGSV,1,1,02,04,20,076,36,07,19,104,32,1*6E
$GQGSV,1,1,02,04,20,076,35,07,19,104,40,6*6F
$GNGLL,2454.23241,N,06708.27189,E,153530.00,A,D*7E
$GNRMC,153531.00,A,2454.23241,N,06708.27189,E,0.013,,020525,,,F,V*1C
$GNVTG,,T,,M,0.013,N,0.024,K,D*3C
$GNGGA,153531.00,2454.23241,N,06708.27189,E,5,12,0.60,21.8,M,-44.2,M,2.0,0284*78
$GNGSA,A,3,10,27,28,32,01,23,31,08,02,,,,1.20,0.60,1.04,1*06
$GNGSA,A,3,73,84,71,80,79,69,85,86,,,,,1.20,0.60,1.04,2*06
$GNGSA,A,3,36,15,34,03,08,,,,,,,,1.20,0.60,1.04,3*0E
$GNGSA,A,3,06,14,08,13,12,11,09,16,,,,,1.20,0.60,1.04,4*00
$GNGSA,A,3,07,04,,,,,,,,,,,1.20,0.60,1.04,5*06
$GPGSV,4,1,13,01,19,320,37,02,46,307,45,08,16,253,38,10,43,070,45,1*6A
$GPGSV,4,2,13,23,11,102,37,25,07,085,32,27,15,215,37,28,69,128,46,1*65
$GPGSV,4,3,13,31,49,178,46,32,48,021,47,40,59,208,47,41,56,146,45,1*6A
$GPGSV,4,4,13,42,19,104,44,1*5D
$GPGSV,3,1,09,01,19,320,41,08,16,253,37,10,43,070,43,23,11,102,37,6*6A
$GPGSV,3,2,09,25,07,085,34,27,15,215,38,28,69,128,46,31,49,178,43,6*67
$GPGSV,3,3,09,32,48,021,43,6*53
$GLGSV,3,1,10,69,11,050,44,70,41,345,36,71,25,290,45,73,13,158,40,1*71
$GLGSV,3,2,10,79,14,049,43,80,28,103,46,84,33,183,36,85,61,259,49,1*71
$GLGSV,3,3,10,86,22,325,44,,,,49,1*4E
$GLGSV,3,1,10,69,11,050,43,70,41,345,10,71,25,290,41,73,13,158,41,3*75
$GLGSV,3,2,10,79,14,049,38,80,28,103,44,84,33,183,43,85,61,259,45,3*73
$GLGSV,3,3,10,86,22,325,40,,,,47,3*46
$GAGSV,2,1,06,03,65,305,47,05,39,032,46,08,25,249,42,15,47,319,46,2*72
$GAGSV,2,2,06,34,76,170,47,36,23,149,43,2*7C
$GAGSV,2,1,07,03,65,305,47,05,39,032,43,08,25,249,40,15,47,319,44,7*73
$GAGSV,2,2,07,25,06,131,36,34,76,170,48,36,23,149,41,7*42
$GAGSV,1,1,02,16,06,108,,24,02,085,,0*77
$GBGSV,2,1,08,06,62,080,45,09,66,113,45,11,46,272,45,12,36,197,42,1*76
$GBGSV,2,2,08,13,48,072,44,16,56,067,45,26,35,145,45,34,45,234,46,1*73
$GBGSV,2,1,08,06,62,080,42,08,34,087,43,09,66,113,44,11,46,272,47,B*09
$GBGSV,2,2,08,12,36,197,48,13,48,072,43,14,21,289,44,16,56,067,42,B*02
$GBGSV,2,1,06,10,03,160,,21,46,026,,22,11,070,,44,18,178,,0*72
$GBGSV,2,2,06,45,29,078,,50,51,349,,0*7B
$GQGSV,1,1,02,04,20,076,36,07,19,104,32,1*6E
$GQGSV,1,1,02,04,20,076,35,07,19,104,40,6*6F
$GNGLL,2454.23241,N,06708.27189,E,153531.00,A,D*7F
$GNRMC,153532.00,A,2454.23241,N,06708.27190,E,0.002,,020525,,,R,V*03
$GNVTG,,T,,M,0.002,N,0.003,K,D*39
$GNGGA,153532.00,2454.23241,N,06708.27190,E,4,12,0.59,21.8,M,-44.2,M,1.0,0284*7B
$GNGSA,A,3,10,27,28,32,01,23,31,08,02,,,,1.18,0.59,1.02,1*01
$GNGSA,A,3,70,73,84,71,80,79,69,85,86,,,,1.18,0.59,1.02,2*06
$GNGSA,A,3,36,15,34,03,08,,,,,,,,1.18,0.59,1.02,3*09
$GNGSA,A,3,14,08,13,12,11,09,16,,,,,,1.18,0.59,1.02,4*01
$GNGSA,A,3,07,04,,,,,,,,,,,1.18,0.59,1.02,5*01
$GPGSV,4,1,13,01,19,320,37,02,46,307,45,08,16,253,38,10,43,070,45,1*6A
$GPGSV,4,2,13,23,11,102,37,25,07,085,32,27,15,215,36,28,69,128,47,1*65
$GPGSV,4,3,13,31,49,178,46,32,48,021,47,40,59,208,47,41,56,146,46,1*69
$GPGSV,4,4,13,42,19,104,44,1*5D
$GPGSV,3,1,09,01,19,320,41,08,16,253,37,10,43,070,43,23,11,102,37,6*6A
$GPGSV,3,2,09,25,07,085,34,27,15,215,38,28,69,128,46,31,49,178,43,6*67
$GPGSV,3,3,09,32,48,021,43,6*53
$GLGSV,3,1,10,69,11,050,44,70,41,345,36,71,25,290,45,73,13,158,40,1*71
$GLGSV,3,2,10,79,14,049,42,80,28,103,46,84,33,183,36,85,61,259,50,1*78
$GLGSV,3,3,10,86,22,325,44,,,,49,1*4E
$GLGSV,3,1,10,69,11,050,43,70,41,345,10,71,25,290,41,73,13,158,41,3*75
$GLGSV,3,2,10,79,14,049,38,80,28,103,44,84,33,183,43,85,61,259,45,3*73
$GLGSV,3,3,10,86,22,325,39,,,,47,3*48
$GAGSV,2,1,06,03,65,305,47,05,39,033,46,08,25,249,42,15,47,319,46,2*73
$GAGSV,2,2,06,34,76,170,47,36,23,149,43,2*7C
$GAGSV,2,1,07,03,65,305,47,05,39,033,43,08,25,249,40,15,47,319,44,7*72
$GAGSV,2,2,07,25,06,131,35,34,76,170,48,36,23,149,41,7*41
$GAGSV,1,1,02,16,06,108,,24,02,085,,0*77
$GBGSV,2,1,08,06,62,080,45,09,66,113,45,11,46,272,45,12,36,197,42,1*76
$GBGSV,2,2,08,13,48,072,44,16,56,067,45,26,35,145,45,34,45,234,46,1*73
$GBGSV,2,1,08,06,62,080,42,08,34,087,42,09,66,113,44,11,46,272,47,B*08
$GBGSV,2,2,08,12,36,197,48,13,48,072,43,14,21,289,44,16,56,067,42,B*02
$GBGSV,2,1,06,10,03,160,,21,46,026,,22,11,070,,44,18,178,,0*72
$GBGSV,2,2,06,45,29,078,,50,51,349,,0*7B
$GQGSV,1,1,02,04,20,076,35,07,19,104,32,1*6D
$GQGSV,1,1,02,04,20,076,35,07,19,104,40,6*6F
$GNGLL,2454.23241,N,06708.27190,E,153532.00,A,D*74
$GNRMC,153533.00,A,2454.23242,N,06708.27191,E,0.045,,020525,,,D,V*15
$GNVTG,,T,,M,0.045,N,0.083,K,D*32
$GNGGA,153533.00,2454.23242,N,06708.27191,E,2,12,0.62,21.8,M,-44.2,M,1.0,0284*76
$GNGSA,A,3,10,27,28,32,01,23,31,08,02,,,,1.24,0.62,1.07,1*03
$GNGSA,A,3,73,84,71,80,79,69,85,86,,,,,1.24,0.62,1.07,2*03
$GNGSA,A,3,36,15,34,03,08,,,,,,,,1.24,0.62,1.07,3*0B
$GNGSA,A,3,06,14,08,13,12,11,09,16,,,,,1.24,0.62,1.07,4*05
$GNGSA,A,3,07,04,,,,,,,,,,,1.24,0.62,1.07,5*03
$GPGSV,4,1,13,01,19,320,37,02,46,307,45,08,16,253,38,10,43,070,45,1*6A
$GPGSV,4,2,13,23,11,102,37,25,07,085,33,27,15,215,36,28,69,128,46,1*65
$GPGSV,4,3,13,31,49,178,46,32,48,021,47,40,59,208,47,41,56,146,46,1*69
$GPGSV,4,4,13,42,19,104,44,1*5D
$GPGSV,3,1,09,01,19,320,41,08,16,253,36,10,43,070,43,23,11,102,37,6*6B
$GPGSV,3,2,09,25,07,085,34,27,15,215,39,28,69,128,46,31,49,178,43,6*66
$GPGSV,3,3,09,32,48,021,43,6*53
$GLGSV,3,1,10,69,11,050,44,70,41,345,36,71,25,290,45,73,13,158,40,1*71
$GLGSV,3,2,10,79,14,049,43,80,28,103,46,84,33,183,36,85,61,259,49,1*71
$GLGSV,3,3,10,86,22,325,44,,,,49,1*4E
$GLGSV,3,1,10,69,11,050,43,70,41,345,10,71,25,290,41,73,13,158,41,3*75
$GLGSV,3,2,10,79,14,049,38,80,28,103,44,84,33,183,43,85,61,259,45,3*73
$GLGSV,3,3,10,86,22,325,40,,,,47,3*46
$GAGSV,2,1,06,03,65,305,47,05,39,033,46,08,25,249,42,15,47,319,46,2*73
$GAGSV,2,2,06,34,76,170,47,36,23,149,43,2*7C
$GAGSV,2,1,07,03,65,305,46,05,39,033,43,08,25,249,40,15,47,319,44,7*73
$GAGSV,2,2,07,25,06,131,36,34,76,170,48,36,23,149,41,7*42
$GAGSV,1,1,02,16,06,108,,24,02,085,,0*77
$GBGSV,2,1,08,06,62,080,45,09,66,113,45,11,46,272,45,12,36,197,42,1*76
$GBGSV,2,2,08,13,48,072,44,16,56,067,45,26,35,145,45,34,45,234,46,1*73
$GBGSV,2,1,08,06,62,080,42,08,34,087,42,09,66,113,44,11,46,272,47,B*08
$GBGSV,2,2,08,12,36,197,47,13,48,072,43,14,21,289,44,16,56,067,42,B*0D
$GBGSV,2,1,06,10,03,160,,21,46,026,,22,11,070,,44,18,178,,0*72
$GBGSV,2,2,06,45,29,078,,50,51,349,,0*7B
$GQGSV,1,1,02,04,20,076,35,07,19,104,32,1*6D
$GQGSV,1,1,02,04,20,076,35,07,19,104,40,6*6F
$GNGLL,2454.23242,N,06708.27191,E,153533.00,A,D*77
$GNRMC,153534.00,A,2454.23241,N,06708.27192,E,0.012,,020525,,,R,V*06
$GNVTG,,T,,M,0.012,N,0.022,K,D*3B
$GNGGA,153534.00,2454.23241,N,06708.27192,E,4,12,0.60,21.9,M,-44.2,M,1.0,0284*74
$GNGSA,A,3,10,27,28,32,01,23,31,08,02,,,,1.20,0.60,1.04,1*06
$GNGSA,A,3,73,84,71,80,79,69,85,86,,,,,1.20,0.60,1.04,2*06
$GNGSA,A,3,36,15,34,03,08,,,,,,,,1.20,0.60,1.04,3*0E
$GNGSA,A,3,06,14,08,13,12,11,09,16,,,,,1.20,0.60,1.04,4*00
$GNGSA,A,3,07,04,,,,,,,,,,,1.20,0.60,1.04,5*06
$GPGSV,4,1,13,01,19,320,37,02,46,307,45,08,16,253,38,10,43,070,45,1*6A
$GPGSV,4,2,13,23,11,102,37,25,07,085,32,27,15,215,36,28,69,128,47,1*65
$GPGSV,4,3,13,31,49,178,46,32,48,021,47,40,59,208,47,41,56,146,46,1*69
$GPGSV,4,4,13,42,19,104,44,1*5D
$GPGSV,3,1,09,01,19,320,41,08,16,253,36,10,43,070,43,23,11,102,37,6*6B
$GPGSV,3,2,09,25,07,085,34,27,15,215,39,28,69,128,46,31,49,178,43,6*66
$GPGSV,3,3,09,32,48,021,43,6*53
$GLGSV,3,1,10,69,11,050,44,70,41,345,36,71,25,290,46,73,13,158,40,1*72
$GLGSV,3,2,10,79,14,049,43,80,28,103,46,84,33,183,36,85,61,259,50,1*79
$GLGSV,3,3,10,86,22,325,44,,,,49,1*4E
$GLGSV,3,1,10,69,11,050,43,70,41,345,10,71,25,290,41,73,13,158,41,3*75
$GLGSV,3,2,10,79,14,049,38,80,28,103,44,84,33,183,43,85,61,259,45,3*73
$GLGSV,3,3,10,86,22,325,40,,,,47,3*46
$GAGSV,2,1,06,03,65,305,47,05,39,033,46,08,25,249,42,15,47,319,46,2*73
$GAGSV,2,2,06,34,76,170,47,36,23,149,43,2*7C
$GAGSV,2,1,07,03,65,305,46,05,39,033,43,08,25,249,40,15,47,319,44,7*73
$GAGSV,2,2,07,25,06,131,35,34,76,170,48,36,23,149,41,7*41
$GAGSV,1,1,02,16,06,108,,24,02,085,,0*77
$GBGSV,2,1,08,06,62,080,45,09,66,113,45,11,46,272,45,12,36,197,42,1*76
$GBGSV,2,2,08,13,48,072,44,16,56,067,45,26,35,145,45,34,45,234,46,1*73
$GBGSV,2,1,08,06,62,080,42,08,34,087,42,09,66,113,44,11,46,272,47,B*08
$GBGSV,2,2,08,12,36,197,48,13,48,072,43,14,21,289,44,16,56,067,42,B*02
$GBGSV,2,1,06,10,03,160,,21,46,026,,22,11,070,,44,18,178,,0*72
$GBGSV,2,2,06,45,29,078,,50,51,349,,0*7B
$GQGSV,1,1,02,04,20,076,35,07,19,104,32,1*6D
$GQGSV,1,1,02,04,20,076,35,07,19,104,40,6*6F
$GNGLL,2454.23241,N,06708.27192,E,153534.00,A,D*70
$GNRMC,153535.00,A,2454.23241,N,06708.27190,E,0.011,,020525,,,R,V*06
$GNVTG,,T,,M,0.011,N,0.021,K,D*3B
$GNGGA,153535.00,2454.23241,N,06708.27190,E,4,12,0.60,21.8,M,-44.2,M,1.0,0284*76
$GNGSA,A,3,10,27,28,32,01,23,31,08,02,,,,1.20,0.60,1.04,1*06
$GNGSA,A,3,73,84,71,80,79,69,85,86,,,,,1.20,0.60,1.04,2*06
$GNGSA,A,3,36,15,34,03,08,,,,,,,,1.20,0.60,1.04,3*0E
$GNGSA,A,3,06,14,08,13,12,11,09,16,,,,,1.20,0.60,1.04,4*00
$GNGSA,A,3,07,04,,,,,,,,,,,1.20,0.60,1.04,5*06
$GPGSV,4,1,13,01,19,320,38,02,46,307,45,08,16,253,38,10,43,070,45,1*65
$GPGSV,4,2,13,23,11,102,37,25,07,085,33,27,15,215,36,28,69,128,47,1*64
$GPGSV,4,3,13,31,49,178,46,32,48,021,47,40,59,208,47,41,56,146,46,1*69
$GPGSV,4,4,13,42,19,104,44,1*5D
$GPGSV,3,1,09,01,19,320,41,08,16,253,37,10,43,070,43,23,11,102,37,6*6A
$GPGSV,3,2,09,25,07,085,34,27,15,215,39,28,69,128,46,31,49,178,43,6*66
$GPGSV,3,3,09,32,48,021,43,6*53
$GLGSV,3,1,10,69,11,050,44,70,41,345,36,71,25,290,46,73,13,158,41,1*73
$GLGSV,3,2,10,79,14,049,43,80,28,103,45,84,33,183,36,85,61,259,50,1*7A
$GLGSV,3,3,10,86,22,325,44,,,,49,1*4E
$GLGSV,3,1,10,69,11,050,43,70,41,345,13,71,25,290,41,73,13,158,41,3*76
$GLGSV,3,2,10,79,14,049,38,80,28,103,44,84,33,183,43,85,61,259,45,3*73
$GLGSV,3,3,10,86,22,325,40,,,,47,3*46
$GAGSV,2,1,06,03,65,305,47,05,39,033,46,08,25,250,42,15,47,319,46,2*7B
$GAGSV,2,2,06,34,76,170,47,36,23,149,43,2*7C
$GAGSV,2,1,07,03,65,305,47,05,39,033,43,08,25,250,40,15,47,319,44,7*7A
$GAGSV,2,2,07,25,06,131,36,34,76,170,48,36,23,149,41,7*42
$GAGSV,1,1,02,16,06,108,,24,02,085,,0*77
$GBGSV,2,1,08,06,62,080,45,09,66,113,46,11,46,272,45,12,36,197,42,1*75
$GBGSV,2,2,08,13,48,072,44,16,56,067,45,26,35,145,45,34,45,234,46,1*73
$GBGSV,2,1,08,06,62,080,42,08,34,087,42,09,66,113,44,11,46,272,47,B*08
$GBGSV,2,2,08,12,36,197,48,13,48,072,43,14,21,289,44,16,56,067,42,B*02
$GBGSV,2,1,06,10,03,160,,21,46,026,,22,11,070,,44,18,178,,0*72
$GBGSV,2,2,06,45,29,078,,50,51,349,,0*7B
$GQGSV,1,1,02,04,20,076,35,07,19,104,32,1*6D
$GQGSV,1,1,02,04,20,076,35,07,19,104,40,6*6F
$GNGLL,2454.23241,N,06708.27190,E,153535.00,A,D*73
$GNRMC,153536.00,A,2454.23241,N,06708.27190,E,0.024,,020525,,,R,V*03
$GNVTG,,T,,M,0.024,N,0.044,K,D*3E
$GNGGA,153536.00,2454.23241,N,06708.27190,E,4,12,0.59,21.8,M,-44.2,M,1.0,0284*7F
$GNGSA,A,3,10,27,28,32,01,23,31,08,02,,,,1.18,0.59,1.02,1*01
$GNGSA,A,3,70,73,84,71,80,79,69,85,86,,,,1.18,0.59,1.02,2*06
$GNGSA,A,3,15,34,03,08,,,,,,,,,1.18,0.59,1.02,3*0C
$GNGSA,A,3,06,14,08,13,12,11,09,16,,,,,1.18,0.59,1.02,4*07
$GNGSA,A,3,07,04,,,,,,,,,,,1.18,0.59,1.02,5*01
$GPGSV,4,1,13,01,19,320,38,02,46,307,45,08,16,253,38,10,43,070,45,1*65
$GPGSV,4,2,13,23,11,102,37,25,07,085,33,27,15,215,36,28,69,128,47,1*64
$GPGSV,4,3,13,31,49,178,46,32,48,021,47,40,59,208,47,41,56,146,46,1*69
$GPGSV,4,4,13,42,19,104,44,1*5D
$GPGSV,3,1,09,01,19,320,41,08,16,253,37,10,43,070,43,23,11,102,37,6*6A
$GPGSV,3,2,09,25,07,085,34,27,15,215,38,28,69,128,46,31,49,178,43,6*67
$GPGSV,3,3,09,32,48,021,43,6*53
$GLGSV,3,1,10,69,11,050,45,70,41,345,36,71,25,290,46,73,13,158,41,1*72
$GLGSV,3,2,10,79,14,049,43,80,28,103,45,84,33,183,37,85,61,259,50,1*7B
$GLGSV,3,3,10,86,22,325,44,,,,49,1*4E
$GLGSV,3,1,10,69,11,050,43,70,41,345,13,71,25,290,41,73,13,158,41,3*76
$GLGSV,3,2,10,79,14,049,38,80,28,103,44,84,33,183,43,85,61,259,45,3*73
$GLGSV,3,3,10,86,22,325,40,,,,47,3*46
$GAGSV,2,1,06,03,65,305,47,05,39,033,46,08,25,250,42,15,47,319,46,2*7B
$GAGSV,2,2,06,34,76,170,47,36,23,149,43,2*7C
$GAGSV,2,1,07,03,65,305,46,05,39,033,43,08,25,250,40,15,47,319,44,7*7B
$GAGSV,2,2,07,25,06,131,36,34,76,170,48,36,23,149,41,7*42
$GAGSV,1,1,02,16,06,108,,24,02,085,,0*77
$GBGSV,2,1,08,06,62,080,45,09,66,113,46,11,46,272,45,12,36,197,42,1*75
$GBGSV,2,2,08,13,48,072,44,16,56,067,45,26,35,145,45,34,45,234,46,1*73
$GBGSV,2,1,08,06,62,080,42,08,34,087,43,09,66,113,44,11,46,272,47,B*09
$GBGSV,2,2,08,12,36,197,48,13,48,072,43,14,21,289,44,16,56,067,42,B*02
$GBGSV,2,1,06,10,03,160,,21,46,026,,22,11,070,,44,18,178,,0*72
$GBGSV,2,2,06,45,29,078,,50,51,349,,0*7B
$GQGSV,1,1,02,04,20,076,35,07,19,104,32,1*6D
$GQGSV,1,1,02,04,20,076,35,07,19,104,40,6*6F
$GNGLL,2454.23241,N,06708.27190,E,153536.00,A,D*70
$GNRMC,153537.00,A,2454.23241,N,06708.27191,E,0.007,,020525,,,R,V*02
$GNVTG,,T,,M,0.007,N,0.013,K,D*3D
$GNGGA,153537.00,2454.23241,N,06708.27191,E,4,12,0.59,21.8,M,-44.2,M,1.0,0284*7F
$GNGSA,A,3,10,27,28,32,01,23,31,08,02,,,,1.18,0.59,1.02,1*01
$GNGSA,A,3,70,73,84,71,80,79,69,85,86,,,,1.18,0.59,1.02,2*06
$GNGSA,A,3,15,34,03,08,,,,,,,,,1.18,0.59,1.02,3*0C
$GNGSA,A,3,06,14,08,13,12,11,09,16,,,,,1.18,0.59,1.02,4*07
$GNGSA,A,3,07,04,,,,,,,,,,,1.18,0.59,1.02,5*01
$GPGSV,4,1,13,01,19,320,38,02,46,307,45,08,16,253,38,10,43,070,45,1*65
$GPGSV,4,2,13,23,11,102,37,25,07,085,33,27,15,215,36,28,69,128,47,1*64
$GPGSV,4,3,13,31,49,178,46,32,48,021,47,40,59,208,47,41,56,146,46,1*69
$GPGSV,4,4,13,42,19,104,44,1*5D
$GPGSV,3,1,09,01,19,320,41,08,16,253,37,10,43,070,43,23,11,102,37,6*6A
$GPGSV,3,2,09,25,07,085,34,27,15,215,39,28,69,128,46,31,49,178,43,6*66
$GPGSV,3,3,09,32,48,021,44,6*54
$GLGSV,3,1,10,69,11,050,45,70,41,345,36,71,25,290,45,73,13,158,41,1*71
$GLGSV,3,2,10,79,14,049,43,80,28,103,45,84,33,183,37,85,61,259,50,1*7B
$GLGSV,3,3,10,86,22,325,44,,,,49,1*4E
$GLGSV,3,1,10,69,11,050,43,70,41,345,10,71,25,290,41,73,13,158,41,3*75
$GLGSV,3,2,10,79,14,049,38,80,28,103,45,84,33,183,43,85,61,259,45,3*72
$GLGSV,3,3,10,86,22,325,40,,,,47,3*46
$GAGSV,2,1,06,03,65,305,47,05,39,033,46,08,25,250,42,15,47,319,46,2*7B
$GAGSV,2,2,06,34,76,170,47,36,23,149,43,2*7C
$GAGSV,2,1,07,03,65,305,47,05,39,033,43,08,25,250,40,15,47,319,44,7*7A
$GAGSV,2,2,07,25,06,131,35,34,76,170,48,36,23,149,41,7*41
$GAGSV,1,1,02,16,06,108,,24,02,085,,0*77
$GBGSV,2,1,08,06,62,080,45,09,66,113,45,11,46,272,45,12,36,197,42,1*76
$GBGSV,2,2,08,13,48,072,44,16,56,067,45,26,35,145,45,34,45,234,46,1*73
$GBGSV,2,1,08,06,62,080,42,08,34,087,43,09,66,113,44,11,46,272,47,B*09
$GBGSV,2,2,08,12,36,197,48,13,48,072,43,14,21,289,44,16,56,067,42,B*02
$GBGSV,2,1,06,10,03,160,,21,46,026,,22,11,070,,44,18,178,,0*72
$GBGSV,2,2,06,45,29,078,,50,51,349,,0*7B
$GQGSV,1,1,02,04,20,076,35,07,19,104,32,1*6D
$GQGSV,1,1,02,04,20,076,35,07,19,104,41,6*6E
$GNGLL,2454.23241,N,06708.27191,E,153537.00,A,D*70
$GNRMC,153538.00,A,2454.23241,N,06708.27191,E,0.006,,020525,,,R,V*0C
$GNVTG,,T,,M,0.006,N,0.010,K,D*3F
$GNGGA,153538.00,2454.23241,N,06708.27191,E,4,12,0.59,21.8,M,-44.2,M,1.0,0284*70
$GNGSA,A,3,10,27,28,32,01,23,31,08,02,,,,1.18,0.59,1.02,1*01
$GNGSA,A,3,70,73,84,71,80,79,69,85,86,,,,1.18,0.59,1.02,2*06
$GNGSA,A,3,15,34,03,08,,,,,,,,,1.18,0.59,1.02,3*0C
$GNGSA,A,3,06,14,08,13,12,11,09,16,,,,,1.18,0.59,1.02,4*07
$GNGSA,A,3,07,04,,,,,,,,,,,1.18,0.59,1.02,5*01
$GPGSV,4,1,13,01,19,320,38,02,46,307,45,08,16,253,38,10,43,070,45,1*65
$GPGSV,4,2,13,23,11,102,37,25,07,085,33,27,15,215,36,28,69,128,47,1*64
$GPGSV,4,3,13,31,49,178,46,32,48,021,47,40,59,208,47,41,56,146,46,1*69
$GPGSV,4,4,13,42,19,104,44,1*5D
$GPGSV,3,1,09,01,19,320,41,08,16,253,37,10,43,070,43,23,11,102,37,6*6A
$GPGSV,3,2,09,25,07,085,34,27,15,215,39,28,69,128,46,31,49,178,43,6*66
$GPGSV,3,3,09,32,48,021,43,6*53
$GLGSV,3,1,10,69,11,050,45,70,41,345,36,71,25,290,46,73,13,158,41,1*72
$GLGSV,3,2,10,79,14,049,43,80,28,103,45,84,33,183,37,85,61,259,50,1*7B
$GLGSV,3,3,10,86,22,325,44,,,,49,1*4E
$GLGSV,3,1,10,69,11,050,43,70,41,345,02,71,25,290,41,73,13,158,41,3*76
$GLGSV,3,2,10,79,14,049,38,80,28,103,45,84,33,183,43,85,61,259,45,3*72
$GLGSV,3,3,10,86,22,325,40,,,,47,3*46
$GAGSV,2,1,06,03,65,305,47,05,39,033,46,08,25,250,42,15,47,319,46,2*7B
$GAGSV,2,2,06,34,76,170,47,36,23,149,43,2*7C
$GAGSV,2,1,07,03,65,305,46,05,39,033,43,08,25,250,40,15,47,319,44,7*7B
$GAGSV,2,2,07,25,06,131,35,34,76,170,48,36,23,149,41,7*41
$GAGSV,1,1,02,16,06,108,,24,02,085,,0*77
$GBGSV,2,1,08,06,62,080,45,09,66,113,45,11,46,272,45,12,36,197,41,1*75
$GBGSV,2,2,08,13,48,072,44,16,56,067,45,26,35,145,45,34,45,234,46,1*73
$GBGSV,2,1,08,06,62,080,42,08,34,087,43,09,66,113,44,11,46,272,47,B*09
$GBGSV,2,2,08,12,36,197,48,13,48,072,43,14,21,289,44,16,56,067,42,B*02
$GBGSV,2,1,06,10,03,160,,21,46,026,,22,11,070,,44,18,178,,0*72
$GBGSV,2,2,06,45,29,078,,50,51,349,,0*7B
$GQGSV,1,1,02,04,20,076,35,07,19,104,32,1*6D
$GQGSV,1,1,02,04,20,076,35,07,19,104,40,6*6F
$GNGLL,2454.23241,N,06708.27191,E,153538.00,A,D*7F
$GNRMC,153539.00,A,2454.23241,N,06708.27191,E,0.006,,020525,,,R,V*0D
$GNVTG,,T,,M,0.006,N,0.011,K,D*3E
$GNGGA,153539.00,2454.23241,N,06708.27191,E,4,12,0.59,21.8,M,-44.2,M,1.0,0284*71
$GNGSA,A,3,10,27,28,32,01,23,31,08,02,,,,1.18,0.59,1.02,1*01
$GNGSA,A,3,70,73,84,71,80,79,69,85,86,,,,1.18,0.59,1.02,2*06
$GNGSA,A,3,15,34,03,08,,,,,,,,,1.18,0.59,1.02,3*0C
$GNGSA,A,3,06,14,08,13,12,11,09,16,,,,,1.18,0.59,1.02,4*07
$GNGSA,A,3,07,04,,,,,,,,,,,1.18,0.59,1.02,5*01
$GPGSV,4,1,13,01,19,320,37,02,46,307,45,08,16,253,38,10,43,070,45,1*6A
$GPGSV,4,2,13,23,11,102,37,25,07,085,33,27,15,215,36,28,69,128,47,1*64
$GPGSV,4,3,13,31,49,178,46,32,48,021,47,40,59,208,47,41,56,146,46,1*69
$GPGSV,4,4,13,42,19,104,44,1*5D
$GPGSV,3,1,09,01,19,320,42,08,16,253,37,10,43,070,43,23,11,102,37,6*69
$GPGSV,3,2,09,25,07,085,34,27,15,215,38,28,69,128,46,31,49,178,43,6*67
$GPGSV,3,3,09,32,48,021,43,6*53
$GLGSV,3,1,09,69,11,050,45,70,41,345,36,71,25,290,46,73,13,158,42,1*79
$GLGSV,3,2,09,79,14,049,42,80,28,103,45,84,33,183,37,85,61,259,50,1*72
$GLGSV,3,3,09,86,22,325,44,1*4B
$GLGSV,3,1,09,69,11,050,43,70,41,345,05,71,25,290,41,73,13,158,41,3*79
$GLGSV,3,2,09,79,14,049,38,80,28,103,44,84,33,183,43,85,61,259,45,3*7B
$GLGSV,3,3,09,86,22,325,40,3*4D
$GAGSV,2,1,06,03,65,305,47,05,39,033,46,08,25,250,42,15,47,319,46,2*7B
$GAGSV,2,2,06,34,76,170,47,36,23,149,43,2*7C
$GAGSV,2,1,07,03,65,305,47,05,39,033,43,08,25,250,40,15,47,319,44,7*7A
$GAGSV,2,2,07,25,06,131,35,34,76,170,48,36,23,149,41,7*41
$GAGSV,1,1,02,16,06,108,,24,02,085,,0*77
$GBGSV,2,1,08,06,62,080,45,09,66,113,45,11,46,272,45,12,36,197,41,1*75
$GBGSV,2,2,08,13,48,072,44,16,56,067,45,26,35,145,45,34,45,234,46,1*73
$GBGSV,2,1,08,06,62,080,42,08,34,087,43,09,66,113,44,11,46,272,47,B*09
$GBGSV,2,2,08,12,36,197,48,13,48,072,43,14,21,289,44,16,56,067,42,B*02
$GBGSV,2,1,06,10,03,160,,21,46,026,,22,11,070,,44,18,178,,0*72
$GBGSV,2,2,06,45,29,078,,50,51,349,,0*7B
$GQGSV,1,1,02,04,20,076,35,07,19,104,32,1*6D
$GQGSV,1,1,02,04,20,076,35,07,19,104,40,6*6F
$GNGLL,2454.23241,N,06708.27191,E,153539.00,A,D*7E
$GNRMC,153540.00,A,2454.23241,N,06708.27191,E,0.008,,020525,,,R,V*0D
$GNVTG,,T,,M,0.008,N,0.015,K,D*34
$GNGGA,153540.00,2454.23241,N,06708.27191,E,4,12,0.59,21.9,M,-44.2,M,1.0,0284*7E
$GNGSA,A,3,10,27,28,32,01,23,31,08,02,,,,1.18,0.59,1.02,1*01
$GNGSA,A,3,70,73,84,71,80,79,69,85,86,,,,1.18,0.59,1.02,2*06
$GNGSA,A,3,15,34,03,08,,,,,,,,,1.18,0.59,1.02,3*0C
$GNGSA,A,3,06,14,08,13,12,11,09,16,,,,,1.18,0.59,1.02,4*07
$GNGSA,A,3,07,04,,,,,,,,,,,1.18,0.59,1.02,5*01
$GPGSV,4,1,13,01,19,320,38,02,46,307,45,08,16,253,38,10,43,070,45,1*65
$GPGSV,4,2,13,23,11,102,37,25,07,085,32,27,15,215,36,28,69,128,47,1*65
$GPGSV,4,3,13,31,49,178,46,32,48,021,47,40,59,208,47,41,56,146,46,1*69
$GPGSV,4,4,13,42,19,104,44,1*5D
$GPGSV,3,1,09,01,19,320,42,08,16,253,37,10,43,070,43,23,11,102,37,6*69
$GPGSV,3,2,09,25,07,085,34,27,15,215,38,28,69,128,46,31,49,178,43,6*67
$GPGSV,3,3,09,32,48,021,43,6*53
$GLGSV,3,1,10,69,11,050,45,70,41,345,36,71,25,290,46,73,13,158,42,1*71
$GLGSV,3,2,10,79,14,049,42,80,28,103,45,84,33,183,37,85,61,259,50,1*7A
$GLGSV,3,3,10,86,22,325,44,,,,49,1*4E
$GLGSV,3,1,10,69,11,050,44,70,41,345,08,71,25,290,41,73,13,158,41,3*7B
$GLGSV,3,2,10,79,14,049,38,80,28,103,44,84,33,183,43,85,61,259,45,3*73
$GLGSV,3,3,10,86,22,325,40,,,,47,3*46
$GAGSV,2,1,06,03,65,305,47,05,39,033,46,08,25,250,42,15,47,319,46,2*7B
$GAGSV,2,2,06,34,76,170,47,36,23,149,43,2*7C
$GAGSV,2,1,07,03,65,305,46,05,39,033,43,08,25,250,40,15,47,319,44,7*7B
$GAGSV,2,2,07,25,06,131,36,34,76,170,48,36,23,149,41,7*42
$GAGSV,1,1,02,16,06,108,,24,02,085,,0*77
$GBGSV,2,1,08,06,62,080,45,09,66,113,45,11,46,272,45,12,36,197,42,1*76
$GBGSV,2,2,08,13,48,072,44,16,56,067,45,26,35,145,45,34,45,234,46,1*73
$GBGSV,2,1,08,06,62,080,43,08,34,087,43,09,66,113,44,11,46,272,47,B*08
$GBGSV,2,2,08,12,36,197,48,13,48,072,43,14,21,289,44,16,56,067,42,B*02
$GBGSV,2,1,06,10,03,160,,21,46,026,,22,11,070,,44,18,178,,0*72
$GBGSV,2,2,06,45,29,078,,50,51,349,,0*7B
$GQGSV,1,1,02,04,20,076,35,07,19,104,32,1*6D
$GQGSV,1,1,02,04,20,076,35,07,19,104,40,6*6F
$GNGLL,2454.23241,N,06708.27191,E,153540.00,A,D*70
$GNRMC,153541.00,A,2454.23241,N,06708.27191,E,0.003,,020525,,,R,V*07
$GNVTG,,T,,M,0.003,N,0.006,K,D*3D
$GNGGA,153541.00,2454.23241,N,06708.27191,E,4,12,0.59,21.9,M,-44.2,M,1.0,0284*7F
$GNGSA,A,3,10,27,28,32,01,23,31,08,02,,,,1.18,0.59,1.02,1*01
$GNGSA,A,3,70,73,84,71,80,79,69,85,86,,,,1.18,0.59,1.02,2*06
$GNGSA,A,3,15,34,03,08,,,,,,,,,1.18,0.59,1.02,3*0C
$GNGSA,A,3,06,14,08,13,12,11,09,16,,,,,1.18,0.59,1.02,4*07
$GNGSA,A,3,07,04,,,,,,,,,,,1.18,0.59,1.02,5*01
$GPGSV,4,1,13,01,19,320,38,02,46,307,45,08,16,253,38,10,43,070,45,1*65
$GPGSV,4,2,13,23,11,102,37,25,07,085,32,27,15,215,36,28,69,128,47,1*65
$GPGSV,4,3,13,31,49,178,46,32,48,021,47,40,59,208,47,41,56,146,45,1*6A
$GPGSV,4,4,13,42,19,104,44,1*5D
$GPGSV,3,1,09,01,19,320,42,08,16,253,37,10,43,070,43,23,11,102,38,6*66
$GPGSV,3,2,09,25,07,085,34,27,15,215,39,28,69,128,46,31,49,178,43,6*66
$GPGSV,3,3,09,32,48,021,43,6*53
$GLGSV,3,1,10,69,11,050,45,70,41,345,35,71,25,290,46,73,13,158,42,1*72
$GLGSV,3,2,10,79,14,049,42,80,28,103,45,84,33,183,37,85,61,259,50,1*7A
$GLGSV,3,3,10,86,22,325,44,,,,49,1*4E
$GLGSV,3,1,10,69,11,050,44,70,41,345,08,71,25,290,41,73,13,158,41,3*7B
$GLGSV,3,2,10,79,14,049,38,80,28,103,45,84,33,183,43,85,61,259,45,3*72
$GLGSV,3,3,10,86,22,325,40,,,,47,3*46
$GAGSV,2,1,06,03,65,305,47,05,39,033,46,08,25,250,42,15,47,319,46,2*7B
$GAGSV,2,2,06,34,76,170,47,36,23,149,43,2*7C
$GAGSV,2,1,07,03,65,305,46,05,39,033,43,08,25,250,40,15,47,319,44,7*7B
$GAGSV,2,2,07,25,06,131,36,34,76,170,48,36,23,149,41,7*42
$GAGSV,1,1,02,16,06,108,,24,02,085,,0*77
$GBGSV,2,1,08,06,62,080,45,09,66,113,46,11,46,272,45,12,36,197,41,1*76
$GBGSV,2,2,08,13,48,072,44,16,56,067,45,26,35,145,45,34,45,234,46,1*73
$GBGSV,2,1,08,06,62,080,42,08,34,087,43,09,66,113,44,11,46,272,47,B*09
$GBGSV,2,2,08,12,36,197,48,13,48,072,43,14,21,289,44,16,56,067,42,B*02
$GBGSV,2,1,06,10,03,160,,21,46,026,,22,11,070,,44,18,178,,0*72
$GBGSV,2,2,06,45,29,078,,50,51,349,,0*7B
$GQGSV,1,1,02,04,20,076,35,07,19,104,32,1*6D
$GQGSV,1,1,02,04,20,076,35,07,19,104,40,6*6F
$GNGLL,2454.23241,N,06708.27191,E,153541.00,A,D*71
$GNRMC,153542.00,A,2454.23241,N,06708.27191,E,0.004,,020525,,,R,V*03
$GNVTG,,T,,M,0.004,N,0.007,K,D*3B
$GNGGA,153542.00,2454.23241,N,06708.27191,E,4,12,0.59,21.9,M,-44.2,M,1.0,0284*7C
$GNGSA,A,3,10,27,28,32,01,23,31,08,02,,,,1.18,0.59,1.02,1*01
$GNGSA,A,3,70,73,84,71,80,79,69,85,86,,,,1.18,0.59,1.02,2*06
$GNGSA,A,3,15,34,03,08,,,,,,,,,1.18,0.59,1.02,3*0C
$GNGSA,A,3,06,14,08,13,12,11,09,16,,,,,1.18,0.59,1.02,4*07
$GNGSA,A,3,07,04,,,,,,,,,,,1.18,0.59,1.02,5*01
$GPGSV,4,1,13,01,19,320,38,02,46,307,45,08,16,253,38,10,43,070,45,1*65
$GPGSV,4,2,13,23,11,102,37,25,07,085,32,27,15,215,37,28,69,128,47,1*64
$GPGSV,4,3,13,31,49,178,46,32,48,021,47,40,59,208,47,41,56,146,45,1*6A
$GPGSV,4,4,13,42,19,104,44,1*5D
$GPGSV,3,1,09,01,19,320,41,08,16,253,37,10,43,070,43,23,11,102,38,6*65
$GPGSV,3,2,09,25,07,085,34,27,15,215,39,28,69,128,46,31,49,178,43,6*66
$GPGSV,3,3,09,32,48,021,43,6*53
$GLGSV,3,1,10,69,11,050,45,70,41,345,36,71,25,290,46,73,13,158,42,1*71
$GLGSV,3,2,10,79,14,049,42,80,28,103,46,84,33,183,37,85,61,259,50,1*79
$GLGSV,3,3,10,86,22,325,43,,,,49,1*49
$GLGSV,3,1,10,69,11,050,44,70,41,345,08,71,25,290,41,73,13,158,41,3*7B
$GLGSV,3,2,10,79,14,049,38,80,28,103,45,84,33,183,43,85,61,259,45,3*72
$GLGSV,3,3,10,86,22,325,40,,,,47,3*46
$GAGSV,2,1,06,03,65,305,47,05,39,033,46,08,25,250,42,15,47,319,46,2*7B
$GAGSV,2,2,06,34,76,170,47,36,23,149,43,2*7C
$GAGSV,2,1,07,03,65,305,46,05,39,033,42,08,25,250,40,15,47,319,44,7*7A
$GAGSV,2,2,07,25,06,131,36,34,76,170,48,36,23,149,41,7*42
$GAGSV,1,1,02,16,06,108,,24,02,085,,0*77
$GBGSV,2,1,08,06,62,080,45,09,66,113,45,11,46,272,45,12,36,197,41,1*75
$GBGSV,2,2,08,13,48,072,44,16,56,067,45,26,35,145,45,34,45,234,46,1*73
$GBGSV,2,1,08,06,62,080,42,08,34,087,43,09,66,113,44,11,46,272,47,B*09
$GBGSV,2,2,08,12,36,197,48,13,48,072,43,14,21,289,44,16,56,067,42,B*02
$GBGSV,2,1,06,10,03,160,,21,46,026,,22,11,070,,44,18,178,,0*72
$GBGSV,2,2,06,45,29,078,,50,51,349,,0*7B
$GQGSV,1,1,02,04,20,076,35,07,19,104,33,1*6C
$GQGSV,1,1,02,04,20,076,35,07,19,104,40,6*6F
$GNGLL,2454.23241,N,06708.27191,E,153542.00,A,D*72
$GNRMC,153543.00,A,2454.23241,N,06708.27191,E,0.006,,020525,,,R,V*00
$GNVTG,,T,,M,0.006,N,0.010,K,D*3F
$GNGGA,153543.00,2454.23241,N,06708.27191,E,4,12,0.59,21.9,M,-44.2,M,1.0,0284*7D
$GNGSA,A,3,10,27,28,32,01,23,31,08,02,,,,1.18,0.59,1.02,1*01
$GNGSA,A,3,70,73,84,71,80,79,69,85,86,,,,1.18,0.59,1.02,2*06
$GNGSA,A,3,15,34,03,08,,,,,,,,,1.18,0.59,1.02,3*0C
$GNGSA,A,3,06,14,08,13,12,11,09,16,,,,,1.18,0.59,1.02,4*07
$GNGSA,A,3,07,04,,,,,,,,,,,1.18,0.59,1.02,5*01
$GPGSV,4,1,13,01,19,320,38,02,46,307,45,08,16,253,38,10,43,070,45,1*65
$GPGSV,4,2,13,23,11,102,37,25,07,085,32,27,15,215,37,28,69,128,47,1*64
$GPGSV,4,3,13,31,49,178,46,32,48,021,47,40,59,208,47,41,56,146,45,1*6A
$GPGSV,4,4,13,42,19,104,44,1*5D
$GPGSV,3,1,09,01,19,320,41,08,16,253,37,10,43,070,43,23,11,102,38,6*65
$GPGSV,3,2,09,25,07,085,34,27,15,215,39,28,69,128,46,31,49,178,43,6*66
$GPGSV,3,3,09,32,48,021,44,6*54
$GLGSV,3,1,10,69,11,050,45,70,41,345,35,71,25,290,46,73,13,158,42,1*72
$GLGSV,3,2,10,79,14,049,42,80,28,103,46,84,33,183,37,85,61,259,50,1*79
$GLGSV,3,3,10,86,22,325,43,,,,49,1*49
$GLGSV,3,1,10,69,11,050,44,70,41,345,10,71,25,290,41,73,13,158,41,3*72
$GLGSV,3,2,10,79,14,049,38,80,28,103,45,84,33,183,43,85,61,259,45,3*72
$GLGSV,3,3,10,86,22,325,40,,,,47,3*46
$GAGSV,2,1,06,03,65,305,47,05,39,033,46,08,25,250,42,15,47,319,46,2*7B
$GAGSV,2,2,06,34,76,170,47,36,23,149,43,2*7C
$GAGSV,2,1,07,03,65,305,46,05,39,033,42,08,25,250,40,15,47,319,44,7*7A
$GAGSV,2,2,07,25,06,131,36,34,76,170,48,36,23,149,41,7*42
$GAGSV,1,1,02,16,06,108,,24,02,085,,0*77
$GBGSV,2,1,08,06,62,080,45,09,66,113,46,11,46,272,45,12,36,197,42,1*75
$GBGSV,2,2,08,13,48,072,45,16,56,067,45,26,35,145,45,34,45,234,46,1*72
$GBGSV,2,1,08,06,62,080,43,08,34,087,43,09,66,113,44,11,46,272,47,B*08
$GBGSV,2,2,08,12,36,197,48,13,48,072,43,14,21,289,44,16,56,067,42,B*02
$GBGSV,2,1,06,10,03,160,,21,46,026,,22,11,070,,44,18,178,,0*72
$GBGSV,2,2,06,45,29,078,,50,51,349,,0*7B
$GQGSV,1,1,02,04,20,076,35,07,19,104,33,1*6C
$GQGSV,1,1,02,04,20,076,35,07,19,104,40,6*6F
$GNGLL,2454.23241,N,06708.27191,E,153543.00,A,D*73
$GNRMC,153544.00,A,2454.23241,N,06708.27191,E,0.011,,020525,,,R,V*01
$GNVTG,,T,,M,0.011,N,0.021,K,D*3B
$GNGGA,153544.00,2454.23241,N,06708.27191,E,4,12,0.59,21.9,M,-44.2,M,1.0,0284*7A
$GNGSA,A,3,10,27,28,32,01,23,31,08,02,,,,1.18,0.59,1.02,1*01
$GNGSA,A,3,70,73,84,71,80,79,69,85,86,,,,1.18,0.59,1.02,2*06
$GNGSA,A,3,15,34,03,08,,,,,,,,,1.18,0.59,1.02,3*0C
$GNGSA,A,3,06,14,08,13,12,11,09,16,,,,,1.18,0.59,1.02,4*07
$GNGSA,A,3,07,04,,,,,,,,,,,1.18,0.59,1.02,5*01
$GPGSV,4,1,13,01,19,320,38,02,46,307,45,08,16,253,38,10,43,070,45,1*65
$GPGSV,4,2,13,23,11,102,37,25,07,085,32,27,15,215,37,28,69,128,46,1*65
$GPGSV,4,3,13,31,49,178,46,32,48,021,47,40,59,208,47,41,56,146,45,1*6A
$GPGSV,4,4,13,42,19,104,44,1*5D
$GPGSV,3,1,09,01,19,320,42,08,16,253,37,10,43,070,43,23,11,102,38,6*66
$GPGSV,3,2,09,25,07,085,34,27,15,215,39,28,69,128,46,31,49,178,43,6*66
$GPGSV,3,3,09,32,48,021,43,6*53
$GLGSV,3,1,10,69,11,050,45,70,41,345,35,71,25,290,46,73,13,158,42,1*72
$GLGSV,3,2,10,79,14,049,42,80,28,103,46,84,33,183,37,85,61,259,49,1*71
$GLGSV,3,3,10,86,22,325,43,,,,49,1*49
$GLGSV,3,1,10,69,11,050,44,70,41,345,11,71,25,290,41,73,13,158,41,3*73
$GLGSV,3,2,10,79,14,049,38,80,28,103,45,84,33,183,43,85,61,259,45,3*72
$GLGSV,3,3,10,86,22,325,40,,,,47,3*46
$GAGSV,2,1,06,03,65,305,47,05,39,033,46,08,25,250,42,15,47,319,46,2*7B
$GAGSV,2,2,06,34,76,170,47,36,23,149,43,2*7C
$GAGSV,2,1,07,03,65,305,46,05,39,033,42,08,25,250,40,15,47,319,44,7*7A
$GAGSV,2,2,07,25,06,131,36,34,76,170,48,36,23,149,41,7*42
$GAGSV,1,1,02,16,06,108,,24,02,085,,0*77
$GBGSV,2,1,08,06,62,080,45,09,66,113,46,11,46,272,45,12,36,197,42,1*75
$GBGSV,2,2,08,13,48,072,44,16,56,067,45,26,35,145,45,34,45,234,46,1*73
$GBGSV,2,1,08,06,62,080,43,08,34,087,43,09,66,113,44,11,46,272,47,B*08
$GBGSV,2,2,08,12,36,197,48,13,48,072,43,14,21,289,44,16,56,067,42,B*02
$GBGSV,2,1,06,10,03,160,,21,46,026,,22,11,070,,44,18,178,,0*72
$GBGSV,2,2,06,45,29,078,,50,51,349,,0*7B
$GQGSV,1,1,02,04,20,076,35,07,19,104,32,1*6D
$GQGSV,1,1,02,04,20,076,35,07,19,104,40,6*6F
$GNGLL,2454.23241,N,06708.27191,E,153544.00,A,D*74
$GNRMC,153545.00,A,2454.23235,N,06708.27190,E,0.297,190.33,020525,,,D,V*0E
$GNVTG,190.33,T,,M,0.297,N,0.550,K,D*22
$GNGGA,153545.00,2454.23235,N,06708.27190,E,2,12,0.64,21.7,M,-44.2,M,1.0,0284*7F
$GNGSA,A,3,10,28,32,01,23,27,31,08,02,,,,1.28,0.64,1.11,1*0E
$GNGSA,A,3,70,73,84,71,80,69,85,86,,,,,1.28,0.64,1.11,2*07
$GNGSA,A,3,05,15,36,08,,,,,,,,,1.28,0.64,1.11,3*07
$GNGSA,A,3,06,14,08,26,13,12,11,09,16,,,,1.28,0.64,1.11,4*0C
$GNGSA,A,3,07,04,,,,,,,,,,,1.28,0.64,1.11,5*0E
$GPGSV,4,1,13,01,19,320,37,02,46,307,45,08,16,253,38,10,43,070,45,1*6A
$GPGSV,4,2,13,23,11,102,37,25,07,085,33,27,15,215,37,28,69,128,47,1*65
$GPGSV,4,3,13,31,49,178,46,32,48,021,47,40,59,208,47,41,56,146,45,1*6A
$GPGSV,4,4,13,42,19,104,44,1*5D
$GPGSV,3,1,09,01,19,320,41,08,16,253,37,10,43,070,43,23,11,102,38,6*65
$GPGSV,3,2,09,25,07,085,34,27,15,215,39,28,69,128,46,31,49,178,43,6*66
$GPGSV,3,3,09,32,48,021,44,6*54
$GLGSV,3,1,10,69,11,050,45,70,41,345,35,71,25,290,46,73,13,158,42,1*72
$GLGSV,3,2,10,79,14,049,42,80,28,103,46,84,33,183,37,85,61,259,49,1*71
$GLGSV,3,3,10,86,22,325,43,,,,49,1*49
$GLGSV,3,1,10,69,11,050,44,70,41,345,08,71,25,290,41,73,13,158,41,3*7B
$GLGSV,3,2,10,79,14,049,38,80,28,103,45,84,33,183,43,85,61,259,45,3*72
$GLGSV,3,3,10,86,22,325,40,,,,47,3*46
$GAGSV,2,1,06,03,65,305,47,05,39,033,46,08,25,250,42,15,47,319,46,2*7B
$GAGSV,2,2,06,34,76,170,47,36,23,149,43,2*7C
$GAGSV,2,1,07,03,65,305,46,05,39,033,42,08,25,250,40,15,47,319,44,7*7A
$GAGSV,2,2,07,25,06,131,36,34,76,170,48,36,23,149,41,7*42
$GAGSV,1,1,02,16,06,108,,24,02,084,,0*76
$GBGSV,2,1,08,06,62,080,45,09,66,113,45,11,46,272,45,12,36,197,42,1*76
$GBGSV,2,2,08,13,48,072,44,16,56,067,45,26,35,145,45,34,45,234,46,1*73
$GBGSV,2,1,08,06,62,080,43,08,34,087,43,09,66,113,44,11,46,272,47,B*08
$GBGSV,2,2,08,12,36,197,48,13,48,072,43,14,21,289,44,16,56,067,42,B*02
$GBGSV,2,1,06,10,03,160,,21,46,026,,22,11,070,,44,18,178,,0*72
$GBGSV,2,2,06,45,29,078,,50,51,349,,0*7B
$GQGSV,1,1,02,04,20,076,35,07,19,104,32,1*6D
$GQGSV,1,1,02,04,20,076,35,07,19,104,40,6*6F
$GNGLL,2454.23235,N,06708.27190,E,153545.00,A,D*77
$GNRMC,153546.00,A,2454.23234,N,06708.27190,E,0.028,,020525,,,F,V*1E
$GNVTG,,T,,M,0.028,N,0.051,K,D*36
$GNGGA,153546.00,2454.23234,N,06708.27190,E,5,12,0.60,21.7,M,-44.2,M,1.0,0284*7E
$GNGSA,A,3,10,28,32,01,23,27,31,08,02,,,,1.20,0.60,1.04,1*06
$GNGSA,A,3,79,73,84,71,80,69,85,86,,,,,1.20,0.60,1.04,2*06
$GNGSA,A,3,05,15,36,08,,,,,,,,,1.20,0.60,1.04,3*0F
$GNGSA,A,3,06,14,08,26,13,12,11,09,16,,,,1.20,0.60,1.04,4*04
$GNGSA,A,3,07,04,,,,,,,,,,,1.20,0.60,1.04,5*06
$GPGSV,4,1,13,01,19,320,38,02,46,307,45,08,16,253,38,10,43,070,45,1*65
$GPGSV,4,2,13,23,11,102,37,25,07,085,33,27,15,215,37,28,69,128,47,1*65
$GPGSV,4,3,13,31,49,178,46,32,48,021,47,40,59,208,47,41,56,146,45,1*6A
$GPGSV,4,4,13,42,19,104,44,1*5D
$GPGSV,3,1,09,01,19,320,41,08,16,253,37,10,43,070,43,23,11,102,38,6*65
$GPGSV,3,2,09,25,07,085,34,27,15,215,39,28,69,128,46,31,49,178,43,6*66
$GPGSV,3,3,09,32,48,021,43,6*53
$GLGSV,3,1,10,69,11,050,45,70,41,345,35,71,25,290,46,73,13,158,42,1*72
$GLGSV,3,2,10,79,14,049,42,80,28,103,46,84,33,183,37,85,61,259,49,1*71
$GLGSV,3,3,10,86,22,325,43,,,,49,1*49
$GLGSV,3,1,10,69,11,050,44,70,41,345,10,71,25,290,41,73,13,158,40,3*73
$GLGSV,3,2,10,79,14,049,38,80,28,103,45,84,33,183,43,85,61,259,45,3*72
$GLGSV,3,3,10,86,22,325,40,,,,47,3*46
$GAGSV,2,1,06,03,65,305,47,05,39,033,46,08,25,250,42,15,47,319,46,2*7B
$GAGSV,2,2,06,34,76,170,47,36,23,149,43,2*7C
$GAGSV,2,1,07,03,65,305,46,05,39,033,42,08,25,250,40,15,47,319,44,7*7A
$GAGSV,2,2,07,25,07,130,36,34,76,170,47,36,23,149,41,7*4D
$GAGSV,1,1,02,16,06,108,,24,02,084,,0*76
$GBGSV,2,1,08,06,62,080,45,09,66,113,46,11,46,272,45,12,36,197,42,1*75
$GBGSV,2,2,08,13,48,072,44,16,56,067,45,26,35,145,45,34,45,234,46,1*73
$GBGSV,2,1,08,06,62,080,43,08,34,087,43,09,66,113,44,11,46,272,47,B*08
$GBGSV,2,2,08,12,36,197,48,13,48,072,43,14,21,289,44,16,56,067,42,B*02
$GBGSV,2,1,06,10,03,160,,21,46,026,,22,11,070,,44,18,178,,0*72
$GBGSV,2,2,06,45,29,078,,50,51,349,,0*7B
$GQGSV,1,1,02,04,20,076,35,07,19,104,33,1*6C
$GQGSV,1,1,02,04,20,076,35,07,19,104,40,6*6F
$GNGLL,2454.23234,N,06708.27190,E,153546.00,A,D*75
$GNRMC,153547.00,A,2454.23235,N,06708.27191,E,0.035,,020525,,,F,V*13
$GNVTG,,T,,M,0.035,N,0.064,K,D*3C
$GNGGA,153547.00,2454.23235,N,06708.27191,E,5,12,0.64,21.7,M,-44.2,M,1.0,0284*7B
$GNGSA,A,3,10,28,32,01,23,27,31,08,02,,,,1.26,0.64,1.09,1*09
$GNGSA,A,3,73,84,71,80,69,85,86,,,,,,1.26,0.64,1.09,2*07
$GNGSA,A,3,03,05,15,36,08,,,,,,,,1.26,0.64,1.09,3*03
$GNGSA,A,3,06,14,08,26,13,12,11,09,16,,,,1.26,0.64,1.09,4*0B
$GNGSA,A,3,07,04,,,,,,,,,,,1.26,0.64,1.09,5*09
$GPGSV,4,1,13,01,19,320,38,02,46,307,45,08,16,253,38,10,43,070,45,1*65
$GPGSV,4,2,13,23,11,102,37,25,07,085,33,27,15,215,37,28,69,128,47,1*65
$GPGSV,4,3,13,31,49,178,46,32,48,021,47,40,59,208,47,41,56,146,45,1*6A
$GPGSV,4,4,13,42,19,104,44,1*5D
$GPGSV,3,1,09,01,19,320,41,08,16,253,37,10,43,070,43,23,11,102,38,6*65
$GPGSV,3,2,09,25,07,085,34,27,15,215,39,28,69,128,46,31,49,178,43,6*66
$GPGSV,3,3,09,32,48,021,43,6*53
$GLGSV,3,1,10,69,11,050,45,70,41,345,35,71,25,290,46,73,13,158,42,1*72
$GLGSV,3,2,10,79,14,049,42,80,28,103,46,84,33,183,37,85,61,259,49,1*71
$GLGSV,3,3,10,86,22,325,43,,,,49,1*49
$GLGSV,3,1,10,69,11,050,44,70,41,345,06,71,25,290,42,73,13,158,40,3*77
$GLGSV,3,2,10,79,14,049,38,80,28,103,45,84,33,183,43,85,61,259,45,3*72
$GLGSV,3,3,10,86,22,325,40,,,,47,3*46
$GAGSV,2,1,06,03,65,305,47,05,39,033,46,08,25,250,42,15,47,319,46,2*7B
$GAGSV,2,2,06,34,76,170,47,36,23,149,43,2*7C
$GAGSV,2,1,07,03,65,305,46,05,39,033,42,08,25,250,40,15,47,319,44,7*7A
$GAGSV,2,2,07,25,07,130,36,34,76,170,48,36,23,149,41,7*42
$GAGSV,1,1,02,16,06,108,,24,02,084,,0*76
$GBGSV,2,1,08,06,62,080,45,09,66,113,46,11,46,272,45,12,36,197,42,1*75
$GBGSV,2,2,08,13,48,072,44,16,56,067,45,26,35,145,45,34,45,234,46,1*73
$GBGSV,2,1,08,06,62,080,43,08,34,087,43,09,66,113,44,11,46,272,47,B*08
$GBGSV,2,2,08,12,36,197,48,13,48,072,43,14,21,289,44,16,56,067,42,B*02
$GBGSV,2,1,06,10,03,160,,21,46,026,,22,11,070,,44,18,178,,0*72
$GBGSV,2,2,06,45,29,078,,50,51,349,,0*7B
$GQGSV,1,1,02,04,20,076,35,07,19,104,32,1*6D
$GQGSV,1,1,02,04,20,076,35,07,19,104,41,6*6E
$GNGLL,2454.23235,N,06708.27191,E,153547.00,A,D*74
$GNRMC,153548.00,A,2454.23235,N,06708.27191,E,0.040,,020525,,,F,V*1E
$GNVTG,,T,,M,0.040,N,0.073,K,D*38
$GNGGA,153548.00,2454.23235,N,06708.27191,E,5,12,0.62,21.7,M,-44.2,M,1.0,0284*72
$GNGSA,A,3,10,28,32,01,27,31,08,02,,,,,1.24,0.62,1.07,1*02
$GNGSA,A,3,73,84,79,71,80,69,85,86,,,,,1.24,0.62,1.07,2*03
$GNGSA,A,3,03,05,15,36,34,08,,,,,,,1.24,0.62,1.07,3*0E
$GNGSA,A,3,06,14,08,13,12,11,09,16,,,,,1.24,0.62,1.07,4*05
$GNGSA,A,3,07,04,,,,,,,,,,,1.24,0.62,1.07,5*03
$GPGSV,4,1,13,01,19,320,38,02,46,307,45,08,16,253,38,10,43,070,45,1*65
$GPGSV,4,2,13,23,11,102,36,25,07,085,33,27,15,215,37,28,69,128,46,1*65
$GPGSV,4,3,13,31,49,178,46,32,48,021,47,40,59,208,47,41,56,146,45,1*6A
$GPGSV,4,4,13,42,19,104,44,1*5D
$GPGSV,3,1,09,01,19,320,41,08,16,253,37,10,43,070,43,23,11,102,38,6*65
$GPGSV,3,2,09,25,07,085,34,27,15,215,39,28,69,128,46,31,49,178,43,6*66
$GPGSV,3,3,09,32,48,021,43,6*53
$GLGSV,3,1,10,69,11,050,45,70,41,345,35,71,25,290,46,73,13,158,42,1*72
$GLGSV,3,2,10,79,14,049,43,80,28,103,46,84,33,183,37,85,61,259,49,1*70
$GLGSV,3,3,10,86,22,325,43,,,,49,1*49
$GLGSV,3,1,10,69,11,050,44,70,41,345,10,71,25,290,42,73,13,158,40,3*70
$GLGSV,3,2,10,79,14,049,38,80,28,103,45,84,33,183,43,85,61,259,46,3*71
$GLGSV,3,3,10,86,22,325,40,,,,47,3*46
$GAGSV,2,1,06,03,65,305,47,05,39,033,46,08,25,250,42,15,47,319,46,2*7B
$GAGSV,2,2,06,34,76,170,47,36,23,149,43,2*7C
$GAGSV,2,1,07,03,65,305,46,05,39,033,42,08,25,250,40,15,47,319,44,7*7A
$GAGSV,2,2,07,25,07,130,36,34,76,170,48,36,23,149,41,7*42
$GAGSV,1,1,02,16,06,108,,24,02,084,,0*76
$GBGSV,2,1,08,06,62,080,45,09,66,113,46,11,46,272,45,12,36,197,42,1*75
$GBGSV,2,2,08,13,48,072,44,16,56,067,45,26,35,145,45,34,45,234,46,1*73
$GBGSV,2,1,08,06,62,080,43,08,34,087,43,09,66,113,44,11,46,272,47,B*08
$GBGSV,2,2,08,12,36,197,48,13,48,072,43,14,21,289,44,16,56,067,42,B*02
$GBGSV,2,1,06,10,03,160,,21,46,026,,22,11,070,,44,18,178,,0*72
$GBGSV,2,2,06,45,29,078,,50,51,349,,0*7B
$GQGSV,1,1,02,04,20,076,34,07,19,104,32,1*6C
$GQGSV,1,1,02,04,20,076,35,07,19,104,41,6*6E
$GNGLL,2454.23235,N,06708.27191,E,153548.00,A,D*7B
$GNRMC,153549.00,A,2454.23235,N,06708.27192,E,0.025,,020525,,,D,V*1D
$GNVTG,,T,,M,0.025,N,0.047,K,D*3C
$GNGGA,153549.00,2454.23235,N,06708.27192,E,2,12,0.60,21.7,M,-44.2,M,1.0,0284*75
$GNGSA,A,3,10,23,28,32,01,27,31,08,02,,,,1.20,0.60,1.04,1*06
$GNGSA,A,3,73,84,79,71,80,69,85,86,,,,,1.20,0.60,1.04,2*06
$GNGSA,A,3,03,15,36,34,08,,,,,,,,1.20,0.60,1.04,3*0E
$GNGSA,A,3,06,14,08,13,12,11,09,16,,,,,1.20,0.60,1.04,4*00
$GNGSA,A,3,07,04,,,,,,,,,,,1.20,0.60,1.04,5*06
$GPGSV,4,1,13,01,19,320,38,02,46,307,45,08,16,253,38,10,43,070,45,1*65
$GPGSV,4,2,13,23,11,102,36,25,07,085,33,27,15,215,37,28,69,128,47,1*64
$GPGSV,4,3,13,31,49,178,46,32,48,021,47,40,59,208,47,41,56,146,46,1*69
$GPGSV,4,4,13,42,19,104,44,1*5D
$GPGSV,3,1,09,01,19,320,42,08,16,253,38,10,43,070,43,23,11,102,38,6*69
$GPGSV,3,2,09,25,07,085,34,27,15,215,39,28,69,128,46,31,49,178,43,6*66
$GPGSV,3,3,09,32,48,021,44,6*54
$GLGSV,3,1,10,69,11,050,44,70,41,345,36,71,25,290,46,73,13,158,42,1*70
$GLGSV,3,2,10,79,14,049,43,80,28,103,46,84,33,183,37,85,61,259,49,1*70
$GLGSV,3,3,10,86,22,325,43,,,,49,1*49
$GLGSV,3,1,10,69,11,050,44,70,41,345,10,71,25,290,42,73,13,158,41,3*71
$GLGSV,3,2,10,79,14,049,38,80,28,103,45,84,33,183,43,85,61,259,46,3*71
$GLGSV,3,3,10,86,22,325,40,,,,47,3*46
$GAGSV,2,1,06,03,65,305,48,05,39,033,47,08,25,250,43,15,47,319,47,2*75
$GAGSV,2,2,06,34,76,170,48,36,23,149,44,2*74
$GAGSV,2,1,07,03,65,305,46,05,39,033,42,08,25,250,40,15,47,319,44,7*7A
$GAGSV,2,2,07,25,07,130,36,34,76,170,48,36,23,149,41,7*42
$GAGSV,1,1,02,16,06,108,,24,02,084,,0*76
$GBGSV,2,1,08,06,62,080,45,09,66,113,46,11,46,272,45,12,36,197,42,1*75
$GBGSV,2,2,08,13,48,072,44,16,56,067,45,26,35,145,45,34,45,234,46,1*73
$GBGSV,2,1,08,06,62,080,43,08,34,087,43,09,66,113,45,11,46,272,47,B*09
$GBGSV,2,2,08,12,36,197,48,13,48,072,43,14,21,289,45,16,56,067,42,B*03
$GBGSV,2,1,06,10,03,160,,21,46,026,,22,11,070,,44,18,178,,0*72
$GBGSV,2,2,06,45,29,078,,50,51,349,,0*7B
$GQGSV,1,1,02,04,20,076,35,07,19,104,32,1*6D
$GQGSV,1,1,02,04,20,076,35,07,19,104,41,6*6E
$GNGLL,2454.23235,N,06708.27192,E,153549.00,A,D*79
$GNRMC,153550.00,A,2454.23234,N,06708.27194,E,0.063,,020525,,,F,V*12
$GNVTG,,T,,M,0.063,N,0.117,K,D*3A
$GNGGA,153550.00,2454.23234,N,06708.27194,E,5,12,0.60,21.7,M,-44.2,M,1.0,0284*7D
$GNGSA,A,3,10,23,28,32,01,27,31,08,02,,,,1.20,0.60,1.04,1*06
$GNGSA,A,3,73,84,79,71,80,69,85,86,,,,,1.20,0.60,1.04,2*06
$GNGSA,A,3,03,15,36,34,08,,,,,,,,1.20,0.60,1.04,3*0E
$GNGSA,A,3,06,14,08,13,12,11,09,16,,,,,1.20,0.60,1.04,4*00
$GNGSA,A,3,07,04,,,,,,,,,,,1.20,0.60,1.04,5*06
$GPGSV,4,1,13,01,19,320,38,02,46,307,45,08,16,253,38,10,43,070,45,1*65
$GPGSV,4,2,13,23,11,102,36,25,07,085,34,27,15,215,37,28,69,128,47,1*63
$GPGSV,4,3,13,31,49,178,46,32,48,021,47,40,59,208,47,41,56,146,46,1*69
$GPGSV,4,4,13,42,19,104,44,1*5D
$GPGSV,3,1,09,01,19,320,43,08,16,253,40,10,43,070,44,23,11,102,40,6*6F
$GPGSV,3,2,09,25,07,085,35,27,15,215,40,28,69,128,48,31,49,178,44,6*60
$GPGSV,3,3,09,32,48,021,45,6*55
$GLGSV,3,1,10,69,11,050,44,70,41,345,35,71,25,290,45,73,13,158,42,1*70
$GLGSV,3,2,10,79,14,049,43,80,28,103,46,84,33,183,37,85,61,259,49,1*70
$GLGSV,3,3,10,86,22,325,43,,,,49,1*49
$GLGSV,3,1,10,69,11,050,44,70,41,345,10,71,25,290,42,73,13,158,41,3*71
$GLGSV,3,2,10,79,14,049,39,80,28,103,45,84,33,183,44,85,61,259,46,3*77
$GLGSV,3,3,10,86,22,325,41,,,,47,3*47
$GAGSV,2,1,06,03,65,305,48,05,39,033,47,08,25,250,43,15,47,319,48,2*7A
$GAGSV,2,2,06,34,76,170,49,36,23,149,44,2*75
$GAGSV,2,1,07,03,65,305,46,05,39,033,43,08,25,250,40,15,47,319,44,7*7B
$GAGSV,2,2,07,25,07,130,36,34,76,170,48,36,23,149,41,7*42
$GAGSV,1,1,02,16,06,108,,24,02,084,,0*76
$GBGSV,2,1,08,06,62,080,45,09,66,113,46,11,46,272,45,12,36,197,42,1*75
$GBGSV,2,2,08,13,48,072,44,16,56,067,45,26,35,145,45,34,45,234,46,1*73
$GBGSV,2,1,08,06,62,080,43,08,34,087,44,09,66,113,46,11,46,272,48,B*02
$GBGSV,2,2,08,12,36,197,48,13,48,072,44,14,21,289,45,16,56,067,43,B*05
$GBGSV,2,1,06,10,03,160,,21,46,026,,22,11,070,,44,18,178,,0*72
$GBGSV,2,2,06,45,29,078,,50,51,349,,0*7B
$GQGSV,1,1,02,04,20,076,35,07,19,104,32,1*6D
$GQGSV,1,1,02,04,20,076,37,07,19,104,42,6*6F
$GNGLL,2454.23234,N,06708.27194,E,153550.00,A,D*76
$GNRMC,153551.00,A,2454.23235,N,06708.27191,E,0.012,,020525,,,F,V*11
$GNVTG,,T,,M,0.012,N,0.023,K,D*3A
$GNGGA,153551.00,2454.23235,N,06708.27191,E,5,12,0.60,21.7,M,-44.2,M,1.0,0284*78
$GNGSA,A,3,10,23,28,32,01,27,31,08,02,,,,1.20,0.60,1.04,1*06
$GNGSA,A,3,73,84,79,71,80,69,85,86,,,,,1.20,0.60,1.04,2*06
$GNGSA,A,3,03,15,36,34,08,,,,,,,,1.20,0.60,1.04,3*0E
$GNGSA,A,3,06,14,08,13,12,11,09,16,,,,,1.20,0.60,1.04,4*00
$GNGSA,A,3,07,04,,,,,,,,,,,1.20,0.60,1.04,5*06
$GPGSV,4,1,13,01,19,320,38,02,46,307,45,08,16,253,38,10,43,070,45,1*65
$GPGSV,4,2,13,23,11,102,36,25,07,085,34,27,15,215,37,28,69,128,46,1*62
$GPGSV,4,3,13,31,49,178,46,32,48,021,47,40,59,208,47,41,56,146,46,1*69
$GPGSV,4,4,13,42,19,104,44,1*5D
$GPGSV,3,1,09,01,19,320,42,08,16,253,39,10,43,070,44,23,11,102,39,6*6E
$GPGSV,3,2,09,25,07,085,35,27,15,215,39,28,69,128,47,31,49,178,44,6*61
$GPGSV,3,3,09,32,48,021,44,6*54
$GLGSV,3,1,10,69,11,050,44,70,41,345,35,71,25,290,46,73,13,158,42,1*73
$GLGSV,3,2,10,79,14,049,43,80,28,103,46,84,33,183,37,85,61,259,49,1*70
$GLGSV,3,3,10,86,22,325,43,,,,49,1*49
$GLGSV,3,1,10,69,11,050,44,70,41,345,09,71,25,290,42,73,13,158,41,3*79
$GLGSV,3,2,10,79,14,049,39,80,28,103,45,84,33,183,44,85,61,259,46,3*77
$GLGSV,3,3,10,86,22,325,41,,,,47,3*47
$GAGSV,2,1,06,03,65,305,48,05,39,033,47,08,25,250,43,15,47,319,47,2*75
$GAGSV,2,2,06,34,76,170,48,36,23,149,44,2*74
$GAGSV,2,1,07,03,65,305,46,05,39,033,43,08,25,250,40,15,47,319,44,7*7B
$GAGSV,2,2,07,25,07,130,36,34,76,170,48,36,23,149,41,7*42
$GAGSV,1,1,02,16,06,108,,24,02,084,,0*76
$GBGSV,2,1,08,06,62,080,45,09,66,113,46,11,46,272,45,12,36,197,42,1*75
$GBGSV,2,2,08,13,48,072,44,16,56,067,45,26,35,145,45,34,45,234,46,1*73
$GBGSV,2,1,08,06,62,080,44,08,34,087,44,09,66,113,45,11,46,272,48,B*06
$GBGSV,2,2,08,12,36,197,48,13,48,072,44,14,21,289,45,16,56,067,43,B*05
$GBGSV,2,1,06,10,03,160,,21,46,026,,22,11,070,,44,18,178,,0*72
$GBGSV,2,2,06,45,29,078,,50,51,349,,0*7B
$GQGSV,1,1,02,04,20,076,35,07,19,104,32,1*6D
$GQGSV,1,1,02,04,20,076,36,07,19,104,41,6*6D
$GNGLL,2454.23235,N,06708.27191,E,153551.00,A,D*73
$GNRMC,153552.00,A,2454.23235,N,06708.27191,E,0.077,,020525,,,F,V*11
$GNVTG,,T,,M,0.077,N,0.143,K,D*3E
$GNGGA,153552.00,2454.23235,N,06708.27191,E,5,12,0.60,21.7,M,-44.2,M,1.0,0284*7B
$GNGSA,A,3,10,23,28,32,01,27,31,08,02,,,,1.20,0.60,1.04,1*06
$GNGSA,A,3,73,84,79,71,80,69,85,86,,,,,1.20,0.60,1.04,2*06
$GNGSA,A,3,03,15,36,34,08,,,,,,,,1.20,0.60,1.04,3*0E
$GNGSA,A,3,06,14,08,13,12,11,09,16,,,,,1.20,0.60,1.04,4*00
$GNGSA,A,3,07,04,,,,,,,,,,,1.20,0.60,1.04,5*06
$GPGSV,4,1,13,01,19,320,38,02,46,307,45,08,16,253,38,10,43,070,45,1*65
$GPGSV,4,2,13,23,11,102,36,25,07,085,34,27,15,215,38,28,69,128,46,1*6D
$GPGSV,4,3,13,31,49,178,46,32,48,021,47,40,59,208,47,41,56,146,46,1*69
$GPGSV,4,4,13,42,19,104,44,1*5D
$GPGSV,3,1,09,01,19,320,42,08,16,253,38,10,43,070,43,23,11,102,39,6*68
$GPGSV,3,2,09,25,07,085,34,27,15,215,40,28,69,128,47,31,49,178,44,6*6E
$GPGSV,3,3,09,32,48,021,44,6*54
$GLGSV,3,1,10,69,11,050,44,70,41,345,35,71,25,290,45,73,13,158,42,1*70
$GLGSV,3,2,10,79,14,049,43,80,28,103,46,84,33,183,37,85,61,259,49,1*70
$GLGSV,3,3,10,86,22,325,43,,,,49,1*49
$GLGSV,3,1,10,69,11,050,44,70,41,345,07,71,25,290,42,73,13,158,41,3*77
$GLGSV,3,2,10,79,14,049,39,80,28,103,45,84,33,183,44,85,61,259,46,3*77
$GLGSV,3,3,10,86,22,325,40,,,,47,3*46
$GAGSV,2,1,06,03,65,305,47,05,39,033,46,08,25,250,43,15,47,319,46,2*7A
$GAGSV,2,2,06,34,76,170,47,36,23,149,43,2*7C
$GAGSV,2,1,07,03,65,305,46,05,39,033,43,08,25,250,40,15,47,319,44,7*7B
$GAGSV,2,2,07,25,07,130,36,34,76,170,48,36,23,149,41,7*42
$GAGSV,1,1,02,16,06,108,,24,02,084,,0*76
$GBGSV,2,1,08,06,62,080,45,09,66,113,46,11,46,272,45,12,36,197,42,1*75
$GBGSV,2,2,08,13,48,072,44,16,56,067,45,26,35,145,45,34,45,234,46,1*73
$GBGSV,2,1,08,06,62,080,43,08,34,087,43,09,66,113,45,11,46,272,47,B*09
$GBGSV,2,2,08,12,36,197,47,13,48,072,43,14,21,289,45,16,56,067,43,B*0D
$GBGSV,2,1,07,10,03,160,,21,46,026,,22,11,070,,24,08,187,,0*74
$GBGSV,2,2,07,44,18,178,,45,29,078,,50,51,349,,0*4D
$GQGSV,1,1,02,04,20,076,35,07,19,104,32,1*6D
$GQGSV,1,1,02,04,20,076,36,07,19,104,41,6*6D
$GNGLL,2454.23235,N,06708.27191,E,153552.00,A,D*70
$GNRMC,153553.00,A,2454.23236,N,06708.27190,E,0.090,,020525,,,F,V*1B
$GNVTG,,T,,M,0.090,N,0.166,K,D*30
$GNGGA,153553.00,2454.23236,N,06708.27190,E,5,12,0.60,21.9,M,-44.2,M,1.0,0284*76
$GNGSA,A,3,10,23,28,32,01,27,31,08,02,,,,1.20,0.60,1.04,1*06
$GNGSA,A,3,73,84,79,71,80,69,85,86,,,,,1.20,0.60,1.04,2*06
$GNGSA,A,3,03,15,36,34,08,,,,,,,,1.20,0.60,1.04,3*0E
$GNGSA,A,3,06,14,08,13,12,11,09,16,,,,,1.20,0.60,1.04,4*00
$GNGSA,A,3,07,04,,,,,,,,,,,1.20,0.60,1.04,5*06
$GPGSV,4,1,13,01,19,320,38,02,46,307,45,08,16,253,37,10,43,070,46,1*69
$GPGSV,4,2,13,23,11,102,36,25,07,085,34,27,15,215,38,28,69,128,46,1*6D
$GPGSV,4,3,13,31,49,178,46,32,48,021,47,40,59,208,47,41,56,146,46,1*69
$GPGSV,4,4,13,42,19,104,44,1*5D
$GPGSV,3,1,09,01,19,320,41,08,16,253,38,10,43,070,43,23,11,102,39,6*6B
$GPGSV,3,2,09,25,07,085,33,27,15,215,39,28,69,128,46,31,49,178,43,6*61
$GPGSV,3,3,09,32,48,021,43,6*53
$GLGSV,3,1,10,69,11,050,44,70,41,345,35,71,25,290,45,73,13,158,42,1*70
$GLGSV,3,2,10,79,14,049,43,80,28,103,46,84,33,183,37,85,61,259,49,1*70
$GLGSV,3,3,10,86,22,325,43,,,,49,1*49
$GLGSV,3,1,10,69,11,050,44,70,41,345,09,71,25,290,42,73,13,158,41,3*79
$GLGSV,3,2,10,79,14,049,39,80,28,103,45,84,33,183,44,85,61,259,46,3*77
$GLGSV,3,3,10,86,22,325,40,,,,47,3*46
$GAGSV,2,1,06,03,65,305,47,05,39,033,46,08,25,250,42,15,47,319,47,2*7A
$GAGSV,2,2,06,34,75,170,47,36,23,149,43,2*7F
$GAGSV,2,1,07,03,65,305,46,05,39,033,43,08,25,250,40,15,47,319,44,7*7B
$GAGSV,2,2,07,25,07,130,36,34,75,170,48,36,23,149,42,7*42
$GAGSV,1,1,02,16,06,108,,24,02,084,,0*76
$GBGSV,2,1,08,06,62,080,45,09,66,113,46,11,46,272,45,12,36,197,42,1*75
$GBGSV,2,2,08,13,48,072,44,16,56,067,45,26,35,145,46,34,45,234,46,1*70
$GBGSV,2,1,08,06,62,080,43,08,34,087,43,09,66,113,45,11,46,272,48,B*06
$GBGSV,2,2,08,12,36,197,48,13,48,072,43,14,21,289,44,16,56,067,43,B*03
$GBGSV,2,1,07,10,03,160,,21,46,026,,22,11,070,,24,08,187,,0*74
$GBGSV,2,2,07,44,18,178,,45,29,078,,50,51,349,,0*4D
$GQGSV,1,1,02,04,20,076,35,07,19,104,32,1*6D
$GQGSV,1,1,02,04,20,076,35,07,19,104,41,6*6E
$GNGLL,2454.23236,N,06708.27190,E,153553.00,A,D*73
$GNRMC,153554.00,A,2454.23235,N,06708.27188,E,0.029,,020525,,,F,V*14
$GNVTG,,T,,M,0.029,N,0.053,K,D*35
$GNGGA,153554.00,2454.23235,N,06708.27188,E,5,12,0.60,21.9,M,-44.2,M,1.0,0284*7B
$GNGSA,A,3,10,23,28,32,01,27,31,08,02,,,,1.20,0.60,1.04,1*06
$GNGSA,A,3,73,84,79,71,80,69,85,86,,,,,1.20,0.60,1.04,2*06
$GNGSA,A,3,03,15,36,34,08,,,,,,,,1.20,0.60,1.04,3*0E
$GNGSA,A,3,06,14,08,13,12,11,09,16,,,,,1.20,0.60,1.04,4*00
$GNGSA,A,3,07,04,,,,,,,,,,,1.20,0.60,1.04,5*06
$GPGSV,4,1,13,01,19,320,38,02,46,307,45,08,16,253,37,10,43,070,45,1*6A
$GPGSV,4,2,13,23,11,102,36,25,07,085,34,27,15,215,38,28,69,128,46,1*6D
$GPGSV,4,3,13,31,49,178,46,32,48,021,47,40,59,208,47,41,56,146,46,1*69
$GPGSV,4,4,13,42,19,104,44,1*5D
$GPGSV,3,1,09,01,19,320,42,08,16,253,38,10,43,070,43,23,11,102,39,6*68
$GPGSV,3,2,09,25,07,085,33,27,15,215,39,28,69,128,46,31,49,178,43,6*61
$GPGSV,3,3,09,32,48,021,43,6*53
$GLGSV,3,1,10,69,11,050,44,70,41,345,35,71,25,290,45,73,13,158,42,1*70
$GLGSV,3,2,10,79,14,049,43,80,28,103,46,84,33,183,37,85,61,259,49,1*70
$GLGSV,3,3,10,86,22,325,43,,,,49,1*49
$GLGSV,3,1,10,69,11,050,44,70,41,345,08,71,25,290,42,73,13,158,41,3*78
$GLGSV,3,2,10,79,14,049,39,80,28,103,45,84,33,183,44,85,61,259,46,3*77
$GLGSV,3,3,10,86,22,325,40,,,,47,3*46
$GAGSV,2,1,06,03,65,305,47,05,39,033,46,08,25,250,43,15,47,319,47,2*7B
$GAGSV,2,2,06,34,75,170,47,36,23,149,43,2*7F
$GAGSV,2,1,07,03,65,305,46,05,39,033,43,08,25,250,40,15,47,319,44,7*7B
$GAGSV,2,2,07,25,07,130,36,34,75,170,48,36,23,149,42,7*42
$GAGSV,1,1,02,16,06,108,,24,02,084,,0*76
$GBGSV,2,1,08,06,62,080,45,09,66,113,46,11,46,272,45,12,36,197,42,1*75
$GBGSV,2,2,08,13,48,072,44,16,56,067,45,26,35,145,45,34,45,234,46,1*73
$GBGSV,2,1,08,06,62,080,43,08,34,087,43,09,66,113,45,11,46,272,48,B*06
$GBGSV,2,2,08,12,36,197,48,13,48,072,43,14,21,289,44,16,56,067,43,B*03
$GBGSV,2,1,07,10,03,160,,21,46,026,,22,11,070,,24,08,187,,0*74
$GBGSV,2,2,07,44,18,178,,45,29,078,,50,51,349,,0*4D
$GQGSV,1,1,02,04,20,076,35,07,19,104,32,1*6D
$GQGSV,1,1,02,04,20,076,35,07,19,104,41,6*6E
$GNGLL,2454.23235,N,06708.27188,E,153554.00,A,D*7E
$GNRMC,153555.00,A,2454.23236,N,06708.27189,E,0.003,,020525,,,F,V*1F
$GNVTG,,T,,M,0.003,N,0.006,K,D*3D
$GNGGA,153555.00,2454.23236,N,06708.27189,E,5,12,0.60,21.8,M,-44.2,M,1.0,0284*79
$GNGSA,A,3,10,23,28,32,01,27,31,08,02,,,,1.20,0.60,1.04,1*06
$GNGSA,A,3,73,84,79,71,80,69,85,86,,,,,1.20,0.60,1.04,2*06
$GNGSA,A,3,03,15,36,34,08,,,,,,,,1.20,0.60,1.04,3*0E
$GNGSA,A,3,06,14,08,13,12,11,09,16,,,,,1.20,0.60,1.04,4*00
$GNGSA,A,3,07,04,,,,,,,,,,,1.20,0.60,1.04,5*06
$GPGSV,4,1,13,01,19,320,38,02,46,307,45,08,16,253,38,10,43,070,45,1*65
$GPGSV,4,2,13,23,11,102,36,25,07,085,34,27,15,215,38,28,69,128,47,1*6C
$GPGSV,4,3,13,31,49,178,46,32,48,021,47,40,59,208,47,41,56,146,46,1*69
$GPGSV,4,4,13,42,19,104,44,1*5D
$GPGSV,3,1,09,01,19,320,42,08,16,253,38,10,43,070,43,23,11,102,39,6*68
$GPGSV,3,2,09,25,07,085,33,27,15,215,39,28,69,128,46,31,49,178,43,6*61
$GPGSV,3,3,09,32,48,021,43,6*53
$GLGSV,3,1,10,69,11,050,44,70,41,345,35,71,25,290,45,73,13,158,42,1*70
$GLGSV,3,2,10,79,14,049,43,80,28,103,46,84,33,183,37,85,61,259,49,1*70
$GLGSV,3,3,10,86,22,325,43,,,,49,1*49
$GLGSV,3,1,10,69,11,050,44,70,41,345,10,71,25,290,41,73,13,158,41,3*72
$GLGSV,3,2,10,79,14,049,39,80,28,103,45,84,33,183,44,85,61,259,46,3*77
$GLGSV,3,3,10,86,22,325,40,,,,47,3*46
$GAGSV,2,1,06,03,65,305,47,05,39,033,46,08,25,250,42,15,47,319,47,2*7A
$GAGSV,2,2,06,34,75,170,47,36,23,149,43,2*7F
$GAGSV,2,1,07,03,65,305,46,05,39,033,43,08,25,250,40,15,47,319,44,7*7B
$GAGSV,2,2,07,25,07,130,35,34,75,170,48,36,23,149,42,7*41
$GAGSV,1,1,02,16,06,108,,24,02,084,,0*76
$GBGSV,2,1,08,06,62,079,45,09,66,113,46,11,46,272,45,12,36,197,42,1*73
$GBGSV,2,2,08,13,48,072,44,16,56,067,45,26,35,145,46,34,45,234,46,1*70
$GBGSV,2,1,08,06,62,079,43,08,34,087,43,09,66,113,45,11,46,272,48,B*00
$GBGSV,2,2,08,12,36,197,47,13,48,072,43,14,21,289,44,16,56,067,42,B*0D
$GBGSV,2,1,07,10,03,160,,21,46,026,,22,11,070,,24,08,187,,0*74
$GBGSV,2,2,07,44,18,178,,45,29,078,,50,51,349,,0*4D
$GQGSV,1,1,02,04,20,076,34,07,19,104,32,1*6C
$GQGSV,1,1,02,04,20,076,35,07,19,104,41,6*6E
$GNGLL,2454.23236,N,06708.27189,E,153555.00,A,D*7D
$GNRMC,153556.00,A,2454.23236,N,06708.27190,E,0.010,,020525,,,F,V*16
$GNVTG,,T,,M,0.010,N,0.018,K,D*30
$GNGGA,153556.00,2454.23236,N,06708.27190,E,5,12,0.59,21.8,M,-44.2,M,1.0,0284*78
$GNGSA,A,3,10,23,28,32,01,27,31,08,02,,,,1.18,0.59,1.02,1*01
$GNGSA,A,3,70,73,84,79,71,80,69,85,86,,,,1.18,0.59,1.02,2*06
$GNGSA,A,3,03,36,34,08,,,,,,,,,1.18,0.59,1.02,3*0D
$GNGSA,A,3,06,14,08,13,12,11,09,16,,,,,1.18,0.59,1.02,4*07
$GNGSA,A,3,07,04,,,,,,,,,,,1.18,0.59,1.02,5*01
$GPGSV,4,1,13,01,19,320,38,02,46,307,45,08,16,253,38,10,43,070,45,1*65
$GPGSV,4,2,13,23,11,102,36,25,07,085,34,27,15,215,38,28,69,128,46,1*6D
$GPGSV,4,3,13,31,49,178,45,32,48,021,47,40,59,208,47,41,56,146,46,1*6A
$GPGSV,4,4,13,42,19,104,44,1*5D
$GPGSV,3,1,09,01,19,320,42,08,16,253,38,10,43,070,43,23,11,102,39,6*68
$GPGSV,3,2,09,25,07,085,33,27,15,215,39,28,69,128,46,31,49,178,43,6*61
$GPGSV,3,3,09,32,48,021,43,6*53
$GLGSV,3,1,10,69,11,050,43,70,41,345,35,71,25,290,45,73,13,158,42,1*77
$GLGSV,3,2,10,79,14,049,44,80,28,103,46,84,33,183,37,85,61,259,49,1*77
$GLGSV,3,3,10,86,22,325,43,,,,49,1*49
$GLGSV,3,1,10,69,11,050,44,70,41,345,06,71,25,290,42,73,13,158,41,3*76
$GLGSV,3,2,10,79,14,049,39,80,28,103,45,84,33,183,44,85,61,259,46,3*77
$GLGSV,3,3,10,86,22,325,40,,,,47,3*46
$GAGSV,2,1,06,03,65,305,47,05,39,033,46,08,25,250,43,15,47,319,47,2*7B
$GAGSV,2,2,06,34,75,170,48,36,23,149,43,2*70
$GAGSV,2,1,07,03,65,305,46,05,39,033,43,08,25,250,40,15,47,319,44,7*7B
$GAGSV,2,2,07,25,07,130,35,34,75,170,48,36,23,149,41,7*42
$GAGSV,1,1,02,16,06,108,,24,02,084,,0*76
$GBGSV,2,1,08,06,62,079,45,09,66,113,46,11,46,272,45,12,36,197,42,1*73
$GBGSV,2,2,08,13,48,072,44,16,56,067,45,26,35,145,46,34,45,234,46,1*70
$GBGSV,2,1,08,06,62,079,43,08,34,087,43,09,66,113,45,11,46,272,48,B*00
$GBGSV,2,2,08,12,36,197,48,13,48,072,43,14,21,289,44,16,56,067,42,B*02
$GBGSV,2,1,07,10,03,160,,21,46,026,,22,11,070,,24,08,187,,0*74
$GBGSV,2,2,07,44,18,178,,45,29,078,,50,51,349,,0*4D
$GQGSV,1,1,02,04,20,076,34,07,19,104,32,1*6C
$GQGSV,1,1,02,04,20,076,35,07,19,104,41,6*6E
$GNGLL,2454.23236,N,06708.27190,E,153556.00,A,D*76
$GNRMC,153557.00,A,2454.23235,N,06708.27190,E,0.009,,020525,,,F,V*1C
$GNVTG,,T,,M,0.009,N,0.017,K,D*37
$GNGGA,153557.00,2454.23235,N,06708.27190,E,5,12,0.59,21.7,M,-44.2,M,1.0,0284*75
$GNGSA,A,3,10,23,28,32,01,27,31,08,02,,,,1.18,0.59,1.02,1*01
$GNGSA,A,3,70,73,84,79,71,80,69,85,86,,,,1.18,0.59,1.02,2*06
$GNGSA,A,3,03,36,34,08,,,,,,,,,1.18,0.59,1.02,3*0D
$GNGSA,A,3,06,14,08,13,12,11,09,16,,,,,1.18,0.59,1.02,4*07
$GNGSA,A,3,07,04,,,,,,,,,,,1.18,0.59,1.02,5*01
$GPGSV,4,1,13,01,19,320,38,02,46,307,45,08,16,253,38,10,43,070,46,1*66
$GPGSV,4,2,13,23,11,102,36,25,07,085,34,27,15,215,38,28,69,128,47,1*6C
$GPGSV,4,3,13,31,49,178,46,32,48,021,47,40,59,208,47,41,56,146,46,1*69
$GPGSV,4,4,13,42,19,104,44,1*5D
$GPGSV,3,1,09,01,19,320,42,08,16,253,38,10,43,070,43,23,11,102,39,6*68
$GPGSV,3,2,09,25,07,085,33,27,15,215,39,28,69,128,46,31,49,178,43,6*61
$GPGSV,3,3,09,32,48,021,43,6*53
$GLGSV,3,1,10,69,11,050,43,70,41,345,35,71,25,290,45,73,13,158,42,1*77
$GLGSV,3,2,10,79,14,049,44,80,28,103,46,84,33,183,36,85,61,259,48,1*77
$GLGSV,3,3,10,86,22,325,43,,,,49,1*49
$GLGSV,3,1,10,69,11,050,44,70,41,345,09,71,25,290,42,73,13,158,41,3*79
$GLGSV,3,2,10,79,14,049,39,80,28,103,45,84,33,183,44,85,61,259,46,3*77
$GLGSV,3,3,10,86,22,325,40,,,,47,3*46
$GAGSV,2,1,06,03,65,305,47,05,39,033,46,08,25,250,43,15,47,319,47,2*7B
$GAGSV,2,2,06,34,75,170,47,36,23,149,43,2*7F
$GAGSV,2,1,07,03,65,305,46,05,39,033,43,08,25,250,40,15,47,319,44,7*7B
$GAGSV,2,2,07,25,07,130,35,34,75,170,48,36,23,149,42,7*41
$GAGSV,1,1,02,16,06,108,,24,02,084,,0*76
$GBGSV,2,1,08,06,62,079,45,09,67,113,46,11,46,272,45,12,36,197,42,1*72
$GBGSV,2,2,08,13,48,072,44,16,56,067,45,26,35,145,46,34,45,234,46,1*70
$GBGSV,2,1,08,06,62,079,43,08,34,087,43,09,67,113,45,11,46,272,48,B*01
$GBGSV,2,2,08,12,36,197,48,13,48,072,43,14,21,289,45,16,56,067,42,B*03
$GBGSV,2,1,07,10,03,160,,21,46,026,,22,11,070,,24,08,187,,0*74
$GBGSV,2,2,07,44,18,178,,45,29,078,,50,51,349,,0*4D
$GQGSV,1,1,02,04,20,076,35,07,19,104,33,1*6C
$GQGSV,1,1,02,04,20,076,35,07,19,104,41,6*6E
$GNGLL,2454.23235,N,06708.27190,E,153557.00,A,D*74
$GNRMC,153558.00,A,2454.23225,N,06708.27211,E,0.026,,020525,,,D,V*17
$GNVTG,,T,,M,0.026,N,0.047,K,D*3F
$GNGGA,153558.00,2454.23225,N,06708.27211,E,2,12,0.59,22.1,M,-44.2,M,1.0,0284*73
$GNGSA,A,3,10,23,28,32,01,27,31,08,02,,,,1.18,0.59,1.02,1*01
$GNGSA,A,3,70,73,84,79,71,80,69,85,86,,,,1.18,0.59,1.02,2*06
$GNGSA,A,3,03,36,34,08,,,,,,,,,1.18,0.59,1.02,3*0D
$GNGSA,A,3,06,14,08,13,12,11,09,16,,,,,1.18,0.59,1.02,4*07
$GNGSA,A,3,07,04,,,,,,,,,,,1.18,0.59,1.02,5*01
$GPGSV,4,1,13,01,19,320,38,02,46,307,45,08,16,253,38,10,43,070,46,1*66
$GPGSV,4,2,13,23,11,102,36,25,07,085,34,27,15,215,38,28,69,128,47,1*6C
$GPGSV,4,3,13,31,49,178,46,32,48,021,47,40,59,208,47,41,56,146,46,1*69
$GPGSV,4,4,13,42,19,104,44,1*5D
$GPGSV,3,1,09,01,19,320,42,08,16,253,38,10,43,070,43,23,11,102,39,6*68
$GPGSV,3,2,09,25,07,085,33,27,15,215,39,28,69,128,46,31,49,178,43,6*61
$GPGSV,3,3,09,32,48,021,43,6*53
$GLGSV,3,1,10,69,11,050,43,70,41,345,35,71,25,290,45,73,13,158,42,1*77
$GLGSV,3,2,10,79,14,049,44,80,28,103,46,84,33,183,36,85,61,259,49,1*76
$GLGSV,3,3,10,86,22,325,43,,,,49,1*49
$GLGSV,3,1,10,69,11,050,44,70,41,345,07,71,25,290,42,73,13,158,41,3*77
$GLGSV,3,2,10,79,14,049,39,80,28,103,45,84,33,183,44,85,61,259,46,3*77
$GLGSV,3,3,10,86,22,325,40,,,,47,3*46
$GAGSV,2,1,06,03,65,305,47,05,39,033,46,08,25,250,43,15,47,319,47,2*7B
$GAGSV,2,2,06,34,75,170,48,36,23,149,43,2*70
$GAGSV,2,1,07,03,65,305,46,05,39,033,43,08,25,250,40,15,47,319,44,7*7B
$GAGSV,2,2,07,25,07,130,35,34,75,170,47,36,23,149,41,7*4D
$GAGSV,1,1,02,16,06,108,,24,02,084,,0*76
$GBGSV,2,1,08,06,62,079,45,09,67,113,46,11,46,272,45,12,36,197,42,1*72
$GBGSV,2,2,08,13,48,072,44,16,56,067,45,26,35,145,46,34,45,234,46,1*70
$GBGSV,2,1,08,06,62,079,43,08,34,087,43,09,67,113,45,11,46,272,48,B*01
$GBGSV,2,2,08,12,36,197,48,13,48,072,43,14,21,289,44,16,56,067,42,B*02
$GBGSV,2,1,07,10,03,160,,21,46,026,,22,11,070,,24,08,187,,0*74
$GBGSV,2,2,07,44,18,178,,45,29,078,,50,51,349,,0*4D
$GQGSV,1,1,02,04,20,076,34,07,19,104,32,1*6C
$GQGSV,1,1,02,04,20,076,35,07,19,104,41,6*6E
$GNGLL,2454.23225,N,06708.27211,E,153558.00,A,D*70
$GNRMC,153559.00,A,2454.23226,N,06708.27210,E,0.118,,020525,,,D,V*18
$GNVTG,,T,,M,0.118,N,0.219,K,D*3A
$GNGGA,153559.00,2454.23226,N,06708.27210,E,2,12,0.59,22.3,M,-44.2,M,1.0,0284*72
$GNGSA,A,3,10,23,28,32,01,27,31,08,02,,,,1.18,0.59,1.02,1*01
$GNGSA,A,3,70,73,84,79,71,80,69,85,86,,,,1.18,0.59,1.02,2*06
$GNGSA,A,3,03,36,34,08,,,,,,,,,1.18,0.59,1.02,3*0D
$GNGSA,A,3,06,14,08,13,12,11,09,16,,,,,1.18,0.59,1.02,4*07
$GNGSA,A,3,07,04,,,,,,,,,,,1.18,0.59,1.02,5*01
$GPGSV,4,1,13,01,19,320,38,02,46,307,45,08,16,253,38,10,43,070,46,1*66
$GPGSV,4,2,13,23,11,102,36,25,07,085,34,27,15,215,38,28,69,128,47,1*6C
$GPGSV,4,3,13,31,49,178,46,32,48,021,47,40,59,208,47,41,56,146,45,1*6A
$GPGSV,4,4,13,42,19,104,44,1*5D
$GPGSV,3,1,09,01,19,320,42,08,16,253,39,10,43,070,43,23,11,102,39,6*69
$GPGSV,3,2,09,25,07,085,33,27,15,215,39,28,69,128,46,31,49,178,43,6*61
$GPGSV,3,3,09,32,48,021,43,6*53
$GLGSV,3,1,10,69,11,050,43,70,41,345,35,71,25,290,45,73,13,158,42,1*77
$GLGSV,3,2,10,79,14,049,44,80,28,103,46,84,33,183,36,85,61,259,49,1*76
$GLGSV,3,3,10,86,22,325,43,,,,49,1*49
$GLGSV,3,1,10,69,11,050,44,70,41,345,08,71,25,290,42,73,13,158,41,3*78
$GLGSV,3,2,10,79,14,049,39,80,28,103,45,84,33,183,44,85,61,259,46,3*77
$GLGSV,3,3,10,86,22,325,41,,,,47,3*47
$GAGSV,2,1,06,03,65,305,48,05,39,033,46,08,25,250,43,15,47,319,47,2*74
$GAGSV,2,2,06,34,75,170,48,36,23,149,43,2*70
$GAGSV,2,1,07,03,65,305,46,05,39,033,42,08,25,250,40,15,47,319,44,7*7A
$GAGSV,2,2,07,25,07,130,35,34,75,170,47,36,23,149,41,7*4D
$GAGSV,1,1,02,16,06,108,,24,02,084,,0*76
$GBGSV,2,1,08,06,62,079,45,09,67,113,46,11,46,271,45,12,36,197,42,1*71
$GBGSV,2,2,08,13,48,072,44,16,56,067,45,26,35,145,46,34,45,234,46,1*70
$GBGSV,2,1,08,06,62,079,43,08,34,087,43,09,67,113,45,11,46,271,48,B*02
$GBGSV,2,2,08,12,36,197,48,13,48,072,43,14,21,289,44,16,56,067,42,B*02
$GBGSV,2,1,07,10,03,160,,21,46,026,,22,11,070,,24,08,187,,0*74
$GBGSV,2,2,07,44,18,178,,45,29,078,,50,51,349,,0*4D
$GQGSV,1,1,02,04,20,076,34,07,19,104,32,1*6C
$GQGSV,1,1,02,04,20,076,35,07,19,104,41,6*6E
$GNGLL,2454.23226,N,06708.27210,E,153559.00,A,D*73
$GNRMC,153600.00,A,2454.23227,N,06708.27209,E,0.003,,020525,,,D,V*15
$GNVTG,,T,,M,0.003,N,0.005,K,D*3E
$GNGGA,153600.00,2454.23227,N,06708.27209,E,2,12,0.59,22.4,M,-44.2,M,1.0,0284*73
$GNGSA,A,3,10,23,28,32,01,27,31,08,02,,,,1.18,0.59,1.02,1*01
$GNGSA,A,3,70,73,84,79,71,80,69,85,86,,,,1.18,0.59,1.02,2*06
$GNGSA,A,3,03,36,34,08,,,,,,,,,1.18,0.59,1.02,3*0D
$GNGSA,A,3,06,14,08,13,12,11,09,16,,,,,1.18,0.59,1.02,4*07
$GNGSA,A,3,07,04,,,,,,,,,,,1.18,0.59,1.02,5*01
$GPGSV,4,1,13,01,19,320,38,02,46,307,45,08,16,253,38,10,43,070,46,1*66
$GPGSV,4,2,13,23,11,102,36,25,07,085,34,27,15,215,38,28,69,128,47,1*6C
$GPGSV,4,3,13,31,49,178,46,32,48,021,47,40,59,208,47,41,56,146,46,1*69
$GPGSV,4,4,13,42,19,104,44,1*5D
$GPGSV,3,1,09,01,19,320,42,08,16,253,39,10,43,070,43,23,11,102,39,6*69
$GPGSV,3,2,09,25,07,085,34,27,15,215,40,28,69,128,47,31,49,178,43,6*69
$GPGSV,3,3,09,32,48,021,44,6*54
$GLGSV,3,1,10,69,11,050,43,70,41,345,35,71,25,290,46,73,13,158,42,1*74
$GLGSV,3,2,10,79,14,049,44,80,28,103,46,84,33,183,36,85,61,259,49,1*76
$GLGSV,3,3,10,86,22,325,43,,,,49,1*49
$GLGSV,3,1,10,69,11,050,44,70,41,345,09,71,25,290,41,73,13,158,41,3*7A
$GLGSV,3,2,10,79,14,049,39,80,28,103,45,84,33,183,44,85,61,259,46,3*77
$GLGSV,3,3,10,86,22,325,41,,,,47,3*47
$GAGSV,2,1,06,03,65,305,49,05,39,033,47,08,25,250,44,15,47,319,48,2*7C
$GAGSV,2,2,06,34,75,170,49,36,23,149,45,2*77
$GAGSV,2,1,07,03,65,305,46,05,39,033,43,08,25,250,40,15,47,319,44,7*7B
$GAGSV,2,2,07,25,07,130,35,34,75,170,48,36,23,149,42,7*41
$GAGSV,1,1,02,16,06,108,,24,02,084,,0*76
$GBGSV,2,1,08,06,62,079,45,09,67,113,46,11,46,271,45,12,36,197,42,1*71
$GBGSV,2,2,08,13,48,072,44,16,56,067,46,26,35,145,46,34,45,234,46,1*73
$GBGSV,2,1,08,06,62,079,44,08,34,087,43,09,67,113,46,11,46,271,49,B*07
$GBGSV,2,2,08,12,36,197,49,13,48,072,44,14,21,289,46,16,56,067,44,B*00
$GBGSV,2,1,07,10,03,160,,21,46,026,,22,11,070,,24,08,187,,0*74
$GBGSV,2,2,07,44,18,178,,45,29,078,,50,51,349,,0*4D
$GQGSV,1,1,02,04,20,076,34,07,19,104,32,1*6C
$GQGSV,1,1,02,04,20,076,35,07,19,104,41,6*6E
$GNGLL,2454.23227,N,06708.27209,E,153600.00,A,D*75
$GNRMC,153601.00,A,2454.23242,N,06708.27189,E,0.009,,020525,,,F,V*14
$GNVTG,,T,,M,0.009,N,0.017,K,D*37
$GNGGA,153601.00,2454.23242,N,06708.27189,E,5,12,0.65,22.0,M,-44.2,M,1.0,0284*76
$GNGSA,A,3,10,23,28,32,01,27,31,08,02,,,,1.29,0.65,1.12,1*0D
$GNGSA,A,3,70,73,79,71,80,69,,,,,,,1.29,0.65,1.12,2*05
$GNGSA,A,3,05,03,36,34,08,,,,,,,,1.29,0.65,1.12,3*04
$GNGSA,A,3,06,14,08,13,12,11,09,16,34,26,,,1.29,0.65,1.12,4*08
$GNGSA,A,3,07,04,,,,,,,,,,,1.29,0.65,1.12,5*0D
$GPGSV,4,1,13,01,19,320,38,02,46,307,45,08,16,253,38,10,43,070,46,1*66
$GPGSV,4,2,13,23,11,102,37,25,07,085,35,27,15,215,38,28,69,128,47,1*6C
$GPGSV,4,3,13,31,49,178,46,32,48,021,47,40,59,208,47,41,56,146,46,1*69
$GPGSV,4,4,13,42,19,104,44,1*5D
$GPGSV,3,1,09,01,19,320,42,08,16,253,39,10,43,070,43,23,11,102,39,6*69
$GPGSV,3,2,09,25,07,085,33,27,15,215,40,28,69,128,47,31,49,178,43,6*6E
$GPGSV,3,3,09,32,48,021,44,6*54
$GLGSV,3,1,10,69,11,050,43,70,41,345,35,71,25,290,46,73,13,158,43,1*75
$GLGSV,3,2,10,79,14,049,45,80,28,103,46,84,33,183,36,85,61,259,50,1*7F
$GLGSV,3,3,10,86,22,325,43,,,,49,1*49
$GLGSV,3,1,10,69,11,050,44,70,41,345,09,71,25,290,41,73,13,158,41,3*7A
$GLGSV,3,2,10,79,14,049,39,80,28,103,45,84,33,183,44,85,61,259,45,3*74
$GLGSV,3,3,10,86,22,325,40,,,,47,3*46
$GAGSV,2,1,06,03,65,305,48,05,39,033,47,08,25,250,43,15,47,319,47,2*75
$GAGSV,2,2,06,34,75,170,49,36,23,149,44,2*76
$GAGSV,2,1,07,03,65,305,46,05,39,033,43,08,25,250,40,15,47,319,45,7*7A
$GAGSV,2,2,07,25,07,130,35,34,75,170,48,36,23,149,42,7*41
$GAGSV,1,1,02,16,06,108,,24,02,084,,0*76
$GBGSV,2,1,08,06,62,079,46,09,67,113,47,11,46,271,46,12,36,197,43,1*71
$GBGSV,2,2,08,13,48,072,46,16,56,067,47,26,35,145,47,34,45,234,47,1*70
$GBGSV,2,1,08,06,62,079,44,08,34,087,44,09,67,113,45,11,46,271,48,B*02
$GBGSV,2,2,08,12,36,197,48,13,48,072,44,14,21,289,45,16,56,067,43,B*05
$GBGSV,2,1,07,10,03,160,,21,46,026,,22,11,070,,24,08,187,,0*74
$GBGSV,2,2,07,44,18,178,,45,29,078,,50,51,349,,0*4D
$GQGSV,1,1,02,04,20,076,34,07,19,104,33,1*6D
$GQGSV,1,1,02,04,20,076,35,07,19,104,41,6*6E
$GNGLL,2454.23242,N,06708.27189,E,153601.00,A,D*7C
$GNRMC,153602.00,A,2454.23241,N,06708.27190,E,0.100,,020525,,,R,V*00
$GNVTG,,T,,M,0.100,N,0.185,K,D*35
$GNGGA,153602.00,2454.23241,N,06708.27190,E,4,12,0.59,21.8,M,-44.2,M,1.0,0284*7B
$GNGSA,A,3,10,28,32,01,27,31,08,02,23,,,,1.18,0.59,1.02,1*01
$GNGSA,A,3,70,84,73,85,86,79,71,80,69,,,,1.18,0.59,1.02,2*06
$GNGSA,A,3,03,36,34,08,,,,,,,,,1.18,0.59,1.02,3*0D
$GNGSA,A,3,14,08,13,12,11,09,16,34,,,,,1.18,0.59,1.02,4*06
$GNGSA,A,3,07,04,,,,,,,,,,,1.18,0.59,1.02,5*01
$GPGSV,4,1,13,01,19,320,38,02,46,307,45,08,16,253,38,10,43,070,46,1*66
$GPGSV,4,2,13,23,11,102,37,25,07,085,35,27,15,215,38,28,69,128,47,1*6C
$GPGSV,4,3,13,31,49,178,46,32,48,021,47,40,59,208,47,41,56,146,46,1*69
$GPGSV,4,4,13,42,19,104,44,1*5D
$GPGSV,3,1,09,01,19,320,42,08,16,253,39,10,43,070,43,23,11,102,39,6*69
$GPGSV,3,2,09,25,07,085,33,27,15,215,40,28,69,128,47,31,49,178,43,6*6E
$GPGSV,3,3,09,32,48,021,44,6*54
$GLGSV,3,1,10,69,11,050,43,70,41,345,35,71,25,290,46,73,13,158,43,1*75
$GLGSV,3,2,10,79,14,049,45,80,28,103,46,84,33,183,37,85,61,259,50,1*7E
$GLGSV,3,3,10,86,22,325,44,,,,49,1*4E
$GLGSV,3,1,10,69,11,050,44,70,41,345,09,71,25,290,41,73,13,158,41,3*7A
$GLGSV,3,2,10,79,14,049,39,80,28,103,45,84,33,183,44,85,61,259,46,3*77
$GLGSV,3,3,10,86,22,325,40,,,,47,3*46
$GAGSV,2,1,06,03,65,305,48,05,39,033,47,08,25,250,43,15,47,319,47,2*75
$GAGSV,2,2,06,34,75,170,48,36,23,149,44,2*77
$GAGSV,2,1,07,03,65,305,46,05,39,033,43,08,25,250,40,15,47,319,45,7*7A
$GAGSV,2,2,07,25,07,130,35,34,75,170,48,36,23,149,42,7*41
$GAGSV,1,1,02,16,06,108,,24,02,084,,0*76
$GBGSV,2,1,08,06,62,079,46,09,67,113,47,11,46,271,46,12,36,197,43,1*71
$GBGSV,2,2,08,13,48,072,46,16,56,067,47,26,35,145,47,34,45,234,47,1*70
$GBGSV,2,1,08,06,62,079,44,08,34,087,44,09,67,113,45,11,46,271,48,B*02
$GBGSV,2,2,08,12,36,197,48,13,48,072,44,14,21,289,45,16,56,067,43,B*05
$GBGSV,2,1,07,10,03,160,,21,46,026,,22,11,070,,24,08,187,,0*74
$GBGSV,2,2,07,44,18,178,,45,29,078,,50,51,349,,0*4D
$GQGSV,1,1,02,04,20,076,34,07,19,104,33,1*6D
$GQGSV,1,1,02,04,20,076,35,07,19,104,41,6*6E
$GNGLL,2454.23241,N,06708.27190,E,153602.00,A,D*74
$GNRMC,153603.00,A,2454.23241,N,06708.27190,E,0.005,,020525,,,R,V*05
$GNVTG,,T,,M,0.005,N,0.008,K,D*35
$GNGGA,153603.00,2454.23241,N,06708.27190,E,4,12,0.59,21.8,M,-44.2,M,1.0,0284*7A
$GNGSA,A,3,10,28,32,01,27,31,08,02,23,,,,1.18,0.59,1.02,1*01
$GNGSA,A,3,70,84,73,85,86,79,71,80,69,,,,1.18,0.59,1.02,2*06
$GNGSA,A,3,03,36,34,08,,,,,,,,,1.18,0.59,1.02,3*0D
$GNGSA,A,3,14,08,13,12,11,09,16,34,,,,,1.18,0.59,1.02,4*06
$GNGSA,A,3,07,04,,,,,,,,,,,1.18,0.59,1.02,5*01
$GPGSV,4,1,13,01,19,320,38,02,46,307,45,08,16,253,38,10,43,070,46,1*66
$GPGSV,4,2,13,23,11,102,37,25,07,085,35,27,15,215,38,28,69,128,47,1*6C
$GPGSV,4,3,13,31,49,178,46,32,48,021,47,40,59,208,47,41,56,146,46,1*69
$GPGSV,4,4,13,42,19,104,44,1*5D
$GPGSV,3,1,09,01,19,320,42,08,16,253,39,10,43,070,43,23,11,102,39,6*69
$GPGSV,3,2,09,25,07,085,33,27,15,215,40,28,69,128,47,31,49,178,43,6*6E
$GPGSV,3,3,09,32,48,021,44,6*54
$GLGSV,3,1,10,69,11,050,43,70,41,345,36,71,25,290,46,73,13,158,43,1*76
$GLGSV,3,2,10,79,14,049,45,80,28,103,46,84,33,183,37,85,61,259,50,1*7E
$GLGSV,3,3,10,86,22,325,44,,,,49,1*4E
$GLGSV,3,1,10,69,11,050,44,70,41,345,09,71,25,290,41,73,13,158,41,3*7A
$GLGSV,3,2,10,79,14,049,39,80,28,103,45,84,33,183,44,85,61,259,45,3*74
$GLGSV,3,3,10,86,22,325,40,,,,47,3*46
$GAGSV,2,1,06,03,65,305,48,05,39,033,47,08,25,250,43,15,47,319,47,2*75
$GAGSV,2,2,06,34,75,170,48,36,23,149,44,2*77
$GAGSV,2,1,07,03,65,305,47,05,39,033,43,08,25,250,40,15,47,319,45,7*7B
$GAGSV,2,2,07,25,07,130,35,34,75,170,48,36,23,149,42,7*41
$GAGSV,1,1,02,16,06,108,,24,02,084,,0*76
$GBGSV,2,1,08,06,62,079,46,09,67,113,46,11,46,271,46,12,36,197,42,1*71
$GBGSV,2,2,08,13,48,072,45,16,56,066,46,26,35,145,46,34,45,234,46,1*73
$GBGSV,2,1,08,06,62,079,44,08,34,087,44,09,67,113,45,11,46,271,48,B*02
$GBGSV,2,2,08,12,36,197,48,13,48,072,44,14,21,289,45,16,56,066,43,B*04
$GBGSV,2,1,07,10,03,160,,21,46,026,,22,11,070,,24,08,187,,0*74
$GBGSV,2,2,07,44,18,178,,45,29,078,,50,51,349,,0*4D
$GQGSV,1,1,02,04,20,076,34,07,19,104,32,1*6C
$GQGSV,1,1,02,04,20,076,35,07,19,104,41,6*6E
$GNGLL,2454.23241,N,06708.27190,E,153603.00,A,D*75
$GNRMC,153604.00,A,2454.23241,N,06708.27190,E,0.006,,020525,,,R,V*01
$GNVTG,,T,,M,0.006,N,0.011,K,D*3E
$GNGGA,153604.00,2454.23241,N,06708.27190,E,4,12,0.59,21.8,M,-44.2,M,1.0,0284*7D
$GNGSA,A,3,10,28,32,01,27,31,08,02,23,,,,1.18,0.59,1.02,1*01
$GNGSA,A,3,70,84,73,85,86,79,71,80,69,,,,1.18,0.59,1.02,2*06
$GNGSA,A,3,03,36,34,08,,,,,,,,,1.18,0.59,1.02,3*0D
$GNGSA,A,3,14,08,13,12,11,09,16,34,,,,,1.18,0.59,1.02,4*06
$GNGSA,A,3,07,04,,,,,,,,,,,1.18,0.59,1.02,5*01
$GPGSV,4,1,13,01,19,320,38,02,46,307,45,08,16,253,38,10,43,070,46,1*66
$GPGSV,4,2,13,23,11,102,36,25,07,085,35,27,15,215,38,28,69,128,47,1*6D
$GPGSV,4,3,13,31,49,178,46,32,48,021,47,40,59,208,47,41,56,146,46,1*69
$GPGSV,4,4,13,42,19,104,44,1*5D
$GPGSV,3,1,09,01,19,320,42,08,16,253,39,10,43,070,43,23,11,102,39,6*69
$GPGSV,3,2,09,25,07,085,33,27,15,215,40,28,69,128,46,31,49,178,43,6*6F
$GPGSV,3,3,09,32,48,021,44,6*54
$GLGSV,3,1,10,69,11,050,43,70,41,345,36,71,25,290,46,73,13,158,43,1*76
$GLGSV,3,2,10,79,14,049,45,80,28,103,46,84,33,183,37,85,61,259,50,1*7E
$GLGSV,3,3,10,86,22,325,44,,,,49,1*4E
$GLGSV,3,1,10,69,11,050,44,70,41,345,09,71,25,290,41,73,13,158,41,3*7A
$GLGSV,3,2,10,79,14,049,39,80,28,103,45,84,33,183,44,85,61,259,45,3*74
$GLGSV,3,3,10,86,22,325,40,,,,47,3*46
$GAGSV,2,1,06,03,65,305,48,05,39,033,47,08,25,250,43,15,47,319,47,2*75
$GAGSV,2,2,06,34,75,170,48,36,23,149,44,2*77
$GAGSV,2,1,07,03,65,305,47,05,39,033,43,08,25,250,40,15,47,319,45,7*7B
$GAGSV,2,2,07,25,07,130,35,34,75,170,48,36,23,149,42,7*41
$GAGSV,1,1,02,16,06,108,,24,02,084,,0*76
$GBGSV,2,1,08,06,62,079,46,09,67,113,46,11,46,271,46,12,36,197,43,1*70
$GBGSV,2,2,08,13,48,072,45,16,56,066,46,26,35,145,46,34,45,234,46,1*73
$GBGSV,2,1,08,06,62,079,44,08,34,087,44,09,67,113,45,11,46,271,48,B*02
$GBGSV,2,2,08,12,36,197,48,13,48,072,44,14,21,289,45,16,56,066,43,B*04
$GBGSV,2,1,07,10,03,160,,21,46,026,,22,11,070,,24,08,187,,0*74
$GBGSV,2,2,07,44,18,178,,45,29,078,,50,51,349,,0*4D
$GQGSV,1,1,02,04,20,076,34,07,19,104,33,1*6D
$GQGSV,1,1,02,04,20,076,36,07,19,104,41,6*6D
$GNGLL,2454.23241,N,06708.27190,E,153604.00,A,D*72
$GNRMC,153605.00,A,2454.23241,N,06708.27190,E,0.004,,020525,,,R,V*02
$GNVTG,,T,,M,0.004,N,0.007,K,D*3B
$GNGGA,153605.00,2454.23241,N,06708.27190,E,4,12,0.59,21.8,M,-44.2,M,1.0,0284*7C
$GNGSA,A,3,10,28,32,01,27,31,08,02,23,,,,1.18,0.59,1.02,1*01
$GNGSA,A,3,70,84,73,85,86,79,71,80,69,,,,1.18,0.59,1.02,2*06
$GNGSA,A,3,03,36,34,08,,,,,,,,,1.18,0.59,1.02,3*0D
$GNGSA,A,3,14,08,13,12,11,09,16,34,,,,,1.18,0.59,1.02,4*06
$GNGSA,A,3,07,04,,,,,,,,,,,1.18,0.59,1.02,5*01
$GPGSV,4,1,13,01,19,320,38,02,46,307,45,08,16,253,38,10,43,070,46,1*66
$GPGSV,4,2,13,23,11,102,36,25,07,085,35,27,15,215,38,28,69,128,47,1*6D
$GPGSV,4,3,13,31,49,178,46,32,48,021,47,40,59,208,47,41,56,146,46,1*69
$GPGSV,4,4,13,42,19,104,44,1*5D
$GPGSV,3,1,09,01,19,320,42,08,16,253,39,10,43,070,43,23,11,102,39,6*69
$GPGSV,3,2,09,25,07,085,32,27,15,215,40,28,69,128,47,31,49,178,43,6*6F
$GPGSV,3,3,09,32,48,021,44,6*54
$GLGSV,3,1,10,69,11,050,43,70,41,345,36,71,25,290,46,73,13,158,43,1*76
$GLGSV,3,2,10,79,14,049,45,80,28,103,46,84,33,183,36,85,61,259,50,1*7F
$GLGSV,3,3,10,86,22,325,44,,,,49,1*4E
$GLGSV,3,1,10,69,11,050,44,70,41,345,09,71,25,290,41,73,13,158,41,3*7A
$GLGSV,3,2,10,79,14,049,39,80,28,103,45,84,33,183,44,85,61,259,46,3*77
$GLGSV,3,3,10,86,22,325,40,,,,47,3*46
$GAGSV,2,1,06,03,65,305,48,05,39,033,46,08,25,250,43,15,47,319,47,2*74
$GAGSV,2,2,06,34,75,170,47,36,23,149,43,2*7F
$GAGSV,2,1,07,03,65,305,47,05,39,033,43,08,25,250,40,15,47,319,45,7*7B
$GAGSV,2,2,07,25,07,130,35,34,75,170,48,36,23,149,42,7*41
$GAGSV,1,1,02,16,06,108,,24,02,084,,0*76
$GBGSV,2,1,08,06,62,079,46,09,67,113,46,11,46,271,46,12,36,197,43,1*70
$GBGSV,2,2,08,13,48,072,45,16,56,066,46,26,35,145,46,34,45,234,46,1*73
$GBGSV,2,1,08,06,62,079,43,08,34,087,43,09,67,113,45,11,46,271,47,B*0D
$GBGSV,2,2,08,12,36,197,47,13,48,072,43,14,21,289,45,16,56,066,43,B*0C
$GBGSV,2,1,07,10,03,160,,21,46,026,,22,11,070,,24,08,187,,0*74
$GBGSV,2,2,07,44,18,178,,45,29,078,,50,51,349,,0*4D
$GQGSV,1,1,02,04,20,076,35,07,19,104,33,1*6C
$GQGSV,1,1,02,04,20,076,36,07,19,104,41,6*6D
$GNGLL,2454.23241,N,06708.27190,E,153605.00,A,D*73
$GNRMC,153606.00,A,2454.23241,N,06708.27190,E,0.003,,020525,,,R,V*06
$GNVTG,,T,,M,0.003,N,0.006,K,D*3D
$GNGGA,153606.00,2454.23241,N,06708.27190,E,4,12,0.59,21.8,M,-44.2,M,1.0,0284*7F
$GNGSA,A,3,10,28,32,01,27,31,08,02,23,,,,1.18,0.59,1.02,1*01
$GNGSA,A,3,70,84,73,85,86,79,71,80,69,,,,1.18,0.59,1.02,2*06
$GNGSA,A,3,03,36,34,08,,,,,,,,,1.18,0.59,1.02,3*0D
$GNGSA,A,3,14,08,13,12,11,09,16,34,,,,,1.18,0.59,1.02,4*06
$GNGSA,A,3,07,04,,,,,,,,,,,1.18,0.59,1.02,5*01
$GPGSV,4,1,13,01,19,320,38,02,46,307,45,08,16,253,38,10,43,070,46,1*66
$GPGSV,4,2,13,23,11,102,36,25,07,085,35,27,15,215,38,28,69,128,47,1*6D
$GPGSV,4,3,13,31,49,178,46,32,48,021,47,40,59,208,47,41,56,146,46,1*69
$GPGSV,4,4,13,42,19,104,44,1*5D
$GPGSV,3,1,09,01,19,320,42,08,16,253,39,10,43,070,43,23,11,102,39,6*69
$GPGSV,3,2,09,25,07,085,32,27,15,215,40,28,69,128,47,31,49,178,43,6*6F
$GPGSV,3,3,09,32,48,021,44,6*54
$GLGSV,3,1,10,69,11,050,43,70,41,345,36,71,25,290,46,73,13,158,43,1*76
$GLGSV,3,2,10,79,14,049,45,80,28,103,46,84,33,183,37,85,61,259,50,1*7E
$GLGSV,3,3,10,86,22,325,44,,,,49,1*4E
$GLGSV,3,1,10,69,11,050,44,70,41,345,09,71,25,290,41,73,13,158,41,3*7A
$GLGSV,3,2,10,79,14,049,39,80,28,103,45,84,33,183,44,85,61,259,46,3*77
$GLGSV,3,3,10,86,22,325,41,,,,47,3*47
$GAGSV,2,1,06,03,65,305,47,05,39,033,46,08,25,250,42,15,47,319,46,2*7B
$GAGSV,2,2,06,34,75,170,47,36,23,149,43,2*7F
$GAGSV,2,1,07,03,65,305,47,05,39,033,43,08,25,250,40,15,47,319,45,7*7B
$GAGSV,2,2,07,25,07,130,35,34,75,170,48,36,23,149,42,7*41
$GAGSV,1,1,02,16,06,108,,24,02,084,,0*76
$GBGSV,2,1,08,06,62,079,46,09,67,113,46,11,46,271,46,12,36,197,42,1*71
$GBGSV,2,2,08,13,48,072,45,16,56,066,46,26,35,145,47,34,45,234,46,1*72
$GBGSV,2,1,08,06,62,079,43,08,34,087,43,09,67,113,44,11,46,271,47,B*0C
$GBGSV,2,2,08,12,36,197,47,13,48,072,43,14,21,289,44,16,56,066,43,B*0D
$GBGSV,2,1,07,10,03,160,,21,45,027,,22,11,070,,24,08,187,,0*76
$GBGSV,2,2,07,44,18,178,,45,29,078,,50,51,349,,0*4D
$GQGSV,1,1,02,04,20,076,35,07,19,104,33,1*6C
$GQGSV,1,1,02,04,20,076,36,07,19,104,41,6*6D
$GNGLL,2454.23241,N,06708.27190,E,153606.00,A,D*70
$GNRMC,153607.00,A,2454.23241,N,06708.27190,E,0.007,,020525,,,R,V*03
$GNVTG,,T,,M,0.007,N,0.014,K,D*3A
$GNGGA,153607.00,2454.23241,N,06708.27190,E,4,12,0.59,21.8,M,-44.2,M,1.0,0284*7E
$GNGSA,A,3,10,28,32,01,27,31,08,02,23,,,,1.18,0.59,1.02,1*01
$GNGSA,A,3,70,84,73,85,86,79,71,80,69,,,,1.18,0.59,1.02,2*06
$GNGSA,A,3,03,36,34,08,,,,,,,,,1.18,0.59,1.02,3*0D
$GNGSA,A,3,14,08,13,12,11,09,16,34,,,,,1.18,0.59,1.02,4*06
$GNGSA,A,3,07,04,,,,,,,,,,,1.18,0.59,1.02,5*01
$GPGSV,4,1,13,01,19,320,38,02,46,307,45,08,16,253,38,10,43,070,46,1*66
$GPGSV,4,2,13,23,11,102,37,25,07,085,35,27,15,215,38,28,69,128,47,1*6C
$GPGSV,4,3,13,31,49,178,46,32,48,021,47,40,59,208,47,41,56,146,46,1*69
$GPGSV,4,4,13,42,19,104,45,1*5C
$GPGSV,3,1,09,01,19,320,42,08,16,253,39,10,43,070,43,23,11,102,39,6*69
$GPGSV,3,2,09,25,07,085,31,27,15,215,40,28,69,128,47,31,49,178,43,6*6C
$GPGSV,3,3,09,32,48,021,44,6*54
$GLGSV,3,1,10,69,11,050,43,70,41,345,36,71,25,290,46,73,13,158,43,1*76
$GLGSV,3,2,10,79,14,049,45,80,28,103,46,84,33,183,37,85,61,259,50,1*7E
$GLGSV,3,3,10,86,22,325,44,,,,49,1*4E
$GLGSV,3,1,10,69,11,050,44,70,41,345,07,71,25,290,41,73,13,158,41,3*74
$GLGSV,3,2,10,79,14,049,39,80,28,103,45,84,33,183,44,85,61,259,46,3*77
$GLGSV,3,3,10,86,22,325,41,,,,47,3*47
$GAGSV,2,1,06,03,65,305,47,05,39,033,46,08,25,250,42,15,47,319,46,2*7B
$GAGSV,2,2,06,34,75,170,47,36,23,149,43,2*7F
$GAGSV,2,1,07,03,65,305,47,05,39,033,43,08,25,250,40,15,47,319,45,7*7B
$GAGSV,2,2,07,25,07,130,35,34,75,170,48,36,23,149,42,7*41
$GAGSV,1,1,02,16,06,108,,24,02,084,,0*76
$GBGSV,2,1,08,06,62,079,46,09,67,113,46,11,46,271,46,12,36,197,43,1*70
$GBGSV,2,2,08,13,48,072,45,16,56,066,46,26,35,145,46,34,45,234,46,1*73
$GBGSV,2,1,08,06,62,079,43,08,34,087,43,09,67,113,44,11,46,271,47,B*0C
$GBGSV,2,2,08,12,36,197,47,13,48,072,43,14,21,289,44,16,56,066,43,B*0D
$GBGSV,2,1,07,10,03,160,,21,45,027,,22,11,070,,24,08,187,,0*76
$GBGSV,2,2,07,44,18,178,,45,29,078,,50,51,349,,0*4D
$GQGSV,1,1,02,04,20,076,35,07,19,104,33,1*6C
$GQGSV,1,1,02,04,20,076,36,07,19,104,41,6*6D
$GNGLL,2454.23241,N,06708.27190,E,153607.00,A,D*71
$GNRMC,153608.00,A,2454.23241,N,06708.27190,E,0.006,,020525,,,R,V*0D
$GNVTG,,T,,M,0.006,N,0.010,K,D*3F
$GNGGA,153608.00,2454.23241,N,06708.27190,E,4,12,0.59,21.8,M,-44.2,M,1.0,0284*71
$GNGSA,A,3,10,28,32,01,27,31,08,02,23,,,,1.18,0.59,1.02,1*01
$GNGSA,A,3,70,84,73,85,86,79,71,80,69,,,,1.18,0.59,1.02,2*06
$GNGSA,A,3,03,36,34,08,,,,,,,,,1.18,0.59,1.02,3*0D
$GNGSA,A,3,14,08,13,12,11,09,16,34,,,,,1.18,0.59,1.02,4*06
$GNGSA,A,3,07,04,,,,,,,,,,,1.18,0.59,1.02,5*01
$GPGSV,4,1,13,01,19,320,38,02,46,307,45,08,16,253,38,10,43,070,46,1*66
$GPGSV,4,2,13,23,11,102,36,25,07,085,35,27,15,215,38,28,69,128,47,1*6D
$GPGSV,4,3,13,31,49,178,46,32,48,021,47,40,59,208,47,41,56,146,46,1*69
$GPGSV,4,4,13,42,19,104,44,1*5D
$GPGSV,3,1,09,01,19,320,42,08,16,253,39,10,43,070,43,23,11,102,39,6*69
$GPGSV,3,2,09,25,07,085,31,27,15,215,40,28,69,128,47,31,49,178,43,6*6C
$GPGSV,3,3,09,32,48,021,44,6*54
$GLGSV,3,1,10,69,11,050,43,70,41,345,36,71,25,290,46,73,13,158,43,1*76
$GLGSV,3,2,10,79,14,049,45,80,28,103,46,84,33,183,37,85,61,259,50,1*7E
$GLGSV,3,3,10,86,22,325,44,,,,49,1*4E
$GLGSV,3,1,10,69,11,050,44,70,41,345,07,71,25,290,41,73,13,158,41,3*74
$GLGSV,3,2,10,79,14,049,39,80,28,103,45,84,33,183,44,85,61,259,46,3*77
$GLGSV,3,3,10,86,22,325,41,,,,47,3*47
$GAGSV,2,1,06,03,65,305,47,05,39,033,46,08,25,250,42,15,47,319,46,2*7B
$GAGSV,2,2,06,34,75,170,47,36,23,149,43,2*7F
$GAGSV,2,1,07,03,65,305,47,05,39,033,43,08,25,250,40,15,47,319,45,7*7B
$GAGSV,2,2,07,25,07,130,35,34,75,170,48,36,23,149,42,7*41
$GAGSV,1,1,02,16,06,108,,24,02,084,,0*76
$GBGSV,2,1,08,06,62,079,46,09,67,113,46,11,46,271,46,12,36,197,43,1*70
$GBGSV,2,2,08,13,48,072,45,16,56,066,46,26,35,145,47,34,45,234,46,1*72
$GBGSV,2,1,08,06,62,079,43,08,34,087,43,09,67,113,44,11,46,271,47,B*0C
$GBGSV,2,2,08,12,36,197,47,13,48,072,43,14,21,289,44,16,56,066,43,B*0D
$GBGSV,2,1,07,10,03,160,,21,45,027,,22,11,070,,24,08,187,,0*76
$GBGSV,2,2,07,44,18,178,,45,29,078,,50,51,349,,0*4D
$GQGSV,1,1,02,04,20,076,35,07,19,104,33,1*6C
$GQGSV,1,1,02,04,20,076,36,07,19,104,41,6*6D
$GNGLL,2454.23241,N,06708.27190,E,153608.00,A,D*7E
$GNRMC,153609.00,A,2454.23241,N,06708.27190,E,0.003,,020525,,,R,V*09
$GNVTG,,T,,M,0.003,N,0.006,K,D*3D
$GNGGA,153609.00,2454.23241,N,06708.27190,E,4,12,0.59,21.8,M,-44.2,M,1.0,0284*70
$GNGSA,A,3,10,28,32,01,27,31,08,02,23,,,,1.18,0.59,1.02,1*01
$GNGSA,A,3,70,84,73,85,86,79,71,80,69,,,,1.18,0.59,1.02,2*06
$GNGSA,A,3,03,36,34,08,,,,,,,,,1.18,0.59,1.02,3*0D
$GNGSA,A,3,14,08,13,12,11,09,16,34,,,,,1.18,0.59,1.02,4*06
$GNGSA,A,3,07,04,,,,,,,,,,,1.18,0.59,1.02,5*01
$GPGSV,4,1,13,01,19,320,38,02,46,307,45,08,16,253,38,10,43,070,46,1*66
$GPGSV,4,2,13,23,11,102,36,25,07,085,35,27,15,215,38,28,69,128,47,1*6D
$GPGSV,4,3,13,31,49,178,46,32,48,021,47,40,59,208,47,41,56,146,46,1*69
$GPGSV,4,4,13,42,19,104,44,1*5D
$GPGSV,3,1,09,01,19,320,42,08,16,253,39,10,43,070,43,23,11,102,39,6*69
$GPGSV,3,2,09,25,07,085,30,27,15,215,39,28,69,128,47,31,49,178,43,6*63
$GPGSV,3,3,09,32,48,021,44,6*54
$GLGSV,3,1,09,69,11,050,42,70,41,345,36,71,25,290,46,73,13,158,43,1*7F
$GLGSV,3,2,09,79,14,049,45,80,28,103,46,84,33,183,37,85,61,259,50,1*76
$GLGSV,3,3,09,86,22,325,44,1*4B
$GLGSV,3,1,09,69,11,050,44,70,41,345,07,71,25,290,41,73,13,158,41,3*7C
$GLGSV,3,2,09,79,14,049,40,80,28,103,45,84,33,183,44,85,61,259,46,3*71
$GLGSV,3,3,09,86,22,325,41,3*4C
$GAGSV,2,1,06,03,65,305,47,05,39,033,46,08,25,250,42,15,47,319,46,2*7B
$GAGSV,2,2,06,34,75,170,47,36,23,149,43,2*7F
$GAGSV,2,1,07,03,65,305,47,05,39,033,43,08,25,250,40,15,47,319,45,7*7B
$GAGSV,2,2,07,25,07,130,35,34,75,170,48,36,23,149,42,7*41
$GAGSV,1,1,02,16,06,108,,24,02,084,,0*76
$GBGSV,2,1,08,06,62,079,46,09,67,113,46,11,46,271,46,12,36,197,43,1*70
$GBGSV,2,2,08,13,48,072,45,16,56,066,47,26,35,145,47,34,45,234,46,1*73
$GBGSV,2,1,08,06,62,079,43,08,34,087,43,09,67,113,44,11,46,271,47,B*0C
$GBGSV,2,2,08,12,36,197,48,13,48,072,43,14,21,289,44,16,56,066,43,B*02
$GBGSV,2,1,07,10,03,160,,21,45,027,,22,11,070,,24,08,187,,0*76
$GBGSV,2,2,07,44,18,178,,45,29,078,,50,51,349,,0*4D
$GQGSV,1,1,02,04,20,076,35,07,19,104,33,1*6C
$GQGSV,1,1,02,04,20,076,36,07,19,104,41,6*6D
$GNGLL,2454.23241,N,06708.27190,E,153609.00,A,D*7F
$GNRMC,153610.00,A,2454.23241,N,06708.27190,E,0.006,,020525,,,R,V*04
$GNVTG,,T,,M,0.006,N,0.011,K,D*3E
$GNGGA,153610.00,2454.23241,N,06708.27190,E,4,12,0.59,21.8,M,-44.2,M,1.0,0284*78
$GNGSA,A,3,10,28,32,01,27,31,08,02,23,,,,1.18,0.59,1.02,1*01
$GNGSA,A,3,70,84,73,85,86,79,71,80,69,,,,1.18,0.59,1.02,2*06
$GNGSA,A,3,03,36,34,08,,,,,,,,,1.18,0.59,1.02,3*0D
$GNGSA,A,3,14,08,13,12,11,09,16,34,,,,,1.18,0.59,1.02,4*06
$GNGSA,A,3,07,04,,,,,,,,,,,1.18,0.59,1.02,5*01
$GPGSV,4,1,13,01,19,320,38,02,46,307,45,08,16,253,38,10,43,070,46,1*66
$GPGSV,4,2,13,23,11,102,36,25,07,085,35,27,15,215,39,28,69,128,47,1*6C
$GPGSV,4,3,13,31,49,178,46,32,48,021,47,40,59,208,47,41,56,146,46,1*69
$GPGSV,4,4,13,42,19,104,44,1*5D
$GPGSV,3,1,09,01,19,320,42,08,16,253,39,10,43,070,43,23,11,102,39,6*69
$GPGSV,3,2,09,25,07,085,31,27,15,215,40,28,69,128,47,31,49,178,43,6*6C
$GPGSV,3,3,09,32,48,021,44,6*54
$GLGSV,3,1,10,69,11,050,42,70,41,345,36,71,25,290,46,73,13,158,43,1*77
$GLGSV,3,2,10,79,14,049,45,80,28,103,46,84,33,183,37,85,61,259,50,1*7E
$GLGSV,3,3,10,86,22,325,44,,,,49,1*4E
$GLGSV,3,1,09,69,11,050,44,70,41,345,07,71,25,290,41,73,13,158,41,3*7C
$GLGSV,3,2,09,79,14,049,40,80,28,103,45,84,33,183,44,85,61,259,46,3*71
$GLGSV,3,3,09,86,22,325,41,3*4C
$GAGSV,2,1,06,03,65,305,47,05,39,033,46,08,25,250,42,15,47,319,46,2*7B
$GAGSV,2,2,06,34,75,170,47,36,23,149,43,2*7F
$GAGSV,2,1,07,03,65,305,47,05,39,033,43,08,25,250,40,15,47,319,45,7*7B
$GAGSV,2,2,07,25,07,130,35,34,75,170,48,36,23,149,42,7*41
$GAGSV,1,1,02,16,06,108,,24,02,084,,0*76
$GBGSV,2,1,08,06,62,079,46,09,67,113,46,11,46,271,46,12,36,197,43,1*70
$GBGSV,2,2,08,13,48,072,45,16,56,066,47,26,35,145,47,34,45,234,46,1*73
$GBGSV,2,1,08,06,62,079,43,08,34,087,43,09,67,113,44,11,46,271,47,B*0C
$GBGSV,2,2,08,12,36,197,48,13,48,072,43,14,21,289,44,16,56,066,43,B*02
$GBGSV,2,1,07,10,03,160,,21,45,027,,22,11,070,,24,08,187,,0*76
$GBGSV,2,2,07,44,18,178,,45,29,078,,50,51,349,,0*4D
$GQGSV,1,1,02,04,20,076,35,07,19,104,33,1*6C
$GQGSV,1,1,02,04,20,076,36,07,19,104,41,6*6D
$GNGLL,2454.23241,N,06708.27190,E,153610.00,A,D*77
$GNRMC,153611.00,A,2454.23241,N,06708.27190,E,0.001,,020525,,,R,V*02
$GNVTG,,T,,M,0.001,N,0.002,K,D*3B
$GNGGA,153611.00,2454.23241,N,06708.27190,E,4,12,0.59,21.8,M,-44.2,M,1.0,0284*79
$GNGSA,A,3,10,28,32,01,27,31,08,02,23,,,,1.18,0.59,1.02,1*01
$GNGSA,A,3,70,84,73,85,86,79,71,80,69,,,,1.18,0.59,1.02,2*06
$GNGSA,A,3,03,36,34,08,,,,,,,,,1.18,0.59,1.02,3*0D
$GNGSA,A,3,14,08,13,12,11,09,16,34,,,,,1.18,0.59,1.02,4*06
$GNGSA,A,3,07,04,,,,,,,,,,,1.18,0.59,1.02,5*01
$GPGSV,4,1,13,01,19,320,38,02,46,307,45,08,16,253,38,10,43,070,46,1*66
$GPGSV,4,2,13,23,11,102,36,25,07,085,35,27,15,215,39,28,69,128,47,1*6C
$GPGSV,4,3,13,31,49,178,46,32,48,021,48,40,59,208,47,41,56,146,46,1*66
$GPGSV,4,4,13,42,19,104,44,1*5D
$GPGSV,3,1,09,01,19,320,42,08,16,253,39,10,43,070,43,23,11,102,39,6*69
$GPGSV,3,2,09,25,07,085,31,27,15,215,40,28,69,128,46,31,49,178,43,6*6D
$GPGSV,3,3,09,32,48,021,44,6*54
$GLGSV,3,1,10,69,11,050,42,70,41,345,36,71,25,290,46,73,13,158,43,1*77
$GLGSV,3,2,10,79,14,049,45,80,28,103,46,84,33,183,37,85,61,259,50,1*7E
$GLGSV,3,3,10,86,22,325,44,,,,49,1*4E
$GLGSV,3,1,09,69,11,050,44,70,41,345,09,71,25,290,41,73,13,158,41,3*72
$GLGSV,3,2,09,79,14,049,40,80,28,103,45,84,33,183,44,85,61,259,46,3*71
$GLGSV,3,3,09,86,22,325,41,3*4C
$GAGSV,2,1,06,03,65,305,47,05,39,033,46,08,25,250,42,15,47,319,46,2*7B
$GAGSV,2,2,06,34,75,170,47,36,23,149,43,2*7F
$GAGSV,2,1,07,03,65,305,47,05,39,033,43,08,25,250,40,15,47,319,45,7*7B
$GAGSV,2,2,07,25,07,130,35,34,75,170,48,36,23,149,42,7*41
$GAGSV,1,1,02,16,06,108,,24,02,084,,0*76
$GBGSV,2,1,08,06,62,079,46,09,67,113,46,11,46,271,46,12,36,197,43,1*70
$GBGSV,2,2,08,13,48,072,45,16,56,066,46,26,35,145,47,34,44,233,46,1*74
$GBGSV,2,1,08,06,62,079,43,08,34,087,43,09,67,113,44,11,46,271,47,B*0C
$GBGSV,2,2,08,12,36,197,47,13,48,072,43,14,21,289,44,16,56,066,43,B*0D
$GBGSV,2,1,07,10,03,160,,21,45,027,,22,11,070,,24,08,187,,0*76
$GBGSV,2,2,07,44,18,178,,45,29,078,,50,51,349,,0*4D
$GQGSV,1,1,02,04,20,076,35,07,19,104,33,1*6C
$GQGSV,1,1,02,04,20,076,36,07,19,104,41,6*6D
$GNGLL,2454.23241,N,06708.27190,E,153611.00,A,D*76
$GNRMC,153612.00,A,2454.23241,N,06708.27190,E,0.004,,020525,,,R,V*04
$GNVTG,,T,,M,0.004,N,0.007,K,D*3B
$GNGGA,153612.00,2454.23241,N,06708.27190,E,4,12,0.59,21.8,M,-44.2,M,1.0,0284*7A
$GNGSA,A,3,10,28,32,01,27,31,08,02,23,,,,1.18,0.59,1.02,1*01
$GNGSA,A,3,70,84,73,85,86,79,71,80,69,,,,1.18,0.59,1.02,2*06
$GNGSA,A,3,03,36,34,08,,,,,,,,,1.18,0.59,1.02,3*0D
$GNGSA,A,3,14,08,13,12,11,09,16,34,,,,,1.18,0.59,1.02,4*06
$GNGSA,A,3,07,04,,,,,,,,,,,1.18,0.59,1.02,5*01
$GPGSV,4,1,13,01,19,320,38,02,46,307,45,08,16,253,38,10,43,070,46,1*66
$GPGSV,4,2,13,23,11,102,36,25,07,085,35,27,15,215,38,28,69,128,47,1*6D
$GPGSV,4,3,13,31,49,178,46,32,48,021,48,40,59,208,47,41,56,146,46,1*66
$GPGSV,4,4,13,42,19,104,45,1*5C
$GPGSV,3,1,09,01,19,320,42,08,16,253,39,10,43,070,43,23,11,102,39,6*69
$GPGSV,3,2,09,25,07,085,31,27,15,215,39,28,69,128,46,31,49,178,43,6*63
$GPGSV,3,3,09,32,48,021,44,6*54
$GLGSV,3,1,10,69,11,050,42,70,41,345,36,71,25,290,46,73,13,158,43,1*77
$GLGSV,3,2,10,79,14,049,45,80,28,103,46,84,33,183,37,85,61,259,50,1*7E
$GLGSV,3,3,10,86,22,325,44,,,,49,1*4E
$GLGSV,3,1,09,69,11,050,44,70,41,345,09,71,25,290,41,73,13,158,41,3*72
$GLGSV,3,2,09,79,14,049,40,80,28,103,45,84,33,183,44,85,61,259,46,3*71
$GLGSV,3,3,09,86,22,325,40,3*4D
$GAGSV,2,1,06,03,65,305,47,05,39,033,46,08,25,250,42,15,47,319,46,2*7B
$GAGSV,2,2,06,34,75,170,47,36,23,149,43,2*7F
$GAGSV,2,1,07,03,65,305,47,05,39,033,43,08,25,250,40,15,47,319,45,7*7B
$GAGSV,2,2,07,25,07,130,35,34,75,170,48,36,23,149,42,7*41
$GAGSV,1,1,02,16,06,108,,24,02,084,,0*76
$GBGSV,2,1,08,06,62,079,46,09,67,113,46,11,46,271,46,12,36,197,43,1*70
$GBGSV,2,2,08,13,48,072,45,16,56,066,47,26,35,145,46,34,44,233,46,1*74
$GBGSV,2,1,08,06,62,079,43,08,34,087,43,09,67,113,44,11,46,271,47,B*0C
$GBGSV,2,2,08,12,36,197,47,13,48,072,43,14,21,289,44,16,56,066,43,B*0D
$GBGSV,2,1,07,10,03,160,,21,45,027,,22,11,070,,24,08,187,,0*76
$GBGSV,2,2,07,44,17,178,,45,29,078,,50,51,349,,0*42
$GQGSV,1,1,02,04,20,076,35,07,19,104,33,1*6C
$GQGSV,1,1,02,04,20,076,36,07,19,104,41,6*6D
$GNGLL,2454.23241,N,06708.27190,E,153612.00,A,D*75
$GNRMC,153613.00,A,2454.23241,N,06708.27190,E,0.003,,020525,,,R,V*02
$GNVTG,,T,,M,0.003,N,0.006,K,D*3D
$GNGGA,153613.00,2454.23241,N,06708.27190,E,4,12,0.59,21.8,M,-44.2,M,1.0,0284*7B
$GNGSA,A,3,10,28,32,01,27,31,08,02,23,,,,1.18,0.59,1.02,1*01
$GNGSA,A,3,70,84,73,85,86,79,71,80,69,,,,1.18,0.59,1.02,2*06
$GNGSA,A,3,03,36,34,08,,,,,,,,,1.18,0.59,1.02,3*0D
$GNGSA,A,3,14,08,13,12,11,09,16,34,,,,,1.18,0.59,1.02,4*06
$GNGSA,A,3,07,04,,,,,,,,,,,1.18,0.59,1.02,5*01
$GPGSV,4,1,14,01,19,320,38,02,46,307,45,03,,,28,08,16,253,38,1*5B
$GPGSV,4,2,14,10,43,070,46,23,10,102,36,25,07,085,36,27,15,215,38,1*66
$GPGSV,4,3,14,28,69,128,47,31,49,178,46,32,48,021,48,40,59,208,47,1*6B
$GPGSV,4,4,14,41,56,146,46,42,19,104,44,1*6D
$GPGSV,3,1,09,01,19,320,42,08,16,253,39,10,43,070,43,23,10,102,39,6*68
$GPGSV,3,2,09,25,07,085,30,27,15,215,39,28,69,128,46,31,49,178,43,6*62
$GPGSV,3,3,09,32,48,021,44,6*54
$GLGSV,3,1,10,69,11,050,42,70,41,345,36,71,25,290,47,73,13,158,43,1*76
$GLGSV,3,2,10,79,14,049,45,80,28,103,46,84,33,183,37,85,61,259,50,1*7E
$GLGSV,3,3,10,86,22,325,44,,,,49,1*4E
$GLGSV,3,1,09,69,11,050,44,70,41,345,09,71,25,290,41,73,13,158,41,3*72
$GLGSV,3,2,09,79,14,049,40,80,28,103,45,84,33,183,44,85,61,259,46,3*71
$GLGSV,3,3,09,86,22,325,41,3*4C
$GAGSV,2,1,06,03,65,305,47,05,39,033,46,08,25,250,42,15,47,319,46,2*7B
$GAGSV,2,2,06,34,75,170,47,36,23,149,43,2*7F
$GAGSV,2,1,07,03,65,305,47,05,39,033,43,08,25,250,40,15,47,319,45,7*7B
$GAGSV,2,2,07,25,07,130,35,34,75,170,48,36,23,149,43,7*40
$GAGSV,1,1,02,16,06,108,,24,02,084,,0*76
$GBGSV,2,1,08,06,62,079,46,09,67,113,47,11,46,271,46,12,36,197,43,1*71
$GBGSV,2,2,08,13,48,072,45,16,56,066,47,26,35,145,46,34,44,233,46,1*74
$GBGSV,2,1,08,06,62,079,43,08,34,087,43,09,67,113,44,11,46,271,47,B*0C
$GBGSV,2,2,08,12,36,197,47,13,48,072,43,14,21,289,44,16,56,066,43,B*0D
$GBGSV,2,1,07,10,03,160,,21,45,027,,22,11,070,,24,08,187,,0*76
$GBGSV,2,2,07,44,17,178,,45,29,077,,50,51,349,,0*4D
$GQGSV,1,1,02,04,20,076,35,07,19,104,33,1*6C
$GQGSV,1,1,02,04,20,076,36,07,19,104,41,6*6D
$GNGLL,2454.23241,N,06708.27190,E,153613.00,A,D*74
$GNRMC,153614.00,A,2454.23241,N,06708.27190,E,0.002,,020525,,,R,V*04
$GNVTG,,T,,M,0.002,N,0.004,K,D*3E
$GNGGA,153614.00,2454.23241,N,06708.27190,E,4,12,0.59,21.8,M,-44.2,M,1.0,0284*7C
$GNGSA,A,3,10,28,32,01,27,31,08,02,23,,,,1.18,0.59,1.02,1*01
$GNGSA,A,3,70,84,73,85,86,79,71,80,69,,,,1.18,0.59,1.02,2*06
$GNGSA,A,3,03,36,34,08,,,,,,,,,1.18,0.59,1.02,3*0D
$GNGSA,A,3,14,08,13,12,11,09,16,34,,,,,1.18,0.59,1.02,4*06
$GNGSA,A,3,07,04,,,,,,,,,,,1.18,0.59,1.02,5*01
$GPGSV,4,1,14,01,19,320,38,02,46,307,45,03,,,26,08,16,253,38,1*55
$GPGSV,4,2,14,10,43,070,47,23,10,102,37,25,07,085,36,27,15,215,38,1*66
$GPGSV,4,3,14,28,69,128,47,31,49,178,46,32,48,021,48,40,59,208,47,1*6B
$GPGSV,4,4,14,41,56,146,46,42,19,104,44,1*6D
$GPGSV,3,1,09,01,19,320,42,08,16,253,39,10,43,070,43,23,10,102,39,6*68
$GPGSV,3,2,09,25,07,085,30,27,15,215,39,28,69,128,46,31,49,178,43,6*62
$GPGSV,3,3,09,32,48,021,44,6*54
$GLGSV,3,1,10,69,11,050,42,70,41,345,35,71,25,290,47,73,13,158,43,1*75
$GLGSV,3,2,10,79,14,049,45,80,28,103,46,84,33,183,37,85,61,259,50,1*7E
$GLGSV,3,3,10,86,22,325,44,,,,49,1*4E
$GLGSV,3,1,09,69,11,050,44,70,41,345,10,71,25,290,41,73,13,158,41,3*7A
$GLGSV,3,2,09,79,14,049,40,80,28,103,45,84,33,183,44,85,61,259,46,3*71
$GLGSV,3,3,09,86,22,325,40,3*4D
$GAGSV,2,1,06,03,65,305,47,05,39,033,46,08,25,250,42,15,47,319,46,2*7B
$GAGSV,2,2,06,34,75,170,47,36,23,149,43,2*7F
$GAGSV,2,1,07,03,65,305,47,05,39,033,43,08,25,250,40,15,47,319,45,7*7B
$GAGSV,2,2,07,25,07,130,35,34,75,170,48,36,23,149,43,7*40
$GAGSV,1,1,02,16,06,108,,24,02,084,,0*76
$GBGSV,2,1,08,06,62,079,46,09,67,113,46,11,46,271,46,12,36,197,43,1*70
$GBGSV,2,2,08,13,48,072,45,16,56,066,47,26,35,145,46,34,44,233,46,1*74
$GBGSV,2,1,08,06,62,079,43,08,34,087,43,09,67,113,44,11,46,271,47,B*0C
$GBGSV,2,2,08,12,36,197,47,13,48,072,43,14,21,289,44,16,56,066,43,B*0D
$GBGSV,2,1,07,10,03,160,,21,45,027,,22,11,070,,24,08,187,,0*76
$GBGSV,2,2,07,44,17,178,,45,29,077,,50,51,349,,0*4D
$GQGSV,1,1,02,04,20,076,35,07,19,104,33,1*6C
$GQGSV,1,1,02,04,20,076,36,07,19,104,41,6*6D
$GNGLL,2454.23241,N,06708.27190,E,153614.00,A,D*73
$GNRMC,153615.00,A,2454.23241,N,06708.27190,E,0.004,,020525,,,R,V*03
$GNVTG,,T,,M,0.004,N,0.007,K,D*3B
$GNGGA,153615.00,2454.23241,N,06708.27190,E,4,12,0.59,21.8,M,-44.2,M,1.0,0284*7D
$GNGSA,A,3,10,28,32,01,27,31,08,02,23,,,,1.18,0.59,1.02,1*01
$GNGSA,A,3,70,84,73,85,86,79,71,80,69,,,,1.18,0.59,1.02,2*06
$GNGSA,A,3,03,36,34,08,,,,,,,,,1.18,0.59,1.02,3*0D
$GNGSA,A,3,14,08,13,12,11,09,16,34,,,,,1.18,0.59,1.02,4*06
$GNGSA,A,3,07,04,,,,,,,,,,,1.18,0.59,1.02,5*01
$GPGSV,4,1,14,01,19,320,38,02,46,307,46,03,,,25,08,16,253,38,1*55
$GPGSV,4,2,14,10,43,070,47,23,10,102,36,25,07,085,36,27,15,215,38,1*67
$GPGSV,4,3,14,28,69,128,47,31,49,178,46,32,48,021,48,40,59,208,47,1*6B
$GPGSV,4,4,14,41,56,146,46,42,19,104,44,1*6D
$GPGSV,3,1,09,01,19,320,42,08,16,253,39,10,43,070,43,23,10,102,39,6*68
$GPGSV,3,2,09,25,07,085,30,27,15,215,39,28,69,128,46,31,49,178,43,6*62
$GPGSV,3,3,09,32,48,021,44,6*54
$GLGSV,3,1,10,69,11,050,42,70,41,345,36,71,25,290,47,73,13,158,43,1*76
$GLGSV,3,2,10,79,14,049,45,80,28,103,46,84,33,183,37,85,61,259,50,1*7E
$GLGSV,3,3,10,86,22,325,44,,,,49,1*4E
$GLGSV,3,1,09,69,11,050,44,70,41,345,09,71,25,290,41,73,13,158,41,3*72
$GLGSV,3,2,09,79,14,049,40,80,28,103,45,84,33,183,44,85,61,259,46,3*71
$GLGSV,3,3,09,86,22,325,40,3*4D
$GAGSV,2,1,06,03,65,305,47,05,39,033,46,08,25,250,42,15,47,319,46,2*7B
$GAGSV,2,2,06,34,75,170,47,36,23,149,43,2*7F
$GAGSV,2,1,07,03,65,305,47,05,39,033,43,08,25,250,40,15,47,319,45,7*7B
$GAGSV,2,2,07,25,07,130,35,34,75,170,48,36,23,149,42,7*41
$GAGSV,1,1,02,16,06,108,,24,02,084,,0*76
$GBGSV,2,1,08,06,62,079,46,09,67,113,47,11,46,271,46,12,36,197,43,1*71
$GBGSV,2,2,08,13,48,072,45,16,56,066,47,26,35,145,46,34,44,233,46,1*74
$GBGSV,2,1,08,06,62,079,43,08,34,087,43,09,67,113,44,11,46,271,47,B*0C
$GBGSV,2,2,08,12,36,197,47,13,48,072,43,14,21,289,44,16,56,066,43,B*0D
$GBGSV,2,1,07,10,03,160,,21,45,027,,22,11,070,,24,08,187,,0*76
$GBGSV,2,2,07,44,17,178,,45,29,077,,50,51,349,,0*4D
$GQGSV,1,1,02,04,20,076,36,07,19,104,33,1*6F
$GQGSV,1,1,02,04,20,076,36,07,19,104,41,6*6D
$GNGLL,2454.23241,N,06708.27190,E,153615.00,A,D*72
$GNRMC,153616.00,A,2454.23241,N,06708.27190,E,0.005,,020525,,,R,V*01
$GNVTG,,T,,M,0.005,N,0.009,K,D*34
$GNGGA,153616.00,2454.23241,N,06708.27190,E,4,12,0.59,21.8,M,-44.2,M,1.0,0284*7E
$GNGSA,A,3,10,28,32,01,27,31,08,02,23,,,,1.18,0.59,1.02,1*01
$GNGSA,A,3,70,84,73,85,86,79,71,80,69,,,,1.18,0.59,1.02,2*06
$GNGSA,A,3,03,36,34,08,,,,,,,,,1.18,0.59,1.02,3*0D
$GNGSA,A,3,14,08,13,12,11,09,16,34,,,,,1.18,0.59,1.02,4*06
$GNGSA,A,3,07,04,,,,,,,,,,,1.18,0.59,1.02,5*01
$GPGSV,4,1,14,01,19,320,38,02,46,307,46,03,,,25,08,16,253,38,1*55
$GPGSV,4,2,14,10,43,070,46,23,10,102,36,25,07,085,36,27,15,215,38,1*66
$GPGSV,4,3,14,28,69,128,47,31,49,178,46,32,48,021,48,40,59,208,47,1*6B
$GPGSV,4,4,14,41,56,146,46,42,19,104,44,1*6D
$GPGSV,3,1,09,01,19,320,42,08,16,253,39,10,43,070,43,23,10,102,39,6*68
$GPGSV,3,2,09,25,07,085,30,27,15,215,39,28,69,128,46,31,49,178,43,6*62
$GPGSV,3,3,09,32,48,021,44,6*54
$GLGSV,3,1,10,69,11,050,42,70,41,345,35,71,25,290,47,73,13,158,43,1*75
$GLGSV,3,2,10,79,14,049,45,80,28,103,46,84,33,183,37,85,61,259,50,1*7E
$GLGSV,3,3,10,86,22,325,45,,,,49,1*4F
$GLGSV,3,1,09,69,11,050,44,70,41,345,11,71,25,290,41,73,13,158,40,3*7A
$GLGSV,3,2,09,79,14,049,41,80,28,103,45,84,33,183,44,85,61,259,46,3*70
$GLGSV,3,3,09,86,22,325,40,3*4D
$GAGSV,2,1,06,03,65,305,47,05,39,033,46,08,25,250,42,15,47,319,46,2*7B
$GAGSV,2,2,06,34,75,170,47,36,23,149,43,2*7F
$GAGSV,2,1,07,03,65,305,47,05,39,033,43,08,25,250,40,15,47,319,45,7*7B
$GAGSV,2,2,07,25,07,130,34,34,75,170,48,36,23,149,42,7*40
$GAGSV,1,1,02,16,06,108,,24,02,084,,0*76
$GBGSV,2,1,08,06,62,079,46,09,67,113,47,11,46,271,46,12,36,197,43,1*71
$GBGSV,2,2,08,13,48,072,45,16,56,066,47,26,35,145,46,34,44,233,46,1*74
$GBGSV,2,1,08,06,62,079,43,08,34,087,43,09,67,113,44,11,46,271,47,B*0C
$GBGSV,2,2,08,12,36,197,47,13,48,072,43,14,21,289,44,16,56,066,43,B*0D
$GBGSV,2,1,07,10,03,160,,21,45,027,,22,11,070,,24,08,187,,0*76
$GBGSV,2,2,07,44,17,178,,45,29,077,,50,51,350,,0*45
$GQGSV,1,1,02,04,20,076,35,07,19,104,33,1*6C
$GQGSV,1,1,02,04,20,076,36,07,19,104,41,6*6D
$GNGLL,2454.23241,N,06708.27190,E,153616.00,A,D*71
$GNRMC,153617.00,A,2454.23241,N,06708.27190,E,0.005,,020525,,,R,V*00
$GNVTG,,T,,M,0.005,N,0.009,K,D*34
$GNGGA,153617.00,2454.23241,N,06708.27190,E,4,12,0.59,21.8,M,-44.2,M,1.0,0284*7F
$GNGSA,A,3,10,28,32,01,27,31,08,02,23,,,,1.18,0.59,1.02,1*01
$GNGSA,A,3,70,84,73,85,86,79,71,80,69,,,,1.18,0.59,1.02,2*06
$GNGSA,A,3,03,36,34,08,,,,,,,,,1.18,0.59,1.02,3*0D
$GNGSA,A,3,14,08,13,12,11,09,16,34,,,,,1.18,0.59,1.02,4*06
$GNGSA,A,3,07,04,,,,,,,,,,,1.18,0.59,1.02,5*01
$GPGSV,4,1,14,01,19,320,38,02,46,307,46,03,,,25,08,16,253,38,1*55
$GPGSV,4,2,14,10,43,070,47,23,10,102,36,25,07,085,36,27,15,215,38,1*67
$GPGSV,4,3,14,28,69,128,47,31,49,178,46,32,48,021,48,40,59,208,47,1*6B
$GPGSV,4,4,14,41,56,146,46,42,19,104,44,1*6D
$GPGSV,3,1,09,01,19,320,42,08,16,253,39,10,43,070,43,23,10,102,40,6*66
$GPGSV,3,2,09,25,07,085,29,27,15,215,39,28,69,128,46,31,49,178,43,6*6A
$GPGSV,3,3,09,32,48,021,44,6*54
$GLGSV,3,1,10,69,11,050,41,70,41,345,35,71,25,290,47,73,13,158,43,1*76
$GLGSV,3,2,10,79,14,049,45,80,28,103,46,84,33,183,37,85,61,259,50,1*7E
$GLGSV,3,3,10,86,22,325,44,,,,49,1*4E
$GLGSV,3,1,09,69,11,050,44,70,41,345,09,71,25,290,41,73,13,158,40,3*73
$GLGSV,3,2,09,79,14,049,41,80,28,103,45,84,33,183,44,85,61,259,46,3*70
$GLGSV,3,3,09,86,22,325,40,3*4D
$GAGSV,2,1,06,03,65,305,47,05,39,033,46,08,25,250,42,15,47,319,46,2*7B
$GAGSV,2,2,06,34,75,170,47,36,23,149,43,2*7F
$GAGSV,2,1,07,03,65,305,47,05,39,033,43,08,25,250,40,15,47,319,45,7*7B
$GAGSV,2,2,07,25,07,130,34,34,75,170,48,36,23,149,42,7*40
$GAGSV,1,1,02,16,06,108,,24,02,084,,0*76
$GBGSV,2,1,08,06,62,079,46,09,67,113,47,11,46,271,46,12,36,197,43,1*71
$GBGSV,2,2,08,13,48,072,45,16,56,066,47,26,35,145,46,34,44,233,46,1*74
$GBGSV,2,1,08,06,62,079,43,08,34,087,43,09,67,113,44,11,46,271,47,B*0C
$GBGSV,2,2,08,12,36,197,47,13,48,072,43,14,21,289,44,16,56,066,43,B*0D
$GBGSV,2,1,07,10,03,160,,21,45,027,,22,11,070,,24,08,187,,0*76
$GBGSV,2,2,07,44,17,178,,45,29,077,,50,51,350,,0*45
$GQGSV,1,1,02,04,20,076,35,07,19,104,33,1*6C
$GQGSV,1,1,02,04,20,076,36,07,19,104,41,6*6D
$GNGLL,2454.23241,N,06708.27190,E,153617.00,A,D*70
$GNRMC,153618.00,A,2454.23241,N,06708.27190,E,0.003,,020525,,,R,V*09
$GNVTG,,T,,M,0.003,N,0.005,K,D*3E
$GNGGA,153618.00,2454.23241,N,06708.27190,E,4,12,0.59,21.8,M,-44.2,M,1.0,0284*70
$GNGSA,A,3,10,28,32,01,27,31,08,02,23,,,,1.18,0.59,1.02,1*01
$GNGSA,A,3,70,84,73,85,86,79,71,80,69,,,,1.18,0.59,1.02,2*06
$GNGSA,A,3,03,36,34,08,,,,,,,,,1.18,0.59,1.02,3*0D
$GNGSA,A,3,14,08,13,12,11,09,16,34,,,,,1.18,0.59,1.02,4*06
$GNGSA,A,3,07,04,,,,,,,,,,,1.18,0.59,1.02,5*01
$GPGSV,4,1,14,01,19,320,38,02,46,307,46,03,,,25,08,16,253,38,1*55
$GPGSV,4,2,14,10,43,070,46,23,10,102,36,25,07,085,36,27,15,215,39,1*67
$GPGSV,4,3,14,28,69,128,47,31,49,178,46,32,48,021,48,40,59,208,47,1*6B
$GPGSV,4,4,14,41,56,146,46,42,19,104,44,1*6D
$GPGSV,3,1,09,01,19,320,42,08,16,253,39,10,43,070,43,23,10,102,40,6*66
$GPGSV,3,2,09,25,07,085,29,27,15,215,39,28,69,128,46,31,49,178,43,6*6A
$GPGSV,3,3,09,32,48,021,44,6*54
$GLGSV,3,1,10,69,11,050,41,70,41,345,35,71,25,290,47,73,13,158,43,1*76
$GLGSV,3,2,10,79,14,049,45,80,28,103,46,84,33,183,37,85,61,259,50,1*7E
$GLGSV,3,3,10,86,22,325,45,,,,49,1*4F
$GLGSV,3,1,09,69,11,050,44,70,41,345,08,71,25,290,41,73,13,158,41,3*73
$GLGSV,3,2,09,79,14,049,41,80,28,103,45,84,33,183,44,85,61,259,46,3*70
$GLGSV,3,3,09,86,22,325,41,3*4C
$GAGSV,2,1,06,03,65,305,47,05,39,033,46,08,25,250,42,15,47,319,46,2*7B
$GAGSV,2,2,06,34,75,170,47,36,23,149,43,2*7F
$GAGSV,2,1,07,03,65,305,47,05,39,033,43,08,25,250,40,15,47,319,45,7*7B
$GAGSV,2,2,07,25,07,130,34,34,75,170,48,36,23,149,43,7*41
$GAGSV,1,1,02,16,06,108,,24,02,084,,0*76
$GBGSV,2,1,08,06,62,079,46,09,67,113,46,11,46,271,46,12,36,197,43,1*70
$GBGSV,2,2,08,13,48,072,45,16,56,066,47,26,35,145,46,34,44,233,46,1*74
$GBGSV,2,1,08,06,62,079,43,08,34,087,43,09,67,113,44,11,46,271,47,B*0C
$GBGSV,2,2,08,12,36,197,47,13,48,072,43,14,21,289,44,16,56,066,43,B*0D
$GBGSV,2,1,07,10,03,160,,21,45,027,,22,11,070,,24,08,187,,0*76
$GBGSV,2,2,07,44,17,178,,45,29,077,,50,51,350,,0*45
$GQGSV,1,1,02,04,20,076,35,07,19,104,33,1*6C
$GQGSV,1,1,02,04,20,076,36,07,19,104,41,6*6D
$GNGLL,2454.23241,N,06708.27190,E,153618.00,A,D*7F
$GNRMC,153619.00,A,2454.23241,N,06708.27190,E,0.003,,020525,,,R,V*08
$GNVTG,,T,,M,0.003,N,0.005,K,D*3E
$GNGGA,153619.00,2454.23241,N,06708.27190,E,4,12,0.59,21.8,M,-44.2,M,1.0,0284*71
$GNGSA,A,3,10,28,32,01,27,31,08,02,23,,,,1.18,0.59,1.02,1*01
$GNGSA,A,3,70,84,73,85,86,79,71,80,69,,,,1.18,0.59,1.02,2*06
$GNGSA,A,3,03,36,34,08,,,,,,,,,1.18,0.59,1.02,3*0D
$GNGSA,A,3,14,08,13,12,11,09,16,34,,,,,1.18,0.59,1.02,4*06
$GNGSA,A,3,07,04,,,,,,,,,,,1.18,0.59,1.02,5*01
$GPGSV,4,1,13,01,19,320,38,02,46,307,46,08,16,253,38,10,43,070,46,1*65
$GPGSV,4,2,13,23,10,102,36,25,07,085,35,27,15,215,39,28,69,128,47,1*6D
$GPGSV,4,3,13,31,49,178,46,32,48,021,48,40,59,208,47,41,56,146,46,1*66
$GPGSV,4,4,13,42,19,104,44,1*5D
$GPGSV,3,1,09,01,19,320,42,08,16,253,39,10,43,070,43,23,10,102,39,6*68
$GPGSV,3,2,09,25,07,085,28,27,15,215,39,28,69,128,46,31,49,178,43,6*6B
$GPGSV,3,3,09,32,48,021,44,6*54
$GLGSV,3,1,10,69,11,050,41,70,41,345,36,71,25,290,47,73,13,158,43,1*75
$GLGSV,3,2,10,79,14,049,45,80,28,103,46,84,33,183,37,85,61,259,50,1*7E
$GLGSV,3,3,10,86,22,325,45,,,,49,1*4F
$GLGSV,3,1,09,69,11,050,44,70,41,345,09,71,25,290,41,73,13,158,41,3*72
$GLGSV,3,2,09,79,14,049,41,80,28,103,45,84,33,183,44,85,61,259,46,3*70
$GLGSV,3,3,09,86,22,325,41,3*4C
$GAGSV,2,1,06,03,65,305,47,05,39,033,46,08,25,250,42,15,47,319,46,2*7B
$GAGSV,2,2,06,34,75,170,47,36,23,149,43,2*7F
$GAGSV,2,1,07,03,65,305,47,05,39,033,43,08,25,250,40,15,47,319,45,7*7B
$GAGSV,2,2,07,25,07,130,34,34,75,170,48,36,23,149,43,7*41
$GAGSV,1,1,02,16,06,108,,24,02,084,,0*76
$GBGSV,2,1,08,06,62,079,46,09,67,113,47,11,46,271,46,12,36,197,43,1*71
$GBGSV,2,2,08,13,48,072,45,16,56,066,47,26,35,145,46,34,44,233,46,1*74
$GBGSV,2,1,08,06,62,079,43,08,34,087,43,09,67,113,44,11,46,271,47,B*0C
$GBGSV,2,2,08,12,36,197,47,13,48,072,43,14,21,289,44,16,56,066,43,B*0D
$GBGSV,2,1,07,10,03,160,,21,45,027,,22,11,070,,24,08,187,,0*76
$GBGSV,2,2,07,44,17,178,,45,29,077,,50,51,350,,0*45
$GQGSV,1,1,02,04,20,076,35,07,19,104,33,1*6C
$GQGSV,1,1,02,04,20,076,36,07,19,104,41,6*6D
$GNGLL,2454.23241,N,06708.27190,E,153619.00,A,D*7E
$GNRMC,153620.00,A,2454.23241,N,06708.27190,E,0.003,,020525,,,R,V*02
$GNVTG,,T,,M,0.003,N,0.005,K,D*3E
$GNGGA,153620.00,2454.23241,N,06708.27190,E,4,12,0.59,21.8,M,-44.2,M,1.0,0284*7B
$GNGSA,A,3,10,28,32,01,27,31,08,02,23,,,,1.18,0.59,1.02,1*01
$GNGSA,A,3,70,84,73,85,86,79,71,80,69,,,,1.18,0.59,1.02,2*06
$GNGSA,A,3,03,36,34,08,,,,,,,,,1.18,0.59,1.02,3*0D
$GNGSA,A,3,14,08,13,12,11,09,16,34,,,,,1.18,0.59,1.02,4*06
$GNGSA,A,3,07,04,,,,,,,,,,,1.18,0.59,1.02,5*01
$GPGSV,4,1,13,01,19,320,39,02,46,307,47,08,16,253,39,10,43,070,47,1*65
$GPGSV,4,2,13,23,10,102,37,25,07,085,36,27,15,215,39,28,69,128,48,1*60
$GPGSV,4,3,13,31,49,178,47,32,48,021,48,40,59,208,48,41,56,146,47,1*69
$GPGSV,4,4,13,42,19,104,45,1*5C
$GPGSV,3,1,09,01,19,320,42,08,16,253,39,10,43,070,43,23,10,102,40,6*66
$GPGSV,3,2,09,25,07,085,28,27,15,215,39,28,69,128,46,31,49,178,43,6*6B
$GPGSV,3,3,09,32,48,021,44,6*54
$GLGSV,3,1,10,69,11,050,41,70,41,345,35,71,25,290,47,73,13,158,43,1*76
$GLGSV,3,2,10,79,14,049,44,80,28,103,46,84,33,183,37,85,61,259,50,1*7F
$GLGSV,3,3,10,86,22,325,45,,,,49,1*4F
$GLGSV,3,1,09,69,11,050,44,70,41,345,08,71,25,290,41,73,13,158,41,3*73
$GLGSV,3,2,09,79,14,049,41,80,28,103,45,84,33,183,44,85,61,259,46,3*70
$GLGSV,3,3,09,86,22,325,41,3*4C
$GAGSV,2,1,06,03,65,305,47,05,39,033,46,08,25,250,42,15,47,319,46,2*7B
$GAGSV,2,2,06,34,75,170,47,36,23,149,43,2*7F
$GAGSV,2,1,07,03,65,305,47,05,39,033,44,08,25,250,40,15,47,319,45,7*7C
$GAGSV,2,2,07,25,07,130,34,34,75,170,48,36,23,149,43,7*41
$GAGSV,1,1,02,16,06,108,,24,02,084,,0*76
$GBGSV,2,1,08,06,62,079,46,09,67,113,47,11,46,271,46,12,36,197,43,1*71
$GBGSV,2,2,08,13,48,072,45,16,56,066,47,26,35,145,46,34,44,233,46,1*74
$GBGSV,2,1,08,06,62,079,43,08,34,087,43,09,67,113,44,11,46,271,47,B*0C
$GBGSV,2,2,08,12,36,197,47,13,48,072,43,14,21,289,44,16,56,066,43,B*0D
$GBGSV,2,1,07,10,03,160,,21,45,027,,22,11,070,,24,08,187,,0*76
$GBGSV,2,2,07,44,17,178,,45,29,077,,50,51,350,,0*45
$GQGSV,1,1,02,04,20,076,35,07,19,104,34,1*6B
$GQGSV,1,1,02,04,20,076,36,07,19,104,41,6*6D
$GNGLL,2454.23241,N,06708.27190,E,153620.00,A,D*74
$GNRMC,153621.00,A,2454.23241,N,06708.27190,E,0.003,,020525,,,R,V*03
$GNVTG,,T,,M,0.003,N,0.006,K,D*3D
$GNGGA,153621.00,2454.23241,N,06708.27190,E,4,12,0.59,21.8,M,-44.2,M,1.0,0284*7A
$GNGSA,A,3,10,28,32,01,27,31,08,02,23,,,,1.18,0.59,1.02,1*01
$GNGSA,A,3,70,84,73,85,86,79,71,80,69,,,,1.18,0.59,1.02,2*06
$GNGSA,A,3,03,36,34,08,,,,,,,,,1.18,0.59,1.02,3*0D
$GNGSA,A,3,14,08,13,12,11,09,16,34,,,,,1.18,0.59,1.02,4*06
$GNGSA,A,3,07,04,,,,,,,,,,,1.18,0.59,1.02,5*01
$GPGSV,4,1,13,01,19,320,39,02,46,307,47,08,16,253,39,10,43,070,47,1*65
$GPGSV,4,2,13,23,10,102,37,25,07,085,36,27,15,215,40,28,69,128,48,1*6E
$GPGSV,4,3,13,31,49,178,47,32,48,021,48,40,59,208,48,41,56,146,47,1*69
$GPGSV,4,4,13,42,19,104,45,1*5C
$GPGSV,3,1,09,01,19,320,42,08,16,253,39,10,43,070,43,23,10,102,39,6*68
$GPGSV,3,2,09,25,07,085,28,27,15,215,39,28,69,128,46,31,49,178,43,6*6B
$GPGSV,3,3,09,32,48,021,44,6*54
$GLGSV,3,1,10,69,11,050,41,70,41,345,35,71,25,290,47,73,13,158,43,1*76
$GLGSV,3,2,10,79,14,049,44,80,28,103,46,84,33,183,37,85,61,259,50,1*7F
$GLGSV,3,3,10,86,22,325,45,,,,49,1*4F
$GLGSV,3,1,09,69,11,050,44,70,41,345,08,71,25,290,41,73,13,158,41,3*73
$GLGSV,3,2,09,79,14,049,41,80,28,103,45,84,33,183,44,85,61,259,46,3*70
$GLGSV,3,3,09,86,22,325,41,3*4C
$GAGSV,2,1,06,03,65,305,47,05,39,033,46,08,25,250,42,15,47,319,46,2*7B
$GAGSV,2,2,06,34,75,170,47,36,23,149,43,2*7F
$GAGSV,2,1,07,03,65,305,47,05,39,033,44,08,25,250,41,15,47,319,45,7*7D
$GAGSV,2,2,07,25,07,130,34,34,75,170,48,36,23,149,43,7*41
$GAGSV,1,1,03,02,00,177,,16,06,108,,24,02,084,,0*44
$GBGSV,2,1,08,06,62,079,46,09,67,113,47,11,46,271,46,12,36,197,43,1*71
$GBGSV,2,2,08,13,48,072,45,16,56,066,47,26,35,145,46,34,44,233,46,1*74
$GBGSV,2,1,08,06,62,079,43,08,34,087,43,09,67,113,45,11,46,271,47,B*0D
$GBGSV,2,2,08,12,36,197,47,13,48,072,43,14,21,289,44,16,56,066,43,B*0D
$GBGSV,2,1,07,10,03,160,,21,45,027,,22,11,070,,24,08,187,,0*76
$GBGSV,2,2,07,44,17,178,,45,29,077,,50,51,350,,0*45
$GQGSV,1,1,02,04,20,076,36,07,19,104,34,1*68
$GQGSV,1,1,02,04,20,076,36,07,19,104,41,6*6D
$GNGLL,2454.23241,N,06708.27190,E,153621.00,A,D*75
$GNRMC,153622.00,A,2454.23241,N,06708.27190,E,0.006,,020525,,,R,V*05
$GNVTG,,T,,M,0.006,N,0.011,K,D*3E
$GNGGA,153622.00,2454.23241,N,06708.27190,E,4,12,0.59,21.8,M,-44.2,M,1.0,0284*79
$GNGSA,A,3,10,28,32,01,27,31,08,02,23,,,,1.18,0.59,1.02,1*01
$GNGSA,A,3,70,84,73,85,86,79,71,80,69,,,,1.18,0.59,1.02,2*06
$GNGSA,A,3,03,36,34,08,,,,,,,,,1.18,0.59,1.02,3*0D
$GNGSA,A,3,14,08,13,12,11,09,16,34,,,,,1.18,0.59,1.02,4*06
$GNGSA,A,3,07,04,,,,,,,,,,,1.18,0.59,1.02,5*01
$GPGSV,4,1,13,01,19,320,38,02,46,307,46,08,16,253,38,10,43,070,47,1*64
$GPGSV,4,2,13,23,10,102,36,25,07,085,36,27,15,215,39,28,69,128,47,1*6E
$GPGSV,4,3,13,31,49,178,46,32,48,021,48,40,59,208,48,41,56,146,46,1*69
$GPGSV,4,4,13,42,19,104,45,1*5C
$GPGSV,3,1,09,01,19,320,42,08,16,253,39,10,43,070,44,23,10,102,40,6*61
$GPGSV,3,2,09,25,07,085,27,27,15,215,39,28,69,128,47,31,49,178,43,6*65
$GPGSV,3,3,09,32,48,021,44,6*54
$GLGSV,3,1,10,69,11,050,41,70,41,345,36,71,25,290,47,73,13,158,43,1*75
$GLGSV,3,2,10,79,14,049,44,80,28,103,46,84,33,183,37,85,61,259,50,1*7F
$GLGSV,3,3,10,86,22,325,45,,,,49,1*4F
$GLGSV,3,1,09,69,11,050,44,70,41,345,12,71,25,290,42,73,13,158,41,3*7B
$GLGSV,3,2,09,79,14,049,41,80,28,103,45,84,33,183,45,85,61,259,46,3*71
$GLGSV,3,3,09,86,22,325,41,3*4C
$GAGSV,2,1,06,03,65,305,48,05,39,033,47,08,25,250,43,15,47,319,47,2*75
$GAGSV,2,2,06,34,75,170,48,36,23,149,44,2*77
$GAGSV,2,1,07,03,65,305,47,05,39,033,44,08,25,250,41,15,47,319,45,7*7D
$GAGSV,2,2,07,25,07,130,34,34,75,170,48,36,23,149,43,7*41
$GAGSV,1,1,03,02,00,177,,16,06,108,,24,02,084,,0*44
$GBGSV,2,1,08,06,62,079,46,09,67,113,46,11,46,271,46,12,36,197,43,1*70
$GBGSV,2,2,08,13,48,072,45,16,56,066,47,26,35,145,46,34,44,233,46,1*74
$GBGSV,2,1,08,06,62,079,43,08,34,087,43,09,67,113,45,11,46,271,48,B*02
$GBGSV,2,2,08,12,36,197,48,13,48,072,43,14,21,289,45,16,56,066,43,B*03
$GBGSV,2,1,08,01,03,095,,10,03,160,,21,45,027,,22,11,070,,0*77
$GBGSV,2,2,08,24,08,187,,44,17,178,,45,29,077,,50,51,350,,0*7A
$GQGSV,1,1,02,04,20,076,35,07,19,104,33,1*6C
$GQGSV,1,1,02,04,20,076,36,07,19,104,41,6*6D
$GNGLL,2454.23241,N,06708.27190,E,153622.00,A,D*76
$GNRMC,153623.00,A,2454.23241,N,06708.27190,E,0.005,,020525,,,R,V*07
$GNVTG,,T,,M,0.005,N,0.010,K,D*3C
$GNGGA,153623.00,2454.23241,N,06708.27190,E,4,12,0.59,21.8,M,-44.2,M,1.0,0284*78
$GNGSA,A,3,10,28,32,01,27,31,08,02,23,,,,1.18,0.59,1.02,1*01
$GNGSA,A,3,70,84,73,85,86,79,71,80,69,,,,1.18,0.59,1.02,2*06
$GNGSA,A,3,03,36,34,08,,,,,,,,,1.18,0.59,1.02,3*0D
$GNGSA,A,3,14,08,13,12,11,09,16,34,,,,,1.18,0.59,1.02,4*06
$GNGSA,A,3,07,04,,,,,,,,,,,1.18,0.59,1.02,5*01
$GPGSV,4,1,13,01,19,320,38,02,46,307,46,08,16,253,38,10,43,070,47,1*64
$GPGSV,4,2,13,23,10,102,36,25,07,085,36,27,15,215,39,28,69,128,48,1*61
$GPGSV,4,3,13,31,49,178,46,32,48,021,48,40,59,208,48,41,56,146,46,1*69
$GPGSV,4,4,13,42,19,104,45,1*5C
$GPGSV,3,1,09,01,19,320,42,08,16,253,39,10,43,070,44,23,10,102,39,6*6F
$GPGSV,3,2,09,25,07,085,27,27,15,215,39,28,69,128,47,31,49,178,43,6*65
$GPGSV,3,3,09,32,48,021,44,6*54
$GLGSV,3,1,10,69,11,050,41,70,41,345,36,71,25,290,47,73,13,158,43,1*75
$GLGSV,3,2,10,79,14,049,44,80,28,103,46,84,33,183,37,85,61,259,50,1*7F
$GLGSV,3,3,10,86,22,325,45,,,,49,1*4F
$GLGSV,3,1,09,69,11,050,44,70,41,345,09,71,25,290,42,73,13,158,41,3*71
$GLGSV,3,2,09,79,14,049,41,80,28,103,45,84,33,183,45,85,61,259,46,3*71
$GLGSV,3,3,09,86,22,325,41,3*4C
$GAGSV,2,1,06,03,64,306,48,05,39,033,47,08,25,250,43,15,47,319,47,2*77
$GAGSV,2,2,06,34,75,170,48,36,23,149,44,2*77
$GAGSV,2,1,07,03,64,306,47,05,39,033,44,08,25,250,41,15,47,319,45,7*7F
$GAGSV,2,2,07,25,07,130,34,34,75,170,48,36,23,149,43,7*41
$GAGSV,1,1,03,02,00,177,,16,06,108,,24,02,084,,0*44
$GBGSV,2,1,08,06,62,079,46,09,67,113,46,11,46,271,46,12,36,197,43,1*70
$GBGSV,2,2,08,13,48,072,45,16,56,066,47,26,35,145,46,34,44,233,46,1*74
$GBGSV,2,1,08,06,62,079,43,08,34,087,43,09,67,113,45,11,46,271,48,B*02
$GBGSV,2,2,08,12,36,197,48,13,48,072,43,14,21,289,45,16,56,066,43,B*03
$GBGSV,2,1,08,01,03,095,,10,03,160,,21,45,027,,22,11,070,,0*77
$GBGSV,2,2,08,24,08,187,,44,17,178,,45,29,077,,50,51,350,,0*7A
$GQGSV,1,1,02,04,20,076,35,07,19,104,33,1*6C
$GQGSV,1,1,02,04,20,076,36,07,19,104,42,6*6E
$GNGLL,2454.23241,N,06708.27190,E,153623.00,A,D*77
$GNRMC,153624.00,A,2454.23241,N,06708.27190,E,0.006,,020525,,,R,V*03
$GNVTG,,T,,M,0.006,N,0.010,K,D*3F
$GNGGA,153624.00,2454.23241,N,06708.27190,E,4,12,0.59,21.8,M,-44.2,M,1.0,0284*7F
$GNGSA,A,3,10,28,32,01,27,31,08,02,23,,,,1.18,0.59,1.02,1*01
$GNGSA,A,3,70,84,73,85,86,79,71,80,69,,,,1.18,0.59,1.02,2*06
$GNGSA,A,3,03,36,34,08,,,,,,,,,1.18,0.59,1.02,3*0D
$GNGSA,A,3,14,08,13,12,11,09,16,34,,,,,1.18,0.59,1.02,4*06
$GNGSA,A,3,07,04,,,,,,,,,,,1.18,0.59,1.02,5*01
$GPGSV,4,1,13,01,19,320,38,02,46,307,46,08,16,253,38,10,43,070,47,1*64
$GPGSV,4,2,13,23,10,102,35,25,07,085,36,27,15,215,39,28,69,128,47,1*6D
$GPGSV,4,3,13,31,49,178,46,32,48,021,48,40,59,208,48,41,56,146,46,1*69
$GPGSV,4,4,13,42,19,104,45,1*5C
$GPGSV,3,1,09,01,19,320,43,08,16,253,39,10,43,070,44,23,10,102,39,6*6E
$GPGSV,3,2,09,25,07,085,26,27,15,215,39,28,69,128,47,31,49,178,43,6*64
$GPGSV,3,3,09,32,48,021,44,6*54
$GLGSV,3,1,10,69,11,050,41,70,41,345,36,71,25,290,47,73,13,158,43,1*75
$GLGSV,3,2,10,79,14,049,44,80,28,103,46,84,33,183,37,85,61,259,50,1*7F
$GLGSV,3,3,10,86,22,325,45,,,,49,1*4F
$GLGSV,3,1,09,69,11,050,44,70,41,345,11,71,25,290,42,73,13,158,41,3*78
$GLGSV,3,2,09,79,14,049,42,80,28,103,45,84,33,183,45,85,61,259,46,3*72
$GLGSV,3,3,09,86,22,325,41,3*4C
$GAGSV,2,1,06,03,64,306,48,05,39,033,46,08,25,250,43,15,47,319,47,2*76
$GAGSV,2,2,06,34,75,170,48,36,23,149,44,2*77
$GAGSV,2,1,07,03,64,306,47,05,39,033,44,08,25,250,41,15,47,319,45,7*7F
$GAGSV,2,2,07,25,07,130,33,34,75,170,48,36,23,149,43,7*46
$GAGSV,1,1,03,02,00,177,,16,06,108,,24,02,084,,0*44
$GBGSV,2,1,08,06,62,079,46,09,67,113,46,11,46,271,46,12,36,197,43,1*70
$GBGSV,2,2,08,13,48,072,45,16,56,066,47,26,35,145,46,34,44,233,46,1*74
$GBGSV,2,1,08,06,62,079,43,08,34,087,43,09,67,113,45,11,46,271,48,B*02
$GBGSV,2,2,08,12,36,197,48,13,48,072,43,14,21,289,45,16,56,066,43,B*03
$GBGSV,2,1,08,01,03,095,,10,03,160,,21,45,027,,22,11,070,,0*77
$GBGSV,2,2,08,24,08,187,,44,17,178,,45,29,077,,50,51,350,,0*7A
$GQGSV,1,1,02,04,20,076,35,07,19,104,34,1*6B
$GQGSV,1,1,02,04,20,076,37,07,19,104,41,6*6C
$GNGLL,2454.23241,N,06708.27190,E,153624.00,A,D*70
$GNRMC,153625.00,A,2454.23241,N,06708.27190,E,0.011,,020525,,,R,V*04
$GNVTG,,T,,M,0.011,N,0.020,K,D*3A
$GNGGA,153625.00,2454.23241,N,06708.27190,E,4,12,0.59,21.8,M,-44.2,M,1.0,0284*7E
$GNGSA,A,3,10,28,32,01,27,31,08,02,23,,,,1.18,0.59,1.02,1*01
$GNGSA,A,3,70,84,73,85,86,79,71,80,69,,,,1.18,0.59,1.02,2*06
$GNGSA,A,3,03,36,34,08,,,,,,,,,1.18,0.59,1.02,3*0D
$GNGSA,A,3,14,08,13,12,11,09,16,34,,,,,1.18,0.59,1.02,4*06
$GNGSA,A,3,07,04,,,,,,,,,,,1.18,0.59,1.02,5*01
$GPGSV,4,1,13,01,19,320,38,02,46,307,46,08,16,253,38,10,43,070,46,1*65
$GPGSV,4,2,13,23,10,102,35,25,07,085,36,27,15,215,39,28,69,128,47,1*6D
$GPGSV,4,3,13,31,49,178,46,32,48,021,48,40,59,208,47,41,56,146,46,1*66
$GPGSV,4,4,13,42,19,104,45,1*5C
$GPGSV,3,1,09,01,19,320,42,08,16,253,39,10,43,070,44,23,10,102,40,6*61
$GPGSV,3,2,09,25,07,085,26,27,15,215,39,28,69,128,47,31,49,178,43,6*64
$GPGSV,3,3,09,32,48,021,44,6*54
$GLGSV,3,1,10,69,11,050,41,70,41,345,36,71,25,290,47,73,13,158,43,1*75
$GLGSV,3,2,10,79,14,049,44,80,28,103,46,84,33,183,37,85,61,259,50,1*7F
$GLGSV,3,3,10,86,22,325,45,,,,49,1*4F
$GLGSV,3,1,09,69,11,050,44,70,41,345,09,71,25,290,42,73,13,158,41,3*71
$GLGSV,3,2,09,79,14,049,42,80,28,103,45,84,33,183,45,85,61,259,46,3*72
$GLGSV,3,3,09,86,22,325,41,3*4C
$GAGSV,2,1,06,03,64,306,48,05,39,033,46,08,25,250,43,15,47,319,47,2*76
$GAGSV,2,2,06,34,75,170,48,36,23,149,44,2*77
$GAGSV,2,1,07,03,64,306,47,05,39,033,44,08,25,250,41,15,47,319,45,7*7F
$GAGSV,2,2,07,25,07,130,33,34,75,170,48,36,23,149,43,7*46
$GAGSV,1,1,03,02,00,177,,16,06,108,,24,02,084,,0*44
$GBGSV,2,1,08,06,62,079,46,09,67,113,47,11,46,271,46,12,36,197,43,1*71
$GBGSV,2,2,08,13,48,072,45,16,56,066,47,26,35,145,46,34,44,233,47,1*75
$GBGSV,2,1,08,06,62,079,43,08,34,087,43,09,67,113,45,11,46,271,48,B*02
$GBGSV,2,2,08,12,36,197,48,13,48,072,43,14,21,289,45,16,56,066,43,B*03
$GBGSV,2,1,08,01,03,095,,10,03,160,,21,45,027,,22,11,070,,0*77
$GBGSV,2,2,08,24,08,187,,44,17,178,,45,29,077,,50,51,350,,0*7A
$GQGSV,1,1,02,04,20,076,35,07,19,104,33,1*6C
$GQGSV,1,1,02,04,20,076,36,07,19,104,41,6*6D
$GNGLL,2454.23241,N,06708.27190,E,153625.00,A,D*71
$GNRMC,153626.00,A,2454.23241,N,06708.27190,E,0.002,,020525,,,R,V*05
$GNVTG,,T,,M,0.002,N,0.003,K,D*39
$GNGGA,153626.00,2454.23241,N,06708.27190,E,4,12,0.59,21.8,M,-44.2,M,1.0,0284*7D
$GNGSA,A,3,10,28,32,01,27,31,08,02,23,,,,1.18,0.59,1.02,1*01
$GNGSA,A,3,70,84,73,85,86,79,71,80,69,,,,1.18,0.59,1.02,2*06
$GNGSA,A,3,03,36,34,08,,,,,,,,,1.18,0.59,1.02,3*0D
$GNGSA,A,3,14,08,13,12,11,09,16,34,,,,,1.18,0.59,1.02,4*06
$GNGSA,A,3,07,04,,,,,,,,,,,1.18,0.59,1.02,5*01
$GPGSV,4,1,13,01,19,320,38,02,46,307,46,08,16,253,38,10,43,070,46,1*65
$GPGSV,4,2,13,23,10,102,36,25,07,085,36,27,15,215,39,28,69,128,47,1*6E
$GPGSV,4,3,13,31,49,178,46,32,48,021,48,40,59,208,47,41,56,146,46,1*66
$GPGSV,4,4,13,42,19,104,45,1*5C
$GPGSV,3,1,09,01,19,320,43,08,16,253,39,10,43,070,44,23,10,102,39,6*6E
$GPGSV,3,2,09,25,07,085,26,27,15,215,39,28,69,128,47,31,49,178,44,6*63
$GPGSV,3,3,09,32,48,021,44,6*54
$GLGSV,3,1,10,69,11,050,41,70,41,346,36,71,25,290,47,73,13,158,43,1*76
$GLGSV,3,2,10,79,14,049,44,80,28,103,47,84,33,183,37,85,61,259,50,1*7E
$GLGSV,3,3,10,86,22,325,45,,,,49,1*4F
$GLGSV,3,1,09,69,11,050,44,70,41,346,10,71,25,290,42,73,13,158,41,3*7A
$GLGSV,3,2,09,79,14,049,42,80,28,103,45,84,33,183,45,85,61,259,46,3*72
$GLGSV,3,3,09,86,22,325,41,3*4C
$GAGSV,2,1,06,03,64,306,48,05,39,033,46,08,25,250,43,15,47,319,47,2*76
$GAGSV,2,2,06,34,75,170,48,36,23,149,44,2*77
$GAGSV,2,1,07,03,64,306,47,05,39,033,44,08,25,250,41,15,47,319,45,7*7F
$GAGSV,2,2,07,25,07,130,33,34,75,170,48,36,23,149,43,7*46
$GAGSV,1,1,03,02,00,177,,16,06,108,,24,02,084,,0*44
$GBGSV,2,1,08,06,62,079,46,09,67,113,47,11,46,271,46,12,36,197,43,1*71
$GBGSV,2,2,08,13,48,072,45,16,56,066,47,26,35,145,46,34,44,233,47,1*75
$GBGSV,2,1,08,06,62,079,43,08,34,087,43,09,67,113,45,11,46,271,48,B*02
$GBGSV,2,2,08,12,36,197,48,13,48,072,43,14,21,289,45,16,56,066,43,B*03
$GBGSV,2,1,08,01,03,095,,10,03,160,,21,45,027,,22,11,070,,0*77
$GBGSV,2,2,08,24,08,187,,44,17,178,,45,29,077,,50,51,350,,0*7A
$GQGSV,1,1,02,04,20,076,35,07,19,104,33,1*6C
$GQGSV,1,1,02,04,20,076,36,07,19,104,41,6*6D
$GNGLL,2454.23241,N,06708.27190,E,153626.00,A,D*72
$GNRMC,153627.00,A,2454.23241,N,06708.27190,E,0.003,,020525,,,R,V*05
$GNVTG,,T,,M,0.003,N,0.005,K,D*3E
$GNGGA,153627.00,2454.23241,N,06708.27190,E,4,12,0.59,21.8,M,-44.2,M,1.0,0284*7C
$GNGSA,A,3,10,28,32,01,27,31,08,02,23,,,,1.18,0.59,1.02,1*01
$GNGSA,A,3,70,84,73,85,86,79,71,80,69,,,,1.18,0.59,1.02,2*06
$GNGSA,A,3,03,36,34,08,,,,,,,,,1.18,0.59,1.02,3*0D
$GNGSA,A,3,14,08,13,12,11,09,16,34,,,,,1.18,0.59,1.02,4*06
$GNGSA,A,3,07,04,,,,,,,,,,,1.18,0.59,1.02,5*01
$GPGSV,4,1,13,01,19,320,38,02,46,307,46,08,16,253,38,10,43,070,46,1*65
$GPGSV,4,2,13,23,10,102,36,25,07,085,35,27,15,215,39,28,69,128,47,1*6D
$GPGSV,4,3,13,31,49,178,46,32,48,021,48,40,59,208,47,41,56,146,46,1*66
$GPGSV,4,4,13,42,19,104,45,1*5C
$GPGSV,3,1,09,01,19,320,43,08,16,253,40,10,43,070,44,23,10,102,40,6*6E
$GPGSV,3,2,09,25,07,085,26,27,15,215,39,28,69,128,47,31,49,178,44,6*63
$GPGSV,3,3,09,32,48,021,44,6*54
$GLGSV,3,1,10,69,11,050,41,70,41,346,36,71,25,291,47,73,13,158,43,1*77
$GLGSV,3,2,10,79,14,049,44,80,28,103,46,84,33,183,37,85,61,259,50,1*7F
$GLGSV,3,3,10,86,22,325,45,,,,49,1*4F
$GLGSV,3,1,09,69,11,050,44,70,41,346,08,71,25,291,41,73,13,158,41,3*71
$GLGSV,3,2,09,79,14,049,42,80,28,103,45,84,33,183,45,85,61,259,46,3*72
$GLGSV,3,3,09,86,22,325,41,3*4C
$GAGSV,2,1,06,03,64,306,48,05,39,033,46,08,25,250,43,15,47,319,47,2*76
$GAGSV,2,2,06,34,75,170,48,36,23,149,44,2*77
$GAGSV,2,1,07,03,64,306,47,05,39,033,44,08,25,250,41,15,47,319,45,7*7F
$GAGSV,2,2,07,25,07,130,33,34,75,170,48,36,23,149,43,7*46
$GAGSV,1,1,03,02,00,177,,16,06,108,,24,02,084,,0*44
$GBGSV,2,1,08,06,62,079,46,09,67,113,47,11,46,271,46,12,36,197,43,1*71
$GBGSV,2,2,08,13,48,072,45,16,56,066,47,26,35,145,46,34,44,233,46,1*74
$GBGSV,2,1,08,06,62,079,43,08,34,087,43,09,67,113,45,11,46,271,48,B*02
$GBGSV,2,2,08,12,36,197,48,13,48,072,43,14,21,289,45,16,56,066,43,B*03
$GBGSV,2,1,08,01,03,095,,10,03,160,,21,45,027,,22,11,070,,0*77
$GBGSV,2,2,08,24,08,187,,44,17,178,,45,29,077,,50,51,350,,0*7A
$GQGSV,1,1,02,04,20,076,35,07,19,104,33,1*6C
$GQGSV,1,1,02,04,20,076,36,07,19,104,41,6*6D
$GNGLL,2454.23241,N,06708.27190,E,153627.00,A,D*73
$GNRMC,153628.00,A,2454.23241,N,06708.27190,E,0.002,,020525,,,R,V*0B
$GNVTG,,T,,M,0.002,N,0.004,K,D*3E
$GNGGA,153628.00,2454.23241,N,06708.27190,E,4,12,0.59,21.8,M,-44.2,M,1.0,0284*73
$GNGSA,A,3,10,28,32,01,27,31,08,02,23,,,,1.18,0.59,1.02,1*01
$GNGSA,A,3,70,84,73,85,86,79,71,80,69,,,,1.18,0.59,1.02,2*06
$GNGSA,A,3,03,36,34,08,,,,,,,,,1.18,0.59,1.02,3*0D
$GNGSA,A,3,14,08,13,12,11,09,16,34,,,,,1.18,0.59,1.02,4*06
$GNGSA,A,3,07,04,,,,,,,,,,,1.18,0.59,1.02,5*01
$GPGSV,4,1,13,01,19,320,38,02,46,307,46,08,16,253,38,10,43,070,46,1*65
$GPGSV,4,2,13,23,10,102,36,25,07,085,36,27,15,215,39,28,69,128,47,1*6E
$GPGSV,4,3,13,31,49,178,46,32,48,021,48,40,59,208,47,41,56,146,46,1*66
$GPGSV,4,4,13,42,19,104,45,1*5C
$GPGSV,3,1,09,01,19,320,43,08,16,253,40,10,43,070,44,23,10,102,40,6*6E
$GPGSV,3,2,09,25,07,085,25,27,15,215,39,28,69,128,47,31,49,178,44,6*60
$GPGSV,3,3,09,32,48,021,44,6*54
$GLGSV,3,1,10,69,11,050,41,70,41,346,36,71,25,291,47,73,13,158,43,1*77
$GLGSV,3,2,10,79,14,049,44,80,28,103,46,84,33,183,37,85,61,259,50,1*7F
$GLGSV,3,3,10,86,22,325,45,,,,49,1*4F
$GLGSV,3,1,10,69,11,050,44,70,41,346,09,71,25,291,41,73,13,158,41,3*78
$GLGSV,3,2,10,79,14,049,42,80,28,103,45,84,33,183,45,85,61,259,46,3*7A
$GLGSV,3,3,10,86,22,325,41,,,,47,3*47
$GAGSV,2,1,06,03,64,306,48,05,39,033,46,08,25,250,43,15,47,319,47,2*76
$GAGSV,2,2,06,34,75,170,48,36,23,149,44,2*77
$GAGSV,2,1,07,03,64,306,47,05,39,033,44,08,25,250,41,15,47,319,45,7*7F
$GAGSV,2,2,07,25,07,130,33,34,75,170,48,36,23,149,43,7*46
$GAGSV,1,1,03,02,00,177,,16,06,108,,24,02,084,,0*44
$GBGSV,2,1,08,06,62,079,46,09,67,113,47,11,46,271,46,12,36,197,43,1*71
$GBGSV,2,2,08,13,48,072,45,16,56,066,47,26,35,145,46,34,44,233,46,1*74
$GBGSV,2,1,08,06,62,079,43,08,34,087,43,09,67,113,45,11,46,271,48,B*02
$GBGSV,2,2,08,12,36,197,48,13,48,072,43,14,21,289,45,16,56,066,43,B*03
$GBGSV,2,1,08,01,03,095,,10,03,160,,21,45,027,,22,11,070,,0*77
$GBGSV,2,2,08,24,08,187,,44,17,178,,45,29,077,,50,51,350,,0*7A
$GQGSV,1,1,02,04,20,076,35,07,19,104,33,1*6C
$GQGSV,1,1,02,04,20,076,37,07,19,104,41,6*6C
$GNGLL,2454.23241,N,06708.27190,E,153628.00,A,D*7C
$GNRMC,153629.00,A,2454.23241,N,06708.27190,E,0.003,,020525,,,R,V*0B
$GNVTG,,T,,M,0.003,N,0.006,K,D*3D
$GNGGA,153629.00,2454.23241,N,06708.27190,E,4,12,0.59,21.8,M,-44.2,M,1.0,0284*72
$GNGSA,A,3,10,28,32,01,27,31,08,02,23,,,,1.18,0.59,1.02,1*01
$GNGSA,A,3,70,84,73,85,86,79,71,80,69,,,,1.18,0.59,1.02,2*06
$GNGSA,A,3,03,36,34,08,,,,,,,,,1.18,0.59,1.02,3*0D
$GNGSA,A,3,14,08,13,12,11,09,16,34,,,,,1.18,0.59,1.02,4*06
$GNGSA,A,3,07,04,,,,,,,,,,,1.18,0.59,1.02,5*01
$GPGSV,4,1,13,01,19,320,38,02,46,307,46,08,16,253,38,10,43,070,46,1*65
$GPGSV,4,2,13,23,10,102,36,25,07,085,36,27,15,215,39,28,69,128,47,1*6E
$GPGSV,4,3,13,31,49,178,46,32,48,021,48,40,59,208,48,41,56,146,46,1*69
$GPGSV,4,4,13,42,19,104,45,1*5C
$GPGSV,3,1,09,01,19,320,43,08,16,253,40,10,43,070,44,23,10,102,40,6*6E
$GPGSV,3,2,09,25,07,085,26,27,15,215,39,28,69,128,47,31,49,178,44,6*63
$GPGSV,3,3,09,32,48,021,44,6*54
$GLGSV,3,1,10,69,11,050,41,70,41,346,36,71,25,291,47,73,14,157,43,1*7F
$GLGSV,3,2,10,79,14,049,44,80,28,103,46,84,33,183,37,85,61,259,50,1*7F
$GLGSV,3,3,10,86,22,325,45,,,,49,1*4F
$GLGSV,3,1,10,69,11,050,44,70,41,346,09,71,25,291,42,73,14,157,41,3*73
$GLGSV,3,2,10,79,14,049,42,80,28,103,45,84,33,183,45,85,61,259,46,3*7A
$GLGSV,3,3,10,86,22,325,41,,,,47,3*47
$GAGSV,2,1,06,03,64,306,48,05,39,033,46,08,25,250,43,15,47,319,47,2*76
$GAGSV,2,2,06,34,75,170,48,36,23,149,44,2*77
$GAGSV,2,1,07,03,64,306,47,05,39,033,44,08,25,250,41,15,47,319,45,7*7F
$GAGSV,2,2,07,25,07,130,33,34,75,170,48,36,23,149,43,7*46
$GAGSV,1,1,03,02,00,177,,16,06,108,,24,02,084,,0*44
$GBGSV,2,1,08,06,62,079,46,09,67,113,47,11,46,271,46,12,36,197,42,1*70
$GBGSV,2,2,08,13,48,072,45,16,56,066,47,26,35,145,46,34,44,233,46,1*74
$GBGSV,2,1,08,06,62,079,43,08,34,087,43,09,67,113,45,11,46,271,48,B*02
$GBGSV,2,2,08,12,36,197,48,13,48,072,43,14,21,289,45,16,56,066,43,B*03
$GBGSV,2,1,08,01,03,095,,10,03,160,,21,45,027,,22,11,070,,0*77
$GBGSV,2,2,08,24,08,187,,44,17,178,,45,29,077,,50,51,350,,0*7A
$GQGSV,1,1,02,04,20,076,35,07,19,104,33,1*6C
$GQGSV,1,1,02,04,20,076,36,07,19,104,41,6*6D
$GNGLL,2454.23241,N,06708.27190,E,153629.00,A,D*7D
$GNRMC,153630.00,A,2454.23241,N,06708.27190,E,0.002,,020525,,,R,V*02
$GNVTG,,T,,M,0.002,N,0.005,K,D*3F
$GNGGA,153630.00,2454.23241,N,06708.27190,E,4,12,0.59,21.8,M,-44.2,M,1.0,0284*7A
$GNGSA,A,3,10,28,32,01,27,31,08,02,23,,,,1.18,0.59,1.02,1*01
$GNGSA,A,3,70,84,73,85,86,79,71,80,69,,,,1.18,0.59,1.02,2*06
$GNGSA,A,3,03,36,34,08,,,,,,,,,1.18,0.59,1.02,3*0D
$GNGSA,A,3,14,08,13,12,11,09,16,34,,,,,1.18,0.59,1.02,4*06
$GNGSA,A,3,07,04,,,,,,,,,,,1.18,0.59,1.02,5*01
$GPGSV,4,1,13,01,19,320,38,02,46,307,46,08,16,253,38,10,43,070,46,1*65
$GPGSV,4,2,13,23,10,102,36,25,07,085,36,27,15,215,39,28,69,128,47,1*6E
$GPGSV,4,3,13,31,49,178,46,32,48,021,48,40,59,208,48,41,56,146,46,1*69
$GPGSV,4,4,13,42,19,104,45,1*5C
$GPGSV,3,1,09,01,19,320,43,08,16,253,40,10,43,070,44,23,10,102,40,6*6E
$GPGSV,3,2,09,25,07,085,26,27,15,215,39,28,69,128,47,31,49,178,44,6*63
$GPGSV,3,3,09,32,48,021,44,6*54
$GLGSV,3,1,10,69,11,050,41,70,41,346,36,71,25,291,47,73,14,157,43,1*7F
$GLGSV,3,2,10,79,14,049,44,80,28,103,47,84,33,183,37,85,61,259,50,1*7E
$GLGSV,3,3,10,86,22,325,45,,,,49,1*4F
$GLGSV,3,1,10,69,11,050,44,70,41,346,07,71,25,291,42,73,14,157,41,3*7D
$GLGSV,3,2,10,79,14,049,42,80,28,103,45,84,33,183,45,85,61,259,46,3*7A
$GLGSV,3,3,10,86,22,325,41,,,,48,3*48
$GAGSV,2,1,06,03,64,306,48,05,39,033,46,08,25,250,43,15,47,319,47,2*76
$GAGSV,2,2,06,34,75,170,48,36,23,149,44,2*77
$GAGSV,2,1,07,03,64,306,47,05,39,033,43,08,25,250,41,15,47,319,45,7*78
$GAGSV,2,2,07,25,07,130,33,34,75,170,48,36,23,149,43,7*46
$GAGSV,1,1,03,02,00,177,,16,06,108,,24,02,084,,0*44
$GBGSV,2,1,08,06,62,079,46,09,67,113,47,11,46,271,46,12,36,197,42,1*70
$GBGSV,2,2,08,13,48,072,45,16,56,066,47,26,35,145,46,34,44,233,46,1*74
$GBGSV,2,1,08,06,62,079,43,08,34,087,43,09,67,113,45,11,46,271,48,B*02
$GBGSV,2,2,08,12,36,197,48,13,48,072,43,14,21,289,45,16,56,066,43,B*03
$GBGSV,2,1,08,01,03,095,,10,03,160,,21,45,027,,22,11,070,,0*77
$GBGSV,2,2,08,24,08,187,,44,17,178,,45,29,077,,50,51,350,,0*7A
$GQGSV,1,1,02,04,20,076,35,07,19,104,33,1*6C
$GQGSV,1,1,02,04,20,076,36,07,19,104,42,6*6E
$GNGLL,2454.23241,N,06708.27190,E,153630.00,A,D*75
$GNRMC,153631.00,A,2454.23241,N,06708.27190,E,0.005,,020525,,,R,V*04
$GNVTG,,T,,M,0.005,N,0.009,K,D*34
$GNGGA,153631.00,2454.23241,N,06708.27190,E,4,12,0.59,21.8,M,-44.2,M,1.0,0284*7B
$GNGSA,A,3,10,28,32,01,27,31,08,02,23,,,,1.18,0.59,1.02,1*01
$GNGSA,A,3,70,84,73,85,86,79,71,80,69,,,,1.18,0.59,1.02,2*06
$GNGSA,A,3,03,36,34,08,,,,,,,,,1.18,0.59,1.02,3*0D
$GNGSA,A,3,14,08,13,12,11,09,16,34,,,,,1.18,0.59,1.02,4*06
$GNGSA,A,3,07,04,,,,,,,,,,,1.18,0.59,1.02,5*01
$GPGSV,4,1,13,01,19,320,38,02,46,307,46,08,16,253,38,10,43,070,46,1*65
$GPGSV,4,2,13,23,10,102,36,25,07,085,36,27,15,215,39,28,69,128,47,1*6E
$GPGSV,4,3,13,31,49,178,46,32,48,021,48,40,59,208,47,41,56,146,46,1*66
$GPGSV,4,4,13,42,19,104,45,1*5C
$GPGSV,3,1,09,01,19,320,42,08,16,253,40,10,43,070,44,23,10,102,40,6*6F
$GPGSV,3,2,09,25,07,085,26,27,15,215,39,28,69,128,47,31,49,178,44,6*63
$GPGSV,3,3,09,32,48,021,44,6*54
$GLGSV,3,1,10,69,11,050,41,70,41,346,36,71,25,291,47,73,14,157,43,1*7F
$GLGSV,3,2,10,79,14,049,43,80,28,103,46,84,33,183,37,85,61,259,50,1*78
$GLGSV,3,3,10,86,22,325,45,,,,49,1*4F
$GLGSV,3,1,10,69,11,050,44,70,41,346,07,71,25,291,42,73,14,157,41,3*7D
$GLGSV,3,2,10,79,14,049,43,80,28,103,45,84,33,183,45,85,61,259,46,3*7B
$GLGSV,3,3,10,86,22,325,41,,,,48,3*48
$GAGSV,2,1,06,03,64,306,48,05,39,033,46,08,25,250,43,15,47,319,47,2*76
$GAGSV,2,2,06,34,75,170,48,36,23,149,44,2*77
$GAGSV,2,1,07,03,64,306,47,05,39,033,43,08,25,250,41,15,47,319,45,7*78
$GAGSV,2,2,07,25,07,130,33,34,75,170,48,36,23,149,42,7*47
$GAGSV,1,1,03,02,00,177,,16,06,108,,24,02,084,,0*44
$GBGSV,2,1,08,06,62,079,46,09,67,113,47,11,46,271,46,12,36,197,42,1*70
$GBGSV,2,2,08,13,48,072,45,16,56,066,47,26,35,145,46,34,44,233,46,1*74
$GBGSV,2,1,08,06,62,079,43,08,34,087,43,09,67,113,45,11,46,271,48,B*02
$GBGSV,2,2,08,12,36,197,48,13,48,072,43,14,21,289,45,16,56,066,43,B*03
$GBGSV,2,1,08,01,03,095,,10,03,160,,21,45,027,,22,11,070,,0*77
$GBGSV,2,2,08,24,08,187,,44,17,178,,45,29,077,,50,51,350,,0*7A
$GQGSV,1,1,02,04,20,076,35,07,19,104,33,1*6C
$GQGSV,1,1,02,04,20,076,37,07,19,104,42,6*6F
$GNGLL,2454.23241,N,06708.27190,E,153631.00,A,D*74
$GNRMC,153632.00,A,2454.23241,N,06708.27190,E,0.005,,020525,,,R,V*07
$GNVTG,,T,,M,0.005,N,0.010,K,D*3C
$GNGGA,153632.00,2454.23241,N,06708.27190,E,4,12,0.59,21.8,M,-44.2,M,1.0,0284*78
$GNGSA,A,3,10,28,32,01,27,31,08,02,23,,,,1.18,0.59,1.02,1*01
$GNGSA,A,3,70,84,73,85,86,79,71,80,69,,,,1.18,0.59,1.02,2*06
$GNGSA,A,3,03,36,34,08,,,,,,,,,1.18,0.59,1.02,3*0D
$GNGSA,A,3,14,08,13,12,11,09,16,34,,,,,1.18,0.59,1.02,4*06
$GNGSA,A,3,07,04,,,,,,,,,,,1.18,0.59,1.02,5*01
$GPGSV,4,1,13,01,19,320,38,02,46,307,46,08,16,253,38,10,43,070,46,1*65
$GPGSV,4,2,13,23,10,102,37,25,07,085,36,27,15,215,39,28,69,128,47,1*6F
$GPGSV,4,3,13,31,49,178,46,32,48,021,48,40,59,208,47,41,56,146,46,1*66
$GPGSV,4,4,13,42,19,104,45,1*5C
$GPGSV,3,1,09,01,19,320,42,08,16,253,40,10,43,070,44,23,10,102,40,6*6F
$GPGSV,3,2,09,25,07,085,25,27,15,215,39,28,69,128,47,31,49,178,44,6*60
$GPGSV,3,3,09,32,48,021,44,6*54
$GLGSV,3,1,10,69,11,050,41,70,41,346,36,71,25,291,47,73,14,157,43,1*7F
$GLGSV,3,2,10,79,14,049,43,80,28,103,46,84,33,183,37,85,61,259,50,1*78
$GLGSV,3,3,10,86,22,325,45,,,,49,1*4F
$GLGSV,3,1,10,69,11,050,44,70,41,346,07,71,25,291,42,73,14,157,41,3*7D
$GLGSV,3,2,10,79,14,049,43,80,28,103,45,84,33,183,45,85,61,259,46,3*7B
$GLGSV,3,3,10,86,22,325,41,,,,48,3*48
$GAGSV,2,1,06,03,64,306,48,05,39,033,46,08,25,250,43,15,47,319,47,2*76
$GAGSV,2,2,06,34,75,170,48,36,23,149,44,2*77
$GAGSV,2,1,07,03,64,306,47,05,39,033,43,08,25,250,41,15,47,319,45,7*78
$GAGSV,2,2,07,25,07,130,33,34,75,170,48,36,23,149,42,7*47
$GAGSV,1,1,03,02,00,177,,16,06,108,,24,02,084,,0*44
$GBGSV,2,1,08,06,62,079,46,09,67,113,47,11,46,271,46,12,36,197,42,1*70
$GBGSV,2,2,08,13,48,072,45,16,56,066,47,26,35,145,46,34,44,233,46,1*74
$GBGSV,2,1,08,06,62,079,43,08,34,087,43,09,67,113,45,11,46,271,48,B*02
$GBGSV,2,2,08,12,36,197,48,13,48,072,43,14,21,289,45,16,56,066,43,B*03
$GBGSV,2,1,08,01,03,095,,10,03,160,,21,45,027,,22,11,070,,0*77
$GBGSV,2,2,08,24,08,187,,44,17,178,,45,29,077,,50,51,350,,0*7A
$GQGSV,1,1,02,04,20,076,35,07,19,104,33,1*6C
$GQGSV,1,1,02,04,20,076,37,07,19,104,42,6*6F
$GNGLL,2454.23241,N,06708.27190,E,153632.00,A,D*77
$GNRMC,153633.00,A,2454.23241,N,06708.27190,E,0.005,,020525,,,R,V*06
$GNVTG,,T,,M,0.005,N,0.008,K,D*35
$GNGGA,153633.00,2454.23241,N,06708.27190,E,4,12,0.59,21.8,M,-44.2,M,1.0,0284*79
$GNGSA,A,3,10,28,32,01,27,31,08,02,23,,,,1.18,0.59,1.02,1*01
$GNGSA,A,3,70,84,73,85,86,79,71,80,69,,,,1.18,0.59,1.02,2*06
$GNGSA,A,3,03,36,34,08,,,,,,,,,1.18,0.59,1.02,3*0D
$GNGSA,A,3,14,08,13,12,11,09,16,34,,,,,1.18,0.59,1.02,4*06
$GNGSA,A,3,07,04,,,,,,,,,,,1.18,0.59,1.02,5*01
$GPGSV,4,1,13,01,19,320,38,02,46,307,46,08,16,253,38,10,43,070,46,1*65
$GPGSV,4,2,13,23,10,102,37,25,07,085,36,27,15,215,39,28,69,128,47,1*6F
$GPGSV,4,3,13,31,49,178,46,32,48,021,48,40,59,208,48,41,56,146,46,1*69
$GPGSV,4,4,13,42,19,104,45,1*5C
$GPGSV,3,1,09,01,19,320,42,08,16,253,40,10,43,070,44,23,10,102,40,6*6F
$GPGSV,3,2,09,25,07,085,25,27,15,215,39,28,69,128,47,31,49,178,44,6*60
$GPGSV,3,3,09,32,48,021,44,6*54
$GLGSV,3,1,10,69,11,050,41,70,41,346,36,71,25,291,47,73,14,157,43,1*7F
$GLGSV,3,2,10,79,14,049,43,80,28,103,46,84,33,183,37,85,61,259,50,1*78
$GLGSV,3,3,10,86,22,325,45,,,,49,1*4F
$GLGSV,3,1,10,69,11,050,44,70,41,346,07,71,25,291,42,73,14,157,41,3*7D
$GLGSV,3,2,10,79,14,049,43,80,28,103,45,84,33,183,45,85,61,259,46,3*7B
$GLGSV,3,3,10,86,22,325,41,,,,48,3*48
$GAGSV,2,1,06,03,64,306,48,05,39,033,46,08,25,250,43,15,47,319,47,2*76
$GAGSV,2,2,06,34,75,170,48,36,23,149,44,2*77
$GAGSV,2,1,07,03,64,306,47,05,39,033,43,08,25,250,41,15,47,319,45,7*78
$GAGSV,2,2,07,25,07,130,33,34,75,170,48,36,23,149,42,7*47
$GAGSV,1,1,03,02,00,177,,16,06,108,,24,02,084,,0*44
$GBGSV,2,1,08,06,62,079,46,09,67,113,47,11,46,271,46,12,36,197,42,1*70
$GBGSV,2,2,08,13,48,072,45,16,56,066,47,26,35,145,46,34,44,233,46,1*74
$GBGSV,2,1,08,06,62,079,43,08,34,087,43,09,67,113,45,11,46,271,48,B*02
$GBGSV,2,2,08,12,36,197,48,13,48,072,43,14,21,289,45,16,56,066,43,B*03
$GBGSV,2,1,08,01,03,095,,10,03,160,,21,45,027,,22,11,070,,0*77
$GBGSV,2,2,08,24,08,187,,44,17,178,,45,29,077,,50,51,350,,0*7A
$GQGSV,1,1,02,04,20,076,35,07,19,104,33,1*6C
$GQGSV,1,1,02,04,20,076,37,07,19,104,41,6*6C
$GNGLL,2454.23241,N,06708.27190,E,153633.00,A,D*76
$GNRMC,153634.00,A,2454.23241,N,06708.27190,E,0.008,,020525,,,R,V*0C
$GNVTG,,T,,M,0.008,N,0.014,K,D*35
$GNGGA,153634.00,2454.23241,N,06708.27190,E,4,12,0.59,21.8,M,-44.2,M,1.0,0284*7E
$GNGSA,A,3,10,28,32,01,27,31,08,02,23,,,,1.18,0.59,1.02,1*01
$GNGSA,A,3,70,84,73,85,86,79,71,80,69,,,,1.18,0.59,1.02,2*06
$GNGSA,A,3,03,36,34,08,,,,,,,,,1.18,0.59,1.02,3*0D
$GNGSA,A,3,14,08,13,12,11,09,16,34,,,,,1.18,0.59,1.02,4*06
$GNGSA,A,3,07,04,,,,,,,,,,,1.18,0.59,1.02,5*01
$GPGSV,4,1,13,01,19,320,38,02,46,307,46,08,16,253,38,10,43,070,46,1*65
$GPGSV,4,2,13,23,10,102,37,25,07,085,36,27,15,215,39,28,69,128,47,1*6F
$GPGSV,4,3,13,31,49,178,46,32,48,021,48,40,59,208,48,41,56,146,46,1*69
$GPGSV,4,4,13,42,19,104,45,1*5C
$GPGSV,3,1,09,01,19,320,42,08,16,253,40,10,43,070,44,23,10,102,40,6*6F
$GPGSV,3,2,09,25,07,085,25,27,15,215,39,28,69,128,47,31,49,178,44,6*60
$GPGSV,3,3,09,32,48,021,44,6*54
$GLGSV,3,1,10,69,11,050,41,70,41,346,36,71,25,291,47,73,14,157,43,1*7F
$GLGSV,3,2,10,79,14,049,43,80,28,103,46,84,33,183,37,85,61,259,50,1*78
$GLGSV,3,3,10,86,22,325,45,,,,49,1*4F
$GLGSV,3,1,10,69,11,050,44,70,41,346,07,71,25,291,42,73,14,157,41,3*7D
$GLGSV,3,2,10,79,14,049,43,80,28,103,46,84,33,183,45,85,61,259,46,3*78
$GLGSV,3,3,10,86,22,325,42,,,,48,3*4B
$GAGSV,2,1,06,03,64,306,48,05,39,033,46,08,25,250,43,15,47,319,47,2*76
$GAGSV,2,2,06,34,75,170,48,36,23,149,44,2*77
$GAGSV,2,1,07,03,64,306,47,05,39,033,43,08,25,250,41,15,47,319,45,7*78
$GAGSV,2,2,07,25,07,130,32,34,75,170,48,36,23,149,43,7*47
$GAGSV,1,1,03,02,00,177,,16,06,108,,24,02,084,,0*44
$GBGSV,2,1,08,06,62,079,46,09,67,113,47,11,46,271,46,12,36,197,42,1*70
$GBGSV,2,2,08,13,48,072,45,16,56,066,47,26,35,145,46,34,44,233,46,1*74
$GBGSV,2,1,08,06,62,079,43,08,34,087,43,09,67,113,45,11,46,271,48,B*02
$GBGSV,2,2,08,12,36,197,48,13,48,072,43,14,21,289,45,16,56,066,43,B*03
$GBGSV,2,1,08,01,03,095,,10,03,160,,21,45,027,,22,11,070,,0*77
$GBGSV,2,2,08,24,08,187,,44,17,178,,45,29,077,,50,51,350,,0*7A
$GQGSV,1,1,02,04,20,076,35,07,19,104,33,1*6C
$GQGSV,1,1,02,04,20,076,37,07,19,104,41,6*6C
$GNGLL,2454.23241,N,06708.27190,E,153634.00,A,D*71
$GNRMC,153635.00,A,2454.23241,N,06708.27190,E,0.005,,020525,,,R,V*00
$GNVTG,,T,,M,0.005,N,0.009,K,D*34
$GNGGA,153635.00,2454.23241,N,06708.27190,E,4,12,0.59,21.8,M,-44.2,M,1.0,0284*7F
$GNGSA,A,3,10,28,32,01,27,31,08,02,23,,,,1.18,0.59,1.02,1*01
$GNGSA,A,3,70,84,73,85,86,79,71,80,69,,,,1.18,0.59,1.02,2*06
$GNGSA,A,3,03,36,34,08,,,,,,,,,1.18,0.59,1.02,3*0D
$GNGSA,A,3,14,08,13,12,11,09,16,34,,,,,1.18,0.59,1.02,4*06
$GNGSA,A,3,07,04,,,,,,,,,,,1.18,0.59,1.02,5*01
$GPGSV,4,1,13,01,19,320,38,02,46,307,46,08,16,253,39,10,43,070,46,1*64
$GPGSV,4,2,13,23,10,102,37,25,07,085,36,27,15,215,39,28,69,128,47,1*6F
$GPGSV,4,3,13,31,49,178,46,32,48,021,48,40,59,208,47,41,56,146,46,1*66
$GPGSV,4,4,13,42,19,104,44,1*5D
$GPGSV,3,1,09,01,19,320,42,08,16,253,39,10,43,070,44,23,10,102,40,6*61
$GPGSV,3,2,09,25,07,085,25,27,15,215,39,28,69,128,47,31,49,178,44,6*60
$GPGSV,3,3,09,32,48,021,44,6*54
$GLGSV,3,1,10,69,11,050,41,70,41,346,36,71,25,291,47,73,14,157,42,1*7E
$GLGSV,3,2,10,79,14,048,43,80,28,103,46,84,33,183,37,85,61,259,50,1*79
$GLGSV,3,3,10,86,22,325,46,,,,49,1*4C
$GLGSV,3,1,10,69,11,050,44,70,41,346,07,71,25,291,42,73,14,157,42,3*7E
$GLGSV,3,2,10,79,14,048,43,80,28,103,46,84,33,183,45,85,61,259,46,3*79
$GLGSV,3,3,10,86,22,325,42,,,,48,3*4B
$GAGSV,2,1,06,03,64,306,48,05,39,033,46,08,25,250,43,15,47,319,47,2*76
$GAGSV,2,2,06,34,75,170,48,36,23,149,44,2*77
$GAGSV,2,1,07,03,64,306,47,05,39,033,43,08,25,250,41,15,47,319,45,7*78
$GAGSV,2,2,07,25,07,130,33,34,75,170,48,36,23,149,43,7*46
$GAGSV,1,1,03,02,00,177,,16,06,108,,24,02,084,,0*44
$GBGSV,2,1,08,06,62,079,46,09,67,113,47,11,46,271,46,12,36,197,42,1*70
$GBGSV,2,2,08,13,48,072,45,16,56,066,47,26,35,145,46,34,44,233,46,1*74
$GBGSV,2,1,08,06,62,079,43,08,34,087,43,09,67,113,45,11,46,271,48,B*02
$GBGSV,2,2,08,12,36,197,48,13,48,072,43,14,21,289,45,16,56,066,43,B*03
$GBGSV,2,1,08,01,03,095,,10,03,160,,21,45,027,,22,11,070,,0*77
$GBGSV,2,2,08,24,08,187,,44,17,178,,45,29,077,,50,51,350,,0*7A
$GQGSV,1,1,02,04,20,076,35,07,19,104,33,1*6C
$GQGSV,1,1,02,04,20,076,37,07,19,104,41,6*6C
$GNGLL,2454.23241,N,06708.27190,E,153635.00,A,D*70
$GNRMC,153636.00,A,2454.23241,N,06708.27190,E,0.006,,020525,,,R,V*00
$GNVTG,,T,,M,0.006,N,0.011,K,D*3E
$GNGGA,153636.00,2454.23241,N,06708.27190,E,4,12,0.59,21.8,M,-44.2,M,1.0,0284*7C
$GNGSA,A,3,10,28,32,01,27,31,08,02,23,,,,1.18,0.59,1.02,1*01
$GNGSA,A,3,70,84,73,85,86,79,71,80,69,,,,1.18,0.59,1.02,2*06
$GNGSA,A,3,03,36,34,08,,,,,,,,,1.18,0.59,1.02,3*0D
$GNGSA,A,3,14,08,13,12,11,09,16,34,,,,,1.18,0.59,1.02,4*06
$GNGSA,A,3,07,04,,,,,,,,,,,1.18,0.59,1.02,5*01
$GPGSV,4,1,13,01,19,320,38,02,46,307,46,08,16,253,39,10,43,070,46,1*64
$GPGSV,4,2,13,23,10,102,37,25,07,085,36,27,15,215,39,28,69,128,47,1*6F
$GPGSV,4,3,13,31,49,178,46,32,48,021,48,40,59,208,47,41,56,146,46,1*66
$GPGSV,4,4,13,42,19,104,44,1*5D
$GPGSV,3,1,09,01,19,320,42,08,16,253,40,10,43,070,44,23,10,102,40,6*6F
$GPGSV,3,2,09,25,07,085,25,27,15,215,39,28,69,128,47,31,49,178,43,6*67
$GPGSV,3,3,09,32,48,021,44,6*54
$GLGSV,3,1,10,69,11,050,40,70,41,346,36,71,25,291,47,73,14,157,42,1*7F
$GLGSV,3,2,10,79,14,048,43,80,29,102,46,84,33,183,37,85,61,259,50,1*79
$GLGSV,3,3,10,86,22,325,46,,,,49,1*4C
$GLGSV,3,1,10,69,11,050,44,70,41,346,07,71,25,291,42,73,14,157,42,3*7E
$GLGSV,3,2,10,79,14,048,43,80,29,102,46,84,33,183,45,85,61,259,46,3*79
$GLGSV,3,3,10,86,22,325,42,,,,48,3*4B
$GAGSV,2,1,06,03,64,306,48,05,39,033,46,08,25,250,43,15,47,319,47,2*76
$GAGSV,2,2,06,34,75,170,48,36,23,149,44,2*77
$GAGSV,2,1,07,03,64,306,47,05,39,033,43,08,25,250,40,15,47,319,45,7*79
$GAGSV,2,2,07,25,07,130,33,34,75,170,48,36,23,149,42,7*47
$GAGSV,1,1,03,02,00,177,,16,06,108,,24,02,084,,0*44
$GBGSV,2,1,08,06,62,079,46,09,67,113,47,11,46,271,46,12,36,197,42,1*70
$GBGSV,2,2,08,13,48,072,45,16,56,066,47,26,35,145,46,34,44,233,46,1*74
$GBGSV,2,1,08,06,62,079,43,08,34,087,43,09,67,113,45,11,46,271,48,B*02
$GBGSV,2,2,08,12,36,197,48,13,48,072,43,14,21,289,45,16,56,066,43,B*03
$GBGSV,2,1,08,01,03,095,,10,03,160,,21,45,027,,22,11,070,,0*77
$GBGSV,2,2,08,24,08,187,,44,17,178,,45,29,077,,50,51,350,,0*7A
$GQGSV,1,1,02,04,20,076,35,07,19,104,33,1*6C
$GQGSV,1,1,02,04,20,076,36,07,19,104,41,6*6D
$GNGLL,2454.23241,N,06708.27190,E,153636.00,A,D*73
$GNRMC,153637.00,A,2454.23241,N,06708.27190,E,0.005,,020525,,,R,V*02
$GNVTG,,T,,M,0.005,N,0.009,K,D*34
$GNGGA,153637.00,2454.23241,N,06708.27190,E,4,12,0.59,21.8,M,-44.2,M,1.0,0284*7D
$GNGSA,A,3,10,28,32,01,27,31,08,02,23,,,,1.18,0.59,1.02,1*01
$GNGSA,A,3,70,84,73,85,86,79,71,80,69,,,,1.18,0.59,1.02,2*06
$GNGSA,A,3,03,36,34,08,,,,,,,,,1.18,0.59,1.02,3*0D
$GNGSA,A,3,14,08,13,12,11,09,16,34,,,,,1.18,0.59,1.02,4*06
$GNGSA,A,3,07,04,,,,,,,,,,,1.18,0.59,1.02,5*01
$GPGSV,4,1,13,01,19,320,38,02,46,307,46,08,16,253,39,10,43,070,46,1*64
$GPGSV,4,2,13,23,10,102,37,25,07,085,36,27,15,215,39,28,69,128,47,1*6F
$GPGSV,4,3,13,31,49,178,46,32,48,021,48,40,59,208,48,41,56,146,46,1*69
$GPGSV,4,4,13,42,19,104,44,1*5D
$GPGSV,3,1,09,01,19,320,43,08,16,253,39,10,43,070,44,23,10,102,40,6*60
$GPGSV,3,2,09,25,07,085,24,27,15,215,39,28,69,128,47,31,49,178,43,6*66
$GPGSV,3,3,09,32,48,021,44,6*54
$GLGSV,3,1,10,69,11,050,41,70,41,346,36,71,25,291,47,73,14,157,42,1*7E
$GLGSV,3,2,10,79,14,048,43,80,29,102,46,84,33,183,37,85,61,259,50,1*79
$GLGSV,3,3,10,86,22,325,46,,,,49,1*4C
$GLGSV,3,1,10,69,11,050,44,70,41,346,10,71,25,291,42,73,14,157,42,3*78
$GLGSV,3,2,10,79,14,048,43,80,29,102,46,84,33,183,45,85,61,259,46,3*79
$GLGSV,3,3,10,86,22,325,42,,,,48,3*4B
$GAGSV,2,1,06,03,64,306,48,05,39,033,46,08,25,250,43,15,47,319,47,2*76
$GAGSV,2,2,06,34,75,170,48,36,23,149,44,2*77
$GAGSV,2,1,07,03,64,306,47,05,39,033,43,08,25,250,40,15,47,319,45,7*79
$GAGSV,2,2,07,25,07,130,33,34,75,170,48,36,23,149,42,7*47
$GAGSV,1,1,03,02,00,177,,16,06,108,,24,02,084,,0*44
$GBGSV,2,1,08,06,62,079,46,09,67,113,47,11,46,271,46,12,36,197,42,1*70
$GBGSV,2,2,08,13,48,072,45,16,56,066,47,26,35,145,46,34,44,233,46,1*74
$GBGSV,2,1,08,06,62,079,43,08,34,087,43,09,67,113,45,11,46,271,48,B*02
$GBGSV,2,2,08,12,36,197,48,13,48,072,43,14,21,289,45,16,56,066,43,B*03
$GBGSV,2,1,08,01,03,095,,10,03,160,,21,45,027,,22,11,070,,0*77
$GBGSV,2,2,08,24,08,187,,44,17,178,,45,29,077,,50,51,350,,0*7A
$GQGSV,1,1,02,04,20,076,35,07,19,104,33,1*6C
$GQGSV,1,1,02,04,20,076,36,07,19,104,41,6*6D
$GNGLL,2454.23241,N,06708.27190,E,153637.00,A,D*72
$GNRMC,153638.00,A,2454.23241,N,06708.27190,E,0.003,,020525,,,R,V*0B
$GNVTG,,T,,M,0.003,N,0.006,K,D*3D
$GNGGA,153638.00,2454.23241,N,06708.27190,E,4,12,0.59,21.8,M,-44.2,M,1.0,0284*72
$GNGSA,A,3,10,28,32,01,27,31,08,02,23,,,,1.18,0.59,1.02,1*01
$GNGSA,A,3,70,84,73,85,86,79,71,80,69,,,,1.18,0.59,1.02,2*06
$GNGSA,A,3,03,36,34,08,,,,,,,,,1.18,0.59,1.02,3*0D
$GNGSA,A,3,14,08,13,12,11,09,16,34,,,,,1.18,0.59,1.02,4*06
$GNGSA,A,3,07,04,,,,,,,,,,,1.18,0.59,1.02,5*01
$GPGSV,4,1,13,01,19,320,38,02,46,307,46,08,16,253,39,10,43,070,46,1*64
$GPGSV,4,2,13,23,10,102,37,25,07,085,36,27,15,215,39,28,69,128,47,1*6F
$GPGSV,4,3,13,31,49,178,46,32,48,021,48,40,59,208,47,41,56,146,46,1*66
$GPGSV,4,4,13,42,19,104,44,1*5D
$GPGSV,3,1,09,01,19,320,43,08,16,253,39,10,43,070,44,23,10,102,40,6*60
$GPGSV,3,2,09,25,07,085,25,27,15,215,39,28,69,128,47,31,49,178,44,6*60
$GPGSV,3,3,09,32,48,021,44,6*54
$GLGSV,3,1,10,69,11,050,41,70,41,346,36,71,25,291,47,73,14,157,42,1*7E
$GLGSV,3,2,10,79,14,048,43,80,29,102,46,84,33,183,37,85,61,259,50,1*79
$GLGSV,3,3,10,86,22,325,46,,,,49,1*4C
$GLGSV,3,1,10,69,11,050,44,70,41,346,02,71,25,291,42,73,14,157,42,3*7B
$GLGSV,3,2,10,79,14,048,43,80,29,102,46,84,33,183,45,85,61,259,46,3*79
$GLGSV,3,3,10,86,22,325,42,,,,48,3*4B
$GAGSV,2,1,06,03,64,306,48,05,39,033,46,08,25,250,43,15,47,319,47,2*76
$GAGSV,2,2,06,34,75,170,48,36,23,149,44,2*77
$GAGSV,2,1,07,03,64,306,47,05,39,033,43,08,25,250,40,15,47,319,45,7*79
$GAGSV,2,2,07,25,07,130,33,34,75,170,48,36,23,149,42,7*47
$GAGSV,1,1,03,02,00,177,,16,06,108,,24,02,084,,0*44
$GBGSV,2,1,08,06,62,079,46,09,67,113,47,11,46,271,46,12,36,197,42,1*70
$GBGSV,2,2,08,13,48,072,45,16,56,066,47,26,35,145,46,34,44,233,46,1*74
$GBGSV,2,1,08,06,62,079,43,08,34,087,43,09,67,113,45,11,46,271,48,B*02
$GBGSV,2,2,08,12,36,197,48,13,48,072,43,14,21,289,45,16,56,066,43,B*03
$GBGSV,2,1,08,01,03,095,,10,03,160,,21,45,027,,22,11,070,,0*77
$GBGSV,2,2,08,24,08,187,,44,17,178,,45,29,077,,50,51,350,,0*7A
$GQGSV,1,1,02,04,20,076,36,07,19,104,33,1*6F
$GQGSV,1,1,02,04,20,076,37,07,19,104,41,6*6C
$GNGLL,2454.23241,N,06708.27190,E,153638.00,A,D*7D
$GNRMC,153639.00,A,2454.23241,N,06708.27190,E,0.005,,020525,,,R,V*0C
$GNVTG,,T,,M,0.005,N,0.010,K,D*3C
$GNGGA,153639.00,2454.23241,N,06708.27190,E,4,12,0.59,21.8,M,-44.2,M,1.0,0284*73
$GNGSA,A,3,10,28,32,01,27,31,08,02,23,,,,1.18,0.59,1.02,1*01
$GNGSA,A,3,70,84,73,85,86,79,71,80,69,,,,1.18,0.59,1.02,2*06
$GNGSA,A,3,03,36,34,08,,,,,,,,,1.18,0.59,1.02,3*0D
$GNGSA,A,3,14,08,13,12,11,09,16,34,,,,,1.18,0.59,1.02,4*06
$GNGSA,A,3,07,04,,,,,,,,,,,1.18,0.59,1.02,5*01
$GPGSV,4,1,13,01,19,320,39,02,46,307,46,08,16,253,39,10,43,070,46,1*65
$GPGSV,4,2,13,23,10,102,37,25,07,085,36,27,15,215,39,28,69,128,47,1*6F
$GPGSV,4,3,13,31,49,178,46,32,48,021,48,40,59,208,48,41,56,146,46,1*69
$GPGSV,4,4,13,42,19,104,45,1*5C
$GPGSV,3,1,09,01,19,320,43,08,16,253,40,10,43,070,44,23,10,102,41,6*6F
$GPGSV,3,2,09,25,07,085,25,27,15,215,39,28,69,128,47,31,49,178,44,6*60
$GPGSV,3,3,09,32,48,021,44,6*54
$GLGSV,3,1,10,69,11,050,41,70,41,346,36,71,25,291,47,73,14,157,42,1*7E
$GLGSV,3,2,10,79,14,048,43,80,29,102,46,84,33,183,37,85,61,259,50,1*79
$GLGSV,3,3,10,86,22,325,46,,,,49,1*4C
$GLGSV,3,1,10,69,11,050,44,70,41,346,05,71,25,291,42,73,14,157,42,3*7C
$GLGSV,3,2,10,79,14,048,43,80,29,102,46,84,33,183,45,85,61,259,46,3*79
$GLGSV,3,3,10,86,22,325,42,,,,48,3*4B
$GAGSV,2,1,06,03,64,306,48,05,39,033,46,08,25,250,43,15,47,319,47,2*76
$GAGSV,2,2,06,34,75,170,48,36,23,149,44,2*77
$GAGSV,2,1,07,03,64,306,47,05,39,033,43,08,25,250,40,15,47,319,45,7*79
$GAGSV,2,2,07,25,07,130,33,34,75,170,48,36,23,149,42,7*47
$GAGSV,1,1,03,02,00,177,,16,06,108,,24,02,084,,0*44
$GBGSV,2,1,08,06,62,079,46,09,67,113,47,11,46,271,46,12,36,197,42,1*70
$GBGSV,2,2,08,13,48,072,45,16,56,066,47,26,35,145,46,34,44,233,46,1*74
$GBGSV,2,1,08,06,62,079,43,08,34,087,43,09,67,113,45,11,46,271,48,B*02
$GBGSV,2,2,08,12,36,197,48,13,48,072,43,14,21,289,45,16,56,066,43,B*03
$GBGSV,2,1,08,01,03,095,,10,03,160,,21,45,027,,22,11,070,,0*77
$GBGSV,2,2,08,24,08,187,,44,17,178,,45,29,077,,50,51,350,,0*7A
$GQGSV,1,1,02,04,20,076,35,07,19,104,33,1*6C
$GQGSV,1,1,02,04,20,076,37,07,19,104,41,6*6C
$GNGLL,2454.23241,N,06708.27190,E,153639.00,A,D*7C
$GNRMC,153640.00,A,2454.23241,N,06708.27190,E,0.002,,020525,,,R,V*05
$GNVTG,,T,,M,0.002,N,0.004,K,D*3E
$GNGGA,153640.00,2454.23241,N,06708.27190,E,4,12,0.59,21.8,M,-44.2,M,1.0,0284*7D
$GNGSA,A,3,10,28,32,01,27,31,08,02,23,,,,1.18,0.59,1.02,1*01
$GNGSA,A,3,70,84,73,85,86,79,71,80,69,,,,1.18,0.59,1.02,2*06
$GNGSA,A,3,03,36,34,08,,,,,,,,,1.18,0.59,1.02,3*0D
$GNGSA,A,3,14,08,13,12,11,09,16,34,,,,,1.18,0.59,1.02,4*06
$GNGSA,A,3,07,04,,,,,,,,,,,1.18,0.59,1.02,5*01
$GPGSV,4,1,13,01,19,320,39,02,46,307,46,08,16,253,39,10,43,070,46,1*65
$GPGSV,4,2,13,23,10,102,37,25,07,085,36,27,15,215,39,28,69,128,47,1*6F
$GPGSV,4,3,13,31,49,178,45,32,48,021,48,40,59,208,47,41,56,146,46,1*65
$GPGSV,4,4,13,42,19,104,45,1*5C
$GPGSV,3,1,09,01,19,320,43,08,16,253,39,10,43,070,44,23,10,102,41,6*61
$GPGSV,3,2,09,25,07,085,25,27,15,215,39,28,69,128,47,31,49,178,44,6*60
$GPGSV,3,3,09,32,48,021,44,6*54
$GLGSV,3,1,10,69,11,050,40,70,41,346,36,71,25,291,47,73,14,157,42,1*7F
$GLGSV,3,2,10,79,14,048,43,80,29,102,47,84,32,183,37,85,61,259,50,1*79
$GLGSV,3,3,10,86,22,325,45,,,,49,1*4F
$GLGSV,3,1,10,69,11,050,44,70,41,346,07,71,25,291,43,73,14,157,42,3*7F
$GLGSV,3,2,10,79,14,048,43,80,29,102,46,84,32,183,45,85,61,259,46,3*78
$GLGSV,3,3,10,86,22,325,42,,,,48,3*4B
$GAGSV,2,1,06,03,64,306,48,05,39,033,46,08,25,250,43,15,47,319,47,2*76
$GAGSV,2,2,06,34,75,170,48,36,23,149,44,2*77
$GAGSV,2,1,07,03,64,306,47,05,39,033,44,08,25,250,40,15,47,319,45,7*7E
$GAGSV,2,2,07,25,07,130,33,34,75,170,48,36,23,149,42,7*47
$GAGSV,1,1,03,02,00,177,,16,06,108,,24,02,084,,0*44
$GBGSV,2,1,08,06,62,079,46,09,67,113,47,11,46,271,46,12,36,197,42,1*70
$GBGSV,2,2,08,13,48,072,45,16,56,066,47,26,35,145,46,34,44,233,46,1*74
$GBGSV,2,1,08,06,62,079,44,08,34,087,43,09,67,113,45,11,46,271,48,B*05
$GBGSV,2,2,08,12,36,197,48,13,48,072,44,14,21,289,45,16,56,066,43,B*04
$GBGSV,2,1,08,01,03,095,,10,03,160,,21,45,027,,22,11,070,,0*77
$GBGSV,2,2,08,24,08,187,,44,17,178,,45,29,077,,50,51,350,,0*7A
$GQGSV,1,1,02,04,20,076,35,07,19,104,33,1*6C
$GQGSV,1,1,02,04,20,076,37,07,19,104,41,6*6C
$GNGLL,2454.23241,N,06708.27190,E,153640.00,A,D*72
$GNRMC,153641.00,A,2454.23241,N,06708.27190,E,0.006,,020525,,,R,V*00
$GNVTG,,T,,M,0.006,N,0.011,K,D*3E
$GNGGA,153641.00,2454.23241,N,06708.27190,E,4,12,0.59,21.8,M,-44.2,M,1.0,0284*7C
$GNGSA,A,3,10,28,32,01,27,31,08,02,23,,,,1.18,0.59,1.02,1*01
$GNGSA,A,3,70,84,73,85,86,79,71,80,69,,,,1.18,0.59,1.02,2*06
$GNGSA,A,3,03,36,34,08,,,,,,,,,1.18,0.59,1.02,3*0D
$GNGSA,A,3,14,08,13,12,11,09,16,34,,,,,1.18,0.59,1.02,4*06
$GNGSA,A,3,07,04,,,,,,,,,,,1.18,0.59,1.02,5*01
$GPGSV,4,1,13,01,19,320,38,02,46,307,46,08,16,253,39,10,43,070,46,1*64
$GPGSV,4,2,13,23,10,102,37,25,07,085,36,27,15,215,39,28,69,128,47,1*6F
$GPGSV,4,3,13,31,49,178,46,32,48,021,48,40,59,208,47,41,56,146,46,1*66
$GPGSV,4,4,13,42,19,104,45,1*5C
$GPGSV,3,1,09,01,19,320,42,08,16,253,39,10,43,070,44,23,10,102,41,6*60
$GPGSV,3,2,09,25,07,085,25,27,15,215,39,28,69,128,47,31,49,178,44,6*60
$GPGSV,3,3,09,32,48,021,44,6*54
$GLGSV,3,1,10,69,11,050,40,70,41,346,36,71,25,291,47,73,14,157,42,1*7F
$GLGSV,3,2,10,79,14,048,43,80,29,102,46,84,32,183,37,85,60,257,50,1*77
$GLGSV,3,3,10,86,22,325,45,,,,50,1*47
$GLGSV,3,1,10,69,11,050,44,70,41,346,06,71,25,291,43,73,14,157,42,3*7E
$GLGSV,3,2,10,79,14,048,43,80,29,102,46,84,32,183,46,85,60,257,46,3*74
$GLGSV,3,3,10,86,22,325,42,,,,48,3*4B
$GAGSV,2,1,06,03,64,306,48,05,39,033,46,08,25,250,43,15,47,319,47,2*76
$GAGSV,2,2,06,34,75,170,48,36,23,149,44,2*77
$GAGSV,2,1,07,03,64,306,47,05,39,033,44,08,25,250,40,15,47,319,45,7*7E
$GAGSV,2,2,07,25,07,130,33,34,75,170,48,36,23,149,42,7*47
$GAGSV,1,1,03,02,00,177,,16,06,108,,24,02,084,,0*44
$GBGSV,2,1,08,06,62,079,46,09,67,113,47,11,46,271,46,12,36,197,42,1*70
$GBGSV,2,2,08,13,48,072,45,16,56,066,47,26,35,145,46,34,44,233,46,1*74
$GBGSV,2,1,08,06,62,079,44,08,34,087,43,09,67,113,45,11,46,271,48,B*05
$GBGSV,2,2,08,12,36,197,48,13,48,072,44,14,21,289,45,16,56,066,43,B*04
$GBGSV,2,1,08,01,03,095,,10,03,160,,21,45,027,,22,11,070,,0*77
$GBGSV,2,2,08,24,08,187,,44,17,178,,45,29,077,,50,51,350,,0*7A
$GQGSV,1,1,02,04,20,076,35,07,19,104,33,1*6C
$GQGSV,1,1,02,04,20,076,36,07,19,104,42,6*6E
$GNGLL,2454.23241,N,06708.27190,E,153641.00,A,D*73
$GNRMC,153642.00,A,2454.23241,N,06708.27189,E,0.008,,020525,,,R,V*05
$GNVTG,,T,,M,0.008,N,0.015,K,D*34
$GNGGA,153642.00,2454.23241,N,06708.27189,E,4,12,0.59,21.8,M,-44.2,M,1.0,0284*77
$GNGSA,A,3,10,28,32,01,27,31,08,02,23,,,,1.18,0.59,1.02,1*01
$GNGSA,A,3,70,84,73,85,86,79,71,80,69,,,,1.18,0.59,1.02,2*06
$GNGSA,A,3,03,36,34,08,,,,,,,,,1.18,0.59,1.02,3*0D
$GNGSA,A,3,14,08,13,12,11,09,16,34,,,,,1.18,0.59,1.02,4*06
$GNGSA,A,3,07,04,,,,,,,,,,,1.18,0.59,1.02,5*01
$GPGSV,4,1,13,01,19,320,39,02,46,307,46,08,16,253,39,10,43,070,46,1*65
$GPGSV,4,2,13,23,10,102,36,25,07,085,36,27,15,215,39,28,69,128,47,1*6E
$GPGSV,4,3,13,31,49,178,46,32,48,021,48,40,59,208,48,41,56,146,46,1*69
$GPGSV,4,4,13,42,19,104,45,1*5C
$GPGSV,3,1,09,01,19,320,42,08,16,253,39,10,43,070,44,23,10,102,41,6*60
$GPGSV,3,2,09,25,07,085,25,27,15,215,39,28,69,128,47,31,49,178,44,6*60
$GPGSV,3,3,09,32,48,021,44,6*54
$GLGSV,3,1,10,69,11,050,40,70,41,346,36,71,25,291,47,73,14,157,42,1*7F
$GLGSV,3,2,10,79,14,048,43,80,29,102,46,84,32,183,37,85,60,257,50,1*77
$GLGSV,3,3,10,86,23,324,45,,,,50,1*47
$GLGSV,3,1,10,69,11,050,44,70,41,346,08,71,25,291,43,73,14,157,42,3*70
$GLGSV,3,2,10,79,14,048,44,80,29,102,46,84,32,183,46,85,60,257,46,3*73
$GLGSV,3,3,10,86,23,324,42,,,,48,3*4B
$GAGSV,2,1,06,03,64,306,48,05,39,033,46,08,25,250,43,15,47,319,47,2*76
$GAGSV,2,2,06,34,75,170,48,36,23,149,44,2*77
$GAGSV,2,1,07,03,64,306,47,05,39,033,43,08,25,250,40,15,47,319,45,7*79
$GAGSV,2,2,07,25,07,130,32,34,75,170,48,36,23,149,42,7*46
$GAGSV,1,1,03,02,00,177,,16,06,108,,24,02,084,,0*44
$GBGSV,2,1,08,06,62,079,46,09,67,113,47,11,46,271,46,12,36,197,42,1*70
$GBGSV,2,2,08,13,48,072,45,16,56,066,47,26,35,145,46,34,44,233,46,1*74
$GBGSV,2,1,08,06,62,079,43,08,34,087,43,09,67,113,45,11,46,271,48,B*02
$GBGSV,2,2,08,12,36,197,48,13,48,072,44,14,21,289,45,16,56,066,43,B*04
$GBGSV,2,1,08,01,03,095,,10,03,160,,21,45,027,,22,11,070,,0*77
$GBGSV,2,2,08,24,08,187,,44,17,178,,45,29,077,,50,51,350,,0*7A
$GQGSV,1,1,02,04,20,076,35,07,19,104,33,1*6C
$GQGSV,1,1,02,04,20,076,37,07,19,104,42,6*6F
$GNGLL,2454.23241,N,06708.27189,E,153642.00,A,D*78
$GNRMC,153643.00,A,2454.23241,N,06708.27190,E,0.004,,020525,,,R,V*00
$GNVTG,,T,,M,0.004,N,0.007,K,D*3B
$GNGGA,153643.00,2454.23241,N,06708.27190,E,4,12,0.59,21.8,M,-44.2,M,1.0,0284*7E
$GNGSA,A,3,10,28,32,01,27,31,08,02,23,,,,1.18,0.59,1.02,1*01
$GNGSA,A,3,70,84,73,85,86,79,71,80,69,,,,1.18,0.59,1.02,2*06
$GNGSA,A,3,03,36,34,08,,,,,,,,,1.18,0.59,1.02,3*0D
$GNGSA,A,3,14,08,13,12,11,09,16,34,,,,,1.18,0.59,1.02,4*06
$GNGSA,A,3,07,04,,,,,,,,,,,1.18,0.59,1.02,5*01
$GPGSV,4,1,13,01,19,320,39,02,46,307,46,08,16,253,39,10,43,070,46,1*65
$GPGSV,4,2,13,23,10,102,37,25,07,085,36,27,15,215,39,28,69,128,47,1*6F
$GPGSV,4,3,13,31,49,178,45,32,48,021,48,40,59,208,47,41,56,146,46,1*65
$GPGSV,4,4,13,42,19,104,45,1*5C
$GPGSV,3,1,09,01,19,320,42,08,16,253,39,10,43,070,44,23,10,102,41,6*60
$GPGSV,3,2,09,25,07,085,25,27,15,215,39,28,69,128,47,31,49,178,44,6*60
$GPGSV,3,3,09,32,48,021,44,6*54
$GLGSV,3,1,10,69,11,050,40,70,41,346,36,71,25,291,47,73,14,157,42,1*7F
$GLGSV,3,2,10,79,14,048,43,80,29,102,46,84,32,183,37,85,60,257,50,1*77
$GLGSV,3,3,10,86,23,324,45,,,,50,1*47
$GLGSV,3,1,10,69,11,050,44,70,41,346,11,71,25,291,42,73,14,157,42,3*79
$GLGSV,3,2,10,79,14,048,44,80,29,102,46,84,32,183,46,85,60,257,46,3*73
$GLGSV,3,3,10,86,23,324,42,,,,48,3*4B
$GAGSV,2,1,06,03,64,306,48,05,39,033,46,08,25,250,43,15,47,319,47,2*76
$GAGSV,2,2,06,34,75,170,48,36,23,149,44,2*77
$GAGSV,2,1,07,03,64,306,47,05,39,033,44,08,25,250,40,15,47,319,44,7*7F
$GAGSV,2,2,07,25,07,130,32,34,75,170,48,36,23,149,42,7*46
$GAGSV,1,1,03,02,00,177,,16,06,108,,24,02,084,,0*44
$GBGSV,2,1,08,06,62,079,46,09,67,113,47,11,46,271,46,12,36,197,42,1*70
$GBGSV,2,2,08,13,48,072,45,16,56,066,47,26,35,145,46,34,44,233,46,1*74
$GBGSV,2,1,08,06,62,079,44,08,34,087,43,09,67,113,45,11,46,271,48,B*05
$GBGSV,2,2,08,12,36,197,48,13,48,072,44,14,21,289,45,16,56,066,43,B*04
$GBGSV,2,1,08,01,03,095,,10,03,160,,21,45,027,,22,11,070,,0*77
$GBGSV,2,2,08,24,08,187,,44,17,178,,45,29,077,,50,51,350,,0*7A
$GQGSV,1,1,02,04,20,076,35,07,19,104,33,1*6C
$GQGSV,1,1,02,04,20,076,37,07,19,104,42,6*6F
$GNGLL,2454.23241,N,06708.27190,E,153643.00,A,D*71
$GNRMC,153644.00,A,2454.23241,N,06708.27190,E,0.007,,020525,,,R,V*04
$GNVTG,,T,,M,0.007,N,0.012,K,D*3C
$GNGGA,153644.00,2454.23241,N,06708.27190,E,4,12,0.59,21.8,M,-44.2,M,1.0,0284*79
$GNGSA,A,3,10,28,32,01,27,31,08,02,23,,,,1.18,0.59,1.02,1*01
$GNGSA,A,3,70,84,73,85,86,79,71,80,69,,,,1.18,0.59,1.02,2*06
$GNGSA,A,3,03,36,34,08,,,,,,,,,1.18,0.59,1.02,3*0D
$GNGSA,A,3,14,08,13,12,11,09,16,34,,,,,1.18,0.59,1.02,4*06
$GNGSA,A,3,07,04,,,,,,,,,,,1.18,0.59,1.02,5*01
$GPGSV,4,1,13,01,19,320,38,02,46,307,46,08,16,253,40,10,43,070,46,1*6A
$GPGSV,4,2,13,23,10,102,37,25,07,085,36,27,15,215,39,28,69,128,47,1*6F
$GPGSV,4,3,13,31,49,178,45,32,48,021,48,40,59,208,47,41,56,146,46,1*65
$GPGSV,4,4,13,42,19,104,45,1*5C
$GPGSV,3,1,09,01,19,320,42,08,16,253,39,10,43,070,44,23,10,102,41,6*60
$GPGSV,3,2,09,25,07,085,25,27,15,215,39,28,69,128,47,31,49,178,44,6*60
$GPGSV,3,3,09,32,48,021,44,6*54
$GLGSV,3,1,10,69,11,050,40,70,41,346,36,71,25,291,47,73,14,157,42,1*7F
$GLGSV,3,2,10,79,14,048,43,80,29,102,46,84,32,183,37,85,60,257,50,1*77
$GLGSV,3,3,10,86,23,324,46,,,,49,1*4C
$GLGSV,3,1,10,69,11,050,44,70,41,346,10,71,25,291,42,73,14,157,42,3*78
$GLGSV,3,2,10,79,14,048,43,80,29,102,46,84,32,183,46,85,60,257,46,3*74
$GLGSV,3,3,10,86,23,324,42,,,,48,3*4B
$GAGSV,2,1,06,03,64,306,48,05,39,033,46,08,25,250,43,15,47,319,47,2*76
$GAGSV,2,2,06,34,75,170,48,36,23,149,44,2*77
$GAGSV,2,1,07,03,64,306,47,05,39,033,44,08,25,250,40,15,47,319,45,7*7E
$GAGSV,2,2,07,25,07,130,32,34,75,170,48,36,23,149,42,7*46
$GAGSV,1,1,03,02,00,177,,16,06,108,,24,02,084,,0*44
$GBGSV,2,1,08,06,62,079,46,09,67,113,47,11,46,271,46,12,36,197,42,1*70
$GBGSV,2,2,08,13,48,072,45,16,56,066,47,26,35,145,46,34,44,233,46,1*74
$GBGSV,2,1,08,06,62,079,44,08,34,087,43,09,67,113,45,11,46,271,48,B*05
$GBGSV,2,2,08,12,36,197,48,13,48,072,44,14,21,289,45,16,56,066,43,B*04
$GBGSV,2,1,08,01,03,095,,10,03,160,,21,45,027,,22,11,070,,0*77
$GBGSV,2,2,08,24,08,187,,44,17,178,,45,29,077,,50,51,350,,0*7A
$GQGSV,1,1,02,04,20,076,35,07,19,104,33,1*6C
$GQGSV,1,1,02,04,20,076,37,07,19,104,41,6*6C
$GNGLL,2454.23241,N,06708.27190,E,153644.00,A,D*76
$GNRMC,153645.00,A,2454.23241,N,06708.27190,E,0.003,,020525,,,R,V*01
$GNVTG,,T,,M,0.003,N,0.006,K,D*3D
$GNGGA,153645.00,2454.23241,N,06708.27190,E,4,12,0.59,21.8,M,-44.2,M,1.0,0284*78
$GNGSA,A,3,10,28,32,01,27,31,08,02,23,,,,1.18,0.59,1.02,1*01
$GNGSA,A,3,70,84,73,85,86,79,71,80,69,,,,1.18,0.59,1.02,2*06
$GNGSA,A,3,03,36,34,08,,,,,,,,,1.18,0.59,1.02,3*0D
$GNGSA,A,3,14,08,13,12,11,09,16,34,,,,,1.18,0.59,1.02,4*06
$GNGSA,A,3,07,04,,,,,,,,,,,1.18,0.59,1.02,5*01
$GPGSV,4,1,13,01,19,320,39,02,46,307,46,08,16,253,39,10,43,070,46,1*65
$GPGSV,4,2,13,23,10,102,37,25,07,085,36,27,15,215,39,28,69,128,47,1*6F
$GPGSV,4,3,13,31,49,178,45,32,48,021,48,40,59,208,47,41,56,146,46,1*65
$GPGSV,4,4,13,42,19,104,45,1*5C
$GPGSV,3,1,09,01,19,320,42,08,16,253,39,10,43,070,44,23,10,102,41,6*60
$GPGSV,3,2,09,25,07,085,25,27,15,215,39,28,69,128,47,31,49,178,44,6*60
$GPGSV,3,3,09,32,48,021,44,6*54
$GLGSV,3,1,10,69,11,050,40,70,41,346,36,71,25,291,47,73,14,157,42,1*7F
$GLGSV,3,2,10,79,14,048,43,80,29,102,46,84,32,183,37,85,60,257,50,1*77
$GLGSV,3,3,10,86,23,324,46,,,,49,1*4C
$GLGSV,3,1,10,69,11,050,44,70,41,346,09,71,25,291,42,73,14,157,42,3*70
$GLGSV,3,2,10,79,14,048,44,80,29,102,46,84,32,183,45,85,60,257,46,3*70
$GLGSV,3,3,10,86,23,324,42,,,,48,3*4B
$GAGSV,2,1,06,03,64,306,48,05,39,033,46,08,25,250,43,15,47,319,47,2*76
$GAGSV,2,2,06,34,75,170,48,36,23,149,44,2*77
$GAGSV,2,1,07,03,64,306,47,05,39,033,43,08,25,250,40,15,47,319,45,7*79
$GAGSV,2,2,07,25,07,130,32,34,75,170,48,36,23,149,42,7*46
$GAGSV,1,1,03,02,00,177,,16,06,108,,24,02,084,,0*44
$GBGSV,2,1,08,06,62,079,46,09,67,113,47,11,46,271,46,12,36,197,42,1*70
$GBGSV,2,2,08,13,48,072,45,16,56,066,47,26,35,145,46,34,44,233,46,1*74
$GBGSV,2,1,08,06,62,079,44,08,34,087,43,09,67,113,45,11,46,271,48,B*05
$GBGSV,2,2,08,12,36,197,48,13,48,072,44,14,21,289,45,16,56,066,43,B*04
$GBGSV,2,1,08,01,03,095,,10,03,160,,21,45,027,,22,11,070,,0*77
$GBGSV,2,2,08,24,08,187,,44,17,178,,45,29,077,,50,51,350,,0*7A
$GQGSV,1,1,02,04,20,076,35,07,19,104,33,1*6C
$GQGSV,1,1,02,04,20,076,37,07,19,104,41,6*6C
$GNGLL,2454.23241,N,06708.27190,E,153645.00,A,D*77
$GNRMC,153646.00,A,2454.23241,N,06708.27190,E,0.010,,020525,,,R,V*00
$GNVTG,,T,,M,0.010,N,0.018,K,D*30
$GNGGA,153646.00,2454.23241,N,06708.27190,E,4,12,0.59,21.8,M,-44.2,M,1.0,0284*7B
$GNGSA,A,3,10,28,32,01,27,31,08,02,23,,,,1.18,0.59,1.02,1*01
$GNGSA,A,3,70,84,73,85,86,79,71,80,69,,,,1.18,0.59,1.02,2*06
$GNGSA,A,3,03,36,34,08,,,,,,,,,1.18,0.59,1.02,3*0D
$GNGSA,A,3,14,08,13,12,11,09,16,34,,,,,1.18,0.59,1.02,4*06
$GNGSA,A,3,07,04,,,,,,,,,,,1.18,0.59,1.02,5*01
$GPGSV,4,1,13,01,20,320,39,02,46,307,46,08,16,253,40,10,43,070,46,1*61
$GPGSV,4,2,13,23,10,102,36,25,07,085,35,27,15,215,39,28,69,128,47,1*6D
$GPGSV,4,3,13,31,49,178,45,32,48,021,48,40,59,208,47,41,56,146,46,1*65
$GPGSV,4,4,13,42,19,104,44,1*5D
$GPGSV,3,1,09,01,20,320,42,08,16,253,39,10,43,070,44,23,10,102,40,6*6B
$GPGSV,3,2,09,25,07,085,24,27,15,215,38,28,69,128,47,31,49,178,44,6*60
$GPGSV,3,3,09,32,48,021,44,6*54
$GLGSV,3,1,10,69,11,050,40,70,41,346,36,71,25,291,47,73,14,157,42,1*7F
$GLGSV,3,2,10,79,14,048,43,80,29,102,46,84,32,183,37,85,60,257,50,1*77
$GLGSV,3,3,10,86,23,324,45,,,,49,1*4F
$GLGSV,3,1,10,69,11,050,43,70,41,346,08,71,25,291,43,73,14,157,42,3*77
$GLGSV,3,2,10,79,14,048,44,80,29,102,46,84,32,183,45,85,60,257,46,3*70
$GLGSV,3,3,10,86,23,324,42,,,,48,3*4B
$GAGSV,2,1,06,03,64,306,48,05,39,033,46,08,25,250,43,15,47,319,47,2*76
$GAGSV,2,2,06,34,75,170,48,36,23,149,44,2*77
$GAGSV,2,1,07,03,64,306,47,05,39,033,43,08,25,250,40,15,47,319,44,7*78
$GAGSV,2,2,07,25,07,130,32,34,75,170,48,36,23,149,42,7*46
$GAGSV,1,1,03,02,00,177,,16,06,108,,24,02,084,,0*44
$GBGSV,2,1,08,06,62,079,46,09,67,113,47,11,46,271,46,12,36,197,42,1*70
$GBGSV,2,2,08,13,48,072,45,16,56,066,47,26,35,145,46,34,44,233,46,1*74
$GBGSV,2,1,08,06,62,079,44,08,34,087,43,09,67,113,45,11,46,271,48,B*05
$GBGSV,2,2,08,12,36,197,47,13,48,072,43,14,21,289,45,16,56,066,43,B*0C
$GBGSV,2,1,08,01,03,095,,10,03,160,,21,45,027,,22,11,070,,0*77
$GBGSV,2,2,08,24,08,187,,44,17,178,,45,29,077,,50,51,350,,0*7A
$GQGSV,1,1,02,04,20,076,35,07,19,104,33,1*6C
$GQGSV,1,1,02,04,20,076,37,07,19,104,41,6*6C
$GNGLL,2454.23241,N,06708.27190,E,153646.00,A,D*74
$GNRMC,153647.00,A,2454.23241,N,06708.27190,E,0.006,,020525,,,R,V*06
$GNVTG,,T,,M,0.006,N,0.010,K,D*3F
$GNGGA,153647.00,2454.23241,N,06708.27190,E,4,12,0.59,21.8,M,-44.2,M,1.0,0284*7A
$GNGSA,A,3,10,28,32,01,27,31,08,02,23,,,,1.18,0.59,1.02,1*01
$GNGSA,A,3,70,84,73,85,86,79,71,80,69,,,,1.18,0.59,1.02,2*06
$GNGSA,A,3,03,36,34,08,,,,,,,,,1.18,0.59,1.02,3*0D
$GNGSA,A,3,14,08,13,12,11,09,16,34,,,,,1.18,0.59,1.02,4*06
$GNGSA,A,3,07,04,,,,,,,,,,,1.18,0.59,1.02,5*01
$GPGSV,4,1,13,01,20,320,39,02,46,306,46,08,16,253,40,10,43,070,46,1*60
$GPGSV,4,2,13,23,10,102,37,25,07,085,35,27,15,215,39,28,69,128,47,1*6C
$GPGSV,4,3,13,31,49,178,45,32,48,021,48,40,59,208,47,41,56,146,46,1*65
$GPGSV,4,4,13,42,19,104,45,1*5C
$GPGSV,3,1,09,01,20,320,42,08,16,253,39,10,43,070,44,23,10,102,40,6*6B
$GPGSV,3,2,09,25,07,085,24,27,15,215,38,28,69,128,47,31,49,178,44,6*60
$GPGSV,3,3,09,32,48,021,44,6*54
$GLGSV,3,1,10,69,11,050,39,70,41,346,36,71,25,291,47,73,14,157,42,1*71
$GLGSV,3,2,10,79,14,048,43,80,29,102,46,84,32,183,37,85,60,257,50,1*77
$GLGSV,3,3,10,86,23,324,46,,,,49,1*4C
$GLGSV,3,1,10,69,11,050,43,70,41,346,10,71,25,291,43,73,14,157,42,3*7E
$GLGSV,3,2,10,79,14,048,44,80,29,102,46,84,32,183,45,85,60,257,47,3*71
$GLGSV,3,3,10,86,23,324,42,,,,48,3*4B
$GAGSV,2,1,06,03,64,306,48,05,39,033,46,08,25,250,43,15,47,319,47,2*76
$GAGSV,2,2,06,34,75,170,48,36,23,149,44,2*77
$GAGSV,2,1,07,03,64,306,47,05,39,033,43,08,25,250,40,15,47,319,44,7*78
$GAGSV,2,2,07,25,07,130,32,34,75,170,48,36,23,149,42,7*46
$GAGSV,1,1,03,02,00,177,,16,06,108,,24,02,084,,0*44
$GBGSV,2,1,08,06,62,079,46,09,67,113,47,11,46,271,46,12,36,197,42,1*70
$GBGSV,2,2,08,13,48,072,45,16,56,066,47,26,35,145,46,34,44,233,46,1*74
$GBGSV,2,1,08,06,62,079,44,08,34,087,43,09,67,113,45,11,46,271,48,B*05
$GBGSV,2,2,08,12,36,197,47,13,48,072,43,14,21,289,45,16,56,066,43,B*0C
$GBGSV,2,1,08,01,03,095,,10,03,160,,21,45,027,,22,11,070,,0*77
$GBGSV,2,2,08,24,08,187,,44,17,178,,45,29,077,,50,51,350,,0*7A
$GQGSV,1,1,02,04,20,076,35,07,19,104,33,1*6C
$GQGSV,1,1,02,04,20,076,36,07,19,104,41,6*6D
$GNGLL,2454.23241,N,06708.27190,E,153647.00,A,D*75
$GNRMC,153648.00,A,2454.23241,N,06708.27190,E,0.008,,020525,,,R,V*07
$GNVTG,,T,,M,0.008,N,0.014,K,D*35
$GNGGA,153648.00,2454.23241,N,06708.27190,E,4,12,0.59,21.8,M,-44.2,M,1.0,0284*75
$GNGSA,A,3,10,28,32,01,27,31,08,02,23,,,,1.18,0.59,1.02,1*01
$GNGSA,A,3,70,84,73,85,86,79,71,80,69,,,,1.18,0.59,1.02,2*06
$GNGSA,A,3,03,36,34,08,,,,,,,,,1.18,0.59,1.02,3*0D
$GNGSA,A,3,14,08,13,12,11,09,16,34,,,,,1.18,0.59,1.02,4*06
$GNGSA,A,3,07,04,,,,,,,,,,,1.18,0.59,1.02,5*01
$GPGSV,4,1,13,01,20,320,39,02,46,306,46,08,16,253,40,10,43,070,46,1*60
$GPGSV,4,2,13,23,10,102,37,25,07,085,35,27,15,215,39,28,69,128,47,1*6C
$GPGSV,4,3,13,31,49,178,45,32,48,021,48,40,59,208,47,41,56,146,46,1*65
$GPGSV,4,4,13,42,19,104,44,1*5D
$GPGSV,3,1,09,01,20,320,42,08,16,253,39,10,43,070,44,23,10,102,40,6*6B
$GPGSV,3,2,09,25,07,085,24,27,15,215,38,28,69,128,47,31,49,178,44,6*60
$GPGSV,3,3,09,32,48,021,44,6*54
$GLGSV,3,1,10,69,11,050,39,70,41,346,36,71,25,291,47,73,14,157,42,1*71
$GLGSV,3,2,10,79,14,048,43,80,29,102,46,84,32,183,37,85,60,257,50,1*77
$GLGSV,3,3,10,86,23,324,45,,,,49,1*4F
$GLGSV,3,1,10,69,11,050,43,70,41,346,08,71,25,291,42,73,14,157,42,3*76
$GLGSV,3,2,10,79,14,048,43,80,29,102,46,84,32,183,45,85,60,257,47,3*76
$GLGSV,3,3,10,86,23,324,42,,,,48,3*4B
$GAGSV,2,1,06,03,64,306,48,05,39,033,46,08,25,250,43,15,47,319,47,2*76
$GAGSV,2,2,06,34,75,170,48,36,23,149,44,2*77
$GAGSV,2,1,07,03,64,306,47,05,39,033,43,08,25,250,40,15,47,319,44,7*78
$GAGSV,2,2,07,25,07,130,32,34,75,170,48,36,23,149,42,7*46
$GAGSV,1,1,03,02,00,177,,16,06,108,,24,02,084,,0*44
$GBGSV,2,1,08,06,62,079,46,09,67,113,47,11,46,271,46,12,36,197,42,1*70
$GBGSV,2,2,08,13,48,072,45,16,56,066,47,26,35,145,46,34,44,233,46,1*74
$GBGSV,2,1,08,06,62,079,43,08,34,087,43,09,67,113,45,11,46,271,47,B*0D
$GBGSV,2,2,08,12,36,197,47,13,48,072,43,14,21,289,45,16,56,066,43,B*0C
$GBGSV,2,1,08,01,03,095,,10,03,160,,21,45,027,,22,11,070,,0*77
$GBGSV,2,2,08,24,08,187,,44,17,178,,45,29,077,,50,51,350,,0*7A
$GQGSV,1,1,02,04,20,076,35,07,19,104,33,1*6C
$GQGSV,1,1,02,04,20,076,36,07,19,104,41,6*6D
$GNGLL,2454.23241,N,06708.27190,E,153648.00,A,D*7A
$GNRMC,153649.00,A,2454.23241,N,06708.27190,E,0.005,,020525,,,R,V*0B
$GNVTG,,T,,M,0.005,N,0.009,K,D*34
$GNGGA,153649.00,2454.23241,N,06708.27190,E,4,12,0.59,21.8,M,-44.2,M,1.0,0284*74
$GNGSA,A,3,10,28,32,01,27,31,08,02,23,,,,1.18,0.59,1.02,1*01
$GNGSA,A,3,70,84,73,85,86,79,71,80,69,,,,1.18,0.59,1.02,2*06
$GNGSA,A,3,03,36,34,08,,,,,,,,,1.18,0.59,1.02,3*0D
$GNGSA,A,3,14,08,13,12,11,09,16,34,,,,,1.18,0.59,1.02,4*06
$GNGSA,A,3,07,04,,,,,,,,,,,1.18,0.59,1.02,5*01
$GPGSV,4,1,14,01,20,320,39,02,46,306,46,03,,,29,08,16,253,39,1*52
$GPGSV,4,2,14,10,43,070,46,23,10,102,37,25,07,085,35,27,15,215,39,1*65
$GPGSV,4,3,14,28,69,128,47,31,49,178,45,32,48,021,48,40,59,208,47,1*68
$GPGSV,4,4,14,41,56,146,46,42,19,104,44,1*6D
$GPGSV,3,1,09,01,20,320,42,08,16,253,39,10,43,070,44,23,10,102,40,6*6B
$GPGSV,3,2,09,25,07,085,24,27,15,215,39,28,69,128,47,31,49,178,44,6*61
$GPGSV,3,3,09,32,48,021,44,6*54
$GLGSV,3,1,10,69,11,050,39,70,41,346,36,71,25,291,47,73,14,157,42,1*71
$GLGSV,3,2,10,79,14,048,43,80,29,102,46,84,32,183,37,85,60,257,50,1*77
$GLGSV,3,3,10,86,23,324,45,,,,49,1*4F
$GLGSV,3,1,10,69,11,050,43,70,41,346,08,71,25,291,43,73,14,157,42,3*77
$GLGSV,3,2,10,79,14,048,43,80,29,102,46,84,32,183,45,85,60,257,47,3*76
$GLGSV,3,3,10,86,23,324,42,,,,48,3*4B
$GAGSV,2,1,06,03,64,306,48,05,39,033,46,08,25,250,42,15,47,319,47,2*77
$GAGSV,2,2,06,34,75,170,48,36,23,149,44,2*77
$GAGSV,2,1,07,03,64,306,47,05,39,033,43,08,25,250,40,15,47,319,44,7*78
$GAGSV,2,2,07,25,07,130,32,34,75,170,48,36,23,149,42,7*46
$GAGSV,1,1,03,02,00,177,,16,06,108,,24,02,084,,0*44
$GBGSV,2,1,08,06,62,079,46,09,67,113,47,11,46,271,46,12,36,197,42,1*70
$GBGSV,2,2,08,13,48,072,45,16,56,066,47,26,35,145,46,34,44,233,46,1*74
$GBGSV,2,1,08,06,62,079,43,08,34,087,43,09,67,113,45,11,46,271,47,B*0D
$GBGSV,2,2,08,12,36,197,47,13,48,072,43,14,21,289,45,16,56,066,43,B*0C
$GBGSV,2,1,08,01,03,095,,10,03,160,,21,45,027,,22,11,070,,0*77
$GBGSV,2,2,08,24,08,187,,44,17,178,,45,29,077,,50,51,350,,0*7A
$GQGSV,1,1,02,04,20,076,35,07,19,104,33,1*6C
$GQGSV,1,1,02,04,20,076,36,07,19,104,41,6*6D
$GNGLL,2454.23241,N,06708.27190,E,153649.00,A,D*7B
$GNRMC,153650.00,A,2454.23241,N,06708.27190,E,0.002,,020525,,,R,V*04
$GNVTG,,T,,M,0.002,N,0.004,K,D*3E
$GNGGA,153650.00,2454.23241,N,06708.27190,E,4,12,0.59,21.8,M,-44.2,M,1.0,0284*7C
$GNGSA,A,3,10,28,32,01,27,31,08,02,23,,,,1.18,0.59,1.02,1*01
$GNGSA,A,3,70,84,73,85,86,79,71,80,69,,,,1.18,0.59,1.02,2*06
$GNGSA,A,3,03,36,34,08,,,,,,,,,1.18,0.59,1.02,3*0D
$GNGSA,A,3,14,08,13,12,11,09,16,34,,,,,1.18,0.59,1.02,4*06
$GNGSA,A,3,07,04,,,,,,,,,,,1.18,0.59,1.02,5*01
$GPGSV,4,1,14,01,20,320,39,02,46,306,46,03,,,34,08,16,253,39,1*5E
$GPGSV,4,2,14,10,43,070,46,23,10,102,37,25,07,085,34,27,15,215,39,1*64
$GPGSV,4,3,14,28,69,128,47,31,49,178,45,32,48,021,48,40,59,208,47,1*68
$GPGSV,4,4,14,41,56,146,46,42,19,104,44,1*6D
$GPGSV,3,1,09,01,20,320,42,08,16,253,39,10,43,070,43,23,10,102,40,6*6C
$GPGSV,3,2,09,25,07,085,24,27,15,215,38,28,69,128,47,31,49,178,44,6*60
$GPGSV,3,3,09,32,48,021,44,6*54
$GLGSV,3,1,10,69,11,050,39,70,41,346,36,71,25,291,47,73,14,157,42,1*71
$GLGSV,3,2,10,79,14,048,43,80,29,102,46,84,32,183,37,85,60,257,50,1*77
$GLGSV,3,3,10,86,23,324,45,,,,49,1*4F
$GLGSV,3,1,10,69,11,050,43,70,41,346,10,71,25,291,43,73,14,157,42,3*7E
$GLGSV,3,2,10,79,14,048,43,80,29,102,46,84,32,183,45,85,60,257,47,3*76
$GLGSV,3,3,10,86,23,324,42,,,,48,3*4B
$GAGSV,2,1,06,03,64,306,47,05,39,033,46,08,25,250,42,15,47,319,47,2*78
$GAGSV,2,2,06,34,75,170,48,36,23,149,43,2*70
$GAGSV,2,1,07,03,64,306,47,05,39,033,43,08,25,250,40,15,47,319,44,7*78
$GAGSV,2,2,07,25,07,130,32,34,75,170,48,36,23,149,42,7*46
$GAGSV,1,1,03,02,00,177,,16,06,108,,24,02,084,,0*44
$GBGSV,2,1,08,06,62,079,46,09,67,113,47,11,46,271,46,12,36,197,42,1*70
$GBGSV,2,2,08,13,48,072,45,16,56,066,47,26,35,145,46,34,44,233,46,1*74
$GBGSV,2,1,08,06,62,079,43,08,34,087,43,09,67,113,45,11,46,271,47,B*0D
$GBGSV,2,2,08,12,36,197,47,13,48,072,43,14,21,289,45,16,56,066,43,B*0C
$GBGSV,2,1,08,01,03,095,,10,03,160,,21,45,027,,22,11,070,,0*77
$GBGSV,2,2,08,24,08,187,,44,17,178,,45,29,077,,50,51,350,,0*7A
$GQGSV,1,1,02,04,20,076,35,07,19,104,33,1*6C
$GQGSV,1,1,02,04,20,076,37,07,19,104,41,6*6C
$GNGLL,2454.23241,N,06708.27190,E,153650.00,A,D*73
$GNRMC,153651.00,A,2454.23241,N,06708.27190,E,0.004,,020525,,,R,V*03
$GNVTG,,T,,M,0.004,N,0.008,K,D*34
$GNGGA,153651.00,2454.23241,N,06708.27190,E,4,12,0.59,21.8,M,-44.2,M,1.0,0284*7D
$GNGSA,A,3,10,28,32,01,27,31,08,02,23,,,,1.18,0.59,1.02,1*01
$GNGSA,A,3,70,84,73,85,86,79,71,80,69,,,,1.18,0.59,1.02,2*06
$GNGSA,A,3,03,36,34,08,,,,,,,,,1.18,0.59,1.02,3*0D
$GNGSA,A,3,14,08,13,12,11,09,16,34,,,,,1.18,0.59,1.02,4*06
$GNGSA,A,3,07,04,,,,,,,,,,,1.18,0.59,1.02,5*01
$GPGSV,4,1,14,01,20,320,39,02,46,306,45,03,,,34,08,16,252,39,1*5C
$GPGSV,4,2,14,10,43,070,46,23,10,102,37,25,07,085,34,27,15,215,39,1*64
$GPGSV,4,3,14,28,69,128,47,31,49,178,45,32,48,021,48,40,59,208,47,1*68
$GPGSV,4,4,14,41,56,146,46,42,19,104,44,1*6D
$GPGSV,3,1,09,01,20,320,42,08,16,252,39,10,43,070,44,23,10,102,40,6*6A
$GPGSV,3,2,09,25,07,085,23,27,15,215,38,28,69,128,47,31,49,178,44,6*67
$GPGSV,3,3,09,32,48,021,44,6*54
$GLGSV,3,1,10,69,11,050,40,70,41,346,37,71,25,291,47,73,14,157,42,1*7E
$GLGSV,3,2,10,79,14,048,42,80,29,102,46,84,32,183,37,85,60,257,50,1*76
$GLGSV,3,3,10,86,23,324,45,,,,49,1*4F
$GLGSV,3,1,10,69,11,050,43,70,41,346,08,71,25,291,43,73,14,157,42,3*77
$GLGSV,3,2,10,79,14,048,43,80,29,102,46,84,32,183,45,85,60,257,47,3*76
$GLGSV,3,3,10,86,23,324,42,,,,48,3*4B
$GAGSV,2,1,06,03,64,306,47,05,39,033,46,08,25,250,42,15,47,319,47,2*78
$GAGSV,2,2,06,34,75,170,48,36,23,149,43,2*70
$GAGSV,2,1,07,03,64,306,47,05,39,033,43,08,25,250,40,15,47,319,44,7*78
$GAGSV,2,2,07,25,07,130,32,34,75,170,48,36,23,149,42,7*46
$GAGSV,1,1,03,02,00,177,,16,06,108,,24,02,084,,0*44
$GBGSV,2,1,08,06,62,079,46,09,67,113,47,11,46,271,46,12,36,197,42,1*70
$GBGSV,2,2,08,13,48,072,45,16,56,066,47,26,35,145,46,34,44,233,46,1*74
$GBGSV,2,1,08,06,62,079,43,08,34,087,43,09,67,113,45,11,46,271,47,B*0D
$GBGSV,2,2,08,12,36,197,47,13,48,072,43,14,21,289,45,16,56,066,43,B*0C
$GBGSV,2,1,08,01,03,095,,10,03,160,,21,45,027,,22,11,070,,0*77
$GBGSV,2,2,08,24,08,187,,44,17,178,,45,29,077,,50,51,350,,0*7A
$GQGSV,1,1,02,04,20,076,35,07,19,104,33,1*6C
$GQGSV,1,1,02,04,20,076,37,07,19,104,41,6*6C
$GNGLL,2454.23241,N,06708.27190,E,153651.00,A,D*72
$GNRMC,153652.00,A,2454.23241,N,06708.27190,E,0.006,,020525,,,R,V*02
$GNVTG,,T,,M,0.006,N,0.012,K,D*3D
$GNGGA,153652.00,2454.23241,N,06708.27190,E,4,12,0.59,21.8,M,-44.2,M,1.0,0284*7E
$GNGSA,A,3,10,28,32,01,27,31,08,02,23,,,,1.18,0.59,1.02,1*01
$GNGSA,A,3,70,84,73,85,86,79,71,80,69,,,,1.18,0.59,1.02,2*06
$GNGSA,A,3,03,36,34,08,,,,,,,,,1.18,0.59,1.02,3*0D
$GNGSA,A,3,14,08,13,12,11,09,16,34,,,,,1.18,0.59,1.02,4*06
$GNGSA,A,3,07,04,,,,,,,,,,,1.18,0.59,1.02,5*01
$GPGSV,4,1,14,01,20,320,38,02,46,306,45,03,,,34,08,16,252,39,1*5D
$GPGSV,4,2,14,10,43,070,45,23,10,102,36,25,07,085,34,27,15,215,39,1*66
$GPGSV,4,3,14,28,69,128,47,31,49,178,45,32,48,021,48,40,59,208,47,1*68
$GPGSV,4,4,14,41,56,146,46,42,19,104,44,1*6D
$GPGSV,3,1,09,01,20,320,42,08,16,252,39,10,43,070,44,23,10,102,40,6*6A
$GPGSV,3,2,09,25,07,085,23,27,15,215,38,28,69,128,47,31,49,178,44,6*67
$GPGSV,3,3,09,32,48,021,44,6*54
$GLGSV,3,1,10,69,11,050,40,70,41,346,37,71,25,291,47,73,14,157,42,1*7E
$GLGSV,3,2,10,79,14,048,42,80,29,102,46,84,32,183,37,85,60,257,50,1*76
$GLGSV,3,3,10,86,23,324,45,,,,49,1*4F
$GLGSV,3,1,10,69,11,050,43,70,41,346,10,71,25,291,43,73,14,157,42,3*7E
$GLGSV,3,2,10,79,14,048,43,80,29,102,46,84,32,183,45,85,60,257,47,3*76
$GLGSV,3,3,10,86,23,324,42,,,,48,3*4B
$GAGSV,2,1,06,03,64,306,47,05,39,033,45,08,25,250,42,15,47,319,46,2*7A
$GAGSV,2,2,06,34,75,170,47,36,23,149,43,2*7F
$GAGSV,2,1,07,03,64,306,47,05,39,033,44,08,25,250,40,15,47,319,44,7*7F
$GAGSV,2,2,07,25,07,130,32,34,75,170,48,36,23,149,42,7*46
$GAGSV,1,1,03,02,00,177,,16,06,108,,24,02,084,,0*44
$GBGSV,2,1,08,06,62,079,46,09,67,113,47,11,46,271,45,12,36,197,42,1*73
$GBGSV,2,2,08,13,48,072,45,16,56,066,47,26,35,145,46,34,44,233,46,1*74
$GBGSV,2,1,08,06,62,079,43,08,34,087,43,09,67,113,45,11,46,271,47,B*0D
$GBGSV,2,2,08,12,36,197,47,13,48,072,43,14,21,289,45,16,56,066,43,B*0C
$GBGSV,3,1,09,01,03,095,,02,58,140,,10,03,160,,21,45,027,,0*7A
$GBGSV,3,2,09,22,11,070,,24,08,187,,44,17,178,,45,29,077,,0*7A
$GBGSV,3,3,09,50,51,350,,0*49
$GQGSV,1,1,02,04,20,076,35,07,19,104,35,1*6A
$GQGSV,1,1,02,04,20,076,37,07,19,104,41,6*6C
$GNGLL,2454.23241,N,06708.27190,E,153652.00,A,D*71
$GNRMC,153653.00,A,2454.23241,N,06708.27190,E,0.004,,020525,,,R,V*01
$GNVTG,,T,,M,0.004,N,0.008,K,D*34
$GNGGA,153653.00,2454.23241,N,06708.27190,E,4,12,0.59,21.8,M,-44.2,M,1.0,0284*7F
$GNGSA,A,3,10,28,32,01,27,31,08,02,23,,,,1.18,0.59,1.02,1*01
$GNGSA,A,3,70,84,73,85,86,79,71,80,69,,,,1.18,0.59,1.02,2*06
$GNGSA,A,3,03,36,34,08,,,,,,,,,1.18,0.59,1.02,3*0D
$GNGSA,A,3,14,08,13,12,11,09,16,34,,,,,1.18,0.59,1.02,4*06
$GNGSA,A,3,07,04,,,,,,,,,,,1.18,0.59,1.02,5*01
$GPGSV,4,1,14,01,20,320,39,02,46,306,45,03,,,34,08,16,252,39,1*5C
$GPGSV,4,2,14,10,43,071,45,23,10,102,36,25,07,085,34,27,15,215,39,1*67
$GPGSV,4,3,14,28,69,128,47,31,49,178,45,32,48,021,48,40,59,208,47,1*68
$GPGSV,4,4,14,41,56,146,46,42,19,104,44,1*6D
$GPGSV,3,1,09,01,20,320,42,08,16,252,39,10,43,071,44,23,10,102,40,6*6B
$GPGSV,3,2,09,25,07,085,23,27,15,215,38,28,69,128,47,31,49,178,44,6*67
$GPGSV,3,3,09,32,48,021,44,6*54
$GLGSV,3,1,10,69,11,050,40,70,41,346,36,71,25,291,47,73,14,157,42,1*7F
$GLGSV,3,2,10,79,14,048,43,80,29,102,47,84,32,183,37,85,60,257,50,1*76
$GLGSV,3,3,10,86,23,324,45,,,,50,1*47
$GLGSV,3,1,10,69,11,050,43,70,41,346,13,71,25,291,43,73,14,157,42,3*7D
$GLGSV,3,2,10,79,14,048,43,80,29,102,46,84,32,183,45,85,60,257,47,3*76
$GLGSV,3,3,10,86,23,324,42,,,,48,3*4B
$GAGSV,2,1,06,03,64,306,47,05,39,033,45,08,25,250,42,15,47,319,46,2*7A
$GAGSV,2,2,06,34,75,170,47,36,23,149,43,2*7F
$GAGSV,2,1,07,03,64,306,47,05,39,033,44,08,25,250,40,15,47,319,44,7*7F
$GAGSV,2,2,07,25,07,130,32,34,75,170,48,36,23,149,42,7*46
$GAGSV,1,1,03,02,00,177,,16,06,108,,24,02,084,,0*44
$GBGSV,2,1,08,06,62,079,46,09,67,113,47,11,46,271,45,12,36,197,42,1*73
$GBGSV,2,2,08,13,48,072,45,16,56,066,47,26,35,145,46,34,44,233,46,1*74
$GBGSV,2,1,08,06,62,079,43,08,34,087,43,09,67,113,45,11,46,271,47,B*0D
$GBGSV,2,2,08,12,36,197,47,13,48,072,43,14,21,289,45,16,56,066,43,B*0C
$GBGSV,3,1,09,01,03,095,,02,58,140,,10,03,160,,21,45,027,,0*7A
$GBGSV,3,2,09,22,11,070,,24,08,187,,44,17,178,,45,29,077,,0*7A
$GBGSV,3,3,09,50,51,350,,0*49
$GQGSV,1,1,02,04,20,076,35,07,19,104,33,1*6C
$GQGSV,1,1,02,04,20,076,37,07,19,104,41,6*6C
$GNGLL,2454.23241,N,06708.27190,E,153653.00,A,D*70
$GNRMC,153654.00,A,2454.23241,N,06708.27190,E,0.006,,020525,,,R,V*04
$GNVTG,,T,,M,0.006,N,0.011,K,D*3E
$GNGGA,153654.00,2454.23241,N,06708.27190,E,4,12,0.59,21.8,M,-44.2,M,1.0,0284*78
$GNGSA,A,3,10,28,32,01,27,31,08,02,23,,,,1.18,0.59,1.02,1*01
$GNGSA,A,3,70,84,73,85,86,79,71,80,69,,,,1.18,0.59,1.02,2*06
$GNGSA,A,3,03,36,34,08,,,,,,,,,1.18,0.59,1.02,3*0D
$GNGSA,A,3,14,08,13,12,11,09,16,34,,,,,1.18,0.59,1.02,4*06
$GNGSA,A,3,07,04,,,,,,,,,,,1.18,0.59,1.02,5*01
$GPGSV,4,1,14,01,20,320,39,02,46,306,46,03,,,34,08,16,252,39,1*5F
$GPGSV,4,2,14,10,43,071,46,23,10,102,36,25,07,085,34,27,15,215,39,1*64
$GPGSV,4,3,14,28,69,128,47,31,49,178,45,32,48,021,48,40,59,208,47,1*68
$GPGSV,4,4,14,41,56,146,46,42,19,104,44,1*6D
$GPGSV,3,1,09,01,20,320,42,08,16,252,39,10,43,071,44,23,10,102,40,6*6B
$GPGSV,3,2,09,25,07,085,23,27,15,215,38,28,69,128,47,31,49,178,44,6*67
$GPGSV,3,3,09,32,