$GNRMC,163815.00,A,2454.22946,N,06708.26848,E,0.004,,060525,,,R,V*0A
$GNVTG,,T,,M,0.004,N,0.007,K,D*3B
$GNGGA,163815.00,2454.22946,N,06708.26848,E,4,12,0.61,21.8,M,-44.2,M,1.0,0301*77
$GNGSA,A,3,01,02,03,10,26,28,31,32,04,,,,1.40,0.61,1.25,1*0D
$GNGSA,A,3,81,67,83,78,66,82,77,76,,,,,1.40,0.61,1.25,2*01
$GNGSA,A,3,36,09,05,06,34,31,24,,,,,,1.40,0.61,1.25,3*0B
$GNGSA,A,3,06,09,08,13,16,20,23,,,,,,1.40,0.61,1.25,4*01
$GNGSA,A,3,04,,,,,,,,,,,,1.40,0.61,1.25,5*05
$GPGSV,4,1,14,01,46,294,46,02,52,249,46,03,27,324,42,04,15,271,33,1*63
$GPGSV,4,2,14,10,26,113,43,16,,,26,25,06,051,42,26,28,147,43,1*5D
$GPGSV,4,3,14,28,54,041,46,31,83,083,49,32,26,051,43,40,59,208,48,1*6D
$GPGSV,4,4,14,41,56,146,46,42,19,104,44,1*6D
$GPGSV,3,1,09,01,46,294,46,03,27,324,43,04,15,271,35,10,26,113,40,6*62
$GPGSV,3,2,09,25,06,051,39,26,28,147,43,28,54,041,46,31,83,083,48,6*6D
$GPGSV,3,3,09,32,26,051,42,6*5D
$GLGSV,3,1,09,66,30,044,48,67,34,337,49,68,07,295,37,76,32,052,48,1*78
$GLGSV,3,2,09,77,49,115,44,78,16,176,43,81,29,216,47,82,38,275,49,1*7F
$GLGSV,3,3,09,83,19,318,31,1*4A
$GLGSV,2,1,08,66,30,044,47,67,34,337,47,68,07,295,39,76,32,052,47,3*7A
$GLGSV,2,2,08,78,16,176,44,81,29,216,46,82,38,275,48,83,19,318,40,3*7F
$GLGSV,1,1,01,65,02,083,,0*42
$GAGSV,2,1,08,05,50,305,52,06,25,049,46,09,43,029,51,24,21,138,47,2*7F
$GAGSV,2,2,08,25,02,183,24,31,19,085,49,34,39,308,50,36,63,221,52,2*78
$GAGSV,2,1,07,05,50,305,46,06,25,049,41,09,43,029,45,24,21,138,40,7*75
$GAGSV,2,2,07,31,19,085,39,34,39,308,44,36,63,221,48,7*42
$GBGSV,2,1,08,06,60,045,46,08,36,114,41,09,75,060,47,13,52,104,46,1*7E
$GBGSV,2,2,08,16,52,042,46,20,30,314,46,23,43,069,48,25,03,038,20,1*77
$GBGSV,2,1,05,06,60,045,48,08,36,114,48,09,75,060,49,13,52,104,46,B*09
$GBGSV,2,2,05,16,52,042,47,B*35
$GQGSV,1,1,03,02,06,088,39,04,20,087,39,07,19,104,33,1*51
$GQGSV,1,1,03,02,06,088,42,04,20,087,43,07,19,104,45,6*56
$GNGLL,2454.22946,N,06708.26848,E,163815.00,A,D*7F
$GNRMC,163816.00,A,2454.22946,N,06708.26848,E,0.006,,060525,,,R,V*0B
$GNVTG,,T,,M,0.006,N,0.012,K,D*3D
$GNGGA,163816.00,2454.22946,N,06708.26848,E,4,12,0.61,21.8,M,-44.2,M,1.0,0301*74
$GNGSA,A,3,01,02,03,10,26,28,31,32,04,,,,1.40,0.61,1.25,1*0D
$GNGSA,A,3,81,67,83,78,66,82,77,76,,,,,1.40,0.61,1.25,2*01
$GNGSA,A,3,36,09,05,06,34,31,24,,,,,,1.40,0.61,1.25,3*0B
$GNGSA,A,3,06,09,08,13,16,20,23,,,,,,1.40,0.61,1.25,4*01
$GNGSA,A,3,04,,,,,,,,,,,,1.40,0.61,1.25,5*05
$GPGSV,4,1,14,01,46,294,46,02,52,249,46,03,27,324,42,04,15,272,33,1*60
$GPGSV,4,2,14,10,26,113,43,16,,,28,25,06,051,42,26,28,147,43,1*53
$GPGSV,4,3,14,28,54,041,46,31,83,083,49,32,26,051,43,40,59,208,48,1*6D
$GPGSV,4,4,14,41,56,146,46,42,19,104,44,1*6D
$GPGSV,3,1,09,01,46,294,46,03,27,324,43,04,15,272,36,10,26,113,40,6*62
$GPGSV,3,2,09,25,06,051,39,26,28,147,43,28,54,041,46,31,83,083,48,6*6D
$GPGSV,3,3,09,32,26,051,42,6*5D
$GLGSV,3,1,10,65,02,083,25,66,30,044,48,67,34,337,49,68,07,295,37,1*76
$GLGSV,3,2,10,76,32,052,48,77,49,115,45,78,16,176,44,81,29,216,46,1*77
$GLGSV,3,3,10,82,38,275,49,83,19,318,31,1*7E
$GLGSV,2,1,08,66,30,044,47,67,34,337,47,68,07,295,39,76,32,052,47,3*7A
$GLGSV,2,2,08,78,16,176,44,81,29,216,46,82,38,275,48,83,19,318,40,3*7F
$GAGSV,2,1,08,05,50,305,52,06,25,049,46,09,43,029,51,24,21,138,47,2*7F
$GAGSV,2,2,08,25,02,183,24,31,19,085,49,34,39,308,50,36,63,221,52,2*78
$GAGSV,2,1,07,05,50,305,46,06,25,049,41,09,43,029,45,24,21,138,40,7*75
$GAGSV,2,2,07,31,19,085,39,34,39,308,44,36,63,221,47,7*4D
$GBGSV,2,1,08,06,60,045,46,08,36,114,41,09,75,060,47,13,52,104,46,1*7E
$GBGSV,2,2,08,16,52,042,46,20,30,314,46,23,43,069,48,25,03,038,20,1*77
$GBGSV,2,1,05,06,60,045,48,08,36,114,48,09,75,060,49,13,52,104,46,B*09
$GBGSV,2,2,05,16,52,042,47,B*35
$GQGSV,1,1,03,02,06,088,39,04,20,087,39,07,19,104,33,1*51
$GQGSV,1,1,03,02,06,088,42,04,20,087,43,07,19,104,44,6*57
$GNGLL,2454.22946,N,06708.26848,E,163816.00,A,D*7C
$GNRMC,163817.00,A,2454.22946,N,06708.26848,E,0.009,,060525,,,R,V*05
$GNVTG,,T,,M,0.009,N,0.017,K,D*37
$GNGGA,163817.00,2454.22946,N,06708.26848,E,4,12,0.61,21.8,M,-44.2,M,1.0,0301*75
$GNGSA,A,3,01,02,03,10,26,28,31,32,04,,,,1.40,0.61,1.26,1*0E
$GNGSA,A,3,81,67,83,78,66,82,77,76,,,,,1.40,0.61,1.26,2*02
$GNGSA,A,3,36,09,05,06,34,31,24,,,,,,1.40,0.61,1.26,3*08
$GNGSA,A,3,06,09,08,13,16,20,23,,,,,,1.40,0.61,1.26,4*02
$GNGSA,A,3,04,,,,,,,,,,,,1.40,0.61,1.26,5*06
$GPGSV,4,1,14,01,46,294,46,02,52,249,46,03,27,324,42,04,15,272,33,1*60
$GPGSV,4,2,14,10,26,113,43,16,,,29,25,06,051,42,26,28,147,43,1*52
$GPGSV,4,3,14,28,54,041,46,31,83,083,49,32,26,051,43,40,59,208,48,1*6D
$GPGSV,4,4,14,41,56,146,46,42,19,104,44,1*6D
$GPGSV,3,1,09,01,46,294,46,03,27,324,43,04,15,272,36,10,26,113,40,6*62
$GPGSV,3,2,09,25,06,051,39,26,28,147,43,28,54,041,46,31,83,083,48,6*6D
$GPGSV,3,3,09,32,26,051,42,6*5D
$GLGSV,3,1,10,65,02,083,24,66,30,044,48,67,34,337,49,68,07,295,37,1*77
$GLGSV,3,2,10,76,32,052,48,77,49,115,45,78,16,176,44,81,29,216,47,1*76
$GLGSV,3,3,10,82,38,275,49,83,19,318,31,1*7E
$GLGSV,2,1,08,66,30,044,47,67,34,337,47,68,07,295,39,76,32,052,47,3*7A
$GLGSV,2,2,08,78,16,176,44,81,29,216,46,82,38,275,48,83,19,318,40,3*7F
$GAGSV,2,1,08,05,50,305,52,06,25,049,46,09,43,029,51,24,21,138,47,2*7F
$GAGSV,2,2,08,25,02,183,24,31,19,085,49,34,39,308,50,36,63,221,52,2*78
$GAGSV,2,1,07,05,50,305,46,06,25,049,41,09,43,029,45,24,21,138,40,7*75
$GAGSV,2,2,07,31,19,085,39,34,39,308,44,36,63,221,48,7*42
$GBGSV,2,1,08,06,60,045,46,08,36,114,41,09,75,060,47,13,52,104,46,1*7E
$GBGSV,2,2,08,16,52,042,46,20,30,314,46,23,43,069,48,25,03,038,20,1*77
$GBGSV,2,1,05,06,60,045,48,08,36,114,48,09,75,060,49,13,52,104,46,B*09
$GBGSV,2,2,05,16,52,042,47,B*35
$GQGSV,1,1,03,02,06,088,39,04,20,087,39,07,19,104,33,1*51
$GQGSV,1,1,03,02,06,088,42,04,20,087,43,07,19,104,44,6*57
$GNGLL,2454.22946,N,06708.26848,E,163817.00,A,D*7D
$GNRMC,163818.00,A,2454.22946,N,06708.26848,E,0.007,,060525,,,R,V*04
$GNVTG,,T,,M,0.007,N,0.012,K,D*3C
$GNGGA,163818.00,2454.22946,N,06708.26848,E,4,12,0.61,21.8,M,-44.2,M,1.0,0301*7A
$GNGSA,A,3,01,02,03,10,26,28,31,32,04,,,,1.40,0.61,1.26,1*0E
$GNGSA,A,3,81,67,83,78,66,82,77,76,,,,,1.40,0.61,1.26,2*02
$GNGSA,A,3,36,09,05,06,34,31,24,,,,,,1.40,0.61,1.26,3*08
$GNGSA,A,3,06,09,08,13,16,20,23,,,,,,1.40,0.61,1.26,4*02
$GNGSA,A,3,04,,,,,,,,,,,,1.40,0.61,1.26,5*06
$GPGSV,4,1,14,01,46,294,46,02,52,249,46,03,27,324,42,04,15,272,33,1*60
$GPGSV,4,2,14,10,26,113,43,16,,,29,25,06,051,42,26,28,147,43,1*52
$GPGSV,4,3,14,28,54,041,46,31,83,083,49,32,26,051,42,40,59,208,48,1*6C
$GPGSV,4,4,14,41,56,146,46,42,19,104,44,1*6D
$GPGSV,3,1,09,01,46,294,46,03,27,324,43,04,15,272,36,10,26,113,40,6*62
$GPGSV,3,2,09,25,06,051,39,26,28,147,43,28,54,041,46,31,83,083,48,6*6D
$GPGSV,3,3,09,32,26,051,43,6*5C
$GLGSV,3,1,10,65,02,083,24,66,30,044,48,67,34,337,49,68,07,295,37,1*77
$GLGSV,3,2,10,76,32,052,48,77,49,115,45,78,16,176,44,81,29,216,47,1*76
$GLGSV,3,3,10,82,38,275,49,83,19,318,31,1*7E
$GLGSV,2,1,08,66,30,044,47,67,34,337,47,68,07,295,39,76,32,052,47,3*7A
$GLGSV,2,2,08,78,16,176,45,81,29,216,46,82,38,275,48,83,19,318,40,3*7E
$GAGSV,2,1,08,05,50,305,52,06,25,049,46,09,43,029,51,24,21,138,47,2*7F
$GAGSV,2,2,08,25,02,183,24,31,19,085,49,34,39,308,50,36,63,221,52,2*78
$GAGSV,2,1,07,05,50,305,46,06,25,049,41,09,43,029,45,24,21,138,40,7*75
$GAGSV,2,2,07,31,19,085,39,34,39,308,44,36,63,221,48,7*42
$GBGSV,2,1,08,06,60,045,46,08,36,114,41,09,75,060,47,13,52,104,46,1*7E
$GBGSV,2,2,08,16,52,042,46,20,30,314,47,23,43,069,48,25,03,038,19,1*7C
$GBGSV,2,1,05,06,60,045,48,08,36,114,48,09,75,060,49,13,52,104,46,B*09
$GBGSV,2,2,05,16,52,042,47,B*35
$GQGSV,1,1,03,02,06,088,39,04,20,087,39,07,19,104,33,1*51
$GQGSV,1,1,03,02,06,088,41,04,20,087,43,07,19,104,44,6*54
$GNGLL,2454.22946,N,06708.26848,E,163818.00,A,D*72
$GNRMC,163819.00,A,2454.22946,N,06708.26848,E,0.007,,060525,,,R,V*05
$GNVTG,,T,,M,0.007,N,0.013,K,D*3D
$GNGGA,163819.00,2454.22946,N,06708.26848,E,4,12,0.61,21.8,M,-44.2,M,1.0,0301*7B
$GNGSA,A,3,01,02,03,10,26,28,31,32,04,,,,1.40,0.61,1.26,1*0E
$GNGSA,A,3,81,67,83,78,66,82,77,76,,,,,1.40,0.61,1.26,2*02
$GNGSA,A,3,36,09,05,06,34,31,24,,,,,,1.40,0.61,1.26,3*08
$GNGSA,A,3,06,09,08,13,16,20,23,,,,,,1.40,0.61,1.26,4*02
$GNGSA,A,3,04,,,,,,,,,,,,1.40,0.61,1.26,5*06
$GPGSV,4,1,14,01,46,294,46,02,52,249,46,03,27,324,42,04,15,272,33,1*60
$GPGSV,4,2,14,10,26,113,43,16,,,30,25,06,051,41,26,28,147,43,1*59
$GPGSV,4,3,14,28,54,041,46,31,83,083,49,32,26,051,43,40,59,208,48,1*6D
$GPGSV,4,4,14,41,56,146,46,42,19,104,44,1*6D
$GPGSV,3,1,09,01,46,294,46,03,27,324,43,04,15,272,36,10,26,113,40,6*62
$GPGSV,3,2,09,25,06,051,39,26,28,147,43,28,54,041,46,31,83,083,48,6*6D
$GPGSV,3,3,09,32,26,051,42,6*5D
$GLGSV,3,1,10,65,02,083,25,66,30,044,48,67,34,337,49,68,07,295,37,1*76
$GLGSV,3,2,10,76,32,052,48,77,49,115,45,78,16,176,44,81,29,216,47,1*76
$GLGSV,3,3,10,82,38,275,49,83,19,318,31,1*7E
$GLGSV,2,1,08,66,30,044,47,67,34,337,47,68,07,295,39,76,32,052,47,3*7A
$GLGSV,2,2,08,78,16,176,45,81,29,216,46,82,38,275,48,83,19,318,40,3*7E
$GAGSV,2,1,08,05,50,305,52,06,25,049,46,09,43,029,51,24,21,138,47,2*7F
$GAGSV,2,2,08,25,02,183,24,31,19,085,49,34,39,308,50,36,63,221,52,2*78
$GAGSV,2,1,07,05,50,305,46,06,25,049,41,09,43,029,45,24,21,138,40,7*75
$GAGSV,2,2,07,31,19,085,39,34,39,308,44,36,63,221,48,7*42
$GBGSV,2,1,08,06,60,045,46,08,36,114,41,09,75,060,47,13,52,104,46,1*7E
$GBGSV,2,2,08,16,52,042,46,20,30,314,47,23,43,069,48,25,03,038,19,1*7C
$GBGSV,2,1,05,06,60,045,48,08,36,114,48,09,75,060,49,13,52,104,46,B*09
$GBGSV,2,2,05,16,52,042,47,B*35
$GQGSV,1,1,03,02,06,088,39,04,20,087,39,07,19,104,33,1*51
$GQGSV,1,1,03,02,06,088,42,04,20,087,43,07,19,104,44,6*57
$GNGLL,2454.22946,N,06708.26848,E,163819.00,A,D*73
$GNRMC,163820.00,A,2454.22946,N,06708.26848,E,0.002,,060525,,,R,V*0A
$GNVTG,,T,,M,0.002,N,0.004,K,D*3E
$GNGGA,163820.00,2454.22946,N,06708.26848,E,4,12,0.61,21.8,M,-44.2,M,1.0,0301*71
$GNGSA,A,3,01,02,03,10,26,28,31,32,04,,,,1.40,0.61,1.26,1*0E
$GNGSA,A,3,81,67,83,78,66,82,77,76,,,,,1.40,0.61,1.26,2*02
$GNGSA,A,3,36,09,05,06,34,31,24,,,,,,1.40,0.61,1.26,3*08
$GNGSA,A,3,06,09,08,13,16,20,23,,,,,,1.40,0.61,1.26,4*02
$GNGSA,A,3,04,,,,,,,,,,,,1.40,0.61,1.26,5*06
$GPGSV,4,1,14,01,46,294,46,02,52,249,46,03,27,324,42,04,15,272,33,1*60
$GPGSV,4,2,14,10,26,113,43,16,,,30,25,06,051,41,26,28,147,43,1*59
$GPGSV,4,3,14,28,54,041,46,31,83,083,49,32,26,051,42,40,59,208,48,1*6C
$GPGSV,4,4,14,41,56,146,46,42,19,104,44,1*6D
$GPGSV,3,1,09,01,46,294,46,03,27,324,43,04,15,272,36,10,26,113,40,6*62
$GPGSV,3,2,09,25,06,051,39,26,28,147,43,28,54,041,46,31,83,083,48,6*6D
$GPGSV,3,3,09,32,26,051,42,6*5D
$GLGSV,3,1,10,65,02,083,27,66,30,044,48,67,34,337,48,68,07,295,37,1*75
$GLGSV,3,2,10,76,32,052,48,77,49,115,45,78,16,176,44,81,29,216,47,1*76
$GLGSV,3,3,10,82,38,275,49,83,19,318,31,1*7E
$GLGSV,2,1,08,66,30,044,47,67,34,337,47,68,07,295,39,76,32,052,47,3*7A
$GLGSV,2,2,08,78,16,176,45,81,29,216,46,82,38,275,48,83,19,318,40,3*7E
$GAGSV,2,1,08,05,50,305,52,06,25,049,46,09,43,029,51,24,21,138,47,2*7F
$GAGSV,2,2,08,25,02,183,24,31,19,085,49,34,39,308,50,36,63,221,52,2*78
$GAGSV,2,1,07,05,50,305,46,06,25,049,41,09,43,029,45,24,21,138,40,7*75
$GAGSV,2,2,07,31,19,085,39,34,39,308,44,36,63,221,48,7*42
$GBGSV,2,1,08,06,60,045,46,08,36,114,41,09,75,060,47,13,52,104,46,1*7E
$GBGSV,2,2,08,16,52,042,46,20,30,314,47,23,43,069,48,25,03,038,20,1*76
$GBGSV,2,1,05,06,60,045,48,08,36,114,48,09,75,060,49,13,52,104,46,B*09
$GBGSV,2,2,05,16,52,042,47,B*35
$GQGSV,1,1,03,02,06,088,39,04,20,087,39,07,19,104,33,1*51
$GQGSV,1,1,03,02,06,088,42,04,20,087,43,07,19,104,44,6*57
$GNGLL,2454.22946,N,06708.26848,E,163820.00,A,D*79
$GNRMC,163821.00,A,2454.22946,N,06708.26848,E,0.007,,060525,,,R,V*0E
$GNVTG,,T,,M,0.007,N,0.012,K,D*3C
$GNGGA,163821.00,2454.22946,N,06708.26848,E,4,12,0.61,21.8,M,-44.2,M,1.0,0301*70
$GNGSA,A,3,01,02,03,10,26,28,31,32,04,,,,1.40,0.61,1.26,1*0E
$GNGSA,A,3,81,67,83,78,66,82,77,76,,,,,1.40,0.61,1.26,2*02
$GNGSA,A,3,36,09,05,06,34,31,24,,,,,,1.40,0.61,1.26,3*08
$GNGSA,A,3,06,09,08,13,16,20,23,,,,,,1.40,0.61,1.26,4*02
$GNGSA,A,3,04,,,,,,,,,,,,1.40,0.61,1.26,5*06
$GPGSV,4,1,14,01,46,294,46,02,52,249,46,03,27,324,42,04,15,272,33,1*60
$GPGSV,4,2,14,10,26,113,43,16,,,30,25,06,051,41,26,28,147,43,1*59
$GPGSV,4,3,14,28,54,041,46,31,83,083,49,32,26,051,42,40,59,208,48,1*6C
$GPGSV,4,4,14,41,56,146,46,42,19,104,44,1*6D
$GPGSV,3,1,09,01,46,294,46,03,27,324,43,04,15,272,36,10,26,113,40,6*62
$GPGSV,3,2,09,25,06,051,39,26,28,147,43,28,54,041,46,31,83,083,48,6*6D
$GPGSV,3,3,09,32,26,051,42,6*5D
$GLGSV,3,1,10,65,02,083,27,66,30,044,48,67,34,337,48,68,07,295,37,1*75
$GLGSV,3,2,10,76,32,052,48,77,49,115,45,78,16,176,44,81,29,216,47,1*76
$GLGSV,3,3,10,82,38,275,49,83,19,318,31,1*7E
$GLGSV,2,1,08,66,30,044,46,67,34,337,47,68,07,295,39,76,32,052,47,3*7B
$GLGSV,2,2,08,78,16,176,45,81,29,216,46,82,38,275,48,83,19,318,40,3*7E
$GAGSV,2,1,08,05,50,305,52,06,25,049,46,09,43,029,51,24,21,138,47,2*7F
$GAGSV,2,2,08,25,02,183,25,31,19,085,49,34,39,308,50,36,63,221,52,2*79
$GAGSV,2,1,07,05,50,305,46,06,25,049,41,09,43,029,45,24,21,138,40,7*75
$GAGSV,2,2,07,31,19,085,39,34,39,308,44,36,63,221,48,7*42
$GBGSV,2,1,08,06,60,045,46,08,36,114,41,09,75,060,47,13,52,104,46,1*7E
$GBGSV,2,2,08,16,52,042,46,20,30,314,46,23,43,069,48,25,03,038,20,1*77
$GBGSV,2,1,05,06,60,045,48,08,36,114,48,09,75,060,49,13,52,104,46,B*09
$GBGSV,2,2,05,16,52,042,47,B*35
$GQGSV,1,1,03,02,06,088,40,04,20,087,39,07,19,104,33,1*5F
$GQGSV,1,1,03,02,06,088,41,04,20,087,43,07,19,104,44,6*54
$GNGLL,2454.22946,N,06708.26848,E,163821.00,A,D*78
$GNRMC,163822.00,A,2454.22946,N,06708.26848,E,0.001,,060525,,,R,V*0B
$GNVTG,,T,,M,0.001,N,0.003,K,D*3A
$GNGGA,163822.00,2454.22946,N,06708.26848,E,4,12,0.61,21.8,M,-44.2,M,1.0,0301*73
$GNGSA,A,3,01,02,03,10,26,28,31,32,04,,,,1.40,0.61,1.26,1*0E
$GNGSA,A,3,81,67,83,78,66,82,77,76,,,,,1.40,0.61,1.26,2*02
$GNGSA,A,3,36,09,05,06,34,31,24,,,,,,1.40,0.61,1.26,3*08
$GNGSA,A,3,06,09,08,13,16,20,23,,,,,,1.40,0.61,1.26,4*02
$GNGSA,A,3,04,,,,,,,,,,,,1.40,0.61,1.26,5*06
$GPGSV,4,1,14,01,46,294,46,02,52,249,46,03,27,324,42,04,15,272,33,1*60
$GPGSV,4,2,14,10,26,113,43,16,,,30,25,06,051,41,26,28,147,43,1*59
$GPGSV,4,3,14,28,54,041,46,31,83,083,49,32,26,051,42,40,59,208,48,1*6C
$GPGSV,4,4,14,41,56,146,46,42,19,104,44,1*6D
$GPGSV,3,1,09,01,46,294,46,03,27,324,43,04,15,272,36,10,26,113,40,6*62
$GPGSV,3,2,09,25,06,051,39,26,28,147,43,28,54,041,46,31,83,083,48,6*6D
$GPGSV,3,3,09,32,26,051,42,6*5D
$GLGSV,3,1,10,65,02,083,28,66,30,044,48,67,34,337,48,68,07,295,37,1*7A
$GLGSV,3,2,10,76,32,052,48,77,49,115,44,78,16,176,44,81,29,216,47,1*77
$GLGSV,3,3,10,82,38,275,49,83,19,318,31,1*7E
$GLGSV,2,1,08,66,30,044,46,67,34,337,47,68,07,295,38,76,32,052,47,3*7A
$GLGSV,2,2,08,78,16,176,44,81,29,216,46,82,38,275,48,83,19,318,39,3*71
$GAGSV,2,1,08,05,50,305,52,06,25,049,46,09,43,029,51,24,21,138,47,2*7F
$GAGSV,2,2,08,25,02,183,24,31,19,085,49,34,39,308,50,36,63,221,52,2*78
$GAGSV,2,1,07,05,50,305,46,06,25,049,41,09,43,029,45,24,21,138,40,7*75
$GAGSV,2,2,07,31,19,085,40,34,39,308,44,36,63,221,48,7*4C
$GBGSV,2,1,08,06,60,045,46,08,36,114,41,09,75,060,47,13,52,104,46,1*7E
$GBGSV,2,2,08,16,52,042,46,20,30,314,47,23,43,069,48,25,03,038,20,1*76
$GBGSV,2,1,06,06,60,045,48,08,36,114,48,09,75,060,49,13,52,104,46,B*0A
$GBGSV,2,2,06,16,52,042,47,23,43,069,12,B*0C
$GQGSV,1,1,03,02,06,088,40,04,20,087,39,07,19,104,33,1*5F
$GQGSV,1,1,03,02,06,088,41,04,20,087,42,07,19,104,44,6*55
$GNGLL,2454.22946,N,06708.26848,E,163822.00,A,D*7B
$GNRMC,163823.00,A,2454.22946,N,06708.26848,E,0.002,,060525,,,R,V*09
$GNVTG,,T,,M,0.002,N,0.004,K,D*3E
$GNGGA,163823.00,2454.22946,N,06708.26848,E,4,12,0.61,21.8,M,-44.2,M,1.0,0301*72
$GNGSA,A,3,01,02,03,10,26,28,31,32,04,,,,1.40,0.61,1.26,1*0E
$GNGSA,A,3,81,67,83,78,66,82,77,76,,,,,1.40,0.61,1.26,2*02
$GNGSA,A,3,36,09,05,06,34,31,24,,,,,,1.40,0.61,1.26,3*08
$GNGSA,A,3,06,09,08,13,16,20,23,,,,,,1.40,0.61,1.26,4*02
$GNGSA,A,3,04,,,,,,,,,,,,1.40,0.61,1.26,5*06
$GPGSV,4,1,14,01,46,294,46,02,52,249,46,03,27,324,42,04,15,272,32,1*61
$GPGSV,4,2,14,10,26,113,43,16,,,30,25,06,051,41,26,28,147,42,1*58
$GPGSV,4,3,14,28,54,041,46,31,83,083,49,32,26,051,42,40,59,208,48,1*6C
$GPGSV,4,4,14,41,56,146,46,42,19,104,44,1*6D
$GPGSV,3,1,09,01,46,294,46,03,27,324,43,04,15,272,36,10,26,113,40,6*62
$GPGSV,3,2,09,25,06,051,39,26,28,147,43,28,54,041,46,31,83,083,48,6*6D
$GPGSV,3,3,09,32,26,051,42,6*5D
$GLGSV,3,1,10,65,02,083,28,66,30,044,48,67,34,337,49,68,07,295,37,1*7B
$GLGSV,3,2,10,76,32,052,48,77,49,115,44,78,16,176,44,81,29,216,47,1*77
$GLGSV,3,3,10,82,38,275,49,83,19,318,31,1*7E
$GLGSV,2,1,08,66,30,044,46,67,34,337,47,68,07,295,38,76,32,052,47,3*7A
$GLGSV,2,2,08,78,16,176,45,81,29,216,46,82,38,275,48,83,19,318,40,3*7E
$GAGSV,2,1,07,05,50,305,52,06,25,049,46,09,42,030,51,24,21,138,47,2*79
$GAGSV,2,2,07,31,19,085,49,34,39,308,50,36,63,221,52,2*4E
$GAGSV,2,1,07,05,50,305,46,06,25,049,41,09,42,030,45,24,21,138,40,7*7C
$GAGSV,2,2,07,31,19,085,39,34,39,308,44,36,63,221,48,7*42
$GAGSV,1,1,01,25,02,183,,0*4A
$GBGSV,2,1,08,06,60,045,46,08,36,114,41,09,75,060,47,13,52,104,46,1*7E
$GBGSV,2,2,08,16,52,042,46,20,30,314,47,23,43,069,48,25,03,038,19,1*7C
$GBGSV,2,1,06,06,60,045,48,08,36,114,48,09,75,060,49,13,52,104,46,B*0A
$GBGSV,2,2,06,16,52,042,47,23,43,069,09,B*06
$GQGSV,1,1,03,02,06,088,39,04,20,087,38,07,19,104,33,1*50
$GQGSV,1,1,03,02,06,088,41,04,20,087,43,07,19,104,44,6*54
$GNGLL,2454.22946,N,06708.26848,E,163823.00,A,D*7A
$GNRMC,163824.00,A,2454.22946,N,06708.26848,E,0.007,,060525,,,R,V*0B
$GNVTG,,T,,M,0.007,N,0.012,K,D*3C
$GNGGA,163824.00,2454.22946,N,06708.26848,E,4,12,0.61,21.8,M,-44.2,M,1.0,0301*75
$GNGSA,A,3,01,02,03,10,26,28,31,32,04,,,,1.40,0.61,1.26,1*0E
$GNGSA,A,3,81,67,83,78,66,82,77,76,,,,,1.40,0.61,1.26,2*02
$GNGSA,A,3,36,09,05,06,34,31,24,,,,,,1.40,0.61,1.26,3*08
$GNGSA,A,3,06,09,08,13,16,20,23,,,,,,1.40,0.61,1.26,4*02
$GNGSA,A,3,04,,,,,,,,,,,,1.40,0.61,1.26,5*06
$GPGSV,4,1,14,01,46,294,46,02,52,249,46,03,27,324,42,04,15,272,32,1*61
$GPGSV,4,2,14,10,26,113,42,16,,,30,25,06,051,41,26,28,147,43,1*58
$GPGSV,4,3,14,28,54,041,46,31,83,083,49,32,26,051,42,40,59,208,48,1*6C
$GPGSV,4,4,14,41,56,146,46,42,19,104,44,1*6D
$GPGSV,3,1,09,01,46,294,46,03,27,324,43,04,15,272,36,10,26,113,41,6*63
$GPGSV,3,2,09,25,06,051,39,26,28,147,43,28,54,041,46,31,83,083,48,6*6D
$GPGSV,3,3,09,32,26,051,42,6*5D
$GLGSV,3,1,10,65,02,083,28,66,30,044,48,67,34,337,49,68,07,295,36,1*7A
$GLGSV,3,2,10,76,32,052,48,77,49,115,44,78,16,176,44,81,29,216,47,1*77
$GLGSV,3,3,10,82,38,275,49,83,19,318,31,1*7E
$GLGSV,2,1,08,66,30,044,46,67,34,337,47,68,07,295,38,76,32,052,47,3*7A
$GLGSV,2,2,08,78,16,176,45,81,29,216,46,82,38,275,48,83,19,318,40,3*7E
$GAGSV,2,1,07,05,50,305,52,06,25,049,46,09,42,030,51,24,21,138,47,2*79
$GAGSV,2,2,07,31,19,085,49,34,39,308,50,36,63,221,52,2*4E
$GAGSV,2,1,07,05,50,305,46,06,25,049,41,09,42,030,45,24,21,138,40,7*7C
$GAGSV,2,2,07,31,19,085,39,34,39,308,44,36,63,221,48,7*42
$GAGSV,1,1,01,25,02,183,,0*4A
$GBGSV,2,1,08,06,60,045,46,08,36,114,41,09,75,060,47,13,52,104,46,1*7E
$GBGSV,2,2,08,16,52,042,46,20,30,314,46,23,43,069,48,25,03,038,19,1*7D
$GBGSV,2,1,07,06,60,045,48,08,36,114,48,09,75,060,49,13,52,104,46,B*0B
$GBGSV,2,2,07,16,52,042,47,20,30,314,18,23,43,069,08,B*38
$GQGSV,1,1,03,02,06,088,40,04,20,087,38,07,19,104,33,1*5E
$GQGSV,1,1,03,02,06,088,41,04,20,087,43,07,19,104,44,6*54
$GNGLL,2454.22946,N,06708.26848,E,163824.00,A,D*7D
$GNRMC,163825.00,A,2454.22946,N,06708.26848,E,0.003,,060525,,,R,V*0E
$GNVTG,,T,,M,0.003,N,0.006,K,D*3D
$GNGGA,163825.00,2454.22946,N,06708.26848,E,4,12,0.61,21.8,M,-44.2,M,1.0,0301*74
$GNGSA,A,3,01,02,03,10,26,28,31,32,04,,,,1.40,0.61,1.26,1*0E
$GNGSA,A,3,81,67,83,78,66,82,77,76,,,,,1.40,0.61,1.26,2*02
$GNGSA,A,3,36,09,05,06,34,31,24,,,,,,1.40,0.61,1.26,3*08
$GNGSA,A,3,06,09,08,13,16,20,23,,,,,,1.40,0.61,1.26,4*02
$GNGSA,A,3,04,,,,,,,,,,,,1.40,0.61,1.26,5*06
$GPGSV,4,1,14,01,46,294,46,02,52,249,46,03,27,324,42,04,15,272,32,1*61
$GPGSV,4,2,14,10,26,113,42,16,,,30,25,06,051,41,26,28,147,43,1*58
$GPGSV,4,3,14,28,54,041,46,31,83,083,49,32,26,051,42,40,59,208,48,1*6C
$GPGSV,4,4,14,41,56,146,46,42,19,104,44,1*6D
$GPGSV,3,1,09,01,46,294,46,03,27,324,43,04,15,272,36,10,26,113,41,6*63
$GPGSV,3,2,09,25,06,051,40,26,28,147,43,28,54,041,46,31,83,083,48,6*63
$GPGSV,3,3,09,32,26,051,42,6*5D
$GLGSV,3,1,10,65,02,083,28,66,30,044,48,67,34,337,49,68,07,295,36,1*7A
$GLGSV,3,2,10,76,32,052,48,77,49,115,44,78,16,176,44,81,29,216,47,1*77
$GLGSV,3,3,10,82,38,275,49,83,19,318,31,1*7E
$GLGSV,2,1,08,66,30,044,46,67,34,337,47,68,07,295,38,76,32,052,47,3*7A
$GLGSV,2,2,08,78,16,176,45,81,29,216,46,82,38,275,48,83,19,318,39,3*70
$GAGSV,2,1,07,05,50,305,52,06,25,049,46,09,42,030,51,24,21,138,47,2*79
$GAGSV,2,2,07,31,19,085,49,34,39,308,50,36,63,221,52,2*4E
$GAGSV,2,1,07,05,50,305,46,06,25,049,41,09,42,030,45,24,21,138,40,7*7C
$GAGSV,2,2,07,31,19,085,40,34,39,308,44,36,63,221,48,7*4C
$GAGSV,1,1,01,25,02,183,,0*4A
$GBGSV,2,1,08,06,60,045,46,08,36,114,41,09,75,060,47,13,52,104,46,1*7E
$GBGSV,2,2,08,16,52,042,46,20,30,314,46,23,43,069,48,25,03,038,20,1*77
$GBGSV,2,1,07,06,60,045,48,08,36,114,48,09,75,060,49,13,52,104,46,B*0B
$GBGSV,2,2,07,16,52,042,47,20,30,314,14,23,43,069,07,B*3B
$GQGSV,1,1,03,02,06,088,40,04,20,087,38,07,19,104,33,1*5E
$GQGSV,1,1,03,02,06,088,41,04,20,087,43,07,19,104,44,6*54
$GNGLL,2454.22946,N,06708.26848,E,163825.00,A,D*7C
$GNRMC,163826.00,A,2454.22946,N,06708.26848,E,0.004,,060525,,,R,V*0A
$GNVTG,,T,,M,0.004,N,0.008,K,D*34
$GNGGA,163826.00,2454.22946,N,06708.26848,E,4,12,0.61,21.8,M,-44.2,M,1.0,0301*77
$GNGSA,A,3,01,02,03,10,26,28,31,32,04,,,,1.40,0.61,1.26,1*0E
$GNGSA,A,3,81,67,83,78,66,82,77,76,,,,,1.40,0.61,1.26,2*02
$GNGSA,A,3,36,09,05,06,34,31,24,,,,,,1.40,0.61,1.26,3*08
$GNGSA,A,3,06,09,08,13,16,20,23,,,,,,1.40,0.61,1.26,4*02
$GNGSA,A,3,04,,,,,,,,,,,,1.40,0.61,1.26,5*06
$GPGSV,4,1,14,01,46,294,46,02,52,249,46,03,27,324,42,04,15,272,32,1*61
$GPGSV,4,2,14,10,26,113,42,16,,,30,25,06,051,41,26,28,147,42,1*59
$GPGSV,4,3,14,28,54,041,46,31,83,079,49,32,26,051,42,40,59,208,48,1*69
$GPGSV,4,4,14,41,56,146,46,42,19,104,44,1*6D
$GPGSV,3,1,09,01,46,294,46,03,27,324,43,04,15,272,36,10,26,113,41,6*63
$GPGSV,3,2,09,25,06,051,40,26,28,147,43,28,54,041,46,31,83,079,48,6*66
$GPGSV,3,3,09,32,26,051,42,6*5D
$GLGSV,3,1,10,65,02,083,27,66,30,044,48,67,34,337,49,68,07,295,36,1*75
$GLGSV,3,2,10,76,32,052,48,77,49,115,44,78,16,176,44,81,29,216,47,1*77
$GLGSV,3,3,10,82,38,275,49,83,19,318,31,1*7E
$GLGSV,2,1,08,66,30,044,46,67,34,337,47,68,07,295,38,76,32,052,47,3*7A
$GLGSV,2,2,08,78,16,176,45,81,29,216,46,82,38,275,49,83,19,318,39,3*71
$GAGSV,2,1,07,05,50,305,52,06,25,049,46,09,42,030,51,24,21,138,47,2*79
$GAGSV,2,2,07,31,19,085,49,34,39,308,50,36,63,221,52,2*4E
$GAGSV,2,1,07,05,50,305,46,06,25,049,41,09,42,030,45,24,21,138,40,7*7C
$GAGSV,2,2,07,31,19,085,40,34,39,308,44,36,63,221,48,7*4C
$GAGSV,1,1,01,25,02,183,,0*4A
$GBGSV,2,1,08,06,60,045,46,08,36,114,41,09,75,060,47,13,52,104,46,1*7E
$GBGSV,2,2,08,16,52,042,46,20,30,314,46,23,43,069,48,25,03,038,19,1*7D
$GBGSV,2,1,07,06,60,045,48,08,36,114,48,09,75,060,49,13,52,104,46,B*0B
$GBGSV,2,2,07,16,52,042,47,20,30,314,11,23,43,069,07,B*3E
$GQGSV,1,1,03,02,06,088,40,04,20,087,38,07,19,104,33,1*5E
$GQGSV,1,1,03,02,06,088,41,04,20,087,43,07,19,104,44,6*54
$GNGLL,2454.22946,N,06708.26848,E,163826.00,A,D*7F
$GNRMC,163827.00,A,2454.22946,N,06708.26848,E,0.009,,060525,,,R,V*06
$GNVTG,,T,,M,0.009,N,0.017,K,D*37
$GNGGA,163827.00,2454.22946,N,06708.26848,E,4,12,0.61,21.8,M,-44.2,M,1.0,0301*76
$GNGSA,A,3,01,02,03,10,26,28,31,32,04,,,,1.40,0.61,1.26,1*0E
$GNGSA,A,3,81,67,83,78,66,82,77,76,,,,,1.40,0.61,1.26,2*02
$GNGSA,A,3,36,09,05,06,34,31,24,,,,,,1.40,0.61,1.26,3*08
$GNGSA,A,3,06,09,08,13,16,20,23,,,,,,1.40,0.61,1.26,4*02
$GNGSA,A,3,04,,,,,,,,,,,,1.40,0.61,1.26,5*06
$GPGSV,4,1,14,01,46,294,46,02,52,249,46,03,27,324,42,04,15,272,32,1*61
$GPGSV,4,2,14,10,26,113,42,16,,,30,25,06,051,40,26,28,147,42,1*58
$GPGSV,4,3,14,28,54,041,46,31,83,079,49,32,25,051,42,40,59,208,48,1*6A
$GPGSV,4,4,14,41,56,146,46,42,19,104,44,1*6D
$GPGSV,3,1,09,01,46,294,46,03,27,324,43,04,15,272,36,10,26,113,41,6*63
$GPGSV,3,2,09,25,06,051,40,26,28,147,43,28,54,041,46,31,83,079,48,6*66
$GPGSV,3,3,09,32,25,051,42,6*5E
$GLGSV,3,1,10,65,02,083,26,66,30,044,48,67,34,337,48,68,07,295,36,1*75
$GLGSV,3,2,10,76,32,052,48,77,49,115,44,78,16,176,44,81,29,216,47,1*77
$GLGSV,3,3,10,82,38,275,49,83,19,318,31,1*7E
$GLGSV,2,1,08,66,30,044,46,67,34,337,47,68,07,295,38,76,32,052,47,3*7A
$GLGSV,2,2,08,78,16,176,45,81,29,216,46,82,38,275,49,83,19,318,39,3*71
$GAGSV,2,1,07,05,50,305,52,06,25,049,46,09,42,030,51,24,21,138,47,2*79
$GAGSV,2,2,07,31,19,085,49,34,39,308,50,36,63,221,52,2*4E
$GAGSV,2,1,07,05,50,305,46,06,25,049,41,09,42,030,45,24,21,138,40,7*7C
$GAGSV,2,2,07,31,19,085,40,34,39,308,44,36,63,221,48,7*4C
$GAGSV,1,1,01,25,02,183,,0*4A
$GBGSV,2,1,08,06,60,045,46,08,36,114,41,09,75,060,47,13,52,104,46,1*7E
$GBGSV,2,2,08,16,52,042,46,20,30,314,46,23,43,069,48,25,03,038,19,1*7D
$GBGSV,2,1,07,06,60,045,48,08,36,114,48,09,75,060,49,13,52,104,46,B*0B
$GBGSV,2,2,07,16,52,042,47,20,30,314,09,23,43,069,07,B*37
$GQGSV,1,1,03,02,06,088,40,04,20,087,38,07,19,104,33,1*5E
$GQGSV,1,1,03,02,06,088,42,04,20,087,43,07,19,104,45,6*56
$GNGLL,2454.22946,N,06708.26848,E,163827.00,A,D*7E
$GNRMC,163828.00,A,2454.22946,N,06708.26848,E,0.007,,060525,,,R,V*07
$GNVTG,,T,,M,0.007,N,0.013,K,D*3D
$GNGGA,163828.00,2454.22946,N,06708.26848,E,4,12,0.61,21.8,M,-44.2,M,1.0,0301*79
$GNGSA,A,3,01,02,03,10,26,28,31,32,04,,,,1.40,0.61,1.26,1*0E
$GNGSA,A,3,81,67,83,78,66,82,77,76,,,,,1.40,0.61,1.26,2*02
$GNGSA,A,3,36,09,05,06,34,31,24,,,,,,1.40,0.61,1.26,3*08
$GNGSA,A,3,06,09,08,13,16,20,23,,,,,,1.40,0.61,1.26,4*02
$GNGSA,A,3,04,,,,,,,,,,,,1.40,0.61,1.26,5*06
$GPGSV,4,1,14,01,46,294,46,02,52,249,46,03,27,324,42,04,15,272,32,1*61
$GPGSV,4,2,14,10,26,113,42,16,,,30,25,06,051,40,26,28,147,42,1*58
$GPGSV,4,3,14,28,54,041,46,31,83,079,49,32,25,051,42,40,59,208,48,1*6A
$GPGSV,4,4,14,41,56,146,46,42,19,104,44,1*6D
$GPGSV,3,1,09,01,46,294,46,03,27,324,43,04,15,272,36,10,26,113,41,6*63
$GPGSV,3,2,09,25,06,051,40,26,28,147,43,28,54,041,46,31,83,079,48,6*66
$GPGSV,3,3,09,32,25,051,43,6*5F
$GLGSV,3,1,10,65,02,083,25,66,30,044,48,67,34,337,48,68,07,295,36,1*76
$GLGSV,3,2,10,76,32,052,48,77,49,115,44,78,16,176,44,81,29,216,47,1*77
$GLGSV,3,3,10,82,38,275,49,83,19,318,30,1*7F
$GLGSV,2,1,08,66,30,044,46,67,34,337,47,68,07,295,38,76,32,052,47,3*7A
$GLGSV,2,2,08,78,16,176,45,81,29,216,46,82,38,275,49,83,19,318,39,3*71
$GAGSV,2,1,07,05,50,305,52,06,25,049,46,09,42,030,51,24,21,138,47,2*79
$GAGSV,2,2,07,31,19,085,49,34,39,308,50,36,63,221,52,2*4E
$GAGSV,2,1,07,05,50,305,46,06,25,049,41,09,42,030,45,24,21,138,40,7*7C
$GAGSV,2,2,07,31,19,085,40,34,39,308,44,36,63,221,48,7*4C
$GAGSV,1,1,01,25,02,183,,0*4A
$GBGSV,2,1,08,06,60,045,46,08,36,114,41,09,75,060,47,13,52,104,46,1*7E
$GBGSV,2,2,08,16,52,042,46,20,30,314,46,23,43,069,48,25,03,038,19,1*7D
$GBGSV,2,1,07,06,60,045,48,08,36,114,48,09,75,060,49,13,52,104,46,B*0B
$GBGSV,2,2,07,16,52,042,47,20,30,314,08,23,43,069,08,B*39
$GQGSV,1,1,03,02,06,088,40,04,20,087,38,07,19,104,33,1*5E
$GQGSV,1,1,03,02,06,088,41,04,20,087,43,07,19,104,45,6*55
$GNGLL,2454.22946,N,06708.26848,E,163828.00,A,D*71
$GNRMC,163829.00,A,2454.22946,N,06708.26848,E,0.002,,060525,,,R,V*03
$GNVTG,,T,,M,0.002,N,0.003,K,D*39
$GNGGA,163829.00,2454.22946,N,06708.26848,E,4,12,0.61,21.8,M,-44.2,M,1.0,0301*78
$GNGSA,A,3,01,02,03,10,26,28,31,32,04,,,,1.40,0.61,1.26,1*0E
$GNGSA,A,3,81,67,83,78,66,82,77,76,,,,,1.40,0.61,1.26,2*02
$GNGSA,A,3,36,09,05,06,34,31,24,,,,,,1.40,0.61,1.26,3*08
$GNGSA,A,3,06,09,08,13,16,20,23,,,,,,1.40,0.61,1.26,4*02
$GNGSA,A,3,04,,,,,,,,,,,,1.40,0.61,1.26,5*06
$GPGSV,4,1,14,01,46,294,46,02,52,249,46,03,27,324,42,04,15,272,32,1*61
$GPGSV,4,2,14,10,26,113,42,16,,,30,25,06,051,40,26,28,147,42,1*58
$GPGSV,4,3,14,28,54,041,46,31,83,079,49,32,25,051,42,40,59,208,48,1*6A
$GPGSV,4,4,14,41,56,146,46,42,19,104,44,1*6D
$GPGSV,3,1,09,01,46,294,46,03,27,324,43,04,15,272,36,10,26,113,41,6*63
$GPGSV,3,2,09,25,06,051,40,26,28,147,43,28,54,041,46,31,83,079,48,6*66
$GPGSV,3,3,09,32,25,051,42,6*5E
$GLGSV,3,1,10,65,02,083,25,66,30,044,48,67,34,337,49,68,07,295,35,1*74
$GLGSV,3,2,10,76,32,052,48,77,49,115,44,78,16,176,44,81,29,216,47,1*77
$GLGSV,3,3,10,82,38,275,49,83,19,318,30,1*7F
$GLGSV,2,1,08,66,30,044,46,67,34,337,47,68,07,295,39,76,32,052,47,3*7B
$GLGSV,2,2,08,78,16,176,45,81,29,216,46,82,38,275,49,83,19,318,39,3*71
$GAGSV,2,1,07,05,50,305,52,06,25,049,46,09,42,030,51,24,21,138,47,2*79
$GAGSV,2,2,07,31,19,085,49,34,39,308,50,36,63,221,52,2*4E
$GAGSV,2,1,07,05,50,305,46,06,25,049,41,09,42,030,45,24,21,138,40,7*7C
$GAGSV,2,2,07,31,19,085,40,34,39,308,44,36,63,221,48,7*4C
$GAGSV,1,1,01,25,02,183,,0*4A
$GBGSV,2,1,08,06,60,045,46,08,36,114,41,09,75,060,47,13,52,104,46,1*7E
$GBGSV,2,2,08,16,52,042,46,20,30,314,46,23,43,069,48,25,03,038,19,1*7D
$GBGSV,2,1,07,06,60,045,48,08,36,114,48,09,75,060,49,13,52,104,46,B*0B
$GBGSV,2,2,07,16,52,042,47,20,30,314,07,23,43,069,08,B*36
$GQGSV,1,1,03,02,06,088,40,04,20,087,38,07,19,104,33,1*5E
$GQGSV,1,1,03,02,06,088,41,04,20,087,43,07,19,104,44,6*54
$GNGLL,2454.22946,N,06708.26848,E,163829.00,A,D*70
$GNRMC,163830.00,A,2454.22946,N,06708.26848,E,0.001,,060525,,,R,V*08
$GNVTG,,T,,M,0.001,N,0.002,K,D*3B
$GNGGA,163830.00,2454.22946,N,06708.26848,E,4,12,0.61,21.8,M,-44.2,M,1.0,0301*70
$GNGSA,A,3,01,02,03,10,26,28,31,32,04,,,,1.40,0.61,1.26,1*0E
$GNGSA,A,3,81,67,83,78,66,82,77,76,,,,,1.40,0.61,1.26,2*02
$GNGSA,A,3,36,09,05,06,34,31,24,,,,,,1.40,0.61,1.26,3*08
$GNGSA,A,3,06,09,08,13,16,20,23,,,,,,1.40,0.61,1.26,4*02
$GNGSA,A,3,04,,,,,,,,,,,,1.40,0.61,1.26,5*06
$GPGSV,4,1,14,01,46,294,46,02,52,249,46,03,27,324,42,04,15,272,32,1*61
$GPGSV,4,2,14,10,26,113,42,16,,,31,25,06,051,40,26,28,147,42,1*59
$GPGSV,4,3,14,28,54,041,46,31,83,079,49,32,25,051,42,40,59,208,48,1*6A
$GPGSV,4,4,14,41,56,146,46,42,19,104,44,1*6D
$GPGSV,3,1,09,01,46,294,46,03,27,324,43,04,15,272,36,10,26,113,41,6*63
$GPGSV,3,2,09,25,06,051,40,26,28,147,43,28,54,041,46,31,83,079,48,6*66
$GPGSV,3,3,09,32,25,051,42,6*5E
$GLGSV,3,1,10,65,02,083,25,66,30,044,48,67,34,337,49,68,07,295,35,1*74
$GLGSV,3,2,10,76,32,052,48,77,49,115,44,78,16,176,44,81,29,216,47,1*77
$GLGSV,3,3,10,82,38,275,49,83,19,318,30,1*7F
$GLGSV,2,1,08,66,30,044,46,67,34,337,47,68,07,295,39,76,32,052,47,3*7B
$GLGSV,2,2,08,78,16,176,44,81,29,216,46,82,38,275,49,83,19,318,39,3*70
$GAGSV,2,1,07,05,50,305,51,06,25,049,46,09,42,030,51,24,21,138,47,2*7A
$GAGSV,2,2,07,31,19,085,48,34,39,308,50,36,63,221,51,2*4C
$GAGSV,2,1,07,05,50,305,46,06,25,049,41,09,42,030,45,24,21,138,40,7*7C
$GAGSV,2,2,07,31,19,085,40,34,39,308,44,36,63,221,48,7*4C
$GAGSV,1,1,01,25,02,183,,0*4A
$GBGSV,2,1,08,06,60,045,46,08,36,114,41,09,75,060,47,13,52,104,46,1*7E
$GBGSV,2,2,08,16,52,042,46,20,30,314,46,23,43,069,48,25,03,038,18,1*7C
$GBGSV,2,1,07,06,60,045,47,08,36,114,48,09,75,060,49,13,52,104,46,B*04
$GBGSV,2,2,07,16,52,042,47,20,30,314,08,23,43,069,08,B*39
$GQGSV,1,1,03,02,06,088,40,04,20,087,38,07,19,104,33,1*5E
$GQGSV,1,1,03,02,06,088,41,04,20,087,43,07,19,104,44,6*54
$GNGLL,2454.22946,N,06708.26848,E,163830.00,A,D*78
$GNRMC,163831.00,A,2454.22946,N,06708.26848,E,0.001,,060525,,,R,V*09
$GNVTG,,T,,M,0.001,N,0.002,K,D*3B
$GNGGA,163831.00,2454.22946,N,06708.26848,E,4,12,0.61,21.8,M,-44.2,M,1.0,0301*71
$GNGSA,A,3,01,02,03,10,26,28,31,32,04,,,,1.40,0.61,1.26,1*0E
$GNGSA,A,3,81,67,83,78,66,82,77,76,,,,,1.40,0.61,1.26,2*02
$GNGSA,A,3,36,09,05,06,34,31,24,,,,,,1.40,0.61,1.26,3*08
$GNGSA,A,3,06,09,08,13,16,20,23,,,,,,1.40,0.61,1.26,4*02
$GNGSA,A,3,04,,,,,,,,,,,,1.40,0.61,1.26,5*06
$GPGSV,4,1,14,01,46,294,46,02,52,249,46,03,27,324,42,04,15,272,32,1*61
$GPGSV,4,2,14,10,26,113,42,16,,,30,25,06,051,39,26,28,147,42,1*56
$GPGSV,4,3,14,28,54,041,46,31,83,079,49,32,25,051,42,40,59,208,48,1*6A
$GPGSV,4,4,14,41,56,146,46,42,19,104,44,1*6D
$GPGSV,3,1,09,01,46,294,46,03,27,324,43,04,15,272,36,10,26,113,41,6*63
$GPGSV,3,2,09,25,06,051,40,26,28,147,43,28,54,041,46,31,83,079,48,6*66
$GPGSV,3,3,09,32,25,051,42,6*5E
$GLGSV,3,1,10,65,02,083,25,66,30,044,48,67,34,337,49,68,07,295,34,1*75
$GLGSV,3,2,10,76,32,052,48,77,49,115,44,78,16,176,44,81,29,216,47,1*77
$GLGSV,3,3,10,82,38,275,49,83,19,318,30,1*7F
$GLGSV,2,1,08,66,30,044,46,67,34,337,47,68,07,295,38,76,32,052,47,3*7A
$GLGSV,2,2,08,78,16,176,45,81,29,216,46,82,38,275,49,83,19,318,39,3*71
$GAGSV,2,1,07,05,50,305,52,06,25,049,46,09,42,030,51,24,21,138,47,2*79
$GAGSV,2,2,07,31,19,085,49,34,39,308,50,36,63,221,52,2*4E
$GAGSV,2,1,07,05,50,305,46,06,25,049,41,09,42,030,45,24,21,138,40,7*7C
$GAGSV,2,2,07,31,19,085,40,34,39,308,44,36,63,221,48,7*4C
$GAGSV,1,1,01,25,02,183,,0*4A
$GBGSV,2,1,08,06,60,045,46,08,36,114,41,09,75,060,47,13,52,104,46,1*7E
$GBGSV,2,2,08,16,52,042,46,20,30,314,46,23,43,069,48,25,03,038,19,1*7D
$GBGSV,2,1,07,06,60,045,47,08,36,114,48,09,75,060,49,13,52,104,46,B*04
$GBGSV,2,2,07,16,52,042,47,20,30,314,08,23,43,069,07,B*36
$GQGSV,1,1,03,02,06,088,40,04,20,087,38,07,19,104,33,1*5E
$GQGSV,1,1,03,02,06,088,41,04,20,087,43,07,19,104,44,6*54
$GNGLL,2454.22946,N,06708.26848,E,163831.00,A,D*79
$GNRMC,163832.00,A,2454.22946,N,06708.26848,E,0.007,,060525,,,R,V*0C
$GNVTG,,T,,M,0.007,N,0.012,K,D*3C
$GNGGA,163832.00,2454.22946,N,06708.26848,E,4,12,0.61,21.8,M,-44.2,M,1.0,0301*72
$GNGSA,A,3,01,02,03,10,26,28,31,32,04,,,,1.40,0.61,1.26,1*0E
$GNGSA,A,3,81,67,83,78,66,82,77,76,,,,,1.40,0.61,1.26,2*02
$GNGSA,A,3,36,09,05,06,34,31,24,,,,,,1.40,0.61,1.26,3*08
$GNGSA,A,3,06,09,08,13,16,20,23,,,,,,1.40,0.61,1.26,4*02
$GNGSA,A,3,04,,,,,,,,,,,,1.40,0.61,1.26,5*06
$GPGSV,4,1,14,01,46,294,46,02,52,249,46,03,27,324,42,04,15,272,32,1*61
$GPGSV,4,2,14,10,26,113,42,16,,,30,25,06,051,39,26,28,147,42,1*56
$GPGSV,4,3,14,28,54,041,46,31,83,079,49,32,25,051,42,40,59,208,48,1*6A
$GPGSV,4,4,14,41,56,146,46,42,19,104,44,1*6D
$GPGSV,3,1,09,01,46,294,46,03,27,324,43,04,15,272,36,10,26,113,41,6*63
$GPGSV,3,2,09,25,06,051,40,26,28,147,43,28,54,041,46,31,83,079,48,6*66
$GPGSV,3,3,09,32,25,051,42,6*5E
$GLGSV,3,1,10,65,02,083,26,66,30,044,48,67,34,337,49,68,07,295,34,1*76
$GLGSV,3,2,10,76,32,052,48,77,49,115,44,78,16,176,44,81,29,216,47,1*77
$GLGSV,3,3,10,82,38,275,49,83,19,318,30,1*7F
$GLGSV,2,1,08,66,30,044,46,67,34,337,48,68,07,295,38,76,32,052,47,3*75
$GLGSV,2,2,08,78,16,176,45,81,29,216,46,82,38,275,49,83,19,318,39,3*71
$GAGSV,2,1,07,05,50,305,52,06,25,049,46,09,42,030,51,24,21,138,47,2*79
$GAGSV,2,2,07,31,19,085,49,34,39,308,50,36,63,221,52,2*4E
$GAGSV,2,1,07,05,50,305,46,06,25,049,40,09,42,030,45,24,21,138,40,7*7D
$GAGSV,2,2,07,31,19,085,40,34,39,308,44,36,63,221,48,7*4C
$GAGSV,1,1,01,25,02,183,,0*4A
$GBGSV,2,1,08,06,60,045,46,08,36,114,41,09,75,060,47,13,52,104,46,1*7E
$GBGSV,2,2,08,16,52,042,46,20,30,314,46,23,43,069,48,25,03,038,17,1*73
$GBGSV,2,1,07,06,60,045,47,08,36,114,48,09,75,060,49,13,52,104,46,B*04
$GBGSV,2,2,07,16,52,042,47,20,30,314,07,23,43,069,08,B*36
$GQGSV,1,1,03,02,06,088,40,04,20,087,38,07,19,104,33,1*5E
$GQGSV,1,1,03,02,06,088,41,04,20,087,43,07,19,104,45,6*55
$GNGLL,2454.22946,N,06708.26848,E,163832.00,A,D*7A
$GNRMC,163833.00,A,2454.22946,N,06708.26848,E,0.005,,060525,,,R,V*0F
$GNVTG,,T,,M,0.005,N,0.009,K,D*34
$GNGGA,163833.00,2454.22946,N,06708.26848,E,4,12,0.61,21.8,M,-44.2,M,1.0,0301*73
$GNGSA,A,3,01,02,03,10,26,28,31,32,04,,,,1.40,0.61,1.26,1*0E
$GNGSA,A,3,81,67,83,78,66,82,77,76,,,,,1.40,0.61,1.26,2*02
$GNGSA,A,3,36,09,05,06,34,31,24,,,,,,1.40,0.61,1.26,3*08
$GNGSA,A,3,06,09,08,13,16,20,23,,,,,,1.40,0.61,1.26,4*02
$GNGSA,A,3,04,,,,,,,,,,,,1.40,0.61,1.26,5*06
$GPGSV,4,1,14,01,46,294,46,02,52,249,46,03,27,324,42,04,15,272,32,1*61
$GPGSV,4,2,14,10,26,113,42,16,,,30,25,06,051,39,26,28,147,42,1*56
$GPGSV,4,3,14,28,54,041,46,31,83,079,49,32,25,051,42,40,59,208,48,1*6A
$GPGSV,4,4,14,41,56,146,46,42,19,104,44,1*6D
$GPGSV,3,1,09,01,46,294,46,03,27,324,43,04,15,272,36,10,26,113,41,6*63
$GPGSV,3,2,09,25,06,051,40,26,28,147,43,28,54,041,46,31,83,079,48,6*66
$GPGSV,3,3,09,32,25,051,42,6*5E
$GLGSV,3,1,10,65,02,083,26,66,30,044,48,67,34,337,49,68,07,295,34,1*76
$GLGSV,3,2,10,76,32,052,48,77,49,115,44,78,16,176,44,81,29,216,47,1*77
$GLGSV,3,3,10,82,38,275,49,83,19,318,30,1*7F
$GLGSV,2,1,08,66,30,044,46,67,34,337,47,68,07,295,38,76,32,052,47,3*7A
$GLGSV,2,2,08,78,16,176,45,81,29,216,46,82,38,275,49,83,19,318,39,3*71
$GAGSV,2,1,07,05,50,305,52,06,25,049,46,09,42,030,51,24,21,138,47,2*79
$GAGSV,2,2,07,31,19,085,49,34,39,308,50,36,63,221,52,2*4E
$GAGSV,2,1,07,05,50,305,46,06,25,049,41,09,42,030,45,24,21,138,41,7*7D
$GAGSV,2,2,07,31,19,085,40,34,39,308,44,36,63,221,48,7*4C
$GAGSV,1,1,01,25,02,183,,0*4A
$GBGSV,2,1,08,06,60,045,46,08,36,114,41,09,75,060,47,13,52,104,46,1*7E
$GBGSV,2,2,08,16,52,042,46,20,30,314,47,23,43,069,48,25,03,038,16,1*73
$GBGSV,2,1,06,06,60,045,48,08,36,114,48,09,75,060,50,13,52,104,46,B*02
$GBGSV,2,2,06,16,52,042,47,20,30,314,07,B*06
$GQGSV,1,1,03,02,06,088,40,04,20,087,38,07,19,104,33,1*5E
$GQGSV,1,1,03,02,06,088,41,04,20,087,43,07,19,104,44,6*54
$GNGLL,2454.22946,N,06708.26848,E,163833.00,A,D*7B
$GNRMC,163834.00,A,2454.22946,N,06708.26848,E,0.006,,060525,,,R,V*0B
$GNVTG,,T,,M,0.006,N,0.011,K,D*3E
$GNGGA,163834.00,2454.22946,N,06708.26848,E,4,12,0.61,21.8,M,-44.2,M,1.0,0301*74
$GNGSA,A,3,01,02,03,10,26,28,31,32,04,,,,1.40,0.61,1.26,1*0E
$GNGSA,A,3,81,67,83,78,66,82,77,76,,,,,1.40,0.61,1.26,2*02
$GNGSA,A,3,36,09,05,06,34,31,24,,,,,,1.40,0.61,1.26,3*08
$GNGSA,A,3,06,09,08,13,16,20,23,,,,,,1.40,0.61,1.26,4*02
$GNGSA,A,3,04,,,,,,,,,,,,1.40,0.61,1.26,5*06
$GPGSV,4,1,14,01,46,294,46,02,52,249,46,03,27,324,42,04,15,272,32,1*61
$GPGSV,4,2,14,10,26,113,42,16,,,30,25,06,051,39,26,28,147,42,1*56
$GPGSV,4,3,14,28,54,041,46,31,83,079,49,32,25,051,42,40,59,208,48,1*6A
$GPGSV,4,4,14,41,56,146,46,42,19,104,44,1*6D
$GPGSV,3,1,09,01,46,294,46,03,27,324,43,04,15,272,36,10,26,113,41,6*63
$GPGSV,3,2,09,25,06,051,40,26,28,147,43,28,54,041,45,31,83,079,48,6*65
$GPGSV,3,3,09,32,25,051,42,6*5E
$GLGSV,3,1,10,65,02,083,26,66,30,044,48,67,34,337,49,68,07,295,34,1*76
$GLGSV,3,2,10,76,32,052,48,77,49,115,44,78,16,176,45,81,29,216,47,1*76
$GLGSV,3,3,10,82,38,275,49,83,19,318,30,1*7F
$GLGSV,2,1,08,66,30,044,46,67,34,337,47,68,07,295,38,76,32,052,46,3*7B
$GLGSV,2,2,08,78,16,176,45,81,29,216,46,82,38,275,49,83,19,318,38,3*70
$GAGSV,2,1,07,05,50,305,52,06,25,049,46,09,42,030,51,24,21,138,47,2*79
$GAGSV,2,2,07,31,19,085,49,34,39,308,49,36,63,221,52,2*46
$GAGSV,2,1,07,05,50,305,46,06,25,049,41,09,42,030,45,24,21,138,41,7*7D
$GAGSV,2,2,07,31,19,085,40,34,39,308,44,36,63,221,48,7*4C
$GAGSV,1,1,01,25,02,183,,0*4A
$GBGSV,2,1,08,06,60,045,46,08,36,114,41,09,75,060,47,13,52,104,46,1*7E
$GBGSV,2,2,08,16,52,042,46,20,30,314,47,23,43,069,48,25,03,038,16,1*73
$GBGSV,2,1,06,06,60,045,48,08,36,114,48,09,75,060,49,13,52,104,46,B*0A
$GBGSV,2,2,06,16,52,042,47,20,30,314,07,B*06
$GQGSV,1,1,03,02,06,088,40,04,20,087,38,07,19,104,34,1*59
$GQGSV,1,1,03,02,06,088,41,04,20,087,43,07,19,104,44,6*54
$GNGLL,2454.22946,N,06708.26848,E,163834.00,A,D*7C
$GNRMC,163835.00,A,2454.22946,N,06708.26848,E,0.003,,060525,,,R,V*0F
$GNVTG,,T,,M,0.003,N,0.006,K,D*3D
$GNGGA,163835.00,2454.22946,N,06708.26848,E,4,12,0.61,21.8,M,-44.2,M,1.0,0301*75
$GNGSA,A,3,01,02,03,10,26,28,31,32,04,,,,1.40,0.61,1.26,1*0E
$GNGSA,A,3,81,67,83,78,66,82,77,76,,,,,1.40,0.61,1.26,2*02
$GNGSA,A,3,36,09,05,06,34,31,24,,,,,,1.40,0.61,1.26,3*08
$GNGSA,A,3,06,09,08,13,16,20,23,,,,,,1.40,0.61,1.26,4*02
$GNGSA,A,3,04,,,,,,,,,,,,1.40,0.61,1.26,5*06
$GPGSV,4,1,14,01,46,294,46,02,52,249,46,03,27,324,42,04,15,272,32,1*61
$GPGSV,4,2,14,10,26,113,42,16,,,30,25,06,051,38,26,28,147,42,1*57
$GPGSV,4,3,14,28,54,041,46,31,83,079,49,32,25,051,42,40,59,208,48,1*6A
$GPGSV,4,4,14,41,56,146,46,42,19,104,44,1*6D
$GPGSV,3,1,09,01,46,294,46,03,27,324,43,04,15,272,36,10,26,113,41,6*63
$GPGSV,3,2,09,25,06,051,40,26,28,147,43,28,54,041,46,31,83,079,48,6*66
$GPGSV,3,3,09,32,25,051,42,6*5E
$GLGSV,3,1,10,65,02,083,26,66,30,044,48,67,34,337,49,68,07,295,34,1*76
$GLGSV,3,2,10,76,32,052,48,77,49,115,44,78,16,176,45,81,29,216,48,1*79
$GLGSV,3,3,10,82,38,275,49,83,19,318,30,1*7F
$GLGSV,2,1,08,66,30,044,46,67,34,337,47,68,07,295,38,76,32,052,47,3*7A
$GLGSV,2,2,08,78,16,176,45,81,29,216,46,82,38,275,49,83,19,318,38,3*70
$GAGSV,2,1,07,05,50,305,52,06,25,049,46,09,42,030,51,24,21,138,47,2*79
$GAGSV,2,2,07,31,19,085,49,34,39,308,50,36,63,221,52,2*4E
$GAGSV,2,1,07,05,50,305,46,06,25,049,40,09,42,030,45,24,21,138,40,7*7D
$GAGSV,2,2,07,31,19,085,40,34,39,308,44,36,63,221,47,7*43
$GAGSV,1,1,01,25,02,183,,0*4A
$GBGSV,2,1,08,06,60,045,46,08,36,114,41,09,75,060,47,13,52,104,46,1*7E
$GBGSV,2,2,08,16,52,042,46,20,30,314,46,23,43,069,48,25,03,038,17,1*73
$GBGSV,2,1,05,06,60,045,48,08,36,114,48,09,75,060,49,13,52,104,46,B*09
$GBGSV,2,2,05,16,52,042,47,B*35
$GQGSV,1,1,03,02,06,088,40,04,20,087,38,07,19,104,33,1*5E
$GQGSV,1,1,03,02,06,088,41,04,20,087,43,07,19,104,44,6*54
$GNGLL,2454.22946,N,06708.26848,E,163835.00,A,D*7D
$GNRMC,163836.00,A,2454.22946,N,06708.26848,E,0.004,,060525,,,R,V*0B
$GNVTG,,T,,M,0.004,N,0.007,K,D*3B
$GNGGA,163836.00,2454.22946,N,06708.26848,E,4,12,0.61,21.8,M,-44.2,M,1.0,0301*76
$GNGSA,A,3,01,02,03,10,26,28,31,32,04,,,,1.40,0.61,1.26,1*0E
$GNGSA,A,3,81,67,83,78,66,82,77,76,,,,,1.40,0.61,1.26,2*02
$GNGSA,A,3,36,09,05,06,34,31,24,,,,,,1.40,0.61,1.26,3*08
$GNGSA,A,3,06,09,08,13,16,20,23,,,,,,1.40,0.61,1.26,4*02
$GNGSA,A,3,04,,,,,,,,,,,,1.40,0.61,1.26,5*06
$GPGSV,4,1,14,01,46,294,46,02,52,249,46,03,27,324,42,04,15,272,32,1*61
$GPGSV,4,2,14,10,26,113,42,16,,,30,25,06,051,38,26,28,147,42,1*57
$GPGSV,4,3,14,28,54,041,46,31,83,079,49,32,25,051,42,40,59,208,48,1*6A
$GPGSV,4,4,14,41,56,146,46,42,19,104,44,1*6D
$GPGSV,3,1,09,01,46,294,46,03,27,324,43,04,15,272,36,10,26,113,41,6*63
$GPGSV,3,2,09,25,06,051,40,26,28,147,43,28,54,041,46,31,83,079,48,6*66
$GPGSV,3,3,09,32,25,051,42,6*5E
$GLGSV,3,1,10,65,02,083,26,66,30,044,48,67,34,337,49,68,07,295,34,1*76
$GLGSV,3,2,10,76,32,052,48,77,49,115,44,78,16,176,45,81,29,216,48,1*79
$GLGSV,3,3,10,82,38,275,49,83,19,318,30,1*7F
$GLGSV,2,1,08,66,30,044,46,67,34,337,48,68,07,295,38,76,32,052,47,3*75
$GLGSV,2,2,08,78,16,176,45,81,29,216,46,82,38,275,49,83,19,318,38,3*70
$GAGSV,2,1,07,05,50,305,52,06,25,049,46,09,42,030,51,24,21,138,47,2*79
$GAGSV,2,2,07,31,19,085,49,34,39,308,50,36,63,221,52,2*4E
$GAGSV,2,1,07,05,50,305,46,06,25,049,40,09,42,030,45,24,21,138,40,7*7D
$GAGSV,2,2,07,31,19,085,40,34,39,308,44,36,63,221,47,7*43
$GAGSV,1,1,01,25,02,183,,0*4A
$GBGSV,2,1,08,06,60,045,46,08,36,114,41,09,75,060,47,13,52,104,46,1*7E
$GBGSV,2,2,08,16,52,042,46,20,30,314,46,23,43,069,48,25,03,038,17,1*73
$GBGSV,2,1,05,06,60,045,48,08,36,114,48,09,75,060,49,13,52,104,46,B*09
$GBGSV,2,2,05,16,52,042,47,B*35
$GQGSV,1,1,03,02,06,088,40,04,20,087,38,07,19,104,33,1*5E
$GQGSV,1,1,03,02,06,088,41,04,20,087,43,07,19,104,44,6*54
$GNGLL,2454.22946,N,06708.26848,E,163836.00,A,D*7E
$GNRMC,163837.00,A,2454.22946,N,06708.26848,E,0.004,,060525,,,R,V*0A
$GNVTG,,T,,M,0.004,N,0.007,K,D*3B
$GNGGA,163837.00,2454.22946,N,06708.26848,E,4,12,0.61,21.8,M,-44.2,M,1.0,0301*77
$GNGSA,A,3,01,02,03,10,26,28,31,32,04,,,,1.40,0.61,1.26,1*0E
$GNGSA,A,3,81,67,83,78,66,82,77,76,,,,,1.40,0.61,1.26,2*02
$GNGSA,A,3,36,09,05,06,34,31,24,,,,,,1.40,0.61,1.26,3*08
$GNGSA,A,3,06,09,08,13,16,20,23,,,,,,1.40,0.61,1.26,4*02
$GNGSA,A,3,04,,,,,,,,,,,,1.40,0.61,1.26,5*06
$GPGSV,4,1,14,01,46,294,46,02,52,249,46,03,27,324,42,04,15,272,32,1*61
$GPGSV,4,2,14,10,26,113,42,16,,,30,25,06,051,38,26,28,147,42,1*57
$GPGSV,4,3,14,28,54,041,46,31,83,079,49,32,25,051,41,40,59,208,48,1*69
$GPGSV,4,4,14,41,56,146,46,42,19,104,44,1*6D
$GPGSV,3,1,09,01,46,294,46,03,27,324,43,04,15,272,36,10,26,113,41,6*63
$GPGSV,3,2,09,25,06,051,40,26,28,147,43,28,54,041,46,31,83,079,48,6*66
$GPGSV,3,3,09,32,25,051,42,6*5E
$GLGSV,3,1,10,65,02,083,26,66,30,044,48,67,34,337,49,68,07,295,34,1*76
$GLGSV,3,2,10,76,32,052,48,77,49,115,44,78,16,176,45,81,29,216,47,1*76
$GLGSV,3,3,10,82,38,275,49,83,19,318,30,1*7F
$GLGSV,2,1,08,66,30,044,46,67,34,337,48,68,07,295,38,76,32,052,46,3*74
$GLGSV,2,2,08,78,16,176,45,81,29,216,46,82,38,275,49,83,19,318,38,3*70
$GAGSV,2,1,07,05,50,305,52,06,25,049,46,09,42,030,51,24,21,138,47,2*79
$GAGSV,2,2,07,31,19,085,49,34,39,308,50,36,63,221,52,2*4E
$GAGSV,2,1,07,05,50,305,46,06,25,049,40,09,42,030,46,24,21,138,40,7*7E
$GAGSV,2,2,07,31,19,085,40,34,39,308,44,36,63,221,47,7*43
$GAGSV,1,1,01,25,02,183,,0*4A
$GBGSV,2,1,08,06,60,045,46,08,36,114,41,09,75,060,47,13,52,104,46,1*7E
$GBGSV,2,2,08,16,52,042,46,20,30,314,46,23,43,069,48,25,03,038,17,1*73
$GBGSV,2,1,05,06,60,045,48,08,36,114,48,09,75,060,49,13,52,104,46,B*09
$GBGSV,2,2,05,16,52,042,47,B*35
$GQGSV,1,1,03,02,06,088,40,04,20,087,38,07,19,104,33,1*5E
$GQGSV,1,1,03,02,06,088,41,04,20,087,43,07,19,104,44,6*54
$GNGLL,2454.22946,N,06708.26848,E,163837.00,A,D*7F
$GNRMC,163838.00,A,2454.22946,N,06708.26848,E,0.002,,060525,,,R,V*03
$GNVTG,,T,,M,0.002,N,0.003,K,D*39
$GNGGA,163838.00,2454.22946,N,06708.26848,E,4,12,0.61,21.8,M,-44.2,M,1.0,0301*78
$GNGSA,A,3,01,02,03,10,26,28,31,32,04,,,,1.40,0.61,1.26,1*0E
$GNGSA,A,3,81,67,83,78,66,82,77,76,,,,,1.40,0.61,1.26,2*02
$GNGSA,A,3,36,09,05,06,34,31,24,,,,,,1.40,0.61,1.26,3*08
$GNGSA,A,3,06,09,08,13,16,20,23,,,,,,1.40,0.61,1.26,4*02
$GNGSA,A,3,04,,,,,,,,,,,,1.40,0.61,1.26,5*06
$GPGSV,4,1,14,01,46,294,46,02,52,249,46,03,27,324,42,04,15,272,32,1*61
$GPGSV,4,2,14,10,26,113,42,16,,,30,25,06,051,38,26,28,147,42,1*57
$GPGSV,4,3,14,28,54,041,46,31,83,079,49,32,25,051,42,40,59,208,48,1*6A
$GPGSV,4,4,14,41,56,146,46,42,19,104,44,1*6D
$GPGSV,3,1,09,01,46,294,46,03,27,324,43,04,15,272,36,10,26,113,41,6*63
$GPGSV,3,2,09,25,06,051,40,26,28,147,43,28,54,041,46,31,83,079,48,6*66
$GPGSV,3,3,09,32,25,051,42,6*5E
$GLGSV,3,1,10,65,02,083,26,66,30,044,48,67,34,337,49,68,07,295,34,1*76
$GLGSV,3,2,10,76,32,052,48,77,49,115,44,78,16,176,45,81,29,216,47,1*76
$GLGSV,3,3,10,82,38,275,49,83,19,318,30,1*7F
$GLGSV,2,1,08,66,30,044,46,67,34,337,47,68,07,295,38,76,32,052,46,3*7B
$GLGSV,2,2,08,78,16,176,45,81,29,216,46,82,38,275,49,83,19,318,38,3*70
$GAGSV,2,1,07,05,50,305,52,06,25,049,46,09,42,030,51,24,21,138,47,2*79
$GAGSV,2,2,07,31,19,085,49,34,39,308,50,36,63,221,52,2*4E
$GAGSV,2,1,07,05,50,305,46,06,25,049,40,09,42,030,46,24,21,138,40,7*7E
$GAGSV,2,2,07,31,19,085,40,34,39,308,44,36,63,221,47,7*43
$GAGSV,1,1,01,25,02,183,,0*4A
$GBGSV,2,1,08,06,60,045,46,08,36,114,41,09,75,060,47,13,52,104,46,1*7E
$GBGSV,2,2,08,16,52,042,46,20,30,314,46,23,43,069,48,25,03,038,16,1*72
$GBGSV,2,1,05,06,60,045,48,08,36,114,48,09,75,060,49,13,52,104,46,B*09
$GBGSV,2,2,05,16,52,042,47,B*35
$GQGSV,1,1,03,02,06,088,40,04,20,087,38,07,19,104,33,1*5E
$GQGSV,1,1,03,02,06,088,41,04,20,087,43,07,19,104,44,6*54
$GNGLL,2454.22946,N,06708.26848,E,163838.00,A,D*70
$GNRMC,163839.00,A,2454.22946,N,06708.26848,E,0.001,,060525,,,R,V*01
$GNVTG,,T,,M,0.001,N,0.001,K,D*38
$GNGGA,163839.00,2454.22946,N,06708.26848,E,4,12,0.61,21.8,M,-44.2,M,1.0,0301*79
$GNGSA,A,3,01,02,03,10,26,28,31,32,04,,,,1.40,0.61,1.26,1*0E
$GNGSA,A,3,81,67,83,78,66,82,77,76,,,,,1.40,0.61,1.26,2*02
$GNGSA,A,3,36,09,05,06,34,31,24,,,,,,1.40,0.61,1.26,3*08
$GNGSA,A,3,06,09,08,13,16,20,23,,,,,,1.40,0.61,1.26,4*02
$GNGSA,A,3,04,,,,,,,,,,,,1.40,0.61,1.26,5*06
$GPGSV,4,1,14,01,46,294,46,02,52,249,46,03,27,324,42,04,15,272,32,1*61
$GPGSV,4,2,14,10,26,113,42,16,,,30,25,06,051,38,26,28,147,42,1*57
$GPGSV,4,3,14,28,54,041,46,31,83,079,49,32,25,051,41,40,59,208,48,1*69
$GPGSV,4,4,14,41,56,146,46,42,19,104,44,1*6D
$GPGSV,3,1,09,01,46,294,46,03,27,324,43,04,15,272,36,10,26,113,41,6*63
$GPGSV,3,2,09,25,06,051,40,26,28,147,43,28,54,041,46,31,83,079,48,6*66
$GPGSV,3,3,09,32,25,051,42,6*5E
$GLGSV,3,1,10,65,02,084,25,66,30,044,48,67,34,337,49,68,07,295,34,1*72
$GLGSV,3,2,10,76,32,052,48,77,49,115,44,78,16,176,45,81,29,216,48,1*79
$GLGSV,3,3,10,82,38,275,49,83,19,318,30,1*7F
$GLGSV,2,1,08,66,30,044,46,67,34,337,47,68,07,295,37,76,32,052,46,3*74
$GLGSV,2,2,08,78,16,176,45,81,29,216,46,82,38,275,49,83,19,318,38,3*70
$GAGSV,2,1,07,05,50,306,52,06,25,049,46,09,42,030,51,24,21,138,47,2*7A
$GAGSV,2,2,07,31,19,085,49,34,39,308,50,36,63,221,52,2*4E
$GAGSV,2,1,07,05,50,306,46,06,25,049,40,09,42,030,46,24,21,138,40,7*7D
$GAGSV,2,2,07,31,19,085,40,34,39,308,44,36,63,221,47,7*43
$GAGSV,1,1,01,25,02,183,,0*4A
$GBGSV,2,1,08,06,60,045,46,08,36,114,41,09,75,060,47,13,52,104,46,1*7E
$GBGSV,2,2,08,16,52,042,46,20,30,314,46,23,43,069,48,25,03,038,17,1*73
$GBGSV,2,1,06,06,60,045,48,08,36,114,48,09,75,060,49,13,52,104,46,B*0A
$GBGSV,2,2,06,16,52,042,47,23,43,069,16,B*08
$GQGSV,1,1,03,02,06,088,40,04,20,087,38,07,19,104,33,1*5E
$GQGSV,1,1,03,02,06,088,41,04,20,087,43,07,19,104,44,6*54
$GNGLL,2454.22946,N,06708.26848,E,163839.00,A,D*71
$GNRMC,163840.00,A,2454.22946,N,06708.26848,E,0.003,,060525,,,R,V*0D
$GNVTG,,T,,M,0.003,N,0.005,K,D*3E
$GNGGA,163840.00,2454.22946,N,06708.26848,E,4,12,0.61,21.8,M,-44.2,M,1.0,0301*77
$GNGSA,A,3,01,02,03,10,26,28,31,32,04,,,,1.40,0.61,1.26,1*0E
$GNGSA,A,3,81,67,83,78,66,82,77,76,,,,,1.40,0.61,1.26,2*02
$GNGSA,A,3,36,09,05,06,34,31,24,,,,,,1.40,0.61,1.26,3*08
$GNGSA,A,3,06,09,08,13,16,20,23,,,,,,1.40,0.61,1.26,4*02
$GNGSA,A,3,04,,,,,,,,,,,,1.40,0.61,1.26,5*06
$GPGSV,4,1,14,01,46,294,46,02,52,249,46,03,27,324,42,04,15,272,32,1*61
$GPGSV,4,2,14,10,26,113,42,16,,,30,25,06,051,38,26,28,147,42,1*57
$GPGSV,4,3,14,28,54,041,46,31,83,079,49,32,25,051,41,40,59,208,48,1*69
$GPGSV,4,4,14,41,56,146,46,42,19,104,44,1*6D
$GPGSV,3,1,09,01,46,294,46,03,27,324,43,04,15,272,36,10,26,113,41,6*63
$GPGSV,3,2,09,25,06,051,40,26,28,147,43,28,54,041,46,31,83,079,48,6*66
$GPGSV,3,3,09,32,25,051,42,6*5E
$GLGSV,3,1,10,65,02,084,25,66,30,044,48,67,34,337,49,68,07,295,34,1*72
$GLGSV,3,2,10,76,32,052,48,77,49,115,44,78,16,176,45,81,29,216,47,1*76
$GLGSV,3,3,10,82,38,275,49,83,19,318,30,1*7F
$GLGSV,2,1,08,66,30,044,47,67,34,337,48,68,07,295,37,76,32,052,46,3*7A
$GLGSV,2,2,08,78,16,176,45,81,29,216,46,82,38,275,49,83,19,318,37,3*7F
$GAGSV,2,1,07,05,50,306,52,06,25,050,46,09,42,030,51,24,21,138,47,2*72
$GAGSV,2,2,07,31,19,085,49,34,39,308,50,36,63,221,52,2*4E
$GAGSV,2,1,07,05,50,306,46,06,25,050,40,09,42,030,46,24,21,138,41,7*74
$GAGSV,2,2,07,31,19,085,40,34,39,308,44,36,63,221,47,7*43
$GAGSV,1,1,01,25,02,183,,0*4A
$GBGSV,2,1,08,06,60,045,46,08,36,114,41,09,75,060,47,13,52,104,46,1*7E
$GBGSV,2,2,08,16,52,042,46,20,30,314,46,23,43,069,48,25,03,038,16,1*72
$GBGSV,2,1,05,06,60,045,48,08,36,114,48,09,75,060,49,13,52,104,46,B*09
$GBGSV,2,2,05,16,52,042,47,B*35
$GQGSV,1,1,03,02,06,088,40,04,20,087,38,07,19,104,33,1*5E
$GQGSV,1,1,03,02,06,088,41,04,20,087,43,07,19,104,44,6*54
$GNGLL,2454.22946,N,06708.26848,E,163840.00,A,D*7F
$GNRMC,163841.00,A,2454.22946,N,06708.26848,E,0.006,,060525,,,R,V*09
$GNVTG,,T,,M,0.006,N,0.011,K,D*3E
$GNGGA,163841.00,2454.22946,N,06708.26848,E,4,12,0.61,21.8,M,-44.2,M,1.0,0301*76
$GNGSA,A,3,01,02,03,10,26,28,31,32,04,,,,1.40,0.61,1.26,1*0E
$GNGSA,A,3,81,67,83,78,66,82,77,76,,,,,1.40,0.61,1.26,2*02
$GNGSA,A,3,36,09,05,06,34,31,24,,,,,,1.40,0.61,1.26,3*08
$GNGSA,A,3,06,09,08,13,16,20,23,,,,,,1.40,0.61,1.26,4*02
$GNGSA,A,3,04,,,,,,,,,,,,1.40,0.61,1.26,5*06
$GPGSV,4,1,14,01,46,294,46,02,52,249,46,03,27,324,42,04,15,272,32,1*61
$GPGSV,4,2,14,10,26,113,42,16,,,30,25,06,051,38,26,28,147,42,1*57
$GPGSV,4,3,14,28,54,041,46,31,83,079,49,32,25,051,41,40,59,208,48,1*69
$GPGSV,4,4,14,41,56,146,46,42,19,104,44,1*6D
$GPGSV,3,1,09,01,46,294,46,03,27,324,43,04,15,272,36,10,26,113,41,6*63
$GPGSV,3,2,09,25,06,051,40,26,28,147,43,28,54,041,46,31,83,079,48,6*66
$GPGSV,3,3,09,32,25,051,42,6*5E
$GLGSV,3,1,10,65,02,084,24,66,30,044,48,67,34,337,49,68,07,295,35,1*72
$GLGSV,3,2,10,76,32,052,48,77,49,115,44,78,16,176,45,81,29,216,48,1*79
$GLGSV,3,3,10,82,38,275,49,83,19,318,30,1*7F
$GLGSV,2,1,08,66,30,044,46,67,34,337,48,68,07,295,37,76,32,052,46,3*7B
$GLGSV,2,2,08,78,16,176,45,81,29,216,46,82,38,275,49,83,19,318,37,3*7F
$GAGSV,2,1,07,05,50,306,52,06,25,050,46,09,42,030,51,24,21,138,47,2*72
$GAGSV,2,2,07,31,19,085,49,34,39,308,50,36,63,221,52,2*4E
$GAGSV,2,1,07,05,50,306,46,06,25,050,40,09,42,030,46,24,21,138,41,7*74
$GAGSV,2,2,07,31,19,085,39,34,39,308,44,36,63,221,47,7*4D
$GAGSV,1,1,01,25,02,183,,0*4A
$GBGSV,2,1,08,06,60,045,46,08,36,114,41,09,75,060,47,13,52,104,46,1*7E
$GBGSV,2,2,08,16,52,042,46,20,30,314,46,23,43,069,48,25,03,038,16,1*72
$GBGSV,2,1,06,06,60,045,48,08,36,114,48,09,75,060,49,13,52,104,46,B*0A
$GBGSV,2,2,06,16,52,042,47,23,43,069,15,B*0B
$GQGSV,1,1,03,02,06,088,40,04,20,087,38,07,19,104,33,1*5E
$GQGSV,1,1,03,02,06,088,41,04,20,087,43,07,19,104,44,6*54
$GNGLL,2454.22946,N,06708.26848,E,163841.00,A,D*7E
$GNRMC,163842.00,A,2454.22946,N,06708.26848,E,0.005,,060525,,,R,V*09
$GNVTG,,T,,M,0.005,N,0.009,K,D*34
$GNGGA,163842.00,2454.22946,N,06708.26848,E,4,12,0.61,21.8,M,-44.2,M,1.0,0301*75
$GNGSA,A,3,01,02,03,10,26,28,31,32,04,,,,1.40,0.61,1.26,1*0E
$GNGSA,A,3,81,67,83,78,66,82,77,76,,,,,1.40,0.61,1.26,2*02
$GNGSA,A,3,36,09,05,06,34,31,24,,,,,,1.40,0.61,1.26,3*08
$GNGSA,A,3,06,09,08,13,16,20,23,,,,,,1.40,0.61,1.26,4*02
$GNGSA,A,3,04,,,,,,,,,,,,1.40,0.61,1.26,5*06
$GPGSV,4,1,14,01,46,294,46,02,52,249,46,03,27,324,42,04,15,272,32,1*61
$GPGSV,4,2,14,10,26,113,42,16,,,30,25,06,051,37,26,28,147,42,1*58
$GPGSV,4,3,14,28,54,041,46,31,83,079,49,32,25,051,41,40,59,208,48,1*69
$GPGSV,4,4,14,41,56,146,46,42,19,104,44,1*6D
$GPGSV,3,1,09,01,46,294,46,03,27,324,43,04,15,272,36,10,26,113,41,6*63
$GPGSV,3,2,09,25,06,051,40,26,28,147,43,28,54,041,46,31,83,079,48,6*66
$GPGSV,3,3,09,32,25,051,42,6*5E
$GLGSV,3,1,10,65,02,084,23,66,30,044,48,67,34,337,49,68,07,295,35,1*75
$GLGSV,3,2,10,76,32,052,48,77,49,115,44,78,16,176,45,81,29,216,48,1*79
$GLGSV,3,3,10,82,38,275,49,83,19,318,30,1*7F
$GLGSV,2,1,08,66,30,044,46,67,34,337,48,68,07,295,37,76,32,052,46,3*7B
$GLGSV,2,2,08,78,16,176,45,81,29,216,46,82,38,275,49,83,19,318,37,3*7F
$GAGSV,2,1,07,05,50,306,52,06,25,050,46,09,42,030,51,24,21,138,47,2*72
$GAGSV,2,2,07,31,19,085,49,34,39,308,50,36,63,221,52,2*4E
$GAGSV,2,1,07,05,50,306,46,06,25,050,40,09,42,030,46,24,21,138,41,7*74
$GAGSV,2,2,07,31,19,085,39,34,39,308,44,36,63,221,47,7*4D
$GAGSV,1,1,01,25,02,183,,0*4A
$GBGSV,2,1,08,06,60,045,46,08,36,114,41,09,75,060,47,13,52,104,46,1*7E
$GBGSV,2,2,08,16,52,042,46,20,30,314,46,23,43,069,48,25,03,038,16,1*72
$GBGSV,2,1,06,06,60,045,48,08,36,114,48,09,75,060,49,13,52,104,46,B*0A
$GBGSV,2,2,06,16,52,042,47,23,43,069,11,B*0F
$GQGSV,1,1,03,02,06,088,40,04,20,087,38,07,19,104,33,1*5E
$GQGSV,1,1,03,02,06,088,41,04,20,087,43,07,19,104,44,6*54
$GNGLL,2454.22946,N,06708.26848,E,163842.00,A,D*7D
$GNRMC,163843.00,A,2454.22946,N,06708.26848,E,0.006,,060525,,,R,V*0B
$GNVTG,,T,,M,0.006,N,0.010,K,D*3F
$GNGGA,163843.00,2454.22946,N,06708.26848,E,4,12,0.61,21.8,M,-44.2,M,1.0,0301*74
$GNGSA,A,3,01,02,03,10,26,28,31,32,04,,,,1.40,0.61,1.26,1*0E
$GNGSA,A,3,81,67,83,78,66,82,77,76,,,,,1.40,0.61,1.26,2*02
$GNGSA,A,3,36,09,05,06,34,31,24,,,,,,1.40,0.61,1.26,3*08
$GNGSA,A,3,06,09,08,13,16,20,23,,,,,,1.40,0.61,1.26,4*02
$GNGSA,A,3,04,,,,,,,,,,,,1.40,0.61,1.26,5*06
$GPGSV,4,1,14,01,46,294,46,02,52,249,46,03,27,324,42,04,15,272,32,1*61
$GPGSV,4,2,14,10,26,113,42,16,,,29,25,06,051,37,26,28,147,43,1*51
$GPGSV,4,3,14,28,54,041,46,31,83,079,49,32,25,051,42,40,59,208,48,1*6A
$GPGSV,4,4,14,41,56,146,46,42,19,104,44,1*6D
$GPGSV,3,1,09,01,46,294,46,03,27,324,43,04,15,272,36,10,26,113,41,6*63
$GPGSV,3,2,09,25,06,051,40,26,28,147,43,28,54,041,46,31,83,079,48,6*66
$GPGSV,3,3,09,32,25,051,42,6*5E
$GPGSV,1,1,01,08,01,222,,0*5F
$GLGSV,3,1,10,65,02,084,22,66,30,044,48,67,34,337,49,68,07,295,35,1*74
$GLGSV,3,2,10,76,32,052,48,77,49,115,44,78,16,176,45,81,29,216,48,1*79
$GLGSV,3,3,10,82,38,275,49,83,19,318,30,1*7F
$GLGSV,2,1,08,66,30,044,46,67,34,337,48,68,07,295,37,76,32,052,46,3*7B
$GLGSV,2,2,08,78,16,176,45,81,29,216,46,82,38,275,49,83,19,318,37,3*7F
$GAGSV,2,1,07,05,50,306,52,06,25,050,46,09,42,030,51,24,21,138,47,2*72
$GAGSV,2,2,07,31,19,085,49,34,39,308,50,36,63,221,52,2*4E
$GAGSV,2,1,07,05,50,306,46,06,25,050,40,09,42,030,46,24,21,138,41,7*74
$GAGSV,2,2,07,31,19,085,39,34,39,308,44,36,63,221,48,7*42
$GAGSV,1,1,01,25,02,183,,0*4A
$GBGSV,2,1,08,06,60,045,46,08,36,114,41,09,75,060,47,13,52,104,46,1*7E
$GBGSV,2,2,08,16,52,042,46,20,30,314,46,23,43,069,48,25,03,038,17,1*73
$GBGSV,2,1,06,06,60,045,48,08,36,114,48,09,75,060,49,13,52,104,46,B*0A
$GBGSV,2,2,06,16,52,042,47,23,43,069,09,B*06
$GQGSV,1,1,03,02,06,088,40,04,20,087,38,07,19,104,33,1*5E
$GQGSV,1,1,03,02,06,088,41,04,20,087,43,07,19,104,44,6*54
$GNGLL,2454.22946,N,06708.26848,E,163843.00,A,D*7C
$GNRMC,163844.00,A,2454.22946,N,06708.26848,E,0.003,,060525,,,R,V*09
$GNVTG,,T,,M,0.003,N,0.005,K,D*3E
$GNGGA,163844.00,2454.22946,N,06708.26848,E,4,12,0.61,21.8,M,-44.2,M,1.0,0301*73
$GNGSA,A,3,01,02,03,10,26,28,31,32,04,,,,1.40,0.61,1.26,1*0E
$GNGSA,A,3,81,67,83,78,66,82,77,76,,,,,1.40,0.61,1.26,2*02
$GNGSA,A,3,36,09,05,06,34,31,24,,,,,,1.40,0.61,1.26,3*08
$GNGSA,A,3,06,09,08,13,16,20,23,,,,,,1.40,0.61,1.26,4*02
$GNGSA,A,3,04,,,,,,,,,,,,1.40,0.61,1.26,5*06
$GPGSV,4,1,14,01,46,294,46,02,52,249,46,03,27,324,42,04,15,272,31,1*62
$GPGSV,4,2,14,10,26,113,42,16,,,30,25,06,051,37,26,28,147,42,1*58
$GPGSV,4,3,14,28,54,041,46,31,83,079,49,32,25,051,42,40,59,208,48,1*6A
$GPGSV,4,4,14,41,56,146,46,42,19,104,44,1*6D
$GPGSV,3,1,09,01,46,294,46,03,27,324,43,04,15,272,35,10,26,113,41,6*60
$GPGSV,3,2,09,25,06,051,40,26,28,147,43,28,54,041,46,31,83,079,48,6*66
$GPGSV,3,3,09,32,25,051,42,6*5E
$GPGSV,1,1,01,08,01,222,,0*5F
$GLGSV,3,1,10,65,02,084,22,66,30,044,48,67,34,337,49,68,07,295,35,1*74
$GLGSV,3,2,10,76,32,052,48,77,49,115,44,78,16,176,45,81,29,216,48,1*79
$GLGSV,3,3,10,82,38,275,49,83,19,318,31,1*7E
$GLGSV,2,1,08,66,30,044,46,67,34,337,48,68,07,295,37,76,32,052,47,3*7A
$GLGSV,2,2,08,78,16,176,45,81,29,216,46,82,38,275,49,83,19,318,37,3*7F
$GAGSV,2,1,07,05,50,306,52,06,25,050,46,09,42,030,51,24,21,138,47,2*72
$GAGSV,2,2,07,31,19,085,49,34,39,308,50,36,63,221,52,2*4E
$GAGSV,2,1,07,05,50,306,46,06,25,050,40,09,42,030,46,24,21,138,41,7*74
$GAGSV,2,2,07,31,19,085,39,34,39,308,44,36,63,221,48,7*42
$GAGSV,1,1,01,25,02,183,,0*4A
$GBGSV,2,1,08,06,60,045,46,08,36,114,41,09,75,060,47,13,52,104,46,1*7E
$GBGSV,2,2,08,16,52,042,46,20,30,314,46,23,43,069,48,25,03,038,17,1*73
$GBGSV,2,1,06,06,60,045,48,08,36,114,48,09,75,060,49,13,52,104,46,B*0A
$GBGSV,2,2,06,16,52,042,47,23,43,069,08,B*07
$GQGSV,1,1,03,02,06,088,40,04,20,087,38,07,19,104,33,1*5E
$GQGSV,1,1,03,02,06,088,41,04,20,087,43,07,19,104,44,6*54
$GNGLL,2454.22946,N,06708.26848,E,163844.00,A,D*7B
$GNRMC,163845.00,A,2454.22946,N,06708.26848,E,0.004,,060525,,,R,V*0F
$GNVTG,,T,,M,0.004,N,0.007,K,D*3B
$GNGGA,163845.00,2454.22946,N,06708.26848,E,4,12,0.61,21.8,M,-44.2,M,1.0,0301*72
$GNGSA,A,3,01,02,03,10,26,28,31,32,04,,,,1.40,0.61,1.26,1*0E
$GNGSA,A,3,81,67,83,78,66,82,77,76,,,,,1.40,0.61,1.26,2*02
$GNGSA,A,3,36,09,05,06,34,31,24,,,,,,1.40,0.61,1.26,3*08
$GNGSA,A,3,06,09,08,13,16,20,23,,,,,,1.40,0.61,1.26,4*02
$GNGSA,A,3,04,,,,,,,,,,,,1.40,0.61,1.26,5*06
$GPGSV,4,1,14,01,46,294,46,02,52,249,46,03,27,324,42,04,15,272,32,1*61
$GPGSV,4,2,14,10,26,113,42,16,,,29,25,06,051,37,26,28,147,43,1*51
$GPGSV,4,3,14,28,54,041,46,31,83,079,49,32,25,051,42,40,59,208,48,1*6A
$GPGSV,4,4,14,41,56,146,46,42,19,104,44,1*6D
$GPGSV,3,1,09,01,46,294,46,03,27,324,43,04,15,272,35,10,26,113,41,6*60
$GPGSV,3,2,09,25,06,051,40,26,28,147,43,28,54,041,46,31,83,079,48,6*66
$GPGSV,3,3,09,32,25,051,42,6*5E
$GPGSV,1,1,01,08,01,222,,0*5F
$GLGSV,3,1,10,65,02,084,22,66,30,044,48,67,34,337,48,68,07,295,35,1*75
$GLGSV,3,2,10,76,32,052,48,77,49,115,44,78,16,176,45,81,29,216,48,1*79
$GLGSV,3,3,10,82,38,275,49,83,19,318,31,1*7E
$GLGSV,2,1,08,66,30,044,46,67,34,337,48,68,07,295,37,76,32,052,47,3*7A
$GLGSV,2,2,08,78,16,176,45,81,29,216,46,82,38,275,49,83,19,318,37,3*7F
$GAGSV,2,1,07,05,50,306,52,06,25,050,46,09,42,030,51,24,21,138,47,2*72
$GAGSV,2,2,07,31,19,085,49,34,39,308,50,36,63,221,52,2*4E
$GAGSV,2,1,07,05,50,306,46,06,25,050,41,09,42,030,46,24,21,138,40,7*74
$GAGSV,2,2,07,31,19,085,39,34,39,308,44,36,63,221,48,7*42
$GAGSV,1,1,01,25,02,183,,0*4A
$GBGSV,2,1,08,06,60,045,46,08,36,114,41,09,75,060,47,13,52,104,46,1*7E
$GBGSV,2,2,08,16,52,042,46,20,30,314,46,23,43,069,48,25,03,038,17,1*73
$GBGSV,2,1,06,06,60,045,48,08,36,114,48,09,75,060,49,13,52,104,46,B*0A
$GBGSV,2,2,06,16,52,042,47,23,43,069,08,B*07
$GQGSV,1,1,03,02,06,088,40,04,20,087,37,07,19,104,33,1*51
$GQGSV,1,1,03,02,06,088,41,04,20,087,43,07,19,104,44,6*54
$GNGLL,2454.22946,N,06708.26848,E,163845.00,A,D*7A
$GNRMC,163846.00,A,2454.22946,N,06708.26848,E,0.004,,060525,,,R,V*0C
$GNVTG,,T,,M,0.004,N,0.007,K,D*3B
$GNGGA,163846.00,2454.22946,N,06708.26848,E,4,12,0.61,21.8,M,-44.2,M,1.0,0301*71
$GNGSA,A,3,01,02,03,10,26,28,31,32,04,,,,1.40,0.61,1.26,1*0E
$GNGSA,A,3,81,67,83,78,66,82,77,76,,,,,1.40,0.61,1.26,2*02
$GNGSA,A,3,36,09,05,06,34,31,24,,,,,,1.40,0.61,1.26,3*08
$GNGSA,A,3,06,09,08,13,16,20,23,,,,,,1.40,0.61,1.26,4*02
$GNGSA,A,3,04,,,,,,,,,,,,1.40,0.61,1.26,5*06
$GPGSV,4,1,14,01,46,294,46,02,52,249,46,03,27,324,41,04,15,272,31,1*61
$GPGSV,4,2,14,10,26,113,42,16,,,30,25,06,051,37,26,28,147,43,1*59
$GPGSV,4,3,14,28,54,041,46,31,83,079,49,32,25,051,42,40,59,208,48,1*6A
$GPGSV,4,4,14,41,56,146,46,42,19,104,44,1*6D
$GPGSV,3,1,09,01,46,294,45,03,27,324,42,04,15,272,35,10,26,113,41,6*62
$GPGSV,3,2,09,25,06,051,40,26,28,147,42,28,54,041,45,31,83,079,48,6*64
$GPGSV,3,3,09,32,25,051,42,6*5E
$GPGSV,1,1,01,08,01,222,,0*5F
$GLGSV,3,1,10,65,02,084,23,66,30,044,48,67,34,337,48,68,07,295,35,1*74
$GLGSV,3,2,10,76,32,052,48,77,49,115,44,78,16,176,45,81,29,216,48,1*79
$GLGSV,3,3,10,82,38,275,49,83,19,318,31,1*7E
$GLGSV,2,1,08,66,30,044,46,67,34,337,47,68,07,295,36,76,32,052,46,3*75
$GLGSV,2,2,08,78,16,176,44,81,29,216,45,82,38,275,48,83,19,318,37,3*7C
$GAGSV,2,1,07,05,50,306,51,06,25,050,46,09,42,030,50,24,21,138,47,2*70
$GAGSV,2,2,07,31,19,085,48,34,39,308,49,36,63,221,51,2*44
$GAGSV,2,1,07,05,50,306,46,06,25,050,41,09,42,030,46,24,21,138,40,7*74
$GAGSV,2,2,07,31,19,085,39,34,39,308,44,36,63,221,48,7*42
$GAGSV,1,1,01,25,03,183,,0*4B
$GBGSV,2,1,08,06,60,045,46,08,36,114,41,09,75,060,47,13,52,104,46,1*7E
$GBGSV,2,2,08,16,52,042,46,20,30,314,46,23,43,069,48,25,03,038,17,1*73
$GBGSV,2,1,06,06,60,045,47,08,36,114,47,09,75,060,49,13,52,104,45,B*09
$GBGSV,2,2,06,16,52,042,46,23,43,069,08,B*06
$GQGSV,1,1,03,02,06,088,40,04,20,087,37,07,19,104,34,1*56
$GQGSV,1,1,03,02,06,088,41,04,20,087,43,07,19,104,44,6*54
$GNGLL,2454.22946,N,06708.26848,E,163846.00,A,D*79
$GNRMC,163847.00,A,2454.22946,N,06708.26848,E,0.007,,060525,,,R,V*0E
$GNVTG,,T,,M,0.007,N,0.013,K,D*3D
$GNGGA,163847.00,2454.22946,N,06708.26848,E,4,12,0.61,21.8,M,-44.2,M,1.0,0301*70
$GNGSA,A,3,01,02,03,10,26,28,31,32,04,,,,1.40,0.61,1.26,1*0E
$GNGSA,A,3,81,67,83,78,66,82,77,76,,,,,1.40,0.61,1.26,2*02
$GNGSA,A,3,36,09,05,06,34,31,24,,,,,,1.40,0.61,1.26,3*08
$GNGSA,A,3,06,09,08,13,16,20,23,,,,,,1.40,0.61,1.26,4*02
$GNGSA,A,3,04,,,,,,,,,,,,1.40,0.61,1.26,5*06
$GPGSV,4,1,14,01,46,294,47,02,52,249,46,03,27,324,41,04,15,272,31,1*60
$GPGSV,4,2,14,10,26,113,43,16,,,30,25,06,051,37,26,28,147,43,1*58
$GPGSV,4,3,14,28,54,041,46,31,83,079,49,32,25,051,42,40,59,208,48,1*6A
$GPGSV,4,4,14,41,56,146,46,42,19,104,44,1*6D
$GPGSV,3,1,09,01,46,294,46,03,27,324,43,04,15,272,35,10,26,113,41,6*60
$GPGSV,3,2,09,25,06,051,40,26,28,147,43,28,54,041,46,31,83,079,48,6*66
$GPGSV,3,3,09,32,25,051,43,6*5F
$GPGSV,1,1,01,08,01,222,,0*5F
$GLGSV,3,1,10,65,02,084,24,66,30,044,48,67,34,337,48,68,07,295,35,1*73
$GLGSV,3,2,10,76,32,052,48,77,49,115,44,78,16,176,45,81,29,216,48,1*79
$GLGSV,3,3,10,82,38,275,49,83,19,318,31,1*7E
$GLGSV,2,1,08,66,30,044,46,67,34,337,48,68,07,295,36,76,32,052,46,3*7A
$GLGSV,2,2,08,78,16,176,45,81,29,216,46,82,38,275,49,83,19,318,37,3*7F
$GAGSV,2,1,07,05,50,306,52,06,25,050,46,09,42,030,51,24,21,138,47,2*72
$GAGSV,2,2,07,31,19,085,49,34,39,308,50,36,63,221,52,2*4E
$GAGSV,2,1,07,05,50,306,46,06,25,050,41,09,42,030,46,24,21,138,40,7*74
$GAGSV,2,2,07,31,19,085,39,34,39,308,44,36,63,221,48,7*42
$GAGSV,1,1,01,25,03,183,,0*4B
$GBGSV,2,1,08,06,60,045,46,08,36,114,41,09,75,060,47,13,52,104,46,1*7E
$GBGSV,2,2,08,16,52,042,46,20,30,314,46,23,43,069,48,25,03,038,17,1*73
$GBGSV,2,1,06,06,60,045,48,08,36,114,48,09,75,060,49,13,52,104,46,B*0A
$GBGSV,2,2,06,16,52,042,47,23,43,069,07,B*08
$GQGSV,1,1,03,02,06,088,40,04,20,087,38,07,19,104,34,1*59
$GQGSV,1,1,03,02,06,088,41,04,20,087,43,07,19,104,44,6*54
$GNGLL,2454.22946,N,06708.26848,E,163847.00,A,D*78
$GNRMC,163848.00,A,2454.22946,N,06708.26848,E,0.010,,060525,,,R,V*07
$GNVTG,,T,,M,0.010,N,0.018,K,D*30
$GNGGA,163848.00,2454.22946,N,06708.26848,E,4,12,0.61,21.8,M,-44.2,M,1.0,0301*7F
$GNGSA,A,3,01,02,03,10,26,28,31,32,04,,,,1.40,0.61,1.26,1*0E
$GNGSA,A,3,81,67,83,78,66,82,77,76,,,,,1.40,0.61,1.26,2*02
$GNGSA,A,3,36,09,05,06,34,31,24,,,,,,1.40,0.61,1.26,3*08
$GNGSA,A,3,06,09,08,13,16,20,23,,,,,,1.40,0.61,1.26,4*02
$GNGSA,A,3,04,,,,,,,,,,,,1.40,0.61,1.26,5*06
$GPGSV,4,1,14,01,46,294,47,02,52,249,46,03,27,324,41,04,15,272,31,1*60
$GPGSV,4,2,14,10,26,113,43,16,,,30,25,06,051,36,26,28,147,43,1*59
$GPGSV,4,3,14,28,54,041,46,31,83,079,49,32,25,051,42,40,59,208,48,1*6A
$GPGSV,4,4,14,41,56,146,46,42,19,104,44,1*6D
$GPGSV,3,1,09,01,46,294,46,03,27,324,43,04,15,272,35,10,26,113,41,6*60
$GPGSV,3,2,09,25,06,051,40,26,28,147,43,28,54,041,46,31,83,079,48,6*66
$GPGSV,3,3,09,32,25,051,42,6*5E
$GPGSV,1,1,01,08,01,222,,0*5F
$GLGSV,3,1,10,65,02,084,25,66,30,044,48,67,34,337,48,68,07,295,35,1*72
$GLGSV,3,2,10,76,32,052,48,77,49,115,44,78,16,176,45,81,29,216,48,1*79
$GLGSV,3,3,10,82,38,275,49,83,19,318,31,1*7E
$GLGSV,2,1,08,66,30,044,46,67,34,337,48,68,07,295,36,76,32,052,46,3*7A
$GLGSV,2,2,08,78,16,176,45,81,29,216,46,82,38,275,49,83,19,318,37,3*7F
$GAGSV,2,1,07,05,50,306,52,06,25,050,46,09,42,030,51,24,21,138,47,2*72
$GAGSV,2,2,07,31,19,085,49,34,39,308,50,36,63,221,52,2*4E
$GAGSV,2,1,07,05,50,306,46,06,25,050,41,09,42,030,46,24,21,138,41,7*75
$GAGSV,2,2,07,31,19,085,39,34,39,308,44,36,63,221,48,7*42
$GAGSV,1,1,01,25,03,183,,0*4B
$GBGSV,2,1,08,06,60,045,46,08,36,114,41,09,75,060,47,13,52,104,46,1*7E
$GBGSV,2,2,08,16,52,042,46,20,30,314,47,23,43,069,48,25,03,038,17,1*72
$GBGSV,2,1,06,06,60,045,48,08,36,114,48,09,75,060,49,13,52,104,46,B*0A
$GBGSV,2,2,06,16,52,042,47,23,43,069,08,B*07
$GQGSV,1,1,03,02,06,088,40,04,20,087,38,07,19,104,33,1*5E
$GQGSV,1,1,03,02,06,088,41,04,20,087,43,07,19,104,44,6*54
$GNGLL,2454.22946,N,06708.26848,E,163848.00,A,D*77
$GNRMC,163849.00,A,2454.22946,N,06708.26848,E,0.007,,060525,,,R,V*00
$GNVTG,,T,,M,0.007,N,0.014,K,D*3A
$GNGGA,163849.00,2454.22946,N,06708.26848,E,4,12,0.61,21.8,M,-44.2,M,1.0,0301*7E
$GNGSA,A,3,01,02,03,10,26,28,31,32,04,,,,1.40,0.61,1.26,1*0E
$GNGSA,A,3,81,67,83,78,66,82,77,76,,,,,1.40,0.61,1.26,2*02
$GNGSA,A,3,36,09,05,06,34,31,24,,,,,,1.40,0.61,1.26,3*08
$GNGSA,A,3,06,09,08,13,16,20,23,,,,,,1.40,0.61,1.26,4*02
$GNGSA,A,3,04,,,,,,,,,,,,1.40,0.61,1.26,5*06
$GPGSV,4,1,14,01,46,294,47,02,52,249,46,03,27,324,41,04,15,272,31,1*60
$GPGSV,4,2,14,10,26,113,43,16,,,30,25,06,051,37,26,28,147,43,1*58
$GPGSV,4,3,14,28,54,041,46,31,83,079,49,32,25,051,42,40,59,208,48,1*6A
$GPGSV,4,4,14,41,56,146,46,42,19,104,44,1*6D
$GPGSV,3,1,09,01,46,294,46,03,27,324,43,04,15,272,35,10,26,113,41,6*60
$GPGSV,3,2,09,25,06,051,40,26,28,147,43,28,54,041,46,31,83,079,48,6*66
$GPGSV,3,3,09,32,25,051,43,6*5F
$GPGSV,1,1,01,08,01,222,,0*5F
$GLGSV,3,1,10,65,02,084,25,66,30,044,48,67,34,337,48,68,07,295,36,1*71
$GLGSV,3,2,10,76,31,052,48,77,49,115,44,78,16,176,45,81,29,216,47,1*75
$GLGSV,3,3,10,82,38,275,49,83,19,318,31,1*7E
$GLGSV,2,1,08,66,30,044,46,67,34,337,48,68,07,295,36,76,31,052,46,3*79
$GLGSV,2,2,08,78,16,176,45,81,29,216,46,82,38,275,49,83,19,318,37,3*7F
$GAGSV,2,1,07,05,50,306,52,06,25,050,46,09,42,030,51,24,21,138,48,2*7D
$GAGSV,2,2,07,31,19,084,49,34,39,308,50,36,63,221,52,2*4F
$GAGSV,2,1,07,05,50,306,46,06,25,050,41,09,42,030,46,24,21,138,41,7*75
$GAGSV,2,2,07,31,19,084,39,34,39,308,44,36,63,221,48,7*43
$GAGSV,1,1,01,25,03,183,,0*4B
$GBGSV,2,1,08,06,60,045,46,08,36,114,41,09,75,060,47,13,52,104,46,1*7E
$GBGSV,2,2,08,16,52,042,46,20,30,314,46,23,43,069,48,25,03,038,18,1*7C
$GBGSV,2,1,06,06,60,045,48,08,36,114,48,09,75,060,49,13,52,104,46,B*0A
$GBGSV,2,2,06,16,52,042,47,23,43,069,07,B*08
$GQGSV,1,1,03,02,06,088,40,04,20,087,38,07,19,104,34,1*59
$GQGSV,1,1,03,02,06,088,41,04,20,087,43,07,19,104,45,6*55
$GNGLL,2454.22946,N,06708.26848,E,163849.00,A,D*76
$GNRMC,163850.00,A,2454.22946,N,06708.26848,E,0.006,,060525,,,R,V*09
$GNVTG,,T,,M,0.006,N,0.012,K,D*3D
$GNGGA,163850.00,2454.22946,N,06708.26848,E,4,12,0.61,21.8,M,-44.2,M,2.0,0301*75
$GNGSA,A,3,01,02,03,10,26,28,31,32,04,,,,1.40,0.61,1.26,1*0E
$GNGSA,A,3,81,67,83,78,66,82,77,76,,,,,1.40,0.61,1.26,2*02
$GNGSA,A,3,36,09,05,06,34,31,24,,,,,,1.40,0.61,1.26,3*08
$GNGSA,A,3,06,09,08,13,16,20,23,,,,,,1.40,0.61,1.26,4*02
$GNGSA,A,3,04,,,,,,,,,,,,1.40,0.61,1.26,5*06
$GPGSV,4,1,14,01,46,294,47,02,52,249,46,03,27,324,42,04,15,272,31,1*63
$GPGSV,4,2,14,10,26,113,43,16,,,30,25,06,051,36,26,28,147,43,1*59
$GPGSV,4,3,14,28,54,041,46,31,83,079,49,32,25,051,42,40,59,208,48,1*6A
$GPGSV,4,4,14,41,56,146,46,42,19,104,44,1*6D
$GPGSV,3,1,09,01,46,294,46,03,27,324,43,04,15,272,35,10,26,113,41,6*60
$GPGSV,3,2,09,25,06,051,40,26,28,147,43,28,54,041,46,31,83,079,48,6*66
$GPGSV,3,3,09,32,25,051,43,6*5F
$GPGSV,1,1,01,08,01,222,,0*5F
$GLGSV,3,1,10,65,02,084,25,66,30,044,48,67,34,337,48,68,07,295,36,1*71
$GLGSV,3,2,10,76,31,052,48,77,49,115,44,78,16,176,45,81,29,216,47,1*75
$GLGSV,3,3,10,82,38,275,49,83,19,318,31,1*7E
$GLGSV,2,1,08,66,30,044,46,67,34,337,48,68,07,295,36,76,31,052,46,3*79
$GLGSV,2,2,08,78,16,176,45,81,29,216,46,82,38,275,48,83,19,318,37,3*7E
$GAGSV,2,1,07,05,50,306,52,06,25,050,46,09,42,030,51,24,21,138,48,2*7D
$GAGSV,2,2,07,31,19,084,49,34,39,308,50,36,63,221,52,2*4F
$GAGSV,2,1,07,05,50,306,46,06,25,050,41,09,42,030,46,24,21,138,41,7*75
$GAGSV,2,2,07,31,19,084,39,34,39,308,44,36,63,221,48,7*43
$GAGSV,1,1,01,25,03,183,,0*4B
$GBGSV,2,1,08,06,60,045,46,08,36,114,41,09,75,060,47,13,52,104,46,1*7E
$GBGSV,2,2,08,16,52,042,46,20,30,314,46,23,43,069,48,25,03,038,18,1*7C
$GBGSV,2,1,06,06,60,045,48,08,36,114,48,09,75,060,49,13,52,104,46,B*0A
$GBGSV,2,2,06,16,52,042,47,23,43,069,07,B*08
$GQGSV,1,1,03,02,06,088,40,04,20,087,37,07,19,104,33,1*51
$GQGSV,1,1,03,02,06,088,41,04,20,087,43,07,19,104,45,6*55
$GNGLL,2454.22946,N,06708.26848,E,163850.00,A,D*7E
$GNRMC,163851.00,A,2454.22946,N,06708.26848,E,0.006,,060525,,,R,V*08
$GNVTG,,T,,M,0.006,N,0.011,K,D*3E
$GNGGA,163851.00,2454.22946,N,06708.26848,E,4,12,0.61,21.8,M,-44.2,M,1.0,0301*77
$GNGSA,A,3,01,02,03,10,26,28,31,32,04,,,,1.40,0.61,1.26,1*0E
$GNGSA,A,3,81,67,83,78,66,82,77,76,,,,,1.40,0.61,1.26,2*02
$GNGSA,A,3,36,09,05,06,34,31,24,,,,,,1.40,0.61,1.26,3*08
$GNGSA,A,3,06,09,08,13,16,20,23,,,,,,1.40,0.61,1.26,4*02
$GNGSA,A,3,04,,,,,,,,,,,,1.40,0.61,1.26,5*06
$GPGSV,4,1,14,01,46,294,47,02,52,249,46,03,27,324,41,04,15,272,32,1*63
$GPGSV,4,2,14,10,26,113,43,16,,,30,25,06,051,36,26,28,147,43,1*59
$GPGSV,4,3,14,28,54,041,46,31,83,079,49,32,25,051,42,40,59,208,48,1*6A
$GPGSV,4,4,14,41,56,146,46,42,19,104,44,1*6D
$GPGSV,3,1,09,01,46,294,46,03,27,324,43,04,15,272,35,10,26,113,41,6*60
$GPGSV,3,2,09,25,06,051,40,26,28,147,43,28,54,041,46,31,83,079,48,6*66
$GPGSV,3,3,09,32,25,051,43,6*5F
$GPGSV,1,1,01,08,01,222,,0*5F
$GLGSV,3,1,10,65,02,084,26,66,30,044,48,67,34,337,48,68,07,295,37,1*73
$GLGSV,3,2,10,76,31,052,48,77,49,115,44,78,16,176,45,81,29,216,47,1*75
$GLGSV,3,3,10,82,38,275,49,83,19,318,31,1*7E
$GLGSV,2,1,08,66,30,044,46,67,34,337,48,68,07,295,36,76,31,052,46,3*79
$GLGSV,2,2,08,78,16,176,45,81,29,216,46,82,38,275,48,83,19,318,38,3*71
$GAGSV,2,1,07,05,50,306,52,06,25,050,46,09,42,030,51,24,21,138,48,2*7D
$GAGSV,2,2,07,31,19,084,49,34,39,308,50,36,63,220,52,2*4E
$GAGSV,2,1,07,05,50,306,46,06,25,050,40,09,42,030,46,24,21,138,40,7*75
$GAGSV,2,2,07,31,19,084,39,34,39,308,44,36,63,220,47,7*4D
$GAGSV,1,1,01,25,03,183,,0*4B
$GBGSV,2,1,08,06,60,045,46,08,36,114,41,09,75,060,47,13,52,104,46,1*7E
$GBGSV,2,2,08,16,52,042,46,20,30,314,47,23,43,069,48,25,03,038,18,1*7D
$GBGSV,2,1,06,06,60,045,48,08,36,114,48,09,75,060,49,13,52,104,46,B*0A
$GBGSV,2,2,06,16,52,042,47,23,43,069,07,B*08
$GQGSV,1,1,03,02,06,088,40,04,20,087,37,07,19,104,33,1*51
$GQGSV,1,1,03,02,06,088,41,04,20,087,43,07,19,104,45,6*55
$GNGLL,2454.22946,N,06708.26848,E,163851.00,A,D*7F
$GNRMC,163852.00,A,2454.22946,N,06708.26848,E,0.002,,060525,,,R,V*0F
$GNVTG,,T,,M,0.002,N,0.005,K,D*3F
$GNGGA,163852.00,2454.22946,N,06708.26848,E,4,12,0.61,21.8,M,-44.2,M,1.0,0301*74
$GNGSA,A,3,01,02,03,10,26,28,31,32,04,,,,1.40,0.61,1.26,1*0E
$GNGSA,A,3,81,67,83,78,66,82,77,76,,,,,1.40,0.61,1.26,2*02
$GNGSA,A,3,36,09,05,06,34,31,24,,,,,,1.40,0.61,1.26,3*08
$GNGSA,A,3,06,09,08,13,16,20,23,,,,,,1.40,0.61,1.26,4*02
$GNGSA,A,3,04,,,,,,,,,,,,1.40,0.61,1.26,5*06
$GPGSV,4,1,14,01,46,294,47,02,52,249,46,03,27,324,41,04,15,272,32,1*63
$GPGSV,4,2,14,10,26,113,43,16,,,30,25,06,051,36,26,28,147,43,1*59
$GPGSV,4,3,14,28,54,041,46,31,83,079,49,32,25,051,42,40,59,208,48,1*6A
$GPGSV,4,4,14,41,56,146,46,42,19,104,44,1*6D
$GPGSV,3,1,09,01,46,294,46,03,27,324,43,04,15,272,35,10,26,113,41,6*60
$GPGSV,3,2,09,25,06,051,40,26,28,147,43,28,54,041,46,31,83,079,48,6*66
$GPGSV,3,3,09,32,25,051,43,6*5F
$GPGSV,1,1,01,08,01,222,,0*5F
$GLGSV,3,1,10,65,02,084,25,66,30,044,48,67,34,337,48,68,07,295,37,1*70
$GLGSV,3,2,10,76,31,052,48,77,49,115,44,78,16,176,45,81,29,216,47,1*75
$GLGSV,3,3,10,82,38,275,49,83,19,318,31,1*7E
$GLGSV,2,1,08,66,30,044,46,67,34,337,48,68,07,295,36,76,31,052,46,3*79
$GLGSV,2,2,08,78,16,176,45,81,29,216,46,82,38,275,48,83,19,318,38,3*71
$GAGSV,2,1,07,05,50,306,52,06,25,050,46,09,42,030,51,24,21,138,48,2*7D
$GAGSV,2,2,07,31,19,084,49,34,39,308,50,36,63,220,52,2*4E
$GAGSV,2,1,07,05,50,306,46,06,25,050,41,09,42,030,46,24,21,138,40,7*74
$GAGSV,2,2,07,31,19,084,39,34,39,308,44,36,63,220,48,7*42
$GAGSV,1,1,01,25,03,183,,0*4B
$GBGSV,2,1,08,06,60,045,46,08,36,114,41,09,75,060,47,13,52,104,46,1*7E
$GBGSV,2,2,08,16,52,042,46,20,30,314,47,23,43,069,48,25,03,038,17,1*72
$GBGSV,2,1,05,06,60,045,48,08,36,114,48,09,75,060,49,13,52,104,46,B*09
$GBGSV,2,2,05,16,52,042,47,B*35
$GQGSV,1,1,03,02,06,088,40,04,20,087,37,07,19,104,34,1*56
$GQGSV,1,1,03,02,06,088,41,04,20,087,43,07,19,104,45,6*55
$GNGLL,2454.22946,N,06708.26848,E,163852.00,A,D*7C
$GNRMC,163853.00,A,2454.22946,N,06708.26848,E,0.009,,060525,,,R,V*05
$GNVTG,,T,,M,0.009,N,0.016,K,D*36
$GNGGA,163853.00,2454.22946,N,06708.26848,E,4,12,0.61,21.8,M,-44.2,M,1.0,0301*75
$GNGSA,A,3,01,02,03,10,26,28,31,32,04,,,,1.40,0.61,1.26,1*0E
$GNGSA,A,3,81,67,83,78,66,82,77,76,,,,,1.40,0.61,1.26,2*02
$GNGSA,A,3,36,09,05,06,34,31,24,,,,,,1.40,0.61,1.26,3*08
$GNGSA,A,3,06,09,08,13,16,20,23,,,,,,1.40,0.61,1.26,4*02
$GNGSA,A,3,04,,,,,,,,,,,,1.40,0.61,1.26,5*06
$GPGSV,4,1,14,01,46,294,47,02,52,249,46,03,27,324,41,04,15,272,31,1*60
$GPGSV,4,2,14,10,26,113,43,16,,,30,25,06,051,36,26,28,147,43,1*59
$GPGSV,4,3,14,28,54,041,46,31,83,079,49,32,25,051,42,40,59,208,48,1*6A
$GPGSV,4,4,14,41,56,146,46,42,19,104,44,1*6D
$GPGSV,3,1,09,01,46,294,46,03,27,324,43,04,15,272,35,10,26,113,41,6*60
$GPGSV,3,2,09,25,06,051,40,26,28,147,43,28,54,041,46,31,83,079,48,6*66
$GPGSV,3,3,09,32,25,051,43,6*5F
$GPGSV,1,1,01,08,01,222,,0*5F
$GLGSV,3,1,10,65,02,084,25,66,30,044,48,67,34,337,48,68,07,295,37,1*70
$GLGSV,3,2,10,76,31,052,48,77,49,114,44,78,16,176,45,81,29,216,47,1*74
$GLGSV,3,3,10,82,38,275,49,83,19,318,31,1*7E
$GLGSV,2,1,08,66,30,044,47,67,34,337,48,68,07,295,36,76,31,052,46,3*78
$GLGSV,2,2,08,78,16,176,45,81,29,216,46,82,38,275,48,83,19,318,37,3*7E
$GAGSV,2,1,07,05,50,306,52,06,25,050,46,09,42,030,51,24,21,138,47,2*72
$GAGSV,2,2,07,31,19,084,48,34,39,308,50,36,63,220,52,2*4F
$GAGSV,2,1,07,05,50,306,46,06,25,050,40,09,42,030,46,24,21,138,40,7*75
$GAGSV,2,2,07,31,19,084,39,34,39,308,44,36,63,220,48,7*42
$GAGSV,1,1,02,10,01,157,,25,03,183,,0*7B
$GBGSV,2,1,08,06,60,045,46,08,36,114,41,09,75,060,47,13,52,104,46,1*7E
$GBGSV,2,2,08,16,52,042,46,20,30,314,47,23,43,069,48,25,03,038,18,1*7D
$GBGSV,2,1,05,06,60,045,48,08,36,114,48,09,75,060,49,13,52,104,46,B*09
$GBGSV,2,2,05,16,52,042,47,B*35
$GQGSV,1,1,03,02,06,088,40,04,20,087,37,07,19,104,33,1*51
$GQGSV,1,1,03,02,06,088,41,04,20,087,43,07,19,104,45,6*55
$GNGLL,2454.22946,N,06708.26848,E,163853.00,A,D*7D
$GNRMC,163854.00,A,2454.22946,N,06708.26848,E,0.009,,060525,,,R,V*02
$GNVTG,,T,,M,0.009,N,0.017,K,D*37
$GNGGA,163854.00,2454.22946,N,06708.26848,E,4,12,0.61,21.8,M,-44.2,M,1.0,0301*72
$GNGSA,A,3,01,02,03,10,26,28,31,32,04,,,,1.40,0.61,1.26,1*0E
$GNGSA,A,3,81,67,83,78,66,82,77,76,,,,,1.40,0.61,1.26,2*02
$GNGSA,A,3,36,09,05,06,34,31,24,,,,,,1.40,0.61,1.26,3*08
$GNGSA,A,3,06,09,08,13,16,20,23,,,,,,1.40,0.61,1.26,4*02
$GNGSA,A,3,04,,,,,,,,,,,,1.40,0.61,1.26,5*06
$GPGSV,4,1,14,01,46,294,47,02,52,249,46,03,27,324,41,04,15,272,31,1*60
$GPGSV,4,2,14,10,26,113,43,16,,,30,25,06,051,36,26,28,147,43,1*59
$GPGSV,4,3,14,28,54,041,46,31,83,079,49,32,25,051,42,40,59,208,48,1*6A
$GPGSV,4,4,14,41,56,146,46,42,19,104,44,1*6D
$GPGSV,3,1,09,01,46,294,46,03,27,324,43,04,15,272,35,10,26,113,41,6*60
$GPGSV,3,2,09,25,06,051,40,26,28,147,43,28,54,041,46,31,83,079,48,6*66
$GPGSV,3,3,09,32,25,051,43,6*5F
$GPGSV,1,1,01,08,01,222,,0*5F
$GLGSV,3,1,10,65,02,084,25,66,30,044,48,67,34,337,48,68,07,295,38,1*7F
$GLGSV,3,2,10,76,31,052,48,77,49,114,44,78,16,176,44,81,29,216,47,1*75
$GLGSV,3,3,10,82,38,275,49,83,19,318,30,1*7F
$GLGSV,2,1,08,66,30,044,47,67,34,337,48,68,07,295,36,76,31,052,46,3*78
$GLGSV,2,2,08,78,16,176,44,81,29,216,46,82,38,275,48,83,19,318,38,3*70
$GAGSV,2,1,07,05,50,306,52,06,25,050,46,09,42,030,51,24,21,138,47,2*72
$GAGSV,2,2,07,31,19,084,49,34,39,308,50,36,63,220,52,2*4E
$GAGSV,2,1,07,05,50,306,46,06,25,050,41,09,42,030,46,24,21,138,40,7*74
$GAGSV,2,2,07,31,19,084,39,34,39,308,44,36,63,220,48,7*42
$GAGSV,1,1,02,10,01,157,,25,03,183,,0*7B
$GBGSV,2,1,08,06,60,045,46,08,36,114,41,09,75,059,47,13,52,104,46,1*74
$GBGSV,2,2,08,16,52,042,46,20,30,314,47,23,43,069,48,25,03,038,17,1*72
$GBGSV,2,1,05,06,60,045,48,08,36,114,48,09,75,059,49,13,52,104,46,B*03
$GBGSV,2,2,05,16,52,042,47,B*35
$GQGSV,1,1,03,02,06,088,40,04,20,087,37,07,19,104,34,1*56
$GQGSV,1,1,03,02,06,088,41,04,20,087,43,07,19,104,45,6*55
$GNGLL,2454.22946,N,06708.26848,E,163854.00,A,D*7A
$GNRMC,163855.00,A,2454.22946,N,06708.26848,E,0.001,,060525,,,R,V*0B
$GNVTG,,T,,M,0.001,N,0.003,K,D*3A
$GNGGA,163855.00,2454.22946,N,06708.26848,E,4,12,0.61,21.8,M,-44.2,M,1.0,0301*73
$GNGSA,A,3,01,02,03,10,26,28,31,32,04,,,,1.40,0.61,1.26,1*0E
$GNGSA,A,3,81,67,83,78,66,82,77,76,,,,,1.40,0.61,1.26,2*02
$GNGSA,A,3,36,09,05,06,34,31,24,,,,,,1.40,0.61,1.26,3*08
$GNGSA,A,3,06,09,08,13,16,20,23,,,,,,1.40,0.61,1.26,4*02
$GNGSA,A,3,04,,,,,,,,,,,,1.40,0.61,1.26,5*06
$GPGSV,4,1,14,01,46,294,47,02,52,249,46,03,27,324,41,04,15,272,31,1*60
$GPGSV,4,2,14,10,26,113,43,16,,,29,25,06,051,36,26,28,147,43,1*51
$GPGSV,4,3,14,28,54,041,46,31,83,079,49,32,25,051,42,40,59,208,48,1*6A
$GPGSV,4,4,14,41,56,146,46,42,19,104,44,1*6D
$GPGSV,3,1,09,01,46,294,46,03,27,324,43,04,15,272,34,10,26,113,41,6*61
$GPGSV,3,2,09,25,06,051,40,26,28,147,43,28,54,041,46,31,83,079,48,6*66
$GPGSV,3,3,09,32,25,051,43,6*5F
$GPGSV,1,1,01,08,01,222,,0*5F
$GLGSV,3,1,10,65,02,084,24,66,30,044,48,67,34,337,48,68,07,295,38,1*7E
$GLGSV,3,2,10,76,31,052,48,77,49,114,44,78,16,176,44,81,29,216,47,1*75
$GLGSV,3,3,10,82,38,275,49,83,19,318,31,1*7E
$GLGSV,2,1,08,66,30,044,47,67,34,337,48,68,07,295,36,76,31,052,46,3*78
$GLGSV,2,2,08,78,16,176,44,81,29,216,46,82,38,275,48,83,19,318,38,3*70
$GAGSV,2,1,07,05,50,306,52,06,25,050,46,09,42,030,51,24,21,138,47,2*72
$GAGSV,2,2,07,31,19,084,49,34,39,308,50,36,63,220,52,2*4E
$GAGSV,2,1,07,05,50,306,46,06,25,050,40,09,42,030,46,24,21,138,40,7*75
$GAGSV,2,2,07,31,19,084,39,34,39,308,44,36,63,220,48,7*42
$GAGSV,1,1,02,10,01,157,,25,03,183,,0*7B
$GBGSV,2,1,08,06,60,045,46,08,36,114,41,09,75,059,47,13,52,105,46,1*75
$GBGSV,2,2,08,16,52,042,46,20,30,314,47,23,43,069,48,25,03,038,16,1*73
$GBGSV,2,1,05,06,60,045,48,08,36,114,48,09,75,059,49,13,52,105,46,B*02
$GBGSV,2,2,05,16,52,042,47,B*35
$GQGSV,1,1,03,02,06,088,40,04,20,087,37,07,19,104,33,1*51
$GQGSV,1,1,03,02,06,088,41,04,20,087,43,07,19,104,45,6*55
$GNGLL,2454.22946,N,06708.26848,E,163855.00,A,D*7B
$GNRMC,163856.00,A,2454.22946,N,06708.26848,E,0.002,,060525,,,R,V*0B
$GNVTG,,T,,M,0.002,N,0.004,K,D*3E
$GNGGA,163856.00,2454.22946,N,06708.26848,E,4,12,0.61,21.8,M,-44.2,M,1.0,0301*70
$GNGSA,A,3,01,02,03,10,26,28,31,32,04,,,,1.40,0.61,1.26,1*0E
$GNGSA,A,3,81,67,83,78,66,82,77,76,,,,,1.40,0.61,1.26,2*02
$GNGSA,A,3,36,09,05,06,34,31,24,,,,,,1.40,0.61,1.26,3*08
$GNGSA,A,3,06,09,08,13,16,20,23,,,,,,1.40,0.61,1.26,4*02
$GNGSA,A,3,04,,,,,,,,,,,,1.40,0.61,1.26,5*06
$GPGSV,4,1,14,01,46,294,47,02,52,249,46,03,27,324,41,04,15,272,31,1*60
$GPGSV,4,2,14,10,26,113,43,16,,,30,25,06,051,36,26,28,147,43,1*59
$GPGSV,4,3,14,28,54,041,46,31,83,079,49,32,25,051,42,40,59,208,48,1*6A
$GPGSV,4,4,14,41,56,146,46,42,19,104,44,1*6D
$GPGSV,3,1,09,01,46,294,46,03,27,324,43,04,15,272,34,10,26,113,41,6*61
$GPGSV,3,2,09,25,06,051,40,26,28,147,43,28,54,041,46,31,83,079,48,6*66
$GPGSV,3,3,09,32,25,051,43,6*5F
$GPGSV,1,1,01,08,01,222,,0*5F
$GLGSV,3,1,10,65,02,084,23,66,30,044,48,67,34,337,48,68,07,295,38,1*79
$GLGSV,3,2,10,76,31,052,48,77,49,114,44,78,16,176,44,81,29,216,47,1*75
$GLGSV,3,3,10,82,38,275,50,83,19,318,31,1*76
$GLGSV,2,1,08,66,30,044,47,67,34,337,48,68,07,295,36,76,31,052,47,3*79
$GLGSV,2,2,08,78,16,176,45,81,29,216,46,82,38,275,48,83,19,318,38,3*71
$GAGSV,2,1,07,05,50,306,52,06,25,050,46,09,42,030,51,24,21,138,48,2*7D
$GAGSV,2,2,07,31,19,084,49,34,39,308,50,36,63,220,52,2*4E
$GAGSV,2,1,07,05,50,306,46,06,25,050,40,09,42,030,46,24,21,138,40,7*75
$GAGSV,2,2,07,31,19,084,39,34,39,308,44,36,63,220,48,7*42
$GAGSV,1,1,02,10,01,157,,25,03,183,,0*7B
$GBGSV,2,1,08,06,60,045,46,08,36,114,41,09,75,059,47,13,52,105,46,1*75
$GBGSV,2,2,08,16,52,042,46,20,30,314,47,23,43,069,48,25,03,038,16,1*73
$GBGSV,2,1,05,06,60,045,48,08,36,114,48,09,75,059,49,13,52,105,46,B*02
$GBGSV,2,2,05,16,52,042,47,B*35
$GQGSV,1,1,03,02,06,088,40,04,20,087,37,07,19,104,33,1*51
$GQGSV,1,1,03,02,06,088,41,04,20,087,43,07,19,104,45,6*55
$GNGLL,2454.22946,N,06708.26848,E,163856.00,A,D*78
$GNRMC,163857.00,A,2454.22946,N,06708.26848,E,0.006,,060525,,,R,V*0E
$GNVTG,,T,,M,0.006,N,0.011,K,D*3E
$GNGGA,163857.00,2454.22946,N,06708.26848,E,4,12,0.61,21.8,M,-44.2,M,1.0,0301*71
$GNGSA,A,3,01,02,03,10,26,28,31,32,04,,,,1.40,0.61,1.26,1*0E
$GNGSA,A,3,81,67,83,78,66,82,77,76,,,,,1.40,0.61,1.26,2*02
$GNGSA,A,3,36,09,05,06,34,31,24,,,,,,1.40,0.61,1.26,3*08
$GNGSA,A,3,06,09,08,13,16,20,23,,,,,,1.40,0.61,1.26,4*02
$GNGSA,A,3,04,,,,,,,,,,,,1.40,0.61,1.26,5*06
$GPGSV,4,1,14,01,46,294,47,02,52,249,46,03,27,324,41,04,15,272,31,1*60
$GPGSV,4,2,14,10,26,113,43,16,,,30,25,06,051,36,26,28,147,43,1*59
$GPGSV,4,3,14,28,54,041,46,31,83,079,49,32,25,051,42,40,59,208,48,1*6A
$GPGSV,4,4,14,41,56,146,46,42,19,104,44,1*6D
$GPGSV,3,1,09,01,46,294,46,03,27,324,43,04,15,272,34,10,26,113,41,6*61
$GPGSV,3,2,09,25,06,051,40,26,28,147,43,28,54,041,46,31,83,079,48,6*66
$GPGSV,3,3,09,32,25,051,43,6*5F
$GPGSV,1,1,01,08,01,222,,0*5F
$GLGSV,3,1,10,65,02,084,21,66,30,044,48,67,34,337,49,68,07,295,38,1*7A
$GLGSV,3,2,10,76,31,052,48,77,49,114,44,78,17,176,44,81,29,216,47,1*74
$GLGSV,3,3,10,82,38,275,50,83,19,318,30,1*77
$GLGSV,2,1,08,66,30,044,47,67,34,337,48,68,07,295,35,76,31,052,47,3*7A
$GLGSV,2,2,08,78,17,176,45,81,29,216,46,82,38,275,48,83,19,318,38,3*70
$GAGSV,2,1,07,05,50,306,52,06,25,050,46,09,42,030,51,24,21,138,48,2*7D
$GAGSV,2,2,07,31,19,084,49,34,39,308,50,36,63,220,52,2*4E
$GAGSV,2,1,07,05,50,306,46,06,25,050,40,09,42,030,46,24,21,138,40,7*75
$GAGSV,2,2,07,31,19,084,39,34,39,308,44,36,63,220,48,7*42
$GAGSV,1,1,02,10,01,157,,25,03,183,,0*7B
$GBGSV,2,1,08,06,60,045,46,08,36,114,41,09,75,059,47,13,52,105,46,1*75
$GBGSV,2,2,08,16,52,042,46,20,30,315,47,23,43,069,48,25,03,038,16,1*72
$GBGSV,2,1,06,06,60,045,48,08,36,114,48,09,75,059,49,13,52,105,46,B*01
$GBGSV,2,2,06,16,52,042,47,23,43,069,13,B*0D
$GQGSV,1,1,03,02,06,088,40,04,20,087,37,07,19,104,33,1*51
$GQGSV,1,1,03,02,06,088,41,04,20,087,43,07,19,104,45,6*55
$GNGLL,2454.22946,N,06708.26848,E,163857.00,A,D*79
$GNRMC,163858.00,A,2454.22946,N,06708.26848,E,0.012,,060525,,,R,V*04
$GNVTG,,T,,M,0.012,N,0.022,K,D*3B
$GNGGA,163858.00,2454.22946,N,06708.26848,E,4,12,0.61,21.8,M,-44.2,M,1.0,0301*7E
$GNGSA,A,3,01,02,03,10,26,28,31,32,04,,,,1.40,0.61,1.26,1*0E
$GNGSA,A,3,81,67,83,78,66,82,77,76,,,,,1.40,0.61,1.26,2*02
$GNGSA,A,3,36,09,05,06,34,31,24,,,,,,1.40,0.61,1.26,3*08
$GNGSA,A,3,06,09,08,13,16,20,23,,,,,,1.40,0.61,1.26,4*02
$GNGSA,A,3,04,,,,,,,,,,,,1.40,0.61,1.26,5*06
$GPGSV,4,1,14,01,46,294,47,02,52,249,46,03,27,324,42,04,15,272,31,1*63
$GPGSV,4,2,14,10,26,113,43,16,,,30,25,06,051,36,26,28,147,43,1*59
$GPGSV,4,3,14,28,54,041,45,31,83,079,49,32,25,051,42,40,59,208,48,1*69
$GPGSV,4,4,14,41,56,146,46,42,19,104,44,1*6D
$GPGSV,3,1,09,01,46,294,46,03,27,324,43,04,15,272,34,10,26,113,41,6*61
$GPGSV,3,2,09,25,06,051,40,26,28,147,43,28,54,041,46,31,83,079,48,6*66
$GPGSV,3,3,09,32,25,051,43,6*5F
$GPGSV,1,1,01,08,01,222,,0*5F
$GLGSV,3,1,10,65,02,084,20,66,30,044,48,67,34,337,49,68,07,295,38,1*7B
$GLGSV,3,2,10,76,31,052,48,77,49,114,44,78,17,176,44,81,29,216,47,1*74
$GLGSV,3,3,10,82,38,275,50,83,19,318,31,1*76
$GLGSV,2,1,08,66,30,044,47,67,34,337,48,68,07,295,35,76,31,052,46,3*7B
$GLGSV,2,2,08,78,17,176,44,81,29,216,46,82,38,275,48,83,19,318,38,3*71
$GAGSV,2,1,07,05,50,306,52,06,25,050,46,09,42,030,51,24,21,138,48,2*7D
$GAGSV,2,2,07,31,19,084,48,34,39,308,50,36,63,220,52,2*4F
$GAGSV,2,1,07,05,50,306,46,06,25,050,40,09,42,030,46,24,21,138,40,7*75
$GAGSV,2,2,07,31,19,084,38,34,39,308,44,36,63,220,48,7*43
$GAGSV,1,1,02,10,01,157,,25,03,183,,0*7B
$GBGSV,2,1,08,06,60,045,46,08,36,114,41,09,75,059,47,13,52,105,46,1*75
$GBGSV,2,2,08,16,52,042,46,20,30,315,46,23,43,068,48,25,03,038,15,1*71
$GBGSV,2,1,06,06,60,045,48,08,36,114,48,09,75,059,49,13,52,105,46,B*01
$GBGSV,2,2,06,16,52,042,47,23,43,068,09,B*07
$GQGSV,1,1,03,02,06,088,41,04,20,087,37,07,19,104,33,1*50
$GQGSV,1,1,03,02,06,088,41,04,20,087,43,07,19,104,45,6*55
$GNGLL,2454.22946,N,06708.26848,E,163858.00,A,D*76
$GNRMC,163859.00,A,2454.22946,N,06708.26848,E,0.006,,060525,,,R,V*00
$GNVTG,,T,,M,0.006,N,0.010,K,D*3F
$GNGGA,163859.00,2454.22946,N,06708.26848,E,4,12,0.61,21.8,M,-44.2,M,1.0,0301*7F
$GNGSA,A,3,01,02,03,10,26,28,31,32,04,,,,1.40,0.61,1.26,1*0E
$GNGSA,A,3,81,67,83,78,66,82,77,76,,,,,1.40,0.61,1.26,2*02
$GNGSA,A,3,36,09,05,06,34,31,24,,,,,,1.40,0.61,1.26,3*08
$GNGSA,A,3,06,09,08,13,16,20,23,,,,,,1.40,0.61,1.26,4*02
$GNGSA,A,3,04,,,,,,,,,,,,1.40,0.61,1.26,5*06
$GPGSV,4,1,14,01,46,294,47,02,52,249,46,03,27,324,41,04,15,272,31,1*60
$GPGSV,4,2,14,10,26,113,43,16,,,30,25,06,051,36,26,28,147,43,1*59
$GPGSV,4,3,14,28,54,041,45,31,83,079,49,32,25,051,42,40,59,208,48,1*69
$GPGSV,4,4,14,41,56,146,46,42,19,104,44,1*6D
$GPGSV,3,1,09,01,46,294,45,03,27,324,42,04,15,272,33,10,26,113,40,6*65
$GPGSV,3,2,09,25,06,051,39,26,28,147,42,28,54,041,45,31,83,079,47,6*65
$GPGSV,3,3,09,32,25,051,41,6*5D
$GPGSV,1,1,01,08,01,222,,0*5F
$GLGSV,3,1,10,65,02,084,20,66,30,044,48,67,34,337,49,68,07,295,38,1*7B
$GLGSV,3,2,10,76,31,052,48,77,49,114,44,78,17,176,44,81,29,216,47,1*74
$GLGSV,3,3,10,82,38,275,50,83,19,318,30,1*77
$GLGSV,2,1,08,66,30,044,46,67,34,337,46,68,07,295,33,76,31,052,45,3*71
$GLGSV,2,2,08,78,17,176,44,81,29,216,44,82,38,275,47,83,19,318,36,3*72
$GAGSV,2,1,07,05,50,306,52,06,25,050,47,09,42,030,51,24,21,138,48,2*7C
$GAGSV,2,2,07,31,19,084,49,34,39,308,50,36,63,220,52,2*4E
$GAGSV,2,1,07,05,50,306,46,06,25,050,40,09,42,030,46,24,21,138,40,7*75
$GAGSV,2,2,07,31,19,084,38,34,39,308,44,36,63,220,48,7*43
$GAGSV,1,1,02,10,01,157,,25,03,183,,0*7B
$GBGSV,2,1,08,06,60,045,46,08,36,114,41,09,75,059,47,13,52,105,46,1*75
$GBGSV,2,2,08,16,52,042,46,20,30,315,46,23,43,068,48,25,03,037,16,1*7D
$GBGSV,2,1,06,06,60,045,47,08,36,114,48,09,75,059,49,13,52,105,46,B*0E
$GBGSV,2,2,06,16,52,042,46,23,43,068,08,B*07
$GQGSV,1,1,03,02,06,088,41,04,20,087,37,07,19,104,33,1*50
$GQGSV,1,1,03,02,06,088,39,04,20,087,42,07,19,104,43,6*5D
$GNGLL,2454.22946,N,06708.26848,E,163859.00,A,D*77
$GNRMC,163900.00,A,2454.22946,N,06708.26848,E,0.006,,060525,,,R,V*0D
$GNVTG,,T,,M,0.006,N,0.011,K,D*3E
$GNGGA,163900.00,2454.22946,N,06708.26848,E,4,12,0.61,21.8,M,-44.2,M,1.0,0301*72
$GNGSA,A,3,01,02,03,10,26,28,31,32,04,,,,1.40,0.61,1.26,1*0E
$GNGSA,A,3,81,67,83,78,66,82,77,76,,,,,1.40,0.61,1.26,2*02
$GNGSA,A,3,36,09,05,06,34,31,24,,,,,,1.40,0.61,1.26,3*08
$GNGSA,A,3,06,09,08,13,16,20,23,,,,,,1.40,0.61,1.26,4*02
$GNGSA,A,3,04,,,,,,,,,,,,1.40,0.61,1.26,5*06
$GPGSV,4,1,14,01,46,294,47,02,52,249,46,03,27,324,42,04,15,272,32,1*60
$GPGSV,4,2,14,10,26,113,43,16,,,30,25,06,051,35,26,28,147,43,1*5A
$GPGSV,4,3,14,28,54,041,45,31,83,079,49,32,25,051,41,40,59,208,48,1*6A
$GPGSV,4,4,14,41,56,146,46,42,19,104,44,1*6D
$GPGSV,3,1,09,01,46,294,47,03,27,324,44,04,15,272,35,10,26,113,42,6*65
$GPGSV,3,2,09,25,06,051,41,26,28,147,44,28,54,041,47,31,83,079,49,6*60
$GPGSV,3,3,09,32,25,051,44,6*58
$GPGSV,1,1,01,08,01,222,,0*5F
$GLGSV,3,1,10,65,02,084,21,66,30,044,48,67,34,337,49,68,07,295,38,1*7A
$GLGSV,3,2,10,76,31,052,48,77,49,114,44,78,17,176,44,81,29,216,47,1*74
$GLGSV,3,3,10,82,38,275,50,83,19,318,30,1*77
$GLGSV,2,1,08,66,30,044,47,67,34,337,48,68,07,295,36,76,31,052,47,3*79
$GLGSV,2,2,08,78,17,176,45,81,29,216,46,82,38,275,49,83,19,318,39,3*70
$GAGSV,2,1,07,05,50,306,52,06,25,050,47,09,42,030,51,24,21,138,48,2*7C
$GAGSV,2,2,07,31,19,084,49,34,39,308,50,36,63,220,52,2*4E
$GAGSV,2,1,07,05,50,306,46,06,25,050,40,09,42,030,46,24,21,138,40,7*75
$GAGSV,2,2,07,31,19,084,38,34,39,308,44,36,63,220,48,7*43
$GAGSV,1,1,02,10,01,157,,25,03,183,,0*7B
$GBGSV,2,1,08,06,60,045,46,08,36,114,41,09,75,059,47,13,52,105,46,1*75
$GBGSV,2,2,08,16,52,042,46,20,30,315,46,23,43,068,48,25,03,037,16,1*7D
$GBGSV,2,1,06,06,60,045,49,08,36,114,49,09,75,059,50,13,52,105,47,B*08
$GBGSV,2,2,06,16,52,042,48,23,43,068,07,B*06
$GQGSV,1,1,03,02,06,088,41,04,20,087,37,07,19,104,33,1*50
$GQGSV,1,1,03,02,06,088,42,04,20,087,44,07,19,104,45,6*51
$GNGLL,2454.22946,N,06708.26848,E,163900.00,A,D*7A
$GNRMC,163901.00,A,2454.22946,N,06708.26848,E,0.001,,060525,,,R,V*0B
$GNVTG,,T,,M,0.001,N,0.001,K,D*38
$GNGGA,163901.00,2454.22946,N,06708.26848,E,4,12,0.61,21.8,M,-44.2,M,1.0,0301*73
$GNGSA,A,3,01,02,03,10,26,28,31,32,04,,,,1.40,0.61,1.26,1*0E
$GNGSA,A,3,81,67,83,78,66,82,77,76,,,,,1.40,0.61,1.26,2*02
$GNGSA,A,3,36,09,05,06,34,31,24,,,,,,1.40,0.61,1.26,3*08
$GNGSA,A,3,06,09,08,13,16,20,23,,,,,,1.40,0.61,1.26,4*02
$GNGSA,A,3,04,,,,,,,,,,,,1.40,0.61,1.26,5*06
$GPGSV,4,1,14,01,46,294,47,02,52,249,46,03,27,324,41,04,15,272,32,1*63
$GPGSV,4,2,14,10,26,113,43,16,,,30,25,06,051,35,26,28,147,43,1*5A
$GPGSV,4,3,14,28,54,041,45,31,83,079,49,32,25,051,41,40,59,208,48,1*6A
$GPGSV,4,4,14,41,56,146,46,42,19,104,44,1*6D
$GPGSV,3,1,09,01,46,294,46,03,27,324,43,04,15,272,35,10,26,113,41,6*60
$GPGSV,3,2,09,25,06,051,40,26,28,147,43,28,54,041,46,31,83,079,48,6*66
$GPGSV,3,3,09,32,25,051,43,6*5F
$GPGSV,1,1,01,08,01,222,,0*5F
$GLGSV,3,1,10,65,02,084,21,66,30,044,48,67,34,337,49,68,07,295,38,1*7A
$GLGSV,3,2,10,76,31,052,48,77,49,114,44,78,17,176,44,81,29,216,47,1*74
$GLGSV,3,3,10,82,38,275,50,83,19,318,30,1*77
$GLGSV,2,1,08,66,30,044,47,67,34,337,48,68,07,295,36,76,31,052,47,3*79
$GLGSV,2,2,08,78,17,176,45,81,29,216,46,82,38,275,49,83,19,318,39,3*70
$GAGSV,2,1,07,05,50,306,52,06,25,050,46,09,42,030,51,24,21,138,48,2*7D
$GAGSV,2,2,07,31,19,084,49,34,39,308,50,36,63,220,52,2*4E
$GAGSV,2,1,07,05,50,306,46,06,25,050,40,09,42,030,46,24,21,138,40,7*75
$GAGSV,2,2,07,31,19,084,38,34,39,308,44,36,63,220,48,7*43
$GAGSV,1,1,02,10,01,157,,25,03,183,,0*7B
$GBGSV,2,1,08,06,60,045,46,08,36,114,41,09,75,059,47,13,52,105,46,1*75
$GBGSV,2,2,08,16,52,042,46,20,30,315,46,23,43,068,48,25,03,037,16,1*7D
$GBGSV,2,1,07,06,60,045,48,08,36,114,49,09,75,059,50,13,52,105,47,B*08
$GBGSV,2,2,07,16,52,042,48,20,30,315,14,23,43,068,09,B*3A
$GQGSV,1,1,03,02,06,088,41,04,20,087,37,07,19,104,33,1*50
$GQGSV,1,1,03,02,06,088,41,04,20,087,43,07,19,104,45,6*55
$GNGLL,2454.22946,N,06708.26848,E,163901.00,A,D*7B
$GNRMC,163902.00,A,2454.22946,N,06708.26848,E,0.002,,060525,,,R,V*0B
$GNVTG,,T,,M,0.002,N,0.003,K,D*39
$GNGGA,163902.00,2454.22946,N,06708.26848,E,4,12,0.61,21.8,M,-44.2,M,1.0,0301*70
$GNGSA,A,3,01,02,03,10,26,28,31,32,04,,,,1.40,0.61,1.26,1*0E
$GNGSA,A,3,81,67,83,78,66,82,77,76,,,,,1.40,0.61,1.26,2*02
$GNGSA,A,3,36,09,05,06,34,31,24,,,,,,1.40,0.61,1.26,3*08
$GNGSA,A,3,06,09,08,13,16,20,23,,,,,,1.40,0.61,1.26,4*02
$GNGSA,A,3,04,,,,,,,,,,,,1.40,0.61,1.26,5*06
$GPGSV,4,1,14,01,46,294,47,02,52,249,46,03,27,324,42,04,15,272,32,1*60
$GPGSV,4,2,14,10,26,113,43,16,,,30,25,06,051,35,26,28,147,43,1*5A
$GPGSV,4,3,14,28,54,041,45,31,83,079,49,32,25,051,41,40,59,208,48,1*6A
$GPGSV,4,4,14,41,56,146,46,42,19,104,44,1*6D
$GPGSV,3,1,09,01,46,294,46,03,27,324,43,04,15,272,35,10,26,113,41,6*60
$GPGSV,3,2,09,25,06,051,40,26,28,147,43,28,54,041,46,31,83,079,48,6*66
$GPGSV,3,3,09,32,25,051,43,6*5F
$GPGSV,1,1,01,08,01,222,,0*5F
$GLGSV,3,1,10,65,02,084,21,66,30,044,48,67,34,337,49,68,07,295,38,1*7A
$GLGSV,3,2,10,76,31,052,48,77,49,114,44,78,17,176,44,81,29,216,47,1*74
$GLGSV,3,3,10,82,38,275,50,83,19,318,30,1*77
$GLGSV,2,1,08,66,30,044,47,67,34,337,48,68,07,295,35,76,31,052,47,3*7A
$GLGSV,2,2,08,78,17,176,45,81,29,216,46,82,38,275,49,83,19,318,39,3*70
$GAGSV,2,1,07,05,50,306,52,06,25,050,46,09,42,030,51,24,21,138,48,2*7D
$GAGSV,2,2,07,31,19,084,49,34,39,308,50,36,63,220,52,2*4E
$GAGSV,2,1,07,05,50,306,46,06,25,050,40,09,42,030,46,24,21,138,40,7*75
$GAGSV,2,2,07,31,19,084,38,34,39,308,44,36,63,220,48,7*43
$GAGSV,1,1,02,10,01,157,,25,03,183,,0*7B
$GBGSV,2,1,08,06,60,045,46,08,36,114,41,09,75,059,47,13,52,105,46,1*75
$GBGSV,2,2,08,16,52,042,46,20,30,315,46,23,43,068,48,25,03,037,16,1*7D
$GBGSV,2,1,07,06,60,045,48,08,36,114,48,09,75,059,49,13,52,105,46,B*00
$GBGSV,2,2,07,16,52,042,47,20,30,315,12,23,43,068,08,B*32
$GQGSV,1,1,03,02,06,088,41,04,20,087,37,07,19,104,34,1*57
$GQGSV,1,1,03,02,06,088,41,04,20,087,43,07,19,104,45,6*55
$GNGLL,2454.22946,N,06708.26848,E,163902.00,A,D*78
$GNRMC,163903.00,A,2454.22946,N,06708.26848,E,0.003,,060525,,,R,V*0B
$GNVTG,,T,,M,0.003,N,0.005,K,D*3E
$GNGGA,163903.00,2454.22946,N,06708.26848,E,4,12,0.61,21.8,M,-44.2,M,1.0,0301*71
$GNGSA,A,3,01,02,03,10,26,28,31,32,04,,,,1.40,0.61,1.26,1*0E
$GNGSA,A,3,81,67,83,78,66,82,77,76,,,,,1.40,0.61,1.26,2*02
$GNGSA,A,3,36,09,05,06,34,31,24,,,,,,1.40,0.61,1.26,3*08
$GNGSA,A,3,06,09,08,13,16,20,23,,,,,,1.40,0.61,1.26,4*02
$GNGSA,A,3,04,,,,,,,,,,,,1.40,0.61,1.26,5*06
$GPGSV,4,1,14,01,46,294,47,02,52,249,46,03,27,324,42,04,15,272,32,1*60
$GPGSV,4,2,14,10,26,113,43,16,,,30,25,06,051,35,26,28,147,43,1*5A
$GPGSV,4,3,14,28,54,041,45,31,83,079,49,32,25,051,41,40,59,208,48,1*6A
$GPGSV,4,4,14,41,56,146,46,42,19,104,44,1*6D
$GPGSV,3,1,09,01,46,294,46,03,27,324,43,04,15,272,35,10,26,113,41,6*60
$GPGSV,3,2,09,25,06,051,40,26,28,147,43,28,54,041,46,31,83,079,48,6*66
$GPGSV,3,3,09,32,25,051,43,6*5F
$GPGSV,1,1,01,08,01,222,,0*5F
$GLGSV,3,1,10,65,02,084,21,66,30,044,48,67,34,337,49,68,07,295,38,1*7A
$GLGSV,3,2,10,76,31,052,48,77,49,114,44,78,17,176,45,81,29,216,47,1*75
$GLGSV,3,3,10,82,38,275,49,83,19,318,31,1*7E
$GLGSV,2,1,08,66,30,044,47,67,34,337,48,68,07,295,36,76,31,052,47,3*79
$GLGSV,2,2,08,78,17,176,45,81,29,216,45,82,38,275,49,83,19,318,39,3*73
$GAGSV,2,1,07,05,50,306,52,06,25,050,46,09,42,030,51,24,21,138,48,2*7D
$GAGSV,2,2,07,31,19,084,49,34,39,308,50,36,63,220,52,2*4E
$GAGSV,2,1,07,05,50,306,46,06,25,050,40,09,42,030,46,24,21,138,41,7*74
$GAGSV,2,2,07,31,19,084,38,34,39,308,44,36,63,220,48,7*43
$GAGSV,1,1,02,10,01,157,,25,03,183,,0*7B
$GBGSV,2,1,08,06,60,045,46,08,36,114,41,09,75,059,47,13,52,105,46,1*75
$GBGSV,2,2,08,16,52,042,46,20,30,315,46,23,43,068,48,25,03,037,17,1*7C
$GBGSV,2,1,07,06,60,045,48,08,36,114,48,09,75,059,49,13,52,105,46,B*00
$GBGSV,2,2,07,16,52,042,47,20,30,315,09,23,43,068,08,B*38
$GQGSV,1,1,03,02,06,088,41,04,20,088,37,07,19,104,33,1*5F
$GQGSV,1,1,03,02,06,088,41,04,20,088,43,07,19,104,45,6*5A
$GNGLL,2454.22946,N,06708.26848,E,163903.00,A,D*79
$GNRMC,163904.00,A,2454.22946,N,06708.26848,E,0.007,,060525,,,R,V*08
$GNVTG,,T,,M,0.007,N,0.014,K,D*3A
$GNGGA,163904.00,2454.22946,N,06708.26848,E,4,12,0.61,21.8,M,-44.2,M,1.0,0301*76
$GNGSA,A,3,01,02,03,10,26,28,31,32,04,,,,1.40,0.61,1.26,1*0E
$GNGSA,A,3,81,67,83,78,66,82,77,76,,,,,1.40,0.61,1.26,2*02
$GNGSA,A,3,36,09,05,06,34,31,24,,,,,,1.40,0.61,1.26,3*08
$GNGSA,A,3,06,09,08,13,16,20,23,,,,,,1.40,0.61,1.26,4*02
$GNGSA,A,3,04,,,,,,,,,,,,1.40,0.61,1.26,5*06
$GPGSV,4,1,14,01,46,294,47,02,52,249,46,03,27,324,41,04,15,272,31,1*60
$GPGSV,4,2,14,10,26,113,43,16,,,30,25,06,051,35,26,28,147,43,1*5A
$GPGSV,4,3,14,28,54,041,45,31,83,079,49,32,25,051,41,40,59,208,48,1*6A
$GPGSV,4,4,14,41,56,146,46,42,19,104,44,1*6D
$GPGSV,3,1,09,01,46,294,46,03,27,324,43,04,15,272,35,10,26,113,41,6*60
$GPGSV,3,2,09,25,06,051,40,26,28,147,43,28,54,041,46,31,83,079,48,6*66
$GPGSV,3,3,09,32,25,051,43,6*5F
$GPGSV,1,1,01,08,01,222,,0*5F
$GLGSV,3,1,10,65,02,084,21,66,30,044,48,67,34,337,49,68,07,295,38,1*7A
$GLGSV,3,2,10,76,31,052,48,77,49,114,44,78,17,176,45,81,29,216,47,1*75
$GLGSV,3,3,10,82,38,275,49,83,19,318,31,1*7E
$GLGSV,2,1,08,66,30,044,47,67,34,337,48,68,07,295,35,76,31,052,47,3*7A
$GLGSV,2,2,08,78,17,176,45,81,29,216,45,82,38,275,49,83,19,318,39,3*73
$GAGSV,2,1,07,05,50,306,52,06,25,050,46,09,42,030,51,24,21,138,48,2*7D
$GAGSV,2,2,07,31,19,084,49,34,39,308,50,36,63,220,52,2*4E
$GAGSV,2,1,07,05,50,306,46,06,25,050,40,09,42,030,46,24,21,138,41,7*74
$GAGSV,2,2,07,31,19,084,38,34,39,308,44,36,63,220,48,7*43
$GAGSV,1,1,02,10,01,157,,25,03,183,,0*7B
$GBGSV,2,1,08,06,60,045,46,08,36,114,41,09,75,059,47,13,52,105,46,1*75
$GBGSV,2,2,08,16,52,042,46,20,30,315,46,23,43,068,48,25,03,037,17,1*7C
$GBGSV,2,1,07,06,60,045,48,08,36,114,48,09,75,059,49,13,52,105,46,B*00
$GBGSV,2,2,07,16,52,042,47,20,30,315,08,23,43,068,08,B*39
$GQGSV,1,1,03,02,06,088,41,04,20,088,37,07,19,104,33,1*5F
$GQGSV,1,1,03,02,06,088,41,04,20,088,43,07,19,104,45,6*5A
$GNGLL,2454.22946,N,06708.26848,E,163904.00,A,D*7E
$GNRMC,163905.00,A,2454.22946,N,06708.26848,E,0.008,,060525,,,R,V*06
$GNVTG,,T,,M,0.008,N,0.016,K,D*37
$GNGGA,163905.00,2454.22946,N,06708.26848,E,4,12,0.61,21.8,M,-44.2,M,1.0,0301*77
$GNGSA,A,3,01,02,03,10,26,28,31,32,04,,,,1.40,0.61,1.26,1*0E
$GNGSA,A,3,81,67,83,78,66,82,77,76,,,,,1.40,0.61,1.26,2*02
$GNGSA,A,3,36,09,05,06,34,31,24,,,,,,1.40,0.61,1.26,3*08
$GNGSA,A,3,06,09,08,13,16,20,23,,,,,,1.40,0.61,1.26,4*02
$GNGSA,A,3,04,,,,,,,,,,,,1.40,0.61,1.26,5*06
$GPGSV,4,1,14,01,46,294,47,02,52,249,47,03,27,324,41,04,15,272,32,1*62
$GPGSV,4,2,14,10,26,113,43,16,,,30,25,06,051,35,26,28,147,43,1*5A
$GPGSV,4,3,14,28,54,041,45,31,83,079,49,32,25,051,41,40,59,208,48,1*6A
$GPGSV,4,4,14,41,56,146,46,42,19,104,44,1*6D
$GPGSV,3,1,09,01,46,294,46,03,27,324,43,04,15,272,34,10,26,113,41,6*61
$GPGSV,3,2,09,25,06,051,40,26,28,147,43,28,54,041,46,31,83,079,48,6*66
$GPGSV,3,3,09,32,25,051,43,6*5F
$GPGSV,1,1,01,08,01,222,,0*5F
$GLGSV,3,1,10,65,02,084,21,66,30,044,48,67,34,337,49,68,07,295,39,1*7B
$GLGSV,3,2,10,76,31,052,48,77,49,114,44,78,17,176,45,81,29,216,47,1*75
$GLGSV,3,3,10,82,38,275,49,83,19,318,31,1*7E
$GLGSV,2,1,08,66,30,044,47,67,34,337,48,68,07,295,35,76,31,052,47,3*7A
$GLGSV,2,2,08,78,17,176,45,81,29,216,45,82,38,275,49,83,19,318,38,3*72
$GAGSV,2,1,07,05,50,306,52,06,25,050,46,09,42,030,51,24,21,138,48,2*7D
$GAGSV,2,2,07,31,19,084,48,34,39,308,50,36,63,220,52,2*4F
$GAGSV,2,1,07,05,50,306,46,06,25,050,40,09,42,030,46,24,21,138,41,7*74
$GAGSV,2,2,07,31,19,084,38,34,39,308,44,36,63,220,48,7*43
$GAGSV,1,1,02,10,01,157,,25,03,183,,0*7B
$GBGSV,2,1,08,06,60,045,46,08,36,114,41,09,75,059,47,13,52,105,46,1*75
$GBGSV,2,2,08,16,52,042,46,20,30,315,46,23,43,068,48,25,03,037,16,1*7D
$GBGSV,2,1,07,06,60,045,48,08,36,114,48,09,75,059,49,13,52,105,46,B*00
$GBGSV,2,2,07,16,52,042,47,20,30,315,08,23,43,068,08,B*39
$GQGSV,1,1,03,02,06,088,41,04,20,088,37,07,19,104,34,1*58
$GQGSV,1,1,03,02,06,088,41,04,20,088,43,07,19,104,45,6*5A
$GNGLL,2454.22946,N,06708.26848,E,163905.00,A,D*7F
$GNRMC,163906.00,A,2454.22946,N,06708.26848,E,0.004,,060525,,,R,V*09
$GNVTG,,T,,M,0.004,N,0.007,K,D*3B
$GNGGA,163906.00,2454.22946,N,06708.26848,E,4,12,0.61,21.8,M,-44.2,M,1.0,0301*74
$GNGSA,A,3,01,02,03,10,26,28,31,32,04,,,,1.40,0.61,1.26,1*0E
$GNGSA,A,3,81,67,83,78,66,82,77,76,,,,,1.40,0.61,1.26,2*02
$GNGSA,A,3,36,09,05,06,34,31,24,,,,,,1.40,0.61,1.26,3*08
$GNGSA,A,3,06,09,08,13,16,20,23,,,,,,1.40,0.61,1.26,4*02
$GNGSA,A,3,04,,,,,,,,,,,,1.40,0.61,1.26,5*06
$GPGSV,4,1,14,01,46,294,47,02,52,249,46,03,27,324,41,04,15,272,32,1*63
$GPGSV,4,2,14,10,26,113,43,16,,,30,25,06,051,35,26,28,147,43,1*5A
$GPGSV,4,3,14,28,54,041,46,31,83,079,49,32,25,051,41,40,59,208,48,1*69
$GPGSV,4,4,14,41,56,146,46,42,19,104,44,1*6D
$GPGSV,3,1,09,01,46,294,46,03,27,324,43,04,15,272,35,10,26,113,41,6*60
$GPGSV,3,2,09,25,06,051,40,26,28,147,43,28,54,041,46,31,83,079,48,6*66
$GPGSV,3,3,09,32,25,051,43,6*5F
$GPGSV,1,1,01,08,01,222,,0*5F
$GLGSV,3,1,10,65,02,084,21,66,30,044,48,67,34,337,49,68,07,295,39,1*7B
$GLGSV,3,2,10,76,31,052,48,77,49,114,44,78,17,176,45,81,29,216,47,1*75
$GLGSV,3,3,10,82,38,275,49,83,19,318,31,1*7E
$GLGSV,2,1,08,66,30,044,47,67,34,337,48,68,07,295,35,76,31,052,47,3*7A
$GLGSV,2,2,08,78,17,176,45,81,29,216,45,82,38,275,49,83,19,318,38,3*72
$GAGSV,2,1,07,05,50,306,52,06,25,050,46,09,42,030,51,24,21,138,48,2*7D
$GAGSV,2,2,07,31,19,084,48,34,39,308,50,36,63,220,52,2*4F
$GAGSV,2,1,07,05,50,306,46,06,25,050,40,09,42,030,46,24,21,138,41,7*74
$GAGSV,2,2,07,31,19,084,38,34,39,308,44,36,63,220,48,7*43
$GAGSV,1,1,02,10,01,157,,25,03,183,,0*7B
$GBGSV,2,1,08,06,60,045,46,08,36,114,41,09,75,059,47,13,52,105,46,1*75
$GBGSV,2,2,08,16,52,042,46,20,30,315,46,23,43,068,48,25,03,037,16,1*7D
$GBGSV,2,1,07,06,60,045,48,08,36,114,48,09,75,059,49,13,52,105,46,B*00
$GBGSV,2,2,07,16,52,042,47,20,30,315,08,23,43,068,08,B*39
$GQGSV,1,1,03,02,06,088,41,04,20,088,37,07,19,104,34,1*58
$GQGSV,1,1,03,02,06,088,41,04,20,088,43,07,19,104,45,6*5A
$GNGLL,2454.22946,N,06708.26848,E,163906.00,A,D*7C
$GNRMC,163907.00,A,2454.22946,N,06708.26848,E,0.006,,060525,,,R,V*0A
$GNVTG,,T,,M,0.006,N,0.011,K,D*3E
$GNGGA,163907.00,2454.22946,N,06708.26848,E,4,12,0.61,21.8,M,-44.2,M,1.0,0301*75
$GNGSA,A,3,01,02,03,10,26,28,31,32,04,,,,1.40,0.61,1.26,1*0E
$GNGSA,A,3,81,67,83,78,66,82,77,76,,,,,1.40,0.61,1.26,2*02
$GNGSA,A,3,36,09,05,06,34,31,24,,,,,,1.40,0.61,1.26,3*08
$GNGSA,A,3,06,09,08,13,16,20,23,,,,,,1.40,0.61,1.26,4*02
$GNGSA,A,3,04,,,,,,,,,,,,1.40,0.61,1.26,5*06
$GPGSV,4,1,14,01,46,294,46,02,52,249,47,03,27,324,42,04,15,272,32,1*60
$GPGSV,4,2,14,10,26,113,43,16,,,30,25,06,051,35,26,28,147,43,1*5A
$GPGSV,4,3,14,28,54,041,45,31,83,077,49,32,25,051,41,40,59,208,48,1*64
$GPGSV,4,4,14,41,56,146,46,42,19,104,44,1*6D
$GPGSV,3,1,09,01,46,294,46,03,27,324,43,04,15,272,35,10,26,113,41,6*60
$GPGSV,3,2,09,25,06,051,40,26,28,147,43,28,54,041,46,31,83,077,48,6*68
$GPGSV,3,3,09,32,25,051,43,6*5F
$GPGSV,1,1,01,08,01,222,,0*5F
$GLGSV,3,1,10,65,02,084,22,66,30,044,48,67,35,337,49,68,07,295,39,1*79
$GLGSV,3,2,10,76,31,052,48,77,49,114,44,78,17,176,45,81,29,216,47,1*75
$GLGSV,3,3,10,82,38,275,49,83,19,318,31,1*7E
$GLGSV,2,1,08,66,30,044,47,67,35,337,48,68,07,295,35,76,31,052,47,3*7B
$GLGSV,2,2,08,78,17,176,45,81,29,216,45,82,38,275,49,83,19,318,38,3*72
$GAGSV,2,1,07,05,50,306,52,06,25,050,46,09,42,030,51,24,21,138,48,2*7D
$GAGSV,2,2,07,31,19,084,48,34,39,308,50,36,63,220,52,2*4F
$GAGSV,2,1,07,05,50,306,46,06,25,050,40,09,42,030,46,24,21,138,41,7*74
$GAGSV,2,2,07,31,19,084,38,34,39,308,44,36,63,220,48,7*43
$GAGSV,1,1,02,10,01,157,,25,03,183,,0*7B
$GBGSV,2,1,08,06,60,045,46,08,36,114,41,09,75,059,47,13,52,105,46,1*75
$GBGSV,2,2,08,16,52,042,46,20,30,315,46,23,43,068,48,25,03,037,17,1*7C
$GBGSV,2,1,07,06,60,045,48,08,36,114,48,09,75,059,49,13,52,105,46,B*00
$GBGSV,2,2,07,16,52,042,47,20,30,315,07,23,43,068,08,B*36
$GQGSV,1,1,03,02,06,088,41,04,20,088,37,07,19,104,33,1*5F
$GQGSV,1,1,03,02,06,088,41,04,20,088,43,07,19,104,45,6*5A
$GNGLL,2454.22946,N,06708.26848,E,163907.00,A,D*7D
$GNRMC,163908.00,A,2454.22946,N,06708.26848,E,0.008,,060525,,,R,V*0B
$GNVTG,,T,,M,0.008,N,0.014,K,D*35
$GNGGA,163908.00,2454.22946,N,06708.26848,E,4,12,0.61,21.8,M,-44.2,M,1.0,0301*7A
$GNGSA,A,3,01,02,03,10,26,28,31,32,04,,,,1.40,0.61,1.26,1*0E
$GNGSA,A,3,81,67,83,78,66,82,77,76,,,,,1.40,0.61,1.26,2*02
$GNGSA,A,3,36,09,05,06,34,31,24,,,,,,1.40,0.61,1.26,3*08
$GNGSA,A,3,06,09,08,13,16,20,23,,,,,,1.40,0.61,1.26,4*02
$GNGSA,A,3,04,,,,,,,,,,,,1.40,0.61,1.26,5*06
$GPGSV,4,1,14,01,46,294,46,02,52,249,46,03,27,324,41,04,15,272,32,1*62
$GPGSV,4,2,14,10,26,113,42,16,,,30,25,06,051,34,26,28,147,42,1*5B
$GPGSV,4,3,14,28,54,041,45,31,83,077,49,32,25,051,42,40,59,208,48,1*67
$GPGSV,4,4,14,41,56,146,46,42,19,104,44,1*6D
$GPGSV,3,1,09,01,46,294,46,03,27,324,43,04,15,272,35,10,26,113,41,6*60
$GPGSV,3,2,09,25,06,051,40,26,28,147,43,28,54,041,46,31,83,077,48,6*68
$GPGSV,3,3,09,32,25,051,43,6*5F
$GPGSV,1,1,01,08,01,222,,0*5F
$GLGSV,3,1,10,65,02,084,23,66,30,044,48,67,35,337,49,68,08,295,39,1*77
$GLGSV,3,2,10,76,31,052,48,77,49,114,43,78,17,176,45,81,29,216,47,1*72
$GLGSV,3,3,10,82,38,275,49,83,19,318,31,1*7E
$GLGSV,2,1,08,66,30,044,47,67,35,337,48,68,08,295,35,76,31,052,47,3*74
$GLGSV,2,2,08,78,17,176,45,81,29,216,45,82,38,275,49,83,19,318,38,3*72
$GAGSV,2,1,07,05,50,306,52,06,25,050,46,09,42,030,51,24,21,138,48,2*7D
$GAGSV,2,2,07,31,19,084,48,34,39,308,50,36,63,220,52,2*4F
$GAGSV,2,1,07,05,50,306,46,06,25,050,40,09,42,030,46,24,21,138,41,7*74
$GAGSV,2,2,07,31,19,084,38,34,39,308,44,36,63,220,47,7*4C
$GAGSV,1,1,02,10,01,157,,25,03,183,,0*7B
$GBGSV,2,1,08,06,60,045,46,08,36,114,41,09,75,059,47,13,52,105,46,1*75
$GBGSV,2,2,08,16,52,042,46,20,30,315,46,23,43,068,48,25,03,037,18,1*73
$GBGSV,2,1,06,06,60,045,48,08,36,114,48,09,75,059,49,13,52,105,46,B*01
$GBGSV,2,2,06,16,52,042,47,20,30,315,07,B*07
$GQGSV,1,1,03,02,06,088,41,04,20,088,37,07,19,104,33,1*5F
$GQGSV,1,1,03,02,06,088,41,04,20,088,43,07,19,104,45,6*5A
$GNGLL,2454.22946,N,06708.26848,E,163908.00,A,D*72
$GNRMC,163909.00,A,2454.22946,N,06708.26848,E,0.012,,060525,,,R,V*01
$GNVTG,,T,,M,0.012,N,0.021,K,D*38
$GNGGA,163909.00,2454.22946,N,06708.26848,E,4,12,0.61,21.8,M,-44.2,M,1.0,0301*7B
$GNGSA,A,3,01,02,03,10,26,28,31,32,04,,,,1.40,0.61,1.26,1*0E
$GNGSA,A,3,81,67,83,78,66,82,77,76,,,,,1.40,0.61,1.26,2*02
$GNGSA,A,3,36,09,05,06,34,31,24,,,,,,1.40,0.61,1.26,3*08
$GNGSA,A,3,06,09,08,13,16,20,23,,,,,,1.40,0.61,1.26,4*02
$GNGSA,A,3,04,,,,,,,,,,,,1.40,0.61,1.26,5*06
$GPGSV,4,1,14,01,46,294,46,02,52,249,46,03,27,324,41,04,15,272,32,1*62
$GPGSV,4,2,14,10,26,113,42,16,,,30,25,06,051,34,26,28,147,42,1*5B
$GPGSV,4,3,14,28,54,041,46,31,83,077,49,32,25,051,41,40,59,208,48,1*67
$GPGSV,4,4,14,41,56,146,46,42,19,104,44,1*6D
$GPGSV,3,1,09,01,46,294,46,03,27,324,43,04,15,272,35,10,26,113,41,6*60
$GPGSV,3,2,09,25,06,051,40,26,28,147,43,28,54,041,46,31,83,077,48,6*68
$GPGSV,3,3,09,32,25,051,43,6*5F
$GPGSV,1,1,01,08,01,222,,0*5F
$GLGSV,3,1,10,65,02,084,26,66,30,044,49,67,35,337,49,68,08,295,39,1*73
$GLGSV,3,2,10,76,31,052,48,77,49,114,43,78,17,176,45,81,29,216,47,1*72
$GLGSV,3,3,10,82,38,275,49,83,19,318,31,1*7E
$GLGSV,2,1,08,66,30,044,46,67,35,337,48,68,08,295,34,76,31,052,47,3*74
$GLGSV,2,2,08,78,17,176,45,81,29,216,45,82,38,275,49,83,19,318,38,3*72
$GAGSV,2,1,07,05,50,306,52,06,25,050,46,09,42,030,51,24,21,138,48,2*7D
$GAGSV,2,2,07,31,19,084,48,34,39,308,50,36,63,220,52,2*4F
$GAGSV,2,1,07,05,50,306,46,06,25,050,40,09,42,030,46,24,21,138,41,7*74
$GAGSV,2,2,07,31,19,084,38,34,39,308,44,36,63,220,48,7*43
$GAGSV,1,1,02,10,01,157,,25,03,183,,0*7B
$GBGSV,2,1,08,06,60,045,46,08,36,114,41,09,75,059,47,13,52,105,46,1*75
$GBGSV,2,2,08,16,52,042,46,20,30,315,46,23,43,068,48,25,03,037,17,1*7C
$GBGSV,2,1,06,06,60,045,48,08,36,114,48,09,75,059,49,13,52,105,46,B*01
$GBGSV,2,2,06,16,52,042,47,20,30,315,07,B*07
$GQGSV,1,1,03,02,06,088,41,04,20,088,37,07,19,104,33,1*5F
$GQGSV,1,1,03,02,06,088,41,04,20,088,43,07,19,104,45,6*5A
$GNGLL,2454.22946,N,06708.26848,E,163909.00,A,D*73
$GNRMC,163910.00,A,2454.22946,N,06708.26848,E,0.011,,060525,,,R,V*0A
$GNVTG,,T,,M,0.011,N,0.020,K,D*3A
$GNGGA,163910.00,2454.22946,N,06708.26848,E,4,12,0.61,21.8,M,-44.2,M,1.0,0301*73
$GNGSA,A,3,01,02,03,10,26,28,31,32,04,,,,1.40,0.61,1.26,1*0E
$GNGSA,A,3,81,67,83,78,66,82,77,76,,,,,1.40,0.61,1.26,2*02
$GNGSA,A,3,36,09,05,06,34,31,24,,,,,,1.40,0.61,1.26,3*08
$GNGSA,A,3,06,09,08,13,16,20,23,,,,,,1.40,0.61,1.26,4*02
$GNGSA,A,3,04,,,,,,,,,,,,1.40,0.61,1.26,5*06
$GPGSV,4,1,15,01,46,294,46,02,52,249,46,03,27,324,41,04,15,272,32,1*63
$GPGSV,4,2,15,10,26,113,42,15,,,29,16,,,29,25,06,051,34,1*67
$GPGSV,4,3,15,26,28,147,42,28,54,041,45,31,83,077,49,32,25,051,41,1*61
$GPGSV,4,4,15,40,59,208,48,41,56,146,46,42,19,104,44,1*52
$GPGSV,3,1,09,01,46,294,46,03,27,324,43,04,15,272,35,10,26,113,41,6*60
$GPGSV,3,2,09,25,06,051,40,26,28,147,43,28,54,041,46,31,83,077,48,6*68
$GPGSV,3,3,09,32,25,051,43,6*5F
$GPGSV,1,1,01,08,01,222,,0*5F
$GLGSV,3,1,10,65,02,084,27,66,30,044,48,67,35,337,49,68,08,295,40,1*7D
$GLGSV,3,2,10,76,31,052,48,77,49,114,43,78,17,176,45,81,29,216,47,1*72
$GLGSV,3,3,10,82,38,275,49,83,19,318,31,1*7E
$GLGSV,2,1,08,66,30,044,46,67,35,337,48,68,08,295,34,76,31,052,47,3*74
$GLGSV,2,2,08,78,17,176,44,81,29,216,45,82,38,275,49,83,19,318,38,3*73
$GAGSV,2,1,07,05,50,306,51,06,25,050,46,09,42,030,51,24,21,138,48,2*7E
$GAGSV,2,2,07,31,19,084,48,34,39,308,50,36,63,220,52,2*4F
$GAGSV,2,1,07,05,50,306,46,06,25,050,40,09,42,030,46,24,21,138,41,7*74
$GAGSV,2,2,07,31,19,084,38,34,39,308,44,36,63,220,48,7*43
$GAGSV,1,1,02,10,01,157,,25,03,183,,0*7B
$GBGSV,2,1,08,06,60,045,46,08,36,114,41,09,75,059,47,13,52,105,46,1*75
$GBGSV,2,2,08,16,52,042,46,20,30,315,46,23,43,068,48,25,03,037,18,1*73
$GBGSV,2,1,06,06,60,045,48,08,36,114,48,09,75,059,49,13,52,105,46,B*01
$GBGSV,2,2,06,16,52,042,47,20,30,315,07,B*07
$GQGSV,1,1,03,02,06,088,41,04,20,088,37,07,19,104,33,1*5F
$GQGSV,1,1,03,02,06,088,41,04,20,088,43,07,19,104,45,6*5A
$GNGLL,2454.22946,N,06708.26848,E,163910.00,A,D*7B
$GNRMC,163911.00,A,2454.22946,N,06708.26848,E,0.010,,060525,,,R,V*0A
$GNVTG,,T,,M,0.010,N,0.019,K,D*31
$GNGGA,163911.00,2454.22946,N,06708.26848,E,4,12,0.61,21.8,M,-44.2,M,1.0,0301*72
$GNGSA,A,3,01,02,03,10,26,28,31,32,04,,,,1.40,0.61,1.26,1*0E
$GNGSA,A,3,81,67,83,78,66,82,77,76,,,,,1.40,0.61,1.26,2*02
$GNGSA,A,3,36,09,05,06,34,31,24,,,,,,1.40,0.61,1.26,3*08
$GNGSA,A,3,06,09,08,13,16,20,23,,,,,,1.40,0.61,1.26,4*02
$GNGSA,A,3,04,,,,,,,,,,,,1.40,0.61,1.26,5*06
$GPGSV,4,1,14,01,46,294,46,02,52,249,46,03,27,324,42,04,15,272,33,1*60
$GPGSV,4,2,14,10,26,113,42,16,,,29,25,06,051,34,26,28,147,42,1*53
$GPGSV,4,3,14,28,54,041,45,31,83,077,49,32,25,051,41,40,59,208,48,1*64
$GPGSV,4,4,14,41,56,146,46,42,19,104,44,1*6D
$GPGSV,3,1,09,01,46,294,46,03,27,324,43,04,15,272,35,10,26,113,41,6*60
$GPGSV,3,2,09,25,06,051,40,26,28,147,43,28,54,041,46,31,83,077,48,6*68
$GPGSV,3,3,09,32,25,051,43,6*5F
$GPGSV,1,1,01,08,01,222,,0*5F
$GLGSV,3,1,10,65,02,084,27,66,30,044,48,67,35,337,49,68,08,295,40,1*7D
$GLGSV,3,2,10,76,31,052,48,77,49,114,43,78,17,176,45,81,29,216,47,1*72
$GLGSV,3,3,10,82,38,275,49,83,19,318,30,1*7F
$GLGSV,2,1,08,66,30,044,47,67,35,337,48,68,08,295,34,76,31,052,47,3*75
$GLGSV,2,2,08,78,17,176,45,81,29,216,45,82,38,275,49,83,19,318,38,3*72
$GAGSV,2,1,07,05,50,306,52,06,25,050,46,09,42,030,51,24,21,138,48,2*7D
$GAGSV,2,2,07,31,19,084,48,34,39,308,50,36,63,220,52,2*4F
$GAGSV,2,1,07,05,50,306,46,06,25,050,40,09,42,030,46,24,21,138,41,7*74
$GAGSV,2,2,07,31,19,084,38,34,39,308,44,36,63,220,48,7*43
$GAGSV,1,1,02,10,01,157,,25,03,183,,0*7B
$GBGSV,2,1,08,06,60,045,46,08,36,114,41,09,75,059,47,13,52,105,46,1*75
$GBGSV,2,2,08,16,52,042,46,20,30,315,46,23,43,068,48,25,03,037,18,1*73
$GBGSV,2,1,07,06,60,045,48,08,36,114,48,09,75,059,49,13,52,105,46,B*00
$GBGSV,2,2,07,16,52,042,47,20,30,315,07,23,43,068,16,B*39
$GQGSV,1,1,03,02,06,088,41,04,20,088,37,07,19,104,33,1*5F
$GQGSV,1,1,03,02,06,088,41,04,20,088,43,07,19,104,45,6*5A
$GNGLL,2454.22946,N,06708.26848,E,163911.00,A,D*7A
$GNRMC,163912.00,A,2454.22946,N,06708.26848,E,0.005,,060525,,,R,V*0D
$GNVTG,,T,,M,0.005,N,0.010,K,D*3C
$GNGGA,163912.00,2454.22946,N,06708.26848,E,4,12,0.61,21.8,M,-44.2,M,1.0,0301*71
$GNGSA,A,3,01,02,03,10,26,28,31,32,04,,,,1.40,0.61,1.26,1*0E
$GNGSA,A,3,81,67,83,78,66,82,77,76,,,,,1.40,0.61,1.26,2*02
$GNGSA,A,3,36,09,05,06,34,31,24,,,,,,1.40,0.61,1.26,3*08
$GNGSA,A,3,06,09,08,13,16,20,23,,,,,,1.40,0.61,1.26,4*02
$GNGSA,A,3,04,,,,,,,,,,,,1.40,0.61,1.26,5*06
$GPGSV,4,1,14,01,46,294,46,02,52,249,46,03,27,324,42,04,15,272,32,1*61
$GPGSV,4,2,14,10,26,113,42,16,,,29,25,06,051,35,26,28,147,42,1*52
$GPGSV,4,3,14,28,54,041,45,31,83,077,49,32,25,051,41,40,59,208,48,1*64
$GPGSV,4,4,14,41,56,146,46,42,19,104,44,1*6D
$GPGSV,3,1,09,01,46,294,46,03,27,324,43,04,15,272,35,10,26,113,41,6*60
$GPGSV,3,2,09,25,06,051,40,26,28,147,43,28,54,041,46,31,83,077,48,6*68
$GPGSV,3,3,09,32,25,051,43,6*5F
$GPGSV,1,1,01,08,01,222,,0*5F
$GLGSV,3,1,10,65,02,084,27,66,30,044,48,67,35,337,49,68,08,295,40,1*7D
$GLGSV,3,2,10,76,31,052,48,77,49,114,43,78,17,176,45,81,29,216,47,1*72
$GLGSV,3,3,10,82,38,275,49,83,19,318,31,1*7E
$GLGSV,2,1,08,66,30,044,47,67,35,337,48,68,08,295,34,76,31,052,47,3*75
$GLGSV,2,2,08,78,17,176,45,81,29,216,45,82,38,275,49,83,19,318,38,3*72
$GAGSV,2,1,07,05,50,306,52,06,25,050,46,09,42,030,51,24,21,138,48,2*7D
$GAGSV,2,2,07,31,19,084,48,34,39,308,50,36,63,220,52,2*4F
$GAGSV,2,1,07,05,50,306,46,06,25,050,40,09,42,030,46,24,21,138,41,7*74
$GAGSV,2,2,07,31,19,084,38,34,39,308,44,36,63,220,48,7*43
$GAGSV,1,1,02,10,01,157,,25,03,183,,0*7B
$GBGSV,2,1,08,06,60,045,46,08,36,114,41,09,75,059,47,13,52,105,46,1*75
$GBGSV,2,2,08,16,52,042,46,20,30,315,46,23,43,068,48,25,03,037,18,1*73
$GBGSV,2,1,06,06,60,045,48,08,36,114,48,09,75,059,49,13,52,105,46,B*01
$GBGSV,2,2,06,16,52,042,47,23,43,068,13,B*0C
$GQGSV,1,1,03,02,06,088,41,04,20,088,37,07,19,104,33,1*5F
$GQGSV,1,1,03,02,06,088,41,04,20,088,43,07,19,104,45,6*5A
$GNGLL,2454.22946,N,06708.26848,E,163912.00,A,D*79
$GNRMC,163913.00,A,2454.22946,N,06708.26848,E,0.002,,060525,,,R,V*0B
$GNVTG,,T,,M,0.002,N,0.004,K,D*3E
$GNGGA,163913.00,2454.22946,N,06708.26848,E,4,12,0.61,21.8,M,-44.2,M,1.0,0301*70
$GNGSA,A,3,01,02,03,10,26,28,31,32,04,,,,1.40,0.61,1.26,1*0E
$GNGSA,A,3,81,67,83,78,66,82,77,76,,,,,1.40,0.61,1.26,2*02
$GNGSA,A,3,36,09,05,06,34,31,24,,,,,,1.40,0.61,1.26,3*08
$GNGSA,A,3,06,09,08,13,16,20,23,,,,,,1.40,0.61,1.26,4*02
$GNGSA,A,3,04,,,,,,,,,,,,1.40,0.61,1.26,5*06
$GPGSV,4,1,14,01,46,294,46,02,52,249,46,03,27,324,42,04,15,272,33,1*60
$GPGSV,4,2,14,10,26,113,42,16,,,29,25,06,051,34,26,28,147,42,1*53
$GPGSV,4,3,14,28,54,041,45,31,83,077,49,32,25,051,42,40,59,208,48,1*67
$GPGSV,4,4,14,41,56,146,46,42,19,104,44,1*6D
$GPGSV,3,1,09,01,46,294,46,03,27,324,43,04,15,272,35,10,26,113,41,6*60
$GPGSV,3,2,09,25,06,051,40,26,28,147,43,28,54,041,46,31,83,077,48,6*68
$GPGSV,3,3,09,32,25,051,43,6*5F
$GPGSV,1,1,01,08,01,222,,0*5F
$GLGSV,3,1,10,65,02,084,28,66,30,044,48,67,35,337,49,68,08,295,40,1*72
$GLGSV,3,2,10,76,31,052,48,77,49,114,43,78,17,176,45,81,29,216,47,1*72
$GLGSV,3,3,10,82,38,275,49,83,19,318,31,1*7E
$GLGSV,2,1,08,66,30,044,47,67,35,337,48,68,08,295,34,76,31,052,47,3*75
$GLGSV,2,2,08,78,17,176,45,81,29,216,45,82,38,275,49,83,19,318,38,3*72
$GAGSV,2,1,07,05,50,306,52,06,25,050,46,09,42,030,51,24,21,138,48,2*7D
$GAGSV,2,2,07,31,19,084,48,34,39,308,50,36,63,220,52,2*4F
$GAGSV,2,1,07,05,50,306,46,06,25,050,40,09,42,030,46,24,21,138,41,7*74
$GAGSV,2,2,07,31,19,084,38,34,39,308,44,36,63,220,48,7*43
$GAGSV,1,1,02,10,01,157,,25,03,183,,0*7B
$GBGSV,2,1,08,06,60,045,46,08,36,114,41,09,75,059,47,13,52,105,46,1*75
$GBGSV,2,2,08,16,52,042,46,20,30,315,46,23,43,068,48,25,03,037,18,1*73
$GBGSV,2,1,06,06,60,045,48,08,36,114,48,09,75,059,49,13,52,105,46,B*01
$GBGSV,2,2,06,16,52,042,47,23,43,068,09,B*07
$GQGSV,1,1,03,02,06,088,41,04,20,088,37,07,19,104,33,1*5F
$GQGSV,1,1,03,02,06,088,41,04,20,088,43,07,19,104,45,6*5A
$GNGLL,2454.22946,N,06708.26848,E,163913.00,A,D*78
$GNRMC,163914.00,A,2454.22946,N,06708.26848,E,0.004,,060525,,,R,V*0A
$GNVTG,,T,,M,0.004,N,0.007,K,D*3B
$GNGGA,163914.00,2454.22946,N,06708.26848,E,4,12,0.61,21.8,M,-44.2,M,1.0,0301*77
$GNGSA,A,3,01,02,03,10,26,28,31,32,04,,,,1.40,0.61,1.26,1*0E
$GNGSA,A,3,81,67,83,78,66,82,77,76,,,,,1.40,0.61,1.26,2*02
$GNGSA,A,3,36,09,05,06,34,31,24,,,,,,1.40,0.61,1.26,3*08
$GNGSA,A,3,06,09,08,13,16,20,23,,,,,,1.40,0.61,1.26,4*02
$GNGSA,A,3,04,,,,,,,,,,,,1.40,0.61,1.26,5*06
$GPGSV,4,1,14,01,46,294,46,02,52,249,46,03,27,324,41,04,15,272,33,1*63
$GPGSV,4,2,14,10,26,113,42,16,,,29,25,06,051,35,26,28,147,42,1*52
$GPGSV,4,3,14,28,54,041,45,31,83,077,49,32,25,051,42,40,59,208,48,1*67
$GPGSV,4,4,14,41,56,146,46,42,19,104,44,1*6D
$GPGSV,3,1,09,01,46,294,46,03,27,324,43,04,15,272,35,10,26,113,41,6*60
$GPGSV,3,2,09,25,06,051,40,26,28,147,43,28,54,041,46,31,83,077,48,6*68
$GPGSV,3,3,09,32,25,051,43,6*5F
$GPGSV,1,1,01,08,01,222,,0*5F
$GLGSV,3,1,10,65,02,084,27,66,30,044,49,67,35,337,49,68,08,295,40,1*7C
$GLGSV,3,2,10,76,31,052,48,77,49,114,43,78,17,176,45,81,29,216,47,1*72
$GLGSV,3,3,10,82,38,275,49,83,19,318,31,1*7E
$GLGSV,2,1,08,66,30,044,46,67,35,337,48,68,08,295,34,76,31,052,47,3*74
$GLGSV,2,2,08,78,17,176,45,81,29,216,45,82,38,275,49,83,19,318,38,3*72
$GAGSV,2,1,07,05,50,306,52,06,25,050,46,09,42,030,51,24,21,138,48,2*7D
$GAGSV,2,2,07,31,19,084,48,34,39,308,50,36,63,220,52,2*4F
$GAGSV,2,1,07,05,50,306,46,06,25,050,40,09,42,030,46,24,21,138,41,7*74
$GAGSV,2,2,07,31,19,084,38,34,39,308,44,36,63,220,48,7*43
$GAGSV,1,1,02,10,01,157,,25,03,183,,0*7B
$GBGSV,2,1,08,06,60,045,46,08,36,114,41,09,75,059,47,13,52,105,46,1*75
$GBGSV,2,2,08,16,52,042,46,20,30,315,46,23,43,068,48,25,03,037,18,1*73
$GBGSV,2,1,06,06,60,045,48,08,36,114,48,09,75,059,49,13,52,105,46,B*01
$GBGSV,2,2,06,16,52,042,47,23,43,068,09,B*07
$GQGSV,1,1,03,02,06,088,41,04,20,088,37,07,19,104,33,1*5F
$GQGSV,1,1,03,02,06,088,41,04,20,088,43,07,19,104,45,6*5A
$GNGLL,2454.22946,N,06708.26848,E,163914.00,A,D*7F
$GNRMC,163915.00,A,2454.22946,N,06708.26848,E,0.003,,060525,,,R,V*0C
$GNVTG,,T,,M,0.003,N,0.005,K,D*3E
$GNGGA,163915.00,2454.22946,N,06708.26848,E,4,12,0.61,21.8,M,-44.2,M,1.0,0301*76
$GNGSA,A,3,01,02,03,10,26,28,31,32,04,,,,1.40,0.61,1.26,1*0E
$GNGSA,A,3,81,67,83,78,66,82,77,76,,,,,1.40,0.61,1.26,2*02
$GNGSA,A,3,36,09,05,06,34,31,24,,,,,,1.40,0.61,1.26,3*08
$GNGSA,A,3,06,09,08,13,16,20,23,,,,,,1.40,0.61,1.26,4*02
$GNGSA,A,3,04,,,,,,,,,,,,1.40,0.61,1.26,5*06
$GPGSV,4,1,14,01,46,294,46,02,52,249,46,03,27,324,41,04,15,272,33,1*63
$GPGSV,4,2,14,10,26,113,42,16,,,29,25,06,051,35,26,28,147,42,1*52
$GPGSV,4,3,14,28,54,041,46,31,83,077,49,32,25,051,42,40,59,208,48,1*64
$GPGSV,4,4,14,41,56,146,46,42,19,104,44,1*6D
$GPGSV,3,1,09,01,46,294,46,03,27,324,43,04,15,272,35,10,26,113,41,6*60
$GPGSV,3,2,09,25,06,051,40,26,28,147,43,28,54,041,46,31,83,077,48,6*68
$GPGSV,3,3,09,32,25,051,43,6*5F
$GPGSV,1,1,01,08,01,222,,0*5F
$GLGSV,3,1,10,65,02,084,27,66,30,044,49,67,35,337,49,68,08,295,40,1*7C
$GLGSV,3,2,10,76,31,052,48,77,49,114,44,78,17,176,45,81,29,216,47,1*75
$GLGSV,3,3,10,82,38,275,49,83,19,318,31,1*7E
$GLGSV,2,1,08,66,30,044,46,67,35,337,48,68,08,295,34,76,31,052,47,3*74
$GLGSV,2,2,08,78,17,176,45,81,29,216,45,82,38,275,49,83,19,318,38,3*72
$GAGSV,2,1,07,05,50,306,52,06,25,050,46,09,42,030,51,24,21,138,48,2*7D
$GAGSV,2,2,07,31,19,084,48,34,39,308,50,36,63,220,52,2*4F
$GAGSV,2,1,07,05,50,306,46,06,25,050,40,09,42,030,45,24,21,138,41,7*77
$GAGSV,2,2,07,31,19,084,38,34,39,308,44,36,63,220,48,7*43
$GAGSV,1,1,02,10,01,157,,25,03,183,,0*7B
$GBGSV,2,1,08,06,60,045,46,08,36,114,41,09,75,059,47,13,52,105,46,1*75
$GBGSV,2,2,08,16,52,042,46,20,30,315,46,23,43,068,48,25,03,037,18,1*73
$GBGSV,2,1,06,06,60,045,48,08,36,114,48,09,75,059,49,13,52,105,46,B*01
$GBGSV,2,2,06,16,52,042,47,23,43,068,08,B*06
$GQGSV,1,1,03,02,06,088,41,04,20,088,37,07,19,104,33,1*5F
$GQGSV,1,1,03,02,06,088,41,04,20,088,43,07,19,104,45,6*5A
$GNGLL,2454.22946,N,06708.26848,E,163915.00,A,D*7E
$GNRMC,163916.00,A,2454.22946,N,06708.26848,E,0.003,,060525,,,R,V*0F
$GNVTG,,T,,M,0.003,N,0.006,K,D*3D
$GNGGA,163916.00,2454.22946,N,06708.26848,E,4,12,0.61,21.8,M,-44.2,M,1.0,0301*75
$GNGSA,A,3,01,02,03,10,26,28,31,32,04,,,,1.40,0.61,1.26,1*0E
$GNGSA,A,3,81,67,83,78,66,82,77,76,,,,,1.40,0.61,1.26,2*02
$GNGSA,A,3,36,09,05,06,34,31,24,,,,,,1.40,0.61,1.26,3*08
$GNGSA,A,3,06,09,08,13,16,20,23,,,,,,1.40,0.61,1.26,4*02
$GNGSA,A,3,04,,,,,,,,,,,,1.40,0.61,1.26,5*06
$GPGSV,4,1,14,01,46,294,46,02,52,249,46,03,27,324,42,04,15,272,33,1*60
$GPGSV,4,2,14,10,26,113,42,16,,,29,25,06,051,35,26,28,147,42,1*52
$GPGSV,4,3,14,28,54,041,45,31,83,077,49,32,25,051,42,40,59,208,48,1*67
$GPGSV,4,4,14,41,56,146,46,42,19,104,44,1*6D
$GPGSV,3,1,09,01,46,294,46,03,27,324,43,04,15,272,35,10,26,113,41,6*60
$GPGSV,3,2,09,25,06,051,40,26,28,147,43,28,54,041,46,31,83,077,48,6*68
$GPGSV,3,3,09,32,25,051,43,6*5F
$GPGSV,1,1,01,08,01,222,,0*5F
$GLGSV,3,1,10,65,02,084,26,66,30,044,49,67,35,337,49,68,08,295,40,1*7D
$GLGSV,3,2,10,76,31,052,48,77,49,114,43,78,17,176,45,81,29,216,47,1*72
$GLGSV,3,3,10,82,38,275,49,83,19,318,31,1*7E
$GLGSV,2,1,08,66,30,044,46,67,35,337,48,68,08,295,34,76,31,052,47,3*74
$GLGSV,2,2,08,78,17,176,45,81,29,216,45,82,38,275,49,83,19,318,38,3*72
$GAGSV,2,1,07,05,50,306,52,06,25,050,46,09,42,030,51,24,21,138,48,2*7D
$GAGSV,2,2,07,31,19,084,48,34,39,308,50,36,63,220,52,2*4F
$GAGSV,2,1,07,05,50,306,46,06,25,050,40,09,42,030,46,24,21,138,41,7*74
$GAGSV,2,2,07,31,19,084,38,34,39,308,44,36,63,220,48,7*43
$GAGSV,1,1,02,10,01,157,,25,03,183,,0*7B
$GBGSV,2,1,08,06,60,045,46,08,36,114,41,09,75,059,47,13,52,105,46,1*75
$GBGSV,2,2,08,16,52,042,46,20,30,315,46,23,43,068,48,25,03,037,18,1*73
$GBGSV,2,1,06,06,60,045,48,08,36,114,48,09,75,059,49,13,52,105,46,B*01
$GBGSV,2,2,06,16,52,042,47,23,43,068,07,B*09
$GQGSV,1,1,03,02,06,088,41,04,20,088,37,07,19,104,33,1*5F
$GQGSV,1,1,03,02,06,088,41,04,20,088,44,07,19,104,45,6*5D
$GNGLL,2454.22946,N,06708.26848,E,163916.00,A,D*7D
$GNRMC,163917.00,A,2454.22946,N,06708.26848,E,0.006,,060525,,,R,V*0B
$GNVTG,,T,,M,0.006,N,0.011,K,D*3E
$GNGGA,163917.00,2454.22946,N,06708.26848,E,4,12,0.61,21.8,M,-44.2,M,1.0,0301*74
$GNGSA,A,3,01,02,03,10,26,28,31,32,04,,,,1.40,0.61,1.26,1*0E
$GNGSA,A,3,81,67,83,78,66,82,77,76,,,,,1.40,0.61,1.26,2*02
$GNGSA,A,3,36,09,05,06,34,31,24,,,,,,1.40,0.61,1.26,3*08
$GNGSA,A,3,06,09,08,13,16,20,23,,,,,,1.40,0.61,1.26,4*02
$GNGSA,A,3,04,,,,,,,,,,,,1.40,0.61,1.26,5*06
$GPGSV,4,1,14,01,46,294,46,02,52,249,46,03,27,324,42,04,15,272,33,1*60
$GPGSV,4,2,14,10,26,113,42,16,,,29,25,06,051,35,26,28,147,42,1*52
$GPGSV,4,3,14,28,54,041,46,31,83,077,49,32,25,051,42,40,59,208,48,1*64
$GPGSV,4,4,14,41,56,146,46,42,19,104,44,1*6D
$GPGSV,3,1,09,01,46,294,46,03,27,324,43,04,15,272,35,10,26,113,41,6*60
$GPGSV,3,2,09,25,06,051,40,26,28,147,43,28,54,041,46,31,83,077,48,6*68
$GPGSV,3,3,09,32,25,051,43,6*5F
$GPGSV,1,1,01,08,01,222,,0*5F
$GLGSV,3,1,10,65,02,084,25,66,30,044,48,67,35,337,49,68,08,295,40,1*7F
$GLGSV,3,2,10,76,31,052,48,77,50,114,43,78,17,176,45,81,29,216,47,1*7A
$GLGSV,3,3,10,82,38,275,49,83,19,318,30,1*7F
$GLGSV,2,1,08,66,30,044,46,67,35,337,48,68,08,295,34,76,31,052,47,3*74
$GLGSV,2,2,08,78,17,176,45,81,29,216,45,82,38,275,49,83,19,318,38,3*72
$GAGSV,2,1,07,05,50,306,52,06,25,050,46,09,42,030,51,24,21,138,48,2*7D
$GAGSV,2,2,07,31,19,084,48,34,39,308,50,36,63,220,52,2*4F
$GAGSV,2,1,07,05,50,306,46,06,25,050,40,09,42,030,45,24,21,138,41,7*77
$GAGSV,2,2,07,31,19,084,38,34,39,308,44,36,63,220,48,7*43
$GAGSV,1,1,02,10,01,157,,25,03,183,,0*7B
$GBGSV,2,1,08,06,60,045,46,08,36,114,41,09,75,059,47,13,52,105,46,1*75
$GBGSV,2,2,08,16,52,042,46,20,30,315,46,23,43,068,48,25,03,037,18,1*73
$GBGSV,2,1,06,06,60,045,48,08,36,114,48,09,75,059,49,13,52,105,46,B*01
$GBGSV,2,2,06,16,52,042,47,23,43,068,07,B*09
$GQGSV,1,1,03,02,06,088,41,04,20,088,37,07,19,104,33,1*5F
$GQGSV,1,1,03,02,06,088,41,04,20,088,44,07,19,104,44,6*5C
$GNGLL,2454.22946,N,06708.26848,E,163917.00,A,D*7C
$GNRMC,163918.00,A,2454.22946,N,06708.26848,E,0.005,,060525,,,R,V*07
$GNVTG,,T,,M,0.005,N,0.009,K,D*34
$GNGGA,163918.00,2454.22946,N,06708.26848,E,4,12,0.61,21.8,M,-44.2,M,1.0,0301*7B
$GNGSA,A,3,01,02,03,10,26,28,31,32,04,,,,1.40,0.61,1.26,1*0E
$GNGSA,A,3,81,67,83,78,66,82,77,76,,,,,1.40,0.61,1.26,2*02
$GNGSA,A,3,36,09,05,06,34,31,24,,,,,,1.40,0.61,1.26,3*08
$GNGSA,A,3,06,09,08,13,16,20,23,,,,,,1.40,0.61,1.26,4*02
$GNGSA,A,3,04,,,,,,,,,,,,1.40,0.61,1.26,5*06
$GPGSV,4,1,14,01,46,294,46,02,52,249,46,03,27,324,42,04,15,272,32,1*61
$GPGSV,4,2,14,10,26,113,42,16,,,29,25,06,051,35,26,28,147,42,1*52
$GPGSV,4,3,14,28,54,041,46,31,83,077,49,32,25,051,42,40,59,208,48,1*64
$GPGSV,4,4,14,41,56,146,46,42,19,104,44,1*6D
$GPGSV,3,1,09,01,46,294,46,03,27,324,43,04,15,272,35,10,26,113,41,6*60
$GPGSV,3,2,09,25,06,051,40,26,28,147,43,28,54,041,46,31,83,077,48,6*68
$GPGSV,3,3,09,32,25,051,43,6*5F
$GPGSV,1,1,01,08,01,222,,0*5F
$GLGSV,3,1,10,65,02,084,26,66,30,044,48,67,35,337,49,68,08,295,40,1*7C
$GLGSV,3,2,10,76,31,052,48,77,50,114,43,78,17,176,45,81,29,216,47,1*7A
$GLGSV,3,3,10,82,38,275,49,83,19,318,30,1*7F
$GLGSV,2,1,08,66,30,044,46,67,35,337,48,68,08,295,34,76,31,052,47,3*74
$GLGSV,2,2,08,78,17,176,45,81,29,216,45,82,38,275,49,83,19,318,38,3*72
$GAGSV,2,1,07,05,50,306,52,06,25,050,46,09,42,030,51,24,21,138,48,2*7D
$GAGSV,2,2,07,31,19,084,48,34,39,308,50,36,63,220,52,2*4F
$GAGSV,2,1,07,05,50,306,46,06,25,050,40,09,42,030,45,24,21,138,41,7*77
$GAGSV,2,2,07,31,19,084,38,34,39,308,44,36,63,220,48,7*43
$GAGSV,1,1,02,10,01,157,,25,03,183,,0*7B
$GBGSV,2,1,08,06,60,045,46,08,36,114,41,09,75,059,47,13,52,105,46,1*75
$GBGSV,2,2,08,16,52,042,46,20,30,315,46,23,43,068,48,25,03,037,18,1*73
$GBGSV,2,1,06,06,60,045,48,08,36,114,48,09,75,059,49,13,52,105,46,B*01
$GBGSV,2,2,06,16,52,042,47,23,43,068,07,B*09
$GQGSV,1,1,03,02,06,088,41,04,20,088,37,07,19,104,34,1*58
$GQGSV,1,1,03,02,06,088,41,04,20,088,44,07,19,104,45,6*5D
$GNGLL,2454.22946,N,06708.26848,E,163918.00,A,D*73
$GNRMC,163919.00,A,2454.22946,N,06708.26848,E,0.005,,060525,,,R,V*06
$GNVTG,,T,,M,0.005,N,0.010,K,D*3C
$GNGGA,163919.00,2454.22946,N,06708.26848,E,4,12,0.61,21.8,M,-44.2,M,1.0,0301*7A
$GNGSA,A,3,01,02,03,10,26,28,31,32,04,,,,1.40,0.61,1.26,1*0E
$GNGSA,A,3,81,67,83,78,66,82,77,76,,,,,1.40,0.61,1.26,2*02
$GNGSA,A,3,36,09,05,06,34,31,24,,,,,,1.40,0.61,1.26,3*08
$GNGSA,A,3,06,09,08,13,16,20,23,,,,,,1.40,0.61,1.26,4*02
$GNGSA,A,3,04,,,,,,,,,,,,1.40,0.61,1.26,5*06
$GPGSV,4,1,14,01,46,294,46,02,52,249,46,03,27,324,41,04,15,272,33,1*63
$GPGSV,4,2,14,10,26,113,42,16,,,30,25,06,051,35,26,28,147,42,1*5A
$GPGSV,4,3,14,28,54,041,46,31,83,077,49,32,25,051,42,40,59,208,48,1*64
$GPGSV,4,4,14,41,56,146,46,42,19,104,44,1*6D
$GPGSV,3,1,09,01,46,294,46,03,27,324,43,04,15,272,35,10,26,113,41,6*60
$GPGSV,3,2,09,25,06,051,39,26,28,147,43,28,54,041,46,31,83,077,48,6*66
$GPGSV,3,3,09,32,25,051,43,6*5F
$GPGSV,1,1,01,08,01,222,,0*5F
$GLGSV,3,1,10,65,02,084,27,66,30,044,48,67,35,337,49,68,08,295,40,1*7D
$GLGSV,3,2,10,76,31,052,48,77,50,114,43,78,17,176,45,81,29,216,47,1*7A
$GLGSV,3,3,10,82,38,275,49,83,19,318,31,1*7E
$GLGSV,2,1,08,66,30,044,46,67,35,337,48,68,08,295,34,76,31,052,47,3*74
$GLGSV,2,2,08,78,17,176,45,81,29,216,45,82,38,275,49,83,19,318,38,3*72
$GAGSV,2,1,07,05,50,306,52,06,25,050,46,09,42,030,51,24,21,138,48,2*7D
$GAGSV,2,2,07,31,19,084,48,34,39,308,50,36,63,220,52,2*4F
$GAGSV,2,1,07,05,50,306,46,06,25,050,40,09,42,030,46,24,21,138,41,7*74
$GAGSV,2,2,07,31,19,084,38,34,39,308,44,36,63,220,48,7*43
$GAGSV,1,1,02,10,01,157,,25,03,183,,0*7B
$GBGSV,2,1,08,06,60,045,46,08,36,114,41,09,75,059,47,13,52,105,46,1*75
$GBGSV,2,2,08,16,52,042,46,20,30,315,46,23,43,068,48,25,03,037,18,1*73
$GBGSV,2,1,06,06,60,045,48,08,36,114,48,09,75,059,49,13,52,105,46,B*01
$GBGSV,2,2,06,16,52,042,47,23,43,068,08,B*06
$GQGSV,1,1,03,02,06,088,41,04,20,088,37,07,19,104,33,1*5F
$GQGSV,1,1,03,02,06,088,41,04,20,088,44,07,19,104,44,6*5C
$GNGLL,2454.22946,N,06708.26848,E,163919.00,A,D*72
$GNRMC,163920.00,A,2454.22946,N,06708.26848,E,0.009,,060525,,,R,V*00
$GNVTG,,T,,M,0.009,N,0.017,K,D*37
$GNGGA,163920.00,2454.22946,N,06708.26848,E,4,12,0.61,21.8,M,-44.2,M,1.0,0301*70
$GNGSA,A,3,01,02,03,10,26,28,31,32,04,,,,1.40,0.61,1.26,1*0E
$GNGSA,A,3,81,67,83,78,66,82,77,76,,,,,1.40,0.61,1.26,2*02
$GNGSA,A,3,36,09,05,06,34,31,24,,,,,,1.40,0.61,1.26,3*08
$GNGSA,A,3,06,09,08,13,16,20,23,,,,,,1.40,0.61,1.26,4*02
$GNGSA,A,3,04,,,,,,,,,,,,1.40,0.61,1.26,5*06
$GPGSV,4,1,14,01,46,294,46,02,52,249,46,03,27,324,41,04,15,272,32,1*62
$GPGSV,4,2,14,10,26,113,42,16,,,30,25,06,051,35,26,28,147,42,1*5A
$GPGSV,4,3,14,28,54,041,46,31,83,077,49,32,25,051,42,40,59,208,48,1*64
$GPGSV,4,4,14,41,56,146,46,42,19,104,44,1*6D
$GPGSV,3,1,09,01,46,294,46,03,27,324,43,04,15,272,35,10,26,113,41,6*60
$GPGSV,3,2,09,25,06,051,39,26,28,147,43,28,54,041,46,31,83,077,48,6*66
$GPGSV,3,3,09,32,25,051,43,6*5F
$GPGSV,1,1,01,08,01,222,,0*5F
$GLGSV,3,1,10,65,02,084,27,66,30,044,48,67,35,337,49,68,08,295,40,1*7D
$GLGSV,3,2,10,76,31,052,48,77,50,114,43,78,17,176,45,81,29,216,47,1*7A
$GLGSV,3,3,10,82,38,275,49,83,19,318,31,1*7E
$GLGSV,2,1,08,66,30,044,46,67,35,337,47,68,08,295,34,76,31,052,47,3*7B
$GLGSV,2,2,08,78,17,176,45,81,29,216,45,82,38,275,49,83,19,318,38,3*72
$GAGSV,2,1,07,05,50,306,52,06,25,050,46,09,42,030,51,24,21,138,48,2*7D
$GAGSV,2,2,07,31,19,084,48,34,39,308,50,36,63,220,52,2*4F
$GAGSV,2,1,08,05,50,306,46,06,25,050,40,09,42,030,45,11,,,36,7*47
$GAGSV,2,2,08,24,21,138,41,31,19,084,38,34,39,308,44,36,63,220,48,7*76
$GAGSV,1,1,02,10,01,157,,25,03,183,,0*7B
$GBGSV,2,1,08,06,60,045,46,08,36,114,41,09,75,059,47,13,52,105,46,1*75
$GBGSV,2,2,08,16,52,042,46,20,30,315,46,23,43,068,48,25,03,037,18,1*73
$GBGSV,2,1,06,06,60,045,48,08,36,114,48,09,75,059,49,13,52,105,46,B*01
$GBGSV,2,2,06,16,52,042,47,23,43,068,09,B*07
$GQGSV,1,1,03,02,06,088,41,04,20,088,37,07,19,104,33,1*5F
$GQGSV,1,1,03,02,06,088,41,04,20,088,44,07,19,104,45,6*5D
$GNGLL,2454.22946,N,06708.26848,E,163920.00,A,D*78
$GNRMC,163921.00,A,2454.22946,N,06708.26848,E,0.007,,060525,,,R,V*0F
$GNVTG,,T,,M,0.007,N,0.013,K,D*3D
$GNGGA,163921.00,2454.22946,N,06708.26848,E,4,12,0.61,21.8,M,-44.2,M,1.0,0301*71
$GNGSA,A,3,01,02,03,10,26,28,31,32,04,,,,1.40,0.61,1.26,1*0E
$GNGSA,A,3,81,67,83,78,66,82,77,76,,,,,1.40,0.61,1.26,2*02
$GNGSA,A,3,36,09,05,06,34,31,24,,,,,,1.40,0.61,1.26,3*08
$GNGSA,A,3,06,09,08,13,16,20,23,,,,,,1.40,0.61,1.26,4*02
$GNGSA,A,3,04,,,,,,,,,,,,1.40,0.61,1.26,5*06
$GPGSV,4,1,14,01,46,294,46,02,52,249,46,03,27,324,41,04,15,272,33,1*63
$GPGSV,4,2,14,10,26,113,42,16,,,30,25,06,051,35,26,28,147,42,1*5A
$GPGSV,4,3,14,28,54,041,46,31,83,077,49,32,25,051,42,40,59,208,48,1*64
$GPGSV,4,4,14,41,56,146,46,42,19,104,44,1*6D
$GPGSV,3,1,09,01,46,294,46,03,27,324,43,04,15,272,35,10,26,113,41,6*60
$GPGSV,3,2,09,25,06,051,39,26,28,147,43,28,54,041,46,31,83,077,48,6*66
$GPGSV,3,3,09,32,25,051,43,6*5F
$GPGSV,1,1,01,08,01,222,,0*5F
$GLGSV,3,1,10,65,02,084,27,66,30,044,48,67,35,337,49,68,08,295,40,1*7D
$GLGSV,3,2,10,76,31,052,48,77,50,114,43,78,17,176,45,81,29,216,47,1*7A
$GLGSV,3,3,10,82,38,275,49,83,19,318,31,1*7E
$GLGSV,2,1,08,66,30,044,46,67,35,337,47,68,08,295,34,76,31,052,47,3*7B
$GLGSV,2,2,08,78,17,176,45,81,29,216,46,82,38,275,49,83,19,318,38,3*71
$GAGSV,2,1,07,05,50,306,52,06,25,050,46,09,42,030,51,24,21,138,48,2*7D
$GAGSV,2,2,07,31,19,084,48,34,39,308,50,36,63,220,52,2*4F
$GAGSV,2,1,08,05,50,306,46,06,25,050,40,09,42,030,45,11,25,168,37,7*7E
$GAGSV,2,2,08,24,21,138,41,31,19,084,39,34,39,308,44,36,63,220,48,7*77
$GAGSV,1,1,02,10,01,157,,25,03,183,,0*7B
$GBGSV,2,1,08,06,60,045,46,08,36,114,41,09,75,059,47,13,52,105,46,1*75
$GBGSV,2,2,08,16,52,042,46,20,30,315,46,23,43,068,48,25,03,037,17,1*7C
$GBGSV,2,1,06,06,60,045,48,08,36,114,48,09,75,059,49,13,52,105,46,B*01
$GBGSV,2,2,06,16,52,042,47,23,43,068,08,B*06
$GQGSV,1,1,03,02,06,088,41,04,20,088,37,07,19,104,33,1*5F
$GQGSV,1,1,03,02,06,088,41,04,20,088,44,07,19,104,45,6*5D
$GNGLL,2454.22946,N,06708.26848,E,163921.00,A,D*79
$GNRMC,163922.00,A,2454.22946,N,06708.26848,E,0.004,,060525,,,R,V*0F
$GNVTG,,T,,M,0.004,N,0.008,K,D*34
$GNGGA,163922.00,2454.22946,N,06708.26848,E,4,12,0.61,21.8,M,-44.2,M,1.0,0301*72
$GNGSA,A,3,01,02,03,10,26,28,31,32,04,,,,1.40,0.61,1.26,1*0E
$GNGSA,A,3,81,67,83,78,66,82,77,76,,,,,1.40,0.61,1.26,2*02
$GNGSA,A,3,36,09,05,06,34,31,24,,,,,,1.40,0.61,1.26,3*08
$GNGSA,A,3,06,09,08,13,16,20,23,,,,,,1.40,0.61,1.26,4*02
$GNGSA,A,3,04,,,,,,,,,,,,1.40,0.61,1.26,5*06
$GPGSV,4,1,14,01,46,294,46,02,52,249,46,03,27,324,41,04,15,272,32,1*62
$GPGSV,4,2,14,10,26,113,42,16,,,30,25,06,051,35,26,28,147,42,1*5A
$GPGSV,4,3,14,28,54,041,46,31,83,077,49,32,25,051,42,40,59,208,48,1*64
$GPGSV,4,4,14,41,56,146,46,42,19,104,44,1*6D
$GPGSV,3,1,09,01,46,294,46,03,27,324,43,04,15,272,35,10,26,113,41,6*60
$GPGSV,3,2,09,25,06,051,39,26,28,147,43,28,54,041,46,31,83,077,48,6*66
$GPGSV,3,3,09,32,25,051,43,6*5F
$GPGSV,1,1,01,08,01,222,,0*5F
$GLGSV,3,1,10,65,02,084,27,66,30,044,49,67,35,337,49,68,08,295,40,1*7C
$GLGSV,3,2,10,76,31,052,48,77,50,114,43,78,17,176,44,81,29,216,47,1*7B
$GLGSV,3,3,10,82,38,275,49,83,19,318,31,1*7E
$GLGSV,2,1,08,66,30,044,46,67,35,337,47,68,08,295,35,76,31,052,47,3*7A
$GLGSV,2,2,08,78,17,176,45,81,29,216,45,82,38,275,49,83,19,318,38,3*72
$GAGSV,2,1,07,05,50,306,52,06,25,050,46,09,42,030,51,24,21,138,48,2*7D
$GAGSV,2,2,07,31,19,084,48,34,39,308,50,36,63,220,52,2*4F
$GAGSV,2,1,08,05,50,306,46,06,25,050,40,09,42,030,45,11,25,168,37,7*7E
$GAGSV,2,2,08,24,21,138,41,31,19,084,39,34,39,308,44,36,63,220,48,7*77
$GAGSV,1,1,02,10,01,157,,25,03,183,,0*7B
$GBGSV,2,1,08,06,60,045,46,08,36,114,41,09,75,059,47,13,52,105,46,1*75
$GBGSV,2,2,08,16,52,042,46,20,30,315,46,23,43,068,48,25,03,037,17,1*7C
$GBGSV,2,1,05,06,60,045,48,08,36,114,48,09,75,059,49,13,52,105,46,B*02
$GBGSV,2,2,05,16,52,042,47,B*35
$GQGSV,1,1,03,02,06,088,41,04,20,088,37,07,19,104,34,1*58
$GQGSV,1,1,03,02,06,088,41,04,20,088,44,07,19,104,45,6*5D
$GNGLL,2454.22946,N,06708.26848,E,163922.00,A,D*7A
$GNRMC,163923.00,A,2454.22946,N,06708.26848,E,0.003,,060525,,,R,V*09
$GNVTG,,T,,M,0.003,N,0.006,K,D*3D
$GNGGA,163923.00,2454.22946,N,06708.26848,E,4,12,0.61,21.8,M,-44.2,M,1.0,0301*73
$GNGSA,A,3,01,02,03,10,26,28,31,32,04,,,,1.40,0.61,1.26,1*0E
$GNGSA,A,3,81,67,83,78,66,82,77,76,,,,,1.40,0.61,1.26,2*02
$GNGSA,A,3,36,09,05,06,34,31,24,,,,,,1.40,0.61,1.26,3*08
$GNGSA,A,3,06,09,08,13,16,20,23,,,,,,1.40,0.61,1.26,4*02
$GNGSA,A,3,04,,,,,,,,,,,,1.40,0.61,1.26,5*06
$GPGSV,4,1,14,01,46,294,46,02,52,249,46,03,27,324,41,04,15,272,33,1*63
$GPGSV,4,2,14,10,26,113,42,16,,,30,25,06,051,35,26,28,147,42,1*5A
$GPGSV,4,3,14,28,54,041,46,31,83,077,49,32,25,051,42,40,59,208,48,1*64
$GPGSV,4,4,14,41,56,146,46,42,19,104,44,1*6D
$GPGSV,3,1,09,01,46,294,46,03,27,324,43,04,15,272,35,10,26,113,41,6*60
$GPGSV,3,2,09,25,06,051,39,26,28,147,43,28,54,041,46,31,83,077,48,6*66
$GPGSV,3,3,09,32,25,051,43,6*5F
$GPGSV,1,1,01,08,01,222,,0*5F
$GLGSV,3,1,10,65,02,084,27,66,30,044,49,67,35,337,49,68,08,295,40,1*7C
$GLGSV,3,2,10,76,31,052,48,77,50,114,43,78,17,176,44,81,29,216,47,1*7B
$GLGSV,3,3,10,82,38,275,49,83,19,318,31,1*7E
$GLGSV,2,1,08,66,30,044,46,67,35,337,47,68,08,295,35,76,31,052,47,3*7A
$GLGSV,2,2,08,78,17,176,45,81,29,216,46,82,38,275,49,83,19,318,39,3*70
$GAGSV,2,1,08,05,50,306,52,06,25,050,46,09,42,030,51,11,25,168,45,2*78
$GAGSV,2,2,08,24,21,138,48,31,19,084,48,34,39,308,50,36,63,220,52,2*73
$GAGSV,2,1,08,05,50,306,46,06,25,050,41,09,42,030,45,11,25,168,37,7*7F
$GAGSV,2,2,08,24,21,138,41,31,19,084,39,34,39,308,44,36,63,220,48,7*77
$GAGSV,1,1,02,10,01,157,,25,03,183,,0*7B
$GBGSV,2,1,08,06,60,045,46,08,36,114,41,09,75,059,47,13,52,105,46,1*75
$GBGSV,2,2,08,16,52,042,46,20,30,315,46,23,43,068,48,25,03,037,18,1*73
$GBGSV,2,1,05,06,60,045,48,08,36,114,48,09,75,059,49,13,52,105,46,B*02
$GBGSV,2,2,05,16,52,042,47,B*35
$GQGSV,1,1,03,02,06,088,41,04,20,088,37,07,19,104,33,1*5F
$GQGSV,1,1,03,02,06,088,41,04,20,088,44,07,19,104,45,6*5D
$GNGLL,2454.22946,N,06708.26848,E,163923.00,A,D*7B
$GNRMC,163924.00,A,2454.22946,N,06708.26848,E,0.003,,060525,,,R,V*0E
$GNVTG,,T,,M,0.003,N,0.006,K,D*3D
$GNGGA,163924.00,2454.22946,N,06708.26848,E,4,12,0.61,21.8,M,-44.2,M,1.0,0301*74
$GNGSA,A,3,01,02,03,10,26,28,31,32,04,,,,1.40,0.61,1.26,1*0E
$GNGSA,A,3,81,67,83,78,66,82,77,76,,,,,1.40,0.61,1.26,2*02
$GNGSA,A,3,36,09,05,06,34,31,24,,,,,,1.40,0.61,1.26,3*08
$GNGSA,A,3,06,09,08,13,16,20,23,,,,,,1.40,0.61,1.26,4*02
$GNGSA,A,3,04,,,,,,,,,,,,1.40,0.61,1.26,5*06
$GPGSV,4,1,14,01,46,294,46,02,52,249,46,03,27,324,41,04,15,272,32,1*62
$GPGSV,4,2,14,10,26,113,42,16,,,30,25,06,051,35,26,28,147,42,1*5A
$GPGSV,4,3,14,28,54,041,46,31,83,077,49,32,25,051,42,40,59,208,48,1*64
$GPGSV,4,4,14,41,56,146,46,42,19,104,44,1*6D
$GPGSV,3,1,09,01,46,294,46,03,27,324,43,04,15,272,35,10,26,113,41,6*60
$GPGSV,3,2,09,25,06,051,39,26,28,147,43,28,54,041,46,31,83,077,48,6*66
$GPGSV,3,3,09,32,25,051,43,6*5F
$GPGSV,1,1,01,08,01,222,,0*5F
$GLGSV,3,1,10,65,02,084,28,66,30,044,49,67,35,337,49,68,08,295,40,1*73
$GLGSV,3,2,10,76,31,052,48,77,50,114,44,78,17,176,44,81,29,216,47,1*7C
$GLGSV,3,3,10,82,38,275,49,83,19,318,31,1*7E
$GLGSV,2,1,08,66,30,044,46,67,35,337,47,68,08,295,35,76,31,052,47,3*7A
$GLGSV,2,2,08,78,17,176,45,81,29,216,46,82,38,275,49,83,19,318,39,3*70
$GAGSV,2,1,08,05,50,306,52,06,25,050,46,09,42,030,51,11,25,168,45,2*78
$GAGSV,2,2,08,24,21,138,48,31,19,084,48,34,39,308,50,36,63,220,52,2*73
$GAGSV,2,1,08,05,50,306,46,06,25,050,41,09,42,030,45,11,25,168,37,7*7F
$GAGSV,2,2,08,24,21,138,41,31,19,084,39,34,39,308,44,36,63,220,48,7*77
$GAGSV,1,1,02,10,01,157,,25,03,183,,0*7B
$GBGSV,2,1,08,06,60,045,46,08,36,114,41,09,75,059,48,13,52,105,46,1*7A
$GBGSV,2,2,08,16,52,042,46,20,30,315,46,23,43,068,48,25,03,037,20,1*78
$GBGSV,2,1,05,06,60,045,48,08,36,114,48,09,75,059,49,13,52,105,46,B*02
$GBGSV,2,2,05,16,52,042,47,B*35
$GQGSV,1,1,03,02,06,088,41,04,20,088,37,07,19,104,33,1*5F
$GQGSV,1,1,03,02,06,088,41,04,20,088,44,07,19,104,45,6*5D
$GNGLL,2454.22946,N,06708.26848,E,163924.00,A,D*7C
$GNRMC,163925.00,A,2454.22946,N,06708.26848,E,0.001,,060525,,,R,V*0D
$GNVTG,,T,,M,0.001,N,0.002,K,D*3B
$GNGGA,163925.00,2454.22946,N,06708.26848,E,4,12,0.61,21.8,M,-44.2,M,1.0,0301*75
$GNGSA,A,3,01,02,03,10,26,28,31,32,04,,,,1.40,0.61,1.26,1*0E
$GNGSA,A,3,81,67,83,78,66,82,77,76,,,,,1.40,0.61,1.26,2*02
$GNGSA,A,3,36,09,05,06,34,31,24,,,,,,1.40,0.61,1.26,3*08
$GNGSA,A,3,06,09,08,13,16,20,23,,,,,,1.40,0.61,1.26,4*02
$GNGSA,A,3,04,,,,,,,,,,,,1.40,0.61,1.26,5*06
$GPGSV,4,1,14,01,46,294,46,02,52,249,46,03,27,324,41,04,15,272,32,1*62
$GPGSV,4,2,14,10,26,113,42,16,,,29,25,06,051,35,26,28,147,42,1*52
$GPGSV,4,3,14,28,54,041,46,31,83,077,49,32,25,051,42,40,59,208,48,1*64
$GPGSV,4,4,14,41,56,146,46,42,19,104,44,1*6D
$GPGSV,3,1,09,01,46,294,46,03,27,324,43,04,15,272,35,10,26,113,41,6*60
$GPGSV,3,2,09,25,06,051,39,26,28,147,43,28,54,041,46,31,83,077,49,6*67
$GPGSV,3,3,09,32,25,051,43,6*5F
$GPGSV,1,1,01,08,01,222,,0*5F
$GLGSV,3,1,10,65,02,084,27,66,30,044,49,67,35,337,49,68,08,295,41,1*7D
$GLGSV,3,2,10,76,31,052,48,77,50,114,44,78,17,176,44,81,29,216,47,1*7C
$GLGSV,3,3,10,82,38,275,49,83,19,318,31,1*7E
$GLGSV,2,1,08,66,30,044,46,67,35,337,48,68,08,295,35,76,31,052,47,3*75
$GLGSV,2,2,08,78,17,176,45,81,29,216,46,82,38,275,49,83,19,318,39,3*70
$GAGSV,2,1,08,05,50,306,52,06,25,050,46,09,42,030,51,11,25,168,45,2*78
$GAGSV,2,2,08,24,21,138,48,31,19,084,48,34,39,308,50,36,63,220,52,2*73
$GAGSV,2,1,08,05,50,306,46,06,25,050,41,09,42,030,45,11,25,168,37,7*7F
$GAGSV,2,2,08,24,21,138,40,31,19,084,39,34,39,308,44,36,63,220,48,7*76
$GAGSV,1,1,02,10,01,157,,25,03,183,,0*7B
$GBGSV,2,1,08,06,60,045,46,08,36,114,41,09,75,059,47,13,52,105,46,1*75
$GBGSV,2,2,08,16,52,042,46,20,30,315,46,23,43,068,48,25,03,037,19,1*72
$GBGSV,2,1,05,06,60,045,48,08,36,114,48,09,75,059,49,13,52,105,46,B*02
$GBGSV,2,2,05,16,52,042,47,B*35
$GQGSV,1,1,03,02,06,088,41,04,20,088,37,07,19,104,34,1*58
$GQGSV,1,1,03,02,06,088,41,04,20,088,44,07,19,104,45,6*5D
$GNGLL,2454.22946,N,06708.26848,E,163925.00,A,D*7D
$GNRMC,163926.00,A,2454.22946,N,06708.26848,E,0.002,,060525,,,R,V*0D
$GNVTG,,T,,M,0.002,N,0.004,K,D*3E
$GNGGA,163926.00,2454.22946,N,06708.26848,E,4,12,0.61,21.8,M,-44.2,M,1.0,0301*76
$GNGSA,A,3,01,02,03,10,26,28,31,32,04,,,,1.40,0.61,1.26,1*0E
$GNGSA,A,3,81,67,83,78,66,82,77,76,,,,,1.40,0.61,1.26,2*02
$GNGSA,A,3,36,09,05,06,34,31,24,,,,,,1.40,0.61,1.26,3*08
$GNGSA,A,3,06,09,08,13,16,20,23,,,,,,1.40,0.61,1.26,4*02
$GNGSA,A,3,04,,,,,,,,,,,,1.40,0.61,1.26,5*06
$GPGSV,4,1,14,01,46,294,46,02,52,249,46,03,27,324,41,04,15,272,32,1*62
$GPGSV,4,2,14,10,26,113,42,16,,,29,25,06,051,35,26,28,147,42,1*52
$GPGSV,4,3,14,28,54,041,45,31,83,077,49,32,25,051,42,40,59,208,48,1*67
$GPGSV,4,4,14,41,56,146,46,42,19,104,44,1*6D
$GPGSV,3,1,09,01,46,294,46,03,27,324,43,04,15,272,35,10,26,113,41,6*60
$GPGSV,3,2,09,25,06,051,39,26,28,147,43,28,54,041,46,31,83,077,49,6*67
$GPGSV,3,3,09,32,25,051,43,6*5F
$GPGSV,1,1,01,08,01,222,,0*5F
$GLGSV,3,1,10,65,02,084,26,66,30,044,49,67,35,337,49,68,08,295,41,1*7C
$GLGSV,3,2,10,76,31,052,48,77,50,114,44,78,17,176,44,81,29,216,47,1*7C
$GLGSV,3,3,10,82,38,275,49,83,19,318,31,1*7E
$GLGSV,2,1,08,66,30,044,46,67,35,337,47,68,08,295,35,76,31,052,47,3*7A
$GLGSV,2,2,08,78,17,176,45,81,29,216,46,82,38,275,49,83,19,318,39,3*70
$GAGSV,2,1,08,05,50,306,52,06,25,050,46,09,42,030,51,11,25,168,45,2*78
$GAGSV,2,2,08,24,21,138,48,31,19,084,48,34,39,308,50,36,63,220,52,2*73
$GAGSV,2,1,08,05,50,306,46,06,25,050,41,09,42,030,45,11,25,168,37,7*7F
$GAGSV,2,2,08,24,21,138,40,31,19,084,39,34,39,308,44,36,63,220,48,7*76
$GAGSV,1,1,02,10,01,157,,25,03,183,,0*7B
$GBGSV,2,1,08,06,60,045,46,08,36,114,41,09,75,059,47,13,52,105,46,1*75
$GBGSV,2,2,08,16,52,042,46,20,30,315,46,23,43,068,48,25,03,037,19,1*72
$GBGSV,2,1,05,06,60,045,48,08,36,114,48,09,75,059,49,13,52,105,46,B*02
$GBGSV,2,2,05,16,52,042,47,B*35
$GQGSV,1,1,03,02,06,088,41,04,20,088,37,07,19,104,33,1*5F
$GQGSV,1,1,03,02,06,088,41,04,20,088,44,07,19,104,45,6*5D
$GNGLL,2454.22946,N,06708.26848,E,163926.00,A,D*7E
$GNRMC,163927.00,A,2454.22946,N,06708.26848,E,0.007,,060525,,,R,V*09
$GNVTG,,T,,M,0.007,N,0.012,K,D*3C
$GNGGA,163927.00,2454.22946,N,06708.26848,E,4,12,0.61,21.8,M,-44.2,M,1.0,0301*77
$GNGSA,A,3,01,02,03,10,26,28,31,32,04,,,,1.40,0.61,1.26,1*0E
$GNGSA,A,3,81,67,83,78,66,82,77,76,,,,,1.40,0.61,1.26,2*02
$GNGSA,A,3,36,09,05,06,34,31,24,,,,,,1.40,0.61,1.26,3*08
$GNGSA,A,3,06,09,08,13,16,20,23,,,,,,1.40,0.61,1.26,4*02
$GNGSA,A,3,04,,,,,,,,,,,,1.40,0.61,1.26,5*06
$GPGSV,4,1,14,01,46,294,46,02,52,249,46,03,27,324,41,04,15,272,32,1*62
$GPGSV,4,2,14,10,26,113,42,16,,,29,25,06,051,35,26,28,147,42,1*52
$GPGSV,4,3,14,28,54,041,46,31,83,077,49,32,25,051,42,40,59,208,48,1*64
$GPGSV,4,4,14,41,56,146,46,42,19,104,44,1*6D
$GPGSV,3,1,09,01,46,294,46,03,27,324,43,04,15,272,35,10,26,113,41,6*60
$GPGSV,3,2,09,25,06,051,39,26,28,147,43,28,54,041,46,31,83,077,49,6*67
$GPGSV,3,3,09,32,25,051,43,6*5F
$GPGSV,1,1,01,08,01,222,,0*5F
$GLGSV,3,1,10,65,02,084,25,66,30,044,49,67,35,337,48,68,08,295,41,1*7E
$GLGSV,3,2,10,76,31,052,48,77,50,114,43,78,17,176,44,81,29,216,47,1*7B
$GLGSV,3,3,10,82,38,275,49,83,19,318,31,1*7E
$GLGSV,2,1,08,66,30,044,46,67,35,337,47,68,08,295,35,76,31,052,47,3*7A
$GLGSV,2,2,08,78,17,176,45,81,29,216,46,82,38,275,49,83,19,318,39,3*70
$GAGSV,2,1,08,05,50,306,52,06,25,050,46,09,42,030,51,11,25,168,45,2*78
$GAGSV,2,2,08,24,21,138,48,31,19,084,48,34,39,308,50,36,63,220,52,2*73
$GAGSV,2,1,08,05,50,306,46,06,25,050,41,09,42,030,45,11,25,168,37,7*7F
$GAGSV,2,2,08,24,21,138,40,31,19,084,39,34,39,308,44,36,63,220,48,7*76
$GAGSV,1,1,02,10,01,157,,25,03,183,,0*7B
$GBGSV,2,1,08,06,60,045,46,08,36,114,41,09,75,059,47,13,52,105,46,1*75
$GBGSV,2,2,08,16,52,042,46,20,30,315,46,23,43,068,47,25,03,037,19,1*7D
$GBGSV,2,1,05,06,60,045,48,08,36,114,48,09,75,059,49,13,52,105,46,B*02
$GBGSV,2,2,05,16,52,042,47,B*35
$GQGSV,1,1,03,02,06,088,41,04,20,088,37,07,19,104,33,1*5F
$GQGSV,1,1,03,02,06,088,41,04,20,088,44,07,19,104,45,6*5D
$GNGLL,2454.22946,N,06708.26848,E,163927.00,A,D*7F
$GNRMC,163928.00,A,2454.22946,N,06708.26848,E,0.006,,060525,,,R,V*07
$GNVTG,,T,,M,0.006,N,0.012,K,D*3D
$GNGGA,163928.00,2454.22946,N,06708.26848,E,4,12,0.61,21.8,M,-44.2,M,1.0,0301*78
$GNGSA,A,3,01,02,03,10,26,28,31,32,04,,,,1.40,0.61,1.26,1*0E
$GNGSA,A,3,81,67,83,78,66,82,77,76,,,,,1.40,0.61,1.26,2*02
$GNGSA,A,3,36,09,05,06,34,31,24,,,,,,1.40,0.61,1.26,3*08
$GNGSA,A,3,06,09,08,13,16,20,23,,,,,,1.40,0.61,1.26,4*02
$GNGSA,A,3,04,,,,,,,,,,,,1.40,0.61,1.26,5*06
$GPGSV,4,1,14,01,46,294,47,02,52,249,46,03,27,324,41,04,15,272,32,1*63
$GPGSV,4,2,14,10,26,113,42,16,,,29,25,06,051,36,26,28,147,42,1*51
$GPGSV,4,3,14,28,54,041,45,31,83,077,49,32,25,051,42,40,59,208,48,1*67
$GPGSV,4,4,14,41,56,146,46,42,19,104,44,1*6D
$GPGSV,3,1,09,01,46,294,46,03,27,324,43,04,15,272,35,10,26,113,41,6*60
$GPGSV,3,2,09,25,06,051,39,26,28,147,43,28,54,041,46,31,83,077,48,6*66
$GPGSV,3,3,09,32,25,051,43,6*5F
$GPGSV,1,1,01,08,01,222,,0*5F
$GLGSV,3,1,10,65,02,084,25,66,30,044,49,67,35,337,48,68,08,295,41,1*7E
$GLGSV,3,2,10,76,31,052,48,77,50,114,43,78,17,176,44,81,29,216,46,1*7A
$GLGSV,3,3,10,82,38,275,49,83,19,318,31,1*7E
$GLGSV,2,1,08,66,30,044,46,67,35,337,47,68,08,295,35,76,31,052,47,3*7A
$GLGSV,2,2,08,78,17,176,45,81,29,216,46,82,38,275,49,83,19,318,39,3*70
$GAGSV,2,1,08,05,50,306,52,06,25,050,46,09,42,030,50,11,25,168,45,2*79
$GAGSV,2,2,08,24,21,138,48,31,19,084,48,34,39,308,50,36,63,220,52,2*73
$GAGSV,2,1,08,05,50,306,46,06,25,050,41,09,42,030,45,11,25,168,37,7*7F
$GAGSV,2,2,08,24,21,138,41,31,19,084,39,34,39,308,44,36,63,220,48,7*77
$GAGSV,1,1,02,10,01,157,,25,03,183,,0*7B
$GBGSV,2,1,08,06,60,045,46,08,36,114,41,09,75,059,47,13,52,105,46,1*75
$GBGSV,2,2,08,16,52,042,46,20,30,315,46,23,43,068,47,25,03,037,18,1*7C
$GBGSV,2,1,05,06,60,045,47,08,36,114,48,09,75,059,49,13,52,105,46,B*0D
$GBGSV,2,2,05,16,52,042,47,B*35
$GQGSV,1,1,03,02,06,088,41,04,20,088,37,07,19,104,34,1*58
$GQGSV,1,1,03,02,06,088,41,04,20,088,44,07,19,104,44,6*5C
$GNGLL,2454.22946,N,06708.26848,E,163928.00,A,D*70
$GNRMC,163929.00,A,2454.22946,N,06708.26848,E,0.006,,060525,,,R,V*06
$GNVTG,,T,,M,0.006,N,0.011,K,D*3E
$GNGGA,163929.00,2454.22946,N,06708.26848,E,4,12,0.61,21.8,M,-44.2,M,1.0,0301*79
$GNGSA,A,3,01,02,03,10,26,28,31,32,04,,,,1.40,0.61,1.26,1*0E
$GNGSA,A,3,81,67,83,78,66,82,77,76,,,,,1.40,0.61,1.26,2*02
$GNGSA,A,3,36,09,05,06,34,31,24,,,,,,1.40,0.61,1.26,3*08
$GNGSA,A,3,06,09,08,13,16,20,23,,,,,,1.40,0.61,1.26,4*02
$GNGSA,A,3,04,,,,,,,,,,,,1.40,0.61,1.26,5*06
$GPGSV,4,1,14,01,46,294,47,02,52,249,46,03,27,324,41,04,15,272,32,1*63
$GPGSV,4,2,14,10,26,113,42,16,,,30,25,06,051,36,26,28,147,42,1*59
$GPGSV,4,3,14,28,54,041,46,31,83,077,49,32,25,051,42,40,59,208,48,1*64
$GPGSV,4,4,14,41,56,146,46,42,19,104,44,1*6D
$GPGSV,3,1,09,01,46,294,46,03,27,324,43,04,15,272,35,10,26,113,41,6*60
$GPGSV,3,2,09,25,06,051,39,26,28,147,43,28,54,041,46,31,83,077,48,6*66
$GPGSV,3,3,09,32,25,051,43,6*5F
$GPGSV,1,1,01,08,01,222,,0*5F
$GLGSV,3,1,10,65,02,084,24,66,30,044,49,67,35,337,48,68,08,295,41,1*7F
$GLGSV,3,2,10,76,31,052,48,77,50,114,43,78,17,176,44,81,29,216,46,1*7A
$GLGSV,3,3,10,82,38,275,49,83,19,318,31,1*7E
$GLGSV,2,1,08,66,30,044,46,67,35,337,47,68,08,295,35,76,31,052,47,3*7A
$GLGSV,2,2,08,78,17,176,45,81,29,216,46,82,38,275,49,83,19,318,39,3*70
$GAGSV,2,1,08,05,50,306,52,06,25,050,46,09,42,030,51,11,25,168,45,2*78
$GAGSV,2,2,08,24,21,138,48,31,19,084,48,34,39,308,50,36,63,220,52,2*73
$GAGSV,2,1,08,05,50,306,46,06,25,050,41,09,42,030,45,11,25,168,37,7*7F
$GAGSV,2,2,08,24,21,138,40,31,19,084,39,34,39,308,44,36,63,220,48,7*76
$GAGSV,1,1,02,10,01,157,,25,03,183,,0*7B
$GBGSV,2,1,08,06,60,045,46,08,36,114,41,09,75,059,47,13,52,105,46,1*75
$GBGSV,2,2,08,16,52,042,46,20,30,315,46,23,43,068,47,25,03,037,18,1*7C
$GBGSV,2,1,05,06,60,045,48,08,36,114,48,09,75,059,49,13,52,105,46,B*02
$GBGSV,2,2,05,16,52,042,47,B*35
$GQGSV,1,1,03,02,06,088,41,04,20,088,37,07,19,104,33,1*5F
$GQGSV,1,1,03,02,06,088,41,04,20,088,44,07,19,104,44,6*5C
$GNGLL,2454.22946,N,06708.26848,E,163929.00,A,D*71
$GNRMC,163930.00,A,2454.22946,N,06708.26848,E,0.008,,060525,,,R,V*00
$GNVTG,,T,,M,0.008,N,0.014,K,D*35
$GNGGA,163930.00,2454.22946,N,06708.26848,E,4,12,0.61,21.8,M,-44.2,M,1.0,0301*71
$GNGSA,A,3,01,02,03,10,26,28,31,32,04,,,,1.40,0.61,1.26,1*0E
$GNGSA,A,3,81,67,83,78,66,82,77,76,,,,,1.40,0.61,1.26,2*02
$GNGSA,A,3,36,09,05,06,34,31,24,,,,,,1.40,0.61,1.26,3*08
$GNGSA,A,3,06,09,08,13,16,20,23,,,,,,1.40,0.61,1.26,4*02
$GNGSA,A,3,04,,,,,,,,,,,,1.40,0.61,1.26,5*06
$GPGSV,4,1,14,01,46,293,47,02,52,249,46,03,27,324,41,04,15,272,32,1*64
$GPGSV,4,2,14,10,26,113,42,16,,,30,25,06,051,36,26,28,147,42,1*59
$GPGSV,4,3,14,28,54,041,45,31,83,077,49,32,25,051,42,40,59,208,48,1*67
$GPGSV,4,4,14,41,56,146,46,42,19,104,44,1*6D
$GPGSV,3,1,09,01,46,293,46,03,27,324,43,04,15,272,36,10,26,113,41,6*64
$GPGSV,3,2,09,25,06,051,38,26,28,147,43,28,54,041,46,31,83,077,49,6*66
$GPGSV,3,3,09,32,25,051,43,6*5F
$GPGSV,1,1,01,08,01,222,,0*5F
$GLGSV,3,1,10,65,02,084,23,66,30,044,49,67,35,337,48,68,08,295,41,1*78
$GLGSV,3,2,10,76,31,052,48,77,50,114,43,78,17,176,44,81,29,216,46,1*7A
$GLGSV,3,3,10,82,38,275,49,83,19,318,31,1*7E
$GLGSV,2,1,08,66,30,044,46,67,35,337,47,68,08,295,35,76,31,052,47,3*7A
$GLGSV,2,2,08,78,17,176,45,81,29,216,46,82,38,275,49,83,19,318,39,3*70
$GAGSV,2,1,08,05,50,306,52,06,25,050,46,09,42,030,51,11,25,168,45,2*78
$GAGSV,2,2,08,24,21,138,48,31,19,084,48,34,39,308,50,36,63,220,52,2*73
$GAGSV,2,1,08,05,50,306,46,06,25,050,41,09,42,030,45,11,25,168,37,7*7F
$GAGSV,2,2,08,24,21,138,40,31,19,084,39,34,39,308,44,36,63,220,48,7*76
$GAGSV,1,1,02,10,01,157,,25,03,183,,0*7B
$GBGSV,2,1,08,06,60,045,46,08,36,114,41,09,75,059,47,13,52,105,46,1*75
$GBGSV,2,2,08,16,52,042,46,20,30,315,46,23,43,068,47,25,03,037,19,1*7D
$GBGSV,2,1,05,06,60,045,48,08,36,114,48,09,75,059,49,13,52,105,46,B*02
$GBGSV,2,2,05,16,52,042,47,B*35
$GQGSV,1,1,03,02,06,088,41,04,20,088,37,07,19,104,34,1*58
$GQGSV,1,1,03,02,06,088,41,04,20,088,44,07,19,104,45,6*5D
$GNGLL,2454.22946,N,06708.26848,E,163930.00,A,D*79
$GNRMC,163931.00,A,2454.22946,N,06708.26848,E,0.010,,060525,,,R,V*08
$GNVTG,,T,,M,0.010,N,0.019,K,D*31
$GNGGA,163931.00,2454.22946,N,06708.26848,E,4,12,0.61,21.8,M,-44.2,M,1.0,0301*70
$GNGSA,A,3,01,02,03,10,26,28,31,32,04,,,,1.40,0.61,1.26,1*0E
$GNGSA,A,3,81,67,83,78,66,82,77,76,,,,,1.40,0.61,1.26,2*02
$GNGSA,A,3,36,09,05,06,34,31,24,,,,,,1.40,0.61,1.26,3*08
$GNGSA,A,3,06,09,08,13,16,20,23,,,,,,1.40,0.61,1.26,4*02
$GNGSA,A,3,04,,,,,,,,,,,,1.40,0.61,1.26,5*06
$GPGSV,4,1,15,01,46,293,47,02,51,248,46,03,27,324,41,04,15,272,32,1*67
$GPGSV,4,2,15,10,26,113,42,16,,,30,18,,,28,25,06,051,36,1*61
$GPGSV,4,3,15,26,28,147,42,28,54,041,46,31,83,077,49,32,25,051,42,1*61
$GPGSV,4,4,15,40,59,208,48,41,56,146,46,42,19,104,44,1*52
$GPGSV,3,1,09,01,46,293,46,03,27,324,43,04,15,272,36,10,26,113,41,6*64
$GPGSV,3,2,09,25,06,051,38,26,28,147,43,28,54,041,46,31,83,077,49,6*66
$GPGSV,3,3,09,32,25,051,43,6*5F
$GPGSV,1,1,01,08,01,222,,0*5F
$GLGSV,3,1,10,65,02,084,22,66,30,044,49,67,35,337,48,68,08,295,40,1*78
$GLGSV,3,2,10,76,31,052,48,77,50,114,43,78,17,176,44,81,29,216,46,1*7A
$GLGSV,3,3,10,82,38,275,49,83,19,318,31,1*7E
$GLGSV,2,1,08,66,30,044,46,67,35,337,47,68,08,295,35,76,31,052,47,3*7A
$GLGSV,2,2,08,78,17,176,45,81,29,216,46,82,38,275,49,83,19,318,39,3*70
$GAGSV,2,1,08,05,50,306,52,06,25,050,46,09,42,030,51,11,25,168,45,2*78
$GAGSV,2,2,08,24,21,138,48,31,19,084,48,34,39,308,50,36,63,220,52,2*73
$GAGSV,2,1,08,05,50,306,46,06,25,050,41,09,42,030,45,11,25,168,37,7*7F
$GAGSV,2,2,08,24,21,138,40,31,19,084,39,34,39,308,44,36,63,220,47,7*79
$GAGSV,1,1,02,10,01,157,,25,03,183,,0*7B
$GBGSV,2,1,08,06,60,045,46,08,36,114,41,09,75,059,47,13,52,105,46,1*75
$GBGSV,2,2,08,16,52,042,46,20,30,315,46,23,43,068,47,25,03,037,18,1*7C
$GBGSV,2,1,06,06,60,045,48,08,36,114,48,09,75,059,49,13,52,105,46,B*01
$GBGSV,2,2,06,16,52,042,47,23,43,068,15,B*0A
$GQGSV,1,1,03,02,06,088,41,04,20,088,37,07,19,104,34,1*58
$GQGSV,1,1,03,02,06,088,41,04,20,088,44,07,19,104,45,6*5D
$GNGLL,2454.22946,N,06708.26848,E,163931.00,A,D*78
$GNRMC,163932.00,A,2454.22946,N,06708.26848,E,0.008,,060525,,,R,V*02
$GNVTG,,T,,M,0.008,N,0.014,K,D*35
$GNGGA,163932.00,2454.22946,N,06708.26848,E,4,12,0.61,21.8,M,-44.2,M,2.0,0301*70
$GNGSA,A,3,01,02,03,10,26,28,31,32,04,,,,1.40,0.61,1.26,1*0E
$GNGSA,A,3,81,67,83,78,66,82,77,76,,,,,1.40,0.61,1.26,2*02
$GNGSA,A,3,36,09,05,06,34,31,24,,,,,,1.40,0.61,1.26,3*08
$GNGSA,A,3,06,09,08,13,16,20,23,,,,,,1.40,0.61,1.26,4*02
$GNGSA,A,3,04,,,,,,,,,,,,1.40,0.61,1.26,5*06
$GPGSV,4,1,14,01,46,293,47,02,51,248,46,03,28,324,41,04,15,272,32,1*69
$GPGSV,4,2,14,10,26,113,42,16,,,30,25,06,051,36,26,28,147,42,1*59
$GPGSV,4,3,14,28,54,041,45,31,83,077,49,32,25,051,42,40,59,208,48,1*67
$GPGSV,4,4,14,41,56,146,46,42,19,104,44,1*6D
$GPGSV,3,1,09,01,46,293,46,03,28,324,43,04,15,272,36,10,26,113,41,6*6B
$GPGSV,3,2,09,25,06,051,38,26,28,147,43,28,54,041,46,31,83,077,48,6*67
$GPGSV,3,3,09,32,25,051,43,6*5F
$GPGSV,1,1,01,08,01,222,,0*5F
$GLGSV,3,1,10,65,02,084,22,66,30,044,49,67,35,337,48,68,08,295,40,1*78
$GLGSV,3,2,10,76,31,052,48,77,50,114,43,78,17,176,44,81,29,216,46,1*7A
$GLGSV,3,3,10,82,38,275,49,83,19,318,31,1*7E
$GLGSV,2,1,08,66,30,044,46,67,35,337,47,68,08,295,35,76,31,052,47,3*7A
$GLGSV,2,2,08,78,17,176,45,81,29,216,46,82,38,275,49,83,19,318,39,3*70
$GAGSV,2,1,08,05,50,306,52,06,25,050,46,09,42,030,51,11,25,168,45,2*78
$GAGSV,2,2,08,24,21,138,48,31,19,084,48,34,39,308,50,36,63,220,52,2*73
$GAGSV,2,1,08,05,50,306,46,06,25,050,41,09,42,030,45,11,25,168,37,7*7F
$GAGSV,2,2,08,24,21,138,40,31,19,084,39,34,39,308,44,36,63,220,47,7*79
$GAGSV,1,1,02,10,01,157,,25,03,183,,0*7B
$GBGSV,2,1,08,06,60,045,46,08,36,114,41,09,75,059,47,13,52,105,46,1*75
$GBGSV,2,2,08,16,52,042,46,20,30,315,46,23,43,068,47,25,03,037,18,1*7C
$GBGSV,2,1,06,06,60,045,48,08,36,114,48,09,75,059,49,13,52,105,46,B*01
$GBGSV,2,2,06,16,52,042,47,23,43,068,12,B*0D
$GQGSV,1,1,03,02,06,088,41,04,20,088,37,07,19,104,34,1*58
$GQGSV,1,1,03,02,06,088,41,04,20,088,44,07,19,104,45,6*5D
$GNGLL,2454.22946,N,06708.26848,E,163932.00,A,D*7B
$GNRMC,163933.00,A,2454.22946,N,06708.26848,E,0.003,,060525,,,R,V*08
$GNVTG,,T,,M,0.003,N,0.006,K,D*3D
$GNGGA,163933.00,2454.22946,N,06708.26848,E,4,12,0.61,21.8,M,-44.2,M,1.0,0301*72
$GNGSA,A,3,01,02,03,10,26,28,31,32,04,,,,1.40,0.61,1.26,1*0E
$GNGSA,A,3,81,67,83,78,66,82,77,76,,,,,1.40,0.61,1.26,2*02
$GNGSA,A,3,36,09,05,06,34,31,24,,,,,,1.40,0.61,1.26,3*08
$GNGSA,A,3,06,09,08,13,16,20,23,,,,,,1.40,0.61,1.26,4*02
$GNGSA,A,3,04,,,,,,,,,,,,1.40,0.61,1.26,5*06
$GPGSV,4,1,14,01,46,293,47,02,51,248,46,03,28,324,41,04,16,272,32,1*6A
$GPGSV,4,2,14,10,26,113,42,16,,,30,25,06,051,36,26,28,147,42,1*59
$GPGSV,4,3,14,28,54,041,45,31,83,077,49,32,25,051,42,40,59,208,48,1*67
$GPGSV,4,4,14,41,56,146,46,42,19,104,44,1*6D
$GPGSV,3,1,09,01,46,293,46,03,28,324,43,04,16,272,36,10,26,113,41,6*68
$GPGSV,3,2,09,25,06,051,38,26,28,147,43,28,54,041,46,31,83,077,48,6*67
$GPGSV,3,3,09,32,25,051,43,6*5F
$GPGSV,1,1,01,08,01,222,,0*5F
$GLGSV,3,1,10,65,02,084,22,66,30,044,49,67,35,337,48,68,08,295,40,1*78
$GLGSV,3,2,10,76,31,052,48,77,50,114,43,78,17,176,44,81,29,216,46,1*7A
$GLGSV,3,3,10,82,38,275,49,83,19,318,31,1*7E
$GLGSV,2,1,08,66,30,044,46,67,35,337,47,68,08,295,35,76,31,052,47,3*7A
$GLGSV,2,2,08,78,17,176,45,81,29,216,46,82,38,275,49,83,19,318,39,3*70
$GAGSV,2,1,08,05,50,306,52,06,25,050,46,09,42,030,51,11,25,168,45,2*78
$GAGSV,2,2,08,24,21,138,48,31,19,084,48,34,39,308,50,36,63,220,52,2*73
$GAGSV,2,1,08,05,50,306,46,06,25,050,41,09,42,030,45,11,25,168,37,7*7F
$GAGSV,2,2,08,24,21,138,40,31,19,084,39,34,39,308,44,36,63,220,47,7*79
$GAGSV,1,1,02,10,01,157,,25,03,183,,0*7B
$GBGSV,2,1,08,06,60,045,46,08,36,114,41,09,75,059,47,13,52,105,46,1*75
$GBGSV,2,2,08,16,52,042,46,20,30,315,46,23,43,068,47,25,03,037,17,1*73
$GBGSV,2,1,06,06,60,045,48,08,36,114,48,09,75,059,49,13,52,105,46,B*01
$GBGSV,2,2,06,16,52,042,47,23,43,068,11,B*0E
$GQGSV,1,1,03,02,06,088,41,04,20,088,37,07,19,104,33,1*5F
$GQGSV,1,1,03,02,06,088,41,04,20,088,44,07,19,104,45,6*5D
$GNGLL,2454.22946,N,06708.26848,E,163933.00,A,D*7A
$GNRMC,163934.00,A,2454.22946,N,06708.26848,E,0.001,,060525,,,R,V*0D
$GNVTG,,T,,M,0.001,N,0.002,K,D*3B
$GNGGA,163934.00,2454.22946,N,06708.26848,E,4,12,0.61,21.8,M,-44.2,M,1.0,0301*75
$GNGSA,A,3,01,02,03,10,26,28,31,32,04,,,,1.40,0.61,1.26,1*0E
$GNGSA,A,3,81,67,83,78,66,82,77,76,,,,,1.40,0.61,1.26,2*02
$GNGSA,A,3,36,09,05,06,34,31,24,,,,,,1.40,0.61,1.26,3*08
$GNGSA,A,3,06,09,08,13,16,20,23,,,,,,1.40,0.61,1.26,4*02
$GNGSA,A,3,04,,,,,,,,,,,,1.40,0.61,1.26,5*06
$GPGSV,4,1,14,01,46,293,47,02,51,248,46,03,28,324,41,04,16,272,31,1*69
$GPGSV,4,2,14,10,26,113,42,16,,,30,25,06,051,37,26,28,147,42,1*58
$GPGSV,4,3,14,28,54,041,45,31,83,077,49,32,25,051,42,40,59,208,48,1*67
$GPGSV,4,4,14,41,56,146,46,42,19,104,44,1*6D
$GPGSV,3,1,09,01,46,293,46,03,28,324,43,04,16,272,36,10,26,113,41,6*68
$GPGSV,3,2,09,25,06,051,38,26,28,147,43,28,54,041,46,31,83,077,48,6*67
$GPGSV,3,3,09,32,25,051,43,6*5F
$GPGSV,1,1,01,08,01,222,,0*5F
$GLGSV,3,1,10,65,02,084,22,66,30,044,49,67,35,337,48,68,08,295,40,1*78
$GLGSV,3,2,10,76,31,052,48,77,50,114,43,78,17,176,44,81,29,216,46,1*7A
$GLGSV,3,3,10,82,38,275,49,83,19,318,31,1*7E
$GLGSV,2,1,08,66,30,044,46,67,35,337,47,68,08,295,36,76,31,052,47,3*79
$GLGSV,2,2,08,78,17,176,44,81,29,216,45,82,38,275,49,83,19,318,39,3*72
$GAGSV,2,1,08,05,50,306,52,06,25,050,46,09,42,030,51,11,25,168,45,2*78
$GAGSV,2,2,08,24,21,138,48,31,19,084,48,34,39,308,50,36,63,220,52,2*73
$GAGSV,2,1,08,05,50,306,46,06,25,050,41,09,42,030,45,11,25,168,37,7*7F
$GAGSV,2,2,08,24,21,138,40,31,19,084,39,34,39,308,44,36,63,220,47,7*79
$GAGSV,1,1,02,10,01,157,,25,03,183,,0*7B
$GBGSV,2,1,08,06,60,045,46,08,36,114,41,09,75,059,47,13,52,105,46,1*75
$GBGSV,2,2,08,16,52,042,46,20,30,315,46,23,43,068,47,25,03,037,17,1*73
$GBGSV,2,1,06,06,60,045,48,08,36,114,48,09,75,059,49,13,52,105,46,B*01
$GBGSV,2,2,06,16,52,042,47,23,43,068,11,B*0E
$GQGSV,1,1,03,02,06,088,41,04,20,088,37,07,19,104,34,1*58
$GQGSV,1,1,03,02,06,088,41,04,20,088,44,07,19,104,45,6*5D
$GNGLL,2454.22946,N,06708.26848,E,163934.00,A,D*7D
$GNRMC,163935.00,A,2454.22946,N,06708.26848,E,0.001,,060525,,,R,V*0C
$GNVTG,,T,,M,0.001,N,0.002,K,D*3B
$GNGGA,163935.00,2454.22946,N,06708.26848,E,4,12,0.61,21.8,M,-44.2,M,1.0,0301*74
$GNGSA,A,3,01,02,03,10,26,28,31,32,04,,,,1.40,0.61,1.26,1*0E
$GNGSA,A,3,81,67,83,78,66,82,77,76,,,,,1.40,0.61,1.26,2*02
$GNGSA,A,3,36,09,05,06,34,31,24,,,,,,1.40,0.61,1.26,3*08
$GNGSA,A,3,06,09,08,13,16,20,23,,,,,,1.40,0.61,1.26,4*02
$GNGSA,A,3,04,,,,,,,,,,,,1.40,0.61,1.26,5*06
$GPGSV,4,1,14,01,46,293,47,02,51,248,46,03,28,324,41,04,16,272,31,1*69
$GPGSV,4,2,14,10,26,113,42,16,,,30,25,06,051,37,26,28,147,42,1*58
$GPGSV,4,3,14,28,54,041,45,31,83,077,49,32,25,051,42,40,59,208,48,1*67
$GPGSV,4,4,14,41,56,146,46,42,19,104,44,1*6D
$GPGSV,3,1,09,01,46,293,46,03,28,324,43,04,16,272,35,10,26,113,41,6*6B
$GPGSV,3,2,09,25,06,051,38,26,28,147,43,28,54,041,46,31,83,077,48,6*67
$GPGSV,3,3,09,32,25,051,43,6*5F
$GPGSV,1,1,01,08,01,222,,0*5F
$GLGSV,3,1,10,65,02,084,21,66,30,044,49,67,35,337,48,68,08,295,40,1*7B
$GLGSV,3,2,10,76,31,052,48,77,50,114,43,78,17,176,44,81,29,216,46,1*7A
$GLGSV,3,3,10,82,38,275,49,83,19,318,31,1*7E
$GLGSV,2,1,08,66,30,044,46,67,35,337,47,68,08,295,36,76,31,052,47,3*79
$GLGSV,2,2,08,78,17,176,44,81,29,216,46,82,38,275,49,83,19,318,39,3*71
$GAGSV,2,1,08,05,50,306,52,06,25,050,46,09,42,030,51,11,25,168,45,2*78
$GAGSV,2,2,08,24,21,138,48,31,19,084,48,34,39,308,50,36,63,220,52,2*73
$GAGSV,2,1,08,05,50,306,46,06,25,050,41,09,42,030,45,11,25,168,37,7*7F
$GAGSV,2,2,08,24,21,138,40,31,19,084,39,34,39,308,44,36,63,220,47,7*79
$GAGSV,1,1,02,10,01,157,,25,03,183,,0*7B
$GBGSV,2,1,08,06,60,045,46,08,36,114,41,09,75,059,48,13,52,105,46,1*7A
$GBGSV,2,2,08,16,52,042,46,20,30,315,46,23,43,068,47,25,03,037,17,1*73
$GBGSV,2,1,06,06,60,045,48,08,36,114,48,09,75,059,49,13,52,105,46,B*01
$GBGSV,2,2,06,16,52,042,47,23,43,068,11,B*0E
$GQGSV,1,1,03,02,06,088,42,04,20,088,36,07,19,104,34,1*5A
$GQGSV,1,1,03,02,06,088,41,04,20,088,44,07,19,104,44,6*5C
$GNGLL,2454.22946,N,06708.26848,E,163935.00,A,D*7C
$GNRMC,163936.00,A,2454.22946,N,06708.26848,E,0.002,,060525,,,R,V*0C
$GNVTG,,T,,M,0.002,N,0.003,K,D*39
$GNGGA,163936.00,2454.22946,N,06708.26848,E,4,12,0.61,21.8,M,-44.2,M,1.0,0301*77
$GNGSA,A,3,01,02,03,10,26,28,31,32,04,,,,1.40,0.61,1.26,1*0E
$GNGSA,A,3,81,67,83,78,66,82,77,76,,,,,1.40,0.61,1.26,2*02
$GNGSA,A,3,36,09,05,06,34,31,24,,,,,,1.40,0.61,1.26,3*08
$GNGSA,A,3,06,09,08,13,16,20,23,,,,,,1.40,0.61,1.26,4*02
$GNGSA,A,3,04,,,,,,,,,,,,1.40,0.61,1.26,5*06
$GPGSV,4,1,14,01,46,293,47,02,51,248,46,03,28,324,41,04,16,272,31,1*69
$GPGSV,4,2,14,10,26,113,42,16,,,30,25,06,051,37,26,28,147,42,1*58
$GPGSV,4,3,14,28,54,041,45,31,83,077,49,32,25,051,42,40,59,208,48,1*67
$GPGSV,4,4,14,41,56,146,46,42,19,104,44,1*6D
$GPGSV,3,1,09,01,46,293,46,03,28,324,43,04,16,272,36,10,26,113,41,6*68
$GPGSV,3,2,09,25,06,051,38,26,28,147,43,28,54,041,46,31,83,077,48,6*67
$GPGSV,3,3,09,32,25,051,43,6*5F
$GPGSV,1,1,01,08,01,222,,0*5F
$GLGSV,3,1,10,65,02,084,20,66,30,044,49,67,35,337,48,68,08,295,39,1*74
$GLGSV,3,2,10,76,31,052,48,77,50,114,43,78,17,176,44,81,29,216,46,1*7A
$GLGSV,3,3,10,82,38,275,49,83,19,318,31,1*7E
$GLGSV,2,1,08,66,30,044,46,67,35,337,47,68,08,295,36,76,31,052,47,3*79
$GLGSV,2,2,08,78,17,176,44,81,29,216,46,82,38,275,49,83,19,318,39,3*71
$GAGSV,2,1,08,05,50,306,52,06,25,050,46,09,42,030,51,11,25,168,45,2*78
$GAGSV,2,2,08,24,21,138,48,31,19,084,48,34,39,308,50,36,63,220,52,2*73
$GAGSV,2,1,08,05,50,306,46,06,25,050,41,09,42,030,45,11,25,168,37,7*7F
$GAGSV,2,2,08,24,21,138,40,31,19,084,39,34,39,308,44,36,63,220,47,7*79
$GAGSV,1,1,02,10,01,157,,25,03,183,,0*7B
$GBGSV,2,1,08,06,60,045,46,08,36,114,41,09,75,059,47,13,52,105,46,1*75
$GBGSV,2,2,08,16,52,042,46,20,30,315,46,23,43,068,47,25,03,037,18,1*7C
$GBGSV,2,1,06,06,60,045,48,08,36,114,48,09,75,059,49,13,52,105,46,B*01
$GBGSV,2,2,06,16,52,042,47,23,43,068,09,B*07
$GQGSV,1,1,03,02,06,088,42,04,20,088,36,07,19,104,33,1*5D
$GQGSV,1,1,03,02,06,088,41,04,20,088,44,07,19,104,45,6*5D
$GNGLL,2454.22946,N,06708.26848,E,163936.00,A,D*7F
$GNRMC,163937.00,A,2454.22946,N,06708.26848,E,0.006,,060525,,,R,V*09
$GNVTG,,T,,M,0.006,N,0.011,K,D*3E
$GNGGA,163937.00,2454.22946,N,06708.26848,E,4,12,0.61,21.8,M,-44.2,M,1.0,0301*76
$GNGSA,A,3,01,02,03,10,26,28,31,32,04,,,,1.40,0.61,1.26,1*0E
$GNGSA,A,3,81,67,83,78,66,82,77,76,,,,,1.40,0.61,1.26,2*02
$GNGSA,A,3,36,09,05,06,34,31,24,,,,,,1.40,0.61,1.26,3*08
$GNGSA,A,3,06,09,08,13,16,20,23,,,,,,1.40,0.61,1.26,4*02
$GNGSA,A,3,04,,,,,,,,,,,,1.40,0.61,1.26,5*06
$GPGSV,4,1,14,01,46,293,47,02,51,248,46,03,28,324,41,04,16,272,31,1*69
$GPGSV,4,2,14,10,26,113,42,16,,,30,25,06,051,37,26,28,147,42,1*58
$GPGSV,4,3,14,28,54,041,45,31,83,077,49,32,25,052,42,40,59,208,48,1*64
$GPGSV,4,4,14,41,56,146,46,42,19,104,44,1*6D
$GPGSV,3,1,09,01,46,293,46,03,28,324,43,04,16,272,36,10,26,113,41,6*68
$GPGSV,3,2,09,25,06,051,38,26,28,147,43,28,54,041,46,31,83,077,48,6*67
$GPGSV,3,3,09,32,25,052,43,6*5C
$GPGSV,1,1,01,08,01,222,,0*5F
$GLGSV,3,1,10,65,02,084,19,66,30,044,49,67,35,337,48,68,08,295,39,1*7E
$GLGSV,3,2,10,76,31,052,48,77,50,114,43,78,17,176,44,81,29,216,46,1*7A
$GLGSV,3,3,10,82,38,275,49,83,19,318,31,1*7E
$GLGSV,2,1,08,66,30,044,46,67,35,337,47,68,08,295,36,76,31,052,47,3*79
$GLGSV,2,2,08,78,17,176,44,81,29,216,46,82,38,275,49,83,19,318,39,3*71
$GAGSV,2,1,08,05,50,306,52,06,25,050,46,09,42,030,51,11,25,168,45,2*78
$GAGSV,2,2,08,24,21,138,48,31,19,084,48,34,39,308,50,36,63,220,52,2*73
$GAGSV,2,1,08,05,50,306,46,06,25,050,41,09,42,030,45,11,25,168,37,7*7F
$GAGSV,2,2,08,24,21,138,40,31,19,084,39,34,39,308,44,36,63,220,47,7*79
$GAGSV,1,1,02,10,01,157,,25,03,183,,0*7B
$GBGSV,2,1,08,06,60,045,46,08,36,114,41,09,75,059,47,13,52,105,46,1*75
$GBGSV,2,2,08,16,52,042,46,20,30,315,46,23,43,068,47,25,03,037,19,1*7D
$GBGSV,2,1,06,06,60,045,48,08,36,114,48,09,75,059,49,13,52,105,46,B*01
$GBGSV,2,2,06,16,52,042,47,23,43,068,08,B*06
$GQGSV,1,1,03,02,06,088,42,04,20,088,36,07,19,104,33,1*5D
$GQGSV,1,1,03,02,06,088,41,04,20,088,44,07,19,104,44,6*5C
$GNGLL,2454.22946,N,06708.26848,E,163937.00,A,D*7E
$GNRMC,163938.00,A,2454.22946,N,06708.26848,E,0.009,,060525,,,R,V*09
$GNVTG,,T,,M,0.009,N,0.017,K,D*37
$GNGGA,163938.00,2454.22946,N,06708.26848,E,4,12,0.61,21.8,M,-44.2,M,1.0,0301*79
$GNGSA,A,3,01,02,03,10,26,28,31,32,04,,,,1.40,0.61,1.26,1*0E
$GNGSA,A,3,81,67,83,78,66,82,77,76,,,,,1.40,0.61,1.26,2*02
$GNGSA,A,3,36,09,05,06,34,31,24,,,,,,1.40,0.61,1.26,3*08
$GNGSA,A,3,06,09,08,13,16,20,23,,,,,,1.40,0.61,1.26,4*02
$GNGSA,A,3,04,,,,,,,,,,,,1.40,0.61,1.26,5*06
$GPGSV,4,1,14,01,46,293,47,02,51,248,46,03,28,324,41,04,16,272,31,1*69
$GPGSV,4,2,14,10,26,113,42,16,,,31,25,06,051,37,26,28,147,42,1*59
$GPGSV,4,3,14,28,54,041,45,31,83,077,49,32,25,052,42,40,59,208,48,1*64
$GPGSV,4,4,14,41,56,146,46,42,19,104,44,1*6D
$GPGSV,3,1,09,01,46,293,46,03,28,324,43,04,16,272,36,10,26,113,41,6*68
$GPGSV,3,2,09,25,06,051,38,26,28,147,43,28,54,041,46,31,83,077,48,6*67
$GPGSV,3,3,09,32,25,052,43,6*5C
$GPGSV,1,1,01,08,01,222,,0*5F
$GLGSV,3,1,10,65,02,084,20,66,30,044,49,67,35,337,48,68,08,295,39,1*74
$GLGSV,3,2,10,76,31,052,48,77,50,114,43,78,17,176,44,81,29,216,46,1*7A
$GLGSV,3,3,10,82,38,275,49,83,19,318,31,1*7E
$GLGSV,2,1,08,66,30,044,46,67,35,337,47,68,08,295,37,76,31,052,47,3*78
$GLGSV,2,2,08,78,17,176,44,81,29,216,46,82,38,275,49,83,19,318,39,3*71
$GAGSV,2,1,08,05,50,306,52,06,25,050,46,09,42,030,51,11,25,168,45,2*78
$GAGSV,2,2,08,24,21,138,48,31,19,084,48,34,39,308,50,36,63,220,52,2*73
$GAGSV,2,1,08,05,50,306,46,06,25,050,41,09,42,030,45,11,25,168,37,7*7F
$GAGSV,2,2,08,24,21,138,40,31,19,084,39,34,39,308,44,36,63,220,47,7*79
$GAGSV,1,1,02,10,01,157,,25,03,183,,0*7B
$GBGSV,2,1,08,06,60,045,46,08,36,114,41,09,75,059,47,13,52,105,46,1*75
$GBGSV,2,2,08,16,52,042,46,20,30,315,46,23,43,068,47,25,03,037,20,1*77
$GBGSV,2,1,06,06,60,045,48,08,36,114,48,09,75,059,49,13,52,105,46,B*01
$GBGSV,2,2,06,16,52,042,47,23,43,068,07,B*09
$GQGSV,1,1,03,02,06,088,42,04,20,088,36,07,19,104,34,1*5A
$GQGSV,1,1,03,02,06,088,41,04,20,088,44,07,19,104,45,6*5D
$GNGLL,2454.22946,N,06708.26848,E,163938.00,A,D*71
$GNRMC,163939.00,A,2454.22946,N,06708.26848,E,0.004,,060525,,,R,V*05
$GNVTG,,T,,M,0.004,N,0.007,K,D*3B
$GNGGA,163939.00,2454.22946,N,06708.26848,E,4,12,0.61,21.8,M,-44.2,M,1.0,0301*78
$GNGSA,A,3,01,02,03,10,26,28,31,32,04,,,,1.40,0.61,1.26,1*0E
$GNGSA,A,3,81,67,83,78,66,82,77,76,,,,,1.40,0.61,1.26,2*02
$GNGSA,A,3,36,09,05,06,34,31,24,,,,,,1.40,0.61,1.26,3*08
$GNGSA,A,3,06,09,08,13,16,20,23,,,,,,1.40,0.61,1.26,4*02
$GNGSA,A,3,04,,,,,,,,,,,,1.40,0.61,1.26,5*06
$GPGSV,4,1,14,01,46,293,47,02,51,248,46,03,28,324,41,04,16,272,31,1*69
$GPGSV,4,2,14,10,26,114,42,16,,,31,25,06,051,38,26,28,147,42,1*51
$GPGSV,4,3,14,28,54,041,45,31,83,077,49,32,25,052,42,40,59,208,48,1*64
$GPGSV,4,4,14,41,56,146,46,42,19,104,44,1*6D
$GPGSV,3,1,09,01,46,293,46,03,28,324,43,04,16,272,36,10,26,114,41,6*6F
$GPGSV,3,2,09,25,06,051,38,26,28,147,43,28,54,041,46,31,83,077,48,6*67
$GPGSV,3,3,09,32,25,052,43,6*5C
$GPGSV,1,1,01,08,01,222,,0*5F
$GLGSV,3,1,10,65,02,084,21,66,30,044,49,67,35,337,48,68,08,295,39,1*75
$GLGSV,3,2,10,76,31,052,48,77,50,114,43,78,17,176,44,81,29,216,46,1*7A
$GLGSV,3,3,10,82,38,275,49,83,19,318,30,1*7F
$GLGSV,2,1,08,66,30,044,46,67,35,337,48,68,08,295,37,76,31,052,47,3*77
$GLGSV,2,2,08,78,17,176,44,81,29,216,46,82,38,275,49,83,19,318,39,3*71
$GAGSV,2,1,08,05,50,306,52,06,25,050,46,09,42,030,51,11,25,168,45,2*78
$GAGSV,2,2,08,24,21,138,48,31,19,084,48,34,39,308,50,36,63,220,52,2*73
$GAGSV,2,1,08,05,50,306,46,06,25,050,41,09,42,030,45,11,25,168,37,7*7F
$GAGSV,2,2,08,24,21,138,40,31,19,084,39,34,39,308,44,36,63,220,47,7*79
$GAGSV,1,1,02,10,01,157,,25,03,183,,0*7B
$GBGSV,2,1,08,06,60,045,46,08,36,114,41,09,75,059,47,13,52,105,46,1*75
$GBGSV,2,2,08,16,52,042,46,20,30,315,46,23,43,068,47,25,03,037,20,1*77
$GBGSV,2,1,06,06,60,045,48,08,36,114,48,09,75,059,49,13,52,105,46,B*01
$GBGSV,2,2,06,16,52,042,47,23,43,068,09,B*07
$GQGSV,1,1,03,02,06,088,42,04,20,088,36,07,19,104,34,1*5A
$GQGSV,1,1,03,02,06,088,41,04,20,088,44,07,19,104,45,6*5D
$GNGLL,2454.22946,N,06708.26848,E,163939.00,A,D*70
$GNRMC,163940.00,A,2454.22946,N,06708.26848,E,0.003,,060525,,,R,V*0C
$GNVTG,,T,,M,0.003,N,0.005,K,D*3E
$GNGGA,163940.00,2454.22946,N,06708.26848,E,4,12,0.61,21.8,M,-44.2,M,1.0,0301*76
$GNGSA,A,3,01,02,03,10,26,28,31,32,04,,,,1.40,0.61,1.27,1*0F
$GNGSA,A,3,81,67,83,78,66,82,77,76,,,,,1.40,0.61,1.27,2*03
$GNGSA,A,3,36,09,05,06,34,31,24,,,,,,1.40,0.61,1.27,3*09
$GNGSA,A,3,06,09,08,13,16,20,23,,,,,,1.40,0.61,1.27,4*03
$GNGSA,A,3,04,,,,,,,,,,,,1.40,0.61,1.27,5*07
$GPGSV,4,1,14,01,46,293,47,02,51,248,46,03,28,324,41,04,16,272,31,1*69
$GPGSV,4,2,14,10,26,114,42,16,,,31,25,06,050,38,26,28,147,42,1*50
$GPGSV,4,3,14,28,54,041,45,31,83,077,49,32,25,052,42,40,59,208,48,1*64
$GPGSV,4,4,14,41,56,146,46,42,19,104,44,1*6D
$GPGSV,3,1,09,01,46,293,46,03,28,324,43,04,16,272,36,10,26,114,41,6*6F
$GPGSV,3,2,09,25,06,050,38,26,28,147,43,28,54,041,46,31,83,077,48,6*66
$GPGSV,3,3,09,32,25,052,43,6*5C
$GPGSV,1,1,01,08,01,222,,0*5F
$GLGSV,3,1,10,65,02,084,20,66,30,044,49,67,35,337,48,68,08,295,39,1*74
$GLGSV,3,2,10,76,31,052,48,77,50,114,43,78,17,176,44,81,29,216,46,1*7A
$GLGSV,3,3,10,82,38,275,49,83,19,318,30,1*7F
$GLGSV,2,1,08,66,30,044,46,67,35,337,48,68,08,295,37,76,31,052,47,3*77
$GLGSV,2,2,08,78,17,176,44,81,29,216,46,82,38,275,49,83,19,318,39,3*71
$GAGSV,2,1,08,05,50,306,52,06,25,050,46,09,42,030,50,11,25,168,45,2*79
$GAGSV,2,2,08,24,21,138,48,31,19,084,48,34,39,308,50,36,63,220,52,2*73
$GAGSV,2,1,08,05,50,306,46,06,25,050,41,09,42,030,45,11,25,168,37,7*7F
$GAGSV,2,2,08,24,21,138,40,31,19,084,39,34,39,308,44,36,63,220,47,7*79
$GAGSV,1,1,02,10,01,157,,25,03,183,,0*7B
$GBGSV,2,1,08,06,60,045,46,08,36,114,41,09,75,059,47,13,52,105,46,1*75
$GBGSV,2,2,08,16,52,042,46,20,30,315,46,23,43,068,47,25,03,037,21,1*76
$GBGSV,2,1,06,06,60,045,48,08,36,114,48,09,75,059,49,13,52,105,46,B*01
$GBGSV,2,2,06,16,52,042,47,23,43,068,08,B*06
$GQGSV,1,1,03,02,06,088,42,04,20,088,36,07,19,104,33,1*5D
$GQGSV,1,1,03,02,06,088,41,04,20,088,44,07,19,104,45,6*5D
$GNGLL,2454.22946,N,06708.26848,E,163940.00,A,D*7E
$GNRMC,163941.00,A,2454.22946,N,06708.26848,E,0.001,,060525,,,R,V*0F
$GNVTG,,T,,M,0.001,N,0.001,K,D*38
$GNGGA,163941.00,2454.22946,N,06708.26848,E,4,12,0.61,21.8,M,-44.2,M,1.0,0301*77
$GNGSA,A,3,01,02,03,10,26,28,31,32,04,,,,1.40,0.61,1.27,1*0F
$GNGSA,A,3,81,67,83,78,66,82,77,76,,,,,1.40,0.61,1.27,2*03
$GNGSA,A,3,36,09,05,06,34,31,24,,,,,,1.40,0.61,1.27,3*09
$GNGSA,A,3,06,09,08,13,16,20,23,,,,,,1.40,0.61,1.27,4*03
$GNGSA,A,3,04,,,,,,,,,,,,1.40,0.61,1.27,5*07
$GPGSV,4,1,14,01,46,293,47,02,51,248,46,03,28,324,41,04,16,272,31,1*69
$GPGSV,4,2,14,10,26,114,42,16,,,31,25,06,050,38,26,29,146,42,1*50
$GPGSV,4,3,14,28,54,041,45,31,83,077,49,32,25,052,42,40,59,208,48,1*64
$GPGSV,4,4,14,41,56,146,46,42,19,104,44,1*6D
$GPGSV,3,1,09,01,46,293,46,03,28,324,43,04,16,272,36,10,26,114,41,6*6F
$GPGSV,3,2,09,25,06,050,38,26,29,146,43,28,54,041,46,31,83,077,48,6*66
$GPGSV,3,3,09,32,25,052,43,6*5C
$GPGSV,1,1,01,08,01,222,,0*5F
$GLGSV,3,1,10,65,02,084,19,66,30,044,49,67,35,337,48,68,08,295,39,1*7E
$GLGSV,3,2,10,76,31,052,48,77,50,114,43,78,17,176,44,81,29,216,46,1*7A
$GLGSV,3,3,10,82,38,275,49,83,19,318,30,1*7F
$GLGSV,2,1,08,66,30,044,46,67,35,337,48,68,08,295,37,76,31,052,47,3*77
$GLGSV,2,2,08,78,17,176,44,81,29,216,46,82,38,275,49,83,19,318,39,3*71
$GAGSV,2,1,08,05,50,306,52,06,25,050,46,09,42,030,50,11,24,168,45,2*78
$GAGSV,2,2,08,24,21,138,48,31,19,084,48,34,39,308,50,36,63,220,52,2*73
$GAGSV,2,1,08,05,50,306,46,06,25,050,41,09,42,030,45,11,24,168,37,7*7E
$GAGSV,2,2,08,24,21,138,40,31,19,084,39,34,39,308,44,36,63,220,47,7*79
$GAGSV,1,1,02,10,01,157,,25,03,183,,0*7B
$GBGSV,2,1,08,06,60,045,46,08,36,114,41,09,75,059,47,13,52,105,46,1*75
$GBGSV,2,2,08,16,52,042,46,20,30,315,46,23,43,068,47,25,03,037,21,1*76
$GBGSV,2,1,05,06,60,045,48,08,36,114,48,09,75,059,49,13,52,105,46,B*02
$GBGSV,2,2,05,16,52,042,47,B*35
$GQGSV,1,1,03,02,06,088,42,04,20,088,36,07,19,104,33,1*5D
$GQGSV,1,1,03,02,06,088,41,04,20,088,44,07,19,104,45,6*5D
$GNGLL,2454.22946,N,06708.26848,E,163941.00,A,D*7F
$GNRMC,163942.00,A,2454.22946,N,06708.26848,E,0.002,,060525,,,R,V*0F
$GNVTG,,T,,M,0.002,N,0.003,K,D*39
$GNGGA,163942.00,2454.22946,N,06708.26848,E,4,12,0.61,21.8,M,-44.2,M,1.0,0301*74
$GNGSA,A,3,01,02,03,10,26,28,31,32,04,,,,1.40,0.61,1.27,1*0F
$GNGSA,A,3,81,67,83,78,66,82,77,76,,,,,1.40,0.61,1.27,2*03
$GNGSA,A,3,36,09,05,06,34,31,24,,,,,,1.40,0.61,1.27,3*09
$GNGSA,A,3,06,09,08,13,16,20,23,,,,,,1.40,0.61,1.27,4*03
$GNGSA,A,3,04,,,,,,,,,,,,1.40,0.61,1.27,5*07
$GPGSV,4,1,14,01,46,293,47,02,51,248,46,03,28,324,41,04,16,272,31,1*69
$GPGSV,4,2,14,10,26,114,42,16,,,31,25,06,050,38,26,29,146,42,1*50
$GPGSV,4,3,14,28,54,041,45,31,83,077,49,32,25,052,42,40,59,208,48,1*64
$GPGSV,4,4,14,41,56,146,46,42,19,104,44,1*6D
$GPGSV,3,1,09,01,46,293,46,03,28,324,43,04,16,272,36,10,26,114,41,6*6F
$GPGSV,3,2,09,25,06,050,38,26,29,146,43,28,54,041,46,31,83,077,48,6*66
$GPGSV,3,3,09,32,25,052,43,6*5C
$GPGSV,1,1,01,08,01,222,,0*5F
$GLGSV,3,1,10,65,02,084,19,66,30,044,49,67,35,337,48,68,08,295,39,1*7E
$GLGSV,3,2,10,76,31,052,48,77,50,114,43,78,17,176,44,81,29,216,46,1*7A
$GLGSV,3,3,10,82,38,275,49,83,19,318,30,1*7F
$GLGSV,2,1,08,66,30,044,46,67,35,337,47,68,08,295,37,76,31,052,47,3*78
$GLGSV,2,2,08,78,17,176,45,81,29,216,46,82,38,275,49,83,19,318,39,3*70
$GAGSV,2,1,08,05,50,306,52,06,25,050,46,09,42,030,51,11,24,168,45,2*79
$GAGSV,2,2,08,24,21,138,48,31,19,084,48,34,39,308,50,36,63,220,52,2*73
$GAGSV,2,1,08,05,50,306,46,06,25,050,40,09,42,030,45,11,24,168,37,7*7F
$GAGSV,2,2,08,24,21,138,40,31,19,084,39,34,39,308,44,36,63,220,47,7*79
$GAGSV,1,1,02,10,01,157,,25,03,183,,0*7B
$GBGSV,2,1,08,06,60,045,46,08,36,114,41,09,75,059,47,13,52,105,46,1*75
$GBGSV,2,2,08,16,52,042,46,20,30,315,46,23,43,068,47,25,03,037,21,1*76
$GBGSV,2,1,05,06,60,045,48,08,36,114,48,09,75,059,49,13,52,105,47,B*03
$GBGSV,2,2,05,16,52,042,47,B*35
$GQGSV,1,1,03,02,06,088,42,04,20,088,36,07,19,104,34,1*5A
$GQGSV,1,1,03,02,06,088,41,04,20,088,44,07,19,104,45,6*5D
$GNGLL,2454.22946,N,06708.26848,E,163942.00,A,D*7C
$GNRMC,163943.00,A,2454.22946,N,06708.26848,E,0.008,,060525,,,R,V*04
$GNVTG,,T,,M,0.008,N,0.016,K,D*37
$GNGGA,163943.00,2454.22946,N,06708.26848,E,4,12,0.61,21.8,M,-44.2,M,1.0,0301*75
$GNGSA,A,3,01,02,03,10,26,28,31,32,04,,,,1.40,0.61,1.27,1*0F
$GNGSA,A,3,81,67,83,78,66,82,77,76,,,,,1.40,0.61,1.27,2*03
$GNGSA,A,3,36,09,05,06,34,31,24,,,,,,1.40,0.61,1.27,3*09
$GNGSA,A,3,06,09,08,13,16,20,23,,,,,,1.40,0.61,1.27,4*03
$GNGSA,A,3,04,,,,,,,,,,,,1.40,0.61,1.27,5*07
$GPGSV,4,1,14,01,46,293,47,02,51,248,46,03,28,324,41,04,16,272,31,1*69
$GPGSV,4,2,14,10,26,114,42,16,,,31,25,06,050,38,26,29,146,42,1*50
$GPGSV,4,3,14,28,53,040,45,31,83,077,49,32,25,052,42,40,59,208,48,1*62
$GPGSV,4,4,14,41,56,146,46,42,19,104,44,1*6D
$GPGSV,3,1,09,01,46,293,46,03,28,324,43,04,16,272,36,10,26,114,41,6*6F
$GPGSV,3,2,09,25,06,050,37,26,29,146,43,28,53,040,46,31,83,077,48,6*6F
$GPGSV,3,3,09,32,25,052,43,6*5C
$GPGSV,1,1,01,08,01,222,,0*5F
$GLGSV,3,1,10,65,02,084,20,66,30,044,49,67,35,337,48,68,08,295,38,1*75
$GLGSV,3,2,10,76,31,052,48,77,50,114,43,78,17,176,44,81,29,216,46,1*7A
$GLGSV,3,3,10,82,38,275,49,83,19,318,30,1*7F
$GLGSV,2,1,08,66,30,044,46,67,35,337,48,68,08,295,37,76,31,052,47,3*77
$GLGSV,2,2,08,78,17,176,45,81,29,216,46,82,38,275,49,83,19,318,39,3*70
$GAGSV,2,1,08,05,50,306,52,06,25,050,46,09,42,030,51,11,24,168,45,2*79
$GAGSV,2,2,08,24,21,138,48,31,19,084,48,34,39,308,50,36,63,220,52,2*73
$GAGSV,2,1,08,05,50,306,46,06,25,050,40,09,42,030,45,11,24,168,37,7*7F
$GAGSV,2,2,08,24,21,138,40,31,19,084,39,34,39,308,45,36,63,220,47,7*78
$GAGSV,1,1,02,10,01,157,,25,03,183,,0*7B
$GBGSV,2,1,08,06,60,045,46,08,36,114,41,09,75,059,47,13,52,105,46,1*75
$GBGSV,2,2,08,16,52,042,46,20,30,315,46,23,43,068,47,25,03,037,21,1*76
$GBGSV,2,1,05,06,60,045,48,08,36,114,48,09,75,059,49,13,52,105,47,B*03
$GBGSV,2,2,05,16,52,042,47,B*35
$GQGSV,1,1,03,02,06,088,42,04,20,088,36,07,19,104,34,1*5A
$GQGSV,1,1,03,02,06,088,41,04,20,088,44,07,19,104,45,6*5D
$GNGLL,2454.22946,N,06708.26848,E,163943.00,A,D*7D
$GNRMC,163944.00,A,2454.22946,N,06708.26848,E,0.009,,060525,,,R,V*02
$GNVTG,,T,,M,0.009,N,0.016,K,D*36
$GNGGA,163944.00,2454.22946,N,06708.26848,E,4,12,0.61,21.8,M,-44.2,M,1.0,0301*72
$GNGSA,A,3,01,02,03,10,26,28,31,32,04,,,,1.40,0.61,1.27,1*0F
$GNGSA,A,3,81,67,83,78,66,82,77,76,,,,,1.40,0.61,1.27,2*03
$GNGSA,A,3,36,09,05,06,34,31,24,,,,,,1.40,0.61,1.27,3*09
$GNGSA,A,3,06,09,08,13,16,20,23,,,,,,1.40,0.61,1.27,4*03
$GNGSA,A,3,04,,,,,,,,,,,,1.40,0.61,1.27,5*07
$GPGSV,4,1,14,01,46,293,47,02,51,248,46,03,28,324,41,04,16,272,31,1*69
$GPGSV,4,2,14,10,26,114,42,16,,,31,25,06,050,38,26,29,146,42,1*50
$GPGSV,4,3,14,28,53,040,45,31,83,077,49,32,25,052,42,40,59,208,47,1*6D
$GPGSV,4,4,14,41,56,146,46,42,19,104,44,1*6D
$GPGSV,3,1,09,01,46,293,46,03,28,324,43,04,16,272,36,10,26,114,41,6*6F
$GPGSV,3,2,09,25,06,050,38,26,29,146,43,28,53,040,46,31,83,077,48,6*60
$GPGSV,3,3,09,32,25,052,43,6*5C
$GPGSV,1,1,01,08,01,222,,0*5F
$GLGSV,3,1,10,65,02,084,20,66,30,044,49,67,35,337,48,68,08,295,38,1*75
$GLGSV,3,2,10,76,31,052,48,77,50,114,43,78,17,176,44,81,29,216,46,1*7A
$GLGSV,3,3,10,82,38,275,49,83,19,318,30,1*7F
$GLGSV,2,1,08,66,30,044,46,67,35,337,48,68,08,295,38,76,31,052,47,3*78
$GLGSV,2,2,08,78,17,176,45,81,29,216,46,82,38,275,49,83,19,318,38,3*71
$GAGSV,2,1,08,05,50,306,52,06,25,050,46,09,42,030,51,11,24,168,45,2*79
$GAGSV,2,2,08,24,21,138,48,31,19,084,48,34,39,308,50,36,63,220,52,2*73
$GAGSV,2,1,08,05,50,306,46,06,25,050,41,09,42,030,45,11,24,168,37,7*7E
$GAGSV,2,2,08,24,21,138,40,31,19,084,39,34,39,308,44,36,63,220,47,7*79
$GAGSV,1,1,02,10,01,157,,25,03,183,,0*7B
$GBGSV,2,1,08,06,60,045,46,08,36,114,41,09,75,059,47,13,52,105,46,1*75
$GBGSV,2,2,08,16,52,042,46,20,30,315,46,23,43,068,47,25,03,037,21,1*76
$GBGSV,2,1,05,06,60,045,48,08,36,114,48,09,75,059,49,13,52,105,47,B*03
$GBGSV,2,2,05,16,52,042,47,B*35
$GQGSV,1,1,03,02,06,088,42,04,20,088,36,07,19,104,33,1*5D
$GQGSV,1,1,03,02,06,088,41,04,20,088,44,07,19,104,45,6*5D
$GNGLL,2454.22946,N,06708.26848,E,163944.00,A,D*7A
$GNRMC,163945.00,A,2454.22946,N,06708.26848,E,0.006,,060525,,,R,V*0C
$GNVTG,,T,,M,0.006,N,0.011,K,D*3E
$GNGGA,163945.00,2454.22946,N,06708.26848,E,4,12,0.61,21.8,M,-44.2,M,1.0,0301*73
$GNGSA,A,3,01,02,03,10,26,28,31,32,04,,,,1.41,0.61,1.27,1*0E
$GNGSA,A,3,81,67,83,78,66,82,77,76,,,,,1.41,0.61,1.27,2*02
$GNGSA,A,3,36,09,05,06,34,31,24,,,,,,1.41,0.61,1.27,3*08
$GNGSA,A,3,06,09,08,13,16,20,23,,,,,,1.41,0.61,1.27,4*02
$GNGSA,A,3,04,,,,,,,,,,,,1.41,0.61,1.27,5*06
$GPGSV,4,1,14,01,46,293,47,02,51,248,46,03,28,324,41,04,16,272,31,1*69
$GPGSV,4,2,14,10,26,114,42,16,,,30,25,06,050,38,26,29,146,42,1*51
$GPGSV,4,3,14,28,53,040,45,31,83,077,49,32,25,052,42,40,59,208,48,1*62
$GPGSV,4,4,14,41,56,146,46,42,19,104,44,1*6D
$GPGSV,3,1,09,01,46,293,46,03,28,324,43,04,16,272,36,10,26,114,41,6*6F
$GPGSV,3,2,09,25,06,050,38,26,29,146,43,28,53,040,46,31,83,077,48,6*60
$GPGSV,3,3,09,32,25,052,43,6*5C
$GPGSV,1,1,01,08,01,222,,0*5F
$GLGSV,3,1,10,65,02,084,20,66,30,044,49,67,35,337,48,68,08,295,38,1*75
$GLGSV,3,2,10,76,31,052,48,77,50,114,44,78,17,176,44,81,29,216,46,1*7D
$GLGSV,3,3,10,82,38,275,49,83,19,318,30,1*7F
$GLGSV,2,1,08,66,30,044,46,67,35,337,48,68,08,295,38,76,31,052,47,3*78
$GLGSV,2,2,08,78,17,176,45,81,29,216,46,82,38,275,49,83,19,318,38,3*71
$GAGSV,2,1,08,05,50,306,52,06,25,050,46,09,42,030,51,11,24,168,45,2*79
$GAGSV,2,2,08,24,21,138,48,31,19,084,48,34,39,308,50,36,63,220,52,2*73
$GAGSV,2,1,08,05,50,306,46,06,25,050,40,09,42,030,45,11,24,168,37,7*7F
$GAGSV,2,2,08,24,21,138,40,31,19,084,39,34,39,308,45,36,63,220,47,7*78
$GAGSV,1,1,02,10,01,157,,25,03,183,,0*7B
$GBGSV,2,1,08,06,60,045,46,08,36,114,41,09,75,059,47,13,52,105,46,1*75
$GBGSV,2,2,08,16,52,042,46,20,30,315,46,23,43,068,47,25,03,037,21,1*76
$GBGSV,2,1,05,06,60,045,48,08,36,114,48,09,75,059,49,13,52,105,47,B*03
$GBGSV,2,2,05,16,52,042,47,B*35
$GQGSV,1,1,03,02,06,088,42,04,20,088,36,07,19,104,33,1*5D
$GQGSV,1,1,03,02,06,088,41,04,20,088,44,07,19,104,45,6*5D
$GNGLL,2454.22946,N,06708.26848,E,163945.00,A,D*7B
$GNRMC,163946.00,A,2454.22946,N,06708.26848,E,0.003,,060525,,,R,V*0A
$GNVTG,,T,,M,0.003,N,0.005,K,D*3E
$GNGGA,163946.00,2454.22946,N,06708.26848,E,4,12,0.61,21.8,M,-44.2,M,1.0,0301*70
$GNGSA,A,3,01,02,03,10,26,28,31,32,04,,,,1.41,0.61,1.27,1*0E
$GNGSA,A,3,81,67,83,78,66,82,77,76,,,,,1.41,0.61,1.27,2*02
$GNGSA,A,3,36,09,05,06,34,31,24,,,,,,1.41,0.61,1.27,3*08
$GNGSA,A,3,06,09,08,13,16,20,23,,,,,,1.41,0.61,1.27,4*02
$GNGSA,A,3,04,,,,,,,,,,,,1.41,0.61,1.27,5*06
$GPGSV,4,1,14,01,46,293,47,02,51,248,46,03,28,324,42,04,16,272,31,1*6A
$GPGSV,4,2,14,10,26,114,42,16,,,31,25,06,050,38,26,29,146,42,1*50
$GPGSV,4,3,14,28,53,040,45,31,82,074,49,32,25,052,42,40,59,208,48,1*60
$GPGSV,4,4,14,41,56,146,46,42,19,104,44,1*6D
$GPGSV,3,1,09,01,46,293,46,03,28,324,43,04,16,272,36,10,26,114,41,6*6F
$GPGSV,3,2,09,25,06,050,38,26,29,146,43,28,53,040,46,31,82,074,48,6*62
$GPGSV,3,3,09,32,25,052,43,6*5C
$GPGSV,1,1,01,08,01,222,,0*5F
$GLGSV,3,1,10,65,02,084,20,66,30,044,48,67,35,337,48,68,08,295,38,1*74
$GLGSV,3,2,10,76,31,052,48,77,50,114,44,78,17,176,44,81,29,216,46,1*7D
$GLGSV,3,3,10,82,38,275,49,83,19,318,30,1*7F
$GLGSV,2,1,08,66,30,044,46,67,35,337,48,68,08,295,38,76,31,052,47,3*78
$GLGSV,2,2,08,78,17,176,45,81,29,216,46,82,38,275,49,83,19,318,38,3*71
$GAGSV,2,1,08,05,50,306,52,06,25,050,46,09,42,030,51,11,24,168,45,2*79
$GAGSV,2,2,08,24,21,138,48,31,19,084,48,34,39,308,50,36,63,220,52,2*73
$GAGSV,2,1,08,05,50,306,46,06,25,050,40,09,42,030,45,11,24,168,37,7*7F
$GAGSV,2,2,08,24,21,138,40,31,19,084,39,34,39,308,45,36,63,220,47,7*78
$GAGSV,1,1,02,10,01,157,,25,03,183,,0*7B
$GBGSV,2,1,08,06,60,045,46,08,36,114,41,09,75,059,47,13,52,105,46,1*75
$GBGSV,2,2,08,16,52,042,46,20,30,315,46,23,43,068,47,25,03,037,21,1*76
$GBGSV,2,1,05,06,60,045,48,08,36,114,48,09,75,059,49,13,52,105,47,B*03
$GBGSV,2,2,05,16,52,042,47,B*35
$GQGSV,1,1,03,02,06,088,42,04,20,088,36,07,19,104,33,1*5D
$GQGSV,1,1,03,02,06,088,41,04,20,088,44,07,19,104,45,6*5D
$GNGLL,2454.22946,N,06708.26848,E,163946.00,A,D*78
$GNRMC,163947.00,A,2454.22946,N,06708.26848,E,0.007,,060525,,,R,V*0F
$GNVTG,,T,,M,0.007,N,0.013,K,D*3D
$GNGGA,163947.00,2454.22946,N,06708.26848,E,4,12,0.61,21.8,M,-44.2,M,1.0,0301*71
$GNGSA,A,3,01,02,03,10,26,28,31,32,04,,,,1.41,0.61,1.27,1*0E
$GNGSA,A,3,81,67,83,78,66,82,77,76,,,,,1.41,0.61,1.27,2*02
$GNGSA,A,3,36,09,05,06,34,31,24,,,,,,1.41,0.61,1.27,3*08
$GNGSA,A,3,06,09,08,13,16,20,23,,,,,,1.41,0.61,1.27,4*02
$GNGSA,A,3,04,,,,,,,,,,,,1.41,0.61,1.27,5*06
$GPGSV,4,1,14,01,46,293,47,02,51,248,46,03,28,324,41,04,16,272,31,1*69
$GPGSV,4,2,14,10,26,114,42,16,,,31,25,06,050,38,26,29,146,42,1*50
$GPGSV,4,3,14,28,53,040,45,31,82,074,49,32,25,052,42,40,59,208,48,1*60
$GPGSV,4,4,14,41,56,146,46,42,19,104,44,1*6D
$GPGSV,3,1,09,01,46,293,46,03,28,324,43,04,16,272,36,10,26,114,41,6*6F
$GPGSV,3,2,09,25,06,050,37,26,29,146,43,28,53,040,46,31,82,074,48,6*6D
$GPGSV,3,3,09,32,25,052,43,6*5C
$GPGSV,1,1,01,08,01,222,,0*5F
$GLGSV,3,1,10,65,02,084,21,66,30,044,48,67,35,337,48,68,08,295,38,1*75
$GLGSV,3,2,10,76,31,052,48,77,50,114,44,78,17,176,44,81,29,216,46,1*7D
$GLGSV,3,3,10,82,38,275,49,83,19,318,30,1*7F
$GLGSV,2,1,08,66,30,044,46,67,35,337,48,68,08,295,38,76,31,052,47,3*78
$GLGSV,2,2,08,78,17,176,45,81,29,216,46,82,38,275,49,83,19,318,38,3*71
$GAGSV,2,1,08,05,50,306,52,06,25,050,46,09,42,030,50,11,24,168,45,2*78
$GAGSV,2,2,08,24,21,138,48,31,19,084,48,34,39,308,50,36,63,220,52,2*73
$GAGSV,2,1,08,05,50,306,46,06,25,050,40,09,42,030,45,11,24,168,37,7*7F
$GAGSV,2,2,08,24,21,138,40,31,19,084,39,34,39,308,45,36,63,220,47,7*78
$GAGSV,1,1,02,10,01,157,,25,03,183,,0*7B
$GBGSV,2,1,08,06,60,045,46,08,36,114,41,09,75,059,47,13,52,105,46,1*75
$GBGSV,2,2,08,16,52,042,46,20,30,315,46,23,43,068,47,25,03,037,21,1*76
$GBGSV,2,1,05,06,60,045,48,08,36,114,48,09,75,059,49,13,52,105,47,B*03
$GBGSV,2,2,05,16,52,042,47,B*35
$GQGSV,1,1,03,02,06,088,41,04,20,088,36,07,19,104,34,1*59
$GQGSV,1,1,03,02,06,088,41,04,20,088,44,07,19,104,45,6*5D
$GNGLL,2454.22946,N,06708.26848,E,163947.00,A,D*79
$GNRMC,163948.00,A,2454.22946,N,06708.26848,E,0.002,,060525,,,R,V*05
$GNVTG,,T,,M,0.002,N,0.003,K,D*39
$GNGGA,163948.00,2454.22946,N,06708.26848,E,4,12,0.61,21.8,M,-44.2,M,1.0,0301*7E
$GNGSA,A,3,01,02,03,10,26,28,31,32,04,,,,1.41,0.61,1.27,1*0E
$GNGSA,A,3,81,67,83,78,66,82,77,76,,,,,1.41,0.61,1.27,2*02
$GNGSA,A,3,36,09,05,06,34,31,24,,,,,,1.41,0.61,1.27,3*08
$GNGSA,A,3,06,09,08,13,16,20,23,,,,,,1.41,0.61,1.27,4*02
$GNGSA,A,3,04,,,,,,,,,,,,1.41,0.61,1.27,5*06
$GPGSV,4,1,14,01,46,293,47,02,51,248,46,03,28,324,41,04,16,272,32,1*6A
$GPGSV,4,2,14,10,26,114,42,16,,,31,25,06,050,38,26,29,146,42,1*50
$GPGSV,4,3,14,28,53,040,45,31,82,074,49,32,25,052,42,40,59,208,48,1*60
$GPGSV,4,4,14,41,56,146,46,42,19,104,44,1*6D
$GPGSV,3,1,09,01,46,293,46,03,28,324,43,04,16,272,36,10,26,114,41,6*6F
$GPGSV,3,2,09,25,06,050,37,26,29,146,43,28,53,040,46,31,82,074,48,6*6D
$GPGSV,3,3,09,32,25,052,43,6*5C
$GPGSV,1,1,01,08,01,222,,0*5F
$GLGSV,3,1,10,65,02,084,22,66,30,044,48,67,35,337,48,68,08,295,38,1*76
$GLGSV,3,2,10,76,31,052,48,77,50,114,44,78,17,176,44,81,29,216,46,1*7D
$GLGSV,3,3,10,82,38,275,49,83,19,318,30,1*7F
$GLGSV,2,1,08,66,30,044,46,67,35,337,48,68,08,295,38,76,31,052,47,3*78
$GLGSV,2,2,08,78,17,176,45,81,29,216,46,82,38,275,49,83,19,318,38,3*71
$GAGSV,2,1,08,05,50,306,52,06,25,050,46,09,42,030,50,11,24,168,45,2*78
$GAGSV,2,2,08,24,21,138,48,31,19,084,48,34,39,308,50,36,63,220,52,2*73
$GAGSV,2,1,08,05,50,306,46,06,25,050,40,09,42,030,45,11,24,168,37,7*7F
$GAGSV,2,2,08,24,21,138,40,31,19,084,39,34,39,308,45,36,63,220,47,7*78
$GAGSV,1,1,02,10,01,157,,25,03,183,,0*7B
$GBGSV,2,1,08,06,60,045,46,08,36,114,41,09,75,059,47,13,52,105,46,1*75
$GBGSV,2,2,08,16,52,042,46,20,30,315,46,23,43,068,47,25,03,037,21,1*76
$GBGSV,2,1,05,06,60,045,48,08,36,114,48,09,75,059,49,13,52,105,47,B*03
$GBGSV,2,2,05,16,52,042,47,B*35
$GQGSV,1,1,03,02,06,088,42,04,20,088,36,07,19,104,33,1*5D
$GQGSV,1,1,03,02,06,088,41,04,20,088,44,07,19,104,45,6*5D
$GNGLL,2454.22946,N,06708.26848,E,163948.00,A,D*76
$GNRMC,163949.00,A,2454.22946,N,06708.26848,E,0.002,,060525,,,R,V*04
$GNVTG,,T,,M,0.002,N,0.004,K,D*3E
$GNGGA,163949.00,2454.22946,N,06708.26848,E,4,12,0.61,21.8,M,-44.2,M,1.0,0301*7F
$GNGSA,A,3,01,02,03,10,26,28,31,32,04,,,,1.41,0.61,1.27,1*0E
$GNGSA,A,3,81,67,83,78,66,82,77,76,,,,,1.41,0.61,1.27,2*02
$GNGSA,A,3,36,09,05,06,34,31,24,,,,,,1.41,0.61,1.27,3*08
$GNGSA,A,3,06,09,08,13,16,20,23,,,,,,1.41,0.61,1.27,4*02
$GNGSA,A,3,04,,,,,,,,,,,,1.41,0.61,1.27,5*06
$GPGSV,4,1,14,01,46,293,47,02,51,248,46,03,28,324,41,04,16,272,32,1*6A
$GPGSV,4,2,14,10,26,114,42,16,,,30,25,06,050,38,26,29,146,42,1*51
$GPGSV,4,3,14,28,53,040,45,31,82,074,49,32,25,052,42,40,59,208,48,1*60
$GPGSV,4,4,14,41,56,146,46,42,19,104,44,1*6D
$GPGSV,3,1,09,01,46,293,46,03,28,324,43,04,16,272,36,10,26,114,41,6*6F
$GPGSV,3,2,09,25,06,050,37,26,29,146,43,28,53,040,46,31,82,074,48,6*6D
$GPGSV,3,3,09,32,25,052,43,6*5C
$GPGSV,1,1,01,08,01,222,,0*5F
$GLGSV,3,1,10,65,02,084,22,66,30,044,48,67,35,337,48,68,08,295,38,1*76
$GLGSV,3,2,10,76,31,052,48,77,50,114,44,78,17,176,44,81,29,216,46,1*7D
$GLGSV,3,3,10,82,38,275,49,83,19,318,30,1*7F
$GLGSV,2,1,08,66,30,044,47,67,35,337,48,68,08,295,38,76,31,052,47,3*79
$GLGSV,2,2,08,78,17,176,45,81,29,216,46,82,38,275,48,83,19,318,38,3*70
$GAGSV,2,1,08,05,50,306,52,06,25,050,46,09,42,030,50,11,24,168,45,2*78
$GAGSV,2,2,08,24,21,138,48,31,19,084,48,34,39,308,50,36,63,220,52,2*73
$GAGSV,2,1,08,05,50,306,46,06,25,050,40,09,42,030,45,11,24,168,37,7*7F
$GAGSV,2,2,08,24,21,138,40,31,19,084,39,34,39,308,45,36,63,220,47,7*78
$GAGSV,1,1,02,10,01,157,,25,03,183,,0*7B
$GBGSV,2,1,08,06,60,045,46,08,36,114,41,09,75,059,47,13,52,105,46,1*75
$GBGSV,2,2,08,16,52,042,46,20,30,315,46,23,43,068,47,25,03,037,21,1*76
$GBGSV,2,1,05,06,60,045,48,08,36,114,48,09,75,059,49,13,52,105,47,B*03
$GBGSV,2,2,05,16,52,042,47,B*35
$GQGSV,1,1,03,02,06,088,42,04,20,088,36,07,19,104,34,1*5A
$GQGSV,1,1,03,02,06,088,41,04,20,088,44,07,19,104,45,6*5D
$GNGLL,2454.22946,N,06708.26848,E,163949.00,A,D*77
$GNRMC,163950.00,A,2454.22946,N,06708.26848,E,0.008,,060525,,,R,V*06
$GNVTG,,T,,M,0.008,N,0.014,K,D*35
$GNGGA,163950.00,2454.22946,N,06708.26848,E,4,12,0.61,21.8,M,-44.2,M,1.0,0301*77
$GNGSA,A,3,01,02,03,10,26,28,31,32,04,,,,1.41,0.61,1.27,1*0E
$GNGSA,A,3,81,67,83,78,66,82,77,76,,,,,1.41,0.61,1.27,2*02
$GNGSA,A,3,36,09,05,06,34,31,24,,,,,,1.41,0.61,1.27,3*08
$GNGSA,A,3,06,09,08,13,16,20,23,,,,,,1.41,0.61,1.27,4*02
$GNGSA,A,3,04,,,,,,,,,,,,1.41,0.61,1.27,5*06
$GPGSV,4,1,14,01,46,293,47,02,51,248,46,03,28,324,41,04,16,272,32,1*6A
$GPGSV,4,2,14,10,26,114,43,16,,,31,25,06,050,38,26,29,146,42,1*51
$GPGSV,4,3,14,28,53,040,45,31,82,074,49,32,25,052,42,40,59,208,48,1*60
$GPGSV,4,4,14,41,56,146,46,42,19,104,44,1*6D
$GPGSV,3,1,09,01,46,293,46,03,28,324,43,04,16,272,35,10,26,114,41,6*6C
$GPGSV,3,2,09,25,06,050,37,26,29,146,43,28,53,040,46,31,82,074,48,6*6D
$GPGSV,3,3,09,32,25,052,43,6*5C
$GPGSV,1,1,01,08,01,222,,0*5F
$GLGSV,3,1,10,65,02,084,22,66,30,044,48,67,35,337,48,68,08,295,38,1*76
$GLGSV,3,2,10,76,31,052,48,77,50,114,44,78,17,176,44,81,29,216,46,1*7D
$GLGSV,3,3,10,82,38,275,49,83,19,318,30,1*7F
$GLGSV,2,1,08,66,30,044,46,67,35,337,48,68,08,295,38,76,31,052,47,3*78
$GLGSV,2,2,08,78,17,176,45,81,29,216,46,82,38,275,48,83,19,318,38,3*70
$GAGSV,2,1,08,05,50,306,52,06,25,050,46,09,42,030,50,11,24,168,45,2*78
$GAGSV,2,2,08,24,21,138,48,31,19,084,48,34,39,308,50,36,63,220,52,2*73
$GAGSV,2,1,08,05,50,306,46,06,25,050,40,09,42,030,45,11,24,168,37,7*7F
$GAGSV,2,2,08,24,21,138,40,31,19,084,39,34,39,308,45,36,63,220,47,7*78
$GAGSV,1,1,02,10,01,157,,25,03,183,,0*7B
$GBGSV,2,1,08,06,60,045,46,08,36,114,41,09,75,059,47,13,52,105,46,1*75
$GBGSV,2,2,08,16,52,042,46,20,30,315,46,23,43,068,47,25,03,037,21,1*76
$GBGSV,2,1,05,06,60,045,48,08,36,114,48,09,75,059,49,13,52,105,47,B*03
$GBGSV,2,2,05,16,52,042,47,B*35
$GQGSV,1,1,03,02,06,088,41,04,20,088,36,07,19,104,34,1*59
$GQGSV,1,1,03,02,06,088,41,04,20,088,44,07,19,104,45,6*5D
$GNGLL,2454.22946,N,06708.26848,E,163950.00,A,D*7F
$GNRMC,163951.00,A,2454.22946,N,06708.26848,E,0.005,,060525,,,R,V*0A
$GNVTG,,T,,M,0.005,N,0.009,K,D*34
$GNGGA,163951.00,2454.22946,N,06708.26848,E,4,12,0.61,21.8,M,-44.2,M,1.0,0301*76
$GNGSA,A,3,01,02,03,10,26,28,31,32,04,,,,1.41,0.61,1.27,1*0E
$GNGSA,A,3,81,67,83,78,66,82,77,76,,,,,1.41,0.61,1.27,2*02
$GNGSA,A,3,36,09,05,06,34,31,24,,,,,,1.41,0.61,1.27,3*08
$GNGSA,A,3,06,09,08,13,16,20,23,,,,,,1.41,0.61,1.27,4*02
$GNGSA,A,3,04,,,,,,,,,,,,1.41,0.61,1.27,5*06
$GPGSV,4,1,14,01,46,293,47,02,51,248,46,03,28,324,41,04,16,272,32,1*6A
$GPGSV,4,2,14,10,26,114,42,16,,,31,25,06,050,38,26,29,146,42,1*50
$GPGSV,4,3,14,28,53,040,45,31,82,074,49,32,25,052,42,40,59,208,48,1*60
$GPGSV,4,4,14,41,56,146,46,42,19,104,44,1*6D
$GPGSV,3,1,09,01,46,293,46,03,28,324,43,04,16,272,36,10,26,114,41,6*6F
$GPGSV,3,2,09,25,06,050,37,26,29,146,43,28,53,040,46,31,82,074,48,6*6D
$GPGSV,3,3,09,32,25,052,43,6*5C
$GPGSV,1,1,01,08,01,222,,0*5F
$GLGSV,3,1,10,65,02,084,22,66,30,044,48,67,35,337,48,68,08,295,38,1*76
$GLGSV,3,2,10,76,31,052,48,77,50,114,44,78,17,176,44,81,29,216,46,1*7D
$GLGSV,3,3,10,82,38,275,49,83,19,318,30,1*7F
$GLGSV,2,1,08,66,30,044,46,67,35,337,48,68,08,295,38,76,31,052,47,3*78
$GLGSV,2,2,08,78,17,176,45,81,29,216,46,82,38,275,48,83,19,318,38,3*70
$GAGSV,2,1,08,05,50,306,52,06,25,050,46,09,42,030,50,11,24,168,45,2*78
$GAGSV,2,2,08,24,21,138,48,31,19,084,48,34,39,308,50,36,63,220,52,2*73
$GAGSV,2,1,08,05,50,306,46,06,25,050,40,09,42,030,45,11,24,168,37,7*7F
$GAGSV,2,2,08,24,21,138,40,31,19,084,39,34,39,308,45,36,63,220,47,7*78
$GAGSV,1,1,02,10,01,157,,25,03,183,,0*7B
$GBGSV,2,1,08,06,60,045,46,08,36,114,41,09,75,059,47,13,52,105,46,1*75
$GBGSV,2,2,08,16,52,042,46,20,30,315,46,23,43,068,47,25,03,037,21,1*76
$GBGSV,2,1,05,06,60,045,48,08,36,114,48,09,75,059,49,13,52,105,47,B*03
$GBGSV,2,2,05,16,52,042,47,B*35
$GQGSV,1,1,03,02,06,088,42,04,20,088,36,07,19,104,34,1*5A
$GQGSV,1,1,03,02,06,088,41,04,20,088,44,07,19,104,44,6*5C
$GNGLL,2454.22946,N,06708.26848,E,163951.00,A,D*7E
$GNRMC,163952.00,A,2454.22946,N,06708.26848,E,0.005,,060525,,,R,V*09
$GNVTG,,T,,M,0.005,N,0.010,K,D*3C
$GNGGA,163952.00,2454.22946,N,06708.26848,E,4,12,0.61,21.8,M,-44.2,M,1.0,0301*75
$GNGSA,A,3,01,02,03,10,26,28,31,32,04,,,,1.41,0.61,1.27,1*0E
$GNGSA,A,3,81,67,83,78,66,82,77,76,,,,,1.41,0.61,1.27,2*02
$GNGSA,A,3,36,09,05,06,34,31,24,,,,,,1.41,0.61,1.27,3*08
$GNGSA,A,3,06,09,08,13,16,20,23,,,,,,1.41,0.61,1.27,4*02
$GNGSA,A,3,04,,,,,,,,,,,,1.41,0.61,1.27,5*06
$GPGSV,4,1,14,01,46,293,47,02,51,248,46,03,28,324,41,04,16,272,32,1*6A
$GPGSV,4,2,14,10,26,114,43,16,,,31,25,06,050,38,26,29,146,42,1*51
$GPGSV,4,3,14,28,53,040,45,31,82,074,49,32,25,052,42,40,59,208,48,1*60
$GPGSV,4,4,14,41,56,146,46,42,19,104,44,1*6D
$GPGSV,3,1,09,01,46,293,46,03,28,324,43,04,16,272,36,10,26,114,41,6*6F
$GPGSV,3,2,09,25,06,050,37,26,29,146,43,28,53,040,46,31,82,074,48,6*6D
$GPGSV,3,3,09,32,25,052,43,6*5C
$GPGSV,1,1,01,08,01,222,,0*5F
$GLGSV,3,1,10,65,02,084,21,66,30,044,48,67,35,337,48,68,08,295,37,1*7A
$GLGSV,3,2,10,76,31,052,48,77,50,114,44,78,17,176,44,81,29,216,46,1*7D
$GLGSV,3,3,10,82,38,275,49,83,19,318,30,1*7F
$GLGSV,2,1,08,66,30,044,47,67,35,337,48,68,08,295,38,76,31,052,47,3*79
$GLGSV,2,2,08,78,17,176,45,81,29,216,46,82,38,275,48,83,19,318,38,3*70
$GAGSV,2,1,08,05,50,306,52,06,25,050,46,09,42,030,50,11,24,168,45,2*78
$GAGSV,2,2,08,24,21,138,48,31,19,084,48,34,39,308,50,36,63,220,52,2*73
$GAGSV,2,1,08,05,50,306,46,06,25,050,40,09,42,030,45,11,24,168,37,7*7F
$GAGSV,2,2,08,24,21,138,40,31,19,084,39,34,39,308,45,36,63,220,47,7*78
$GAGSV,1,1,02,10,01,157,,25,03,183,,0*7B
$GBGSV,2,1,08,06,60,045,46,08,36,114,41,09,75,059,48,13,52,105,46,1*7A
$GBGSV,2,2,08,16,52,042,46,20,30,315,46,23,43,068,47,25,03,037,21,1*76
$GBGSV,2,1,05,06,60,045,48,08,36,114,48,09,75,059,49,13,52,105,47,B*03
$GBGSV,2,2,05,16,52,042,47,B*35
$GQGSV,1,1,03,02,06,088,42,04,20,088,36,07,19,104,34,1*5A
$GQGSV,1,1,03,02,06,088,41,04,20,088,44,07,19,104,44,6*5C
$GNGLL,2454.22946,N,06708.26848,E,163952.00,A,D*7D
$GNRMC,163953.00,A,2454.22946,N,06708.26848,E,0.011,,060525,,,R,V*0D
$GNVTG,,T,,M,0.011,N,0.021,K,D*3B
$GNGGA,163953.00,2454.22946,N,06708.26848,E,4,12,0.61,21.8,M,-44.2,M,1.0,0301*74
$GNGSA,A,3,01,02,03,10,26,28,31,32,04,,,,1.41,0.61,1.27,1*0E
$GNGSA,A,3,81,67,83,78,66,82,77,76,,,,,1.41,0.61,1.27,2*02
$GNGSA,A,3,36,09,05,06,34,31,24,,,,,,1.41,0.61,1.27,3*08
$GNGSA,A,3,06,09,08,13,16,20,23,,,,,,1.41,0.61,1.27,4*02
$GNGSA,A,3,04,,,,,,,,,,,,1.41,0.61,1.27,5*06
$GPGSV,4,1,14,01,46,293,47,02,51,248,46,03,28,324,41,04,16,272,32,1*6A
$GPGSV,4,2,14,10,26,114,43,16,,,31,25,06,050,38,26,29,146,42,1*51
$GPGSV,4,3,14,28,53,040,45,31,82,074,49,32,25,052,42,40,59,208,48,1*60
$GPGSV,4,4,14,41,56,146,46,42,19,104,44,1*6D
$GPGSV,3,1,09,01,46,293,46,03,28,324,43,04,16,272,36,10,26,114,41,6*6F
$GPGSV,3,2,09,25,06,050,37,26,29,146,43,28,53,040,46,31,82,074,48,6*6D
$GPGSV,3,3,09,32,25,052,43,6*5C
$GPGSV,1,1,01,08,01,222,,0*5F
$GLGSV,3,1,10,65,02,084,21,66,30,044,48,67,35,337,48,68,08,295,37,1*7A
$GLGSV,3,2,10,76,31,052,48,77,50,114,44,78,17,176,44,81,29,216,46,1*7D
$GLGSV,3,3,10,82,38,275,49,83,19,318,29,1*77
$GLGSV,2,1,08,66,30,044,47,67,35,337,48,68,08,295,38,76,31,052,47,3*79
$GLGSV,2,2,08,78,17,176,45,81,29,216,46,82,38,275,48,83,19,318,38,3*70
$GAGSV,2,1,08,05,50,306,52,06,25,050,46,09,42,030,50,11,24,168,45,2*78
$GAGSV,2,2,08,24,21,138,48,31,19,084,48,34,39,308,50,36,63,220,52,2*73
$GAGSV,2,1,08,05,50,306,46,06,25,050,40,09,42,030,45,11,24,168,37,7*7F
$GAGSV,2,2,08,24,21,138,40,31,19,084,39,34,39,308,45,36,63,220,47,7*78
$GAGSV,1,1,02,10,01,157,,25,03,183,,0*7B
$GBGSV,2,1,08,06,60,045,46,08,36,114,41,09,75,059,47,13,52,105,46,1*75
$GBGSV,2,2,08,16,52,042,46,20,30,315,46,23,43,068,47,25,03,037,20,1*77
$GBGSV,2,1,05,06,60,045,48,08,36,114,48,09,75,059,49,13,52,105,47,B*03
$GBGSV,2,2,05,16,52,042,47,B*35
$GQGSV,1,1,03,02,06,088,42,04,20,088,36,07,19,104,34,1*5A
$GQGSV,1,1,03,02,06,088,41,04,20,088,44,07,19,104,44,6*5C
$GNGLL,2454.22946,N,06708.26848,E,163953.00,A,D*7C
$GNRMC,163954.00,A,2454.22946,N,06708.26848,E,0.007,,060525,,,R,V*0D
$GNVTG,,T,,M,0.007,N,0.012,K,D*3C
$GNGGA,163954.00,2454.22946,N,06708.26848,E,4,12,0.61,21.8,M,-44.2,M,1.0,0301*73
$GNGSA,A,3,01,02,03,10,26,28,31,32,04,,,,1.41,0.61,1.27,1*0E
$GNGSA,A,3,81,67,83,78,66,82,77,76,,,,,1.41,0.61,1.27,2*02
$GNGSA,A,3,36,09,05,06,34,31,24,,,,,,1.41,0.61,1.27,3*08
$GNGSA,A,3,06,09,08,13,16,20,23,,,,,,1.41,0.61,1.27,4*02
$GNGSA,A,3,04,,,,,,,,,,,,1.41,0.61,1.27,5*06
$GPGSV,4,1,14,01,46,293,47,02,51,248,46,03,28,324,41,04,16,272,31,1*69
$GPGSV,4,2,14,10,26,114,43,16,,,31,25,06,050,38,26,29,146,42,1*51
$GPGSV,4,3,14,28,53,040,45,31,82,074,49,32,25,052,42,40,59,208,48,1*60
$GPGSV,4,4,14,41,56,146,46,42,19,104,44,1*6D
$GPGSV,3,1,09,01,46,293,46,03,28,324,43,04,16,272,36,10,26,114,41,6*6F
$GPGSV,3,2,09,25,06,050,37,26,29,146,43,28,53,040,46,31,82,074,48,6*6D
$GPGSV,3,3,09,32,25,052,43,6*5C
$GPGSV,1,1,01,08,01,222,,0*5F
$GLGSV,3,1,10,65,02,084,20,66,30,044,48,67,35,337,48,68,08,295,37,1*7B
$GLGSV,3,2,10,76,31,052,48,77,50,114,44,78,17,176,44,81,29,216,46,1*7D
$GLGSV,3,3,10,82,38,275,49,83,19,318,29,1*77
$GLGSV,2,1,08,66,30,044,47,67,35,337,48,68,08,295,38,76,31,052,47,3*79
$GLGSV,2,2,08,78,17,176,45,81,29,216,46,82,38,275,48,83,19,318,38,3*70
$GAGSV,2,1,08,05,50,306,52,06,25,050,46,09,42,030,50,11,24,168,45,2*78
$GAGSV,2,2,08,24,21,138,48,31,19,084,48,34,39,308,50,36,63,220,52,2*73
$GAGSV,2,1,08,05,50,306,46,06,25,050,40,09,42,030,45,11,24,168,37,7*7F
$GAGSV,2,2,08,24,21,138,40,31,19,084,39,34,39,308,45,36,63,220,47,7*78
$GAGSV,1,1,02,10,01,157,,25,03,183,,0*7B
$GBGSV,2,1,08,06,60,045,46,08,36,114,41,09,75,059,48,13,52,105,46,1*7A
$GBGSV,2,2,08,16,52,042,46,20,30,315,46,23,43,068,47,25,03,037,19,1*7D
$GBGSV,2,1,05,06,60,045,48,08,36,114,48,09,75,059,49,13,52,105,47,B*03
$GBGSV,2,2,05,16,52,042,47,B*35
$GQGSV,1,1,03,02,06,088,42,04,20,088,36,07,19,104,34,1*5A
$GQGSV,1,1,03,02,06,088,41,04,20,088,44,07,19,104,44,6*5C
$GNGLL,2454.22946,N,06708.26848,E,163954.00,A,D*7B
$GNRMC,163955.00,A,2454.22946,N,06708.26848,E,0.005,,060525,,,R,V*0E
$GNVTG,,T,,M,0.005,N,0.009,K,D*34
$GNGGA,163955.00,2454.22946,N,06708.26848,E,4,12,0.61,21.8,M,-44.2,M,1.0,0301*72
$GNGSA,A,3,01,02,03,10,26,28,31,32,04,,,,1.41,0.61,1.27,1*0E
$GNGSA,A,3,81,67,83,78,66,82,77,76,,,,,1.41,0.61,1.27,2*02
$GNGSA,A,3,36,09,05,06,34,31,24,,,,,,1.41,0.61,1.27,3*08
$GNGSA,A,3,06,09,08,13,16,20,23,,,,,,1.41,0.61,1.27,4*02
$GNGSA,A,3,04,,,,,,,,,,,,1.41,0.61,1.27,5*06
$GPGSV,4,1,14,01,46,293,47,02,51,248,46,03,28,324,42,04,16,272,32,1*69
$GPGSV,4,2,14,10,26,114,43,16,,,31,25,06,050,38,26,29,146,42,1*51
$GPGSV,4,3,14,28,53,040,45,31,82,074,49,32,25,052,42,40,59,208,48,1*60
$GPGSV,4,4,14,41,56,146,46,42,19,104,44,1*6D
$GPGSV,3,1,09,01,46,293,46,03,28,324,43,04,16,272,36,10,26,114,41,6*6F
$GPGSV,3,2,09,25,06,050,37,26,29,146,43,28,53,040,46,31,82,074,48,6*6D
$GPGSV,3,3,09,32,25,052,43,6*5C
$GPGSV,1,1,01,08,01,222,,0*5F
$GLGSV,3,1,10,65,02,084,20,66,30,044,48,67,35,337,48,68,08,295,37,1*7B
$GLGSV,3,2,10,76,31,052,48,77,50,114,44,78,17,176,44,81,29,216,46,1*7D
$GLGSV,3,3,10,82,38,275,49,83,19,318,29,1*77
$GLGSV,2,1,08,66,30,044,46,67,35,337,48,68,08,295,38,76,31,052,47,3*78
$GLGSV,2,2,08,78,17,176,45,81,29,216,46,82,38,275,48,83,19,318,38,3*70
$GAGSV,2,1,08,05,50,306,52,06,25,050,46,09,42,030,50,11,24,168,45,2*78
$GAGSV,2,2,08,24,21,138,48,31,19,084,48,34,39,308,50,36,63,220,52,2*73
$GAGSV,2,1,08,05,50,306,46,06,25,050,40,09,42,030,45,11,24,168,37,7*7F
$GAGSV,2,2,08,24,21,138,40,31,19,084,39,34,39,308,45,36,63,220,47,7*78
$GAGSV,1,1,02,10,01,157,,25,03,183,,0*7B
$GBGSV,2,1,08,06,60,045,46,08,36,114,41,09,75,059,48,13,52,105,46,1*7A
$GBGSV,2,2,08,16,52,042,46,20,30,315,46,23,43,068,47,25,03,037,20,1*77
$GBGSV,2,1,05,06,60,045,48,08,36,114,48,09,75,059,49,13,52,105,47,B*03
$GBGSV,2,2,05,16,52,042,47,B*35
$GQGSV,1,1,03,02,06,088,42,04,20,088,36,07,19,104,34,1*5A
$GQGSV,1,1,03,02,06,088,41,04,20,088,44,07,19,104,44,6*5C
$GNGLL,2454.22946,N,06708.26848,E,163955.00,A,D*7A
$GNRMC,163956.00,A,2454.22946,N,06708.26848,E,0.004,,060525,,,R,V*0C
$GNVTG,,T,,M,0.004,N,0.007,K,D*3B
$GNGGA,163956.00,2454.22946,N,06708.26848,E,4,12,0.61,21.8,M,-44.2,M,1.0,0301*71
$GNGSA,A,3,01,02,03,10,26,28,31,32,04,,,,1.41,0.61,1.27,1*0E
$GNGSA,A,3,81,67,83,78,66,82,77,76,,,,,1.41,0.61,1.27,2*02
$GNGSA,A,3,36,09,05,06,34,31,24,,,,,,1.41,0.61,1.27,3*08
$GNGSA,A,3,06,09,08,13,16,20,23,,,,,,1.41,0.61,1.27,4*02
$GNGSA,A,3,04,,,,,,,,,,,,1.41,0.61,1.27,5*06
$GPGSV,4,1,14,01,46,293,47,02,51,248,47,03,28,324,42,04,16,272,32,1*68
$GPGSV,4,2,14,10,26,114,43,16,,,31,25,06,050,38,26,29,146,42,1*51
$GPGSV,4,3,14,28,53,040,45,31,82,074,49,32,25,052,42,40,59,208,48,1*60
$GPGSV,4,4,14,41,56,146,46,42,19,104,44,1*6D
$GPGSV,3,1,09,01,46,293,46,03,28,324,43,04,16,272,36,10,26,114,41,6*6F
$GPGSV,3,2,09,25,06,050,37,26,29,146,43,28,53,040,46,31,82,074,48,6*6D
$GPGSV,3,3,09,32,25,052,43,6*5C
$GPGSV,1,1,01,08,01,222,,0*5F
$GLGSV,3,1,10,65,02,084,20,66,30,044,48,67,35,337,48,68,08,295,38,1*74
$GLGSV,3,2,10,76,31,052,48,77,50,114,44,78,17,176,44,81,29,216,46,1*7D
$GLGSV,3,3,10,82,38,275,49,83,19,318,29,1*77
$GLGSV,2,1,08,66,30,044,47,67,35,337,48,68,08,295,38,76,31,052,47,3*79
$GLGSV,2,2,08,78,17,176,45,81,29,216,46,82,38,275,48,83,19,318,38,3*70
$GAGSV,2,1,08,05,50,306,52,06,25,050,46,09,42,030,50,11,24,168,45,2*78
$GAGSV,2,2,08,24,21,138,48,31,19,084,48,34,39,308,50,36,63,220,52,2*73
$GAGSV,2,1,08,05,50,306,46,06,25,050,40,09,42,030,45,11,24,168,37,7*7F
$GAGSV,2,2,08,24,21,138,40,31,19,084,39,34,39,308,45,36,63,220,47,7*78
$GAGSV,1,1,02,10,01,157,,25,03,183,,0*7B
$GBGSV,2,1,08,06,60,045,46,08,36,114,41,09,75,059,48,13,52,105,46,1*7A
$GBGSV,2,2,08,16,52,042,46,20,30,315,46,23,43,068,47,25,03,037,19,1*7D
$GBGSV,2,1,05,06,60,045,48,08,36,114,48,09,75,059,49,13,52,105,47,B*03
$GBGSV,2,2,05,16,52,042,47,B*35
$GQGSV,1,1,03,02,06,088,42,04,20,088,36,07,19,104,34,1*5A
$GQGSV,1,1,03,02,06,088,41,04,20,088,44,07,19,104,44,6*5C
$GNGLL,2454.22946,N,06708.26848,E,163956.00,A,D*79
$GNRMC,163957.00,A,2454.22946,N,06708.26848,E,0.003,,060525,,,R,V*0A
$GNVTG,,T,,M,0.003,N,0.006,K,D*3D
$GNGGA,163957.00,2454.22946,N,06708.26848,E,4,12,0.61,21.8,M,-44.2,M,1.0,0301*70
$GNGSA,A,3,01,02,03,10,26,28,31,32,04,,,,1.41,0.61,1.27,1*0E
$GNGSA,A,3,81,67,83,78,66,82,77,76,,,,,1.41,0.61,1.27,2*02
$GNGSA,A,3,36,09,05,06,34,31,24,,,,,,1.41,0.61,1.27,3*08
$GNGSA,A,3,06,09,08,13,16,20,23,,,,,,1.41,0.61,1.27,4*02
$GNGSA,A,3,04,,,,,,,,,,,,1.41,0.61,1.27,5*06
$GPGSV,4,1,14,01,46,293,47,02,51,248,47,03,28,324,42,04,16,272,31,1*6B
$GPGSV,4,2,14,10,26,114,43,16,,,31,25,06,050,38,26,29,146,42,1*51
$GPGSV,4,3,14,28,53,040,45,31,82,074,49,32,25,052,42,40,59,208,48,1*60
$GPGSV,4,4,14,41,56,146,46,42,19,104,44,1*6D
$GPGSV,3,1,09,01,46,293,46,03,28,324,43,04,16,272,35,10,26,114,41,6*6C
$GPGSV,3,2,09,25,06,050,37,26,29,146,43,28,53,040,46,31,82,074,48,6*6D
$GPGSV,3,3,09,32,25,052,43,6*5C
$GPGSV,1,1,01,08,01,222,,0*5F
$GLGSV,3,1,10,65,02,084,21,66,30,044,48,67,35,337,48,68,08,295,38,1*75
$GLGSV,3,2,10,76,31,052,48,77,50,114,44,78,17,176,44,81,29,216,46,1*7D
$GLGSV,3,3,10,82,38,275,49,83,19,318,29,1*77
$GLGSV,2,1,08,66,30,044,47,67,35,337,48,68,08,295,38,76,31,052,47,3*79
$GLGSV,2,2,08,78,17,176,45,81,29,216,46,82,38,275,48,83,19,318,38,3*70
$GAGSV,2,1,08,05,50,306,52,06,25,050,46,09,42,030,50,11,24,168,45,2*78
$GAGSV,2,2,08,24,21,138,48,31,19,084,48,34,39,308,50,36,63,220,52,2*73
$GAGSV,2,1,08,05,50,306,46,06,25,050,40,09,42,030,45,11,24,168,37,7*7F
$GAGSV,2,2,08,24,21,138,40,31,19,084,40,34,39,308,45,36,63,220,47,7*76
$GAGSV,1,1,02,10,01,157,,25,03,183,,0*7B
$GBGSV,2,1,08,06,60,045,46,08,36,114,41,09,75,059,47,13,52,105,46,1*75
$GBGSV,2,2,08,16,52,042,46,20,30,315,46,23,43,068,47,25,03,037,20,1*77
$GBGSV,2,1,05,06,60,045,48,08,36,114,48,09,75,059,49,13,52,105,47,B*03
$GBGSV,2,2,05,16,52,042,47,B*35
$GQGSV,1,1,03,02,06,088,42,04,20,088,36,07,19,104,34,1*5A
$GQGSV,1,1,03,02,06,088,41,04,20,088,44,07,19,104,44,6*5C
$GNGLL,2454.22946,N,06708.26848,E,163957.00,A,D*78
$GNRMC,163958.00,A,2454.22946,N,06708.26848,E,0.003,,060525,,,R,V*05
$GNVTG,,T,,M,0.003,N,0.005,K,D*3E
$GNGGA,163958.00,2454.22946,N,06708.26848,E,4,12,0.61,21.8,M,-44.2,M,1.0,0301*7F
$GNGSA,A,3,01,02,03,10,26,28,31,32,04,,,,1.41,0.61,1.27,1*0E
$GNGSA,A,3,81,67,83,78,66,82,77,76,,,,,1.41,0.61,1.27,2*02
$GNGSA,A,3,36,09,05,06,34,31,24,,,,,,1.41,0.61,1.27,3*08
$GNGSA,A,3,06,09,08,13,16,20,23,,,,,,1.41,0.61,1.27,4*02
$GNGSA,A,3,04,,,,,,,,,,,,1.41,0.61,1.27,5*06
$GPGSV,4,1,14,01,46,293,47,02,51,248,47,03,28,324,41,04,16,272,32,1*6B
$GPGSV,4,2,14,10,26,114,43,16,,,31,25,06,050,39,26,29,146,42,1*50
$GPGSV,4,3,14,28,53,040,45,31,82,074,49,32,25,052,42,40,59,208,48,1*60
$GPGSV,4,4,14,41,56,146,46,42,19,104,44,1*6D
$GPGSV,3,1,09,01,46,293,46,03,28,324,43,04,16,272,36,10,26,114,41,6*6F
$GPGSV,3,2,09,25,06,050,37,26,29,146,43,28,53,040,46,31,82,074,48,6*6D
$GPGSV,3,3,09,32,25,052,43,6*5C
$GPGSV,1,1,01,08,01,222,,0*5F
$GLGSV,3,1,10,65,02,084,22,66,30,044,48,67,35,337,48,68,08,295,37,1*79
$GLGSV,3,2,10,76,31,052,48,77,50,114,44,78,17,176,44,81,29,216,46,1*7D
$GLGSV,3,3,10,82,38,275,49,83,19,318,29,1*77
$GLGSV,2,1,08,66,30,044,47,67,35,337,48,68,08,295,38,76,31,052,47,3*79
$GLGSV,2,2,08,78,17,176,45,81,29,216,46,82,38,275,48,83,19,318,38,3*70
$GAGSV,2,1,08,05,50,306,52,06,25,050,46,09,42,030,50,11,24,168,45,2*78
$GAGSV,2,2,08,24,21,138,48,31,19,084,48,34,39,308,50,36,63,220,52,2*73
$GAGSV,2,1,08,05,50,306,46,06,25,050,40,09,42,030,45,11,24,168,37,7*7F
$GAGSV,2,2,08,24,21,138,40,31,19,084,40,34,39,308,45,36,63,220,47,7*76
$GAGSV,1,1,02,10,01,157,,25,03,183,,0*7B
$GBGSV,2,1,08,06,60,045,46,08,36,114,41,09,75,059,48,13,52,105,46,1*7A
$GBGSV,2,2,08,16,52,042,46,20,30,315,46,23,43,068,47,25,03,037,20,1*77
$GBGSV,2,1,05,06,60,045,48,08,36,114,48,09,75,059,49,13,52,105,47,B*03
$GBGSV,2,2,05,16,52,042,47,B*35
$GQGSV,1,1,03,02,06,088,42,04,20,088,36,07,19,104,33,1*5D
$GQGSV,1,1,03,02,06,088,41,04,20,088,44,07,19,104,44,6*5C
$GNGLL,2454.22946,N,06708.26848,E,163958.00,A,D*77
$GNRMC,163959.00,A,2454.22946,N,06708.26848,E,0.005,,060525,,,R,V*02
$GNVTG,,T,,M,0.005,N,0.009,K,D*34
$GNGGA,163959.00,2454.22946,N,06708.26848,E,4,12,0.61,21.8,M,-44.2,M,1.0,0301*7E
$GNGSA,A,3,01,02,03,10,26,28,31,32,04,,,,1.41,0.61,1.27,1*0E
$GNGSA,A,3,81,67,83,78,66,82,77,76,,,,,1.41,0.61,1.27,2*02
$GNGSA,A,3,36,09,05,06,34,31,24,,,,,,1.41,0.61,1.27,3*08
$GNGSA,A,3,06,09,08,13,16,20,23,,,,,,1.41,0.61,1.27,4*02
$GNGSA,A,3,04,,,,,,,,,,,,1.41,0.61,1.27,5*06
$GPGSV,4,1,14,01,46,293,47,02,51,248,46,03,28,324,41,04,16,272,32,1*6A
$GPGSV,4,2,14,10,26,114,42,16,,,31,25,06,050,38,26,29,146,42,1*50
$GPGSV,4,3,14,28,53,040,45,31,82,074,49,32,25,052,42,40,59,208,48,1*60
$GPGSV,4,4,14,41,56,146,46,42,19,104,44,1*6D
$GPGSV,3,1,09,01,46,293,46,03,28,324,43,04,16,272,35,10,26,114,41,6*6C
$GPGSV,3,2,09,25,06,050,37,26,29,146,43,28,53,040,46,31,82,074,48,6*6D
$GPGSV,3,3,09,32,25,052,43,6*5C
$GPGSV,1,1,01,08,01,222,,0*5F
$GLGSV,3,1,10,65,02,084,24,66,30,044,48,67,35,337,48,68,08,295,37,1*7F
$GLGSV,3,2,10,76,31,052,48,77,50,114,44,7