$GNRMC,141628.00,A,2454.22833,N,06708.27293,E,0.004,,050525,,,R,V*07
$GNVTG,,T,,M,0.004,N,0.008,K,D*34
$GNGGA,141628.00,2454.22833,N,06708.27293,E,4,12,0.68,21.9,M,-44.2,M,1.0,0290*78
$GNGSA,A,3,08,10,18,23,27,28,32,31,02,,,,1.45,0.68,1.28,1*0B
$GNGSA,A,3,87,66,86,72,65,88,,,,,,,1.45,0.68,1.28,2*00
$GNGSA,A,3,05,03,08,15,34,,,,,,,,1.45,0.68,1.28,3*0B
$GNGSA,A,3,08,09,06,13,20,16,29,27,32,38,39,,1.45,0.68,1.28,4*0F
$GNGSA,A,3,04,,,,,,,,,,,,1.45,0.68,1.28,5*04
$GPGSV,4,1,13,02,22,321,39,08,23,283,42,10,48,025,47,18,21,138,36,1*61
$GPGSV,4,2,13,23,24,073,42,24,04,039,30,27,33,241,39,28,40,164,44,1*6B
$GPGSV,4,3,13,31,19,185,41,32,72,337,51,36,34,246,37,40,59,208,47,1*62
$GPGSV,4,4,13,41,56,146,47,1*50
$GPGSV,3,1,09,08,23,283,40,10,48,025,46,18,21,138,43,23,24,073,41,6*65
$GPGSV,3,2,09,24,04,039,35,27,33,241,40,28,40,164,48,31,19,185,42,6*62
$GPGSV,3,3,09,32,72,337,48,6*55
$GPGSV,1,1,01,49,17,257,,0*5F
$GLGSV,3,1,09,65,45,302,46,66,15,255,41,72,33,018,45,74,11,079,33,1*71
$GLGSV,3,2,09,75,08,128,43,86,23,160,47,87,68,182,50,88,42,324,50,1*74
$GLGSV,3,3,09,,,,47,1*72
$GLGSV,2,1,08,65,45,302,12,66,15,255,40,72,33,018,48,75,08,128,35,3*74
$GLGSV,2,2,08,86,23,160,45,87,68,182,09,88,42,324,49,,,,48,3*4A
$GLGSV,1,1,01,73,00,039,,0*46
$GAGSV,2,1,06,03,71,009,52,05,21,039,46,08,48,239,50,13,14,322,47,2*78
$GAGSV,2,2,06,15,66,341,52,34,55,124,50,2*70
$GAGSV,2,1,06,03,71,009,48,05,21,039,40,08,48,239,43,13,14,322,36,7*74
$GAGSV,2,2,06,15,66,341,47,34,55,124,46,7*76
$GAGSV,1,1,02,07,00,227,,36,06,136,,0*71
$GBGSV,2,1,08,08,31,067,41,13,44,051,45,20,48,302,48,27,20,163,44,1*74
$GBGSV,2,2,08,29,39,301,45,32,41,029,48,38,26,078,42,39,49,077,47,1*7D
$GBGSV,2,1,05,06,52,104,47,08,31,067,47,09,51,127,48,13,44,051,46,B*0D
$GBGSV,2,2,05,16,50,091,47,B*39
$GBGSV,3,1,12,01,03,095,,02,58,140,,03,35,112,,05,62,201,,0*77
$GBGSV,3,2,12,07,01,157,,10,07,165,,19,12,264,,23,16,081,,0*70
$GBGSV,3,3,12,30,58,213,,59,08,095,,60,60,149,,61,35,113,,0*7C
$GQGSV,1,1,02,04,20,068,37,07,19,104,34,1*66
$GQGSV,1,1,03,03,05,128,34,04,20,068,41,07,19,104,42,6*5A
$GNGLL,2454.22833,N,06708.27293,E,141628.00,A,D*71
$GNRMC,141629.00,A,2454.22833,N,06708.27293,E,0.007,,050525,,,R,V*05
$GNVTG,,T,,M,0.007,N,0.012,K,D*3C
$GNGGA,141629.00,2454.22833,N,06708.27293,E,4,12,0.68,21.9,M,-44.2,M,1.0,0290*79
$GNGSA,A,3,08,10,18,23,27,28,32,31,02,,,,1.45,0.68,1.28,1*0B
$GNGSA,A,3,87,66,86,72,65,88,,,,,,,1.45,0.68,1.28,2*00
$GNGSA,A,3,05,03,08,15,34,,,,,,,,1.45,0.68,1.28,3*0B
$GNGSA,A,3,08,09,06,13,20,16,29,27,32,38,39,,1.45,0.68,1.28,4*0F
$GNGSA,A,3,04,,,,,,,,,,,,1.45,0.68,1.28,5*04
$GPGSV,4,1,13,02,22,321,39,08,23,283,42,10,48,025,47,18,21,138,36,1*61
$GPGSV,4,2,13,23,24,073,42,24,04,039,30,27,33,241,39,28,40,164,44,1*6B
$GPGSV,4,3,13,31,19,185,41,32,71,340,51,36,34,246,37,40,59,208,48,1*6E
$GPGSV,4,4,13,41,56,146,47,1*50
$GPGSV,3,1,09,08,23,283,40,10,48,025,46,18,21,138,43,23,24,073,41,6*65
$GPGSV,3,2,09,24,04,039,35,27,33,241,40,28,40,164,48,31,19,185,42,6*62
$GPGSV,3,3,09,32,71,340,48,6*56
$GPGSV,1,1,01,49,17,257,,0*5F
$GLGSV,3,1,09,65,45,302,46,66,15,255,41,72,33,018,45,74,11,079,33,1*71
$GLGSV,3,2,09,75,08,128,43,86,23,160,47,87,68,182,50,88,42,324,50,1*74
$GLGSV,3,3,09,,,,47,1*72
$GLGSV,2,1,08,65,45,302,08,66,15,255,40,72,33,018,48,75,08,128,35,3*7F
$GLGSV,2,2,08,86,23,160,45,87,68,182,08,88,42,324,49,,,,48,3*4B
$GLGSV,1,1,01,73,00,039,,0*46
$GAGSV,2,1,06,03,71,009,52,05,21,039,46,08,48,239,50,13,14,322,47,2*78
$GAGSV,2,2,06,15,66,341,52,34,55,124,50,2*70
$GAGSV,2,1,06,03,71,009,48,05,21,039,40,08,48,239,43,13,14,322,36,7*74
$GAGSV,2,2,06,15,66,341,47,34,55,124,47,7*77
$GAGSV,1,1,02,07,00,227,,36,06,136,,0*71
$GBGSV,2,1,08,08,31,067,41,13,44,051,45,20,48,302,48,27,20,163,44,1*74
$GBGSV,2,2,08,29,39,301,45,32,41,029,48,38,26,078,42,39,49,077,47,1*7D
$GBGSV,2,1,05,06,52,104,47,08,31,067,47,09,51,127,48,13,44,051,46,B*0D
$GBGSV,2,2,05,16,50,091,47,B*39
$GBGSV,3,1,12,01,03,095,,02,58,140,,03,35,112,,05,62,201,,0*77
$GBGSV,3,2,12,07,01,157,,10,07,165,,19,12,264,,23,16,081,,0*70
$GBGSV,3,3,12,30,58,213,,59,08,095,,60,60,149,,61,35,113,,0*7C
$GQGSV,1,1,02,04,20,068,37,07,19,104,34,1*66
$GQGSV,1,1,03,03,05,128,34,04,20,068,41,07,19,104,42,6*5A
$GNGLL,2454.22833,N,06708.27293,E,141629.00,A,D*70
$GNRMC,141630.00,A,2454.22833,N,06708.27293,E,0.001,,050525,,,R,V*0B
$GNVTG,,T,,M,0.001,N,0.002,K,D*3B
$GNGGA,141630.00,2454.22833,N,06708.27293,E,4,12,0.68,21.9,M,-44.2,M,1.0,0290*71
$GNGSA,A,3,08,10,18,23,27,28,32,31,02,,,,1.45,0.68,1.28,1*0B
$GNGSA,A,3,87,66,86,72,65,88,,,,,,,1.45,0.68,1.28,2*00
$GNGSA,A,3,05,03,08,15,34,,,,,,,,1.45,0.68,1.28,3*0B
$GNGSA,A,3,08,09,06,13,20,16,29,27,32,38,39,,1.45,0.68,1.28,4*0F
$GNGSA,A,3,04,,,,,,,,,,,,1.45,0.68,1.28,5*04
$GPGSV,4,1,13,02,22,321,39,08,23,283,42,10,48,025,47,18,21,138,36,1*61
$GPGSV,4,2,13,23,24,073,42,24,04,039,30,27,33,241,39,28,40,164,44,1*6B
$GPGSV,4,3,13,31,19,185,41,32,71,340,51,36,34,246,37,40,59,208,48,1*6E
$GPGSV,4,4,13,41,56,146,47,1*50
$GPGSV,3,1,09,08,23,283,40,10,48,025,46,18,21,138,43,23,24,073,41,6*65
$GPGSV,3,2,09,24,04,039,35,27,33,241,40,28,40,164,48,31,19,185,42,6*62
$GPGSV,3,3,09,32,71,340,48,6*56
$GPGSV,1,1,01,49,17,257,,0*5F
$GLGSV,3,1,09,65,45,302,46,66,15,255,41,72,33,018,45,74,11,079,33,1*71
$GLGSV,3,2,09,75,08,128,43,86,23,160,47,87,68,182,49,88,42,324,50,1*7C
$GLGSV,3,3,09,,,,47,1*72
$GLGSV,2,1,08,65,45,302,09,66,15,255,40,72,33,018,48,75,08,128,35,3*7E
$GLGSV,2,2,08,86,23,160,45,87,68,182,08,88,42,324,49,,,,49,3*4A
$GLGSV,1,1,01,73,00,039,,0*46
$GAGSV,2,1,06,03,71,009,52,05,21,039,46,08,48,239,50,13,14,322,47,2*78
$GAGSV,2,2,06,15,66,341,52,34,55,124,50,2*70
$GAGSV,2,1,06,03,71,009,48,05,21,039,40,08,48,239,43,13,14,322,36,7*74
$GAGSV,2,2,06,15,66,341,47,34,55,124,46,7*76
$GAGSV,1,1,02,07,00,227,,36,06,136,,0*71
$GBGSV,2,1,08,08,31,067,41,13,44,051,45,20,48,302,48,27,20,163,45,1*75
$GBGSV,2,2,08,29,39,301,45,32,41,029,48,38,26,078,42,39,49,077,47,1*7D
$GBGSV,2,1,05,06,52,104,47,08,31,067,47,09,51,127,48,13,44,051,46,B*0D
$GBGSV,2,2,05,16,50,091,47,B*39
$GBGSV,3,1,12,01,03,095,,02,58,140,,03,35,112,,05,62,201,,0*77
$GBGSV,3,2,12,07,01,157,,10,07,165,,19,12,264,,23,16,081,,0*70
$GBGSV,3,3,12,30,58,213,,59,08,095,,60,60,149,,61,35,113,,0*7C
$GQGSV,1,1,02,04,20,068,36,07,19,104,34,1*67
$GQGSV,1,1,03,03,05,128,34,04,20,068,41,07,19,104,42,6*5A
$GNGLL,2454.22833,N,06708.27293,E,141630.00,A,D*78
$GNRMC,141631.00,A,2454.22833,N,06708.27293,E,0.001,,050525,,,R,V*0A
$GNVTG,,T,,M,0.001,N,0.001,K,D*38
$GNGGA,141631.00,2454.22833,N,06708.27293,E,4,12,0.68,21.9,M,-44.2,M,1.0,0290*70
$GNGSA,A,3,08,10,18,23,27,28,32,31,02,,,,1.45,0.68,1.29,1*0A
$GNGSA,A,3,87,66,86,72,65,88,,,,,,,1.45,0.68,1.29,2*01
$GNGSA,A,3,05,03,08,15,34,,,,,,,,1.45,0.68,1.29,3*0A
$GNGSA,A,3,08,09,06,13,20,16,29,27,32,38,39,,1.45,0.68,1.29,4*0E
$GNGSA,A,3,04,,,,,,,,,,,,1.45,0.68,1.29,5*05
$GPGSV,4,1,13,02,22,321,39,08,23,283,42,10,48,025,47,18,21,138,36,1*61
$GPGSV,4,2,13,23,24,073,42,24,04,039,29,27,33,241,39,28,40,164,44,1*63
$GPGSV,4,3,13,31,19,185,41,32,71,340,51,36,34,246,37,40,59,208,47,1*61
$GPGSV,4,4,13,41,56,146,47,1*50
$GPGSV,3,1,09,08,23,283,40,10,48,025,46,18,21,138,43,23,24,073,41,6*65
$GPGSV,3,2,09,24,04,039,36,27,33,241,40,28,40,164,48,31,19,185,42,6*61
$GPGSV,3,3,09,32,71,340,48,6*56
$GPGSV,1,1,01,49,17,257,,0*5F
$GLGSV,3,1,09,65,45,302,46,66,15,255,41,72,33,018,45,74,11,079,32,1*70
$GLGSV,3,2,09,75,08,128,43,86,23,160,47,87,68,182,49,88,42,324,50,1*7C
$GLGSV,3,3,09,,,,47,1*72
$GLGSV,2,1,08,65,45,302,09,66,15,255,40,72,33,018,48,75,08,128,35,3*7E
$GLGSV,2,2,08,86,23,160,45,87,68,182,08,88,42,324,49,,,,49,3*4A
$GLGSV,1,1,01,73,00,039,,0*46
$GAGSV,2,1,06,03,71,009,52,05,21,039,46,08,48,239,50,13,14,322,47,2*78
$GAGSV,2,2,06,15,66,341,52,34,55,124,50,2*70
$GAGSV,2,1,06,03,71,009,48,05,21,039,40,08,48,239,43,13,14,322,36,7*74
$GAGSV,2,2,06,15,66,341,47,34,55,124,46,7*76
$GAGSV,1,1,02,07,00,227,,36,06,136,,0*71
$GBGSV,2,1,08,08,31,067,41,13,44,051,45,20,48,302,48,27,20,163,45,1*75
$GBGSV,2,2,08,29,39,301,45,32,41,029,48,38,26,078,42,39,49,077,47,1*7D
$GBGSV,2,1,05,06,52,104,47,08,31,067,47,09,51,127,48,13,44,051,46,B*0D
$GBGSV,2,2,05,16,50,091,47,B*39
$GBGSV,3,1,12,01,03,095,,02,58,140,,03,35,112,,05,62,201,,0*77
$GBGSV,3,2,12,07,01,157,,10,07,165,,19,12,264,,23,16,081,,0*70
$GBGSV,3,3,12,30,58,213,,59,08,095,,60,60,149,,61,35,113,,0*7C
$GQGSV,1,1,02,04,20,068,36,07,19,104,34,1*67
$GQGSV,1,1,03,03,05,128,33,04,20,068,41,07,19,104,42,6*5D
$GNGLL,2454.22833,N,06708.27293,E,141631.00,A,D*79
$GNRMC,141632.00,A,2454.22833,N,06708.27293,E,0.005,,050525,,,R,V*0D
$GNVTG,,T,,M,0.005,N,0.010,K,D*3C
$GNGGA,141632.00,2454.22833,N,06708.27293,E,4,12,0.68,21.9,M,-44.2,M,1.0,0290*73
$GNGSA,A,3,08,10,18,23,27,28,32,31,02,,,,1.45,0.68,1.29,1*0A
$GNGSA,A,3,87,66,86,72,65,88,,,,,,,1.45,0.68,1.29,2*01
$GNGSA,A,3,05,03,08,15,34,,,,,,,,1.45,0.68,1.29,3*0A
$GNGSA,A,3,08,09,06,13,20,16,29,27,32,38,39,,1.45,0.68,1.29,4*0E
$GNGSA,A,3,04,,,,,,,,,,,,1.45,0.68,1.29,5*05
$GPGSV,4,1,13,02,22,321,39,08,23,283,42,10,48,025,47,18,21,138,36,1*61
$GPGSV,4,2,13,23,24,073,42,24,04,039,29,27,33,241,39,28,40,164,44,1*63
$GPGSV,4,3,13,31,19,185,41,32,71,340,51,36,34,246,36,40,59,208,47,1*60
$GPGSV,4,4,13,41,56,146,47,1*50
$GPGSV,3,1,09,08,23,283,40,10,48,025,46,18,21,138,43,23,24,073,41,6*65
$GPGSV,3,2,09,24,04,039,36,27,33,241,40,28,40,164,48,31,19,185,42,6*61
$GPGSV,3,3,09,32,71,340,48,6*56
$GPGSV,1,1,01,49,17,257,,0*5F
$GLGSV,3,1,09,65,45,302,46,66,15,255,41,72,33,018,45,74,11,079,32,1*70
$GLGSV,3,2,09,75,08,128,43,86,23,160,46,87,68,182,49,88,42,324,50,1*7D
$GLGSV,3,3,09,,,,47,1*72
$GLGSV,2,1,08,65,45,302,09,66,15,255,41,72,33,018,48,75,08,128,35,3*7F
$GLGSV,2,2,08,86,23,160,45,87,68,182,08,88,42,324,49,,,,49,3*4A
$GLGSV,1,1,01,73,00,039,,0*46
$GAGSV,2,1,06,03,71,009,52,05,21,039,46,08,48,239,50,13,14,322,47,2*78
$GAGSV,2,2,06,15,66,341,52,34,55,124,50,2*70
$GAGSV,2,1,06,03,71,009,48,05,21,039,40,08,48,239,43,13,14,322,36,7*74
$GAGSV,2,2,06,15,66,341,47,34,55,124,46,7*76
$GAGSV,1,1,02,07,00,227,,36,06,136,,0*71
$GBGSV,2,1,08,08,31,067,41,13,44,051,45,20,48,302,48,27,20,163,45,1*75
$GBGSV,2,2,08,29,39,301,45,32,41,029,48,38,26,078,42,39,49,077,47,1*7D
$GBGSV,2,1,05,06,52,104,47,08,31,067,47,09,51,127,48,13,44,051,46,B*0D
$GBGSV,2,2,05,16,50,091,47,B*39
$GBGSV,3,1,12,01,03,095,,02,58,140,,03,35,112,,05,62,201,,0*77
$GBGSV,3,2,12,07,01,157,,10,07,165,,19,12,264,,23,16,081,,0*70
$GBGSV,3,3,12,30,58,213,,59,08,095,,60,60,149,,61,35,113,,0*7C
$GQGSV,1,1,02,04,20,068,37,07,19,104,34,1*66
$GQGSV,1,1,03,03,05,128,34,04,20,068,41,07,19,104,42,6*5A
$GNGLL,2454.22833,N,06708.27293,E,141632.00,A,D*7A
$GNRMC,141633.00,A,2454.22833,N,06708.27293,E,0.007,,050525,,,R,V*0E
$GNVTG,,T,,M,0.007,N,0.012,K,D*3C
$GNGGA,141633.00,2454.22833,N,06708.27293,E,4,12,0.68,21.9,M,-44.2,M,1.0,0290*72
$GNGSA,A,3,08,10,18,23,27,28,32,31,02,,,,1.45,0.68,1.29,1*0A
$GNGSA,A,3,87,66,86,72,65,88,,,,,,,1.45,0.68,1.29,2*01
$GNGSA,A,3,05,03,08,15,34,,,,,,,,1.45,0.68,1.29,3*0A
$GNGSA,A,3,08,09,06,13,20,16,29,27,32,38,39,,1.45,0.68,1.29,4*0E
$GNGSA,A,3,04,,,,,,,,,,,,1.45,0.68,1.29,5*05
$GPGSV,4,1,13,02,22,321,39,08,23,283,42,10,48,025,47,18,21,138,36,1*61
$GPGSV,4,2,13,23,24,073,41,24,04,039,29,27,33,241,39,28,40,164,44,1*60
$GPGSV,4,3,13,31,19,185,41,32,71,340,51,36,34,246,37,40,59,208,47,1*61
$GPGSV,4,4,13,41,56,146,47,1*50
$GPGSV,3,1,09,08,23,283,40,10,48,025,45,18,21,138,42,23,24,073,41,6*67
$GPGSV,3,2,09,24,04,039,36,27,33,241,40,28,40,164,48,31,19,185,42,6*61
$GPGSV,3,3,09,32,71,340,48,6*56
$GPGSV,1,1,01,49,17,257,,0*5F
$GLGSV,3,1,09,65,45,302,46,66,15,255,41,72,33,018,45,74,11,079,32,1*70
$GLGSV,3,2,09,75,08,128,43,86,23,160,46,87,68,182,49,88,42,324,50,1*7D
$GLGSV,3,3,09,,,,47,1*72
$GLGSV,2,1,08,65,45,302,05,66,15,255,41,72,33,018,48,75,08,128,35,3*73
$GLGSV,2,2,08,86,23,160,45,87,68,182,08,88,42,324,48,,,,49,3*4B
$GLGSV,1,1,01,73,00,039,,0*46
$GAGSV,2,1,06,03,71,009,52,05,21,039,46,08,48,239,50,13,14,322,47,2*78
$GAGSV,2,2,06,15,66,341,52,34,55,124,50,2*70
$GAGSV,2,1,06,03,71,009,48,05,21,039,40,08,48,239,43,13,14,322,36,7*74
$GAGSV,2,2,06,15,66,341,47,34,55,124,46,7*76
$GAGSV,1,1,02,07,00,227,,36,06,136,,0*71
$GBGSV,2,1,08,08,31,067,41,13,44,051,45,20,48,302,48,27,20,163,45,1*75
$GBGSV,2,2,08,29,39,301,45,32,41,029,48,38,26,078,42,39,49,077,47,1*7D
$GBGSV,2,1,05,06,52,104,47,08,31,067,47,09,51,127,48,13,44,051,46,B*0D
$GBGSV,2,2,05,16,50,091,47,B*39
$GBGSV,3,1,12,01,03,095,,02,58,140,,03,35,112,,05,62,201,,0*77
$GBGSV,3,2,12,07,01,157,,10,07,165,,19,12,264,,23,16,081,,0*70
$GBGSV,3,3,12,30,58,213,,59,08,095,,60,60,149,,61,35,113,,0*7C
$GQGSV,1,1,02,04,20,068,37,07,19,104,35,1*67
$GQGSV,1,1,03,03,05,128,34,04,20,068,41,07,19,104,42,6*5A
$GNGLL,2454.22833,N,06708.27293,E,141633.00,A,D*7B
$GNRMC,141634.00,A,2454.22833,N,06708.27293,E,0.006,,050525,,,R,V*08
$GNVTG,,T,,M,0.006,N,0.011,K,D*3E
$GNGGA,141634.00,2454.22833,N,06708.27293,E,4,12,0.68,21.9,M,-44.2,M,1.0,0290*75
$GNGSA,A,3,08,10,18,23,27,28,32,31,02,,,,1.45,0.68,1.29,1*0A
$GNGSA,A,3,87,66,86,72,65,88,,,,,,,1.45,0.68,1.29,2*01
$GNGSA,A,3,05,03,08,15,34,,,,,,,,1.45,0.68,1.29,3*0A
$GNGSA,A,3,08,09,06,13,20,16,29,27,32,38,39,,1.45,0.68,1.29,4*0E
$GNGSA,A,3,04,,,,,,,,,,,,1.45,0.68,1.29,5*05
$GPGSV,4,1,13,02,22,321,39,08,23,283,42,10,48,025,47,18,21,138,36,1*61
$GPGSV,4,2,13,23,24,073,41,24,04,039,29,27,33,241,39,28,40,164,44,1*60
$GPGSV,4,3,13,31,19,185,41,32,71,340,51,36,34,246,37,40,59,208,47,1*61
$GPGSV,4,4,13,41,56,146,47,1*50
$GPGSV,3,1,09,08,23,283,40,10,48,025,45,18,21,138,42,23,24,073,41,6*67
$GPGSV,3,2,09,24,04,039,36,27,33,241,40,28,40,164,48,31,19,185,42,6*61
$GPGSV,3,3,09,32,71,340,48,6*56
$GPGSV,1,1,01,49,17,257,,0*5F
$GLGSV,3,1,09,65,45,302,46,66,15,255,41,72,33,018,45,74,11,079,32,1*70
$GLGSV,3,2,09,75,08,128,43,86,23,160,46,87,68,182,49,88,42,324,50,1*7D
$GLGSV,3,3,09,,,,47,1*72
$GLGSV,2,1,08,65,45,302,06,66,15,255,41,72,33,018,48,75,08,128,35,3*70
$GLGSV,2,2,08,86,23,160,45,87,68,182,12,88,42,324,49,,,,49,3*41
$GLGSV,1,1,01,73,00,039,,0*46
$GAGSV,2,1,06,03,71,009,52,05,21,039,46,08,48,239,50,13,14,322,47,2*78
$GAGSV,2,2,06,15,66,341,52,34,55,124,50,2*70
$GAGSV,2,1,06,03,71,009,48,05,21,039,40,08,48,239,43,13,14,322,36,7*74
$GAGSV,2,2,06,15,66,341,47,34,55,124,46,7*76
$GAGSV,1,1,02,07,00,227,,36,06,136,,0*71
$GBGSV,2,1,08,08,31,067,41,13,44,051,45,20,48,302,48,27,20,163,45,1*75
$GBGSV,2,2,08,29,39,301,45,32,41,029,48,38,26,078,42,39,49,077,47,1*7D
$GBGSV,2,1,05,06,52,104,47,08,31,067,47,09,51,127,48,13,44,051,46,B*0D
$GBGSV,2,2,05,16,50,091,47,B*39
$GBGSV,3,1,12,01,03,095,,02,58,140,,03,35,112,,05,62,201,,0*77
$GBGSV,3,2,12,07,01,157,,10,07,165,,19,12,264,,23,16,081,,0*70
$GBGSV,3,3,12,30,58,213,,59,08,095,,60,60,149,,61,35,113,,0*7C
$GQGSV,1,1,02,04,20,068,37,07,19,104,35,1*67
$GQGSV,1,1,03,03,05,128,33,04,20,068,42,07,19,104,42,6*5E
$GNGLL,2454.22833,N,06708.27293,E,141634.00,A,D*7C
$GNRMC,141635.00,A,2454.22833,N,06708.27293,E,0.006,,050525,,,R,V*09
$GNVTG,,T,,M,0.006,N,0.011,K,D*3E
$GNGGA,141635.00,2454.22833,N,06708.27293,E,4,12,0.68,21.9,M,-44.2,M,1.0,0290*74
$GNGSA,A,3,08,10,18,23,27,28,32,31,02,,,,1.45,0.68,1.29,1*0A
$GNGSA,A,3,87,66,86,72,65,88,,,,,,,1.45,0.68,1.29,2*01
$GNGSA,A,3,05,03,08,15,34,,,,,,,,1.45,0.68,1.29,3*0A
$GNGSA,A,3,08,09,06,13,20,16,29,27,32,38,39,,1.45,0.68,1.29,4*0E
$GNGSA,A,3,04,,,,,,,,,,,,1.45,0.68,1.29,5*05
$GPGSV,4,1,13,02,22,321,40,08,23,283,42,10,48,025,47,18,21,138,36,1*6F
$GPGSV,4,2,13,23,24,073,41,24,04,039,29,27,33,241,39,28,40,164,44,1*60
$GPGSV,4,3,13,31,19,185,41,32,71,340,51,36,34,246,37,40,59,208,47,1*61
$GPGSV,4,4,13,41,56,146,47,1*50
$GPGSV,3,1,09,08,23,283,40,10,48,025,45,18,21,138,42,23,24,073,41,6*67
$GPGSV,3,2,09,24,04,039,36,27,33,241,40,28,40,164,48,31,19,185,42,6*61
$GPGSV,3,3,09,32,71,340,48,6*56
$GPGSV,1,1,01,49,17,257,,0*5F
$GLGSV,3,1,09,65,45,302,46,66,15,255,41,72,33,018,45,74,11,079,32,1*70
$GLGSV,3,2,09,75,08,128,43,86,23,160,46,87,68,182,49,88,42,324,50,1*7D
$GLGSV,3,3,09,,,,47,1*72
$GLGSV,2,1,08,65,45,302,08,66,15,255,41,72,33,018,48,75,08,128,35,3*7E
$GLGSV,2,2,08,86,23,160,45,87,68,182,08,88,42,324,49,,,,49,3*4A
$GLGSV,1,1,01,73,00,039,,0*46
$GAGSV,2,1,06,03,71,009,52,05,21,039,46,08,48,239,50,13,14,322,47,2*78
$GAGSV,2,2,06,15,66,341,52,34,55,124,50,2*70
$GAGSV,2,1,06,03,71,009,48,05,21,039,40,08,48,239,43,13,14,322,36,7*74
$GAGSV,2,2,06,15,66,341,47,34,55,124,46,7*76
$GAGSV,1,1,02,07,00,227,,36,06,136,,0*71
$GBGSV,2,1,08,08,31,067,41,13,44,051,45,20,48,302,48,27,20,163,45,1*75
$GBGSV,2,2,08,29,39,301,45,32,41,029,48,38,26,078,42,39,49,077,47,1*7D
$GBGSV,2,1,05,06,52,104,47,08,31,067,47,09,51,127,48,13,44,051,46,B*0D
$GBGSV,2,2,05,16,50,091,47,B*39
$GBGSV,3,1,12,01,03,095,,02,58,140,,03,35,112,,05,62,201,,0*77
$GBGSV,3,2,12,07,01,157,,10,07,165,,19,12,264,,23,16,081,,0*70
$GBGSV,3,3,12,30,58,213,,59,08,095,,60,60,149,,61,35,113,,0*7C
$GQGSV,1,1,02,04,20,068,36,07,19,104,35,1*66
$GQGSV,1,1,03,03,05,128,34,04,20,068,41,07,19,104,42,6*5A
$GNGLL,2454.22833,N,06708.27293,E,141635.00,A,D*7D
$GNRMC,141636.00,A,2454.22833,N,06708.27293,E,0.006,,050525,,,R,V*0A
$GNVTG,,T,,M,0.006,N,0.011,K,D*3E
$GNGGA,141636.00,2454.22833,N,06708.27293,E,4,12,0.68,21.9,M,-44.2,M,1.0,0290*77
$GNGSA,A,3,08,10,18,23,27,28,32,31,02,,,,1.45,0.68,1.29,1*0A
$GNGSA,A,3,87,66,86,72,65,88,,,,,,,1.45,0.68,1.29,2*01
$GNGSA,A,3,05,03,08,15,34,,,,,,,,1.45,0.68,1.29,3*0A
$GNGSA,A,3,08,09,06,13,20,16,29,27,32,38,39,,1.45,0.68,1.29,4*0E
$GNGSA,A,3,04,,,,,,,,,,,,1.45,0.68,1.29,5*05
$GPGSV,4,1,13,02,22,321,39,08,23,283,42,10,48,025,47,18,21,138,36,1*61
$GPGSV,4,2,13,23,24,073,41,24,04,039,29,27,33,241,40,28,40,164,44,1*6E
$GPGSV,4,3,13,31,19,185,41,32,71,340,51,36,34,246,37,40,59,208,47,1*61
$GPGSV,4,4,13,41,56,146,47,1*50
$GPGSV,3,1,09,08,23,283,40,10,48,025,45,18,21,138,43,23,24,073,41,6*66
$GPGSV,3,2,09,24,04,039,36,27,33,241,40,28,40,164,48,31,19,185,42,6*61
$GPGSV,3,3,09,32,71,340,47,6*59
$GPGSV,1,1,01,49,17,257,,0*5F
$GLGSV,3,1,09,65,45,302,46,66,15,255,41,72,33,018,45,74,11,079,32,1*70
$GLGSV,3,2,09,75,08,128,43,86,23,160,46,87,68,182,49,88,42,324,50,1*7D
$GLGSV,3,3,09,,,,47,1*72
$GLGSV,2,1,08,65,45,302,08,66,15,255,41,72,33,018,48,75,08,128,36,3*7D
$GLGSV,2,2,08,86,23,160,45,87,68,182,05,88,42,324,49,,,,49,3*47
$GLGSV,1,1,01,73,00,039,,0*46
$GAGSV,2,1,06,03,71,009,52,05,21,039,46,08,48,239,50,13,14,322,47,2*78
$GAGSV,2,2,06,15,66,341,52,34,55,124,50,2*70
$GAGSV,2,1,06,03,71,009,48,05,21,039,40,08,48,239,43,13,14,322,36,7*74
$GAGSV,2,2,06,15,66,341,47,34,55,124,46,7*76
$GAGSV,1,1,02,07,00,227,,36,06,136,,0*71
$GBGSV,2,1,08,08,31,067,41,13,44,051,45,20,48,302,48,27,20,163,45,1*75
$GBGSV,2,2,08,29,39,301,45,32,41,029,48,38,26,078,42,39,49,077,47,1*7D
$GBGSV,2,1,05,06,52,104,47,08,31,067,47,09,51,127,48,13,44,051,46,B*0D
$GBGSV,2,2,05,16,50,091,47,B*39
$GBGSV,3,1,12,01,03,095,,02,58,140,,03,35,112,,05,62,201,,0*77
$GBGSV,3,2,12,07,01,157,,10,07,165,,19,12,264,,23,16,081,,0*70
$GBGSV,3,3,12,30,58,213,,59,08,095,,60,60,149,,61,35,113,,0*7C
$GQGSV,1,1,02,04,20,068,37,07,19,104,35,1*67
$GQGSV,1,1,03,03,05,128,34,04,20,068,42,07,19,104,42,6*59
$GNGLL,2454.22833,N,06708.27293,E,141636.00,A,D*7E
$GNRMC,141637.00,A,2454.22833,N,06708.27293,E,0.007,,050525,,,R,V*0A
$GNVTG,,T,,M,0.007,N,0.013,K,D*3D
$GNGGA,141637.00,2454.22833,N,06708.27293,E,4,12,0.68,21.9,M,-44.2,M,1.0,0290*76
$GNGSA,A,3,08,10,18,23,27,28,32,31,02,,,,1.45,0.68,1.29,1*0A
$GNGSA,A,3,87,66,86,72,65,88,,,,,,,1.45,0.68,1.29,2*01
$GNGSA,A,3,05,03,08,15,34,,,,,,,,1.45,0.68,1.29,3*0A
$GNGSA,A,3,08,09,06,13,20,16,29,27,32,38,39,,1.45,0.68,1.29,4*0E
$GNGSA,A,3,04,,,,,,,,,,,,1.45,0.68,1.29,5*05
$GPGSV,4,1,13,02,22,321,40,08,23,283,42,10,48,025,47,18,21,138,36,1*6F
$GPGSV,4,2,13,23,24,073,41,24,04,039,29,27,33,241,40,28,40,164,44,1*6E
$GPGSV,4,3,13,31,19,185,41,32,71,340,51,36,34,246,37,40,59,208,47,1*61
$GPGSV,4,4,13,41,56,146,47,1*50
$GPGSV,3,1,09,08,23,283,40,10,48,025,45,18,21,138,43,23,24,073,41,6*66
$GPGSV,3,2,09,24,04,039,36,27,33,241,40,28,40,164,48,31,19,185,42,6*61
$GPGSV,3,3,09,32,71,340,47,6*59
$GPGSV,1,1,01,49,17,257,,0*5F
$GLGSV,3,1,09,65,45,302,46,66,15,255,41,72,33,018,45,74,11,079,31,1*73
$GLGSV,3,2,09,75,08,128,43,86,23,160,46,87,68,182,50,88,42,324,50,1*75
$GLGSV,3,3,09,,,,47,1*72
$GLGSV,2,1,08,65,45,302,10,66,15,255,41,72,33,018,48,75,08,128,36,3*74
$GLGSV,2,2,08,86,23,160,45,87,68,182,06,88,42,324,49,,,,49,3*44
$GLGSV,1,1,01,73,00,039,,0*46
$GAGSV,2,1,06,03,71,009,52,05,21,039,46,08,48,239,50,13,14,322,47,2*78
$GAGSV,2,2,06,15,66,341,52,34,55,124,50,2*70
$GAGSV,2,1,06,03,71,009,48,05,21,039,40,08,48,239,43,13,14,322,36,7*74
$GAGSV,2,2,06,15,66,341,47,34,55,124,46,7*76
$GAGSV,1,1,02,07,00,227,,36,06,136,,0*71
$GBGSV,2,1,08,08,31,067,41,13,44,051,45,20,48,302,48,27,20,163,45,1*75
$GBGSV,2,2,08,29,39,301,45,32,41,029,48,38,26,078,42,39,49,077,47,1*7D
$GBGSV,2,1,05,06,52,104,47,08,31,067,47,09,51,127,48,13,44,051,46,B*0D
$GBGSV,2,2,05,16,50,091,47,B*39
$GBGSV,3,1,12,01,03,095,,02,58,140,,03,35,112,,05,62,201,,0*77
$GBGSV,3,2,12,07,01,157,,10,07,165,,19,12,264,,23,16,081,,0*70
$GBGSV,3,3,12,30,58,213,,59,08,095,,60,60,149,,61,35,113,,0*7C
$GQGSV,1,1,02,04,20,068,37,07,19,104,35,1*67
$GQGSV,1,1,03,03,05,128,34,04,20,068,42,07,19,104,42,6*59
$GNGLL,2454.22833,N,06708.27293,E,141637.00,A,D*7F
$GNRMC,141638.00,A,2454.22833,N,06708.27293,E,0.009,,050525,,,R,V*0B
$GNVTG,,T,,M,0.009,N,0.017,K,D*37
$GNGGA,141638.00,2454.22833,N,06708.27293,E,4,12,0.67,21.9,M,-44.2,M,1.0,0290*76
$GNGSA,A,3,08,10,18,23,27,28,32,31,02,,,,1.45,0.67,1.29,1*05
$GNGSA,A,3,87,66,86,72,65,88,,,,,,,1.45,0.67,1.29,2*0E
$GNGSA,A,3,05,03,08,15,34,,,,,,,,1.45,0.67,1.29,3*05
$GNGSA,A,3,08,09,06,13,20,16,29,27,32,38,39,,1.45,0.67,1.29,4*01
$GNGSA,A,3,04,,,,,,,,,,,,1.45,0.67,1.29,5*0A
$GPGSV,4,1,13,02,22,321,40,08,23,283,42,10,48,025,47,18,21,138,36,1*6F
$GPGSV,4,2,13,23,24,073,41,24,04,039,29,27,33,241,40,28,40,164,44,1*6E
$GPGSV,4,3,13,31,19,185,41,32,71,340,51,36,34,246,37,40,59,208,47,1*61
$GPGSV,4,4,13,41,56,146,47,1*50
$GPGSV,3,1,09,08,23,283,40,10,48,025,45,18,21,138,43,23,24,073,41,6*66
$GPGSV,3,2,09,24,04,039,35,27,33,241,41,28,40,164,48,31,19,185,42,6*63
$GPGSV,3,3,09,32,71,340,47,6*59
$GPGSV,1,1,01,49,17,257,,0*5F
$GLGSV,3,1,09,65,45,302,46,66,15,255,41,72,33,018,45,74,11,079,31,1*73
$GLGSV,3,2,09,75,08,128,43,86,23,160,46,87,68,182,49,88,42,324,50,1*7D
$GLGSV,3,3,09,,,,48,1*7D
$GLGSV,2,1,08,65,45,302,12,66,15,255,41,72,33,018,48,75,08,128,36,3*76
$GLGSV,2,2,08,86,23,160,45,87,68,182,09,88,42,324,48,,,,49,3*4A
$GLGSV,1,1,01,73,00,039,,0*46
$GAGSV,2,1,06,03,71,009,52,05,21,039,46,08,48,239,50,13,14,322,47,2*78
$GAGSV,2,2,06,15,66,341,52,34,55,124,50,2*70
$GAGSV,2,1,06,03,71,009,48,05,21,039,40,08,48,239,43,13,14,322,36,7*74
$GAGSV,2,2,06,15,66,341,47,34,55,124,46,7*76
$GAGSV,1,1,02,07,00,227,,36,06,136,,0*71
$GBGSV,2,1,08,08,31,067,41,13,44,051,45,20,48,302,48,27,20,163,45,1*75
$GBGSV,2,2,08,29,39,301,45,32,41,029,48,38,26,078,42,39,49,077,47,1*7D
$GBGSV,2,1,05,06,52,104,47,08,31,067,47,09,51,127,48,13,44,051,46,B*0D
$GBGSV,2,2,05,16,50,091,47,B*39
$GBGSV,3,1,12,01,03,095,,02,58,140,,03,35,112,,05,62,201,,0*77
$GBGSV,3,2,12,07,01,157,,10,07,165,,19,12,264,,23,16,081,,0*70
$GBGSV,3,3,12,30,58,213,,59,08,095,,60,60,149,,61,35,113,,0*7C
$GQGSV,1,1,02,04,20,068,36,07,19,104,35,1*66
$GQGSV,1,1,03,03,05,128,34,04,20,068,42,07,19,104,42,6*59
$GNGLL,2454.22833,N,06708.27293,E,141638.00,A,D*70
$GNRMC,141639.00,A,2454.22833,N,06708.27293,E,0.001,,050525,,,R,V*02
$GNVTG,,T,,M,0.001,N,0.002,K,D*3B
$GNGGA,141639.00,2454.22833,N,06708.27293,E,4,12,0.67,21.9,M,-44.2,M,1.0,0290*77
$GNGSA,A,3,08,10,18,23,27,28,32,31,02,,,,1.45,0.67,1.29,1*05
$GNGSA,A,3,87,66,86,72,65,88,,,,,,,1.45,0.67,1.29,2*0E
$GNGSA,A,3,05,03,08,15,34,,,,,,,,1.45,0.67,1.29,3*05
$GNGSA,A,3,08,09,06,13,20,16,29,27,32,38,39,,1.45,0.67,1.29,4*01
$GNGSA,A,3,04,,,,,,,,,,,,1.45,0.67,1.29,5*0A
$GPGSV,4,1,13,02,22,321,39,08,23,283,42,10,48,025,47,18,21,138,36,1*61
$GPGSV,4,2,13,23,24,073,41,24,04,039,29,27,33,241,40,28,40,164,44,1*6E
$GPGSV,4,3,13,31,19,185,41,32,71,340,51,36,34,246,37,40,59,208,47,1*61
$GPGSV,4,4,13,41,56,146,47,1*50
$GPGSV,3,1,09,08,23,283,40,10,48,025,45,18,21,138,43,23,24,073,41,6*66
$GPGSV,3,2,09,24,04,039,35,27,33,241,41,28,40,164,48,31,19,185,42,6*63
$GPGSV,3,3,09,32,71,340,47,6*59
$GPGSV,1,1,01,49,17,257,,0*5F
$GLGSV,2,1,08,65,45,302,46,66,15,255,41,72,33,018,45,74,11,079,31,1*73
$GLGSV,2,2,08,75,08,128,43,86,23,160,46,87,68,182,49,88,42,324,50,1*7D
$GLGSV,2,1,07,65,45,302,04,66,15,255,42,72,33,018,48,75,08,128,37,3*7C
$GLGSV,2,2,07,86,23,160,45,87,68,182,09,88,42,324,49,3*49
$GLGSV,1,1,01,73,00,039,,0*46
$GAGSV,2,1,06,03,71,009,52,05,21,039,46,08,48,239,50,13,14,322,47,2*78
$GAGSV,2,2,06,15,66,341,52,34,55,124,50,2*70
$GAGSV,2,1,06,03,71,009,47,05,21,039,40,08,48,239,43,13,14,322,36,7*7B
$GAGSV,2,2,06,15,66,341,47,34,55,124,46,7*76
$GAGSV,1,1,02,07,00,227,,36,06,136,,0*71
$GBGSV,2,1,08,08,31,067,41,13,44,051,45,20,48,302,48,27,20,163,45,1*75
$GBGSV,2,2,08,29,39,301,44,32,41,029,48,38,26,078,42,39,49,077,47,1*7C
$GBGSV,2,1,05,06,52,104,47,08,31,067,47,09,51,127,48,13,44,051,46,B*0D
$GBGSV,2,2,05,16,50,091,47,B*39
$GBGSV,3,1,12,01,03,095,,02,58,140,,03,35,112,,05,62,201,,0*77
$GBGSV,3,2,12,07,01,157,,10,07,165,,19,12,264,,23,16,081,,0*70
$GBGSV,3,3,12,30,58,213,,59,08,095,,60,60,149,,61,35,113,,0*7C
$GQGSV,1,1,02,04,20,068,36,07,19,104,35,1*66
$GQGSV,1,1,03,03,05,128,33,04,20,068,41,07,19,104,42,6*5D
$GNGLL,2454.22833,N,06708.27293,E,141639.00,A,D*71
$GNRMC,141640.00,A,2454.22833,N,06708.27293,E,0.009,,050525,,,R,V*04
$GNVTG,,T,,M,0.009,N,0.016,K,D*36
$GNGGA,141640.00,2454.22833,N,06708.27293,E,4,12,0.67,21.9,M,-44.2,M,1.0,0290*79
$GNGSA,A,3,08,10,18,23,27,28,32,31,02,,,,1.45,0.67,1.29,1*05
$GNGSA,A,3,87,66,86,72,65,88,,,,,,,1.45,0.67,1.29,2*0E
$GNGSA,A,3,05,03,08,15,34,,,,,,,,1.45,0.67,1.29,3*05
$GNGSA,A,3,08,09,06,13,20,16,29,27,32,38,39,,1.45,0.67,1.29,4*01
$GNGSA,A,3,04,,,,,,,,,,,,1.45,0.67,1.29,5*0A
$GPGSV,4,1,13,02,22,321,40,08,23,283,42,10,48,025,47,18,21,138,37,1*6E
$GPGSV,4,2,13,23,24,073,41,24,04,039,29,27,33,241,40,28,40,164,44,1*6E
$GPGSV,4,3,13,31,19,185,41,32,71,340,51,36,34,246,37,40,59,208,47,1*61
$GPGSV,4,4,13,41,56,146,47,1*50
$GPGSV,3,1,09,08,23,283,40,10,48,025,45,18,21,138,42,23,24,073,41,6*67
$GPGSV,3,2,09,24,04,039,35,27,33,241,41,28,40,164,48,31,19,185,42,6*63
$GPGSV,3,3,09,32,71,340,47,6*59
$GPGSV,1,1,01,49,17,257,,0*5F
$GLGSV,3,1,09,65,45,302,46,66,15,255,41,72,33,018,45,74,11,079,31,1*73
$GLGSV,3,2,09,75,08,128,43,86,23,160,46,87,68,182,49,88,42,324,50,1*7D
$GLGSV,3,3,09,,,,47,1*72
$GLGSV,2,1,07,65,45,302,05,66,15,255,42,72,33,018,47,75,08,128,37,3*72
$GLGSV,2,2,07,86,23,160,45,87,68,182,09,88,42,324,48,3*48
$GLGSV,1,1,01,73,00,039,,0*46
$GAGSV,2,1,06,03,71,009,52,05,21,039,46,08,48,239,50,13,14,322,47,2*78
$GAGSV,2,2,06,15,66,341,52,34,55,124,50,2*70
$GAGSV,2,1,06,03,71,009,48,05,21,039,40,08,48,239,43,13,14,322,36,7*74
$GAGSV,2,2,06,15,66,341,47,34,55,124,46,7*76
$GAGSV,1,1,02,07,00,227,,36,06,136,,0*71
$GBGSV,2,1,08,08,31,067,41,13,44,051,45,20,48,302,48,27,20,163,45,1*75
$GBGSV,2,2,08,29,39,301,44,32,41,029,48,38,26,078,42,39,49,077,47,1*7C
$GBGSV,2,1,05,06,52,104,47,08,31,067,47,09,51,127,48,13,44,051,46,B*0D
$GBGSV,2,2,05,16,50,091,47,B*39
$GBGSV,3,1,12,01,03,095,,02,58,140,,03,35,112,,05,62,201,,0*77
$GBGSV,3,2,12,07,01,157,,10,07,165,,19,12,264,,23,16,081,,0*70
$GBGSV,3,3,12,30,58,213,,59,08,095,,60,60,149,,61,35,113,,0*7C
$GQGSV,1,1,02,04,20,068,36,07,19,104,35,1*66
$GQGSV,1,1,03,03,05,128,33,04,20,068,42,07,19,104,42,6*5E
$GNGLL,2454.22833,N,06708.27293,E,141640.00,A,D*7F
$GNRMC,141641.00,A,2454.22833,N,06708.27293,E,0.004,,050525,,,R,V*08
$GNVTG,,T,,M,0.004,N,0.007,K,D*3B
$GNGGA,141641.00,2454.22833,N,06708.27293,E,4,12,0.67,21.9,M,-44.2,M,1.0,0290*78
$GNGSA,A,3,08,10,18,23,27,28,32,31,02,,,,1.45,0.67,1.29,1*05
$GNGSA,A,3,87,66,86,72,65,88,,,,,,,1.45,0.67,1.29,2*0E
$GNGSA,A,3,05,03,08,15,34,,,,,,,,1.45,0.67,1.29,3*05
$GNGSA,A,3,08,09,06,13,20,16,29,27,32,38,39,,1.45,0.67,1.29,4*01
$GNGSA,A,3,04,,,,,,,,,,,,1.45,0.67,1.29,5*0A
$GPGSV,4,1,13,02,22,321,40,08,23,283,42,10,48,025,47,18,21,138,37,1*6E
$GPGSV,4,2,13,23,24,073,41,24,04,039,29,27,33,241,40,28,40,164,44,1*6E
$GPGSV,4,3,13,31,19,185,41,32,71,340,51,36,34,246,37,40,59,208,47,1*61
$GPGSV,4,4,13,41,56,146,47,1*50
$GPGSV,3,1,09,08,23,283,40,10,48,025,45,18,21,138,43,23,24,073,41,6*66
$GPGSV,3,2,09,24,04,039,35,27,33,241,41,28,40,164,48,31,19,185,42,6*63
$GPGSV,3,3,09,32,71,340,47,6*59
$GPGSV,1,1,01,49,17,257,,0*5F
$GLGSV,3,1,09,65,45,302,46,66,15,255,41,72,33,018,45,74,11,079,31,1*73
$GLGSV,3,2,09,75,08,128,43,86,23,160,46,87,68,182,49,88,42,324,50,1*7D
$GLGSV,3,3,09,,,,47,1*72
$GLGSV,2,1,07,65,45,302,09,66,15,255,42,72,33,018,47,75,08,128,37,3*7E
$GLGSV,2,2,07,86,23,160,45,87,68,182,09,88,42,324,48,3*48
$GLGSV,1,1,01,73,00,039,,0*46
$GAGSV,2,1,06,03,71,009,52,05,21,039,46,08,48,239,50,13,14,322,47,2*78
$GAGSV,2,2,06,15,66,341,52,34,55,124,50,2*70
$GAGSV,2,1,06,03,71,009,47,05,21,039,40,08,48,239,43,13,14,322,36,7*7B
$GAGSV,2,2,06,15,66,341,47,34,55,124,46,7*76
$GAGSV,1,1,02,07,00,227,,36,06,136,,0*71
$GBGSV,2,1,08,08,31,067,41,13,44,051,45,20,48,302,48,27,20,163,45,1*75
$GBGSV,2,2,08,29,39,301,44,32,41,029,48,38,26,078,42,39,49,077,47,1*7C
$GBGSV,2,1,06,06,52,104,47,08,31,067,47,09,51,127,48,13,44,051,46,B*0E
$GBGSV,2,2,06,16,50,091,47,29,39,301,14,B*0C
$GBGSV,3,1,12,01,03,095,,02,58,140,,03,35,112,,05,62,201,,0*77
$GBGSV,3,2,12,07,01,157,,10,07,165,,19,12,264,,23,16,081,,0*70
$GBGSV,3,3,12,30,58,213,,59,08,095,,60,60,149,,61,35,113,,0*7C
$GQGSV,1,1,02,04,20,068,36,07,19,104,35,1*66
$GQGSV,1,1,03,03,05,128,33,04,20,068,42,07,19,104,42,6*5E
$GNGLL,2454.22833,N,06708.27293,E,141641.00,A,D*7E
$GNRMC,141642.00,A,2454.22833,N,06708.27293,E,0.004,,050525,,,R,V*0B
$GNVTG,,T,,M,0.004,N,0.007,K,D*3B
$GNGGA,141642.00,2454.22833,N,06708.27293,E,4,12,0.67,21.9,M,-44.2,M,1.0,0290*7B
$GNGSA,A,3,08,10,18,23,27,28,32,31,02,,,,1.45,0.67,1.29,1*05
$GNGSA,A,3,87,66,86,72,65,88,,,,,,,1.45,0.67,1.29,2*0E
$GNGSA,A,3,05,03,08,15,34,,,,,,,,1.45,0.67,1.29,3*05
$GNGSA,A,3,08,09,06,13,20,16,29,27,32,38,39,,1.45,0.67,1.29,4*01
$GNGSA,A,3,04,,,,,,,,,,,,1.45,0.67,1.29,5*0A
$GPGSV,4,1,13,02,22,321,40,08,23,283,42,10,48,025,47,18,21,138,37,1*6E
$GPGSV,4,2,13,23,24,073,41,24,04,039,28,27,33,241,40,28,40,164,44,1*6F
$GPGSV,4,3,13,31,19,185,41,32,71,340,51,36,34,246,37,40,59,208,47,1*61
$GPGSV,4,4,13,41,56,146,47,1*50
$GPGSV,3,1,09,08,23,283,40,10,48,025,45,18,21,138,43,23,24,073,41,6*66
$GPGSV,3,2,09,24,04,039,35,27,33,241,41,28,40,164,48,31,19,185,42,6*63
$GPGSV,3,3,09,32,71,340,47,6*59
$GPGSV,1,1,01,49,17,257,,0*5F
$GLGSV,3,1,09,65,45,302,46,66,15,255,41,72,33,018,45,74,11,079,31,1*73
$GLGSV,3,2,09,75,08,128,43,86,23,160,46,87,68,182,49,88,42,324,50,1*7D
$GLGSV,3,3,09,,,,48,1*7D
$GLGSV,2,1,07,65,45,302,13,66,15,255,42,72,33,018,47,75,08,128,37,3*75
$GLGSV,2,2,07,86,23,160,45,87,68,182,11,88,42,324,48,3*41
$GLGSV,1,1,01,73,00,039,,0*46
$GAGSV,2,1,06,03,70,010,52,05,21,039,46,08,48,239,50,13,14,322,47,2*71
$GAGSV,2,2,06,15,66,341,52,34,55,124,50,2*70
$GAGSV,2,1,06,03,70,010,47,05,21,039,40,08,48,239,43,13,14,322,36,7*72
$GAGSV,2,2,06,15,66,341,47,34,55,124,46,7*76
$GAGSV,1,1,02,07,00,227,,36,06,136,,0*71
$GBGSV,2,1,08,08,31,067,41,13,44,051,45,20,48,302,48,27,20,163,45,1*75
$GBGSV,2,2,08,29,39,301,44,32,41,029,48,38,26,078,42,39,49,077,47,1*7C
$GBGSV,2,1,06,06,52,104,47,08,31,067,47,09,51,127,48,13,44,051,46,B*0E
$GBGSV,2,2,06,16,50,091,47,29,39,301,12,B*0A
$GBGSV,3,1,12,01,03,095,,02,58,140,,03,35,112,,05,62,201,,0*77
$GBGSV,3,2,12,07,01,157,,10,07,165,,19,12,264,,23,16,081,,0*70
$GBGSV,3,3,12,30,58,213,,59,08,095,,60,60,149,,61,35,113,,0*7C
$GQGSV,1,1,02,04,20,068,36,07,19,104,35,1*66
$GQGSV,1,1,03,03,05,128,33,04,20,068,41,07,19,104,42,6*5D
$GNGLL,2454.22833,N,06708.27293,E,141642.00,A,D*7D
$GNRMC,141643.00,A,2454.22833,N,06708.27293,E,0.004,,050525,,,R,V*0A
$GNVTG,,T,,M,0.004,N,0.008,K,D*34
$GNGGA,141643.00,2454.22833,N,06708.27293,E,4,12,0.67,21.9,M,-44.2,M,1.0,0290*7A
$GNGSA,A,3,08,10,18,23,27,28,32,31,02,,,,1.45,0.67,1.29,1*05
$GNGSA,A,3,87,66,86,72,65,88,,,,,,,1.45,0.67,1.29,2*0E
$GNGSA,A,3,05,03,08,15,34,,,,,,,,1.45,0.67,1.29,3*05
$GNGSA,A,3,08,09,06,13,20,16,29,27,32,38,39,,1.45,0.67,1.29,4*01
$GNGSA,A,3,04,,,,,,,,,,,,1.45,0.67,1.29,5*0A
$GPGSV,4,1,13,02,22,321,40,08,23,283,42,10,48,025,47,18,21,138,36,1*6F
$GPGSV,4,2,13,23,24,073,41,24,04,039,28,27,33,241,40,28,40,164,44,1*6F
$GPGSV,4,3,13,31,19,185,41,32,71,340,51,36,34,246,37,40,59,208,47,1*61
$GPGSV,4,4,13,41,56,146,47,1*50
$GPGSV,3,1,09,08,23,283,40,10,48,025,45,18,21,138,43,23,24,073,41,6*66
$GPGSV,3,2,09,24,04,039,35,27,33,241,41,28,40,164,48,31,19,185,42,6*63
$GPGSV,3,3,09,32,71,340,47,6*59
$GPGSV,1,1,01,49,17,257,,0*5F
$GLGSV,3,1,09,65,45,302,46,66,15,255,41,72,33,018,45,74,11,079,31,1*73
$GLGSV,3,2,09,75,08,128,43,86,23,160,46,87,68,182,49,88,42,324,50,1*7D
$GLGSV,3,3,09,,,,48,1*7D
$GLGSV,2,1,07,65,45,302,09,66,15,255,42,72,33,018,47,75,08,128,37,3*7E
$GLGSV,2,2,07,86,23,160,45,87,68,182,09,88,42,324,48,3*48
$GLGSV,1,1,01,73,00,039,,0*46
$GAGSV,2,1,06,03,70,010,52,05,21,039,46,08,48,239,50,13,14,322,47,2*71
$GAGSV,2,2,06,15,66,341,52,34,55,124,50,2*70
$GAGSV,2,1,06,03,70,010,47,05,21,039,40,08,48,239,43,13,14,322,36,7*72
$GAGSV,2,2,06,15,66,341,47,34,55,124,46,7*76
$GAGSV,1,1,02,07,00,227,,36,06,136,,0*71
$GBGSV,2,1,08,08,31,067,41,13,44,051,45,20,48,302,48,27,20,163,45,1*75
$GBGSV,2,2,08,29,39,301,44,32,41,029,48,38,26,078,42,39,49,077,47,1*7C
$GBGSV,2,1,06,06,52,104,47,08,31,067,47,09,51,127,48,13,44,051,46,B*0E
$GBGSV,2,2,06,16,50,091,47,29,39,301,08,B*01
$GBGSV,3,1,12,01,03,095,,02,58,140,,03,35,112,,05,62,201,,0*77
$GBGSV,3,2,12,07,01,157,,10,07,165,,19,12,264,,23,16,081,,0*70
$GBGSV,3,3,12,30,58,213,,59,08,095,,60,60,149,,61,35,113,,0*7C
$GQGSV,1,1,02,04,20,068,36,07,19,104,35,1*66
$GQGSV,1,1,03,03,05,128,34,04,20,068,41,07,19,104,42,6*5A
$GNGLL,2454.22833,N,06708.27293,E,141643.00,A,D*7C
$GNRMC,141644.00,A,2454.22833,N,06708.27293,E,0.005,,050525,,,R,V*0C
$GNVTG,,T,,M,0.005,N,0.009,K,D*34
$GNGGA,141644.00,2454.22833,N,06708.27293,E,4,12,0.67,21.9,M,-44.2,M,1.0,0290*7D
$GNGSA,A,3,08,10,18,23,27,28,32,31,02,,,,1.45,0.67,1.29,1*05
$GNGSA,A,3,87,66,86,72,65,88,,,,,,,1.45,0.67,1.29,2*0E
$GNGSA,A,3,05,03,08,15,34,,,,,,,,1.45,0.67,1.29,3*05
$GNGSA,A,3,08,09,06,13,20,16,29,27,32,38,39,,1.45,0.67,1.29,4*01
$GNGSA,A,3,04,,,,,,,,,,,,1.45,0.67,1.29,5*0A
$GPGSV,4,1,13,02,22,321,40,08,23,283,42,10,48,025,47,18,21,138,36,1*6F
$GPGSV,4,2,13,23,24,073,41,24,04,039,28,27,33,241,40,28,40,164,44,1*6F
$GPGSV,4,3,13,31,19,185,41,32,71,340,51,36,34,246,37,40,59,208,47,1*61
$GPGSV,4,4,13,41,56,146,47,1*50
$GPGSV,3,1,09,08,23,283,40,10,48,025,45,18,21,138,43,23,24,073,41,6*66
$GPGSV,3,2,09,24,04,039,35,27,33,241,41,28,40,164,48,31,19,185,42,6*63
$GPGSV,3,3,09,32,71,340,48,6*56
$GPGSV,1,1,01,49,17,257,,0*5F
$GLGSV,3,1,09,65,45,302,46,66,15,255,42,72,33,018,45,74,11,079,31,1*70
$GLGSV,3,2,09,75,08,128,43,86,23,160,46,87,68,182,49,88,42,324,50,1*7D
$GLGSV,3,3,09,,,,48,1*7D
$GLGSV,2,1,07,65,45,302,05,66,15,255,42,72,33,018,47,75,08,128,37,3*72
$GLGSV,2,2,07,86,23,160,45,88,42,324,48,,,,48,3*77
$GLGSV,1,1,01,73,00,039,,0*46
$GAGSV,2,1,06,03,70,010,52,05,20,040,46,08,48,239,50,13,14,322,47,2*7E
$GAGSV,2,2,06,15,66,341,52,34,55,124,50,2*70
$GAGSV,2,1,06,03,70,010,47,05,20,040,40,08,48,239,43,13,14,322,36,7*7D
$GAGSV,2,2,06,15,66,341,47,34,55,124,46,7*76
$GAGSV,1,1,02,07,00,227,,36,06,136,,0*71
$GBGSV,2,1,08,08,31,067,41,13,44,051,45,20,48,302,48,27,20,163,45,1*75
$GBGSV,2,2,08,29,39,301,44,32,41,029,48,38,26,078,42,39,49,077,47,1*7C
$GBGSV,2,1,06,06,52,104,47,08,31,067,47,09,51,127,48,13,44,051,46,B*0E
$GBGSV,2,2,06,16,50,091,47,29,39,301,08,B*01
$GBGSV,3,1,12,01,03,095,,02,58,140,,03,35,112,,05,62,201,,0*77
$GBGSV,3,2,12,07,01,157,,10,07,165,,19,12,264,,23,16,081,,0*70
$GBGSV,3,3,12,30,58,213,,59,08,095,,60,60,149,,61,35,113,,0*7C
$GQGSV,1,1,02,04,20,068,36,07,19,104,35,1*66
$GQGSV,1,1,03,03,05,128,33,04,20,068,42,07,19,104,42,6*5E
$GNGLL,2454.22833,N,06708.27293,E,141644.00,A,D*7B
$GNRMC,141645.00,A,2454.22833,N,06708.27293,E,0.011,,050525,,,R,V*08
$GNVTG,,T,,M,0.011,N,0.020,K,D*3A
$GNGGA,141645.00,2454.22833,N,06708.27293,E,4,12,0.67,21.9,M,-44.2,M,1.0,0290*7C
$GNGSA,A,3,08,10,18,23,27,28,32,31,02,,,,1.45,0.67,1.29,1*05
$GNGSA,A,3,87,66,86,72,65,88,,,,,,,1.45,0.67,1.29,2*0E
$GNGSA,A,3,05,03,08,15,34,,,,,,,,1.45,0.67,1.29,3*05
$GNGSA,A,3,08,09,06,13,20,16,29,27,32,38,39,,1.45,0.67,1.29,4*01
$GNGSA,A,3,04,,,,,,,,,,,,1.45,0.67,1.29,5*0A
$GPGSV,4,1,13,02,22,321,39,08,23,283,42,10,48,025,47,18,21,138,36,1*61
$GPGSV,4,2,13,23,24,073,41,24,04,039,29,27,33,241,40,28,40,164,44,1*6E
$GPGSV,4,3,13,31,19,185,41,32,71,340,51,36,34,246,37,40,59,208,48,1*6E
$GPGSV,4,4,13,41,56,146,47,1*50
$GPGSV,3,1,09,08,23,283,40,10,48,025,45,18,21,138,43,23,24,073,41,6*66
$GPGSV,3,2,09,24,04,039,35,27,33,241,41,28,40,164,48,31,19,185,42,6*63
$GPGSV,3,3,09,32,71,340,48,6*56
$GPGSV,1,1,01,49,17,257,,0*5F
$GLGSV,3,1,09,65,45,302,46,66,15,255,42,72,33,018,45,74,11,079,31,1*70
$GLGSV,3,2,09,75,08,128,43,86,23,160,46,87,68,182,49,88,42,324,50,1*7D
$GLGSV,3,3,09,,,,48,1*7D
$GLGSV,2,1,07,65,45,302,09,66,15,255,42,72,33,018,47,75,08,128,37,3*7E
$GLGSV,2,2,07,86,23,160,45,88,42,324,48,,,,49,3*76
$GLGSV,1,1,01,73,00,039,,0*46
$GAGSV,2,1,06,03,70,010,52,05,20,040,46,08,48,239,50,13,14,322,47,2*7E
$GAGSV,2,2,06,15,66,341,52,34,55,124,50,2*70
$GAGSV,2,1,06,03,70,010,47,05,20,040,40,08,48,239,43,13,14,322,36,7*7D
$GAGSV,2,2,06,15,66,341,47,34,55,124,46,7*76
$GAGSV,1,1,02,07,00,227,,36,06,136,,0*71
$GBGSV,2,1,08,08,31,067,41,13,44,051,45,20,48,302,48,27,20,163,45,1*75
$GBGSV,2,2,08,29,39,301,44,32,41,029,48,38,26,078,42,39,49,077,47,1*7C
$GBGSV,2,1,06,06,52,104,47,08,31,067,47,09,51,127,48,13,44,051,46,B*0E
$GBGSV,2,2,06,16,50,091,47,29,39,301,08,B*01
$GBGSV,3,1,12,01,03,095,,02,58,140,,03,35,112,,05,62,201,,0*77
$GBGSV,3,2,12,07,01,157,,10,07,165,,19,12,264,,23,16,081,,0*70
$GBGSV,3,3,12,30,58,213,,59,08,095,,60,60,149,,61,35,113,,0*7C
$GQGSV,1,1,03,03,05,128,28,04,20,068,36,07,19,104,35,1*50
$GQGSV,1,1,03,03,05,128,33,04,20,068,41,07,19,104,42,6*5D
$GNGLL,2454.22833,N,06708.27293,E,141645.00,A,D*7A
$GNRMC,141646.00,A,2454.22833,N,06708.27293,E,0.005,,050525,,,R,V*0E
$GNVTG,,T,,M,0.005,N,0.009,K,D*34
$GNGGA,141646.00,2454.22833,N,06708.27293,E,4,12,0.67,21.9,M,-44.2,M,1.0,0290*7F
$GNGSA,A,3,08,10,18,23,27,28,32,31,02,,,,1.45,0.67,1.29,1*05
$GNGSA,A,3,87,66,86,72,65,88,,,,,,,1.45,0.67,1.29,2*0E
$GNGSA,A,3,05,03,08,15,34,,,,,,,,1.45,0.67,1.29,3*05
$GNGSA,A,3,08,09,06,13,20,16,29,27,32,38,39,,1.45,0.67,1.29,4*01
$GNGSA,A,3,04,,,,,,,,,,,,1.45,0.67,1.29,5*0A
$GPGSV,4,1,13,02,22,321,39,08,23,283,42,10,48,025,47,18,21,138,36,1*61
$GPGSV,4,2,13,23,24,073,41,24,04,039,28,27,33,241,40,28,40,164,44,1*6F
$GPGSV,4,3,13,31,19,185,41,32,71,340,51,36,34,246,37,40,59,208,48,1*6E
$GPGSV,4,4,13,41,56,146,47,1*50
$GPGSV,3,1,09,08,23,283,40,10,48,025,45,18,21,138,43,23,24,073,41,6*66
$GPGSV,3,2,09,24,04,039,34,27,33,241,41,28,40,164,48,31,19,185,42,6*62
$GPGSV,3,3,09,32,71,340,48,6*56
$GPGSV,1,1,01,49,17,257,,0*5F
$GLGSV,3,1,09,65,45,302,46,66,15,255,42,72,33,018,45,74,11,079,31,1*70
$GLGSV,3,2,09,75,08,128,43,86,23,160,46,87,68,182,49,88,42,324,50,1*7D
$GLGSV,3,3,09,,,,48,1*7D
$GLGSV,2,1,07,65,45,302,11,66,15,255,42,72,33,018,47,75,08,128,36,3*76
$GLGSV,2,2,07,86,23,160,45,88,42,324,48,,,,49,3*76
$GLGSV,1,1,01,73,00,039,,0*46
$GAGSV,2,1,06,03,70,010,52,05,20,040,46,08,48,239,50,13,14,322,47,2*7E
$GAGSV,2,2,06,15,66,341,52,34,55,124,50,2*70
$GAGSV,2,1,06,03,70,010,47,05,20,040,40,08,48,239,43,13,14,322,36,7*7D
$GAGSV,2,2,06,15,66,341,47,34,55,124,46,7*76
$GAGSV,1,1,02,07,00,228,,36,06,136,,0*7E
$GBGSV,2,1,08,08,31,067,41,13,44,051,45,20,48,302,48,27,20,163,45,1*75
$GBGSV,2,2,08,29,39,301,44,32,41,029,48,38,26,078,42,39,49,077,47,1*7C
$GBGSV,2,1,06,06,52,104,47,08,31,067,47,09,51,127,48,13,44,051,46,B*0E
$GBGSV,2,2,06,16,50,091,47,29,39,301,08,B*01
$GBGSV,3,1,12,01,03,095,,02,58,140,,03,35,112,,05,62,201,,0*77
$GBGSV,3,2,12,07,01,157,,10,07,165,,19,12,264,,23,16,081,,0*70
$GBGSV,3,3,12,30,58,213,,59,08,095,,60,60,149,,61,35,113,,0*7C
$GQGSV,1,1,02,04,20,068,36,07,19,104,35,1*66
$GQGSV,1,1,03,03,05,128,33,04,20,068,41,07,19,104,42,6*5D
$GNGLL,2454.22833,N,06708.27293,E,141646.00,A,D*79
$GNRMC,141647.00,A,2454.22833,N,06708.27293,E,0.010,,050525,,,R,V*0B
$GNVTG,,T,,M,0.010,N,0.019,K,D*31
$GNGGA,141647.00,2454.22833,N,06708.27293,E,4,12,0.67,21.9,M,-44.2,M,1.0,0290*7E
$GNGSA,A,3,08,10,18,23,27,28,32,31,02,,,,1.45,0.67,1.29,1*05
$GNGSA,A,3,87,66,86,72,65,88,,,,,,,1.45,0.67,1.29,2*0E
$GNGSA,A,3,05,03,08,15,34,,,,,,,,1.45,0.67,1.29,3*05
$GNGSA,A,3,08,09,06,13,20,16,29,27,32,38,39,,1.45,0.67,1.29,4*01
$GNGSA,A,3,04,,,,,,,,,,,,1.45,0.67,1.29,5*0A
$GPGSV,4,1,13,02,22,321,39,08,23,283,42,10,48,025,47,18,21,138,36,1*61
$GPGSV,4,2,13,23,24,073,41,24,04,039,28,27,33,241,40,28,40,164,44,1*6F
$GPGSV,4,3,13,31,19,185,41,32,71,340,51,36,34,246,37,40,59,208,48,1*6E
$GPGSV,4,4,13,41,56,146,47,1*50
$GPGSV,3,1,09,08,23,283,40,10,48,025,46,18,21,138,43,23,24,073,41,6*65
$GPGSV,3,2,09,24,04,039,34,27,33,241,41,28,40,164,48,31,19,185,42,6*62
$GPGSV,3,3,09,32,71,340,48,6*56
$GPGSV,1,1,01,49,17,257,,0*5F
$GLGSV,3,1,09,65,45,302,46,66,15,255,42,72,33,018,45,74,11,079,32,1*73
$GLGSV,3,2,09,75,08,128,43,86,23,160,46,87,68,182,49,88,42,324,50,1*7D
$GLGSV,3,3,09,,,,48,1*7D
$GLGSV,2,1,07,65,45,302,08,66,15,255,42,72,33,018,47,75,08,128,36,3*7E
$GLGSV,2,2,07,86,23,160,45,88,42,324,48,,,,49,3*76
$GLGSV,1,1,01,73,00,039,,0*46
$GAGSV,2,1,06,03,70,010,52,05,20,040,46,08,49,240,50,13,14,322,47,2*71
$GAGSV,2,2,06,15,66,341,52,34,55,124,50,2*70
$GAGSV,2,1,06,03,70,010,47,05,20,040,40,08,49,240,43,13,14,322,36,7*72
$GAGSV,2,2,06,15,66,341,47,34,55,124,46,7*76
$GAGSV,1,1,02,07,00,228,,36,06,136,,0*7E
$GBGSV,2,1,08,08,31,067,41,13,44,051,45,20,48,302,48,27,20,163,45,1*75
$GBGSV,2,2,08,29,39,301,44,32,41,029,48,38,26,078,42,39,49,077,47,1*7C
$GBGSV,2,1,06,06,52,104,47,08,31,067,47,09,51,127,48,13,44,051,46,B*0E
$GBGSV,2,2,06,16,50,091,47,29,39,301,08,B*01
$GBGSV,3,1,12,01,03,095,,02,58,140,,03,35,112,,05,62,201,,0*77
$GBGSV,3,2,12,07,01,157,,10,07,165,,19,12,264,,23,16,081,,0*70
$GBGSV,3,3,12,30,58,213,,59,08,095,,60,60,149,,61,35,113,,0*7C
$GQGSV,1,1,02,04,20,068,36,07,19,104,35,1*66
$GQGSV,1,1,03,03,05,128,33,04,20,068,41,07,19,104,42,6*5D
$GNGLL,2454.22833,N,06708.27293,E,141647.00,A,D*78
$GNRMC,141648.00,A,2454.22833,N,06708.27293,E,0.002,,050525,,,R,V*07
$GNVTG,,T,,M,0.002,N,0.004,K,D*3E
$GNGGA,141648.00,2454.22833,N,06708.27293,E,4,12,0.67,21.9,M,-44.2,M,1.0,0290*71
$GNGSA,A,3,08,10,18,23,27,28,32,31,02,,,,1.45,0.67,1.29,1*05
$GNGSA,A,3,87,66,86,72,65,88,,,,,,,1.45,0.67,1.29,2*0E
$GNGSA,A,3,05,03,08,15,34,,,,,,,,1.45,0.67,1.29,3*05
$GNGSA,A,3,08,09,06,13,20,16,29,27,32,38,39,,1.45,0.67,1.29,4*01
$GNGSA,A,3,04,,,,,,,,,,,,1.45,0.67,1.29,5*0A
$GPGSV,4,1,13,02,22,321,39,08,23,283,42,10,48,025,47,18,21,138,36,1*61
$GPGSV,4,2,13,23,24,073,41,24,04,039,28,27,33,241,40,28,40,164,44,1*6F
$GPGSV,4,3,13,31,19,185,41,32,71,340,51,36,34,246,37,40,59,208,47,1*61
$GPGSV,4,4,13,41,56,146,47,1*50
$GPGSV,3,1,09,08,23,283,40,10,48,025,46,18,21,138,43,23,24,073,41,6*65
$GPGSV,3,2,09,24,04,039,34,27,33,241,41,28,40,164,48,31,19,185,42,6*62
$GPGSV,3,3,09,32,71,340,48,6*56
$GPGSV,1,1,01,49,17,257,,0*5F
$GLGSV,3,1,09,65,45,302,46,66,15,255,42,72,33,018,45,74,11,079,33,1*72
$GLGSV,3,2,09,75,08,128,43,86,23,160,46,87,68,182,49,88,42,324,50,1*7D
$GLGSV,3,3,09,,,,48,1*7D
$GLGSV,2,1,07,65,45,302,09,66,15,255,42,72,33,018,47,75,08,128,36,3*7F
$GLGSV,2,2,07,86,23,160,45,88,42,324,48,,,,49,3*76
$GLGSV,1,1,01,73,00,039,,0*46
$GAGSV,2,1,06,03,70,010,52,05,20,040,46,08,49,240,50,13,14,322,47,2*71
$GAGSV,2,2,06,15,66,341,52,34,55,124,50,2*70
$GAGSV,2,1,06,03,70,010,47,05,20,040,40,08,49,240,43,13,14,322,36,7*72
$GAGSV,2,2,06,15,66,341,47,34,55,124,46,7*76
$GAGSV,1,1,02,07,00,228,,36,06,136,,0*7E
$GBGSV,2,1,08,08,31,067,41,13,44,051,45,20,48,302,48,27,20,163,45,1*75
$GBGSV,2,2,08,29,39,301,44,32,41,029,48,38,26,078,42,39,49,077,47,1*7C
$GBGSV,2,1,06,06,52,104,47,08,31,067,47,09,51,127,48,13,44,051,46,B*0E
$GBGSV,2,2,06,16,50,091,47,29,39,301,07,B*0E
$GBGSV,3,1,12,01,03,095,,02,58,140,,03,35,112,,05,62,201,,0*77
$GBGSV,3,2,12,07,01,157,,10,07,165,,19,12,264,,23,16,081,,0*70
$GBGSV,3,3,12,30,58,213,,59,08,095,,60,60,149,,61,35,113,,0*7C
$GQGSV,1,1,02,04,20,068,36,07,19,104,35,1*66
$GQGSV,1,1,03,03,05,128,33,04,20,068,41,07,19,104,42,6*5D
$GNGLL,2454.22833,N,06708.27293,E,141648.00,A,D*77
$GNRMC,141649.00,A,2454.22833,N,06708.27293,E,0.006,,050525,,,R,V*02
$GNVTG,,T,,M,0.006,N,0.011,K,D*3E
$GNGGA,141649.00,2454.22833,N,06708.27293,E,4,12,0.67,21.9,M,-44.2,M,1.0,0290*70
$GNGSA,A,3,08,10,18,23,27,28,32,31,02,,,,1.45,0.67,1.29,1*05
$GNGSA,A,3,87,66,86,72,65,88,,,,,,,1.45,0.67,1.29,2*0E
$GNGSA,A,3,05,03,08,15,34,,,,,,,,1.45,0.67,1.29,3*05
$GNGSA,A,3,08,09,06,13,20,16,29,27,32,38,39,,1.45,0.67,1.29,4*01
$GNGSA,A,3,04,,,,,,,,,,,,1.45,0.67,1.29,5*0A
$GPGSV,4,1,13,02,22,321,39,08,23,283,42,10,48,025,47,18,21,138,36,1*61
$GPGSV,4,2,13,23,24,073,41,24,04,039,28,27,33,241,40,28,40,164,44,1*6F
$GPGSV,4,3,13,31,19,185,41,32,71,340,51,36,34,246,37,40,59,208,47,1*61
$GPGSV,4,4,13,41,56,146,47,1*50
$GPGSV,3,1,09,08,23,283,40,10,48,025,46,18,21,138,43,23,24,073,41,6*65
$GPGSV,3,2,09,24,04,039,34,27,33,241,41,28,40,164,48,31,19,185,42,6*62
$GPGSV,3,3,09,32,71,340,48,6*56
$GPGSV,1,1,01,49,17,257,,0*5F
$GLGSV,3,1,09,65,45,302,46,66,15,255,42,72,33,018,45,74,11,079,33,1*72
$GLGSV,3,2,09,75,08,128,43,86,23,160,46,87,68,182,49,88,42,324,50,1*7D
$GLGSV,3,3,09,,,,48,1*7D
$GLGSV,2,1,07,65,45,302,11,66,15,255,42,72,33,018,47,75,08,128,36,3*76
$GLGSV,2,2,07,86,23,160,45,88,42,324,48,,,,49,3*76
$GLGSV,1,1,01,73,00,039,,0*46
$GAGSV,2,1,06,03,70,010,52,05,20,040,46,08,49,240,50,13,14,322,47,2*71
$GAGSV,2,2,06,15,66,341,52,34,55,124,50,2*70
$GAGSV,2,1,06,03,70,010,47,05,20,040,40,08,49,240,43,13,14,322,36,7*72
$GAGSV,2,2,06,15,66,341,47,34,55,124,46,7*76
$GAGSV,1,1,02,07,00,228,,36,06,136,,0*7E
$GBGSV,2,1,08,08,31,067,41,13,44,051,45,20,48,302,48,27,20,163,45,1*75
$GBGSV,2,2,08,29,39,301,44,32,41,029,48,38,26,078,42,39,49,077,47,1*7C
$GBGSV,2,1,06,06,52,104,47,08,31,067,47,09,51,127,48,13,44,051,46,B*0E
$GBGSV,2,2,06,16,50,091,47,29,39,301,08,B*01
$GBGSV,3,1,12,01,03,095,,02,58,140,,03,35,112,,05,62,201,,0*77
$GBGSV,3,2,12,07,01,157,,10,07,165,,19,12,264,,23,16,081,,0*70
$GBGSV,3,3,12,30,58,213,,59,08,095,,60,60,149,,61,35,113,,0*7C
$GQGSV,1,1,02,04,20,068,37,07,19,104,35,1*67
$GQGSV,1,1,03,03,05,128,33,04,20,068,42,07,19,104,42,6*5E
$GNGLL,2454.22833,N,06708.27293,E,141649.00,A,D*76
$GNRMC,141650.00,A,2454.22833,N,06708.27293,E,0.011,,050525,,,R,V*0C
$GNVTG,,T,,M,0.011,N,0.021,K,D*3B
$GNGGA,141650.00,2454.22833,N,06708.27293,E,4,12,0.67,21.9,M,-44.2,M,1.0,0290*78
$GNGSA,A,3,08,10,18,23,27,28,32,31,02,,,,1.45,0.67,1.29,1*05
$GNGSA,A,3,87,66,86,72,65,88,,,,,,,1.45,0.67,1.29,2*0E
$GNGSA,A,3,05,03,08,15,34,,,,,,,,1.45,0.67,1.29,3*05
$GNGSA,A,3,08,09,06,13,20,16,29,27,32,38,39,,1.45,0.67,1.29,4*01
$GNGSA,A,3,04,,,,,,,,,,,,1.45,0.67,1.29,5*0A
$GPGSV,4,1,13,02,22,321,39,08,23,283,42,10,48,025,47,18,21,138,36,1*61
$GPGSV,4,2,13,23,24,073,41,24,04,039,28,27,33,241,40,28,40,164,44,1*6F
$GPGSV,4,3,13,31,19,185,41,32,71,340,51,36,34,246,37,40,59,208,47,1*61
$GPGSV,4,4,13,41,56,146,47,1*50
$GPGSV,3,1,09,08,23,283,40,10,48,025,46,18,21,138,43,23,24,073,41,6*65
$GPGSV,3,2,09,24,04,039,34,27,33,241,41,28,40,164,48,31,19,185,42,6*62
$GPGSV,3,3,09,32,71,340,48,6*56
$GPGSV,1,1,01,49,17,257,,0*5F
$GLGSV,3,1,09,65,45,302,46,66,15,255,42,72,33,018,45,74,11,079,33,1*72
$GLGSV,3,2,09,75,08,128,43,86,23,160,46,87,68,182,49,88,42,324,50,1*7D
$GLGSV,3,3,09,,,,47,1*72
$GLGSV,2,1,07,65,45,302,06,66,15,255,42,72,33,018,47,75,08,128,36,3*70
$GLGSV,2,2,07,86,23,160,45,88,42,324,48,,,,49,3*76
$GLGSV,1,1,01,73,00,039,,0*46
$GAGSV,2,1,06,03,70,010,52,05,20,040,46,08,49,240,50,13,14,322,47,2*71
$GAGSV,2,2,06,15,66,341,52,34,55,124,50,2*70
$GAGSV,2,1,06,03,70,010,47,05,20,040,40,08,49,240,43,13,14,322,36,7*72
$GAGSV,2,2,06,15,66,341,47,34,55,124,46,7*76
$GAGSV,1,1,02,07,00,228,,36,06,136,,0*7E
$GBGSV,2,1,08,08,31,067,41,13,44,051,45,20,48,302,48,27,20,163,45,1*75
$GBGSV,2,2,08,29,39,301,44,32,41,029,48,38,26,078,42,39,49,077,47,1*7C
$GBGSV,2,1,06,06,52,104,47,08,31,067,47,09,51,127,48,13,44,051,46,B*0E
$GBGSV,2,2,06,16,50,091,47,29,39,301,08,B*01
$GBGSV,3,1,12,01,03,095,,02,58,140,,03,35,112,,05,62,201,,0*77
$GBGSV,3,2,12,07,01,157,,10,07,165,,19,12,264,,23,16,081,,0*70
$GBGSV,3,3,12,30,58,213,,59,08,095,,60,60,149,,61,35,113,,0*7C
$GQGSV,1,1,02,04,20,068,37,07,19,104,35,1*67
$GQGSV,1,1,03,03,05,128,33,04,20,068,42,07,19,104,42,6*5E
$GNGLL,2454.22833,N,06708.27293,E,141650.00,A,D*7E
$GNRMC,141651.00,A,2454.22833,N,06708.27293,E,0.010,,050525,,,R,V*0C
$GNVTG,,T,,M,0.010,N,0.018,K,D*30
$GNGGA,141651.00,2454.22833,N,06708.27293,E,4,12,0.67,21.9,M,-44.2,M,1.0,0290*79
$GNGSA,A,3,08,10,18,23,27,28,32,31,02,,,,1.45,0.67,1.29,1*05
$GNGSA,A,3,87,66,86,72,65,88,,,,,,,1.45,0.67,1.29,2*0E
$GNGSA,A,3,05,03,08,15,34,,,,,,,,1.45,0.67,1.29,3*05
$GNGSA,A,3,08,09,06,13,20,16,29,27,32,38,39,,1.45,0.67,1.29,4*01
$GNGSA,A,3,04,,,,,,,,,,,,1.45,0.67,1.29,5*0A
$GPGSV,4,1,13,02,22,321,39,08,23,283,42,10,48,025,47,18,21,138,36,1*61
$GPGSV,4,2,13,23,24,073,41,24,04,039,28,27,33,241,40,28,40,164,44,1*6F
$GPGSV,4,3,13,31,19,185,41,32,71,340,51,36,34,246,37,40,59,208,47,1*61
$GPGSV,4,4,13,41,56,146,47,1*50
$GPGSV,3,1,09,08,23,283,40,10,48,025,45,18,21,138,43,23,24,073,41,6*66
$GPGSV,3,2,09,24,04,039,34,27,33,241,41,28,40,164,48,31,19,185,42,6*62
$GPGSV,3,3,09,32,71,340,48,6*56
$GPGSV,1,1,01,49,17,257,,0*5F
$GLGSV,3,1,09,65,45,302,46,66,15,255,42,72,33,018,45,74,11,079,33,1*72
$GLGSV,3,2,09,75,08,128,43,86,23,160,46,87,68,182,49,88,42,324,50,1*7D
$GLGSV,3,3,09,,,,47,1*72
$GLGSV,2,1,07,65,45,302,08,66,15,255,43,72,33,018,47,75,08,128,36,3*7F
$GLGSV,2,2,07,86,23,160,45,88,42,324,48,,,,48,3*77
$GLGSV,1,1,01,73,00,039,,0*46
$GAGSV,2,1,06,03,70,010,51,05,20,040,46,08,49,240,50,13,14,322,47,2*72
$GAGSV,2,2,06,15,66,341,52,34,55,124,50,2*70
$GAGSV,2,1,06,03,70,010,47,05,20,040,40,08,49,240,43,13,14,322,36,7*72
$GAGSV,2,2,06,15,66,341,47,34,55,124,46,7*76
$GAGSV,1,1,02,07,00,228,,36,06,136,,0*7E
$GBGSV,2,1,08,08,31,067,41,13,44,051,45,20,48,302,48,27,20,163,45,1*75
$GBGSV,2,2,08,29,39,301,44,32,41,029,48,38,26,078,42,39,49,077,47,1*7C
$GBGSV,2,1,06,06,52,104,47,08,31,067,47,09,51,127,48,13,44,051,46,B*0E
$GBGSV,2,2,06,16,50,091,47,29,39,301,07,B*0E
$GBGSV,3,1,12,01,03,095,,02,58,140,,03,35,112,,05,62,201,,0*77
$GBGSV,3,2,12,07,01,157,,10,07,165,,19,12,264,,23,16,081,,0*70
$GBGSV,3,3,12,30,58,213,,59,08,095,,60,60,149,,61,35,113,,0*7C
$GQGSV,1,1,02,04,20,068,37,07,19,104,35,1*67
$GQGSV,1,1,03,03,05,128,33,04,20,068,41,07,19,104,42,6*5D
$GNGLL,2454.22833,N,06708.27293,E,141651.00,A,D*7F
$GNRMC,141652.00,A,2454.22833,N,06708.27293,E,0.007,,050525,,,R,V*09
$GNVTG,,T,,M,0.007,N,0.013,K,D*3D
$GNGGA,141652.00,2454.22833,N,06708.27293,E,4,12,0.67,21.9,M,-44.2,M,1.0,0290*7A
$GNGSA,A,3,08,10,18,23,27,28,32,31,02,,,,1.45,0.67,1.29,1*05
$GNGSA,A,3,87,66,86,72,65,88,,,,,,,1.45,0.67,1.29,2*0E
$GNGSA,A,3,05,03,08,15,34,,,,,,,,1.45,0.67,1.29,3*05
$GNGSA,A,3,08,09,06,13,20,16,29,27,32,38,39,,1.45,0.67,1.29,4*01
$GNGSA,A,3,04,,,,,,,,,,,,1.45,0.67,1.29,5*0A
$GPGSV,4,1,13,02,22,321,39,08,23,283,42,10,48,025,47,18,21,138,36,1*61
$GPGSV,4,2,13,23,24,073,41,24,04,039,29,27,33,241,40,28,40,164,44,1*6E
$GPGSV,4,3,13,31,19,185,41,32,71,340,51,36,34,246,37,40,59,208,47,1*61
$GPGSV,4,4,13,41,56,146,47,1*50
$GPGSV,3,1,09,08,23,283,40,10,48,025,46,18,21,138,43,23,24,073,41,6*65
$GPGSV,3,2,09,24,04,039,34,27,33,241,41,28,40,164,48,31,19,185,42,6*62
$GPGSV,3,3,09,32,71,340,47,6*59
$GPGSV,1,1,01,49,17,257,,0*5F
$GLGSV,3,1,09,65,45,302,46,66,15,255,42,72,33,018,45,74,11,079,33,1*72
$GLGSV,3,2,09,75,08,128,43,86,23,160,46,87,68,182,50,88,42,324,50,1*75
$GLGSV,3,3,09,,,,47,1*72
$GLGSV,2,1,07,65,45,302,06,66,15,255,43,72,33,018,47,75,08,128,36,3*71
$GLGSV,2,2,07,86,23,160,45,88,42,324,48,,,,48,3*77
$GLGSV,1,1,01,73,00,039,,0*46
$GAGSV,2,1,06,03,70,010,52,05,20,040,46,08,49,240,50,13,15,322,47,2*70
$GAGSV,2,2,06,15,66,341,52,34,55,124,50,2*70
$GAGSV,2,1,06,03,70,010,47,05,20,040,40,08,49,240,43,13,15,322,36,7*73
$GAGSV,2,2,06,15,66,341,47,34,55,124,46,7*76
$GAGSV,1,1,02,07,00,228,,36,06,136,,0*7E
$GBGSV,2,1,08,08,31,067,41,13,44,051,45,20,48,302,48,27,20,163,45,1*75
$GBGSV,2,2,08,29,39,301,44,32,41,029,48,38,26,078,42,39,49,077,47,1*7C
$GBGSV,2,1,05,06,52,104,47,08,31,067,47,09,51,127,48,13,44,051,46,B*0D
$GBGSV,2,2,05,16,50,091,47,B*39
$GBGSV,3,1,12,01,03,095,,02,58,140,,03,35,112,,05,62,201,,0*77
$GBGSV,3,2,12,07,01,157,,10,07,165,,19,12,264,,23,16,081,,0*70
$GBGSV,3,3,12,30,58,213,,59,08,095,,60,60,149,,61,35,113,,0*7C
$GQGSV,1,1,02,04,20,068,36,07,19,104,34,1*67
$GQGSV,1,1,03,03,05,128,33,04,20,068,41,07,19,104,42,6*5D
$GNGLL,2454.22833,N,06708.27293,E,141652.00,A,D*7C
$GNRMC,141653.00,A,2454.22833,N,06708.27293,E,0.008,,050525,,,R,V*07
$GNVTG,,T,,M,0.008,N,0.015,K,D*34
$GNGGA,141653.00,2454.22833,N,06708.27293,E,4,12,0.67,21.9,M,-44.2,M,1.0,0290*7B
$GNGSA,A,3,08,10,18,23,27,28,32,31,02,,,,1.45,0.67,1.29,1*05
$GNGSA,A,3,87,66,86,72,65,88,,,,,,,1.45,0.67,1.29,2*0E
$GNGSA,A,3,05,03,08,15,34,,,,,,,,1.45,0.67,1.29,3*05
$GNGSA,A,3,08,09,06,13,20,16,29,27,32,38,39,,1.45,0.67,1.29,4*01
$GNGSA,A,3,04,,,,,,,,,,,,1.45,0.67,1.29,5*0A
$GPGSV,4,1,13,02,22,321,40,08,23,283,42,10,48,025,47,18,21,138,36,1*6F
$GPGSV,4,2,13,23,24,073,41,24,04,039,29,27,33,241,40,28,40,164,44,1*6E
$GPGSV,4,3,13,31,19,185,41,32,71,340,51,36,34,246,37,40,59,208,47,1*61
$GPGSV,4,4,13,41,56,146,47,1*50
$GPGSV,3,1,09,08,23,283,40,10,48,025,46,18,21,138,43,23,24,073,41,6*65
$GPGSV,3,2,09,24,04,039,34,27,33,241,41,28,40,164,48,31,19,185,42,6*62
$GPGSV,3,3,09,32,71,340,47,6*59
$GPGSV,1,1,01,49,17,257,,0*5F
$GLGSV,3,1,09,65,45,302,46,66,15,255,42,72,33,018,45,74,11,079,34,1*75
$GLGSV,3,2,09,75,08,128,43,86,23,160,46,87,68,182,49,88,42,324,50,1*7D
$GLGSV,3,3,09,,,,48,1*7D
$GLGSV,2,1,07,65,45,302,08,66,15,255,42,72,33,018,47,75,08,128,36,3*7E
$GLGSV,2,2,07,86,23,160,45,88,42,324,49,,,,49,3*77
$GLGSV,1,1,01,73,00,039,,0*46
$GAGSV,2,1,06,03,70,010,52,05,20,040,46,08,49,240,50,13,15,322,47,2*70
$GAGSV,2,2,06,15,66,341,52,34,55,124,50,2*70
$GAGSV,2,1,06,03,70,010,47,05,20,040,40,08,49,240,43,13,15,322,36,7*73
$GAGSV,2,2,06,15,66,341,47,34,55,124,46,7*76
$GAGSV,1,1,02,07,00,228,,36,06,136,,0*7E
$GBGSV,2,1,08,08,31,067,41,13,44,051,45,20,48,302,48,27,20,163,45,1*75
$GBGSV,2,2,08,29,39,301,44,32,41,029,48,38,26,078,42,39,49,077,47,1*7C
$GBGSV,2,1,05,06,52,104,47,08,31,067,47,09,51,127,48,13,44,051,46,B*0D
$GBGSV,2,2,05,16,50,091,47,B*39
$GBGSV,3,1,12,01,03,095,,02,58,140,,03,35,112,,05,62,201,,0*77
$GBGSV,3,2,12,07,01,157,,10,07,165,,19,12,264,,23,16,081,,0*70
$GBGSV,3,3,12,30,58,213,,59,08,095,,60,60,149,,61,35,113,,0*7C
$GQGSV,1,1,02,04,20,068,36,07,19,104,35,1*66
$GQGSV,1,1,03,03,05,128,33,04,20,068,41,07,19,104,42,6*5D
$GNGLL,2454.22833,N,06708.27293,E,141653.00,A,D*7D
$GNRMC,141654.00,A,2454.22833,N,06708.27293,E,0.009,,050525,,,R,V*01
$GNVTG,,T,,M,0.009,N,0.017,K,D*37
$GNGGA,141654.00,2454.22833,N,06708.27293,E,4,12,0.67,21.9,M,-44.2,M,1.0,0290*7C
$GNGSA,A,3,08,10,18,23,27,28,32,31,02,,,,1.45,0.67,1.29,1*05
$GNGSA,A,3,87,66,86,72,65,88,,,,,,,1.45,0.67,1.29,2*0E
$GNGSA,A,3,05,03,08,15,34,,,,,,,,1.45,0.67,1.29,3*05
$GNGSA,A,3,08,09,06,13,20,16,29,27,32,38,39,,1.45,0.67,1.29,4*01
$GNGSA,A,3,04,,,,,,,,,,,,1.45,0.67,1.29,5*0A
$GPGSV,4,1,13,02,22,321,39,08,23,283,42,10,48,025,47,18,21,138,36,1*61
$GPGSV,4,2,13,23,24,073,41,24,04,039,29,27,33,241,40,28,40,164,44,1*6E
$GPGSV,4,3,13,31,19,185,41,32,71,340,51,36,34,246,37,40,59,208,47,1*61
$GPGSV,4,4,13,41,56,146,47,1*50
$GPGSV,3,1,09,08,23,283,40,10,48,025,46,18,21,138,43,23,24,073,41,6*65
$GPGSV,3,2,09,24,04,039,34,27,33,241,41,28,40,164,48,31,19,185,42,6*62
$GPGSV,3,3,09,32,71,340,47,6*59
$GPGSV,1,1,01,49,17,257,,0*5F
$GLGSV,3,1,09,65,45,302,46,66,15,255,42,72,33,018,45,74,11,079,34,1*75
$GLGSV,3,2,09,75,08,128,43,86,23,160,46,87,68,182,50,88,42,324,50,1*75
$GLGSV,3,3,09,,,,48,1*7D
$GLGSV,2,1,07,65,45,302,10,66,15,255,42,72,33,018,47,75,08,128,36,3*77
$GLGSV,2,2,07,86,23,160,45,88,42,324,49,,,,48,3*76
$GLGSV,1,1,01,73,00,039,,0*46
$GAGSV,2,1,06,03,70,010,52,05,20,040,46,08,49,240,50,13,15,322,47,2*70
$GAGSV,2,2,06,15,66,341,52,34,55,124,50,2*70
$GAGSV,2,1,06,03,70,010,47,05,20,040,40,08,49,240,43,13,15,322,36,7*73
$GAGSV,2,2,06,15,66,341,47,34,55,124,46,7*76
$GAGSV,1,1,02,07,00,228,,36,06,136,,0*7E
$GBGSV,2,1,08,08,31,067,41,13,44,051,45,20,48,302,48,27,20,163,45,1*75
$GBGSV,2,2,08,29,39,301,45,32,41,029,48,38,26,078,42,39,49,077,47,1*7D
$GBGSV,2,1,05,06,52,104,47,08,31,067,47,09,51,127,48,13,44,051,46,B*0D
$GBGSV,2,2,05,16,50,091,47,B*39
$GBGSV,3,1,12,01,03,095,,02,58,140,,03,35,112,,05,62,201,,0*77
$GBGSV,3,2,12,07,01,157,,10,07,165,,19,12,264,,23,16,081,,0*70
$GBGSV,3,3,12,30,58,213,,59,08,095,,60,60,149,,61,35,113,,0*7C
$GQGSV,1,1,02,04,20,068,36,07,19,104,35,1*66
$GQGSV,1,1,03,03,05,128,33,04,20,068,41,07,19,104,42,6*5D
$GNGLL,2454.22833,N,06708.27293,E,141654.00,A,D*7A
$GNRMC,141655.00,A,2454.22834,N,06708.27293,E,0.008,,050525,,,R,V*06
$GNVTG,,T,,M,0.008,N,0.015,K,D*34
$GNGGA,141655.00,2454.22834,N,06708.27293,E,4,12,0.67,21.9,M,-44.2,M,1.0,0290*7A
$GNGSA,A,3,08,10,18,23,27,28,32,31,02,,,,1.45,0.67,1.29,1*05
$GNGSA,A,3,87,66,86,72,65,88,,,,,,,1.45,0.67,1.29,2*0E
$GNGSA,A,3,05,03,08,15,34,,,,,,,,1.45,0.67,1.29,3*05
$GNGSA,A,3,08,09,06,13,20,16,29,27,32,38,39,,1.45,0.67,1.29,4*01
$GNGSA,A,3,04,,,,,,,,,,,,1.45,0.67,1.29,5*0A
$GPGSV,4,1,13,02,22,321,39,08,23,283,42,10,48,025,47,18,21,138,36,1*61
$GPGSV,4,2,13,23,24,073,41,24,04,039,29,27,33,241,40,28,40,164,44,1*6E
$GPGSV,4,3,13,31,19,185,41,32,71,340,51,36,34,246,37,40,59,208,48,1*6E
$GPGSV,4,4,13,41,56,146,47,1*50
$GPGSV,3,1,09,08,23,283,40,10,48,025,46,18,21,138,43,23,24,073,41,6*65
$GPGSV,3,2,09,24,04,039,34,27,33,241,41,28,40,164,48,31,19,185,42,6*62
$GPGSV,3,3,09,32,71,340,47,6*59
$GPGSV,1,1,01,49,17,257,,0*5F
$GLGSV,3,1,09,65,45,302,46,66,15,255,42,72,33,018,45,74,11,079,34,1*75
$GLGSV,3,2,09,75,08,128,43,86,23,160,46,87,68,182,49,88,42,324,50,1*7D
$GLGSV,3,3,09,,,,48,1*7D
$GLGSV,2,1,07,65,45,302,11,66,15,255,42,72,33,018,47,75,08,128,36,3*76
$GLGSV,2,2,07,86,23,160,45,88,42,324,49,,,,48,3*76
$GLGSV,1,1,01,73,00,039,,0*46
$GAGSV,2,1,06,03,70,010,52,05,20,040,46,08,49,240,50,13,15,322,47,2*70
$GAGSV,2,2,06,15,66,341,52,34,55,125,50,2*71
$GAGSV,2,1,06,03,70,010,47,05,20,040,40,08,49,240,43,13,15,322,36,7*73
$GAGSV,2,2,06,15,66,341,47,34,55,125,46,7*77
$GAGSV,1,1,02,07,00,228,,36,06,136,,0*7E
$GBGSV,2,1,08,08,31,067,41,13,44,051,45,20,48,302,48,27,20,163,45,1*75
$GBGSV,2,2,08,29,39,301,44,32,41,029,48,38,26,078,42,39,49,077,47,1*7C
$GBGSV,2,1,05,06,52,104,47,08,31,067,47,09,51,127,48,13,44,051,46,B*0D
$GBGSV,2,2,05,16,50,091,47,B*39
$GBGSV,3,1,12,01,03,095,,02,58,140,,03,35,112,,05,62,201,,0*77
$GBGSV,3,2,12,07,01,157,,10,07,165,,19,12,264,,23,16,081,,0*70
$GBGSV,3,3,12,30,58,213,,59,08,095,,60,60,149,,61,35,113,,0*7C
$GQGSV,1,1,02,04,20,068,36,07,19,104,35,1*66
$GQGSV,1,1,03,03,05,128,33,04,20,068,41,07,19,104,42,6*5D
$GNGLL,2454.22834,N,06708.27293,E,141655.00,A,D*7C
$GNRMC,141656.00,A,2454.22833,N,06708.27293,E,0.002,,050525,,,R,V*08
$GNVTG,,T,,M,0.002,N,0.003,K,D*39
$GNGGA,141656.00,2454.22833,N,06708.27293,E,4,12,0.67,21.9,M,-44.2,M,1.0,0290*7E
$GNGSA,A,3,08,10,18,23,27,28,32,31,02,,,,1.45,0.67,1.29,1*05
$GNGSA,A,3,87,66,86,72,65,88,,,,,,,1.45,0.67,1.29,2*0E
$GNGSA,A,3,05,03,08,15,34,,,,,,,,1.45,0.67,1.29,3*05
$GNGSA,A,3,08,09,06,13,20,16,29,27,32,38,39,,1.45,0.67,1.29,4*01
$GNGSA,A,3,04,,,,,,,,,,,,1.45,0.67,1.29,5*0A
$GPGSV,4,1,13,02,22,321,39,08,23,283,42,10,48,025,47,18,21,138,36,1*61
$GPGSV,4,2,13,23,24,073,41,24,04,039,29,27,33,241,40,28,40,164,44,1*6E
$GPGSV,4,3,13,31,19,185,41,32,71,340,51,36,34,246,37,40,59,208,47,1*61
$GPGSV,4,4,13,41,56,146,47,1*50
$GPGSV,3,1,09,08,23,283,40,10,48,025,46,18,21,138,43,23,24,073,41,6*65
$GPGSV,3,2,09,24,04,039,34,27,33,241,41,28,40,164,48,31,19,185,42,6*62
$GPGSV,3,3,09,32,71,340,47,6*59
$GPGSV,1,1,01,49,17,257,,0*5F
$GLGSV,3,1,09,65,45,302,46,66,15,255,42,72,33,018,45,74,11,079,35,1*74
$GLGSV,3,2,09,75,08,128,43,86,23,160,46,87,68,182,49,88,42,324,50,1*7D
$GLGSV,3,3,09,,,,48,1*7D
$GLGSV,2,1,07,65,45,302,10,66,15,255,42,72,33,018,47,75,08,128,36,3*77
$GLGSV,2,2,07,86,23,160,45,88,42,324,49,,,,48,3*76
$GLGSV,1,1,01,73,00,039,,0*46
$GAGSV,2,1,06,03,70,010,52,05,20,040,46,08,49,240,50,13,15,322,47,2*70
$GAGSV,2,2,06,15,66,341,52,34,55,125,50,2*71
$GAGSV,2,1,06,03,70,010,47,05,20,040,40,08,49,240,43,13,15,322,36,7*73
$GAGSV,2,2,06,15,66,341,47,34,55,125,46,7*77
$GAGSV,1,1,02,07,00,228,,36,06,136,,0*7E
$GBGSV,2,1,08,08,31,067,41,13,44,051,45,20,48,302,48,27,20,163,45,1*75
$GBGSV,2,2,08,29,39,301,44,32,41,029,48,38,26,078,42,39,49,077,47,1*7C
$GBGSV,2,1,05,06,52,104,47,08,31,067,47,09,51,127,48,13,44,051,46,B*0D
$GBGSV,2,2,05,16,50,091,47,B*39
$GBGSV,3,1,12,01,03,095,,02,58,140,,03,35,112,,05,62,201,,0*77
$GBGSV,3,2,12,07,01,157,,10,07,165,,19,12,264,,23,16,081,,0*70
$GBGSV,3,3,12,30,58,213,,59,08,095,,60,60,149,,61,35,113,,0*7C
$GQGSV,1,1,02,04,20,068,36,07,19,104,35,1*66
$GQGSV,1,1,03,03,05,128,33,04,20,068,41,07,19,104,42,6*5D
$GNGLL,2454.22833,N,06708.27293,E,141656.00,A,D*78
$GNRMC,141657.00,A,2454.22833,N,06708.27293,E,0.006,,050525,,,R,V*0D
$GNVTG,,T,,M,0.006,N,0.011,K,D*3E
$GNGGA,141657.00,2454.22833,N,06708.27293,E,4,12,0.67,21.9,M,-44.2,M,1.0,0290*7F
$GNGSA,A,3,08,10,18,23,27,28,32,31,02,,,,1.45,0.67,1.29,1*05
$GNGSA,A,3,87,66,86,72,65,88,,,,,,,1.45,0.67,1.29,2*0E
$GNGSA,A,3,05,03,08,15,34,,,,,,,,1.45,0.67,1.29,3*05
$GNGSA,A,3,08,09,06,13,20,16,29,27,32,38,39,,1.45,0.67,1.29,4*01
$GNGSA,A,3,04,,,,,,,,,,,,1.45,0.67,1.29,5*0A
$GPGSV,4,1,13,02,22,321,39,08,23,283,42,10,48,025,47,18,21,138,36,1*61
$GPGSV,4,2,13,23,24,073,41,24,04,039,29,27,33,241,40,28,40,164,44,1*6E
$GPGSV,4,3,13,31,19,185,41,32,71,340,51,36,34,246,37,40,59,208,47,1*61
$GPGSV,4,4,13,41,56,146,47,1*50
$GPGSV,3,1,09,08,23,283,40,10,48,025,45,18,21,138,43,23,24,073,41,6*66
$GPGSV,3,2,09,24,04,039,34,27,33,241,41,28,40,164,48,31,19,185,42,6*62
$GPGSV,3,3,09,32,71,340,47,6*59
$GPGSV,1,1,01,49,17,257,,0*5F
$GLGSV,3,1,09,65,45,302,46,66,15,255,42,72,33,018,45,74,11,079,34,1*75
$GLGSV,3,2,09,75,08,128,43,86,23,160,46,87,68,182,50,88,42,324,50,1*75
$GLGSV,3,3,09,,,,47,1*72
$GLGSV,2,1,07,65,45,302,08,66,15,255,42,72,33,018,47,75,08,128,36,3*7E
$GLGSV,2,2,07,86,23,160,45,88,42,324,49,,,,48,3*76
$GLGSV,1,1,01,73,00,039,,0*46
$GAGSV,2,1,06,03,70,010,52,05,20,040,46,08,49,240,50,13,15,322,47,2*70
$GAGSV,2,2,06,15,66,341,52,34,55,125,50,2*71
$GAGSV,2,1,06,03,70,010,47,05,20,040,40,08,49,240,43,13,15,322,36,7*73
$GAGSV,2,2,06,15,66,341,47,34,55,125,46,7*77
$GAGSV,1,1,02,07,00,228,,36,06,136,,0*7E
$GBGSV,2,1,08,08,31,067,41,13,44,051,45,20,48,302,48,27,20,163,45,1*75
$GBGSV,2,2,08,29,39,301,44,32,41,029,48,38,26,078,42,39,49,077,47,1*7C
$GBGSV,2,1,05,06,52,104,47,08,31,067,47,09,51,127,48,13,44,051,46,B*0D
$GBGSV,2,2,05,16,50,091,47,B*39
$GBGSV,3,1,12,01,03,095,,02,58,140,,03,35,112,,05,62,201,,0*77
$GBGSV,3,2,12,07,01,157,,10,07,165,,19,12,264,,23,16,081,,0*70
$GBGSV,3,3,12,30,58,213,,59,08,095,,60,60,149,,61,35,113,,0*7C
$GQGSV,1,1,02,04,20,068,36,07,19,104,34,1*67
$GQGSV,1,1,03,03,05,128,33,04,20,068,41,07,19,104,42,6*5D
$GNGLL,2454.22833,N,06708.27293,E,141657.00,A,D*79
$GNRMC,141658.00,A,2454.22833,N,06708.27293,E,0.009,,050525,,,R,V*0D
$GNVTG,,T,,M,0.009,N,0.016,K,D*36
$GNGGA,141658.00,2454.22833,N,06708.27293,E,4,12,0.67,21.9,M,-44.2,M,1.0,0290*70
$GNGSA,A,3,08,10,18,23,27,28,32,31,02,,,,1.45,0.67,1.29,1*05
$GNGSA,A,3,87,66,86,72,65,88,,,,,,,1.45,0.67,1.29,2*0E
$GNGSA,A,3,05,03,08,15,34,,,,,,,,1.45,0.67,1.29,3*05
$GNGSA,A,3,08,09,06,13,20,16,29,27,32,38,39,,1.45,0.67,1.29,4*01
$GNGSA,A,3,04,,,,,,,,,,,,1.45,0.67,1.29,5*0A
$GPGSV,4,1,13,02,22,321,39,08,23,283,42,10,48,025,47,18,21,138,36,1*61
$GPGSV,4,2,13,23,24,073,41,24,04,039,29,27,33,241,40,28,40,164,44,1*6E
$GPGSV,4,3,13,31,19,185,41,32,71,340,51,36,34,246,37,40,59,208,47,1*61
$GPGSV,4,4,13,41,56,146,47,1*50
$GPGSV,3,1,09,08,23,283,40,10,48,025,46,18,21,138,43,23,24,073,42,6*66
$GPGSV,3,2,09,24,04,039,34,27,33,241,41,28,40,164,48,31,19,185,42,6*62
$GPGSV,3,3,09,32,71,340,47,6*59
$GPGSV,1,1,01,49,17,257,,0*5F
$GLGSV,3,1,09,65,45,302,46,66,15,255,42,72,33,018,45,74,11,079,35,1*74
$GLGSV,3,2,09,75,08,128,43,86,23,160,46,87,68,182,50,88,42,324,50,1*75
$GLGSV,3,3,09,,,,47,1*72
$GLGSV,2,1,07,65,45,302,11,66,15,255,42,72,33,018,47,75,08,128,36,3*76
$GLGSV,2,2,07,86,23,160,45,88,42,324,49,,,,48,3*76
$GLGSV,1,1,01,73,00,039,,0*46
$GAGSV,2,1,06,03,70,010,52,05,20,040,46,08,49,240,50,13,15,322,47,2*70
$GAGSV,2,2,06,15,66,341,52,34,55,125,50,2*71
$GAGSV,2,1,06,03,70,010,47,05,20,040,40,08,49,240,43,13,15,322,36,7*73
$GAGSV,2,2,06,15,66,341,47,34,55,125,46,7*77
$GAGSV,1,1,02,07,00,228,,36,06,136,,0*7E
$GBGSV,2,1,08,08,31,067,41,13,44,051,45,20,48,302,48,27,20,163,45,1*75
$GBGSV,2,2,08,29,39,301,45,32,41,029,48,38,26,078,42,39,49,077,47,1*7D
$GBGSV,2,1,05,06,52,104,47,08,31,067,47,09,51,127,48,13,44,051,46,B*0D
$GBGSV,2,2,05,16,50,091,47,B*39
$GBGSV,3,1,12,01,03,095,,02,58,140,,03,35,112,,05,62,201,,0*77
$GBGSV,3,2,12,07,01,157,,10,07,165,,19,12,264,,23,16,081,,0*70
$GBGSV,3,3,12,30,58,213,,59,08,095,,60,60,149,,61,35,113,,0*7C
$GQGSV,1,1,02,04,20,068,36,07,19,104,35,1*66
$GQGSV,1,1,03,03,05,128,33,04,20,068,41,07,19,104,42,6*5D
$GNGLL,2454.22833,N,06708.27293,E,141658.00,A,D*76
$GNRMC,141659.00,A,2454.22833,N,06708.27293,E,0.006,,050525,,,R,V*03
$GNVTG,,T,,M,0.006,N,0.011,K,D*3E
$GNGGA,141659.00,2454.22833,N,06708.27293,E,4,12,0.67,21.9,M,-44.2,M,1.0,0290*71
$GNGSA,A,3,08,10,18,23,27,28,32,31,02,,,,1.45,0.67,1.29,1*05
$GNGSA,A,3,87,66,86,72,65,88,,,,,,,1.45,0.67,1.29,2*0E
$GNGSA,A,3,05,03,08,15,34,,,,,,,,1.45,0.67,1.29,3*05
$GNGSA,A,3,08,09,06,13,20,16,29,27,32,38,39,,1.45,0.67,1.29,4*01
$GNGSA,A,3,04,,,,,,,,,,,,1.45,0.67,1.29,5*0A
$GPGSV,4,1,13,02,22,321,39,08,23,283,42,10,48,025,47,18,21,138,36,1*61
$GPGSV,4,2,13,23,24,073,41,24,04,039,29,27,33,241,40,28,40,164,44,1*6E
$GPGSV,4,3,13,31,19,185,41,32,71,340,51,36,34,246,37,40,59,208,47,1*61
$GPGSV,4,4,13,41,56,146,47,1*50
$GPGSV,3,1,09,08,23,283,40,10,48,025,46,18,21,138,43,23,24,073,42,6*66
$GPGSV,3,2,09,24,04,039,34,27,33,241,41,28,40,164,48,31,19,185,42,6*62
$GPGSV,3,3,09,32,71,340,47,6*59
$GPGSV,1,1,01,49,17,257,,0*5F
$GLGSV,3,1,09,65,45,302,46,66,15,255,42,72,33,018,45,74,11,079,35,1*74
$GLGSV,3,2,09,75,08,128,43,86,23,160,46,87,68,182,50,88,42,324,50,1*75
$GLGSV,3,3,09,,,,47,1*72
$GLGSV,2,1,07,65,45,302,08,66,15,255,42,72,33,018,47,75,08,128,36,3*7E
$GLGSV,2,2,07,86,23,160,45,88,42,324,48,,,,48,3*77
$GLGSV,1,1,01,73,00,039,,0*46
$GAGSV,2,1,06,03,70,010,52,05,20,040,46,08,49,240,50,13,15,322,47,2*70
$GAGSV,2,2,06,15,66,341,52,34,55,125,50,2*71
$GAGSV,2,1,06,03,70,010,47,05,20,040,40,08,49,240,43,13,15,322,36,7*73
$GAGSV,2,2,06,15,66,341,47,34,55,125,46,7*77
$GAGSV,1,1,02,07,00,228,,36,06,136,,0*7E
$GBGSV,2,1,08,08,31,067,41,13,44,051,45,20,48,302,48,27,20,163,45,1*75
$GBGSV,2,2,08,29,39,301,45,32,41,029,48,38,26,078,42,39,49,077,47,1*7D
$GBGSV,2,1,05,06,52,104,47,08,31,067,47,09,51,127,48,13,44,051,46,B*0D
$GBGSV,2,2,05,16,50,091,47,B*39
$GBGSV,3,1,12,01,03,095,,02,58,140,,03,35,112,,05,62,201,,0*77
$GBGSV,3,2,12,07,01,157,,10,07,165,,19,12,264,,23,16,081,,0*70
$GBGSV,3,3,12,30,58,213,,59,08,095,,60,60,149,,61,35,113,,0*7C
$GQGSV,1,1,02,04,20,068,36,07,19,104,35,1*66
$GQGSV,1,1,03,03,05,128,33,04,20,068,41,07,19,104,42,6*5D
$GNGLL,2454.22833,N,06708.27293,E,141659.00,A,D*77
$GNRMC,141700.00,A,2454.22834,N,06708.27293,E,0.031,,050525,,,R,V*0D
$GNVTG,,T,,M,0.031,N,0.057,K,D*38
$GNGGA,141700.00,2454.22834,N,06708.27293,E,4,12,0.67,21.9,M,-44.2,M,1.0,0290*7B
$GNGSA,A,3,08,10,18,23,27,28,32,31,02,,,,1.45,0.67,1.29,1*05
$GNGSA,A,3,87,66,86,72,65,88,,,,,,,1.45,0.67,1.29,2*0E
$GNGSA,A,3,05,03,08,15,34,,,,,,,,1.45,0.67,1.29,3*05
$GNGSA,A,3,08,09,06,13,20,16,29,27,32,38,39,,1.45,0.67,1.29,4*01
$GNGSA,A,3,04,,,,,,,,,,,,1.45,0.67,1.29,5*0A
$GPGSV,4,1,13,02,22,321,39,08,23,283,42,10,48,025,47,18,21,138,36,1*61
$GPGSV,4,2,13,23,24,073,41,24,04,039,29,27,33,241,40,28,40,164,44,1*6E
$GPGSV,4,3,13,31,19,185,41,32,71,340,51,36,34,246,37,40,59,208,47,1*61
$GPGSV,4,4,13,41,56,146,47,1*50
$GPGSV,3,1,09,08,23,283,41,10,48,025,46,18,21,138,44,23,24,073,43,6*61
$GPGSV,3,2,09,24,04,039,35,27,33,241,41,28,40,164,49,31,19,185,43,6*63
$GPGSV,3,3,09,32,71,340,48,6*56
$GPGSV,1,1,01,49,17,257,,0*5F
$GLGSV,3,1,09,65,45,302,46,66,15,255,42,72,33,018,45,74,11,079,35,1*74
$GLGSV,3,2,09,75,08,128,43,86,23,160,46,87,68,182,50,88,42,324,50,1*75
$GLGSV,3,3,09,,,,47,1*72
$GLGSV,2,1,07,65,45,302,09,66,15,255,43,72,33,018,48,75,08,128,36,3*71
$GLGSV,2,2,07,86,23,160,47,88,42,324,49,,,,49,3*75
$GLGSV,1,1,01,73,00,039,,0*46
$GAGSV,2,1,06,03,70,010,52,05,20,040,46,08,49,240,51,13,15,322,47,2*71
$GAGSV,2,2,06,15,66,341,53,34,55,125,50,2*70
$GAGSV,2,1,06,03,70,010,47,05,20,040,40,08,49,240,43,13,15,322,36,7*73
$GAGSV,2,2,06,15,66,341,47,34,55,125,46,7*77
$GAGSV,1,1,02,07,00,228,,36,06,136,,0*7E
$GBGSV,2,1,08,08,31,067,41,13,44,051,45,20,48,302,48,27,20,163,45,1*75
$GBGSV,2,2,08,29,39,301,44,32,41,029,48,38,26,078,42,39,49,077,47,1*7C
$GBGSV,2,1,05,06,52,104,48,08,31,067,49,09,51,127,50,13,44,051,48,B*0B
$GBGSV,2,2,05,16,50,091,49,B*37
$GBGSV,3,1,12,01,03,095,,02,58,140,,03,35,112,,05,62,201,,0*77
$GBGSV,3,2,12,07,01,157,,10,07,165,,19,12,264,,23,16,081,,0*70
$GBGSV,3,3,12,30,58,213,,59,08,095,,60,60,149,,61,35,113,,0*7C
$GQGSV,1,1,02,04,20,068,36,07,19,104,35,1*66
$GQGSV,1,1,03,03,05,128,33,04,20,068,43,07,19,104,42,6*5F
$GNGLL,2454.22834,N,06708.27293,E,141700.00,A,D*7D
$GNRMC,141701.00,A,2454.22833,N,06708.27293,E,0.002,,050525,,,R,V*0B
$GNVTG,,T,,M,0.002,N,0.004,K,D*3E
$GNGGA,141701.00,2454.22833,N,06708.27293,E,4,12,0.67,21.9,M,-44.2,M,1.0,0290*7D
$GNGSA,A,3,08,10,18,23,27,28,32,31,02,,,,1.45,0.67,1.29,1*05
$GNGSA,A,3,87,66,86,72,65,88,,,,,,,1.45,0.67,1.29,2*0E
$GNGSA,A,3,05,03,08,15,34,,,,,,,,1.45,0.67,1.29,3*05
$GNGSA,A,3,08,09,06,13,20,16,29,27,32,38,39,,1.45,0.67,1.29,4*01
$GNGSA,A,3,04,,,,,,,,,,,,1.45,0.67,1.29,5*0A
$GPGSV,4,1,13,02,22,321,39,08,23,283,42,10,48,025,47,18,21,138,36,1*61
$GPGSV,4,2,13,23,24,073,41,24,04,039,29,27,33,241,40,28,40,164,44,1*6E
$GPGSV,4,3,13,31,19,185,41,32,71,340,51,36,34,246,37,40,59,208,47,1*61
$GPGSV,4,4,13,41,56,146,47,1*50
$GPGSV,3,1,09,08,23,283,40,10,48,025,46,18,21,138,43,23,24,073,42,6*66
$GPGSV,3,2,09,24,04,039,34,27,33,241,41,28,40,164,48,31,19,185,43,6*63
$GPGSV,3,3,09,32,71,340,48,6*56
$GPGSV,1,1,01,49,17,257,,0*5F
$GLGSV,3,1,09,65,45,302,46,66,15,255,42,72,33,018,45,74,11,079,35,1*74
$GLGSV,3,2,09,75,08,128,43,86,23,160,46,87,68,182,50,88,42,324,50,1*75
$GLGSV,3,3,09,,,,47,1*72
$GLGSV,2,1,07,65,45,302,13,66,15,255,42,72,33,018,46,75,08,128,36,3*75
$GLGSV,2,2,07,86,23,160,45,88,42,324,48,,,,48,3*77
$GLGSV,1,1,01,73,00,039,,0*46
$GAGSV,2,1,06,03,70,010,52,05,20,040,46,08,49,240,50,13,15,322,47,2*70
$GAGSV,2,2,06,15,66,341,52,34,55,125,50,2*71
$GAGSV,2,1,06,03,70,010,47,05,20,040,40,08,49,240,43,13,15,322,36,7*73
$GAGSV,2,2,06,15,66,341,47,34,55,125,46,7*77
$GAGSV,1,1,02,07,00,228,,36,06,136,,0*7E
$GBGSV,2,1,08,08,31,067,41,13,44,051,45,20,48,302,48,27,20,163,45,1*75
$GBGSV,2,2,08,29,39,301,44,32,41,029,48,38,26,078,41,39,49,077,47,1*7F
$GBGSV,2,1,06,06,52,104,47,08,31,067,48,09,51,127,48,13,44,051,47,B*00
$GBGSV,2,2,06,16,50,091,48,38,26,078,16,B*02
$GBGSV,3,1,12,01,03,095,,02,58,140,,03,35,112,,05,62,201,,0*77
$GBGSV,3,2,12,07,01,157,,10,07,165,,19,12,264,,23,16,081,,0*70
$GBGSV,3,3,12,30,58,213,,59,08,095,,60,60,149,,61,35,113,,0*7C
$GQGSV,1,1,02,04,20,068,36,07,19,104,35,1*66
$GQGSV,1,1,03,03,05,128,33,04,20,068,42,07,19,104,42,6*5E
$GNGLL,2454.22833,N,06708.27293,E,141701.00,A,D*7B
$GNRMC,141702.00,A,2454.22833,N,06708.27293,E,0.003,,050525,,,R,V*09
$GNVTG,,T,,M,0.003,N,0.006,K,D*3D
$GNGGA,141702.00,2454.22833,N,06708.27293,E,4,12,0.67,21.9,M,-44.2,M,1.0,0290*7E
$GNGSA,A,3,08,10,18,23,27,28,32,31,02,,,,1.45,0.67,1.29,1*05
$GNGSA,A,3,87,66,86,72,65,88,,,,,,,1.45,0.67,1.29,2*0E
$GNGSA,A,3,05,03,08,15,34,,,,,,,,1.45,0.67,1.29,3*05
$GNGSA,A,3,08,09,06,13,20,16,29,27,32,38,39,,1.45,0.67,1.29,4*01
$GNGSA,A,3,04,,,,,,,,,,,,1.45,0.67,1.29,5*0A
$GPGSV,4,1,13,02,22,321,39,08,23,283,42,10,48,025,47,18,21,138,36,1*61
$GPGSV,4,2,13,23,24,073,41,24,04,039,30,27,33,241,40,28,40,164,44,1*66
$GPGSV,4,3,13,31,19,185,41,32,71,340,51,36,34,246,37,40,59,208,47,1*61
$GPGSV,4,4,13,41,56,146,47,1*50
$GPGSV,3,1,09,08,23,283,40,10,48,025,46,18,21,138,43,23,24,073,42,6*66
$GPGSV,3,2,09,24,04,039,35,27,33,241,41,28,40,164,48,31,19,185,42,6*63
$GPGSV,3,3,09,32,71,340,47,6*59
$GPGSV,1,1,01,49,17,257,,0*5F
$GLGSV,3,1,09,65,45,302,46,66,15,255,42,72,33,018,45,74,11,079,35,1*74
$GLGSV,3,2,09,75,08,128,43,86,23,160,46,87,68,182,50,88,42,324,50,1*75
$GLGSV,3,3,09,,,,47,1*72
$GLGSV,2,1,07,65,45,302,13,66,15,255,42,72,33,018,46,75,08,128,35,3*76
$GLGSV,2,2,07,86,23,160,45,88,42,324,48,,,,48,3*77
$GLGSV,1,1,01,73,00,039,,0*46
$GAGSV,2,1,06,03,70,010,52,05,20,040,46,08,49,240,50,13,15,322,47,2*70
$GAGSV,2,2,06,15,66,341,52,34,55,125,50,2*71
$GAGSV,2,1,06,03,70,010,47,05,20,040,40,08,49,240,43,13,15,322,36,7*73
$GAGSV,2,2,06,15,66,341,47,34,55,125,46,7*77
$GAGSV,1,1,02,07,00,228,,36,06,136,,0*7E
$GBGSV,2,1,08,08,31,067,41,13,44,051,45,20,48,302,48,27,20,163,45,1*75
$GBGSV,2,2,08,29,39,301,44,32,41,029,48,38,26,078,42,39,49,077,47,1*7C
$GBGSV,2,1,06,06,52,104,46,08,31,067,47,09,51,127,48,13,44,051,46,B*0F
$GBGSV,2,2,06,16,50,091,47,38,26,078,11,B*0A
$GBGSV,3,1,12,01,03,095,,02,58,140,,03,35,112,,05,62,201,,0*77
$GBGSV,3,2,12,07,01,157,,10,07,165,,19,12,264,,23,16,081,,0*70
$GBGSV,3,3,12,30,58,213,,59,08,095,,60,60,149,,61,35,113,,0*7C
$GQGSV,1,1,02,04,20,068,36,07,19,104,35,1*66
$GQGSV,1,1,03,03,05,128,33,04,20,068,42,07,19,104,42,6*5E
$GNGLL,2454.22833,N,06708.27293,E,141702.00,A,D*78
$GNRMC,141703.00,A,2454.22833,N,06708.27293,E,0.006,,050525,,,R,V*0D
$GNVTG,,T,,M,0.006,N,0.010,K,D*3F
$GNGGA,141703.00,2454.22833,N,06708.27293,E,4,12,0.67,21.9,M,-44.2,M,1.0,0290*7F
$GNGSA,A,3,08,10,18,23,27,28,32,31,02,,,,1.45,0.67,1.29,1*05
$GNGSA,A,3,87,66,86,72,65,88,,,,,,,1.45,0.67,1.29,2*0E
$GNGSA,A,3,05,03,08,15,34,,,,,,,,1.45,0.67,1.29,3*05
$GNGSA,A,3,08,09,06,13,20,16,29,27,32,38,39,,1.45,0.67,1.29,4*01
$GNGSA,A,3,04,,,,,,,,,,,,1.45,0.67,1.29,5*0A
$GPGSV,4,1,13,02,22,321,39,08,23,283,41,10,48,025,46,18,21,138,35,1*60
$GPGSV,4,2,13,23,24,073,40,24,04,039,29,27,33,241,39,28,40,164,43,1*66
$GPGSV,4,3,13,31,19,185,40,32,71,340,50,36,34,246,37,40,59,208,46,1*60
$GPGSV,4,4,13,41,56,146,46,1*51
$GPGSV,3,1,09,08,23,283,33,10,48,025,38,18,21,138,36,23,24,073,35,6*69
$GPGSV,3,2,09,24,04,039,26,27,33,241,33,28,40,164,40,31,19,185,35,6*6C
$GPGSV,3,3,09,32,71,340,40,6*5E
$GPGSV,1,1,01,49,17,257,,0*5F
$GLGSV,3,1,09,65,45,302,46,66,15,255,41,72,33,018,45,74,11,079,35,1*77
$GLGSV,3,2,09,75,08,128,43,86,23,160,46,87,68,182,49,88,42,324,50,1*7D
$GLGSV,3,3,09,,,,47,1*72
$GLGSV,2,1,07,65,45,302,10,66,15,255,36,72,33,018,40,75,08,128,31,3*74
$GLGSV,2,2,07,86,23,160,39,88,42,324,42,,,,42,3*7C
$GLGSV,1,1,01,73,00,039,,0*46
$GAGSV,2,1,06,03,70,010,43,05,20,040,37,08,49,240,42,13,15,322,38,2*7D
$GAGSV,2,2,06,15,66,341,44,34,55,125,42,2*75
$GAGSV,2,1,06,03,70,010,47,05,20,040,40,08,49,240,43,13,15,322,36,7*73
$GAGSV,2,2,06,15,66,341,47,34,55,125,46,7*77
$GAGSV,1,1,02,07,00,228,,36,06,136,,0*7E
$GBGSV,2,1,08,08,31,067,39,13,44,051,43,20,48,302,47,27,20,163,43,1*75
$GBGSV,2,2,08,29,39,301,43,32,41,029,46,38,26,078,41,39,49,077,46,1*77
$GBGSV,2,1,06,06,52,104,38,08,31,067,39,09,51,127,40,13,44,051,38,B*0E
$GBGSV,2,2,06,16,50,091,39,38,26,078,08,B*0B
$GBGSV,3,1,12,01,03,095,,02,58,140,,03,35,112,,05,62,201,,0*77
$GBGSV,3,2,12,07,01,157,,10,07,165,,19,12,264,,23,16,081,,0*70
$GBGSV,3,3,12,30,58,213,,59,08,095,,60,60,149,,61,35,113,,0*7C
$GQGSV,1,1,02,04,20,068,36,07,19,104,34,1*67
$GQGSV,1,1,03,03,05,128,27,04,20,068,34,07,19,104,34,6*5B
$GNGLL,2454.22833,N,06708.27293,E,141703.00,A,D*79
$GNRMC,141704.00,A,2454.22833,N,06708.27293,E,0.003,,050525,,,R,V*0F
$GNVTG,,T,,M,0.003,N,0.005,K,D*3E
$GNGGA,141704.00,2454.22833,N,06708.27293,E,4,12,0.67,21.9,M,-44.2,M,1.0,0290*78
$GNGSA,A,3,08,10,18,23,27,28,32,31,02,,,,1.45,0.67,1.29,1*05
$GNGSA,A,3,87,66,86,72,65,88,,,,,,,1.45,0.67,1.29,2*0E
$GNGSA,A,3,05,03,08,15,34,,,,,,,,1.45,0.67,1.29,3*05
$GNGSA,A,3,08,09,06,13,20,16,29,27,32,38,39,,1.45,0.67,1.29,4*01
$GNGSA,A,3,04,,,,,,,,,,,,1.45,0.67,1.29,5*0A
$GPGSV,4,1,13,02,22,321,37,08,23,283,40,10,48,025,45,18,21,138,35,1*6C
$GPGSV,4,2,13,23,24,073,39,24,04,039,29,27,33,241,38,28,40,164,41,1*6B
$GPGSV,4,3,13,31,19,185,39,32,71,340,48,36,34,246,35,40,59,208,45,1*66
$GPGSV,4,4,13,41,56,146,45,1*52
$GPGSV,3,1,09,08,23,283,33,10,48,025,39,18,21,138,36,23,24,073,36,6*6B
$GPGSV,3,2,09,24,04,039,27,27,33,241,34,28,40,164,41,31,19,185,35,6*6B
$GPGSV,3,3,09,32,71,340,40,6*5E
$GPGSV,1,1,01,49,17,257,,0*5F
$GLGSV,3,1,09,65,45,302,44,66,15,255,39,72,33,018,43,74,11,079,35,1*7C
$GLGSV,3,2,09,75,08,128,42,86,23,160,44,87,68,182,47,88,42,324,48,1*79
$GLGSV,3,3,09,,,,45,1*70
$GLGSV,2,1,07,65,45,302,04,66,15,255,37,72,33,018,41,75,08,128,30,3*70
$GLGSV,2,2,07,86,23,160,40,88,42,324,44,,,,44,3*72
$GLGSV,1,1,01,73,00,039,,0*46
$GAGSV,2,1,06,03,70,010,44,05,20,040,39,08,49,240,43,13,15,322,39,2*74
$GAGSV,2,2,06,15,66,341,44,34,55,125,42,2*75
$GAGSV,2,1,06,03,70,010,45,05,20,040,38,08,49,240,41,13,15,322,34,7*7E
$GAGSV,2,2,06,15,66,341,45,34,55,125,45,7*76
$GAGSV,1,1,02,07,00,228,,36,06,136,,0*7E
$GBGSV,2,1,08,08,31,067,39,13,44,051,42,20,48,302,46,27,20,163,42,1*74
$GBGSV,2,2,08,29,39,301,42,32,41,029,45,38,26,078,39,39,49,077,45,1*79
$GBGSV,2,1,06,06,52,104,39,08,31,067,40,09,51,127,41,13,44,051,39,B*01
$GBGSV,2,2,06,16,50,091,40,38,26,078,07,B*0A
$GBGSV,3,1,12,01,03,095,,02,58,140,,03,35,112,,05,62,201,,0*77
$GBGSV,3,2,12,07,01,157,,10,07,165,,19,12,264,,23,16,081,,0*70
$GBGSV,3,3,12,30,58,213,,59,08,095,,60,60,149,,61,35,113,,0*7C
$GQGSV,1,1,02,04,20,068,35,07,19,104,33,1*63
$GQGSV,1,1,03,03,05,128,27,04,20,068,34,07,19,104,35,6*5A
$GNGLL,2454.22833,N,06708.27293,E,141704.00,A,D*7E
$GNRMC,141705.00,A,2454.22834,N,06708.27293,E,0.008,,050525,,,R,V*02
$GNVTG,,T,,M,0.008,N,0.014,K,D*35
$GNGGA,141705.00,2454.22834,N,06708.27293,E,4,12,0.67,21.9,M,-44.2,M,1.0,0290*7E
$GNGSA,A,3,08,10,18,23,27,28,32,31,02,,,,1.45,0.67,1.29,1*05
$GNGSA,A,3,87,66,86,72,65,88,,,,,,,1.45,0.67,1.29,2*0E
$GNGSA,A,3,05,03,08,15,34,,,,,,,,1.45,0.67,1.29,3*05
$GNGSA,A,3,08,09,06,13,20,16,29,27,32,38,39,,1.45,0.67,1.29,4*01
$GNGSA,A,3,04,,,,,,,,,,,,1.45,0.67,1.29,5*0A
$GPGSV,4,1,13,02,22,321,38,08,23,283,41,10,48,025,46,18,21,138,35,1*61
$GPGSV,4,2,13,23,24,073,40,24,04,039,28,27,33,241,39,28,40,164,42,1*66
$GPGSV,4,3,13,31,19,185,40,32,71,340,50,36,34,246,36,40,59,208,46,1*61
$GPGSV,4,4,13,41,56,146,45,1*52
$GPGSV,3,1,09,08,23,283,32,10,48,025,36,18,21,138,34,23,24,073,33,6*62
$GPGSV,3,2,09,24,04,039,27,27,33,241,31,28,40,164,38,31,19,185,32,6*67
$GPGSV,3,3,09,32,71,340,39,6*50
$GPGSV,1,1,01,49,17,257,,0*5F
$GLGSV,3,1,09,65,45,302,46,66,15,255,40,72,33,018,45,74,11,079,35,1*76
$GLGSV,3,2,09,75,08,128,43,86,23,160,46,87,68,182,49,88,42,324,49,1*75
$GLGSV,3,3,09,,,,46,1*73
$GLGSV,2,1,07,65,45,302,05,66,15,255,35,72,33,018,40,75,08,128,29,3*7A
$GLGSV,2,2,07,86,23,160,39,88,42,324,42,,,,42,3*7C
$GLGSV,1,1,01,73,00,039,,0*46
$GAGSV,2,1,06,03,70,010,40,05,20,040,35,08,49,240,39,13,15,322,36,2*7E
$GAGSV,2,2,06,15,66,341,40,34,55,125,38,2*7C
$GAGSV,2,1,06,03,70,010,47,05,20,040,39,08,49,240,42,13,15,322,35,7*7F
$GAGSV,2,2,06,15,66,341,46,34,55,125,46,7*76
$GAGSV,1,1,02,07,00,228,,36,06,136,,0*7E
$GBGSV,2,1,08,08,31,067,39,13,44,051,43,20,48,302,47,27,20,163,43,1*75
$GBGSV,2,2,08,29,39,301,43,32,41,029,47,38,26,078,40,39,49,077,46,1*77
$GBGSV,2,1,06,06,52,104,37,08,31,067,37,09,51,127,37,13,44,051,37,B*00
$GBGSV,2,2,06,16,50,091,37,38,26,078,07,B*0A
$GBGSV,3,1,12,01,03,095,,02,58,140,,03,35,112,,05,62,201,,0*77
$GBGSV,3,2,12,07,01,157,,10,07,165,,19,12,264,,23,16,081,,0*70
$GBGSV,3,3,12,30,58,213,,59,08,095,,60,60,149,,61,35,113,,0*7C
$GQGSV,1,1,02,04,20,068,35,07,19,104,34,1*64
$GQGSV,1,1,03,03,05,128,26,04,20,068,32,07,19,104,33,6*5B
$GNGLL,2454.22834,N,06708.27293,E,141705.00,A,D*78
$GNRMC,141706.00,A,2454.22834,N,06708.27293,E,0.006,,050525,,,R,V*0F
$GNVTG,,T,,M,0.006,N,0.012,K,D*3D
$GNGGA,141706.00,2454.22834,N,06708.27293,E,4,12,0.67,21.9,M,-44.2,M,1.0,0290*7D
$GNGSA,A,3,08,10,18,23,27,28,32,31,02,,,,1.45,0.67,1.29,1*05
$GNGSA,A,3,87,66,86,72,65,88,,,,,,,1.45,0.67,1.29,2*0E
$GNGSA,A,3,05,03,08,15,34,,,,,,,,1.45,0.67,1.29,3*05
$GNGSA,A,3,08,09,06,13,20,16,29,27,32,38,39,,1.45,0.67,1.29,4*01
$GNGSA,A,3,04,,,,,,,,,,,,1.45,0.67,1.29,5*0A
$GPGSV,4,1,13,02,22,321,38,08,23,283,41,10,48,025,46,18,21,138,35,1*61
$GPGSV,4,2,13,23,24,073,40,24,04,039,28,27,33,241,39,28,40,164,42,1*66
$GPGSV,4,3,13,31,19,185,40,32,71,340,50,36,34,246,36,40,59,208,46,1*61
$GPGSV,4,4,13,41,56,146,45,1*52
$GPGSV,3,1,09,08,23,283,31,10,48,025,36,18,21,138,34,23,24,073,34,6*66
$GPGSV,3,2,09,24,04,039,27,27,33,241,32,28,40,164,39,31,19,185,33,6*64
$GPGSV,3,3,09,32,71,340,38,6*51
$GPGSV,1,1,01,49,17,257,,0*5F
$GLGSV,3,1,09,65,45,302,46,66,15,255,41,72,33,018,45,74,11,079,35,1*77
$GLGSV,3,2,09,75,08,128,43,86,23,160,46,87,68,182,49,88,42,324,49,1*75
$GLGSV,3,3,09,,,,46,1*73
$GLGSV,2,1,07,65,45,302,06,66,15,255,35,72,33,018,39,75,08,128,28,3*76
$GLGSV,2,2,07,86,23,160,39,88,42,324,42,,,,42,3*7C
$GLGSV,1,1,01,73,00,039,,0*46
$GAGSV,2,1,06,03,70,010,41,05,20,040,34,08,49,240,39,13,15,322,35,2*7D
$GAGSV,2,2,06,15,66,341,41,34,54,125,39,2*7D
$GAGSV,2,1,06,03,70,010,47,05,20,040,39,08,49,240,42,13,15,322,36,7*7C
$GAGSV,2,2,06,15,66,341,46,34,54,125,46,7*77
$GAGSV,1,1,02,07,00,228,,36,06,136,,0*7E
$GBGSV,2,1,08,08,31,067,39,13,44,051,43,20,48,302,47,27,20,163,43,1*75
$GBGSV,2,2,08,29,39,301,43,32,41,029,47,38,26,078,40,39,49,077,46,1*77
$GBGSV,2,1,06,06,52,104,36,08,31,067,36,09,51,127,37,13,44,051,35,B*02
$GBGSV,2,2,06,16,50,091,36,38,26,078,07,B*0B
$GBGSV,3,1,12,01,03,095,,02,58,140,,03,35,112,,05,62,201,,0*77
$GBGSV,3,2,12,07,01,157,,10,07,165,,19,12,264,,23,16,081,,0*70
$GBGSV,3,3,12,30,58,213,,59,08,095,,60,60,149,,61,35,113,,0*7C
$GQGSV,1,1,02,04,20,068,35,07,19,104,33,1*63
$GQGSV,1,1,03,03,05,128,26,04,20,068,33,07,19,104,33,6*5A
$GNGLL,2454.22834,N,06708.27293,E,141706.00,A,D*7B
$GNRMC,141707.00,A,2454.22834,N,06708.27293,E,0.003,,050525,,,R,V*0B
$GNVTG,,T,,M,0.003,N,0.006,K,D*3D
$GNGGA,141707.00,2454.22834,N,06708.27293,E,4,12,0.67,21.9,M,-44.2,M,1.0,0290*7C
$GNGSA,A,3,08,10,18,23,27,28,32,31,02,,,,1.45,0.67,1.29,1*05
$GNGSA,A,3,87,66,86,72,65,88,,,,,,,1.45,0.67,1.29,2*0E
$GNGSA,A,3,05,03,08,15,34,,,,,,,,1.45,0.67,1.29,3*05
$GNGSA,A,3,08,09,06,13,20,16,29,27,32,38,39,,1.45,0.67,1.29,4*01
$GNGSA,A,3,04,,,,,,,,,,,,1.45,0.67,1.29,5*0A
$GPGSV,4,1,13,02,22,321,38,08,23,283,41,10,48,025,46,18,21,138,35,1*61
$GPGSV,4,2,13,23,24,073,40,24,04,039,28,27,33,241,39,28,40,164,42,1*66
$GPGSV,4,3,13,31,19,185,40,32,71,340,50,36,34,246,36,40,59,208,46,1*61
$GPGSV,4,4,13,41,56,146,46,1*51
$GPGSV,3,1,09,08,23,283,32,10,48,025,37,18,21,138,35,23,24,073,34,6*65
$GPGSV,3,2,09,24,04,039,27,27,33,241,32,28,40,164,39,31,19,185,34,6*63
$GPGSV,3,3,09,32,71,340,39,6*50
$GPGSV,1,1,01,49,17,257,,0*5F
$GLGSV,3,1,09,65,45,302,46,66,15,255,41,72,33,018,45,74,11,079,36,1*74
$GLGSV,3,2,09,75,08,128,43,86,23,160,46,87,68,182,49,88,42,324,49,1*75
$GLGSV,3,3,09,,,,46,1*73
$GLGSV,2,1,07,65,45,302,09,66,15,255,36,72,33,018,40,75,08,128,28,3*74
$GLGSV,2,2,07,86,23,160,39,88,42,324,43,,,,42,3*7D
$GLGSV,1,1,01,73,00,039,,0*46
$GAGSV,2,1,06,03,70,010,41,05,20,040,35,08,49,240,40,13,15,322,36,2*71
$GAGSV,2,2,06,15,66,341,41,34,54,125,39,2*7D
$GAGSV,2,1,06,03,70,010,47,05,20,040,39,08,49,240,42,13,15,322,36,7*7C
$GAGSV,2,2,06,15,66,341,46,34,54,125,46,7*77
$GAGSV,1,1,02,07,00,228,,36,05,136,,0*7D
$GBGSV,2,1,08,08,31,067,39,13,44,051,43,20,48,302,47,27,20,163,43,1*75
$GBGSV,2,2,08,29,39,301,43,32,41,029,46,38,26,078,40,39,49,077,46,1*76
$GBGSV,2,1,06,06,52,104,37,08,31,067,37,09,51,127,38,13,44,051,36,B*0E
$GBGSV,2,2,06,16,50,091,37,38,26,078,08,B*05
$GBGSV,3,1,12,01,03,095,,02,58,140,,03,35,112,,05,62,201,,0*77
$GBGSV,3,2,12,07,01,157,,10,07,165,,19,12,264,,23,16,081,,0*70
$GBGSV,3,3,12,30,58,213,,59,08,095,,60,60,149,,61,35,113,,0*7C
$GQGSV,1,1,02,04,20,068,35,07,19,104,34,1*64
$GQGSV,1,1,03,03,05,128,26,04,20,068,33,07,19,104,34,6*5D
$GNGLL,2454.22834,N,06708.27293,E,141707.00,A,D*7A
$GNRMC,141708.00,A,2454.22834,N,06708.27293,E,0.007,,050525,,,R,V*00
$GNVTG,,T,,M,0.007,N,0.012,K,D*3C
$GNGGA,141708.00,2454.22834,N,06708.27293,E,4,12,0.67,21.9,M,-44.2,M,1.0,0290*73
$GNGSA,A,3,08,10,18,23,27,28,32,31,02,,,,1.45,0.67,1.29,1*05
$GNGSA,A,3,87,66,86,72,65,88,,,,,,,1.45,0.67,1.29,2*0E
$GNGSA,A,3,05,03,08,15,34,,,,,,,,1.45,0.67,1.29,3*05
$GNGSA,A,3,08,09,06,13,20,16,29,27,32,38,39,,1.45,0.67,1.29,4*01
$GNGSA,A,3,04,,,,,,,,,,,,1.45,0.67,1.29,5*0A
$GPGSV,4,1,13,02,22,321,38,08,23,283,42,10,48,025,46,18,21,138,36,1*61
$GPGSV,4,2,13,23,24,073,41,24,04,039,29,27,33,241,39,28,40,164,43,1*67
$GPGSV,4,3,13,31,19,185,40,32,71,340,50,36,34,246,37,40,59,208,47,1*61
$GPGSV,4,4,13,41,56,146,46,1*51
$GPGSV,3,1,09,08,23,283,32,10,48,025,37,18,21,138,35,23,24,073,35,6*64
$GPGSV,3,2,09,24,04,039,27,27,33,241,33,28,40,164,40,31,19,185,34,6*6C
$GPGSV,3,3,09,32,71,340,39,6*50
$GPGSV,1,1,01,49,17,257,,0*5F
$GLGSV,3,1,09,65,45,302,46,66,15,255,41,72,33,018,45,74,11,079,36,1*74
$GLGSV,3,2,09,75,08,128,43,86,23,160,46,87,68,182,49,88,42,324,49,1*75
$GLGSV,3,3,09,,,,46,1*73
$GLGSV,2,1,07,65,45,302,09,66,15,255,36,72,33,018,40,75,08,128,28,3*74
$GLGSV,2,2,07,86,23,160,40,88,42,324,43,,,,42,3*73
$GLGSV,1,1,01,73,00,039,,0*46
$GAGSV,2,1,06,03,70,010,42,05,20,040,36,08,49,240,40,13,15,322,37,2*70
$GAGSV,2,2,06,15,66,341,42,34,54,125,40,2*70
$GAGSV,2,1,06,03,70,010,47,05,20,040,39,08,49,240,42,13,15,322,36,7*7C
$GAGSV,2,2,06,15,66,341,46,34,54,125,46,7*77
$GAGSV,1,1,02,07,00,228,,36,05,136,,0*7D
$GBGSV,2,1,08,08,31,067,39,13,44,051,43,20,48,302,47,27,20,163,43,1*75
$GBGSV,2,2,08,29,39,301,43,32,41,029,46,38,26,078,40,39,49,077,46,1*76
$GBGSV,2,1,06,06,52,104,37,08,31,067,38,09,51,127,39,13,44,051,37,B*01
$GBGSV,2,2,06,16,50,091,38,38,26,078,07,B*05
$GBGSV,3,1,12,01,03,095,,02,58,140,,03,35,112,,05,62,201,,0*77
$GBGSV,3,2,12,07,01,157,,10,07,165,,19,12,264,,23,16,081,,0*70
$GBGSV,3,3,12,30,58,213,,59,08,095,,60,60,149,,61,35,113,,0*7C
$GQGSV,1,1,02,04,20,068,36,07,19,104,34,1*67
$GQGSV,1,1,03,03,05,128,25,04,20,068,33,07,19,104,34,6*5E
$GNGLL,2454.22834,N,06708.27293,E,141708.00,A,D*75
$GNRMC,141709.00,A,2454.22833,N,06708.27293,E,0.004,,050525,,,R,V*05
$GNVTG,,T,,M,0.004,N,0.007,K,D*3B
$GNGGA,141709.00,2454.22833,N,06708.27293,E,4,12,0.67,21.9,M,-44.2,M,1.0,0290*75
$GNGSA,A,3,08,10,18,23,27,28,32,31,02,,,,1.45,0.67,1.29,1*05
$GNGSA,A,3,87,66,86,72,65,88,,,,,,,1.45,0.67,1.29,2*0E
$GNGSA,A,3,05,03,08,15,34,,,,,,,,1.45,0.67,1.29,3*05
$GNGSA,A,3,08,09,06,13,20,16,29,27,32,38,39,,1.45,0.67,1.29,4*01
$GNGSA,A,3,04,,,,,,,,,,,,1.45,0.67,1.29,5*0A
$GPGSV,4,1,13,02,22,321,39,08,23,283,42,10,48,025,46,18,21,138,36,1*60
$GPGSV,4,2,13,23,24,073,41,24,04,039,29,27,33,241,39,28,40,164,43,1*67
$GPGSV,4,3,13,31,19,185,41,32,71,340,50,36,34,246,36,40,59,208,47,1*61
$GPGSV,4,4,13,41,56,146,46,1*51
$GPGSV,3,1,09,08,23,283,32,10,48,025,37,18,21,138,35,23,24,073,35,6*64
$GPGSV,3,2,09,24,04,039,27,27,33,241,33,28,40,164,40,31,19,185,34,6*6C
$GPGSV,3,3,09,32,71,340,39,6*50
$GPGSV,1,1,01,49,17,257,,0*5F
$GLGSV,2,1,08,65,45,302,46,66,15,255,41,72,33,018,45,74,11,079,36,1*74
$GLGSV,2,2,08,75,08,128,43,86,23,160,46,87,68,182,49,88,42,324,49,1*75
$GLGSV,2,1,06,65,45,302,09,66,15,255,37,72,33,018,40,75,08,128,28,3*74
$GLGSV,2,2,06,86,23,160,40,88,42,324,43,3*74
$GLGSV,1,1,01,73,00,039,,0*46
$GAGSV,2,1,06,03,70,010,42,05,20,040,36,08,49,240,40,13,15,322,37,2*70
$GAGSV,2,2,06,15,66,341,42,34,54,125,40,2*70
$GAGSV,2,1,06,03,70,010,47,05,20,040,39,08,49,240,42,13,15,322,36,7*7C
$GAGSV,2,2,06,15,66,341,46,34,54,125,46,7*77
$GAGSV,1,1,02,07,00,228,,36,05,136,,0*7D
$GBGSV,2,1,08,08,31,067,40,13,44,051,43,20,48,302,47,27,20,163,43,1*7B
$GBGSV,2,2,08,29,39,301,43,32,41,029,47,38,26,078,40,39,49,077,46,1*77
$GBGSV,2,1,06,06,52,104,38,08,31,067,38,09,51,127,39,13,44,051,37,B*0E
$GBGSV,2,2,06,16,50,091,38,38,26,078,07,B*05
$GBGSV,3,1,12,01,03,095,,02,58,140,,03,35,112,,05,62,201,,0*77
$GBGSV,3,2,12,07,01,157,,10,07,165,,19,12,264,,23,16,081,,0*70
$GBGSV,3,3,12,30,58,213,,59,08,095,,60,60,149,,61,35,113,,0*7C
$GQGSV,1,1,02,04,20,068,36,07,19,104,34,1*67
$GQGSV,1,1,03,03,05,128,25,04,20,068,33,07,19,104,34,6*5E
$GNGLL,2454.22833,N,06708.27293,E,141709.00,A,D*73
$GNRMC,141710.00,A,2454.22833,N,06708.27293,E,0.003,,050525,,,R,V*0A
$GNVTG,,T,,M,0.003,N,0.006,K,D*3D
$GNGGA,141710.00,2454.22833,N,06708.27293,E,4,12,0.67,21.9,M,-44.2,M,1.0,0290*7D
$GNGSA,A,3,08,10,18,23,27,28,32,31,02,,,,1.45,0.67,1.29,1*05
$GNGSA,A,3,87,66,86,72,65,88,,,,,,,1.45,0.67,1.29,2*0E
$GNGSA,A,3,05,03,08,15,34,,,,,,,,1.45,0.67,1.29,3*05
$GNGSA,A,3,08,09,06,13,20,16,29,27,32,38,39,,1.45,0.67,1.29,4*01
$GNGSA,A,3,04,,,,,,,,,,,,1.45,0.67,1.29,5*0A
$GPGSV,4,1,13,02,22,321,39,08,23,283,42,10,48,025,47,18,21,138,36,1*61
$GPGSV,4,2,13,23,24,073,41,24,04,039,29,27,33,241,39,28,40,164,43,1*67
$GPGSV,4,3,13,31,19,185,40,32,71,340,50,36,34,246,37,40,59,208,47,1*61
$GPGSV,4,4,13,41,56,146,46,1*51
$GPGSV,3,1,09,08,23,283,33,10,48,025,38,18,21,138,36,23,24,073,36,6*6A
$GPGSV,3,2,09,24,04,039,27,27,33,241,34,28,40,164,41,31,19,185,35,6*6B
$GPGSV,3,3,09,32,71,340,41,6*5F
$GPGSV,1,1,01,49,17,257,,0*5F
$GLGSV,3,1,09,65,45,302,46,66,15,255,41,72,33,018,45,74,11,079,36,1*74
$GLGSV,3,2,09,75,08,128,43,86,23,160,46,87,68,182,49,88,42,324,49,1*75
$GLGSV,3,3,09,,,,46,1*73
$GLGSV,2,1,06,65,45,302,09,66,15,255,37,72,33,018,41,75,08,128,28,3*75
$GLGSV,2,2,06,86,23,160,40,88,42,324,44,3*73
$GLGSV,1,1,01,73,00,039,,0*46
$GAGSV,2,1,06,03,70,010,41,05,20,040,35,08,49,240,40,13,15,322,36,2*71
$GAGSV,2,2,06,15,66,341,42,34,54,125,39,2*7E
$GAGSV,2,1,06,03,70,010,47,05,20,040,39,08,49,240,42,13,15,322,36,7*7C
$GAGSV,2,2,06,15,66,341,46,34,54,125,46,7*77
$GAGSV,1,1,02,07,00,228,,36,05,136,,0*7D
$GBGSV,2,1,08,08,31,067,40,13,44,051,44,20,48,302,47,27,20,163,44,1*7B
$GBGSV,2,2,08,29,39,301,43,32,41,029,47,38,26,078,41,39,49,077,46,1*76
$GBGSV,2,1,06,06,52,104,37,08,31,067,38,09,51,127,39,13,44,051,37,B*01
$GBGSV,2,2,06,16,50,091,38,38,26,078,08,B*0A
$GBGSV,3,1,12,01,03,095,,02,58,140,,03,35,112,,05,62,201,,0*77
$GBGSV,3,2,12,07,01,157,,10,07,165,,19,12,264,,23,16,081,,0*70
$GBGSV,3,3,12,30,58,213,,59,08,095,,60,60,149,,61,35,113,,0*7C
$GQGSV,1,1,02,04,20,068,36,07,19,104,34,1*67
$GQGSV,1,1,03,03,05,128,26,04,20,068,35,07,19,104,35,6*5A
$GNGLL,2454.22833,N,06708.27293,E,141710.00,A,D*7B
$GNRMC,141711.00,A,2454.22833,N,06708.27293,E,0.003,,050525,,,R,V*0B
$GNVTG,,T,,M,0.003,N,0.006,K,D*3D
$GNGGA,141711.00,2454.22833,N,06708.27293,E,4,12,0.67,21.9,M,-44.2,M,1.0,0290*7C
$GNGSA,A,3,08,10,18,23,27,28,32,31,02,,,,1.45,0.67,1.29,1*05
$GNGSA,A,3,87,66,86,72,65,88,,,,,,,1.45,0.67,1.29,2*0E
$GNGSA,A,3,05,03,08,15,34,,,,,,,,1.45,0.67,1.29,3*05
$GNGSA,A,3,08,09,06,13,20,16,29,27,32,38,39,,1.45,0.67,1.29,4*01
$GNGSA,A,3,04,,,,,,,,,,,,1.45,0.67,1.29,5*0A
$GPGSV,4,1,13,02,22,321,39,08,23,283,42,10,48,025,46,18,21,138,36,1*60
$GPGSV,4,2,13,23,24,073,41,24,04,039,29,27,33,241,39,28,40,164,43,1*67
$GPGSV,4,3,13,31,19,185,40,32,71,340,50,36,34,246,37,40,59,208,47,1*61
$GPGSV,4,4,13,41,56,146,46,1*51
$GPGSV,3,1,09,08,23,283,33,10,48,025,38,18,21,138,36,23,24,073,36,6*6A
$GPGSV,3,2,09,24,04,039,27,27,33,241,34,28,40,164,40,31,19,185,34,6*6B
$GPGSV,3,3,09,32,71,340,40,6*5E
$GPGSV,1,1,01,49,17,257,,0*5F
$GLGSV,3,1,09,65,45,302,46,66,15,255,41,72,33,018,45,74,11,079,36,1*74
$GLGSV,3,2,09,75,08,128,43,86,23,160,46,87,68,182,49,88,42,324,49,1*75
$GLGSV,3,3,09,,,,46,1*73
$GLGSV,2,1,06,65,45,302,12,66,15,255,36,72,33,018,41,75,08,128,29,3*7F
$GLGSV,2,2,06,86,23,160,39,88,42,324,44,3*7D
$GLGSV,1,1,01,73,00,039,,0*46
$GAGSV,2,1,06,03,70,010,41,05,20,040,35,08,49,240,40,13,15,322,37,2*70
$GAGSV,2,2,06,15,66,341,42,34,54,125,40,2*70
$GAGSV,2,1,06,03,70,010,47,05,20,040,39,08,49,240,42,13,15,322,36,7*7C
$GAGSV,2,2,06,15,66,341,46,34,54,125,46,7*77
$GAGSV,1,1,02,07,00,228,,36,05,136,,0*7D
$GBGSV,2,1,08,08,31,067,40,13,44,051,44,20,48,302,47,27,20,163,43,1*7C
$GBGSV,2,2,08,29,39,301,43,32,41,029,47,38,26,078,40,39,49,077,46,1*77
$GBGSV,2,1,05,06,52,104,38,08,31,067,38,09,51,127,39,13,44,051,37,B*0D
$GBGSV,2,2,05,16,50,091,38,B*31
$GBGSV,3,1,12,01,03,095,,02,58,140,,03,35,112,,05,62,201,,0*77
$GBGSV,3,2,12,07,01,157,,10,07,165,,19,12,264,,23,16,081,,0*70
$GBGSV,3,3,12,30,58,213,,59,08,095,,60,60,149,,61,35,113,,0*7C
$GQGSV,1,1,02,04,20,068,36,07,19,104,34,1*67
$GQGSV,1,1,03,03,05,128,25,04,20,068,34,07,19,104,35,6*58
$GNGLL,2454.22833,N,06708.27293,E,141711.00,A,D*7A
$GNRMC,141712.00,A,2454.22833,N,06708.27293,E,0.005,,050525,,,R,V*0E
$GNVTG,,T,,M,0.005,N,0.009,K,D*34
$GNGGA,141712.00,2454.22833,N,06708.27293,E,4,12,0.67,21.9,M,-44.2,M,1.0,0290*7F
$GNGSA,A,3,08,10,18,23,27,28,32,31,02,,,,1.45,0.67,1.29,1*05
$GNGSA,A,3,87,66,86,72,65,88,,,,,,,1.45,0.67,1.29,2*0E
$GNGSA,A,3,05,03,08,15,34,,,,,,,,1.45,0.67,1.29,3*05
$GNGSA,A,3,08,09,06,13,20,16,29,27,32,38,39,,1.45,0.67,1.29,4*01
$GNGSA,A,3,04,,,,,,,,,,,,1.45,0.67,1.29,5*0A
$GPGSV,4,1,13,02,22,321,39,08,23,283,42,10,48,025,46,18,21,138,36,1*60
$GPGSV,4,2,13,23,24,073,41,24,04,039,29,27,33,241,39,28,40,164,43,1*67
$GPGSV,4,3,13,31,19,185,40,32,71,340,50,36,34,246,37,40,59,208,47,1*61
$GPGSV,4,4,13,41,56,146,46,1*51
$GPGSV,3,1,09,08,23,283,33,10,48,025,38,18,21,138,36,23,24,073,36,6*6A
$GPGSV,3,2,09,24,04,039,27,27,33,241,33,28,40,164,40,31,19,185,35,6*6D
$GPGSV,3,3,09,32,71,340,40,6*5E
$GPGSV,1,1,01,49,17,257,,0*5F
$GLGSV,3,1,09,65,45,302,46,66,15,255,41,72,33,018,45,74,11,079,37,1*75
$GLGSV,3,2,09,75,08,128,43,86,23,160,46,87,68,182,49,88,42,324,49,1*75
$GLGSV,3,3,09,,,,46,1*73
$GLGSV,2,1,06,65,45,302,07,66,15,255,37,72,33,018,41,75,08,128,29,3*7A
$GLGSV,2,2,06,86,23,160,39,88,42,324,44,3*7D
$GLGSV,1,1,01,73,00,039,,0*46
$GAGSV,2,1,06,03,70,010,41,05,20,040,35,08,49,240,40,13,15,322,37,2*70
$GAGSV,2,2,06,15,66,341,42,34,54,125,40,2*70
$GAGSV,2,1,06,03,70,010,47,05,20,040,39,08,49,240,42,13,15,322,36,7*7C
$GAGSV,2,2,06,15,66,341,46,34,54,125,46,7*77
$GAGSV,1,1,02,07,00,228,,36,05,136,,0*7D
$GBGSV,2,1,08,08,31,067,40,13,44,051,44,20,48,302,47,27,20,163,44,1*7B
$GBGSV,2,2,08,29,39,301,43,32,41,029,47,38,26,078,41,39,49,077,46,1*76
$GBGSV,2,1,05,06,52,104,38,08,31,067,38,09,51,127,39,13,44,051,37,B*0D
$GBGSV,2,2,05,16,50,091,38,B*31
$GBGSV,3,1,12,01,03,095,,02,58,140,,03,35,112,,05,62,201,,0*77
$GBGSV,3,2,12,07,01,157,,10,07,165,,19,12,264,,23,16,081,,0*70
$GBGSV,3,3,12,30,58,213,,59,08,095,,60,60,149,,61,35,113,,0*7C
$GQGSV,1,1,02,04,20,068,36,07,19,104,34,1*67
$GQGSV,1,1,03,03,05,128,26,04,20,068,34,07,19,104,35,6*5B
$GNGLL,2454.22833,N,06708.27293,E,141712.00,A,D*79
$GNRMC,141713.00,A,2454.22833,N,06708.27293,E,0.001,,050525,,,R,V*0B
$GNVTG,,T,,M,0.001,N,0.002,K,D*3B
$GNGGA,141713.00,2454.22833,N,06708.27293,E,4,12,0.67,21.9,M,-44.2,M,1.0,0290*7E
$GNGSA,A,3,08,10,18,23,27,28,32,31,02,,,,1.45,0.67,1.29,1*05
$GNGSA,A,3,87,66,86,72,65,88,,,,,,,1.45,0.67,1.29,2*0E
$GNGSA,A,3,05,03,08,15,34,,,,,,,,1.45,0.67,1.29,3*05
$GNGSA,A,3,08,09,06,13,20,16,29,27,32,38,39,,1.45,0.67,1.29,4*01
$GNGSA,A,3,04,,,,,,,,,,,,1.45,0.67,1.29,5*0A
$GPGSV,4,1,13,02,22,321,39,08,23,283,42,10,48,025,46,18,21,138,36,1*60
$GPGSV,4,2,13,23,24,073,41,24,04,039,29,27,33,241,39,28,40,164,43,1*67
$GPGSV,4,3,13,31,19,185,41,32,71,340,50,36,34,246,37,40,59,208,47,1*60
$GPGSV,4,4,13,41,56,146,46,1*51
$GPGSV,3,1,09,08,23,283,33,10,48,025,38,18,21,138,36,23,24,073,36,6*6A
$GPGSV,3,2,09,24,04,039,28,27,33,241,33,28,40,164,40,31,19,185,34,6*63
$GPGSV,3,3,09,32,71,340,40,6*5E
$GPGSV,1,1,01,49,17,257,,0*5F
$GLGSV,3,1,09,65,45,302,46,66,15,255,41,72,33,018,45,74,11,079,37,1*75
$GLGSV,3,2,09,75,08,128,43,86,23,160,46,87,68,182,49,88,42,324,49,1*75
$GLGSV,3,3,09,,,,46,1*73
$GLGSV,2,1,06,65,45,302,11,66,15,255,36,72,33,018,41,75,08,128,29,3*7C
$GLGSV,2,2,06,86,23,160,39,88,42,324,44,3*7D
$GLGSV,1,1,01,73,00,039,,0*46
$GAGSV,2,1,06,03,70,010,42,05,20,040,36,08,49,240,41,13,15,322,37,2*71
$GAGSV,2,2,06,15,66,341,43,34,54,125,40,2*71
$GAGSV,2,1,06,03,70,010,47,05,20,040,39,08,49,240,42,13,15,322,36,7*7C
$GAGSV,2,2,06,15,66,341,46,34,54,125,46,7*77
$GAGSV,1,1,02,07,00,228,,36,05,136,,0*7D
$GBGSV,2,1,08,08,31,067,39,13,44,051,43,20,48,302,47,27,20,163,43,1*75
$GBGSV,2,2,08,29,39,301,43,32,41,029,47,38,26,078,40,39,49,077,46,1*77
$GBGSV,2,1,05,06,53,103,38,08,31,067,39,09,51,127,39,13,44,051,37,B*0A
$GBGSV,2,2,05,16,50,091,38,B*31
$GBGSV,3,1,12,01,03,095,,02,58,140,,03,35,112,,05,62,201,,0*77
$GBGSV,3,2,12,07,01,157,,10,07,165,,19,12,264,,23,16,081,,0*70
$GBGSV,3,3,12,30,58,213,,59,08,095,,60,60,149,,61,35,113,,0*7C
$GQGSV,1,1,02,04,20,068,36,07,19,104,34,1*67
$GQGSV,1,1,03,03,05,128,26,04,20,068,34,07,19,104,35,6*5B
$GNGLL,2454.22833,N,06708.27293,E,141713.00,A,D*78
$GNRMC,141714.00,A,2454.22833,N,06708.27293,E,0.018,,050525,,,R,V*04
$GNVTG,,T,,M,0.018,N,0.034,K,D*36
$GNGGA,141714.00,2454.22833,N,06708.27293,E,4,12,0.67,21.9,M,-44.2,M,1.0,0290*79
$GNGSA,A,3,08,10,18,23,27,28,32,31,02,,,,1.45,0.67,1.29,1*05
$GNGSA,A,3,87,66,86,72,65,88,,,,,,,1.45,0.67,1.29,2*0E
$GNGSA,A,3,05,03,08,15,34,,,,,,,,1.45,0.67,1.29,3*05
$GNGSA,A,3,08,09,06,13,20,16,29,27,32,38,39,,1.45,0.67,1.29,4*01
$GNGSA,A,3,04,,,,,,,,,,,,1.45,0.67,1.29,5*0A
$GPGSV,4,1,13,02,22,321,39,08,23,283,42,10,48,025,47,18,21,138,36,1*61
$GPGSV,4,2,13,23,24,073,41,24,04,039,29,27,33,241,39,28,40,164,43,1*67
$GPGSV,4,3,13,31,19,185,40,32,71,340,50,36,34,246,37,40,59,208,47,1*61
$GPGSV,4,4,13,41,56,146,46,1*51
$GPGSV,3,1,09,08,23,283,33,10,48,025,38,18,21,138,36,23,24,073,36,6*6A
$GPGSV,3,2,09,24,04,039,28,27,33,241,33,28,40,164,40,31,19,185,34,6*63
$GPGSV,3,3,09,32,71,340,40,6*5E
$GPGSV,1,1,01,49,17,257,,0*5F
$GLGSV,3,1,09,65,45,302,46,66,15,255,41,72,33,018,45,74,11,079,37,1*75
$GLGSV,3,2,09,75,08,128,43,86,23,160,46,87,68,182,49,88,42,324,49,1*75
$GLGSV,3,3,09,,,,46,1*73
$GLGSV,2,1,06,65,45,302,12,66,15,255,36,72,33,018,40,75,08,128,29,3*7E
$GLGSV,2,2,06,86,23,160,39,88,42,324,43,3*7A
$GLGSV,1,1,01,73,00,039,,0*46
$GAGSV,2,1,06,03,70,010,42,05,20,040,36,08,49,240,40,13,15,322,37,2*70
$GAGSV,2,2,06,15,66,341,42,34,54,125,40,2*70
$GAGSV,2,1,06,03,70,010,47,05,20,040,39,08,49,240,42,13,15,322,36,7*7C
$GAGSV,2,2,06,15,66,341,46,34,54,125,46,7*77
$GAGSV,1,1,02,07,00,228,,36,05,136,,0*7D
$GBGSV,2,1,08,08,31,067,39,13,44,051,43,20,48,302,47,27,20,163,43,1*75
$GBGSV,2,2,08,29,39,301,43,32,41,029,46,38,26,078,41,39,49,077,46,1*77
$GBGSV,2,1,05,06,53,103,38,08,31,067,39,09,51,127,39,13,44,051,38,B*05
$GBGSV,2,2,05,16,50,091,39,B*30
$GBGSV,3,1,12,01,03,095,,02,58,140,,03,35,112,,05,62,201,,0*77
$GBGSV,3,2,12,07,01,156,,10,07,165,,19,12,264,,23,16,081,,0*71
$GBGSV,3,3,12,30,58,213,,59,08,095,,60,60,149,,61,35,113,,0*7C
$GQGSV,1,1,02,04,20,068,35,07,19,104,34,1*64
$GQGSV,1,1,03,03,05,128,26,04,20,068,34,07,19,104,35,6*5B
$GNGLL,2454.22833,N,06708.27293,E,141714.00,A,D*7F
$GNRMC,141715.00,A,2454.22833,N,06708.27293,E,0.004,,050525,,,R,V*08
$GNVTG,,T,,M,0.004,N,0.008,K,D*34
$GNGGA,141715.00,2454.22833,N,06708.27293,E,4,12,0.67,21.9,M,-44.2,M,1.0,0290*78
$GNGSA,A,3,08,10,18,23,27,28,32,31,02,,,,1.45,0.67,1.29,1*05
$GNGSA,A,3,87,66,86,72,65,88,,,,,,,1.45,0.67,1.29,2*0E
$GNGSA,A,3,05,03,08,15,34,,,,,,,,1.45,0.67,1.29,3*05
$GNGSA,A,3,08,09,06,13,20,16,29,27,32,38,39,,1.45,0.67,1.29,4*01
$GNGSA,A,3,04,,,,,,,,,,,,1.45,0.67,1.29,5*0A
$GPGSV,4,1,13,02,22,321,39,08,23,283,42,10,48,025,46,18,21,138,36,1*60
$GPGSV,4,2,13,23,24,073,41,24,04,039,29,27,33,241,38,28,40,164,43,1*66
$GPGSV,4,3,13,31,19,185,40,32,71,340,50,36,34,246,36,40,59,208,47,1*60
$GPGSV,4,4,13,41,56,146,46,1*51
$GPGSV,3,1,09,08,23,283,32,10,48,025,37,18,21,138,35,23,24,073,35,6*64
$GPGSV,3,2,09,24,04,039,27,27,33,241,32,28,40,164,39,31,19,185,33,6*64
$GPGSV,3,3,09,32,71,340,39,6*50
$GPGSV,1,1,01,49,17,257,,0*5F
$GLGSV,3,1,09,65,45,302,46,66,15,255,41,72,33,018,45,74,11,079,37,1*75
$GLGSV,3,2,09,75,08,128,43,86,23,160,46,87,68,182,49,88,42,324,49,1*75
$GLGSV,3,3,09,,,,47,1*72
$GLGSV,2,1,06,65,45,302,11,66,15,255,36,72,33,018,40,75,08,128,29,3*7D
$GLGSV,2,2,06,86,23,160,39,88,42,324,43,3*7A
$GLGSV,1,1,01,73,00,039,,0*46
$GAGSV,2,1,06,03,70,010,42,05,20,040,36,08,49,240,40,13,15,322,37,2*70
$GAGSV,2,2,06,15,66,341,42,34,54,125,40,2*70
$GAGSV,2,1,06,03,70,010,47,05,20,040,39,08,49,240,42,13,15,322,36,7*7C
$GAGSV,2,2,06,15,66,341,46,34,54,125,45,7*74
$GAGSV,1,1,02,07,00,228,,36,05,136,,0*7D
$GBGSV,2,1,08,08,31,067,39,13,44,051,43,20,48,302,47,27,20,163,43,1*75
$GBGSV,2,2,08,29,39,301,43,32,41,029,46,38,26,078,40,39,49,077,46,1*76
$GBGSV,2,1,05,06,53,103,38,08,31,067,39,09,51,127,39,13,44,051,38,B*05
$GBGSV,2,2,05,16,50,091,39,B*30
$GBGSV,3,1,12,01,03,095,,02,58,140,,03,35,112,,05,62,201,,0*77
$GBGSV,3,2,12,07,01,156,,10,07,165,,19,12,264,,23,16,081,,0*71
$GBGSV,3,3,12,30,58,213,,59,08,095,,60,60,149,,61,35,113,,0*7C
$GQGSV,1,1,02,04,20,068,35,07,19,104,34,1*64
$GQGSV,1,1,03,03,05,128,26,04,20,068,33,07,19,104,34,6*5D
$GNGLL,2454.22833,N,06708.27293,E,141715.00,A,D*7E
$GNRMC,141716.00,A,2454.22834,N,06708.27293,E,0.009,,050525,,,R,V*01
$GNVTG,,T,,M,0.009,N,0.017,K,D*37
$GNGGA,141716.00,2454.22834,N,06708.27293,E,4,12,0.67,21.9,M,-44.2,M,1.0,0290*7C
$GNGSA,A,3,08,10,18,23,27,28,32,31,02,,,,1.45,0.67,1.29,1*05
$GNGSA,A,3,87,66,86,72,65,88,,,,,,,1.45,0.67,1.29,2*0E
$GNGSA,A,3,05,03,08,15,34,,,,,,,,1.45,0.67,1.29,3*05
$GNGSA,A,3,08,09,06,13,20,16,29,27,32,38,39,,1.45,0.67,1.29,4*01
$GNGSA,A,3,04,,,,,,,,,,,,1.45,0.67,1.29,5*0A
$GPGSV,4,1,13,02,22,321,39,08,23,283,42,10,48,025,46,18,21,138,36,1*60
$GPGSV,4,2,13,23,24,073,41,24,04,039,29,27,33,241,38,28,40,164,43,1*66
$GPGSV,4,3,13,31,19,185,40,32,71,340,50,36,34,246,36,40,59,208,47,1*60
$GPGSV,4,4,13,41,56,146,46,1*51
$GPGSV,3,1,09,08,23,283,31,10,48,025,36,18,21,138,34,23,24,073,34,6*66
$GPGSV,3,2,09,24,04,039,26,27,33,241,32,28,40,164,38,31,19,185,33,6*64
$GPGSV,3,3,09,32,71,340,38,6*51
$GPGSV,1,1,01,49,17,257,,0*5F
$GLGSV,3,1,09,65,45,302,46,66,15,255,41,72,33,018,45,74,11,079,37,1*75
$GLGSV,3,2,09,75,08,128,43,86,23,160,46,87,68,182,49,88,42,324,49,1*75
$GLGSV,3,3,09,,,,47,1*72
$GLGSV,2,1,07,65,45,302,09,66,15,255,37,72,33,018,40,75,08,128,29,3*74
$GLGSV,2,2,07,86,23,160,39,88,42,324,43,,,,42,3*7D
$GLGSV,1,1,01,73,00,039,,0*46
$GAGSV,2,1,06,03,70,010,42,05,20,040,36,08,49,240,41,13,15,322,38,2*7E
$GAGSV,2,2,06,15,66,341,43,34,54,125,40,2*71
$GAGSV,2,1,06,03,70,010,47,05,20,040,39,08,49,240,42,13,15,322,36,7*7C
$GAGSV,2,2,06,15,66,341,46,34,54,125,45,7*74
$GAGSV,1,1,02,07,00,228,,36,05,136,,0*7D
$GBGSV,2,1,08,08,31,067,38,13,44,051,43,20,48,302,46,27,20,163,42,1*74
$GBGSV,2,2,08,29,39,301,42,32,41,029,46,38,26,078,40,39,49,077,45,1*74
$GBGSV,2,1,05,06,53,103,38,08,31,067,39,09,51,127,39,13,44,051,38,B*05
$GBGSV,2,2,05,16,50,091,39,B*30
$GBGSV,3,1,12,01,03,095,,02,58,140,,03,35,112,,05,62,201,,0*77
$GBGSV,3,2,12,07,01,156,,10,07,165,,19,12,264,,23,16,081,,0*71
$GBGSV,3,3,12,30,58,213,,59,08,095,,60,60,149,,61,35,113,,0*7C
$GQGSV,1,1,02,04,20,068,35,07,19,104,34,1*64
$GQGSV,1,1,03,03,05,128,25,04,20,068,32,07,19,104,33,6*58
$GNGLL,2454.22834,N,06708.27293,E,141716.00,A,D*7A
$GNRMC,141717.00,A,2454.22834,N,06708.27293,E,0.006,,050525,,,R,V*0F
$GNVTG,,T,,M,0.006,N,0.010,K,D*3F
$GNGGA,141717.00,2454.22834,N,06708.27293,E,4,12,0.67,21.9,M,-44.2,M,1.0,0290*7D
$GNGSA,A,3,08,10,18,23,27,28,32,31,02,,,,1.45,0.67,1.29,1*05
$GNGSA,A,3,87,66,86,72,65,88,,,,,,,1.45,0.67,1.29,2*0E
$GNGSA,A,3,05,03,08,15,34,,,,,,,,1.45,0.67,1.29,3*05
$GNGSA,A,3,08,09,06,13,20,16,29,27,32,38,39,,1.45,0.67,1.29,4*01
$GNGSA,A,3,04,,,,,,,,,,,,1.45,0.67,1.29,5*0A
$GPGSV,4,1,13,02,22,321,39,08,23,283,42,10,48,025,46,18,21,138,36,1*60
$GPGSV,4,2,13,23,24,073,41,24,04,039,29,27,33,241,38,28,40,164,43,1*66
$GPGSV,4,3,13,31,19,185,40,32,71,340,50,36,34,246,37,40,59,208,47,1*61
$GPGSV,4,4,13,41,56,146,46,1*51
$GPGSV,3,1,09,08,23,283,31,10,48,025,36,18,21,138,34,23,24,073,34,6*66
$GPGSV,3,2,09,24,04,039,26,27,33,241,32,28,40,164,38,31,19,185,33,6*64
$GPGSV,3,3,09,32,71,340,38,6*51
$GPGSV,1,1,01,49,17,257,,0*5F
$GLGSV,3,1,09,65,45,302,46,66,15,255,41,72,33,018,45,74,11,079,37,1*75
$GLGSV,3,2,09,75,08,128,43,86,23,160,46,87,68,182,49,88,42,324,49,1*75
$GLGSV,3,3,09,,,,47,1*72
$GLGSV,2,1,07,65,45,302,06,66,15,255,36,72,33,018,41,75,08,128,29,3*7B
$GLGSV,2,2,07,86,23,160,39,88,42,324,43,,,,42,3*7D
$GLGSV,1,1,01,73,00,039,,0*46
$GAGSV,2,1,06,03,70,010,42,05,20,040,36,08,49,240,41,13,15,322,38,2*7E
$GAGSV,2,2,06,15,66,341,43,34,54,125,40,2*71
$GAGSV,2,1,06,03,70,010,47,05,20,040,39,08,49,240,42,13,15,322,36,7*7C
$GAGSV,2,2,06,15,66,341,46,34,54,125,46,7*77
$GAGSV,1,1,02,07,00,228,,36,05,136,,0*7D
$GBGSV,2,1,08,08,31,067,38,13,44,051,43,20,48,302,46,27,20,163,42,1*74
$GBGSV,2,2,08,29,39,301,42,32,41,029,46,38,26,078,40,39,49,077,45,1*74
$GBGSV,2,1,05,06,53,103,39,08,31,067,39,09,51,127,40,13,44,051,38,B*0A
$GBGSV,2,2,05,16,50,091,39,B*30
$GBGSV,3,1,12,01,03,095,,02,58,140,,03,35,112,,05,62,201,,0*77
$GBGSV,3,2,12,07,01,156,,10,07,165,,19,12,264,,23,16,081,,0*71
$GBGSV,3,3,12,30,58,213,,59,08,095,,60,60,149,,61,35,113,,0*7C
$GQGSV,1,1,02,04,20,068,35,07,19,104,34,1*64
$GQGSV,1,1,03,03,05,128,24,04,20,068,32,07,19,104,33,6*59
$GNGLL,2454.22834,N,06708.27293,E,141717.00,A,D*7B
$GNRMC,141718.00,A,2454.22834,N,06708.27292,E,0.003,,050525,,,R,V*04
$GNVTG,,T,,M,0.003,N,0.005,K,D*3E
$GNGGA,141718.00,2454.22834,N,06708.27292,E,4,12,0.67,21.9,M,-44.2,M,1.0,0290*73
$GNGSA,A,3,08,10,18,23,27,28,32,31,02,,,,1.45,0.67,1.29,1*05
$GNGSA,A,3,87,66,86,72,65,88,,,,,,,1.45,0.67,1.29,2*0E
$GNGSA,A,3,05,03,08,15,34,,,,,,,,1.45,0.67,1.29,3*05
$GNGSA,A,3,08,09,06,13,20,16,29,27,32,38,39,,1.45,0.67,1.29,4*01
$GNGSA,A,3,04,,,,,,,,,,,,1.45,0.67,1.29,5*0A
$GPGSV,4,1,13,02,22,321,39,08,23,283,42,10,48,025,46,18,21,138,36,1*60
$GPGSV,4,2,13,23,24,073,41,24,04,039,29,27,33,241,38,28,40,164,44,1*61
$GPGSV,4,3,13,31,19,185,40,32,71,340,50,36,34,246,36,40,59,208,47,1*60
$GPGSV,4,4,13,41,56,146,46,1*51
$GPGSV,3,1,09,08,23,283,32,10,48,025,37,18,21,138,34,23,24,073,35,6*65
$GPGSV,3,2,09,24,04,039,27,27,33,241,32,28,40,164,39,31,19,185,33,6*64
$GPGSV,3,3,09,32,71,340,39,6*50
$GPGSV,1,1,01,49,17,257,,0*5F
$GLGSV,3,1,09,65,45,302,46,66,15,255,41,72,33,018,45,74,11,079,37,1*75
$GLGSV,3,2,09,75,08,128,44,86,23,160,46,87,68,182,49,88,42,324,49,1*72
$GLGSV,3,3,09,,,,47,1*72
$GLGSV,2,1,07,65,45,302,08,66,15,255,36,72,33,018,41,75,08,128,30,3*7D
$GLGSV,2,2,07,86,23,160,39,88,42,324,43,,,,42,3*7D
$GLGSV,1,1,01,73,00,039,,0*46
$GAGSV,2,1,06,03,70,010,42,05,20,040,37,08,49,240,41,13,15,322,38,2*7F
$GAGSV,2,2,06,15,66,341,43,34,54,125,41,2*70
$GAGSV,2,1,06,03,70,010,47,05,20,040,39,08,49,240,42,13,15,322,36,7*7C
$GAGSV,2,2,06,15,66,341,46,34,54,125,46,7*77
$GAGSV,1,1,02,07,00,228,,36,05,136,,0*7D
$GBGSV,2,1,08,08,31,067,38,13,44,052,43,20,48,302,46,27,20,163,43,1*76
$GBGSV,2,2,08,29,39,301,42,32,41,029,46,38,26,078,40,39,49,077,45,1*74
$GBGSV,2,1,05,06,53,103,39,08,31,067,39,09,51,127,40,13,44,052,38,B*09
$GBGSV,2,2,05,16,50,091,39,B*30
$GBGSV,3,1,12,01,03,095,,02,58,140,,03,35,112,,05,62,201,,0*77
$GBGSV,3,2,12,07,01,156,,10,07,165,,19,12,264,,23,16,081,,0*71
$GBGSV,3,3,12,30,58,213,,59,08,095,,60,60,149,,61,35,113,,0*7C
$GQGSV,1,1,02,04,20,068,36,07,19,104,34,1*67
$GQGSV,1,1,03,03,05,128,25,04,20,068,33,07,19,104,34,6*5E
$GNGLL,2454.22834,N,06708.27292,E,141718.00,A,D*75
$GNRMC,141719.00,A,2454.22833,N,06708.27293,E,0.003,,050525,,,R,V*03
$GNVTG,,T,,M,0.003,N,0.005,K,D*3E
$GNGGA,141719.00,2454.22833,N,06708.27293,E,4,12,0.67,21.9,M,-44.2,M,1.0,0290*74
$GNGSA,A,3,08,10,18,23,27,28,32,31,02,,,,1.45,0.67,1.29,1*05
$GNGSA,A,3,87,66,86,72,65,88,,,,,,,1.45,0.67,1.29,2*0E
$GNGSA,A,3,05,03,08,15,34,,,,,,,,1.45,0.67,1.29,3*05
$GNGSA,A,3,08,09,06,13,20,16,29,27,32,38,39,,1.45,0.67,1.29,4*01
$GNGSA,A,3,04,,,,,,,,,,,,1.45,0.67,1.29,5*0A
$GPGSV,4,1,13,02,22,321,39,08,23,283,42,10,48,025,46,18,21,138,36,1*60
$GPGSV,4,2,13,23,24,073,41,24,04,039,29,27,33,241,38,28,40,164,43,1*66
$GPGSV,4,3,13,31,19,185,40,32,71,340,50,36,34,246,37,40,59,208,47,1*61
$GPGSV,4,4,13,41,56,146,46,1*51
$GPGSV,3,1,09,08,23,283,32,10,48,025,37,18,21,138,34,23,24,073,35,6*65
$GPGSV,3,2,09,24,04,039,27,27,33,241,32,28,40,164,39,31,19,185,33,6*64
$GPGSV,3,3,09,32,71,340,39,6*50
$GPGSV,1,1,01,49,17,257,,0*5F
$GLGSV,3,1,09,65,45,302,46,66,15,255,41,72,33,018,45,74,11,079,37,1*75
$GLGSV,3,2,09,75,08,128,44,86,23,160,46,87,68,182,49,88,42,324,49,1*72
$GLGSV,3,3,09,,,,47,1*72
$GLGSV,2,1,07,65,45,302,10,66,15,255,36,72,33,018,41,75,08,128,30,3*74
$GLGSV,2,2,07,86,23,160,39,88,42,324,43,,,,42,3*7D
$GLGSV,1,1,01,73,00,039,,0*46
$GAGSV,2,1,06,03,70,010,42,05,20,040,37,08,49,240,41,13,15,322,38,2*7F
$GAGSV,2,2,06,15,66,341,43,34,54,125,41,2*70
$GAGSV,2,1,06,03,70,010,47,05,20,040,39,08,49,240,42,13,15,322,36,7*7C
$GAGSV,2,2,06,15,66,341,46,34,54,125,46,7*77
$GAGSV,1,1,02,07,00,228,,36,05,136,,0*7D
$GBGSV,2,1,08,08,31,067,39,13,44,052,43,20,48,302,46,27,20,163,43,1*77
$GBGSV,2,2,08,29,39,301,43,32,41,029,46,38,26,078,40,39,49,077,45,1*75
$GBGSV,2,1,05,06,53,103,38,08,31,067,39,09,51,127,40,13,44,052,38,B*08
$GBGSV,2,2,05,16,51,090,39,B*30
$GBGSV,3,1,12,01,03,095,,02,58,140,,03,35,112,,05,62,201,,0*77
$GBGSV,3,2,12,07,01,156,,10,07,165,,19,12,264,,23,16,081,,0*71
$GBGSV,3,3,12,30,58,213,,59,08,095,,60,60,149,,61,35,113,,0*7C
$GQGSV,1,1,02,04,20,068,36,07,19,104,34,1*67
$GQGSV,1,1,03,03,05,128,25,04,20,068,33,07,19,104,34,6*5E
$GNGLL,2454.22833,N,06708.27293,E,141719.00,A,D*72
$GNRMC,141720.00,A,2454.22833,N,06708.27293,E,0.004,,050525,,,R,V*0E
$GNVTG,,T,,M,0.004,N,0.007,K,D*3B
$GNGGA,141720.00,2454.22833,N,06708.27293,E,4,12,0.67,21.9,M,-44.2,M,1.0,0290*7E
$GNGSA,A,3,08,10,18,23,27,28,32,31,02,,,,1.45,0.67,1.29,1*05
$GNGSA,A,3,87,66,86,72,65,88,,,,,,,1.45,0.67,1.29,2*0E
$GNGSA,A,3,05,03,08,15,34,,,,,,,,1.45,0.67,1.29,3*05
$GNGSA,A,3,08,09,06,13,20,16,29,27,32,38,39,,1.45,0.67,1.29,4*01
$GNGSA,A,3,04,,,,,,,,,,,,1.45,0.67,1.29,5*0A
$GPGSV,4,1,13,02,22,321,39,08,23,283,42,10,48,025,46,18,21,138,36,1*60
$GPGSV,4,2,13,23,24,073,41,24,04,039,29,27,33,241,38,28,40,164,44,1*61
$GPGSV,4,3,13,31,19,185,40,32,71,340,50,36,34,246,37,40,59,208,47,1*61
$GPGSV,4,4,13,41,56,146,46,1*51
$GPGSV,3,1,09,08,23,283,32,10,48,025,37,18,21,138,34,23,24,073,35,6*65
$GPGSV,3,2,09,24,04,039,27,27,33,241,32,28,40,164,39,31,19,185,33,6*64
$GPGSV,3,3,09,32,71,340,39,6*50
$GPGSV,1,1,01,49,17,257,,0*5F
$GLGSV,3,1,09,65,45,302,46,66,15,255,41,72,33,018,45,74,11,079,37,1*75
$GLGSV,3,2,09,75,08,128,44,86,23,160,46,87,68,182,49,88,42,324,49,1*72
$GLGSV,3,3,09,,,,47,1*72
$GLGSV,2,1,07,65,45,302,09,66,15,255,36,72,33,018,41,75,08,128,30,3*7C
$GLGSV,2,2,07,86,23,160,39,88,42,324,43,,,,42,3*7D
$GLGSV,1,1,01,73,00,039,,0*46
$GAGSV,2,1,06,03,70,010,42,05,20,040,37,08,49,240,41,13,15,322,38,2*7F
$GAGSV,2,2,06,15,66,341,43,34,54,125,41,2*70
$GAGSV,2,1,06,03,70,010,47,05,20,040,39,08,49,240,42,13,15,322,36,7*7C
$GAGSV,2,2,06,15,66,341,46,34,54,125,45,7*74
$GAGSV,1,1,02,07,00,228,,36,05,136,,0*7D
$GBGSV,2,1,08,08,31,067,39,13,44,052,43,20,48,302,46,27,20,163,42,1*76
$GBGSV,2,2,08,29,39,301,43,32,41,029,46,38,26,078,40,39,49,077,45,1*75
$GBGSV,2,1,05,06,53,103,39,08,31,067,39,09,51,127,40,13,44,052,38,B*09
$GBGSV,2,2,05,16,51,090,39,B*30
$GBGSV,3,1,12,01,03,095,,02,58,140,,03,35,112,,05,62,201,,0*77
$GBGSV,3,2,12,07,01,156,,10,07,165,,19,13,265,,23,16,081,,0*71
$GBGSV,3,3,12,30,58,213,,59,08,095,,60,60,149,,61,35,113,,0*7C
$GQGSV,1,1,02,04,20,068,36,07,19,104,34,1*67
$GQGSV,1,1,03,03,05,128,25,04,20,068,33,07,19,104,34,6*5E
$GNGLL,2454.22833,N,06708.27293,E,141720.00,A,D*78
$GNRMC,141721.00,A,2454.22834,N,06708.27293,E,0.011,,050525,,,R,V*0C
$GNVTG,,T,,M,0.011,N,0.020,K,D*3A
$GNGGA,141721.00,2454.22834,N,06708.27293,E,4,12,0.67,21.9,M,-44.2,M,1.0,0290*78
$GNGSA,A,3,08,10,18,23,27,28,32,31,02,,,,1.45,0.67,1.29,1*05
$GNGSA,A,3,87,66,86,72,65,88,,,,,,,1.45,0.67,1.29,2*0E
$GNGSA,A,3,05,03,08,15,34,,,,,,,,1.45,0.67,1.29,3*05
$GNGSA,A,3,08,09,06,13,20,16,29,27,32,38,39,,1.45,0.67,1.29,4*01
$GNGSA,A,3,04,,,,,,,,,,,,1.45,0.67,1.29,5*0A
$GPGSV,4,1,13,02,22,321,39,08,23,283,42,10,48,025,46,18,21,138,36,1*60
$GPGSV,4,2,13,23,24,073,41,24,04,039,29,27,33,241,38,28,40,164,44,1*61
$GPGSV,4,3,13,31,19,185,40,32,71,340,50,36,34,246,37,40,59,208,47,1*61
$GPGSV,4,4,13,41,56,146,46,1*51
$GPGSV,3,1,09,08,23,283,32,10,48,025,37,18,21,138,34,23,24,073,35,6*65
$GPGSV,3,2,09,24,04,039,27,27,33,241,32,28,40,164,39,31,19,185,33,6*64
$GPGSV,3,3,09,32,71,340,39,6*50
$GPGSV,1,1,01,49,17,257,,0*5F
$GLGSV,3,1,09,65,45,302,46,66,15,255,41,72,33,018,45,74,11,079,37,1*75
$GLGSV,3,2,09,75,08,128,43,86,23,160,46,87,68,182,49,88,42,324,49,1*75
$GLGSV,3,3,09,,,,47,1*72
$GLGSV,2,1,07,65,45,302,10,66,15,255,36,72,33,018,41,75,08,128,30,3*74
$GLGSV,2,2,07,86,23,160,39,88,42,324,43,,,,42,3*7D
$GLGSV,1,1,01,73,00,039,,0*46
$GAGSV,2,1,06,03,70,010,42,05,20,040,37,08,49,240,41,13,15,322,38,2*7F
$GAGSV,2,2,06,15,66,341,43,34,54,125,41,2*70
$GAGSV,2,1,06,03,70,010,47,05,20,040,39,08,49,240,42,13,15,322,36,7*7C
$GAGSV,2,2,06,15,66,341,46,34,54,125,46,7*77
$GAGSV,1,1,02,07,00,228,,36,05,136,,0*7D
$GBGSV,2,1,08,08,31,067,39,13,44,052,43,20,48,304,46,27,20,163,42,1*70
$GBGSV,2,2,08,29,39,301,43,32,41,029,46,38,26,078,40,39,49,077,45,1*75
$GBGSV,2,1,05,06,53,103,39,08,31,067,39,09,51,127,40,13,44,052,38,B*09
$GBGSV,2,2,05,16,51,090,39,B*30
$GBGSV,3,1,12,01,03,095,,02,58,140,,03,35,112,,05,62,201,,0*77
$GBGSV,3,2,12,07,01,156,,10,07,165,,19,13,265,,23,16,081,,0*71
$GBGSV,3,3,12,30,58,213,,59,08,095,,60,60,149,,61,35,113,,0*7C
$GQGSV,1,1,02,04,20,068,36,07,19,104,34,1*67
$GQGSV,1,1,03,03,05,128,25,04,20,068,33,07,19,104,33,6*59
$GNGLL,2454.22834,N,06708.27293,E,141721.00,A,D*7E
$GNRMC,141722.00,A,2454.22834,N,06708.27293,E,0.007,,050525,,,R,V*08
$GNVTG,,T,,M,0.007,N,0.013,K,D*3D
$GNGGA,141722.00,2454.22834,N,06708.27293,E,4,12,0.67,21.9,M,-44.2,M,1.0,0290*7B
$GNGSA,A,3,08,10,18,23,27,28,32,31,02,,,,1.45,0.67,1.29,1*05
$GNGSA,A,3,87,66,86,72,65,88,,,,,,,1.45,0.67,1.29,2*0E
$GNGSA,A,3,05,03,08,15,34,,,,,,,,1.45,0.67,1.29,3*05
$GNGSA,A,3,08,09,06,13,20,16,29,27,32,38,39,,1.45,0.67,1.29,4*01
$GNGSA,A,3,04,,,,,,,,,,,,1.45,0.67,1.29,5*0A
$GPGSV,4,1,13,02,22,321,39,08,23,283,42,10,48,025,46,18,21,138,36,1*60
$GPGSV,4,2,13,23,24,073,41,24,04,039,29,27,33,241,38,28,40,164,44,1*61
$GPGSV,4,3,13,31,19,185,40,32,71,340,50,36,34,246,37,40,59,208,47,1*61
$GPGSV,4,4,13,41,56,146,46,1*51
$GPGSV,3,1,09,08,23,283,32,10,48,025,37,18,21,138,35,23,24,073,35,6*64
$GPGSV,3,2,09,24,04,039,27,27,33,241,32,28,40,164,39,31,19,185,33,6*64
$GPGSV,3,3,09,32,71,340,39,6*50
$GPGSV,1,1,01,49,17,257,,0*5F
$GLGSV,3,1,09,65,45,302,46,66,15,255,41,72,33,018,45,74,11,079,37,1*75
$GLGSV,3,2,09,75,08,128,43,86,23,160,46,87,68,182,49,88,42,324,49,1*75
$GLGSV,3,3,09,,,,47,1*72
$GLGSV,2,1,07,65,45,302,09,66,15,255,36,72,33,018,40,75,08,128,30,3*7D
$GLGSV,2,2,07,86,23,160,39,88,42,324,43,,,,42,3*7D
$GLGSV,1,1,01,73,00,039,,0*46
$GAGSV,2,1,06,03,70,010,42,05,20,040,37,08,49,240,41,13,15,322,38,2*7F
$GAGSV,2,2,06,15,66,341,43,34,54,125,41,2*70
$GAGSV,2,1,06,03,70,010,47,05,20,040,39,08,49,240,42,13,15,322,36,7*7C
$GAGSV,2,2,06,15,66,341,46,34,54,125,46,7*77
$GAGSV,1,1,02,07,00,228,,36,05,136,,0*7D
$GBGSV,2,1,08,08,31,067,39,13,44,052,43,20,48,304,46,27,20,163,42,1*70
$GBGSV,2,2,08,29,39,301,43,32,41,029,46,38,26,078,40,39,49,077,45,1*75
$GBGSV,2,1,05,06,53,103,39,08,31,067,39,09,51,127,40,13,44,052,38,B*09
$GBGSV,2,2,05,16,51,090,39,B*30
$GBGSV,3,1,12,01,03,095,,02,58,140,,03,35,112,,05,62,201,,0*77
$GBGSV,3,2,12,07,01,156,,10,07,165,,19,13,265,,23,16,081,,0*71
$GBGSV,3,3,12,30,58,213,,59,08,095,,60,60,149,,61,35,113,,0*7C
$GQGSV,1,1,02,04,20,068,35,07,19,104,34,1*64
$GQGSV,1,1,03,03,05,128,25,04,20,068,33,07,19,104,34,6*5E
$GNGLL,2454.22834,N,06708.27293,E,141722.00,A,D*7D
$GNRMC,141723.00,A,2454.22834,N,06708.27293,E,0.005,,050525,,,R,V*0B
$GNVTG,,T,,M,0.005,N,0.009,K,D*34
$GNGGA,141723.00,2454.22834,N,06708.27293,E,4,12,0.67,21.9,M,-44.2,M,1.0,0290*7A
$GNGSA,A,3,08,10,18,23,27,28,32,31,02,,,,1.45,0.67,1.29,1*05
$GNGSA,A,3,87,66,86,72,65,88,,,,,,,1.45,0.67,1.29,2*0E
$GNGSA,A,3,05,03,08,15,34,,,,,,,,1.45,0.67,1.29,3*05
$GNGSA,A,3,08,09,06,13,20,16,29,27,32,38,39,,1.45,0.67,1.29,4*01
$GNGSA,A,3,04,,,,,,,,,,,,1.45,0.67,1.29,5*0A
$GPGSV,4,1,13,02,22,321,39,08,23,283,42,10,48,025,46,18,21,138,36,1*60
$GPGSV,4,2,13,23,24,073,41,24,04,039,30,27,33,241,38,28,40,164,44,1*69
$GPGSV,4,3,13,31,19,185,40,32,71,340,50,36,34,246,37,40,59,208,47,1*61
$GPGSV,4,4,13,41,56,146,46,1*51
$GPGSV,3,1,09,08,23,283,32,10,48,025,37,18,21,138,34,23,24,073,35,6*65
$GPGSV,3,2,09,24,04,039,27,27,33,241,32,28,40,164,39,31,19,185,33,6*64
$GPGSV,3,3,09,32,71,340,39,6*50
$GPGSV,1,1,01,49,17,257,,0*5F
$GLGSV,3,1,09,65,45,302,46,66,15,255,41,72,33,018,45,74,11,079,37,1*75
$GLGSV,3,2,09,75,08,128,43,86,23,160,46,87,68,182,49,88,42,324,49,1*75
$GLGSV,3,3,09,,,,47,1*72
$GLGSV,2,1,07,65,45,302,09,66,15,255,36,72,33,018,41,75,08,128,30,3*7C
$GLGSV,2,2,07,86,23,160,39,88,42,324,43,,,,42,3*7D
$GLGSV,1,1,01,73,00,039,,0*46
$GAGSV,2,1,06,03,70,010,42,05,20,040,37,08,49,240,41,13,15,322,38,2*7F
$GAGSV,2,2,06,15,66,341,43,34,54,125,41,2*70
$GAGSV,2,1,06,03,70,010,47,05,20,040,39,08,49,240,42,13,15,322,36,7*7C
$GAGSV,2,2,06,15,66,341,46,34,54,125,45,7*74
$GAGSV,1,1,02,07,00,228,,36,05,136,,0*7D
$GBGSV,2,1,08,08,31,067,38,13,44,052,43,20,48,304,46,27,20,163,42,1*71
$GBGSV,2,2,08,29,39,301,43,32,41,029,46,38,26,078,40,39,49,077,45,1*75
$GBGSV,2,1,05,06,53,103,39,08,31,067,39,09,51,127,40,13,44,052,38,B*09
$GBGSV,2,2,05,16,51,090,39,B*30
$GBGSV,3,1,12,01,03,095,,02,58,140,,03,35,112,,05,62,201,,0*77
$GBGSV,3,2,12,07,01,156,,10,07,165,,19,13,265,,23,16,081,,0*71
$GBGSV,3,3,12,30,58,213,,59,08,095,,60,60,149,,61,35,113,,0*7C
$GQGSV,1,1,02,04,20,068,35,07,19,104,34,1*64
$GQGSV,1,1,03,03,05,128,24,04,20,068,33,07,19,104,34,6*5F
$GNGLL,2454.22834,N,06708.27293,E,141723.00,A,D*7C
$GNRMC,141724.00,A,2454.22833,N,06708.27293,E,0.009,,050525,,,R,V*07
$GNVTG,,T,,M,0.009,N,0.016,K,D*36
$GNGGA,141724.00,2454.22833,N,06708.27293,E,4,12,0.67,21.9,M,-44.2,M,1.0,0290*7A
$GNGSA,A,3,08,10,18,23,27,28,32,31,02,,,,1.45,0.67,1.29,1*05
$GNGSA,A,3,87,66,86,72,65,88,,,,,,,1.45,0.67,1.29,2*0E
$GNGSA,A,3,05,03,08,15,34,,,,,,,,1.45,0.67,1.29,3*05
$GNGSA,A,3,08,09,06,13,20,16,29,27,32,38,39,,1.45,0.67,1.29,4*01
$GNGSA,A,3,04,,,,,,,,,,,,1.45,0.67,1.29,5*0A
$GPGSV,4,1,13,02,22,321,39,08,23,283,42,10,48,025,46,18,21,138,36,1*60
$GPGSV,4,2,13,23,24,073,41,24,04,039,30,27,33,241,38,28,40,164,44,1*69
$GPGSV,4,3,13,31,19,185,40,32,71,340,50,36,34,246,37,40,59,208,47,1*61
$GPGSV,4,4,13,41,56,146,46,1*51
$GPGSV,3,1,09,08,23,283,32,10,48,025,37,18,21,138,34,23,24,073,35,6*65
$GPGSV,3,2,09,24,04,039,27,27,33,241,32,28,40,164,39,31,19,185,33,6*64
$GPGSV,3,3,09,32,71,340,39,6*50
$GPGSV,1,1,01,49,17,257,,0*5F
$GLGSV,3,1,09,65,45,302,46,66,15,255,41,72,33,018,45,74,11,079,37,1*75
$GLGSV,3,2,09,75,08,128,43,86,23,160,46,87,68,182,49,88,42,324,49,1*75
$GLGSV,3,3,09,,,,47,1*72
$GLGSV,2,1,07,65,45,302,13,66,15,255,35,72,33,018,41,75,08,128,30,3*74
$GLGSV,2,2,07,86,23,160,39,88,42,324,43,,,,42,3*7D
$GLGSV,1,1,01,73,00,039,,0*46
$GAGSV,2,1,06,03,70,010,43,05,20,040,37,08,49,240,41,13,15,322,38,2*7E
$GAGSV,2,2,06,15,66,341,43,34,54,125,41,2*70
$GAGSV,2,1,06,03,70,010,47,05,20,040,39,08,49,240,42,13,15,322,36,7*7C
$GAGSV,2,2,06,15,66,341,46,34,54,125,45,7*74
$GAGSV,1,1,02,07,00,228,,36,05,136,,0*7D
$GBGSV,2,1,08,08,31,067,38,13,44,052,43,20,48,304,46,27,20,163,42,1*71
$GBGSV,2,2,08,29,39,301,42,32,41,029,46,38,26,078,40,39,49,077,45,1*74
$GBGSV,2,1,05,06,53,103,39,08,31,067,39,09,51,127,39,13,44,052,38,B*07
$GBGSV,2,2,05,16,51,090,39,B*30
$GBGSV,3,1,12,01,03,095,,02,58,140,,03,35,112,,05,62,201,,0*77
$GBGSV,3,2,12,07,01,156,,10,07,165,,19,13,265,,23,16,080,,0*70
$GBGSV,3,3,12,30,58,213,,59,08,095,,60,60,149,,61,35,113,,0*7C
$GQGSV,1,1,02,04,20,068,35,07,19,104,34,1*64
$GQGSV,1,1,03,03,05,128,25,04,20,068,33,07,19,104,33,6*59
$GNGLL,2454.22833,N,06708.27293,E,141724.00,A,D*7C
$GNRMC,141725.00,A,2454.22833,N,06708.27293,E,0.001,,050525,,,R,V*0E
$GNVTG,,T,,M,0.001,N,0.002,K,D*3B
$GNGGA,141725.00,2454.22833,N,06708.27293,E,4,12,0.67,21.9,M,-44.2,M,1.0,0290*7B
$GNGSA,A,3,08,10,18,23,27,28,32,31,02,,,,1.45,0.67,1.29,1*05
$GNGSA,A,3,87,66,86,72,65,88,,,,,,,1.45,0.67,1.29,2*0E
$GNGSA,A,3,05,03,08,15,34,,,,,,,,1.45,0.67,1.29,3*05
$GNGSA,A,3,08,09,06,13,20,16,29,27,32,38,39,,1.45,0.67,1.29,4*01
$GNGSA,A,3,04,,,,,,,,,,,,1.45,0.67,1.29,5*0A
$GPGSV,4,1,13,02,22,321,39,08,23,283,42,10,48,025,46,18,21,138,36,1*60
$GPGSV,4,2,13,23,24,073,41,24,04,039,30,27,33,241,38,28,40,164,44,1*69
$GPGSV,4,3,13,31,19,185,40,32,71,340,50,36,34,246,37,40,59,208,47,1*61
$GPGSV,4,4,13,41,56,146,46,1*51
$GPGSV,3,1,09,08,23,283,32,10,48,025,37,18,21,138,34,23,24,073,36,6*66
$GPGSV,3,2,09,24,04,039,26,27,33,241,32,28,40,164,39,31,19,185,33,6*65
$GPGSV,3,3,09,32,71,340,39,6*50
$GPGSV,1,1,01,49,17,257,,0*5F
$GLGSV,3,1,09,65,45,302,46,66,15,255,41,72,33,018,45,74,11,079,37,1*75
$GLGSV,3,2,09,75,08,128,43,86,23,160,46,87,68,182,49,88,42,324,49,1*75
$GLGSV,3,3,09,,,,47,1*72
$GLGSV,2,1,07,65,45,302,08,66,15,255,35,72,33,018,41,75,08,128,30,3*7E
$GLGSV,2,2,07,86,23,160,39,88,42,324,43,,,,42,3*7D
$GLGSV,1,1,01,73,00,039,,0*46
$GAGSV,2,1,06,03,70,010,42,05,20,040,37,08,49,240,41,13,15,322,38,2*7F
$GAGSV,2,2,06,15,66,341,43,34,54,125,41,2*70
$GAGSV,2,1,06,03,70,010,47,05,20,040,39,08,49,240,42,13,15,322,36,7*7C
$GAGSV,2,2,06,15,66,341,46,34,54,125,45,7*74
$GAGSV,1,1,02,07,00,228,,36,05,136,,0*7D
$GBGSV,2,1,08,08,31,067,39,13,44,052,43,20,48,304,46,27,20,163,42,1*70
$GBGSV,2,2,08,29,39,301,43,32,41,029,46,38,26,078,40,39,49,077,45,1*75
$GBGSV,2,1,05,06,53,103,39,08,31,067,39,09,51,127,40,13,44,052,38,B*09
$GBGSV,2,2,05,16,51,090,39,B*30
$GBGSV,3,1,12,01,03,095,,02,58,140,,03,35,112,,05,62,201,,0*77
$GBGSV,3,2,12,07,01,156,,10,07,165,,19,13,265,,23,16,080,,0*70
$GBGSV,3,3,12,30,58,213,,59,08,095,,60,60,149,,61,35,113,,0*7C
$GQGSV,1,1,02,04,20,068,36,07,19,104,34,1*67
$GQGSV,1,1,03,03,05,128,25,04,20,068,33,07,19,104,33,6*59
$GNGLL,2454.22833,N,06708.27293,E,141725.00,A,D*7D
$GNRMC,141726.00,A,2454.22834,N,06708.27293,E,0.009,,050525,,,R,V*02
$GNVTG,,T,,M,0.009,N,0.016,K,D*36
$GNGGA,141726.00,2454.22834,N,06708.27293,E,4,12,0.67,21.9,M,-44.2,M,1.0,0290*7F
$GNGSA,A,3,08,10,18,23,27,28,32,31,02,,,,1.45,0.67,1.29,1*05
$GNGSA,A,3,87,66,86,72,65,88,,,,,,,1.45,0.67,1.29,2*0E
$GNGSA,A,3,05,03,08,15,34,,,,,,,,1.45,0.67,1.29,3*05
$GNGSA,A,3,08,09,06,13,20,16,29,27,32,38,39,,1.45,0.67,1.29,4*01
$GNGSA,A,3,04,,,,,,,,,,,,1.45,0.67,1.29,5*0A
$GPGSV,4,1,13,02,22,321,39,08,23,283,42,10,48,025,46,18,21,138,36,1*60
$GPGSV,4,2,13,23,24,073,41,24,04,039,30,27,33,241,38,28,40,164,43,1*6E
$GPGSV,4,3,13,31,19,185,40,32,71,340,50,36,34,246,37,40,59,208,47,1*61
$GPGSV,4,4,13,41,56,146,46,1*51
$GPGSV,3,1,09,08,23,283,32,10,48,025,37,18,21,138,34,23,24,073,36,6*66
$GPGSV,3,2,09,24,04,039,27,27,33,241,32,28,40,164,39,31,19,185,33,6*64
$GPGSV,3,3,09,32,71,340,39,6*50
$GPGSV,1,1,01,49,17,257,,0*5F
$GLGSV,3,1,09,65,45,302,46,66,15,255,40,72,33,018,45,74,11,079,37,1*74
$GLGSV,3,2,09,75,08,128,43,86,23,160,46,87,68,182,49,88,42,324,49,1*75
$GLGSV,3,3,09,,,,47,1*72
$GLGSV,2,1,07,65,45,302,07,66,15,255,35,72,33,018,41,75,08,128,31,3*70
$GLGSV,2,2,07,86,23,160,39,88,42,324,43,,,,42,3*7D
$GLGSV,1,1,01,73,00,039,,0*46
$GAGSV,2,1,06,03,70,010,42,05,20,040,37,08,49,240,41,13,15,322,38,2*7F
$GAGSV,2,2,06,15,66,341,43,34,54,125,41,2*70
$GAGSV,2,1,06,03,70,010,47,05,20,040,39,08,49,240,42,13,15,322,36,7*7C
$GAGSV,2,2,06,15,66,341,46,34,54,125,45,7*74
$GAGSV,1,1,02,07,00,228,,36,05,136,,0*7D
$GBGSV,2,1,08,08,31,067,39,13,44,052,43,20,48,304,46,27,20,163,42,1*70
$GBGSV,2,2,08,29,39,301,43,32,41,029,46,38,26,078,40,39,49,077,45,1*75
$GBGSV,2,1,05,06,53,103,39,08,31,067,39,09,51,127,40,13,44,052,38,B*09
$GBGSV,2,2,05,16,51,090,39,B*30
$GBGSV,3,1,12,01,03,095,,02,58,140,,03,35,112,,05,62,201,,0*77
$GBGSV,3,2,12,07,01,156,,10,07,165,,19,13,265,,23,16,080,,0*70
$GBGSV,3,3,12,30,58,213,,59,08,095,,60,60,149,,61,35,113,,0*7C
$GQGSV,1,1,02,04,20,068,36,07,19,104,34,1*67
$GQGSV,1,1,03,03,05,128,24,04,20,068,33,07,19,104,33,6*58
$GNGLL,2454.22834,N,06708.27293,E,141726.00,A,D*79
$GNRMC,141727.00,A,2454.22833,N,06708.27293,E,0.009,,050525,,,R,V*04
$GNVTG,,T,,M,0.009,N,0.016,K,D*36
$GNGGA,141727.00,2454.22833,N,06708.27293,E,4,12,0.67,21.9,M,-44.2,M,1.0,0290*79
$GNGSA,A,3,08,10,18,23,27,28,32,31,02,,,,1.45,0.67,1.29,1*05
$GNGSA,A,3,87,66,86,72,65,88,,,,,,,1.45,0.67,1.29,2*0E
$GNGSA,A,3,05,03,08,15,34,,,,,,,,1.45,0.67,1.29,3*05
$GNGSA,A,3,08,09,06,13,20,16,29,27,32,38,39,,1.45,0.67,1.29,4*01
$GNGSA,A,3,04,,,,,,,,,,,,1.45,0.67,1.29,5*0A
$GPGSV,4,1,13,02,22,321,39,08,23,283,42,10,48,025,46,18,21,138,36,1*60
$GPGSV,4,2,13,23,24,073,41,24,04,039,30,27,33,241,38,28,40,164,43,1*6E
$GPGSV,4,3,13,31,19,185,40,32,71,340,50,36,34,246,36,40,59,208,47,1*60
$GPGSV,4,4,13,41,56,146,46,1*51
$GPGSV,3,1,09,08,23,283,32,10,48,025,37,18,21,138,34,23,24,073,36,6*66
$GPGSV,3,2,09,24,04,039,27,27,33,241,32,28,40,164,39,31,19,185,33,6*64
$GPGSV,3,3,09,32,71,340,39,6*50
$GPGSV,1,1,01,49,17,257,,0*5F
$GLGSV,3,1,09,65,45,302,46,66,15,255,40,72,33,018,45,74,11,079,37,1*74
$GLGSV,3,2,09,75,08,128,43,86,23,160,46,87,68,182,49,88,42,324,49,1*75
$GLGSV,3,3,09,,,,47,1*72
$GLGSV,2,1,07,65,45,302,11,66,15,255,35,72,33,018,41,75,08,128,31,3*77
$GLGSV,2,2,07,86,23,160,39,88,42,324,43,,,,42,3*7D
$GLGSV,1,1,01,73,00,039,,0*46
$GAGSV,2,1,06,03,70,010,42,05,20,040,37,08,49,240,41,13,15,322,38,2*7F
$GAGSV,2,2,06,15,66,341,43,34,54,125,41,2*70
$GAGSV,2,1,06,03,70,010,47,05,20,040,39,08,49,240,42,13,15,322,36,7*7C
$GAGSV,2,2,06,15,66,341,46,34,54,125,45,7*74
$GAGSV,1,1,02,07,00,228,,36,05,136,,0*7D
$GBGSV,2,1,08,08,31,067,39,13,44,052,43,20,48,304,46,27,20,163,42,1*70
$GBGSV,2,2,08,29,39,301,43,32,41,029,46,38,26,078,40,39,49,077,45,1*75
$GBGSV,2,1,05,06,53,103,39,08,31,067,39,09,51,127,40,13,44,052,38,B*09
$GBGSV,2,2,05,16,51,090,39,B*30
$GBGSV,3,1,12,01,03,095,,02,58,140,,03,35,112,,05,62,201,,0*77
$GBGSV,3,2,12,07,01,156,,10,07,165,,19,13,265,,23,16,080,,0*70
$GBGSV,3,3,12,30,58,213,,59,08,095,,60,60,149,,61,35,113,,0*7C
$GQGSV,1,1,02,04,20,068,35,07,19,104,34,1*64
$GQGSV,1,1,03,03,05,128,25,04,20,068,33,07,19,104,34,6*5E
$GNGLL,2454.22833,N,06708.27293,E,141727.00,A,D*7F
$GNRMC,141728.00,A,2454.22833,N,06708.27293,E,0.010,,050525,,,R,V*03
$GNVTG,,T,,M,0.010,N,0.018,K,D*30
$GNGGA,141728.00,2454.22833,N,06708.27293,E,4,12,0.67,21.9,M,-44.2,M,1.0,0290*76
$GNGSA,A,3,08,10,18,23,27,28,32,31,02,,,,1.45,0.67,1.29,1*05
$GNGSA,A,3,87,66,86,72,65,88,,,,,,,1.45,0.67,1.29,2*0E
$GNGSA,A,3,05,03,08,15,34,,,,,,,,1.45,0.67,1.29,3*05
$GNGSA,A,3,08,09,06,13,20,16,29,27,32,38,39,,1.45,0.67,1.29,4*01
$GNGSA,A,3,04,,,,,,,,,,,,1.45,0.67,1.29,5*0A
$GPGSV,4,1,13,02,22,321,39,08,23,283,42,10,48,025,46,18,21,138,36,1*60
$GPGSV,4,2,13,23,24,073,41,24,04,039,30,27,33,241,38,28,40,164,43,1*6E
$GPGSV,4,3,13,31,19,185,40,32,71,340,50,36,34,246,37,40,59,208,47,1*61
$GPGSV,4,4,13,41,56,146,46,1*51
$GPGSV,3,1,09,08,23,283,32,10,48,025,37,18,21,138,34,23,24,073,36,6*66
$GPGSV,3,2,09,24,04,039,27,27,33,241,32,28,40,164,39,31,19,185,33,6*64
$GPGSV,3,3,09,32,71,340,39,6*50
$GPGSV,1,1,01,49,17,257,,0*5F
$GLGSV,3,1,09,65,45,302,46,66,15,255,40,72,33,018,45,74,11,079,37,1*74
$GLGSV,3,2,09,75,08,128,43,86,23,160,46,87,68,182,49,88,42,324,49,1*75
$GLGSV,3,3,09,,,,47,1*72
$GLGSV,2,1,07,65,45,302,11,66,15,255,35,72,33,018,41,75,08,128,31,3*77
$GLGSV,2,2,07,86,23,160,39,88,42,324,43,,,,42,3*7D
$GLGSV,1,1,01,73,00,039,,0*46
$GAGSV,2,1,06,03,70,010,43,05,20,040,37,08,49,240,41,13,15,322,38,2*7E
$GAGSV,2,2,06,15,66,341,43,34,54,125,41,2*70
$GAGSV,2,1,06,03,70,010,47,05,20,040,39,08,49,240,42,13,15,322,36,7*7C
$GAGSV,2,2,06,15,66,341,46,34,54,125,45,7*74
$GAGSV,1,1,02,07,00,228,,36,05,136,,0*7D
$GBGSV,2,1,08,08,31,067,38,13,44,052,43,20,48,304,46,27,19,163,42,1*7B
$GBGSV,2,2,08,29,39,301,43,32,41,029,46,38,26,078,40,39,49,077,45,1*75
$GBGSV,2,1,05,06,53,103,39,08,31,067,39,09,51,127,40,13,44,052,38,B*09
$GBGSV,2,2,05,16,51,090,39,B*30
$GBGSV,3,1,12,01,03,095,,02,58,140,,03,35,112,,05,62,201,,0*77
$GBGSV,3,2,12,07,01,156,,10,07,165,,19,13,265,,23,16,080,,0*70
$GBGSV,3,3,12,30,58,213,,59,08,095,,60,60,149,,61,35,113,,0*7C
$GQGSV,1,1,02,04,20,068,35,07,19,104,34,1*64
$GQGSV,1,1,03,03,05,128,25,04,20,068,33,07,19,104,33,6*59
$GNGLL,2454.22833,N,06708.27293,E,141728.00,A,D*70
$GNRMC,141729.00,A,2454.22834,N,06708.27293,E,0.004,,050525,,,R,V*00
$GNVTG,,T,,M,0.004,N,0.008,K,D*34
$GNGGA,141729.00,2454.22834,N,06708.27293,E,4,12,0.67,21.9,M,-44.2,M,1.0,0290*70
$GNGSA,A,3,08,10,18,23,27,28,32,31,02,,,,1.45,0.67,1.29,1*05
$GNGSA,A,3,87,66,86,72,65,88,,,,,,,1.45,0.67,1.29,2*0E
$GNGSA,A,3,05,03,08,15,34,,,,,,,,1.45,0.67,1.29,3*05
$GNGSA,A,3,08,09,06,13,20,16,29,27,32,38,39,,1.45,0.67,1.29,4*01
$GNGSA,A,3,04,,,,,,,,,,,,1.45,0.67,1.29,5*0A
$GPGSV,4,1,13,02,22,321,39,08,23,283,42,10,48,025,46,18,21,138,36,1*60
$GPGSV,4,2,13,23,24,073,41,24,04,039,30,27,33,241,38,28,40,164,43,1*6E
$GPGSV,4,3,13,31,19,185,40,32,71,340,50,36,34,246,37,40,59,208,47,1*61
$GPGSV,4,4,13,41,56,146,46,1*51
$GPGSV,3,1,09,08,23,283,32,10,48,025,37,18,21,138,34,23,24,073,36,6*66
$GPGSV,3,2,09,24,04,039,27,27,33,241,32,28,40,164,39,31,19,185,33,6*64
$GPGSV,3,3,09,32,71,340,39,6*50
$GPGSV,1,1,01,49,17,257,,0*5F
$GLGSV,3,1,09,65,45,302,46,66,15,255,40,72,33,018,45,74,11,079,37,1*74
$GLGSV,3,2,09,75,08,128,43,86,23,160,46,87,68,182,49,88,42,324,49,1*75
$GLGSV,3,3,09,,,,47,1*72
$GLGSV,2,1,07,65,45,302,10,66,15,255,35,72,33,018,41,75,08,128,31,3*76
$GLGSV,2,2,07,86,23,160,39,88,42,324,43,,,,42,3*7D
$GLGSV,1,1,01,73,00,039,,0*46
$GAGSV,2,1,06,03,70,010,42,05,20,040,37,08,49,240,41,13,15,322,38,2*7F
$GAGSV,2,2,06,15,66,341,43,34,54,125,41,2*70
$GAGSV,2,1,06,03,70,010,47,05,20,040,39,08,49,240,42,13,15,322,36,7*7C
$GAGSV,2,2,06,15,66,341,46,34,54,125,45,7*74
$GAGSV,1,1,02,07,00,228,,36,05,136,,0*7D
$GBGSV,2,1,08,08,31,067,39,13,44,052,43,20,48,304,46,27,19,163,43,1*7B
$GBGSV,2,2,08,29,39,301,43,32,41,029,46,38,26,078,40,39,49,077,45,1*75
$GBGSV,2,1,05,06,53,103,39,08,31,067,39,09,51,127,40,13,44,052,38,B*09
$GBGSV,2,2,05,16,51,090,39,B*30
$GBGSV,3,1,12,01,03,095,,02,58,140,,03,35,112,,05,62,201,,0*77
$GBGSV,3,2,12,07,01,156,,10,07,165,,19,13,265,,23,16,080,,0*70
$GBGSV,3,3,12,30,58,213,,59,08,095,,60,60,149,,61,35,113,,0*7C
$GQGSV,1,1,02,04,20,068,35,07,19,104,34,1*64
$GQGSV,1,1,03,03,05,128,25,04,20,068,33,07,19,104,34,6*5E
$GNGLL,2454.22834,N,06708.27293,E,141729.00,A,D*76
$GNRMC,141730.00,A,2454.22834,N,06708.27293,E,0.011,,050525,,,R,V*0C
$GNVTG,,T,,M,0.011,N,0.020,K,D*3A
$GNGGA,141730.00,2454.22834,N,06708.27293,E,4,12,0.67,21.9,M,-44.2,M,1.0,0290*78
$GNGSA,A,3,08,10,18,23,27,28,32,31,02,,,,1.45,0.67,1.29,1*05
$GNGSA,A,3,87,66,86,72,65,88,,,,,,,1.45,0.67,1.29,2*0E
$GNGSA,A,3,05,03,08,15,34,,,,,,,,1.45,0.67,1.29,3*05
$GNGSA,A,3,08,09,06,13,20,16,29,27,32,38,39,,1.45,0.67,1.29,4*01
$GNGSA,A,3,04,,,,,,,,,,,,1.45,0.67,1.29,5*0A
$GPGSV,4,1,13,02,22,321,39,08,23,283,42,10,48,025,46,18,21,138,36,1*60
$GPGSV,4,2,13,23,24,073,41,24,04,039,30,27,33,241,38,28,40,164,43,1*6E
$GPGSV,4,3,13,31,19,185,40,32,71,340,50,36,34,246,37,40,59,208,47,1*61
$GPGSV,4,4,13,41,56,146,46,1*51
$GPGSV,3,1,09,08,23,283,32,10,48,025,37,18,21,138,34,23,24,073,36,6*66
$GPGSV,3,2,09,24,04,039,27,27,33,241,32,28,40,164,39,31,19,185,33,6*64
$GPGSV,3,3,09,32,71,340,39,6*50
$GPGSV,1,1,01,49,17,257,,0*5F
$GLGSV,3,1,09,65,45,302,46,66,15,255,40,72,33,018,45,74,11,079,37,1*74
$GLGSV,3,2,09,75,08,128,43,86,23,160,46,87,68,182,49,88,42,324,49,1*75
$GLGSV,3,3,09,,,,47,1*72
$GLGSV,2,1,07,65,45,302,10,66,15,255,35,72,33,018,41,75,08,128,31,3*76
$GLGSV,2,2,07,86,23,160,39,88,42,324,43,,,,42,3*7D
$GLGSV,1,1,01,73,00,039,,0*46
$GAGSV,2,1,06,03,70,010,42,05,20,040,37,08,49,240,41,13,15,322,38,2*7F
$GAGSV,2,2,06,15,66,341,43,34,54,125,41,2*70
$GAGSV,2,1,06,03,70,010,47,05,20,040,39,08,49,240,42,13,15,322,36,7*7C
$GAGSV,2,2,06,15,66,341,46,34,54,125,45,7*74
$GAGSV,1,1,02,07,00,228,,36,05,136,,0*7D
$GBGSV,2,1,08,08,31,067,39,13,44,052,43,20,48,304,46,27,19,163,43,1*7B
$GBGSV,2,2,08,29,40,300,43,32,41,029,46,38,26,078,40,39,49,077,45,1*7A
$GBGSV,2,1,05,06,53,103,39,08,31,067,39,09,51,127,40,13,44,052,38,B*09
$GBGSV,2,2,05,16,51,090,39,B*30
$GBGSV,3,1,12,01,03,095,,02,58,140,,03,35,112,,05,62,201,,0*77
$GBGSV,3,2,12,07,01,156,,10,07,165,,19,13,265,,23,16,080,,0*70
$GBGSV,3,3,12,30,58,213,,59,08,095,,60,60,149,,61,35,113,,0*7C
$GQGSV,1,1,02,04,20,068,35,07,19,104,34,1*64
$GQGSV,1,1,03,03,05,128,24,04,20,068,33,07,19,104,34,6*5F
$GNGLL,2454.22834,N,06708.27293,E,141730.00,A,D*7E
$GNRMC,141731.00,A,2454.22834,N,06708.27293,E,0.009,,050525,,,R,V*04
$GNVTG,,T,,M,0.009,N,0.016,K,D*36
$GNGGA,141731.00,2454.22834,N,06708.27293,E,4,12,0.67,21.9,M,-44.2,M,1.0,0290*79
$GNGSA,A,3,08,10,18,23,27,28,32,31,02,,,,1.45,0.67,1.29,1*05
$GNGSA,A,3,87,66,86,72,65,88,,,,,,,1.45,0.67,1.29,2*0E
$GNGSA,A,3,05,03,08,15,34,,,,,,,,1.45,0.67,1.29,3*05
$GNGSA,A,3,08,09,06,13,20,16,29,27,32,38,39,,1.45,0.67,1.29,4*01
$GNGSA,A,3,04,,,,,,,,,,,,1.45,0.67,1.29,5*0A
$GPGSV,4,1,13,02,22,321,39,08,23,283,42,10,48,025,46,18,21,138,36,1*60
$GPGSV,4,2,13,23,24,073,41,24,04,039,31,27,33,241,38,28,40,164,43,1*6F
$GPGSV,4,3,13,31,19,185,40,32,71,340,50,36,34,246,37,40,59,208,47,1*61
$GPGSV,4,4,13,41,56,146,46,1*51
$GPGSV,3,1,09,08,23,283,32,10,48,025,37,18,21,138,34,23,24,073,36,6*66
$GPGSV,3,2,09,24,04,039,27,27,33,241,32,28,40,164,39,31,19,185,33,6*64
$GPGSV,3,3,09,32,71,340,39,6*50
$GPGSV,1,1,01,49,17,257,,0*5F
$GLGSV,3,1,09,65,45,302,46,66,15,255,40,72,33,018,45,74,11,079,37,1*74
$GLGSV,3,2,09,75,08,128,43,86,23,160,46,87,68,182,49,88,42,324,49,1*75
$GLGSV,3,3,09,,,,47,1*72
$GLGSV,2,1,07,65,45,302,10,66,15,255,36,72,33,018,41,75,08,128,31,3*75
$GLGSV,2,2,07,86,23,160,39,88,42,324,43,,,,42,3*7D
$GLGSV,1,1,01,73,00,039,,0*46
$GAGSV,2,1,06,03,70,010,42,05,20,040,37,08,49,240,41,13,15,322,38,2*7F
$GAGSV,2,2,06,15,66,341,43,34,54,125,41,2*70
$GAGSV,2,1,06,03,70,010,47,05,20,040,39,08,49,240,42,13,15,322,36,7*7C
$GAGSV,2,2,06,15,66,341,46,34,54,125,45,7*74
$GAGSV,1,1,02,07,00,228,,36,05,136,,0*7D
$GBGSV,2,1,08,08,31,067,39,13,44,052,43,20,48,304,46,27,19,163,42,1*7A
$GBGSV,2,2,08,29,40,300,43,32,41,029,46,38,26,078,40,39,49,077,45,1*7A
$GBGSV,2,1,05,06,53,103,39,08,31,067,39,09,51,127,40,13,44,052,38,B*09
$GBGSV,2,2,05,16,51,090,39,B*30
$GBGSV,3,1,12,01,03,095,,02,58,140,,03,35,112,,05,62,201,,0*77
$GBGSV,3,2,12,07,01,156,,10,07,165,,19,13,265,,23,16,080,,0*70
$GBGSV,3,3,12,30,58,212,,59,08,095,,60,60,149,,61,35,113,,0*7D
$GQGSV,1,1,02,04,20,068,35,07,19,104,34,1*64
$GQGSV,1,1,03,03,05,128,25,04,20,068,33,07,19,104,34,6*5E
$GNGLL,2454.22834,N,06708.27293,E,141731.00,A,D*7F
$GNRMC,141732.00,A,2454.22834,N,06708.27293,E,0.007,,050525,,,R,V*09
$GNVTG,,T,,M,0.007,N,0.013,K,D*3D
$GNGGA,141732.00,2454.22834,N,06708.27293,E,4,12,0.67,21.9,M,-44.2,M,1.0,0290*7A
$GNGSA,A,3,08,10,18,23,27,28,32,31,02,,,,1.45,0.67,1.29,1*05
$GNGSA,A,3,87,66,86,72,65,88,,,,,,,1.45,0.67,1.29,2*0E
$GNGSA,A,3,05,03,08,15,34,,,,,,,,1.45,0.67,1.29,3*05
$GNGSA,A,3,08,09,06,13,20,16,29,27,32,38,39,,1.45,0.67,1.29,4*01
$GNGSA,A,3,04,,,,,,,,,,,,1.45,0.67,1.29,5*0A
$GPGSV,4,1,13,02,22,321,39,08,23,283,42,10,48,025,46,18,21,138,36,1*60
$GPGSV,4,2,13,23,24,073,41,24,04,039,31,27,33,241,38,28,40,164,43,1*6F
$GPGSV,4,3,13,31,19,185,40,32,71,340,50,36,34,246,37,40,59,208,47,1*61
$GPGSV,4,4,13,41,56,146,46,1*51
$GPGSV,3,1,09,08,23,283,33,10,48,025,37,18,21,138,34,23,24,073,36,6*67
$GPGSV,3,2,09,24,04,039,27,27,33,241,32,28,40,164,39,31,19,185,33,6*64
$GPGSV,3,3,09,32,71,340,39,6*50
$GPGSV,1,1,01,49,17,257,,0*5F
$GLGSV,3,1,09,65,45,302,46,66,15,255,40,72,33,018,45,74,11,079,37,1*74
$GLGSV,3,2,09,75,08,128,43,86,23,160,46,87,68,182,49,88,42,324,49,1*75
$GLGSV,3,3,09,,,,47,1*72
$GLGSV,2,1,07,65,45,302,10,66,15,255,36,72,33,018,41,75,08,128,31,3*75
$GLGSV,2,2,07,86,23,160,39,88,42,324,43,,,,42,3*7D
$GLGSV,1,1,01,73,00,039,,0*46
$GAGSV,2,1,06,03,70,010,43,05,20,040,37,08,49,240,41,13,15,322,38,2*7E
$GAGSV,2,2,06,15,66,341,43,34,54,125,41,2*70
$GAGSV,2,1,06,03,70,010,47,05,20,040,39,08,49,240,42,13,15,322,36,7*7C
$GAGSV,2,2,06,15,66,341,46,34,54,125,45,7*74
$GAGSV,1,1,02,07,00,228,,36,05,136,,0*7D
$GBGSV,2,1,08,08,31,067,39,13,44,052,43,20,48,304,46,27,19,163,42,1*7A
$GBGSV,2,2,08,29,40,300,43,32,41,030,46,38,26,078,40,39,49,077,45,1*72
$GBGSV,2,1,05,06,53,103,39,08,31,067,39,09,51,127,40,13,44,052,38,B*09
$GBGSV,2,2,05,16,51,090,39,B*30
$GBGSV,3,1,12,01,03,095,,02,58,140,,03,35,112,,05,62,201,,0*77
$GBGSV,3,2,12,07,01,156,,10,07,165,,19,13,265,,23,16,080,,0*70
$GBGSV,3,3,12,30,58,212,,59,08,095,,60,60,149,,61,35,113,,0*7D
$GQGSV,1,1,02,04,20,068,35,07,19,104,34,1*64
$GQGSV,1,1,03,03,05,128,24,04,20,068,33,07,19,104,34,6*5F
$GNGLL,2454.22834,N,06708.27293,E,141732.00,A,D*7C
$GNRMC,141733.00,A,2454.22834,N,06708.27293,E,0.013,,050525,,,R,V*0D
$GNVTG,,T,,M,0.013,N,0.025,K,D*3D
$GNGGA,141733.00,2454.22834,N,06708.27293,E,4,12,0.67,21.9,M,-44.2,M,1.0,0290*7B
$GNGSA,A,3,08,10,18,23,27,28,32,31,02,,,,1.45,0.67,1.29,1*05
$GNGSA,A,3,87,66,86,72,65,88,,,,,,,1.45,0.67,1.29,2*0E
$GNGSA,A,3,05,03,08,15,34,,,,,,,,1.45,0.67,1.29,3*05
$GNGSA,A,3,08,09,06,13,20,16,29,27,32,38,39,,1.45,0.67,1.29,4*01
$GNGSA,A,3,04,,,,,,,,,,,,1.45,0.67,1.29,5*0A
$GPGSV,4,1,13,02,22,321,40,08,23,283,42,10,48,025,46,18,21,138,36,1*6E
$GPGSV,4,2,13,23,24,073,41,24,04,039,31,27,33,241,38,28,40,164,43,1*6F
$GPGSV,4,3,13,31,19,185,40,32,71,340,50,36,34,246,37,40,59,208,47,1*61
$GPGSV,4,4,13,41,56,146,46,1*51
$GPGSV,3,1,09,08,23,283,33,10,48,025,37,18,21,138,34,23,24,073,36,6*67
$GPGSV,3,2,09,24,04,039,27,27,33,241,32,28,40,164,39,31,19,185,33,6*64
$GPGSV,3,3,09,32,71,340,39,6*50
$GPGSV,1,1,01,49,17,257,,0*5F
$GLGSV,3,1,09,65,45,302,46,66,15,255,40,72,33,018,44,74,11,079,37,1*75
$GLGSV,3,2,09,75,08,128,43,86,23,160,46,87,68,182,49,88,42,324,49,1*75
$GLGSV,3,3,09,,,,47,1*72
$GLGSV,2,1,07,65,45,302,10,66,15,255,36,72,33,018,41,75,08,128,31,3*75
$GLGSV,2,2,07,86,23,160,39,88,42,324,43,,,,42,3*7D
$GLGSV,1,1,01,73,00,039,,0*46
$GAGSV,2,1,06,03,70,010,43,05,20,040,37,08,49,240,41,13,15,322,38,2*7E
$GAGSV,2,2,06,15,66,341,43,34,54,125,41,2*70
$GAGSV,2,1,06,03,70,010,47,05,20,040,39,08,49,240,42,13,15,322,36,7*7C
$GAGSV,2,2,06,15,66,341,46,34,54,125,45,7*74
$GAGSV,1,1,02,07,00,228,,36,05,136,,0*7D
$GBGSV,2,1,08,08,31,067,39,13,44,052,43,20,48,304,46,27,19,163,43,1*7B
$GBGSV,2,2,08,29,40,300,43,32,41,030,46,38,26,079,40,39,49,077,45,1*73
$GBGSV,2,1,05,06,53,103,39,08,31,067,39,09,51,127,40,13,44,052,38,B*09
$GBGSV,2,2,05,16,51,090,39,B*30
$GBGSV,3,1,12,01,03,095,,02,58,140,,03,35,112,,05,62,201,,0*77
$GBGSV,3,2,12,07,01,156,,10,07,165,,19,13,265,,23,16,080,,0*70
$GBGSV,3,3,12,30,58,212,,59,08,095,,60,60,149,,61,35,113,,0*7D
$GQGSV,1,1,02,04,20,068,35,07,19,104,34,1*64
$GQGSV,1,1,03,03,05,128,24,04,20,068,33,07,19,104,34,6*5F
$GNGLL,2454.22834,N,06708.27293,E,141733.00,A,D*7D
$GNRMC,141734.00,A,2454.22833,N,06708.27293,E,0.006,,050525,,,R,V*09
$GNVTG,,T,,M,0.006,N,0.012,K,D*3D
$GNGGA,141734.00,2454.22833,N,06708.27293,E,4,12,0.67,21.9,M,-44.2,M,1.0,0290*7B
$GNGSA,A,3,08,10,18,23,27,28,32,31,02,,,,1.45,0.67,1.29,1*05
$GNGSA,A,3,87,66,86,72,65,88,,,,,,,1.45,0.67,1.29,2*0E
$GNGSA,A,3,05,03,08,15,34,,,,,,,,1.45,0.67,1.29,3*05
$GNGSA,A,3,08,09,06,13,20,16,29,27,32,38,39,,1.45,0.67,1.29,4*01
$GNGSA,A,3,04,,,,,,,,,,,,1.45,0.67,1.29,5*0A
$GPGSV,4,1,13,02,22,321,39,08,23,283,42,10,48,025,46,18,21,138,37,1*61
$GPGSV,4,2,13,23,24,073,41,24,04,039,31,27,33,241,38,28,40,164,43,1*6F
$GPGSV,4,3,13,31,19,185,40,32,71,340,50,36,34,246,37,40,59,208,47,1*61
$GPGSV,4,4,13,41,56,146,46,1*51
$GPGSV,3,1,09,08,23,283,33,10,48,025,37,18,21,138,34,23,24,073,36,6*67
$GPGSV,3,2,09,24,04,039,27,27,33,241,32,28,40,164,39,31,19,185,33,6*64
$GPGSV,3,3,09,32,71,340,39,6*50
$GPGSV,1,1,01,49,17,257,,0*5F
$GLGSV,3,1,09,65,45,302,46,66,15,255,40,72,33,018,44,74,11,079,37,1*75
$GLGSV,3,2,09,75,08,128,43,86,23,160,46,87,68,182,49,88,42,324,49,1*75
$GLGSV,3,3,09,,,,47,1*72
$GLGSV,2,1,07,65,45,302,10,66,15,255,36,72,33,018,41,75,08,128,31,3*75
$GLGSV,2,2,07,86,23,160,39,88,42,324,43,,,,42,3*7D
$GLGSV,1,1,01,73,00,039,,0*46
$GAGSV,2,1,06,03,70,010,43,05,20,040,37,08,49,240,41,13,15,322,38,2*7E
$GAGSV,2,2,06,15,66,341,43,34,54,125,41,2*70
$GAGSV,2,1,06,03,70,010,47,05,20,040,39,08,49,240,42,13,15,322,36,7*7C
$GAGSV,2,2,06,15,66,341,46,34,54,125,45,7*74
$GAGSV,1,1,02,07,00,228,,36,05,136,,0*7D
$GBGSV,2,1,08,08,31,067,39,13,44,052,43,20,48,304,46,27,19,163,42,1*7A
$GBGSV,2,2,08,29,40,300,43,32,41,030,46,38,26,079,40,39,50,076,45,1*7A
$GBGSV,2,1,05,06,53,103,39,08,31,067,39,09,51,127,40,13,44,052,38,B*09
$GBGSV,2,2,05,16,51,090,39,B*30
$GBGSV,3,1,12,01,03,095,,02,58,140,,03,35,112,,05,62,201,,0*77
$GBGSV,3,2,12,07,01,156,,10,07,165,,19,13,265,,23,16,080,,0*70
$GBGSV,3,3,12,30,58,212,,59,08,095,,60,60,149,,61,35,113,,0*7D
$GQGSV,1,1,02,04,20,068,35,07,19,104,34,1*64
$GQGSV,1,1,03,03,05,128,24,04,20,068,33,07,19,104,33,6*58
$GNGLL,2454.22833,N,06708.27293,E,141734.00,A,D*7D
$GNRMC,141735.00,A,2454.22834,N,06708.27293,E,0.007,,050525,,,R,V*0E
$GNVTG,,T,,M,0.007,N,0.013,K,D*3D
$GNGGA,141735.00,2454.22834,N,06708.27293,E,4,12,0.67,21.9,M,-44.2,M,1.0,0290*7D
$GNGSA,A,3,08,10,18,23,27,28,32,31,02,,,,1.45,0.67,1.29,1*05
$GNGSA,A,3,87,66,86,72,65,88,,,,,,,1.45,0.67,1.29,2*0E
$GNGSA,A,3,05,03,08,15,34,,,,,,,,1.45,0.67,1.29,3*05
$GNGSA,A,3,08,09,06,13,20,16,29,27,32,38,39,,1.45,0.67,1.29,4*01
$GNGSA,A,3,04,,,,,,,,,,,,1.45,0.67,1.29,5*0A
$GPGSV,4,1,13,02,22,321,39,08,23,283,42,10,48,025,46,18,21,138,36,1*60
$GPGSV,4,2,13,23,24,073,41,24,04,039,31,27,33,241,38,28,40,164,43,1*6F
$GPGSV,4,3,13,31,19,185,40,32,71,340,50,36,34,246,36,40,59,208,47,1*60
$GPGSV,4,4,13,41,56,146,46,1*51
$GPGSV,3,1,09,08,23,283,33,10,48,025,37,18,21,138,34,23,24,073,36,6*67
$GPGSV,3,2,09,24,04,039,27,27,33,241,32,28,40,164,39,31,19,185,33,6*64
$GPGSV,3,3,09,32,71,340,39,6*50
$GPGSV,1,1,01,49,17,257,,0*5F
$GLGSV,3,1,09,65,45,302,46,66,15,255,40,72,33,018,44,74,11,079,37,1*75
$GLGSV,3,2,09,75,08,128,43,86,23,160,46,87,68,182,49,88,42,324,49,1*75
$GLGSV,3,3,09,,,,47,1*72
$GLGSV,2,1,07,65,45,302,10,66,15,255,36,72,33,018,41,75,08,128,31,3*75
$GLGSV,2,2,07,86,23,160,39,88,42,324,43,,,,42,3*7D
$GLGSV,1,1,01,73,00,039,,0*46
$GAGSV,2,1,06,03,70,010,42,05,20,040,37,08,49,240,41,13,15,322,38,2*7F
$GAGSV,2,2,06,15,66,341,43,34,54,125,41,2*70
$GAGSV,2,1,06,03,70,010,47,05,20,040,39,08,49,240,42,13,15,322,36,7*7C
$GAGSV,2,2,06,15,66,341,46,34,54,125,45,7*74
$GAGSV,1,1,02,07,00,228,,36,05,136,,0*7D
$GBGSV,2,1,08,08,31,067,39,13,44,052,43,20,48,304,46,27,19,163,43,1*7B
$GBGSV,2,2,08,29,40,300,43,32,41,030,46,38,26,079,40,39,50,076,45,1*7A
$GBGSV,2,1,05,06,53,103,39,08,31,067,39,09,51,127,40,13,44,052,38,B*09
$GBGSV,2,2,05,16,51,090,39,B*30
$GBGSV,3,1,12,01,03,095,,02,58,140,,03,35,112,,05,62,201,,0*77
$GBGSV,3,2,12,07,01,156,,10,07,165,,19,13,265,,23,16,080,,0*70
$GBGSV,3,3,12,30,58,212,,59,08,095,,60,60,149,,61,35,113,,0*7D
$GQGSV,1,1,02,04,20,068,35,07,19,104,34,1*64
$GQGSV,1,1,03,03,05,128,24,04,20,068,33,07,19,104,34,6*5F
$GNGLL,2454.22834,N,06708.27293,E,141735.00,A,D*7B
$GNRMC,141736.00,A,2454.22834,N,06708.27293,E,0.007,,050525,,,R,V*0D
$GNVTG,,T,,M,0.007,N,0.013,K,D*3D
$GNGGA,141736.00,2454.22834,N,06708.27293,E,4,12,0.67,21.9,M,-44.2,M,1.0,0290*7E
$GNGSA,A,3,08,10,18,23,27,28,32,31,02,,,,1.45,0.67,1.29,1*05
$GNGSA,A,3,87,66,86,72,65,88,,,,,,,1.45,0.67,1.29,2*0E
$GNGSA,A,3,05,03,08,15,34,,,,,,,,1.45,0.67,1.29,3*05
$GNGSA,A,3,08,09,06,13,20,16,29,27,32,38,39,,1.45,0.67,1.29,4*01
$GNGSA,A,3,04,,,,,,,,,,,,1.45,0.67,1.29,5*0A
$GPGSV,4,1,13,02,22,321,39,08,23,283,42,10,48,025,46,18,21,138,36,1*60
$GPGSV,4,2,13,23,24,073,41,24,04,039,31,27,33,241,38,28,40,164,43,1*6F
$GPGSV,4,3,13,31,19,185,40,32,71,340,50,36,34,246,37,40,59,208,47,1*61
$GPGSV,4,4,13,41,56,146,46,1*51
$GPGSV,3,1,09,08,23,283,33,10,48,025,37,18,21,138,34,23,24,073,36,6*67
$GPGSV,3,2,09,24,04,039,28,27,33,241,32,28,40,164,39,31,19,185,33,6*6B
$GPGSV,3,3,09,32,71,340,39,6*50
$GPGSV,1,1,01,49,17,257,,0*5F
$GLGSV,3,1,09,65,45,302,46,66,15,255,40,72,33,018,44,74,11,079,37,1*75
$GLGSV,3,2,09,75,08,128,43,86,23,160,46,87,68,182,49,88,42,324,49,1*75
$GLGSV,3,3,09,,,,47,1*72
$GLGSV,2,1,07,65,45,302,10,66,15,255,36,72,33,018,41,75,08,128,31,3*75
$GLGSV,2,2,07,86,23,160,39,88,42,324,43,,,,42,3*7D
$GLGSV,1,1,01,73,00,039,,0*46
$GAGSV,2,1,06,03,70,010,43,05,20,040,37,08,49,240,41,13,15,322,38,2*7E
$GAGSV,2,2,06,15,66,341,43,34,54,125,41,2*70
$GAGSV,2,1,06,03,70,010,47,05,20,040,39,08,49,240,42,13,15,322,36,7*7C
$GAGSV,2,2,06,15,66,341,46,34,54,125,45,7*74
$GAGSV,1,1,02,07,00,228,,36,05,136,,0*7D
$GBGSV,2,1,08,08,31,067,39,13,44,052,43,20,48,304,46,27,19,163,42,1*7A
$GBGSV,2,2,08,29,40,300,43,32,41,030,46,38,26,079,40,39,50,076,45,1*7A
$GBGSV,2,1,05,06,53,103,39,08,31,067,39,09,51,127,40,13,44,052,38,B*09
$GBGSV,2,2,05,16,51,090,39,B*30
$GBGSV,3,1,12,01,03,095,,02,58,140,,03,35,112,,05,62,201,,0*77
$GBGSV,3,2,12,07,01,156,,10,07,165,,19,13,265,,23,16,080,,0*70
$GBGSV,3,3,12,30,58,212,,59,08,095,,60,60,149,,61,35,113,,0*7D
$GQGSV,1,1,02,04,20,068,35,07,19,104,34,1*64
$GQGSV,1,1,03,03,05,128,25,04,20,068,33,07,19,104,34,6*5E
$GNGLL,2454.22834,N,06708.27293,E,141736.00,A,D*78
$GNRMC,141737.00,A,2454.22834,N,06708.27293,E,0.013,,050525,,,R,V*09
$GNVTG,,T,,M,0.013,N,0.023,K,D*3B
$GNGGA,141737.00,2454.22834,N,06708.27293,E,4,12,0.67,21.9,M,-44.2,M,1.0,0290*7F
$GNGSA,A,3,08,10,18,23,27,28,32,31,02,,,,1.45,0.67,1.29,1*05
$GNGSA,A,3,87,66,86,72,65,88,,,,,,,1.45,0.67,1.29,2*0E
$GNGSA,A,3,05,03,08,15,34,,,,,,,,1.45,0.67,1.29,3*05
$GNGSA,A,3,08,09,06,13,20,16,29,27,32,38,39,,1.45,0.67,1.29,4*01
$GNGSA,A,3,04,,,,,,,,,,,,1.45,0.67,1.29,5*0A
$GPGSV,4,1,13,02,22,321,39,08,23,283,42,10,48,025,46,18,21,138,37,1*61
$GPGSV,4,2,13,23,24,073,41,24,04,039,32,27,33,241,38,28,40,164,43,1*6C
$GPGSV,4,3,13,31,19,185,40,32,71,340,50,36,34,246,37,40,59,208,47,1*61
$GPGSV,4,4,13,41,56,146,46,1*51
$GPGSV,3,1,09,08,23,283,33,10,48,025,37,18,21,138,34,23,24,073,36,6*67
$GPGSV,3,2,09,24,04,039,28,27,33,241,32,28,40,164,39,31,19,185,33,6*6B
$GPGSV,3,3,09,32,71,340,39,6*50
$GPGSV,1,1,01,49,17,257,,0*5F
$GLGSV,3,1,09,65,45,302,46,66,15,255,40,72,33,018,44,74,11,079,37,1*75
$GLGSV,3,2,09,75,08,128,43,86,23,160,46,87,68,182,49,88,42,324,49,1*75
$GLGSV,3,3,09,,,,47,1*72
$GLGSV,2,1,07,65,45,302,09,66,15,255,36,72,33,018,41,75,08,128,31,3*7D
$GLGSV,2,2,07,86,23,160,39,88,42,324,43,,,,42,3*7D
$GLGSV,1,1,01,73,00,039,,0*46
$GAGSV,2,1,06,03,70,010,42,05,20,040,37,08,49,240,41,13,15,322,38,2*7F
$GAGSV,2,2,06,15,66,341,43,34,54,125,41,2*70
$GAGSV,2,1,06,03,70,010,47,05,20,040,39,08,49,240,42,13,15,322,36,7*7C
$GAGSV,2,2,06,15,66,341,46,34,54,125,45,7*74
$GAGSV,1,1,02,07,00,228,,36,05,136,,0*7D
$GBGSV,2,1,08,08,31,067,39,13,44,052,43,20,48,304,46,27,19,163,43,1*7B
$GBGSV,2,2,08,29,40,300,43,32,41,030,46,38,26,079,40,39,50,076,45,1*7A
$GBGSV,2,1,05,06,53,103,39,08,31,067,39,09,51,127,40,13,44,052,38,B*09
$GBGSV,2,2,05,16,51,090,39,B*30
$GBGSV,3,1,12,01,03,095,,02,58,140,,03,35,112,,05,62,201,,0*77
$GBGSV,3,2,12,07,01,156,,10,07,165,,19,13,265,,23,16,080,,0*70
$GBGSV,3,3,12,30,58,212,,59,08,095,,60,60,149,,61,35,113,,0*7D
$GQGSV,1,1,02,04,20,068,35,07,19,104,34,1*64
$GQGSV,1,1,03,03,05,128,24,04,20,068,33,07,19,104,34,6*5F
$GNGLL,2454.22834,N,06708.27293,E,141737.00,A,D*79
$GNRMC,141738.00,A,2454.22834,N,06708.27293,E,0.006,,050525,,,R,V*02
$GNVTG,,T,,M,0.006,N,0.012,K,D*3D
$GNGGA,141738.00,2454.22834,N,06708.27293,E,4,12,0.67,21.9,M,-44.2,M,1.0,0290*70
$GNGSA,A,3,08,10,18,23,27,28,32,31,02,,,,1.45,0.67,1.29,1*05
$GNGSA,A,3,87,66,86,72,65,88,,,,,,,1.45,0.67,1.29,2*0E
$GNGSA,A,3,05,03,08,15,34,,,,,,,,1.45,0.67,1.29,3*05
$GNGSA,A,3,08,09,06,13,20,16,29,27,32,38,39,,1.45,0.67,1.29,4*01
$GNGSA,A,3,04,,,,,,,,,,,,1.45,0.67,1.29,5*0A
$GPGSV,4,1,13,02,22,321,39,08,23,283,42,10,48,025,46,18,21,138,37,1*61
$GPGSV,4,2,13,23,24,073,41,24,04,039,32,27,33,241,38,28,40,164,43,1*6C
$GPGSV,4,3,13,31,19,185,40,32,71,340,50,36,34,246,37,40,59,208,47,1*61
$GPGSV,4,4,13,41,56,146,46,1*51
$GPGSV,3,1,09,08,23,283,33,10,48,025,37,18,21,138,34,23,24,073,36,6*67
$GPGSV,3,2,09,24,04,039,28,27,33,241,32,28,40,164,39,31,19,185,33,6*6B
$GPGSV,3,3,09,32,71,340,39,6*50
$GPGSV,1,1,01,49,17,257,,0*5F
$GLGSV,3,1,09,65,45,302,46,66,15,255,40,72,33,018,44,74,11,079,37,1*75
$GLGSV,3,2,09,75,08,128,43,86,23,160,46,87,68,182,49,88,42,324,49,1*75
$GLGSV,3,3,09,,,,47,1*72
$GLGSV,2,1,07,65,45,302,09,66,15,255,37,72,33,018,41,75,08,128,31,3*7C
$GLGSV,2,2,07,86,23,160,39,88,42,324,43,,,,42,3*7D
$GLGSV,1,1,01,73,00,039,,0*46
$GAGSV,2,1,06,03,70,010,43,05,20,040,37,08,49,240,41,13,15,322,38,2*7E
$GAGSV,2,2,06,15,66,341,43,34,54,125,41,2*70
$GAGSV,2,1,06,03,70,010,47,05,20,040,38,08,49,240,42,13,15,322,36,7*7D
$GAGSV,2,2,06,15,66,341,46,34,54,125,45,7*74
$GAGSV,1,1,02,07,00,228,,36,05,136,,0*7D
$GBGSV,2,1,08,08,31,067,39,13,44,052,43,20,48,304,46,27,19,163,43,1*7B
$GBGSV,2,2,08,29,40,300,43,32,41,030,46,38,26,079,40,39,50,076,45,1*7A
$GBGSV,2,1,05,06,53,103,39,08,31,067,39,09,51,127,40,13,44,052,38,B*09
$GBGSV,2,2,05,16,51,090,39,B*30
$GBGSV,3,1,12,01,03,095,,02,58,140,,03,35,112,,05,62,201,,0*77
$GBGSV,3,2,12,07,01,156,,10,07,165,,19,13,265,,23,16,080,,0*70
$GBGSV,3,3,12,30,58,212,,59,08,095,,60,60,149,,61,35,113,,0*7D
$GQGSV,1,1,02,04,20,068,35,07,19,104,34,1*64
$GQGSV,1,1,03,03,05,128,24,04,20,068,33,07,19,104,34,6*5F
$GNGLL,2454.22834,N,06708.27293,E,141738.00,A,D*76
$GNRMC,141739.00,A,2454.22834,N,06708.27293,E,0.009,,050525,,,R,V*0C
$GNVTG,,T,,M,0.009,N,0.016,K,D*36
$GNGGA,141739.00,2454.22834,N,06708.27293,E,4,12,0.67,21.9,M,-44.2,M,1.0,0290*71
$GNGSA,A,3,08,10,18,23,27,28,32,31,02,,,,1.45,0.67,1.29,1*05
$GNGSA,A,3,87,66,86,72,65,88,,,,,,,1.45,0.67,1.29,2*0E
$GNGSA,A,3,05,03,08,15,34,,,,,,,,1.45,0.67,1.29,3*05
$GNGSA,A,3,08,09,06,13,20,16,29,27,32,38,39,,1.45,0.67,1.29,4*01
$GNGSA,A,3,04,,,,,,,,,,,,1.45,0.67,1.29,5*0A
$GPGSV,4,1,13,02,22,321,39,08,23,283,42,10,48,025,46,18,21,138,37,1*61
$GPGSV,4,2,13,23,24,073,41,24,04,039,32,27,33,241,38,28,40,164,44,1*6B
$GPGSV,4,3,13,31,19,185,40,32,71,340,50,36,34,246,36,40,59,208,47,1*60
$GPGSV,4,4,13,41,56,146,46,1*51
$GPGSV,3,1,09,08,23,283,33,10,48,025,37,18,21,138,34,23,24,073,36,6*67
$GPGSV,3,2,09,24,04,039,28,27,33,241,32,28,40,164,39,31,19,185,33,6*6B
$GPGSV,3,3,09,32,71,340,39,6*50
$GPGSV,1,1,01,49,17,257,,0*5F
$GLGSV,3,1,09,65,45,302,46,66,15,255,40,72,33,018,44,74,11,079,37,1*75
$GLGSV,3,2,09,75,08,128,43,86,23,160,46,87,68,182,49,88,42,324,49,1*75
$GLGSV,3,3,09,,,,47,1*72
$GLGSV,2,1,06,65,45,302,09,66,15,255,37,72,33,018,41,75,08,128,31,3*7D
$GLGSV,2,2,06,86,23,160,39,88,42,324,43,3*7A
$GLGSV,1,1,01,73,00,039,,0*46
$GAGSV,2,1,06,03,70,010,43,05,20,040,37,08,49,240,41,13,15,322,38,2*7E
$GAGSV,2,2,06,15,66,341,43,34,54,125,41,2*70
$GAGSV,2,1,06,03,70,010,47,05,20,040,39,08,49,240,42,13,15,322,36,7*7C
$GAGSV,2,2,06,15,66,341,46,34,54,125,45,7*74
$GAGSV,1,1,02,07,00,228,,36,05,136,,0*7D
$GBGSV,2,1,08,08,31,067,39,13,44,052,43,20,48,304,46,27,19,163,42,1*7A
$GBGSV,2,2,08,29,40,300,43,32,41,030,46,38,26,079,40,39,50,076,45,1*7A
$GBGSV,2,1,05,06,53,103,39,08,31,067,39,09,51,127,40,13,44,052,38,B*09
$GBGSV,2,2,05,16,51,090,39,B*30
$GBGSV,3,1,12,01,03,095,,02,58,140,,03,35,112,,05,62,201,,0*77
$GBGSV,3,2,12,07,01,156,,10,07,165,,19,13,265,,23,16,080,,0*70
$GBGSV,3,3,12,30,58,212,,59,08,095,,60,60,149,,61,35,113,,0*7D
$GQGSV,1,1,02,04,20,068,35,07,19,104,34,1*64
$GQGSV,1,1,03,03,05,128,24,04,20,068,33,07,19,104,34,6*5F
$GNGLL,2454.22834,N,06708.27293,E,141739.00,A,D*77
$GNRMC,141740.00,A,2454.22833,N,06708.27293,E,0.012,,050525,,,R,V*0F
$GNVTG,,T,,M,0.012,N,0.022,K,D*3B
$GNGGA,141740.00,2454.22833,N,06708.27293,E,4,12,0.67,21.9,M,-44.2,M,1.0,0290*78
$GNGSA,A,3,08,10,18,23,27,28,32,31,02,,,,1.45,0.67,1.29,1*05
$GNGSA,A,3,87,66,86,72,65,88,,,,,,,1.45,0.67,1.29,2*0E
$GNGSA,A,3,05,03,08,15,34,,,,,,,,1.45,0.67,1.29,3*05
$GNGSA,A,3,08,09,06,13,20,16,29,27,32,38,39,,1.45,0.67,1.29,4*01
$GNGSA,A,3,04,,,,,,,,,,,,1.45,0.67,1.29,5*0A
$GPGSV,4,1,13,02,22,321,39,08,23,283,42,10,48,025,46,18,21,138,37,1*61
$GPGSV,4,2,13,23,24,073,41,24,04,039,32,27,33,241,38,28,40,164,43,1*6C
$GPGSV,4,3,13,31,19,185,40,32,71,340,50,36,34,246,37,40,59,208,47,1*61
$GPGSV,4,4,13,41,56,146,46,1*51
$GPGSV,3,1,09,08,23,283,33,10,48,025,37,18,21,138,34,23,24,073,36,6*67
$GPGSV,3,2,09,24,04,039,28,27,33,241,32,28,40,164,39,31,19,185,33,6*6B
$GPGSV,3,3,09,32,71,340,39,6*50
$GPGSV,1,1,01,49,17,257,,0*5F
$GLGSV,3,1,09,65,45,302,46,66,15,255,40,72,33,018,44,74,11,079,36,1*74
$GLGSV,3,2,09,75,08,128,43,86,23,160,46,87,68,182,49,88,42,324,49,1*75
$GLGSV,3,3,09,,,,47,1*72
$GLGSV,2,1,06,65,45,302,09,66,15,255,37,72,33,018,41,75,08,128,31,3*7D
$GLGSV,2,2,06,86,23,160,39,88,42,324,43,3*7A
$GLGSV,1,1,01,73,00,039,,0*46
$GAGSV,2,1,06,03,70,010,42,05,20,040,37,08,49,240,41,13,15,322,38,2*7F
$GAGSV,2,2,06,15,66,341,43,34,54,125,41,2*70
$GAGSV,2,1,06,03,70,010,47,05,20,040,39,08,49,240,42,13,15,322,36,7*7C
$GAGSV,2,2,06,15,66,341,46,34,54,125,45,7*74
$GAGSV,1,1,02,07,00,228,,36,05,136,,0*7D
$GBGSV,2,1,08,08,31,067,39,13,44,052,43,20,48,304,46,27,19,163,42,1*7A
$GBGSV,2,2,08,29,40,300,43,32,41,030,46,38,26,079,40,39,50,076,45,1*7A
$GBGSV,2,1,05,06,53,103,39,08,31,067,39,09,51,127,40,13,44,052,38,B*09
$GBGSV,2,2,05,16,51,090,39,B*30
$GBGSV,3,1,12,01,03,095,,02,58,140,,03,35,112,,05,62,201,,0*77
$GBGSV,3,2,12,07,01,156,,10,07,165,,19,13,265,,23,16,080,,0*70
$GBGSV,3,3,12,30,58,212,,59,08,095,,60,60,149,,61,35,113,,0*7D
$GQGSV,1,1,02,04,20,068,35,07,19,104,34,1*64
$GQGSV,1,1,03,03,05,128,24,04,20,068,33,07,19,104,34,6*5F
$GNGLL,2454.22833,N,06708.27293,E,141740.00,A,D*7E
$GNRMC,141741.00,A,2454.22833,N,06708.27293,E,0.002,,050525,,,R,V*0F
$GNVTG,,T,,M,0.002,N,0.003,K,D*39
$GNGGA,141741.00,2454.22833,N,06708.27293,E,4,12,0.67,21.9,M,-44.2,M,1.0,0290*79
$GNGSA,A,3,08,10,18,23,27,28,32,31,02,,,,1.45,0.67,1.29,1*05
$GNGSA,A,3,87,66,86,72,65,88,,,,,,,1.45,0.67,1.29,2*0E
$GNGSA,A,3,05,03,08,15,34,,,,,,,,1.45,0.67,1.29,3*05
$GNGSA,A,3,08,09,06,13,20,16,29,27,32,38,39,,1.45,0.67,1.29,4*01
$GNGSA,A,3,04,,,,,,,,,,,,1.45,0.67,1.29,5*0A
$GPGSV,4,1,13,02,22,321,40,08,23,283,42,10,48,025,46,18,21,138,37,1*6F
$GPGSV,4,2,13,23,24,073,41,24,04,039,32,27,33,241,38,28,40,164,43,1*6C
$GPGSV,4,3,13,31,19,185,40,32,71,340,50,36,34,246,37,40,59,208,47,1*61
$GPGSV,4,4,13,41,56,146,46,1*51
$GPGSV,3,1,09,08,23,283,32,10,48,025,37,18,21,138,34,23,24,073,36,6*66
$GPGSV,3,2,09,24,04,039,28,27,33,241,32,28,40,164,39,31,19,185,33,6*6B
$GPGSV,3,3,09,32,71,340,39,6*50
$GPGSV,1,1,01,49,17,257,,0*5F
$GLGSV,3,1,09,65,45,302,46,66,15,255,40,72,33,018,44,74,11,079,36,1*74
$GLGSV,3,2,09,75,08,128,43,86,23,160,46,87,68,182,49,88,42,324,49,1*75
$GLGSV,3,3,09,,,,47,1*72
$GLGSV,2,1,06,65,45,302,09,66,15,255,37,72,33,018,41,75,08,128,32,3*7E
$GLGSV,2,2,06,86,23,160,39,88,42,324,43,3*7A
$GLGSV,1,1,01,73,00,039,,0*46
$GAGSV,2,1,06,03,70,010,43,05,20,040,36,08,49,240,41,13,15,322,38,2*7F
$GAGSV,2,2,06,15,66,341,43,34,54,125,41,2*70
$GAGSV,2,1,06,03,70,010,47,05,20,040,39,08,49,240,42,13,15,322,36,7*7C
$GAGSV,2,2,06,15,66,341,46,34,54,125,45,7*74
$GAGSV,1,1,02,07,00,228,,36,05,136,,0*7D
$GBGSV,2,1,08,08,31,067,39,13,44,052,43,20,48,304,46,27,19,163,42,1*7A
$GBGSV,2,2,08,29,40,300,43,32,41,030,46,38,26,079,40,39,50,076,45,1*7A
$GBGSV,2,1,05,06,53,103,39,08,31,067,39,09,51,127,40,13,44,052,38,B*09
$GBGSV,2,2,05,16,51,090,39,B*30
$GBGSV,3,1,12,01,03,095,,02,58,140,,03,35,112,,05,62,201,,0*77
$GBGSV,3,2,12,07,01,156,,10,07,165,,19,13,265,,23,16,080,,0*70
$GBGSV,3,3,12,30,58,212,,59,08,095,,60,60,149,,61,35,113,,0*7D
$GQGSV,1,1,02,04,20,068,35,07,19,104,34,1*64
$GQGSV,1,1,03,03,05,128,24,04,20,068,33,07,19,104,34,6*5F
$GNGLL,2454.22833,N,06708.27293,E,141741.00,A,D*7F
$GNRMC,141742.00,A,2454.22833,N,06708.27293,E,0.005,,050525,,,R,V*0B
$GNVTG,,T,,M,0.005,N,0.010,K,D*3C
$GNGGA,141742.00,2454.22833,N,06708.27293,E,4,12,0.67,21.9,M,-44.2,M,1.0,0290*7A
$GNGSA,A,3,08,10,18,23,27,28,32,31,02,,,,1.45,0.67,1.29,1*05
$GNGSA,A,3,87,66,86,72,65,88,,,,,,,1.45,0.67,1.29,2*0E
$GNGSA,A,3,05,03,08,15,34,,,,,,,,1.45,0.67,1.29,3*05
$GNGSA,A,3,08,09,06,13,20,16,29,27,32,38,39,,1.45,0.67,1.29,4*01
$GNGSA,A,3,04,,,,,,,,,,,,1.45,0.67,1.29,5*0A
$GPGSV,4,1,13,02,22,321,40,08,23,283,42,10,48,025,46,18,21,138,37,1*6F
$GPGSV,4,2,13,23,24,073,41,24,04,039,32,27,33,241,37,28,40,164,43,1*63
$GPGSV,4,3,13,31,19,185,40,32,71,340,50,36,34,246,36,40,59,208,47,1*60
$GPGSV,4,4,13,41,56,146,46,1*51
$GPGSV,3,1,09,08,23,283,32,10,48,025,37,18,21,138,34,23,24,073,36,6*66
$GPGSV,3,2,09,24,04,039,28,27,33,241,32,28,40,164,39,31,19,185,33,6*6B
$GPGSV,3,3,09,32,71,340,39,6*50
$GPGSV,1,1,01,49,17,257,,0*5F
$GLGSV,3,1,09,65,45,302,46,66,15,255,40,72,33,018,44,74,11,079,36,1*74
$GLGSV,3,2,09,75,08,128,43,86,23,160,46,87,68,182,49,88,42,324,49,1*75
$GLGSV,3,3,09,,,,47,1*72
$GLGSV,2,1,06,65,45,302,07,66,15,255,37,72,33,018,41,75,08,128,32,3*70
$GLGSV,2,2,06,86,23,160,38,88,42,324,43,3*7B
$GLGSV,1,1,01,73,00,039,,0*46
$GAGSV,2,1,06,03,70,010,43,05,20,040,36,08,49,240,41,13,15,322,38,2*7F
$GAGSV,2,2,06,15,66,341,43,34,54,125,41,2*70
$GAGSV,2,1,06,03,70,010,47,05,20,040,39,08,49,240,42,13,15,322,36,7*7C
$GAGSV,2,2,06,15,66,341,46,34,54,125,45,7*74
$GAGSV,1,1,02,07,00,228,,36,05,136,,0*7D
$GBGSV,2,1,08,08,31,067,39,13,44,052,43,20,48,304,46,27,19,163,42,1*7A
$GBGSV,2,2,08,29,40,300,43,32,41,030,46,38,26,079,40,39,50,076,45,1*7A
$GBGSV,2,1,05,06,53,103,39,08,31,067,39,09,51,127,40,13,44,052,38,B*09
$GBGSV,2,2,05,16,51,090,39,B*30
$GBGSV,3,1,12,01,03,095,,02,58,140,,03,35,112,,05,62,201,,0*77
$GBGSV,3,2,12,07,01,156,,10,07,165,,19,13,265,,23,16,080,,0*70
$GBGSV,3,3,12,30,58,212,,59,08,095,,60,60,149,,61,35,113,,0*7D
$GQGSV,1,1,02,04,20,068,35,07,19,104,34,1*64
$GQGSV,1,1,03,03,05,128,24,04,20,068,33,07,19,104,34,6*5F
$GNGLL,2454.22833,N,06708.27293,E,141742.00,A,D*7C
$GNRMC,141743.00,A,2454.22833,N,06708.27293,E,0.007,,050525,,,R,V*08
$GNVTG,,T,,M,0.007,N,0.012,K,D*3C
$GNGGA,141743.00,2454.22833,N,06708.27293,E,4,12,0.67,21.9,M,-44.2,M,1.0,0290*7B
$GNGSA,A,3,08,10,18,23,27,28,32,31,02,,,,1.45,0.67,1.29,1*05
$GNGSA,A,3,87,66,86,72,65,88,,,,,,,1.45,0.67,1.29,2*0E
$GNGSA,A,3,05,03,08,15,34,,,,,,,,1.45,0.67,1.29,3*05
$GNGSA,A,3,08,09,06,13,20,16,29,27,32,38,39,,1.45,0.67,1.29,4*01
$GNGSA,A,3,04,,,,,,,,,,,,1.45,0.67,1.29,5*0A
$GPGSV,4,1,13,02,22,321,40,08,23,283,42,10,48,025,46,18,21,138,37,1*6F
$GPGSV,4,2,13,23,24,073,41,24,04,039,32,27,33,241,38,28,40,164,43,1*6C
$GPGSV,4,3,13,31,19,185,40,32,71,340,50,36,34,246,36,40,59,208,47,1*60
$GPGSV,4,4,13,41,56,146,46,1*51
$GPGSV,3,1,09,08,23,283,32,10,48,025,37,18,21,138,35,23,24,073,36,6*67
$GPGSV,3,2,09,24,04,039,28,27,33,241,32,28,40,164,39,31,19,185,33,6*6B
$GPGSV,3,3,09,32,71,340,39,6*50
$GPGSV,1,1,01,49,17,257,,0*5F
$GLGSV,3,1,09,65,45,302,46,66,15,255,40,72,33,018,44,74,11,079,36,1*74
$GLGSV,3,2,09,75,08,128,43,86,23,160,46,87,68,182,49,88,42,324,49,1*75
$GLGSV,3,3,09,,,,47,1*72
$GLGSV,2,1,06,65,45,302,08,66,15,255,37,72,33,018,41,75,08,128,32,3*7F
$GLGSV,2,2,06,86,23,160,39,88,42,324,43,3*7A
$GLGSV,1,1,01,73,00,039,,0*46
$GAGSV,2,1,06,03,70,010,42,05,20,040,36,08,49,240,41,13,15,322,38,2*7E
$GAGSV,2,2,06,15,66,341,43,34,54,125,41,2*70
$GAGSV,2,1,06,03,70,010,47,05,20,040,39,08,49,240,42,13,15,322,36,7*7C
$GAGSV,2,2,06,15,66,341,46,34,54,125,45,7*74
$GAGSV,1,1,02,07,00,228,,36,05,136,,0*7D
$GBGSV,2,1,08,08,31,067,39,13,44,052,43,20,48,304,46,27,19,163,42,1*7A
$GBGSV,2,2,08,29,40,300,43,32,41,030,46,38,26,079,40,39,50,076,45,1*7A
$GBGSV,2,1,05,06,53,103,39,08,31,067,39,09,51,127,40,13,44,052,38,B*09
$GBGSV,2,2,05,16,51,090,39,B*30
$GBGSV,3,1,12,01,03,095,,02,58,140,,03,35,112,,05,62,201,,0*77
$GBGSV,3,2,12,07,01,156,,10,07,165,,19,13,265,,23,16,080,,0*70
$GBGSV,3,3,12,30,58,212,,59,08,095,,60,60,149,,61,35,113,,0*7D
$GQGSV,1,1,02,04,20,068,35,07,19,104,34,1*64
$GQGSV,1,1,03,03,05,128,24,04,20,068,33,07,19,104,34,6*5F
$GNGLL,2454.22833,N,06708.27293,E,141743.00,A,D*7D
$GNRMC,141744.00,A,2454.22834,N,06708.27293,E,0.013,,050525,,,R,V*0D
$GNVTG,,T,,M,0.013,N,0.024,K,D*3C
$GNGGA,141744.00,2454.22834,N,06708.27293,E,4,12,0.67,21.9,M,-44.2,M,1.0,0290*7B
$GNGSA,A,3,08,10,18,23,27,28,32,31,02,,,,1.45,0.67,1.29,1*05
$GNGSA,A,3,87,66,86,72,65,88,,,,,,,1.45,0.67,1.29,2*0E
$GNGSA,A,3,05,03,08,15,34,,,,,,,,1.45,0.67,1.29,3*05
$GNGSA,A,3,08,09,06,13,20,16,29,27,32,38,39,,1.45,0.67,1.29,4*01
$GNGSA,A,3,04,,,,,,,,,,,,1.45,0.67,1.29,5*0A
$GPGSV,4,1,13,02,22,321,40,08,23,283,42,10,48,025,46,18,21,138,37,1*6F
$GPGSV,4,2,13,23,24,073,41,24,04,039,32,27,33,241,37,28,40,164,43,1*63
$GPGSV,4,3,13,31,19,185,40,32,71,340,50,36,34,246,36,40,59,208,47,1*60
$GPGSV,4,4,13,41,56,146,46,1*51
$GPGSV,3,1,09,08,23,283,33,10,48,025,37,18,21,138,34,23,24,073,36,6*67
$GPGSV,3,2,09,24,04,039,28,27,33,241,32,28,40,164,39,31,19,185,33,6*6B
$GPGSV,3,3,09,32,71,340,39,6*50
$GPGSV,1,1,01,49,17,257,,0*5F
$GLGSV,3,1,09,65,45,303,46,66,15,255,40,72,33,018,45,74,11,079,36,1*74
$GLGSV,3,2,09,75,08,128,43,86,23,160,46,87,68,182,49,88,42,324,49,1*75
$GLGSV,3,3,09,,,,47,1*72
$GLGSV,2,1,06,65,45,303,10,66,15,255,37,72,33,018,41,75,08,128,32,3*77
$GLGSV,2,2,06,86,23,160,39,88,42,324,43,3*7A
$GLGSV,1,1,01,73,00,039,,0*46
$GAGSV,2,1,06,03,70,010,42,05,20,040,37,08,49,240,41,13,15,322,38,2*7F
$GAGSV,2,2,06,15,66,341,43,34,54,125,41,2*70
$GAGSV,2,1,06,03,70,010,47,05,20,040,39,08,49,240,42,13,15,322,36,7*7C
$GAGSV,2,2,06,15,66,341,46,34,54,125,45,7*74
$GAGSV,1,1,02,07,00,228,,36,05,136,,0*7D
$GBGSV,2,1,08,08,31,067,39,13,44,052,43,20,48,304,46,27,19,163,42,1*7A
$GBGSV,2,2,08,29,40,300,43,32,41,030,46,38,26,079,40,39,50,076,45,1*7A
$GBGSV,2,1,05,06,53,103,39,08,31,067,39,09,51,127,40,13,44,052,38,B*09
$GBGSV,2,2,05,16,51,090,39,B*30
$GBGSV,3,1,12,01,03,095,,02,58,140,,03,35,112,,05,62,201,,0*77
$GBGSV,3,2,12,07,01,156,,10,07,165,,19,13,265,,23,16,080,,0*70
$GBGSV,3,3,12,30,58,212,,59,08,095,,60,60,149,,61,35,113,,0*7D
$GQGSV,1,1,02,04,20,068,35,07,19,104,34,1*64
$GQGSV,1,1,03,03,05,128,25,04,20,068,33,07,19,104,34,6*5E
$GNGLL,2454.22834,N,06708.27293,E,141744.00,A,D*7D
$GNRMC,141745.00,A,2454.22834,N,06708.27293,E,0.011,,050525,,,R,V*0E
$GNVTG,,T,,M,0.011,N,0.020,K,D*3A
$GNGGA,141745.00,2454.22834,N,06708.27293,E,4,12,0.67,21.9,M,-44.2,M,1.0,0290*7A
$GNGSA,A,3,08,10,18,23,27,28,32,31,02,,,,1.45,0.67,1.29,1*05
$GNGSA,A,3,87,66,86,72,65,88,,,,,,,1.45,0.67,1.29,2*0E
$GNGSA,A,3,05,03,08,15,34,,,,,,,,1.45,0.67,1.29,3*05
$GNGSA,A,3,08,09,06,13,20,16,29,27,32,38,39,,1.45,0.67,1.29,4*01
$GNGSA,A,3,04,,,,,,,,,,,,1.45,0.67,1.29,5*0A
$GPGSV,4,1,13,02,22,321,39,08,23,283,42,10,48,025,46,18,21,138,37,1*61
$GPGSV,4,2,13,23,24,073,41,24,04,039,31,27,33,241,38,28,40,164,43,1*6F
$GPGSV,4,3,13,31,19,185,40,32,71,340,50,36,34,246,36,40,59,208,47,1*60
$GPGSV,4,4,13,41,56,146,46,1*51
$GPGSV,3,1,09,08,23,283,33,10,48,025,37,18,21,138,35,23,24,073,36,6*66
$GPGSV,3,2,09,24,04,039,28,27,33,241,33,28,40,164,39,31,19,185,33,6*6A
$GPGSV,3,3,09,32,71,340,39,6*50
$GPGSV,1,1,01,49,17,257,,0*5F
$GLGSV,3,1,09,65,45,303,46,66,15,256,40,72,33,018,44,74,11,079,36,1*76
$GLGSV,3,2,09,75,08,128,43,86,23,160,46,87,68,182,49,88,42,324,49,1*75
$GLGSV,3,3,09,,,,47,1*72
$GLGSV,2,1,06,65,45,303,09,66,15,256,37,72,33,018,41,75,08,128,32,3*7C
$GLGSV,2,2,06,86,23,160,39,88,42,324,43,3*7A
$GLGSV,1,1,01,73,00,039,,0*46
$GAGSV,2,1,06,03,70,010,43,05,20,040,37,08,49,240,41,13,15,322,38,2*7E
$GAGSV,2,2,06,15,66,341,43,34,54,125,41,2*70
$GAGSV,2,1,06,03,70,010,47,05,20,040,39,08,49,240,42,13,15,322,36,7*7C
$GAGSV,2,2,06,15,66,341,46,34,54,125,45,7*74
$GAGSV,1,1,02,07,00,228,,36,05,136,,0*7D
$GBGSV,2,1,08,08,31,067,39,13,44,052,43,20,48,304,46,27,19,163,42,1*7A
$GBGSV,2,2,08,29,40,300,43,32,41,030,46,38,26,079,40,39,50,076,45,1*7A
$GBGSV,2,1,05,06,53,103,39,08,31,067,39,09,51,127,40,13,44,052,38,B*09
$GBGSV,2,2,05,16,51,090,39,B*30
$GBGSV,3,1,12,01,03,095,,02,58,140,,03,35,112,,05,62,201,,0*77
$GBGSV,3,2,12,07,01,156,,10,07,165,,19,13,265,,23,16,080,,0*70
$GBGSV,3,3,12,30,58,212,,59,08,095,,60,60,149,,61,35,113,,0*7D
$GQGSV,1,1,02,04,20,068,35,07,19,104,34,1*64
$GQGSV,1,1,03,03,05,128,25,04,20,068,33,07,19,104,34,6*5E
$GNGLL,2454.22834,N,06708.27293,E,141745.00,A,D*7C
$GNRMC,141746.00,A,2454.22834,N,06708.27293,E,0.016,,050525,,,R,V*0A
$GNVTG,,T,,M,0.016,N,0.029,K,D*34
$GNGGA,141746.00,2454.22834,N,06708.27293,E,4,12,0.67,21.9,M,-44.2,M,1.0,0290*79
$GNGSA,A,3,08,10,18,23,27,28,32,31,02,,,,1.45,0.67,1.29,1*05
$GNGSA,A,3,87,66,86,72,65,88,,,,,,,1.45,0.67,1.29,2*0E
$GNGSA,A,3,05,03,08,15,34,,,,,,,,1.45,0.67,1.29,3*05
$GNGSA,A,3,08,09,06,13,20,16,29,27,32,38,39,,1.45,0.67,1.29,4*01
$GNGSA,A,3,04,,,,,,,,,,,,1.45,0.67,1.29,5*0A
$GPGSV,4,1,13,02,22,321,39,08,23,283,42,10,48,025,46,18,21,138,37,1*61
$GPGSV,4,2,13,23,24,073,41,24,04,039,31,27,33,241,38,28,40,164,43,1*6F
$GPGSV,4,3,13,31,19,185,40,32,71,340,50,36,34,246,36,40,59,208,47,1*60
$GPGSV,4,4,13,41,56,146,46,1*51
$GPGSV,3,1,09,08,23,283,33,10,48,025,36,18,21,138,34,23,24,073,36,6*66
$GPGSV,3,2,09,24,04,039,28,27,33,241,33,28,40,164,39,31,19,185,33,6*6A
$GPGSV,3,3,09,32,71,340,39,6*50
$GPGSV,1,1,01,49,17,257,,0*5F
$GLGSV,3,1,09,65,45,303,46,66,15,256,41,72,33,018,45,74,11,079,36,1*76
$GLGSV,3,2,09,75,08,128,43,86,23,160,46,87,68,182,49,88,42,324,49,1*75
$GLGSV,3,3,09,,,,47,1*72
$GLGSV,2,1,06,65,45,303,08,66,15,256,37,72,33,018,41,75,08,128,32,3*7D
$GLGSV,2,2,06,86,23,160,39,88,42,324,43,3*7A
$GLGSV,1,1,01,73,00,039,,0*46
$GAGSV,2,1,06,03,70,010,43,05,20,040,37,08,49,240,41,13,15,322,38,2*7E
$GAGSV,2,2,06,15,66,341,43,34,54,125,41,2*70
$GAGSV,2,1,06,03,70,010,47,05,20,040,39,08,49,240,42,13,15,322,36,7*7C
$GAGSV,2,2,06,15,66,341,46,34,54,125,45,7*74
$GAGSV,1,1,02,07,00,228,,36,05,136,,0*7D
$GBGSV,2,1,08,08,31,067,39,13,44,052,43,20,48,304,46,27,19,163,42,1*7A
$GBGSV,2,2,08,29,40,300,43,32,41,030,46,38,26,079,40,39,50,076,45,1*7A
$GBGSV,2,1,05,06,53,103,39,08,31,067,39,09,51,127,40,13,44,052,38,B*09
$GBGSV,2,2,05,16,51,090,39,B*30
$GBGSV,3,1,12,01,03,095,,02,58,140,,03,35,112,,05,62,201,,0*77
$GBGSV,3,2,12,07,01,156,,10,07,165,,19,13,265,,23,16,080,,0*70
$GBGSV,3,3,12,30,58,212,,59,08,095,,60,60,149,,61,35,113,,0*7D
$GQGSV,1,1,02,04,20,068,35,07,19,104,34,1*64
$GQGSV,1,1,03,03,05,128,24,04,20,068,33,07,19,104,34,6*5F
$GNGLL,2454.22834,N,06708.27293,E,141746.00,A,D*7F
$GNRMC,141747.00,A,2454.22834,N,06708.27293,E,0.013,,050525,,,R,V*0E
$GNVTG,,T,,M,0.013,N,0.024,K,D*3C
$GNGGA,141747.00,2454.22834,N,06708.27293,E,4,12,0.67,21.9,M,-44.2,M,1.0,0290*78
$GNGSA,A,3,08,10,18,23,27,28,32,31,02,,,,1.45,0.67,1.29,1*05
$GNGSA,A,3,87,66,86,72,65,88,,,,,,,1.45,0.67,1.29,2*0E
$GNGSA,A,3,05,03,08,15,34,,,,,,,,1.45,0.67,1.29,3*05
$GNGSA,A,3,08,09,06,13,20,16,29,27,32,38,39,,1.45,0.67,1.29,4*01
$GNGSA,A,3,04,,,,,,,,,,,,1.45,0.67,1.29,5*0A
$GPGSV,4,1,13,02,22,321,39,08,23,283,42,10,48,025,46,18,21,138,37,1*61
$GPGSV,4,2,13,23,24,073,41,24,04,039,31,27,33,241,37,28,40,164,43,1*60
$GPGSV,4,3,13,31,19,185,40,32,71,340,50,36,34,246,36,40,59,208,47,1*60
$GPGSV,4,4,13,41,56,146,46,1*51
$GPGSV,3,1,09,08,23,283,33,10,48,025,36,18,21,138,34,23,24,073,36,6*66
$GPGSV,3,2,09,24,04,039,27,27,33,241,32,28,40,164,39,31,19,185,33,6*64
$GPGSV,3,3,09,32,71,340,39,6*50
$GPGSV,1,1,01,49,17,257,,0*5F
$GLGSV,3,1,09,65,45,303,46,66,15,256,41,72,33,018,45,74,11,079,35,1*75
$GLGSV,3,2,09,75,08,128,43,86,23,160,46,87,68,182,49,88,42,324,49,1*75
$GLGSV,3,3,09,,,,47,1*72
$GLGSV,2,1,06,65,45,303,08,66,15,256,37,72,33,018,41,75,08,128,32,3*7D
$GLGSV,2,2,06,86,23,160,39,88,42,324,42,3*7B
$GLGSV,1,1,01,73,00,039,,0*46
$GAGSV,2,1,06,03,70,010,42,05,20,040,37,08,49,240,41,13,15,322,38,2*7F
$GAGSV,2,2,06,15,66,341,43,34,54,125,41,2*70
$GAGSV,2,1,06,03,70,010,47,05,20,040,39,08,49,240,42,13,15,322,36,7*7C
$GAGSV,2,2,06,15,66,341,46,34,54,125,45,7*74
$GAGSV,1,1,02,07,00,228,,36,05,136,,0*7D
$GBGSV,2,1,08,08,31,067,39,13,44,052,43,20,48,304,46,27,19,163,42,1*7A
$GBGSV,2,2,08,29,40,300,42,32,41,030,46,38,26,079,40,39,50,076,45,1*7B
$GBGSV,2,1,05,06,53,103,39,08,31,067,39,09,51,127,40,13,44,052,38,B*09
$GBGSV,2,2,05,16,51,090,39,B*30
$GBGSV,3,1,12,01,03,095,,02,58,140,,03,35,112,,05,62,201,,0*77
$GBGSV,3,2,12,07,01,156,,10,07,165,,19,13,265,,23,16,080,,0*70
$GBGSV,3,3,12,30,58,212,,59,08,095,,60,60,149,,61,35,113,,0*7D
$GQGSV,1,1,02,04,20,068,35,07,19,104,34,1*64
$GQGSV,1,1,03,03,05,128,24,04,20,068,33,07,19,104,34,6*5F
$GNGLL,2454.22834,N,06708.27293,E,141747.00,A,D*7E
$GNRMC,141748.00,A,2454.22833,N,06708.27293,E,0.010,,050525,,,R,V*05
$GNVTG,,T,,M,0.010,N,0.018,K,D*30
$GNGGA,141748.00,2454.22833,N,06708.27293,E,4,12,0.67,21.9,M,-44.2,M,1.0,0290*70
$GNGSA,A,3,08,10,18,23,27,28,32,31,02,,,,1.45,0.67,1.29,1*05
$GNGSA,A,3,87,66,86,72,65,88,,,,,,,1.45,0.67,1.29,2*0E
$GNGSA,A,3,05,03,08,15,34,,,,,,,,1.45,0.67,1.29,3*05
$GNGSA,A,3,08,09,06,13,20,16,29,27,32,38,39,,1.45,0.67,1.29,4*01
$GNGSA,A,3,04,,,,,,,,,,,,1.45,0.67,1.29,5*0A
$GPGSV,4,1,13,02,22,321,40,08,23,283,42,10,48,025,46,18,21,138,37,1*6F
$GPGSV,4,2,13,23,24,073,41,24,04,039,31,27,33,241,37,28,40,164,43,1*60
$GPGSV,4,3,13,31,19,185,40,32,71,340,50,36,34,246,36,40,59,208,47,1*60
$GPGSV,4,4,13,41,56,146,46,1*51
$GPGSV,3,1,09,08,23,283,33,10,48,025,36,18,21,138,34,23,24,073,36,6*66
$GPGSV,3,2,09,24,04,039,27,27,33,241,32,28,40,164,39,31,19,185,33,6*64
$GPGSV,3,3,09,32,71,340,39,6*50
$GPGSV,1,1,01,49,17,257,,0*5F
$GLGSV,3,1,09,65,45,303,46,66,15,256,41,72,33,018,44,74,11,079,35,1*74
$GLGSV,3,2,09,75,08,128,43,86,23,160,46,87,68,182,49,88,42,324,49,1*75
$GLGSV,3,3,09,,,,47,1*72
$GLGSV,2,1,06,65,45,303,09,66,15,256,37,72,33,018,41,75,08,128,32,3*7C
$GLGSV,2,2,06,86,23,160,39,88,42,324,43,3*7A
$GLGSV,1,1,01,73,00,039,,0*46
$GAGSV,2,1,06,03,70,010,43,05,20,040,37,08,49,240,41,13,15,322,38,2*7E
$GAGSV,2,2,06,15,66,341,43,34,54,125,41,2*70
$GAGSV,2,1,06,03,70,010,46,05,20,040,39,08,49,240,42,13,15,322,36,7*7D
$GAGSV,2,2,06,15,66,341,46,34,54,125,45,7*74
$GAGSV,1,1,02,07,00,228,,36,05,136,,0*7D
$GBGSV,2,1,08,08,31,067,39,13,44,052,43,20,48,304,46,27,19,163,42,1*7A
$GBGSV,2,2,08,29,40,300,42,32,41,030,46,38,26,079,40,39,50,076,45,1*7B
$GBGSV,2,1,05,06,53,103,39,08,31,067,39,09,51,127,40,13,44,052,38,B*09
$GBGSV,2,2,05,16,51,090,39,B*30
$GBGSV,3,1,12,01,03,095,,02,58,140,,03,35,112,,05,62,201,,0*77
$GBGSV,3,2,12,07,01,156,,10,07,165,,19,13,265,,23,16,080,,0*70
$GBGSV,3,3,12,30,58,212,,59,08,095,,60,60,149,,61,35,113,,0*7D
$GQGSV,1,1,02,04,20,068,35,07,19,104,34,1*64
$GQGSV,1,1,03,03,05,128,25,04,20,068,33,07,19,104,34,6*5E
$GNGLL,2454.22833,N,06708.27293,E,141748.00,A,D*76
$GNRMC,141749.00,A,2454.22833,N,06708.27293,E,0.004,,050525,,,R,V*01
$GNVTG,,T,,M,0.004,N,0.008,K,D*34
$GNGGA,141749.00,2454.22833,N,06708.27293,E,4,12,0.67,21.9,M,-44.2,M,1.0,0290*71
$GNGSA,A,3,08,10,18,23,27,28,32,31,02,,,,1.45,0.67,1.29,1*05
$GNGSA,A,3,87,66,86,72,65,88,,,,,,,1.45,0.67,1.29,2*0E
$GNGSA,A,3,05,03,08,15,34,,,,,,,,1.45,0.67,1.29,3*05
$GNGSA,A,3,08,09,06,13,20,16,29,27,32,38,39,,1.45,0.67,1.29,4*01
$GNGSA,A,3,04,,,,,,,,,,,,1.45,0.67,1.29,5*0A
$GPGSV,4,1,13,02,22,321,39,08,23,283,42,10,48,025,46,18,21,138,37,1*61
$GPGSV,4,2,13,23,24,073,41,24,04,039,30,27,33,241,37,28,40,164,43,1*61
$GPGSV,4,3,13,31,19,185,40,32,71,340,50,36,34,246,36,40,59,208,47,1*60
$GPGSV,4,4,13,41,56,146,46,1*51
$GPGSV,3,1,09,08,23,283,33,10,48,025,36,18,21,138,34,23,24,073,36,6*66
$GPGSV,3,2,09,24,04,039,27,27,33,241,32,28,40,164,39,31,19,185,33,6*64
$GPGSV,3,3,09,32,71,340,39,6*50
$GPGSV,1,1,01,49,17,257,,0*5F
$GLGSV,3,1,09,65,45,303,46,66,15,256,41,72,33,018,45,74,11,079,35,1*75
$GLGSV,3,2,09,75,08,128,43,86,23,160,46,87,68,182,49,88,42,324,49,1*75
$GLGSV,3,3,09,,,,47,1*72
$GLGSV,2,1,06,65,45,303,08,66,15,256,37,72,33,018,41,75,08,128,32,3*7D
$GLGSV,2,2,06,86,23,160,39,88,42,324,43,3*7A
$GLGSV,1,1,01,73,00,039,,0*46
$GAGSV,2,1,06,03,70,010,43,05,20,040,37,08,49,240,41,13,15,322,38,2*7E
$GAGSV,2,2,06,15,66,341,43,34,54,125,41,2*70
$GAGSV,2,1,06,03,70,010,46,05,20,040,39,08,49,240,42,13,15,322,36,7*7D
$GAGSV,2,2,06,15,66,341,46,34,54,125,45,7*74
$GAGSV,1,1,02,07,00,228,,36,05,136,,0*7D
$GBGSV,2,1,08,08,31,067,39,13,44,052,43,20,48,304,46,27,19,163,42,1*7A
$GBGSV,2,2,08,29,40,300,42,32,41,030,46,38,26,079,40,39,50,076,45,1*7B
$GBGSV,2,1,05,06,53,103,39,08,31,067,39,09,51,127,40,13,44,052,39,B*08
$GBGSV,2,2,05,16,51,090,39,B*30
$GBGSV,3,1,12,01,03,095,,02,58,140,,03,35,112,,05,62,201,,0*77
$GBGSV,3,2,12,07,01,156,,10,07,165,,19,13,265,,23,16,080,,0*70
$GBGSV,3,3,12,30,58,212,,59,08,095,,60,60,149,,61,35,113,,0*7D
$GQGSV,1,1,02,04,20,068,35,07,19,104,34,1*64
$GQGSV,1,1,03,03,05,128,24,04,20,068,33,07,19,104,34,6*5F
$GNGLL,2454.22833,N,06708.27293,E,141749.00,A,D*77
$GNRMC,141750.00,A,2454.22833,N,06708.27293,E,0.003,,050525,,,R,V*0E
$GNVTG,,T,,M,0.003,N,0.005,K,D*3E
$GNGGA,141750.00,2454.22833,N,06708.27293,E,4,12,0.67,21.9,M,-44.2,M,1.0,0290*79
$GNGSA,A,3,08,10,18,23,27,28,32,31,02,,,,1.45,0.67,1.29,1*05
$GNGSA,A,3,87,66,86,72,65,88,,,,,,,1.45,0.67,1.29,2*0E
$GNGSA,A,3,05,03,08,15,34,,,,,,,,1.45,0.67,1.29,3*05
$GNGSA,A,3,08,09,06,13,20,16,29,27,32,38,39,,1.45,0.67,1.29,4*01
$GNGSA,A,3,04,,,,,,,,,,,,1.45,0.67,1.29,5*0A
$GPGSV,4,1,13,02,22,321,39,08,23,283,42,10,48,025,46,18,21,138,37,1*61
$GPGSV,4,2,13,23,24,073,41,24,04,039,30,27,33,241,37,28,40,164,43,1*61
$GPGSV,4,3,13,31,19,185,40,32,71,340,50,36,34,246,36,40,59,208,47,1*60
$GPGSV,4,4,13,41,56,146,46,1*51
$GPGSV,3,1,09,08,23,283,33,10,48,025,37,18,21,138,34,23,24,073,36,6*67
$GPGSV,3,2,09,24,04,039,27,27,33,241,32,28,40,164,39,31,19,185,33,6*64
$GPGSV,3,3,09,32,71,340,39,6*50
$GPGSV,1,1,01,49,17,257,,0*5F
$GLGSV,3,1,09,65,45,303,46,66,15,256,41,72,33,018,45,74,11,079,35,1*75
$GLGSV,3,2,09,75,08,128,43,86,23,160,46,87,68,182,49,88,42,324,49,1*75
$GLGSV,3,3,09,,,,47,1*72
$GLGSV,2,1,06,65,45,303,11,66,15,256,36,72,33,018,41,75,08,128,32,3*74
$GLGSV,2,2,06,86,23,160,39,88,42,324,43,3*7A
$GLGSV,1,1,01,73,00,039,,0*46
$GAGSV,2,1,06,03,70,010,43,05,20,040,37,08,49,240,42,13,15,322,38,2*7D
$GAGSV,2,2,06,15,66,341,43,34,54,125,41,2*70
$GAGSV,2,1,06,03,70,010,46,05,20,040,39,08,49,240,42,13,15,322,36,7*7D
$GAGSV,2,2,06,15,66,341,46,34,54,125,45,7*74
$GAGSV,1,1,02,07,00,228,,36,05,136,,0*7D
$GBGSV,2,1,08,08,31,067,39,13,44,052,43,20,48,304,46,27,19,163,42,1*7A
$GBGSV,2,2,08,29,40,300,43,32,41,030,46,38,26,079,40,39,50,076,45,1*7A
$GBGSV,2,1,05,06,53,103,39,08,31,067,39,09,51,127,40,13,44,052,39,B*08
$GBGSV,2,2,05,16,51,090,39,B*30
$GBGSV,3,1,12,01,03,095,,02,58,140,,03,35,112,,05,62,201,,0*77
$GBGSV,3,2,12,07,01,156,,10,07,165,,19,13,265,,23,16,080,,0*70
$GBGSV,3,3,12,30,58,212,,59,08,095,,60,60,149,,61,35,113,,0*7D
$GQGSV,1,1,02,04,20,068,35,07,19,104,34,1*64
$GQGSV,1,1,03,03,05,128,24,04,20,068,33,07,19,104,34,6*5F
$GNGLL,2454.22833,N,06708.27293,E,141750.00,A,D*7F
$GNRMC,141751.00,A,2454.22834,N,06708.27293,E,0.008,,050525,,,R,V*03
$GNVTG,,T,,M,0.008,N,0.014,K,D*35
$GNGGA,141751.00,2454.22834,N,06708.27293,E,4,12,0.67,21.9,M,-44.2,M,1.0,0290*7F
$GNGSA,A,3,08,10,18,23,27,28,32,31,02,,,,1.45,0.67,1.29,1*05
$GNGSA,A,3,87,66,86,72,65,88,,,,,,,1.45,0.67,1.29,2*0E
$GNGSA,A,3,05,03,08,15,34,,,,,,,,1.45,0.67,1.29,3*05
$GNGSA,A,3,08,09,06,13,20,16,29,27,32,38,39,,1.45,0.67,1.29,4*01
$GNGSA,A,3,04,,,,,,,,,,,,1.45,0.67,1.29,5*0A
$GPGSV,4,1,13,02,22,321,39,08,23,283,42,10,48,025,46,18,21,138,37,1*61
$GPGSV,4,2,13,23,24,073,41,24,04,039,30,27,33,241,38,28,40,164,43,1*6E
$GPGSV,4,3,13,31,19,185,40,32,71,340,50,36,34,246,36,40,59,208,47,1*60
$GPGSV,4,4,13,41,56,146,46,1*51
$GPGSV,3,1,09,08,23,283,33,10,48,025,37,18,21,138,35,23,24,073,37,6*67
$GPGSV,3,2,09,24,04,039,26,27,33,241,32,28,40,164,39,31,19,185,33,6*65
$GPGSV,3,3,09,32,71,340,39,6*50
$GPGSV,1,1,01,49,17,257,,0*5F
$GLGSV,3,1,09,65,45,303,46,66,15,256,41,72,32,019,45,74,11,079,35,1*75
$GLGSV,3,2,09,75,08,128,43,86,23,160,46,87,68,182,49,88,42,324,49,1*75
$GLGSV,3,3,09,,,,47,1*72
$GLGSV,2,1,06,65,45,303,08,66,15,256,36,72,32,019,41,75,08,128,32,3*7C
$GLGSV,2,2,06,86,23,160,39,88,42,324,43,3*7A
$GLGSV,1,1,01,73,00,039,,0*46
$GAGSV,2,1,06,03,70,010,43,05,20,040,37,08,49,240,42,13,15,322,38,2*7D
$GAGSV,2,2,06,15,66,341,43,34,54,125,41,2*70
$GAGSV,2,1,06,03,70,010,46,05,20,040,39,08,49,240,42,13,15,322,36,7*7D
$GAGSV,2,2,06,15,66,341,46,34,54,125,45,7*74
$GAGSV,1,1,02,07,00,228,,36,05,136,,0*7D
$GBGSV,2,1,08,08,31,067,39,13,44,052,43,20,48,304,46,27,19,163,42,1*7A
$GBGSV,2,2,08,29,40,300,43,32,41,030,46,38,26,079,40,39,50,076,45,1*7A
$GBGSV,2,1,05,06,53,103,39,08,31,067,39,09,51,127,40,13,44,052,39,B*08
$GBGSV,2,2,05,16,51,090,39,B*30
$GBGSV,3,1,12,01,03,095,,02,58,140,,03,35,112,,05,62,201,,0*77
$GBGSV,3,2,12,07,01,156,,10,07,165,,19,13,265,,23,16,080,,0*70
$GBGSV,3,3,12,30,58,212,,59,08,095,,60,60,149,,61,35,113,,0*7D
$GQGSV,1,1,02,04,20,068,35,07,19,104,34,1*64
$GQGSV,1,1,03,03,05,128,24,04,20,068,33,07,19,104,34,6*5F
$GNGLL,2454.22834,N,06708.27293,E,141751.00,A,D*79
$GNRMC,141752.00,A,2454.22834,N,06708.27293,E,0.013,,050525,,,R,V*0A
$GNVTG,,T,,M,0.013,N,0.024,K,D*3C
$GNGGA,141752.00,2454.22834,N,06708.27293,E,4,12,0.67,21.9,M,-44.2,M,1.0,0290*7C
$GNGSA,A,3,08,10,18,23,27,28,32,31,02,,,,1.45,0.67,1.29,1*05
$GNGSA,A,3,87,66,86,72,65,88,,,,,,,1.45,0.67,1.29,2*0E
$GNGSA,A,3,05,03,08,15,34,,,,,,,,1.45,0.67,1.29,3*05
$GNGSA,A,3,08,09,06,13,20,16,29,27,32,38,39,,1.45,0.67,1.29,4*01
$GNGSA,A,3,04,,,,,,,,,,,,1.45,0.67,1.29,5*0A
$GPGSV,4,1,13,02,22,321,39,08,23,283,42,10,48,025,46,18,21,138,37,1*61
$GPGSV,4,2,13,23,24,073,41,24,04,039,29,27,33,241,37,28,40,164,43,1*69
$GPGSV,4,3,13,31,19,185,40,32,71,340,50,36,34,246,36,40,59,208,47,1*60
$GPGSV,4,4,13,41,56,146,46,1*51
$GPGSV,3,1,09,08,23,283,33,10,48,025,37,18,21,138,35,23,24,073,37,6*67
$GPGSV,3,2,09,24,04,039,26,27,33,241,32,28,40,164,39,31,19,185,33,6*65
$GPGSV,3,3,09,32,71,340,39,6*50
$GPGSV,1,1,01,49,17,257,,0*5F
$GLGSV,3,1,09,65,45,303,46,66,15,256,41,72,32,019,45,74,11,079,35,1*75
$GLGSV,3,2,09,75,08,128,43,86,23,160,46,87,68,182,49,88,42,324,49,1*75
$GLGSV,3,3,09,,,,47,1*72
$GLGSV,2,1,06,65,45,303,10,66,15,256,36,72,32,019,41,75,08,128,32,3*75
$GLGSV,2,2,06,86,23,160,39,88,42,324,43,3*7A
$GLGSV,1,1,01,73,00,038,,0*47
$GAGSV,2,1,06,03,70,010,43,05,20,040,37,08,49,240,42,13,15,322,38,2*7D
$GAGSV,2,2,06,15,66,341,43,34,54,125,41,2*70
$GAGSV,2,1,06,03,70,010,46,05,20,040,39,08,49,240,42,13,15,322,36,7*7D
$GAGSV,2,2,06,15,66,341,46,34,54,125,45,7*74
$GAGSV,1,1,02,07,00,228,,36,05,136,,0*7D
$GBGSV,2,1,08,08,31,067,39,13,44,052,43,20,48,304,46,27,19,163,42,1*7A
$GBGSV,2,2,08,29,40,300,42,32,41,030,46,38,26,079,40,39,50,076,45,1*7B
$GBGSV,2,1,05,06,53,103,39,08,31,067,39,09,51,127,40,13,44,052,39,B*08
$GBGSV,2,2,05,16,51,090,39,B*30
$GBGSV,3,1,12,01,03,095,,02,58,140,,03,35,112,,05,62,201,,0*77
$GBGSV,3,2,12,07,01,156,,10,07,165,,19,13,265,,23,16,080,,0*70
$GBGSV,3,3,12,30,58,212,,59,08,095,,60,60,149,,61,35,113,,0*7D
$GQGSV,1,1,02,04,20,068,35,07,19,104,34,1*64
$GQGSV,1,1,03,03,05,128,24,04,20,068,33,07,19,104,34,6*5F
$GNGLL,2454.22834,N,06708.27293,E,141752.00,A,D*7A
$GNRMC,141753.00,A,2454.22834,N,06708.27293,E,0.004,,050525,,,R,V*0D
$GNVTG,,T,,M,0.004,N,0.008,K,D*34
$GNGGA,141753.00,2454.22834,N,06708.27293,E,4,12,0.67,21.9,M,-44.2,M,1.0,0290*7D
$GNGSA,A,3,08,10,18,23,27,28,32,31,02,,,,1.45,0.67,1.29,1*05
$GNGSA,A,3,87,66,86,72,65,88,,,,,,,1.45,0.67,1.29,2*0E
$GNGSA,A,3,05,03,08,15,34,,,,,,,,1.45,0.67,1.29,3*05
$GNGSA,A,3,08,09,06,13,20,16,29,27,32,38,39,,1.45,0.67,1.29,4*01
$GNGSA,A,3,04,,,,,,,,,,,,1.45,0.67,1.29,5*0A
$GPGSV,4,1,13,02,22,321,39,08,23,283,42,10,48,025,46,18,21,138,37,1*61
$GPGSV,4,2,13,23,24,073,41,24,04,039,29,27,33,241,37,28,40,164,43,1*69
$GPGSV,4,3,13,31,19,185,40,32,71,340,50,36,34,246,36,40,59,208,47,1*60
$GPGSV,4,4,13,41,56,146,46,1*51
$GPGSV,3,1,09,08,23,283,33,10,48,025,37,18,21,138,35,23,24,073,37,6*67
$GPGSV,3,2,09,24,04,039,26,27,33,241,32,28,40,164,39,31,19,185,33,6*65
$GPGSV,3,3,09,32,71,340,39,6*50
$GPGSV,1,1,01,49,17,257,,0*5F
$GLGSV,3,1,09,65,45,303,46,66,15,256,41,72,32,019,45,74,11,078,35,1*74
$GLGSV,3,2,09,75,08,128,44,86,23,160,46,87,68,182,49,88,42,324,49,1*72
$GLGSV,3,3,09,,,,47,1*72
$GLGSV,2,1,07,65,45,303,11,66,15,256,36,72,32,019,41,75,08,128,32,3*75
$GLGSV,2,2,07,86,23,160,39,88,42,324,42,,,,41,3*7F
$GLGSV,1,1,01,73,00,038,,0*47
$GAGSV,2,1,06,03,70,010,43,05,20,040,37,08,49,240,42,13,15,322,38,2*7D
$GAGSV,2,2,06,15,66,341,43,34,54,125,41,2*70
$GAGSV,2,1,06,03,70,010,46,05,20,040,39,08,49,240,42,13,15,322,36,7*7D
$GAGSV,2,2,06,15,66,341,46,34,54,125,45,7*74
$GAGSV,1,1,02,07,00,228,,36,05,136,,0*7D
$GBGSV,2,1,08,08,31,067,39,13,44,052,43,20,48,304,46,27,19,163,42,1*7A
$GBGSV,2,2,08,29,40,300,42,32,41,030,46,38,26,079,40,39,50,076,45,1*7B
$GBGSV,2,1,05,06,53,103,39,08,31,067,39,09,51,127,40,13,44,052,39,B*08
$GBGSV,2,2,05,16,51,090,39,B*30
$GBGSV,3,1,12,01,03,095,,02,58,140,,03,35,112,,05,62,201,,0*77
$GBGSV,3,2,12,07,01,156,,10,07,165,,19,13,265,,23,16,080,,0*70
$GBGSV,3,3,12,30,58,212,,59,08,095,,60,60,149,,61,35,113,,0*7D
$GQGSV,1,1,02,04,20,068,35,07,19,104,34,1*64
$GQGSV,1,1,03,03,05,128,24,04,20,068,33,07,19,104,34,6*5F
$GNGLL,2454.22834,N,06708.27293,E,141753.00,A,D*7B
$GNRMC,141754.00,A,2454.22834,N,06708.27293,E,0.014,,050525,,,R,V*0B
$GNVTG,,T,,M,0.014,N,0.026,K,D*39
$GNGGA,141754.00,2454.22834,N,06708.27293,E,4,12,0.67,21.9,M,-44.2,M,1.0,0290*7A
$GNGSA,A,3,08,10,18,23,27,28,32,31,02,,,,1.45,0.67,1.29,1*05
$GNGSA,A,3,87,66,86,72,65,88,,,,,,,1.45,0.67,1.29,2*0E
$GNGSA,A,3,05,03,08,15,34,,,,,,,,1.45,0.67,1.29,3*05
$GNGSA,A,3,08,09,06,13,20,16,29,27,32,38,39,,1.45,0.67,1.29,4*01
$GNGSA,A,3,04,,,,,,,,,,,,1.45,0.67,1.29,5*0A
$GPGSV,4,1,13,02,22,321,39,08,23,283,42,10,48,025,46,18,21,138,37,1*61
$GPGSV,4,2,13,23,24,073,41,24,04,039,29,27,33,241,37,28,40,164,43,1*69
$GPGSV,4,3,13,31,19,185,40,32,71,340,50,36,34,246,36,40,59,208,47,1*60
$GPGSV,4,4,13,41,56,146,46,1*51
$GPGSV,3,1,09,08,23,283,33,10,48,025,37,18,21,138,35,23,24,073,37,6*67
$GPGSV,3,2,09,24,04,039,26,27,33,241,32,28,40,164,39,31,19,185,33,6*65
$GPGSV,3,3,09,32,71,340,39,6*50
$GPGSV,1,1,01,49,17,257,,0*5F
$GLGSV,3,1,09,65,45,303,46,66,15,256,41,72,32,019,45,74,11,078,35,1*74
$GLGSV,3,2,09,75,09,127,44,86,23,160,46,87,68,182,49,88,42,324,49,1*7C
$GLGSV,3,3,09,,,,47,1*72
$GLGSV,2,1,07,65,45,303,09,66,15,256,36,72,32,019,41,75,09,127,32,3*72
$GLGSV,2,2,07,86,23,160,39,88,42,324,43,,,,42,3*7D
$GLGSV,1,1,01,73,00,038,,0*47
$GAGSV,2,1,06,03,70,010,43,05,20,040,37,08,49,240,42,13,15,322,38,2*7D
$GAGSV,2,2,06,15,66,341,43,34,54,125,41,2*70
$GAGSV,2,1,06,03,70,010,46,05,20,040,39,08,49,240,42,13,15,322,36,7*7D
$GAGSV,2,2,06,15,66,341,46,34,54,125,45,7*74
$GAGSV,1,1,02,07,00,228,,36,05,136,,0*7D
$GBGSV,2,1,08,08,31,067,39,13,44,052,43,20,48,304,46,27,19,163,42,1*7A
$GBGSV,2,2,08,29,40,300,43,32,41,030,46,38,26,079,40,39,50,076,45,1*7A
$GBGSV,2,1,05,06,53,103,39,08,31,067,39,09,51,127,40,13,44,052,39,B*08
$GBGSV,2,2,05,16,51,090,39,B*30
$GBGSV,3,1,12,01,03,095,,02,58,140,,03,35,112,,05,62,201,,0*77
$GBGSV,3,2,12,07,01,156,,10,07,165,,19,13,265,,23,16,080,,0*70
$GBGSV,3,3,12,30,58,212,,59,08,095,,60,60,149,,61,35,113,,0*7D
$GQGSV,1,1,02,04,20,068,35,07,19,104,34,1*64
$GQGSV,1,1,03,03,05,128,24,04,20,068,33,07,19,104,34,6*5F
$GNGLL,2454.22834,N,06708.27293,E,141754.00,A,D*7C
$GNRMC,141755.00,A,2454.22833,N,06708.27293,E,0.002,,050525,,,R,V*0A
$GNVTG,,T,,M,0.002,N,0.004,K,D*3E
$GNGGA,141755.00,2454.22833,N,06708.27293,E,4,12,0.67,21.9,M,-44.2,M,1.0,0290*7C
$GNGSA,A,3,08,10,18,23,27,28,32,31,02,,,,1.45,0.67,1.29,1*05
$GNGSA,A,3,87,66,86,72,65,88,,,,,,,1.45,0.67,1.29,2*0E
$GNGSA,A,3,05,03,08,15,34,,,,,,,,1.45,0.67,1.29,3*05
$GNGSA,A,3,08,09,06,13,20,16,29,27,32,38,39,,1.45,0.67,1.29,4*01
$GNGSA,A,3,04,,,,,,,,,,,,1.45,0.67,1.29,5*0A
$GPGSV,4,1,13,02,22,321,39,08,23,283,42,10,48,025,47,18,21,138,37,1*60
$GPGSV,4,2,13,23,24,073,41,24,04,039,28,27,33,241,37,28,40,164,43,1*68
$GPGSV,4,3,13,31,19,185,40,32,71,340,50,36,34,246,36,40,59,208,47,1*60
$GPGSV,4,4,13,41,56,146,46,1*51
$GPGSV,3,1,09,08,23,283,32,10,48,025,37,18,21,138,35,23,24,073,37,6*66
$GPGSV,3,2,09,24,04,039,26,27,33,241,32,28,40,164,39,31,19,185,33,6*65
$GPGSV,3,3,09,32,71,340,39,6*50
$GPGSV,1,1,01,49,17,257,,0*5F
$GLGSV,3,1,09,65,45,303,46,66,15,256,41,72,32,019,45,74,11,078,35,1*74
$GLGSV,3,2,09,75,09,127,44,86,23,160,46,87,68,182,49,88,42,324,49,1*7C
$GLGSV,3,3,09,,,,47,1*72
$GLGSV,2,1,07,65,45,303,10,66,15,256,36,72,32,019,41,75,09,127,32,3*7A
$GLGSV,2,2,07,86,23,160,39,88,42,324,43,,,,42,3*7D
$GLGSV,1,1,01,73,00,038,,0*47
$GAGSV,2,1,06,03,70,010,43,05,20,040,37,08,49,240,42,13,15,322,38,2*7D
$GAGSV,2,2,06,15,66,341,43,34,54,125,41,2*70
$GAGSV,2,1,06,03,70,010,46,05,20,040,39,08,49,240,42,13,15,322,36,7*7D
$GAGSV,2,2,06,15,66,341,46,34,54,125,45,7*74
$GAGSV,1,1,02,07,00,228,,36,05,136,,0*7D
$GBGSV,2,1,08,08,31,067,39,13,44,052,43,20,48,304,46,27,19,163,42,1*7A
$GBGSV,2,2,08,29,40,300,43,32,41,030,46,38,26,079,40,39,50,076,45,1*7A
$GBGSV,2,1,05,06,53,103,39,08,31,067,39,09,51,127,40,13,44,052,39,B*08
$GBGSV,2,2,05,16,51,090,39,B*30
$GBGSV,3,1,12,01,03,095,,02,58,140,,03,35,112,,05,62,201,,0*77
$GBGSV,3,2,12,07,01,156,,10,07,165,,19,13,265,,23,16,080,,0*70
$GBGSV,3,3,12,30,58,212,,59,08,095,,60,60,149,,61,35,113,,0*7D
$GQGSV,1,1,02,04,20,068,35,07,19,104,34,1*64
$GQGSV,1,1,03,03,05,128,24,04,20,068,33,07,19,104,34,6*5F
$GNGLL,2454.22833,N,06708.27293,E,141755.00,A,D*7A
$GNRMC,141756.00,A,2454.22833,N,06708.27293,E,0.002,,050525,,,R,V*09
$GNVTG,,T,,M,0.002,N,0.004,K,D*3E
$GNGGA,141756.00,2454.22833,N,06708.27293,E,4,12,0.67,21.9,M,-44.2,M,1.0,0290*7F
$GNGSA,A,3,08,10,18,23,27,28,32,31,02,,,,1.45,0.67,1.29,1*05
$GNGSA,A,3,87,66,86,72,65,88,,,,,,,1.45,0.67,1.29,2*0E
$GNGSA,A,3,05,03,08,15,34,,,,,,,,1.45,0.67,1.29,3*05
$GNGSA,A,3,08,09,06,13,20,16,29,27,32,38,39,,1.45,0.67,1.29,4*01
$GNGSA,A,3,04,,,,,,,,,,,,1.45,0.67,1.29,5*0A
$GPGSV,4,1,13,02,22,321,39,08,23,283,42,10,48,025,47,18,21,138,37,1*60
$GPGSV,4,2,13,23,24,073,40,24,04,039,28,27,33,241,37,28,40,164,43,1*69
$GPGSV,4,3,13,31,19,185,40,32,71,340,50,36,34,246,37,40,59,208,47,1*61
$GPGSV,4,4,13,41,56,146,46,1*51
$GPGSV,3,1,09,08,23,283,33,10,48,025,37,18,21,138,35,23,24,073,37,6*67
$GPGSV,3,2,09,24,04,039,26,27,33,241,32,28,40,164,40,31,19,185,33,6*6B
$GPGSV,3,3,09,32,71,340,39,6*50
$GPGSV,1,1,01,49,17,257,,0*5F
$GLGSV,3,1,09,65,45,303,46,66,15,256,40,72,32,019,45,74,11,078,35,1*75
$GLGSV,3,2,09,75,09,127,44,86,23,160,46,87,68,182,49,88,42,324,49,1*7C
$GLGSV,3,3,09,,,,47,1*72
$GLGSV,2,1,07,65,45,303,10,66,15,256,36,72,32,019,41,75,09,127,32,3*7A
$GLGSV,2,2,07,86,23,160,39,88,42,324,43,,,,42,3*7D
$GLGSV,1,1,01,73,00,038,,0*47
$GAGSV,2,1,06,03,70,010,43,05,20,040,37,08,49,240,42,13,15,322,38,2*7D
$GAGSV,2,2,06,15,66,341,43,34,54,125,41,2*70
$GAGSV,2,1,06,03,70,010,47,05,20,040,39,08,49,240,42,13,15,322,36,7*7C
$GAGSV,2,2,06,15,66,341,46,34,54,125,45,7*74
$GAGSV,1,1,02,07,00,228,,36,05,136,,0*7D
$GBGSV,2,1,08,08,31,067,39,13,44,052,43,20,48,304,46,27,19,163,42,1*7A
$GBGSV,2,2,08,29,40,300,43,32,41,030,46,38,26,079,40,39,50,076,45,1*7A
$GBGSV,2,1,05,06,53,103,39,08,31,067,39,09,51,127,40,13,44,052,39,B*08
$GBGSV,2,2,05,16,51,090,40,B*3E
$GBGSV,3,1,12,01,03,095,,02,58,140,,03,35,112,,05,62,201,,0*77
$GBGSV,3,2,12,07,01,156,,10,07,165,,19,13,265,,23,16,080,,0*70
$GBGSV,3,3,12,30,58,212,,59,08,095,,60,60,149,,61,35,113,,0*7D
$GQGSV,1,1,02,04,20,068,35,07,19,104,34,1*64
$GQGSV,1,1,03,03,05,128,24,04,20,068,33,07,19,104,34,6*5F
$GNGLL,2454.22833,N,06708.27293,E,141756.00,A,D*79
$GNRMC,141757.00,A,2454.22833,N,06708.27293,E,0.009,,050525,,,R,V*03
$GNVTG,,T,,M,0.009,N,0.016,K,D*36
$GNGGA,141757.00,2454.22833,N,06708.27293,E,4,12,0.67,21.9,M,-44.2,M,2.0,0290*7D
$GNGSA,A,3,08,10,18,23,27,28,32,31,02,,,,1.46,0.67,1.29,1*06
$GNGSA,A,3,87,66,86,72,65,88,,,,,,,1.46,0.67,1.29,2*0D
$GNGSA,A,3,05,03,08,15,34,,,,,,,,1.46,0.67,1.29,3*06
$GNGSA,A,3,08,09,06,13,20,16,29,27,32,38,39,,1.46,0.67,1.29,4*02
$GNGSA,A,3,04,,,,,,,,,,,,1.46,0.67,1.29,5*09
$GPGSV,4,1,13,02,22,321,39,08,23,283,42,10,48,025,47,18,21,138,37,1*60
$GPGSV,4,2,13,23,24,073,40,24,04,039,29,27,33,241,37,28,40,164,43,1*68
$GPGSV,4,3,13,31,19,185,40,32,71,340,50,36,34,246,37,40,59,208,47,1*61
$GPGSV,4,4,13,41,56,146,46,1*51
$GPGSV,3,1,09,08,23,283,33,10,48,025,37,18,21,138,35,23,24,073,37,6*67
$GPGSV,3,2,09,24,04,039,25,27,33,241,33,28,40,164,40,31,19,185,33,6*69
$GPGSV,3,3,09,32,71,340,39,6*50
$GPGSV,1,1,01,49,17,257,,0*5F
$GLGSV,3,1,09,65,45,303,46,66,15,256,40,72,32,019,45,74,11,078,35,1*75
$GLGSV,3,2,09,75,09,127,44,86,23,160,46,87,68,182,49,88,42,324,49,1*7C
$GLGSV,3,3,09,,,,47,1*72
$GLGSV,2,1,07,65,45,303,08,66,15,256,36,72,32,019,41,75,09,127,32,3*73
$GLGSV,2,2,07,86,23,160,39,88,42,324,43,,,,42,3*7D
$GLGSV,1,1,01,73,00,038,,0*47
$GAGSV,2,1,06,03,70,010,43,05,20,040,37,08,49,240,42,13,15,322,38,2*7D
$GAGSV,2,2,06,15,66,341,43,34,54,125,41,2*70
$GAGSV,2,1,06,03,70,010,47,05,20,040,39,08,49,240,42,13,15,322,36,7*7C
$GAGSV,2,2,06,15,66,341,46,34,54,125,45,7*74
$GAGSV,1,1,02,07,00,228,,36,05,136,,0*7D
$GBGSV,2,1,08,08,31,067,39,13,44,052,43,20,48,304,46,27,19,163,42,1*7A
$GBGSV,2,2,08,29,40,300,42,32,41,030,46,38,26,079,40,39,50,076,45,1*7B
$GBGSV,2,1,05,06,53,103,39,08,31,067,39,09,51,127,40,13,44,052,39,B*08
$GBGSV,2,2,05,16,51,090,40,B*3E
$GBGSV,3,1,12,01,03,095,,02,58,140,,03,35,112,,05,62,201,,0*77
$GBGSV,3,2,12,07,01,156,,10,07,165,,19,13,265,,23,16,080,,0*70
$GBGSV,3,3,12,30,58,212,,59,08,095,,60,60,149,,61,35,113,,0*7D
$GQGSV,1,1,02,04,20,068,35,07,19,104,34,1*64
$GQGSV,1,1,03,03,05,128,24,04,20,068,33,07,19,104,34,6*5F
$GNGLL,2454.22833,N,06708.27293,E,141757.00,A,D*78
$GNRMC,141758.00,A,2454.22833,N,06708.27293,E,0.001,,050525,,,R,V*04
$GNVTG,,T,,M,0.001,N,0.002,K,D*3B
$GNGGA,141758.00,2454.22833,N,06708.27293,E,4,12,0.67,21.9,M,-44.2,M,1.0,0290*71
$GNGSA,A,3,08,10,18,23,27,28,32,31,02,,,,1.46,0.67,1.29,1*06
$GNGSA,A,3,87,66,86,72,65,88,,,,,,,1.46,0.67,1.29,2*0D
$GNGSA,A,3,05,03,08,15,34,,,,,,,,1.46,0.67,1.29,3*06
$GNGSA,A,3,08,09,06,13,20,16,29,27,32,38,39,,1.46,0.67,1.29,4*02
$GNGSA,A,3,04,,,,,,,,,,,,1.46,0.67,1.29,5*09
$GPGSV,4,1,13,02,22,321,39,08,23,283,42,10,48,025,47,18,21,138,37,1*60
$GPGSV,4,2,13,23,24,073,40,24,04,039,28,27,33,241,37,28,40,164,43,1*69
$GPGSV,4,3,13,31,19,185,40,32,71,340,50,36,34,246,37,40,59,208,47,1*61
$GPGSV,4,4,13,41,56,146,46,1*51
$GPGSV,3,1,09,08,23,283,33,10,48,025,37,18,21,138,35,23,24,073,37,6*67
$GPGSV,3,2,09,24,04,039,25,27,33,241,33,28,40,164,40,31,19,185,33,6*69
$GPGSV,3,3,09,32,71,340,39,6*50
$GPGSV,1,1,01,49,17,257,,0*5F
$GLGSV,3,1,09,65,45,303,46,66,15,256,40,72,32,019,45,74,11,078,35,1*75
$GLGSV,3,2,09,75,09,127,44,86,23,160,46,87,68,182,49,88,42,324,49,1*7C
$GLGSV,3,3,09,,,,47,1*72
$GLGSV,2,1,07,65,45,303,05,66,15,256,36,72,32,019,41,75,09,127,32,3*7E
$GLGSV,2,2,07,86,23,160,39,88,42,324,43,,,,42,3*7D
$GLGSV,1,1,01,73,00,038,,0*47
$GAGSV,2,1,06,03,70,010,43,05,20,040,37,08,49,240,42,13,15,322,38,2*7D
$GAGSV,2,2,06,15,66,341,43,34,54,125,41,2*70
$GAGSV,2,1,06,03,70,010,47,05,20,040,39,08,49,240,42,13,15,322,36,7*7C
$GAGSV,2,2,06,15,66,341,46,34,54,125,45,7*74
$GAGSV,1,1,02,07,00,228,,36,05,136,,0*7D
$GBGSV,2,1,08,08,31,067,39,13,44,052,43,20,48,304,46,27,19,163,42,1*7A
$GBGSV,2,2,08,29,40,300,42,32,41,030,46,38,26,079,40,39,50,076,45,1*7B
$GBGSV,2,1,05,06,53,103,39,08,31,067,39,09,51,127,40,13,44,052,39,B*08
$GBGSV,2,2,05,16,51,090,40,B*3E
$GBGSV,3,1,12,01,03,095,,02,58,140,,03,35,112,,05,62,201,,0*77
$GBGSV,3,2,12,07,01,156,,10,07,165,,19,13,265,,23,16,080,,0*70
$GBGSV,3,3,12,30,58,212,,59,08,095,,60,60,149,,61,35,113,,0*7D
$GQGSV,1,1,02,04,20,068,35,07,19,104,34,1*64
$GQGSV,1,1,03,03,05,128,24,04,20,068,33,07,19,104,34,6*5F
$GNGLL,2454.22833,N,06708.27293,E,141758.00,A,D*77
$GNRMC,141759.00,A,2454.22834,N,06708.27293,E,0.018,,050525,,,R,V*0A
$GNVTG,,T,,M,0.018,N,0.033,K,D*31
$GNGGA,141759.00,2454.22834,N,06708.27293,E,4,12,0.67,21.9,M,-44.2,M,1.0,0290*77
$GNGSA,A,3,08,10,18,23,27,28,32,31,02,,,,1.46,0.67,1.29,1*06
$GNGSA,A,3,87,66,86,72,65,88,,,,,,,1.46,0.67,1.29,2*0D
$GNGSA,A,3,05,03,08,15,34,,,,,,,,1.46,0.67,1.29,3*06
$GNGSA,A,3,08,09,06,13,20,16,29,27,32,38,39,,1.46,0.67,1.29,4*02
$GNGSA,A,3,04,,,,,,,,,,,,1.46,0.67,1.29,5*09
$GPGSV,4,1,13,02,22,321,39,08,23,283,42,10,48,025,47,18,21,138,38,1*6F
$GPGSV,4,2,13,23,24,073,40,24,04,039,29,27,33,241,37,28,40,164,43,1*68
$GPGSV,4,3,13,31,19,185,40,32,71,340,50,36,34,246,37,40,59,208,47,1*61
$GPGSV,4,4,13,41,56,146,46,1*51
$GPGSV,3,1,09,08,23,283,33,10,48,025,37,18,21,138,35,23,24,073,37,6*67
$GPGSV,3,2,09,24,04,039,25,27,33,241,32,28,40,164,40,31,19,185,33,6*68
$GPGSV,3,3,09,32,71,340,39,6*50
$GPGSV,1,1,01,49,17,257,,0*5F
$GLGSV,3,1,09,65,45,303,46,66,15,256,41,72,32,019,45,74,11,078,35,1*74
$GLGSV,3,2,09,75,09,127,44,86,23,160,45,87,68,182,48,88,42,324,49,1*7E
$GLGSV,3,3,09,,,,47,1*72
$GLGSV,2,1,07,65,45,303,09,66,15,256,36,72,32,019,41,75,09,127,32,3*72
$GLGSV,2,2,07,86,23,160,39,88,42,324,43,,,,42,3*7D
$GLGSV,1,1,01,73,00,038,,0*47
$GAGSV,2,1,06,03,70,010,43,05,20,040,37,08,49,240,42,13,15,322,38,2*7D
$GAGSV,2,2,06,15,66,341,43,34,54,125,41,2*70
$GAGSV,2,1,06,03,70,010,47,05,20,040,39,08,49,240,42,13,15,322,36,7*7C
$GAGSV,2,2,06,15,66,341,46,34,54,125,45,7*74
$GAGSV,1,1,02,07,00,228,,36,05,136,,0*7D
$GBGSV,2,1,08,08,31,067,39,13,44,052,43,20,48,304,46,27,19,163,42,1*7A
$GBGSV,2,2,08,29,40,300,43,32,41,030,46,38,26,079,40,39,50,076,45,1*7A
$GBGSV,2,1,05,06,53,103,39,08,31,067,39,09,51,127,40,13,44,052,39,B*08
$GBGSV,2,2,05,16,51,090,40,B*3E
$GBGSV,3,1,12,01,03,095,,02,58,140,,03,35,112,,05,62,201,,0*77
$GBGSV,3,2,12,07,01,156,,10,07,165,,19,13,265,,23,16,080,,0*70
$GBGSV,3,3,12,30,58,212,,59,08,095,,60,60,149,,61,35,113,,0*7D
$GQGSV,1,1,02,04,20,068,35,07,19,104,34,1*64
$GQGSV,1,1,03,03,05,128,24,04,20,068,33,07,19,104,34,6*5F
$GNGLL,2454.22834,N,06708.27293,E,141759.00,A,D*71
$GNRMC,141800.00,A,2454.22834,N,06708.27293,E,0.015,,050525,,,R,V*04
$GNVTG,,T,,M,0.015,N,0.027,K,D*39
$GNGGA,141800.00,2454.22834,N,06708.27293,E,4,12,0.67,21.9,M,-44.2,M,1.0,0290*74
$GNGSA,A,3,08,10,18,23,27,28,32,31,02,,,,1.46,0.67,1.29,1*06
$GNGSA,A,3,87,66,86,72,65,88,,,,,,,1.46,0.67,1.29,2*0D
$GNGSA,A,3,05,03,08,15,34,,,,,,,,1.46,0.67,1.29,3*06
$GNGSA,A,3,08,09,06,13,20,16,29,27,32,38,39,,1.46,0.67,1.29,4*02
$GNGSA,A,3,04,,,,,,,,,,,,1.46,0.67,1.29,5*09
$GPGSV,4,1,13,02,22,321,39,08,23,283,42,10,48,025,47,18,21,138,37,1*60
$GPGSV,4,2,13,23,24,073,40,24,04,039,29,27,33,241,37,28,40,164,43,1*68
$GPGSV,4,3,13,31,19,185,40,32,71,340,50,36,34,246,37,40,59,208,47,1*61
$GPGSV,4,4,13,41,56,146,46,1*51
$GPGSV,3,1,09,08,23,283,33,10,48,025,37,18,21,138,35,23,24,073,37,6*67
$GPGSV,3,2,09,24,04,039,25,27,33,241,33,28,40,164,40,31,19,185,33,6*69
$GPGSV,3,3,09,32,71,340,39,6*50
$GPGSV,1,1,01,49,17,257,,0*5F
$GLGSV,3,1,09,65,45,303,46,66,15,256,40,72,32,019,45,74,11,078,35,1*75
$GLGSV,3,2,09,75,09,127,44,86,23,160,45,87,68,182,48,88,42,324,49,1*7E
$GLGSV,3,3,09,,,,47,1*72
$GLGSV,2,1,07,65,45,303,11,66,15,256,36,72,32,019,41,75,09,127,32,3*7B
$GLGSV,2,2,07,86,23,160,39,88,42,324,43,,,,42,3*7D
$GLGSV,1,1,01,73,00,038,,0*47
$GAGSV,2,1,06,03,70,010,43,05,20,040,37,08,49,240,42,13,15,322,39,2*7C
$GAGSV,2,2,06,15,66,341,43,34,54,125,41,2*70
$GAGSV,2,1,06,03,70,010,47,05,20,040,39,08,49,240,42,13,15,322,36,7*7C
$GAGSV,2,2,06,15,66,341,46,34,54,125,45,7*74
$GAGSV,1,1,02,07,00,228,,36,05,136,,0*7D
$GBGSV,2,1,08,08,31,067,39,13,44,052,43,20,48,304,46,27,19,163,42,1*7A
$GBGSV,2,2,08,29,40,300,43,32,41,030,46,38,26,079,40,39,50,076,45,1*7A
$GBGSV,2,1,05,06,53,103,39,08,31,067,39,09,51,127,40,13,44,052,39,B*08
$GBGSV,2,2,05,16,51,090,40,B*3E
$GBGSV,3,1,12,01,03,095,,02,58,140,,03,35,112,,05,62,201,,0*77
$GBGSV,3,2,12,07,01,156,,10,07,165,,19,13,265,,23,16,080,,0*70
$GBGSV,3,3,12,30,58,212,,59,08,095,,60,60,149,,61,35,113,,0*7D
$GQGSV,1,1,02,04,20,068,35,07,19,104,34,1*64
$GQGSV,1,1,03,03,05,128,24,04,20,068,33,07,19,104,34,6*5F
$GNGLL,2454.22834,N,06708.27293,E,141800.00,A,D*72
$GNRMC,141801.00,A,2454.22834,N,06708.27293,E,0.016,,050525,,,R,V*06
$GNVTG,,T,,M,0.016,N,0.030,K,D*3C
$GNGGA,141801.00,2454.22834,N,06708.27293,E,4,12,0.67,21.9,M,-44.2,M,1.0,0290*75
$GNGSA,A,3,08,10,18,23,27,28,32,31,02,,,,1.46,0.67,1.29,1*06
$GNGSA,A,3,87,66,86,72,65,88,,,,,,,1.46,0.67,1.29,2*0D
$GNGSA,A,3,05,03,08,15,34,,,,,,,,1.46,0.67,1.29,3*06
$GNGSA,A,3,08,09,06,13,20,16,29,27,32,38,39,,1.46,0.67,1.29,4*02
$GNGSA,A,3,04,,,,,,,,,,,,1.46,0.67,1.29,5*09
$GPGSV,4,1,13,02,22,321,39,08,23,283,42,10,48,025,47,18,21,138,38,1*6F
$GPGSV,4,2,13,23,24,073,40,24,04,039,29,27,33,241,37,28,40,164,43,1*68
$GPGSV,4,3,13,31,19,185,40,32,71,340,50,36,34,246,37,40,59,208,47,1*61
$GPGSV,4,4,13,41,56,146,46,1*51
$GPGSV,3,1,09,08,23,283,33,10,48,025,37,18,21,138,35,23,24,073,37,6*67
$GPGSV,3,2,09,24,04,039,25,27,33,241,33,28,40,164,40,31,19,185,33,6*69
$GPGSV,3,3,09,32,71,340,39,6*50
$GPGSV,1,1,01,49,17,257,,0*5F
$GLGSV,3,1,09,65,45,303,46,66,15,256,40,72,32,019,45,74,11,078,36,1*76
$GLGSV,3,2,09,75,09,127,44,86,23,160,45,87,68,182,48,88,42,324,50,1*76
$GLGSV,3,3,09,,,,47,1*72
$GLGSV,2,1,07,65,45,303,11,66,15,256,36,72,32,019,41,75,09,127,32,3*7B
$GLGSV,2,2,07,86,23,160,39,88,42,324,43,,,,42,3*7D
$GLGSV,1,1,01,73,00,038,,0*47
$GAGSV,2,1,06,03,70,010,43,05,20,040,37,08,49,240,42,13,15,322,38,2*7D
$GAGSV,2,2,06,15,66,341,43,34,54,125,41,2*70
$GAGSV,2,1,06,03,70,010,46,05,20,040,39,08,49,240,42,13,15,322,36,7*7D
$GAGSV,2,2,06,15,66,341,46,34,54,125,45,7*74
$GAGSV,1,1,02,07,00,228,,36,05,136,,0*7D
$GBGSV,2,1,08,08,31,067,39,13,44,052,43,20,48,304,46,27,19,163,42,1*7A
$GBGSV,2,2,08,29,40,300,43,32,41,030,46,38,26,079,40,39,50,076,45,1*7A
$GBGSV,2,1,05,06,53,103,39,08,31,067,39,09,51,127,40,13,44,052,39,B*08
$GBGSV,2,2,05,16,51,090,40,B*3E
$GBGSV,3,1,12,01,03,095,,02,58,140,,03,35,112,,05,62,201,,0*77
$GBGSV,3,2,12,07,01,156,,10,07,165,,19,13,265,,23,16,080,,0*70
$GBGSV,3,3,12,30,58,212,,59,08,095,,60,60,149,,61,35,113,,0*7D
$GQGSV,1,1,02,04,20,068,35,07,19,104,33,1*63
$GQGSV,1,1,03,03,05,128,25,04,20,068,33,07,19,104,34,6*5E
$GNGLL,2454.22834,N,06708.27293,E,141801.00,A,D*73
$GNRMC,141802.00,A,2454.22833,N,06708.27293,E,0.006,,050525,,,R,V*03
$GNVTG,,T,,M,0.006,N,0.011,K,D*3E
$GNGGA,141802.00,2454.22833,N,06708.27293,E,4,12,0.67,21.9,M,-44.2,M,1.0,0290*71
$GNGSA,A,3,08,10,18,23,27,28,32,31,02,,,,1.46,0.67,1.29,1*06
$GNGSA,A,3,87,66,86,72,65,88,,,,,,,1.46,0.67,1.29,2*0D
$GNGSA,A,3,05,03,08,15,34,,,,,,,,1.46,0.67,1.29,3*06
$GNGSA,A,3,08,09,06,13,20,16,29,27,32,38,39,,1.46,0.67,1.29,4*02
$GNGSA,A,3,04,,,,,,,,,,,,1.46,0.67,1.29,5*09
$GPGSV,4,1,13,02,22,321,39,08,23,283,43,10,48,025,47,18,21,138,38,1*6E
$GPGSV,4,2,13,23,24,073,40,24,04,039,28,27,33,241,37,28,40,164,43,1*69
$GPGSV,4,3,13,31,19,185,40,32,71,340,50,36,34,246,36,40,59,208,47,1*60
$GPGSV,4,4,13,41,56,146,46,1*51
$GPGSV,3,1,09,08,23,283,33,10,48,025,37,18,21,138,35,23,24,073,36,6*66
$GPGSV,3,2,09,24,04,039,25,27,33,241,33,28,40,164,39,31,19,185,33,6*67
$GPGSV,3,3,09,32,71,340,39,6*50
$GPGSV,1,1,01,49,17,257,,0*5F
$GLGSV,3,1,09,65,45,303,46,66,15,256,41,72,32,019,45,74,11,078,36,1*77
$GLGSV,3,2,09,75,09,127,44,86,23,160,45,87,68,182,48,88,42,324,50,1*76
$GLGSV,3,3,09,,,,47,1*72
$GLGSV,2,1,07,65,45,303,11,66,15,256,36,72,32,019,41,75,09,127,31,3*78
$GLGSV,2,2,07,86,23,160,39,88,42,324,43,,,,42,3*7D
$GLGSV,1,1,01,73,00,038,,0*47
$GAGSV,2,1,06,03,70,010,43,05,20,040,37,08,49,240,42,13,15,322,38,2*7D
$GAGSV,2,2,06,15,66,341,43,34,54,125,41,2*70
$GAGSV,2,1,06,03,70,010,46,05,20,040,39,08,49,240,42,13,15,322,36,7*7D
$GAGSV,2,2,06,15,66,341,46,34,54,125,45,7*74
$GAGSV,1,1,02,07,00,228,,36,05,136,,0*7D
$GBGSV,2,1,08,08,31,067,39,13,44,052,43,20,48,304,46,27,19,163,42,1*7A
$GBGSV,2,2,08,29,40,300,43,32,41,030,46,38,26,079,40,39,50,076,45,1*7A
$GBGSV,2,1,05,06,53,103,39,08,31,067,39,09,51,127,40,13,44,052,39,B*08
$GBGSV,2,2,05,16,51,090,40,B*3E
$GBGSV,3,1,12,01,03,095,,02,58,140,,03,35,112,,05,62,201,,0*77
$GBGSV,3,2,12,07,01,156,,10,07,165,,19,13,265,,23,16,080,,0*70
$GBGSV,3,3,12,30,58,212,,59,08,095,,60,60,149,,61,35,113,,0*7D
$GQGSV,1,1,02,04,20,068,36,07,19,104,34,1*67
$GQGSV,1,1,03,03,05,128,24,04,20,068,33,07,19,104,34,6*5F
$GNGLL,2454.22833,N,06708.27293,E,141802.00,A,D*77
$GNRMC,141803.00,A,2454.22833,N,06708.27293,E,0.007,,050525,,,R,V*03
$GNVTG,,T,,M,0.007,N,0.013,K,D*3D
$GNGGA,141803.00,2454.22833,N,06708.27293,E,4,12,0.67,21.9,M,-44.2,M,1.0,0290*70
$GNGSA,A,3,08,10,18,23,27,28,32,31,02,,,,1.46,0.67,1.29,1*06
$GNGSA,A,3,87,66,86,72,65,88,,,,,,,1.46,0.67,1.29,2*0D
$GNGSA,A,3,05,03,08,15,34,,,,,,,,1.46,0.67,1.29,3*06
$GNGSA,A,3,08,09,06,13,20,16,29,27,32,38,39,,1.46,0.67,1.29,4*02
$GNGSA,A,3,04,,,,,,,,,,,,1.46,0.67,1.29,5*09
$GPGSV,4,1,13,02,22,321,39,08,23,283,43,10,48,025,47,18,21,138,38,1*6E
$GPGSV,4,2,13,23,24,073,40,24,04,039,28,27,33,241,37,28,40,164,43,1*69
$GPGSV,4,3,13,31,19,185,40,32,71,340,50,36,34,246,37,40,59,208,47,1*61
$GPGSV,4,4,13,41,56,146,46,1*51
$GPGSV,3,1,09,08,23,283,33,10,48,025,37,18,21,138,35,23,24,073,37,6*67
$GPGSV,3,2,09,24,04,039,25,27,33,241,33,28,40,164,40,31,19,185,33,6*69
$GPGSV,3,3,09,32,71,340,39,6*50
$GPGSV,1,1,01,49,17,257,,0*5F
$GLGSV,3,1,09,65,45,303,46,66,15,256,41,72,32,019,45,74,11,078,36,1*77
$GLGSV,3,2,09,75,09,127,44,86,23,160,45,87,68,182,48,88,42,324,49,1*7E
$GLGSV,3,3,09,,,,47,1*72
$GLGSV,2,1,07,65,45,303,11,66,15,256,36,72,32,019,41,75,09,127,32,3*7B
$GLGSV,2,2,07,86,23,160,39,88,42,324,43,,,,42,3*7D
$GLGSV,1,1,01,73,00,038,,0*47
$GAGSV,2,1,06,03,70,010,43,05,20,040,37,08,49,240,42,13,15,322,38,2*7D
$GAGSV,2,2,06,15,66,341,43,34,54,125,41,2*70
$GAGSV,2,1,06,03,70,010,47,05,20,040,39,08,49,240,42,13,15,322,36,7*7C
$GAGSV,2,2,06,15,66,341,46,34,54,125,45,7*74
$GAGSV,1,1,02,07,00,228,,36,05,136,,0*7D
$GBGSV,2,1,08,08,31,067,39,13,44,052,43,20,48,304,46,27,19,163,42,1*7A
$GBGSV,2,2,08,29,40,300,43,32,41,030,46,38,26,079,40,39,50,076,45,1*7A
$GBGSV,2,1,05,06,53,103,39,08,31,067,39,09,51,127,40,13,44,052,39,B*08
$GBGSV,2,2,05,16,51,090,40,B*3E
$GBGSV,3,1,12,01,03,095,,02,58,140,,03,35,112,,05,62,201,,0*77
$GBGSV,3,2,12,07,01,156,,10,07,165,,19,13,265,,23,16,080,,0*70
$GBGSV,3,3,12,30,58,212,,59,08,095,,60,60,149,,61,35,113,,0*7D
$GQGSV,1,1,02,04,20,068,35,07,19,104,34,1*64
$GQGSV,1,1,03,03,05,128,24,04,20,068,33,07,19,104,34,6*5F
$GNGLL,2454.22833,N,06708.27293,E,141803.00,A,D*76
$GNRMC,141804.00,A,2454.22833,N,06708.27293,E,0.012,,050525,,,R,V*00
$GNVTG,,T,,M,0.012,N,0.022,K,D*3B
$GNGGA,141804.00,2454.22833,N,06708.27293,E,4,12,0.67,21.9,M,-44.2,M,1.0,0290*77
$GNGSA,A,3,08,10,18,23,27,28,32,31,02,,,,1.46,0.67,1.29,1*06
$GNGSA,A,3,87,66,86,72,65,88,,,,,,,1.46,0.67,1.29,2*0D
$GNGSA,A,3,05,03,08,15,34,,,,,,,,1.46,0.67,1.29,3*06
$GNGSA,A,3,08,09,06,13,20,16,29,27,32,38,39,,1.46,0.67,1.29,4*02
$GNGSA,A,3,04,,,,,,,,,,,,1.46,0.67,1.29,5*09
$GPGSV,4,1,13,02,22,321,39,08,23,283,43,10,48,025,47,18,21,138,38,1*6E
$GPGSV,4,2,13,23,24,073,40,24,04,039,28,27,33,241,37,28,40,164,43,1*69
$GPGSV,4,3,13,31,19,185,40,32,71,340,50,36,34,246,37,40,59,208,47,1*61
$GPGSV,4,4,13,41,56,146,46,1*51
$GPGSV,3,1,09,08,23,283,33,10,48,025,37,18,21,138,35,23,24,073,36,6*66
$GPGSV,3,2,09,24,04,039,25,27,33,241,33,28,40,164,40,31,19,185,33,6*69
$GPGSV,3,3,09,32,71,340,39,6*50
$GPGSV,1,1,01,49,17,257,,0*5F
$GLGSV,3,1,09,65,45,303,46,66,15,256,41,72,32,019,45,74,11,078,36,1*77
$GLGSV,3,2,09,75,09,127,44,86,23,160,45,87,68,182,48,88,42,324,49,1*7E
$GLGSV,3,3,09,,,,47,1*72
$GLGSV,2,1,07,65,45,303,11,66,15,256,36,72,32,019,41,75,09,127,31,3*78
$GLGSV,2,2,07,86,23,160,39,88,42,324,43,,,,41,3*7E
$GLGSV,1,1,01,73,00,038,,0*47
$GAGSV,2,1,06,03,70,010,43,05,20,040,37,08,49,240,42,13,15,322,39,2*7C
$GAGSV,2,2,06,15,66,341,43,34,54,125,41,2*70
$GAGSV,2,1,06,03,70,010,47,05,20,040,39,08,49,240,42,13,15,322,37,7*7D
$GAGSV,2,2,06,15,66,341,46,34,54,125,45,7*74
$GAGSV,1,1,02,07,00,228,,36,05,136,,0*7D
$GBGSV,2,1,08,08,31,067,39,13,44,052,43,20,48,304,46,27,19,163,42,1*7A
$GBGSV,2,2,08,29,40,300,43,32,41,030,46,38,26,079,41,39,50,076,45,1*7B
$GBGSV,2,1,05,06,53,103,39,08,31,067,39,09,51,127,40,13,44,052,39,B*08
$GBGSV,2,2,05,16,51,090,40,B*3E
$GBGSV,3,1,12,01,03,095,,02,58,140,,03,35,112,,05,62,201,,0*77
$GBGSV,3,2,12,07,01,156,,10,07,165,,19,13,265,,23,16,080,,0*70
$GBGSV,3,3,12,30,58,212,,59,08,095,,60,60,149,,61,35,113,,0*7D
$GQGSV,1,1,02,04,20,068,36,07,19,104,34,1*67
$GQGSV,1,1,03,03,05,128,25,04,20,068,33,07,19,104,34,6*5E
$GNGLL,2454.22833,N,06708.27293,E,141804.00,A,D*71
$GNRMC,141805.00,A,2454.22833,N,06708.27293,E,0.008,,050525,,,R,V*0A
$GNVTG,,T,,M,0.008,N,0.014,K,D*35
$GNGGA,141805.00,2454.22833,N,06708.27293,E,4,12,0.67,21.9,M,-44.2,M,1.0,0290*76
$GNGSA,A,3,08,10,18,23,27,28,32,31,02,,,,1.46,0.67,1.29,1*06
$GNGSA,A,3,87,66,86,72,65,88,,,,,,,1.46,0.67,1.29,2*0D
$GNGSA,A,3,05,03,08,15,34,,,,,,,,1.46,0.67,1.29,3*06
$GNGSA,A,3,08,09,06,13,20,16,29,27,32,38,39,,1.46,0.67,1.29,4*02
$GNGSA,A,3,04,,,,,,,,,,,,1.46,0.67,1.29,5*09
$GPGSV,4,1,13,02,22,321,40,08,23,283,43,10,48,025,47,18,21,138,38,1*60
$GPGSV,4,2,13,23,24,073,40,24,04,039,27,27,33,241,36,28,40,164,43,1*67
$GPGSV,4,3,13,31,19,185,40,32,71,340,50,36,34,246,37,40,59,208,47,1*61
$GPGSV,4,4,13,41,56,146,46,1*51
$GPGSV,3,1,09,08,23,283,33,10,48,025,37,18,21,138,35,23,24,073,37,6*67
$GPGSV,3,2,09,24,04,039,25,27,33,241,33,28,40,164,40,31,19,185,33,6*69
$GPGSV,3,3,09,32,71,340,39,6*50
$GPGSV,1,1,01,49,17,257,,0*5F
$GLGSV,3,1,09,65,45,303,46,66,15,256,41,72,32,019,45,74,11,078,36,1*77
$GLGSV,3,2,09,75,09,127,44,86,22,161,45,87,68,182,48,88,42,324,50,1*76
$GLGSV,3,3,09,,,,47,1*72
$GLGSV,2,1,07,65,45,303,08,66,15,256,36,72,32,019,41,75,09,127,31,3*70
$GLGSV,2,2,07,86,22,161,40,88,42,324,43,,,,42,3*73
$GLGSV,1,1,01,73,00,038,,0*47
$GAGSV,2,1,06,03,70,010,43,05,20,040,37,08,49,240,42,13,15,322,39,2*7C
$GAGSV,2,2,06,15,66,341,43,34,54,125,41,2*70
$GAGSV,2,1,06,03,70,010,47,05,20,040,39,08,49,240,42,13,15,322,37,7*7D
$GAGSV,2,2,06,15,66,341,46,34,54,125,45,7*74
$GAGSV,1,1,02,07,00,228,,36,05,136,,0*7D
$GBGSV,2,1,08,08,31,067,39,13,44,052,43,20,48,304,46,27,19,163,42,1*7A
$GBGSV,2,2,08,29,40,300,43,32,41,030,46,38,26,079,40,39,50,076,45,1*7A
$GBGSV,2,1,05,06,53,103,39,08,31,067,39,09,51,127,40,13,44,052,39,B*08
$GBGSV,2,2,05,16,51,090,40,B*3E
$GBGSV,3,1,12,01,03,095,,02,58,140,,03,35,112,,05,62,201,,0*77
$GBGSV,3,2,12,07,01,156,,10,07,165,,19,13,265,,23,16,080,,0*70
$GBGSV,3,3,12,30,58,212,,59,08,095,,60,60,149,,61,35,113,,0*7D
$GQGSV,1,1,02,04,20,068,36,07,19,104,34,1*67
$GQGSV,1,1,03,03,05,128,25,04,20,068,33,07,19,104,34,6*5E
$GNGLL,2454.22833,N,06708.27293,E,141805.00,A,D*70
$GNRMC,141806.00,A,2454.22833,N,06708.27293,E,0.013,,050525,,,R,V*03
$GNVTG,,T,,M,0.013,N,0.024,K,D*3C
$GNGGA,141806.00,2454.22833,N,06708.27293,E,4,12,0.67,21.9,M,-44.2,M,1.0,0290*75
$GNGSA,A,3,08,10,18,23,27,28,32,31,02,,,,1.46,0.67,1.29,1*06
$GNGSA,A,3,87,66,86,72,65,88,,,,,,,1.46,0.67,1.29,2*0D
$GNGSA,A,3,05,03,08,15,34,,,,,,,,1.46,0.67,1.29,3*06
$GNGSA,A,3,08,09,06,13,20,16,29,27,32,38,39,,1.46,0.67,1.29,4*02
$GNGSA,A,3,04,,,,,,,,,,,,1.46,0.67,1.29,5*09
$GPGSV,4,1,13,02,22,321,39,08,23,283,43,10,48,025,46,18,21,138,38,1*6F
$GPGSV,4,2,13,23,24,073,40,24,04,039,28,27,33,241,36,28,40,164,43,1*68
$GPGSV,4,3,13,31,19,185,40,32,71,340,50,36,34,246,36,40,59,208,47,1*60
$GPGSV,4,4,13,41,56,146,46,1*51
$GPGSV,3,1,09,08,23,283,33,10,48,025,37,18,21,138,35,23,24,073,36,6*66
$GPGSV,3,2,09,24,04,039,25,27,33,241,33,28,40,164,40,31,19,185,33,6*69
$GPGSV,3,3,09,32,71,340,39,6*50
$GPGSV,1,1,01,49,17,257,,0*5F
$GLGSV,3,1,09,65,45,303,46,66,15,256,41,72,32,019,45,74,11,078,36,1*77
$GLGSV,3,2,09,75,09,127,44,86,22,161,45,87,67,182,48,88,42,324,50,1*79
$GLGSV,3,3,09,,,,47,1*72
$GLGSV,2,1,07,65,45,303,08,66,15,256,37,72,32,019,41,75,09,127,31,3*71
$GLGSV,2,2,07,86,22,161,40,88,42,324,43,,,,41,3*70
$GLGSV,1,1,01,73,00,038,,0*47
$GAGSV,2,1,06,03,70,010,43,05,20,040,37,08,49,240,42,13,15,322,39,2*7C
$GAGSV,2,2,06,15,66,341,43,34,54,125,41,2*70
$GAGSV,2,1,06,03,70,010,47,05,20,040,39,08,49,240,42,13,15,322,37,7*7D
$GAGSV,2,2,06,15,66,341,46,34,54,125,45,7*74
$GAGSV,1,1,02,07,00,228,,36,05,136,,0*7D
$GBGSV,2,1,08,08,31,067,39,13,44,052,43,20,48,304,46,27,19,163,42,1*7A
$GBGSV,2,2,08,29,40,300,43,32,41,030,46,38,26,079,41,39,50,076,45,1*7B
$GBGSV,2,1,05,06,53,103,39,08,31,067,39,09,51,127,40,13,44,052,39,B*08
$GBGSV,2,2,05,16,51,090,40,B*3E
$GBGSV,3,1,12,01,03,095,,02,58,140,,03,35,112,,05,62,201,,0*77
$GBGSV,3,2,12,07,01,156,,10,07,165,,19,13,265,,23,16,080,,0*70
$GBGSV,3,3,12,30,58,212,,59,08,095,,60,60,149,,61,35,113,,0*7D
$GQGSV,1,1,02,04,20,068,36,07,19,104,34,1*67
$GQGSV,1,1,03,03,05,128,25,04,20,068,33,07,19,104,34,6*5E
$GNGLL,2454.22833,N,06708.27293,E,141806.00,A,D*73
$GNRMC,141807.00,A,2454.22833,N,06708.27293,E,0.013,,050525,,,R,V*02
$GNVTG,,T,,M,0.013,N,0.025,K,D*3D
$GNGGA,141807.00,2454.22833,N,06708.27293,E,4,12,0.67,21.9,M,-44.2,M,1.0,0290*74
$GNGSA,A,3,08,10,18,23,27,28,32,31,02,,,,1.46,0.67,1.29,1*06
$GNGSA,A,3,87,66,86,72,65,88,,,,,,,1.46,0.67,1.29,2*0D
$GNGSA,A,3,05,03,08,15,34,,,,,,,,1.46,0.67,1.29,3*06
$GNGSA,A,3,08,09,06,13,20,16,29,27,32,38,39,,1.46,0.67,1.29,4*02
$GNGSA,A,3,04,,,,,,,,,,,,1.46,0.67,1.29,5*09
$GPGSV,4,1,13,02,22,321,40,08,23,283,43,10,48,025,47,18,21,138,38,1*60
$GPGSV,4,2,13,23,24,073,40,24,04,039,27,27,33,241,36,28,40,164,43,1*67
$GPGSV,4,3,13,31,19,185,40,32,71,340,50,36,34,246,37,40,59,208,47,1*61
$GPGSV,4,4,13,41,56,146,46,1*51
$GPGSV,3,1,09,08,23,283,33,10,48,025,37,18,21,138,35,23,24,073,36,6*66
$GPGSV,3,2,09,24,04,039,25,27,33,241,33,28,40,164,40,31,19,185,33,6*69
$GPGSV,3,3,09,32,71,340,39,6*50
$GPGSV,1,1,01,49,17,257,,0*5F
$GLGSV,3,1,09,65,45,303,46,66,15,256,41,72,32,019,45,74,11,078,36,1*77
$GLGSV,3,2,09,75,09,127,44,86,22,161,45,87,67,182,48,88,43,324,50,1*78
$GLGSV,3,3,09,,,,47,1*72
$GLGSV,2,1,07,65,45,303,10,66,15,256,37,72,32,019,41,75,09,127,31,3*78
$GLGSV,2,2,07,86,22,161,39,88,43,324,43,,,,41,3*7F
$GLGSV,1,1,01,73,00,038,,0*47
$GAGSV,2,1,06,03,70,010,43,05,20,040,37,08,49,240,42,13,15,322,39,2*7C
$GAGSV,2,2,06,15,66,341,43,34,54,125,41,2*70
$GAGSV,2,1,06,03,70,010,47,05,20,040,39,08,49,240,42,13,15,322,37,7*7D
$GAGSV,2,2,06,15,66,341,46,34,54,125,45,7*74
$GAGSV,1,1,02,07,00,228,,36,05,136,,0*7D
$GBGSV,2,1,08,08,31,067,39,13,44,052,43,20,48,304,46,27,19,163,42,1*7A
$GBGSV,2,2,08,29,40,300,43,32,41,030,46,38,26,079,41,39,50,076,45,1*7B
$GBGSV,2,1,05,06,53,103,39,08,31,067,39,09,51,127,40,13,44,052,39,B*08
$GBGSV,2,2,05,16,51,090,40,B*3E
$GBGSV,3,1,12,01,03,095,,02,58,140,,03,35,112,,05,62,201,,0*77
$GBGSV,3,2,12,07,01,156,,10,07,165,,19,13,265,,23,16,080,,0*70
$GBGSV,3,3,12,30,58,212,,59,08,095,,60,60,149,,61,35,113,,0*7D
$GQGSV,1,1,02,04,20,068,36,07,19,104,34,1*67
$GQGSV,1,1,03,03,05,128,25,04,20,068,33,07,19,104,34,6*5E
$GNGLL,2454.22833,N,06708.27293,E,141807.00,A,D*72
$GNRMC,141808.00,A,2454.22833,N,06708.27293,E,0.008,,050525,,,R,V*07
$GNVTG,,T,,M,0.008,N,0.015,K,D*34
$GNGGA,141808.00,2454.22833,N,06708.27293,E,4,12,0.67,21.9,M,-44.2,M,1.0,0290*7B
$GNGSA,A,3,08,10,18,23,27,28,32,31,02,,,,1.46,0.67,1.29,1*06
$GNGSA,A,3,87,66,86,72,65,88,,,,,,,1.46,0.67,1.29,2*0D
$GNGSA,A,3,05,03,08,15,34,,,,,,,,1.46,0.67,1.29,3*06
$GNGSA,A,3,08,09,06,13,20,16,29,27,32,38,39,,1.46,0.67,1.29,4*02
$GNGSA,A,3,04,,,,,,,,,,,,1.46,0.67,1.29,5*09
$GPGSV,4,1,13,02,22,321,39,08,23,283,43,10,48,025,47,18,21,138,38,1*6E
$GPGSV,4,2,13,23,24,073,40,24,04,039,27,27,33,241,36,28,40,164,43,1*67
$GPGSV,4,3,13,31,19,185,40,32,71,340,50,36,34,246,37,40,59,208,47,1*61
$GPGSV,4,4,13,41,56,146,46,1*51
$GPGSV,3,1,09,08,23,283,33,10,48,025,37,18,21,138,35,23,24,073,37,6*67
$GPGSV,3,2,09,24,04,039,25,27,33,241,33,28,40,164,40,31,19,185,34,6*6E
$GPGSV,3,3,09,32,71,340,39,6*50
$GPGSV,1,1,01,49,17,257,,0*5F
$GLGSV,3,1,09,65,45,303,47,66,15,256,41,72,32,019,45,74,11,078,37,1*77
$GLGSV,3,2,09,75,09,127,44,86,22,161,45,87,67,182,48,88,43,324,50,1*78
$GLGSV,3,3,09,,,,47,1*72
$GLGSV,2,1,07,65,45,303,10,66,15,256,37,72,32,019,41,75,09,127,32,3*7B
$GLGSV,2,2,07,86,22,161,40,88,43,324,43,,,,41,3*71
$GLGSV,1,1,01,73,00,038,,0*47
$GAGSV,2,1,06,03,70,010,43,05,20,040,37,08,49,240,42,13,15,322,38,2*7D
$GAGSV,2,2,06,15,66,341,43,34,54,125,41,2*70
$GAGSV,2,1,06,03,70,010,46,05,20,040,39,08,49,240,42,13,15,322,37,7*7C
$GAGSV,2,2,06,15,66,341,46,34,54,125,45,7*74
$GAGSV,1,1,02,07,00,228,,36,05,136,,0*7D
$GBGSV,2,1,08,08,31,067,39,13,44,052,43,20,48,304,46,27,19,163,42,1*7A
$GBGSV,2,2,08,29,40,300,43,32,41,030,46,38,26,079,41,39,50,076,45,1*7B
$GBGSV,2,1,05,06,53,103,40,08,31,067,39,09,51,127,40,13,44,052,39,B*06
$GBGSV,2,2,05,16,51,090,40,B*3E
$GBGSV,3,1,12,01,03,095,,02,58,140,,03,35,112,,05,62,201,,0*77
$GBGSV,3,2,12,07,01,156,,10,07,165,,19,13,265,,23,16,080,,0*70
$GBGSV,3,3,12,30,58,212,,59,08,095,,60,60,149,,61,35,113,,0*7D
$GQGSV,1,1,02,04,20,068,36,07,19,104,34,1*67
$GQGSV,1,1,03,03,05,128,25,04,20,068,33,07,19,104,34,6*5E
$GNGLL,2454.22833,N,06708.27293,E,141808.00,A,D*7D
$GNRMC,141809.00,A,2454.22833,N,06708.27293,E,0.007,,050525,,,R,V*09
$GNVTG,,T,,M,0.007,N,0.013,K,D*3D
$GNGGA,141809.00,2454.22833,N,06708.27293,E,4,12,0.67,21.9,M,-44.2,M,1.0,0290*7A
$GNGSA,A,3,08,10,18,23,27,28,32,31,02,,,,1.46,0.67,1.29,1*06
$GNGSA,A,3,87,66,86,72,65,88,,,,,,,1.46,0.67,1.29,2*0D
$GNGSA,A,3,05,03,08,15,34,,,,,,,,1.46,0.67,1.29,3*06
$GNGSA,A,3,08,09,06,13,20,16,29,27,32,38,39,,1.46,0.67,1.29,4*02
$GNGSA,A,3,04,,,,,,,,,,,,1.46,0.67,1.29,5*09
$GPGSV,4,1,13,02,22,321,39,08,23,283,43,10,48,025,47,18,21,138,38,1*6E
$GPGSV,4,2,13,23,24,073,40,24,04,039,27,27,33,241,36,28,40,164,43,1*67
$GPGSV,4,3,13,31,19,185,40,32,71,340,50,36,34,246,37,40,59,208,47,1*61
$GPGSV,4,4,13,41,56,146,46,1*51
$GPGSV,3,1,09,08,23,283,33,10,48,025,37,18,21,138,35,23,24,073,36,6*66
$GPGSV,3,2,09,24,04,039,25,27,33,241,33,28,40,164,40,31,19,185,33,6*69
$GPGSV,3,3,09,32,71,340,39,6*50
$GPGSV,1,1,01,49,17,257,,0*5F
$GLGSV,3,1,09,65,45,303,47,66,15,256,41,72,32,019,45,74,11,078,37,1*77
$GLGSV,3,2,09,75,09,127,44,86,22,161,45,87,67,182,48,88,43,324,50,1*78
$GLGSV,3,3,09,,,,47,1*72
$GLGSV,2,1,07,65,45,303,10,66,15,256,37,72,32,019,41,75,09,127,31,3*78
$GLGSV,2,2,07,86,22,161,40,88,43,324,43,,,,39,3*7E
$GLGSV,1,1,01,73,00,038,,0*47
$GAGSV,2,1,06,03,70,010,43,05,20,040,37,08,49,240,42,13,15,322,39,2*7C
$GAGSV,2,2,06,15,66,341,43,34,54,125,41,2*70
$GAGSV,2,1,06,03,70,010,47,05,20,040,39,08,49,240,42,13,15,322,37,7*7D
$GAGSV,2,2,06,15,66,341,46,34,54,125,45,7*74
$GAGSV,1,1,02,07,00,228,,36,05,136,,0*7D
$GBGSV,2,1,08,08,31,067,39,13,44,052,43,20,48,304,46,27,19,163,42,1*7A
$GBGSV,2,2,08,29,40,300,43,32,41,030,46,38,26,079,41,39,50,076,45,1*7B
$GBGSV,2,1,05,06,53,103,40,08,31,067,39,09,51,127,40,13,44,052,39,B*06
$GBGSV,2,2,05,16,51,090,40,B*3E
$GBGSV,3,1,12,01,03,095,,02,58,140,,03,35,112,,05,62,201,,0*77
$GBGSV,3,2,12,07,01,156,,10,07,165,,19,13,265,,23,16,080,,0*70
$GBGSV,3,3,12,30,58,212,,59,08,095,,60,60,149,,61,35,113,,0*7D
$GQGSV,1,1,02,04,20,068,36,07,19,104,34,1*67
$GQGSV,1,1,03,03,05,128,25,04,20,068,33,07,19,104,34,6*5E
$GNGLL,2454.22833,N,06708.27293,E,141809.00,A,D*7C
$GNRMC,141810.00,A,2454.22833,N,06708.27293,E,0.013,,050525,,,R,V*04
$GNVTG,,T,,M,0.013,N,0.025,K,D*3D
$GNGGA,141810.00,2454.22833,N,06708.27293,E,4,12,0.67,21.9,M,-44.2,M,1.0,0290*72
$GNGSA,A,3,08,10,18,23,27,28,32,31,02,,,,1.46,0.67,1.29,1*06
$GNGSA,A,3,87,66,86,72,65,88,,,,,,,1.46,0.67,1.29,2*0D
$GNGSA,A,3,05,03,08,15,34,,,,,,,,1.46,0.67,1.29,3*06
$GNGSA,A,3,08,09,06,13,20,16,29,27,32,38,39,,1.46,0.67,1.29,4*02
$GNGSA,A,3,04,,,,,,,,,,,,1.46,0.67,1.29,5*09
$GPGSV,4,1,13,02,22,321,39,08,23,283,42,10,48,025,47,18,21,138,38,1*6F
$GPGSV,4,2,13,23,24,073,40,24,04,039,27,27,33,241,36,28,40,164,43,1*67
$GPGSV,4,3,13,31,19,185,40,32,71,340,50,36,34,246,37,40,59,208,47,1*61
$GPGSV,4,4,13,41,56,146,46,1*51
$GPGSV,3,1,09,08,23,283,34,10,48,025,37,18,21,138,35,23,24,073,36,6*61
$GPGSV,3,2,09,24,04,039,25,27,33,241,33,28,40,164,40,31,19,185,34,6*6E
$GPGSV,3,3,09,32,71,340,40,6*5E
$GPGSV,1,1,01,49,17,257,,0*5F
$GLGSV,3,1,09,65,45,303,47,66,15,256,41,72,32,019,45,74,11,078,36,1*76
$GLGSV,3,2,09,75,09,127,44,86,22,161,45,87,67,182,48,88,43,324,49,1*70
$GLGSV,3,3,09,,,,47,1*72
$GLGSV,2,1,07,65,45,303,10,66,15,256,37,72,32,019,41,75,09,127,31,3*78
$GLGSV,2,2,07,86,22,161,40,88,43,324,43,,,,41,3*71
$GLGSV,1,1,01,73,00,038,,0*47
$GAGSV,2,1,06,03,70,010,43,05,20,040,37,08,49,240,42,13,15,322,39,2*7C
$GAGSV,2,2,06,15,66,341,43,34,54,125,41,2*70
$GAGSV,2,1,06,03,70,010,46,05,20,040,39,08,49,240,42,13,15,322,37,7*7C
$GAGSV,2,2,06,15,66,341,46,34,54,125,45,7*74
$GAGSV,1,1,02,07,00,228,,36,05,136,,0*7D
$GBGSV,2,1,08,08,31,067,39,13,44,052,43,20,48,304,46,27,19,163,42,1*7A
$GBGSV,2,2,08,29,40,300,43,32,41,030,46,38,26,079,41,39,50,076,45,1*7B
$GBGSV,2,1,05,06,53,103,39,08,31,067,39,09,51,127,40,13,44,052,39,B*08
$GBGSV,2,2,05,16,51,090,40,B*3E
$GBGSV,3,1,12,01,03,095,,02,58,140,,03,35,112,,05,62,201,,0*77
$GBGSV,3,2,12,07,01,156,,10,07,165,,19,13,265,,23,16,080,,0*70
$GBGSV,3,3,12,30,58,212,,59,08,095,,60,60,149,,61,35,113,,0*7D
$GQGSV,1,1,02,04,20,068,36,07,19,104,34,1*67
$GQGSV,1,1,03,03,05,128,25,04,20,068,34,07,19,104,34,6*59
$GNGLL,2454.22833,N,06708.27293,E,141810.00,A,D*74
$GNRMC,141811.00,A,2454.22833,N,06708.27293,E,0.009,,050525,,,R,V*0E
$GNVTG,,T,,M,0.009,N,0.016,K,D*36
$GNGGA,141811.00,2454.22833,N,06708.27293,E,4,12,0.67,21.9,M,-44.2,M,1.0,0290*73
$GNGSA,A,3,08,10,18,23,27,28,32,31,02,,,,1.46,0.67,1.29,1*06
$GNGSA,A,3,87,66,86,72,65,88,,,,,,,1.46,0.67,1.29,2*0D
$GNGSA,A,3,05,03,08,15,34,,,,,,,,1.46,0.67,1.29,3*06
$GNGSA,A,3,08,09,06,13,20,16,29,27,32,38,39,,1.46,0.67,1.29,4*02
$GNGSA,A,3,04,,,,,,,,,,,,1.46,0.67,1.29,5*09
$GPGSV,4,1,13,02,22,321,39,08,23,283,42,10,48,025,47,18,21,138,38,1*6F
$GPGSV,4,2,13,23,24,073,40,24,04,039,27,27,33,241,36,28,40,164,43,1*67
$GPGSV,4,3,13,31,19,185,40,32,71,340,50,36,34,246,37,40,59,208,47,1*61
$GPGSV,4,4,13,41,56,146,46,1*51
$GPGSV,3,1,09,08,23,283,33,10,48,025,37,18,21,138,35,23,24,073,37,6*67
$GPGSV,3,2,09,24,04,039,25,27,33,241,33,28,40,164,40,31,19,185,33,6*69
$GPGSV,3,3,09,32,71,340,40,6*5E
$GPGSV,1,1,01,49,17,257,,0*5F
$GLGSV,3,1,09,65,45,303,47,66,15,256,41,72,32,019,45,74,11,078,37,1*77
$GLGSV,3,2,09,75,09,127,44,86,22,161,45,87,67,182,48,88,43,324,49,1*70
$GLGSV,3,3,09,,,,47,1*72
$GLGSV,2,1,07,65,45,303,10,66,15,256,37,72,32,019,41,75,09,127,31,3*78
$GLGSV,2,2,07,86,22,161,40,88,43,324,43,,,,41,3*71
$GLGSV,1,1,01,73,00,038,,0*47
$GAGSV,2,1,06,03,70,010,43,05,20,040,37,08,49,240,42,13,15,322,38,2*7D
$GAGSV,2,2,06,15,66,341,43,34,54,125,41,2*70
$GAGSV,2,1,06,03,70,010,46,05,20,040,38,08,49,240,42,13,15,322,36,7*7C
$GAGSV,2,2,06,15,66,341,46,34,54,125,45,7*74
$GAGSV,1,1,02,07,00,228,,36,05,136,,0*7D
$GBGSV,2,1,08,08,31,067,39,13,44,052,43,20,48,304,46,27,19,163,42,1*7A
$GBGSV,2,2,08,29,40,300,43,32,41,030,46,38,26,079,40,39,50,076,45,1*7A
$GBGSV,2,1,05,06,53,103,39,08,31,067,39,09,51,127,40,13,44,052,39,B*08
$GBGSV,2,2,05,16,51,090,40,B*3E
$GBGSV,3,1,12,01,03,095,,02,58,140,,03,35,112,,05,62,201,,0*77
$GBGSV,3,2,12,07,01,156,,10,07,165,,19,13,265,,23,16,080,,0*70
$GBGSV,3,3,12,30,58,212,,59,08,095,,60,60,149,,61,35,113,,0*7D
$GQGSV,1,1,02,04,20,068,36,07,19,104,34,1*67
$GQGSV,1,1,03,03,05,128,25,04,20,068,34,07,19,104,34,6*59
$GNGLL,2454.22833,N,06708.27293,E,141811.00,A,D*75
$GNRMC,141812.00,A,2454.22834,N,06708.27293,E,0.013,,050525,,,R,V*01
$GNVTG,,T,,M,0.013,N,0.025,K,D*3D
$GNGGA,141812.00,2454.22834,N,06708.27293,E,4,12,0.67,21.9,M,-44.2,M,1.0,0290*77
$GNGSA,A,3,08,10,18,23,27,28,32,31,02,,,,1.46,0.67,1.29,1*06
$GNGSA,A,3,87,66,86,72,65,88,,,,,,,1.46,0.67,1.29,2*0D
$GNGSA,A,3,05,03,08,15,34,,,,,,,,1.46,0.67,1.29,3*06
$GNGSA,A,3,08,09,06,13,20,16,29,27,32,38,39,,1.46,0.67,1.29,4*02
$GNGSA,A,3,04,,,,,,,,,,,,1.46,0.67,1.29,5*09
$GPGSV,4,1,13,02,22,321,39,08,23,283,42,10,48,025,46,18,21,138,37,1*61
$GPGSV,4,2,13,23,24,073,40,24,04,039,27,27,33,241,36,28,40,164,43,1*67
$GPGSV,4,3,13,31,19,185,40,32,71,340,50,36,34,246,37,40,59,208,46,1*60
$GPGSV,4,4,13,41,56,146,46,1*51
$GPGSV,3,1,09,08,23,283,34,10,48,025,38,18,21,138,35,23,24,073,37,6*6F
$GPGSV,3,2,09,24,04,039,25,27,33,241,33,28,40,164,41,31,19,185,34,6*6F
$GPGSV,3,3,09,32,71,340,41,6*5F
$GPGSV,1,1,01,49,17,257,,0*5F
$GLGSV,3,1,09,65,45,303,46,66,15,256,41,72,32,019,45,74,11,078,37,1*76
$GLGSV,3,2,09,75,09,127,44,86,22,161,44,87,67,182,48,88,43,324,49,1*71
$GLGSV,3,3,09,,,,47,1*72
$GLGSV,2,1,07,65,45,303,08,66,15,256,37,72,32,019,41,75,09,127,31,3*71
$GLGSV,2,2,07,86,22,161,40,88,43,324,43,,,,41,3*71
$GLGSV,1,1,01,73,00,038,,0*47
$GAGSV,2,1,06,03,70,010,43,05,20,040,37,08,49,240,42,13,15,322,39,2*7C
$GAGSV,2,2,06,15,66,341,43,34,54,125,41,2*70
$GAGSV,2,1,06,03,70,010,46,05,20,040,38,08,49,240,42,13,15,322,36,7*7C
$GAGSV,2,2,06,15,66,341,46,34,54,125,45,7*74
$GAGSV,1,1,02,07,00,228,,36,05,136,,0*7D
$GBGSV,2,1,08,08,31,067,39,13,44,052,43,20,48,304,46,27,19,163,42,1*7A
$GBGSV,2,2,08,29,40,300,42,32,41,030,46,38,26,079,40,39,50,076,45,1*7B
$GBGSV,2,1,05,06,53,103,39,08,31,067,39,09,51,127,40,13,44,052,39,B*08
$GBGSV,2,2,05,16,51,090,40,B*3E
$GBGSV,3,1,12,01,03,095,,02,58,140,,03,35,112,,05,62,201,,0*77
$GBGSV,3,2,12,07,01,156,,10,07,165,,19,13,265,,23,16,080,,0*70
$GBGSV,3,3,12,30,58,212,,59,08,095,,60,60,149,,61,35,113,,0*7D
$GQGSV,1,1,02,04,20,068,35,07,19,104,34,1*64
$GQGSV,1,1,03,03,05,128,25,04,20,068,34,07,19,104,34,6*59
$GNGLL,2454.22834,N,06708.27293,E,141812.00,A,D*71
$GNRMC,141813.00,A,2454.22834,N,06708.27293,E,0.016,,050525,,,R,V*05
$GNVTG,,T,,M,0.016,N,0.029,K,D*34
$GNGGA,141813.00,2454.22834,N,06708.27293,E,4,12,0.67,21.9,M,-44.2,M,1.0,0290*76
$GNGSA,A,3,08,10,18,23,27,28,32,31,02,,,,1.46,0.67,1.29,1*06
$GNGSA,A,3,87,66,86,72,65,88,,,,,,,1.46,0.67,1.29,2*0D
$GNGSA,A,3,05,03,08,15,34,,,,,,,,1.46,0.67,1.29,3*06
$GNGSA,A,3,08,09,06,13,20,16,29,27,32,38,39,,1.46,0.67,1.29,4*02
$GNGSA,A,3,04,,,,,,,,,,,,1.46,0.67,1.29,5*09
$GPGSV,4,1,13,02,22,321,39,08,23,283,42,10,48,025,47,18,21,138,38,1*6F
$GPGSV,4,2,13,23,24,073,40,24,04,039,26,27,33,241,37,28,40,164,43,1*67
$GPGSV,4,3,13,31,19,185,40,32,71,340,50,36,34,246,36,40,59,208,47,1*60
$GPGSV,4,4,13,41,56,146,46,1*51
$GPGSV,3,1,09,08,23,283,34,10,48,025,38,18,21,138,35,23,24,073,37,6*6F
$GPGSV,3,2,09,24,04,039,24,27,33,241,33,28,40,164,40,31,19,185,34,6*6F
$GPGSV,3,3,09,32,71,340,40,6*5E
$GPGSV,1,1,01,49,17,257,,0*5F
$GLGSV,3,1,09,65,45,303,47,66,15,256,41,72,32,019,45,74,11,078,37,1*77
$GLGSV,3,2,09,75,09,127,44,86,22,161,45,87,67,182,48,88,43,324,49,1*70
$GLGSV,3,3,09,,,,47,1*72
$GLGSV,2,1,07,65,45,303,09,66,15,256,37,72,32,019,41,75,09,127,31,3*70
$GLGSV,2,2,07,86,22,161,40,88,43,324,43,,,,41,3*71
$GLGSV,1,1,01,73,00,038,,0*47
$GAGSV,2,1,06,03,70,010,43,05,20,040,37,08,49,240,42,13,15,322,39,2*7C
$GAGSV,2,2,06,15,66,341,43,34,54,125,41,2*70
$GAGSV,2,1,06,03,70,010,46,05,20,040,39,08,49,240,42,13,15,322,36,7*7D
$GAGSV,2,2,06,15,66,341,46,34,54,125,45,7*74
$GAGSV,1,1,02,07,00,228,,36,05,136,,0*7D
$GBGSV,2,1,08,08,31,067,39,13,44,052,43,20,48,304,46,27,19,163,42,1*7A
$GBGSV,2,2,08,29,40,300,43,32,41,030,46,38,26,079,40,39,50,076,45,1*7A
$GBGSV,2,1,05,06,53,103,39,08,31,067,39,09,51,127,40,13,44,052,39,B*08
$GBGSV,2,2,05,16,51,090,40,B*3E
$GBGSV,3,1,12,01,03,095,,02,58,140,,03,35,112,,05,62,201,,0*77
$GBGSV,3,2,12,07,01,156,,10,07,165,,19,13,265,,23,16,080,,0*70
$GBGSV,3,3,12,30,58,212,,59,08,095,,60,60,149,,61,35,113,,0*7D
$GQGSV,1,1,02,04,20,068,36,07,19,104,34,1*67
$GQGSV,1,1,03,03,05,128,25,04,20,068,34,07,19,104,35,6*58
$GNGLL,2454.22834,N,06708.27293,E,141813.00,A,D*70
$GNRMC,141814.00,A,2454.22834,N,06708.27293,E,0.011,,050525,,,R,V*05
$GNVTG,,T,,M,0.011,N,0.021,K,D*3B
$GNGGA,141814.00,2454.22834,N,06708.27293,E,4,12,0.67,21.9,M,-44.2,M,1.0,0290*71
$GNGSA,A,3,08,10,18,23,27,28,32,31,02,,,,1.46,0.67,1.29,1*06
$GNGSA,A,3,87,66,86,72,65,88,,,,,,,1.46,0.67,1.29,2*0D
$GNGSA,A,3,05,03,08,15,34,,,,,,,,1.46,0.67,1.29,3*06
$GNGSA,A,3,08,09,06,13,20,16,29,27,32,38,39,,1.46,0.67,1.29,4*02
$GNGSA,A,3,04,,,,,,,,,,,,1.46,0.67,1.29,5*09
$GPGSV,4,1,13,02,22,321,39,08,23,283,43,10,48,025,47,18,21,138,38,1*6E
$GPGSV,4,2,13,23,24,073,40,24,04,039,26,27,33,241,37,28,40,164,43,1*67
$GPGSV,4,3,13,31,19,185,40,32,71,340,50,36,34,246,37,40,59,208,47,1*61
$GPGSV,4,4,13,41,56,146,46,1*51
$GPGSV,3,1,09,08,23,283,34,10,48,025,38,18,21,138,35,23,24,073,37,6*6F
$GPGSV,3,2,09,24,04,039,25,27,33,241,33,28,40,164,40,31,19,185,34,6*6E
$GPGSV,3,3,09,32,71,340,40,6*5E
$GPGSV,1,1,01,49,17,257,,0*5F
$GLGSV,3,1,09,65,45,303,47,66,15,256,41,72,32,019,45,74,11,078,37,1*77
$GLGSV,3,2,09,75,09,127,44,86,22,161,45,87,67,182,49,88,43,324,49,1*71
$GLGSV,3,3,09,,,,47,1*72
$GLGSV,2,1,07,65,45,303,07,66,15,256,37,72,32,019,41,75,09,127,31,3*7E
$GLGSV,2,2,07,86,22,161,40,88,43,324,43,,,,41,3*71
$GLGSV,1,1,01,73,00,038,,0*47
$GAGSV,2,1,06,03,70,010,43,05,20,040,37,08,49,240,42,13,15,322,38,2*7D
$GAGSV,2,2,06,15,66,341,43,34,54,125,41,2*70
$GAGSV,2,1,06,03,70,010,46,05,20,040,39,08,49,240,42,13,15,322,36,7*7D
$GAGSV,2,2,06,15,66,341,46,34,54,125,45,7*74
$GAGSV,1,1,02,07,00,228,,36,05,136,,0*7D
$GBGSV,2,1,08,08,31,067,39,13,44,052,43,20,48,304,46,27,19,163,42,1*7A
$GBGSV,2,2,08,29,40,300,43,32,41,030,46,38,26,079,41,39,50,076,45,1*7B
$GBGSV,2,1,05,06,53,103,39,08,31,067,39,09,51,127,40,13,44,052,39,B*08
$GBGSV,2,2,05,16,51,090,40,B*3E
$GBGSV,3,1,12,01,03,095,,02,58,140,,03,35,112,,05,62,201,,0*77
$GBGSV,3,2,12,07,01,156,,10,07,165,,19,13,265,,23,16,080,,0*70
$GBGSV,3,3,12,30,58,212,,59,08,095,,60,60,149,,61,35,113,,0*7D
$GQGSV,1,1,02,04,20,068,36,07,19,104,34,1*67
$GQGSV,1,1,03,03,05,128,25,04,20,068,34,07,19,104,34,6*59
$GNGLL,2454.22834,N,06708.27293,E,141814.00,A,D*77
$GNRMC,141815.00,A,2454.22833,N,06708.27293,E,0.003,,050525,,,R,V*00
$GNVTG,,T,,M,0.003,N,0.006,K,D*3D
$GNGGA,141815.00,2454.22833,N,06708.27293,E,4,12,0.67,21.9,M,-44.2,M,1.0,0290*77
$GNGSA,A,3,08,10,18,23,27,28,32,31,02,,,,1.46,0.67,1.29,1*06
$GNGSA,A,3,87,66,86,72,65,88,,,,,,,1.46,0.67,1.29,2*0D
$GNGSA,A,3,05,03,08,15,34,,,,,,,,1.46,0.67,1.29,3*06
$GNGSA,A,3,08,09,06,13,20,16,29,27,32,38,39,,1.46,0.67,1.29,4*02
$GNGSA,A,3,04,,,,,,,,,,,,1.46,0.67,1.29,5*09
$GPGSV,4,1,13,02,22,321,39,08,23,283,43,10,48,025,47,18,21,138,38,1*6E
$GPGSV,4,2,13,23,24,073,40,24,04,039,26,27,33,241,37,28,40,164,43,1*67
$GPGSV,4,3,13,31,19,185,40,32,71,340,50,36,34,246,37,40,59,208,47,1*61
$GPGSV,4,4,13,41,56,146,46,1*51
$GPGSV,3,1,09,08,23,283,34,10,48,025,38,18,21,138,35,23,24,073,37,6*6F
$GPGSV,3,2,09,24,04,039,25,27,33,241,33,28,40,164,40,31,19,185,34,6*6E
$GPGSV,3,3,09,32,71,340,40,6*5E
$GPGSV,1,1,01,49,17,257,,0*5F
$GLGSV,3,1,09,65,45,303,47,66,15,256,41,72,32,019,45,74,11,078,37,1*77
$GLGSV,3,2,09,75,09,127,44,86,22,161,44,87,67,182,48,88,43,324,49,1*71
$GLGSV,3,3,09,,,,47,1*72
$GLGSV,2,1,07,65,45,303,09,66,15,256,37,72,32,019,41,75,09,127,31,3*70
$GLGSV,2,2,07,86,22,161,40,88,43,324,43,,,,41,3*71
$GLGSV,1,1,01,73,00,038,,0*47
$GAGSV,2,1,06,03,70,010,43,05,20,040,37,08,49,240,42,13,15,322,38,2*7D
$GAGSV,2,2,06,15,66,341,43,34,54,125,41,2*70
$GAGSV,2,1,06,03,70,010,46,05,20,040,39,08,49,240,42,13,15,322,36,7*7D
$GAGSV,2,2,06,15,66,341,46,34,54,125,45,7*74
$GAGSV,1,1,02,07,00,228,,36,05,136,,0*7D
$GBGSV,2,1,08,08,31,067,39,13,44,052,43,20,48,304,46,27,19,163,42,1*7A
$GBGSV,2,2,08,29,40,300,43,32,41,030,46,38,26,079,40,39,50,076,45,1*7A
$GBGSV,2,1,05,06,53,103,39,08,31,067,39,09,51,127,40,13,44,052,39,B*08
$GBGSV,2,2,05,16,51,090,40,B*3E
$GBGSV,3,1,12,01,03,095,,02,58,140,,03,35,112,,05,62,201,,0*77
$GBGSV,3,2,12,07,01,156,,10,07,165,,19,13,265,,23,16,080,,0*70
$GBGSV,3,3,12,30,58,212,,59,08,095,,60,60,149,,61,35,113,,0*7D
$GQGSV,1,1,02,04,20,068,36,07,19,104,34,1*67
$GQGSV,1,1,03,03,05,128,25,04,20,068,34,07,19,104,35,6*58
$GNGLL,2454.22833,N,06708.27293,E,141815.00,A,D*71
$GNRMC,141816.00,A,2454.22833,N,06708.27293,E,0.015,,050525,,,R,V*04
$GNVTG,,T,,M,0.015,N,0.027,K,D*39
$GNGGA,141816.00,2454.22833,N,06708.27293,E,4,12,0.67,21.9,M,-44.2,M,1.0,0290*74
$GNGSA,A,3,08,10,18,23,27,28,32,31,02,,,,1.46,0.67,1.29,1*06
$GNGSA,A,3,87,66,86,72,65,88,,,,,,,1.46,0.67,1.29,2*0D
$GNGSA,A,3,05,03,08,15,34,,,,,,,,1.46,0.67,1.29,3*06
$GNGSA,A,3,08,09,06,13,20,16,29,27,32,38,39,,1.46,0.67,1.29,4*02
$GNGSA,A,3,04,,,,,,,,,,,,1.46,0.67,1.29,5*09
$GPGSV,4,1,13,02,22,321,39,08,23,282,43,10,48,025,47,18,21,138,37,1*60
$GPGSV,4,2,13,23,24,073,40,24,04,039,26,27,33,241,37,28,40,164,43,1*67
$GPGSV,4,3,13,31,19,185,40,32,71,340,50,36,34,246,36,40,59,208,47,1*60
$GPGSV,4,4,13,41,56,146,46,1*51
$GPGSV,3,1,09,08,23,282,34,10,48,025,38,18,21,138,35,23,24,073,37,6*6E
$GPGSV,3,2,09,24,04,039,26,27,33,241,33,28,40,164,40,31,19,185,34,6*6D
$GPGSV,3,3,09,32,71,340,40,6*5E
$GPGSV,1,1,01,49,17,257,,0*5F
$GLGSV,3,1,09,65,45,303,47,66,15,256,41,72,32,019,45,74,11,078,37,1*77
$GLGSV,3,2,09,75,09,127,44,86,22,161,44,87,67,182,49,88,43,324,49,1*70
$GLGSV,3,3,09,,,,47,1*72
$GLGSV,2,1,07,65,45,303,11,66,15,256,37,72,32,019,41,75,09,127,31,3*79
$GLGSV,2,2,07,86,22,161,40,88,43,324,43,,,,41,3*71
$GLGSV,1,1,01,73,00,038,,0*47
$GAGSV,2,1,06,03,70,010,43,05,20,040,37,08,49,240,42,13,15,322,38,2*7D
$GAGSV,2,2,06,15,66,341,43,34,54,125,41,2*70
$GAGSV,2,1,06,03,70,010,46,05,20,040,39,08,49,240,42,13,15,322,36,7*7D
$GAGSV,2,2,06,15,66,341,46,34,54,125,45,7*74
$GAGSV,1,1,02,07,00,228,,36,05,136,,0*7D
$GBGSV,2,1,08,08,31,067,39,13,44,052,43,20,48,304,46,27,19,163,42,1*7A
$GBGSV,2,2,08,29,40,300,43,32,41,030,46,38,26,079,40,39,50,076,45,1*7A
$GBGSV,2,1,05,06,53,103,39,08,31,067,39,09,51,127,40,13,44,052,39,B*08
$GBGSV,2,2,05,16,51,090,40,B*3E
$GBGSV,3,1,12,01,03,095,,02,58,140,,03,35,112,,05,62,201,,0*77
$GBGSV,3,2,12,07,01,156,,10,07,165,,19,13,265,,23,16,080,,0*70
$GBGSV,3,3,12,30,58,212,,59,08,095,,60,60,149,,61,35,113,,0*7D
$GQGSV,1,1,02,04,20,068,36,07,19,104,34,1*67
$GQGSV,1,1,03,03,05,128,26,04,20,068,34,07,19,104,35,6*5B
$GNGLL,2454.22833,N,06708.27293,E,141816.00,A,D*72
$GNRMC,141817.00,A,2454.22833,N,06708.27293,E,0.013,,050525,,,R,V*03
$GNVTG,,T,,M,0.013,N,0.025,K,D*3D
$GNGGA,141817.00,2454.22833,N,06708.27293,E,4,12,0.67,21.9,M,-44.2,M,1.0,0290*75
$GNGSA,A,3,08,10,18,23,27,28,32,31,02,,,,1.46,0.67,1.29,1*06
$GNGSA,A,3,87,66,86,72,65,88,,,,,,,1.46,0.67,1.29,2*0D
$GNGSA,A,3,05,03,08,15,34,,,,,,,,1.46,0.67,1.29,3*06
$GNGSA,A,3,08,09,06,13,20,16,29,27,32,38,39,,1.46,0.67,1.29,4*02
$GNGSA,A,3,04,,,,,,,,,,,,1.46,0.67,1.29,5*09
$GPGSV,4,1,13,02,22,321,39,08,23,282,43,10,48,025,46,18,21,138,37,1*61
$GPGSV,4,2,13,23,24,073,40,24,04,039,26,27,33,241,37,28,40,164,43,1*67
$GPGSV,4,3,13,31,19,185,40,32,71,340,50,36,34,246,37,40,59,208,47,1*61
$GPGSV,4,4,13,41,56,146,46,1*51
$GPGSV,3,1,09,08,23,282,34,10,48,025,38,18,21,138,35,23,24,073,37,6*6E
$GPGSV,3,2,09,24,04,039,26,27,33,241,33,28,40,164,40,31,19,185,34,6*6D
$GPGSV,3,3,09,32,71,340,40,6*5E
$GPGSV,1,1,01,49,17,257,,0*5F
$GLGSV,3,1,09,65,45,303,47,66,15,256,42,72,32,019,45,74,11,078,37,1*74
$GLGSV,3,2,09,75,09,127,44,86,22,161,44,87,67,182,49,88,43,324,49,1*70
$GLGSV,3,3,09,,,,47,1*72
$GLGSV,2,1,07,65,45,303,08,66,15,256,37,72,32,019,41,75,09,127,32,3*72
$GLGSV,2,2,07,86,22,161,40,88,43,324,43,,,,41,3*71
$GLGSV,1,1,01,73,00,038,,0*47
$GAGSV,2,1,06,03,70,010,43,05,20,040,37,08,49,240,42,13,15,322,39,2*7C
$GAGSV,2,2,06,15,66,341,43,34,54,125,41,2*70
$GAGSV,2,1,06,03,70,010,46,05,20,040,38,08,49,240,42,13,15,322,36,7*7C
$GAGSV,2,2,06,15,66,341,46,34,54,125,45,7*74
$GAGSV,1,1,02,07,00,228,,36,05,136,,0*7D
$GBGSV,2,1,08,08,31,067,39,13,44,052,43,20,48,304,46,27,19,163,42,1*7A
$GBGSV,2,2,08,29,40,300,43,32,41,030,46,38,26,079,40,39,50,076,45,1*7A
$GBGSV,2,1,05,06,53,103,39,08,31,067,39,09,51,127,40,13,44,052,39,B*08
$GBGSV,2,2,05,16,51,090,40,B*3E
$GBGSV,3,1,12,01,03,095,,02,58,140,,03,35,112,,05,62,201,,0*77
$GBGSV,3,2,12,07,01,156,,10,07,165,,19,13,265,,23,16,080,,0*70
$GBGSV,3,3,12,30,58,212,,59,08,095,,60,60,149,,61,35,113,,0*7D
$GQGSV,1,1,02,04,20,068,35,07,19,104,34,1*64
$GQGSV,1,1,03,03,05,128,26,04,20,068,34,07,19,104,35,6*5B
$GNGLL,2454.22833,N,06708.27293,E,141817.00,A,D*73
$GNRMC,141818.00,A,2454.22833,N,06708.27293,E,0.008,,050525,,,R,V*06
$GNVTG,,T,,M,0.008,N,0.014,K,D*35
$GNGGA,141818.00,2454.22833,N,06708.27293,E,4,12,0.67,21.9,M,-44.2,M,1.0,0290*7A
$GNGSA,A,3,08,10,18,23,27,28,32,31,02,,,,1.46,0.67,1.29,1*06
$GNGSA,A,3,87,66,86,72,65,88,,,,,,,1.46,0.67,1.29,2*0D
$GNGSA,A,3,05,03,08,15,34,,,,,,,,1.46,0.67,1.29,3*06
$GNGSA,A,3,08,09,06,13,20,16,29,27,32,38,39,,1.46,0.67,1.29,4*02
$GNGSA,A,3,04,,,,,,,,,,,,1.46,0.67,1.29,5*09
$GPGSV,4,1,13,02,22,321,40,08,23,282,43,10,48,027,46,18,21,138,38,1*62
$GPGSV,4,2,13,23,24,073,40,24,04,039,26,27,33,241,36,28,40,164,43,1*66
$GPGSV,4,3,13,31,19,185,40,32,71,340,50,36,34,246,36,40,59,208,47,1*60
$GPGSV,4,4,13,41,56,146,46,1*51
$GPGSV,3,1,09,08,23,282,34,10,48,027,38,18,21,138,35,23,24,073,37,6*6C
$GPGSV,3,2,09,24,04,039,25,27,33,241,33,28,40,164,40,31,19,185,34,6*6E
$GPGSV,3,3,09,32,71,340,40,6*5E
$GPGSV,1,1,01,49,17,257,,0*5F
$GLGSV,3,1,09,65,45,303,47,66,15,256,42,72,32,019,45,74,11,078,37,1*74
$GLGSV,3,2,09,75,09,127,44,86,22,161,44,87,67,182,49,88,43,324,49,1*70
$GLGSV,3,3,09,,,,46,1*73
$GLGSV,2,1,07,65,45,303,09,66,15,256,37,72,32,019,41,75,09,127,32,3*73
$GLGSV,2,2,07,86,22,161,40,88,43,324,44,,,,41,3*76
$GLGSV,1,1,01,73,00,038,,0*47
$GAGSV,2,1,06,03,70,010,43,05,20,040,37,08,49,240,42,13,15,322,39,2*7C
$GAGSV,2,2,06,15,66,341,43,34,54,125,41,2*70
$GAGSV,2,1,06,03,70,010,46,05,20,040,38,08,49,240,42,13,15,322,36,7*7C
$GAGSV,2,2,06,15,66,341,46,34,54,125,45,7*74
$GAGSV,1,1,02,07,00,228,,36,05,136,,0*7D
$GBGSV,2,1,08,08,31,067,39,13,44,052,43,20,48,304,46,27,19,163,42,1*7A
$GBGSV,2,2,08,29,40,300,43,32,41,030,46,38,26,079,40,39,50,076,45,1*7A
$GBGSV,2,1,05,06,53,103,39,08,31,067,39,09,51,127,40,13,44,052,39,B*08
$GBGSV,2,2,05,16,51,090,40,B*3E
$GBGSV,3,1,12,01,03,095,,02,58,140,,03,35,112,,05,62,201,,0*77
$GBGSV,3,2,12,07,01,156,,10,07,165,,19,13,265,,23,16,080,,0*70
$GBGSV,3,3,12,30,58,212,,59,08,095,,60,60,149,,61,35,113,,0*7D
$GQGSV,1,1,02,04,20,068,35,07,19,104,34,1*64
$GQGSV,1,1,03,03,05,128,26,04,20,068,34,07,19,104,35,6*5B
$GNGLL,2454.22833,N,06708.27293,E,141818.00,A,D*7C
$GNRMC,141819.00,A,2454.22833,N,06708.27293,E,0.007,,050525,,,R,V*08
$GNVTG,,T,,M,0.007,N,0.012,K,D*3C
$GNGGA,141819.00,2454.22833,N,06708.27293,E,4,12,0.67,21.9,M,-44.2,M,1.0,0290*7B
$GNGSA,A,3,08,10,18,23,27,28,32,31,02,,,,1.46,0.67,1.29,1*06
$GNGSA,A,3,87,66,86,72,65,88,,,,,,,1.46,0.67,1.29,2*0D
$GNGSA,A,3,05,03,08,15,34,,,,,,,,1.46,0.67,1.29,3*06
$GNGSA,A,3,08,09,06,13,20,16,29,27,32,38,39,,1.46,0.67,1.29,4*02
$GNGSA,A,3,04,,,,,,,,,,,,1.46,0.67,1.29,5*09
$GPGSV,4,1,13,02,22,321,39,08,23,282,43,10,48,027,47,18,21,138,38,1*6D
$GPGSV,4,2,13,23,24,073,40,24,04,039,26,27,33,241,36,28,40,164,43,1*66
$GPGSV,4,3,13,31,19,185,40,32,71,340,50,36,34,246,36,40,59,208,47,1*60
$GPGSV,4,4,13,41,56,146,46,1*51
$GPGSV,3,1,09,08,23,282,34,10,48,027,38,18,21,138,35,23,24,073,37,6*6C
$GPGSV,3,2,09,24,04,039,25,27,33,241,33,28,40,164,40,31,19,185,34,6*6E
$GPGSV,3,3,09,32,71,340,40,6*5E
$GPGSV,1,1,01,49,17,257,,0*5F
$GLGSV,3,1,09,65,45,303,46,66,15,256,42,72,32,019,45,74,11,078,37,1*75
$GLGSV,3,2,09,75,09,127,44,86,22,161,44,87,67,182,49,88,43,324,49,1*70
$GLGSV,3,3,09,,,,46,1*73
$GLGSV,2,1,07,65,45,303,07,66,15,256,37,72,32,019,41,75,09,127,32,3*7D
$GLGSV,2,2,07,86,22,161,40,88,43,324,44,,,,41,3*76
$GLGSV,1,1,01,73,00,038,,0*47
$GAGSV,2,1,06,03,70,010,43,05,20,040,37,08,49,240,42,13,15,322,39,2*7C
$GAGSV,2,2,06,15,66,341,43,34,54,125,41,2*70
$GAGSV,2,1,06,03,70,010,46,05,20,040,38,08,49,240,42,13,15,322,36,7*7C
$GAGSV,2,2,06,15,66,341,46,34,54,125,45,7*74
$GAGSV,1,1,02,07,00,228,,36,05,136,,0*7D
$GBGSV,2,1,08,08,31,067,39,13,44,052,43,20,48,304,46,27,19,163,42,1*7A
$GBGSV,2,2,08,29,40,300,43,32,41,030,46,38,26,079,40,39,50,076,45,1*7A
$GBGSV,2,1,05,06,53,103,39,08,31,067,39,09,51,127,40,13,44,052,39,B*08
$GBGSV,2,2,05,16,51,090,40,B*3E
$GBGSV,3,1,12,01,03,095,,02,58,140,,03,35,112,,05,62,201,,0*77
$GBGSV,3,2,12,07,01,156,,10,07,165,,19,13,265,,23,16,080,,0*70
$GBGSV,3,3,12,30,58,212,,59,08,095,,60,60,149,,61,35,113,,0*7D
$GQGSV,1,1,02,04,20,068,36,07,19,104,34,1*67
$GQGSV,1,1,03,03,05,128,26,04,20,068,34,07,19,104,34,6*5A
$GNGLL,2454.22833,N,06708.27293,E,141819.00,A,D*7D
$GNRMC,141820.00,A,2454.22833,N,06708.27293,E,0.012,,050525,,,R,V*06
$GNVTG,,T,,M,0.012,N,0.022,K,D*3B
$GNGGA,141820.00,2454.22833,N,06708.27293,E,4,12,0.67,21.9,M,-44.2,M,1.0,0290*71
$GNGSA,A,3,08,10,18,23,27,28,32,31,02,,,,1.46,0.67,1.29,1*06
$GNGSA,A,3,87,66,86,72,65,88,,,,,,,1.46,0.67,1.29,2*0D
$GNGSA,A,3,05,03,08,15,34,,,,,,,,1.46,0.67,1.29,3*06
$GNGSA,A,3,08,09,06,13,20,16,29,27,32,38,39,,1.46,0.67,1.29,4*02
$GNGSA,A,3,04,,,,,,,,,,,,1.46,0.67,1.29,5*09
$GPGSV,4,1,13,02,22,321,39,08,23,282,43,10,48,027,47,18,21,138,37,1*62
$GPGSV,4,2,13,23,24,073,40,24,04,039,26,27,33,241,37,28,40,164,43,1*67
$GPGSV,4,3,13,31,19,185,40,32,71,340,50,36,34,246,36,40,59,208,47,1*60
$GPGSV,4,4,13,41,56,146,46,1*51
$GPGSV,3,1,09,08,23,282,34,10,48,027,38,18,21,138,35,23,24,073,37,6*6C
$GPGSV,3,2,09,24,04,039,25,27,33,241,32,28,40,164,40,31,19,185,34,6*6F
$GPGSV,3,3,09,32,71,340,40,6*5E
$GPGSV,1,1,01,49,17,257,,0*5F
$GLGSV,3,1,09,65,45,303,46,66,15,256,42,72,32,019,45,74,11,078,37,1*75
$GLGSV,3,2,09,75,09,127,44,86,22,161,44,87,67,182,49,88,43,324,49,1*70
$GLGSV,3,3,09,,,,46,1*73
$GLGSV,2,1,07,65,45,303,08,66,15,256,37,72,32,019,41,75,09,127,32,3*72
$GLGSV,2,2,07,86,22,161,40,88,43,324,44,,,,41,3*76
$GLGSV,1,1,01,73,00,038,,0*47
$GAGSV,2,1,06,03,70,010,42,05,20,040,37,08,49,240,42,13,15,322,39,2*7D
$GAGSV,2,2,06,15,66,341,43,34,54,125,41,2*70
$GAGSV,2,1,06,03,70,010,46,05,20,040,38,08,49,240,42,13,15,322,36,7*7C
$GAGSV,2,2,06,15,66,341,46,34,54,125,45,7*74
$GAGSV,1,1,02,07,00,228,,36,05,136,,0*7D
$GBGSV,2,1,08,08,31,067,39,13,44,052,43,20,48,304,46,27,19,163,42,1*7A
$GBGSV,2,2,08,29,40,300,43,32,41,030,46,38,26,079,40,39,50,076,45,1*7A
$GBGSV,2,1,05,06,53,103,39,08,31,067,39,09,51,127,40,13,44,052,39,B*08
$GBGSV,2,2,05,16,51,090,40,B*3E
$GBGSV,3,1,12,01,03,095,,02,58,140,,03,35,112,,05,62,201,,0*77
$GBGSV,3,2,12,07,01,156,,10,07,165,,19,13,265,,23,16,080,,0*70
$GBGSV,3,3,12,30,58,212,,59,08,095,,60,60,149,,61,35,113,,0*7D
$GQGSV,1,1,02,04,20,068,36,07,19,104,34,1*67
$GQGSV,1,1,03,03,05,128,26,04,20,068,34,07,19,104,34,6*5A
$GNGLL,2454.22833,N,06708.27293,E,141820.00,A,D*77
$GNRMC,141821.00,A,2454.22833,N,06708.27293,E,0.007,,050525,,,R,V*03
$GNVTG,,T,,M,0.007,N,0.012,K,D*3C
$GNGGA,141821.00,2454.22833,N,06708.27293,E,4,12,0.67,21.9,M,-44.2,M,1.0,0290*70
$GNGSA,A,3,08,10,18,23,27,28,32,31,02,,,,1.46,0.67,1.29,1*06
$GNGSA,A,3,87,66,86,72,65,88,,,,,,,1.46,0.67,1.29,2*0D
$GNGSA,A,3,05,03,08,15,34,,,,,,,,1.46,0.67,1.29,3*06
$GNGSA,A,3,08,09,06,13,20,16,29,27,32,38,39,,1.46,0.67,1.29,4*02
$GNGSA,A,3,04,,,,,,,,,,,,1.46,0.67,1.29,5*09
$GPGSV,4,1,13,02,22,321,40,08,23,282,43,10,48,027,47,18,21,138,38,1*63
$GPGSV,4,2,13,23,24,073,40,24,04,039,25,27,33,241,37,28,40,164,43,1*64
$GPGSV,4,3,13,31,19,185,40,32,71,340,50,36,34,246,36,40,59,208,47,1*60
$GPGSV,4,4,13,41,56,146,46,1*51
$GPGSV,3,1,09,08,23,282,34,10,48,027,38,18,21,138,35,23,24,073,37,6*6C
$GPGSV,3,2,09,24,04,039,25,27,33,241,32,28,40,164,40,31,19,185,34,6*6F
$GPGSV,3,3,09,32,71,340,40,6*5E
$GPGSV,1,1,01,49,17,257,,0*5F
$GLGSV,3,1,09,65,45,303,46,66,15,256,42,72,32,019,45,74,11,078,37,1*75
$GLGSV,3,2,09,75,09,127,44,86,22,161,44,87,67,182,49,88,43,324,49,1*70
$GLGSV,3,3,09,,,,46,1*73
$GLGSV,2,1,07,65,45,303,07,66,15,256,37,72,32,019,41,75,09,127,32,3*7D
$GLGSV,2,2,07,86,22,161,40,88,43,324,44,,,,41,3*76
$GLGSV,1,1,01,73,00,038,,0*47
$GAGSV,2,1,06,03,70,010,42,05,20,040,37,08,49,240,42,13,15,322,38,2*7C
$GAGSV,2,2,06,15,66,341,43,34,54,125,41,2*70
$GAGSV,2,1,06,03,70,010,46,05,20,040,38,08,49,240,42,13,15,322,36,7*7C
$GAGSV,2,2,06,15,66,341,46,34,54,125,45,7*74
$GAGSV,1,1,02,07,00,228,,36,05,136,,0*7D
$GBGSV,2,1,08,08,31,067,39,13,44,052,43,20,48,304,46,27,19,163,42,1*7A
$GBGSV,2,2,08,29,40,300,43,32,41,030,46,38,26,079,40,39,50,076,45,1*7A
$GBGSV,2,1,05,06,53,103,39,08,31,067,38,09,51,127,39,13,44,052,39,B*07
$GBGSV,2,2,05,16,51,090,39,B*30
$GBGSV,3,1,12,01,03,095,,02,58,140,,03,35,112,,05,62,201,,0*77
$GBGSV,3,2,12,07,01,156,,10,07,165,,19,13,265,,23,16,080,,0*70
$GBGSV,3,3,12,30,58,212,,59,08,095,,60,60,149,,61,35,113,,0*7D
$GQGSV,1,1,02,04,20,068,36,07,19,104,34,1*67
$GQGSV,1,1,03,03,05,128,26,04,20,068,34,07,19,104,35,6*5B
$GNGLL,2454.22833,N,06708.27293,E,141821.00,A,D*76
$GNRMC,141822.00,A,2454.22833,N,06708.27293,E,0.007,,050525,,,R,V*00
$GNVTG,,T,,M,0.007,N,0.013,K,D*3D
$GNGGA,141822.00,2454.22833,N,06708.27293,E,4,12,0.67,21.9,M,-44.2,M,1.0,0290*73
$GNGSA,A,3,08,10,18,23,27,28,32,31,02,,,,1.46,0.67,1.29,1*06
$GNGSA,A,3,87,66,86,72,65,88,,,,,,,1.46,0.67,1.29,2*0D
$GNGSA,A,3,05,03,08,15,34,,,,,,,,1.46,0.67,1.29,3*06
$GNGSA,A,3,08,09,06,13,20,16,29,27,32,38,39,,1.46,0.67,1.29,4*02
$GNGSA,A,3,04,,,,,,,,,,,,1.46,0.67,1.29,5*09
$GPGSV,4,1,13,02,22,321,39,08,23,282,43,10,48,027,47,18,21,138,37,1*62
$GPGSV,4,2,13,23,24,073,40,24,04,039,25,27,33,241,37,28,40,164,43,1*64
$GPGSV,4,3,13,31,19,185,41,32,71,340,50,36,34,246,36,40,59,208,47,1*61
$GPGSV,4,4,13,41,56,146,46,1*51
$GPGSV,3,1,09,08,23,282,34,10,48,027,38,18,21,138,35,23,24,073,37,6*6C
$GPGSV,3,2,09,24,04,039,25,27,33,241,32,28,40,164,40,31,19,185,34,6*6F
$GPGSV,3,3,09,32,71,340,40,6*5E
$GPGSV,1,1,01,49,17,257,,0*5F
$GLGSV,3,1,09,65,45,303,46,66,15,256,42,72,32,019,45,74,11,078,37,1*75
$GLGSV,3,2,09,75,09,127,44,86,22,161,44,87,67,182,49,88,43,324,49,1*70
$GLGSV,3,3,09,,,,46,1*73
$GLGSV,2,1,07,65,45,303,09,66,15,256,37,72,32,019,41,75,09,127,32,3*73
$GLGSV,2,2,07,86,22,161,40,88,43,324,44,,,,41,3*76
$GLGSV,1,1,01,73,00,038,,0*47
$GAGSV,2,1,06,03,70,010,42,05,20,040,37,08,49,240,41,13,15,322,38,2*7F
$GAGSV,2,2,06,15,66,341,42,34,54,125,40,2*70
$GAGSV,2,1,06,03,70,010,46,05,20,040,38,08,49,240,42,13,15,322,36,7*7C
$GAGSV,2,2,06,15,66,341,46,34,54,125,45,7*74
$GAGSV,1,1,02,07,00,228,,36,05,136,,0*7D
$GBGSV,2,1,08,08,31,067,39,13,44,052,43,20,48,304,46,27,19,163,42,1*7A
$GBGSV,2,2,08,29,40,300,43,32,41,030,46,38,26,079,40,39,50,076,45,1*7A
$GBGSV,2,1,05,06,53,103,39,08,31,067,38,09,51,127,39,13,44,052,38,B*06
$GBGSV,2,2,05,16,51,090,39,B*30
$GBGSV,3,1,12,01,03,095,,02,58,140,,03,35,112,,05,62,201,,0*77
$GBGSV,3,2,12,07,01,156,,10,07,165,,19,13,265,,23,16,080,,0*70
$GBGSV,3,3,12,30,58,212,,59,08,095,,60,60,149,,61,35,113,,0*7D
$GQGSV,1,1,02,04,20,068,36,07,19,104,33,1*60
$GQGSV,1,1,03,03,05,128,26,04,20,068,34,07,19,104,35,6*5B
$GNGLL,2454.22833,N,06708.27293,E,141822.00,A,D*75
$GNRMC,141823.00,A,2454.22834,N,06708.27293,E,0.007,,050525,,,R,V*06
$GNVTG,,T,,M,0.007,N,0.013,K,D*3D
$GNGGA,141823.00,2454.22834,N,06708.27293,E,4,12,0.67,21.9,M,-44.2,M,1.0,0290*75
$GNGSA,A,3,08,10,18,23,27,28,32,31,02,,,,1.46,0.67,1.29,1*06
$GNGSA,A,3,87,66,86,72,65,88,,,,,,,1.46,0.67,1.29,2*0D
$GNGSA,A,3,05,03,08,15,34,,,,,,,,1.46,0.67,1.29,3*06
$GNGSA,A,3,08,09,06,13,20,16,29,27,32,38,39,,1.46,0.67,1.29,4*02
$GNGSA,A,3,04,,,,,,,,,,,,1.46,0.67,1.29,5*09
$GPGSV,4,1,13,02,22,321,39,08,23,282,43,10,48,027,46,18,21,138,37,1*63
$GPGSV,4,2,13,23,24,073,40,24,04,039,25,27,33,241,37,28,40,164,43,1*64
$GPGSV,4,3,13,31,19,185,41,32,71,340,50,36,34,246,36,40,59,208,47,1*61
$GPGSV,4,4,13,41,56,146,46,1*51
$GPGSV,3,1,09,08,23,282,34,10,48,027,38,18,21,138,35,23,24,073,37,6*6C
$GPGSV,3,2,09,24,04,039,25,27,33,241,32,28,40,164,40,31,19,185,34,6*6F
$GPGSV,3,3,09,32,71,340,40,6*5E
$GPGSV,1,1,01,49,17,257,,0*5F
$GLGSV,3,1,09,65,45,303,46,66,15,256,42,72,32,019,45,74,11,078,37,1*75
$GLGSV,3,2,09,75,09,127,43,86,22,161,44,87,67,182,49,88,43,324,49,1*77
$GLGSV,3,3,09,,,,46,1*73
$GLGSV,2,1,07,65,45,303,10,66,15,256,37,72,32,019,41,75,09,127,32,3*7B
$GLGSV,2,2,07,86,22,161,40,88,43,324,44,,,,41,3*76
$GLGSV,1,1,01,73,00,038,,0*47
$GAGSV,2,1,06,03,70,010,42,05,20,040,37,08,49,240,41,13,15,322,38,2*7F
$GAGSV,2,2,06,15,66,341,43,34,54,125,40,2*71
$GAGSV,2,1,06,03,70,010,46,05,20,040,38,08,49,240,42,13,15,322,36,7*7C
$GAGSV,2,2,06,15,66,341,46,34,54,125,45,7*74
$GAGSV,1,1,02,07,00,228,,36,05,136,,0*7D
$GBGSV,2,1,08,08,31,067,39,13,44,052,43,20,48,304,46,27,19,163,42,1*7A
$GBGSV,2,2,08,29,40,300,43,32,41,030,46,38,26,079,40,39,50,076,45,1*7A
$GBGSV,2,1,05,06,53,103,39,08,31,067,38,09,51,127,39,13,44,052,38,B*06
$GBGSV,2,2,05,16,51,090,39,B*30
$GBGSV,3,1,12,01,03,095,,02,58,140,,03,35,112,,05,62,201,,0*77
$GBGSV,3,2,12,07,01,156,,10,07,165,,19,13,265,,23,16,080,,0*70
$GBGSV,3,3,12,30,58,212,,59,08,095,,60,60,149,,61,35,113,,0*7D
$GQGSV,1,1,02,04,20,068,35,07,19,104,34,1*64
$GQGSV,1,1,03,03,05,128,25,04,20,068,34,07,19,104,34,6*59
$GNGLL,2454.22834,N,06708.27293,E,141823.00,A,D*73
$GNRMC,141824.00,A,2454.22834,N,06708.27293,E,0.002,,050525,,,R,V*04
$GNVTG,,T,,M,0.002,N,0.003,K,D*39
$GNGGA,141824.00,2454.22834,N,06708.27293,E,4,12,0.67,21.9,M,-44.2,M,1.0,0290*72
$GNGSA,A,3,08,10,18,23,27,28,32,31,02,,,,1.46,0.67,1.29,1*06
$GNGSA,A,3,87,66,86,72,65,88,,,,,,,1.46,0.67,1.29,2*0D
$GNGSA,A,3,05,03,08,15,34,,,,,,,,1.46,0.67,1.29,3*06
$GNGSA,A,3,08,09,06,13,20,16,29,27,32,38,39,,1.46,0.67,1.29,4*02
$GNGSA,A,3,04,,,,,,,,,,,,1.46,0.67,1.29,5*09
$GPGSV,4,1,13,02,22,321,40,08,23,282,43,10,48,027,46,18,21,138,37,1*6D
$GPGSV,4,2,13,23,24,073,40,24,04,039,25,27,33,241,36,28,40,164,43,1*65
$GPGSV,4,3,13,31,19,185,41,32,71,340,50,36,34,246,37,40,59,208,47,1*60
$GPGSV,4,4,13,41,56,146,46,1*51
$GPGSV,3,1,09,08,23,282,33,10,48,027,37,18,21,138,34,23,24,073,36,6*64
$GPGSV,3,2,09,24,04,039,23,27,33,241,31,28,40,164,40,31,19,185,34,6*6A
$GPGSV,3,3,09,32,71,340,39,6*50
$GPGSV,1,1,01,49,17,257,,0*5F
$GLGSV,3,1,09,65,45,303,46,66,15,256,42,72,32,019,45,74,11,078,38,1*7A
$GLGSV,3,2,09,75,09,127,43,86,22,161,44,87,67,182,49,88,43,324,49,1*77
$GLGSV,3,3,09,,,,46,1*73
$GLGSV,2,1,07,65,45,303,11,66,15,256,37,72,32,019,42,75,09,127,33,3*78
$GLGSV,2,2,07,86,22,161,40,88,43,324,44,,,,41,3*76
$GLGSV,1,1,01,73,00,038,,0*47
$GAGSV,2,1,06,03,70,010,43,05,20,040,37,08,49,240,42,13,15,322,39,2*7C
$GAGSV,2,2,06,15,66,341,43,34,54,125,41,2*70
$GAGSV,2,1,06,03,70,010,46,05,20,040,38,08,49,240,42,13,15,322,36,7*7C
$GAGSV,2,2,06,15,66,341,46,34,54,125,45,7*74
$GAGSV,1,1,02,07,00,228,,36,05,136,,0*7D
$GBGSV,2,1,08,08,31,067,39,13,44,052,43,20,48,304,46,27,19,163,42,1*7A
$GBGSV,2,2,08,29,40,300,43,32,41,030,46,38,26,079,40,39,50,076,45,1*7A
$GBGSV,2,1,05,06,53,103,39,08,31,067,38,09,51,127,39,13,44,052,38,B*06
$GBGSV,2,2,05,16,51,090,39,B*30
$GBGSV,3,1,12,01,03,095,,02,58,140,,03,35,112,,05,62,201,,0*77
$GBGSV,3,2,12,07,01,156,,10,07,165,,19,13,265,,23,16,080,,0*70
$GBGSV,3,3,12,30,58,212,,59,08,095,,60,60,149,,61,35,113,,0*7D
$GQGSV,1,1,02,04,20,068,36,07,19,104,34,1*67
$GQGSV,1,1,03,03,05,128,25,04,20,068,34,07,19,104,34,6*59
$GNGLL,2454.22834,N,06708.27293,E,141824.00,A,D*74
$GNRMC,141825.00,A,2454.22833,N,06708.27293,E,0.006,,050525,,,R,V*06
$GNVTG,,T,,M,0.006,N,0.012,K,D*3D
$GNGGA,141825.00,2454.22833,N,06708.27293,E,4,12,0.67,21.9,M,-44.2,M,1.0,0290*74
$GNGSA,A,3,08,10,18,23,27,28,32,31,02,,,,1.46,0.67,1.29,1*06
$GNGSA,A,3,87,66,86,72,65,88,,,,,,,1.46,0.67,1.29,2*0D
$GNGSA,A,3,05,03,08,15,34,,,,,,,,1.46,0.67,1.29,3*06
$GNGSA,A,3,08,09,06,13,20,16,29,27,32,38,39,,1.46,0.67,1.29,4*02
$GNGSA,A,3,04,,,,,,,,,,,,1.46,0.67,1.29,5*09
$GPGSV,4,1,13,02,22,321,39,08,23,282,43,10,48,027,46,18,21,138,37,1*63
$GPGSV,4,2,13,23,24,073,40,24,04,039,25,27,33,241,36,28,40,164,43,1*65
$GPGSV,4,3,13,31,19,185,41,32,71,340,50,36,34,246,36,40,59,208,47,1*61
$GPGSV,4,4,13,41,56,146,46,1*51
$GPGSV,3,1,09,08,23,282,33,10,48,027,37,18,21,138,34,23,24,073,36,6*64
$GPGSV,3,2,09,24,04,039,23,27,33,241,31,28,40,164,40,31,19,185,33,6*6D
$GPGSV,3,3,09,32,71,340,39,6*50
$GPGSV,1,1,01,49,17,257,,0*5F
$GLGSV,3,1,09,65,45,303,46,66,15,256,42,72,32,019,45,74,11,078,38,1*7A
$GLGSV,3,2,09,75,09,127,43,86,22,161,44,87,67,182,49,88,43,324,49,1*77
$GLGSV,3,3,09,,,,46,1*73
$GLGSV,2,1,07,65,45,303,09,66,15,256,37,72,32,019,42,75,09,127,33,3*71
$GLGSV,2,2,07,86,22,161,40,88,43,324,44,,,,41,3*76
$GLGSV,1,1,01,73,00,038,,0*47
$GAGSV,2,1,06,03,69,010,43,05,20,040,37,08,49,240,42,13,15,322,39,2*74
$GAGSV,2,2,06,15,66,341,43,34,54,125,41,2*70
$GAGSV,2,1,06,03,69,010,46,05,20,040,38,08,49,240,42,13,15,322,36,7*74
$GAGSV,2,2,06,15,66,341,46,34,54,125,45,7*74
$GAGSV,1,1,02,07,00,228,,36,05,136,,0*7D
$GBGSV,2,1,08,08,31,067,39,13,44,052,43,20,48,304,46,27,19,163,42,1*7A
$GBGSV,2,2,08,29,40,300,43,32,41,030,46,38,26,079,40,39,50,076,45,1*7A
$GBGSV,2,1,05,06,53,103,39,08,31,067,38,09,51,127,39,13,44,052,38,B*06
$GBGSV,2,2,05,16,51,090,39,B*30
$GBGSV,3,1,12,01,03,095,,02,58,140,,03,35,112,,05,62,201,,0*77
$GBGSV,3,2,12,07,01,156,,10,07,165,,19,13,265,,23,16,080,,0*70
$GBGSV,3,3,12,30,58,212,,59,08,095,,60,60,149,,61,35,113,,0*7D
$GQGSV,1,1,02,04,20,068,35,07,19,104,34,1*64
$GQGSV,1,1,03,03,05,128,25,04,20,068,34,07,19,104,34,6*59
$GNGLL,2454.22833,N,06708.27293,E,141825.00,A,D*72
$GNRMC,141826.00,A,2454.22833,N,06708.27293,E,0.009,,050525,,,R,V*0A
$GNVTG,,T,,M,0.009,N,0.016,K,D*36
$GNGGA,141826.00,2454.22833,N,06708.27293,E,4,12,0.67,21.9,M,-44.2,M,1.0,0290*77
$GNGSA,A,3,08,10,18,23,27,28,32,31,02,,,,1.46,0.67,1.29,1*06
$GNGSA,A,3,87,66,86,72,65,88,,,,,,,1.46,0.67,1.29,2*0D
$GNGSA,A,3,05,03,08,15,34,,,,,,,,1.46,0.67,1.29,3*06
$GNGSA,A,3,08,09,06,13,20,16,29,27,32,38,39,,1.46,0.67,1.29,4*02
$GNGSA,A,3,04,,,,,,,,,,,,1.46,0.67,1.29,5*09
$GPGSV,4,1,13,02,22,321,40,08,23,282,43,10,48,027,46,18,20,139,37,1*6D
$GPGSV,4,2,13,23,24,073,40,24,04,039,24,27,33,241,36,28,40,164,43,1*64
$GPGSV,4,3,13,31,19,185,41,32,71,340,50,36,34,246,37,40,59,208,47,1*60
$GPGSV,4,4,13,41,56,146,46,1*51
$GPGSV,3,1,09,08,23,282,34,10,48,027,37,18,20,139,34,23,24,073,36,6*63
$GPGSV,3,2,09,24,04,039,22,27,33,241,31,28,40,164,40,31,19,185,34,6*6B
$GPGSV,3,3,09,32,71,340,40,6*5E
$GPGSV,1,1,01,49,17,257,,0*5F
$GLGSV,3,1,09,65,45,303,46,66,15,256,42,72,32,019,45,74,11,078,38,1*7A
$GLGSV,3,2,09,75,09,127,43,86,22,161,44,87,67,182,49,88,43,324,49,1*77
$GLGSV,3,3,09,,,,46,1*73
$GLGSV,2,1,07,65,45,303,10,66,15,256,37,72,32,019,42,75,09,127,33,3*79
$GLGSV,2,2,07,86,22,161,40,88,43,324,44,,,,41,3*76
$GLGSV,1,1,01,73,00,038,,0*47
$GAGSV,2,1,06,03,69,010,43,05,20,040,37,08,49,240,42,13,15,322,39,2*74
$GAGSV,2,2,06,15,66,341,43,34,54,125,41,2*70
$GAGSV,2,1,06,03,69,010,46,05,20,040,38,08,49,240,42,13,15,322,36,7*74
$GAGSV,2,2,06,15,66,341,46,34,54,125,45,7*74
$GAGSV,1,1,02,07,00,228,,36,05,136,,0*7D
$GBGSV,2,1,08,08,31,067,39,13,44,052,43,20,48,304,46,27,19,163,42,1*7A
$GBGSV,2,2,08,29,40,300,43,32,41,030,46,38,26,079,40,39,50,076,45,1*7A
$GBGSV,2,1,05,06,53,103,39,08,31,067,38,09,51,127,39,13,44,052,38,B*06
$GBGSV,2,2,05,16,51,090,39,B*30
$GBGSV,3,1,12,01,03,095,,02,58,140,,03,35,112,,05,62,201,,0*77
$GBGSV,3,2,12,07,01,156,,10,07,165,,19,13,265,,23,16,080,,0*70
$GBGSV,3,3,12,30,58,212,,59,08,095,,60,60,149,,61,35,113,,0*7D
$GQGSV,1,1,02,04,20,068,35,07,19,104,34,1*64
$GQGSV,1,1,03,03,05,128,25,04,20,068,34,07,19,104,34,6*59
$GNGLL,2454.22833,N,06708.27293,E,141826.00,A,D*71
$GNRMC,141827.00,A,2454.22833,N,06708.27293,E,0.012,,050525,,,R,V*01
$GNVTG,,T,,M,0.012,N,0.023,K,D*3A
$GNGGA,141827.00,2454.22833,N,06708.27293,E,4,12,0.67,21.9,M,-44.2,M,1.0,0290*76
$GNGSA,A,3,08,10,18,23,27,28,32,31,02,,,,1.46,0.67,1.29,1*06
$GNGSA,A,3,87,66,86,72,65,88,,,,,,,1.46,0.67,1.29,2*0D
$GNGSA,A,3,05,03,08,15,34,,,,,,,,1.46,0.67,1.29,3*06
$GNGSA,A,3,08,09,06,13,20,16,29,27,32,38,39,,1.46,0.67,1.29,4*02
$GNGSA,A,3,04,,,,,,,,,,,,1.46,0.67,1.29,5*09
$GPGSV,4,1,13,02,22,321,40,08,23,282,43,10,48,027,46,18,20,139,37,1*6D
$GPGSV,4,2,13,23,24,073,40,24,04,039,24,27,33,241,36,28,40,164,43,1*64
$GPGSV,4,3,13,31,19,185,41,32,71,340,50,36,34,246,37,40,59,208,47,1*60
$GPGSV,4,4,13,41,56,146,46,1*51
$GPGSV,3,1,09,08,23,282,33,10,48,027,37,18,20,139,34,23,24,073,36,6*64
$GPGSV,3,2,09,24,04,039,23,27,33,241,32,28,40,164,40,31,19,185,34,6*69
$GPGSV,3,3,09,32,71,340,40,6*5E
$GPGSV,1,1,01,49,17,257,,0*5F
$GLGSV,3,1,09,65,45,303,46,66,15,256,42,72,32,019,45,74,11,078,38,1*7A
$GLGSV,3,2,09,75,09,127,43,86,22,161,44,87,67,182,49,88,43,324,49,1*77
$GLGSV,3,3,09,,,,46,1*73
$GLGSV,2,1,07,65,45,303,10,66,15,256,37,72,32,019,42,75,09,127,33,3*79
$GLGSV,2,2,07,86,22,161,40,88,43,324,44,,,,41,3*76
$GLGSV,1,1,01,73,00,038,,0*47
$GAGSV,2,1,06,03,69,010,43,05,20,040,37,08,49,240,42,13,15,322,39,2*74
$GAGSV,2,2,06,15,66,341,43,34,54,125,41,2*70
$GAGSV,2,1,06,03,69,010,46,05,20,040,38,08,49,240,42,13,15,322,36,7*74
$GAGSV,2,2,06,15,66,341,46,34,54,125,45,7*74
$GAGSV,1,1,02,07,00,228,,36,05,136,,0*7D
$GBGSV,2,1,08,08,31,067,39,13,44,052,43,20,48,304,46,27,19,163,42,1*7A
$GBGSV,2,2,08,29,40,300,43,32,41,030,46,38,26,079,40,39,50,076,45,1*7A
$GBGSV,2,1,05,06,53,103,39,08,31,067,38,09,51,127,39,13,44,052,38,B*06
$GBGSV,2,2,05,16,51,090,39,B*30
$GBGSV,3,1,12,01,03,095,,02,58,140,,03,35,112,,05,62,201,,0*77
$GBGSV,3,2,12,07,01,156,,10,07,165,,19,13,265,,23,16,080,,0*70
$GBGSV,3,3,12,30,58,212,,59,08,095,,60,60,149,,61,35,113,,0*7D
$GQGSV,1,1,02,04,20,068,35,07,19,104,34,1*64
$GQGSV,1,1,03,03,05,128,25,04,20,068,34,07,19,104,34,6*59
$GNGLL,2454.22833,N,06708.27293,E,141827.00,A,D*70
$GNRMC,141828.00,A,2454.22833,N,06708.27293,E,0.008,,050525,,,R,V*05
$GNVTG,,T,,M,0.008,N,0.014,K,D*35
$GNGGA,141828.00,2454.22833,N,06708.27293,E,4,12,0.67,21.9,M,-44.2,M,1.0,0290*79
$GNGSA,A,3,08,10,18,23,27,28,32,31,02,,,,1.46,0.67,1.29,1*06
$GNGSA,A,3,87,66,86,72,65,88,,,,,,,1.46,0.67,1.29,2*0D
$GNGSA,A,3,05,03,08,15,34,,,,,,,,1.46,0.67,1.29,3*06
$GNGSA,A,3,08,09,06,13,20,16,29,27,32,38,39,,1.46,0.67,1.29,4*02
$GNGSA,A,3,04,,,,,,,,,,,,1.46,0.67,1.29,5*09
$GPGSV,4,1,13,02,22,321,40,08,23,282,43,10,48,027,46,18,20,139,37,1*6D
$GPGSV,4,2,13,23,24,073,40,24,04,039,24,27,33,241,36,28,40,164,43,1*64
$GPGSV,4,3,13,31,19,185,41,32,71,340,50,36,34,246,37,40,59,208,47,1*60
$GPGSV,4,4,13,41,56,146,46,1*51
$GPGSV,3,1,09,08,23,282,33,10,48,027,37,18,20,139,34,23,24,073,36,6*64
$GPGSV,3,2,09,24,04,039,23,27,33,241,31,28,40,164,40,31,19,185,34,6*6A
$GPGSV,3,3,09,32,71,340,40,6*5E
$GPGSV,1,1,01,49,17,257,,0*5F
$GLGSV,3,1,09,65,45,303,46,66,15,256,42,72,32,019,45,74,11,078,38,1*7A
$GLGSV,3,2,09,75,09,127,43,86,22,161,44,87,67,182,49,88,43,324,49,1*77
$GLGSV,3,3,09,,,,46,1*73
$GLGSV,2,1,07,65,45,303,08,66,15,256,37,72,32,019,42,75,09,127,33,3*70
$GLGSV,2,2,07,86,22,161,40,88,43,324,44,,,,41,3*76
$GLGSV,1,1,01,73,00,038,,0*47
$GAGSV,2,1,06,03,69,010,43,05,20,040,37,08,49,240,42,13,15,322,39,2*74
$GAGSV,2,2,06,15,66,341,43,34,54,125,41,2*70
$GAGSV,2,1,06,03,69,010,46,05,20,040,38,08,49,240,42,13,15,322,36,7*74
$GAGSV,2,2,06,15,66,341,46,34,54,125,45,7*74
$GAGSV,1,1,02,07,00,228,,36,05,136,,0*7D
$GBGSV,2,1,08,08,31,067,39,13,44,052,43,20,48,304,46,27,19,163,42,1*7A
$GBGSV,2,2,08,29,40,300,43,32,41,030,46,38,26,079,40,39,50,076,45,1*7A
$GBGSV,2,1,05,06,53,103,39,08,31,067,38,09,51,127,39,13,44,052,38,B*06
$GBGSV,2,2,05,16,51,090,39,B*30
$GBGSV,3,1,12,01,03,095,,02,58,140,,03,35,112,,05,62,201,,0*77
$GBGSV,3,2,12,07,01,156,,10,07,165,,19,13,265,,23,16,080,,0*70
$GBGSV,3,3,12,30,58,212,,59,08,095,,60,60,149,,61,35,113,,0*7D
$GQGSV,1,1,02,04,20,068,35,07,19,104,34,1*64
$GQGSV,1,1,03,03,05,128,25,04,20,068,34,07,19,104,34,6*59
$GNGLL,2454.22833,N,06708.27293,E,141828.00,A,D*7F
$GNRMC,141829.00,A,2454.22833,N,06708.27293,E,0.005,,050525,,,R,V*09
$GNVTG,,T,,M,0.005,N,0.010,K,D*3C
$GNGGA,141829.00,2454.22833,N,06708.27293,E,4,12,0.67,21.9,M,-44.2,M,1.0,0290*78
$GNGSA,A,3,08,10,18,23,27,28,32,31,02,,,,1.46,0.67,1.29,1*06
$GNGSA,A,3,87,66,86,72,65,88,,,,,,,1.46,0.67,1.29,2*0D
$GNGSA,A,3,05,03,08,15,34,,,,,,,,1.46,0.67,1.29,3*06
$GNGSA,A,3,08,09,06,13,20,16,29,27,32,38,39,,1.46,0.67,1.29,4*02
$GNGSA,A,3,04,,,,,,,,,,,,1.46,0.67,1.29,5*09
$GPGSV,4,1,13,02,22,321,40,08,23,282,43,10,48,027,46,18,20,139,37,1*6D
$GPGSV,4,2,13,23,24,073,40,24,04,039,23,27,33,241,36,28,40,164,43,1*63
$GPGSV,4,3,13,31,19,185,41,32,71,340,50,36,34,246,37,40,59,208,47,1*60
$GPGSV,4,4,13,41,56,146,46,1*51
$GPGSV,3,1,09,08,23,282,33,10,48,027,37,18,20,139,34,23,24,073,36,6*64
$GPGSV,3,2,09,24,04,039,23,27,33,241,31,28,40,164,40,31,19,185,34,6*6A
$GPGSV,3,3,09,32,71,340,40,6*5E
$GPGSV,1,1,01,49,17,257,,0*5F
$GLGSV,3,1,09,65,45,303,46,66,15,256,41,72,32,019,45,74,11,078,37,1*76
$GLGSV,3,2,09,75,09,127,43,86,22,161,44,87,67,182,49,88,43,324,49,1*77
$GLGSV,3,3,09,,,,46,1*73
$GLGSV,2,1,07,65,45,303,06,66,15,256,37,72,32,019,42,75,09,127,33,3*7E
$GLGSV,2,2,07,86,22,161,40,88,43,324,44,,,,41,3*76
$GLGSV,1,1,01,73,00,038,,0*47
$GAGSV,2,1,06,03,69,010,42,05,20,040,37,08,49,240,42,13,15,322,38,2*74
$GAGSV,2,2,06,15,66,341,43,34,54,125,41,2*70
$GAGSV,2,1,06,03,69,010,46,05,20,040,38,08,49,240,42,13,15,322,36,7*74
$GAGSV,2,2,06,15,66,341,46,34,54,125,45,7*74
$GAGSV,1,1,02,07,00,228,,36,05,136,,0*7D
$GBGSV,2,1,08,08,31,067,39,13,44,052,43,20,48,304,46,27,19,163,42,1*7A
$GBGSV,2,2,08,29,40,300,43,32,41,030,46,38,26,079,40,39,50,076,45,1*7A
$GBGSV,2,1,05,06,53,103,39,08,31,067,38,09,51,127,39,13,44,052,38,B*06
$GBGSV,2,2,05,16,51,090,39,B*30
$GBGSV,3,1,12,01,03,095,,02,58,140,,03,35,112,,05,62,201,,0*77
$GBGSV,3,2,12,07,01,156,,10,07,165,,19,13,265,,23,16,080,,0*70
$GBGSV,3,3,12,30,58,212,,59,08,095,,60,60,149,,61,35,113,,0*7D
$GQGSV,1,1,02,04,20,068,35,07,19,104,34,1*64
$GQGSV,1,1,03,03,05,128,25,04,20,068,34,07,19,104,34,6*59
$GNGLL,2454.22833,N,06708.27293,E,141829.00,A,D*7E
$GNRMC,141830.00,A,2454.22833,N,06708.27293,E,0.008,,050525,,,R,V*0C
$GNVTG,,T,,M,0.008,N,0.015,K,D*34
$GNGGA,141830.00,2454.22833,N,06708.27293,E,4,12,0.67,21.9,M,-44.2,M,1.0,0290*70
$GNGSA,A,3,08,10,18,23,27,28,32,31,02,,,,1.46,0.67,1.29,1*06
$GNGSA,A,3,87,66,86,72,65,88,,,,,,,1.46,0.67,1.29,2*0D
$GNGSA,A,3,05,03,08,15,34,,,,,,,,1.46,0.67,1.29,3*06
$GNGSA,A,3,08,09,06,13,20,16,29,27,32,38,39,,1.46,0.67,1.29,4*02
$GNGSA,A,3,04,,,,,,,,,,,,1.46,0.67,1.29,5*09
$GPGSV,4,1,13,02,22,321,40,08,23,282,43,10,48,027,46,18,20,139,37,1*6D
$GPGSV,4,2,13,23,24,074,40,24,04,039,23,27,33,241,37,28,40,164,44,1*62
$GPGSV,4,3,13,31,19,185,41,32,71,340,50,36,34,246,37,40,59,208,47,1*60
$GPGSV,4,4,13,41,56,146,46,1*51
$GPGSV,3,1,09,08,23,282,34,10,48,027,38,18,20,139,35,23,24,074,37,6*6B
$GPGSV,3,2,09,24,04,039,23,27,33,241,32,28,40,164,41,31,19,185,34,6*68
$GPGSV,3,3,09,32,71,340,41,6*5F
$GPGSV,1,1,01,49,17,257,,0*5F
$GLGSV,3,1,09,65,45,303,46,66,15,256,41,72,32,019,45,74,11,078,37,1*76
$GLGSV,3,2,09,75,09,127,43,86,22,161,43,87,67,182,49,88,43,324,49,1*70
$GLGSV,3,3,09,,,,46,1*73
$GLGSV,2,1,07,65,45,303,07,66,15,256,37,72,32,019,42,75,09,127,33,3*7F
$GLGSV,2,2,07,86,22,161,40,88,43,324,44,,,,41,3*76
$GLGSV,1,1,01,73,00,038,,0*47
$GAGSV,2,1,06,03,69,010,42,05,20,040,37,08,49,240,42,13,15,322,38,2*74
$GAGSV,2,2,06,15,66,341,43,34,54,125,41,2*70
$GAGSV,2,1,06,03,69,010,46,05,20,040,38,08,49,240,42,13,15,322,36,7*74
$GAGSV,2,2,06,15,66,341,46,34,54,125,45,7*74
$GAGSV,1,1,02,07,00,228,,36,05,136,,0*7D
$GBGSV,2,1,08,08,31,067,39,13,44,052,43,20,48,304,46,27,19,163,42,1*7A
$GBGSV,2,2,08,29,40,300,43,32,41,030,46,38,26,079,40,39,50,076,45,1*7A
$GBGSV,2,1,05,06,53,103,39,08,31,067,38,09,51,127,39,13,44,052,38,B*06
$GBGSV,2,2,05,16,51,090,39,B*30
$GBGSV,3,1,12,01,03,095,,02,58,140,,03,35,112,,05,62,201,,0*77
$GBGSV,3,2,12,07,01,156,,10,07,165,,19,13,265,,23,16,080,,0*70
$GBGSV,3,3,12,30,58,212,,59,08,095,,60,60,149,,61,35,113,,0*7D
$GQGSV,1,1,02,04,20,068,35,07,19,104,34,1*64
$GQGSV,1,1,03,03,05,128,26,04,20,068,34,07,19,104,35,6*5B
$GNGLL,2454.22833,N,06708.27293,E,141830.00,A,D*76
$GNRMC,141831.00,A,2454.22833,N,06708.27293,E,0.006,,050525,,,R,V*03
$GNVTG,,T,,M,0.006,N,0.011,K,D*3E
$GNGGA,141831.00,2454.22833,N,06708.27293,E,4,12,0.67,21.9,M,-44.2,M,1.0,0290*71
$GNGSA,A,3,08,10,18,23,27,28,32,31,02,,,,1.46,0.67,1.29,1*06
$GNGSA,A,3,87,66,86,72,65,88,,,,,,,1.46,0.67,1.29,2*0D
$GNGSA,A,3,05,03,08,15,34,,,,,,,,1.46,0.67,1.29,3*06
$GNGSA,A,3,08,09,06,13,20,16,29,27,32,38,39,,1.46,0.67,1.29,4*02
$GNGSA,A,3,04,,,,,,,,,,,,1.46,0.67,1.29,5*09
$GPGSV,4,1,13,02,22,321,40,08,23,282,43,10,48,027,46,18,20,139,37,1*6D
$GPGSV,4,2,13,23,24,074,40,24,03,039,23,27,33,241,37,28,40,164,44,1*65
$GPGSV,4,3,13,31,19,185,41,32,71,340,50,36,34,246,36,40,59,208,46,1*60
$GPGSV,4,4,13,41,56,146,46,1*51
$GPGSV,3,1,09,08,23,282,34,10,48,027,38,18,20,139,35,23,24,074,37,6*6B
$GPGSV,3,2,09,24,03,039,23,27,33,241,32,28,40,164,40,31,19,185,34,6*6E
$GPGSV,3,3,09,32,71,340,40,6*5E
$GPGSV,1,1,01,49,17,257,,0*5F
$GLGSV,3,1,09,65,45,303,46,66,15,256,41,72,32,019,46,74,11,078,37,1*75
$GLGSV,3,2,09,75,09,127,43,86,22,161,43,87,67,182,49,88,43,324,49,1*70
$GLGSV,3,3,09,,,,46,1*73
$GLGSV,2,1,07,65,45,303,07,66,15,256,37,72,32,019,42,75,09,127,33,3*7F
$GLGSV,2,2,07,86,22,161,40,88,43,324,44,,,,41,3*76
$GLGSV,1,1,01,73,00,038,,0*47
$GAGSV,2,1,06,03,69,010,42,05,20,040,37,08,49,240,41,13,15,322,38,2*77
$GAGSV,2,2,06,15,66,341,43,34,54,125,41,2*70
$GAGSV,2,1,06,03,69,010,46,05,20,040,38,08,49,240,42,13,15,322,36,7*74
$GAGSV,2,2,06,15,66,341,46,34,54,125,45,7*74
$GAGSV,1,1,02,07,00,228,,36,05,136,,0*7D
$GBGSV,2,1,08,08,31,067,39,13,44,052,43,20,48,304,46,27,19,163,42,1*7A
$GBGSV,2,2,08,29,40,300,43,32,41,030,46,38,26,079,40,39,50,076,45,1*7A
$GBGSV,2,1,05,06,53,103,39,08,31,067,38,09,51,127,39,13,44,052,38,B*06
$GBGSV,2,2,05,16,51,090,39,B*30
$GBGSV,3,1,12,01,03,095,,02,58,140,,03,35,112,,05,62,201,,0*77
$GBGSV,3,2,12,07,01,156,,10,07,165,,19,13,265,,23,16,080,,0*70
$GBGSV,3,3,12,30,58,212,,59,08,095,,60,60,149,,61,35,113,,0*7D
$GQGSV,1,1,02,04,20,068,35,07,19,104,34,1*64
$GQGSV,1,1,03,03,05,128,26,04,20,068,34,07,19,104,35,6*5B
$GNGLL,2454.22833,N,06708.27293,E,141831.00,A,D*77
$GNRMC,141832.00,A,2454.22833,N,06708.27293,E,0.009,,050525,,,R,V*0F
$GNVTG,,T,,M,0.009,N,0.016,K,D*36
$GNGGA,141832.00,2454.22833,N,06708.27293,E,4,12,0.67,21.9,M,-44.2,M,1.0,0290*72
$GNGSA,A,3,08,10,18,23,27,28,32,31,02,,,,1.46,0.67,1.29,1*06
$GNGSA,A,3,87,66,86,72,65,88,,,,,,,1.46,0.67,1.29,2*0D
$GNGSA,A,3,05,03,08,15,34,,,,,,,,1.46,0.67,1.29,3*06
$GNGSA,A,3,08,09,06,13,20,16,29,27,32,38,39,,1.46,0.67,1.29,4*02
$GNGSA,A,3,04,,,,,,,,,,,,1.46,0.67,1.29,5*09
$GPGSV,4,1,13,02,22,321,40,08,23,282,43,10,48,027,46,18,20,139,37,1*6D
$GPGSV,4,2,13,23,24,074,40,24,03,039,23,27,33,241,36,28,40,164,43,1*63
$GPGSV,4,3,13,31,19,185,41,32,71,340,50,36,34,246,36,40,59,208,46,1*60
$GPGSV,4,4,13,41,56,146,46,1*51
$GPGSV,3,1,09,08,23,282,34,10,48,027,38,18,20,139,35,23,24,074,37,6*6B
$GPGSV,3,2,09,24,03,039,23,27,33,241,32,28,40,164,40,31,19,185,35,6*6F
$GPGSV,3,3,09,32,71,340,40,6*5E
$GPGSV,1,1,01,49,17,257,,0*5F
$GLGSV,3,1,09,65,45,303,46,66,15,256,42,72,32,019,46,74,11,078,37,1*76
$GLGSV,3,2,09,75,09,127,43,86,22,161,43,87,67,182,49,88,43,324,49,1*70
$GLGSV,3,3,09,,,,46,1*73
$GLGSV,2,1,07,65,45,303,07,66,15,256,37,72,32,019,42,75,09,127,33,3*7F
$GLGSV,2,2,07,86,22,161,40,88,43,324,44,,,,41,3*76
$GLGSV,1,1,01,73,00,038,,0*47
$GAGSV,2,1,06,03,69,010,42,05,20,040,36,08,49,240,41,13,15,322,37,2*79
$GAGSV,2,2,06,15,66,341,42,34,54,125,40,2*70
$GAGSV,2,1,06,03,69,010,46,05,20,040,38,08,49,240,42,13,15,322,36,7*74
$GAGSV,2,2,06,15,66,341,46,34,54,125,45,7*74
$GAGSV,1,1,02,07,00,228,,36,05,136,,0*7D
$GBGSV,2,1,08,08,31,067,40,13,44,052,43,20,48,304,46,27,19,163,42,1*74
$GBGSV,2,2,08,29,40,300,43,32,41,030,46,38,26,079,40,39,50,076,45,1*7A
$GBGSV,2,1,05,06,53,103,38,08,31,067,38,09,51,127,39,13,44,052,38,B*07
$GBGSV,2,2,05,16,51,090,39,B*30
$GBGSV,3,1,12,01,03,095,,02,58,140,,03,35,112,,05,62,201,,0*77
$GBGSV,3,2,12,07,01,156,,10,07,165,,19,13,265,,23,16,080,,0*70
$GBGSV,3,3,12,30,58,212,,59,08,095,,60,60,149,,61,35,113,,0*7D
$GQGSV,1,1,02,04,20,068,35,07,19,104,34,1*64
$GQGSV,1,1,03,03,05,128,26,04,20,068,34,07,19,104,35,6*5B
$GNGLL,2454.22833,N,06708.27293,E,141832.00,A,D*74
$GNRMC,141833.00,A,2454.22833,N,06708.27293,E,0.004,,050525,,,R,V*03
$GNVTG,,T,,M,0.004,N,0.007,K,D*3B
$GNGGA,141833.00,2454.22833,N,06708.27293,E,4,12,0.67,21.9,M,-44.2,M,1.0,0290*73
$GNGSA,A,3,08,10,18,23,27,28,32,31,02,,,,1.46,0.67,1.29,1*06
$GNGSA,A,3,87,66,86,72,65,88,,,,,,,1.46,0.67,1.29,2*0D
$GNGSA,A,3,05,03,08,15,34,,,,,,,,1.46,0.67,1.29,3*06
$GNGSA,A,3,08,09,06,13,20,16,29,27,32,38,39,,1.46,0.67,1.29,4*02
$GNGSA,A,3,04,,,,,,,,,,,,1.46,0.67,1.29,5*09
$GPGSV,4,1,13,02,22,321,40,08,23,282,43,10,48,027,46,18,20,139,37,1*6D
$GPGSV,4,2,13,23,24,074,40,24,03,039,22,27,33,241,36,28,40,164,44,1*65
$GPGSV,4,3,13,31,19,185,41,32,71,340,50,36,34,246,36,40,59,208,46,1*60
$GPGSV,4,4,13,41,56,146,46,1*51
$GPGSV,3,1,09,08,23,282,34,10,48,027,38,18,20,139,35,23,24,074,37,6*6B
$GPGSV,3,2,09,24,03,039,23,27,33,241,32,28,40,164,40,31,19,185,34,6*6E
$GPGSV,3,3,09,32,71,340,41,6*5F
$GPGSV,1,1,01,49,17,257,,0*5F
$GLGSV,3,1,09,65,45,303,46,66,15,256,41,72,32,019,46,74,11,078,37,1*75
$GLGSV,3,2,09,75,09,127,43,86,22,161,43,87,67,182,49,88,43,324,49,1*70
$GLGSV,3,3,09,,,,46,1*73
$GLGSV,2,1,07,65,45,303,07,66,15,256,37,72,32,019,42,75,09,127,33,3*7F
$GLGSV,2,2,07,86,22,161,40,88,43,324,43,,,,41,3*71
$GLGSV,1,1,01,73,00,038,,0*47
$GAGSV,2,1,06,03,69,010,42,05,20,040,36,08,49,240,41,13,15,322,38,2*76
$GAGSV,2,2,06,15,66,341,42,34,54,125,40,2*70
$GAGSV,2,1,06,03,69,010,46,05,20,040,38,08,49,240,42,13,15,322,36,7*74
$GAGSV,2,2,06,15,66,341,46,34,54,125,45,7*74
$GAGSV,1,1,02,07,00,228,,36,05,136,,0*7D
$GBGSV,2,1,08,08,31,067,40,13,44,052,43,20,48,304,46,27,19,163,42,1*74
$GBGSV,2,2,08,29,40,300,43,32,41,030,46,38,26,079,40,39,50,076,45,1*7A
$GBGSV,2,1,05,06,53,103,39,08,31,067,38,09,51,127,39,13,44,052,38,B*06
$GBGSV,2,2,05,16,51,090,39,B*30
$GBGSV,3,1,12,01,03,095,,02,58,140,,03,35,112,,05,62,201,,0*77
$GBGSV,3,2,12,07,01,156,,10,07,165,,19,13,265,,23,16,080,,0*70
$GBGSV,3,3,12,30,58,212,,59,08,095,,60,60,149,,61,35,113,,0*7D
$GQGSV,1,1,02,04,20,068,35,07,19,104,34,1*64
$GQGSV,1,1,03,03,05,128,26,04,20,068,34,07,19,104,35,6*5B
$GNGLL,2454.22833,N,06708.27293,E,141833.00,A,D*75
$GNRMC,141834.00,A,2454.22833,N,06708.27293,E,0.013,,050525,,,R,V*02
$GNVTG,,T,,M,0.013,N,0.024,K,D*3C
$GNGGA,141834.00,2454.22833,N,06708.27293,E,4,12,0.67,21.9,M,-44.2,M,1.0,0290*74
$GNGSA,A,3,08,10,18,23,27,28,32,31,02,,,,1.46,0.67,1.29,1*06
$GNGSA,A,3,87,66,86,72,65,88,,,,,,,1.46,0.67,1.29,2*0D
$GNGSA,A,3,05,03,08,15,34,,,,,,,,1.46,0.67,1.29,3*06
$GNGSA,A,3,08,09,06,13,20,16,29,27,32,38,39,,1.46,0.67,1.29,4*02
$GNGSA,A,3,04,,,,,,,,,,,,1.46,0.67,1.29,5*09
$GPGSV,4,1,13,02,22,321,40,08,23,282,43,10,48,027,46,18,20,139,37,1*6D
$GPGSV,4,2,13,23,24,074,40,24,03,039,22,27,32,240,36,28,40,164,44,1*65
$GPGSV,4,3,13,31,19,185,41,32,71,340,50,36,34,246,36,40,59,208,46,1*60
$GPGSV,4,4,13,41,56,146,46,1*51
$GPGSV,3,1,09,08,23,282,34,10,48,027,38,18,20,139,36,23,24,074,37,6*68
$GPGSV,3,2,09,24,03,039,23,27,32,240,32,28,40,164,40,31,19,185,35,6*6F
$GPGSV,3,3,09,32,71,340,41,6*5F
$GPGSV,1,1,01,49,17,257,,0*5F
$GLGSV,3,1,09,65,45,303,46,66,15,256,41,72,32,019,46,74,11,078,37,1*75
$GLGSV,3,2,09,75,09,127,43,86,22,161,43,87,67,182,49,88,43,324,49,1*70
$GLGSV,3,3,09,,,,46,1*73
$GLGSV,2,1,07,65,45,303,07,66,15,256,36,72,32,019,42,75,09,127,32,3*7F
$GLGSV,2,2,07,86,22,161,40,88,43,324,43,,,,41,3*71
$GLGSV,1,1,01,73,00,038,,0*47
$GAGSV,2,1,06,03,69,010,42,05,20,040,36,08,49,240,41,13,15,322,38,2*76
$GAGSV,2,2,06,15,66,341,42,34,54,125,40,2*70
$GAGSV,2,1,06,03,69,010,46,05,20,040,38,08,49,240,42,13,15,322,36,7*74
$GAGSV,2,2,06,15,66,341,46,34,54,125,45,7*74
$GAGSV,1,1,02,07,00,228,,36,05,136,,0*7D
$GBGSV,2,1,08,08,31,067,40,13,44,052,43,20,48,304,46,27,19,163,42,1*74
$GBGSV,2,2,08,29,40,300,43,32,41,030,46,38,26,079,40,39,50,076,45,1*7A
$GBGSV,2,1,05,06,53,103,39,08,31,067,38,09,51,127,39,13,44,052,38,B*06
$GBGSV,2,2,05,16,51,090,39,B*30
$GBGSV,3,1,12,01,03,095,,02,58,140,,03,35,112,,05,62,201,,0*77
$GBGSV,3,2,12,07,01,156,,10,07,165,,19,13,265,,23,16,080,,0*70
$GBGSV,3,3,12,30,58,212,,59,08,095,,60,60,149,,61,35,113,,0*7D
$GQGSV,1,1,02,04,20,068,35,07,19,104,34,1*64
$GQGSV,1,1,03,03,05,128,26,04,20,068,34,07,19,104,35,6*5B
$GNGLL,2454.22833,N,06708.27293,E,141834.00,A,D*72
$GNRMC,141835.00,A,2454.22834,N,06708.27293,E,0.005,,050525,,,R,V*03
$GNVTG,,T,,M,0.005,N,0.010,K,D*3C
$GNGGA,141835.00,2454.22834,N,06708.27293,E,4,12,0.67,21.9,M,-44.2,M,1.0,0290*72
$GNGSA,A,3,08,10,18,23,27,28,32,31,02,,,,1.46,0.67,1.29,1*06
$GNGSA,A,3,87,66,86,72,65,88,,,,,,,1.46,0.67,1.29,2*0D
$GNGSA,A,3,05,03,08,15,34,,,,,,,,1.46,0.67,1.29,3*06
$GNGSA,A,3,08,09,06,13,20,16,29,27,32,38,39,,1.46,0.67,1.29,4*02
$GNGSA,A,3,04,,,,,,,,,,,,1.46,0.67,1.29,5*09
$GPGSV,4,1,13,02,22,321,40,08,23,282,43,10,48,027,46,18,20,139,36,1*6C
$GPGSV,4,2,13,23,24,074,40,24,03,039,22,27,32,240,36,28,41,163,44,1*63
$GPGSV,4,3,13,31,19,185,41,32,71,340,50,36,34,246,36,40,59,208,46,1*60
$GPGSV,4,4,13,41,56,146,46,1*51
$GPGSV,3,1,09,08,23,282,34,10,48,027,38,18,20,139,36,23,24,074,37,6*68
$GPGSV,3,2,09,24,03,039,23,27,32,240,33,28,41,163,40,31,19,185,35,6*68
$GPGSV,3,3,09,32,71,340,41,6*5F
$GPGSV,1,1,01,49,17,257,,0*5F
$GLGSV,3,1,09,65,45,303,46,66,15,256,41,72,32,019,46,74,11,078,37,1*75
$GLGSV,3,2,09,75,09,127,43,86,22,161,43,87,67,182,48,88,43,324,49,1*71
$GLGSV,3,3,09,,,,46,1*73
$GLGSV,2,1,07,65,45,303,09,66,15,256,36,72,32,019,42,75,09,127,32,3*71
$GLGSV,2,2,07,86,22,161,40,88,43,324,43,,,,41,3*71
$GLGSV,1,1,01,73,00,038,,0*47
$GAGSV,2,1,06,03,69,010,42,05,20,040,37,08,49,240,41,13,15,322,38,2*77
$GAGSV,2,2,06,15,66,341,43,34,54,125,41,2*70
$GAGSV,2,1,06,03,69,010,46,05,20,040,38,08,49,240,42,13,15,322,36,7*74
$GAGSV,2,2,06,15,66,341,46,34,54,125,45,7*74
$GAGSV,1,1,02,07,00,228,,36,05,136,,0*7D
$GBGSV,2,1,08,08,31,067,40,13,44,052,43,20,48,304,46,27,19,163,42,1*74
$GBGSV,2,2,08,29,40,300,43,32,41,030,46,38,26,079,40,39,50,076,45,1*7A
$GBGSV,2,1,05,06,53,103,39,08,31,067,38,09,51,127,39,13,44,052,38,B*06
$GBGSV,2,2,05,16,51,090,39,B*30
$GBGSV,3,1,12,01,03,095,,02,58,140,,03,35,112,,05,62,201,,0*77
$GBGSV,3,2,12,07,01,156,,10,07,165,,19,13,265,,23,16,080,,0*70
$GBGSV,3,3,12,30,58,212,,59,08,095,,60,60,149,,61,35,113,,0*7D
$GQGSV,1,1,02,04,20,068,35,07,19,104,34,1*64
$GQGSV,1,1,03,03,05,128,26,04,20,068,34,07,19,104,35,6*5B
$GNGLL,2454.22834,N,06708.27293,E,141835.00,A,D*74
$GNRMC,141836.00,A,2454.22833,N,06708.27293,E,0.016,,050525,,,R,V*05
$GNVTG,,T,,M,0.016,N,0.030,K,D*3C
$GNGGA,141836.00,2454.22833,N,06708.27293,E,4,12,0.67,21.9,M,-44.2,M,1.0,0290*76
$GNGSA,A,3,08,10,18,23,27,28,32,31,02,,,,1.46,0.67,1.29,1*06
$GNGSA,A,3,87,66,86,72,65,88,,,,,,,1.46,0.67,1.29,2*0D
$GNGSA,A,3,05,03,08,15,34,,,,,,,,1.46,0.67,1.29,3*06
$GNGSA,A,3,08,09,06,13,20,16,29,27,32,38,39,,1.46,0.67,1.29,4*02
$GNGSA,A,3,04,,,,,,,,,,,,1.46,0.67,1.29,5*09
$GPGSV,4,1,13,02,22,321,40,08,23,282,43,10,48,027,46,18,20,139,37,1*6D
$GPGSV,4,2,13,23,24,074,40,24,03,039,22,27,32,240,36,28,41,163,44,1*63
$GPGSV,4,3,13,31,19,185,41,32,71,340,50,36,34,246,36,40,59,208,47,1*61
$GPGSV,4,4,13,41,56,146,46,1*51
$GPGSV,3,1,09,08,23,282,34,10,48,027,38,18,20,139,35,23,24,074,37,6*6B
$GPGSV,3,2,09,24,03,039,23,27,32,240,33,28,41,163,40,31,19,185,35,6*68
$GPGSV,3,3,09,32,71,340,40,6*5E
$GPGSV,1,1,01,49,17,257,,0*5F
$GLGSV,3,1,09,65,45,303,46,66,15,256,42,72,32,019,46,74,11,078,36,1*77
$GLGSV,3,2,09,75,09,127,43,86,22,161,43,87,67,182,48,88,43,324,49,1*71
$GLGSV,3,3,09,,,,46,1*73
$GLGSV,2,1,07,65,45,303,09,66,15,256,36,72,32,019,42,75,09,127,32,3*71
$GLGSV,2,2,07,86,22,161,40,88,43,324,44,,,,41,3*76
$GLGSV,1,1,01,73,00,038,,0*47
$GAGSV,2,1,06,03,69,010,42,05,20,040,37,08,49,240,41,13,15,322,38,2*77
$GAGSV,2,2,06,15,66,341,43,34,54,125,41,2*70
$GAGSV,2,1,06,03,69,010,46,05,20,040,38,08,49,240,42,13,15,322,36,7*74
$GAGSV,2,2,06,15,66,341,46,34,54,125,45,7*74
$GAGSV,1,1,02,07,00,228,,36,05,136,,0*7D
$GBGSV,2,1,08,08,31,067,40,13,44,052,43,20,48,304,46,27,19,163,42,1*74
$GBGSV,2,2,08,29,40,300,43,32,41,030,46,38,26,079,40,39,50,076,45,1*7A
$GBGSV,2,1,05,06,53,103,39,08,31,067,38,09,51,127,39,13,44,052,38,B*06
$GBGSV,2,2,05,16,51,090,39,B*30
$GBGSV,3,1,12,01,03,095,,02,58,140,,03,35,112,,05,62,201,,0*77
$GBGSV,3,2,12,07,01,156,,10,07,165,,19,13,265,,23,16,080,,0*70
$GBGSV,3,3,12,30,58,212,,59,08,095,,60,60,149,,61,35,113,,0*7D
$GQGSV,1,1,02,04,20,068,35,07,19,104,34,1*64
$GQGSV,1,1,03,03,05,128,26,04,20,068,34,07,19,104,35,6*5B
$GNGLL,2454.22833,N,06708.27293,E,141836.00,A,D*70
$GNRMC,141837.00,A,2454.22834,N,06708.27293,E,0.010,,050525,,,R,V*05
$GNVTG,,T,,M,0.010,N,0.019,K,D*31
$GNGGA,141837.00,2454.22834,N,06708.27293,E,4,12,0.67,21.9,M,-44.2,M,1.0,0290*70
$GNGSA,A,3,08,10,18,23,27,28,32,31,02,,,,1.46,0.67,1.29,1*06
$GNGSA,A,3,87,66,86,72,65,88,,,,,,,1.46,0.67,1.29,2*0D
$GNGSA,A,3,05,03,08,15,34,,,,,,,,1.46,0.67,1.29,3*06
$GNGSA,A,3,08,09,06,13,20,16,29,27,32,38,39,,1.46,0.67,1.29,4*02
$GNGSA,A,3,04,,,,,,,,,,,,1.46,0.67,1.29,5*09
$GPGSV,4,1,13,02,22,321,40,08,23,282,43,10,48,027,46,18,20,139,37,1*6D
$GPGSV,4,2,13,23,24,074,40,24,03,039,22,27,32,240,36,28,41,163,44,1*63
$GPGSV,4,3,13,31,19,185,41,32,71,340,50,36,34,246,36,40,59,208,47,1*61
$GPGSV,4,4,13,41,56,146,46,1*51
$GPGSV,3,1,09,08,23,282,34,10,48,027,38,18,20,139,35,23,24,074,37,6*6B
$GPGSV,3,2,09,24,03,039,23,27,32,240,33,28,41,163,40,31,19,185,35,6*68
$GPGSV,3,3,09,32,71,340,40,6*5E
$GPGSV,1,1,01,49,17,257,,0*5F
$GLGSV,3,1,09,65,45,303,47,66,15,256,42,72,32,019,46,74,11,078,36,1*76
$GLGSV,3,2,09,75,09,127,42,86,22,161,43,87,67,182,48,88,43,324,49,1*70
$GLGSV,3,3,09,,,,46,1*73
$GLGSV,2,1,07,65,45,303,12,66,15,256,36,72,32,019,43,75,09,127,35,3*7D
$GLGSV,2,2,07,86,22,161,41,88,43,324,45,,,,42,3*75
$GLGSV,1,1,01,73,00,038,,0*47
$GAGSV,2,1,06,03,69,010,42,05,20,040,37,08,49,240,42,13,15,322,38,2*74
$GAGSV,2,2,06,15,66,341,43,34,54,125,41,2*70
$GAGSV,2,1,06,03,69,010,46,05,20,040,38,08,49,240,42,13,15,322,36,7*74
$GAGSV,2,2,06,15,66,341,46,34,54,125,45,7*74
$GAGSV,1,1,02,07,00,228,,36,05,136,,0*7D
$GBGSV,2,1,08,08,31,067,40,13,44,052,43,20,48,304,46,27,19,163,42,1*74
$GBGSV,2,2,08,29,40,300,43,32,41,030,46,38,26,079,40,39,50,076,45,1*7A
$GBGSV,2,1,05,06,53,103,39,08,31,067,38,09,51,127,39,13,44,052,38,B*06
$GBGSV,2,2,05,16,51,090,39,B*30
$GBGSV,3,1,12,01,03,095,,02,58,140,,03,35,112,,05,62,201,,0*77
$GBGSV,3,2,12,07,01,156,,10,07,165,,19,13,265,,23,16,080,,0*70
$GBGSV,3,3,12,30,58,212,,59,08,095,,60,60,149,,61,35,113,,0*7D
$GQGSV,1,1,02,04,20,068,35,07,19,104,34,1*64
$GQGSV,1,1,03,03,05,128,26,04,20,068,35,07,19,104,35,6*5A
$GNGLL,2454.22834,N,06708.27293,E,141837.00,A,D*76
$GNRMC,141838.00,A,2454.22833,N,06708.27293,E,0.010,,050525,,,R,V*0D
$GNVTG,,T,,M,0.010,N,0.019,K,D*31
$GNGGA,141838.00,2454.22833,N,06708.27293,E,4,12,0.67,21.9,M,-44.2,M,1.0,0290*78
$GNGSA,A,3,08,10,18,23,27,28,32,31,02,,,,1.46,0.67,1.29,1*06
$GNGSA,A,3,87,66,86,72,65,88,,,,,,,1.46,0.67,1.29,2*0D
$GNGSA,A,3,05,03,08,15,34,,,,,,,,1.46,0.67,1.29,3*06
$GNGSA,A,3,08,09,06,13,20,16,29,27,32,38,39,,1.46,0.67,1.29,4*02
$GNGSA,A,3,04,,,,,,,,,,,,1.46,0.67,1.29,5*09
$GPGSV,4,1,13,02,22,321,40,08,23,282,43,10,48,027,46,18,20,139,37,1*6D
$GPGSV,4,2,13,23,24,074,40,24,03,039,22,27,32,240,36,28,41,163,44,1*63
$GPGSV,4,3,13,31,20,185,41,32,71,340,50,36,34,246,36,40,59,208,47,1*6B
$GPGSV,4,4,13,41,56,146,46,1*51
$GPGSV,3,1,09,08,23,282,34,10,48,027,38,18,20,139,35,23,24,074,37,6*6B
$GPGSV,3,2,09,24,03,039,23,27,32,240,33,28,41,163,41,31,20,185,35,6*63
$GPGSV,3,3,09,32,71,340,41,6*5F
$GPGSV,1,1,01,49,17,257,,0*5F
$GLGSV,3,1,09,65,45,303,47,66,15,256,42,72,32,019,46,74,11,078,36,1*76
$GLGSV,3,2,09,75,09,127,42,86,22,161,43,87,67,182,48,88,43,324,49,1*70
$GLGSV,3,3,09,,,,46,1*73
$GLGSV,2,1,07,65,45,303,04,66,15,256,38,72,32,019,43,75,09,127,34,3*75
$GLGSV,2,2,07,86,22,161,41,88,43,324,45,,,,42,3*75
$GLGSV,1,1,01,73,00,038,,0*47
$GAGSV,2,1,06,03,69,010,43,05,20,040,37,08,49,240,42,13,15,322,39,2*74
$GAGSV,2,2,06,15,66,341,43,34,54,125,41,2*70
$GAGSV,2,1,06,03,69,010,46,05,20,040,38,08,49,240,42,13,15,322,36,7*74
$GAGSV,2,2,06,15,66,341,46,34,54,125,45,7*74
$GAGSV,1,1,02,07,00,228,,36,05,136,,0*7D
$GBGSV,2,1,08,08,31,067,40,13,44,052,43,20,48,304,46,27,19,163,42,1*74
$GBGSV,2,2,08,29,40,300,43,32,41,030,46,38,26,079,41,39,50,076,45,1*7B
$GBGSV,2,1,05,06,53,103,39,08,31,067,38,09,51,127,39,13,44,052,38,B*06
$GBGSV,2,2,05,16,51,090,39,B*30
$GBGSV,3,1,12,01,03,095,,02,58,140,,03,35,112,,05,62,201,,0*77
$GBGSV,3,2,12,07,01,156,,10,07,165,,19,13,265,,23,16,080,,0*70
$GBGSV,3,3,12,30,58,212,,59,08,095,,60,60,149,,61,35,113,,0*7D
$GQGSV,1,1,02,04,20,068,35,07,19,104,34,1*64
$GQGSV,1,1,03,03,05,128,26,04,20,068,35,07,19,104,35,6*5A
$GNGLL,2454.22833,N,06708.27293,E,141838.00,A,D*7E
$GNRMC,141839.00,A,2454.22833,N,06708.27293,E,0.005,,050525,,,R,V*08
$GNVTG,,T,,M,0.005,N,0.010,K,D*3C
$GNGGA,141839.00,2454.22833,N,06708.27293,E,4,12,0.67,21.9,M,-44.2,M,1.0,0290*79
$GNGSA,A,3,08,10,18,23,27,28,32,31,02,,,,1.46,0.67,1.29,1*06
$GNGSA,A,3,87,66,86,72,65,88,,,,,,,1.46,0.67,1.29,2*0D
$GNGSA,A,3,05,03,08,15,34,,,,,,,,1.46,0.67,1.29,3*06
$GNGSA,A,3,08,09,06,13,20,16,29,27,32,38,39,,1.46,0.67,1.29,4*02
$GNGSA,A,3,04,,,,,,,,,,,,1.46,0.67,1.29,5*09
$GPGSV,4,1,13,02,22,321,40,08,23,282,43,10,48,027,46,18,20,139,37,1*6D
$GPGSV,4,2,13,23,24,074,40,24,03,039,21,27,32,240,36,28,41,163,44,1*60
$GPGSV,4,3,13,31,20,185,41,32,71,342,50,36,34,246,36,40,59,208,46,1*68
$GPGSV,4,4,13,41,56,146,46,1*51
$GPGSV,3,1,09,08,23,282,34,10,48,027,38,18,20,139,36,23,24,074,37,6*68
$GPGSV,3,2,09,24,03,039,23,27,32,240,33,28,41,163,41,31,20,185,35,6*63
$GPGSV,3,3,09,32,71,342,40,6*5C
$GPGSV,1,1,01,49,17,257,,0*5F
$GLGSV,2,1,08,65,45,303,47,66,15,256,42,72,32,019,46,74,11,078,35,1*75
$GLGSV,2,2,08,75,09,127,42,86,22,161,43,87,67,182,48,88,43,324,49,1*70
$GLGSV,2,1,07,65,45,303,07,66,15,256,38,72,32,019,43,75,09,127,34,3*76
$GLGSV,2,2,07,86,22,161,41,87,67,182,17,88,43,324,45,3*40
$GLGSV,1,1,01,73,00,038,,0*47
$GAGSV,2,1,06,03,69,010,43,05,20,040,37,08,49,240,42,13,15,322,39,2*74
$GAGSV,2,2,06,15,66,341,43,34,54,125,41,2*70
$GAGSV,2,1,06,03,69,010,46,05,20,040,38,08,49,240,42,13,15,322,36,7*74
$GAGSV,2,2,06,15,66,341,46,34,54,125,45,7*74
$GAGSV,1,1,02,07,00,228,,36,05,136,,0*7D
$GBGSV,2,1,08,08,31,067,40,13,44,052,43,20,48,304,46,27,19,163,42,1*74
$GBGSV,2,2,08,29,40,300,43,32,41,030,46,38,26,079,41,39,50,076,45,1*7B
$GBGSV,2,1,05,06,53,103,39,08,31,067,38,09,51,127,40,13,44,052,39,B*09
$GBGSV,2,2,05,16,51,090,40,B*3E
$GBGSV,3,1,12,01,03,095,,02,58,140,,03,35,112,,05,62,201,,0*77
$GBGSV,3,2,12,07,01,156,,10,07,165,,19,13,265,,23,16,080,,0*70
$GBGSV,3,3,12,30,58,212,,59,08,095,,60,60,149,,61,35,113,,0*7D
$GQGSV,1,1,02,04,20,068,35,07,19,104,34,1*64
$GQGSV,1,1,03,03,05,128,26,04,20,068,35,07,19,104,35,6*5A
$GNGLL,2454.22833,N,06708.27293,E,141839.00,A,D*7F
$GNRMC,141840.00,A,2454.22833,N,06708.27293,E,0.009,,050525,,,R,V*0A
$GNVTG,,T,,M,0.009,N,0.017,K,D*37
$GNGGA,141840.00,2454.22833,N,06708.27293,E,4,12,0.67,21.9,M,-44.2,M,1.0,0290*77
$GNGSA,A,3,08,10,18,23,27,28,32,31,02,,,,1.46,0.67,1.29,1*06
$GNGSA,A,3,87,66,86,72,65,88,,,,,,,1.46,0.67,1.29,2*0D
$GNGSA,A,3,05,03,08,15,34,,,,,,,,1.46,0.67,1.29,3*06
$GNGSA,A,3,08,09,06,13,20,16,29,27,32,38,39,,1.46,0.67,1.29,4*02
$GNGSA,A,3,04,,,,,,,,,,,,1.46,0.67,1.29,5*09
$GPGSV,4,1,13,02,22,321,40,08,23,282,43,10,48,027,46,18,20,139,36,1*6C
$GPGSV,4,2,13,23,24,074,40,24,03,039,22,27,32,240,36,28,41,163,44,1*63
$GPGSV,4,3,13,31,20,185,41,32,71,342,50,36,34,246,37,40,59,208,46,1*69
$GPGSV,4,4,13,41,56,146,46,1*51
$GPGSV,3,1,09,08,23,282,34,10,48,027,37,18,20,139,35,23,24,074,37,6*64
$GPGSV,3,2,09,24,03,039,22,27,32,240,33,28,41,163,40,31,20,185,34,6*62
$GPGSV,3,3,09,32,71,342,40,6*5C
$GPGSV,1,1,01,49,17,257,,0*5F
$GLGSV,3,1,09,65,45,303,47,66,15,256,42,72,32,019,46,74,11,078,35,1*75
$GLGSV,3,2,09,75,09,127,42,86,22,161,43,87,67,182,48,88,43,324,49,1*70
$GLGSV,3,3,09,,,,46,1*73
$GLGSV,2,1,07,65,45,303,09,66,15,256,37,72,32,019,43,75,09,127,33,3*70
$GLGSV,2,2,07,86,22,161,41,87,67,182,14,88,43,324,44,3*42
$GLGSV,1,1,01,73,00,038,,0*47
$GAGSV,2,1,06,03,69,010,43,05,20,040,37,08,49,240,42,13,15,322,39,2*74
$GAGSV,2,2,06,15,66,341,43,34,54,125,41,2*70
$GAGSV,2,1,06,03,69,010,46,05,20,040,38,08,49,240,42,13,15,322,36,7*74
$GAGSV,2,2,06,15,66,341,46,34,54,125,45,7*74
$GAGSV,1,1,02,07,00,228,,36,05,136,,0*7D
$GBGSV,2,1,08,08,31,067,40,13,44,052,43,20,48,304,46,27,19,163,42,1*74
$GBGSV,2,2,08,29,40,300,43,32,41,030,46,38,26,079,41,39,50,076,45,1*7B
$GBGSV,2,1,05,06,53,103,40,08,31,067,38,09,51,127,40,13,44,052,39,B*07
$GBGSV,2,2,05,16,51,090,40,B*3E
$GBGSV,3,1,12,01,03,095,,02,58,140,,03,35,112,,05,62,201,,0*77
$GBGSV,3,2,12,07,01,156,,10,07,165,,19,13,265,,23,16,080,,0*70
$GBGSV,3,3,12,30,58,212,,59,08,095,,60,60,149,,61,35,113,,0*7D
$GQGSV,1,1,02,04,20,068,35,07,19,104,34,1*64
$GQGSV,1,1,03,03,05,128,26,04,20,068,34,07,19,104,35,6*5B
$GNGLL,2454.22833,N,06708.27293,E,141840.00,A,D*71
$GNRMC,141841.00,A,2454.22833,N,06708.27293,E,0.013,,050525,,,R,V*00
$GNVTG,,T,,M,0.013,N,0.024,K,D*3C
$GNGGA,141841.00,2454.22833,N,06708.27293,E,4,12,0.67,21.9,M,-44.2,M,1.0,0290*76
$GNGSA,A,3,08,10,18,23,27,28,32,31,02,,,,1.46,0.67,1.29,1*06
$GNGSA,A,3,87,66,86,72,65,88,,,,,,,1.46,0.67,1.29,2*0D
$GNGSA,A,3,05,03,08,15,34,,,,,,,,1.46,0.67,1.29,3*06
$GNGSA,A,3,08,09,06,13,20,16,29,27,32,38,39,,1.46,0.67,1.29,4*02
$GNGSA,A,3,04,,,,,,,,,,,,1.46,0.67,1.29,5*09
$GPGSV,4,1,13,02,22,321,40,08,23,282,43,10,48,027,46,18,20,139,37,1*6D
$GPGSV,4,2,13,23,24,074,40,24,03,039,22,27,32,240,36,28,41,163,44,1*63
$GPGSV,4,3,13,31,20,185,41,32,71,342,50,36,34,246,37,40,59,208,47,1*68
$GPGSV,4,4,13,41,56,146,46,1*51
$GPGSV,3,1,09,08,23,282,34,10,48,027,37,18,20,139,35,23,24,074,36,6*65
$GPGSV,3,2,09,24,03,039,23,27,32,240,32,28,41,163,40,31,20,185,34,6*62
$GPGSV,3,3,09,32,71,342,40,6*5C
$GPGSV,1,1,01,49,17,257,,0*5F
$GLGSV,3,1,09,65,45,303,47,66,15,256,42,72,32,019,46,74,11,078,35,1*75
$GLGSV,3,2,09,75,09,127,42,86,22,161,43,87,67,182,48,88,43,324,49,1*70
$GLGSV,3,3,09,,,,46,1*73
$GLGSV,2,1,07,65,45,303,09,66,15,256,37,72,32,019,42,75,09,127,33,3*71
$GLGSV,2,2,07,86,22,161,40,87,67,182,12,88,43,324,44,3*45
$GLGSV,1,1,01,73,00,038,,0*47
$GAGSV,2,1,06,03,69,010,42,05,20,040,36,08,49,240,41,13,15,322,38,2*76
$GAGSV,2,2,06,15,66,341,42,34,54,125,40,2*70
$GAGSV,2,1,06,03,69,010,46,05,20,040,38,08,49,240,42,13,15,322,36,7*74
$GAGSV,2,2,06,15,66,341,46,34,54,125,45,7*74
$GAGSV,1,1,02,07,00,228,,36,05,136,,0*7D
$GBGSV,2,1,08,08,31,067,40,13,44,052,43,20,48,304,46,27,19,163,42,1*74
$GBGSV,2,2,08,29,40,300,43,32,41,030,46,38,26,079,41,39,50,076,45,1*7B
$GBGSV,2,1,06,06,53,103,39,08,31,067,37,09,51,127,39,13,44,052,38,B*0A
$GBGSV,2,2,06,16,51,090,39,39,50,076,14,B*08
$GBGSV,3,1,12,01,03,095,,02,58,140,,03,35,112,,05,62,201,,0*77
$GBGSV,3,2,12,07,01,156,,10,07,165,,19,13,265,,23,16,080,,0*70
$GBGSV,3,3,12,30,58,212,,59,08,095,,60,60,149,,61,35,113,,0*7D
$GQGSV,1,1,02,04,20,068,36,07,19,104,34,1*67
$GQGSV,1,1,03,03,05,128,25,04,20,068,34,07,19,104,35,6*58
$GNGLL,2454.22833,N,06708.27293,E,141841.00,A,D*70
$GNRMC,141842.00,A,2454.22833,N,06708.27293,E,0.009,,050525,,,R,V*08
$GNVTG,,T,,M,0.009,N,0.017,K,D*37
$GNGGA,141842.00,2454.22833,N,06708.27293,E,4,12,0.67,21.9,M,-44.2,M,1.0,0290*75
$GNGSA,A,3,08,10,18,23,27,28,32,31,02,,,,1.46,0.67,1.29,1*06
$GNGSA,A,3,87,66,86,72,65,88,,,,,,,1.46,0.67,1.29,2*0D
$GNGSA,A,3,05,03,08,15,34,,,,,,,,1.46,0.67,1.29,3*06
$GNGSA,A,3,08,09,06,13,20,16,29,27,32,38,39,,1.46,0.67,1.29,4*02
$GNGSA,A,3,04,,,,,,,,,,,,1.46,0.67,1.29,5*09
$GPGSV,4,1,13,02,22,321,40,08,23,282,43,10,48,027,46,18,20,139,37,1*6D
$GPGSV,4,2,13,23,24,074,40,24,03,039,21,27,32,240,36,28,41,163,44,1*60
$GPGSV,4,3,13,31,20,185,41,32,71,342,50,36,34,246,37,40,59,208,47,1*68
$GPGSV,4,4,13,41,56,146,46,1*51
$GPGSV,3,1,09,08,23,282,33,10,48,027,37,18,20,139,34,23,24,074,36,6*63
$GPGSV,3,2,09,24,03,039,21,27,32,240,32,28,41,163,39,31,20,185,33,6*69
$GPGSV,3,3,09,32,71,342,39,6*52
$GPGSV,1,1,01,49,17,257,,0*5F
$GLGSV,3,1,09,65,45,303,47,66,15,256,42,72,32,019,46,74,11,078,35,1*75
$GLGSV,3,2,09,75,09,127,42,86,22,161,43,87,67,182,48,88,43,324,49,1*70
$GLGSV,3,3,09,,,,46,1*73
$GLGSV,2,1,08,65,45,303,09,66,15,256,36,72,32,019,42,75,09,127,33,3*7F
$GLGSV,2,2,08,86,22,161,40,87,67,182,12,88,43,324,43,,,,40,3*49
$GLGSV,1,1,01,73,00,038,,0*47
$GAGSV,2,1,06,03,69,010,41,05,20,040,36,08,49,240,41,13,15,322,37,2*7A
$GAGSV,2,2,06,15,66,341,42,34,54,125,40,2*70
$GAGSV,2,1,06,03,69,010,46,05,20,040,38,08,49,240,42,13,15,322,36,7*74
$GAGSV,2,2,06,15,66,341,46,34,54,125,45,7*74
$GAGSV,1,1,02,07,00,228,,36,05,136,,0*7D
$GBGSV,2,1,08,08,31,067,39,13,44,052,43,20,48,304,46,27,19,163,42,1*7A
$GBGSV,2,2,08,29,40,300,43,32,41,030,46,38,26,079,40,39,50,076,45,1*7A
$GBGSV,2,1,06,06,53,103,38,08,31,067,37,09,51,127,39,13,44,052,38,B*0B
$GBGSV,2,2,06,16,51,090,39,39,50,076,12,B*0E
$GBGSV,3,1,12,01,03,095,,02,58,140,,03,35,112,,05,62,201,,0*77
$GBGSV,3,2,12,07,01,156,,10,07,165,,19,13,265,,23,16,080,,0*70
$GBGSV,3,3,12,30,58,212,,59,08,095,,60,60,149,,61,35,113,,0*7D
$GQGSV,1,1,02,04,20,068,35,07,19,104,34,1*64
$GQGSV,1,1,03,03,05,128,25,04,20,068,34,07,19,104,34,6*59
$GNGLL,2454.22833,N,06708.27293,E,141842.00,A,D*73
$GNRMC,141843.00,A,2454.22833,N,06708.27293,E,0.011,,050525,,,R,V*00
$GNVTG,,T,,M,0.011,N,0.021,K,D*3B
$GNGGA,141843.00,2454.22833,N,06708.27293,E,4,12,0.67,21.9,M,-44.2,M,1.0,0290*74
$GNGSA,A,3,08,10,18,23,27,28,32,31,02,,,,1.46,0.67,1.29,1*06
$GNGSA,A,3,87,66,86,72,65,88,,,,,,,1.46,0.67,1.29,2*0D
$GNGSA,A,3,05,03,08,15,34,,,,,,,,1.46,0.67,1.29,3*06
$GNGSA,A,3,08,09,06,13,20,16,29,27,32,38,39,,1.46,0.67,1.29,4*02
$GNGSA,A,3,04,,,,,,,,,,,,1.46,0.67,1.29,5*09
$GPGSV,4,1,13,02,22,321,40,08,23,282,43,10,48,027,46,18,20,139,37,1*6D
$GPGSV,4,2,13,23,24,074,40,24,03,039,21,27,32,240,36,28,41,163,44,1*60
$GPGSV,4,3,13,31,20,185,41,32,71,342,50,36,34,246,36,40,59,208,47,1*69
$GPGSV,4,4,13,41,56,146,46,1*51
$GPGSV,3,1,09,08,23,282,33,10,48,027,37,18,20,139,34,23,24,074,36,6*63
$GPGSV,3,2,09,24,03,039,21,27,32,240,32,28,41,163,39,31,20,185,34,6*6E
$GPGSV,3,3,09,32,71,342,39,6*52
$GPGSV,1,1,01,49,17,257,,0*5F
$GLGSV,3,1,09,65,45,303,47,66,15,256,42,72,32,019,46,74,11,078,35,1*75
$GLGSV,3,2,09,75,09,127,42,86,22,161,43,87,67,182,48,88,43,324,49,1*70
$GLGSV,3,3,09,,,,47,1*72
$GLGSV,2,1,08,65,45,303,10,66,15,256,36,72,32,019,42,75,09,127,33,3*77
$GLGSV,2,2,08,86,22,161,39,87,67,182,11,88,43,324,43,,,,40,3*44
$GLGSV,1,1,01,73,00,038,,0*47
$GAGSV,2,1,06,03,69,010,42,05,20,040,37,08,49,240,41,13,15,322,38,2*77
$GAGSV,2,2,06,15,66,341,42,34,54,125,40,2*70
$GAGSV,2,1,06,03,69,010,46,05,20,040,38,08,49,240,42,13,15,322,36,7*74
$GAGSV,2,2,06,15,66,341,46,34,54,125,45,7*74
$GAGSV,1,1,02,07,00,228,,36,05,136,,0*7D
$GBGSV,2,1,08,08,31,067,39,13,44,052,43,20,48,304,46,27,19,163,42,1*7A
$GBGSV,2,2,08,29,40,300,43,32,41,030,46,38,26,079,40,39,50,076,45,1*7A
$GBGSV,2,1,06,06,53,103,38,08,31,067,37,09,51,127,39,13,44,052,38,B*0B
$GBGSV,2,2,06,16,51,090,39,39,50,076,10,B*0C
$GBGSV,3,1,12,01,03,095,,02,58,140,,03,35,112,,05,62,201,,0*77
$GBGSV,3,2,12,07,01,156,,10,07,165,,19,13,265,,23,16,080,,0*70
$GBGSV,3,3,12,30,58,212,,59,08,095,,60,60,149,,61,35,113,,0*7D
$GQGSV,1,1,02,04,20,068,36,07,19,104,33,1*60
$GQGSV,1,1,03,03,05,128,25,04,20,068,34,07,19,104,34,6*59
$GNGLL,2454.22833,N,06708.27293,E,141843.00,A,D*72
$GNRMC,141844.00,A,2454.22833,N,06708.27293,E,0.006,,050525,,,R,V*01
$GNVTG,,T,,M,0.006,N,0.011,K,D*3E
$GNGGA,141844.00,2454.22833,N,06708.27293,E,4,12,0.67,21.9,M,-44.2,M,1.0,0290*73
$GNGSA,A,3,08,10,18,23,27,28,32,31,02,,,,1.46,0.67,1.29,1*06
$GNGSA,A,3,87,66,86,72,65,88,,,,,,,1.46,0.67,1.29,2*0D
$GNGSA,A,3,05,03,08,15,34,,,,,,,,1.46,0.67,1.29,3*06
$GNGSA,A,3,08,09,06,13,20,16,29,27,32,38,39,,1.46,0.67,1.29,4*02
$GNGSA,A,3,04,,,,,,,,,,,,1.46,0.67,1.29,5*09
$GPGSV,4,1,13,02,22,321,40,08,23,282,43,10,48,027,46,18,20,139,37,1*6D
$GPGSV,4,2,13,23,24,074,40,24,03,039,21,27,32,240,36,28,41,163,44,1*60
$GPGSV,4,3,13,31,20,185,41,32,71,342,50,36,34,246,36,40,59,208,46,1*68
$GPGSV,4,4,13,41,56,146,46,1*51
$GPGSV,3,1,09,08,23,282,32,10,48,027,36,18,20,139,34,23,24,074,35,6*60
$GPGSV,3,2,09,24,03,039,20,27,32,240,32,28,41,163,38,31,20,185,33,6*69
$GPGSV,3,3,09,32,71,342,39,6*52
$GPGSV,1,1,01,49,17,257,,0*5F
$GLGSV,3,1,09,65,45,303,47,66,15,256,42,72,32,019,46,74,11,078,34,1*74
$GLGSV,3,2,09,75,09,127,42,86,22,161,43,87,67,182,49,88,43,324,49,1*71
$GLGSV,3,3,09,,,,47,1*72
$GLGSV,2,1,08,65,45,303,09,66,15,256,36,72,32,019,42,75,09,127,32,3*7E
$GLGSV,2,2,08,86,22,161,39,87,67,182,09,88,43,324,43,,,,41,3*4C
$GLGSV,1,1,01,73,00,038,,0*47
$GAGSV,2,1,06,03,69,010,42,05,20,040,36,08,49,240,41,13,15,322,38,2*76
$GAGSV,2,2,06,15,66,341,42,34,54,125,40,2*70
$GAGSV,2,1,06,03,69,010,46,05,20,040,38,08,49,240,42,13,15,322,36,7*74
$GAGSV,2,2,06,15,66,341,46,34,54,125,45,7*74
$GAGSV,1,1,02,07,00,228,,36,05,136,,0*7D
$GBGSV,2,1,08,08,31,067,40,13,44,052,43,20,48,304,46,27,19,163,42,1*74
$GBGSV,2,2,08,29,40,300,43,32,41,030,46,38,26,079,40,39,50,076,45,1*7A
$GBGSV,2,1,06,06,53,103,38,08,31,067,37,09,51,127,39,13,44,052,38,B*0B
$GBGSV,2,2,06,16,51,090,39,39,50,076,08,B*05
$GBGSV,3,1,12,01,03,095,,02,58,140,,03,35,112,,05,62,201,,0*77
$GBGSV,3,2,12,07,01,156,,10,07,165,,19,13,265,,23,16,080,,0*70
$GBGSV,3,3,12,30,58,212,,59,08,095,,60,60,149,,61,35,113,,0*7D
$GQGSV,1,1,02,04,20,068,36,07,19,104,34,1*67
$GQGSV,1,1,03,03,05,128,24,04,20,068,33,07,19,104,33,6*58
$GNGLL,2454.22833,N,06708.27293,E,141844.00,A,D*75
$GNRMC,141845.00,A,2454.22833,N,06708.27293,E,0.006,,050525,,,R,V*00
$GNVTG,,T,,M,0.006,N,0.012,K,D*3D
$GNGGA,141845.00,2454.22833,N,06708.27293,E,4,12,0.67,21.9,M,-44.2,M,1.0,0290*72
$GNGSA,A,3,08,10,18,23,27,28,32,31,02,,,,1.46,0.67,1.29,1*06
$GNGSA,A,3,87,66,86,72,65,88,,,,,,,1.46,0.67,1.29,2*0D
$GNGSA,A,3,05,03,08,15,34,,,,,,,,1.46,0.67,1.29,3*06
$GNGSA,A,3,08,09,06,13,20,16,29,27,32,38,39,,1.46,0.67,1.29,4*02
$GNGSA,A,3,04,,,,,,,,,,,,1.46,0.67,1.29,5*09
$GPGSV,4,1,13,02,22,321,40,08,23,282,43,10,48,027,46,18,20,139,37,1*6D
$GPGSV,4,2,13,23,24,074,40,24,03,039,22,27,32,240,36,28,41,163,44,1*63
$GPGSV,4,3,13,31,20,185,41,32,71,342,50,36,34,246,36,40,59,208,47,1*69
$GPGSV,4,4,13,41,56,146,46,1*51
$GPGSV,3,1,09,08,23,282,32,10,48,027,36,18,20,139,33,23,24,074,34,6*66
$GPGSV,3,2,09,24,03,039,19,27,32,240,31,28,41,163,38,31,20,185,33,6*60
$GPGSV,3,3,09,32,71,342,38,6*53
$GPGSV,1,1,01,49,17,257,,0*5F
$GLGSV,3,1,09,65,45,303,47,66,15,256,42,72,32,019,45,74,11,078,34,1*77
$GLGSV,3,2,09,75,09,127,42,86,22,161,43,87,67,182,49,88,43,324,49,1*71
$GLGSV,3,3,09,,,,47,1*72
$GLGSV,2,1,08,65,45,303,11,66,15,256,36,72,32,019,42,75,09,127,33,3*76
$GLGSV,2,2,08,86,22,161,39,87,67,182,08,88,43,324,43,,,,40,3*4C
$GLGSV,1,1,01,73,00,038,,0*47
$GAGSV,2,1,06,03,69,010,42,05,20,040,36,08,49,240,41,13,15,322,38,2*76
$GAGSV,2,2,06,15,66,341,42,34,54,125,40,2*70
$GAGSV,2,1,06,03,69,010,46,05,20,040,38,08,49,240,42,13,15,322,36,7*74
$GAGSV,2,2,06,15,66,341,46,34,54,125,45,7*74
$GAGSV,1,1,02,07,00,228,,36,05,136,,0*7D
$GBGSV,2,1,08,08,31,067,40,13,44,052,43,20,48,304,46,27,19,163,42,1*74
$GBGSV,2,2,08,29,40,300,43,32,41,030,46,38,26,079,40,39,50,076,45,1*7A
$GBGSV,2,1,06,06,53,103,38,08,31,067,37,09,51,127,39,13,44,052,38,B*0B
$GBGSV,2,2,06,16,51,090,39,39,50,076,08,B*05
$GBGSV,3,1,12,01,03,095,,02,58,140,,03,35,112,,05,62,201,,0*77
$GBGSV,3,2,12,07,01,156,,10,07,165,,19,13,265,,23,16,080,,0*70
$GBGSV,3,3,12,30,58,212,,59,08,095,,60,60,149,,61,35,113,,0*7D
$GQGSV,1,1,02,04,20,068,35,07,19,104,33,1*63
$GQGSV,1,1,03,03,05,128,24,04,20,068,33,07,19,104,33,6*58
$GNGLL,2454.22833,N,06708.27293,E,141845.00,A,D*74
$GNRMC,141846.00,A,2454.22833,N,06708.27293,E,0.002,,050525,,,R,V*07
$GNVTG,,T,,M,0.002,N,0.004,K,D*3E
$GNGGA,141846.00,2454.22833,N,06708.27293,E,4,12,0.67,21.9,M,-44.2,M,1.0,0290*71
$GNGSA,A,3,08,10,18,23,27,28,32,31,02,,,,1.46,0.67,1.29,1*06
$GNGSA,A,3,87,66,86,72,65,88,,,,,,,1.46,0.67,1.29,2*0D
$GNGSA,A,3,05,03,08,15,34,,,,,,,,1.46,0.67,1.29,3*06
$GNGSA,A,3,08,09,06,13,20,16,29,27,32,38,39,,1.46,0.67,1.29,4*02
$GNGSA,A,3,04,,,,,,,,,,,,1.46,0.67,1.29,5*09
$GPGSV,4,1,13,02,22,321,40,08,23,282,43,10,48,027,46,18,20,139,37,1*6D
$GPGSV,4,2,13,23,24,074,40,24,03,039,21,27,32,240,36,28,41,163,43,1*67
$GPGSV,4,3,13,31,20,185,41,32,71,342,50,36,34,246,36,40,59,208,46,1*68
$GPGSV,4,4,13,41,56,146,46,1*51
$GPGSV,3,1,09,08,23,282,32,10,48,027,36,18,20,139,33,23,24,074,35,6*67
$GPGSV,3,2,09,24,03,039,19,27,32,240,32,28,41,163,39,31,20,185,33,6*62
$GPGSV,3,3,09,32,71,342,39,6*52
$GPGSV,1,1,01,49,17,257,,0*5F
$GLGSV,3,1,09,65,45,303,47,66,15,256,42,72,32,019,45,74,11,078,34,1*77
$GLGSV,3,2,09,75,09,127,42,86,22,161,43,87,67,182,48,88,43,324,49,1*70
$GLGSV,3,3,09,,,,47,1*72
$GLGSV,2,1,08,65,45,303,08,66,15,256,36,72,32,019,42,75,09,127,32,3*7F
$GLGSV,2,2,08,86,22,161,39,87,67,182,08,88,43,324,43,,,,40,3*4C
$GLGSV,1,1,01,73,00,038,,0*47
$GAGSV,2,1,06,03,69,010,42,05,20,040,36,08,49,240,41,13,15,322,38,2*76
$GAGSV,2,2,06,15,66,341,42,34,54,125,40,2*70
$GAGSV,2,1,06,03,69,010,46,05,20,040,38,08,49,240,42,13,15,322,36,7*74
$GAGSV,2,2,06,15,66,341,46,34,54,125,45,7*74
$GAGSV,1,1,02,07,00,228,,36,05,136,,0*7D
$GBGSV,2,1,08,08,31,067,40,13,44,052,43,20,48,304,46,27,19,163,42,1*74
$GBGSV,2,2,08,29,40,300,43,32,41,030,46,38,26,079,40,39,50,076,45,1*7A
$GBGSV,2,1,06,06,53,103,39,08,31,067,37,09,51,127,39,13,44,052,38,B*0A
$GBGSV,2,2,06,16,51,090,39,39,50,076,08,B*05
$GBGSV,3,1,12,01,03,095,,02,58,140,,03,35,112,,05,62,201,,0*77
$GBGSV,3,2,12,07,01,156,,10,07,165,,19,13,265,,23,16,080,,0*70
$GBGSV,3,3,12,30,58,212,,59,08,095,,60,60,149,,61,35,113,,0*7D
$GQGSV,1,1,02,04,20,068,35,07,19,104,33,1*63
$GQGSV,1,1,03,03,05,128,24,04,20,068,33,07,19,104,33,6*58
$GNGLL,2454.22833,N,06708.27293,E,141846.00,A,D*77
$GNRMC,141847.00,A,2454.22833,N,06708.27293,E,0.005,,050525,,,R,V*01
$GNVTG,,T,,M,0.005,N,0.010,K,D*3C
$GNGGA,141847.00,2454.22833,N,06708.27293,E,4,12,0.67,21.9,M,-44.2,M,1.0,0290*70
$GNGSA,A,3,08,10,18,23,27,28,32,31,02,,,,1.46,0.67,1.29,1*06
$GNGSA,A,3,87,66,86,72,65,88,,,,,,,1.46,0.67,1.29,2*0D
$GNGSA,A,3,05,03,08,15,34,,,,,,,,1.46,0.67,1.29,3*06
$GNGSA,A,3,08,09,06,13,20,16,29,27,32,38,39,,1.46,0.67,1.29,4*02
$GNGSA,A,3,04,,,,,,,,,,,,1.46,0.67,1.29,5*09
$GPGSV,4,1,13,02,22,321,40,08,23,282,43,10,48,027,46,18,20,139,37,1*6D
$GPGSV,4,2,13,23,24,074,40,24,03,039,21,27,32,240,36,28,41,163,43,1*67
$GPGSV,4,3,13,31,20,185,41,32,71,342,50,36,34,246,36,40,59,208,46,1*68
$GPGSV,4,4,13,41,56,146,46,1*51
$GPGSV,3,1,09,08,23,282,33,10,48,027,37,18,20,139,34,23,24,074,36,6*63
$GPGSV,3,2,09,24,03,039,20,27,32,240,32,28,41,163,39,31,20,185,34,6*6F
$GPGSV,3,3,09,32,71,342,40,6*5C
$GPGSV,1,1,01,49,17,257,,0*5F
$GLGSV,3,1,09,65,45,303,47,66,15,256,42,72,32,019,45,74,11,078,34,1*77
$GLGSV,3,2,09,75,09,127,42,86,22,161,43,87,67,182,48,88,43,324,49,1*70
$GLGSV,3,3,09,,,,47,1*72
$GLGSV,2,1,08,65,45,303,09,66,15,256,36,72,32,019,42,75,09,127,33,3*7F
$GLGSV,2,2,08,86,22,161,40,87,67,182,09,88,43,324,43,,,,41,3*42
$GLGSV,1,1,01,73,00,038,,0*47
$GAGSV,2,1,06,03,69,010,42,05,20,040,37,08,49,240,41,13,15,322,38,2*77
$GAGSV,2,2,06,15,66,341,43,34,54,125,40,2*71
$GAGSV,2,1,06,03,69,010,46,05,20,040,38,08,49,240,42,13,15,322,36,7*74
$GAGSV,2,2,06,15,66,341,46,34,54,125,45,7*74
$GAGSV,1,1,02,07,00,228,,36,05,136,,0*7D
$GBGSV,2,1,08,08,31,067,39,13,44,052,43,20,48,304,45,27,19,163,42,1*79
$GBGSV,2,2,08,29,40,300,43,32,41,030,46,38,26,079,40,39,50,076,45,1*7A
$GBGSV,2,1,06,06,53,103,39,08,31,067,37,09,51,127,39,13,44,052,38,B*0A
$GBGSV,2,2,06,16,51,090,39,39,50,076,07,B*0A
$GBGSV,3,1,12,01,03,095,,02,58,140,,03,35,112,,05,62,201,,0*77
$GBGSV,3,2,12,07,01,156,,10,07,165,,19,13,265,,23,16,080,,0*70
$GBGSV,3,3,12,30,58,212,,59,08,095,,60,60,149,,61,35,113,,0*7D
$GQGSV,1,1,02,04,20,068,35,07,19,104,34,1*64
$GQGSV,1,1,03,03,05,128,25,04,20,068,34,07,19,104,34,6*59
$GNGLL,2454.22833,N,06708.27293,E,141847.00,A,D*76
$GNRMC,141848.00,A,2454.22833,N,06708.27293,E,0.016,,050525,,,R,V*0C
$GNVTG,,T,,M,0.016,N,0.029,K,D*34
$GNGGA,141848.00,2454.22833,N,06708.27293,E,4,12,0.67,21.9,M,-44.2,M,1.0,0290*7F
$GNGSA,A,3,08,10,18,23,27,28,32,31,02,,,,1.46,0.67,1.29,1*06
$GNGSA,A,3,87,66,86,72,65,88,,,,,,,1.46,0.67,1.29,2*0D
$GNGSA,A,3,05,03,08,15,34,,,,,,,,1.46,0.67,1.29,3*06
$GNGSA,A,3,08,09,06,13,20,16,29,27,32,38,39,,1.46,0.67,1.29,4*02
$GNGSA,A,3,04,,,,,,,,,,,,1.46,0.67,1.29,5*09
$GPGSV,4,1,13,02,22,321,41,08,23,282,43,10,48,027,46,18,20,139,37,1*6C
$GPGSV,4,2,13,23,24,074,40,24,03,039,21,27,32,240,36,28,41,163,43,1*67
$GPGSV,4,3,13,31,20,185,41,32,71,342,50,36,34,246,36,40,59,208,46,1*68
$GPGSV,4,4,13,41,56,146,46,1*51
$GPGSV,3,1,09,08,23,282,33,10,48,027,37,18,20,139,35,23,24,074,36,6*62
$GPGSV,3,2,09,24,03,039,20,27,32,240,32,28,41,163,39,31,20,185,34,6*6F
$GPGSV,3,3,09,32,71,342,40,6*5C
$GPGSV,1,1,01,49,17,257,,0*5F
$GLGSV,3,1,09,65,45,303,47,66,15,256,42,72,32,019,45,74,11,078,34,1*77
$GLGSV,3,2,09,75,09,127,42,86,22,161,43,87,67,182,48,88,43,324,49,1*70
$GLGSV,3,3,09,,,,47,1*72
$GLGSV,2,1,08,65,45,303,09,66,15,256,36,72,32,019,42,75,09,127,33,3*7F
$GLGSV,2,2,08,86,22,161,40,87,67,182,08,88,43,324,43,,,,41,3*43
$GLGSV,1,1,01,73,00,038,,0*47
$GAGSV,2,1,06,03,69,010,42,05,20,040,37,08,49,240,41,13,15,322,38,2*77
$GAGSV,2,2,06,15,66,341,43,34,54,125,41,2*70
$GAGSV,2,1,06,03,69,010,46,05,20,040,38,08,49,240,42,13,15,322,36,7*74
$GAGSV,2,2,06,15,66,341,46,34,54,125,45,7*74
$GAGSV,1,1,02,07,00,228,,36,05,136,,0*7D
$GBGSV,2,1,08,08,31,067,39,13,44,052,43,20,48,304,45,27,19,163,42,1*79
$GBGSV,2,2,08,29,40,300,43,32,41,030,46,38,26,079,40,39,50,076,45,1*7A
$GBGSV,2,1,06,06,53,103,39,08,31,067,37,09,51,127,39,13,44,052,38,B*0A
$GBGSV,2,2,06,16,51,090,39,39,50,076,07,B*0A
$GBGSV,3,1,12,01,03,095,,02,58,140,,03,35,112,,05,62,201,,0*77
$GBGSV,3,2,12,07,01,156,,10,07,165,,19,13,265,,23,16,080,,0*70
$GBGSV,3,3,12,30,58,212,,59,08,095,,60,60,149,,61,35,113,,0*7D
$GQGSV,1,1,02,04,20,068,35,07,19,104,34,1*64
$GQGSV,1,1,03,03,05,128,25,04,20,068,34,07,19,104,34,6*59
$GNGLL,2454.22833,N,06708.27293,E,141848.00,A,D*79
$GNRMC,141849.00,A,2454.22833,N,06708.27293,E,0.007,,050525,,,R,V*0D
$GNVTG,,T,,M,0.007,N,0.014,K,D*3A
$GNGGA,141849.00,2454.22833,N,06708.27293,E,4,12,0.67,21.9,M,-44.2,M,1.0,0290*7E
$GNGSA,A,3,08,10,18,23,27,28,32,31,02,,,,1.46,0.67,1.29,1*06
$GNGSA,A,3,87,66,86,72,65,88,,,,,,,1.46,0.67,1.29,2*0D
$GNGSA,A,3,05,03,08,15,34,,,,,,,,1.46,0.67,1.29,3*06
$GNGSA,A,3,08,09,06,13,20,16,29,27,32,38,39,,1.46,0.67,1.29,4*02
$GNGSA,A,3,04,,,,,,,,,,,,1.46,0.67,1.29,5*09
$GPGSV,4,1,13,02,22,321,40,08,23,282,43,10,48,027,46,18,20,139,37,1*6D
$GPGSV,4,2,13,23,24,074,40,24,03,039,21,27,32,240,36,28,41,163,43,1*67
$GPGSV,4,3,13,31,20,185,41,32,71,342,50,36,34,246,36,40,59,208,46,1*68
$GPGSV,4,4,13,41,56,146,46,1*51
$GPGSV,3,1,09,08,23,282,33,10,48,027,37,18,20,139,34,23,24,074,35,6*60
$GPGSV,3,2,09,24,03,039,20,27,32,240,32,28,41,163,39,31,20,185,34,6*6F
$GPGSV,3,3,09,32,71,342,40,6*5C
$GPGSV,1,1,01,49,17,257,,0*5F
$GLGSV,3,1,09,65,45,303,47,66,15,256,42,72,32,019,45,74,11,078,34,1*77
$GLGSV,3,2,09,75,09,127,42,86,22,161,43,87,67,182,48,88,43,324,49,1*70
$GLGSV,3,3,09,,,,47,1*72
$GLGSV,2,1,08,65,45,303,07,66,15,256,36,72,32,019,42,75,09,127,32,3*70
$GLGSV,2,2,08,86,22,161,40,87,67,182,08,88,43,324,43,,,,41,3*43
$GLGSV,1,1,01,73,00,038,,0*47
$GAGSV,2,1,06,03,69,010,42,05,20,040,37,08,49,240,42,13,15,322,38,2*74
$GAGSV,2,2,06,15,66,341,43,34,54,125,41,2*70
$GAGSV,2,1,06,03,69,010,46,05,20,040,38,08,49,240,42,13,15,322,36,7*74
$GAGSV,2,2,06,15,66,341,46,34,54,125,45,7*74
$GAGSV,1,1,02,07,00,228,,36,05,136,,0*7D
$GBGSV,2,1,08,08,31,067,39,13,44,052,43,20,48,304,45,27,19,163,42,1*79
$GBGSV,2,2,08,29,40,300,43,32,41,030,46,38,26,079,40,39,50,076,45,1*7A
$GBGSV,2,1,06,06,53,103,39,08,31,067,37,09,51,127,39,13,44,052,38,B*0A
$GBGSV,2,2,06,16,51,090,39,39,50,076,08,B*05
$GBGSV,3,1,12,01,03,095,,02,58,140,,03,35,112,,05,62,201,,0*77
$GBGSV,3,2,12,07,01,156,,10,07,165,,19,13,265,,23,16,080,,0*70
$GBGSV,3,3,12,30,58,212,,59,08,095,,60,60,149,,61,35,113,,0*7D
$GQGSV,1,1,02,04,20,068,35,07,19,104,34,1*64
$GQGSV,1,1,03,03,05,128,25,04,20,068,34,07,19,104,34,6*59
$GNGLL,2454.22833,N,06708.27293,E,141849.00,A,D*78
$GNRMC,141850.00,A,2454.22833,N,06708.27293,E,0.007,,050525,,,R,V*05
$GNVTG,,T,,M,0.007,N,0.014,K,D*3A
$GNGGA,141850.00,2454.22833,N,06708.27293,E,4,12,0.67,21.9,M,-44.2,M,1.0,0290*76
$GNGSA,A,3,08,10,18,23,27,28,32,31,02,,,,1.46,0.67,1.29,1*06
$GNGSA,A,3,87,66,86,72,65,88,,,,,,,1.46,0.67,1.29,2*0D
$GNGSA,A,3,05,03,08,15,34,,,,,,,,1.46,0.67,1.29,3*06
$GNGSA,A,3,08,09,06,13,20,16,29,27,32,38,39,,1.46,0.67,1.29,4*02
$GNGSA,A,3,04,,,,,,,,,,,,1.46,0.67,1.29,5*09
$GPGSV,4,1,13,02,22,321,40,08,23,282,43,10,48,027,46,18,20,139,37,1*6D
$GPGSV,4,2,13,23,24,074,40,24,03,039,21,27,32,240,36,28,41,163,43,1*67
$GPGSV,4,3,13,31,20,185,41,32,71,342,50,36,34,246,36,40,59,208,46,1*68
$GPGSV,4,4,13,41,56,146,46,1*51
$GPGSV,3,1,09,08,23,282,33,10,48,027,37,18,20,139,34,23,24,074,35,6*60
$GPGSV,3,2,09,24,03,039,20,27,32,240,32,28,41,163,39,31,20,185,34,6*6F
$GPGSV,3,3,09,32,71,342,40,6*5C
$GPGSV,1,1,01,49,17,257,,0*5F
$GLGSV,3,1,09,65,45,303,47,66,15,256,42,72,32,019,45,74,11,078,34,1*77
$GLGSV,3,2,09,75,09,127,42,86,22,161,43,87,67,182,48,88,43,324,49,1*70
$GLGSV,3,3,09,,,,47,1*72
$GLGSV,2,1,08,65,45,303,08,66,15,256,36,72,32,019,42,75,09,127,32,3*7F
$GLGSV,2,2,08,86,22,161,40,87,67,182,08,88,43,324,43,,,,41,3*43
$GLGSV,1,1,01,73,00,038,,0*47
$GAGSV,2,1,06,03,69,010,42,05,20,040,37,08,49,240,42,13,15,322,38,2*74
$GAGSV,2,2,06,15,66,341,43,34,54,125,41,2*70
$GAGSV,2,1,06,03,69,010,46,05,20,040,38,08,49,240,42,13,15,322,35,7*77
$GAGSV,2,2,06,15,66,341,46,34,54,125,45,7*74
$GAGSV,1,1,02,07,00,228,,36,05,136,,0*7D
$GBGSV,2,1,08,08,31,067,39,13,44,052,43,20,48,304,45,27,19,163,42,1*79
$GBGSV,2,2,08,29,40,300,43,32,41,030,46,38,26,079,40,39,50,076,45,1*7A
$GBGSV,2,1,06,06,53,103,39,08,31,067,37,09,51,127,39,13,44,052,38,B*0A
$GBGSV,2,2,06,16,51,090,39,39,50,076,08,B*05
$GBGSV,3,1,12,01,03,095,,02,58,140,,03,35,112,,05,62,201,,0*77
$GBGSV,3,2,12,07,01,156,,10,07,165,,19,13,265,,23,16,080,,0*70
$GBGSV,3,3,12,30,58,212,,59,08,095,,60,60,149,,61,35,113,,0*7D
$GQGSV,1,1,02,04,20,068,35,07,19,104,33,1*63
$GQGSV,1,1,03,03,05,128,24,04,20,068,34,07,19,104,34,6*58
$GNGLL,2454.22833,N,06708.27293,E,141850.00,A,D*70
$GNRMC,141851.00,A,2454.22833,N,06708.27293,E,0.010,,050525,,,R,V*02
$GNVTG,,T,,M,0.010,N,0.018,K,D*30
$GNGGA,141851.00,2454.22833,N,06708.27293,E,4,12,0.67,21.9,M,-44.2,M,1.0,0290*77
$GNGSA,A,3,08,10,18,23,27,28,32,31,02,,,,1.46,0.67,1.29,1*06
$GNGSA,A,3,87,66,86,72,65,88,,,,,,,1.46,0.67,1.29,2*0D
$GNGSA,A,3,05,03,08,15,34,,,,,,,,1.46,0.67,1.29,3*06
$GNGSA,A,3,08,09,06,13,20,16,29,27,32,38,39,,1.46,0.67,1.29,4*02
$GNGSA,A,3,04,,,,,,,,,,,,1.46,0.67,1.29,5*09
$GPGSV,4,1,13,02,22,321,40,08,23,282,43,10,48,027,46,18,20,139,37,1*6D
$GPGSV,4,2,13,23,24,074,40,24,03,039,21,27,32,240,36,28,41,163,43,1*67
$GPGSV,4,3,13,31,20,185,41,32,71,342,50,36,34,246,36,40,59,208,46,1*68
$GPGSV,4,4,13,41,56,146,46,1*51
$GPGSV,3,1,09,08,23,282,33,10,48,027,37,18,20,139,34,23,24,074,35,6*60
$GPGSV,3,2,09,24,03,039,20,27,32,240,32,28,41,163,39,31,20,185,34,6*6F
$GPGSV,3,3,09,32,71,342,40,6*5C
$GPGSV,1,1,01,49,17,257,,0*5F
$GLGSV,3,1,09,65,45,303,47,66,15,256,42,72,32,019,45,74,11,078,34,1*77
$GLGSV,3,2,09,75,09,127,42,86,22,161,43,87,67,182,48,88,43,324,49,1*70
$GLGSV,3,3,09,,,,47,1*72
$GLGSV,2,1,08,65,45,303,10,66,15,256,36,72,32,019,42,75,09,127,32,3*76
$GLGSV,2,2,08,86,22,161,40,87,67,182,08,88,43,324,43,,,,41,3*43
$GLGSV,1,1,01,73,00,038,,0*47
$GAGSV,2,1,06,03,69,010,42,05,20,040,37,08,49,240,42,13,15,322,38,2*74
$GAGSV,2,2,06,15,66,341,43,34,54,125,41,2*70
$GAGSV,2,1,06,03,69,010,46,05,20,040,38,08,49,240,42,13,15,322,36,7*74
$GAGSV,2,2,06,15,66,341,46,34,54,125,45,7*74
$GAGSV,1,1,02,07,00,228,,36,05,136,,0*7D
$GBGSV,2,1,08,08,31,067,39,13,44,052,43,20,48,304,45,27,19,163,42,1*79
$GBGSV,2,2,08,29,40,300,43,32,41,030,46,38,26,079,40,39,50,076,45,1*7A
$GBGSV,2,1,06,06,53,103,39,08,31,067,37,09,51,127,39,13,44,052,38,B*0A
$GBGSV,2,2,06,16,51,090,39,39,50,076,09,B*04
$GBGSV,3,1,12,01,03,095,,02,58,140,,03,35,112,,05,62,201,,0*77
$GBGSV,3,2,12,07,01,156,,10,07,165,,19,13,265,,23,16,080,,0*70
$GBGSV,3,3,12,30,58,212,,59,08,095,,60,60,149,,61,35,113,,0*7D
$GQGSV,1,1,02,04,20,068,35,07,19,104,34,1*64
$GQGSV,1,1,03,03,05,128,25,04,20,068,34,07,19,104,34,6*59
$GNGLL,2454.22833,N,06708.27293,E,141851.00,A,D*71
$GNRMC,141852.00,A,2454.22833,N,06708.27293,E,0.008,,050525,,,R,V*08
$GNVTG,,T,,M,0.008,N,0.015,K,D*34
$GNGGA,141852.00,2454.22833,N,06708.27293,E,4,12,0.67,21.9,M,-44.2,M,1.0,0290*74
$GNGSA,A,3,08,10,18,23,27,28,32,31,02,,,,1.46,0.67,1.29,1*06
$GNGSA,A,3,87,66,86,72,65,88,,,,,,,1.46,0.67,1.29,2*0D
$GNGSA,A,3,05,03,08,15,34,,,,,,,,1.46,0.67,1.29,3*06
$GNGSA,A,3,08,09,06,13,20,16,29,27,32,38,39,,1.46,0.67,1.29,4*02
$GNGSA,A,3,04,,,,,,,,,,,,1.46,0.67,1.29,5*09
$GPGSV,4,1,13,02,22,321,41,08,23,282,43,10,48,027,46,18,20,139,37,1*6C
$GPGSV,4,2,13,23,24,074,40,24,03,039,21,27,32,240,36,28,41,163,43,1*67
$GPGSV,4,3,13,31,20,185,41,32,71,342,50,36,34,246,36,40,59,208,46,1*68
$GPGSV,4,4,13,41,56,146,46,1*51
$GPGSV,3,1,09,08,23,282,33,10,48,027,37,18,20,139,34,23,24,074,35,6*60
$GPGSV,3,2,09,24,03,039,20,27,32,240,32,28,41,163,39,31,20,185,34,6*6F
$GPGSV,3,3,09,32,71,342,40,6*5C
$GPGSV,1,1,01,49,17,257,,0*5F
$GLGSV,3,1,09,65,45,303,47,66,15,256,42,72,32,019,45,74,11,078,35,1*76
$GLGSV,3,2,09,75,09,127,42,86,22,161,43,87,67,182,48,88,43,324,49,1*70
$GLGSV,3,3,09,,,,47,1*72
$GLGSV,2,1,08,65,45,303,11,66,15,256,36,72,32,019,42,75,09,127,32,3*77
$GLGSV,2,2,08,86,22,161,40,87,67,182,08,88,43,324,43,,,,40,3*42
$GLGSV,1,1,01,73,00,038,,0*47
$GAGSV,2,1,06,03,69,010,42,05,20,040,37,08,49,240,42,13,15,322,39,2*75
$GAGSV,2,2,06,15,66,341,43,34,54,125,41,2*70
$GAGSV,2,1,06,03,69,010,46,05,20,040,37,08,49,240,41,13,15,322,36,7*78
$GAGSV,2,2,06,15,66,341,46,34,54,125,45,7*74
$GAGSV,1,1,02,07,00,228,,36,05,136,,0*7D
$GBGSV,2,1,08,08,31,067,39,13,44,052,43,20,48,304,45,27,19,163,42,1*79
$GBGSV,2,2,08,29,40,300,43,32,41,030,46,38,26,079,40,39,50,076,45,1*7A
$GBGSV,2,1,05,06,53,103,39,08,31,067,37,09,51,127,39,13,44,052,38,B*09
$GBGSV,2,2,05,16,51,090,39,B*30
$GBGSV,3,1,12,01,03,095,,02,58,140,,03,35,112,,05,62,201,,0*77
$GBGSV,3,2,12,07,01,156,,10,07,165,,19,13,265,,23,16,080,,0*70
$GBGSV,3,3,12,30,58,212,,59,08,095,,60,60,149,,61,35,113,,0*7D
$GQGSV,1,1,02,04,20,068,35,07,19,104,34,1*64
$GQGSV,1,1,03,03,05,128,24,04,20,068,34,07,19,104,34,6*58
$GNGLL,2454.22833,N,06708.27293,E,141852.00,A,D*72
$GNRMC,141853.00,A,2454.22833,N,06708.27293,E,0.013,,050525,,,R,V*03
$GNVTG,,T,,M,0.013,N,0.023,K,D*3B
$GNGGA,141853.00,2454.22833,N,06708.27293,E,4,12,0.67,21.9,M,-44.2,M,1.0,0290*75
$GNGSA,A,3,08,10,18,23,27,28,32,31,02,,,,1.46,0.67,1.29,1*06
$GNGSA,A,3,87,66,86,72,65,88,,,,,,,1.46,0.67,1.29,2*0D
$GNGSA,A,3,05,03,08,15,34,,,,,,,,1.46,0.67,1.29,3*06
$GNGSA,A,3,08,09,06,13,20,16,29,27,32,38,39,,1.46,0.67,1.29,4*02
$GNGSA,A,3,04,,,,,,,,,,,,1.46,0.67,1.29,5*09
$GPGSV,4,1,13,02,22,321,40,08,23,282,43,10,48,027,46,18,20,139,37,1*6D
$GPGSV,4,2,13,23,24,074,40,24,03,039,21,27,32,240,36,28,41,163,43,1*67
$GPGSV,4,3,13,31,20,185,41,32,71,342,50,36,34,246,36,40,59,208,46,1*68
$GPGSV,4,4,13,41,56,146,46,1*51
$GPGSV,3,1,09,08,23,282,33,10,48,027,37,18,20,139,34,23,24,074,35,6*60
$GPGSV,3,2,09,24,03,039,19,27,32,240,32,28,41,163,39,31,20,185,34,6*65
$GPGSV,3,3,09,32,71,342,40,6*5C
$GPGSV,1,1,01,49,17,257,,0*5F
$GLGSV,3,1,09,65,45,303,47,66,15,256,41,72,32,019,45,74,11,078,34,1*74
$GLGSV,3,2,09,75,09,127,42,86,22,161,44,87,67,182,48,88,43,324,49,1*77
$GLGSV,3,3,09,,,,47,1*72
$GLGSV,2,1,07,65,45,303,08,66,15,256,35,72,32,019,42,75,09,127,32,3*73
$GLGSV,2,2,07,86,22,161,40,88,43,324,43,,,,40,3*70
$GLGSV,1,1,01,73,00,038,,0*47
$GAGSV,2,1,06,03,69,010,42,05,20,040,37,08,49,240,42,13,15,322,39,2*75
$GAGSV,2,2,06,15,66,341,43,34,54,125,41,2*70
$GAGSV,2,1,06,03,69,010,46,05,20,040,37,08,49,240,42,13,15,322,35,7*78
$GAGSV,2,2,06,15,66,341,46,34,54,125,45,7*74
$GAGSV,1,1,02,07,00,228,,36,05,136,,0*7D
$GBGSV,2,1,08,08,31,067,39,13,44,052,43,20,48,304,45,27,19,163,42,1*79
$GBGSV,2,2,08,29,40,300,43,32,41,030,46,38,26,079,40,39,50,076,45,1*7A
$GBGSV,2,1,05,06,53,103,39,08,31,067,37,09,51,127,39,13,44,052,38,B*09
$GBGSV,2,2,05,16,51,090,39,B*30
$GBGSV,3,1,12,01,03,095,,02,58,140,,03,35,112,,05,62,201,,0*77
$GBGSV,3,2,12,07,01,156,,10,07,165,,19,13,265,,23,16,080,,0*70
$GBGSV,3,3,12,30,58,212,,59,08,095,,60,60,149,,61,35,113,,0*7D
$GQGSV,1,1,02,04,20,068,35,07,19,104,34,1*64
$GQGSV,1,1,03,03,05,128,25,04,20,068,34,07,19,104,34,6*59
$GNGLL,2454.22833,N,06708.27293,E,141853.00,A,D*73
$GNRMC,141854.00,A,2454.22833,N,06708.27293,E,0.006,,050525,,,R,V*00
$GNVTG,,T,,M,0.006,N,0.011,K,D*3E
$GNGGA,141854.00,2454.22833,N,06708.27293,E,4,12,0.67,21.9,M,-44.2,M,1.0,0290*72
$GNGSA,A,3,08,10,18,23,27,28,32,31,02,,,,1.46,0.67,1.29,1*06
$GNGSA,A,3,87,66,86,72,65,88,,,,,,,1.46,0.67,1.29,2*0D
$GNGSA,A,3,05,03,08,15,34,,,,,,,,1.46,0.67,1.29,3*06
$GNGSA,A,3,08,09,06,13,20,16,29,27,32,38,39,,1.46,0.67,1.29,4*02
$GNGSA,A,3,04,,,,,,,,,,,,1.46,0.67,1.29,5*09
$GPGSV,4,1,13,02,22,321,41,08,23,282,43,10,48,027,46,18,20,139,37,1*6C
$GPGSV,4,2,13,23,24,074,40,24,03,039,21,27,32,240,36,28,41,163,43,1*67
$GPGSV,4,3,13,31,20,185,41,32,71,342,50,36,34,246,36,40,59,208,46,1*68
$GPGSV,4,4,13,41,56,146,46,1*51
$GPGSV,3,1,09,08,23,282,33,10,48,027,37,18,20,139,34,23,24,074,35,6*60
$GPGSV,3,2,09,24,03,039,19,27,32,240,32,28,41,163,39,31,20,185,34,6*65
$GPGSV,3,3,09,32,71,342,40,6*5C
$GPGSV,1,1,01,49,17,257,,0*5F
$GLGSV,3,1,09,65,45,303,47,66,15,256,41,72,32,019,45,74,11,078,34,1*74
$GLGSV,3,2,09,75,09,127,42,86,22,161,44,87,67,182,48,88,43,324,49,1*77
$GLGSV,3,3,09,,,,47,1*72
$GLGSV,2,1,07,65,45,303,11,66,15,256,35,72,32,019,42,75,09,127,32,3*7B
$GLGSV,2,2,07,86,22,161,40,88,43,324,43,,,,40,3*70
$GLGSV,1,1,01,73,00,038,,0*47
$GAGSV,2,1,06,03,69,010,42,05,20,040,37,08,49,240,42,13,15,322,39,2*75
$GAGSV,2,2,06,15,66,341,43,34,54,125,41,2*70
$GAGSV,2,1,06,03,69,010,46,05,20,040,37,08,49,240,42,13,15,322,35,7*78
$GAGSV,2,2,06,15,66,341,46,34,54,125,45,7*74
$GAGSV,1,1,02,07,00,228,,36,05,136,,0*7D
$GBGSV,2,1,08,08,31,067,39,13,44,052,43,20,48,304,45,27,19,163,42,1*79
$GBGSV,2,2,08,29,40,300,43,32,41,030,46,38,26,079,40,39,50,076,45,1*7A
$GBGSV,2,1,05,06,53,103,39,08,31,067,37,09,51,127,39,13,44,052,39,B*08
$GBGSV,2,2,05,16,51,090,40,B*3E
$GBGSV,3,1,12,01,03,095,,02,58,140,,03,35,112,,05,62,201,,0*77
$GBGSV,3,2,12,07,01,156,,10,07,165,,19,13,265,,23,16,080,,0*70
$GBGSV,3,3,12,30,58,212,,59,08,095,,60,60,149,,61,35,113,,0*7D
$GQGSV,1,1,02,04,20,068,35,07,19,104,34,1*64
$GQGSV,1,1,03,03,05,128,24,04,20,068,34,07,19,104,34,6*58
$GNGLL,2454.22833,N,06708.27293,E,141854.00,A,D*74
$GNRMC,141855.00,A,2454.22833,N,06708.27293,E,0.008,,050525,,,R,V*0F
$GNVTG,,T,,M,0.008,N,0.015,K,D*34
$GNGGA,141855.00,2454.22833,N,06708.27293,E,4,12,0.67,21.9,M,-44.2,M,1.0,0290*73
$GNGSA,A,3,08,10,18,23,27,28,32,31,02,,,,1.46,0.67,1.29,1*06
$GNGSA,A,3,87,66,86,72,65,88,,,,,,,1.46,0.67,1.29,2*0D
$GNGSA,A,3,05,03,08,15,34,,,,,,,,1.46,0.67,1.29,3*06
$GNGSA,A,3,08,09,06,13,20,16,29,27,32,38,39,,1.46,0.67,1.29,4*02
$GNGSA,A,3,04,,,,,,,,,,,,1.46,0.67,1.29,5*09
$GPGSV,4,1,13,02,22,321,41,08,23,282,43,10,48,027,46,18,20,139,37,1*6C
$GPGSV,4,2,13,23,24,074,40,24,03,039,21,27,32,240,36,28,41,163,43,1*67
$GPGSV,4,3,13,31,20,185,41,32,71,342,50,36,34,246,36,40,59,208,46,1*68
$GPGSV,4,4,13,41,56,146,46,1*51
$GPGSV,3,1,09,08,23,282,33,10,48,027,37,18,20,139,34,23,24,074,35,6*60
$GPGSV,3,2,09,24,03,039,20,27,32,240,32,28,41,163,39,31,20,185,34,6*6F
$GPGSV,3,3,09,32,71,342,40,6*5C
$GPGSV,1,1,01,49,17,257,,0*5F
$GLGSV,3,1,09,65,45,303,47,66,15,256,41,72,32,019,45,74,11,078,34,1*74
$GLGSV,3,2,09,75,09,127,42,86,22,161,43,87,67,182,48,88,43,324,49,1*70
$GLGSV,3,3,09,,,,47,1*72
$GLGSV,2,1,07,65,45,303,11,66,15,256,35,72,32,019,42,75,09,127,32,3*7B
$GLGSV,2,2,07,86,22,161,40,88,43,324,43,,,,41,3*71
$GLGSV,1,1,01,73,00,038,,0*47
$GAGSV,2,1,06,03,69,010,42,05,20,040,37,08,49,240,42,13,15,322,39,2*75
$GAGSV,2,2,06,15,66,341,43,34,54,125,41,2*70
$GAGSV,2,1,06,03,69,010,46,05,20,040,37,08,49,240,42,13,15,322,36,7*7B
$GAGSV,2,2,06,15,66,341,46,34,54,125,45,7*74
$GAGSV,1,1,02,07,00,228,,36,05,136,,0*7D
$GBGSV,2,1,08,08,31,067,39,13,44,052,43,20,48,304,45,27,19,163,42,1*79
$GBGSV,2,2,08,29,40,300,43,32,41,030,46,38,26,079,40,39,50,076,45,1*7A
$GBGSV,2,1,05,06,53,103,39,08,31,067,37,09,51,127,39,13,44,052,39,B*08
$GBGSV,2,2,05,16,51,090,39,B*30
$GBGSV,3,1,12,01,03,095,,02,58,140,,03,35,112,,05,62,201,,0*77
$GBGSV,3,2,12,07,01,156,,10,07,165,,19,13,265,,23,16,080,,0*70
$GBGSV,3,3,12,30,58,212,,59,08,095,,60,60,149,,61,35,113,,0*7D
$GQGSV,1,1,02,04,20,068,35,07,19,104,34,1*64
$GQGSV,1,1,03,03,05,128,24,04,20,068,34,07,19,104,34,6*58
$GNGLL,2454.22833,N,06708.27293,E,141855.00,A,D*75
$GNRMC,141856.00,A,2454.22833,N,06708.27293,E,0.009,,050525,,,R,V*0D
$GNVTG,,T,,M,0.009,N,0.017,K,D*37
$GNGGA,141856.00,2454.22833,N,06708.27293,E,4,12,0.67,21.9,M,-44.2,M,1.0,0290*70
$GNGSA,A,3,08,10,18,23,27,28,32,31,02,,,,1.46,0.67,1.29,1*06
$GNGSA,A,3,87,66,86,72,65,88,,,,,,,1.46,0.67,1.29,2*0D
$GNGSA,A,3,05,03,08,15,34,,,,,,,,1.46,0.67,1.29,3*06
$GNGSA,A,3,08,09,06,13,20,16,29,27,32,38,39,,1.46,0.67,1.29,4*02
$GNGSA,A,3,04,,,,,,,,,,,,1.46,0.67,1.29,5*09
$GPGSV,4,1,13,02,22,321,40,08,23,282,43,10,48,027,46,18,20,139,37,1*6D
$GPGSV,4,2,13,23,24,074,40,24,03,039,20,27,32,240,36,28,41,163,43,1*66
$GPGSV,4,3,13,31,20,185,41,32,71,342,50,36,34,246,34,40,59,208,46,1*6A
$GPGSV,4,4,13,41,56,146,46,1*51
$GPGSV,3,1,09,08,23,282,33,10,48,027,37,18,20,139,34,23,24,074,35,6*60
$GPGSV,3,2,09,24,03,039,20,27,32,240,32,28,41,163,39,31,20,185,34,6*6F
$GPGSV,3,3,09,32,71,342,40,6*5C
$GPGSV,1,1,01,49,17,257,,0*5F
$GLGSV,3,1,09,65,45,303,47,66,15,256,41,72,32,019,45,74,11,078,34,1*74
$GLGSV,3,2,09,75,09,127,42,86,22,161,43,87,67,182,48,88,43,324,49,1*70
$GLGSV,3,3,09,,,,47,1*72
$GLGSV,2,1,07,65,45,303,09,66,15,256,35,72,32,019,42,75,09,127,32,3*72
$GLGSV,2,2,07,86,22,161,40,88,43,324,43,,,,41,3*71
$GLGSV,1,1,01,73,00,038,,0*47
$GAGSV,2,1,06,03,69,010,42,05,20,040,37,08,49,240,42,13,15,322,39,2*75
$GAGSV,2,2,06,15,66,341,43,34,54,125,41,2*70
$GAGSV,2,1,06,03,69,010,46,05,20,040,37,08,49,240,42,13,15,322,35,7*78
$GAGSV,2,2,06,15,66,341,46,34,54,125,45,7*74
$GAGSV,1,1,02,07,01,228,,36,05,136,,0*7C
$GBGSV,2,1,08,08,31,067,39,13,44,052,43,20,48,304,45,27,19,163,42,1*79
$GBGSV,2,2,08,29,40,300,43,32,41,030,46,38,26,079,40,39,50,076,45,1*7A
$GBGSV,2,1,05,06,53,103,39,08,31,067,37,09,51,127,39,13,44,052,38,B*09
$GBGSV,2,2,05,16,51,090,39,B*30
$GBGSV,3,1,12,01,03,095,,02,58,140,,03,35,112,,05,62,201,,0*77
$GBGSV,3,2,12,07,01,156,,10,07,165,,19,13,265,,23,16,080,,0*70
$GBGSV,3,3,12,30,58,212,,59,08,095,,60,60,149,,61,35,113,,0*7D
$GQGSV,1,1,02,04,20,068,35,07,19,104,34,1*64
$GQGSV,1,1,03,03,05,128,24,04,20,068,34,07,19,104,34,6*58
$GNGLL,2454.22833,N,06708.27293,E,141856.00,A,D*76
$GNRMC,141857.00,A,2454.22833,N,06708.27293,E,0.007,,050525,,,R,V*02
$GNVTG,,T,,M,0.007,N,0.013,K,D*3D
$GNGGA,141857.00,2454.22833,N,06708.27293,E,4,12,0.67,21.9,M,-44.2,M,1.0,0290*71
$GNGSA,A,3,08,10,18,23,27,28,32,31,02,,,,1.46,0.67,1.29,1*06
$GNGSA,A,3,87,66,86,72,65,88,,,,,,,1.46,0.67,1.29,2*0D
$GNGSA,A,3,05,03,08,15,34,,,,,,,,1.46,0.67,1.29,3*06
$GNGSA,A,3,08,09,06,13,20,16,29,27,32,38,39,,1.46,0.67,1.29,4*02
$GNGSA,A,3,04,,,,,,,,,,,,1.46,0.67,1.29,5*09
$GPGSV,4,1,13,02,22,321,40,08,23,282,43,10,48,027,46,18,20,139,37,1*6D
$GPGSV,4,2,13,23,24,074,40,24,03,039,21,27,32,240,36,28,41,163,43,1*67
$GPGSV,4,3,13,31,20,185,41,32,71,342,50,36,34,246,37,40,59,208,46,1*69
$GPGSV,4,4,13,41,56,146,46,1*51
$GPGSV,3,1,09,08,23,282,32,10,48,027,37,18,20,139,34,23,24,074,35,6*61
$GPGSV,3,2,09,24,03,039,20,27,32,240,32,28,41,163,39,31,20,185,34,6*6F
$GPGSV,3,3,09,32,71,342,40,6*5C
$GPGSV,1,1,01,49,17,257,,0*5F
$GLGSV,3,1,09,65,45,303,47,66,15,256,41,72,32,019,45,74,11,078,34,1*74
$GLGSV,3,2,09,75,09,127,42,86,22,161,43,87,67,182,48,88,43,324,49,1*70
$GLGSV,3,3,09,,,,47,1*72
$GLGSV,2,1,07,65,45,303,09,66,15,256,35,72,32,019,42,75,09,127,32,3*72
$GLGSV,2,2,07,86,22,161,40,88,43,324,43,,,,41,3*71
$GLGSV,1,1,01,73,00,038,,0*47
$GAGSV,2,1,06,03,69,010,42,05,20,040,37,08,49,241,42,13,15,322,39,2*74
$GAGSV,2,2,06,15,66,341,43,34,54,125,41,2*70
$GAGSV,2,1,06,03,69,010,46,05,20,040,37,08,49,241,42,13,15,322,35,7*79
$GAGSV,2,2,06,15,66,341,46,34,54,125,45,7*74
$GAGSV,1,1,02,07,01,228,,36,05,136,,0*7C
$GBGSV,2,1,08,08,31,067,39,13,44,052,43,20,48,304,45,27,19,163,42,1*79
$GBGSV,2,2,08,29,40,300,43,32,41,030,46,38,26,079,40,39,50,076,45,1*7A
$GBGSV,2,1,05,06,53,103,39,08,31,067,37,09,51,127,39,13,44,052,38,B*09
$GBGSV,2,2,05,16,51,090,39,B*30
$GBGSV,3,1,12,01,03,095,,02,58,140,,03,35,112,,05,62,201,,0*77
$GBGSV,3,2,12,07,01,156,,10,07,165,,19,13,265,,23,16,080,,0*70
$GBGSV,3,3,12,30,58,212,,59,08,095,,60,60,149,,61,35,113,,0*7D
$GQGSV,1,1,02,04,20,068,35,07,19,104,34,1*64
$GQGSV,1,1,03,03,05,128,24,04,20,068,34,07,19,104,34,6*58
$GNGLL,2454.22833,N,06708.27293,E,141857.00,A,D*77
$GNRMC,141858.00,A,2454.22833,N,06708.27293,E,0.009,,050525,,,R,V*03
$GNVTG,,T,,M,0.009,N,0.016,K,D*36
$GNGGA,141858.00,2454.22833,N,06708.27293,E,4,12,0.67,21.9,M,-44.2,M,1.0,0290*7E
$GNGSA,A,3,08,10,18,23,27,28,32,31,02,,,,1.46,0.67,1.29,1*06
$GNGSA,A,3,87,66,86,72,65,88,,,,,,,1.46,0.67,1.29,2*0D
$GNGSA,A,3,05,03,08,15,34,,,,,,,,1.46,0.67,1.29,3*06
$GNGSA,A,3,08,09,06,13,20,16,29,27,32,38,39,,1.46,0.67,1.29,4*02
$GNGSA,A,3,04,,,,,,,,,,,,1.46,0.67,1.29,5*09
$GPGSV,4,1,13,02,22,321,40,08,23,282,43,10,48,027,46,18,20,139,37,1*6D
$GPGSV,4,2,13,23,24,074,40,24,03,039,21,27,32,240,36,28,41,163,43,1*67
$GPGSV,4,3,13,31,20,185,41,32,71,342,50,36,34,246,36,40,59,208,46,1*68
$GPGSV,4,4,13,41,56,146,46,1*51
$GPGSV,3,1,09,08,23,282,33,10,48,027,37,18,20,139,34,23,24,074,35,6*60
$GPGSV,3,2,09,24,03,039,20,27,32,240,32,28,41,163,39,31,20,185,34,6*6F
$GPGSV,3,3,09,32,71,342,40,6*5C
$GPGSV,1,1,01,49,17,257,,0*5F
$GLGSV,3,1,09,65,45,303,47,66,15,256,41,72,32,019,45,74,11,078,34,1*74
$GLGSV,3,2,09,75,09,127,41,86,22,161,43,87,67,182,48,88,43,324,49,1*73
$GLGSV,3,3,09,,,,47,1*72
$GLGSV,2,1,07,65,45,303,11,66,15,256,35,72,32,019,42,75,09,127,32,3*7B
$GLGSV,2,2,07,86,22,161,40,88,43,324,43,,,,41,3*71
$GLGSV,1,1,01,73,00,038,,0*47
$GAGSV,2,1,06,03,69,010,42,05,20,040,37,08,49,241,42,13,15,322,39,2*74
$GAGSV,2,2,06,15,66,341,43,34,54,125,41,2*70
$GAGSV,2,1,06,03,69,010,46,05,20,040,37,08,49,241,42,13,15,322,35,7*79
$GAGSV,2,2,06,15,66,341,46,34,54,125,45,7*74
$GAGSV,1,1,02,07,01,228,,36,05,136,,0*7C
$GBGSV,2,1,08,08,31,067,39,13,44,052,43,20,48,304,45,27,19,163,42,1*79
$GBGSV,2,2,08,29,40,300,43,32,41,030,46,38,26,079,40,39,50,076,45,1*7A
$GBGSV,2,1,05,06,53,103,39,08,31,067,37,09,51,127,39,13,44,052,39,B*08
$GBGSV,2,2,05,16,51,090,39,B*30
$GBGSV,3,1,12,01,03,095,,02,58,140,,03,35,112,,05,62,201,,0*77
$GBGSV,3,2,12,07,01,156,,10,07,165,,19,13,265,,23,16,080,,0*70
$GBGSV,3,3,12,30,58,212,,59,08,095,,60,60,149,,61,35,113,,0*7D
$GQGSV,1,1,02,04,20,068,35,07,19,104,34,1*64
$GQGSV,1,1,03,03,05,128,24,04,20,068,34,07,19,104,34,6*58
$GNGLL,2454.22833,N,06708.27293,E,141858.00,A,D*78
$GNRMC,141859.00,A,2454.22833,N,06708.27293,E,0.008,,050525,,,R,V*03
$GNVTG,,T,,M,0.008,N,0.015,K,D*34
$GNGGA,141859.00,2454.22833,N,06708.27293,E,4,12,0.67,21.9,M,-44.2,M,1.0,0290*7F
$GNGSA,A,3,08,10,18,23,27,28,32,31,02,,,,1.46,0.67,1.29,1*06
$GNGSA,A,3,87,66,86,72,65,88,,,,,,,1.46,0.67,1.29,2*0D
$GNGSA,A,3,05,03,08,15,34,,,,,,,,1.46,0.67,1.29,3*06
$GNGSA,A,3,08,09,06,13,20,16,29,27,32,38,39,,1.46,0.67,1.29,4*02
$GNGSA,A,3,04,,,,,,,,,,,,1.46,0.67,1.29,5*09
$GPGSV,4,1,13,02,22,321,40,08,23,282,43,10,48,027,46,18,20,139,37,1*6D
$GPGSV,4,2,13,23,24,074,40,24,03,039,21,27,32,240,36,28,41,163,43,1*67
$GPGSV,4,3,13,31,20,185,41,32,71,342,50,36,34,246,36,40,59,208,46,1*68
$GPGSV,4,4,13,41,56,146,46,1*51
$GPGSV,3,1,09,08,23,282,33,10,48,027,37,18,20,139,34,23,24,074,35,6*60
$GPGSV,3,2,09,24,03,039,20,27,32,240,32,28,41,163,39,31,20,185,34,6*6F
$GPGSV,3,3,09,32,71,342,40,6*5C
$GPGSV,1,1,01,49,17,257,,0*5F
$GLGSV,3,1,09,65,45,303,47,66,15,256,41,72,32,019,45,74,11,078,34,1*74
$GLGSV,3,2,09,75,09,127,42,86,22,161,43,87,67,182,48,88,43,324,49,1*70
$GLGSV,3,3,09,,,,47,1*72
$GLGSV,2,1,07,65,45,303,05,66,15,256,35,72,32,019,42,75,09,127,32,3*7E
$GLGSV,2,2,07,86,22,161,40,88,43,324,43,,,,40,3*70
$GLGSV,1,1,01,73,00,038,,0*47
$GAGSV,2,1,06,03,69,010,42,05,20,040,37,08,49,241,42,13,15,322,39,2*74
$GAGSV,2,2,06,15,66,341,43,34,54,125,41,2*70
$GAGSV,2,1,06,03,69,010,46,05,20,040,37,08,49,241,42,13,15,322,35,7*79
$GAGSV,2,2,06,15,66,341,46,34,54,125,45,7*74
$GAGSV,1,1,02,07,01,228,,36,05,136,,0*7C
$GBGSV,2,1,08,08,31,067,39,13,44,052,43,20,48,304,45,27,19,163,42,1*79
$GBGSV,2,2,08,29,40,300,43,32,41,030,46,38,26,079,40,39,50,076,45,1*7A
$GBGSV,2,1,05,06,53,103,39,08,31,067,37,09,51,127,39,13,44,052,38,B*09
$GBGSV,2,2,05,16,51,090,40,B*3E
$GBGSV,3,1,12,01,03,095,,02,58,140,,03,35,112,,05,62,201,,0*77
$GBGSV,3,2,12,07,01,156,,10,07,165,,19,13,265,,23,16,080,,0*70
$GBGSV,3,3,12,30,58,212,,59,08,095,,60,60,149,,61,35,113,,0*7D
$GQGSV,1,1,02,04,20,068,35,07,19,104,34,1*64
$GQGSV,1,1,03,03,05,128,24,04,20,068,34,07,19,104,34,6*58
$GNGLL,2454.22833,N,06708.27293,E,141859.00,A,D*79
$GNRMC,141900.00,A,2454.22833,N,06708.27293,E,0.015,,050525,,,R,V*02
$GNVTG,,T,,M,0.015,N,0.028,K,D*36
$GNGGA,141900.00,2454.22833,N,06708.27293,E,4,12,0.67,21.9,M,-44.2,M,1.0,0290*72
$GNGSA,A,3,08,10,18,23,27,28,32,31,02,,,,1.46,0.67,1.29,1*06
$GNGSA,A,3,87,66,86,72,65,88,,,,,,,1.46,0.67,1.29,2*0D
$GNGSA,A,3,05,03,08,15,34,,,,,,,,1.46,0.67,1.29,3*06
$GNGSA,A,3,08,09,06,13,20,16,29,27,32,38,39,,1.46,0.67,1.29,4*02
$GNGSA,A,3,04,,,,,,,,,,,,1.46,0.67,1.29,5*09
$GPGSV,4,1,13,02,22,321,40,08,23,282,43,10,48,027,46,18,20,139,37,1*6D
$GPGSV,4,2,13,23,24,074,40,24,03,039,21,27,32,240,36,28,41,163,43,1*67
$GPGSV,4,3,13,31,20,185,41,32,71,342,50,36,34,246,36,40,59,208,46,1*68
$GPGSV,4,4,13,41,56,146,46,1*51
$GPGSV,3,1,09,08,23,282,33,10,48,027,37,18,20,139,34,23,24,074,35,6*60
$GPGSV,3,2,09,24,03,039,20,27,32,240,32,28,41,163,39,31,20,185,34,6*6F
$GPGSV,3,3,09,32,71,342,40,6*5C
$GPGSV,1,1,01,49,17,257,,0*5F
$GLGSV,3,1,09,65,45,303,47,66,15,256,41,72,32,019,45,74,11,078,34,1*74
$GLGSV,3,2,09,75,09,127,42,86,22,161,43,87,67,182,48,88,43,324,49,1*70
$GLGSV,3,3,09,,,,47,1*72
$GLGSV,2,1,07,65,45,303,08,66,15,256,35,72,32,019,42,75,09,127,31,3*70
$GLGSV,2,2,07,86,22,161,40,88,43,324,43,,,,41,3*71
$GLGSV,1,1,01,73,00,038,,0*47
$GAGSV,2,1,06,03,69,010,42,05,20,040,37,08,49,241,42,13,15,322,38,2*75
$GAGSV,2,2,06,15,66,341,43,34,54,125,41,2*70
$GAGSV,2,1,06,03,69,010,46,05,20,040,37,08,49,241,42,13,15,322,35,7*79
$GAGSV,2,2,06,15,66,341,46,34,54,125,45,7*74
$GAGSV,1,1,02,07,01,228,,36,05,136,,0*7C
$GBGSV,2,1,08,08,31,067,39,13,44,052,43,20,48,304,45,27,19,163,42,1*79
$GBGSV,2,2,08,29,40,300,43,32,41,030,46,38,26,079,40,39,50,076,45,1*7A
$GBGSV,2,1,05,06,53,103,39,08,31,067,37,09,51,127,39,13,44,052,38,B*09
$GBGSV,2,2,05,16,51,090,40,B*3E
$GBGSV,3,1,12,01,03,095,,02,58,140,,03,35,112,,05,62,201,,0*77
$GBGSV,3,2,12,07,01,156,,10,07,165,,19,13,265,,23,16,080,,0*70
$GBGSV,3,3,12,30,58,212,,59,08,095,,60,60,149,,61,35,113,,0*7D
$GQGSV,1,1,02,04,20,068,35,07,19,104,33,1*63
$GQGSV,1,1,03,03,05,128,24,04,20,068,34,07,19,104,34,6*58
$GNGLL,2454.22833,N,06708.27293,E,141900.00,A,D*74
$GNRMC,141901.00,A,2454.22833,N,06708.27293,E,0.013,,050525,,,R,V*05
$GNVTG,,T,,M,0.013,N,0.024,K,D*3C
$GNGGA,141901.00,2454.22833,N,06708.27293,E,4,12,0.67,21.9,M,-44.2,M,1.0,0290*73
$GNGSA,A,3,08,10,18,23,27,28,32,31,02,,,,1.46,0.67,1.29,1*06
$GNGSA,A,3,87,66,86,72,65,88,,,,,,,1.46,0.67,1.29,2*0D
$GNGSA,A,3,05,03,08,15,34,,,,,,,,1.46,0.67,1.29,3*06
$GNGSA,A,3,08,09,06,13,20,16,29,27,32,38,39,,1.46,0.67,1.29,4*02
$GNGSA,A,3,04,,,,,,,,,,,,1.46,0.67,1.29,5*09
$GPGSV,4,1,13,02,22,321,40,08,23,282,43,10,48,027,46,18,20,139,37,1*6D
$GPGSV,4,2,13,23,24,074,40,24,03,039,22,27,32,240,36,28,41,163,43,1*64
$GPGSV,4,3,13,31,20,185,41,32,71,342,50,36,34,246,36,40,59,208,46,1*68
$GPGSV,4,4,13,41,56,146,46,1*51
$GPGSV,3,1,09,08,23,282,33,10,48,027,37,18,20,139,34,23,24,074,35,6*60
$GPGSV,3,2,09,24,03,039,21,27,32,240,32,28,41,163,39,31,20,185,34,6*6E
$GPGSV,3,3,09,32,71,342,40,6*5C
$GPGSV,1,1,01,49,17,257,,0*5F
$GLGSV,3,1,09,65,45,303,46,66,15,256,41,72,32,019,45,74,11,078,34,1*75
$GLGSV,3,2,09,75,09,127,42,86,22,161,44,87,67,182,48,88,43,324,49,1*77
$GLGSV,3,3,09,,,,47,1*72
$GLGSV,2,1,07,65,45,303,08,66,15,256,35,72,32,019,42,75,09,127,31,3*70
$GLGSV,2,2,07,86,22,161,40,88,43,324,43,,,,40,3*70
$GLGSV,1,1,01,73,00,038,,0*47
$GAGSV,2,1,06,03,69,010,42,05,20,040,37,08,49,241,42,13,15,322,38,2*75
$GAGSV,2,2,06,15,66,341,43,34,54,125,41,2*70
$GAGSV,2,1,06,03,69,010,46,05,20,040,37,08,49,241,42,13,15,322,35,7*79
$GAGSV,2,2,06,15,66,341,46,34,54,125,45,7*74
$GAGSV,1,1,02,07,01,228,,36,05,136,,0*7C
$GBGSV,2,1,08,08,31,067,39,13,44,052,43,20,48,304,45,27,19,163,42,1*79
$GBGSV,2,2,08,29,40,300,43,32,41,030,46,38,26,079,40,39,50,076,44,1*7B
$GBGSV,2,1,05,06,53,103,39,08,31,067,37,09,51,127,39,13,44,052,38,B*09
$GBGSV,2,2,05,16,51,090,39,B*30
$GBGSV,3,1,12,01,03,095,,02,58,140,,03,35,112,,05,62,201,,0*77
$GBGSV,3,2,12,07,01,156,,10,07,165,,19,13,265,,23,16,080,,0*70
$GBGSV,3,3,12,30,58,212,,59,08,095,,60,60,149,,61,35,113,,0*7D
$GQGSV,1,1,02,04,20,068,35,07,19,104,33,1*63
$GQGSV,1,1,03,03,05,128,24,04,20,068,34,07,19,104,34,6*58
$GNGLL,2454.22833,N,06708.27293,E,141901.00,A,D*75
$GNRMC,141902.00,A,2454.22833,N,06708.27293,E,0.014,,050525,,,R,V*01
$GNVTG,,T,,M,0.014,N,0.025,K,D*3A
$GNGGA,141902.00,2454.22833,N,06708.27293,E,4,12,0.67,21.9,M,-44.2,M,1.0,0290*70
$GNGSA,A,3,08,10,18,23,27,28,32,31,02,,,,1.46,0.67,1.29,1*06
$GNGSA,A,3,87,66,86,72,65,88,,,,,,,1.46,0.67,1.29,2*0D
$GNGSA,A,3,05,03,08,15,34,,,,,,,,1.46,0.67,1.29,3*06
$GNGSA,A,3,08,09,06,13,20,16,29,27,32,38,39,,1.46,0.67,1.29,4*02
$GNGSA,A,3,04,,,,,,,,,,,,1.46,0.67,1.29,5*09
$GPGSV,4,1,13,02,22,321,41,08,23,282,44,10,48,027,46,18,20,139,37,1*6B
$GPGSV,4,2,13,23,24,074,40,24,03,039,22,27,32,240,36,28,41,163,43,1*64
$GPGSV,4,3,13,31,20,185,41,32,71,342,50,36,34,246,36,40,59,208,46,1*68
$GPGSV,4,4,13,41,56,146,46,1*51
$GPGSV,3,1,09,08,23,282,33,10,48,027,37,18,20,139,34,23,24,074,35,6*60
$GPGSV,3,2,09,24,03,039,22,27,32,240,32,28,41,163,39,31,20,185,34,6*6D
$GPGSV,3,3,09,32,71,342,40,6*5C
$GPGSV,1,1,01,49,17,257,,0*5F
$GLGSV,3,1,09,65,45,303,46,66,15,256,41,72,32,019,45,74,11,078,34,1*75
$GLGSV,3,2,09,75,09,127,42,86,22,161,44,87,67,182,49,88,43,324,49,1*76
$GLGSV,3,3,09,,,,47,1*72
$GLGSV,2,1,07,65,45,303,08,66,15,256,34,72,32,019,42,75,09,127,31,3*71
$GLGSV,2,2,07,86,22,161,40,88,43,324,43,,,,40,3*70
$GLGSV,1,1,01,73,00,038,,0*47
$GAGSV,2,1,06,03,69,010,42,05,20,040,37,08,49,241,42,13,15,323,38,2*74
$GAGSV,2,2,06,15,66,341,43,34,54,125,41,2*70
$GAGSV,2,1,06,03,69,010,46,05,20,040,37,08,49,241,42,13,15,323,35,7*78
$GAGSV,2,2,06,15,66,341,46,34,54,125,45,7*74
$GAGSV,1,1,02,07,01,228,,36,05,136,,0*7C
$GBGSV,2,1,08,08,31,067,39,13,44,052,43,20,48,304,45,27,19,163,42,1*79
$GBGSV,2,2,08,29,40,300,43,32,41,030,46,38,26,079,40,39,50,076,45,1*7A
$GBGSV,2,1,05,06,53,103,39,08,31,067,37,09,51,127,39,13,44,052,38,B*09
$GBGSV,2,2,05,16,51,090,39,B*30
$GBGSV,3,1,12,01,03,095,,02,58,140,,03,35,112,,05,62,201,,0*77
$GBGSV,3,2,12,07,01,156,,10,07,165,,19,13,265,,23,16,080,,0*70
$GBGSV,3,3,12,30,58,212,,59,08,095,,60,60,149,,61,35,113,,0*7D
$GQGSV,1,1,02,04,20,068,35,07,19,104,33,1*63
$GQGSV,1,1,03,03,05,128,24,04,20,068,34,07,19,104,34,6*58
$GNGLL,2454.22833,N,06708.27293,E,141902.00,A,D*76
$GNRMC,141903.00,A,2454.22833,N,06708.27293,E,0.013,,050525,,,R,V*07
$GNVTG,,T,,M,0.013,N,0.025,K,D*3D
$GNGGA,141903.00,2454.22833,N,06708.27293,E,4,12,0.67,21.9,M,-44.2,M,1.0,0290*71
$GNGSA,A,3,08,10,18,23,27,28,32,31,02,,,,1.46,0.67,1.29,1*06
$GNGSA,A,3,87,66,86,72,65,88,,,,,,,1.46,0.67,1.29,2*0D
$GNGSA,A,3,05,03,08,15,34,,,,,,,,1.46,0.67,1.29,3*06
$GNGSA,A,3,08,09,06,13,20,16,29,27,32,38,39,,1.46,0.67,1.29,4*02
$GNGSA,A,3,04,,,,,,,,,,,,1.46,0.67,1.29,5*09
$GPGSV,4,1,13,02,22,321,41,08,23,282,43,10,48,027,46,18,20,139,37,1*6C
$GPGSV,4,2,13,23,24,074,40,24,03,039,23,27,32,240,36,28,41,163,43,1*65
$GPGSV,4,3,13,31,20,185,41,32,71,342,50,36,34,246,36,40,59,208,46,1*68
$GPGSV,4,4,13,41,56,146,46,1*51
$GPGSV,3,1,09,08,23,282,33,10,48,027,37,18,20,139,34,23,24,074,35,6*60
$GPGSV,3,2,09,24,03,039,22,27,32,240,32,28,41,163,39,31,20,185,34,6*6D
$GPGSV,3,3,09,32,71,342,40,6*5C
$GPGSV,1,1,01,49,17,257,,0*5F
$GLGSV,3,1,09,65,45,303,46,66,15,256,41,72,32,019,45,74,11,078,34,1*75
$GLGSV,3,2,09,75,09,127,42,86,22,161,44,87,67,182,49,88,43,324,49,1*76
$GLGSV,3,3,09,,,,47,1*72
$GLGSV,2,1,07,65,45,303,08,66,15,256,34,72,32,019,42,75,09,127,31,3*71
$GLGSV,2,2,07,86,22,161,40,88,43,324,43,,,,40,3*70
$GLGSV,1,1,01,73,00,038,,0*47
$GAGSV,2,1,06,03,69,010,42,05,20,040,37,08,49,241,42,13,15,323,38,2*74
$GAGSV,2,2,06,15,67,341,43,34,54,125,41,2*71
$GAGSV,2,1,06,03,69,010,46,05,20,040,37,08,49,241,42,13,15,323,35,7*78
$GAGSV,2,2,06,15,67,341,46,34,54,125,45,7*75
$GAGSV,1,1,02,07,01,228,,36,05,136,,0*7C
$GBGSV,2,1,08,08,31,067,39,13,44,052,43,20,48,304,45,27,19,163,42,1*79
$GBGSV,2,2,08,29,40,300,43,32,41,030,46,38,26,079,40,39,50,076,44,1*7B
$GBGSV,2,1,05,06,53,103,39,08,31,067,37,09,51,127,39,13,44,052,38,B*09
$GBGSV,2,2,05,16,51,090,39,B*30
$GBGSV,3,1,12,01,03,095,,02,58,140,,03,35,112,,05,62,201,,0*77
$GBGSV,3,2,12,07,01,156,,10,07,165,,19,13,265,,23,16,080,,0*70
$GBGSV,3,3,12,30,58,212,,59,08,095,,60,60,149,,61,35,113,,0*7D
$GQGSV,1,1,02,04,20,068,35,07,19,104,34,1*64
$GQGSV,1,1,03,03,05,128,24,04,20,068,33,07,19,104,34,6*5F
$GNGLL,2454.22833,N,06708.27293,E,141903.00,A,D*77
$GNRMC,141904.00,A,2454.22833,N,06708.27293,E,0.008,,050525,,,R,V*0A
$GNVTG,,T,,M,0.008,N,0.015,K,D*34
$GNGGA,141904.00,2454.22833,N,06708.27293,E,4,12,0.67,21.9,M,-44.2,M,1.0,0290*76
$GNGSA,A,3,08,10,18,23,27,28,32,31,02,,,,1.46,0.67,1.29,1*06
$GNGSA,A,3,87,66,86,72,65,88,,,,,,,1.46,0.67,1.29,2*0D
$GNGSA,A,3,05,03,08,15,34,,,,,,,,1.46,0.67,1.29,3*06
$GNGSA,A,3,08,09,06,13,20,16,29,27,32,38,39,,1.46,0.67,1.29,4*02
$GNGSA,A,3,04,,,,,,,,,,,,1.46,0.67,1.29,5*09
$GPGSV,4,1,13,02,22,321,41,08,23,282,43,10,48,027,46,18,20,139,37,1*6C
$GPGSV,4,2,13,23,24,074,40,24,03,039,23,27,32,240,36,28,41,163,43,1*65
$GPGSV,4,3,13,31,20,185,41,32,71,342,50,36,34,246,36,40,59,208,46,1*68
$GPGSV,4,4,13,41,56,146,46,1*51
$GPGSV,3,1,09,08,23,282,33,10,48,027,37,18,20,139,34,23,24,074,35,6*60
$GPGSV,3,2,09,24,03,039,22,27,32,240,32,28,41,163,39,31,20,185,34,6*6D
$GPGSV,3,3,09,32,71,342,40,6*5C
$GPGSV,1,1,01,49,17,257,,0*5F
$GLGSV,3,1,09,65,45,303,46,66,15,256,41,72,32,019,45,74,11,078,34,1*75
$GLGSV,3,2,09,75,09,127,42,86,22,161,43,87,67,182,49,88,43,324,48,1*70
$GLGSV,3,3,09,,,,47,1*72
$GLGSV,2,1,07,65,45,303,08,66,15,256,34,72,32,019,42,75,09,127,31,3*71
$GLGSV,2,2,07,86,22,161,40,88,43,324,43,,,,40,3*70
$GLGSV,1,1,01,73,00,038,,0*47
$GAGSV,2,1,06,03,69,010,42,05,20,040,37,08,49,241,42,13,15,323,38,2*74
$GAGSV,2,2,06,15,67,341,42,34,54,125,41,2*70
$GAGSV,2,1,06,03,69,010,46,05,20,040,37,08,49,241,42,13,15,323,35,7*78
$GAGSV,2,2,06,15,67,341,46,34,54,125,45,7*75
$GAGSV,1,1,02,07,01,228,,36,05,136,,0*7C
$GBGSV,2,1,08,08,31,067,38,13,44,052,42,20,48,304,45,27,19,163,41,1*7A
$GBGSV,2,2,08,29,40,300,43,32,41,030,45,38,26,079,39,39,50,076,44,1*76
$GBGSV,2,1,05,06,53,103,39,08,31,067,37,09,51,127,39,13,44,052,38,B*09
$GBGSV,2,2,05,16,51,090,39,B*30
$GBGSV,3,1,12,01,03,095,,02,58,140,,03,35,112,,05,62,201,,0*77
$GBGSV,3,2,12,07,01,156,,10,07,165,,19,13,265,,23,16,080,,0*70
$GBGSV,3,3,12,30,58,212,,59,08,095,,60,60,149,,61,35,113,,0*7D
$GQGSV,1,1,02,04,20,068,35,07,19,104,34,1*64
$GQGSV,1,1,03,03,05,128,23,04,20,068,34,07,19,104,34,6*5F
$GNGLL,2454.22833,N,06708.27293,E,141904.00,A,D*70
$GNRMC,141905.00,A,2454.22833,N,06708.27293,E,0.020,,050525,,,R,V*01
$GNVTG,,T,,M,0.020,N,0.038,K,D*31
$GNGGA,141905.00,2454.22833,N,06708.27293,E,4,12,0.67,21.9,M,-44.2,M,1.0,0290*77
$GNGSA,A,3,08,10,18,23,27,28,32,31,02,,,,1.46,0.67,1.29,1*06
$GNGSA,A,3,87,66,86,72,65,88,,,,,,,1.46,0.67,1.29,2*0D
$GNGSA,A,3,05,03,08,15,34,,,,,,,,1.46,0.67,1.29,3*06
$GNGSA,A,3,08,09,06,13,20,16,29,27,32,38,39,,1.46,0.67,1.29,4*02
$GNGSA,A,3,04,,,,,,,,,,,,1.46,0.67,1.29,5*09
$GPGSV,4,1,13,02,22,321,41,08,23,282,43,10,48,027,46,18,20,139,37,1*6C
$GPGSV,4,2,13,23,24,074,40,24,03,039,23,27,32,240,36,28,41,163,43,1*65
$GPGSV,4,3,13,31,20,185,41,32,71,342,50,36,34,246,36,40,59,208,46,1*68
$GPGSV,4,4,13,41,56,146,46,1*51
$GPGSV,3,1,09,08,23,282,32,10,48,027,37,18,20,139,34,23,24,074,35,6*61
$GPGSV,3,2,09,24,03,039,21,27,32,240,32,28,41,163,39,31,20,185,34,6*6E
$GPGSV,3,3,09,32,71,342,40,6*5C
$GPGSV,1,1,01,49,17,257,,0*5F
$GLGSV,3,1,09,65,45,303,46,66,15,256,41,72,32,019,45,74,11,078,34,1*75
$GLGSV,3,2,09,75,09,127,42,86,22,161,44,87,67,182,49,88,43,324,48,1*77
$GLGSV,3,3,09,,,,47,1*72
$GLGSV,2,1,07,65,45,303,02,66,15,256,33,72,32,019,42,75,09,127,31,3*7C
$GLGSV,2,2,07,86,22,161,40,88,43,324,43,,,,40,3*70
$GLGSV,1,1,01,73,00,038,,0*47
$GAGSV,2,1,06,03,69,010,42,05,20,040,37,08,49,241,41,13,15,323,38,2*77
$GAGSV,2,2,06,15,67,341,42,34,54,125,41,2*70
$GAGSV,2,1,06,03,69,010,46,05,20,040,37,08,49,241,42,13,15,323,35,7*78
$GAGSV,2,2,06,15,67,341,46,34,54,125,45,7*75
$GAGSV,1,1,02,07,01,228,,36,05,136,,0*7C
$GBGSV,2,1,08,08,31,067,39,13,44,052,43,20,48,304,45,27,19,163,42,1*79
$GBGSV,2,2,08,29,40,300,43,32,41,030,46,38,26,079,40,39,50,076,45,1*7A
$GBGSV,2,1,05,06,53,103,39,08,31,067,37,09,51,127,39,13,44,052,38,B*09
$GBGSV,2,2,05,16,51,090,39,B*30
$GBGSV,3,1,12,01,03,095,,02,58,140,,03,35,112,,05,62,201,,0*77
$GBGSV,3,2,12,07,01,156,,10,07,165,,19,13,265,,23,16,080,,0*70
$GBGSV,3,3,12,30,58,212,,59,08,095,,60,60,149,,61,35,113,,0*7D
$GQGSV,1,1,02,04,20,068,35,07,19,104,34,1*64
$GQGSV,1,1,03,03,05,128,23,04,20,068,33,07,19,104,34,6*58
$GNGLL,2454.22833,N,06708.27293,E,141905.00,A,D*71
$GNRMC,141906.00,A,2454.22833,N,06708.27293,E,0.012,,050525,,,R,V*03
$GNVTG,,T,,M,0.012,N,0.021,K,D*38
$GNGGA,141906.00,2454.22833,N,06708.27293,E,4,12,0.67,21.9,M,-44.2,M,1.0,0290*74
$GNGSA,A,3,08,10,18,23,27,28,32,31,02,,,,1.46,0.67,1.29,1*06
$GNGSA,A,3,87,66,86,72,65,88,,,,,,,1.46,0.67,1.29,2*0D
$GNGSA,A,3,05,03,08,15,34,,,,,,,,1.46,0.67,1.29,3*06
$GNGSA,A,3,08,09,06,13,20,16,29,27,32,38,39,,1.46,0.67,1.29,4*02
$GNGSA,A,3,04,,,,,,,,,,,,1.46,0.67,1.29,5*09
$GPGSV,4,1,13,02,22,321,41,08,23,282,43,10,48,027,46,18,20,139,37,1*6C
$GPGSV,4,2,13,23,24,074,40,24,03,039,22,27,32,240,36,28,41,163,43,1*64
$GPGSV,4,3,13,31,20,185,41,32,71,342,50,36,34,246,36,40,59,208,46,1*68
$GPGSV,4,4,13,41,56,146,46,1*51
$GPGSV,3,1,09,08,23,282,33,10,48,027,37,18,20,139,34,23,24,074,35,6*60
$GPGSV,3,2,09,24,03,039,21,27,32,240,33,28,41,163,39,31,20,185,34,6*6F
$GPGSV,3,3,09,32,71,342,40,6*5C
$GPGSV,1,1,01,49,17,257,,0*5F
$GLGSV,3,1,09,65,45,303,46,66,15,256,41,72,32,019,45,74,11,078,35,1*74
$GLGSV,3,2,09,75,09,127,42,86,22,161,44,87,67,182,49,88,43,324,49,1*76
$GLGSV,3,3,09,,,,47,1*72
$GLGSV,2,1,07,65,45,303,06,66,15,256,33,72,32,019,42,75,09,127,30,3*79
$GLGSV,2,2,07,86,22,161,40,88,43,324,43,,,,40,3*70
$GLGSV,1,1,01,73,00,038,,0*47
$GAGSV,2,1,06,03,69,010,42,05,20,040,37,08,49,241,42,13,15,323,38,2*74
$GAGSV,2,2,06,15,67,341,42,34,54,125,41,2*70
$GAGSV,2,1,06,03,69,010,46,05,20,040,37,08,49,241,42,13,15,323,35,7*78
$GAGSV,2,2,06,15,67,341,46,34,54,125,45,7*75
$GAGSV,1,1,02,07,01,228,,36,05,136,,0*7C
$GBGSV,2,1,08,08,31,067,39,13,44,052,43,20,48,304,45,27,19,163,42,1*79
$GBGSV,2,2,08,29,40,300,44,32,41,030,46,38,26,079,40,39,50,076,45,1*7D
$GBGSV,2,1,05,06,53,103,39,08,31,067,37,09,51,127,39,13,44,052,39,B*08
$GBGSV,2,2,05,16,51,090,39,B*30
$GBGSV,3,1,12,01,03,095,,02,58,140,,03,35,112,,05,62,201,,0*77
$GBGSV,3,2,12,07,01,156,,10,07,165,,19,13,265,,23,16,080,,0*70
$GBGSV,3,3,12,30,58,212,,59,08,095,,60,60,149,,61,35,113,,0*7D
$GQGSV,1,1,02,04,20,068,35,07,19,104,34,1*64
$GQGSV,1,1,03,03,05,128,23,04,20,068,33,07,19,104,34,6*58
$GNGLL,2454.22833,N,06708.27293,E,141906.00,A,D*72
$GNRMC,141907.00,A,2454.22833,N,06708.27293,E,0.017,,050525,,,R,V*07
$GNVTG,,T,,M,0.017,N,0.031,K,D*3C
$GNGGA,141907.00,2454.22833,N,06708.27293,E,4,12,0.67,21.9,M,-44.2,M,1.0,0290*75
$GNGSA,A,3,08,10,18,23,27,28,32,31,02,,,,1.46,0.67,1.29,1*06
$GNGSA,A,3,87,66,86,72,65,88,,,,,,,1.46,0.67,1.29,2*0D
$GNGSA,A,3,05,03,08,15,34,,,,,,,,1.46,0.67,1.29,3*06
$GNGSA,A,3,08,09,06,13,20,16,29,27,32,38,39,,1.46,0.67,1.29,4*02
$GNGSA,A,3,04,,,,,,,,,,,,1.46,0.67,1.29,5*09
$GPGSV,4,1,13,02,22,321,41,08,23,282,43,10,48,027,46,18,20,139,37,1*6C
$GPGSV,4,2,13,23,24,074,40,24,03,039,22,27,32,240,36,28,41,163,43,1*64
$GPGSV,4,3,13,31,20,185,41,32,71,342,50,36,34,246,36,40,59,208,46,1*68
$GPGSV,4,4,13,41,56,146,46,1*51
$GPGSV,3,1,09,08,23,282,33,10,48,027,36,18,20,139,34,23,24,074,35,6*61
$GPGSV,3,2,09,24,03,039,21,27,32,240,32,28,41,163,39,31,20,185,34,6*6E
$GPGSV,3,3,09,32,71,342,40,6*5C
$GPGSV,1,1,01,49,17,257,,0*5F
$GLGSV,3,1,09,65,45,303,46,66,15,256,41,72,32,019,45,74,11,078,35,1*74
$GLGSV,3,2,09,75,09,127,42,86,22,161,43,87,67,182,49,88,43,324,49,1*71
$GLGSV,3,3,09,,,,47,1*72
$GLGSV,2,1,07,65,45,303,07,66,15,256,33,72,32,019,42,75,09,127,30,3*78
$GLGSV,2,2,07,86,22,161,39,88,43,324,43,,,,40,3*7E
$GLGSV,1,1,01,73,00,038,,0*47
$GAGSV,2,1,06,03,69,010,42,05,20,040,37,08,49,241,41,13,15,323,38,2*77
$GAGSV,2,2,06,15,67,341,42,34,54,125,40,2*71
$GAGSV,2,1,06,03,69,010,46,05,20,040,37,08,49,241,42,13,15,323,35,7*78
$GAGSV,2,2,06,15,67,341,46,34,54,125,45,7*75
$GAGSV,1,1,02,07,01,228,,36,05,136,,0*7C
$GBGSV,2,1,08,08,31,067,39,13,44,052,43,20,48,304,46,27,19,163,42,1*7A
$GBGSV,2,2,08,29,40,300,44,32,41,030,46,38,26,079,40,39,50,076,45,1*7D
$GBGSV,2,1,05,06,53,103,39,08,31,067,37,09,51,127,39,13,44,052,38,B*09
$GBGSV,2,2,05,16,51,090,39,B*30
$GBGSV,3,1,12,01,03,095,,02,58,140,,03,35,112,,05,62,201,,0*77
$GBGSV,3,2,12,07,01,156,,10,07,165,,19,13,265,,23,16,080,,0*70
$GBGSV,3,3,12,30,58,212,,59,08,095,,60,60,149,,61,35,113,,0*7D
$GQGSV,1,1,02,04,20,068,35,07,19,104,34,1*64
$GQGSV,1,1,03,03,05,128,24,04,20,068,33,07,19,104,34,6*5F
$GNGLL,2454.22833,N,06708.27293,E,141907.00,A,D*73
$GNRMC,141908.00,A,2454.22833,N,06708.27293,E,0.006,,050525,,,R,V*08
$GNVTG,,T,,M,0.006,N,0.012,K,D*3D
$GNGGA,141908.00,2454.22833,N,06708.27293,E,4,12,0.67,21.9,M,-44.2,M,1.0,0290*7A
$GNGSA,A,3,08,10,18,23,27,28,32,31,02,,,,1.46,0.67,1.29,1*06
$GNGSA,A,3,87,66,86,72,65,88,,,,,,,1.46,0.67,1.29,2*0D
$GNGSA,A,3,05,03,08,15,34,,,,,,,,1.46,0.67,1.29,3*06
$GNGSA,A,3,08,09,06,13,20,16,29,27,32,38,39,,1.46,0.67,1.29,4*02
$GNGSA,A,3,04,,,,,,,,,,,,1.46,0.67,1.29,5*09
$GPGSV,4,1,13,02,22,321,41,08,23,282,43,10,48,027,46,18,20,139,37,1*6C
$GPGSV,4,2,13,23,24,074,40,24,03,039,22,27,32,240,37,28,41,163,43,1*65
$GPGSV,4,3,13,31,20,185,41,32,71,342,50,36,34,246,36,40,59,208,46,1*68
$GPGSV,4,4,13,41,56,146,46,1*51
$GPGSV,3,1,09,08,23,282,33,10,48,027,37,18,20,139,34,23,24,074,35,6*60
$GPGSV,3,2,09,24,03,039,21,27,32,240,32,28,41,163,39,31,20,185,34,6*6E
$GPGSV,3,3,09,32,71,342,40,6*5C
$GPGSV,1,1,01,49,17,257,,0*5F
$GLGSV,3,1,09,65,45,303,46,66,15,256,41,72,32,019,45,74,11,078,35,1*74
$GLGSV,3,2,09,75,09,127,42,86,22,161,43,87,67,182,49,88,43,324,49,1*71
$GLGSV,3,3,09,,,,47,1*72
$GLGSV,2,1,07,65,45,303,08,66,15,256,33,72,32,019,42,75,09,127,30,3*77
$GLGSV,2,2,07,86,22,161,39,88,43,324,43,,,,40,3*7E
$GLGSV,1,1,01,73,00,038,,0*47
$GAGSV,2,1,06,03,69,010,42,05,20,040,36,08,49,241,41,13,15,323,38,2*76
$GAGSV,2,2,06,15,67,341,42,34,54,125,40,2*71
$GAGSV,2,1,06,03,69,010,46,05,20,040,37,08,49,241,42,13,15,323,35,7*78
$GAGSV,2,2,06,15,67,341,46,34,54,125,45,7*75
$GAGSV,1,1,02,07,01,228,,36,05,136,,0*7C
$GBGSV,2,1,08,08,31,067,41,13,44,052,44,20,48,304,47,27,19,163,43,1*72
$GBGSV,2,2,08,29,40,300,45,32,41,030,47,38,26,079,40,39,50,076,46,1*7E
$GBGSV,2,1,05,06,53,103,39,08,31,067,37,09,51,127,39,13,44,052,39,B*08
$GBGSV,2,2,05,16,51,090,39,B*30
$GBGSV,3,1,12,01,03,095,,02,58,140,,03,35,112,,05,62,201,,0*77
$GBGSV,3,2,12,07,01,156,,10,07,165,,19,13,265,,23,16,080,,0*70
$GBGSV,3,3,12,30,58,212,,59,08,095,,60,60,149,,61,35,113,,0*7D
$GQGSV,1,1,02,04,20,068,35,07,19,104,34,1*64
$GQGSV,1,1,03,03,05,128,23,04,20,068,34,07,19,104,34,6*5F
$GNGLL,2454.22833,N,06708.27293,E,141908.00,A,D*7C
$GNRMC,141909.00,A,2454.22833,N,06708.27293,E,0.007,,050525,,,R,V*08
$GNVTG,,T,,M,0.007,N,0.013,K,D*3D
$GNGGA,141909.00,2454.22833,N,06708.27293,E,4,12,0.67,21.9,M,-44.2,M,1.0,0290*7B
$GNGSA,A,3,08,10,18,23,27,28,32,31,02,,,,1.46,0.67,1.29,1*06
$GNGSA,A,3,87,66,86,72,65,88,,,,,,,1.46,0.67,1.29,2*0D
$GNGSA,A,3,05,03,08,15,34,,,,,,,,1.46,0.67,1.29,3*06
$GNGSA,A,3,08,09,06,13,20,16,29,27,32,38,39,,1.46,0.67,1.29,4*02
$GNGSA,A,3,04,,,,,,,,,,,,1.46,0.67,1.29,5*09
$GPGSV,4,1,13,02,22,321,41,08,23,282,43,10,48,027,46,18,20,139,37,1*6C
$GPGSV,4,2,13,23,24,074,40,24,03,039,21,27,32,240,37,28,41,163,43,1*66
$GPGSV,4,3,13,31,20,185,41,32,71,342,50,36,34,246,37,40,59,208,46,1*69
$GPGSV,4,4,13,41,56,146,46,1*51
$GPGSV,3,1,09,08,23,282,32,10,48,027,37,18,20,139,34,23,24,074,35,6*61
$GPGSV,3,2,09,24,03,039,22,27,32,240,33,28,41,163,39,31,20,185,34,6*6C
$GPGSV,3,3,09,32,71,342,40,6*5C
$GPGSV,1,1,01,49,17,257,,0*5F
$GLGSV,2,1,08,65,45,303,47,66,15,256,41,72,32,019,45,74,11,078,35,1*75
$GLGSV,2,2,08,75,09,127,42,86,22,161,43,87,67,182,48,88,43,324,49,1*70
$GLGSV,2,1,05,66,15,256,32,72,32,019,42,75,09,127,30,86,22,161,39,3*7C
$GLGSV,2,2,05,88,43,324,43,3*4A
$GLGSV,1,1,01,73,00,038,,0*47
$GAGSV,2,1,06,03,69,010,42,05,20,040,36,08,49,241,41,13,15,323,38,2*76
$GAGSV,2,2,06,15,67,341,42,34,54,125,40,2*71
$GAGSV,2,1,06,03,69,010,46,05,20,040,37,08,49,241,42,13,15,323,35,7*78
$GAGSV,2,2,06,15,67,341,46,34,54,125,45,7*75
$GAGSV,1,1,02,07,01,228,,36,05,136,,0*7C
$GBGSV,2,1,08,08,31,067,39,13,44,052,43,20,48,304,46,27,19,163,42,1*7A
$GBGSV,2,2,08,29,40,300,44,32,41,030,46,38,26,079,40,39,50,076,45,1*7D
$GBGSV,2,1,05,06,53,103,39,08,31,067,37,09,51,127,39,13,44,052,39,B*08
$GBGSV,2,2,05,16,51,090,39,B*30
$GBGSV,3,1,12,01,03,095,,02,58,140,,03,35,112,,05,62,201,,0*77
$GBGSV,3,2,12,07,01,156,,10,07,165,,19,13,265,,23,16,080,,0*70
$GBGSV,3,3,12,30,58,212,,59,08,095,,60,60,149,,61,35,113,,0*7D
$GQGSV,1,1,02,04,20,068,35,07,19,104,34,1*64
$GQGSV,1,1,03,03,05,128,23,04,20,068,34,07,19,104,34,6*5F
$GNGLL,2454.22833,N,06708.27293,E,141909.00,A,D*7D
$GNRMC,141910.00,A,2454.22833,N,06708.27293,E,0.012,,050525,,,R,V*04
$GNVTG,,T,,M,0.012,N,0.022,K,D*3B
$GNGGA,141910.00,2454.22833,N,06708.27293,E,4,12,0.67,21.9,M,-44.2,M,1.0,0290*73
$GNGSA,A,3,08,10,18,23,27,28,32,31,02,,,,1.46,0.67,1.29,1*06
$GNGSA,A,3,87,66,86,72,65,88,,,,,,,1.46,0.67,1.29,2*0D
$GNGSA,A,3,05,03,08,15,34,,,,,,,,1.46,0.67,1.29,3*06
$GNGSA,A,3,08,09,06,13,20,16,29,27,32,38,39,,1.46,0.67,1.29,4*02
$GNGSA,A,3,04,,,,,,,,,,,,1.46,0.67,1.29,5*09
$GPGSV,4,1,13,02,22,321,41,08,23,282,43,10,48,027,46,18,20,139,37,1*6C
$GPGSV,4,2,13,23,24,074,40,24,03,039,20,27,32,240,37,28,41,163,43,1*67
$GPGSV,4,3,13,31,20,185,41,32,71,342,50,36,34,246,36,40,59,208,46,1*68
$GPGSV,4,4,13,41,56,146,46,1*51
$GPGSV,3,1,09,08,23,282,33,10,48,027,37,18,20,139,34,23,24,074,35,6*60
$GPGSV,3,2,09,24,03,039,21,27,32,240,32,28,41,163,39,31,20,185,34,6*6E
$GPGSV,3,3,09,32,71,342,40,6*5C
$GPGSV,1,1,01,49,17,257,,0*5F
$GLGSV,3,1,09,65,45,303,47,66,15,256,40,72,32,019,45,74,11,078,35,1*74
$GLGSV,3,2,09,75,09,127,42,86,22,161,44,87,67,182,49,88,43,324,49,1*76
$GLGSV,3,3,09,,,,46,1*73
$GLGSV,2,1,05,66,15,256,32,72,32,019,42,75,09,127,30,86,22,161,39,3*7C
$GLGSV,2,2,05,88,43,324,43,3*4A
$GLGSV,1,1,01,73,00,038,,0*47
$GAGSV,2,1,06,03,69,010,42,05,20,040,37,08,49,241,42,13,15,323,38,2*74
$GAGSV,2,2,06,15,67,341,43,34,54,125,41,2*71
$GAGSV,2,1,06,03,69,010,46,05,20,040,38,08,49,241,42,13,15,323,35,7*77
$GAGSV,2,2,06,15,67,341,46,34,54,125,45,7*75
$GAGSV,1,1,02,07,01,228,,36,05,136,,0*7C
$GBGSV,2,1,08,08,31,067,39,13,44,052,43,20,48,304,46,27,19,163,42,1*7A
$GBGSV,2,2,08,29,40,300,44,32,41,030,46,38,26,079,40,39,50,076,45,1*7D
$GBGSV,2,1,05,06,53,103,39,08,31,067,37,09,51,127,39,13,44,052,39,B*08
$GBGSV,2,2,05,16,51,090,39,B*30
$GBGSV,3,1,12,01,03,095,,02,58,140,,03,35,112,,05,62,201,,0*77
$GBGSV,3,2,12,07,01,156,,10,07,165,,19,13,265,,23,16,080,,0*70
$GBGSV,3,3,12,30,58,212,,59,08,095,,60,60,149,,61,35,113,,0*7D
$GQGSV,1,1,02,04,20,068,35,07,19,104,34,1*64
$GQGSV,1,1,03,03,05,128,24,04,20,068,34,07,19,104,34,6*58
$GNGLL,2454.22833,N,06708.27293,E,141910.00,A,D*75
$GNRMC,141911.00,A,2454.22833,N,06708.27293,E,0.008,,050525,,,R,V*0E
$GNVTG,,T,,M,0.008,N,0.015,K,D*34
$GNGGA,141911.00,2454.22833,N,06708.27293,E,4,12,0.67,21.9,M,-44.2,M,1.0,0290*72
$GNGSA,A,3,08,10,18,23,27,28,32,31,02,,,,1.46,0.67,1.29,1*06
$GNGSA,A,3,87,66,86,72,65,88,,,,,,,1.46,0.67,1.29,2*0D
$GNGSA,A,3,05,03,08,15,34,,,,,,,,1.46,0.67,1.29,3*06
$GNGSA,A,3,08,09,06,13,20,16,29,27,32,38,39,,1.46,0.67,1.29,4*02
$GNGSA,A,3,04,,,,,,,,,,,,1.46,0.67,1.29,5*09
$GPGSV,4,1,13,02,22,321,41,08,23,282,43,10,48,027,46,18,20,139,37,1*6C
$GPGSV,4,2,13,23,24,074,40,24,03,039,20,27,32,240,37,28,41,163,43,1*67
$GPGSV,4,3,13,31,20,185,41,32,71,342,50,36,34,246,36,40,59,208,46,1*68
$GPGSV,4,4,13,41,56,146,46,1*51
$GPGSV,3,1,09,08,23,282,33,10,48,027,37,18,20,139,34,23,24,074,35,6*60
$GPGSV,3,2,09,24,03,039,21,27,32,240,32,28,41,163,39,31,20,185,33,6*69
$GPGSV,3,3,09,32,71,342,40,6*5C
$GPGSV,1,1,01,49,17,257,,0*5F
$GLGSV,3,1,09,65,45,303,47,66,15,256,40,72,32,019,45,74,11,078,35,1*74
$GLGSV,3,2,09,75,09,127,42,86,22,161,44,87,67,182,48,88,43,324,49,1*77
$GLGSV,3,3,09,,,,47,1*72
$GLGSV,2,1,05,66,15,256,32,72,32,019,42,75,09,127,30,86,22,161,39,3*7C
$GLGSV,2,2,05,88,43,324,43,3*4A
$GLGSV,1,1,01,73,00,038,,0*47
$GAGSV,2,1,06,03,69,010,42,05,20,040,37,08,49,241,42,13,15,323,38,2*74
$GAGSV,2,2,06,15,67,341,43,34,54,125,41,2*71
$GAGSV,2,1,06,03,69,010,46,05,20,040,38,08,49,241,42,13,15,323,35,7*77
$GAGSV,2,2,06,15,67,341,47,34,54,125,45,7*74
$GAGSV,1,1,02,07,01,228,,36,05,136,,0*7C
$GBGSV,2,1,08,08,31,067,39,13,44,052,43,20,48,304,46,27,19,163,42,1*7A
$GBGSV,2,2,08,29,40,300,44,32,41,030,46,38,26,079,40,39,50,076,45,1*7D
$GBGSV,2,1,05,06,53,103,39,08,31,067,37,09,51,127,40,13,44,052,39,B*06
$GBGSV,2,2,05,16,51,090,39,B*30
$GBGSV,3,1,12,01,03,095,,02,58,140,,03,35,112,,05,62,201,,0*77
$GBGSV,3,2,12,07,01,156,,10,07,165,,19,13,265,,23,16,080,,0*70
$GBGSV,3,3,12,30,58,212,,59,08,095,,60,60,149,,61,35,113,,0*7D
$GQGSV,1,1,02,04,20,068,35,07,19,104,34,1*64
$GQGSV,1,1,03,03,05,128,23,04,20,068,33,07,19,104,34,6*58
$GNGLL,2454.22833,N,06708.27293,E,141911.00,A,D*74
$GNRMC,141912.00,A,2454.22833,N,06708.27293,E,0.012,,050525,,,R,V*06
$GNVTG,,T,,M,0.012,N,0.023,K,D*3A
$GNGGA,141912.00,2454.22833,N,06708.27293,E,4,12,0.67,21.9,M,-44.2,M,1.0,0290*71
$GNGSA,A,3,08,10,18,23,27,28,32,31,02,,,,1.46,0.67,1.29,1*06
$GNGSA,A,3,87,66,86,72,65,88,,,,,,,1.46,0.67,1.29,2*0D
$GNGSA,A,3,05,03,08,15,34,,,,,,,,1.46,0.67,1.29,3*06
$GNGSA,A,3,08,09,06,13,20,16,29,27,32,38,39,,1.46,0.67,1.29,4*02
$GNGSA,A,3,04,,,,,,,,,,,,1.46,0.67,1.29,5*09
$GPGSV,4,1,13,02,22,321,41,08,23,282,43,10,48,027,46,18,20,139,37,1*6C
$GPGSV,4,2,13,23,24,074,40,24,03,039,19,27,32,240,37,28,41,163,43,1*6D
$GPGSV,4,3,13,31,20,185,41,32,71,342,50,36,34,246,36,40,59,208,46,1*68
$GPGSV,4,4,13,41,56,146,46,1*51
$GPGSV,3,1,09,08,23,282,33,10,48,027,37,18,20,139,34,23,24,074,34,6*61
$GPGSV,3,2,09,24,03,039,21,27,32,240,32,28,41,163,39,31,20,185,34,6*6E
$GPGSV,3,3,09,32,71,342,40,6*5C
$GPGSV,1,1,01,49,17,257,,0*5F
$GLGSV,3,1,09,65,45,303,47,66,15,256,40,72,32,019,45,74,11,078,35,1*74
$GLGSV,3,2,09,75,09,127,42,86,22,161,44,87,67,182,49,88,43,324,49,1*76
$GLGSV,3,3,09,,,,47,1*72
$GLGSV,2,1,05,66,15,256,32,72,32,019,42,75,09,127,30,86,22,161,39,3*7C
$GLGSV,2,2,05,88,43,324,43,3*4A
$GLGSV,1,1,01,73,00,038,,0*47
$GAGSV,2,1,06,03,69,010,42,05,20,040,37,08,49,241,42,13,15,323,38,2*74
$GAGSV,2,2,06,15,67,341,43,34,54,125,41,2*71
$GAGSV,2,1,06,03,69,010,46,05,20,040,37,08,49,241,42,13,15,323,35,7*78
$GAGSV,2,2,06,15,67,341,46,34,54,125,45,7*75
$GAGSV,1,1,02,07,01,228,,36,05,136,,0*7C
$GBGSV,2,1,08,08,31,067,39,13,44,052,43,20,48,304,46,27,19,163,42,1*7A
$GBGSV,2,2,08,29,40,300,44,32,41,030,46,38,26,079,40,39,50,076,45,1*7D
$GBGSV,2,1,05,06,53,103,39,08,31,067,37,09,51,127,40,13,44,052,39,B*06
$GBGSV,2,2,05,16,51,090,39,B*30
$GBGSV,3,1,12,01,03,095,,02,58,140,,03,35,112,,05,62,201,,0*77
$GBGSV,3,2,12,07,01,156,,10,07,165,,19,13,265,,23,16,080,,0*70
$GBGSV,3,3,12,30,58,212,,59,08,095,,60,60,149,,61,35,113,,0*7D
$GQGSV,1,1,02,04,20,068,35,07,19,104,34,1*64
$GQGSV,1,1,03,03,05,128,23,04,20,068,33,07,19,104,34,6*58
$GNGLL,2454.22833,N,06708.27293,E,141912.00,A,D*77
$GNRMC,141913.00,A,2454.22833,N,06708.27293,E,0.008,,050525,,,R,V*0C
$GNVTG,,T,,M,0.008,N,0.015,K,D*34
$GNGGA,141913.00,2454.22833,N,06708.27293,E,4,12,0.67,21.9,M,-44.2,M,1.0,0290*70
$GNGSA,A,3,08,10,18,23,27,28,32,31,02,,,,1.46,0.67,1.29,1*06
$GNGSA,A,3,87,66,86,72,65,88,,,,,,,1.46,0.67,1.29,2*0D
$GNGSA,A,3,05,03,08,15,34,,,,,,,,1.46,0.67,1.29,3*06
$GNGSA,A,3,08,09,06,13,20,16,29,27,32,38,39,,1.46,0.67,1.29,4*02
$GNGSA,A,3,04,,,,,,,,,,,,1.46,0.67,1.29,5*09
$GPGSV,3,1,12,02,22,321,41,08,23,282,43,10,48,027,46,18,20,139,37,1*6A
$GPGSV,3,2,12,23,24,074,40,27,32,240,37,28,41,163,43,31,20,185,41,1*65
$GPGSV,3,3,12,32,71,342,50,36,34,246,36,40,59,208,46,41,56,146,46,1*60
$GPGSV,3,1,09,08,23,282,33,10,48,027,37,18,20,139,34,23,24,074,35,6*60
$GPGSV,3,2,09,24,03,039,21,27,32,240,33,28,41,163,39,31,20,185,34,6*6F
$GPGSV,3,3,09,32,71,342,40,6*5C
$GPGSV,1,1,01,49,17,257,,0*5F
$GLGSV,3,1,09,65,45,303,47,66,15,256,40,72,32,019,45,74,11,078,35,1*74
$GLGSV,3,2,09,75,09,127,42,86,22,161,44,87,67,182,49,88,43,324,49,1*76
$GLGSV,3,3,09,,,,47,1*72
$GLGSV,2,1,05,66,15,256,32,72,32,019,42,75,09,127,30,86,22,161,39,3*7C
$GLGSV,2,2,05,88,43,324,43,3*4A
$GLGSV,1,1,01,73,00,038,,0*47
$GAGSV,2,1,06,03,69,010,42,05,20,040,37,08,49,241,41,13,15,323,38,2*77
$GAGSV,2,2,06,15,67,341,42,34,54,125,41,2*70
$GAGSV,2,1,06,03,69,010,46,05,20,040,37,08,49,241,42,13,15,323,35,7*78
$GAGSV,2,2,06,15,67,341,46,34,54,125,45,7*75
$GAGSV,1,1,02,07,01,228,,36,05,136,,0*7C
$GBGSV,2,1,08,08,31,067,39,13,44,052,43,20,48,304,46,27,19,163,42,1*7A
$GBGSV,2,2,08,29,40,300,44,32,41,030,46,38,26,079,40,39,50,076,45,1*7D
$GBGSV,2,1,05,06,53,103,39,08,31,067,37,09,51,127,39,13,44,052,38,B*09
$GBGSV,2,2,05,16,51,090,39,B*30
$GBGSV,3,1,12,01,03,095,,02,58,140,,03,35,112,,05,62,201,,0*77
$GBGSV,3,2,12,07,01,156,,10,07,165,,19,13,265,,23,16,080,,0*70
$GBGSV,3,3,12,30,58,212,,59,08,095,,60,60,149,,61,35,113,,0*7D
$GQGSV,1,1,02,04,20,068,35,07,19,104,34,1*64
$GQGSV,1,1,03,03,05,128,23,04,20,068,33,07,19,104,34,6*58
$GNGLL,2454.22833,N,06708.27293,E,141913.00,A,D*76
$GNRMC,141914.00,A,2454.22833,N,06708.27293,E,0.009,,050525,,,R,V*0A
$GNVTG,,T,,M,0.009,N,0.016,K,D*36
$GNGGA,141914.00,2454.22833,N,06708.27293,E,4,12,0.67,21.9,M,-44.2,M,1.0,0290*77
$GNGSA,A,3,08,10,18,23,27,28,32,31,02,,,,1.46,0.67,1.29,1*06
$GNGSA,A,3,87,66,86,72,65,88,,,,,,,1.46,0.67,1.29,2*0D
$GNGSA,A,3,05,03,08,15,34,,,,,,,,1.46,0.67,1.29,3*06
$GNGSA,A,3,08,09,06,13,20,16,29,27,32,38,39,,1.46,0.67,1.29,4*02
$GNGSA,A,3,04,,,,,,,,,,,,1.46,0.67,1.29,5*09
$GPGSV,3,1,12,02,22,321,41,08,23,282,43,10,48,027,46,18,20,139,37,1*6A
$GPGSV,3,2,12,23,24,074,39,27,32,240,37,28,41,163,43,31,20,185,41,1*6B
$GPGSV,3,3,12,32,71,342,50,36,34,246,36,40,59,208,46,41,56,146,46,1*60
$GPGSV,3,1,09,08,23,282,33,10,48,027,37,18,20,139,35,23,24,074,35,6*61
$GPGSV,3,2,09,24,03,039,21,27,32,240,33,28,41,163,39,31,20,185,34,6*6F
$GPGSV,3,3,09,32,71,342,40,6*5C
$GPGSV,1,1,01,49,17,257,,0*5F
$GLGSV,3,1,09,65,45,303,47,66,15,256,40,72,32,019,45,74,11,078,36,1*77
$GLGSV,3,2,09,75,09,127,42,86,22,161,44,87,67,182,49,88,43,324,49,1*76
$GLGSV,3,3,09,,,,47,1*72
$GLGSV,2,1,05,66,15,256,32,72,32,019,43,75,09,127,30,86,22,161,40,3*73
$GLGSV,2,2,05,88,43,324,43,3*4A
$GLGSV,1,1,01,73,00,038,,0*47
$GAGSV,2,1,06,03,69,010,42,05,20,040,37,08,49,241,41,13,15,323,38,2*77
$GAGSV,2,2,06,15,67,341,42,34,54,125,41,2*70
$GAGSV,2,1,06,03,69,010,46,05,20,040,37,08,49,241,42,13,15,323,35,7*78
$GAGSV,2,2,06,15,67,341,46,34,54,125,45,7*75
$GAGSV,1,1,02,07,01,228,,36,05,136,,0*7C
$GBGSV,2,1,08,08,31,067,39,13,44,052,43,20,48,304,46,27,19,163,42,1*7A
$GBGSV,2,2,08,29,40,300,44,32,41,030,46,38,26,079,40,39,50,076,45,1*7D
$GBGSV,2,1,05,06,53,103,39,08,31,067,37,09,51,127,39,13,44,052,39,B*08
$GBGSV,2,2,05,16,51,090,39,B*30
$GBGSV,3,1,12,01,03,095,,02,58,140,,03,35,112,,05,62,201,,0*77
$GBGSV,3,2,12,07,01,156,,10,07,165,,19,13,265,,23,16,080,,0*70
$GBGSV,3,3,12,30,58,212,,59,08,095,,60,60,149,,61,35,113,,0*7D
$GQGSV,1,1,02,04,20,068,35,07,19,104,34,1*64
$GQGSV,1,1,03,03,05,128,23,04,20,068,34,07,19,104,34,6*5F
$GNGLL,2454.22833,N,06708.27293,E,141914.00,A,D*71
$GNRMC,141915.00,A,2454.22833,N,06708.27293,E,0.005,,050525,,,R,V*07
$GNVTG,,T,,M,0.005,N,0.009,K,D*34
$GNGGA,141915.00,2454.22833,N,06708.27293,E,4,12,0.67,21.9,M,-44.2,M,1.0,0290*76
$GNGSA,A,3,08,10,18,23,27,28,32,31,02,,,,1.46,0.67,1.29,1*06
$GNGSA,A,3,87,66,86,72,65,88,,,,,,,1.46,0.67,1.29,2*0D
$GNGSA,A,3,05,03,08,15,34,,,,,,,,1.46,0.67,1.29,3*06
$GNGSA,A,3,08,09,06,13,20,16,29,27,32,38,39,,1.46,0.67,1.29,4*02
$GNGSA,A,3,04,,,,,,,,,,,,1.46,0.67,1.29,5*09
$GPGSV,3,1,12,02,22,321,41,08,23,282,43,10,48,027,46,18,20,139,37,1*6A
$GPGSV,3,2,12,23,24,074,40,27,32,240,37,28,41,163,43,31,20,185,41,1*65
$GPGSV,3,3,12,32,71,342,50,36,34,246,36,40,59,208,46,41,56,146,46,1*60
$GPGSV,3,1,09,08,23,282,33,10,48,027,37,18,20,139,34,23,24,074,34,6*61
$GPGSV,3,2,09,24,03,039,21,27,32,240,32,28,41,163,39,31,20,185,34,6*6E
$GPGSV,3,3,09,32,71,342,40,6*5C
$GPGSV,1,1,01,49,17,257,,0*5F
$GLGSV,3,1,09,65,45,303,47,66,15,256,39,72,32,019,45,74,11,078,35,1*7A
$GLGSV,3,2,09,75,09,127,42,86,22,161,44,87,67,182,49,88,43,324,49,1*76
$GLGSV,3,3,09,,,,47,1*72
$GLGSV,2,1,05,66,15,256,32,72,32,019,43,75,09,127,30,86,22,161,39,3*7D
$GLGSV,2,2,05,88,43,324,43,3*4A
$GLGSV,1,1,01,73,00,038,,0*47
$GAGSV,2,1,06,03,69,010,42,05,20,040,37,08,49,241,42,13,15,323,38,2*74
$GAGSV,2,2,06,15,67,341,43,34,54,125,41,2*71
$GAGSV,2,1,06,03,69,010,46,05,20,040,37,08,49,241,42,13,15,323,35,7*78
$GAGSV,2,2,06,15,67,341,46,34,54,125,45,7*75
$GAGSV,1,1,02,07,01,228,,36,05,136,,0*7C
$GBGSV,2,1,08,08,31,067,39,13,44,052,43,20,48,304,46,27,19,163,42,1*7A
$GBGSV,2,2,08,29,40,300,44,32,41,030,46,38,26,079,40,39,50,076,45,1*7D
$GBGSV,2,1,05,06,53,103,39,08,31,067,37,09,51,127,39,13,44,052,39,B*08
$GBGSV,2,2,05,16,51,090,39,B*30
$GBGSV,3,1,12,01,03,095,,02,58,140,,03,35,112,,05,62,201,,0*77
$GBGSV,3,2,12,07,01,156,,10,07,165,,19,13,265,,23,16,080,,0*70
$GBGSV,3,3,12,30,58,212,,59,08,095,,60,60,149,,61,35,113,,0*7D
$GQGSV,1,1,02,04,20,068,35,07,19,104,34,1*64
$GQGSV,1,1,03,03,05,128,22,04,20,068,34,07,19,104,34,6*5E
$GNGLL,2454.22833,N,06708.27293,E,141915.00,A,D*70
$GNRMC,141916.00,A,2454.22833,N,06708.27293,E,0.010,,050525,,,R,V*00
$GNVTG,,T,,M,0.010,N,0.019,K,D*31
$GNGGA,141916.00,2454.22833,N,06708.27293,E,4,12,0.67,21.9,M,-44.2,M,1.0,0290*75
$GNGSA,A,3,08,10,18,23,27,28,32,31,02,,,,1.46,0.67,1.29,1*06
$GNGSA,A,3,87,66,86,72,65,88,,,,,,,1.46,0.67,1.29,2*0D
$GNGSA,A,3,05,03,08,15,34,,,,,,,,1.46,0.67,1.29,3*06
$GNGSA,A,3,08,09,06,13,20,16,29,27,32,38,39,,1.46,0.67,1.29,4*02
$GNGSA,A,3,04,,,,,,,,,,,,1.46,0.67,1.29,5*09
$GPGSV,3,1,12,02,22,321,41,08,23,282,43,10,48,027,46,18,20,139,37,1*6A
$GPGSV,3,2,12,23,24,074,39,27,32,240,38,28,41,163,43,31,20,185,41,1*64
$GPGSV,3,3,12,32,71,342,50,36,34,246,36,40,59,208,47,41,56,146,46,1*61
$GPGSV,3,1,09,08,23,282,33,10,48,027,37,18,20,139,34,23,24,074,34,6*61
$GPGSV,3,2,09,24,03,039,20,27,32,240,32,28,41,163,39,31,20,185,34,6*6F
$GPGSV,3,3,09,32,71,342,40,6*5C
$GPGSV,1,1,01,49,17,257,,0*5F
$GLGSV,3,1,09,65,45,303,47,66,15,256,39,72,32,019,45,74,11,078,36,1*79
$GLGSV,3,2,09,75,09,127,43,86,22,161,44,87,67,182,49,88,43,324,49,1*77
$GLGSV,3,3,09,,,,47,1*72
$GLGSV,2,1,05,66,15,256,32,72,32,019,42,75,09,127,30,86,22,161,39,3*7C
$GLGSV,2,2,05,88,43,324,43,3*4A
$GLGSV,1,1,01,73,00,038,,0*47
$GAGSV,2,1,06,03,69,010,42,05,20,040,37,08,49,241,41,13,15,323,38,2*77
$GAGSV,2,2,06,15,67,341,42,34,54,126,41,2*73
$GAGSV,2,1,06,03,69,010,46,05,20,040,37,08,49,241,42,13,15,323,35,7*78
$GAGSV,2,2,06,15,67,341,46,34,54,126,45,7*76
$GAGSV,1,1,02,07,01,228,,36,05,136,,0*7C
$GBGSV,2,1,08,08,31,067,39,13,44,052,43,20,48,304,46,27,19,163,42,1*7A
$GBGSV,2,2,08,29,40,300,44,32,41,030,46,38,26,079,40,39,50,076,45,1*7D
$GBGSV,2,1,05,06,53,103,39,08,31,067,37,09,51,127,39,13,44,052,38,B*09
$GBGSV,2,2,05,16,51,090,39,B*30
$GBGSV,3,1,12,01,03,095,,02,58,140,,03,35,112,,05,62,201,,0*77
$GBGSV,3,2,12,07,01,156,,10,07,165,,19,13,265,,23,16,080,,0*70
$GBGSV,3,3,12,30,58,212,,59,08,095,,60,60,149,,61,35,113,,0*7D
$GQGSV,1,1,02,04,20,068,35,07,19,104,34,1*64
$GQGSV,1,1,03,03,05,128,22,04,20,068,33,07,19,104,34,6*59
$GNGLL,2454.22833,N,06708.27293,E,141916.00,A,D*73
$GNRMC,141917.00,A,2454.22833,N,06708.27293,E,0.010,,050525,,,R,V*01
$GNVTG,,T,,M,0.010,N,0.018,K,D*30
$GNGGA,141917.00,2454.22833,N,06708.27293,E,4,12,0.67,21.9,M,-44.2,M,1.0,0290*74
$GNGSA,A,3,08,10,18,23,27,28,32,31,02,,,,1.46,0.67,1.29,1*06
$GNGSA,A,3,87,66,86,72,65,88,,,,,,,1.46,0.67,1.29,2*0D
$GNGSA,A,3,05,03,08,15,34,,,,,,,,1.46,0.67,1.29,3*06
$GNGSA,A,3,08,09,06,13,20,16,29,27,32,38,39,,1.46,0.67,1.29,4*02
$GNGSA,A,3,04,,,,,,,,,,,,1.46,0.67,1.29,5*09
$GPGSV,3,1,12,02,22,321,41,08,23,282,43,10,48,027,46,18,20,139,37,1*6A
$GPGSV,3,2,12,23,24,074,40,27,32,240,37,28,41,163,43,31,20,185,41,1*65
$GPGSV,3,3,12,32,71,342,50,36,34,246,36,40,59,208,46,41,56,146,46,1*60
$GPGSV,3,1,09,08,23,282,33,10,48,027,36,18,20,139,35,23,24,074,34,6*61
$GPGSV,3,2,09,24,03,039,20,27,32,240,32,28,41,163,39,31,20,185,34,6*6F
$GPGSV,3,3,09,32,71,342,40,6*5C
$GPGSV,1,1,01,49,17,257,,0*5F
$GLGSV,3,1,09,65,45,303,47,66,15,256,39,72,32,019,45,74,11,078,36,1*79
$GLGSV,3,2,09,75,09,127,42,86,22,161,44,87,67,182,49,88,43,324,49,1*76
$GLGSV,3,3,09,,,,47,1*72
$GLGSV,2,1,05,66,15,256,32,72,32,019,42,75,09,127,29,86,22,161,39,3*74
$GLGSV,2,2,05,88,43,324,43,3*4A
$GLGSV,1,1,01,73,00,038,,0*47
$GAGSV,2,1,06,03,69,010,42,05,20,040,37,08,49,241,41,13,15,323,38,2*77
$GAGSV,2,2,06,15,67,341,42,34,54,126,41,2*73
$GAGSV,2,1,06,03,69,010,46,05,20,040,38,08,49,241,42,13,15,323,35,7*77
$GAGSV,2,2,06,15,67,341,47,34,54,126,45,7*77
$GAGSV,1,1,02,07,01,228,,36,04,137,,0*7C
$GBGSV,2,1,08,08,31,067,39,13,44,052,43,20,48,304,46,27,19,163,42,1*7A
$GBGSV,2,2,08,29,40,300,44,32,41,030,46,38,26,079,40,39,50,076,45,1*7D
$GBGSV,2,1,05,06,53,103,39,08,31,067,37,09,51,127,39,13,44,052,39,B*08
$GBGSV,2,2,05,16,51,090,39,B*30
$GBGSV,3,1,12,01,03,095,,02,58,140,,03,35,112,,05,62,201,,0*77
$GBGSV,3,2,12,07,01,156,,10,07,165,,19,13,265,,23,16,080,,0*70
$GBGSV,3,3,12,30,58,212,,59,08,095,,60,60,149,,61,35,113,,0*7D
$GQGSV,1,1,02,04,20,068,35,07,19,104,34,1*64
$GQGSV,1,1,03,03,05,128,23,04,20,068,34,07,19,104,34,6*5F
$GNGLL,2454.22833,N,06708.27293,E,141917.00,A,D*72
$GNRMC,141918.00,A,2454.22833,N,06708.27293,E,0.003,,050525,,,R,V*0C
$GNVTG,,T,,M,0.003,N,0.005,K,D*3E
$GNGGA,141918.00,2454.22833,N,06708.27293,E,4,12,0.67,21.9,M,-44.2,M,1.0,0290*7B
$GNGSA,A,3,08,10,18,23,27,28,32,31,02,,,,1.46,0.67,1.29,1*06
$GNGSA,A,3,87,66,86,72,65,88,,,,,,,1.46,0.67,1.29,2*0D
$GNGSA,A,3,05,03,08,15,34,,,,,,,,1.46,0.67,1.29,3*06
$GNGSA,A,3,08,09,06,13,20,16,29,27,32,38,39,,1.46,0.67,1.29,4*02
$GNGSA,A,3,04,,,,,,,,,,,,1.46,0.67,1.29,5*09
$GPGSV,3,1,12,02,22,321,41,08,23,282,43,10,48,027,46,18,20,139,36,1*6B
$GPGSV,3,2,12,23,24,074,40,27,32,240,38,28,41,163,43,31,20,185,41,1*6A
$GPGSV,3,3,12,32,71,342,50,36,34,246,36,40,59,208,47,41,56,146,46,1*61
$GPGSV,3,1,09,08,23,282,32,10,48,027,37,18,20,139,34,23,24,074,34,6*60
$GPGSV,3,2,09,24,03,039,19,27,32,240,32,28,41,163,39,31,20,185,34,6*65
$GPGSV,3,3,09,32,71,342,40,6*5C
$GPGSV,1,1,01,49,17,257,,0*5F
$GLGSV,3,1,09,65,45,303,47,66,15,256,39,72,32,019,45,74,11,078,36,1*79
$GLGSV,3,2,09,75,09,127,42,86,22,161,44,87,67,182,49,88,43,324,49,1*76
$GLGSV,3,3,09,,,,47,1*72
$GLGSV,2,1,05,66,15,256,32,72,32,019,43,75,09,127,29,86,22,161,39,3*75
$GLGSV,2,2,05,88,43,324,43,3*4A
$GLGSV,1,1,01,73,00,038,,0*47
$GAGSV,2,1,06,03,69,010,42,05,20,040,36,08,49,241,41,13,15,323,38,2*76
$GAGSV,2,2,06,15,67,341,42,34,54,126,40,2*72
$GAGSV,2,1,06,03,69,010,46,05,20,040,38,08,49,241,42,13,15,323,35,7*77
$GAGSV,2,2,06,15,67,341,47,34,54,126,45,7*77
$GAGSV,1,1,02,07,01,228,,36,04,137,,0*7C
$GBGSV,2,1,08,08,31,067,39,13,44,052,43,20,48,304,46,27,19,163,42,1*7A
$GBGSV,2,2,08,29,40,300,44,32,41,030,46,38,26,079,40,39,50,076,45,1*7D
$GBGSV,2,1,05,06,53,103,39,08,31,067,37,09,51,127,39,13,44,052,38,B*09
$GBGSV,2,2,05,16,51,090,39,B*30
$GBGSV,3,1,12,01,03,095,,02,58,140,,03,35,112,,05,62,201,,0*77
$GBGSV,3,2,12,07,01,156,,10,07,165,,19,13,265,,23,16,080,,0*70
$GBGSV,3,3,12,30,58,212,,59,08,095,,60,60,149,,61,35,113,,0*7D
$GQGSV,1,1,02,04,20,068,35,07,19,104,34,1*64
$GQGSV,1,1,03,03,05,128,23,04,20,068,34,07,19,104,33,6*58
$GNGLL,2454.22833,N,06708.27293,E,141918.00,A,D*7D
$GNRMC,141919.00,A,2454.22833,N,06708.27293,E,0.007,,050525,,,R,V*09
$GNVTG,,T,,M,0.007,N,0.012,K,D*3C
$GNGGA,141919.00,2454.22833,N,06708.27293,E,4,12,0.67,21.9,M,-44.2,M,1.0,0290*7A
$GNGSA,A,3,08,10,18,23,27,28,32,31,02,,,,1.46,0.67,1.29,1*06
$GNGSA,A,3,87,66,86,72,65,88,,,,,,,1.46,0.67,1.29,2*0D
$GNGSA,A,3,05,03,08,15,34,,,,,,,,1.46,0.67,1.29,3*06
$GNGSA,A,3,08,09,06,13,20,16,29,27,32,38,39,,1.46,0.67,1.29,4*02
$GNGSA,A,3,04,,,,,,,,,,,,1.46,0.67,1.29,5*09
$GPGSV,3,1,12,02,22,321,41,08,23,282,43,10,48,027,46,18,20,139,36,1*6B
$GPGSV,3,2,12,23,24,074,40,27,32,240,38,28,41,163,44,31,20,185,41,1*6D
$GPGSV,3,3,12,32,71,342,50,36,34,246,36,40,59,208,47,41,56,146,46,1*61
$GPGSV,3,1,09,08,23,282,31,10,48,027,36,18,20,139,34,23,24,074,33,6*65
$GPGSV,3,2,09,24,03,039,19,27,32,240,31,28,41,163,38,31,20,185,33,6*60
$GPGSV,3,3,09,32,71,342,39,6*52
$GPGSV,1,1,01,49,17,257,,0*5F
$GLGSV,3,1,09,65,45,303,47,66,15,256,39,72,32,019,45,74,11,078,36,1*79
$GLGSV,3,2,09,75,09,127,42,86,22,161,44,87,67,182,49,88,43,324,49,1*76
$GLGSV,3,3,09,,,,47,1*72
$GLGSV,2,1,05,66,15,256,32,72,32,019,42,75,09,127,29,86,22,161,39,3*74
$GLGSV,2,2,05,88,43,324,43,3*4A
$GLGSV,1,1,01,73,00,038,,0*47
$GAGSV,2,1,06,03,69,010,42,05,20,040,36,08,49,241,41,13,15,323,38,2*76
$GAGSV,2,2,06,15,67,341,42,34,54,126,40,2*72
$GAGSV,2,1,06,03,69,010,46,05,20,040,38,08,49,241,42,13,15,323,35,7*77
$GAGSV,2,2,06,15,67,341,47,34,54,126,45,7*77
$GAGSV,1,1,02,07,01,228,,36,04,137,,0*7C
$GBGSV,2,1,08,08,31,067,39,13,44,052,43,20,48,304,46,27,19,163,42,1*7A
$GBGSV,2,2,08,29,40,300,44,32,41,030,46,38,26,079,40,39,50,076,45,1*7D
$GBGSV,2,1,05,06,53,103,39,08,31,067,37,09,51,127,39,13,44,052,38,B*09
$GBGSV,2,2,05,16,51,090,39,B*30
$GBGSV,3,1,12,01,03,095,,02,58,140,,03,35,112,,05,62,201,,0*77
$GBGSV,3,2,12,07,01,156,,10,07,165,,19,13,265,,23,16,080,,0*70
$GBGSV,3,3,12,30,58,212,,59,08,095,,60,60,149,,61,35,113,,0*7D
$GQGSV,1,1,02,04,20,068,36,07,19,104,34,1*67
$GQGSV,1,1,03,03,05,128,22,04,20,068,33,07,19,104,33,6*5E
$GNGLL,2454.22833,N,06708.27293,E,141919.00,A,D*7C
$GNRMC,141920.00,A,2454.22833,N,06708.27293,E,0.008,,050525,,,R,V*0C
$GNVTG,,T,,M,0.008,N,0.015,K,D*34
$GNGGA,141920.00,2454.22833,N,06708.27293,E,4,12,0.67,21.9,M,-44.2,M,1.0,0290*70
$GNGSA,A,3,08,10,18,23,27,28,32,31,02,,,,1.46,0.67,1.29,1*06
$GNGSA,A,3,87,66,86,72,65,88,,,,,,,1.46,0.67,1.29,2*0D
$GNGSA,A,3,05,03,08,15,34,,,,,,,,1.46,0.67,1.29,3*06
$GNGSA,A,3,08,09,06,13,20,16,29,27,32,38,39,,1.46,0.67,1.29,4*02
$GNGSA,A,3,04,,,,,,,,,,,,1.46,0.67,1.29,5*09
$GPGSV,3,1,12,02,22,321,41,08,23,282,43,10,48,027,46,18,20,139,36,1*6B
$GPGSV,3,2,12,23,24,074,39,27,32,240,38,28,41,163,44,31,20,185,41,1*63
$GPGSV,3,3,12,32,71,342,50,36,34,246,36,40,59,208,46,41,56,146,46,1*60
$GPGSV,3,1,09,08,23,282,32,10,48,027,36,18,20,139,34,23,24,074,33,6*66
$GPGSV,3,2,09,24,03,039,19,27,32,240,31,28,41,163,38,31,20,185,33,6*60
$GPGSV,3,3,09,32,71,342,39,6*52
$GPGSV,1,1,01,49,17,257,,0*5F
$GLGSV,3,1,09,65,45,303,47,66,15,256,39,72,32,019,45,74,11,078,37,1*78
$GLGSV,3,2,09,75,09,127,42,86,22,161,44,87,67,182,49,88,43,324,49,1*76
$GLGSV,3,3,09,,,,47,1*72
$GLGSV,2,1,06,66,15,256,33,72,32,019,42,75,09,127,29,86,22,161,39,3*76
$GLGSV,2,2,06,88,43,324,43,,,,40,3*4D
$GLGSV,1,1,01,73,00,038,,0*47
$GAGSV,2,1,06,03,69,010,42,05,20,040,36,08,49,241,41,13,15,323,38,2*76
$GAGSV,2,2,06,15,67,341,42,34,54,126,40,2*72
$GAGSV,2,1,06,03,69,010,46,05,20,040,38,08,49,241,42,13,15,323,35,7*77
$GAGSV,2,2,06,15,67,341,47,34,54,126,45,7*77
$GAGSV,1,1,02,07,01,228,,36,04,137,,0*7C
$GBGSV,2,1,08,08,31,067,39,13,44,052,43,20,48,304,46,27,19,163,42,1*7A
$GBGSV,2,2,08,29,40,300,44,32,41,030,46,38,26,079,40,39,50,076,45,1*7D
$GBGSV,2,1,05,06,53,103,38,08,31,067,36,09,51,127,39,13,44,052,38,B*09
$GBGSV,2,2,05,16,51,090,39,B*30
$GBGSV,3,1,12,01,03,095,,02,58,140,,03,35,112,,05,62,201,,0*77
$GBGSV,3,2,12,07,01,156,,10,07,165,,19,13,265,,23,16,080,,0*70
$GBGSV,3,3,12,30,58,212,,59,08,095,,60,60,149,,61,35,113,,0*7D
$GQGSV,1,1,02,04,20,068,36,07,19,104,34,1*67
$GQGSV,1,1,03,03,05,128,22,04,20,068,33,07,19,104,33,6*5E
$GNGLL,2454.22833,N,06708.27293,E,141920.00,A,D*76
$GNRMC,141921.00,A,2454.22833,N,06708.27293,E,0.001,,050525,,,R,V*04
$GNVTG,,T,,M,0.001,N,0.002,K,D*3B
$GNGGA,141921.00,2454.22833,N,06708.27293,E,4,12,0.67,21.9,M,-44.2,M,1.0,0290*71
$GNGSA,A,3,08,10,18,23,27,28,32,31,02,,,,1.46,0.67,1.29,1*06
$GNGSA,A,3,87,66,86,72,65,88,,,,,,,1.46,0.67,1.29,2*0D
$GNGSA,A,3,05,03,08,15,34,,,,,,,,1.46,0.67,1.29,3*06
$GNGSA,A,3,08,09,06,13,20,16,29,27,32,38,39,,1.46,0.67,1.29,4*02
$GNGSA,A,3,04,,,,,,,,,,,,1.46,0.67,1.29,5*09
$GPGSV,3,1,12,02,22,321,41,08,23,282,43,10,48,027,46,18,20,139,37,1*6A
$GPGSV,3,2,12,23,24,074,39,27,32,240,38,28,41,163,44,31,20,185,41,1*63
$GPGSV,3,3,12,32,71,342,50,36,34,246,36,40,59,208,47,41,56,146,46,1*61
$GPGSV,3,1,09,08,23,282,32,10,48,027,36,18,20,139,34,23,24,074,33,6*66
$GPGSV,3,2,09,24,03,039,19,27,32,240,32,28,41,163,38,31,20,185,33,6*63
$GPGSV,3,3,09,32,71,342,39,6*52
$GPGSV,1,1,01,49,17,257,,0*5F
$GLGSV,3,1,09,65,45,303,47,66,15,256,39,72,32,019,45,74,11,078,37,1*78
$GLGSV,3,2,09,75,09,127,42,86,22,161,44,87,67,182,48,88,43,324,49,1*77
$GLGSV,3,3,09,,,,47,1*72
$GLGSV,2,1,06,66,15,256,32,72,32,019,42,75,09,127,29,86,22,161,39,3*77
$GLGSV,2,2,06,88,43,324,43,,,,40,3*4D
$GLGSV,1,1,01,73,00,038,,0*47
$GAGSV,2,1,06,03,69,010,41,05,20,040,36,08,49,241,41,13,15,323,38,2*75
$GAGSV,2,2,06,15,67,341,42,34,54,126,40,2*72
$GAGSV,2,1,06,03,69,010,46,05,20,040,38,08,49,241,42,13,15,323,35,7*77
$GAGSV,2,2,06,15,67,341,47,34,54,126,45,7*77
$GAGSV,1,1,02,07,01,228,,36,04,137,,0*7C
$GBGSV,2,1,08,08,31,067,39,13,44,052,43,20,48,304,46,27,19,163,42,1*7A
$GBGSV,2,2,08,29,40,300,44,32,41,030,46,38,26,079,40,39,50,076,45,1*7D
$GBGSV,2,1,05,06,53,103,38,08,31,067,36,09,51,127,38,13,44,052,38,B*08
$GBGSV,2,2,05,16,51,090,38,B*31
$GBGSV,3,1,12,01,03,095,,02,58,140,,03,35,112,,05,62,201,,0*77
$GBGSV,3,2,12,07,01,156,,10,07,165,,19,13,265,,23,16,080,,0*70
$GBGSV,3,3,12,30,58,212,,59,08,095,,60,60,149,,61,35,113,,0*7D
$GQGSV,1,1,02,04,20,068,35,07,19,104,34,1*64
$GQGSV,1,1,03,03,05,128,23,04,20,068,33,07,19,104,33,6*5F
$GNGLL,2454.22833,N,06708.27293,E,141921.00,A,D*77
$GNRMC,141922.00,A,2454.22833,N,06708.27293,E,0.012,,050525,,,R,V*05
$GNVTG,,T,,M,0.012,N,0.023,K,D*3A
$GNGGA,141922.00,2454.22833,N,06708.27293,E,4,12,0.67,21.9,M,-44.2,M,1.0,0290*72
$GNGSA,A,3,08,10,18,23,27,28,32,31,02,,,,1.46,0.67,1.29,1*06
$GNGSA,A,3,87,66,86,72,65,88,,,,,,,1.46,0.67,1.29,2*0D
$GNGSA,A,3,05,03,08,15,34,,,,,,,,1.46,0.67,1.29,3*06
$GNGSA,A,3,08,09,06,13,20,16,29,27,32,38,39,,1.46,0.67,1.29,4*02
$GNGSA,A,3,04,,,,,,,,,,,,1.46,0.67,1.29,5*09
$GPGSV,3,1,12,02,22,321,41,08,23,282,43,10,48,027,46,18,20,139,36,1*6B
$GPGSV,3,2,12,23,24,074,40,27,32,240,38,28,41,163,44,31,20,185,41,1*6D
$GPGSV,3,3,12,32,71,342,50,36,34,246,36,40,59,208,47,41,56,146,46,1*61
$GPGSV,3,1,09,08,23,282,33,10,48,027,37,18,20,139,35,23,24,074,34,6*60
$GPGSV,3,2,09,24,03,039,20,27,32,240,32,28,41,163,39,31,20,185,34,6*6F
$GPGSV,3,3,09,32,71,342,40,6*5C
$GPGSV,1,1,01,49,17,257,,0*5F
$GLGSV,3,1,09,65,45,303,47,66,15,256,38,72,32,019,45,74,11,078,37,1*79
$GLGSV,3,2,09,75,09,127,42,86,22,161,44,87,67,182,48,88,43,324,49,1*77
$GLGSV,3,3,09,,,,47,1*72
$GLGSV,2,1,06,66,15,256,33,72,32,019,43,75,09,127,29,86,22,161,39,3*77
$GLGSV,2,2,06,88,43,324,44,,,,40,3*4A
$GLGSV,1,1,01,73,00,038,,0*47
$GAGSV,2,1,06,03,69,010,42,05,20,040,37,08,49,241,42,13,15,323,38,2*74
$GAGSV,2,2,06,15,67,341,43,34,54,126,41,2*72
$GAGSV,2,1,06,03,69,010,46,05,20,040,37,08,49,241,42,13,15,323,35,7*78
$GAGSV,2,2,06,15,67,341,47,34,54,126,45,7*77
$GAGSV,1,1,02,07,01,228,,36,04,137,,0*7C
$GBGSV,2,1,08,08,31,067,39,13,44,052,43,20,48,304,46,27,19,163,42,1*7A
$GBGSV,2,2,08,29,40,300,44,32,41,030,46,38,26,079,40,39,50,076,45,1*7D
$GBGSV,2,1,05,06,53,103,38,08,31,067,36,09,51,127,39,13,44,052,38,B*09
$GBGSV,2,2,05,16,51,090,39,B*30
$GBGSV,3,1,12,01,03,095,,02,58,140,,03,35,112,,05,62,201,,0*77
$GBGSV,3,2,12,07,01,156,,10,07,165,,19,13,265,,23,16,080,,0*70
$GBGSV,3,3,12,30,58,212,,59,08,095,,60,60,149,,61,35,113,,0*7D
$GQGSV,1,1,02,04,20,068,35,07,19,104,34,1*64
$GQGSV,1,1,03,03,05,128,23,04,20,068,34,07,19,104,34,6*5F
$GNGLL,2454.22833,N,06708.27293,E,141922.00,A,D*74
$GNRMC,141923.00,A,2454.22833,N,06708.27293,E,0.008,,050525,,,R,V*0F
$GNVTG,,T,,M,0.008,N,0.015,K,D*34
$GNGGA,141923.00,2454.22833,N,06708.27293,E,4,12,0.67,21.9,M,-44.2,M,1.0,0290*73
$GNGSA,A,3,08,10,18,23,27,28,32,31,02,,,,1.46,0.67,1.29,1*06
$GNGSA,A,3,87,66,86,72,65,88,,,,,,,1.46,0.67,1.29,2*0D
$GNGSA,A,3,05,03,08,15,34,,,,,,,,1.46,0.67,1.29,3*06
$GNGSA,A,3,08,09,06,13,20,16,29,27,32,38,39,,1.46,0.67,1.29,4*02
$GNGSA,A,3,04,,,,,,,,,,,,1.46,0.67,1.29,5*09
$GPGSV,3,1,12,02,22,321,41,08,23,282,43,10,48,027,46,18,20,139,37,1*6A
$GPGSV,3,2,12,23,24,074,40,27,32,240,38,28,41,163,44,31,20,185,41,1*6D
$GPGSV,3,3,12,32,71,342,50,36,34,246,36,40,59,208,47,41,56,146,46,1*61
$GPGSV,3,1,09,08,23,282,33,10,48,027,39,18,20,139,36,23,24,074,35,6*6C
$GPGSV,3,2,09,24,03,039,20,27,32,240,33,28,41,163,41,31,20,185,35,6*60
$GPGSV,3,3,09,32,71,342,41,6*5D
$GPGSV,1,1,01,49,17,257,,0*5F
$GLGSV,3,1,09,65,45,303,47,66,15,256,38,72,32,019,45,74,11,078,37,1*79
$GLGSV,3,2,09,75,09,127,42,86,22,161,44,87,67,182,49,88,43,324,49,1*76
$GLGSV,3,3,09,,,,47,1*72
$GLGSV,2,1,06,66,15,256,33,72,32,019,43,75,09,127,30,86,22,161,40,3*71
$GLGSV,2,2,06,88,43,324,44,,,,41,3*4B
$GLGSV,1,1,01,73,00,038,,0*47
$GAGSV,2,1,06,03,69,010,43,05,20,040,37,08,49,241,42,13,15,323,39,2*74
$GAGSV,2,2,06,15,67,341,43,34,54,126,41,2*72
$GAGSV,2,1,06,03,69,010,46,05,20,040,37,08,49,241,42,13,15,323,35,7*78
$GAGSV,2,2,06,15,67,341,47,34,54,126,45,7*77
$GAGSV,1,1,02,07,01,228,,36,04,137,,0*7C
$GBGSV,2,1,08,08,31,067,39,13,44,052,43,20,48,304,46,27,19,163,42,1*7A
$GBGSV,2,2,08,29,40,300,44,32,41,030,46,38,26,079,40,39,50,076,45,1*7D
$GBGSV,2,1,05,06,53,103,39,08,31,067,37,09,51,127,40,13,44,052,39,B*06
$GBGSV,2,2,05,16,51,090,40,B*3E
$GBGSV,3,1,12,01,03,095,,02,58,140,,03,35,112,,05,62,201,,0*77
$GBGSV,3,2,12,07,01,156,,10,07,165,,19,13,265,,23,16,080,,0*70
$GBGSV,3,3,12,30,58,212,,59,08,095,,60,60,149,,61,35,113,,0*7D
$GQGSV,1,1,02,04,20,068,35,07,19,104,34,1*64
$GQGSV,1,1,03,03,05,128,24,04,20,068,34,07,19,104,35,6*59
$GNGLL,2454.22833,N,06708.27293,E,141923.00,A,D*75
$GNRMC,141924.00,A,2454.22833,N,06708.27293,E,0.005,,050525,,,R,V*05
$GNVTG,,T,,M,0.005,N,0.009,K,D*34
$GNGGA,141924.00,2454.22833,N,06708.27293,E,4,12,0.67,21.9,M,-44.2,M,1.0,0290*74
$GNGSA,A,3,08,10,18,23,27,28,32,31,02,,,,1.46,0.67,1.29,1*06
$GNGSA,A,3,87,66,86,72,65,88,,,,,,,1.46,0.67,1.29,2*0D
$GNGSA,A,3,05,03,08,15,34,,,,,,,,1.46,0.67,1.29,3*06
$GNGSA,A,3,08,09,06,13,20,16,29,27,32,38,39,,1.46,0.67,1.29,4*02
$GNGSA,A,3,04,,,,,,,,,,,,1.46,0.67,1.29,5*09
$GPGSV,3,1,12,02,22,321,41,08,23,282,43,10,48,027,46,18,20,139,36,1*6B
$GPGSV,3,2,12,23,24,074,40,27,32,240,38,28,41,163,44,31,20,185,41,1*6D
$GPGSV,3,3,12,32,71,342,50,36,34,246,36,40,59,208,47,41,56,146,46,1*61
$GPGSV,3,1,09,08,23,282,34,10,48,027,39,18,20,139,36,23,24,074,35,6*6B
$GPGSV,3,2,09,24,03,039,21,27,32,240,33,28,41,163,41,31,20,185,35,6*61
$GPGSV,3,3,09,32,71,342,41,6*5D
$GPGSV,1,1,01,49,17,257,,0*5F
$GLGSV,3,1,09,65,45,303,47,66,15,256,38,72,32,019,45,74,11,078,37,1*79
$GLGSV,3,2,09,75,09,127,42,86,22,161,44,87,67,182,49,88,43,324,49,1*76
$GLGSV,3,3,09,,,,47,1*72
$GLGSV,2,1,06,66,15,256,33,72,32,019,43,75,09,127,30,86,22,161,40,3*71
$GLGSV,2,2,06,88,43,324,44,,,,41,3*4B
$GLGSV,1,1,01,73,00,038,,0*47
$GAGSV,2,1,06,03,69,010,43,05,20,040,37,08,49,241,42,13,15,323,39,2*74
$GAGSV,2,2,06,15,67,341,43,34,54,126,41,2*72
$GAGSV,2,1,06,03,69,010,46,05,20,040,37,08,49,241,42,13,15,323,35,7*78
$GAGSV,2,2,06,15,67,341,47,34,54,126,45,7*77
$GAGSV,1,1,02,07,01,228,,36,04,137,,0*7C
$GBGSV,2,1,08,08,31,067,39,13,44,052,43,20,48,304,46,27,19,163,42,1*7A
$GBGSV,2,2,08,29,40,300,44,32,41,030,46,38,26,079,40,39,50,076,45,1*7D
$GBGSV,2,1,05,06,53,103,39,08,31,067,37,09,51,127,40,13,44,052,39,B*06
$GBGSV,2,2,05,16,51,090,39,B*30
$GBGSV,3,1,12,01,03,095,,02,58,140,,03,35,112,,05,62,201,,0*77
$GBGSV,3,2,12,07,01,156,,10,07,165,,19,13,265,,23,16,080,,0*70
$GBGSV,3,3,12,30,58,212,,59,08,095,,60,60,149,,61,35,113,,0*7D
$GQGSV,1,1,02,04,20,068,35,07,19,104,34,1*64
$GQGSV,1,1,03,03,05,128,25,04,20,068,35,07,19,104,35,6*59
$GNGLL,2454.22833,N,06708.27293,E,141924.00,A,D*72
$GNRMC,141925.00,A,2454.22833,N,06708.27293,E,0.004,,050525,,,R,V*05
$GNVTG,,T,,M,0.004,N,0.007,K,D*3B
$GNGGA,141925.00,2454.22833,N,06708.27293,E,4,12,0.67,21.9,M,-44.2,M,1.0,0290*75
$GNGSA,A,3,08,10,18,23,27,28,32,31,02,,,,1.46,0.67,1.29,1*06
$GNGSA,A,3,87,66,86,72,65,88,,,,,,,1.46,0.67,1.29,2*0D
$GNGSA,A,3,05,03,08,15,34,,,,,,,,1.46,0.67,1.29,3*06
$GNGSA,A,3,08,09,06,13,20,16,29,27,32,38,39,,1.46,0.67,1.29,4*02
$GNGSA,A,3,04,,,,,,,,,,,,1.46,0.67,1.29,5*09
$GPGSV,3,1,12,02,22,321,41,08,23,282,43,10,48,027,46,18,20,139,36,1*6B
$GPGSV,3,2,12,23,24,074,40,27,32,240,38,28,41,163,44,31,20,185,41,1*6D
$GPGSV,3,3,12,32,71,342,50,36,34,246,36,40,59,208,46,41,56,146,46,1*60
$GPGSV,3,1,09,08,23,282,34,10,48,027,38,18,20,139,36,23,24,074,35,6*6A
$GPGSV,3,2,09,24,03,039,22,27,32,240,33,28,41,163,41,31,20,185,35,6*62
$GPGSV,3,3,09,32,71,342,41,6*5D
$GPGSV,1,1,01,49,17,257,,0*5F
$GLGSV,3,1,09,65,45,303,47,66,15,256,38,72,32,019,45,74,11,078,37,1*79
$GLGSV,3,2,09,75,09,127,42,86,22,161,44,87,67,182,49,88,43,324,49,1*76
$GLGSV,3,3,09,,,,47,1*72
$GLGSV,2,1,06,66,15,256,33,72,32,019,43,75,09,127,31,86,22,161,40,3*70
$GLGSV,2,2,06,88,43,324,44,,,,41,3*4B
$GLGSV,1,1,01,73,00,038,,0*47
$GAGSV,2,1,06,03,69,010,43,05,20,040,37,08,49,241,42,13,15,323,39,2*74
$GAGSV,2,2,06,15,67,341,43,34,54,126,41,2*72
$GAGSV,2,1,06,03,69,010,46,05,20,040,37,08,49,241,42,13,15,323,35,7*78
$GAGSV,2,2,06,15,67,341,47,34,54,126,45,7*77
$GAGSV,1,1,02,07,01,228,,36,04,137,,0*7C
$GBGSV,2,1,08,08,31,068,39,13,44,052,43,20,48,304,46,27,19,163,42,1*75
$GBGSV,2,2,08,29,40,300,44,32,41,030,46,38,26,079,40,39,50,076,45,1*7D
$GBGSV,2,1,05,06,53,103,39,08,31,068,37,09,51,127,40,13,44,052,39,B*09
$GBGSV,2,2,05,16,51,090,39,B*30
$GBGSV,3,1,12,01,03,095,,02,58,140,,03,35,112,,05,62,201,,0*77
$GBGSV,3,2,12,07,01,156,,10,07,165,,19,13,265,,23,16,080,,0*70
$GBGSV,3,3,12,30,58,212,,59,08,095,,60,60,149,,61,35,113,,0*7D
$GQGSV,1,1,02,04,20,068,35,07,19,104,34,1*64
$GQGSV,1,1,03,03,05,128,25,04,20,068,35,07,19,104,35,6*59
$GNGLL,2454.22833,N,06708.27293,E,141925.00,A,D*73
$GNRMC,141926.00,A,2454.22833,N,06708.27293,E,0.005,,050525,,,R,V*07
$GNVTG,,T,,M,0.005,N,0.009,K,D*34
$GNGGA,141926.00,2454.22833,N,06708.27293,E,4,12,0.67,21.9,M,-44.2,M,1.0,0290*76
$GNGSA,A,3,08,10,18,23,27,28,32,31,02,,,,1.46,0.67,1.29,1*06
$GNGSA,A,3,87,66,86,72,65,88,,,,,,,1.46,0.67,1.29,2*0D
$GNGSA,A,3,05,03,08,15,34,,,,,,,,1.46,0.67,1.29,3*06
$GNGSA,A,3,08,09,06,13,20,16,29,27,32,38,39,,1.46,0.67,1.29,4*02
$GNGSA,A,3,04,,,,,,,,,,,,1.46,0.67,1.29,5*09
$GPGSV,3,1,12,02,22,321,41,08,23,282,43,10,48,027,46,18,20,139,36,1*6B
$GPGSV,3,2,12,23,24,074,40,27,32,240,38,28,41,163,44,31,20,185,41,1*6D
$GPGSV,3,3,12,32,71,342,50,36,34,246,36,40,59,208,47,41,56,146,46,1*61
$GPGSV,3,1,09,08,23,282,33,10,48,027,38,18,20,139,36,23,24,074,35,6*6D
$GPGSV,3,2,09,24,03,039,21,27,32,240,33,28,41,163,40,31,20,185,35,6*60
$GPGSV,3,3,09,32,71,342,41,6*5D
$GPGSV,1,1,01,49,17,257,,0*5F
$GLGSV,3,1,09,65,45,303,47,66,15,256,38,72,32,019,45,74,11,078,37,1*79
$GLGSV,3,2,09,75,09,127,42,86,22,161,44,87,67,182,49,88,43,324,49,1*76
$GLGSV,3,3,09,,,,47,1*72
$GLGSV,2,1,06,66,15,256,33,72,32,019,43,75,09,127,31,86,22,161,40,3*70
$GLGSV,2,2,06,88,43,324,44,,,,41,3*4B
$GLGSV,1,1,01,73,00,038,,0*47
$GAGSV,2,1,06,03,69,010,43,05,20,040,37,08,49,241,42,13,15,323,39,2*74
$GAGSV,2,2,06,15,67,341,43,34,54,126,41,2*72
$GAGSV,2,1,06,03,69,010,46,05,20,040,37,08,49,241,42,13,15,323,35,7*78
$GAGSV,2,2,06,15,67,341,47,34,54,126,45,7*77
$GAGSV,1,1,02,07,01,228,,36,04,137,,0*7C
$GBGSV,2,1,08,08,31,068,39,13,44,052,43,20,48,304,46,27,19,163,42,1*75
$GBGSV,2,2,08,29,40,300,44,32,41,030,46,38,26,079,40,39,50,076,45,1*7D
$GBGSV,2,1,05,06,53,103,39,08,31,068,37,09,52,127,40,13,44,052,39,B*0A
$GBGSV,2,2,05,16,51,090,40,B*3E
$GBGSV,3,1,12,01,03,095,,02,58,140,,03,35,112,,05,62,201,,0*77
$GBGSV,3,2,12,07,01,156,,10,07,165,,19,13,265,,23,16,080,,0*70
$GBGSV,3,3,12,30,58,212,,59,08,095,,60,60,149,,61,35,113,,0*7D
$GQGSV,1,1,02,04,20,068,35,07,19,104,34,1*64
$GQGSV,1,1,03,03,05,128,25,04,20,068,34,07,19,104,35,6*58
$GNGLL,2454.22833,N,06708.27293,E,141926.00,A,D*70
$GNRMC,141927.00,A,2454.22833,N,06708.27293,E,0.002,,050525,,,R,V*01
$GNVTG,,T,,M,0.002,N,0.005,K,D*3F
$GNGGA,141927.00,2454.22833,N,06708.27293,E,4,12,0.67,21.9,M,-44.2,M,1.0,0290*77
$GNGSA,A,3,08,10,18,23,27,28,32,31,02,,,,1.46,0.67,1.29,1*06
$GNGSA,A,3,87,66,86,72,65,88,,,,,,,1.46,0.67,1.29,2*0D
$GNGSA,A,3,05,03,08,15,34,,,,,,,,1.46,0.67,1.29,3*06
$GNGSA,A,3,08,09,06,13,20,16,29,27,32,38,39,,1.46,0.67,1.29,4*02
$GNGSA,A,3,04,,,,,,,,,,,,1.46,0.67,1.29,5*09
$GPGSV,3,1,12,02,22,321,41,08,23,282,43,10,48,027,46,18,20,139,36,1*6B
$GPGSV,3,2,12,23,24,074,40,27,32,240,38,28,41,163,44,31,20,185,41,1*6D
$GPGSV,3,3,12,32,71,342,50,36,34,246,36,40,59,208,47,41,56,146,46,1*61
$GPGSV,3,1,09,08,23,282,33,10,48,027,38,18,20,139,36,23,24,074,35,6*6D
$GPGSV,3,2,09,24,03,039,21,27,32,240,33,28,41,163,40,31,20,185,35,6*60
$GPGSV,3,3,09,32,71,342,40,6*5C
$GPGSV,1,1,01,49,17,257,,0*5F
$GLGSV,3,1,09,65,45,303,47,66,15,256,38,72,32,019,45,74,11,078,37,1*79
$GLGSV,3,2,09,75,09,127,41,86,22,161,44,87,67,182,49,88,43,324,49,1*75
$GLGSV,3,3,09,,,,47,1*72
$GLGSV,2,1,06,66,15,256,34,72,32,019,43,75,09,127,32,86,22,161,40,3*74
$GLGSV,2,2,06,88,43,324,44,,,,41,3*4B
$GLGSV,1,1,01,73,00,038,,0*47
$GAGSV,2,1,06,03,69,010,43,05,20,040,38,08,49,241,42,13,15,323,39,2*7B
$GAGSV,2,2,06,15,67,341,43,34,54,126,42,2*71
$GAGSV,2,1,06,03,69,010,46,05,20,040,37,08,49,241,42,13,15,323,35,7*78
$GAGSV,2,2,06,15,67,341,47,34,54,126,45,7*77
$GAGSV,1,1,02,07,01,228,,36,04,137,,0*7C
$GBGSV,2,1,08,08,31,068,39,13,44,052,43,20,48,304,46,27,19,163,42,1*75
$GBGSV,2,2,08,29,40,300,44,32,41,030,46,38,26,079,40,39,50,076,45,1*7D
$GBGSV,2,1,05,06,53,103,40,08,31,068,37,09,52,127,40,13,44,052,39,B*04
$GBGSV,2,2,05,16,51,090,40,B*3E
$GBGSV,3,1,12,01,03,095,,02,58,140,,03,35,112,,05,62,201,,0*77
$GBGSV,3,2,12,07,01,156,,10,07,165,,19,13,265,,23,16,080,,0*70
$GBGSV,3,3,12,30,58,212,,59,08,095,,60,60,149,,61,35,113,,0*7D
$GQGSV,1,1,02,04,20,068,35,07,19,104,34,1*64
$GQGSV,1,1,03,03,05,128,25,04,20,068,34,07,19,104,35,6*58
$GNGLL,2454.22833,N,06708.27293,E,141927.00,A,D*71
$GNRMC,141928.00,A,2454.22833,N,06708.27293,E,0.007,,050525,,,R,V*0B
$GNVTG,,T,,M,0.007,N,0.012,K,D*3C
$GNGGA,141928.00,2454.22833,N,06708.27293,E,4,12,0.67,21.9,M,-44.2,M,1.0,0290*78
$GNGSA,A,3,08,10,18,23,27,28,32,31,02,,,,1.46,0.67,1.29,1*06
$GNGSA,A,3,87,66,86,72,65,88,,,,,,,1.46,0.67,1.29,2*0D
$GNGSA,A,3,05,03,08,15,34,,,,,,,,1.46,0.67,1.29,3*06
$GNGSA,A,3,08,09,06,13,20,16,29,27,32,38,39,,1.46,0.67,1.29,4*02
$GNGSA,A,3,04,,,,,,,,,,,,1.46,0.67,1.29,5*09
$GPGSV,3,1,12,02,22,321,41,08,23,282,43,10,48,027,46,18,20,139,37,1*6A
$GPGSV,3,2,12,23,24,074,40,27,32,240,38,28,41,163,44,31,20,185,41,1*6D
$GPGSV,3,3,12,32,71,342,50,36,34,246,36,40,59,208,47,41,56,146,46,1*61
$GPGSV,3,1,09,08,23,282,33,10,48,027,38,18,20,139,36,23,24,074,34,6*6C
$GPGSV,3,2,09,24,03,039,21,27,32,240,33,28,41,163,40,31,20,185,35,6*60
$GPGSV,3,3,09,32,71,342,40,6*5C
$GPGSV,1,1,01,49,17,257,,0*5F
$GLGSV,3,1,09,65,45,303,47,66,15,256,38,72,32,019,45,74,11,078,37,1*79
$GLGSV,3,2,09,75,09,127,41,86,22,161,44,87,67,182,49,88,43,324,49,1*75
$GLGSV,3,3,09,,,,47,1*72
$GLGSV,2,1,06,66,15,256,34,72,32,019,43,75,09,127,32,86,22,161,40,3*74
$GLGSV,2,2,06,88,43,324,44,,,,41,3*4B
$GLGSV,1,1,01,73,00,038,,0*47
$GAGSV,2,1,06,03,69,010,43,05,20,040,38,08,49,241,42,13,15,323,39,2*7B
$GAGSV,2,2,06,15,67,341,43,34,54,126,42,2*71
$GAGSV,2,1,06,03,69,010,46,05,20,040,37,08,49,241,42,13,15,323,35,7*78
$GAGSV,2,2,06,15,67,341,47,34,54,126,45,7*77
$GAGSV,1,1,02,07,01,228,,36,04,137,,0*7C
$GBGSV,2,1,08,08,31,068,39,13,44,053,43,20,48,304,46,27,19,163,42,1*74
$GBGSV,2,2,08,29,40,300,44,32,41,030,46,38,26,079,40,39,50,076,45,1*7D
$GBGSV,2,1,05,06,53,103,40,08,31,068,38,09,52,127,40,13,44,053,39,B*0A
$GBGSV,2,2,05,16,51,090,40,B*3E
$GBGSV,3,1,12,01,03,095,,02,58,140,,03,35,112,,05,62,201,,0*77
$GBGSV,3,2,12,07,01,156,,10,07,165,,19,13,265,,23,16,080,,0*70
$GBGSV,3,3,12,30,58,212,,59,08,095,,60,60,149,,61,35,113,,0*7D
$GQGSV,1,1,02,04,20,068,35,07,19,104,34,1*64
$GQGSV,1,1,03,03,05,128,25,04,20,068,35,07,19,104,35,6*59
$GNGLL,2454.22833,N,06708.27293,E,141928.00,A,D*7E
$GNRMC,141929.00,A,2454.22833,N,06708.27293,E,0.005,,050525,,,R,V*08
$GNVTG,,T,,M,0.005,N,0.010,K,D*3C
$GNGGA,141929.00,2454.22833,N,06708.27293,E,4,12,0.67,21.9,M,-44.2,M,1.0,0290*79
$GNGSA,A,3,08,10,18,23,27,28,32,31,02,,,,1.46,0.67,1.29,1*06
$GNGSA,A,3,87,66,86,72,65,88,,,,,,,1.46,0.67,1.29,2*0D
$GNGSA,A,3,05,03,08,15,34,,,,,,,,1.46,0.67,1.29,3*06
$GNGSA,A,3,08,09,06,13,20,16,29,27,32,38,39,,1.46,0.67,1.29,4*02
$GNGSA,A,3,04,,,,,,,,,,,,1.46,0.67,1.29,5*09
$GPGSV,3,1,12,02,22,321,41,08,23,282,43,10,48,027,46,18,20,139,36,1*6B
$GPGSV,3,2,12,23,24,074,40,27,32,240,38,28,41,163,44,31,20,185,41,1*6D
$GPGSV,3,3,12,32,71,342,50,36,34,246,36,40,59,208,46,41,56,146,46,1*60
$GPGSV,3,1,09,08,23,282,33,10,48,027,38,18,20,139,36,23,24,074,35,6*6D
$GPGSV,3,2,09,24,03,039,22,27,32,240,32,28,41,163,40,31,20,185,35,6*62
$GPGSV,3,3,09,32,71,342,40,6*5C
$GPGSV,1,1,01,49,17,257,,0*5F
$GLGSV,3,1,09,65,45,303,47,66,15,256,38,72,32,019,45,74,11,078,37,1*79
$GLGSV,3,2,09,75,09,127,41,86,22,161,44,87,67,182,49,88,43,324,49,1*75
$GLGSV,3,3,09,,,,47,1*72
$GLGSV,2,1,06,66,15,256,33,72,32,019,43,75,09,127,32,86,22,161,40,3*73
$GLGSV,2,2,06,88,43,324,45,,,,41,3*4A
$GLGSV,1,1,01,73,00,038,,0*47
$GAGSV,2,1,06,03,69,010,42,05,20,040,37,08,49,241,42,13,15,323,38,2*74
$GAGSV,2,2,06,15,67,341,43,34,54,126,41,2*72
$GAGSV,2,1,06,03,69,010,46,05,20,040,38,08,49,241,42,13,15,323,35,7*77
$GAGSV,2,2,06,15,67,341,47,34,54,126,45,7*77
$GAGSV,1,1,02,07,01,228,,36,04,137,,0*7C
$GBGSV,2,1,08,08,31,068,39,13,44,053,43,20,48,304,46,27,19,163,42,1*74
$GBGSV,2,2,08,29,40,300,44,32,41,030,46,38,26,079,40,39,50,076,45,1*7D
$GBGSV,2,1,05,06,53,103,40,08,31,068,38,09,52,127,40,13,44,053,39,B*0A
$GBGSV,2,2,05,16,51,089,40,B*36
$GBGSV,3,1,12,01,03,095,,02,58,140,,03,35,112,,05,62,201,,0*77
$GBGSV,3,2,12,07,01,156,,10,07,165,,19,13,265,,23,16,080,,0*70
$GBGSV,3,3,12,30,58,212,,59,08,095,,60,60,149,,61,35,113,,0*7D
$GQGSV,1,1,02,04,20,068,35,07,19,104,34,1*64
$GQGSV,1,1,03,03,05,128,25,04,20,068,35,07,19,104,35,6*59
$GNGLL,2454.22833,N,06708.27293,E,141929.00,A,D*7F
$GNRMC,141930.00,A,2454.22833,N,06708.27293,E,0.008,,050525,,,R,V*0D
$GNVTG,,T,,M,0.008,N,0.015,K,D*34
$GNGGA,141930.00,2454.22833,N,06708.27293,E,4,12,0.67,21.9,M,-44.2,M,1.0,0290*71
$GNGSA,A,3,08,10,18,23,27,28,32,31,02,,,,1.46,0.67,1.29,1*06
$GNGSA,A,3,87,66,86,72,65,88,,,,,,,1.46,0.67,1.29,2*0D
$GNGSA,A,3,05,03,08,15,34,,,,,,,,1.46,0.67,1.29,3*06
$GNGSA,A,3,08,09,06,13,20,16,29,27,32,38,39,,1.46,0.67,1.29,4*02
$GNGSA,A,3,04,,,,,,,,,,,,1.46,0.67,1.29,5*09
$GPGSV,3,1,12,02,22,321,41,08,23,282,43,10,48,027,46,18,20,139,36,1*6B
$GPGSV,3,2,12,23,24,074,40,27,32,240,38,28,41,163,44,31,20,185,41,1*6D
$GPGSV,3,3,12,32,71,342,50,36,34,246,36,40,59,208,47,41,56,146,46,1*61
$GPGSV,3,1,09,08,23,282,33,10,48,027,38,18,20,139,36,23,24,074,35,6*6D
$GPGSV,3,2,09,24,03,039,22,27,32,240,32,28,41,163,40,31,20,185,35,6*62
$GPGSV,3,3,09,32,71,342,41,6*5D
$GPGSV,1,1,01,49,17,257,,0*5F
$GLGSV,3,1,09,65,45,303,47,66,15,256,38,72,32,019,45,74,11,078,37,1*79
$GLGSV,3,2,09,75,09,127,41,86,22,161,44,87,67,182,49,88,43,324,49,1*75
$GLGSV,3,3,09,,,,47,1*72
$GLGSV,2,1,06,66,15,256,33,72,32,019,43,75,09,127,32,86,22,161,40,3*73
$GLGSV,2,2,06,88,43,324,45,,,,41,3*4A
$GLGSV,1,1,01,73,00,038,,0*47
$GAGSV,2,1,06,03,69,010,42,05,20,040,37,08,49,241,42,13,15,323,38,2*74
$GAGSV,2,2,06,15,67,341,43,34,54,126,41,2*72
$GAGSV,2,1,06,03,69,010,46,05,20,040,37,08,49,241,42,13,15,323,35,7*78
$GAGSV,2,2,06,15,67,341,47,34,54,126,45,7*77
$GAGSV,1,1,02,07,01,228,,36,04,137,,0*7C
$GBGSV,2,1,08,08,31,068,39,13,44,053,43,20,48,304,46,27,19,163,42,1*74
$GBGSV,2,2,08,29,40,300,44,32,41,030,46,38,26,079,40,39,50,076,45,1*7D
$GBGSV,2,1,05,06,53,103,40,08,31,068,37,09,52,127,40,13,44,053,39,B*05
$GBGSV,2,2,05,16,51,089,40,B*36
$GBGSV,3,1,12,01,03,095,,02,58,140,,03,35,112,,05,62,201,,0*77
$GBGSV,3,2,12,07,01,156,,10,07,165,,19,13,266,,23,16,080,,0*73
$GBGSV,3,3,12,30,58,212,,59,08,095,,60,60,149,,61,35,113,,0*7D
$GQGSV,1,1,02,04,20,068,36,07,19,104,34,1*67
$GQGSV,1,1,03,03,05,128,25,04,20,068,35,07,19,104,35,6*59
$GNGLL,2454.22833,N,06708.27293,E,141930.00,A,D*77
$GNRMC,141931.00,A,2454.22833,N,06708.27293,E,0.006,,050525,,,R,V*02
$GNVTG,,T,,M,0.006,N,0.012,K,D*3D
$GNGGA,141931.00,2454.22833,N,06708.27293,E,4,12,0.67,21.9,M,-44.2,M,1.0,0290*70
$GNGSA,A,3,08,10,18,23,27,28,32,31,02,,,,1.46,0.67,1.29,1*06
$GNGSA,A,3,87,66,86,72,65,88,,,,,,,1.46,0.67,1.29,2*0D
$GNGSA,A,3,05,03,08,15,34,,,,,,,,1.46,0.67,1.29,3*06
$GNGSA,A,3,08,09,06,13,20,16,29,27,32,38,39,,1.46,0.67,1.29,4*02
$GNGSA,A,3,04,,,,,,,,,,,,1.46,0.67,1.29,5*09
$GPGSV,3,1,12,02,22,321,41,08,23,282,43,10,48,027,46,18,20,139,36,1*6B
$GPGSV,3,2,12,23,24,074,40,27,32,240,38,28,41,163,44,31,20,185,41,1*6D
$GPGSV,3,3,12,32,71,342,50,36,34,246,36,40,59,208,47,41,56,146,46,1*61
$GPGSV,3,1,09,08,23,282,33,10,48,027,38,18,20,139,36,23,24,074,35,6*6D
$GPGSV,3,2,09,24,03,039,22,27,32,240,33,28,41,163,40,31,20,185,35,6*63
$GPGSV,3,3,09,32,71,342,41,6*5D
$GPGSV,1,1,01,49,17,257,,0*5F
$GLGSV,3,1,09,65,45,303,47,66,15,256,38,72,32,019,45,74,11,078,37,1*79
$GLGSV,3,2,09,75,09,127,41,86,22,161,44,87,67,182,49,88,43,324,49,1*75
$GLGSV,3,3,09,,,,47,1*72
$GLGSV,2,1,06,66,15,256,33,72,32,019,43,75,09,127,32,86,22,161,40,3*73
$GLGSV,2,2,06,88,43,324,45,,,,41,3*4A
$GLGSV,1,1,01,73,00,038,,0*47
$GAGSV,2,1,06,03,69,010,42,05,20,040,37,08,49,241,42,13,15,323,38,2*74
$GAGSV,2,2,06,15,67,341,43,34,54,126,41,2*72
$GAGSV,2,1,06,03,69,010,46,05,20,040,37,08,49,241,42,13,15,323,35,7*78
$GAGSV,2,2,06,15,67,341,47,34,54,126,45,7*77
$GAGSV,1,1,02,07,01,228,,36,04,137,,0*7C
$GBGSV,2,1,08,08,31,068,39,13,44,053,43,20,48,305,46,27,19,163,42,1*75
$GBGSV,2,2,08,29,40,300,44,32,41,030,46,38,26,079,40,39,50,076,45,1*7D
$GBGSV,2,1,05,06,53,103,39,08,31,068,37,09,52,127,40,13,44,053,39,B*0B
$GBGSV,2,2,05,16,51,089,40,B*36
$GBGSV,3,1,12,01,03,095,,02,58,140,,03,35,112,,05,62,201,,0*77
$GBGSV,3,2,12,07,01,156,,10,07,165,,19,13,266,,23,16,080,,0*73
$GBGSV,3,3,12,30,58,212,,59,08,095,,60,60,149,,61,35,113,,0*7D
$GQGSV,1,1,02,04,20,068,36,07,19,104,34,1*67
$GQGSV,1,1,03,03,05,128,25,04,20,068,35,07,19,104,35,6*59
$GNGLL,2454.22833,N,06708.27293,E,141931.00,A,D*76
$GNRMC,141932.00,A,2454.22833,N,06708.27293,E,0.005,,050525,,,R,V*02
$GNVTG,,T,,M,0.005,N,0.010,K,D*3C
$GNGGA,141932.00,2454.22833,N,06708.27293,E,4,12,0.67,21.9,M,-44.2,M,1.0,0290*73
$GNGSA,A,3,08,10,18,23,27,28,32,31,02,,,,1.46,0.67,1.29,1*06
$GNGSA,A,3,87,66,86,72,65,88,,,,,,,1.46,0.67,1.29,2*0D
$GNGSA,A,3,05,03,08,15,34,,,,,,,,1.46,0.67,1.29,3*06
$GNGSA,A,3,08,09,06,13,20,16,29,27,32,38,39,,1.46,0.67,1.29,4*02
$GNGSA,A,3,04,,,,,,,,,,,,1.46,0.67,1.29,5*09
$GPGSV,3,1,12,02,22,321,41,08,23,282,43,10,48,027,46,18,20,139,36,1*6B
$GPGSV,3,2,12,23,24,074,40,27,32,240,38,28,41,163,44,31,20,185,41,1*6D
$GPGSV,3,3,12,32,71,342,50,36,34,246,36,40,59,208,47,41,56,146,46,1*61
$GPGSV,3,1,09,08,23,282,33,10,48,027,38,18,20,139,36,23,24,074,35,6*6D
$GPGSV,3,2,09,24,03,039,21,27,32,240,32,28,41,163,40,31,20,185,35,6*61
$GPGSV,3,3,09,32,71,342,40,6*5C
$GPGSV,1,1,01,49,17,257,,0*5F
$GLGSV,3,1,09,65,45,303,47,66,15,256,39,72,32,019,45,74,11,078,37,1*78
$GLGSV,3,2,09,75,09,127,41,86,22,161,44,87,67,182,49,88,43,324,49,1*75
$GLGSV,3,3,09,,,,47,1*72
$GLGSV,2,1,06,66,15,256,33,72,32,019,43,75,09,127,32,86,22,161,40,3*73
$GLGSV,2,2,06,88,43,324,45,,,,41,3*4A
$GLGSV,1,1,01,73,00,038,,0*47
$GAGSV,2,1,06,03,69,010,42,05,20,040,37,08,49,241,42,13,15,323,38,2*74
$GAGSV,2,2,06,15,67,341,43,34,54,126,41,2*72
$GAGSV,2,1,06,03,69,010,46,05,20,040,37,08,49,241,42,13,15,323,35,7*78
$GAGSV,2,2,06,15,67,341,47,34,54,126,45,7*77
$GAGSV,1,1,02,07,01,228,,36,04,137,,0*7C
$GBGSV,2,1,08,08,31,068,39,13,44,053,43,20,48,305,46,27,19,163,42,1*75
$GBGSV,2,2,08,29,40,300,44,32,41,030,46,38,26,079,40,39,50,076,45,1*7D
$GBGSV,2,1,05,06,53,103,40,08,31,068,38,09,52,127,40,13,44,053,39,B*0A
$GBGSV,2,2,05,16,51,089,40,B*36
$GBGSV,3,1,12,01,03,095,,02,58,140,,03,35,112,,05,62,201,,0*77
$GBGSV,3,2,12,07,01,156,,10,07,165,,19,13,266,,23,16,080,,0*73
$GBGSV,3,3,12,30,58,212,,59,08,095,,60,60,149,,61,35,113,,0*7D
$GQGSV,1,1,02,04,20,068,36,07,19,104,34,1*67
$GQGSV,1,1,03,03,05,128,25,04,20,068,35,07,19,104,35,6*59
$GNGLL,2454.22833,N,06708.27293,E,141932.00,A,D*75
$GNRMC,141933.00,A,2454.22833,N,06708.27293,E,0.002,,050525,,,R,V*04
$GNVTG,,T,,M,0.002,N,0.003,K,D*39
$GNGGA,141933.00,2454.22833,N,06708.27293,E,4,12,0.67,21.9,M,-44.2,M,1.0,0290*72
$GNGSA,A,3,08,10,18,23,27,28,32,31,02,,,,1.46,0.67,1.29,1*06
$GNGSA,A,3,87,66,86,72,65,88,,,,,,,1.46,0.67,1.29,2*0D
$GNGSA,A,3,05,03,08,15,34,,,,,,,,1.46,0.67,1.29,3*06
$GNGSA,A,3,08,09,06,13,20,16,29,27,32,38,39,,1.46,0.67,1.29,4*02
$GNGSA,A,3,04,,,,,,,,,,,,1.46,0.67,1.29,5*09
$GPGSV,3,1,12,02,22,321,41,08,23,282,43,10,48,027,46,18,20,139,36,1*6B
$GPGSV,3,2,12,23,24,074,40,27,32,240,38,28,41,163,44,31,20,185,41,1*6D
$GPGSV,3,3,12,32,71,342,50,36,34,246,36,40,59,208,47,41,56,146,46,1*61
$GPGSV,3,1,09,08,23,282,33,10,48,027,38,18,20,139,36,23,24,074,35,6*6D
$GPGSV,3,2,09,24,03,039,21,27,32,240,32,28,41,163,40,31,20,185,35,6*61
$GPGSV,3,3,09,32,71,342,40,6*5C
$GPGSV,1,1,01,49,17,257,,0*5F
$GLGSV,3,1,09,65,45,303,47,66,15,256,38,72,32,019,45,74,11,078,37,1*79
$GLGSV,3,2,09,75,09,127,41,86,22,161,44,87,67,182,49,88,43,324,49,1*75
$GLGSV,3,3,09,,,,47,1*72
$GLGSV,2,1,06,66,15,256,32,72,32,019,43,75,09,127,33,86,22,161,40,3*73
$GLGSV,2,2,06,88,43,324,45,,,,41,3*4A
$GLGSV,1,1,01,73,00,038,,0*47
$GAGSV,2,1,06,03,69,010,43,05,20,040,37,08,49,241,42,13,15,323,39,2*74
$GAGSV,2,2,06,15,67,341,43,34,54,126,41,2*72
$GAGSV,2,1,06,03,69,010,46,05,20,040,37,08,49,241,42,13,15,323,35,7*78
$GAGSV,2,2,06,15,67,341,47,34,54,126,45,7*77
$GAGSV,1,1,02,07,01,228,,36,04,137,,0*7C
$GBGSV,2,1,08,08,31,068,39,13,44,053,43,20,48,305,46,27,19,163,42,1*75
$GBGSV,2,2,08,29,40,300,44,32,41,030,46,38,26,079,40,39,50,076,45,1*7D
$GBGSV,2,1,05,06,53,103,40,08,31,068,38,09,52,127,40,13,44,053,39,B*0A
$GBGSV,2,2,05,16,51,089,40,B*36
$GBGSV,3,1,12,01,03,095,,02,58,140,,03,35,112,,05,62,201,,0*77
$GBGSV,3,2,12,07,01,156,,10,07,165,,19,13,266,,23,16,080,,0*73
$GBGSV,3,3,12,30,58,212,,59,08,095,,60,60,149,,61,35,113,,0*7D
$GQGSV,1,1,03,03,05,128,27,04,20,068,36,07,19,104,34,1*5E
$GQGSV,1,1,03,03,05,128,25,04,20,068,35,07,19,104,35,6*59
$GNGLL,2454.22833,N,06708.27293,E,141933.00,A,D*74
$GNRMC,141934.00,A,2454.22833,N,06708.27293,E,0.002,,050525,,,R,V*03
$GNVTG,,T,,M,0.002,N,0.005,K,D*3F
$GNGGA,141934.00,2454.22833,N,06708.27293,E,4,12,0.67,21.9,M,-44.2,M,1.0,0290*75
$GNGSA,A,3,08,10,18,23,27,28,32,31,02,,,,1.46,0.67,1.29,1*06
$GNGSA,A,3,87,66,86,72,65,88,,,,,,,1.46,0.67,1.29,2*0D
$GNGSA,A,3,05,03,08,15,34,,,,,,,,1.46,0.67,1.29,3*06
$GNGSA,A,3,08,09,06,13,20,16,29,27,32,38,39,,1.46,0.67,1.29,4*02
$GNGSA,A,3,04,,,,,,,,,,,,1.46,0.67,1.29,5*09
$GPGSV,3,1,12,02,22,321,41,08,23,282,43,10,48,027,46,18,20,139,36,1*6B
$GPGSV,3,2,12,23,24,074,40,27,32,240,38,28,41,163,44,31,20,185,41,1*6D
$GPGSV,3,3,12,32,71,342,50,36,34,246,36,40,59,208,47,41,56,146,46,1*61
$GPGSV,3,1,09,08,23,282,33,10,48,027,38,18,20,139,36,23,24,074,35,6*6D
$GPGSV,3,2,09,24,03,039,20,27,32,240,32,28,41,163,40,31,20,185,35,6*60
$GPGSV,3,3,09,32,71,342,40,6*5C
$GPGSV,1,1,01,49,17,257,,0*5F
$GLGSV,3,1,09,65,45,303,47,66,15,256,38,72,32,019,46,74,11,078,37,1*7A
$GLGSV,3,2,09,75,09,127,41,86,22,161,44,87,67,182,49,88,43,324,49,1*75
$GLGSV,3,3,09,,,,47,1*72
$GLGSV,2,1,06,66,15,256,32,72,32,019,43,75,09,127,33,86,22,161,40,3*73
$GLGSV,2,2,06,88,43,324,45,,,,41,3*4A
$GLGSV,1,1,01,73,00,038,,0*47
$GAGSV,2,1,06,03,69,010,43,05,20,040,37,08,49,241,42,13,15,323,39,2*74
$GAGSV,2,2,06,15,67,341,43,34,54,126,41,2*72
$GAGSV,2,1,06,03,69,010,46,05,20,040,37,08,49,241,42,13,15,323,35,7*78
$GAGSV,2,2,06,15,67,341,46,34,54,126,45,7*76
$GAGSV,1,1,02,07,01,228,,36,04,137,,0*7C
$GBGSV,2,1,08,08,31,068,39,13,44,053,43,20,48,305,46,27,19,163,42,1*75
$GBGSV,2,2,08,29,40,300,44,32,41,030,46,38,26,079,40,39,50,076,45,1*7D
$GBGSV,2,1,05,06,53,103,40,08,31,068,38,09,52,127,40,13,44,053,39,B*0A
$GBGSV,2,2,05,16,51,089,40,B*36
$GBGSV,3,1,12,01,03,095,,02,58,140,,03,35,112,,05,62,201,,0*77
$GBGSV,3,2,12,07,01,156,,10,07,165,,19,13,266,,23,17,079,,0*74
$GBGSV,3,3,12,30,58,212,,59,08,095,,60,60,149,,61,35,113,,0*7D
$GQGSV,1,1,02,04,20,068,36,07,19,104,34,1*67
$GQGSV,1,1,03,03,05,128,25,04,20,068,35,07,19,104,35,6*59
$GNGLL,2454.22833,N,06708.27293,E,141934.00,A,D*73
$GNRMC,141935.00,A,2454.22833,N,06708.27293,E,0.007,,050525,,,R,V*07
$GNVTG,,T,,M,0.007,N,0.012,K,D*3C
$GNGGA,141935.00,2454.22833,N,06708.27293,E,4,12,0.67,21.9,M,-44.2,M,2.0,0290*77
$GNGSA,A,3,08,10,18,23,27,28,32,31,02,,,,1.46,0.67,1.29,1*06
$GNGSA,A,3,87,66,86,72,65,88,,,,,,,1.46,0.67,1.29,2*0D
$GNGSA,A,3,05,03,08,15,34,,,,,,,,1.46,0.67,1.29,3*06
$GNGSA,A,3,08,09,06,13,20,16,29,27,32,38,39,,1.46,0.67,1.29,4*02
$GNGSA,A,3,04,,,,,,,,,,,,1.46,0.67,1.29,5*09
$GPGSV,3,1,12,02,22,321,41,08,23,282,43,10,48,027,46,18,20,139,36,1*6B
$GPGSV,3,2,12,23,24,074,40,27,32,240,37,28,41,163,44,31,20,185,41,1*62
$GPGSV,3,3,12,32,71,342,50,36,34,246,36,40,59,208,47,41,56,146,46,1*61
$GPGSV,3,1,09,08,23,282,33,10,48,027,38,18,20,139,36,23,24,074,35,6*6D
$GPGSV,3,2,09,24,03,039,21,27,32,240,32,28,41,163,40,31,20,185,35,6*61
$GPGSV,3,3,09,32,71,342,40,6*5C
$GPGSV,1,1,01,49,17,257,,0*5F
$GLGSV,3,1,09,65,45,303,47,66,15,256,38,72,32,019,46,74,11,078,36,1*7B
$GLGSV,3,2,09,75,09,127,41,86,22,161,44,87,67,182,49,88,43,324,49,1*75
$GLGSV,3,3,09,,,,47,1*72
$GLGSV,2,1,06,66,15,256,32,72,32,019,43,75,09,127,33,86,22,161,40,3*73
$GLGSV,2,2,06,88,43,324,45,,,,41,3*4A
$GLGSV,1,1,01,73,00,038,,0*47
$GAGSV,2,1,06,03,69,010,43,05,20,040,37,08,49,241,42,13,15,323,39,2*74
$GAGSV,2,2,06,15,67,341,43,34,54,126,41,2*72
$GAGSV,2,1,06,03,69,010,46,05,20,040,37,08,49,241,42,13,15,323,35,7*78
$GAGSV,2,2,06,15,67,341,46,34,54,126,45,7*76
$GAGSV,1,1,02,07,01,228,,36,04,137,,0*7C
$GBGSV,2,1,08,08,31,068,39,13,44,053,43,20,48,305,46,27,19,163,41,1*76
$GBGSV,2,2,08,29,40,300,44,32,41,030,46,38,26,079,40,39,50,076,45,1*7D
$GBGSV,2,1,05,06,53,103,40,08,31,068,38,09,52,127,40,13,44,053,39,B*0A
$GBGSV,2,2,05,16,51,089,40,B*36
$GBGSV,3,1,12,01,03,095,,02,58,140,,03,35,112,,05,62,201,,0*77
$GBGSV,3,2,12,07,01,156,,10,07,165,,19,13,266,,23,17,079,,0*74
$GBGSV,3,3,12,30,58,212,,59,08,095,,60,60,149,,61,35,113,,0*7D
$GQGSV,1,1,02,04,20,068,36,07,19,104,34,1*67
$GQGSV,1,1,03,03,05,128,25,04,20,068,34,07,19,104,35,6*58
$GNGLL,2454.22833,N,06708.27293,E,141935.00,A,D*72
$GNRMC,141936.00,A,2454.22833,N,06708.27293,E,0.005,,050525,,,R,V*06
$GNVTG,,T,,M,0.005,N,0.009,K,D*34
$GNGGA,141936.00,2454.22833,N,06708.27293,E,4,12,0.67,21.9,M,-44.2,M,1.0,0290*77
$GNGSA,A,3,08,10,18,23,27,28,32,31,02,,,,1.46,0.67,1.29,1*06
$GNGSA,A,3,87,66,86,72,65,88,,,,,,,1.46,0.67,1.29,2*0D
$GNGSA,A,3,05,03,08,15,34,,,,,,,,1.46,0.67,1.29,3*06
$GNGSA,A,3,08,09,06,13,20,16,29,27,32,38,39,,1.46,0.67,1.29,4*02
$GNGSA,A,3,04,,,,,,,,,,,,1.46,0.67,1.29,5*09
$GPGSV,3,1,12,02,22,321,41,08,23,282,43,10,48,027,46,18,20,139,36,1*6B
$GPGSV,3,2,12,23,24,074,40,27,32,240,37,28,41,163,44,31,20,185,41,1*62
$GPGSV,3,3,12,32,71,342,50,36,34,246,36,40,59,208,47,41,56,146,46,1*61
$GPGSV,3,1,09,08,23,282,32,10,48,027,38,18,20,139,36,23,24,074,34,6*6D
$GPGSV,3,2,09,24,03,039,19,27,32,240,32,28,41,163,40,31,20,185,35,6*6A
$GPGSV,3,3,09,32,71,342,40,6*5C
$GPGSV,1,1,01,49,17,257,,0*5F
$GLGSV,3,1,09,65,45,303,47,66,15,256,37,72,32,019,46,74,11,078,36,1*74
$GLGSV,3,2,09,75,09,127,41,86,22,161,44,87,67,182,49,88,43,324,49,1*75
$GLGSV,3,3,09,,,,47,1*72
$GLGSV,2,1,06,66,15,256,32,72,32,019,43,75,09,127,33,86,22,161,40,3*73
$GLGSV,2,2,06,88,43,324,45,,,,41,3*4A
$GLGSV,1,1,01,73,00,038,,0*47
$GAGSV,2,1,06,03,69,010,43,05,20,040,37,08,49,241,42,13,15,323,39,2*74
$GAGSV,2,2,06,15,67,341,43,34,54,126,41,2*72
$GAGSV,2,1,06,03,69,010,46,05,20,040,37,08,49,241,42,13,15,323,35,7*78
$GAGSV,2,2,06,15,67,341,46,34,54,126,45,7*76
$GAGSV,1,1,02,07,01,228,,36,04,137,,0*7C
$GBGSV,2,1,08,08,31,068,39,13,44,053,43,20,48,305,46,27,19,163,41,1*76
$GBGSV,2,2,08,29,40,300,44,32,41,030,46,38,26,079,40,39,50,076,45,1*7D
$GBGSV,2,1,05,06,53,103,39,08,31,068,38,09,52,127,40,13,44,053,39,B*04
$GBGSV,2,2,05,16,51,089,40,B*36
$GBGSV,3,1,12,01,03,095,,02,58,140,,03,35,112,,05,62,201,,0*77
$GBGSV,3,2,12,07,01,156,,10,07,165,,19,13,266,,23,17,079,,0*74
$GBGSV,3,3,12,30,58,212,,59,08,095,,60,60,149,,61,35,113,,0*7D
$GQGSV,1,1,02,04,20,068,36,07,19,104,34,1*67
$GQGSV,1,1,03,03,05,128,25,04,20,068,35,07,19,104,35,6*59
$GNGLL,2454.22833,N,06708.27293,E,141936.00,A,D*71
$GNRMC,141937.00,A,2454.22833,N,06708.27293,E,0.004,,050525,,,R,V*06
$GNVTG,,T,,M,0.004,N,0.007,K,D*3B
$GNGGA,141937.00,2454.22833,N,06708.27293,E,4,12,0.67,21.9,M,-44.2,M,1.0,0290*76
$GNGSA,A,3,08,10,18,23,27,28,32,31,02,,,,1.46,0.67,1.29,1*06
$GNGSA,A,3,87,66,86,72,65,88,,,,,,,1.46,0.67,1.29,2*0D
$GNGSA,A,3,05,03,08,15,34,,,,,,,,1.46,0.67,1.29,3*06
$GNGSA,A,3,08,09,06,13,20,16,29,27,32,38,39,,1.46,0.67,1.29,4*02
$GNGSA,A,3,04,,,,,,,,,,,,1.46,0.67,1.29,5*09
$GPGSV,3,1,12,02,22,321,41,08,23,282,43,10,48,027,46,18,20,139,36,1*6B
$GPGSV,3,2,12,23,24,074,40,27,32,240,37,28,41,163,44,31,20,185,41,1*62
$GPGSV,3,3,12,32,71,342,50,36,34,246,37,40,59,208,47,41,56,146,46,1*60
$GPGSV,3,1,09,08,23,282,32,10,48,027,38,18,20,139,36,23,24,074,34,6*6D
$GPGSV,3,2,09,24,03,039,19,27,32,240,32,28,41,163,40,31,20,185,35,6*6A
$GPGSV,3,3,09,32,71,342,40,6*5C
$GPGSV,1,1,01,49,17,257,,0*5F
$GLGSV,3,1,09,65,45,303,47,66,15,256,38,72,32,019,46,74,11,078,36,1*7B
$GLGSV,3,2,09,75,09,127,41,86,22,161,45,87,67,182,49,88,43,324,49,1*74
$GLGSV,3,3,09,,,,47,1*72
$GLGSV,2,1,06,66,15,256,32,72,32,019,43,75,09,127,33,86,22,161,40,3*73
$GLGSV,2,2,06,88,43,324,45,,,,41,3*4A
$GLGSV,1,1,01,73,00,038,,0*47
$GAGSV,2,1,06,03,69,010,43,05,20,040,37,08,49,241,42,13,15,323,39,2*74
$GAGSV,2,2,06,15,67,341,43,34,54,126,41,2*72
$GAGSV,2,1,06,03,69,010,46,05,20,040,37,08,49,241,42,13,15,323,35,7*78
$GAGSV,2,2,06,15,67,341,47,34,54,126,45,7*77
$GAGSV,1,1,02,07,01,228,,36,04,137,,0*7C
$GBGSV,2,1,08,08,31,068,39,13,44,053,43,20,48,305,46,27,19,163,42,1*75
$GBGSV,2,2,08,29,40,300,44,32,41,030,46,38,26,079,40,39,50,076,45,1*7D
$GBGSV,2,1,05,06,53,103,40,08,31,068,38,09,52,127,40,13,44,053,39,B*0A
$GBGSV,2,2,05,16,51,089,40,B*36
$GBGSV,3,1,12,01,03,095,,02,58,140,,03,35,112,,05,62,201,,0*77
$GBGSV,3,2,12,07,01,156,,10,07,165,,19,13,266,,23,17,079,,0*74
$GBGSV,3,3,12,30,58,212,,59,08,095,,60,60,149,,61,35,113,,0*7D
$GQGSV,1,1,02,04,20,068,36,07,19,104,34,1*67
$GQGSV,1,1,03,03,05,128,24,04,20,068,35,07,19,104,35,6*58
$GNGLL,2454.22833,N,06708.27293,E,141937.00,A,D*70
$GNRMC,141938.00,A,2454.22833,N,06708.27293,E,0.004,,050525,,,R,V*09
$GNVTG,,T,,M,0.004,N,0.007,K,D*3B
$GNGGA,141938.00,2454.22833,N,06708.27293,E,4,12,0.67,21.9,M,-44.2,M,1.0,0290*79
$GNGSA,A,3,08,10,18,23,27,28,32,31,02,,,,1.46,0.67,1.29,1*06
$GNGSA,A,3,87,66,86,72,65,88,,,,,,,1.46,0.67,1.29,2*0D
$GNGSA,A,3,05,03,08,15,34,,,,,,,,1.46,0.67,1.29,3*06
$GNGSA,A,3,08,09,06,13,20,16,29,27,32,38,39,,1.46,0.67,1.29,4*02
$GNGSA,A,3,04,,,,,,,,,,,,1.46,0.67,1.29,5*09
$GPGSV,3,1,12,02,22,321,41,08,23,282,43,10,48,027,46,18,20,139,36,1*6B
$GPGSV,3,2,12,23,24,074,40,27,32,240,37,28,41,163,44,31,20,185,41,1*62
$GPGSV,3,3,12,32,71,342,50,36,34,246,37,40,59,208,47,41,56,146,46,1*60
$GPGSV,3,1,09,08,23,282,32,10,48,027,38,18,20,139,36,23,24,074,34,6*6D
$GPGSV,3,2,09,24,03,039,19,27,32,240,32,28,41,163,40,31,20,185,35,6*6A
$GPGSV,3,3,09,32,71,342,40,6*5C
$GPGSV,1,1,01,49,17,257,,0*5F
$GLGSV,3,1,09,65,45,303,47,66,15,256,38,72,32,019,46,74,11,078,36,1*7B
$GLGSV,3,2,09,75,09,127,41,86,22,161,45,87,67,182,49,88,43,324,49,1*74
$GLGSV,3,3,09,,,,47,1*72
$GLGSV,2,1,06,66,15,256,31,72,32,019,44,75,09,127,34,86,22,161,40,3*70
$GLGSV,2,2,06,88,43,324,45,,,,41,3*4A
$GLGSV,1,1,01,73,00,038,,0*47
$GAGSV,2,1,06,03,69,010,43,05,20,040,37,08,49,241,42,13,15,323,39,2*74
$GAGSV,2,2,06,15,67,341,43,34,54,126,41,2*72
$GAGSV,2,1,06,03,69,010,46,05,20,040,37,08,49,241,42,13,15,323,35,7*78
$GAGSV,2,2,06,15,67,341,46,34,54,126,45,7*76
$GAGSV,1,1,02,07,01,228,,36,04,137,,0*7C
$GBGSV,2,1,08,08,31,068,39,13,44,053,43,20,48,305,46,27,18,163,41,1*77
$GBGSV,2,2,08,29,40,300,44,32,41,030,46,38,26,079,40,39,50,076,45,1*7D
$GBGSV,2,1,05,06,53,103,39,08,31,068,38,09,52,127,40,13,44,053,39,B*04
$GBGSV,2,2,05,16,51,089,40,B*36
$GBGSV,3,1,12,01,03,095,,02,58,140,,03,35,112,,05,62,201,,0*77
$GBGSV,3,2,12,07,01,156,,10,07,165,,19,13,266,,23,17,079,,0*74
$GBGSV,3,3,12,30,58,212,,59,08,095,,60,60,149,,61,35,113,,0*7D
$GQGSV,1,1,02,04,20,068,36,07,19,104,34,1*67
$GQGSV,1,1,03,03,05,128,24,04,20,068,34,07,19,104,35,6*59
$GNGLL,2454.22833,N,06708.27293,E,141938.00,A,D*7F
$GNRMC,141939.00,A,2454.22833,N,06708.27293,E,0.010,,050525,,,R,V*0D
$GNVTG,,T,,M,0.010,N,0.018,K,D*30
$GNGGA,141939.00,2454.22833,N,06708.27293,E,4,12,0.67,21.9,M,-44.2,M,1.0,0290*78
$GNGSA,A,3,08,10,18,23,27,28,32,31,02,,,,1.46,0.67,1.29,1*06
$GNGSA,A,3,87,66,86,72,65,88,,,,,,,1.46,0.67,1.29,2*0D
$GNGSA,A,3,05,03,08,15,34,,,,,,,,1.46,0.67,1.29,3*06
$GNGSA,A,3,08,09,06,13,20,16,29,27,32,38,39,,1.46,0.67,1.29,4*02
$GNGSA,A,3,04,,,,,,,,,,,,1.46,0.67,1.29,5*09
$GPGSV,3,1,12,02,22,321,41,08,23,282,43,10,48,027,46,18,20,139,36,1*6B
$GPGSV,3,2,12,23,24,074,40,27,32,240,37,28,41,163,44,31,20,185,41,1*62
$GPGSV,3,3,12,32,71,342,50,36,34,246,36,40,59,208,47,41,56,146,46,1*61
$GPGSV,3,1,09,08,23,282,32,10,48,027,38,18,20,139,36,23,24,074,35,6*6C
$GPGSV,3,2,09,24,03,039,19,27,32,240,32,28,41,163,40,31,20,185,35,6*6A
$GPGSV,3,3,09,32,71,342,40,6*5C
$GPGSV,1,1,01,49,17,257,,0*5F
$GLGSV,2,1,08,65,45,303,47,66,15,256,38,72,32,019,46,74,11,078,35,1*78
$GLGSV,2,2,08,75,09,127,41,86,22,161,45,87,67,182,49,88,43,324,49,1*74
$GLGSV,2,1,06,66,15,256,31,72,32,019,43,75,09,127,34,86,22,161,40,3*77
$GLGSV,2,2,06,88,43,324,45,,,,39,3*45
$GLGSV,1,1,01,73,00,038,,0*47
$GAGSV,2,1,06,03,69,010,43,05,20,040,37,08,49,241,42,13,15,323,39,2*74
$GAGSV,2,2,06,15,67,341,43,34,54,126,41,2*72
$GAGSV,2,1,06,03,69,010,46,05,20,040,37,08,49,241,42,13,15,323,35,7*78
$GAGSV,2,2,06,15,67,341,46,34,54,126,45,7*76
$GAGSV,1,1,02,07,01,228,,36,04,137,,0*7C
$GBGSV,2,1,08,08,31,068,39,13,44,053,43,20,48,305,46,27,18,163,41,1*77
$GBGSV,2,2,08,29,40,300,44,32,41,030,46,38,26,079,40,39,50,076,45,1*7D
$GBGSV,2,1,05,06,53,103,40,08,31,068,37,09,52,127,40,13,44,053,39,B*05
$GBGSV,2,2,05,16,51,089,40,B*36
$GBGSV,3,1,12,01,03,095,,02,58,140,,03,35,112,,05,62,201,,0*77
$GBGSV,3,2,12,07,01,156,,10,07,165,,19,13,266,,23,17,079,,0*74
$GBGSV,3,3,12,30,58,212,,59,08,095,,60,60,149,,61,35,113,,0*7D
$GQGSV,1,1,02,04,20,068,36,07,19,104,34,1*67
$GQGSV,1,1,03,03,05,128,24,04,20,068,34,07,19,104,35,6*59
$GNGLL,2454.22833,N,06708.27293,E,141939.00,A,D*7E
$GNRMC,141940.00,A,2454.22833,N,06708.27293,E,0.011,,050525,,,R,V*02
$GNVTG,,T,,M,0.011,N,0.020,K,D*3A
$GNGGA,141940.00,2454.22833,N,06708.27293,E,4,12,0.67,21.9,M,-44.2,M,1.0,0290*76
$GNGSA,A,3,08,10,18,23,27,28,32,31,02,,,,1.46,0.67,1.29,1*06
$GNGSA,A,3,87,66,86,72,65,88,,,,,,,1.46,0.67,1.29,2*0D
$GNGSA,A,3,05,03,08,15,34,,,,,,,,1.46,0.67,1.29,3*06
$GNGSA,A,3,08,09,06,13,20,16,29,27,32,38,39,,1.46,0.67,1.29,4*02
$GNGSA,A,3,04,,,,,,,,,,,,1.46,0.67,1.29,5*09
$GPGSV,3,1,12,02,22,321,41,08,23,282,43,10,48,027,46,18,20,139,35,1*68
$GPGSV,3,2,12,23,24,074,40,27,32,240,37,28,41,163,44,31,20,185,41,1*62
$GPGSV,3,3,12,32,71,342,50,36,34,246,36,40,59,208,47,41,56,146,46,1*61
$GPGSV,3,1,09,08,23,282,32,10,48,027,38,18,20,139,35,23,24,074,35,6*6F
$GPGSV,3,2,09,24,03,039,19,27,32,240,32,28,41,163,40,31,20,185,35,6*6A
$GPGSV,3,3,09,32,71,342,40,6*5C
$GPGSV,1,1,01,49,17,257,,0*5F
$GLGSV,3,1,09,65,45,303,47,66,15,256,38,72,32,019,46,74,11,078,35,1*78
$GLGSV,3,2,09,75,09,127,41,86,22,161,45,87,67,182,49,88,43,324,49,1*74
$GLGSV,3,3,09,,,,47,1*72
$GLGSV,2,1,06,66,15,256,31,72,32,019,43,75,09,127,34,86,22,161,40,3*77
$GLGSV,2,2,06,88,43,324,45,,,,40,3*4B
$GLGSV,1,1,01,73,00,038,,0*47
$GAGSV,2,1,06,03,69,010,43,05,20,040,38,08,49,241,42,13,15,323,39,2*7B
$GAGSV,2,2,06,15,67,341,43,34,54,126,41,2*72
$GAGSV,2,1,06,03,69,010,46,05,20,040,37,08,49,241,42,13,15,323,35,7*78
$GAGSV,2,2,06,15,67,341,46,34,54,126,45,7*76
$GAGSV,1,1,02,07,01,228,,36,04,137,,0*7C
$GBGSV,2,1,08,08,31,068,39,13,44,053,43,20,48,305,46,27,18,163,41,1*77
$GBGSV,2,2,08,29,40,299,44,32,41,030,46,38,26,079,40,39,50,076,45,1*7C
$GBGSV,2,1,05,06,53,103,40,08,31,068,37,09,52,127,40,13,44,053,39,B*05
$GBGSV,2,2,05,16,51,089,40,B*36
$GBGSV,3,1,12,01,03,095,,02,58,140,,03,35,112,,05,62,201,,0*77
$GBGSV,3,2,12,07,01,156,,10,07,165,,19,13,266,,23,17,079,,0*74
$GBGSV,3,3,12,30,58,212,,59,08,095,,60,60,149,,61,35,113,,0*7D
$GQGSV,1,1,02,04,20,068,36,07,19,104,34,1*67
$GQGSV,1,1,03,03,05,128,24,04,20,068,35,07,19,104,35,6*58
$GNGLL,2454.22833,N,06708.27293,E,141940.00,A,D*70
$GNRMC,141941.00,A,2454.22833,N,06708.27293,E,0.010,,050525,,,R,V*02
$GNVTG,,T,,M,0.010,N,0.018,K,D*30
$GNGGA,141941.00,2454.22833,N,06708.27293,E,4,12,0.67,21.9,M,-44.2,M,1.0,0290*77
$GNGSA,A,3,08,10,18,23,27,28,32,31,02,,,,1.46,0.67,1.29,1*06
$GNGSA,A,3,87,66,86,72,65,88,,,,,,,1.46,0.67,1.29,2*0D
$GNGSA,A,3,05,03,08,15,34,,,,,,,,1.46,0.67,1.29,3*06
$GNGSA,A,3,08,09,06,13,20,16,29,27,32,38,39,,1.46,0.67,1.29,4*02
$GNGSA,A,3,04,,,,,,,,,,,,1.46,0.67,1.29,5*09
$GPGSV,3,1,12,02,22,321,41,08,23,282,43,10,48,027,46,18,20,139,35,1*68
$GPGSV,3,2,12,23,24,074,40,27,32,240,37,28,41,163,44,31,20,185,41,1*62
$GPGSV,3,3,12,32,71,342,50,36,34,246,36,40,59,208,47,41,56,146,46,1*61
$GPGSV,3,1,09,08,23,282,32,10,48,027,38,18,20,139,36,23,24,074,34,6*6D
$GPGSV,3,2,09,24,03,039,19,27,32,240,32,28,41,163,40,31,20,185,35,6*6A
$GPGSV,3,3,09,32,71,342,40,6*5C
$GPGSV,1,1,01,49,17,257,,0*5F
$GLGSV,3,1,09,65,45,303,47,66,15,256,39,72,32,019,46,74,11,078,35,1*79
$GLGSV,3,2,09,75,09,127,41,86,22,161,45,87,67,182,49,88,43,324,49,1*74
$GLGSV,3,3,09,,,,47,1*72
$GLGSV,2,1,06,66,15,256,31,72,32,019,43,75,09,127,34,86,22,161,40,3*77
$GLGSV,2,2,06,88,43,324,45,,,,41,3*4A
$GLGSV,1,1,01,73,00,038,,0*47
$GAGSV,2,1,06,03,69,010,43,05,20,040,38,08,49,241,42,13,15,323,39,2*7B
$GAGSV,2,2,06,15,67,341,43,34,54,126,41,2*72
$GAGSV,2,1,06,03,69,010,46,05,20,040,37,08,49,241,42,13,15,323,35,7*78
$GAGSV,2,2,06,15,67,341,47,34,54,126,45,7*77
$GAGSV,1,1,02,07,01,228,,36,04,137,,0*7C
$GBGSV,2,1,08,08,31,068,39,13,44,053,43,20,48,305,46,27,18,163,41,1*77
$GBGSV,2,2,08,29,40,299,44,32,41,030,46,38,26,079,40,39,50,076,45,1*7C
$GBGSV,2,1,05,06,53,103,40,08,31,068,37,09,52,127,40,13,44,053,39,B*05
$GBGSV,2,2,05,16,51,089,40,B*36
$GBGSV,3,1,12,01,03,095,,02,58,140,,03,35,112,,05,62,201,,0*77
$GBGSV,3,2,12,07,01,156,,10,07,165,,19,13,266,,23,17,079,,0*74
$GBGSV,3,3,12,30,57,211,,59,08,095,,60,60,149,,61,35,113,,0*71
$GQGSV,1,1,02,04,20,068,36,07,19,104,34,1*67
$GQGSV,1,1,03,03,05,128,25,04,20,068,35,07,19,104,35,6*59
$GNGLL,2454.22833,N,06708.27293,E,141941.00,A,D*71
$GNRMC,141942.00,A,2454.22833,N,06708.27293,E,0.003,,050525,,,R,V*03
$GNVTG,,T,,M,0.003,N,0.006,K,D*3D
$GNGGA,141942.00,2454.22833,N,06708.27293,E,4,12,0.67,21.9,M,-44.2,M,1.0,0290*74
$GNGSA,A,3,08,10,18,23,27,28,32,31,02,,,,1.46,0.67,1.29,1*06
$GNGSA,A,3,87,66,86,72,65,88,,,,,,,1.46,0.67,1.29,2*0D
$GNGSA,A,3,05,03,08,15,34,,,,,,,,1.46,0.67,1.29,3*06
$GNGSA,A,3,08,09,06,13,20,16,29,27,32,38,39,,1.46,0.67,1.29,4*02
$GNGSA,A,3,04,,,,,,,,,,,,1.46,0.67,1.29,5*09
$GPGSV,3,1,12,02,22,321,41,08,23,282,43,10,48,027,46,18,20,139,36,1*6B
$GPGSV,3,2,12,23,24,074,40,27,32,240,37,28,41,163,44,31,20,185,41,1*62
$GPGSV,3,3,12,32,71,342,50,36,34,246,36,40,59,208,47,41,56,146,46,1*61
$GPGSV,3,1,09,08,23,282,32,10,48,027,38,18,20,139,35,23,24,074,34,6*6E
$GPGSV,3,2,09,24,03,039,19,27,32,240,32,28,41,163,40,31,20,185,35,6*6A
$GPGSV,3,3,09,32,71,342,40,6*5C
$GPGSV,1,1,01,49,17,257,,0*5F
$GLGSV,3,1,09,65,45,303,46,66,15,256,39,72,32,019,46,74,11,078,35,1*78
$GLGSV,3,2,09,75,09,127,41,86,22,161,45,87,67,182,49,88,43,324,49,1*74
$GLGSV,3,3,09,,,,47,1*72
$GLGSV,2,1,06,66,15,256,31,72,32,019,43,75,09,127,34,86,22,161,40,3*77
$GLGSV,2,2,06,88,43,324,45,,,,41,3*4A
$GLGSV,1,1,01,73,00,038,,0*47
$GAGSV,2,1,06,03,69,010,43,05,20,040,38,08,49,241,42,13,15,323,39,2*7B
$GAGSV,2,2,06,15,67,341,43,34,54,126,41,2*72
$GAGSV,2,1,06,03,69,010,46,05,20,040,37,08,49,241,42,13,15,323,36,7*7B
$GAGSV,2,2,06,15,67,341,47,34,54,126,45,7*77
$GAGSV,1,1,02,07,01,228,,36,04,137,,0*7C
$GBGSV,2,1,08,08,31,068,39,13,44,053,43,20,48,305,46,27,18,163,41,1*77
$GBGSV,2,2,08,29,40,299,44,32,40,031,46,38,26,079,40,39,50,076,45,1*7C
$GBGSV,2,1,05,06,53,103,40,08,31,068,37,09,52,127,40,13,44,053,39,B*05
$GBGSV,2,2,05,16,51,089,40,B*36
$GBGSV,3,1,12,01,03,095,,02,58,140,,03,35,112,,05,62,201,,0*77
$GBGSV,3,2,12,07,01,156,,10,07,165,,19,13,266,,23,17,079,,0*74
$GBGSV,3,3,12,30,57,211,,59,08,095,,60,60,149,,61,35,113,,0*71
$GQGSV,1,1,02,04,20,068,36,07,19,104,34,1*67
$GQGSV,1,1,03,03,05,128,24,04,20,068,35,07,19,104,35,6*58
$GNGLL,2454.22833,N,06708.27293,E,141942.00,A,D*72
$GNRMC,141943.00,A,2454.22833,N,06708.27293,E,0.011,,050525,,,R,V*01
$GNVTG,,T,,M,0.011,N,0.020,K,D*3A
$GNGGA,141943.00,2454.22833,N,06708.27293,E,4,12,0.67,21.9,M,-44.2,M,1.0,0290*75
$GNGSA,A,3,08,10,18,23,27,28,32,31,02,,,,1.46,0.67,1.29,1*06
$GNGSA,A,3,87,66,86,72,65,88,,,,,,,1.46,0.67,1.29,2*0D
$GNGSA,A,3,05,03,08,15,34,,,,,,,,1.46,0.67,1.29,3*06
$GNGSA,A,3,08,09,06,13,20,16,29,27,32,38,39,,1.46,0.67,1.29,4*02
$GNGSA,A,3,04,,,,,,,,,,,,1.46,0.67,1.29,5*09
$GPGSV,3,1,12,02,22,321,41,08,23,282,43,10,48,027,46,18,20,139,35,1*68
$GPGSV,3,2,12,23,24,074,40,27,32,240,37,28,41,163,44,31,20,185,41,1*62
$GPGSV,3,3,12,32,71,342,50,36,34,246,36,40,59,208,47,41,56,146,46,1*61
$GPGSV,3,1,09,08,23,282,32,10,48,027,38,18,20,139,35,23,24,074,35,6*6F
$GPGSV,3,2,09,24,03,039,19,27,32,240,32,28,41,163,40,31,20,185,35,6*6A
$GPGSV,3,3,09,32,71,342,40,6*5C
$GPGSV,1,1,01,49,17,257,,0*5F
$GLGSV,3,1,09,65,45,303,46,66,15,256,38,72,32,019,46,74,11,078,34,1*78
$GLGSV,3,2,09,75,09,127,41,86,22,161,45,87,67,182,49,88,43,324,49,1*74
$GLGSV,3,3,09,,,,47,1*72
$GLGSV,2,1,06,66,15,256,31,72,32,019,43,75,09,127,34,86,22,161,40,3*77
$GLGSV,2,2,06,88,43,324,45,,,,41,3*4A
$GLGSV,1,1,01,73,00,038,,0*47
$GAGSV,2,1,06,03,69,010,43,05,20,040,38,08,49,241,42,13,15,323,39,2*7B
$GAGSV,2,2,06,15,67,341,43,34,54,126,41,2*72
$GAGSV,2,1,06,03,69,010,46,05,20,040,37,08,49,241,42,13,15,323,35,7*78
$GAGSV,2,2,06,15,67,341,47,34,54,126,45,7*77
$GAGSV,1,1,02,07,01,228,,36,04,137,,0*7C
$GBGSV,2,1,08,08,31,068,39,13,44,053,43,20,48,305,46,27,18,163,41,1*77
$GBGSV,2,2,08,29,40,299,44,32,40,031,46,38,26,080,40,39,50,076,45,1*7A
$GBGSV,2,1,05,06,53,103,40,08,31,068,38,09,52,127,40,13,44,053,39,B*0A
$GBGSV,2,2,05,16,51,089,40,B*36
$GBGSV,3,1,12,01,03,095,,02,58,140,,03,35,112,,05,62,201,,0*77
$GBGSV,3,2,12,07,01,156,,10,07,165,,19,13,266,,23,17,079,,0*74
$GBGSV,3,3,12,30,57,211,,59,08,095,,60,60,149,,61,35,113,,0*71
$GQGSV,1,1,02,04,20,068,36,07,19,104,34,1*67
$GQGSV,1,1,03,03,05,128,24,04,20,068,34,07,19,104,35,6*59
$GNGLL,2454.22833,N,06708.27293,E,141943.00,A,D*73
$GNRMC,141944.00,A,2454.22833,N,06708.27293,E,0.006,,050525,,,R,V*00
$GNVTG,,T,,M,0.006,N,0.010,K,D*3F
$GNGGA,141944.00,2454.22833,N,06708.27293,E,4,12,0.67,21.9,M,-44.2,M,1.0,0290*72
$GNGSA,A,3,08,10,18,23,27,28,32,31,02,,,,1.46,0.67,1.29,1*06
$GNGSA,A,3,87,66,86,72,65,88,,,,,,,1.46,0.67,1.29,2*0D
$GNGSA,A,3,05,03,08,15,34,,,,,,,,1.46,0.67,1.29,3*06
$GNGSA,A,3,08,09,06,13,20,16,29,27,32,38,39,,1.46,0.67,1.29,4*02
$GNGSA,A,3,04,,,,,,,,,,,,1.46,0.67,1.29,5*09
$GPGSV,3,1,12,02,22,321,41,08,23,282,43,10,48,027,46,18,20,139,35,1*68
$GPGSV,3,2,12,23,24,074,40,27,32,240,38,28,41,163,44,31,20,185,41,1*6D
$GPGSV,3,3,12,32,71,342,50,36,34,246,37,40,59,208,47,41,56,146,46,1*60
$GPGSV,3,1,09,08,23,282,32,10,48,027,38,18,20,139,36,23,24,074,34,6*6D
$GPGSV,3,2,09,24,03,039,20,27,32,240,33,28,41,163,41,31,20,185,35,6*60
$GPGSV,3,3,09,32,71,342,40,6*5C
$GPGSV,1,1,01,49,17,257,,0*5F
$GLGSV,3,1,09,65,45,303,46,66,15,256,38,72,32,019,46,74,11,078,34,1*78
$GLGSV,3,2,09,75,09,127,41,86,22,161,45,87,67,182,49,88,43,324,49,1*74
$GLGSV,3,3,09,,,,47,1*72
$GLGSV,2,1,06,66,15,256,31,72,32,019,43,75,09,127,34,86,22,161,40,3*77
$GLGSV,2,2,06,88,43,324,45,,,,41,3*4A
$GLGSV,1,1,01,73,00,038,,0*47
$GAGSV,2,1,06,03,69,010,43,05,20,040,37,08,49,241,42,13,15,323,39,2*74
$GAGSV,2,2,06,15,67,341,43,34,54,126,41,2*72
$GAGSV,2,1,06,03,69,010,46,05,20,040,38,08,49,241,42,13,15,323,35,7*77
$GAGSV,2,2,06,15,67,341,47,34,54,126,45,7*77
$GAGSV,1,1,02,07,01,228,,36,04,137,,0*7C
$GBGSV,2,1,08,08,31,068,39,13,44,053,43,20,48,305,46,27,18,163,41,1*77
$GBGSV,2,2,08,29,40,299,44,32,40,031,46,38,26,080,40,39,50,075,45,1*79
$GBGSV,2,1,05,06,53,103,40,08,31,068,37,09,52,127,40,13,44,053,39,B*05
$GBGSV,2,2,05,16,51,089,40,B*36
$GBGSV,3,1,12,01,03,095,,02,58,140,,03,35,112,,05,62,201,,0*77
$GBGSV,3,2,12,07,01,156,,10,07,165,,19,13,266,,23,17,079,,0*74
$GBGSV,3,3,12,30,57,211,,59,08,095,,60,60,149,,61,35,113,,0*71
$GQGSV,1,1,02,04,20,068,36,07,19,104,34,1*67
$GQGSV,1,1,03,03,05,128,24,04,20,068,35,07,19,104,35,6*58
$GNGLL,2454.22833,N,06708.27293,E,141944.00,A,D*74
$GNRMC,141945.00,A,2454.22833,N,06708.27293,E,0.008,,050525,,,R,V*0F
$GNVTG,,T,,M,0.008,N,0.015,K,D*34
$GNGGA,141945.00,2454.22833,N,06708.27293,E,4,12,0.67,21.9,M,-44.2,M,1.0,0290*73
$GNGSA,A,3,08,10,18,23,27,28,32,31,02,,,,1.46,0.67,1.29,1*06
$GNGSA,A,3,87,66,86,72,65,88,,,,,,,1.46,0.67,1.29,2*0D
$GNGSA,A,3,05,03,08,15,34,,,,,,,,1.46,0.67,1.29,3*06
$GNGSA,A,3,08,09,06,13,20,16,29,27,32,38,39,,1.46,0.67,1.29,4*02
$GNGSA,A,3,04,,,,,,,,,,,,1.46,0.67,1.29,5*09
$GPGSV,3,1,12,02,22,321,41,08,23,282,43,10,48,027,46,18,20,139,35,1*68
$GPGSV,3,2,12,23,24,074,40,27,32,240,37,28,41,163,44,31,20,185,41,1*62
$GPGSV,3,3,12,32,71,342,50,36,34,246,37,40,59,208,46,41,56,146,46,1*61
$GPGSV,3,1,09,08,23,282,32,10,48,027,38,18,20,139,36,23,24,074,34,6*6D
$GPGSV,3,2,09,24,03,039,20,27,32,240,33,28,41,163,41,31,20,185,35,6*60
$GPGSV,3,3,09,32,71,342,40,6*5C
$GPGSV,1,1,01,49,17,257,,0*5F
$GLGSV,3,1,09,65,45,303,47,66,15,256,38,72,32,019,46,74,11,078,34,1*79
$GLGSV,3,2,09,75,09,127,41,86,22,161,45,87,67,182,49,88,43,324,49,1*74
$GLGSV,3,3,09,,,,47,1*72
$GLGSV,2,1,06,66,15,256,31,72,32,019,43,75,09,127,33,86,22,161,40,3*70
$GLGSV,2,2,06,88,43,324,45,,,,41,3*4A
$GLGSV,1,1,01,73,00,038,,0*47
$GAGSV,2,1,06,03,69,010,43,05,20,040,37,08,49,241,42,13,15,323,38,2*75
$GAGSV,2,2,06,15,67,341,43,34,54,126,41,2*72
$GAGSV,2,1,06,03,69,010,46,05,20,040,38,08,49,241,42,13,15,323,35,7*77
$GAGSV,2,2,06,15,67,341,47,34,54,126,45,7*77
$GAGSV,1,1,02,07,01,228,,36,04,137,,0*7C
$GBGSV,2,1,08,08,31,068,39,13,44,053,43,20,48,305,46,27,18,163,41,1*77
$GBGSV,2,2,08,29,40,299,44,32,40,031,46,38,26,080,40,39,50,075,45,1*79
$GBGSV,2,1,05,06,53,103,40,08,31,068,37,09,52,127,40,13,44,053,39,B*05
$GBGSV,2,2,05,16,51,089,40,B*36
$GBGSV,3,1,12,01,03,095,,02,58,140,,03,35,112,,05,62,201,,0*77
$GBGSV,3,2,12,07,01,156,,10,07,165,,19,13,266,,23,17,079,,0*74
$GBGSV,3,3,12,30,57,211,,59,08,095,,60,60,149,,61,35,113,,0*71
$GQGSV,1,1,02,04,20,068,36,07,19,104,34,1*67
$GQGSV,1,1,03,03,05,128,23,04,20,068,35,07,19,104,35,6*5F
$GNGLL,2454.22833,N,06708.27293,E,141945.00,A,D*75
$GNRMC,141946.00,A,2454.22833,N,06708.27293,E,0.010,,050525,,,R,V*05
$GNVTG,,T,,M,0.010,N,0.019,K,D*31
$GNGGA,141946.00,2454.22833,N,06708.27293,E,4,12,0.67,21.9,M,-44.2,M,1.0,0290*70
$GNGSA,A,3,08,10,18,23,27,28,32,31,02,,,,1.46,0.67,1.29,1*06
$GNGSA,A,3,87,66,86,72,65,88,,,,,,,1.46,0.67,1.29,2*0D
$GNGSA,A,3,05,03,08,15,34,,,,,,,,1.46,0.67,1.29,3*06
$GNGSA,A,3,08,09,06,13,20,16,29,27,32,38,39,,1.46,0.67,1.29,4*02
$GNGSA,A,3,04,,,,,,,,,,,,1.46,0.67,1.29,5*09
$GPGSV,3,1,12,02,22,321,41,08,23,282,43,10,48,027,46,18,20,139,35,1*68
$GPGSV,3,2,12,23,24,074,40,27,32,240,37,28,41,163,44,31,20,185,41,1*62
$GPGSV,3,3,12,32,71,342,50,36,34,246,37,40,59,208,46,41,56,146,46,1*61
$GPGSV,3,1,09,08,23,282,32,10,48,027,38,18,20,139,35,23,24,074,34,6*6E
$GPGSV,3,2,09,24,03,039,20,27,32,240,33,28,41,163,41,31,20,185,35,6*60
$GPGSV,3,3,09,32,71,342,40,6*5C
$GPGSV,1,1,01,49,17,257,,0*5F
$GLGSV,3,1,09,65,45,303,47,66,15,256,38,72,32,019,46,74,11,078,33,1*7E
$GLGSV,3,2,09,75,09,127,41,86,22,161,45,87,67,182,49,88,43,324,49,1*74
$GLGSV,3,3,09,,,,47,1*72
$GLGSV,2,1,06,66,15,256,31,72,32,019,43,75,09,127,33,86,22,161,40,3*70
$GLGSV,2,2,06,88,43,324,45,,,,41,3*4A
$GLGSV,1,1,01,73,00,038,,0*47
$GAGSV,2,1,06,03,69,010,43,05,20,040,37,08,49,241,42,13,15,323,38,2*75
$GAGSV,2,2,06,15,67,341,43,34,54,126,41,2*72
$GAGSV,2,1,06,03,69,010,46,05,20,040,38,08,49,241,42,13,15,323,35,7*77
$GAGSV,2,2,06,15,67,341,47,34,54,126,45,7*77
$GAGSV,1,1,02,07,01,228,,36,04,137,,0*7C
$GBGSV,2,1,08,08,31,068,39,13,44,053,43,20,48,305,46,27,18,163,41,1*77
$GBGSV,2,2,08,29,40,299,44,32,40,031,46,38,26,080,40,39,50,075,45,1*79
$GBGSV,2,1,05,06,53,103,40,08,31,068,38,09,52,127,40,13,44,053,39,B*0A
$GBGSV,2,2,05,16,51,089,40,B*36
$GBGSV,3,1,12,01,03,095,,02,58,140,,03,35,112,,05,62,201,,0*77
$GBGSV,3,2,12,07,01,156,,10,07,165,,19,13,266,,23,17,079,,0*74
$GBGSV,3,3,12,30,57,211,,59,08,095,,60,60,149,,61,35,113,,0*71
$GQGSV,1,1,02,04,20,068,36,07,19,104,34,1*67
$GQGSV,1,1,03,03,05,128,23,04,20,068,34,07,19,104,35,6*5E
$GNGLL,2454.22833,N,06708.27293,E,141946.00,A,D*76
$GNRMC,141947.00,A,2454.22833,N,06708.27293,E,0.004,,050525,,,R,V*01
$GNVTG,,T,,M,0.004,N,0.008,K,D*34
$GNGGA,141947.00,2454.22833,N,06708.27293,E,4,12,0.67,21.9,M,-44.2,M,1.0,0290*71
$GNGSA,A,3,08,10,18,23,27,28,32,31,02,,,,1.46,0.67,1.29,1*06
$GNGSA,A,3,87,66,86,72,65,88,,,,,,,1.46,0.67,1.29,2*0D
$GNGSA,A,3,05,03,08,15,34,,,,,,,,1.46,0.67,1.29,3*06
$GNGSA,A,3,08,09,06,13,20,16,29,27,32,38,39,,1.46,0.67,1.29,4*02
$GNGSA,A,3,04,,,,,,,,,,,,1.46,0.67,1.29,5*09
$GPGSV,3,1,12,02,22,321,41,08,23,282,43,10,48,027,46,18,20,139,35,1*68
$GPGSV,3,2,12,23,24,074,40,27,32,240,38,28,41,163,44,31,20,185,41,1*6D
$GPGSV,3,3,12,32,71,342,50,36,34,246,37,40,59,208,46,41,56,146,46,1*61
$GPGSV,3,1,09,08,23,282,32,10,48,027,38,18,20,139,35,23,24,074,34,6*6E
$GPGSV,3,2,09,24,03,039,19,27,32,240,33,28,41,163,40,31,20,185,35,6*6B
$GPGSV,3,3,09,32,71,342,41,6*5D
$GPGSV,1,1,01,49,17,257,,0*5F
$GLGSV,3,1,09,65,45,303,47,66,15,256,38,72,32,019,46,74,11,078,33,1*7E
$GLGSV,3,2,09,75,09,127,41,86,22,161,45,87,67,182,49,88,43,324,49,1*74
$GLGSV,3,3,09,,,,47,1*72
$GLGSV,2,1,06,66,15,256,31,72,32,019,43,75,09,127,34,86,22,161,40,3*77
$GLGSV,2,2,06,88,43,324,45,,,,42,3*49
$GLGSV,1,1,01,73,00,038,,0*47
$GAGSV,2,1,06,03,69,010,43,05,20,040,37,08,49,241,42,13,15,323,38,2*75
$GAGSV,2,2,06,15,67,341,43,34,54,126,41,2*72
$GAGSV,2,1,06,03,69,010,46,05,20,040,37,08,49,241,42,13,15,323,35,7*78
$GAGSV,2,2,06,15,67,341,47,34,54,126,45,7*77
$GAGSV,1,1,02,07,01,228,,36,04,137,,0*7C
$GBGSV,2,1,08,08,31,068,39,13,44,053,43,20,48,305,46,27,18,163,41,1*77
$GBGSV,2,2,08,29,40,299,44,32,40,031,46,38,26,080,40,39,50,075,45,1*79
$GBGSV,2,1,05,06,53,103,40,08,31,068,37,09,52,127,40,13,44,053,39,B*05
$GBGSV,2,2,05,16,51,089,40,B*36
$GBGSV,3,1,12,01,03,095,,02,58,140,,03,35,112,,05,62,201,,0*77
$GBGSV,3,2,12,07,01,156,,10,07,165,,19,13,266,,23,17,079,,0*74
$GBGSV,3,3,12,30,57,211,,59,08,095,,60,60,149,,61,35,113,,0*71
$GQGSV,1,1,02,04,20,068,36,07,19,104,34,1*67
$GQGSV,1,1,03,03,05,128,22,04,20,068,34,07,19,104,35,6*5F
$GNGLL,2454.22833,N,06708.27293,E,141947.00,A,D*77
$GNRMC,141948.00,A,2454.22833,N,06708.27293,E,0.008,,050525,,,R,V*02
$GNVTG,,T,,M,0.008,N,0.014,K,D*35
$GNGGA,141948.00,2454.22833,N,06708.27293,E,4,12,0.67,21.9,M,-44.2,M,1.0,0290*7E
$GNGSA,A,3,08,10,18,23,27,28,32,31,02,,,,1.46,0.67,1.29,1*06
$GNGSA,A,3,87,66,86,72,65,88,,,,,,,1.46,0.67,1.29,2*0D
$GNGSA,A,3,05,03,08,15,34,,,,,,,,1.46,0.67,1.29,3*06
$GNGSA,A,3,08,09,06,13,20,16,29,27,32,38,39,,1.46,0.67,1.29,4*02
$GNGSA,A,3,04,,,,,,,,,,,,1.46,0.67,1.29,5*09
$GPGSV,3,1,12,02,22,321,41,08,23,282,43,10,48,027,46,18,20,139,35,1*68
$GPGSV,3,2,12,23,24,074,41,27,32,240,38,28,41,163,44,31,20,185,41,1*6C
$GPGSV,3,3,12,32,71,342,50,36,34,246,36,40,59,208,46,41,56,146,46,1*60
$GPGSV,3,1,09,08,23,282,32,10,48,027,38,18,20,139,35,23,24,074,34,6*6E
$GPGSV,3,2,09,24,03,039,19,27,32,240,33,28,41,163,40,31,20,185,35,6*6B
$GPGSV,3,3,09,32,71,342,40,6*5C
$GPGSV,1,1,01,49,17,257,,0*5F
$GLGSV,3,1,09,65,45,303,47,66,15,256,38,72,32,019,46,74,11,078,33,1*7E
$GLGSV,3,2,09,75,09,127,41,86,22,161,45,87,67,182,49,88,43,324,49,1*74
$GLGSV,3,3,09,,,,47,1*72
$GLGSV,2,1,06,66,15,256,32,72,32,019,43,75,09,127,34,86,22,161,40,3*74
$GLGSV,2,2,06,88,43,324,45,,,,41,3*4A
$GLGSV,1,1,01,73,00,038,,0*47
$GAGSV,2,1,06,03,69,010,43,05,20,040,37,08,49,241,42,13,15,323,38,2*75
$GAGSV,2,2,06,15,67,341,43,34,54,126,41,2*72
$GAGSV,2,1,06,03,69,010,46,05,20,040,37,08,49,241,42,13,15,323,35,7*78
$GAGSV,2,2,06,15,67,341,47,34,54,126,45,7*77
$GAGSV,1,1,02,07,01,228,,36,04,137,,0*7C
$GBGSV,2,1,08,08,31,068,39,13,44,053,43,20,48,305,46,27,18,163,41,1*77
$GBGSV,2,2,08,29,40,299,44,32,40,031,46,38,26,080,40,39,50,075,45,1*79
$GBGSV,2,1,05,06,53,103,40,08,31,068,37,09,52,127,40,13,44,053,39,B*05
$GBGSV,2,2,05,16,51,089,40,B*36
$GBGSV,3,1,12,01,03,095,,02,58,140,,03,35,112,,05,62,201,,0*77
$GBGSV,3,2,12,07,01,156,,10,07,165,,19,13,266,,23,17,079,,0*74
$GBGSV,3,3,12,30,57,211,,59,08,095,,60,60,149,,61,35,113,,0*71
$GQGSV,1,1,02,04,20,068,36,07,19,104,34,1*67
$GQGSV,1,1,03,03,05,128,23,04,20,068,35,07,19,104,35,6*5F
$GNGLL,2454.22833,N,06708.27293,E,141948.00,A,D*78
$GNRMC,141949.00,A,2454.22833,N,06708.27293,E,0.002,,050525,,,R,V*09
$GNVTG,,T,,M,0.002,N,0.003,K,D*39
$GNGGA,141949.00,2454.22833,N,06708.27293,E,4,12,0.67,21.9,M,-44.2,M,1.0,0290*7F
$GNGSA,A,3,08,10,18,23,27,28,32,31,02,,,,1.46,0.67,1.29,1*06
$GNGSA,A,3,87,66,86,72,65,88,,,,,,,1.46,0.67,1.29,2*0D
$GNGSA,A,3,05,03,08,15,34,,,,,,,,1.46,0.67,1.29,3*06
$GNGSA,A,3,08,09,06,13,20,16,29,27,32,38,39,,1.46,0.67,1.29,4*02
$GNGSA,A,3,04,,,,,,,,,,,,1.46,0.67,1.29,5*09
$GPGSV,3,1,12,02,22,321,41,08,23,282,43,10,48,027,46,18,20,139,35,1*68
$GPGSV,3,2,12,23,24,074,41,27,32,240,38,28,41,163,44,31,20,185,41,1*6C
$GPGSV,3,3,12,32,71,342,50,36,34,246,36,40,59,208,47,41,56,146,46,1*61
$GPGSV,3,1,09,08,23,282,32,10,48,027,38,18,20,139,35,23,24,074,34,6*6E
$GPGSV,3,2,09,24,03,039,19,27,32,240,33,28,41,163,41,31,20,185,35,6*6A
$GPGSV,3,3,09,32,71,342,40,6*5C
$GPGSV,1,1,01,49,17,257,,0*5F
$GLGSV,3,1,09,65,45,303,47,66,15,256,38,72,32,019,46,74,11,078,33,1*7E
$GLGSV,3,2,09,75,09,127,41,86,22,161,45,87,67,182,49,88,43,324,49,1*74
$GLGSV,3,3,09,,,,47,1*72
$GLGSV,2,1,06,66,15,256,32,72,32,019,43,75,09,127,33,86,22,161,40,3*73
$GLGSV,2,2,06,88,43,324,45,,,,41,3*4A
$GLGSV,1,1,01,73,00,038,,0*47
$GAGSV,2,1,06,03,69,010,43,05,20,040,37,08,49,241,42,13,15,323,38,2*75
$GAGSV,2,2,06,15,67,341,43,34,54,126,41,2*72
$GAGSV,2,1,06,03,69,010,46,05,20,040,37,08,49,241,42,13,15,323,35,7*78
$GAGSV,2,2,06,15,67,341,47,34,54,126,45,7*77
$GAGSV,1,1,02,07,01,228,,36,04,137,,0*7C
$GBGSV,2,1,08,08,31,068,39,13,44,053,43,20,48,305,46,27,18,163,41,1*77
$GBGSV,2,2,08,29,40,299,44,32,40,031,46,38,26,080,40,39,50,075,45,1*79
$GBGSV,2,1,05,06,53,103,40,08,31,068,38,09,52,127,40,13,44,053,39,B*0A
$GBGSV,2,2,05,16,51,089,40,B*36
$GBGSV,3,1,12,01,03,095,,02,58,140,,03,35,112,,05,62,201,,0*77
$GBGSV,3,2,12,07,01,156,,10,07,165,,19,13,266,,23,17,079,,0*74
$GBGSV,3,3,12,30,57,211,,59,08,095,,60,60,149,,61,35,113,,0*71
$GQGSV,1,1,02,04,20,068,36,07,19,104,34,1*67
$GQGSV,1,1,03,03,05,128,22,04,20,068,35,07,19,104,35,6*5E
$GNGLL,2454.22833,N,06708.27293,E,141949.00,A,D*79
$GNRMC,141950.00,A,2454.22833,N,06708.27293,E,0.005,,050525,,,R,V*06
$GNVTG,,T,,M,0.005,N,0.010,K,D*3C
$GNGGA,141950.00,2454.22833,N,06708.27293,E,4,12,0.67,21.9,M,-44.2,M,1.0,0290*77
$GNGSA,A,3,08,10,18,23,27,28,32,31,02,,,,1.46,0.67,1.29,1*06
$GNGSA,A,3,87,66,86,72,65,88,,,,,,,1.46,0.67,1.29,2*0D
$GNGSA,A,3,05,03,08,15,34,,,,,,,,1.46,0.67,1.29,3*06
$GNGSA,A,3,08,09,06,13,20,16,29,27,32,38,39,,1.46,0.67,1.29,4*02
$GNGSA,A,3,04,,,,,,,,,,,,1.46,0.67,1.29,5*09
$GPGSV,3,1,12,02,22,321,41,08,23,282,43,10,48,027,46,18,20,139,35,1*68
$GPGSV,3,2,12,23,24,074,41,27,32,240,38,28,41,163,44,31,20,185,41,1*6C
$GPGSV,3,3,12,32,71,342,50,36,34,246,37,40,59,208,47,41,56,146,46,1*60
$GPGSV,3,1,09,08,23,282,32,10,48,027,38,18,20,139,35,23,24,074,34,6*6E
$GPGSV,3,2,09,24,03,039,19,27,32,240,33,28,41,163,40,31,20,185,35,6*6B
$GPGSV,3,3,09,32,71,342,40,6*5C
$GPGSV,1,1,01,49,17,257,,0*5F
$GLGSV,3,1,09,65,45,303,47,66,15,256,38,72,32,019,46,74,11,078,33,1*7E
$GLGSV,3,2,09,75,09,127,41,86,22,161,45,87,67,182,49,88,43,324,49,1*74
$GLGSV,3,3,09,,,,47,1*72
$GLGSV,2,1,06,66,15,256,32,72,32,019,43,75,09,127,33,86,22,161,40,3*73
$GLGSV,2,2,06,88,43,324,44,,,,42,3*48
$GLGSV,1,1,01,73,00,038,,0*47
$GAGSV,2,1,06,03,69,010,43,05,20,040,37,08,49,241,42,13,15,323,38,2*75
$GAGSV,2,2,06,15,67,341,43,34,54,126,41,2*72
$GAGSV,2,1,06,03,69,010,46,05,20,040,37,08,49,241,42,13,15,323,35,7*78
$GAGSV,2,2,06,15,67,341,47,34,54,126,45,7*77
$GAGSV,1,1,02,07,01,228,,36,04,137,,0*7C
$GBGSV,2,1,08,08,31,068,39,13,44,053,43,20,48,305,46,27,18,163,41,1*77
$GBGSV,2,2,08,29,40,299,44,32,40,031,46,38,26,080,40,39,50,075,45,1*79
$GBGSV,2,1,05,06,53,103,40,08,31,068,38,09,52,127,40,13,44,053,39,B*0A
$GBGSV,2,2,05,16,51,089,40,B*36
$GBGSV,3,1,12,01,03,095,,02,58,140,,03,35,112,,05,62,201,,0*77
$GBGSV,3,2,12,07,01,156,,10,07,165,,19,13,266,,23,17,079,,0*74
$GBGSV,3,3,12,30,57,211,,59,08,095,,60,60,149,,61,35,113,,0*71
$GQGSV,1,1,02,04,20,068,36,07,19,104,34,1*67
$GQGSV,1,1,03,03,05,128,22,04,20,068,35,07,19,104,35,6*5E
$GNGLL,2454.22833,N,06708.27293,E,141950.00,A,D*71
$GNRMC,141951.00,A,2454.22833,N,06708.27293,E,0.003,,050525,,,R,V*01
$GNVTG,,T,,M,0.003,N,0.006,K,D*3D
$GNGGA,141951.00,2454.22833,N,06708.27293,E,4,12,0.67,21.9,M,-44.2,M,1.0,0290*76
$GNGSA,A,3,08,10,18,23,27,28,32,31,02,,,,1.46,0.67,1.29,1*06
$GNGSA,A,3,87,66,86,72,65,88,,,,,,,1.46,0.67,1.29,2*0D
$GNGSA,A,3,05,03,08,15,34,,,,,,,,1.46,0.67,1.29,3*06
$GNGSA,A,3,08,09,06,13,20,16,29,27,32,38,39,,1.46,0.67,1.29,4*02
$GNGSA,A,3,04,,,,,,,,,,,,1.46,0.67,1.29,5*09
$GPGSV,3,1,12,02,22,321,41,08,23,282,43,10,48,027,46,18,20,139,35,1*68
$GPGSV,3,2,12,23,24,074,41,27,32,240,38,28,41,163,43,31,20,185,41,1*6B
$GPGSV,3,3,12,32,71,342,50,36,34,246,37,40,59,208,47,41,56,146,46,1*60
$GPGSV,3,1,09,08,23,282,32,10,48,027,37,18,20,139,36,23,24,074,34,6*62
$GPGSV,3,2,09,24,03,039,19,27,32,240,33,28,41,163,41,31,20,185,35,6*6A
$GPGSV,3,3,09,32,71,342,40,6*5C
$GPGSV,1,1,01,49,17,257,,0*5F
$GLGSV,3,1,09,65,45,303,46,66,15,256,38,72,32,019,46,74,11,078,33,1*7F
$GLGSV,3,2,09,75,09,127,40,86,22,161,45,87,67,182,49,88,43,324,49,1*75
$GLGSV,3,3,09,,,,47,1*72
$GLGSV,2,1,06,66,15,256,32,72,32,019,43,75,09,127,33,86,22,161,40,3*73
$GLGSV,2,2,06,88,43,324,44,,,,41,3*4B
$GLGSV,1,1,01,73,00,038,,0*47
$GAGSV,2,1,06,03,69,010,43,05,20,040,37,08,49,241,42,13,15,323,38,2*75
$GAGSV,2,2,06,15,67,341,43,34,54,126,41,2*72
$GAGSV,2,1,06,03,69,010,46,05,20,040,37,08,49,241,42,13,15,323,35,7*78
$GAGSV,2,2,06,15,67,341,47,34,54,126,45,7*77
$GAGSV,1,1,02,07,01,228,,36,04,137,,0*7C
$GBGSV,2,1,08,08,31,068,39,13,44,053,43,20,48,305,46,27,18,163,41,1*77
$GBGSV,2,2,08,29,40,299,44,32,40,031,46,38,26,080,40,39,50,075,45,1*79
$GBGSV,2,1,05,06,53,103,40,08,31,068,37,09,52,127,40,13,44,053,39,B*05
$GBGSV,2,2,05,16,51,089,40,B*36
$GBGSV,3,1,12,01,03,095,,02,58,140,,03,35,112,,05,62,201,,0*77
$GBGSV,3,2,12,07,01,156,,10,07,165,,19,13,266,,23,17,079,,0*74
$GBGSV,3,3,12,30,57,211,,59,08,095,,60,60,149,,61,35,113,,0*71
$GQGSV,1,1,02,04,20,068,36,07,19,104,34,1*67
$GQGSV,1,1,03,03,05,128,22,04,20,068,35,07,19,104,35,6*5E
$GNGLL,2454.22833,N,06708.27293,E,141951.00,A,D*70
$GNRMC,141952.00,A,2454.22833,N,06708.27293,E,0.007,,050525,,,R,V*06
$GNVTG,,T,,M,0.007,N,0.014,K,D*3A
$GNGGA,141952.00,2454.22833,N,06708.27293,E,4,12,0.67,21.9,M,-44.2,M,1.0,0290*75
$GNGSA,A,3,08,10,18,23,27,28,32,31,02,,,,1.46,0.67,1.29,1*06
$GNGSA,A,3,87,66,86,72,65,88,,,,,,,1.46,0.67,1.29,2*0D
$GNGSA,A,3,05,03,08,15,34,,,,,,,,1.46,0.67,1.29,3*06
$GNGSA,A,3,08,09,06,13,20,16,29,27,32,38,39,,1.46,0.67,1.29,4*02
$GNGSA,A,3,04,,,,,,,,,,,,1.46,0.67,1.29,5*09
$GPGSV,3,1,12,02,22,321,41,08,23,282,43,10,48,027,46,18,20,139,35,1*68
$GPGSV,3,2,12,23,24,074,41,27,32,240,38,28,41,163,44,31,20,185,41,1*6C
$GPGSV,3,3,12,32,71,342,50,36,34,246,37,40,59,208,47,41,56,146,46,1*60
$GPGSV,3,1,09,08,23,282,32,10,48,027,37,18,20,139,35,23,24,074,35,6*60
$GPGSV,3,2,09,24,03,039,18,27,32,240,33,28,41,163,41,31,20,185,35,6*6B
$GPGSV,3,3,09,32,71,342,40,6*5C
$GPGSV,1,1,01,49,17,257,,0*5F
$GLGSV,3,1,09,65,45,303,46,66,15,256,38,72,32,019,46,74,11,078,33,1*7F
$GLGSV,3,2,09,75,09,127,41,86,22,161,45,87,67,182,49,88,43,324,49,1*74
$GLGSV,3,3,09,,,,47,1*72
$GLGSV,2,1,06,66,15,256,32,72,32,019,43,75,09,127,33,86,22,161,40,3*73
$GLGSV,2,2,06,88,43,324,44,,,,42,3*48
$GLGSV,1,1,01,73,00,038,,0*47
$GAGSV,2,1,06,03,69,010,43,05,20,040,37,08,49,241,42,13,15,323,38,2*75
$GAGSV,2,2,06,15,67,341,43,34,54,126,41,2*72
$GAGSV,2,1,06,03,69,010,46,05,20,040,37,08,49,241,42,13,15,323,35,7*78
$GAGSV,2,2,06,15,67,341,47,34,54,126,45,7*77
$GAGSV,1,1,02,07,01,228,,36,04,137,,0*7C
$GBGSV,2,1,08,08,31,068,39,13,44,053,43,20,48,305,46,27,18,163,41,1*77
$GBGSV,2,2,08,29,40,299,44,32,40,031,46,38,26,080,40,39,50,075,45,1*79
$GBGSV,2,1,05,06,53,103,40,08,31,068,37,09,52,127,40,13,44,053,39,B*05
$GBGSV,2,2,05,16,51,089,40,B*36
$GBGSV,3,1,12,01,03,095,,02,58,140,,03,35,112,,05,62,201,,0*77
$GBGSV,3,2,12,07,01,156,,10,07,165,,19,13,266,,23,17,079,,0*74
$GBGSV,3,3,12,30,57,211,,59,08,095,,60,60,149,,61,35,113,,0*71
$GQGSV,1,1,02,04,20,069,36,07,19,104,34,1*66
$GQGSV,1,1,03,03,05,128,22,04,20,069,35,07,19,104,35,6*5F
$GNGLL,2454.22833,N,06708.27293,E,141952.00,A,D*73
$GNRMC,141953.00,A,2454.22833,N,06708.27293,E,0.009,,050525,,,R,V*09
$GNVTG,,T,,M,0.009,N,0.017,K,D*37
$GNGGA,141953.00,2454.22833,N,06708.27293,E,4,12,0.67,21.9,M,-44.2,M,1.0,0290*74
$GNGSA,A,3,08,10,18,23,27,28,32,31,02,,,,1.46,0.67,1.29,1*06
$GNGSA,A,3,87,66,86,72,65,88,,,,,,,1.46,0.67,1.29,2*0D
$GNGSA,A,3,05,03,08,15,34,,,,,,,,1.46,0.67,1.29,3*06
$GNGSA,A,3,08,09,06,13,20,16,29,27,32,38,39,,1.46,0.67,1.29,4*02
$GNGSA,A,3,04,,,,,,,,,,,,1.46,0.67,1.29,5*09
$GPGSV,3,1,12,02,22,321,41,08,23,282,43,10,48,027,46,18,20,139,35,1*68
$GPGSV,3,2,12,23,24,074,41,27,32,240,38,28,41,163,44,31,20,185,41,1*6C
$GPGSV,3,3,12,32,71,342,50,36,34,246,36,40,59,208,47,41,56,146,46,1*61
$GPGSV,3,1,09,08,23,282,32,10,48,027,37,18,20,139,36,23,24,074,35,6*63
$GPGSV,3,2,09,24,03,039,18,27,32,240,32,28,41,163,40,31,20,185,35,6*6B
$GPGSV,3,3,09,32,71,342,40,6*5C
$GPGSV,1,1,01,49,17,257,,0*5F
$GLGSV,3,1,09,65,45,303,46,66,15,256,38,72,32,019,46,74,11,078,33,1*7F
$GLGSV,3,2,09,75,09,127,41,86,22,161,45,87,67,182,49,88,43,324,49,1*74
$GLGSV,3,3,09,,,,47,1*72
$GLGSV,2,1,06,66,15,256,32,72,32,019,43,75,09,127,33,86,22,161,40,3*73
$GLGSV,2,2,06,88,43,324,44,,,,42,3*48
$GLGSV,1,1,01,73,00,038,,0*47
$GAGSV,2,1,06,03,69,010,43,05,20,040,37,08,49,241,42,13,15,323,38,2*75
$GAGSV,2,2,06,15,67,341,43,34,54,126,41,2*72
$GAGSV,2,1,06,03,69,010,46,05,20,040,37,08,49,241,42,13,15,323,36,7*7B
$GAGSV,2,2,06,15,67,341,47,34,54,126,45,7*77
$GAGSV,1,1,02,07,01,228,,36,04,137,,0*7C
$GBGSV,2,1,08,08,31,068,39,13,44,053,43,20,48,305,46,27,18,163,41,1*77
$GBGSV,2,2,08,29,40,299,44,32,40,031,46,38,26,080,40,39,50,075,45,1*79
$GBGSV,2,1,05,06,53,103,40,08,31,068,37,09,52,127,40,13,44,053,39,B*05
$GBGSV,2,2,05,16,51,089,40,B*36
$GBGSV,3,1,12,01,03,095,,02,58,140,,03,35,112,,05,62,201,,0*77
$GBGSV,3,2,12,07,01,156,,10,07,165,,19,13,266,,23,17,079,,0*74
$GBGSV,3,3,12,30,57,211,,59,08,095,,60,60,149,,61,35,113,,0*71
$GQGSV,1,1,02,04,20,069,36,07,19,104,34,1*66
$GQGSV,1,1,03,03,05,128,22,04,20,069,35,07,19,104,35,6*5F
$GNGLL,2454.22833,N,06708.27293,E,141953.00,A,D*72
$GNRMC,141954.00,A,2454.22833,N,06708.27293,E,0.008,,050525,,,R,V*0F
$GNVTG,,T,,M,0.008,N,0.014,K,D*35
$GNGGA,141954.00,2454.22833,N,06708.27293,E,4,12,0.67,21.9,M,-44.2,M,1.0,0290*73
$GNGSA,A,3,08,10,18,23,27,28,32,31,02,,,,1.46,0.67,1.29,1*06
$GNGSA,A,3,87,66,86,72,65,88,,,,,,,1.46,0.67,1.29,2*0D
$GNGSA,A,3,05,03,08,15,34,,,,,,,,1.46,0.67,1.29,3*06
$GNGSA,A,3,08,09,06,13,20,16,29,27,32,38,39,,1.46,0.67,1.29,4*02
$GNGSA,A,3,04,,,,,,,,,,,,1.46,0.67,1.29,5*09
$GPGSV,3,1,12,02,22,321,41,08,23,282,43,10,48,027,46,18,20,139,35,1*68
$GPGSV,3,2,12,23,24,074,40,27,32,240,38,28,41,163,44,31,20,185,41,1*6D
$GPGSV,3,3,12,32,71,342,50,36,34,246,37,40,59,208,46,41,56,146,46,1*61
$GPGSV,3,1,09,08,23,282,32,10,48,027,37,18,20,139,35,23,24,074,35,6*60
$GPGSV,3,2,09,24,03,039,18,27,32,240,33,28,41,163,41,31,20,185,35,6*6B
$GPGSV,3,3,09,32,71,342,40,6*5C
$GPGSV,1,1,01,49,17,257,,0*5F
$GLGSV,3,1,09,65,45,305,46,66,15,256,38,72,32,019,46,74,11,078,33,1*79
$GLGSV,3,2,09,75,09,127,41,86,22,161,45,87,67,182,49,88,43,324,49,1*74
$GLGSV,3,3,09,,,,48,1*7D
$GLGSV,2,1,06,66,15,256,32,72,32,019,43,75,09,127,33,86,22,161,40,3*73
$GLGSV,2,2,06,88,43,324,44,,,,42,3*48
$GLGSV,1,1,01,73,00,038,,0*47
$GAGSV,2,1,06,03,69,010,43,05,20,040,37,08,49,241,42,13,15,323,38,2*75
$GAGSV,2,2,06,15,67,341,43,34,54,126,41,2*72
$GAGSV,2,1,06,03,69,010,46,05,20,040,38,08,49,241,42,13,15,323,35,7*77
$GAGSV,2,2,06,15,67,341,47,34,54,126,45,7*77
$GAGSV,1,1,02,07,01,228,,36,04,137,,0*7C
$GBGSV,2,1,08,08,31,068,39,13,44,053,43,20,48,305,46,27,18,163,41,1*77
$GBGSV,2,2,08,29,40,299,44,32,40,031,46,38,26,080,40,39,50,075,45,1*79
$GBGSV,2,1,05,06,53,103,40,08,31,068,37,09,52,127,40,13,44,053,39,B*05
$GBGSV,2,2,05,16,51,089,40,B*36
$GBGSV,3,1,12,01,03,095,,02,58,140,,03,35,112,,05,62,201,,0*77
$GBGSV,3,2,12,07,01,156,,10,07,165,,19,13,266,,23,17,079,,0*74
$GBGSV,3,3,12,30,57,211,,59,08,095,,60,60,149,,61,35,113,,0*71
$GQGSV,1,1,02,04,20,069,36,07,19,104,34,1*66
$GQGSV,1,1,03,03,05,128,21,04,20,069,35,07,19,104,35,6*5C
$GNGLL,2454.22833,N,06708.27293,E,141954.00,A,D*75
$GNRMC,141955.00,A,2454.22833,N,06708.27293,E,0.002,,050525,,,R,V*04
$GNVTG,,T,,M,0.002,N,0.004,K,D*3E
$GNGGA,141955.00,2454.22833,N,06708.27293,E,4,12,0.67,21.9,M,-44.2,M,1.0,0290*72
$GNGSA,A,3,08,10,18,23,27,28,32,31,02,,,,1.46,0.67,1.29,1*06
$GNGSA,A,3,87,66,86,72,65,88,,,,,,,1.46,0.67,1.29,2*0D
$GNGSA,A,3,05,03,08,15,34,,,,,,,,1.46,0.67,1.29,3*06
$GNGSA,A,3,08,09,06,13,20,16,29,27,32,38,39,,1.46,0.67,1.29,4*02
$GNGSA,A,3,04,,,,,,,,,,,,1.46,0.67,1.29,5*09
$GPGSV,3,1,12,02,22,321,41,08,23,282,43,10,48,027,46,18,20,139,35,1*68
$GPGSV,3,2,12,23,24,074,41,27,32,240,38,28,41,163,44,31,20,185,41,1*6C
$GPGSV,3,3,12,32,71,342,50,36,34,246,36,40,59,208,47,41,56,146,46,1*61
$GPGSV,3,1,09,08,23,282,32,10,48,027,37,18,20,139,36,23,24,074,35,6*63
$GPGSV,3,2,09,24,03,039,17,27,32,240,32,28,41,163,41,31,20,185,35,6*65
$GPGSV,3,3,09,32,71,342,40,6*5C
$GPGSV,1,1,01,49,17,257,,0*5F
$GLGSV,3,1,09,65,45,305,46,66,16,257,38,72,32,019,46,74,11,078,33,1*7B
$GLGSV,3,2,09,75,09,127,41,86,22,161,45,87,67,182,49,88,43,324,49,1*74
$GLGSV,3,3,09,,,,48,1*7D
$GLGSV,2,1,06,66,16,257,32,72,32,019,43,75,09,127,33,86,22,161,40,3*71
$GLGSV,2,2,06,88,43,324,44,,,,42,3*48
$GLGSV,1,1,01,73,00,038,,0*47
$GAGSV,2,1,06,03,69,010,43,05,20,040,37,08,49,241,42,13,15,323,38,2*75
$GAGSV,2,2,06,15,67,341,43,34,54,126,41,2*72
$GAGSV,2,1,06,03,69,010,46,05,20,040,38,08,49,241,42,13,15,323,36,7*74
$GAGSV,2,2,06,15,67,341,47,34,54,126,45,7*77
$GAGSV,1,1,02,07,01,228,,36,04,137,,0*7C
$GBGSV,2,1,08,08,31,068,39,13,44,053,43,20,48,305,46,27,18,163,41,1*77
$GBGSV,2,2,08,29,40,299,44,32,40,031,46,38,26,080,40,39,50,075,45,1*79
$GBGSV,2,1,05,06,53,103,40,08,31,068,37,09,52,127,40,13,44,053,39,B*05
$GBGSV,2,2,05,16,51,089,40,B*36
$GBGSV,3,1,12,01,03,095,,02,58,140,,03,35,112,,05,62,201,,0*77
$GBGSV,3,2,12,07,01,156,,10,07,165,,19,13,266,,23,17,079,,0*74
$GBGSV,3,3,12,30,57,211,,59,08,095,,60,60,149,,61,35,113,,0*71
$GQGSV,1,1,02,04,20,069,36,07,19,104,34,1*66
$GQGSV,1,1,03,03,05,128,22,04,20,069,35,07,19,104,35,6*5F
$GNGLL,2454.22833,N,06708.27293,E,141955.00,A,D*74
$GNRMC,141956.00,A,2454.22833,N,06708.27293,E,0.007,,050525,,,R,V*02
$GNVTG,,T,,M,0.007,N,0.013,K,D*3D
$GNGGA,141956.00,2454.22833,N,06708.27293,E,4,12,0.67,21.9,M,-44.2,M,1.0,0290*71
$GNGSA,A,3,08,10,18,23,27,28,32,31,02,,,,1.46,0.67,1.29,1*06
$GNGSA,A,3,87,66,86,72,65,88,,,,,,,1.46,0.67,1.29,2*0D
$GNGSA,A,3,05,03,08,15,34,,,,,,,,1.46,0.67,1.29,3*06
$GNGSA,A,3,08,09,06,13,20,16,29,27,32,38,39,,1.46,0.67,1.29,4*02
$GNGSA,A,3,04,,,,,,,,,,,,1.46,0.67,1.29,5*09
$GPGSV,3,1,12,02,22,321,42,08,23,282,43,10,48,027,46,18,20,139,35,1*6B
$GPGSV,3,2,12,23,24,074,40,27,32,240,38,28,41,163,43,31,20,185,41,1*6A
$GPGSV,3,3,12,32,71,342,50,36,34,246,36,40,59,208,46,41,56,146,46,1*60
$GPGSV,3,1,09,08,23,282,32,10,48,027,37,18,20,139,35,23,24,074,35,6*60
$GPGSV,3,2,09,24,03,039,17,27,32,240,32,28,41,163,41,31,20,185,35,6*65
$GPGSV,3,3,09,32,71,342,40,6*5C
$GPGSV,1,1,01,49,17,257,,0*5F
$GLGSV,3,1,09,65,45,305,46,66,16,257,38,72,32,019,46,74,11,078,33,1*7B
$GLGSV,3,2,09,75,09,127,41,86,22,161,45,87,67,182,49,88,43,324,49,1*74
$GLGSV,3,3,09,,,,48,1*7D
$GLGSV,2,1,06,66,16,257,32,72,32,019,43,75,09,127,33,86,22,161,40,3*71
$GLGSV,2,2,06,88,43,324,44,,,,42,3*48
$GLGSV,1,1,01,73,00,038,,0*47
$GAGSV,2,1,06,03,69,010,43,05,20,040,38,08,49,241,42,13,15,323,38,2*7A
$GAGSV,2,2,06,15,67,341,43,34,54,126,41,2*72
$GAGSV,2,1,06,03,69,010,46,05,20,040,37,08,49,241,42,13,15,323,36,7*7B
$GAGSV,2,2,06,15,67,341,47,34,54,126,45,7*77
$GAGSV,1,1,02,07,01,228,,36,04,137,,0*7C
$GBGSV,2,1,08,08,31,068,39,13,44,053,43,20,48,305,46,27,18,163,41,1*77
$GBGSV,2,2,08,29,40,299,45,32,40,031,46,38,26,080,40,39,50,075,45,1*78
$GBGSV,2,1,05,06,53,103,40,08,31,068,38,09,52,127,40,13,44,053,39,B*0A
$GBGSV,2,2,05,16,51,089,40,B*36
$GBGSV,3,1,12,01,03,095,,02,58,140,,03,35,112,,05,62,201,,0*77
$GBGSV,3,2,12,07,01,156,,10,07,165,,19,13,266,,23,17,079,,0*74
$GBGSV,3,3,12,30,57,211,,59,08,095,,60,60,149,,61,35,113,,0*71
$GQGSV,1,1,02,04,20,069,36,07,19,104,34,1*66
$GQGSV,1,1,03,03,05,128,21,04,20,069,35,07,19,104,35,6*5C
$GNGLL,2454.22833,N,06708.27293,E,141956.00,A,D*77
$GNRMC,141957.00,A,2454.22833,N,06708.27293,E,0.007,,050525,,,R,V*03
$GNVTG,,T,,M,0.007,N,0.013,K,D*3D
$GNGGA,141957.00,2454.22833,N,06708.27293,E,4,12,0.67,21.9,M,-44.2,M,1.0,0290*70
$GNGSA,A,3,08,10,18,23,27,28,32,31,02,,,,1.46,0.67,1.29,1*06
$GNGSA,A,3,87,66,86,72,65,88,,,,,,,1.46,0.67,1.29,2*0D
$GNGSA,A,3,05,03,08,15,34,,,,,,,,1.46,0.67,1.29,3*06
$GNGSA,A,3,08,09,06,13,20,16,29,27,32,38,39,,1.46,0.67,1.29,4*02
$GNGSA,A,3,04,,,,,,,,,,,,1.46,0.67,1.29,5*09
$GPGSV,3,1,12,02,22,321,41,08,23,282,43,10,48,027,46,18,20,139,35,1*68
$GPGSV,3,2,12,23,24,074,40,27,32,240,38,28,41,163,43,31,20,185,41,1*6A
$GPGSV,3,3,12,32,71,342,50,36,34,246,36,40,59,208,46,41,56,146,46,1*60
$GPGSV,3,1,09,08,23,282,32,10,48,027,38,18,20,139,36,23,24,074,35,6*6C
$GPGSV,3,2,09,24,03,039,16,27,32,240,32,28,41,163,41,31,20,185,35,6*64
$GPGSV,3,3,09,32,71,342,40,6*5C
$GPGSV,1,1,01,49,17,257,,0*5F
$GLGSV,3,1,09,65,45,305,46,66,16,257,38,72,32,019,46,74,11,078,33,1*7B
$GLGSV,3,2,09,75,09,127,41,86,22,161,45,87,67,182,49,88,43,324,49,1*74
$GLGSV,3,3,09,,,,48,1*7D
$GLGSV,2,1,06,66,16,257,32,72,32,019,43,75,09,127,33,86,22,161,40,3*71
$GLGSV,2,2,06,88,43,324,44,,,,42,3*48
$GLGSV,1,1,01,73,00,038,,0*47
$GAGSV,2,1,06,03,69,010,43,05,20,040,38,08,49,241,42,13,15,323,38,2*7A
$GAGSV,2,2,06,15,67,341,43,34,54,126,41,2*72
$GAGSV,2,1,06,03,69,010,46,05,20,040,37,08,49,241,42,13,15,323,36,7*7B
$GAGSV,2,2,06,15,67,341,46,34,54,126,45,7*76
$GAGSV,1,1,02,07,01,228,,36,04,137,,0*7C
$GBGSV,2,1,08,08,31,068,39,13,44,053,43,20,48,305,46,27,18,163,41,1*77
$GBGSV,2,2,08,29,40,299,45,32,40,031,46,38,26,080,40,39,50,075,45,1*78
$GBGSV,2,1,05,06,53,103,40,08,31,068,38,09,52,127,40,13,44,053,39,B*0A
$GBGSV,2,2,05,16,51,089,40,B*36
$GBGSV,3,1,12,01,03,095,,02,58,140,,03,35,112,,05,62,201,,0*77
$GBGSV,3,2,12,07,01,156,,10,07,165,,19,13,266,,23,17,079,,0*74
$GBGSV,3,3,12,30,57,211,,59,08,095,,60,60,149,,61,35,113,,0*71
$GQGSV,1,1,02,04,20,069,36,07,19,104,34,1*66
$GQGSV,1,1,03,03,05,128,21,04,20,069,35,07,19,104,35,6*5C
$GNGLL,2454.22833,N,06708.27293,E,141957.00,A,D*76
$GNRMC,141958.00,A,2454.22833,N,06708.27293,E,0.006,,050525,,,R,V*0D
$GNVTG,,T,,M,0.006,N,0.011,K,D*3E
$GNGGA,141958.00,2454.22833,N,06708.27293,E,4,12,0.67,21.9,M,-44.2,M,1.0,0290*7F
$GNGSA,A,3,08,10,18,23,27,28,32,31,02,,,,1.46,0.67,1.29,1*06
$GNGSA,A,3,87,66,86,72,65,88,,,,,,,1.46,0.67,1.29,2*0D
$GNGSA,A,3,05,03,08,15,34,,,,,,,,1.46,0.67,1.29,3*06
$GNGSA,A,3,08,09,06,13,20,16,29,27,32,38,39,,1.46,0.67,1.29,4*02
$GNGSA,A,3,04,,,,,,,,,,,,1.46,0.67,1.29,5*09
$GPGSV,3,1,12,02,22,321,42,08,23,282,43,10,48,027,46,18,20,139,35,1*6B
$GPGSV,3,2,12,23,24,074,40,27,32,240,38,28,41,163,43,31,20,185,41,1*6A
$GPGSV,3,3,12,32,71,342,50,36,34,246,36,40,59,208,46,41,56,146,46,1*60
$GPGSV,3,1,09,08,23,282,32,10,48,027,38,18,20,139,35,23,24,074,35,6*6F
$GPGSV,3,2,09,24,03,039,16,27,32,240,33,28,41,163,41,31,20,185,35,6*65
$GPGSV,3,3,09,32,71,342,40,6*5C
$GPGSV,1,1,01,49,17,257,,0*5F
$GLGSV,3,1,09,65,45,305,46,66,16,257,38,72,32,019,46,74,11,078,33,1*7B
$GLGSV,3,2,09,75,09,127,40,86,22,161,45,87,67,182,49,88,43,324,49,1*75
$GLGSV,3,3,09,,,,48,1*7D
$GLGSV,2,1,06,66,16,257,33,72,32,019,43,75,09,127,33,86,22,161,40,3*70
$GLGSV,2,2,06,88,43,324,44,,,,42,3*48
$GLGSV,1,1,01,73,00,038,,0*47
$GAGSV,2,1,06,03,69,010,43,05,20,040,38,08,49,241,42,13,15,323,38,2*7A
$GAGSV,2,2,06,15,67,341,43,34,54,126,41,2*72
$GAGSV,2,1,06,03,69,010,46,05,20,040,37,08,49,241,42,13,15,323,36,7*7B
$GAGSV,2,2,06,15,67,341,46,34,54,126,45,7*76
$GAGSV,1,1,02,07,01,228,,36,04,137,,0*7C
$GBGSV,2,1,08,08,31,068,39,13,44,053,43,20,48,305,46,27,18,163,41,1*77
$GBGSV,2,2,08,29,40,299,45,32,40,031,46,38,26,080,40,39,50,075,45,1*78
$GBGSV,2,1,05,06,53,103,40,08,31,068,38,09,52,127,39,13,44,053,39,B*04
$GBGSV,2,2,05,16,51,089,40,B*36
$GBGSV,3,1,12,01,03,095,,02,58,140,,03,35,112,,05,62,201,,0*77
$GBGSV,3,2,12,07,01,156,,10,07,165,,19,13,266,,23,17,079,,0*74
$GBGSV,3,3,12,30,57,211,,59,08,095,,60,60,149,,61,35,113,,0*71
$GQGSV,1,1,02,04,20,069,36,07,19,104,34,1*66
$GQGSV,1,1,03,03,05,128,21,04,20,069,35,07,19,104,35,6*5C
$GNGLL,2454.22833,N,06708.27293,E,141958.00,A,D*79
$GNRMC,141959.00,A,2454.22833,N,06708.27293,E,0.011,,050525,,,R,V*0A
$GNVTG,,T,,M,0.011,N,0.021,K,D*3B
$GNGGA,141959.00,2454.22833,N,06708.27293,E,4,12,0.67,21.9,M,-44.2,M,1.0,0290*7E
$GNGSA,A,3,08,10,18,23,27,28,32,31,02,,,,1.46,0.67,1.29,1*06
$GNGSA,A,3,87,66,86,72,65,88,,,,,,,1.46,0.67,1.29,2*0D
$GNGSA,A,3,05,03,08,15,34,,,,,,,,1.46,0.67,1.29,3*06
$GNGSA,A,3,08,09,06,13,20,16,29,27,32,38,39,,1.46,0.67,1.29,4*02
$GNGSA,A,3,04,,,,,,,,,,,,1.46,0.67,1.29,5*09
$GPGSV,3,1,12,02,22,321,42,08,23,282,43,10,48,027,46,18,20,139,35,1*6B
$GPGSV,3,2,12,23,24,074,40,27,32,240,38,28,41,163,43,31,20,185,41,1*6A
$GPGSV,3,3,12,32,71,342,50,36,34,246,36,40,59,208,47,41,56,146,46,1*61
$GPGSV,3,1,09,08,23,282,32,10,48,027,37,18,20,139,35,23,24,074,35,6*60
$GPGSV,3,2,09,24,03,039,16,27,32,240,33,28,41,163,41,31,20,185,35,6*65
$GPGSV,3,3,09,32,71,342,40,6*5C
$GPGSV,1,1,01,49,17,257,,0*5F
$GLGSV,3,1,09,65,45,305,46,66,16,257,38,72,32,019,46,74,11,078,33,1*7B
$GLGSV,3,2,09,75,09,127,41,86,22,161,45,87,67,182,49,88,43,324,49,1*74
$GLGSV,3,3,09,,,,48,1*7D
$GLGSV,2,1,06,66,16,257,33,72,32,019,43,75,09,127,33,86,22,161,40,3*70
$GLGSV,2,2,06,88,43,324,44,,,,42,3*48
$GLGSV,1,1,01,73,00,038,,0*47
$GAGSV,2,1,06,03,69,010,43,05,20,040,38,08,49,241,42,13,15,323,38,2*7A
$GAGSV,2,2,06,15,67,341,43,34,54,126,41,2*72
$GAGSV,2,1,06,03,69,010,46,05,20,040,37,08,49,241,42,13,15,323,36,7*7B
$GAGSV,2,2,06,15,67,341,46,34,54,126,45,7*76
$GAGSV,1,1,02,07,01,228,,36,04,137,,0*7C
$GBGSV,2,1,08,08,31,068,39,13,44,053,43,20,48,305,46,27,18,163,41,1*77
$GBGSV,2,2,08,29,40,299,45,32,40,031,46,38,26,080,40,39,50,075,45,1*78
$GBGSV,2,1,05,06,53,103,40,08,31,068,37,09,52,127,39,13,44,053,39,B*0B
$GBGSV,2,2,05,16,51,089,40,B*36
$GBGSV,3,1,12,01,03,095,,02,58,140,,03,35,112,,05,62,201,,0*77
$GBGSV,3,2,12,07,01,156,,10,07,165,,19,13,266,,23,17,079,,0*74
$GBGSV,3,3,12,30,57,211,,59,08,095,,60,60,149,,61,35,113,,0*71
$GQGSV,1,1,02,04,20,069,36,07,19,104,34,1*66
$GQGSV,1,1,03,03,05,128,21,04,20,069,35,07,19,104,35,6*5C
$GNGLL,2454.22833,N,06708.27293,E,141959.00,A,D*78
$GNRMC,142000.00,A,2454.22833,N,06708.27293,E,0.007,,050525,,,R,V*0B
$GNVTG,,T,,M,0.007,N,0.013,K,D*3D
$GNGGA,142000.00,2454.22833,N,06708.27293,E,4,12,0.67,21.9,M,-44.2,M,1.0,0290*78
$GNGSA,A,3,08,10,18,23,27,28,32,31,02,,,,1.46,0.67,1.29,1*06
$GNGSA,A,3,87,66,86,72,65,88,,,,,,,1.46,0.67,1.29,2*0D
$GNGSA,A,3,05,03,08,15,34,,,,,,,,1.46,0.67,1.29,3*06
$GNGSA,A,3,08,09,06,13,20,16,29,27,32,38,39,,1.46,0.67,1.29,4*02
$GNGSA,A,3,04,,,,,,,,,,,,1.46,0.67,1.29,5*09
$GPGSV,3,1,12,02,22,321,42,08,23,282,43,10,48,027,46,18,20,139,35,1*6B
$GPGSV,3,2,12,23,24,074,41,27,32,240,38,28,41,163,43,31,20,185,41,1*6B
$GPGSV,3,3,12,32,71,342,50,36,34,246,36,40,59,208,47,41,56,146,46,1*61
$GPGSV,3,1,09,08,23,282,32,10,48,027,37,18,20,139,36,23,24,074,35,6*63
$GPGSV,3,2,09,24,03,039,15,27,32,240,33,28,41,163,41,31,20,185,35,6*66
$GPGSV,3,3,09,32,71,342,40,6*5C
$GPGSV,1,1,01,49,17,257,,0*5F
$GLGSV,3,1,09,65,45,305,46,66,16,257,38,72,32,019,46,74,11,078,33,1*7B
$GLGSV,3,2,09,75,09,127,41,86,22,161,45,87,67,182,49,88,43,324,49,1*74
$GLGSV,3,3,09,,,,48,1*7D
$GLGSV,2,1,06,66,16,257,33,72,32,019,43,75,09,127,33,86,22,161,40,3*70
$GLGSV,2,2,06,88,43,324,44,,,,42,3*48
$GLGSV,1,1,01,73,00,038,,0*47
$GAGSV,2,1,06,03,69,010,43,05,20,040,38,08,49,241,42,13,15,323,38,2*7A
$GAGSV,2,2,06,15,67,341,43,34,54,126,41,2*72
$GAGSV,2,1,06,03,69,010,46,05,20,040,37,08,49,241,42,13,15,323,36,7*7B
$GAGSV,2,2,06,15,67,341,46,34,54,126,45,7*76
$GAGSV,1,1,02,07,01,228,,36,04,137,,0*7C
$GBGSV,2,1,08,08,31,068,39,13,44,053,43,20,48,305,46,27,18,163,41,1*77
$GBGSV,2,2,08,29,40,299,45,32,40,031,46,38,26,080,40,39,50,075,45,1*78
$GBGSV,2,1,05,06,53,103,40,08,31,068,38,09,52,127,40,13,44,053,39,B*0A
$GBGSV,2,2,05,16,51,089,40,B*36
$GBGSV,3,1,12,01,03,095,,02,58,140,,03,35,112,,05,62,201,,0*77
$GBGSV,3,2,12,07,01,156,,10,07,165,,19,13,266,,23,17,079,,0*74
$GBGSV,3,3,12,30,57,211,,59,08,095,,60,60,149,,61,35,113,,0*71
$GQGSV,1,1,02,04,20,069,36,07,19,104,34,1*66
$GQGSV,1,1,03,03,05,128,21,04,20,069,35,07,19,104,35,6*5C
$GNGLL,2454.22833,N,06708.27293,E,142000.00,A,D*7E
$GNRMC,142001.00,A,2454.22833,N,06708.27293,E,0.008,,050525,,,R,V*05
$GNVTG,,T,,M,0.008,N,0.014,K,D*35
$GNGGA,142001.00,2454.22833,N,06708.27293,E,4,12,0.67,21.9,M,-44.2,M,1.0,0290*79
$GNGSA,A,3,08,10,18,23,27,28,32,31,02,,,,1.46,0.67,1.29,1*06
$GNGSA,A,3,87,66,86,72,65,88,,,,,,,1.46,0.67,1.29,2*0D
$GNGSA,A,3,05,03,08,15,34,,,,,,,,1.46,0.67,1.29,3*06
$GNGSA,A,3,08,09,06,13,20,16,29,27,32,38,39,,1.46,0.67,1.29,4*02
$GNGSA,A,3,04,,,,,,,,,,,,1.46,0.67,1.29,5*09
$GPGSV,3,1,12,02,22,321,42,08,23,282,43,10,48,027,46,18,20,139,35,1*6B
$GPGSV,3,2,12,23,24,074,41,27,32,240,38,28,41,163,43,31,20,185,41,1*6B
$GPGSV,3,3,12,32,71,342,50,36,34,246,36,40,59,208,47,41,56,146,46,1*61
$GPGSV,3,1,09,08,23,282,32,10,48,027,37,18,20,139,35,23,24,074,35,6*60
$GPGSV,3,2,09,24,03,039,16,27,32,240,33,28,41,163,41,31,20,185,35,6*65
$GPGSV,3,3,09,32,71,342,40,6*5C
$GPGSV,1,1,01,49,17,257,,0*5F
$GLGSV,3,1,09,65,45,305,46,66,16,257,39,72,31,020,46,74,11,078,33,1*73
$GLGSV,3,2,09,75,09,127,41,86,22,161,45,87,67,182,49,88,43,324,49,1*74
$GLGSV,3,3,09,,,,48,1*7D
$GLGSV,2,1,06,66,16,257,33,72,31,020,43,75,09,127,33,86,22,161,40,3*79
$GLGSV,2,2,06,88,43,324,44,,,,42,3*48
$GLGSV,1,1,01,73,00,038,,0*47
$GAGSV,2,1,06,03,69,010,43,05,20,040,38,08,49,241,42,13,15,323,38,2*7A
$GAGSV,2,2,06,15,67,341,43,34,54,126,41,2*72
$GAGSV,2,1,06,03,69,010,46,05,20,040,37,08,49,241,42,13,15,323,36,7*7B
$GAGSV,2,2,06,15,67,341,46,34,54,126,45,7*76
$GAGSV,1,1,02,07,01,228,,36,04,137,,0*7C
$GBGSV,2,1,08,08,31,068,39,13,44,053,43,20,48,305,46,27,18,163,41,1*77
$GBGSV,2,2,08,29,40,299,45,32,40,031,46,38,26,080,40,39,50,075,45,1*78
$GBGSV,2,1,05,06,53,103,40,08,31,068,38,09,52,127,40,13,44,053,39,B*0A
$GBGSV,2,2,05,16,51,089,40,B*36
$GBGSV,3,1,12,01,03,095,,02,58,140,,03,35,112,,05,62,201,,0*77
$GBGSV,3,2,12,07,01,156,,10,07,165,,19,13,266,,23,17,079,,0*74
$GBGSV,3,3,12,30,57,211,,59,08,095,,60,60,149,,61,35,113,,0*71
$GQGSV,1,1,02,04,20,069,36,07,19,104,33,1*61
$GQGSV,1,1,03,03,05,128,21,04,20,069,34,07,19,104,35,6*5D
$GNGLL,2454.22833,N,06708.27293,E,142001.00,A,D*7F
$GNRMC,142002.00,A,2454.22833,N,06708.27293,E,0.004,,050525,,,R,V*0A
$GNVTG,,T,,M,0.004,N,0.008,K,D*34
$GNGGA,142002.00,2454.22833,N,06708.27293,E,4,12,0.67,21.9,M,-44.2,M,1.0,0290*7A
$GNGSA,A,3,08,10,18,23,27,28,32,31,02,,,,1.46,0.67,1.29,1*06
$GNGSA,A,3,87,66,86,72,65,88,,,,,,,1.46,0.67,1.29,2*0D
$GNGSA,A,3,05,03,08,15,34,,,,,,,,1.46,0.67,1.29,3*06
$GNGSA,A,3,08,09,06,13,20,16,29,27,32,38,39,,1.46,0.67,1.29,4*02
$GNGSA,A,3,04,,,,,,,,,,,,1.46,0.67,1.29,5*09
$GPGSV,3,1,12,02,22,321,42,08,23,282,43,10,48,027,46,18,20,139,35,1*6B
$GPGSV,3,2,12,23,24,074,41,27,32,240,38,28,41,163,43,31,20,185,41,1*6B
$GPGSV,3,3,12,32,71,342,50,36,34,246,36,40,59,208,47,41,56,146,46,1*61
$GPGSV,3,1,09,08,23,282,32,10,48,027,38,18,20,139,35,23,24,074,35,6*6F
$GPGSV,3,2,09,24,03,039,15,27,32,240,33,28,41,163,41,31,20,185,35,6*66
$GPGSV,3,3,09,32,71,342,41,6*5D
$GPGSV,1,1,01,49,17,257,,0*5F
$GLGSV,3,1,09,65,45,305,46,66,16,257,39,72,31,020,46,74,11,078,34,1*74
$GLGSV,3,2,09,75,09,127,41,86,22,161,45,87,67,182,49,88,43,324,49,1*74
$GLGSV,3,3,09,,,,48,1*7D
$GLGSV,2,1,06,66,16,257,33,72,31,020,43,75,09,127,33,86,22,161,40,3*79
$GLGSV,2,2,06,88,43,324,44,,,,42,3*48
$GLGSV,1,1,01,73,00,037,,0*48
$GAGSV,2,1,06,03,69,010,43,05,20,040,38,08,49,241,42,13,15,323,39,2*7B
$GAGSV,2,2,06,15,67,341,43,34,54,126,41,2*72
$GAGSV,2,1,06,03,69,010,46,05,20,040,37,08,49,241,42,13,15,323,36,7*7B
$GAGSV,2,2,06,15,67,341,46,34,54,126,45,7*76
$GAGSV,1,1,02,07,01,228,,36,04,137,,0*7C
$GBGSV,2,1,08,08,31,068,39,13,44,053,43,20,48,305,46,27,18,163,41,1*77
$GBGSV,2,2,08,29,40,299,44,32,40,031,46,38,26,080,40,39,50,075,45,1*79
$GBGSV,2,1,05,06,53,103,40,08,31,068,38,09,52,127,40,13,44,053,39,B*0A
$GBGSV,2,2,05,16,51,089,40,B*36
$GBGSV,3,1,12,01,03,095,,02,58,140,,03,35,112,,05,62,201,,0*77
$GBGSV,3,2,12,07,01,156,,10,07,165,,19,13,266,,23,17,079,,0*74
$GBGSV,3,3,12,30,57,211,,59,08,095,,60,60,149,,61,35,113,,0*71
$GQGSV,1,1,02,04,20,069,36,07,19,104,33,1*61
$GQGSV,1,1,03,03,05,128,21,04,20,069,35,07,19,104,35,6*5C
$GNGLL,2454.22833,N,06708.27293,E,142002.00,A,D*7C
$GNRMC,142003.00,A,2454.22833,N,06708.27293,E,0.012,,050525,,,R,V*0C
$GNVTG,,T,,M,0.012,N,0.022,K,D*3B
$GNGGA,142003.00,2454.22833,N,06708.27293,E,4,12,0.67,21.9,M,-44.2,M,1.0,0290*7B
$GNGSA,A,3,08,10,18,23,27,28,32,31,02,,,,1.46,0.67,1.29,1*06
$GNGSA,A,3,87,66,86,72,65,88,,,,,,,1.46,0.67,1.29,2*0D
$GNGSA,A,3,05,03,08,15,34,,,,,,,,1.46,0.67,1.29,3*06
$GNGSA,A,3,08,09,06,13,20,16,29,27,32,38,39,,1.46,0.67,1.29,4*02
$GNGSA,A,3,04,,,,,,,,,,,,1.46,0.67,1.29,5*09
$GPGSV,3,1,12,02,22,321,42,08,23,282,43,10,48,027,46,18,20,139,35,1*6B
$GPGSV,3,2,12,23,24,074,41,27,32,240,38,28,41,163,43,31,20,185,41,1*6B
$GPGSV,3,3,12,32,71,342,50,36,34,246,36,40,59,208,47,41,56,146,46,1*61
$GPGSV,3,1,09,08,23,282,32,10,48,027,38,18,20,139,36,23,24,074,36,6*6F
$GPGSV,3,2,09,24,03,039,15,27,32,240,32,28,41,163,41,31,20,185,35,6*67
$GPGSV,3,3,09,32,71,342,41,6*5D
$GPGSV,1,1,01,49,17,257,,0*5F
$GLGSV,3,1,09,65,45,305,46,66,16,257,39,72,31,020,46,74,11,077,34,1*7B
$GLGSV,3,2,09,75,09,127,41,86,22,161,45,87,67,182,49,88,43,324,49,1*74
$GLGSV,3,3,09,,,,48,1*7D
$GLGSV,2,1,06,66,16,257,33,72,31,020,43,75,09,127,32,86,22,161,40,3*78
$GLGSV,2,2,06,88,43,324,44,,,,42,3*48
$GLGSV,1,1,01,73,00,037,,0*48
$GAGSV,2,1,06,03,69,010,43,05,20,040,38,08,49,241,43,13,15,323,38,2*7B
$GAGSV,2,2,06,15,67,341,43,34,54,126,41,2*72
$GAGSV,2,1,06,03,69,010,46,05,20,040,37,08,49,241,42,13,15,323,36,7*7B
$GAGSV,2,2,06,15,67,341,46,34,54,126,45,7*76
$GAGSV,1,1,02,07,01,228,,36,04,137,,0*7C
$GBGSV,2,1,08,08,31,068,39,13,44,053,43,20,48,305,46,27,18,163,41,1*77
$GBGSV,2,2,08,29,40,299,45,32,40,031,46,38,26,080,40,39,50,075,45,1*78
$GBGSV,2,1,05,06,53,103,40,08,31,068,38,09,52,127,40,13,44,053,39,B*0A
$GBGSV,2,2,05,16,51,089,40,B*36
$GBGSV,3,1,12,01,03,095,,02,58,140,,03,35,112,,05,62,201,,0*77
$GBGSV,3,2,12,07,01,156,,10,07,165,,19,13,266,,23,17,079,,0*74
$GBGSV,3,3,12,30,57,211,,59,08,095,,60,60,149,,61,35,113,,0*71
$GQGSV,1,1,02,04,20,069,37,07,19,104,34,1*67
$GQGSV,1,1,03,03,05,128,21,04,20,069,35,07,19,104,35,6*5C
$GNGLL,2454.22833,N,06708.27293,E,142003.00,A,D*7D
$GNRMC,142004.00,A,2454.22833,N,06708.27293,E,0.006,,050525,,,R,V*0E
$GNVTG,,T,,M,0.006,N,0.011,K,D*3E
$GNGGA,142004.00,2454.22833,N,06708.27293,E,4,12,0.67,21.9,M,-44.2,M,1.0,0290*7C
$GNGSA,A,3,08,10,18,23,27,28,32,31,02,,,,1.46,0.67,1.29,1*06
$GNGSA,A,3,87,66,86,72,65,88,,,,,,,1.46,0.67,1.29,2*0D
$GNGSA,A,3,05,03,08,15,34,,,,,,,,1.46,0.67,1.29,3*06
$GNGSA,A,3,08,09,06,13,20,16,29,27,32,38,39,,1.46,0.67,1.29,4*02
$GNGSA,A,3,04,,,,,,,,,,,,1.46,0.67,1.29,5*09
$GPGSV,3,1,12,02,22,321,42,08,23,282,43,10,48,027,46,18,20,139,35,1*6B
$GPGSV,3,2,12,23,24,074,41,27,32,240,38,28,41,163,43,31,20,185,41,1*6B
$GPGSV,3,3,12,32,71,342,50,36,34,246,37,40,59,208,46,41,56,146,46,1*61
$GPGSV,3,1,09,08,23,282,32,10,48,027,38,18,20,139,36,23,24,074,36,6*6F
$GPGSV,3,2,09,24,03,039,16,27,32,240,33,28,41,163,41,31,20,185,35,6*65
$GPGSV,3,3,09,32,71,342,41,6*5D
$GPGSV,1,1,01,49,17,257,,0*5F
$GLGSV,3,1,09,65,45,305,46,66,16,257,39,72,31,020,46,74,11,077,34,1*7B
$GLGSV,3,2,09,75,10,126,41,86,22,161,45,87,67,182,49,88,43,324,49,1*7D
$GLGSV,3,3,09,,,,48,1*7D
$GLGSV,2,1,06,66,16,257,33,72,31,020,43,75,10,126,33,86,22,161,40,3*70
$GLGSV,2,2,06,88,43,324,44,,,,42,3*48
$GLGSV,1,1,01,73,00,037,,0*48
$GAGSV,2,1,06,03,69,010,43,05,20,040,38,08,49,241,43,13,15,323,39,2*7A
$GAGSV,2,2,06,15,67,341,43,34,54,126,42,2*71
$GAGSV,2,1,06,03,69,010,46,05,20,040,37,08,49,241,42,13,15,323,36,7*7B
$GAGSV,2,2,06,15,67,341,46,34,54,126,45,7*76
$GAGSV,1,1,02,07,01,228,,36,04,137,,0*7C
$GBGSV,2,1,08,08,31,068,39,13,44,053,43,20,48,305,46,27,18,163,41,1*77
$GBGSV,2,2,08,29,40,299,45,32,40,031,46,38,26,080,40,39,50,075,45,1*78
$GBGSV,2,1,05,06,53,103,40,08,31,068,38,09,52,127,40,13,44,053,39,B*0A
$GBGSV,2,2,05,16,51,089,40,B*36
$GBGSV,3,1,12,01,03,095,,02,58,140,,03,35,112,,05,62,201,,0*77
$GBGSV,3,2,12,07,01,156,,10,07,165,,19,13,266,,23,17,079,,0*74
$GBGSV,3,3,12,30,57,211,,59,08,095,,60,60,149,,61,35,113,,0*71
$GQGSV,1,1,02,04,20,069,37,07,19,104,34,1*67
$GQGSV,1,1,03,03,05,128,21,04,20,069,35,07,19,104,35,6*5C
$GNGLL,2454.22833,N,06708.27293,E,142004.00,A,D*7A
$GNRMC,142005.00,A,2454.22833,N,06708.27293,E,0.007,,050525,,,R,V*0E
$GNVTG,,T,,M,0.007,N,0.012,K,D*3C
$GNGGA,142005.00,2454.22833,N,06708.27293,E,4,12,0.67,21.9,M,-44.2,M,1.0,0290*7D
$GNGSA,A,3,08,10,18,23,27,28,32,31,02,,,,1.46,0.67,1.29,1*06
$GNGSA,A,3,87,66,86,72,65,88,,,,,,,1.46,0.67,1.29,2*0D
$GNGSA,A,3,05,03,08,15,34,,,,,,,,1.46,0.67,1.29,3*06
$GNGSA,A,3,08,09,06,13,20,16,29,27,32,38,39,,1.46,0.67,1.29,4*02
$GNGSA,A,3,04,,,,,,,,,,,,1.46,0.67,1.29,5*09
$GPGSV,3,1,12,02,22,321,42,08,23,282,43,10,48,027,46,18,20,139,35,1*6B
$GPGSV,3,2,12,23,24,074,41,27,32,240,38,28,41,163,43,31,20,185,41,1*6B
$GPGSV,3,3,12,32,71,342,50,36,34,246,36,40,59,208,46,41,56,146,46,1*60
$GPGSV,3,1,09,08,23,282,32,10,48,027,38,18,20,139,36,23,24,074,36,6*6F
$GPGSV,3,2,09,24,03,039,16,27,32,240,32,28,41,163,41,31,20,185,35,6*64
$GPGSV,3,3,09,32,71,342,41,6*5D
$GPGSV,1,1,01,49,17,257,,0*5F
$GLGSV,3,1,09,65,45,305,46,66,16,257,39,72,31,020,46,74,11,077,34,1*7B
$GLGSV,3,2,09,75,10,126,40,86,22,161,45,87,67,182,49,88,43,324,49,1*7C
$GLGSV,3,3,09,,,,48,1*7D
$GLGSV,2,1,06,66,16,257,33,72,31,020,43,75,10,126,33,86,22,161,41,3*71
$GLGSV,2,2,06,88,43,324,44,,,,42,3*48
$GLGSV,1,1,01,73,00,037,,0*48
$GAGSV,2,1,06,03,69,010,43,05,20,040,38,08,49,241,43,13,15,323,39,2*7A
$GAGSV,2,2,06,15,67,341,43,34,54,126,42,2*71
$GAGSV,2,1,06,03,69,010,46,05,20,040,37,08,49,241,43,13,15,323,36,7*7A
$GAGSV,2,2,06,15,67,341,46,34,54,126,45,7*76
$GAGSV,1,1,02,07,01,228,,36,04,137,,0*7C
$GBGSV,2,1,08,08,31,068,39,13,44,053,43,20,48,305,46,27,18,163,41,1*77
$GBGSV,2,2,08,29,40,299,45,32,40,031,46,38,26,080,40,39,50,075,45,1*78
$GBGSV,2,1,05,06,53,103,40,08,31,068,38,09,52,127,40,13,44,053,40,B*04
$GBGSV,2,2,05,16,51,089,40,B*36
$GBGSV,3,1,12,01,03,095,,02,58,140,,03,35,112,,05,62,201,,0*77
$GBGSV,3,2,12,07,01,156,,10,07,165,,19,13,266,,23,17,079,,0*74
$GBGSV,3,3,12,30,57,211,,59,08,095,,60,60,149,,61,35,113,,0*71
$GQGSV,1,1,02,04,20,069,36,07,19,104,34,1*66
$GQGSV,1,1,03,03,05,128,21,04,20,069,35,07,19,104,35,6*5C
$GNGLL,2454.22833,N,06708.27293,E,142005.00,A,D*7B
$GNRMC,142006.00,A,2454.22833,N,06708.27293,E,0.010,,050525,,,R,V*0B
$GNVTG,,T,,M,0.010,N,0.019,K,D*31
$GNGGA,142006.00,2454.22833,N,06708.27293,E,4,12,0.67,21.9,M,-44.2,M,1.0,0290*7E
$GNGSA,A,3,08,10,18,23,27,28,32,31,02,,,,1.46,0.67,1.29,1*06
$GNGSA,A,3,87,66,86,72,65,88,,,,,,,1.46,0.67,1.29,2*0D
$GNGSA,A,3,05,03,08,15,34,,,,,,,,1.46,0.67,1.29,3*06
$GNGSA,A,3,08,09,06,13,20,16,29,27,32,38,39,,1.46,0.67,1.29,4*02
$GNGSA,A,3,04,,,,,,,,,,,,1.46,0.67,1.29,5*09
$GPGSV,3,1,12,02,22,321,42,08,23,282,43,10,48,027,46,18,20,139,35,1*6B
$GPGSV,3,2,12,23,24,074,41,27,32,240,37,28,41,163,43,31,20,185,41,1*64
$GPGSV,3,3,12,32,71,342,50,36,34,246,37,40,59,208,46,41,56,146,46,1*61
$GPGSV,3,1,09,08,23,282,32,10,48,027,38,18,20,139,36,23,24,074,36,6*6F
$GPGSV,3,2,09,24,03,039,16,27,32,240,32,28,41,163,41,31,20,185,35,6*64
$GPGSV,3,3,09,32,71,342,41,6*5D
$GPGSV,1,1,01,49,17,257,,0*5F
$GLGSV,3,1,09,65,45,305,46,66,16,257,39,72,31,020,46,74,11,077,34,1*7B
$GLGSV,3,2,09,75,10,126,40,86,22,161,45,87,67,182,49,88,43,324,49,1*7C
$GLGSV,3,3,09,,,,48,1*7D
$GLGSV,2,1,06,66,16,257,33,72,31,020,43,75,10,126,32,86,22,161,41,3*70
$GLGSV,2,2,06,88,43,324,44,,,,42,3*48
$GLGSV,1,1,01,73,00,037,,0*48
$GAGSV,2,1,06,03,69,010,43,05,20,040,38,08,49,241,43,13,15,323,39,2*7A
$GAGSV,2,2,06,15,67,341,43,34,54,126,42,2*71
$GAGSV,2,1,06,03,69,010,46,05,20,040,37,08,49,241,43,13,15,323,36,7*7A
$GAGSV,2,2,06,15,67,341,46,34,54,126,45,7*76
$GAGSV,1,1,02,07,01,228,,36,04,137,,0*7C
$GBGSV,2,1,08,08,31,068,39,13,44,053,43,20,48,305,46,27,18,163,41,1*77
$GBGSV,2,2,08,29,40,299,45,32,40,031,46,38,26,080,40,39,50,075,45,1*78
$GBGSV,2,1,05,06,53,103,40,08,31,068,38,09,52,127,40,13,44,053,39,B*0A
$GBGSV,2,2,05,16,51,089,40,B*36
$GBGSV,3,1,12,01,03,095,,02,58,140,,03,35,112,,05,62,201,,0*77
$GBGSV,3,2,12,07,01,156,,10,07,165,,19,13,266,,23,17,079,,0*74
$GBGSV,3,3,12,30,57,211,,59,08,095,,60,60,149,,61,35,113,,0*71
$GQGSV,1,1,02,04,20,069,36,07,19,104,34,1*66
$GQGSV,1,1,03,03,05,128,22,04,20,069,35,07,19,104,35,6*5F
$GNGLL,2454.22833,N,06708.27293,E,142006.00,A,D*78
$GNRMC,142007.00,A,2454.22833,N,06708.27293,E,0.006,,050525,,,R,V*0D
$GNVTG,,T,,M,0.006,N,0.011,K,D*3E
$GNGGA,142007.00,2454.22833,N,06708.27293,E,4,12,0.67,21.9,M,-44.2,M,1.0,0290*7F
$GNGSA,A,3,08,10,18,23,27,28,32,31,02,,,,1.46,0.67,1.29,1*06
$GNGSA,A,3,87,66,86,72,65,88,,,,,,,1.46,0.67,1.29,2*0D
$GNGSA,A,3,05,03,08,15,34,,,,,,,,1.46,0.67,1.29,3*06
$GNGSA,A,3,08,09,06,13,20,16,29,27,32,38,39,,1.46,0.67,1.29,4*02
$GNGSA,A,3,04,,,,,,,,,,,,1.46,0.67,1.29,5*09
$GPGSV,3,1,12,02,22,321,42,08,23,282,43,10,48,027,47,18,20,139,35,1*6A
$GPGSV,3,2,12,23,24,074,41,27,32,240,37,28,41,163,43,31,20,185,41,1*64
$GPGSV,3,3,12,32,71,342,50,36,34,246,37,40,59,208,46,41,56,146,46,1*61
$GPGSV,3,1,09,08,23,282,32,10,48,027,38,18,20,139,36,23,24,074,36,6*6F
$GPGSV,3,2,09,24,03,039,16,27,32,240,32,28,41,163,41,31,20,185,35,6*64
$GPGSV,3,3,09,32,71,342,41,6*5D
$GPGSV,1,1,01,49,17,257,,0*5F
$GLGSV,3,1,09,65,45,305,46,66,16,257,39,72,31,020,46,74,11,077,34,1*7B
$GLGSV,3,2,09,75,10,126,41,86,22,161,45,87,67,182,49,88,43,324,49,1*7D
$GLGSV,3,3,09,,,,48,1*7D
$GLGSV,2,1,06,66,16,257,33,72,31,020,43,75,10,126,32,86,22,161,41,3*70
$GLGSV,2,2,06,88,43,324,44,,,,42,3*48
$GLGSV,1,1,01,73,00,037,,0*48
$GAGSV,2,1,06,03,69,010,43,05,20,040,38,08,49,241,43,13,15,323,39,2*7A
$GAGSV,2,2,06,15,67,341,43,34,54,126,42,2*71
$GAGSV,2,1,06,03,69,010,46,05,20,040,37,08,49,241,43,13,15,323,36,7*7A
$GAGSV,2,2,06,15,67,341,46,34,54,126,45,7*76
$GAGSV,1,1,02,07,01,228,,36,04,137,,0*7C
$GBGSV,2,1,08,08,31,068,39,13,44,053,43,20,48,305,46,27,18,163,41,1*77
$GBGSV,2,2,08,29,40,299,45,32,40,031,46,38,26,080,40,39,50,075,45,1*78
$GBGSV,2,1,05,06,53,103,40,08,31,068,38,09,52,127,40,13,44,053,39,B*0A
$GBGSV,2,2,05,16,51,089,40,B*36
$GBGSV,3,1,12,01,03,095,,02,58,140,,03,35,112,,05,62,201,,0*77
$GBGSV,3,2,12,07,01,156,,10,07,165,,19,13,266,,23,17,079,,0*74
$GBGSV,3,3,12,30,57,211,,59,08,095,,60,60,149,,61,35,113,,0*71
$GQGSV,1,1,02,04,20,069,37,07,19,104,34,1*67
$GQGSV,1,1,03,03,05,128,21,04,20,069,35,07,19,104,35,6*5C
$GNGLL,2454.22833,N,06708.27293,E,142007.00,A,D*79
$GNRMC,142008.00,A,2454.22833,N,06708.27292,E,0.006,,050525,,,R,V*03
$GNVTG,,T,,M,0.006,N,0.011,K,D*3E
$GNGGA,142008.00,2454.22833,N,06708.27292,E,4,12,0.67,21.9,M,-44.2,M,1.0,0290*71
$GNGSA,A,3,08,10,18,23,27,28,32,31,02,,,,1.46,0.67,1.29,1*06
$GNGSA,A,3,87,66,86,72,65,88,,,,,,,1.46,0.67,1.29,2*0D
$GNGSA,A,3,05,03,08,15,34,,,,,,,,1.46,0.67,1.29,3*06
$GNGSA,A,3,08,09,06,13,20,16,29,27,32,38,39,,1.46,0.67,1.29,4*02
$GNGSA,A,3,04,,,,,,,,,,,,1.46,0.67,1.29,5*09
$GPGSV,3,1,12,02,22,321,42,08,23,282,43,10,48,027,47,18,20,139,35,1*6A
$GPGSV,3,2,12,23,24,074,41,27,32,240,38,28,41,163,43,31,20,185,41,1*6B
$GPGSV,3,3,12,32,71,342,50,36,34,246,37,40,59,208,46,41,56,146,46,1*61
$GPGSV,3,1,09,08,23,282,32,10,48,027,38,18,20,139,36,23,24,074,36,6*6F
$GPGSV,3,2,09,24,03,039,16,27,32,240,32,28,41,163,41,31,20,185,35,6*64
$GPGSV,3,3,09,32,71,342,41,6*5D
$GPGSV,1,1,01,49,17,257,,0*5F
$GLGSV,3,1,09,65,45,305,46,66,16,257,38,72,31,020,46,74,11,077,34,1*7A
$GLGSV,3,2,09,75,10,126,41,86,22,161,45,87,67,182,49,88,43,324,49,1*7D
$GLGSV,3,3,09,,,,47,1*72
$GLGSV,2,1,06,66,16,257,33,72,31,020,43,75,10,126,32,86,22,161,41,3*70
$GLGSV,2,2,06,88,43,324,44,,,,42,3*48
$GLGSV,1,1,01,73,00,037,,0*48
$GAGSV,2,1,06,03,69,010,43,05,20,040,38,08,49,241,43,13,15,323,39,2*7A
$GAGSV,2,2,06,15,67,341,43,34,54,126,42,2*71
$GAGSV,2,1,06,03,69,010,46,05,20,040,37,08,49,241,43,13,15,323,36,7*7A
$GAGSV,2,2,06,15,67,341,47,34,54,126,45,7*77
$GAGSV,1,1,02,07,01,228,,36,04,137,,0*7C
$GBGSV,2,1,08,08,31,068,39,13,44,053,43,20,48,305,46,27,18,163,41,1*77
$GBGSV,2,2,08,29,40,299,45,32,40,031,46,38,26,080,40,39,50,075,45,1*78
$GBGSV,2,1,05,06,53,103,40,08,31,068,37,09,52,127,40,13,44,053,39,B*05
$GBGSV,2,2,05,16,51,089,40,B*36
$GBGSV,3,1,12,01,03,095,,02,58,140,,03,35,112,,05,62,201,,0*77
$GBGSV,3,2,12,07,01,156,,10,07,165,,19,13,266,,23,17,079,,0*74
$GBGSV,3,3,12,30,57,211,,59,08,095,,60,60,149,,61,35,113,,0*71
$GQGSV,1,1,02,04,20,069,36,07,19,104,34,1*66
$GQGSV,1,1,03,03,05,128,20,04,20,069,35,07,19,104,35,6*5D
$GNGLL,2454.22833,N,06708.27292,E,142008.00,A,D*77
$GNRMC,142009.00,A,2454.22833,N,06708.27293,E,0.003,,050525,,,R,V*06
$GNVTG,,T,,M,0.003,N,0.006,K,D*3D
$GNGGA,142009.00,2454.22833,N,06708.27293,E,4,12,0.67,21.9,M,-44.2,M,1.0,0290*71
$GNGSA,A,3,08,10,18,23,27,28,32,31,02,,,,1.46,0.67,1.29,1*06
$GNGSA,A,3,87,66,86,72,65,88,,,,,,,1.46,0.67,1.29,2*0D
$GNGSA,A,3,05,03,08,15,34,,,,,,,,1.46,0.67,1.29,3*06
$GNGSA,A,3,08,09,06,13,20,16,29,27,32,38,39,,1.46,0.67,1.29,4*02
$GNGSA,A,3,04,,,,,,,,,,,,1.46,0.67,1.29,5*09
$GPGSV,3,1,12,02,22,321,42,08,23,282,43,10,48,027,47,18,20,139,35,1*6A
$GPGSV,3,2,12,23,24,074,41,27,32,240,38,28,41,163,43,31,20,185,41,1*6B
$GPGSV,3,3,12,32,71,342,50,36,34,246,37,40,59,208,46,41,56,146,46,1*61
$GPGSV,3,1,09,08,23,282,32,10,48,027,38,18,20,139,36,23,24,074,36,6*6F
$GPGSV,3,2,09,24,03,039,16,27,32,240,33,28,41,163,41,31,20,185,35,6*65
$GPGSV,3,3,09,32,71,342,41,6*5D
$GPGSV,1,1,01,49,17,257,,0*5F
$GLGSV,2,1,08,65,45,305,46,66,16,257,38,72,31,020,46,74,11,077,34,1*7A
$GLGSV,2,2,08,75,10,126,41,86,22,161,45,87,67,182,49,88,43,324,49,1*7D
$GLGSV,2,1,06,66,16,257,34,72,31,020,43,75,10,126,32,86,22,161,41,3*77
$GLGSV,2,2,06,88,43,324,44,,,,42,3*48
$GLGSV,1,1,01,73,00,037,,0*48
$GAGSV,2,1,06,03,69,010,43,05,20,040,38,08,49,241,43,13,15,323,39,2*7A
$GAGSV,2,2,06,15,67,341,43,34,54,126,42,2*71
$GAGSV,2,1,06,03,69,010,46,05,20,040,37,08,49,241,43,13,15,323,36,7*7A
$GAGSV,2,2,06,15,67,341,46,34,54,126,45,7*76
$GAGSV,1,1,02,07,01,228,,36,04,137,,0*7C
$GBGSV,2,1,08,08,31,068,39,13,44,053,43,20,48,305,46,27,18,163,41,1*77
$GBGSV,2,2,08,29,40,299,45,32,40,031,46,38,26,080,40,39,50,075,45,1*78
$GBGSV,2,1,05,06,53,103,40,08,31,068,38,09,52,127,40,13,44,053,39,B*0A
$GBGSV,2,2,05,16,51,089,40,B*36
$GBGSV,3,1,12,01,03,095,,02,58,140,,03,35,112,,05,62,201,,0*77
$GBGSV,3,2,12,07,01,156,,10,07,165,,19,13,266,,23,17,079,,0*74
$GBGSV,3,3,12,30,57,211,,59,08,095,,60,60,149,,61,35,113,,0*71
$GQGSV,1,1,02,04,20,069,36,07,19,104,34,1*66
$GQGSV,1,1,03,03,05,128,20,04,20,069,35,07,19,104,35,6*5D
$GNGLL,2454.22833,N,06708.27293,E,142009.00,A,D*77
$GNRMC,142010.00,A,2454.22833,N,06708.27293,E,0.005,,050525,,,R,V*08
$GNVTG,,T,,M,0.005,N,0.010,K,D*3C
$GNGGA,142010.00,2454.22833,N,06708.27293,E,4,12,0.67,21.9,M,-44.2,M,1.0,0290*79
$GNGSA,A,3,08,10,18,23,27,28,32,31,02,,,,1.46,0.67,1.29,1*06
$GNGSA,A,3,87,66,86,72,65,88,,,,,,,1.46,0.67,1.29,2*0D
$GNGSA,A,3,05,03,08,15,34,,,,,,,,1.46,0.67,1.29,3*06
$GNGSA,A,3,08,09,06,13,20,16,29,27,32,38,39,,1.46,0.67,1.29,4*02
$GNGSA,A,3,04,,,,,,,,,,,,1.46,0.67,1.29,5*09
$GPGSV,3,1,12,02,22,321,42,08,23,282,42,10,48,027,47,18,20,139,35,1*6B
$GPGSV,3,2,12,23,24,074,41,27,32,240,38,28,41,163,43,31,20,185,41,1*6B
$GPGSV,3,3,12,32,71,342,50,36,34,246,37,40,59,208,46,41,56,146,46,1*61
$GPGSV,3,1,09,08,23,282,32,10,48,027,38,18,20,139,36,23,24,074,36,6*6F
$GPGSV,3,2,09,24,03,039,16,27,32,240,32,28,41,163,41,31,20,185,35,6*64
$GPGSV,3,3,09,32,71,342,41,6*5D
$GPGSV,1,1,01,49,17,257,,0*5F
$GLGSV,3,1,09,65,45,305,46,66,16,257,38,72,31,020,46,74,11,077,35,1*7B
$GLGSV,3,2,09,75,10,126,41,86,22,161,45,87,67,182,49,88,43,324,49,1*7D
$GLGSV,3,3,09,,,,47,1*72
$GLGSV,2,1,06,66,16,257,34,72,31,020,43,75,10,126,32,86,22,161,41,3*77
$GLGSV,2,2,06,88,43,324,44,,,,42,3*48
$GLGSV,1,1,01,73,00,037,,0*48
$GAGSV,2,1,06,03,69,010,43,05,20,040,38,08,49,241,42,13,15,323,38,2*7A
$GAGSV,2,2,06,15,67,341,43,34,54,126,41,2*72
$GAGSV,2,1,06,03,69,010,46,05,20,040,37,08,49,241,43,13,15,323,36,7*7A
$GAGSV,2,2,06,15,67,341,46,34,54,126,45,7*76
$GAGSV,1,1,02,07,01,228,,36,04,137,,0*7C
$GBGSV,2,1,08,08,31,068,39,13,44,053,43,20,48,305,46,27,18,163,41,1*77
$GBGSV,2,2,08,29,40,299,45,32,40,031,46,38,26,080,40,39,50,075,45,1*78
$GBGSV,2,1,05,06,53,103,40,08,31,068,38,09,52,127,40,13,44,053,39,B*0A
$GBGSV,2,2,05,16,51,089,40,B*36
$GBGSV,3,1,12,01,03,095,,02,58,140,,03,35,112,,05,62,201,,0*77
$GBGSV,3,2,12,07,01,156,,10,07,165,,19,13,266,,23,17,079,,0*74
$GBGSV,3,3,12,30,57,211,,59,08,095,,60,60,149,,61,35,113,,0*71
$GQGSV,1,1,02,04,20,069,36,07,19,104,34,1*66
$GQGSV,1,1,03,03,05,128,21,04,20,069,35,07,19,104,35,6*5C
$GNGLL,2454.22833,N,06708.27293,E,142010.00,A,D*7F
$GNRMC,142011.00,A,2454.22833,N,06708.27293,E,0.003,,050525,,,R,V*0F
$GNVTG,,T,,M,0.003,N,0.006,K,D*3D
$GNGGA,142011.00,2454.22833,N,06708.27293,E,4,12,0.67,21.9,M,-44.2,M,1.0,0290*78
$GNGSA,A,3,08,10,18,23,27,28,32,31,02,,,,1.46,0.67,1.29,1*06
$GNGSA,A,3,87,66,86,72,65,88,,,,,,,1.46,0.67,1.29,2*0D
$GNGSA,A,3,05,03,08,15,34,,,,,,,,1.46,0.67,1.29,3*06
$GNGSA,A,3,08,09,06,13,20,16,29,27,32,38,39,,1.46,0.67,1.29,4*02
$GNGSA,A,3,04,,,,,,,,,,,,1.46,0.67,1.29,5*09
$GPGSV,3,1,12,02,22,321,42,08,23,282,43,10,48,027,47,18,20,139,35,1*6A
$GPGSV,3,2,12,23,24,074,41,27,32,240,38,28,41,163,43,31,20,185,41,1*6B
$GPGSV,3,3,12,32,71,342,49,36,34,246,37,40,59,208,46,41,56,146,46,1*69
$GPGSV,3,1,09,08,23,282,32,10,48,027,38,18,20,139,36,23,24,074,36,6*6F
$GPGSV,3,2,09,24,03,039,16,27,32,240,32,28,41,163,41,31,20,185,35,6*64
$GPGSV,3,3,09,32,71,342,41,6*5D
$GPGSV,1,1,01,49,17,257,,0*5F
$GLGSV,3,1,09,65,45,305,46,66,16,257,38,72,31,020,45,74,11,077,35,1*78
$GLGSV,3,2,09,75,10,126,41,86,22,161,45,87,67,182,49,88,43,324,49,1*7D
$GLGSV,3,3,09,,,,47,1*72
$GLGSV,2,1,06,66,16,257,34,72,31,020,43,75,10,126,32,86,22,161,41,3*77
$GLGSV,2,2,06,88,43,324,44,,,,42,3*48
$GLGSV,1,1,01,73,00,037,,0*48
$GAGSV,2,1,06,03,69,010,43,05,20,040,38,08,49,241,42,13,15,323,38,2*7A
$GAGSV,2,2,06,15,67,341,43,34,54,126,41,2*72
$GAGSV,2,1,06,03,69,010,46,05,20,040,37,08,49,241,43,13,15,323,36,7*7A
$GAGSV,2,2,06,15,67,341,47,34,54,126,45,7*77
$GAGSV,1,1,02,07,01,228,,36,04,137,,0*7C
$GBGSV,2,1,08,08,31,068,39,13,44,053,43,20,48,305,46,27,18,163,41,1*77
$GBGSV,2,2,08,29,40,299,45,32,40,031,46,38,26,080,40,39,50,075,45,1*78
$GBGSV,2,1,05,06,53,103,40,08,31,068,37,09,52,127,40,13,44,053,39,B*05
$GBGSV,2,2,05,16,51,089,40,B*36
$GBGSV,3,1,12,01,03,095,,02,58,140,,03,35,112,,05,62,201,,0*77
$GBGSV,3,2,12,07,01,156,,10,07,165,,19,13,266,,23,17,079,,0*74
$GBGSV,3,3,12,30,57,211,,59,08,095,,60,60,149,,61,35,113,,0*71
$GQGSV,1,1,02,04,20,069,37,07,19,104,34,1*67
$GQGSV,1,1,03,03,05,128,21,04,20,069,35,07,19,104,34,6*5D
$GNGLL,2454.22833,N,06708.27293,E,142011.00,A,D*7E
$GNRMC,142012.00,A,2454.22834,N,06708.27293,E,0.013,,050525,,,R,V*0A
$GNVTG,,T,,M,0.013,N,0.024,K,D*3C
$GNGGA,142012.00,2454.22834,N,06708.27293,E,4,12,0.67,21.9,M,-44.2,M,1.0,0290*7C
$GNGSA,A,3,08,10,18,23,27,28,32,31,02,,,,1.46,0.67,1.29,1*06
$GNGSA,A,3,87,66,86,72,65,88,,,,,,,1.46,0.67,1.29,2*0D
$GNGSA,A,3,05,03,08,15,34,,,,,,,,1.46,0.67,1.29,3*06
$GNGSA,A,3,08,09,06,13,20,16,29,27,32,38,39,,1.46,0.67,1.29,4*02
$GNGSA,A,3,04,,,,,,,,,,,,1.46,0.67,1.29,5*09
$GPGSV,3,1,12,02,22,321,42,08,23,282,42,10,48,027,47,18,20,139,35,1*6B
$GPGSV,3,2,12,23,24,074,41,27,32,240,38,28,41,163,43,31,20,185,41,1*6B
$GPGSV,3,3,12,32,71,342,49,36,34,246,36,40,59,208,46,41,56,146,46,1*68
$GPGSV,3,1,09,08,23,282,32,10,48,027,38,18,20,139,36,23,24,074,36,6*6F
$GPGSV,3,2,09,24,03,039,15,27,32,240,32,28,41,163,41,31,20,185,35,6*67
$GPGSV,3,3,09,32,71,342,40,6*5C
$GPGSV,1,1,01,49,17,257,,0*5F
$GLGSV,3,1,09,65,45,305,46,66,16,257,38,72,31,020,45,74,11,077,35,1*78
$GLGSV,3,2,09,75,10,126,41,86,22,161,45,87,67,182,49,88,43,324,49,1*7D
$GLGSV,3,3,09,,,,47,1*72
$GLGSV,2,1,06,66,16,257,34,72,31,020,43,75,10,126,32,86,22,161,41,3*77
$GLGSV,2,2,06,88,43,324,44,,,,42,3*48
$GLGSV,1,1,01,73,00,037,,0*48
$GAGSV,2,1,06,03,69,010,43,05,20,040,38,08,49,241,42,13,15,323,38,2*7A
$GAGSV,2,2,06,15,67,341,43,34,54,126,41,2*72
$GAGSV,2,1,06,03,69,010,46,05,20,040,37,08,49,241,43,13,15,323,36,7*7A
$GAGSV,2,2,06,15,67,341,47,34,54,126,45,7*77
$GAGSV,1,1,02,07,01,228,,36,04,137,,0*7C
$GBGSV,2,1,08,08,31,068,39,13,44,053,43,20,48,305,46,27,18,163,41,1*77
$GBGSV,2,2,08,29,40,299,45,32,40,031,46,38,26,080,40,39,50,075,45,1*78
$GBGSV,2,1,05,06,53,103,40,08,31,068,37,09,52,127,40,13,44,053,39,B*05
$GBGSV,2,2,05,16,51,089,40,B*36
$GBGSV,3,1,12,01,03,095,,02,58,140,,03,35,112,,05,62,201,,0*77
$GBGSV,3,2,12,07,01,156,,10,07,165,,19,13,266,,23,17,079,,0*74
$GBGSV,3,3,12,30,57,211,,59,08,095,,60,60,149,,61,35,113,,0*71
$GQGSV,1,1,02,04,20,069,36,07,19,104,34,1*66
$GQGSV,1,1,03,03,05,128,21,04,20,069,35,07,19,104,35,6*5C
$GNGLL,2454.22834,N,06708.27293,E,142012.00,A,D*7A
$GNRMC,142013.00,A,2454.22834,N,06708.27293,E,0.011,,050525,,,R,V*09
$GNVTG,,T,,M,0.011,N,0.021,K,D*3B
$GNGGA,142013.00,2454.22834,N,06708.27293,E,4,12,0.67,21.9,M,-44.2,M,1.0,0290*7D
$GNGSA,A,3,08,10,18,23,27,28,32,31,02,,,,1.46,0.67,1.29,1*06
$GNGSA,A,3,87,66,86,72,65,88,,,,,,,1.46,0.67,1.29,2*0D
$GNGSA,A,3,05,03,08,15,34,,,,,,,,1.46,0.67,1.29,3*06
$GNGSA,A,3,08,09,06,13,20,16,29,27,32,38,39,,1.46,0.67,1.29,4*02
$GNGSA,A,3,04,,,,,,,,,,,,1.46,0.67,1.29,5*09
$GPGSV,3,1,12,02,22,321,42,08,23,282,42,10,48,027,46,18,20,139,35,1*6A
$GPGSV,3,2,12,23,24,074,41,27,32,240,38,28,41,163,43,31,20,185,41,1*6B
$GPGSV,3,3,12,32,71,342,49,36,34,246,36,40,59,208,47,41,56,146,46,1*69
$GPGSV,3,1,09,08,23,282,32,10,48,027,37,18,20,139,36,23,24,074,36,6*60
$GPGSV,3,2,09,24,03,039,15,27,32,240,32,28,41,163,41,31,20,185,35,6*67
$GPGSV,3,3,09,32,71,342,40,6*5C
$GPGSV,1,1,01,49,17,257,,0*5F
$GLGSV,3,1,09,65,45,305,46,66,16,257,38,72,31,020,45,74,11,077,35,1*78
$GLGSV,3,2,09,75,10,126,41,86,22,161,45,87,67,182,49,88,43,324,49,1*7D
$GLGSV,3,3,09,,,,47,1*72
$GLGSV,2,1,06,66,16,257,34,72,31,020,43,75,10,126,32,86,22,161,41,3*77
$GLGSV,2,2,06,88,43,324,44,,,,42,3*48
$GLGSV,1,1,01,73,00,037,,0*48
$GAGSV,2,1,06,03,69,010,43,05,20,040,38,08,49,241,42,13,15,323,38,2*7A
$GAGSV,2,2,06,15,67,341,43,34,54,126,41,2*72
$GAGSV,2,1,06,03,69,010,46,05,20,040,37,08,49,241,43,13,15,323,36,7*7A
$GAGSV,2,2,06,15,67,341,47,34,54,126,45,7*77
$GAGSV,1,1,02,07,01,228,,36,04,137,,0*7C
$GBGSV,2,1,08,08,31,068,39,13,44,053,43,20,48,305,46,27,18,163,41,1*77
$GBGSV,2,2,08,29,40,299,45,32,40,031,46,38,26,080,40,39,50,075,45,1*78
$GBGSV,2,1,05,06,53,103,40,08,31,068,37,09,52,127,40,13,44,053,39,B*05
$GBGSV,2,2,05,16,51,089,40,B*36
$GBGSV,3,1,12,01,03,095,,02,58,140,,03,35,112,,05,62,201,,0*77
$GBGSV,3,2,12,07,01,156,,10,07,165,,19,13,266,,23,17,079,,0*74
$GBGSV,3,3,12,30,57,211,,59,08,095,,60,60,149,,61,35,113,,0*71
$GQGSV,1,1,02,04,20,069,37,07,19,104,34,1*67
$GQGSV,1,1,03,03,05,128,21,04,20,069,35,07,19,104,35,6*5C
$GNGLL,2454.22834,N,06708.27293,E,142013.00,A,D*7B
$GNRMC,142014.00,A,2454.22833,N,06708.27293,E,0.009,,050525,,,R,V*00
$GNVTG,,T,,M,0.009,N,0.017,K,D*37
$GNGGA,142014.00,2454.22833,N,06708.27293,E,4,12,0.67,21.9,M,-44.2,M,1.0,0290*7D
$GNGSA,A,3,08,10,18,23,27,28,32,31,02,,,,1.46,0.67,1.29,1*06
$GNGSA,A,3,87,66,86,72,65,88,,,,,,,1.46,0.67,1.29,2*0D
$GNGSA,A,3,05,03,08,15,34,,,,,,,,1.46,0.67,1.29,3*06
$GNGSA,A,3,08,09,06,13,20,16,29,27,32,38,39,,1.46,0.67,1.29,4*02
$GNGSA,A,3,04,,,,,,,,,,,,1.46,0.67,1.29,5*09
$GPGSV,3,1,12,02,22,321,42,08,23,282,42,10,48,027,46,18,20,139,35,1*6A
$GPGSV,3,2,12,23,24,074,41,27,32,240,38,28,41,163,43,31,20,185,41,1*6B
$GPGSV,3,3,12,32,71,342,49,36,34,246,36,40,59,208,47,41,56,146,46,1*69
$GPGSV,3,1,09,08,23,282,32,10,48,027,38,18,20,139,36,23,24,074,36,6*6F
$GPGSV,3,2,09,24,03,039,15,27,32,240,32,28,41,163,41,31,20,185,35,6*67
$GPGSV,3,3,09,32,71,342,40,6*5C
$GPGSV,1,1,01,49,17,257,,0*5F
$GLGSV,3,1,09,65,45,305,46,66,16,257,37,72,31,020,45,74,11,077,35,1*77
$GLGSV,3,2,09,75,10,126,41,86,22,161,45,87,67,182,49,88,43,324,49,1*7D
$GLGSV,3,3,09,,,,47,1*72
$GLGSV,2,1,07,65,45,305,16,66,16,257,34,72,31,020,43,75,10,126,32,3*78
$GLGSV,2,2,07,86,22,161,41,88,43,324,44,,,,42,3*74
$GLGSV,1,1,01,73,00,037,,0*48
$GAGSV,2,1,06,03,69,010,43,05,20,040,38,08,49,241,42,13,15,323,38,2*7A
$GAGSV,2,2,06,15,67,341,43,34,54,126,41,2*72
$GAGSV,2,1,06,03,69,010,46,05,20,040,38,08,49,241,43,13,15,323,36,7*75
$GAGSV,2,2,06,15,67,341,47,34,54,126,45,7*77
$GAGSV,1,1,02,07,01,228,,36,04,137,,0*7C
$GBGSV,2,1,08,08,31,068,39,13,44,053,43,20,48,305,46,27,18,163,41,1*77
$GBGSV,2,2,08,29,40,299,45,32,40,031,46,38,26,080,40,39,50,075,45,1*78
$GBGSV,2,1,05,06,53,103,39,08,31,068,37,09,52,127,40,13,44,053,39,B*0B
$GBGSV,2,2,05,16,51,089,40,B*36
$GBGSV,3,1,12,01,03,095,,02,58,140,,03,35,112,,05,62,201,,0*77
$GBGSV,3,2,12,07,01,156,,10,07,165,,19,13,266,,23,17,079,,0*74
$GBGSV,3,3,12,30,57,211,,59,08,095,,60,60,149,,61,35,113,,0*71
$GQGSV,1,1,02,04,20,069,37,07,19,104,33,1*60
$GQGSV,1,1,03,03,05,128,21,04,20,069,35,07,19,104,35,6*5C
$GNGLL,2454.22833,N,06708.27293,E,142014.00,A,D*7B
$GNRMC,142015.00,A,2454.22833,N,06708.27293,E,0.006,,050525,,,R,V*0E
$GNVTG,,T,,M,0.006,N,0.011,K,D*3E
$GNGGA,142015.00,2454.22833,N,06708.27293,E,4,12,0.67,21.9,M,-44.2,M,1.0,0290*7C
$GNGSA,A,3,08,10,18,23,27,28,32,31,02,,,,1.46,0.67,1.29,1*06
$GNGSA,A,3,87,66,86,72,65,88,,,,,,,1.46,0.67,1.29,2*0D
$GNGSA,A,3,05,03,08,15,34,,,,,,,,1.46,0.67,1.29,3*06
$GNGSA,A,3,08,09,06,13,20,16,29,27,32,38,39,,1.46,0.67,1.29,4*02
$GNGSA,A,3,04,,,,,,,,,,,,1.46,0.67,1.29,5*09
$GPGSV,3,1,12,02,22,321,42,08,23,282,42,10,48,027,46,18,20,139,35,1*6A
$GPGSV,3,2,12,23,24,074,41,27,32,240,38,28,41,163,43,31,20,185,40,1*6A
$GPGSV,3,3,12,32,71,342,49,36,34,246,36,40,59,208,47,41,56,146,46,1*69
$GPGSV,3,1,09,08,23,282,32,10,48,027,38,18,20,139,36,23,24,074,36,6*6F
$GPGSV,3,2,09,24,03,039,16,27,32,240,32,28,41,163,41,31,20,185,35,6*64
$GPGSV,3,3,09,32,71,342,40,6*5C
$GPGSV,1,1,01,49,17,257,,0*5F
$GLGSV,3,1,09,65,45,305,46,66,16,257,37,72,31,020,45,74,11,077,35,1*77
$GLGSV,3,2,09,75,10,126,41,86,21,161,44,87,67,182,49,88,43,324,49,1*7F
$GLGSV,3,3,09,,,,47,1*72
$GLGSV,2,1,07,65,45,305,14,66,16,257,34,72,31,020,43,75,10,126,32,3*7A
$GLGSV,2,2,07,86,21,161,41,88,43,324,44,,,,42,3*77
$GLGSV,1,1,01,73,00,037,,0*48
$GAGSV,2,1,06,03,69,010,43,05,20,040,38,08,49,241,42,13,15,323,38,2*7A
$GAGSV,2,2,06,15,67,341,43,34,54,126,41,2*72
$GAGSV,2,1,06,03,69,010,46,05,20,040,37,08,49,241,43,13,15,323,36,7*7A
$GAGSV,2,2,06,15,67,341,47,34,54,126,45,7*77
$GAGSV,1,1,02,07,01,228,,36,04,137,,0*7C
$GBGSV,2,1,08,08,31,068,38,13,44,053,43,20,48,305,46,27,18,163,41,1*76
$GBGSV,2,2,08,29,40,299,45,32,40,031,46,38,26,080,40,39,50,075,45,1*78
$GBGSV,2,1,05,06,53,103,39,08,31,068,37,09,52,127,40,13,44,053,39,B*0B
$GBGSV,2,2,05,16,51,089,40,B*36
$GBGSV,3,1,12,01,03,095,,02,58,140,,03,35,112,,05,62,201,,0*77
$GBGSV,3,2,12,07,01,156,,10,07,165,,19,13,266,,23,17,079,,0*74
$GBGSV,3,3,12,30,57,211,,59,08,095,,60,60,149,,61,35,113,,0*71
$GQGSV,1,1,02,04,20,069,37,07,19,104,33,1*60
$GQGSV,1,1,03,03,05,128,22,04,20,069,35,07,19,104,35,6*5F
$GNGLL,2454.22833,N,06708.27293,E,142015.00,A,D*7A
$GNRMC,142016.00,A,2454.22833,N,06708.27293,E,0.005,,050525,,,R,V*0E
$GNVTG,,T,,M,0.005,N,0.009,K,D*34
$GNGGA,142016.00,2454.22833,N,06708.27293,E,4,12,0.67,21.9,M,-44.2,M,1.0,0290*7F
$GNGSA,A,3,08,10,18,23,27,28,32,31,02,,,,1.46,0.67,1.29,1*06
$GNGSA,A,3,87,66,86,72,65,88,,,,,,,1.46,0.67,1.29,2*0D
$GNGSA,A,3,05,03,08,15,34,,,,,,,,1.46,0.67,1.29,3*06
$GNGSA,A,3,08,09,06,13,20,16,29,27,32,38,39,,1.46,0.67,1.29,4*02
$GNGSA,A,3,04,,,,,,,,,,,,1.46,0.67,1.29,5*09
$GPGSV,3,1,12,02,22,321,42,08,23,282,42,10,48,027,46,18,20,139,35,1*6A
$GPGSV,3,2,12,23,24,074,41,27,32,240,38,28,41,163,43,31,20,185,40,1*6A
$GPGSV,3,3,12,32,71,342,49,36,34,246,37,40,59,208,47,41,56,146,46,1*68
$GPGSV,3,1,09,08,23,282,32,10,48,027,38,18,20,139,36,23,24,074,36,6*6F
$GPGSV,3,2,09,24,03,039,14,27,32,240,32,28,41,163,41,31,20,185,35,6*66
$GPGSV,3,3,09,32,71,342,40,6*5C
$GPGSV,1,1,01,49,17,257,,0*5F
$GLGSV,3,1,09,65,45,305,46,66,16,257,37,72,31,020,45,74,11,077,35,1*77
$GLGSV,3,2,09,75,10,126,41,86,21,161,44,87,66,182,49,88,43,324,49,1*7E
$GLGSV,3,3,09,,,,47,1*72
$GLGSV,2,1,07,65,45,305,11,66,16,257,33,72,31,020,43,75,10,126,31,3*7B
$GLGSV,2,2,07,86,21,161,41,88,43,324,44,,,,42,3*77
$GLGSV,1,1,01,73,00,037,,0*48
$GAGSV,2,1,06,03,69,010,43,05,20,040,38,08,49,241,42,13,15,323,38,2*7A
$GAGSV,2,2,06,15,67,341,43,34,54,126,41,2*72
$GAGSV,2,1,06,03,69,010,46,05,20,040,37,08,49,241,43,13,15,323,36,7*7A
$GAGSV,2,2,06,15,67,341,47,34,54,126,45,7*77
$GAGSV,1,1,02,07,01,228,,36,04,137,,0*7C
$GBGSV,2,1,08,08,31,068,38,13,44,053,43,20,48,305,46,27,18,163,41,1*76
$GBGSV,2,2,08,29,40,299,45,32,40,031,46,38,26,080,40,39,50,075,45,1*78
$GBGSV,2,1,05,06,53,103,40,08,31,068,37,09,52,127,40,13,44,053,39,B*05
$GBGSV,2,2,05,16,51,089,40,B*36
$GBGSV,3,1,12,01,03,095,,02,58,140,,03,35,112,,05,62,201,,0*77
$GBGSV,3,2,12,07,01,156,,10,07,165,,19,13,266,,23,17,079,,0*74
$GBGSV,3,3,12,30,57,211,,59,08,095,,60,60,149,,61,35,113,,0*71
$GQGSV,1,1,02,04,20,069,37,07,19,104,34,1*67
$GQGSV,1,1,03,03,05,128,22,04,20,069,35,07,19,104,35,6*5F
$GNGLL,2454.22833,N,06708.27293,E,142016.00,A,D*79
$GNRMC,142017.00,A,2454.22833,N,06708.27293,E,0.007,,050525,,,R,V*0D
$GNVTG,,T,,M,0.007,N,0.013,K,D*3D
$GNGGA,142017.00,2454.22833,N,06708.27293,E,4,12,0.67,21.9,M,-44.2,M,1.0,0290*7E
$GNGSA,A,3,08,10,18,23,27,28,32,31,02,,,,1.46,0.67,1.29,1*06
$GNGSA,A,3,87,66,86,72,65,88,,,,,,,1.46,0.67,1.29,2*0D
$GNGSA,A,3,05,03,08,15,34,,,,,,,,1.46,0.67,1.29,3*06
$GNGSA,A,3,08,09,06,13,20,16,29,27,32,38,39,,1.46,0.67,1.29,4*02
$GNGSA,A,3,04,,,,,,,,,,,,1.46,0.67,1.29,5*09
$GPGSV,3,1,12,02,22,321,42,08,23,282,42,10,48,027,46,18,20,139,35,1*6A
$GPGSV,3,2,12,23,24,074,41,27,32,240,38,28,41,163,43,31,20,185,41,1*6B
$GPGSV,3,3,12,32,71,342,50,36,34,246,37,40,59,208,47,41,56,146,46,1*60
$GPGSV,3,1,09,08,23,282,32,10,48,027,38,18,20,139,36,23,24,074,36,6*6F
$GPGSV,3,2,09,24,03,039,13,27,32,240,32,28,41,163,41,31,20,185,35,6*61
$GPGSV,3,3,09,32,71,342,40,6*5C
$GPGSV,1,1,01,49,17,257,,0*5F
$GLGSV,3,1,09,65,45,305,46,66,16,257,37,72,31,020,45,74,11,077,35,1*77
$GLGSV,3,2,09,75,10,126,41,86,21,161,44,87,66,182,49,88,44,323,49,1*7E
$GLGSV,3,3,09,,,,47,1*72
$GLGSV,2,1,07,65,45,305,10,66,16,257,33,72,31,020,43,75,10,126,32,3*79
$GLGSV,2,2,07,86,21,161,41,88,44,323,44,,,,42,3*77
$GLGSV,1,1,01,73,00,037,,0*48
$GAGSV,2,1,06,03,69,010,43,05,20,040,38,08,49,241,42,13,15,323,38,2*7A
$GAGSV,2,2,06,15,67,341,43,34,54,126,41,2*72
$GAGSV,2,1,06,03,69,010,46,05,20,040,37,08,49,241,43,13,15,323,36,7*7A
$GAGSV,2,2,06,15,67,341,47,34,54,126,45,7*77
$GAGSV,1,1,02,07,01,228,,36,04,137,,0*7C
$GBGSV,2,1,08,08,31,068,39,13,44,053,43,20,48,305,46,27,18,163,41,1*77
$GBGSV,2,2,08,29,40,299,45,32,40,031,46,38,26,080,40,39,50,075,45,1*78
$GBGSV,2,1,05,06,53,103,40,08,31,068,37,09,52,127,40,13,44,053,39,B*05
$GBGSV,2,2,05,16,51,089,40,B*36
$GBGSV,3,1,12,01,03,095,,02,58,140,,03,35,112,,05,62,201,,0*77
$GBGSV,3,2,12,07,01,156,,10,07,165,,19,13,266,,23,17,079,,0*74
$GBGSV,3,3,12,30,57,211,,59,08,095,,60,60,149,,61,35,113,,0*71
$GQGSV,1,1,02,04,20,069,37,07,19,104,34,1*67
$GQGSV,1,1,03,03,05,128,22,04,20,069,35,07,19,104,35,6*5F
$GNGLL,2454.22833,N,06708.27293,E,142017.00,A,D*78
$GNRMC,142018.00,A,2454.22833,N,06708.27293,E,0.005,,050525,,,R,V*00
$GNVTG,,T,,M,0.005,N,0.010,K,D*3C
$GNGGA,142018.00,2454.22833,N,06708.27293,E,4,12,0.67,21.9,M,-44.2,M,1.0,0290*71
$GNGSA,A,3,08,10,18,23,27,28,32,31,02,,,,1.46,0.67,1.29,1*06
$GNGSA,A,3,87,66,86,72,65,88,,,,,,,1.46,0.67,1.29,2*0D
$GNGSA,A,3,05,03,08,15,34,,,,,,,,1.46,0.67,1.29,3*06
$GNGSA,A,3,08,09,06,13,20,16,29,27,32,38,39,,1.46,0.67,1.29,4*02
$GNGSA,A,3,04,,,,,,,,,,,,1.46,0.67,1.29,5*09
$GPGSV,3,1,12,02,22,321,42,08,23,282,42,10,48,027,47,18,20,139,36,1*68
$GPGSV,3,2,12,23,24,074,41,27,32,240,38,28,41,163,43,31,20,185,41,1*6B
$GPGSV,3,3,12,32,71,342,50,36,34,246,36,40,59,208,47,41,56,146,46,1*61
$GPGSV,3,1,09,08,23,282,32,10,48,027,38,18,20,139,36,23,24,074,36,6*6F
$GPGSV,3,2,09,24,03,039,12,27,32,240,32,28,41,163,41,31,20,185,35,6*60
$GPGSV,3,3,09,32,71,342,40,6*5C
$GPGSV,1,1,01,49,17,257,,0*5F
$GLGSV,3,1,09,65,45,305,46,66,16,257,37,72,31,020,45,74,11,077,35,1*77
$GLGSV,3,2,09,75,10,126,41,86,21,161,44,87,66,182,49,88,44,323,49,1*7E
$GLGSV,3,3,09,,,,47,1*72
$GLGSV,2,1,07,65,45,305,09,66,16,257,33,72,31,020,43,75,10,126,32,3*71
$GLGSV,2,2,07,86,21,161,41,88,44,323,44,,,,42,3*77
$GLGSV,1,1,01,73,00,037,,0*48
$GAGSV,2,1,06,03,69,010,43,05,20,040,38,08,49,241,42,13,15,323,38,2*7A
$GAGSV,2,2,06,15,67,341,43,34,54,126,41,2*72
$GAGSV,2,1,06,03,69,010,46,05,20,040,37,08,49,241,43,13,15,323,36,7*7A
$GAGSV,2,2,06,15,67,341,47,34,54,126,45,7*77
$GAGSV,1,1,02,07,01,228,,36,04,137,,0*7C
$GBGSV,2,1,08,08,31,068,38,13,44,053,43,20,48,305,46,27,18,163,41,1*76
$GBGSV,2,2,08,29,40,299,45,32,40,031,46,38,26,080,40,39,50,075,45,1*78
$GBGSV,2,1,05,06,53,103,39,08,31,068,37,09,52,127,40,13,44,053,39,B*0B
$GBGSV,2,2,05,16,51,089,40,B*36
$GBGSV,3,1,12,01,03,095,,02,58,140,,03,35,112,,05,62,201,,0*77
$GBGSV,3,2,12,07,01,156,,10,07,165,,19,13,266,,23,17,079,,0*74
$GBGSV,3,3,12,30,57,211,,59,08,095,,60,60,149,,61,35,113,,0*71
$GQGSV,1,1,02,04,20,069,37,07,19,104,34,1*67
$GQGSV,1,1,03,03,05,128,22,04,20,069,35,07,19,104,35,6*5F
$GNGLL,2454.22833,N,06708.27293,E,142018.00,A,D*77
$GNRMC,142019.00,A,2454.22833,N,06708.27293,E,0.002,,050525,,,R,V*06
$GNVTG,,T,,M,0.002,N,0.004,K,D*3E
$GNGGA,142019.00,2454.22833,N,06708.27293,E,4,12,0.67,21.9,M,-44.2,M,1.0,0290*70
$GNGSA,A,3,08,10,18,23,27,28,32,31,02,,,,1.46,0.67,1.29,1*06
$GNGSA,A,3,87,66,86,72,65,88,,,,,,,1.46,0.67,1.29,2*0D
$GNGSA,A,3,05,03,08,15,34,,,,,,,,1.46,0.67,1.29,3*06
$GNGSA,A,3,08,09,06,13,20,16,29,27,32,38,39,,1.46,0.67,1.29,4*02
$GNGSA,A,3,04,,,,,,,,,,,,1.46,0.67,1.29,5*09
$GPGSV,3,1,12,02,22,321,42,08,23,282,42,10,48,027,47,18,20,139,35,1*6B
$GPGSV,3,2,12,23,24,074,41,27,32,240,38,28,41,163,43,31,20,185,41,1*6B
$GPGSV,3,3,12,32,71,342,50,36,34,246,36,40,59,208,47,41,56,146,46,1*61
$GPGSV,3,1,09,08,23,282,32,10,48,027,37,18,20,139,36,23,24,074,36,6*60
$GPGSV,3,2,09,24,03,039,14,27,32,240,32,28,41,163,41,31,20,185,35,6*66
$GPGSV,3,3,09,32,71,342,40,6*5C
$GPGSV,1,1,01,49,17,257,,0*5F
$GLGSV,3,1,09,65,45,305,46,66,16,257,37,72,31,020,45,74,11,077,35,1*77
$GLGSV,3,2,09,75,10,126,41,86,21,161,44,87,66,182,49,88,44,323,49,1*7E
$GLGSV,3,3,09,,,,47,1*72
$GLGSV,2,1,07,65,45,305,10,66,16,257,33,72,31,020,43,75,10,126,32,3*79
$GLGSV,2,2,07,86,21,161,41,88,44,323,44,,,,42,3*77
$GLGSV,1,1,01,73,00,037,,0*48
$GAGSV,2,1,06,03,69,010,43,05,20,040,38,08,49,241,42,13,15,323,38,2*7A
$GAGSV,2,2,06,15,67,341,43,34,54,126,41,2*72
$GAGSV,2,1,06,03,69,010,46,05,20,040,37,08,49,241,43,13,15,323,36,7*7A
$GAGSV,2,2,06,15,67,341,47,34,54,126,45,7*77
$GAGSV,1,1,02,07,01,228,,36,04,137,,0*7C
$GBGSV,2,1,08,08,31,068,39,13,44,053,43,20,48,305,46,27,18,163,41,1*77
$GBGSV,2,2,08,29,40,299,45,32,40,031,46,38,26,080,40,39,50,075,45,1*78
$GBGSV,2,1,05,06,53,103,40,08,31,068,37,09,52,127,40,13,44,053,39,B*05
$GBGSV,2,2,05,16,51,089,40,B*36
$GBGSV,3,1,12,01,03,095,,02,58,140,,03,35,112,,05,62,201,,0*77
$GBGSV,3,2,12,07,01,156,,10,07,165,,19,13,266,,23,17,079,,0*74
$GBGSV,3,3,12,30,57,211,,59,08,095,,60,60,149,,61,35,113,,0*71
$GQGSV,1,1,02,04,20,069,37,07,19,104,34,1*67
$GQGSV,1,1,03,03,05,128,22,04,20,069,35,07,19,104,35,6*5F
$GNGLL,2454.22833,N,06708.27293,E,142019.00,A,D*76
$GNRMC,142020.00,A,2454.22833,N,06708.27293,E,0.005,,050525,,,R,V*0B
$GNVTG,,T,,M,0.005,N,0.009,K,D*34
$GNGGA,142020.00,2454.22833,N,06708.27293,E,4,12,0.67,21.9,M,-44.2,M,1.0,0290*7A
$GNGSA,A,3,08,10,18,23,27,28,32,31,02,,,,1.46,0.67,1.30,1*0E
$GNGSA,A,3,87,66,86,72,65,88,,,,,,,1.46,0.67,1.30,2*05
$GNGSA,A,3,05,03,08,15,34,,,,,,,,1.46,0.67,1.30,3*0E
$GNGSA,A,3,08,09,06,13,20,16,29,27,32,38,39,,1.46,0.67,1.30,4*0A
$GNGSA,A,3,04,,,,,,,,,,,,1.46,0.67,1.30,5*01
$GPGSV,3,1,12,02,23,321,42,08,23,282,42,10,48,027,47,18,20,139,35,1*6A
$GPGSV,3,2,12,23,24,074,40,27,32,240,38,28,41,163,43,31,20,185,41,1*6A
$GPGSV,3,3,12,32,71,342,50,36,34,246,36,40,59,208,47,41,56,146,46,1*61
$GPGSV,3,1,09,08,23,282,32,10,48,027,38,18,20,139,36,23,24,074,36,6*6F
$GPGSV,3,2,09,24,03,039,14,27,32,240,32,28,41,163,41,31,20,185,35,6*66
$GPGSV,3,3,09,32,71,342,40,6*5C
$GPGSV,1,1,01,49,17,257,,0*5F
$GLGSV,3,1,09,65,45,305,46,66,16,257,37,72,31,020,45,74,11,077,35,1*77
$GLGSV,3,2,09,75,10,126,40,86,21,161,44,87,66,182,49,88,44,323,49,1*7F
$GLGSV,3,3,09,,,,47,1*72
$GLGSV,2,1,07,65,45,305,11,66,16,257,33,72,31,020,43,75,10,126,32,3*78
$GLGSV,2,2,07,86,21,161,41,88,44,323,44,,,,42,3*77
$GLGSV,1,1,01,73,00,037,,0*48
$GAGSV,2,1,06,03,69,010,43,05,20,040,37,08,49,241,42,13,15,323,38,2*75
$GAGSV,2,2,06,15,67,341,43,34,54,126,41,2*72
$GAGSV,2,1,06,03,69,010,46,05,20,040,37,08,49,241,43,13,15,323,36,7*7A
$GAGSV,2,2,06,15,67,341,47,34,54,126,45,7*77
$GAGSV,1,1,02,07,01,228,,36,04,137,,0*7C
$GBGSV,2,1,08,08,31,068,39,13,44,053,43,20,48,305,46,27,18,163,41,1*77
$GBGSV,2,2,08,29,40,299,45,32,40,031,46,38,26,080,40,39,50,075,45,1*78
$GBGSV,2,1,05,06,53,103,39,08,31,068,37,09,52,127,40,13,44,053,39,B*0B
$GBGSV,2,2,05,16,51,089,40,B*36
$GBGSV,3,1,12,01,03,095,,02,58,140,,03,35,112,,05,62,201,,0*77
$GBGSV,3,2,12,07,01,156,,10,07,165,,19,13,266,,23,17,079,,0*74
$GBGSV,3,3,12,30,57,211,,59,08,095,,60,60,149,,61,35,113,,0*71
$GQGSV,1,1,02,04,20,069,37,07,19,104,34,1*67
$GQGSV,1,1,03,03,05,128,21,04,20,069,35,07,19,104,35,6*5C
$GNGLL,2454.22833,N,06708.27293,E,142020.00,A,D*7C
$GNRMC,142021.00,A,2454.22833,N,06708.27293,E,0.008,,050525,,,R,V*07
$GNVTG,,T,,M,0.008,N,0.016,K,D*37
$GNGGA,142021.00,2454.22833,N,06708.27293,E,4,12,0.67,21.9,M,-44.2,M,2.0,0290*78
$GNGSA,A,3,08,10,18,23,27,28,32,31,02,,,,1.46,0.67,1.30,1*0E
$GNGSA,A,3,87,66,86,72,65,88,,,,,,,1.46,0.67,1.30,2*05
$GNGSA,A,3,05,03,08,15,34,,,,,,,,1.46,0.67,1.30,3*0E
$GNGSA,A,3,08,09,06,13,20,16,29,27,32,38,39,,1.46,0.67,1.30,4*0A
$GNGSA,A,3,04,,,,,,,,,,,,1.46,0.67,1.30,5*01
$GPGSV,3,1,12,02,23,321,42,08,23,282,42,10,48,027,47,18,20,139,35,1*6A
$GPGSV,3,2,12,23,24,074,40,27,32,240,38,28,41,163,43,31,20,185,41,1*6A
$GPGSV,3,3,12,32,71,342,50,36,34,246,36,40,59,208,47,41,56,146,46,1*61
$GPGSV,3,1,09,08,23,282,32,10,48,027,38,18,20,139,36,23,24,074,36,6*6F
$GPGSV,3,2,09,24,03,039,14,27,32,240,32,28,41,163,41,31,20,185,35,6*66
$GPGSV,3,3,09,32,71,342,40,6*5C
$GPGSV,1,1,01,49,17,257,,0*5F
$GLGSV,3,1,09,65,45,305,46,66,16,257,37,72,31,020,45,74,11,077,35,1*77
$GLGSV,3,2,09,75,10,126,41,86,21,161,44,87,66,182,49,88,44,323,49,1*7E
$GLGSV,3,3,09,,,,47,1*72
$GLGSV,2,1,08,65,45,305,11,66,16,257,34,72,31,020,43,75,10,126,31,3*73
$GLGSV,2,2,08,86,21,161,41,87,66,182,14,88,44,323,44,,,,42,3*49
$GLGSV,1,1,01,73,00,037,,0*48
$GAGSV,2,1,06,03,69,010,43,05,20,040,38,08,49,241,42,13,15,323,38,2*7A
$GAGSV,2,2,06,15,67,341,43,34,54,126,41,2*72
$GAGSV,2,1,06,03,69,010,46,05,20,040,37,08,49,241,43,13,15,323,37,7*7B
$GAGSV,2,2,06,15,67,341,47,34,54,126,45,7*77
$GAGSV,1,1,02,07,01,228,,36,04,137,,0*7C
$GBGSV,2,1,08,08,31,068,38,13,44,053,43,20,48,305,46,27,18,163,41,1*76
$GBGSV,2,2,08,29,40,299,45,32,40,031,46,38,26,080,40,39,50,075,45,1*78
$GBGSV,2,1,05,06,53,103,40,08,31,068,37,09,52,127,40,13,44,053,39,B*05
$GBGSV,2,2,05,16,51,089,40,B*36
$GBGSV,3,1,12,01,03,095,,02,58,140,,03,35,112,,05,62,201,,0*77
$GBGSV,3,2,12,07,01,156,,10,07,165,,19,13,266,,23,17,079,,0*74
$GBGSV,3,3,12,30,57,211,,59,08,095,,60,60,149,,61,35,113,,0*71
$GQGSV,1,1,02,04,20,069,37,07,19,104,34,1*67
$GQGSV,1,1,03,03,05,128,21,04,20,069,35,07,19,104,35,6*5C
$GNGLL,2454.22833,N,06708.27293,E,142021.00,A,D*7D
$GNRMC,142022.00,A,2454.22833,N,06708.27293,E,0.007,,050525,,,R,V*0B
$GNVTG,,T,,M,0.007,N,0.012,K,D*3C
$GNGGA,142022.00,2454.22833,N,06708.27293,E,4,12,0.67,21.9,M,-44.2,M,1.0,0290*78
$GNGSA,A,3,08,10,18,23,27,28,32,31,02,,,,1.46,0.67,1.30,1*0E
$GNGSA,A,3,87,66,86,72,65,88,,,,,,,1.46,0.67,1.30,2*05
$GNGSA,A,3,05,03,08,15,34,,,,,,,,1.46,0.67,1.30,3*0E
$GNGSA,A,3,08,09,06,13,20,16,29,27,32,38,39,,1.46,0.67,1.30,4*0A
$GNGSA,A,3,04,,,,,,,,,,,,1.46,0.67,1.30,5*01
$GPGSV,3,1,12,02,23,321,42,08,23,282,42,10,48,027,47,18,20,139,35,1*6A
$GPGSV,3,2,12,23,24,074,40,27,32,240,38,28,41,163,43,31,20,185,41,1*6A
$GPGSV,3,3,12,32,71,342,50,36,34,246,37,40,59,208,46,41,56,146,46,1*61
$GPGSV,3,1,09,08,23,282,32,10,48,027,38,18,20,139,36,23,24,074,36,6*6F
$GPGSV,3,2,09,24,03,039,14,27,32,240,31,28,41,163,41,31,20,185,35,6*65
$GPGSV,3,3,09,32,71,342,40,6*5C
$GPGSV,1,1,01,49,17,257,,0*5F
$GLGSV,3,1,09,65,45,305,46,66,16,257,36,72,31,020,45,74,11,077,35,1*76
$GLGSV,3,2,09,75,10,126,41,86,21,161,44,87,66,182,49,88,44,323,49,1*7E
$GLGSV,3,3,09,,,,47,1*72
$GLGSV,2,1,08,65,45,305,11,66,16,257,33,72,31,020,43,75,10,126,31,3*74
$GLGSV,2,2,08,86,21,161,41,87,66,182,11,88,44,323,44,,,,42,3*4C
$GLGSV,1,1,01,73,00,037,,0*48
$GAGSV,2,1,06,03,69,010,43,05,20,040,37,08,49,241,42,13,15,323,38,2*75
$GAGSV,2,2,06,15,67,341,43,34,54,126,41,2*72
$GAGSV,2,1,06,03,69,010,46,05,20,040,38,08,49,241,43,13,15,323,37,7*74
$GAGSV,2,2,06,15,67,341,47,34,54,126,45,7*77
$GAGSV,1,1,02,07,01,228,,36,04,137,,0*7C
$GBGSV,2,1,08,08,31,068,38,13,44,053,43,20,48,305,46,27,18,163,41,1*76
$GBGSV,2,2,08,29,40,299,45,32,40,031,46,38,26,080,40,39,50,075,45,1*78
$GBGSV,2,1,05,06,53,103,40,08,31,068,37,09,52,127,40,13,44,053,39,B*05
$GBGSV,2,2,05,16,51,089,40,B*36
$GBGSV,3,1,12,01,03,095,,02,58,140,,03,35,112,,05,62,201,,0*77
$GBGSV,3,2,12,07,01,156,,10,07,165,,19,13,266,,23,17,079,,0*74
$GBGSV,3,3,12,30,57,211,,59,08,095,,60,60,149,,61,35,113,,0*71
$GQGSV,1,1,02,04,20,069,37,07,19,104,34,1*67
$GQGSV,1,1,03,03,05,128,22,04,20,069,35,07,19,104,35,6*5F
$GNGLL,2454.22833,N,06708.27293,E,142022.00,A,D*7E
$GNRMC,142023.00,A,2454.22833,N,06708.27293,E,0.005,,050525,,,R,V*08
$GNVTG,,T,,M,0.005,N,0.009,K,D*34
$GNGGA,142023.00,2454.22833,N,06708.27293,E,4,12,0.67,21.9,M,-44.2,M,1.0,0290*79
$GNGSA,A,3,08,10,18,23,27,28,32,31,02,,,,1.46,0.67,1.30,1*0E
$GNGSA,A,3,87,66,86,72,65,88,,,,,,,1.46,0.67,1.30,2*05
$GNGSA,A,3,05,03,08,15,34,,,,,,,,1.46,0.67,1.30,3*0E
$GNGSA,A,3,08,09,06,13,20,16,29,27,32,38,39,,1.46,0.67,1.30,4*0A
$GNGSA,A,3,04,,,,,,,,,,,,1.46,0.67,1.30,5*01
$GPGSV,3,1,12,02,23,321,42,08,23,282,42,10,48,027,46,18,20,139,36,1*68
$GPGSV,3,2,12,23,24,074,40,27,32,240,38,28,41,163,43,31,20,185,41,1*6A
$GPGSV,3,3,12,32,71,342,50,36,34,246,37,40,59,208,47,41,56,146,46,1*60
$GPGSV,3,1,09,08,23,282,31,10,48,027,37,18,20,139,36,23,24,074,36,6*63
$GPGSV,3,2,09,24,03,039,14,27,32,240,31,28,41,163,41,31,20,185,35,6*65
$GPGSV,3,3,09,32,71,342,40,6*5C
$GPGSV,1,1,01,49,17,257,,0*5F
$GLGSV,3,1,09,65,45,305,46,66,16,257,36,72,31,020,45,74,11,077,36,1*75
$GLGSV,3,2,09,75,10,126,41,86,21,161,44,87,66,182,49,88,44,323,49,1*7E
$GLGSV,3,3,09,,,,47,1*72
$GLGSV,2,1,08,65,45,305,09,66,16,257,34,72,31,020,43,75,10,126,31,3*7A
$GLGSV,2,2,08,86,21,161,41,87,66,182,09,88,44,323,44,,,,42,3*45
$GLGSV,1,1,01,73,00,037,,0*48
$GAGSV,2,1,06,03,69,010,43,05,20,040,37,08,50,242,42,13,15,323,38,2*7E
$GAGSV,2,2,06,15,67,341,43,34,54,126,41,2*72
$GAGSV,2,1,06,03,69,010,46,05,20,040,38,08,50,242,43,13,15,323,37,7*7F
$GAGSV,2,2,06,15,67,341,47,34,54,126,45,7*77
$GAGSV,1,1,02,07,01,228,,36,04,137,,0*7C
$GBGSV,2,1,08,08,31,068,38,13,44,053,43,20,48,305,46,27,18,163,41,1*76
$GBGSV,2,2,08,29,40,299,45,32,40,031,46,38,26,080,40,39,50,075,45,1*78
$GBGSV,2,1,05,06,53,103,39,08,31,068,37,09,52,127,40,13,44,053,39,B*0B
$GBGSV,2,2,05,16,51,089,40,B*36
$GBGSV,3,1,12,01,03,095,,02,58,140,,03,35,112,,05,62,201,,0*77
$GBGSV,3,2,12,07,01,156,,10,07,165,,19,13,266,,23,17,079,,0*74
$GBGSV,3,3,12,30,57,211,,59,08,095,,60,60,149,,61,35,113,,0*71
$GQGSV,1,1,02,04,20,069,37,07,19,104,34,1*67
$GQGSV,1,1,03,03,05,128,22,04,20,069,35,07,19,104,35,6*5F
$GNGLL,2454.22833,N,06708.27293,E,142023.00,A,D*7F
$GNRMC,142024.00,A,2454.22833,N,06708.27293,E,0.001,,050525,,,R,V*0B
$GNVTG,,T,,M,0.001,N,0.002,K,D*3B
$GNGGA,142024.00,2454.22833,N,06708.27293,E,4,12,0.67,21.9,M,-44.2,M,1.0,0290*7E
$GNGSA,A,3,08,10,18,23,27,28,32,31,02,,,,1.46,0.67,1.30,1*0E
$GNGSA,A,3,87,66,86,72,65,88,,,,,,,1.46,0.67,1.30,2*05
$GNGSA,A,3,05,03,08,15,34,,,,,,,,1.46,0.67,1.30,3*0E
$GNGSA,A,3,08,09,06,13,20,16,29,27,32,38,39,,1.46,0.67,1.30,4*0A
$GNGSA,A,3,04,,,,,,,,,,,,1.46,0.67,1.30,5*01
$GPGSV,3,1,12,02,23,321,42,08,23,282,42,10,48,027,47,18,20,139,35,1*6A
$GPGSV,3,2,12,23,24,074,40,27,32,240,38,28,41,163,43,31,20,185,41,1*6A
$GPGSV,3,3,12,32,71,342,50,36,34,246,36,40,59,208,47,41,56,146,46,1*61
$GPGSV,3,1,09,08,23,282,32,10,48,027,38,18,20,139,36,23,24,074,36,6*6F
$GPGSV,3,2,09,24,03,039,14,27,32,240,31,28,41,163,40,31,20,185,35,6*64
$GPGSV,3,3,09,32,71,342,40,6*5C
$GPGSV,1,1,01,49,17,257,,0*5F
$GLGSV,3,1,09,65,45,305,46,66,16,257,36,72,31,020,45,74,11,077,36,1*75
$GLGSV,3,2,09,75,10,126,41,86,21,161,44,87,66,182,49,88,44,323,49,1*7E
$GLGSV,3,3,09,,,,47,1*72
$GLGSV,2,1,08,65,45,305,09,66,16,257,34,72,31,020,43,75,10,126,31,3*7A
$GLGSV,2,2,08,86,21,161,41,87,66,182,09,88,44,323,44,,,,42,3*45
$GLGSV,1,1,01,73,00,037,,0*48
$GAGSV,2,1,06,03,69,010,43,05,20,040,37,08,50,242,42,13,15,323,38,2*7E
$GAGSV,2,2,06,15,67,341,43,34,54,126,41,2*72
$GAGSV,2,1,06,03,69,010,46,05,20,040,37,08,50,242,43,13,15,323,37,7*70
$GAGSV,2,2,06,15,67,341,47,34,54,126,45,7*77
$GAGSV,1,1,02,07,01,228,,36,04,137,,0*7C
$GBGSV,2,1,08,08,31,068,38,13,44,053,43,20,48,305,46,27,18,163,41,1*76
$GBGSV,2,2,08,29,40,299,45,32,40,031,46,38,26,080,40,39,50,075,45,1*78
$GBGSV,2,1,05,06,53,103,39,08,31,068,37,09,52,127,40,13,44,053,39,B*0B
$GBGSV,2,2,05,16,51,089,40,B*36
$GBGSV,3,1,12,01,03,095,,02,58,140,,03,35,112,,05,62,201,,0*77
$GBGSV,3,2,12,07,01,156,,10,07,165,,19,13,266,,23,17,079,,0*74
$GBGSV,3,3,12,30,57,211,,59,08,095,,60,60,149,,61,35,113,,0*71
$GQGSV,1,1,02,04,20,069,37,07,19,104,34,1*67
$GQGSV,1,1,03,03,05,128,21,04,20,069,35,07,19,104,35,6*5C
$GNGLL,2454.22833,N,06708.27293,E,142024.00,A,D*78
$GNRMC,142025.00,A,2454.22833,N,06708.27293,E,0.008,,050525,,,R,V*03
$GNVTG,,T,,M,0.008,N,0.015,K,D*34
$GNGGA,142025.00,2454.22833,N,06708.27293,E,4,12,0.67,21.9,M,-44.2,M,1.0,0290*7F
$GNGSA,A,3,08,10,18,23,27,28,32,31,02,,,,1.46,0.67,1.30,1*0E
$GNGSA,A,3,87,66,86,72,65,88,,,,,,,1.46,0.67,1.30,2*05
$GNGSA,A,3,05,03,08,15,34,,,,,,,,1.46,0.67,1.30,3*0E
$GNGSA,A,3,08,09,06,13,20,16,29,27,32,38,39,,1.46,0.67,1.30,4*0A
$GNGSA,A,3,04,,,,,,,,,,,,1.46,0.67,1.30,5*01
$GPGSV,3,1,12,02,23,321,42,08,23,282,42,10,48,027,47,18,20,139,35,1*6A
$GPGSV,3,2,12,23,24,074,40,27,32,240,38,28,41,163,43,31,20,185,41,1*6A
$GPGSV,3,3,12,32,71,342,50,36,34,246,37,40,59,208,46,41,56,146,46,1*61
$GPGSV,3,1,09,08,23,282,31,10,48,027,37,18,20,139,36,23,24,074,36,6*63
$GPGSV,3,2,09,24,03,039,14,27,32,240,31,28,41,163,41,31,20,185,35,6*65
$GPGSV,3,3,09,32,71,342,40,6*5C
$GPGSV,1,1,01,49,17,257,,0*5F
$GLGSV,3,1,09,65,45,305,46,66,16,257,36,72,31,020,45,74,11,077,36,1*75
$GLGSV,3,2,09,75,10,126,41,86,21,161,44,87,66,182,49,88,44,323,49,1*7E
$GLGSV,3,3,09,,,,47,1*72
$GLGSV,2,1,08,65,45,305,10,66,16,257,34,72,31,020,43,75,10,126,31,3*72
$GLGSV,2,2,08,86,21,161,41,87,66,182,08,88,44,323,44,,,,42,3*44
$GLGSV,1,1,01,73,00,037,,0*48
$GAGSV,2,1,06,03,69,010,43,05,20,040,37,08,50,242,42,13,15,323,38,2*7E
$GAGSV,2,2,06,15,67,341,43,34,54,126,41,2*72
$GAGSV,2,1,06,03,69,010,46,05,20,040,38,08,50,242,43,13,15,323,37,7*7F
$GAGSV,2,2,06,15,67,341,46,34,54,126,45,7*76
$GAGSV,1,1,02,07,01,228,,36,04,137,,0*7C
$GBGSV,2,1,08,08,31,068,38,13,44,053,43,20,48,305,46,27,18,163,41,1*76
$GBGSV,2,2,08,29,40,299,45,32,40,031,46,38,26,080,40,39,50,075,45,1*78
$GBGSV,2,1,05,06,53,103,39,08,31,068,37,09,52,127,40,13,44,053,39,B*0B
$GBGSV,2,2,05,16,51,089,40,B*36
$GBGSV,3,1,12,01,03,095,,02,58,140,,03,35,112,,05,62,201,,0*77
$GBGSV,3,2,12,07,01,156,,10,07,165,,19,13,266,,23,17,079,,0*74
$GBGSV,3,3,12,30,57,211,,59,08,095,,60,60,149,,61,35,113,,0*71
$GQGSV,1,1,02,04,20,069,37,07,19,104,34,1*67
$GQGSV,1,1,03,03,05,128,21,04,20,069,35,07,19,104,35,6*5C
$GNGLL,2454.22833,N,06708.27293,E,142025.00,A,D*79
$GNRMC,142026.00,A,2454.22833,N,06708.27293,E,0.008,,050525,,,R,V*00
$GNVTG,,T,,M,0.008,N,0.015,K,D*34
$GNGGA,142026.00,2454.22833,N,06708.27293,E,4,12,0.67,21.9,M,-44.2,M,1.0,0290*7C
$GNGSA,A,3,08,10,18,23,27,28,32,31,02,,,,1.46,0.67,1.30,1*0E
$GNGSA,A,3,87,66,86,72,65,88,,,,,,,1.46,0.67,1.30,2*05
$GNGSA,A,3,05,03,08,15,34,,,,,,,,1.46,0.67,1.30,3*0E
$GNGSA,A,3,08,09,06,13,20,16,29,27,32,38,39,,1.46,0.67,1.30,4*0A
$GNGSA,A,3,04,,,,,,,,,,,,1.46,0.67,1.30,5*01
$GPGSV,3,1,12,02,23,321,42,08,23,281,42,10,48,027,47,18,20,139,35,1*69
$GPGSV,3,2,12,23,24,074,40,27,32,240,38,28,41,163,43,31,20,185,41,1*6A
$GPGSV,3,3,12,32,71,342,50,36,34,246,37,40,59,208,47,41,56,146,46,1*60
$GPGSV,3,1,09,08,23,281,31,10,48,027,38,18,20,139,36,23,24,074,36,6*6F
$GPGSV,3,2,09,24,03,039,14,27,32,240,32,28,41,163,41,31,20,185,35,6*66
$GPGSV,3,3,09,32,71,342,40,6*5C
$GPGSV,1,1,01,49,17,257,,0*5F
$GLGSV,3,1,09,65,45,305,46,66,16,257,36,72,31,020,45,74,11,077,36,1*75
$GLGSV,3,2,09,75,10,126,41,86,21,161,44,87,66,182,49,88,44,323,49,1*7E
$GLGSV,3,3,09,,,,47,1*72
$GLGSV,2,1,08,65,45,305,08,66,16,257,34,72,31,020,43,75,10,126,31,3*7B
$GLGSV,2,2,08,86,21,161,41,87,66,182,10,88,44,323,44,,,,42,3*4D
$GLGSV,1,1,01,73,00,037,,0*48
$GAGSV,2,1,06,03,69,010,43,05,20,040,38,08,50,242,42,13,15,323,38,2*71
$GAGSV,2,2,06,15,67,341,43,34,54,126,41,2*72
$GAGSV,2,1,06,03,69,010,46,05,20,040,38,08,50,242,43,13,15,323,37,7*7F
$GAGSV,2,2,06,15,67,341,47,34,54,126,45,7*77
$GAGSV,1,1,02,07,01,228,,36,04,137,,0*7C
$GBGSV,2,1,08,08,31,068,38,13,44,053,43,20,48,305,46,27,18,163,41,1*76
$GBGSV,2,2,08,29,40,299,45,32,40,031,46,38,26,080,40,39,50,075,45,1*78
$GBGSV,2,1,05,06,53,103,40,08,31,068,37,09,52,127,40,13,44,053,39,B*05
$GBGSV,2,2,05,16,51,089,40,B*36
$GBGSV,3,1,12,01,03,095,,02,58,140,,03,35,112,,05,62,201,,0*77
$GBGSV,3,2,12,07,01,156,,10,07,165,,19,13,266,,23,17,079,,0*74
$GBGSV,3,3,12,30,57,211,,59,08,095,,60,60,149,,61,35,113,,0*71
$GQGSV,1,1,02,04,20,069,37,07,19,104,34,1*67
$GQGSV,1,1,03,03,05,128,21,04,20,069,35,07,19,104,35,6*5C
$GNGLL,2454.22833,N,06708.27293,E,142026.00,A,D*7A
$GNRMC,142027.00,A,2454.22833,N,06708.27293,E,0.011,,050525,,,R,V*09
$GNVTG,,T,,M,0.011,N,0.021,K,D*3B
$GNGGA,142027.00,2454.22833,N,06708.27293,E,4,12,0.67,21.9,M,-44.2,M,1.0,0290*7D
$GNGSA,A,3,08,10,18,23,27,28,32,31,02,,,,1.46,0.67,1.30,1*0E
$GNGSA,A,3,87,66,86,72,65,88,,,,,,,1.46,0.67,1.30,2*05
$GNGSA,A,3,05,03,08,15,34,,,,,,,,1.46,0.67,1.30,3*0E
$GNGSA,A,3,08,09,06,13,20,16,29,27,32,38,39,,1.46,0.67,1.30,4*0A
$GNGSA,A,3,04,,,,,,,,,,,,1.46,0.67,1.30,5*01
$GPGSV,3,1,12,02,23,321,42,08,23,281,42,10,48,027,47,18,20,139,36,1*6A
$GPGSV,3,2,12,23,24,074,40,27,32,240,38,28,41,163,43,31,20,185,41,1*6A
$GPGSV,3,3,12,32,71,342,50,36,34,246,37,40,59,208,47,41,56,146,46,1*60
$GPGSV,3,1,09,08,23,281,31,10,48,027,37,18,20,139,36,23,24,074,37,6*61
$GPGSV,3,2,09,24,03,039,13,27,32,240,32,28,41,163,41,31,20,185,35,6*61
$GPGSV,3,3,09,32,71,342,40,6*5C
$GPGSV,1,1,01,49,17,257,,0*5F
$GLGSV,3,1,09,65,45,305,46,66,16,257,37,72,31,020,45,74,11,077,35,1*77
$GLGSV,3,2,09,75,10,126,41,86,21,161,44,87,66,182,49,88,44,323,49,1*7E
$GLGSV,3,3,09,,,,47,1*72
$GLGSV,2,1,08,65,45,305,08,66,16,257,34,72,31,020,43,75,10,126,31,3*7B
$GLGSV,2,2,08,86,21,161,41,87,66,182,10,88,44,323,44,,,,42,3*4D
$GLGSV,1,1,01,73,00,037,,0*48
$GAGSV,2,1,06,03,69,010,43,05,20,040,37,08,50,242,42,13,15,323,38,2*7E
$GAGSV,2,2,06,15,67,341,43,34,54,126,41,2*72
$GAGSV,2,1,06,03,69,010,47,05,20,040,37,08,50,242,43,13,15,323,37,7*71
$GAGSV,2,2,06,15,67,341,47,34,54,126,45,7*77
$GAGSV,1,1,02,07,01,228,,36,04,137,,0*7C
$GBGSV,2,1,08,08,31,068,38,13,44,053,43,20,48,305,46,27,18,163,41,1*76
$GBGSV,2,2,08,29,40,299,45,32,40,031,46,38,26,080,40,39,50,075,44,1*79
$GBGSV,2,1,05,06,53,103,39,08,31,068,37,09,52,127,40,13,44,053,39,B*0B
$GBGSV,2,2,05,16,51,089,40,B*36
$GBGSV,3,1,12,01,03,095,,02,58,140,,03,35,112,,05,62,201,,0*77
$GBGSV,3,2,12,07,01,156,,10,07,165,,19,13,266,,23,17,079,,0*74
$GBGSV,3,3,12,30,57,211,,59,08,095,,60,60,149,,61,35,113,,0*71
$GQGSV,1,1,02,04,20,069,37,07,19,104,34,1*67
$GQGSV,1,1,03,03,05,128,21,04,20,069,35,07,19,104,35,6*5C
$GNGLL,2454.22833,N,06708.27293,E,142027.00,A,D*7B
$GNRMC,142028.00,A,2454.22833,N,06708.27293,E,0.011,,050525,,,R,V*06
$GNVTG,,T,,M,0.011,N,0.021,K,D*3B
$GNGGA,142028.00,2454.22833,N,06708.27293,E,4,12,0.67,21.9,M,-44.2,M,1.0,0290*72
$GNGSA,A,3,08,10,18,23,27,28,32,31,02,,,,1.46,0.67,1.30,1*0E
$GNGSA,A,3,87,66,86,72,65,88,,,,,,,1.46,0.67,1.30,2*05
$GNGSA,A,3,05,03,08,15,34,,,,,,,,1.46,0.67,1.30,3*0E
$GNGSA,A,3,08,09,06,13,20,16,29,27,32,38,39,,1.46,0.67,1.30,4*0A
$GNGSA,A,3,04,,,,,,,,,,,,1.46,0.67,1.30,5*01
$GPGSV,3,1,12,02,23,321,42,08,23,281,42,10,48,028,47,18,20,139,36,1*65
$GPGSV,3,2,12,23,24,074,40,27,32,240,37,28,41,163,43,31,20,185,41,1*65
$GPGSV,3,3,12,32,71,342,50,36,34,246,37,40,59,208,47,41,56,146,46,1*60
$GPGSV,3,1,09,08,23,281,31,10,48,028,38,18,20,139,36,23,24,074,37,6*61
$GPGSV,3,2,09,24,03,039,14,27,32,240,32,28,41,163,40,31,20,185,35,6*67
$GPGSV,3,3,09,32,71,342,40,6*5C
$GPGSV,1,1,01,49,17,257,,0*5F
$GLGSV,3,1,09,65,45,305,47,66,16,257,37,72,31,020,45,74,11,077,35,1*76
$GLGSV,3,2,09,75,10,126,41,86,21,161,44,87,66,182,49,88,44,323,49,1*7E
$GLGSV,3,3,09,,,,47,1*72
$GLGSV,2,1,08,65,45,305,08,66,16,257,35,72,31,020,43,75,10,126,31,3*7A
$GLGSV,2,2,08,86,21,161,41,87,66,182,10,88,44,323,45,,,,42,3*4C
$GLGSV,1,1,01,73,00,037,,0*48
$GAGSV,2,1,06,03,69,010,43,05,20,040,38,08,50,242,42,13,15,323,38,2*71
$GAGSV,2,2,06,15,67,341,43,34,54,126,41,2*72
$GAGSV,2,1,06,03,69,010,46,05,20,040,37,08,50,242,43,13,15,323,37,7*70
$GAGSV,2,2,06,15,67,341,47,34,54,126,45,7*77
$GAGSV,1,1,02,07,01,228,,36,04,137,,0*7C
$GBGSV,2,1,08,08,31,068,38,13,44,053,43,20,48,305,46,27,18,163,41,1*76
$GBGSV,2,2,08,29,40,299,45,32,40,031,46,38,26,080,40,39,50,075,44,1*79
$GBGSV,2,1,05,06,53,103,40,08,31,068,37,09,52,127,40,13,44,053,39,B*05
$GBGSV,2,2,05,16,51,089,40,B*36
$GBGSV,3,1,12,01,03,095,,02,58,140,,03,35,112,,05,62,201,,0*77
$GBGSV,3,2,12,07,01,156,,10,07,165,,19,13,266,,23,17,079,,0*74
$GBGSV,3,3,12,30,57,211,,59,08,095,,60,60,149,,61,35,113,,0*71
$GQGSV,1,1,02,04,20,069,37,07,19,104,34,1*67
$GQGSV,1,1,03,03,05,128,21,04,20,069,35,07,19,104,35,6*5C
$GNGLL,2454.22833,N,06708.27293,E,142028.00,A,D*74
$GNRMC,142029.00,A,2454.22833,N,06708.27293,E,0.008,,050525,,,R,V*0F
$GNVTG,,T,,M,0.008,N,0.015,K,D*34
$GNGGA,142029.00,2454.22833,N,06708.27293,E,4,12,0.67,21.9,M,-44.2,M,1.0,0290*73
$GNGSA,A,3,08,10,18,23,27,28,32,31,02,,,,1.46,0.67,1.30,1*0E
$GNGSA,A,3,87,66,86,72,65,88,,,,,,,1.46,0.67,1.30,2*05
$GNGSA,A,3,05,03,08,15,34,,,,,,,,1.46,0.67,1.30,3*0E
$GNGSA,A,3,08,09,06,13,20,16,29,27,32,38,39,,1.46,0.67,1.30,4*0A
$GNGSA,A,3,04,,,,,,,,,,,,1.46,0.67,1.30,5*01
$GPGSV,3,1,12,02,23,321,42,08,23,281,42,10,48,028,47,18,20,139,36,1*65
$GPGSV,3,2,12,23,24,074,40,27,32,240,37,28,41,163,43,31,20,185,41,1*65
$GPGSV,3,3,12,32,71,342,50,36,34,246,36,40,59,208,47,41,56,146,46,1*61
$GPGSV,3,1,09,08,23,281,31,10,48,028,38,18,20,139,36,23,24,074,37,6*61
$GPGSV,3,2,09,24,03,039,15,27,32,240,31,28,41,163,41,31,20,185,35,6*64
$GPGSV,3,3,09,32,71,342,40,6*5C
$GPGSV,1,1,01,49,17,257,,0*5F
$GLGSV,3,1,09,65,45,305,47,66,16,257,37,72,31,020,45,74,11,077,36,1*75
$GLGSV,3,2,09,75,10,126,41,86,21,161,44,87,66,182,49,88,44,323,49,1*7E
$GLGSV,3,3,09,,,,47,1*72
$GLGSV,2,1,08,65,45,305,08,66,16,257,35,72,31,020,43,75,10,126,31,3*7A
$GLGSV,2,2,08,86,21,161,41,87,66,182,11,88,44,323,44,,,,42,3*4C
$GLGSV,1,1,01,73,00,037,,0*48
$GAGSV,2,1,06,03,69,010,43,05,20,040,38,08,50,242,42,13,15,323,38,2*71
$GAGSV,2,2,06,15,67,341,43,34,54,126,41,2*72
$GAGSV,2,1,06,03,69,010,46,05,20,040,37,08,50,242,43,13,15,323,37,7*70
$GAGSV,2,2,06,15,67,341,46,34,54,126,45,7*76
$GAGSV,1,1,02,07,01,228,,36,04,137,,0*7C
$GBGSV,2,1,08,08,31,068,39,13,44,053,43,20,48,305,46,27,18,163,41,1*77
$GBGSV,2,2,08,29,40,299,45,32,40,031,46,38,26,080,40,39,50,075,44,1*79
$GBGSV,2,1,05,06,53,103,39,08,31,068,37,09,52,127,40,13,44,053,39,B*0B
$GBGSV,2,2,05,16,51,089,40,B*36
$GBGSV,3,1,12,01,03,095,,02,58,140,,03,35,112,,05,62,201,,0*77
$GBGSV,3,2,12,07,01,156,,10,07,165,,19,13,266,,23,17,079,,0*74
$GBGSV,3,3,12,30,57,211,,59,08,095,,60,60,149,,61,35,113,,0*71
$GQGSV,1,1,02,04,20,069,37,07,19,104,33,1*60
$GQGSV,1,1,03,03,05,128,21,04,20,069,35,07,19,104,35,6*5C
$GNGLL,2454.22833,N,06708.27293,E,142029.00,A,D*75
$GNRMC,142030.00,A,2454.22833,N,06708.27293,E,0.014,,050525,,,R,V*0A
$GNVTG,,T,,M,0.014,N,0.026,K,D*39
$GNGGA,142030.00,2454.22833,N,06708.27293,E,4,12,0.67,21.9,M,-44.2,M,1.0,0290*7B
$GNGSA,A,3,08,10,18,23,27,28,32,31,02,,,,1.46,0.67,1.30,1*0E
$GNGSA,A,3,87,66,86,72,65,88,,,,,,,1.46,0.67,1.30,2*05
$GNGSA,A,3,05,03,08,15,34,,,,,,,,1.46,0.67,1.30,3*0E
$GNGSA,A,3,08,09,06,13,20,16,29,27,32,38,39,,1.46,0.67,1.30,4*0A
$GNGSA,A,3,04,,,,,,,,,,,,1.46,0.67,1.30,5*01
$GPGSV,3,1,12,02,23,321,42,08,23,281,42,10,48,028,47,18,20,139,36,1*65
$GPGSV,3,2,12,23,24,074,40,27,32,240,37,28,41,163,43,31,20,185,41,1*65
$GPGSV,3,3,12,32,71,342,50,36,34,246,36,40,59,208,46,41,56,146,46,1*60
$GPGSV,3,1,09,08,23,281,31,10,48,028,38,18,20,139,36,23,24,074,37,6*61
$GPGSV,3,2,09,24,03,039,15,27,32,240,32,28,41,163,41,31,20,185,35,6*67
$GPGSV,3,3,09,32,71,342,40,6*5C
$GPGSV,1,1,01,49,17,257,,0*5F
$GLGSV,3,1,09,65,45,305,47,66,16,257,38,72,31,020,45,74,11,077,35,1*79
$GLGSV,3,2,09,75,10,126,41,86,21,161,45,87,66,182,49,88,44,323,49,1*7F
$GLGSV,3,3,09,,,,47,1*72
$GLGSV,2,1,07,66,16,257,35,72,31,020,43,75,10,126,31,86,21,161,41,3*77
$GLGSV,2,2,07,87,66,182,10,88,44,323,44,,,,42,3*7C
$GLGSV,1,1,01,73,00,037,,0*48
$GAGSV,2,1,06,03,69,010,43,05,20,040,38,08,50,242,42,13,15,323,38,2*71
$GAGSV,2,2,06,15,67,341,43,34,54,126,41,2*72
$GAGSV,2,1,06,03,69,010,46,05,20,040,37,08,50,242,43,13,15,323,37,7*70
$GAGSV,2,2,06,15,67,341,46,34,54,126,45,7*76
$GAGSV,1,1,02,07,01,228,,36,04,137,,0*7C
$GBGSV,2,1,08,08,31,068,39,13,44,053,43,20,48,305,46,27,18,163,41,1*77
$GBGSV,2,2,08,29,40,299,45,32,40,031,46,38,26,080,40,39,50,075,45,1*78
$GBGSV,2,1,05,06,53,103,39,08,31,068,38,09,52,127,40,13,44,053,39,B*04
$GBGSV,2,2,05,16,51,089,40,B*36
$GBGSV,3,1,12,01,03,095,,02,58,140,,03,35,112,,05,62,201,,0*77
$GBGSV,3,2,12,07,01,156,,10,07,165,,19,13,266,,23,17,079,,0*74
$GBGSV,3,3,12,30,57,211,,59,08,095,,60,60,149,,61,35,113,,0*71
$GQGSV,1,1,02,04,20,069,37,07,19,104,33,1*60
$GQGSV,1,1,03,03,05,128,21,04,20,069,35,07,19,104,35,6*5C
$GNGLL,2454.22833,N,06708.27293,E,142030.00,A,D*7D
$GNRMC,142031.00,A,2454.22833,N,06708.27293,E,0.007,,050525,,,R,V*09
$GNVTG,,T,,M,0.007,N,0.014,K,D*3A
$GNGGA,142031.00,2454.22833,N,06708.27293,E,4,12,0.67,21.9,M,-44.2,M,1.0,0290*7A
$GNGSA,A,3,08,10,18,23,27,28,32,31,02,,,,1.46,0.67,1.30,1*0E
$GNGSA,A,3,87,66,86,72,65,88,,,,,,,1.46,0.67,1.30,2*05
$GNGSA,A,3,05,03,08,15,34,,,,,,,,1.46,0.67,1.30,3*0E
$GNGSA,A,3,08,09,06,13,20,16,29,27,32,38,39,,1.46,0.67,1.30,4*0A
$GNGSA,A,3,04,,,,,,,,,,,,1.46,0.67,1.30,5*01
$GPGSV,3,1,12,02,23,321,42,08,23,281,42,10,48,028,46,18,20,139,36,1*64
$GPGSV,3,2,12,23,24,074,39,27,32,240,37,28,41,163,43,31,20,185,41,1*6B
$GPGSV,3,3,12,32,71,342,50,36,34,246,36,40,59,208,47,41,56,146,46,1*61
$GPGSV,3,1,09,08,23,281,31,10,48,028,38,18,20,139,36,23,24,074,37,6*61
$GPGSV,3,2,09,24,03,039,14,27,32,240,32,28,41,163,41,31,20,185,35,6*66
$GPGSV,3,3,09,32,71,342,40,6*5C
$GPGSV,1,1,01,49,17,257,,0*5F
$GLGSV,3,1,09,65,45,305,47,66,16,257,38,72,31,020,45,74,11,077,36,1*7A
$GLGSV,3,2,09,75,10,126,41,86,21,161,45,87,66,182,49,88,44,323,49,1*7F
$GLGSV,3,3,09,,,,47,1*72
$GLGSV,2,1,07,66,16,257,35,72,31,020,43,75,10,126,31,86,21,161,41,3*77
$GLGSV,2,2,07,87,66,182,09,88,44,323,44,,,,42,3*74
$GLGSV,1,1,01,73,00,037,,0*48
$GAGSV,2,1,06,03,69,010,43,05,20,040,38,08,50,242,42,13,15,323,38,2*71
$GAGSV,2,2,06,15,67,341,43,34,54,126,41,2*72
$GAGSV,2,1,06,03,69,010,46,05,20,040,37,08,50,242,43,13,15,323,37,7*70
$GAGSV,2,2,06,15,67,341,46,34,54,126,45,7*76
$GAGSV,1,1,02,07,01,228,,36,04,137,,0*7C
$GBGSV,2,1,08,08,31,068,39,13,44,053,43,20,48,305,46,27,18,163,41,1*77
$GBGSV,2,2,08,29,40,299,45,32,40,031,46,38,26,080,40,39,50,075,45,1*78
$GBGSV,2,1,05,06,53,103,39,08,31,068,37,09,52,127,40,13,44,053,39,B*0B
$GBGSV,2,2,05,16,51,089,40,B*36
$GBGSV,3,1,12,01,03,095,,02,58,140,,03,35,112,,05,62,201,,0*77
$GBGSV,3,2,12,07,01,156,,10,07,165,,19,13,266,,23,17,079,,0*74
$GBGSV,3,3,12,30,57,211,,59,08,095,,60,60,149,,61,35,113,,0*71
$GQGSV,1,1,02,04,20,069,37,07,19,104,33,1*60
$GQGSV,1,1,03,03,05,128,21,04,20,069,35,07,19,104,35,6*5C
$GNGLL,2454.22833,N,06708.27293,E,142031.00,A,D*7C
$GNRMC,142032.00,A,2454.22833,N,06708.27293,E,0.002,,050525,,,R,V*0F
$GNVTG,,T,,M,0.002,N,0.003,K,D*39
$GNGGA,142032.00,2454.22833,N,06708.27293,E,4,12,0.67,21.9,M,-44.2,M,1.0,0290*79
$GNGSA,A,3,08,10,18,23,27,28,32,31,02,,,,1.46,0.67,1.30,1*0E
$GNGSA,A,3,87,66,86,72,65,88,,,,,,,1.46,0.67,1.30,2*05
$GNGSA,A,3,05,03,08,15,34,,,,,,,,1.46,0.67,1.30,3*0E
$GNGSA,A,3,08,09,06,13,20,16,29,27,32,38,39,,1.46,0.67,1.30,4*0A
$GNGSA,A,3,04,,,,,,,,,,,,1.46,0.67,1.30,5*01
$GPGSV,3,1,12,02,23,321,42,08,23,281,42,10,48,028,46,18,20,139,36,1*64
$GPGSV,3,2,12,23,24,074,39,27,32,240,37,28,41,163,43,31,20,185,41,1*6B
$GPGSV,3,3,12,32,71,342,50,36,34,246,36,40,59,208,46,41,56,146,46,1*60
$GPGSV,3,1,09,08,23,281,31,10,48,028,37,18,20,139,36,23,24,074,37,6*6E
$GPGSV,3,2,09,24,03,039,13,27,32,240,31,28,41,163,41,31,20,185,35,6*62
$GPGSV,3,3,09,32,71,342,40,6*5C
$GPGSV,1,1,01,49,17,257,,0*5F
$GLGSV,3,1,09,65,45,305,47,66,16,257,38,72,31,020,45,74,11,077,36,1*7A
$GLGSV,3,2,09,75,10,126,40,86,21,161,45,87,66,182,49,88,44,323,49,1*7E
$GLGSV,3,3,09,,,,47,1*72
$GLGSV,2,1,06,66,16,257,35,72,31,020,43,75,10,126,31,86,21,161,41,3*76
$GLGSV,2,2,06,88,44,323,44,,,,42,3*48
$GLGSV,1,1,01,73,00,037,,0*48
$GAGSV,2,1,06,03,69,010,43,05,20,040,37,08,50,242,42,13,15,323,38,2*7E
$GAGSV,2,2,06,15,67,341,43,34,54,126,41,2*72
$GAGSV,2,1,06,03,69,010,46,05,20,040,37,08,50,242,43,13,15,323,37,7*70
$GAGSV,2,2,06,15,67,341,46,34,54,126,45,7*76
$GAGSV,1,1,02,07,01,228,,36,04,137,,0*7C
$GBGSV,2,1,08,08,31,068,39,13,44,053,43,20,48,305,46,27,18,163,41,1*77
$GBGSV,2,2,08,29,40,299,45,32,40,031,46,38,26,080,40,39,50,075,45,1*78
$GBGSV,2,1,05,06,53,103,39,08,31,068,37,09,52,127,40,13,44,053,39,B*0B
$GBGSV,2,2,05,16,51,089,40,B*36
$GBGSV,3,1,12,01,03,095,,02,58,140,,03,35,112,,05,62,201,,0*77
$GBGSV,3,2,12,07,01,156,,10,07,165,,19,13,266,,23,17,079,,0*74
$GBGSV,3,3,12,30,57,211,,59,08,095,,60,60,149,,61,35,113,,0*71
$GQGSV,1,1,02,04,20,069,37,07,19,104,33,1*60
$GQGSV,1,1,03,03,05,128,21,04,20,069,35,07,19,104,35,6*5C
$GNGLL,2454.22833,N,06708.27293,E,142032.00,A,D*7F
$GNRMC,142033.00,A,2454.22833,N,06708.27293,E,0.005,,050525,,,R,V*09
$GNVTG,,T,,M,0.005,N,0.009,K,D*34
$GNGGA,142033.00,2454.22833,N,06708.27293,E,4,12,0.67,21.9,M,-44.2,M,1.0,0290*78
$GNGSA,A,3,08,10,18,23,27,28,32,31,02,,,,1.46,0.67,1.30,1*0E
$GNGSA,A,3,87,66,86,72,65,88,,,,,,,1.46,0.67,1.30,2*05
$GNGSA,A,3,05,03,08,15,34,,,,,,,,1.46,0.67,1.30,3*0E
$GNGSA,A,3,08,09,06,13,20,16,29,27,32,38,39,,1.46,0.67,1.30,4*0A
$GNGSA,A,3,04,,,,,,,,,,,,1.46,0.67,1.30,5*01
$GPGSV,3,1,12,02,23,321,42,08,23,281,42,10,48,028,46,18,20,139,36,1*64
$GPGSV,3,2,12,23,24,074,39,27,32,240,37,28,41,163,43,31,20,185,41,1*6B
$GPGSV,3,3,12,32,71,342,50,36,34,246,36,40,59,208,47,41,56,146,46,1*61
$GPGSV,3,1,09,08,23,281,31,10,48,028,38,18,20,139,36,23,24,074,37,6*61
$GPGSV,3,2,09,24,03,039,10,27,32,240,32,28,41,163,41,31,20,185,35,6*62
$GPGSV,3,3,09,32,71,342,40,6*5C
$GPGSV,1,1,01,49,17,257,,0*5F
$GLGSV,3,1,09,65,45,305,46,66,16,257,38,72,31,020,45,74,11,077,35,1*78
$GLGSV,3,2,09,75,10,126,40,86,21,161,45,87,66,182,49,88,44,323,49,1*7E
$GLGSV,3,3,09,,,,47,1*72
$GLGSV,2,1,06,66,16,257,35,72,31,020,43,75,10,126,31,86,21,161,41,3*76
$GLGSV,2,2,06,88,44,323,44,,,,42,3*48
$GLGSV,1,1,01,73,00,037,,0*48
$GAGSV,2,1,06,03,69,010,43,05,20,040,38,08,50,242,42,13,15,323,38,2*71
$GAGSV,2,2,06,15,67,341,43,34,54,126,41,2*72
$GAGSV,2,1,06,03,69,010,46,05,20,040,37,08,50,242,43,13,15,323,37,7*70
$GAGSV,2,2,06,15,67,341,46,34,54,126,45,7*76
$GAGSV,1,1,02,07,01,228,,36,04,137,,0*7C
$GBGSV,2,1,08,08,31,068,39,13,44,053,43,20,48,305,46,27,18,163,41,1*77
$GBGSV,2,2,08,29,40,299,45,32,40,031,46,38,26,080,40,39,50,075,44,1*79
$GBGSV,2,1,05,06,53,103,39,08,31,068,37,09,52,127,40,13,44,053,39,B*0B
$GBGSV,2,2,05,16,51,089,40,B*36
$GBGSV,3,1,12,01,03,095,,02,58,140,,03,35,112,,05,62,201,,0*77
$GBGSV,3,2,12,07,01,156,,10,07,165,,19,13,266,,23,17,079,,0*74
$GBGSV,3,3,12,30,57,211,,59,08,095,,60,60,149,,61,35,113,,0*71
$GQGSV,1,1,02,04,20,069,37,07,19,104,34,1*67
$GQGSV,1,1,03,03,05,128,20,04,20,069,35,07,19,104,35,6*5D
$GNGLL,2454.22833,N,06708.27293,E,142033.00,A,D*7E
$GNRMC,142034.00,A,2454.22833,N,06708.27293,E,0.005,,050525,,,R,V*0E
$GNVTG,,T,,M,0.005,N,0.010,K,D*3C
$GNGGA,142034.00,2454.22833,N,06708.27293,E,4,12,0.67,21.9,M,-44.2,M,1.0,0290*7F
$GNGSA,A,3,08,10,18,23,27,28,32,31,02,,,,1.46,0.67,1.30,1*0E
$GNGSA,A,3,87,66,86,72,65,88,,,,,,,1.46,0.67,1.30,2*05
$GNGSA,A,3,05,03,08,15,34,,,,,,,,1.46,0.67,1.30,3*0E
$GNGSA,A,3,08,09,06,13,20,16,29,27,32,38,39,,1.46,0.67,1.30,4*0A
$GNGSA,A,3,04,,,,,,,,,,,,1.46,0.67,1.30,5*01
$GPGSV,3,1,12,02,23,321,42,08,23,281,42,10,48,028,46,18,20,139,36,1*64
$GPGSV,3,2,12,23,24,074,39,27,32,240,37,28,41,163,43,31,20,185,41,1*6B
$GPGSV,3,3,12,32,71,342,50,36,34,246,37,40,59,208,46,41,56,146,46,1*61
$GPGSV,3,1,09,08,23,281,31,10,48,028,38,18,20,139,36,23,24,074,37,6*61
$GPGSV,3,2,09,24,03,039,09,27,32,240,32,28,41,163,41,31,20,185,35,6*6A
$GPGSV,3,3,09,32,71,342,40,6*5C
$GPGSV,1,1,01,49,17,257,,0*5F
$GLGSV,3,1,09,65,45,305,46,66,16,257,39,72,31,020,45,74,11,077,35,1*79
$GLGSV,3,2,09,75,10,126,40,86,21,161,45,87,66,182,49,88,44,323,49,1*7E
$GLGSV,3,3,09,,,,48,1*7D
$GLGSV,2,1,06,66,16,257,36,72,31,020,43,75,10,126,31,86,21,161,41,3*75
$GLGSV,2,2,06,88,44,323,44,,,,42,3*48
$GLGSV,1,1,01,73,00,037,,0*48
$GAGSV,2,1,06,03,69,010,43,05,20,040,38,08,50,242,42,13,15,323,38,2*71
$GAGSV,2,2,06,15,67,341,43,34,54,126,41,2*72
$GAGSV,2,1,06,03,69,010,46,05,20,040,37,08,50,242,43,13,15,323,37,7*70
$GAGSV,2,2,06,15,67,341,46,34,54,126,45,7*76
$GAGSV,1,1,02,07,01,228,,36,04,137,,0*7C
$GBGSV,2,1,08,08,31,068,39,13,44,053,43,20,48,305,46,27,18,163,41,1*77
$GBGSV,2,2,08,29,40,299,45,32,40,031,46,38,26,080,39,39,50,075,45,1*76
$GBGSV,2,1,05,06,53,103,39,08,31,068,38,09,52,127,40,13,44,053,39,B*04
$GBGSV,2,2,05,16,51,089,40,B*36
$GBGSV,3,1,12,01,03,095,,02,58,140,,03,35,112,,05,62,201,,0*77
$GBGSV,3,2,12,07,01,156,,10,07,165,,19,13,266,,23,17,079,,0*74
$GBGSV,3,3,12,30,57,211,,59,08,095,,60,60,149,,61,35,113,,0*71
$GQGSV,1,1,02,04,20,069,37,07,19,104,34,1*67
$GQGSV,1,1,03,03,05,128,20,04,20,069,35,07,19,104,34,6*5C
$GNGLL,2454.22833,N,06708.27293,E,142034.00,A,D*79
$GNRMC,142035.00,A,2454.22833,N,06708.27293,E,0.007,,050525,,,R,V*0D
$GNVTG,,T,,M,0.007,N,0.013,K,D*3D
$GNGGA,142035.00,2454.22833,N,06708.27293,E,4,12,0.67,21.9,M,-44.2,M,1.0,0290*7E
$GNGSA,A,3,08,10,18,23,27,28,32,31,02,,,,1.46,0.67,1.30,1*0E
$GNGSA,A,3,87,66,86,72,65,88,,,,,,,1.46,0.67,1.30,2*05
$GNGSA,A,3,05,03,08,15,34,,,,,,,,1.46,0.67,1.30,3*0E
$GNGSA,A,3,08,09,06,13,20,16,29,27,32,38,39,,1.46,0.67,1.30,4*0A
$GNGSA,A,3,04,,,,,,,,,,,,1.46,0.67,1.30,5*01
$GPGSV,3,1,12,02,23,321,42,08,23,281,42,10,48,028,46,18,20,139,36,1*64
$GPGSV,3,2,12,23,24,074,39,27,32,240,37,28,41,163,43,31,20,185,41,1*6B
$GPGSV,3,3,12,32,71,342,50,36,34,246,37,40,59,208,46,41,56,146,46,1*61
$GPGSV,3,1,09,08,23,281,31,10,48,028,38,18,20,139,36,23,24,074,37,6*61
$GPGSV,3,2,09,24,03,039,09,27,32,240,32,28,41,163,41,31,20,185,35,6*6A
$GPGSV,3,3,09,32,71,342,40,6*5C
$GPGSV,1,1,01,49,17,257,,0*5F
$GLGSV,3,1,09,65,45,305,46,66,16,257,39,72,31,020,45,74,11,077,36,1*7A
$GLGSV,3,2,09,75,10,126,40,86,21,161,45,87,66,182,49,88,44,323,49,1*7E
$GLGSV,3,3,09,,,,48,1*7D
$GLGSV,2,1,06,66,16,257,36,72,31,020,43,75,10,126,31,86,21,161,41,3*75
$GLGSV,2,2,06,88,44,323,44,,,,42,3*48
$GLGSV,1,1,01,73,00,037,,0*48
$GAGSV,2,1,06,03,69,010,43,05,20,040,37,08,50,242,42,13,15,323,38,2*7E
$GAGSV,2,2,06,15,67,341,43,34,54,126,41,2*72
$GAGSV,2,1,06,03,69,010,46,05,20,040,37,08,50,242,43,13,15,323,37,7*70
$GAGSV,2,2,06,15,67,341,46,34,54,126,45,7*76
$GAGSV,1,1,02,07,01,228,,36,04,137,,0*7C
$GBGSV,2,1,08,08,31,068,39,13,44,053,43,20,48,305,46,27,18,163,41,1*77
$GBGSV,2,2,08,29,40,299,45,32,40,031,46,38,26,080,40,39,50,075,44,1*79
$GBGSV,2,1,05,06,53,103,39,08,31,068,37,09,52,127,40,13,44,053,39,B*0B
$GBGSV,2,2,05,16,51,089,40,B*36
$GBGSV,3,1,12,01,03,095,,02,58,140,,03,35,112,,05,62,201,,0*77
$GBGSV,3,2,12,07,01,156,,10,07,165,,19,13,266,,23,17,079,,0*74
$GBGSV,3,3,12,30,57,211,,59,08,095,,60,60,149,,61,35,113,,0*71
$GQGSV,1,1,02,04,20,069,37,07,19,104,33,1*60
$GQGSV,1,1,03,03,05,128,20,04,20,069,35,07,19,104,35,6*5D
$GNGLL,2454.22833,N,06708.27293,E,142035.00,A,D*78
$GNRMC,142036.00,A,2454.22833,N,06708.27293,E,0.010,,050525,,,R,V*08
$GNVTG,,T,,M,0.010,N,0.018,K,D*30
$GNGGA,142036.00,2454.22833,N,06708.27293,E,4,12,0.67,21.9,M,-44.2,M,1.0,0290*7D
$GNGSA,A,3,08,10,18,23,27,28,32,31,02,,,,1.46,0.67,1.30,1*0E
$GNGSA,A,3,87,66,86,72,65,88,,,,,,,1.46,0.67,1.30,2*05
$GNGSA,A,3,05,03,08,15,34,,,,,,,,1.46,0.67,1.30,3*0E
$GNGSA,A,3,08,09,06,13,20,16,29,27,32,38,39,,1.46,0.67,1.30,4*0A
$GNGSA,A,3,04,,,,,,,,,,,,1.46,0.67,1.30,5*01
$GPGSV,3,1,12,02,23,321,42,08,23,281,42,10,48,028,46,18,19,139,36,1*6E
$GPGSV,3,2,12,23,24,074,39,27,32,240,37,28,41,163,43,31,20,185,41,1*6B
$GPGSV,3,3,12,32,71,342,50,36,34,246,36,40,59,208,46,41,56,146,46,1*60
$GPGSV,2,1,08,08,23,281,31,10,48,028,38,18,19,139,36,23,24,074,37,6*6B
$GPGSV,2,2,08,27,32,240,32,28,41,163,41,31,20,185,35,32,71,342,40,6*6A
$GPGSV,1,1,02,24,03,039,,49,17,257,,0*63
$GLGSV,3,1,09,65,45,305,46,66,16,257,39,72,31,020,45,74,11,077,36,1*7A
$GLGSV,3,2,09,75,10,126,40,86,21,161,45,87,66,182,49,88,44,323,49,1*7E
$GLGSV,3,3,09,,,,48,1*7D
$GLGSV,2,1,06,66,16,257,36,72,31,020,43,75,10,126,31,86,21,161,41,3*75
$GLGSV,2,2,06,88,44,323,44,,,,42,3*48
$GLGSV,1,1,01,73,00,037,,0*48
$GAGSV,2,1,06,03,69,010,43,05,20,040,37,08,50,242,42,13,15,323,38,2*7E
$GAGSV,2,2,06,15,67,341,43,34,54,126,41,2*72
$GAGSV,2,1,06,03,69,010,46,05,20,040,37,08,50,242,43,13,15,323,37,7*70
$GAGSV,2,2,06,15,67,341,46,34,54,126,45,7*76
$GAGSV,1,1,02,07,01,228,,36,04,137,,0*7C
$GBGSV,2,1,08,08,31,068,39,13,44,053,43,20,48,305,46,27,18,163,41,1*77
$GBGSV,2,2,08,29,40,299,45,32,40,031,46,38,26,080,39,39,50,075,44,1*77
$GBGSV,2,1,05,06,53,103,39,08,31,068,37,09,52,127,40,13,44,053,39,B*0B
$GBGSV,2,2,05,16,51,089,40,B*36
$GBGSV,3,1,12,01,03,095,,02,58,140,,03,35,112,,05,62,201,,0*77
$GBGSV,3,2,12,07,01,156,,10,07,165,,19,13,266,,23,17,079,,0*74
$GBGSV,3,3,12,30,57,211,,59,08,095,,60,60,149,,61,35,113,,0*71
$GQGSV,1,1,02,04,20,069,37,07,19,104,34,1*67
$GQGSV,1,1,03,03,05,128,20,04,20,069,35,07,19,104,35,6*5D
$GNGLL,2454.22833,N,06708.27293,E,142036.00,A,D*7B
$GNRMC,142037.00,A,2454.22833,N,06708.27293,E,0.013,,050525,,,R,V*0A
$GNVTG,,T,,M,0.013,N,0.025,K,D*3D
$GNGGA,142037.00,2454.22833,N,06708.27293,E,4,12,0.67,21.9,M,-44.2,M,1.0,0290*7C
$GNGSA,A,3,08,10,18,23,27,28,32,31,02,,,,1.46,0.67,1.30,1*0E
$GNGSA,A,3,87,66,86,72,65,88,,,,,,,1.46,0.67,1.30,2*05
$GNGSA,A,3,05,03,08,15,34,,,,,,,,1.46,0.67,1.30,3*0E
$GNGSA,A,3,08,09,06,13,20,16,29,27,32,38,39,,1.46,0.67,1.30,4*0A
$GNGSA,A,3,04,,,,,,,,,,,,1.46,0.67,1.30,5*01
$GPGSV,3,1,12,02,23,321,42,08,23,281,42,10,48,028,46,18,19,139,36,1*6E
$GPGSV,3,2,12,23,24,074,39,27,32,240,37,28,41,163,44,31,20,185,41,1*6C
$GPGSV,3,3,12,32,71,342,50,36,34,246,36,40,59,208,46,41,56,146,46,1*60
$GPGSV,2,1,08,08,23,281,31,10,48,028,38,18,19,139,36,23,24,074,37,6*6B
$GPGSV,2,2,08,27,32,240,32,28,41,163,41,31,20,185,35,32,71,342,40,6*6A
$GPGSV,1,1,02,24,03,039,,49,17,257,,0*63
$GLGSV,3,1,09,65,45,305,47,66,16,257,39,72,31,020,45,74,11,077,36,1*7B
$GLGSV,3,2,09,75,10,126,40,86,21,161,45,87,66,182,49,88,44,323,49,1*7E
$GLGSV,3,3,09,,,,48,1*7D
$GLGSV,2,1,06,66,16,257,36,72,31,020,43,75,10,126,31,86,21,161,41,3*75
$GLGSV,2,2,06,88,44,323,45,,,,42,3*49
$GLGSV,1,1,01,73,00,037,,0*48
$GAGSV,2,1,06,03,69,010,43,05,20,040,37,08,50,242,42,13,15,323,38,2*7E
$GAGSV,2,2,06,15,67,341,43,34,54,126,41,2*72
$GAGSV,2,1,06,03,69,010,47,05,20,040,37,08,50,242,43,13,15,323,37,7*71
$GAGSV,2,2,06,15,67,341,46,34,54,126,45,7*76
$GAGSV,1,1,02,07,01,228,,36,04,137,,0*7C
$GBGSV,2,1,08,08,31,068,39,13,44,053,43,20,48,305,46,27,18,163,41,1*77
$GBGSV,2,2,08,29,40,299,45,32,40,031,46,38,26,080,40,39,50,075,44,1*79
$GBGSV,2,1,05,06,53,103,39,08,31,068,37,09,52,127,40,13,44,053,39,B*0B
$GBGSV,2,2,05,16,51,089,40,B*36
$GBGSV,3,1,12,01,03,095,,02,58,140,,03,35,112,,05,62,201,,0*77
$GBGSV,3,2,12,07,01,156,,10,07,165,,19,13,266,,23,17,079,,0*74
$GBGSV,3,3,12,30,57,211,,59,08,095,,60,60,149,,61,35,113,,0*71
$GQGSV,1,1,02,04,20,069,37,07,19,104,34,1*67
$GQGSV,1,1,03,03,05,128,20,04,20,069,35,07,19,104,34,6*5C
$GNGLL,2454.22833,N,06708.27293,E,142037.00,A,D*7A
$GNRMC,142038.00,A,2454.22833,N,06708.27293,E,0.005,,050525,,,R,V*02
$GNVTG,,T,,M,0.005,N,0.009,K,D*34
$GNGGA,142038.00,2454.22833,N,06708.27293,E,4,12,0.67,21.9,M,-44.2,M,1.0,0290*73
$GNGSA,A,3,08,10,18,23,27,28,32,31,02,,,,1.46,0.67,1.30,1*0E
$GNGSA,A,3,87,66,86,72,65,88,,,,,,,1.46,0.67,1.30,2*05
$GNGSA,A,3,05,03,08,15,34,,,,,,,,1.46,0.67,1.30,3*0E
$GNGSA,A,3,08,09,06,13,20,16,29,27,32,38,39,,1.46,0.67,1.30,4*0A
$GNGSA,A,3,04,,,,,,,,,,,,1.46,0.67,1.30,5*01
$GPGSV,3,1,12,02,23,321,42,08,23,281,43,10,48,028,46,18,19,139,36,1*6F
$GPGSV,3,2,12,23,24,074,39,27,32,240,37,28,41,163,44,31,20,185,41,1*6C
$GPGSV,3,3,12,32,71,342,50,36,34,246,37,40,59,208,46,41,56,146,46,1*61
$GPGSV,2,1,08,08,23,281,31,10,48,028,38,18,19,139,36,23,24,074,37,6*6B
$GPGSV,2,2,08,27,32,240,32,28,41,163,41,31,20,185,35,32,71,342,40,6*6A
$GPGSV,1,1,02,24,03,039,,49,17,257,,0*63
$GLGSV,3,1,09,65,45,305,47,66,16,257,39,72,31,020,45,74,11,077,36,1*7B
$GLGSV,3,2,09,75,10,126,40,86,21,161,45,87,66,182,49,88,44,323,49,1*7E
$GLGSV,3,3,09,,,,48,1*7D
$GLGSV,2,1,06,66,16,257,36,72,31,020,43,75,10,126,31,86,21,161,41,3*75
$GLGSV,2,2,06,88,44,323,45,,,,42,3*49
$GLGSV,1,1,01,73,00,037,,0*48
$GAGSV,2,1,06,03,69,010,43,05,20,040,38,08,50,242,42,13,15,323,38,2*71
$GAGSV,2,2,06,15,67,341,43,34,54,126,41,2*72
$GAGSV,2,1,06,03,69,010,46,05,20,040,37,08,50,242,43,13,15,323,37,7*70
$GAGSV,2,2,06,15,67,341,46,34,54,126,45,7*76
$GAGSV,1,1,02,07,01,228,,36,04,137,,0*7C
$GBGSV,2,1,08,08,31,068,39,13,44,053,43,20,48,305,46,27,18,163,41,1*77
$GBGSV,2,2,08,29,40,299,45,32,40,031,46,38,26,080,39,39,50,075,44,1*77
$GBGSV,2,1,05,06,53,103,39,08,31,068,37,09,52,127,40,13,44,053,39,B*0B
$GBGSV,2,2,05,16,51,089,40,B*36
$GBGSV,3,1,12,01,03,095,,02,58,140,,03,35,112,,05,62,201,,0*77
$GBGSV,3,2,12,07,01,156,,10,07,165,,19,13,266,,23,17,079,,0*74
$GBGSV,3,3,12,30,57,211,,59,08,095,,60,60,149,,61,35,113,,0*71
$GQGSV,1,1,02,04,20,069,37,07,19,104,34,1*67
$GQGSV,1,1,03,03,05,128,20,04,20,069,35,07,19,104,35,6*5D
$GNGLL,2454.22833,N,06708.27293,E,142038.00,A,D*75
$GNRMC,142039.00,A,2454.22833,N,06708.27293,E,0.005,,050525,,,R,V*03
$GNVTG,,T,,M,0.005,N,0.009,K,D*34
$GNGGA,142039.00,2454.22833,N,06708.27293,E,4,12,0.67,21.9,M,-44.2,M,1.0,0290*72
$GNGSA,A,3,08,10,18,23,27,28,32,31,02,,,,1.46,0.67,1.30,1*0E
$GNGSA,A,3,87,66,86,72,65,88,,,,,,,1.46,0.67,1.30,2*05
$GNGSA,A,3,05,03,08,15,34,,,,,,,,1.46,0.67,1.30,3*0E
$GNGSA,A,3,08,09,06,13,20,16,29,27,32,38,39,,1.46,0.67,1.30,4*0A
$GNGSA,A,3,04,,,,,,,,,,,,1.46,0.67,1.30,5*01
$GPGSV,3,1,12,02,23,321,42,08,23,281,42,10,48,028,46,18,19,139,36,1*6E
$GPGSV,3,2,12,23,24,074,39,27,32,240,37,28,41,163,43,31,20,185,41,1*6B
$GPGSV,3,3,12,32,71,342,50,36,34,246,36,40,59,208,46,41,56,146,46,1*60
$GPGSV,2,1,08,08,23,281,32,10,48,028,38,18,19,139,37,23,24,074,37,6*69
$GPGSV,2,2,08,27,32,240,32,28,41,163,41,31,20,185,35,32,71,342,40,6*6A
$GPGSV,1,1,02,24,03,039,,49,17,257,,0*63
$GLGSV,2,1,08,65,45,305,47,66,16,257,39,72,31,020,45,74,11,077,36,1*7B
$GLGSV,2,2,08,75,10,126,40,86,21,161,45,87,66,182,49,88,44,323,49,1*7E
$GLGSV,2,1,05,66,16,257,36,72,31,020,43,75,10,126,31,86,21,161,41,3*76
$GLGSV,2,2,05,88,44,323,45,3*4C
$GLGSV,1,1,01,73,00,037,,0*48
$GAGSV,2,1,06,03,69,010,43,05,20,040,38,08,50,242,42,13,15,323,38,2*71
$GAGSV,2,2,06,15,67,341,43,34,54,126,41,2*72
$GAGSV,2,1,06,03,69,010,46,05,20,040,37,08,50,242,43,13,15,323,37,7*70
$GAGSV,2,2,06,15,67,341,47,34,54,126,45,7*77
$GAGSV,1,1,02,07,01,228,,36,04,137,,0*7C
$GBGSV,2,1,08,08,31,068,39,13,44,053,43,20,48,305,46,27,18,163,41,1*77
$GBGSV,2,2,08,29,40,299,45,32,40,031,46,38,26,080,39,39,50,075,44,1*77
$GBGSV,2,1,05,06,53,103,39,08,31,068,38,09,52,127,40,13,44,053,39,B*04
$GBGSV,2,2,05,16,51,089,40,B*36
$GBGSV,3,1,12,01,03,095,,02,58,140,,03,35,112,,05,62,201,,0*77
$GBGSV,3,2,12,07,01,156,,10,07,165,,19,13,266,,23,17,079,,0*74
$GBGSV,3,3,12,30,57,211,,59,08,095,,60,60,149,,61,35,113,,0*71
$GQGSV,1,1,02,04,20,069,37,07,19,104,34,1*67
$GQGSV,1,1,03,03,05,128,19,04,20,069,35,07,19,104,35,6*57
$GNGLL,2454.22833,N,06708.27293,E,142039.00,A,D*74
$GNRMC,142040.00,A,2454.22833,N,06708.27293,E,0.005,,050525,,,R,V*0D
$GNVTG,,T,,M,0.005,N,0.010,K,D*3C
$GNGGA,142040.00,2454.22833,N,06708.27293,E,4,12,0.67,21.9,M,-44.2,M,1.0,0290*7C
$GNGSA,A,3,08,10,18,23,27,28,32,31,02,,,,1.46,0.67,1.30,1*0E
$GNGSA,A,3,87,66,86,72,65,88,,,,,,,1.46,0.67,1.30,2*05
$GNGSA,A,3,05,03,08,15,34,,,,,,,,1.46,0.67,1.30,3*0E
$GNGSA,A,3,08,09,06,13,20,16,29,27,32,38,39,,1.46,0.67,1.30,4*0A
$GNGSA,A,3,04,,,,,,,,,,,,1.46,0.67,1.30,5*01
$GPGSV,3,1,12,02,23,321,42,08,23,281,42,10,48,028,46,18,19,139,36,1*6E
$GPGSV,3,2,12,23,23,075,38,27,32,240,37,28,41,163,44,31,20,185,41,1*6B
$GPGSV,3,3,12,32,71,342,50,36,34,246,37,40,59,208,47,41,56,146,46,1*60
$GPGSV,2,1,08,08,23,281,31,10,48,028,38,18,19,139,36,23,23,075,37,6*6D
$GPGSV,2,2,08,27,32,240,32,28,41,163,41,31,20,185,35,32,71,342,40,6*6A
$GPGSV,1,1,02,24,03,039,,49,17,257,,0*63
$GLGSV,3,1,09,65,45,305,47,66,16,257,39,72,31,020,45,74,11,077,36,1*7B
$GLGSV,3,2,09,75,10,126,40,86,21,161,45,87,66,182,49,88,44,323,49,1*7E
$GLGSV,3,3,09,,,,47,1*72
$GLGSV,2,1,05,66,16,257,36,72,31,020,43,75,10,126,30,86,21,161,41,3*77
$GLGSV,2,2,05,88,44,323,45,3*4C
$GLGSV,1,1,01,73,00,037,,0*48
$GAGSV,2,1,06,03,69,010,43,05,20,040,38,08,50,242,42,13,15,323,38,2*71
$GAGSV,2,2,06,15,67,341,43,34,54,126,41,2*72
$GAGSV,2,1,06,03,69,010,47,05,20,040,37,08,50,242,43,13,15,323,37,7*71
$GAGSV,2,2,06,15,67,341,46,34,54,126,45,7*76
$GAGSV,1,1,02,07,01,228,,36,04,137,,0*7C
$GBGSV,2,1,08,08,31,068,39,13,44,053,43,20,48,305,46,27,18,163,41,1*77
$GBGSV,2,2,08,29,40,299,45,32,40,031,46,38,26,080,39,39,50,075,44,1*77
$GBGSV,2,1,05,06,53,103,40,08,31,068,38,09,52,127,40,13,44,053,39,B*0A
$GBGSV,2,2,05,16,51,089,40,B*36
$GBGSV,3,1,12,01,03,095,,02,58,140,,03,35,112,,05,62,201,,0*77
$GBGSV,3,2,12,07,01,156,,10,07,165,,19,13,266,,23,17,079,,0*74
$GBGSV,3,3,12,30,57,211,,59,08,095,,60,60,149,,61,35,113,,0*71
$GQGSV,1,1,02,04,20,069,37,07,19,104,34,1*67
$GQGSV,1,1,03,03,05,128,20,04,20,069,35,07,19,104,35,6*5D
$GNGLL,2454.22833,N,06708.27293,E,142040.00,A,D*7A
$GNRMC,142041.00,A,2454.22833,N,06708.27293,E,0.014,,050525,,,R,V*0C
$GNVTG,,T,,M,0.014,N,0.025,K,D*3A
$GNGGA,142041.00,2454.22833,N,06708.27293,E,4,12,0.62,21.9,M,-44.2,M,1.0,0290*78
$GNGSA,A,3,08,10,18,23,27,28,32,31,02,,,,1.33,0.62,1.18,1*03
$GNGSA,A,3,87,74,66,86,72,65,88,,,,,,1.33,0.62,1.18,2*0B
$GNGSA,A,3,03,08,15,34,,,,,,,,,1.33,0.62,1.18,3*06
$GNGSA,A,3,08,09,06,13,20,16,29,27,32,38,39,,1.33,0.62,1.18,4*07
$GNGSA,A,3,04,,,,,,,,,,,,1.33,0.62,1.18,5*0C
$GPGSV,3,1,12,02,23,321,42,08,23,281,42,10,48,028,46,18,19,139,36,1*6E
$GPGSV,3,2,12,23,23,075,38,27,32,240,37,28,41,163,43,31,20,185,41,1*6C
$GPGSV,3,3,12,32,71,342,50,36,34,246,37,40,59,208,47,41,56,146,46,1*60
$GPGSV,2,1,08,08,23,281,32,10,48,028,38,18,19,139,37,23,23,075,37,6*6F
$GPGSV,2,2,08,27,32,240,32,28,41,163,41,31,20,185,35,32,71,342,40,6*6A
$GPGSV,1,1,02,24,03,038,,49,17,257,,0*62
$GLGSV,3,1,09,65,45,305,47,66,16,257,39,72,31,020,45,74,11,077,36,1*7B
$GLGSV,3,2,09,75,10,126,40,86,21,161,45,87,66,182,49,88,44,323,49,1*7E
$GLGSV,3,3,09,,,,48,1*7D
$GLGSV,2,1,05,66,16,257,36,72,31,020,43,75,10,126,30,86,21,161,41,3*77
$GLGSV,2,2,05,88,44,323,45,3*4C
$GLGSV,1,1,01,73,00,037,,0*48
$GAGSV,2,1,06,03,69,010,43,05,20,040,38,08,50,242,42,13,15,323,38,2*71
$GAGSV,2,2,06,15,67,341,43,34,54,126,41,2*72
$GAGSV,2,1,06,03,69,010,46,05,20,040,37,08,50,242,43,13,15,323,37,7*70
$GAGSV,2,2,06,15,67,341,46,34,54,126,45,7*76
$GAGSV,1,1,02,07,01,228,,36,04,137,,0*7C
$GBGSV,2,1,08,08,31,068,39,13,44,053,43,20,48,305,46,27,18,163,41,1*77
$GBGSV,2,2,08,29,40,299,45,32,40,031,46,38,26,080,39,39,50,075,44,1*77
$GBGSV,2,1,05,06,53,103,40,08,31,068,38,09,52,127,40,13,44,053,39,B*0A
$GBGSV,2,2,05,16,51,089,40,B*36
$GBGSV,3,1,12,01,03,095,,02,58,140,,03,35,112,,05,62,201,,0*77
$GBGSV,3,2,12,07,01,156,,10,07,165,,19,13,266,,23,17,079,,0*74
$GBGSV,3,3,12,30,57,211,,59,08,095,,60,60,149,,61,35,113,,0*71
$GQGSV,1,1,02,04,20,069,37,07,19,104,34,1*67
$GQGSV,1,1,03,03,05,128,20,04,20,069,35,07,19,104,35,6*5D
$GNGLL,2454.22833,N,06708.27293,E,142041.00,A,D*7B
$GNRMC,142042.00,A,2454.22833,N,06708.27293,E,0.004,,050525,,,R,V*0E
$GNVTG,,T,,M,0.004,N,0.007,K,D*3B
$GNGGA,142042.00,2454.22833,N,06708.27293,E,4,12,0.62,21.9,M,-44.2,M,1.0,0290*7B
$GNGSA,A,3,08,10,18,23,27,28,32,31,02,,,,1.33,0.62,1.18,1*03
$GNGSA,A,3,87,74,66,86,72,65,88,,,,,,1.33,0.62,1.18,2*0B
$GNGSA,A,3,03,08,15,34,,,,,,,,,1.33,0.62,1.18,3*06
$GNGSA,A,3,08,09,06,13,20,16,29,27,32,38,39,,1.33,0.62,1.18,4*07
$GNGSA,A,3,04,,,,,,,,,,,,1.33,0.62,1.18,5*0C
$GPGSV,3,1,12,02,23,321,42,08,23,281,42,10,48,028,46,18,19,139,36,1*6E
$GPGSV,3,2,12,23,23,075,38,27,32,240,37,28,41,163,44,31,20,185,41,1*6B
$GPGSV,3,3,12,32,71,342,49,36,34,246,36,40,59,208,47,41,56,146,46,1*69
$GPGSV,2,1,08,08,23,281,32,10,48,028,38,18,19,139,37,23,23,075,38,6*60
$GPGSV,2,2,08,27,32,240,33,28,41,163,42,31,20,185,36,32,71,342,42,6*69
$GPGSV,1,1,02,24,03,038,,49,17,257,,0*62
$GLGSV,3,1,09,65,45,305,47,66,16,257,40,72,31,020,45,74,11,077,36,1*75
$GLGSV,3,2,09,75,10,126,40,86,21,161,45,87,66,182,49,88,44,323,49,1*7E
$GLGSV,3,3,09,,,,47,1*72
$GLGSV,2,1,05,66,16,257,36,72,31,020,43,75,10,126,31,86,21,161,41,3*76
$GLGSV,2,2,05,88,44,323,45,3*4C
$GLGSV,1,1,01,73,00,037,,0*48
$GAGSV,2,1,06,03,69,010,44,05,20,040,39,08,50,242,43,13,15,323,39,2*77
$GAGSV,2,2,06,15,67,341,44,34,54,126,42,2*76
$GAGSV,2,1,06,03,69,010,46,05,20,040,37,08,50,242,43,13,15,323,37,7*70
$GAGSV,2,2,06,15,67,341,46,34,54,126,45,7*76
$GAGSV,1,1,02,07,01,228,,36,04,137,,0*7C
$GBGSV,2,1,08,08,31,068,39,13,44,053,43,20,48,305,46,27,18,163,41,1*77
$GBGSV,2,2,08,29,40,299,45,32,40,031,46,38,26,080,39,39,50,075,44,1*77
$GBGSV,2,1,05,06,53,103,40,08,31,068,38,09,52,127,40,13,44,053,39,B*0A
$GBGSV,2,2,05,16,51,089,40,B*36
$GBGSV,3,1,12,01,03,095,,02,58,140,,03,35,112,,05,62,201,,0*77
$GBGSV,3,2,12,07,01,156,,10,07,165,,19,13,266,,23,17,079,,0*74
$GBGSV,3,3,12,30,57,211,,59,08,095,,60,60,149,,61,35,113,,0*71
$GQGSV,1,1,02,04,20,069,37,07,19,104,34,1*67
$GQGSV,1,1,03,03,05,128,20,04,20,069,36,07,19,104,36,6*5D
$GNGLL,2454.22833,N,06708.27293,E,142042.00,A,D*78
$GNRMC,142043.00,A,2454.22833,N,06708.27293,E,0.007,,050525,,,R,V*0C
$GNVTG,,T,,M,0.007,N,0.014,K,D*3A
$GNGGA,142043.00,2454.22833,N,06708.27293,E,4,12,0.62,21.9,M,-44.2,M,1.0,0290*7A
$GNGSA,A,3,08,10,18,23,27,28,32,31,02,,,,1.33,0.62,1.18,1*03
$GNGSA,A,3,87,74,66,86,72,65,88,,,,,,1.33,0.62,1.18,2*0B
$GNGSA,A,3,03,08,15,34,,,,,,,,,1.33,0.62,1.18,3*06
$GNGSA,A,3,08,09,06,13,20,16,29,27,32,38,39,,1.33,0.62,1.18,4*07
$GNGSA,A,3,04,,,,,,,,,,,,1.33,0.62,1.18,5*0C
$GPGSV,3,1,12,02,23,321,42,08,23,281,43,10,48,028,46,18,19,139,36,1*6F
$GPGSV,3,2,12,23,23,075,38,27,32,240,37,28,41,163,44,31,20,185,41,1*6B
$GPGSV,3,3,12,32,71,342,49,36,34,246,36,40,59,208,47,41,56,146,46,1*69
$GPGSV,2,1,08,08,23,281,33,10,48,028,39,18,19,139,38,23,23,075,38,6*6F
$GPGSV,2,2,08,27,32,240,33,28,41,163,42,31,20,185,36,32,71,342,42,6*69
$GPGSV,1,1,02,24,03,038,,49,17,257,,0*62
$GLGSV,3,1,09,65,45,305,47,66,16,257,40,72,31,020,45,74,11,077,35,1*76
$GLGSV,3,2,09,75,10,126,40,86,21,161,45,87,66,182,49,88,44,323,49,1*7E
$GLGSV,3,3,09,,,,47,1*72
$GLGSV,2,1,06,65,45,305,14,66,16,257,36,72,31,020,43,75,10,126,31,3*7A
$GLGSV,2,2,06,86,21,161,41,88,44,323,45,3*71
$GLGSV,1,1,01,73,00,037,,0*48
$GAGSV,2,1,06,03,69,010,43,05,20,040,39,08,50,242,43,13,15,323,39,2*70
$GAGSV,2,2,06,15,67,341,44,34,54,126,42,2*76
$GAGSV,2,1,06,03,69,010,46,05,20,040,37,08,50,242,42,13,15,323,37,7*71
$GAGSV,2,2,06,15,67,341,46,34,54,126,45,7*76
$GAGSV,1,1,02,07,01,228,,36,04,137,,0*7C
$GBGSV,2,1,08,08,31,068,39,13,44,053,43,20,48,305,46,27,18,163,41,1*77
$GBGSV,2,2,08,29,40,299,45,32,40,031,46,38,26,080,39,39,50,075,44,1*77
$GBGSV,2,1,05,06,53,103,40,08,31,068,38,09,52,127,40,13,44,053,39,B*0A
$GBGSV,2,2,05,16,51,089,40,B*36
$GBGSV,3,1,12,01,03,095,,02,58,140,,03,35,112,,05,62,201,,0*77
$GBGSV,3,2,12,07,01,156,,10,07,165,,19,13,266,,23,17,079,,0*74
$GBGSV,3,3,12,30,57,211,,59,08,095,,60,60,149,,61,35,113,,0*71
$GQGSV,1,1,02,04,20,069,37,07,19,104,34,1*67
$GQGSV,1,1,03,03,05,128,21,04,20,069,36,07,19,104,36,6*5C
$GNGLL,2454.22833,N,06708.27293,E,142043.00,A,D*79
$GNRMC,142044.00,A,2454.22833,N,06708.27293,E,0.009,,050525,,,R,V*05
$GNVTG,,T,,M,0.009,N,0.017,K,D*37
$GNGGA,142044.00,2454.22833,N,06708.27293,E,4,12,0.62,21.9,M,-44.2,M,1.0,0290*7D
$GNGSA,A,3,08,10,18,23,27,28,32,31,02,,,,1.33,0.62,1.18,1*03
$GNGSA,A,3,87,74,66,86,72,65,88,,,,,,1.33,0.62,1.18,2*0B
$GNGSA,A,3,03,08,15,34,,,,,,,,,1.33,0.62,1.18,3*06
$GNGSA,A,3,08,09,06,13,20,16,29,27,32,38,39,,1.33,0.62,1.18,4*07
$GNGSA,A,3,04,,,,,,,,,,,,1.33,0.62,1.18,5*0C
$GPGSV,3,1,12,02,23,321,41,08,23,281,42,10,48,028,46,18,19,139,36,1*6D
$GPGSV,3,2,12,23,23,075,38,27,32,239,37,28,41,163,44,31,20,185,41,1*65
$GPGSV,3,3,12,32,71,342,50,36,34,246,37,40,59,208,47,41,56,146,46,1*60
$GPGSV,2,1,08,08,23,281,32,10,48,028,39,18,19,139,38,23,23,075,38,6*6E
$GPGSV,2,2,08,27,32,239,34,28,41,163,42,31,20,185,36,32,71,342,41,6*63
$GPGSV,1,1,02,24,03,038,,49,17,257,,0*62
$GLGSV,3,1,09,65,45,305,47,66,16,257,40,72,31,020,45,74,11,077,36,1*75
$GLGSV,3,2,09,75,10,126,40,86,21,161,45,87,66,182,49,88,44,323,49,1*7E
$GLGSV,3,3,09,,,,47,1*72
$GLGSV,2,1,06,65,45,305,12,66,16,257,36,72,31,020,43,75,10,126,31,3*7C
$GLGSV,2,2,06,86,21,161,41,88,44,323,45,3*71
$GLGSV,1,1,01,73,00,037,,0*48
$GAGSV,2,1,06,03,69,010,43,05,20,040,39,08,50,242,43,13,15,323,39,2*70
$GAGSV,2,2,06,15,67,341,44,34,54,126,42,2*76
$GAGSV,2,1,06,03,69,010,46,05,20,040,37,08,50,242,43,13,15,323,37,7*70
$GAGSV,2,2,06,15,67,341,46,34,54,126,45,7*76
$GAGSV,1,1,02,07,01,228,,36,04,137,,0*7C
$GBGSV,2,1,08,08,31,068,39,13,44,053,43,20,48,305,46,27,18,163,41,1*77
$GBGSV,2,2,08,29,40,299,45,32,40,031,46,38,26,080,40,39,50,075,44,1*79
$GBGSV,2,1,05,06,53,103,40,08,31,068,38,09,52,127,40,13,44,053,39,B*0A
$GBGSV,2,2,05,16,51,089,40,B*36
$GBGSV,3,1,12,01,03,095,,02,58,140,,03,35,112,,05,62,201,,0*77
$GBGSV,3,2,12,07,01,156,,10,07,165,,19,13,266,,23,17,079,,0*74
$GBGSV,3,3,12,30,57,211,,59,08,095,,60,60,149,,61,35,113,,0*71
$GQGSV,1,1,02,04,20,069,37,07,19,104,34,1*67
$GQGSV,1,1,03,03,05,128,21,04,20,069,36,07,19,104,36,6*5C
$GNGLL,2454.22833,N,06708.27293,E,142044.00,A,D*7E
$GNRMC,142045.00,A,2454.22833,N,06708.27293,E,0.009,,050525,,,R,V*04
$GNVTG,,T,,M,0.009,N,0.016,K,D*36
$GNGGA,142045.00,2454.22833,N,06708.27293,E,4,12,0.62,21.9,M,-44.2,M,1.0,0290*7C
$GNGSA,A,3,08,10,18,23,27,28,32,31,02,,,,1.33,0.62,1.18,1*03
$GNGSA,A,3,87,74,66,86,72,65,88,,,,,,1.33,0.62,1.18,2*0B
$GNGSA,A,3,03,08,15,34,,,,,,,,,1.33,0.62,1.18,3*06
$GNGSA,A,3,08,09,06,13,20,16,29,27,32,38,39,,1.33,0.62,1.18,4*07
$GNGSA,A,3,04,,,,,,,,,,,,1.33,0.62,1.18,5*0C
$GPGSV,3,1,12,02,23,321,41,08,23,281,42,10,48,028,46,18,19,139,36,1*6D
$GPGSV,3,2,12,23,23,075,38,27,32,239,37,28,42,162,44,31,20,185,41,1*67
$GPGSV,3,3,12,32,71,342,50,36,34,246,36,40,59,208,47,41,56,146,46,1*61
$GPGSV,2,1,08,08,23,281,33,10,48,028,39,18,19,139,38,23,23,075,38,6*6F
$GPGSV,2,2,08,27,32,239,34,28,42,162,42,31,20,185,36,32,71,342,41,6*61
$GPGSV,1,1,02,24,03,038,,49,17,257,,0*62
$GLGSV,3,1,09,65,45,305,47,66,16,257,40,72,31,020,45,74,11,077,36,1*75
$GLGSV,3,2,09,75,10,126,41,86,21,161,45,87,66,182,49,88,44,323,49,1*7F
$GLGSV,3,3,09,,,,47,1*72
$GLGSV,2,1,06,65,45,305,10,66,16,257,36,72,31,020,43,75,10,126,31,3*7E
$GLGSV,2,2,06,86,21,161,41,88,44,323,45,3*71
$GLGSV,1,1,01,73,00,037,,0*48
$GAGSV,2,1,06,03,69,010,43,05,20,040,39,08,50,242,43,13,15,323,39,2*70
$GAGSV,2,2,06,15,67,341,44,34,54,126,42,2*76
$GAGSV,2,1,06,03,69,010,46,05,20,040,38,08,50,242,42,13,15,323,37,7*7E
$GAGSV,2,2,06,15,67,341,46,34,54,126,45,7*76
$GAGSV,1,1,02,07,01,228,,36,04,137,,0*7C
$GBGSV,2,1,08,08,31,068,39,13,44,053,43,20,48,305,46,27,18,163,41,1*77
$GBGSV,2,2,08,29,40,299,45,32,40,031,46,38,26,080,40,39,50,075,44,1*79
$GBGSV,2,1,05,06,53,103,40,08,31,068,38,09,52,127,40,13,44,053,39,B*0A
$GBGSV,2,2,05,16,51,089,40,B*36
$GBGSV,3,1,12,01,03,095,,02,58,140,,03,35,112,,05,62,201,,0*77
$GBGSV,3,2,12,07,01,156,,10,07,165,,19,13,266,,23,17,079,,0*74
$GBGSV,3,3,12,30,57,211,,59,08,095,,60,60,149,,61,35,113,,0*71
$GQGSV,1,1,02,04,20,069,37,07,19,104,34,1*67
$GQGSV,1,1,03,03,05,128,21,04,20,069,36,07,19,104,36,6*5C
$GNGLL,2454.22833,N,06708.27293,E,142045.00,A,D*7F
$GNRMC,142046.00,A,2454.22833,N,06708.27292,E,0.006,,050525,,,R,V*09
$GNVTG,,T,,M,0.006,N,0.011,K,D*3E
$GNGGA,142046.00,2454.22833,N,06708.27292,E,4,12,0.62,21.9,M,-44.2,M,1.0,0290*7E
$GNGSA,A,3,08,10,18,23,27,28,32,31,02,,,,1.33,0.62,1.18,1*03
$GNGSA,A,3,87,74,66,86,72,65,88,,,,,,1.33,0.62,1.18,2*0B
$GNGSA,A,3,03,08,15,34,,,,,,,,,1.33,0.62,1.18,3*06
$GNGSA,A,3,08,09,06,13,20,16,29,27,32,38,39,,1.33,0.62,1.18,4*07
$GNGSA,A,3,04,,,,,,,,,,,,1.33,0.62,1.18,5*0C
$GPGSV,3,1,12,02,23,321,42,08,23,281,42,10,48,028,46,18,19,139,36,1*6E
$GPGSV,3,2,12,23,23,075,38,27,32,239,37,28,42,162,44,31,20,185,41,1*67
$GPGSV,3,3,12,32,71,342,50,36,34,246,36,40,59,208,47,41,56,146,46,1*61
$GPGSV,2,1,08,08,23,281,33,10,48,028,39,18,19,139,38,23,23,075,38,6*6F
$GPGSV,2,2,08,27,32,239,34,28,42,162,42,31,20,185,36,32,71,342,41,6*61
$GPGSV,1,1,02,24,03,038,,49,17,257,,0*62
$GLGSV,3,1,09,65,45,305,46,66,16,257,41,72,31,020,45,74,11,077,35,1*76
$GLGSV,3,2,09,75,10,126,41,86,21,161,45,87,66,182,49,88,44,323,49,1*7F
$GLGSV,3,3,09,,,,47,1*72
$GLGSV,2,1,06,65,45,305,11,66,16,257,36,72,31,020,43,75,10,126,31,3*7F
$GLGSV,2,2,06,86,21,161,41,88,44,323,45,3*71
$GLGSV,1,1,01,73,00,037,,0*48
$GAGSV,2,1,06,03,69,010,43,05,20,040,38,08,50,242,43,13,15,323,38,2*70
$GAGSV,2,2,06,15,67,341,43,34,54,126,42,2*71
$GAGSV,2,1,06,03,69,010,47,05,20,040,37,08,50,242,42,13,15,323,37,7*70
$GAGSV,2,2,06,15,67,341,46,34,54,126,45,7*76
$GAGSV,1,1,02,07,01,228,,36,04,137,,0*7C
$GBGSV,2,1,08,08,31,068,39,13,44,053,43,20,48,305,46,27,18,163,41,1*77
$GBGSV,2,2,08,29,40,299,45,32,40,031,46,38,26,080,40,39,50,075,44,1*79
$GBGSV,2,1,05,06,53,103,39,08,31,068,38,09,52,127,40,13,44,053,39,B*04
$GBGSV,2,2,05,16,51,089,40,B*36
$GBGSV,3,1,12,01,03,095,,02,58,140,,03,35,112,,05,62,201,,0*77
$GBGSV,3,2,12,07,01,156,,10,07,165,,19,13,266,,23,17,079,,0*74
$GBGSV,3,3,12,30,57,211,,59,08,095,,60,60,149,,61,35,113,,0*71
$GQGSV,1,1,03,03,05,128,27,04,20,069,37,07,19,104,34,1*5E
$GQGSV,1,1,03,03,05,128,21,04,20,069,36,07,19,104,36,6*5C
$GNGLL,2454.22833,N,06708.27292,E,142046.00,A,D*7D
$GNRMC,142047.00,A,2454.22833,N,06708.27293,E,0.007,,050525,,,R,V*08
$GNVTG,,T,,M,0.007,N,0.013,K,D*3D
$GNGGA,142047.00,2454.22833,N,06708.27293,E,4,12,0.62,21.9,M,-44.2,M,1.0,0290*7E
$GNGSA,A,3,08,10,18,23,27,28,32,31,02,,,,1.33,0.62,1.18,1*03
$GNGSA,A,3,87,74,66,86,72,65,88,,,,,,1.33,0.62,1.18,2*0B
$GNGSA,A,3,03,08,15,34,,,,,,,,,1.33,0.62,1.18,3*06
$GNGSA,A,3,08,09,06,13,20,16,29,27,32,38,39,,1.33,0.62,1.18,4*07
$GNGSA,A,3,04,,,,,,,,,,,,1.33,0.62,1.18,5*0C
$GPGSV,3,1,12,02,23,321,42,08,23,281,42,10,48,028,46,18,19,139,36,1*6E
$GPGSV,3,2,12,23,23,075,38,27,32,239,37,28,42,162,44,31,20,185,42,1*64
$GPGSV,3,3,12,32,71,342,50,36,34,246,36,40,59,208,47,41,56,146,46,1*61
$GPGSV,2,1,08,08,23,281,32,10,48,028,39,18,19,139,38,23,23,075,38,6*6E
$GPGSV,2,2,08,27,32,239,34,28,42,162,42,31,20,185,36,32,71,342,41,6*61
$GPGSV,1,1,02,24,03,038,,49,17,257,,0*62
$GLGSV,3,1,09,65,45,305,46,66,16,257,41,72,31,020,45,74,11,077,35,1*76
$GLGSV,3,2,09,75,10,126,41,86,21,161,45,87,66,182,49,88,44,323,49,1*7F
$GLGSV,3,3,09,,,,47,1*72
$GLGSV,2,1,06,65,45,305,10,66,16,257,36,72,31,020,43,75,10,126,31,3*7E
$GLGSV,2,2,06,86,21,161,41,88,44,323,45,3*71
$GLGSV,1,1,01,73,00,037,,0*48
$GAGSV,2,1,06,03,69,010,43,05,20,040,38,08,50,242,42,13,15,323,38,2*71
$GAGSV,2,2,06,15,67,341,43,34,54,126,41,2*72
$GAGSV,2,1,06,03,69,010,47,05,20,040,38,08,50,242,43,13,15,323,37,7*7E
$GAGSV,2,2,06,15,67,341,46,34,54,126,45,7*76
$GAGSV,1,1,02,07,01,228,,36,04,137,,0*7C
$GBGSV,2,1,08,08,31,068,39,13,44,053,43,20,48,305,46,27,18,163,41,1*77
$GBGSV,2,2,08,29,40,299,45,32,40,031,46,38,26,080,40,39,50,075,45,1*78
$GBGSV,2,1,05,06,53,103,39,08,31,068,38,09,52,127,40,13,44,053,39,B*04
$GBGSV,2,2,05,16,51,089,40,B*36
$GBGSV,3,1,12,01,03,095,,02,58,140,,03,35,112,,05,62,201,,0*77
$GBGSV,3,2,12,07,01,156,,10,07,165,,19,13,266,,23,17,079,,0*74
$GBGSV,3,3,12,30,57,211,,59,08,095,,60,60,149,,61,35,113,,0*71
$GQGSV,1,1,03,03,05,128,24,04,20,069,37,07,19,104,34,1*5D
$GQGSV,1,1,03,03,05,128,21,04,20,069,36,07,19,104,36,6*5C
$GNGLL,2454.22833,N,06708.27293,E,142047.00,A,D*7D
$GNRMC,142048.00,A,2454.22833,N,06708.27293,E,0.001,,050525,,,R,V*01
$GNVTG,,T,,M,0.001,N,0.002,K,D*3B
$GNGGA,142048.00,2454.22833,N,06708.27293,E,4,12,0.62,21.9,M,-44.2,M,1.0,0290*71
$GNGSA,A,3,08,10,18,23,27,28,32,31,02,,,,1.33,0.62,1.18,1*03
$GNGSA,A,3,87,74,66,86,72,65,88,,,,,,1.33,0.62,1.18,2*0B
$GNGSA,A,3,03,08,15,34,,,,,,,,,1.33,0.62,1.18,3*06
$GNGSA,A,3,08,09,06,13,20,16,29,27,32,38,39,,1.33,0.62,1.18,4*07
$GNGSA,A,3,04,,,,,,,,,,,,1.33,0.62,1.18,5*0C
$GPGSV,3,1,12,02,23,321,41,08,23,281,42,10,48,028,46,18,19,139,36,1*6D
$GPGSV,3,2,12,23,23,075,38,27,32,239,37,28,42,162,44,31,20,184,41,1*66
$GPGSV,3,3,12,32,71,342,50,36,34,246,36,40,59,208,46,41,56,146,46,1*60
$GPGSV,2,1,08,08,23,281,32,10,48,028,39,18,19,139,38,23,23,075,38,6*6E
$GPGSV,2,2,08,27,32,239,34,28,42,162,42,31,20,184,36,32,71,342,41,6*60
$GPGSV,1,1,02,24,03,038,,49,17,257,,0*62
$GLGSV,3,1,09,65,45,305,46,66,16,257,41,72,31,020,45,74,11,077,35,1*76
$GLGSV,3,2,09,75,10,126,41,86,21,161,45,87,66,182,49,88,44,323,49,1*7F
$GLGSV,3,3,09,,,,47,1*72
$GLGSV,2,1,06,65,45,305,08,66,16,257,36,72,31,020,43,75,10,126,31,3*77
$GLGSV,2,2,06,86,21,161,41,88,44,323,45,3*71
$GLGSV,1,1,01,73,00,037,,0*48
$GAGSV,2,1,06,03,69,010,43,05,20,040,38,08,50,242,43,13,15,323,38,2*70
$GAGSV,2,2,06,15,67,341,44,34,54,126,42,2*76
$GAGSV,2,1,06,03,69,010,47,05,20,040,38,08,50,242,43,13,15,323,37,7*7E
$GAGSV,2,2,06,15,67,341,46,34,54,126,45,7*76
$GAGSV,1,1,02,07,01,228,,36,04,137,,0*7C
$GBGSV,2,1,08,08,31,068,39,13,44,053,43,20,48,305,46,27,18,163,41,1*77
$GBGSV,2,2,08,29,40,299,45,32,40,031,46,38,26,080,40,39,50,075,45,1*78
$GBGSV,2,1,05,06,53,103,40,08,31,068,38,09,52,127,40,13,44,053,39,B*0A
$GBGSV,2,2,05,16,51,089,40,B*36
$GBGSV,3,1,12,01,03,095,,02,58,140,,03,35,112,,05,62,201,,0*77
$GBGSV,3,2,12,07,01,156,,10,07,165,,19,13,266,,23,17,079,,0*74
$GBGSV,3,3,12,30,57,211,,59,08,095,,60,60,149,,61,35,113,,0*71
$GQGSV,1,1,02,04,20,069,37,07,19,104,34,1*67
$GQGSV,1,1,03,03,05,128,21,04,20,069,36,07,19,104,36,6*5C
$GNGLL,2454.22833,N,06708.27293,E,142048.00,A,D*72
$GNRMC,142049.00,A,2454.22833,N,06708.27293,E,0.010,,050525,,,R,V*00
$GNVTG,,T,,M,0.010,N,0.019,K,D*31
$GNGGA,142049.00,2454.22833,N,06708.27293,E,4,12,0.62,21.9,M,-44.2,M,1.0,0290*70
$GNGSA,A,3,08,10,18,23,27,28,32,31,02,,,,1.33,0.62,1.18,1*03
$GNGSA,A,3,87,74,66,86,72,65,88,,,,,,1.33,0.62,1.18,2*0B
$GNGSA,A,3,03,08,15,34,,,,,,,,,1.33,0.62,1.18,3*06
$GNGSA,A,3,08,09,06,13,20,16,29,27,32,38,39,,1.33,0.62,1.18,4*07
$GNGSA,A,3,04,,,,,,,,,,,,1.33,0.62,1.18,5*0C
$GPGSV,3,1,12,02,23,321,41,08,23,281,42,10,48,028,46,18,19,139,36,1*6D
$GPGSV,3,2,12,23,23,075,38,27,32,239,37,28,42,162,44,31,20,184,42,1*65
$GPGSV,3,3,12,32,70,344,49,36,34,246,36,40,59,208,46,41,56,146,46,1*6F
$GPGSV,2,1,08,08,23,281,32,10,48,028,38,18,19,139,37,23,23,075,37,6*6F
$GPGSV,2,2,08,27,32,239,33,28,42,162,42,31,20,184,36,32,70,344,41,6*60
$GPGSV,1,1,02,24,03,038,,49,17,257,,0*62
$GLGSV,3,1,09,65,45,305,46,66,16,257,41,72,31,020,45,74,11,077,36,1*75
$GLGSV,3,2,09,75,10,126,40,86,21,161,45,87,66,182,49,88,44,323,49,1*7E
$GLGSV,3,3,09,,,,47,1*72
$GLGSV,2,1,06,65,45,305,08,66,16,257,36,72,31,020,43,75,10,126,31,3*77
$GLGSV,2,2,06,86,21,161,41,88,44,323,45,3*71
$GLGSV,1,1,01,73,00,037,,0*48
$GAGSV,2,1,06,03,68,011,42,05,19,040,38,08,50,242,42,13,15,323,38,2*7A
$GAGSV,2,2,06,15,68,341,43,34,54,126,41,2*7D
$GAGSV,2,1,06,03,68,011,46,05,19,040,37,08,50,242,42,13,15,323,37,7*7B
$GAGSV,2,2,06,15,68,341,46,34,54,126,45,7*79
$GAGSV,1,1,02,07,01,228,,36,04,137,,0*7C
$GBGSV,2,1,08,08,31,068,39,13,44,053,43,20,48,305,46,27,18,163,41,1*77
$GBGSV,2,2,08,29,40,299,45,32,40,031,46,38,26,080,40,39,50,075,44,1*79
$GBGSV,2,1,05,06,53,103,39,08,31,068,38,09,52,127,40,13,44,053,39,B*04
$GBGSV,2,2,05,16,51,089,40,B*36
$GBGSV,3,1,12,01,03,095,,02,58,140,,03,35,112,,05,62,201,,0*77
$GBGSV,3,2,12,07,01,156,,10,07,165,,19,13,266,,23,17,079,,0*74
$GBGSV,3,3,12,30,57,211,,59,08,095,,60,60,149,,61,35,113,,0*71
$GQGSV,1,1,02,04,20,069,37,07,19,104,34,1*67
$GQGSV,1,1,03,03,05,128,20,04,20,069,35,07,19,104,35,6*5D
$GNGLL,2454.22833,N,06708.27293,E,142049.00,A,D*73
$GNRMC,142050.00,A,2454.22833,N,06708.27293,E,0.007,,050525,,,R,V*0E
$GNVTG,,T,,M,0.007,N,0.013,K,D*3D
$GNGGA,142050.00,2454.22833,N,06708.27293,E,4,12,0.62,21.9,M,-44.2,M,1.0,0290*78
$GNGSA,A,3,08,10,18,23,27,28,32,31,02,,,,1.33,0.62,1.18,1*03
$GNGSA,A,3,87,74,66,86,72,65,88,,,,,,1.33,0.62,1.18,2*0B
$GNGSA,A,3,03,08,15,34,,,,,,,,,1.33,0.62,1.18,3*06
$GNGSA,A,3,08,09,06,13,20,16,29,27,32,38,39,,1.33,0.62,1.18,4*07
$GNGSA,A,3,04,,,,,,,,,,,,1.33,0.62,1.18,5*0C
$GPGSV,3,1,12,02,23,321,41,08,23,281,42,10,48,028,46,18,19,139,36,1*6D
$GPGSV,3,2,12,23,23,075,38,27,32,239,37,28,42,162,44,31,20,184,42,1*65
$GPGSV,3,3,12,32,70,344,49,36,34,246,37,40,59,208,47,41,56,146,46,1*6F
$GPGSV,2,1,08,08,23,281,32,10,48,028,38,18,19,139,37,23,23,075,37,6*6F
$GPGSV,2,2,08,27,32,239,33,28,42,162,41,31,20,184,35,32,70,344,41,6*60
$GPGSV,1,1,02,24,03,038,,49,17,257,,0*62
$GLGSV,3,1,09,65,45,305,47,66,16,257,41,72,31,020,45,74,11,077,36,1*74
$GLGSV,3,2,09,75,10,126,41,86,21,161,45,87,66,182,49,88,44,323,49,1*7F
$GLGSV,3,3,09,,,,47,1*72
$GLGSV,2,1,06,65,45,305,08,66,16,257,36,72,31,020,43,75,10,126,32,3*74
$GLGSV,2,2,06,86,21,161,41,88,44,323,45,3*71
$GLGSV,1,1,01,73,00,037,,0*48
$GAGSV,2,1,06,03,68,011,43,05,19,040,38,08,50,242,42,13,15,323,38,2*7B
$GAGSV,2,2,06,15,68,341,43,34,54,126,41,2*7D
$GAGSV,2,1,06,03,68,011,46,05,19,040,37,08,50,242,43,13,15,323,37,7*7A
$GAGSV,2,2,06,15,68,341,46,34,54,126,45,7*79
$GAGSV,1,1,02,07,01,228,,36,04,137,,0*7C
$GBGSV,2,1,08,08,31,068,39,13,44,053,43,20,48,305,46,27,18,163,40,1*76
$GBGSV,2,2,08,29,40,299,45,32,40,031,46,38,26,080,40,39,50,075,44,1*79
$GBGSV,2,1,05,06,53,103,39,08,31,068,38,09,52,127,40,13,44,053,39,B*04
$GBGSV,2,2,05,16,51,089,40,B*36
$GBGSV,3,1,12,01,03,095,,02,58,140,,03,35,112,,05,62,201,,0*77
$GBGSV,3,2,12,07,01,156,,10,07,165,,19,13,266,,23,17,079,,0*74
$GBGSV,3,3,12,30,57,211,,59,08,095,,60,60,149,,61,35,113,,0*71
$GQGSV,1,1,02,04,20,069,37,07,19,104,34,1*67
$GQGSV,1,1,03,03,05,128,21,04,20,069,35,07,19,104,35,6*5C
$GNGLL,2454.22833,N,06708.27293,E,142050.00,A,D*7B
$GNRMC,142051.00,A,2454.22833,N,06708.27293,E,0.012,,050525,,,R,V*0B
$GNVTG,,T,,M,0.012,N,0.022,K,D*3B
$GNGGA,142051.00,2454.22833,N,06708.27293,E,4,12,0.62,21.9,M,-44.2,M,1.0,0290*79
$GNGSA,A,3,08,10,18,23,27,28,32,31,02,,,,1.33,0.62,1.18,1*03
$GNGSA,A,3,87,74,66,86,72,65,88,,,,,,1.33,0.62,1.18,2*0B
$GNGSA,A,3,03,08,15,34,,,,,,,,,1.33,0.62,1.18,3*06
$GNGSA,A,3,08,09,06,13,20,16,29,27,32,38,39,,1.33,0.62,1.18,4*07
$GNGSA,A,3,04,,,,,,,,,,,,1.33,0.62,1.18,5*0C
$GPGSV,3,1,12,02,23,321,42,08,23,281,42,10,48,028,46,18,19,139,36,1*6E
$GPGSV,3,2,12,23,23,075,38,27,32,239,38,28,42,162,44,31,20,184,42,1*6A
$GPGSV,3,3,12,32,70,344,49,36,34,246,36,40,59,208,46,41,56,146,46,1*6F
$GPGSV,2,1,08,08,23,281,32,10,48,028,38,18,19,139,37,23,23,075,37,6*6F
$GPGSV,2,2,08,27,32,239,33,28,42,162,41,31,20,184,36,32,70,344,41,6*63
$GPGSV,1,1,02,24,03,038,,49,17,257,,0*62
$GLGSV,3,1,09,65,45,305,47,66,16,257,41,72,31,020,44,74,11,077,35,1*76
$GLGSV,3,2,09,75,10,126,41,86,21,161,45,87,66,182,49,88,44,323,49,1*7F
$GLGSV,3,3,09,,,,47,1*72
$GLGSV,2,1,06,65,45,305,08,66,16,257,36,72,31,020,43,75,10,126,31,3*77
$GLGSV,2,2,06,86,21,161,41,88,44,323,45,3*71
$GLGSV,1,1,01,73,00,037,,0*48
$GAGSV,2,1,06,03,68,011,43,05,19,040,38,08,50,242,42,13,15,323,38,2*7B
$GAGSV,2,2,06,15,68,341,43,34,54,126,41,2*7D
$GAGSV,2,1,06,03,68,011,46,05,19,040,37,08,50,242,43,13,15,323,37,7*7A
$GAGSV,2,2,06,15,68,341,46,34,54,126,45,7*79
$GAGSV,1,1,02,07,01,228,,36,04,137,,0*7C
$GBGSV,2,1,08,08,31,068,39,13,44,053,43,20,48,305,46,27,18,163,41,1*77
$GBGSV,2,2,08,29,40,299,45,32,40,031,46,38,26,080,40,39,50,075,44,1*79
$GBGSV,2,1,05,06,53,103,39,08,31,068,38,09,52,127,40,13,44,053,39,B*04
$GBGSV,2,2,05,16,51,089,40,B*36
$GBGSV,3,1,12,01,03,095,,02,58,140,,03,35,112,,05,62,201,,0*77
$GBGSV,3,2,12,07,01,156,,10,07,165,,19,13,266,,23,17,079,,0*74
$GBGSV,3,3,12,30,57,211,,59,08,095,,60,60,149,,61,35,113,,0*71
$GQGSV,1,1,02,04,20,069,37,07,19,104,34,1*67
$GQGSV,1,1,03,03,05,128,21,04,20,069,35,07,19,104,35,6*5C
$GNGLL,2454.22833,N,06708.27293,E,142051.00,A,D*7A
$GNRMC,142052.00,A,2454.22833,N,06708.27293,E,0.013,,050525,,,R,V*09
$GNVTG,,T,,M,0.013,N,0.023,K,D*3B
$GNGGA,142052.00,2454.22833,N,06708.27293,E,4,12,0.62,21.9,M,-44.2,M,1.0,0290*7A
$GNGSA,A,3,08,10,18,23,27,28,32,31,02,,,,1.33,0.62,1.18,1*03
$GNGSA,A,3,87,74,66,86,72,65,88,,,,,,1.33,0.62,1.18,2*0B
$GNGSA,A,3,03,08,15,34,,,,,,,,,1.33,0.62,1.18,3*06
$GNGSA,A,3,08,09,06,13,20,16,29,27,32,38,39,,1.33,0.62,1.18,4*07
$GNGSA,A,3,04,,,,,,,,,,,,1.33,0.62,1.18,5*0C
$GPGSV,3,1,12,02,23,321,42,08,23,281,42,10,48,028,46,18,19,139,36,1*6E
$GPGSV,3,2,12,23,23,075,38,27,32,239,38,28,42,162,44,31,20,184,42,1*6A
$GPGSV,3,3,12,32,70,344,49,36,34,246,36,40,59,208,46,41,56,146,46,1*6F
$GPGSV,2,1,08,08,23,281,31,10,48,028,38,18,19,139,37,23,23,075,37,6*6C
$GPGSV,2,2,08,27,32,239,33,28,42,162,41,31,20,184,36,32,70,344,41,6*63
$GPGSV,1,1,02,24,03,038,,49,17,257,,0*62
$GLGSV,3,1,09,65,45,305,47,66,16,257,41,72,31,020,44,74,11,077,35,1*76
$GLGSV,3,2,09,75,10,126,40,86,21,161,45,87,66,182,49,88,44,323,48,1*7F
$GLGSV,3,3,09,,,,47,1*72
$GLGSV,2,1,06,65,45,305,08,66,16,257,37,72,31,020,43,75,10,126,32,3*75
$GLGSV,2,2,06,86,21,161,41,88,44,323,45,3*71
$GLGSV,1,1,01,73,00,037,,0*48
$GAGSV,2,1,06,03,68,011,43,05,19,040,38,08,50,242,42,13,15,323,38,2*7B
$GAGSV,2,2,06,15,68,341,43,34,54,126,41,2*7D
$GAGSV,2,1,06,03,68,011,46,05,19,040,37,08,50,242,43,13,15,323,37,7*7A
$GAGSV,2,2,06,15,68,341,46,34,54,126,45,7*79
$GAGSV,1,1,02,07,01,228,,36,04,137,,0*7C
$GBGSV,2,1,08,08,31,068,39,13,44,053,43,20,48,305,46,27,18,163,40,1*76
$GBGSV,2,2,08,29,40,299,45,32,40,031,46,38,26,080,40,39,50,075,44,1*79
$GBGSV,2,1,06,06,53,103,39,08,31,068,38,09,52,127,40,13,44,053,39,B*07
$GBGSV,2,2,06,16,51,089,40,20,48,305,15,B*09
$GBGSV,3,1,12,01,03,095,,02,58,140,,03,35,112,,05,62,201,,0*77
$GBGSV,3,2,12,07,01,156,,10,07,165,,19,13,266,,23,17,079,,0*74
$GBGSV,3,3,12,30,57,211,,59,08,095,,60,60,149,,61,35,113,,0*71
$GQGSV,1,1,02,04,20,069,37,07,19,104,34,1*67
$GQGSV,1,1,03,03,05,128,21,04,20,069,35,07,19,104,35,6*5C
$GNGLL,2454.22833,N,06708.27293,E,142052.00,A,D*79
$GNRMC,142053.00,A,2454.22833,N,06708.27293,E,0.018,,050525,,,R,V*03
$GNVTG,,T,,M,0.018,N,0.033,K,D*31
$GNGGA,142053.00,2454.22833,N,06708.27293,E,4,12,0.62,21.9,M,-44.2,M,1.0,0290*7B
$GNGSA,A,3,08,10,18,23,27,28,32,31,02,,,,1.33,0.62,1.18,1*03
$GNGSA,A,3,87,74,66,86,72,65,88,,,,,,1.33,0.62,1.18,2*0B
$GNGSA,A,3,03,08,15,34,,,,,,,,,1.33,0.62,1.18,3*06
$GNGSA,A,3,08,09,06,13,20,16,29,27,32,38,39,,1.33,0.62,1.18,4*07
$GNGSA,A,3,04,,,,,,,,,,,,1.33,0.62,1.18,5*0C
$GPGSV,3,1,12,02,23,321,42,08,23,281,42,10,48,028,46,18,19,139,36,1*6E
$GPGSV,3,2,12,23,23,075,38,27,32,239,38,28,42,162,44,31,20,184,42,1*6A
$GPGSV,3,3,12,32,70,344,49,36,34,246,36,40,59,208,46,41,56,146,46,1*6F
$GPGSV,2,1,08,08,23,281,32,10,48,028,38,18,19,139,37,23,23,075,37,6*6F
$GPGSV,2,2,08,27,32,239,33,28,42,162,42,31,20,184,36,32,70,344,41,6*60
$GPGSV,1,1,02,24,03,038,,49,17,257,,0*62
$GLGSV,3,1,09,65,45,305,47,66,16,257,41,72,31,020,44,74,11,077,35,1*76
$GLGSV,3,2,09,75,10,126,40,86,21,161,45,87,66,182,49,88,44,323,48,1*7F
$GLGSV,3,3,09,,,,47,1*72
$GLGSV,2,1,07,65,45,305,07,66,16,257,37,72,31,020,43,75,10,126,32,3*7B
$GLGSV,2,2,07,86,21,161,41,88,44,323,45,,,,40,3*74
$GLGSV,1,1,01,73,00,037,,0*48
$GAGSV,2,1,06,03,68,011,43,05,19,040,38,08,50,242,42,13,15,323,38,2*7B
$GAGSV,2,2,06,15,68,341,43,34,54,126,41,2*7D
$GAGSV,2,1,06,03,68,011,46,05,19,040,38,08,50,242,43,13,15,323,37,7*75
$GAGSV,2,2,06,15,68,341,46,34,54,126,45,7*79
$GAGSV,1,1,02,07,01,228,,36,04,137,,0*7C
$GBGSV,2,1,08,08,31,068,39,13,44,053,43,20,48,305,46,27,18,163,41,1*77
$GBGSV,2,2,08,29,40,299,45,32,40,031,46,38,26,080,40,39,50,075,44,1*79
$GBGSV,2,1,06,06,53,103,39,08,31,068,38,09,52,127,40,13,44,053,39,B*07
$GBGSV,2,2,06,16,51,089,40,20,48,305,11,B*0D
$GBGSV,3,1,12,01,03,095,,02,58,140,,03,35,112,,05,62,201,,0*77
$GBGSV,3,2,12,07,01,156,,10,07,165,,19,13,266,,23,17,079,,0*74
$GBGSV,3,3,12,30,57,211,,59,08,095,,60,60,149,,61,35,113,,0*71
$GQGSV,1,1,02,04,20,069,37,07,19,104,34,1*67
$GQGSV,1,1,03,03,05,128,21,04,20,069,35,07,19,104,35,6*5C
$GNGLL,2454.22833,N,06708.27293,E,142053.00,A,D*78
$GNRMC,142054.00,A,2454.22833,N,06708.27293,E,0.008,,050525,,,R,V*05
$GNVTG,,T,,M,0.008,N,0.016,K,D*37
$GNGGA,142054.00,2454.22833,N,06708.27293,E,4,12,0.62,21.9,M,-44.2,M,1.0,0290*7C
$GNGSA,A,3,08,10,18,23,27,28,32,31,02,,,,1.33,0.62,1.18,1*03
$GNGSA,A,3,87,74,66,86,72,65,88,,,,,,1.33,0.62,1.18,2*0B
$GNGSA,A,3,03,08,15,34,,,,,,,,,1.33,0.62,1.18,3*06
$GNGSA,A,3,08,09,06,13,20,16,29,27,32,38,39,,1.33,0.62,1.18,4*07
$GNGSA,A,3,04,,,,,,,,,,,,1.33,0.62,1.18,5*0C
$GPGSV,3,1,12,02,23,321,41,08,23,281,42,10,48,028,46,18,19,139,36,1*6D
$GPGSV,3,2,12,23,23,075,38,27,32,239,38,28,42,162,44,31,20,184,42,1*6A
$GPGSV,3,3,12,32,70,344,49,36,34,246,36,40,59,208,46,41,56,146,46,1*6F
$GPGSV,2,1,08,08,23,281,32,10,48,028,38,18,19,139,37,23,23,075,37,6*6F
$GPGSV,2,2,08,27,32,239,33,28,42,162,41,31,20,184,36,32,70,344,41,6*63
$GPGSV,1,1,02,24,03,038,,49,17,257,,0*62
$GLGSV,3,1,09,65,45,305,47,66,16,257,41,72,31,020,44,74,11,077,35,1*76
$GLGSV,3,2,09,75,10,126,41,86,21,161,45,87,66,182,49,88,44,323,48,1*7E
$GLGSV,3,3,09,,,,47,1*72
$GLGSV,2,1,07,65,45,305,07,66,16,257,37,72,31,020,43,75,10,126,32,3*7B
$GLGSV,2,2,07,86,21,161,41,88,44,323,45,,,,42,3*76
$GLGSV,1,1,01,73,00,037,,0*48
$GAGSV,2,1,06,03,68,011,43,05,19,040,38,08,50,242,42,13,15,323,38,2*7B
$GAGSV,2,2,06,15,68,341,43,34,54,126,41,2*7D
$GAGSV,2,1,06,03,68,011,46,05,19,040,38,08,50,242,43,13,15,323,37,7*75
$GAGSV,2,2,06,15,68,341,46,34,54,126,45,7*79
$GAGSV,1,1,02,07,01,228,,36,04,137,,0*7C
$GBGSV,2,1,08,08,31,068,39,13,44,053,43,20,48,305,46,27,18,163,41,1*77
$GBGSV,2,2,08,29,40,299,45,32,40,031,46,38,26,080,40,39,50,075,44,1*79
$GBGSV,2,1,06,06,53,103,39,08,31,068,38,09,52,127,40,13,44,053,39,B*07
$GBGSV,2,2,06,16,51,089,40,20,48,305,09,B*04
$GBGSV,3,1,12,01,03,095,,02,58,140,,03,35,112,,05,62,201,,0*77
$GBGSV,3,2,12,07,01,156,,10,07,165,,19,13,266,,23,17,079,,0*74
$GBGSV,3,3,12,30,57,211,,59,08,095,,60,60,149,,61,35,113,,0*71
$GQGSV,1,1,02,04,20,069,37,07,19,104,33,1*60
$GQGSV,1,1,03,03,05,128,20,04,20,069,35,07,19,104,35,6*5D
$GNGLL,2454.22833,N,06708.27293,E,142054.00,A,D*7F
$GNRMC,142055.00,A,2454.22833,N,06708.27293,E,0.008,,050525,,,R,V*04
$GNVTG,,T,,M,0.008,N,0.015,K,D*34
$GNGGA,142055.00,2454.22833,N,06708.27293,E,4,12,0.62,21.9,M,-44.2,M,1.0,0290*7D
$GNGSA,A,3,08,10,18,23,27,28,32,31,02,,,,1.33,0.62,1.18,1*03
$GNGSA,A,3,87,74,66,86,72,65,88,,,,,,1.33,0.62,1.18,2*0B
$GNGSA,A,3,03,08,15,34,,,,,,,,,1.33,0.62,1.18,3*06
$GNGSA,A,3,08,09,06,13,20,16,29,27,32,38,39,,1.33,0.62,1.18,4*07
$GNGSA,A,3,04,,,,,,,,,,,,1.33,0.62,1.18,5*0C
$GPGSV,3,1,12,02,23,321,41,08,23,281,42,10,48,028,46,18,19,139,36,1*6D
$GPGSV,3,2,12,23,23,075,38,27,32,239,38,28,42,162,44,31,20,184,42,1*6A
$GPGSV,3,3,12,32,70,344,49,36,34,246,36,40,59,208,46,41,56,146,46,1*6F
$GPGSV,2,1,08,08,23,281,32,10,48,028,38,18,19,139,37,23,23,075,37,6*6F
$GPGSV,2,2,08,27,32,239,32,28,42,162,41,31,20,184,36,32,70,344,41,6*62
$GPGSV,1,1,02,24,03,038,,49,17,257,,0*62
$GLGSV,3,1,09,65,45,305,47,66,16,257,41,72,31,020,44,74,11,077,35,1*76
$GLGSV,3,2,09,75,10,126,40,86,21,161,45,87,66,182,49,88,44,323,48,1*7F
$GLGSV,3,3,09,,,,47,1*72
$GLGSV,2,1,07,65,45,305,07,66,16,257,37,72,31,020,43,75,10,126,32,3*7B
$GLGSV,2,2,07,86,21,161,41,88,44,323,45,,,,42,3*76
$GLGSV,1,1,01,73,00,037,,0*48
$GAGSV,2,1,06,03,68,011,43,05,19,040,38,08,50,242,42,13,15,323,38,2*7B
$GAGSV,2,2,06,15,68,341,43,34,54,126,41,2*7D
$GAGSV,2,1,06,03,68,011,46,05,19,040,37,08,50,242,43,13,15,323,37,7*7A
$GAGSV,2,2,06,15,68,341,46,34,54,126,45,7*79
$GAGSV,1,1,02,07,01,228,,36,04,137,,0*7C
$GBGSV,2,1,08,08,31,068,39,13,44,053,43,20,48,305,46,27,18,163,40,1*76
$GBGSV,2,2,08,29,40,299,45,32,40,031,46,38,26,080,40,39,50,075,44,1*79
$GBGSV,2,1,06,06,53,103,40,08,31,068,38,09,52,127,40,13,44,053,39,B*09
$GBGSV,2,2,06,16,51,089,40,20,48,305,09,B*04
$GBGSV,3,1,12,01,03,095,,02,58,140,,03,35,112,,05,62,201,,0*77
$GBGSV,3,2,12,07,01,156,,10,07,165,,19,13,266,,23,17,079,,0*74
$GBGSV,3,3,12,30,57,211,,59,08,095,,60,60,149,,61,35,113,,0*71
$GQGSV,1,1,02,04,20,069,37,07,19,104,34,1*67
$GQGSV,1,1,03,03,05,128,20,04,20,069,35,07,19,104,35,6*5D
$GNGLL,2454.22833,N,06708.27293,E,142055.00,A,D*7E
$GNRMC,142056.00,A,2454.22833,N,06708.27293,E,0.005,,050525,,,R,V*0A
$GNVTG,,T,,M,0.005,N,0.010,K,D*3C
$GNGGA,142056.00,2454.22833,N,06708.27293,E,4,12,0.62,21.9,M,-44.2,M,1.0,0290*7E
$GNGSA,A,3,08,10,18,23,27,28,32,31,02,,,,1.33,0.62,1.18,1*03
$GNGSA,A,3,87,74,66,86,72,65,88,,,,,,1.33,0.62,1.18,2*0B
$GNGSA,A,3,03,08,15,34,,,,,,,,,1.33,0.62,1.18,3*06
$GNGSA,A,3,08,09,06,13,20,16,29,27,32,38,39,,1.33,0.62,1.18,4*07
$GNGSA,A,3,04,,,,,,,,,,,,1.33,0.62,1.18,5*0C
$GPGSV,3,1,12,02,23,321,41,08,23,281,42,10,48,028,46,18,19,139,36,1*6D
$GPGSV,3,2,12,23,23,075,39,27,32,239,38,28,42,162,44,31,20,184,42,1*6B
$GPGSV,3,3,12,32,70,344,49,36,34,246,36,40,59,208,47,41,56,146,46,1*6E
$GPGSV,2,1,08,08,23,281,32,10,48,028,38,18,19,139,37,23,23,075,37,6*6F
$GPGSV,2,2,08,27,32,239,32,28,42,162,41,31,20,184,36,32,70,344,41,6*62
$GPGSV,1,1,02,24,03,038,,49,17,257,,0*62
$GLGSV,3,1,09,65,45,305,47,66,16,257,41,72,31,020,44,74,11,077,35,1*76
$GLGSV,3,2,09,75,10,126,40,86,21,161,45,87,66,182,49,88,44,323,48,1*7F
$GLGSV,3,3,09,,,,47,1*72
$GLGSV,2,1,07,65,45,305,07,66,16,257,37,72,31,020,43,75,10,126,32,3*7B
$GLGSV,2,2,07,86,21,161,41,88,44,323,45,,,,42,3*76
$GLGSV,1,1,01,73,00,037,,0*48
$GAGSV,2,1,06,03,68,011,43,05,19,040,38,08,50,242,42,13,15,323,38,2*7B
$GAGSV,2,2,06,15,68,341,43,34,54,126,41,2*7D
$GAGSV,2,1,06,03,68,011,46,05,19,040,38,08,50,242,43,13,15,323,37,7*75
$GAGSV,2,2,06,15,68,341,46,34,54,126,46,7*7A
$GAGSV,1,1,02,07,01,228,,36,04,137,,0*7C
$GBGSV,2,1,08,08,31,068,39,13,44,053,43,20,48,305,46,27,18,163,41,1*77
$GBGSV,2,2,08,29,40,299,45,32,40,031,46,38,26,080,40,39,50,075,44,1*79
$GBGSV,2,1,06,06,53,103,39,08,31,068,38,09,52,127,40,13,44,053,39,B*07
$GBGSV,2,2,06,16,51,089,40,20,48,305,08,B*05
$GBGSV,3,1,12,01,03,095,,02,58,140,,03,35,112,,05,62,201,,0*77
$GBGSV,3,2,12,07,01,156,,10,07,165,,19,13,266,,23,17,079,,0*74
$GBGSV,3,3,12,30,57,211,,59,08,095,,60,60,149,,61,35,113,,0*71
$GQGSV,1,1,02,04,20,069,37,07,19,104,34,1*67
$GQGSV,1,1,03,03,05,128,20,04,20,069,35,07,19,104,35,6*5D
$GNGLL,2454.22833,N,06708.27293,E,142056.00,A,D*7D
$GNRMC,142057.00,A,2454.22833,N,06708.27293,E,0.007,,050525,,,R,V*09
$GNVTG,,T,,M,0.007,N,0.013,K,D*3D
$GNGGA,142057.00,2454.22833,N,06708.27293,E,4,12,0.62,21.9,M,-44.2,M,1.0,0290*7F
$GNGSA,A,3,08,10,18,23,27,28,32,31,02,,,,1.33,0.62,1.18,1*03
$GNGSA,A,3,87,74,66,86,72,65,88,,,,,,1.33,0.62,1.18,2*0B
$GNGSA,A,3,03,08,15,34,,,,,,,,,1.33,0.62,1.18,3*06
$GNGSA,A,3,08,09,06,13,20,16,29,27,32,38,39,,1.33,0.62,1.18,4*07
$GNGSA,A,3,04,,,,,,,,,,,,1.33,0.62,1.18,5*0C
$GPGSV,3,1,12,02,23,321,41,08,23,281,42,10,48,028,46,18,19,139,36,1*6D
$GPGSV,3,2,12,23,23,075,39,27,32,239,39,28,42,162,44,31,20,184,42,1*6A
$GPGSV,3,3,12,32,70,344,49,36,34,246,36,40,59,208,47,41,56,146,46,1*6E
$GPGSV,2,1,08,08,23,281,32,10,48,028,38,18,19,139,37,23,23,075,37,6*6F
$GPGSV,2,2,08,27,32,239,32,28,42,162,42,31,20,184,36,32,70,344,41,6*61
$GPGSV,1,1,02,24,03,038,,49,17,257,,0*62
$GLGSV,3,1,09,65,45,305,47,66,16,257,41,72,31,020,44,74,11,077,35,1*76
$GLGSV,3,2,09,75,10,126,40,86,21,161,45,87,66,182,49,88,44,323,48,1*7F
$GLGSV,3,3,09,,,,47,1*72
$GLGSV,2,1,07,65,45,305,07,66,16,257,37,72,31,020,43,75,10,126,33,3*7A
$GLGSV,2,2,07,86,21,161,41,88,44,323,45,,,,42,3*76
$GLGSV,1,1,01,73,00,037,,0*48
$GAGSV,2,1,06,03,68,011,43,05,19,040,38,08,50,242,42,13,15,323,38,2*7B
$GAGSV,2,2,06,15,68,341,43,34,54,126,41,2*7D
$GAGSV,2,1,06,03,68,011,46,05,19,040,37,08,50,242,43,13,15,323,37,7*7A
$GAGSV,2,2,06,15,68,341,46,34,54,126,46,7*7A
$GAGSV,1,1,02,07,01,228,,36,04,137,,0*7C
$GBGSV,2,1,08,08,31,068,39,13,44,053,43,20,48,305,46,27,18,163,41,1*77
$GBGSV,2,2,08,29,40,299,45,32,40,031,46,38,26,080,39,39,50,075,44,1*77
$GBGSV,2,1,06,06,53,103,39,08,31,068,38,09,52,127,40,13,44,053,39,B*07
$GBGSV,2,2,06,16,51,089,40,20,48,305,08,B*05
$GBGSV,3,1,12,01,03,095,,02,58,140,,03,35,112,,05,62,201,,0*77
$GBGSV,3,2,12,07,01,156,,10,07,165,,19,13,266,,23,17,079,,0*74
$GBGSV,3,3,12,30,57,211,,59,08,095,,60,60,149,,61,35,113,,0*71
$GQGSV,1,1,02,04,20,069,37,07,19,104,34,1*67
$GQGSV,1,1,03,03,05,128,21,04,20,069,35,07,19,104,35,6*5C
$GNGLL,2454.22833,N,06708.27293,E,142057.00,A,D*7C
$GNRMC,142058.00,A,2454.22833,N,06708.27293,E,0.027,,050525,,,R,V*04
$GNVTG,,T,,M,0.027,N,0.049,K,D*30
$GNGGA,142058.00,2454.22833,N,06708.27293,E,4,12,0.62,21.9,M,-44.2,M,1.0,0290*70
$GNGSA,A,3,08,10,18,23,27,28,32,31,02,,,,1.33,0.62,1.18,1*03
$GNGSA,A,3,87,74,66,86,72,65,88,,,,,,1.33,0.62,1.18,2*0B
$GNGSA,A,3,03,08,15,34,,,,,,,,,1.33,0.62,1.18,3*06
$GNGSA,A,3,08,09,06,13,20,16,29,27,32,38,39,,1.33,0.62,1.18,4*07
$GNGSA,A,3,04,,,,,,,,,,,,1.33,0.62,1.18,5*0C
$GPGSV,3,1,12,02,23,321,41,08,23,281,42,10,48,028,46,18,19,139,36,1*6D
$GPGSV,3,2,12,23,23,075,39,27,32,239,39,28,42,162,43,31,20,184,42,1*6D
$GPGSV,3,3,12,32,70,344,49,36,34,246,36,40,59,208,47,41,56,146,46,1*6E
$GPGSV,2,1,08,08,23,281,32,10,48,028,38,18,19,139,37,23,23,075,37,6*6F
$GPGSV,2,2,08,27,32,239,32,28,42,162,42,31,20,184,36,32,70,344,41,6*61
$GPGSV,1,1,02,24,03,038,,49,17,257,,0*62
$GLGSV,3,1,09,65,45,305,47,66,16,257,41,72,31,020,44,74,11,077,36,1*75
$GLGSV,3,2,09,75,10,126,40,86,21,161,45,87,66,182,49,88,44,323,48,1*7F
$GLGSV,3,3,09,,,,47,1*72
$GLGSV,2,1,06,66,16,257,37,72,31,020,43,75,10,126,32,86,21,161,41,3*77
$GLGSV,2,2,06,88,44,323,45,,,,42,3*49
$GLGSV,1,1,01,73,00,037,,0*48
$GAGSV,2,1,06,03,68,011,43,05,19,040,38,08,50,242,42,13,15,323,38,2*7B
$GAGSV,2,2,06,15,68,341,43,34,54,126,41,2*7D
$GAGSV,2,1,06,03,68,011,46,05,19,040,37,08,50,242,43,13,15,323,37,7*7A
$GAGSV,2,2,06,15,68,341,46,34,54,126,46,7*7A
$GAGSV,1,1,02,07,01,228,,36,04,137,,0*7C
$GBGSV,2,1,08,08,31,068,39,13,44,053,43,20,48,305,46,27,18,163,41,1*77
$GBGSV,2,2,08,29,40,299,45,32,40,031,46,38,26,080,40,39,50,075,44,1*79
$GBGSV,2,1,06,06,53,103,39,08,31,068,38,09,52,127,40,13,44,053,39,B*07
$GBGSV,2,2,06,16,51,089,40,20,48,305,07,B*0A
$GBGSV,3,1,12,01,03,095,,02,58,140,,03,35,112,,05,62,201,,0*77
$GBGSV,3,2,12,07,01,156,,10,07,165,,19,13,266,,23,17,079,,0*74
$GBGSV,3,3,12,30,57,211,,59,08,095,,60,60,149,,61,35,113,,0*71
$GQGSV,1,1,02,04,20,069,37,07,19,104,34,1*67
$GQGSV,1,1,03,03,05,128,20,04,20,069,35,07,19,104,35,6*5D
$GNGLL,2454.22833,N,06708.27293,E,142058.00,A,D*73
$GNRMC,142059.00,A,2454.22833,N,06708.27293,E,0.005,,050525,,,R,V*05
$GNVTG,,T,,M,0.005,N,0.009,K,D*34
$GNGGA,142059.00,2454.22833,N,06708.27293,E,4,12,0.62,21.9,M,-44.2,M,1.0,0290*71
$GNGSA,A,3,08,10,18,23,27,28,32,31,02,,,,1.33,0.62,1.18,1*03
$GNGSA,A,3,87,74,66,86,72,65,88,,,,,,1.33,0.62,1.18,2*0B
$GNGSA,A,3,03,08,15,34,,,,,,,,,1.33,0.62,1.18,3*06
$GNGSA,A,3,08,09,06,13,20,16,29,27,32,38,39,,1.33,0.62,1.18,4*07
$GNGSA,A,3,04,,,,,,,,,,,,1.33,0.62,1.18,5*0C
$GPGSV,3,1,12,02,23,321,41,08,23,281,42,10,48,028,46,18,19,139,36,1*6D
$GPGSV,3,2,12,23,23,075,39,27,32,239,39,28,42,162,43,31,20,184,42,1*6D
$GPGSV,3,3,12,32,70,344,49,36,34,246,37,40,59,208,47,41,56,146,46,1*6F
$GPGSV,2,1,08,08,23,281,32,10,48,028,38,18,19,139,37,23,23,075,37,6*6F
$GPGSV,2,2,08,27,32,239,32,28,42,162,42,31,20,184,36,32,70,344,41,6*61
$GPGSV,1,1,02,24,03,038,,49,17,257,,0*62
$GLGSV,3,1,09,65,45,305,47,66,16,257,41,72,31,020,44,74,11,077,36,1*75
$GLGSV,3,2,09,75,10,126,40,86,21,161,45,87,66,182,49,88,44,323,48,1*7F
$GLGSV,3,3,09,,,,47,1*72
$GLGSV,2,1,06,66,16,257,37,72,31,020,43,75,10,126,33,86,21,161,41,3*76
$GLGSV,2,2,06,88,44,323,45,,,,42,3*49
$GLGSV,1,1,01,73,00,037,,0*48
$GAGSV,2,1,06,03,68,011,43,05,19,040,38,08,50,242,42,13,15,323,38,2*7B
$GAGSV,2,2,06,15,68,341,43,34,54,126,41,2*7D
$GAGSV,2,1,06,03,68,011,46,05,19,040,38,08,50,242,43,13,15,323,37,7*75
$GAGSV,2,2,06,15,68,341,46,34,54,126,46,7*7A
$GAGSV,1,1,02,07,01,228,,36,04,137,,0*7C
$GBGSV,2,1,08,08,31,068,39,13,44,053,43,20,48,305,46,27,18,163,41,1*77
$GBGSV,2,2,08,29,40,299,45,32,40,031,46,38,26,080,40,39,50,075,44,1*79
$GBGSV,2,1,06,06,53,103,39,08,31,068,38,09,52,127,40,13,44,053,39,B*07
$GBGSV,2,2,06,16,51,089,40,20,48,305,07,B*0A
$GBGSV,3,1,12,01,03,095,,02,58,140,,03,35,112,,05,62,201,,0*77
$GBGSV,3,2,12,07,01,156,,10,07,165,,19,13,266,,23,17,079,,0*74
$GBGSV,3,3,12,30,57,211,,59,08,095,,60,60,149,,61,35,113,,0*71
$GQGSV,1,1,02,04,20,069,37,07,19,104,34,1*67
$GQGSV,1,1,03,03,05,128,21,04,20,069,35,07,19,104,35,6*5C
$GNGLL,2454.22833,N,06708.27293,E,142059.00,A,D*72
$GNRMC,142100.00,A,2454.22833,N,06708.27293,E,0.011,,050525,,,R,V*0D
$GNVTG,,T,,M,0.011,N,0.020,K,D*3A
$GNGGA,142100.00,2454.22833,N,06708.27293,E,4,12,0.62,21.9,M,-44.2,M,1.0,0290*7C
$GNGSA,A,3,08,10,18,23,27,28,32,31,02,,,,1.33,0.62,1.18,1*03
$GNGSA,A,3,87,74,66,86,72,65,88,,,,,,1.33,0.62,1.18,2*0B
$GNGSA,A,3,03,08,15,34,,,,,,,,,1.33,0.62,1.18,3*06
$GNGSA,A,3,08,09,06,13,20,16,29,27,32,38,39,,1.33,0.62,1.18,4*07
$GNGSA,A,3,04,,,,,,,,,,,,1.33,0.62,1.18,5*0C
$GPGSV,3,1,12,02,23,321,41,08,23,281,42,10,48,028,46,18,19,139,36,1*6D
$GPGSV,3,2,12,23,23,075,39,27,32,239,39,28,42,162,43,31,20,184,42,1*6D
$GPGSV,3,3,12,32,70,344,49,36,34,246,37,40,59,208,46,41,56,146,46,1*6E
$GPGSV,2,1,08,08,23,281,32,10,48,028,38,18,19,139,37,23,23,075,37,6*6F
$GPGSV,2,2,08,27,32,239,32,28,42,162,42,31,20,184,35,32,70,344,41,6*62
$GPGSV,1,1,02,24,03,038,,49,17,257,,0*62
$GLGSV,3,1,09,65,45,305,47,66,16,257,41,72,31,020,44,74,11,077,36,1*75
$GLGSV,3,2,09,75,10,126,40,86,21,161,45,87,66,182,49,88,44,323,48,1*7F
$GLGSV,3,3,09,,,,47,1*72
$GLGSV,2,1,06,66,16,257,37,72,31,020,43,75,10,126,33,86,21,161,41,3*76
$GLGSV,2,2,06,88,44,323,45,,,,42,3*49
$GLGSV,1,1,01,73,00,037,,0*48
$GAGSV,2,1,06,03,68,011,43,05,19,040,38,08,50,242,42,13,15,323,38,2*7B
$GAGSV,2,2,06,15,68,341,43,34,54,126,41,2*7D
$GAGSV,2,1,06,03,68,011,46,05,19,040,38,08,50,242,43,13,15,323,37,7*75
$GAGSV,2,2,06,15,68,341,46,34,54,126,46,7*7A
$GAGSV,1,1,02,07,01,228,,36,04,137,,0*7C
$GBGSV,2,1,08,08,31,068,39,13,44,053,43,20,48,305,46,27,18,163,40,1*76
$GBGSV,2,2,08,29,40,299,45,32,40,031,46,38,26,080,40,39,50,075,44,1*79
$GBGSV,2,1,06,06,53,103,39,08,31,068,38,09,52,127,40,13,44,053,39,B*07
$GBGSV,2,2,06,16,51,089,40,20,48,305,07,B*0A
$GBGSV,3,1,12,01,03,095,,02,58,140,,03,35,112,,05,62,201,,0*77
$GBGSV,3,2,12,07,01,156,,10,07,165,,19,13,266,,23,17,079,,0*74
$GBGSV,3,3,12,30,57,211,,59,08,095,,60,60,149,,61,35,113,,0*71
$GQGSV,1,1,02,04,20,069,37,07,19,104,34,1*67
$GQGSV,1,1,03,03,05,128,21,04,20,069,35,07,19,104,35,6*5C
$GNGLL,2454.22833,N,06708.27293,E,142100.00,A,D*7F
$GNRMC,142101.00,A,2454.22833,N,06708.27293,E,0.006,,050525,,,R,V*0A
$GNVTG,,T,,M,0.006,N,0.012,K,D*3D
$GNGGA,142101.00,2454.22833,N,06708.27293,E,4,12,0.62,21.9,M,-44.2,M,1.0,0290*7D
$GNGSA,A,3,08,10,18,23,27,28,32,31,02,,,,1.33,0.62,1.18,1*03
$GNGSA,A,3,87,74,66,86,72,65,88,,,,,,1.33,0.62,1.18,2*0B
$GNGSA,A,3,03,08,15,34,,,,,,,,,1.33,0.62,1.18,3*06
$GNGSA,A,3,08,09,06,13,20,16,29,27,32,38,39,,1.33,0.62,1.18,4*07
$GNGSA,A,3,04,,,,,,,,,,,,1.33,0.62,1.18,5*0C
$GPGSV,3,1,12,02,23,321,41,08,23,281,42,10,48,028,46,18,19,139,36,1*6D
$GPGSV,3,2,12,23,23,075,39,27,32,239,39,28,42,162,44,31,20,184,42,1*6A
$GPGSV,3,3,12,32,70,344,50,36,34,246,37,40,59,208,46,41,56,146,46,1*66
$GPGSV,2,1,08,08,23,281,32,10,48,028,38,18,19,139,37,23,23,075,36,6*6E
$GPGSV,2,2,08,27,32,239,32,28,42,162,42,31,20,184,36,32,70,344,41,6*61
$GPGSV,1,1,02,24,03,038,,49,17,257,,0*62
$GLGSV,3,1,09,65,45,305,47,66,16,257,41,72,31,020,44,74,11,077,36,1*75
$GLGSV,3,2,09,75,10,126,40,86,21,161,45,87,66,182,49,88,44,323,49,1*7E
$GLGSV,3,3,09,,,,47,1*72
$GLGSV,2,1,06,66,16,257,37,72,31,020,43,75,10,126,33,86,21,161,41,3*76
$GLGSV,2,2,06,88,44,323,45,,,,43,3*48
$GLGSV,1,1,01,73,00,037,,0*48
$GAGSV,2,1,06,03,68,011,43,05,19,040,38,08,50,242,42,13,15,323,38,2*7B
$GAGSV,2,2,06,15,68,341,43,34,54,126,41,2*7D
$GAGSV,2,1,06,03,68,011,46,05,19,040,38,08,50,242,43,13,15,323,37,7*75
$GAGSV,2,2,06,15,68,341,46,34,54,126,46,7*7A
$GAGSV,1,1,02,07,01,228,,36,04,137,,0*7C
$GBGSV,2,1,08,08,31,068,39,13,44,053,43,20,48,305,46,27,18,163,41,1*77
$GBGSV,2,2,08,29,40,299,45,32,40,031,46,38,26,080,40,39,50,075,44,1*79
$GBGSV,2,1,06,06,53,103,39,08,31,068,38,09,52,127,40,13,44,053,39,B*07
$GBGSV,2,2,06,16,51,089,40,20,48,305,07,B*0A
$GBGSV,3,1,12,01,03,095,,02,58,140,,03,35,112,,05,62,201,,0*77
$GBGSV,3,2,12,07,01,156,,10,07,165,,19,13,266,,23,17,079,,0*74
$GBGSV,3,3,12,30,57,211,,59,08,095,,60,60,149,,61,35,113,,0*71
$GQGSV,1,1,02,04,20,069,37,07,19,104,34,1*67
$GQGSV,1,1,03,03,05,128,21,04,20,069,36,07,19,104,35,6*5F
$GNGLL,2454.22833,N,06708.27293,E,142101.00,A,D*7E
$GNRMC,142102.00,A,2454.22833,N,06708.27293,E,0.008,,050525,,,R,V*07
$GNVTG,,T,,M,0.008,N,0.014,K,D*35
$GNGGA,142102.00,2454.22833,N,06708.27293,E,4,12,0.62,21.9,M,-44.2,M,1.0,0290*7E
$GNGSA,A,3,08,10,18,23,27,28,32,31,02,,,,1.33,0.62,1.18,1*03
$GNGSA,A,3,87,74,66,86,72,65,88,,,,,,1.33,0.62,1.18,2*0B
$GNGSA,A,3,03,08,15,34,,,,,,,,,1.33,0.62,1.18,3*06
$GNGSA,A,3,08,09,06,13,20,16,29,27,32,38,39,,1.33,0.62,1.18,4*07
$GNGSA,A,3,04,,,,,,,,,,,,1.33,0.62,1.18,5*0C
$GPGSV,3,1,12,02,23,321,41,08,23,281,42,10,48,028,46,18,19,139,36,1*6D
$GPGSV,3,2,12,23,23,075,39,27,32,239,39,28,42,162,43,31,20,184,42,1*6D
$GPGSV,3,3,12,32,70,344,50,36,34,246,37,40,59,208,46,41,56,146,46,1*66
$GPGSV,2,1,08,08,23,281,32,10,48,028,38,18,19,139,37,23,23,075,36,6*6E
$GPGSV,2,2,08,27,32,239,32,28,42,162,42,31,20,184,36,32,70,344,41,6*61
$GPGSV,1,1,02,24,03,038,,49,17,257,,0*62
$GLGSV,3,1,09,65,45,305,47,66,16,257,41,72,31,020,44,74,11,077,36,1*75
$GLGSV,3,2,09,75,10,126,40,86,21,161,45,87,66,182,49,88,44,323,49,1*7E
$GLGSV,3,3,09,,,,47,1*72
$GLGSV,2,1,06,66,16,257,37,72,31,020,43,75,10,126,33,86,21,161,41,3*76
$GLGSV,2,2,06,88,44,323,45,,,,43,3*48
$GLGSV,1,1,01,73,00,037,,0*48
$GAGSV,2,1,06,03,68,011,43,05,19,040,38,08,50,242,42,13,15,323,38,2*7B
$GAGSV,2,2,06,15,68,341,43,34,54,126,41,2*7D
$GAGSV,2,1,06,03,68,011,46,05,19,040,38,08,50,242,43,13,15,323,37,7*75
$GAGSV,2,2,06,15,68,341,46,34,54,126,46,7*7A
$GAGSV,1,1,02,07,01,228,,36,04,137,,0*7C
$GBGSV,2,1,08,08,31,068,39,13,44,053,43,20,48,305,46,27,18,163,41,1*77
$GBGSV,2,2,08,29,40,299,45,32,40,031,46,38,26,080,40,39,50,075,44,1*79
$GBGSV,2,1,06,06,53,103,39,08,31,068,38,09,52,127,40,13,44,053,39,B*07
$GBGSV,2,2,06,16,51,089,40,20,48,305,07,B*0A
$GBGSV,3,1,12,01,03,095,,02,58,140,,03,35,112,,05,62,201,,0*77
$GBGSV,3,2,12,07,01,156,,10,07,165,,19,13,266,,23,17,079,,0*74
$GBGSV,3,3,12,30,57,211,,59,08,095,,60,60,149,,61,35,113,,0*71
$GQGSV,1,1,02,04,20,069,37,07,19,104,34,1*67
$GQGSV,1,1,03,03,05,128,21,04,20,069,35,07,19,104,35,6*5C
$GNGLL,2454.22833,N,06708.27293,E,142102.00,A,D*7D
$GNRMC,142103.00,A,2454.22833,N,06708.27293,E,0.007,,050525,,,R,V*09
$GNVTG,,T,,M,0.007,N,0.012,K,D*3C
$GNGGA,142103.00,2454.22833,N,06708.27293,E,4,12,0.62,21.9,M,-44.2,M,1.0,0290*7F
$GNGSA,A,3,08,10,18,23,27,28,32,31,02,,,,1.33,0.62,1.18,1*03
$GNGSA,A,3,87,74,66,86,72,65,88,,,,,,1.33,0.62,1.18,2*0B
$GNGSA,A,3,03,08,15,34,,,,,,,,,1.33,0.62,1.18,3*06
$GNGSA,A,3,08,09,06,13,20,16,29,27,32,38,39,,1.33,0.62,1.18,4*07
$GNGSA,A,3,04,,,,,,,,,,,,1.33,0.62,1.18,5*0C
$GPGSV,3,1,12,02,23,321,41,08,23,281,42,10,48,028,46,18,19,139,36,1*6D
$GPGSV,3,2,12,23,23,075,39,27,32,239,39,28,42,162,44,31,20,184,42,1*6A
$GPGSV,3,3,12,32,70,344,50,36,34,246,37,40,59,208,46,41,56,146,46,1*66
$GPGSV,2,1,08,08,23,281,32,10,48,028,38,18,19,139,37,23,23,075,36,6*6E
$GPGSV,2,2,08,27,32,239,32,28,42,162,42,31,20,184,35,32,70,344,41,6*62
$GPGSV,1,1,02,24,03,038,,49,17,257,,0*62
$GLGSV,3,1,09,65,45,305,47,66,16,257,41,72,31,020,44,74,11,077,36,1*75
$GLGSV,3,2,09,75,10,126,40,86,21,161,45,87,66,182,49,88,44,323,49,1*7E
$GLGSV,3,3,09,,,,46,1*73
$GLGSV,2,1,06,66,16,257,37,72,31,020,43,75,10,126,33,86,21,161,41,3*76
$GLGSV,2,2,06,88,44,323,45,,,,42,3*49
$GLGSV,1,1,01,73,00,037,,0*48
$GAGSV,2,1,06,03,68,011,43,05,19,040,38,08,50,242,42,13,15,323,38,2*7B
$GAGSV,2,2,06,15,68,341,43,34,54,126,41,2*7D
$GAGSV,2,1,06,03,68,011,46,05,19,040,38,08,50,242,43,13,15,323,37,7*75
$GAGSV,2,2,06,15,68,341,46,34,54,126,46,7*7A
$GAGSV,1,1,02,07,01,228,,36,04,137,,0*7C
$GBGSV,2,1,08,08,31,068,39,13,44,053,43,20,48,305,46,27,18,163,41,1*77
$GBGSV,2,2,08,29,40,299,45,32,40,031,46,38,26,080,40,39,50,075,45,1*78
$GBGSV,2,1,05,06,53,103,39,08,31,068,38,09,52,127,40,13,44,053,39,B*04
$GBGSV,2,2,05,16,51,089,40,B*36
$GBGSV,3,1,12,01,03,095,,02,58,140,,03,35,112,,05,62,201,,0*77
$GBGSV,3,2,12,07,01,156,,10,07,165,,19,13,266,,23,17,079,,0*74
$GBGSV,3,3,12,30,57,211,,59,08,095,,60,60,149,,61,35,113,,0*71
$GQGSV,1,1,02,04,20,069,37,07,19,104,34,1*67
$GQGSV,1,1,03,03,05,128,21,04,20,069,35,07,19,104,35,6*5C
$GNGLL,2454.22833,N,06708.27293,E,142103.00,A,D*7C
$GNRMC,142104.00,A,2454.22833,N,06708.27293,E,0.016,,050525,,,R,V*0E
$GNVTG,,T,,M,0.016,N,0.030,K,D*3C
$GNGGA,142104.00,2454.22833,N,06708.27293,E,4,12,0.62,21.9,M,-44.2,M,1.0,0290*78
$GNGSA,A,3,08,10,18,23,27,28,32,31,02,,,,1.33,0.62,1.18,1*03
$GNGSA,A,3,87,74,66,86,72,65,88,,,,,,1.33,0.62,1.18,2*0B
$GNGSA,A,3,03,08,15,34,,,,,,,,,1.33,0.62,1.18,3*06
$GNGSA,A,3,08,09,06,13,20,16,29,27,32,38,39,,1.33,0.62,1.18,4*07
$GNGSA,A,3,04,,,,,,,,,,,,1.33,0.62,1.18,5*0C
$GPGSV,3,1,12,02,23,321,41,08,23,281,42,10,48,028,46,18,19,139,36,1*6D
$GPGSV,3,2,12,23,23,075,39,27,32,239,39,28,42,162,43,31,20,184,42,1*6D
$GPGSV,3,3,12,32,70,344,50,36,34,246,37,40,59,208,46,41,56,146,46,1*66
$GPGSV,2,1,08,08,23,281,32,10,48,028,38,18,19,139,37,23,23,075,36,6*6E
$GPGSV,2,2,08,27,32,239,32,28,42,162,42,31,20,184,35,32,70,344,41,6*62
$GPGSV,1,1,02,24,03,038,,49,17,257,,0*62
$GLGSV,3,1,09,65,45,305,47,66,16,257,41,72,31,020,44,74,11,077,36,1*75
$GLGSV,3,2,09,75,10,126,40,86,21,161,45,87,66,182,49,88,44,323,49,1*7E
$GLGSV,3,3,09,,,,46,1*73
$GLGSV,2,1,06,66,16,257,37,72,31,020,43,75,10,126,33,86,21,161,41,3*76
$GLGSV,2,2,06,88,44,323,45,,,,43,3*48
$GLGSV,1,1,01,73,00,037,,0*48
$GAGSV,2,1,06,03,68,011,43,05,19,040,38,08,50,242,42,13,15,323,38,2*7B
$GAGSV,2,2,06,15,68,341,43,34,54,126,41,2*7D
$GAGSV,2,1,06,03,68,011,46,05,19,040,38,08,50,242,43,13,15,323,37,7*75
$GAGSV,2,2,06,15,68,341,46,34,54,126,46,7*7A
$GAGSV,1,1,02,07,01,228,,36,04,137,,0*7C
$GBGSV,2,1,08,08,31,068,39,13,44,053,43,20,48,305,46,27,18,163,41,1*77
$GBGSV,2,2,08,29,40,299,45,32,40,031,46,38,26,080,40,39,50,075,45,1*78
$GBGSV,2,1,05,06,53,103,39,08,31,068,38,09,52,127,40,13,44,053,39,B*04
$GBGSV,2,2,05,16,51,089,40,B*36
$GBGSV,3,1,12,01,03,095,,02,58,140,,03,35,112,,05,62,201,,0*77
$GBGSV,3,2,12,07,01,156,,10,07,165,,19,13,266,,23,17,079,,0*74
$GBGSV,3,3,12,30,57,211,,59,08,095,,60,60,149,,61,35,113,,0*71
$GQGSV,1,1,02,04,20,069,37,07,19,104,34,1*67
$GQGSV,1,1,03,03,05,128,21,04,20,069,35,07,19,104,35,6*5C
$GNGLL,2454.22833,N,06708.27293,E,142104.00,A,D*7B
$GNRMC,142105.00,A,2454.22833,N,06708.27293,E,0.010,,050525,,,R,V*09
$GNVTG,,T,,M,0.010,N,0.019,K,D*31
$GNGGA,142105.00,2454.22833,N,06708.27293,E,4,12,0.62,21.9,M,-44.2,M,1.0,0290*79
$GNGSA,A,3,08,10,18,23,27,28,32,31,02,,,,1.33,0.62,1.18,1*03
$GNGSA,A,3,87,74,66,86,72,65,88,,,,,,1.33,0.62,1.18,2*0B
$GNGSA,A,3,03,08,15,34,,,,,,,,,1.33,0.62,1.18,3*06
$GNGSA,A,3,08,09,06,13,20,16,29,27,32,38,39,,1.33,0.62,1.18,4*07
$GNGSA,A,3,04,,,,,,,,,,,,1.33,0.62,1.18,5*0C
$GPGSV,3,1,12,02,23,321,41,08,23,281,42,10,48,028,46,18,19,139,36,1*6D
$GPGSV,3,2,12,23,23,075,39,27,32,239,39,28,42,162,43,31,20,184,42,1*6D
$GPGSV,3,3,12,32,70,344,50,36,34,246,37,40,59,208,46,41,56,146,46,1*66
$GPGSV,2,1,08,08,23,281,32,10,48,028,38,18,19,139,37,23,23,075,36,6*6E
$GPGSV,2,2,08,27,32,239,32,28,42,162,42,31,20,184,35,32,70,344,41,6*62
$GPGSV,1,1,02,24,03,038,,49,17,257,,0*62
$GLGSV,3,1,09,65,45,305,47,66,16,257,41,72,31,020,44,74,11,077,36,1*75
$GLGSV,3,2,09,75,10,126,40,86,21,161,45,87,66,182,49,88,44,323,49,1*7E
$GLGSV,3,3,09,,,,46,1*73
$GLGSV,2,1,06,66,16,257,37,72,31,020,43,75,10,126,33,86,21,161,41,3*76
$GLGSV,2,2,06,88,44,323,45,,,,43,3*48
$GLGSV,1,1,01,73,00,037,,0*48
$GAGSV,2,1,06,03,68,011,43,05,19,040,38,08,50,242,42,13,15,323,38,2*7B
$GAGSV,2,2,06,15,68,341,43,34,54,126,41,2*7D
$GAGSV,2,1,06,03,68,011,46,05,19,040,37,08,50,242,43,13,15,323,37,7*7A
$GAGSV,2,2,06,15,68,341,46,34,54,126,46,7*7A
$GAGSV,1,1,02,07,01,228,,36,04,137,,0*7C
$GBGSV,2,1,08,08,31,068,39,13,44,053,43,20,48,305,46,27,18,163,41,1*77
$GBGSV,2,2,08,29,40,299,45,32,40,031,46,38,26,080,40,39,50,075,44,1*79
$GBGSV,2,1,05,06,53,103,40,08,31,068,38,09,52,127,40,13,44,053,39,B*0A
$GBGSV,2,2,05,16,51,089,40,B*36
$GBGSV,3,1,12,01,03,095,,02,58,140,,03,35,112,,05,62,201,,0*77
$GBGSV,3,2,12,07,01,156,,10,07,165,,19,13,266,,23,17,079,,0*74
$GBGSV,3,3,12,30,57,211,,59,08,095,,60,60,149,,61,35,113,,0*71
$GQGSV,1,1,02,04,20,069,37,07,19,104,34,1*67
$GQGSV,1,1,03,03,05,128,21,04,20,069,35,07,19,104,35,6*5C
$GNGLL,2454.22833,N,06708.27293,E,142105.00,A,D*7A
$GNRMC,142106.00,A,2454.22833,N,06708.27293,E,0.005,,050525,,,R,V*0E
$GNVTG,,T,,M,0.005,N,0.009,K,D*34
$GNGGA,142106.00,2454.22833,N,06708.27293,E,4,12,0.62,21.9,M,-44.2,M,1.0,0290*7A
$GNGSA,A,3,08,10,18,23,27,28,32,31,02,,,,1.33,0.62,1.18,1*03
$GNGSA,A,3,87,74,66,86,72,65,88,,,,,,1.33,0.62,1.18,2*0B
$GNGSA,A,3,03,08,15,34,,,,,,,,,1.33,0.62,1.18,3*06
$GNGSA,A,3,08,09,06,13,20,16,29,27,32,38,39,,1.33,0.62,1.18,4*07
$GNGSA,A,3,04,,,,,,,,,,,,1.33,0.62,1.18,5*0C
$GPGSV,3,1,12,02,23,321,41,08,23,281,41,10,48,028,46,18,19,139,36,1*6E
$GPGSV,3,2,12,23,23,075,39,27,32,239,39,28,42,162,43,31,20,184,42,1*6D
$GPGSV,3,3,12,32,70,344,49,36,34,246,36,40,59,208,46,41,56,146,46,1*6F
$GPGSV,2,1,08,08,23,281,32,10,48,028,38,18,19,139,37,23,23,075,36,6*6E
$GPGSV,2,2,08,27,32,239,33,28,42,162,42,31,20,184,36,32,70,344,41,6*60
$GPGSV,1,1,02,24,03,038,,49,17,257,,0*62
$GLGSV,3,1,09,65,45,305,47,66,16,257,41,72,31,020,44,74,11,077,36,1*75
$GLGSV,3,2,09,75,10,126,39,86,21,161,45,87,66,182,49,88,44,323,49,1*70
$GLGSV,3,3,09,,,,47,1*72
$GLGSV,2,1,06,66,16,257,37,72,31,020,43,75,10,126,33,86,21,161,41,3*76
$GLGSV,2,2,06,88,44,323,45,,,,42,3*49
$GLGSV,1,1,01,73,00,037,,0*48
$GAGSV,2,1,06,03,68,011,44,05,19,040,39,08,50,242,43,13,15,323,39,2*7D
$GAGSV,2,2,06,15,68,341,44,34,54,126,42,2*79
$GAGSV,2,1,06,03,68,011,46,05,19,040,37,08,50,242,43,13,15,323,36,7*7B
$GAGSV,2,2,06,15,68,341,46,34,54,126,45,7*79
$GAGSV,1,1,02,07,02,229,,36,04,137,,0*7E
$GBGSV,2,1,08,08,31,068,39,13,44,053,43,20,48,305,46,27,18,163,41,1*77
$GBGSV,2,2,08,29,40,299,45,32,40,031,46,38,26,080,40,39,50,075,44,1*79
$GBGSV,2,1,05,06,53,103,40,08,31,068,38,09,52,127,40,13,44,053,39,B*0A
$GBGSV,2,2,05,16,51,089,40,B*36
$GBGSV,3,1,12,01,03,095,,02,58,140,,03,35,112,,05,62,201,,0*77
$GBGSV,3,2,12,07,01,156,,10,07,165,,19,13,266,,23,17,079,,0*74
$GBGSV,3,3,12,30,57,211,,59,08,095,,60,60,149,,61,35,113,,0*71
$GQGSV,1,1,02,04,20,069,37,07,19,104,33,1*60
$GQGSV,1,1,03,03,05,128,21,04,20,069,36,07,19,104,35,6*5F
$GNGLL,2454.22833,N,06708.27293,E,142106.00,A,D*79
$GNRMC,142107.00,A,2454.22833,N,06708.27293,E,0.010,,050525,,,R,V*0B
$GNVTG,,T,,M,0.010,N,0.018,K,D*30
$GNGGA,142107.00,2454.22833,N,06708.27293,E,4,12,0.62,21.9,M,-44.2,M,1.0,0290*7B
$GNGSA,A,3,08,10,18,23,27,28,32,31,02,,,,1.33,0.62,1.18,1*03
$GNGSA,A,3,87,74,66,86,72,65,88,,,,,,1.33,0.62,1.18,2*0B
$GNGSA,A,3,03,08,15,34,,,,,,,,,1.33,0.62,1.18,3*06
$GNGSA,A,3,08,09,06,13,20,16,29,27,32,38,39,,1.33,0.62,1.18,4*07
$GNGSA,A,3,04,,,,,,,,,,,,1.33,0.62,1.18,5*0C
$GPGSV,3,1,12,02,23,321,41,08,23,281,42,10,48,028,46,18,19,139,36,1*6D
$GPGSV,3,2,12,23,23,075,39,27,32,239,39,28,42,162,43,31,20,184,42,1*6D
$GPGSV,3,3,12,32,70,344,49,36,34,246,36,40,59,208,46,41,56,146,46,1*6F
$GPGSV,2,1,08,08,23,281,32,10,48,028,38,18,19,139,37,23,23,075,36,6*6E
$GPGSV,2,2,08,27,32,239,33,28,42,162,42,31,20,184,36,32,70,344,41,6*60
$GPGSV,1,1,02,24,03,038,,49,17,257,,0*62
$GLGSV,3,1,09,65,45,305,47,66,16,257,41,72,31,020,44,74,11,077,36,1*75
$GLGSV,3,2,09,75,10,126,40,86,21,161,45,87,66,182,49,88,44,323,49,1*7E
$GLGSV,3,3,09,,,,47,1*72
$GLGSV,2,1,07,65,45,305,13,66,16,257,37,72,31,020,43,75,10,126,33,3*7F
$GLGSV,2,2,07,86,21,161,41,88,44,323,45,,,,42,3*76
$GLGSV,1,1,01,73,00,037,,0*48
$GAGSV,2,1,06,03,68,011,43,05,19,040,38,08,50,242,42,13,15,323,38,2*7B
$GAGSV,2,2,06,15,68,341,43,34,54,126,41,2*7D
$GAGSV,2,1,06,03,68,011,46,05,19,040,37,08,50,242,43,13,15,323,36,7*7B
$GAGSV,2,2,06,15,68,341,46,34,54,126,45,7*79
$GAGSV,1,1,02,07,02,229,,36,04,137,,0*7E
$GBGSV,2,1,08,08,31,068,39,13,44,053,43,20,48,305,46,27,18,163,41,1*77
$GBGSV,2,2,08,29,40,299,45,32,40,031,46,38,26,080,40,39,50,075,44,1*79
$GBGSV,2,1,05,06,53,103,39,08,31,068,38,09,52,127,40,13,44,053,39,B*04
$GBGSV,2,2,05,16,51,089,40,B*36
$GBGSV,3,1,12,01,03,095,,02,58,140,,03,35,112,,05,62,201,,0*77
$GBGSV,3,2,12,07,01,156,,10,07,165,,19,13,266,,23,17,079,,0*74
$GBGSV,3,3,12,30,57,211,,59,08,095,,60,60,149,,61,35,113,,0*71
$GQGSV,1,1,02,04,20,069,37,07,19,104,34,1*67
$GQGSV,1,1,03,03,05,128,22,04,20,069,36,07,19,104,35,6*5C
$GNGLL,2454.22833,N,06708.27293,E,142107.00,A,D*78
$GNRMC,142108.00,A,2454.22833,N,06708.27293,E,0.007,,050525,,,R,V*02
$GNVTG,,T,,M,0.007,N,0.013,K,D*3D
$GNGGA,142108.00,2454.22833,N,06708.27293,E,4,12,0.62,21.9,M,-44.2,M,2.0,0290*77
$GNGSA,A,3,08,10,18,23,27,28,32,31,02,,,,1.33,0.62,1.18,1*03
$GNGSA,A,3,87,74,66,86,72,65,88,,,,,,1.33,0.62,1.18,2*0B
$GNGSA,A,3,03,08,15,34,,,,,,,,,1.33,0.62,1.18,3*06
$GNGSA,A,3,08,09,06,13,20,16,29,27,32,38,39,,1.33,0.62,1.18,4*07
$GNGSA,A,3,04,,,,,,,,,,,,1.33,0.62,1.18,5*0C
$GPGSV,3,1,12,02,23,321,41,08,23,281,42,10,48,028,46,18,19,139,37,1*6C
$GPGSV,3,2,12,23,23,075,39,27,32,239,39,28,42,162,43,31,20,184,42,1*6D
$GPGSV,3,3,12,32,70,344,49,36,34,246,37,40,59,208,46,41,56,146,46,1*6E
$GPGSV,2,1,08,08,23,281,32,10,48,028,38,18,19,139,37,23,23,075,36,6*6E
$GPGSV,2,2,08,27,32,239,33,28,42,162,42,31,20,184,35,32,70,344,41,6*63
$GPGSV,1,1,02,24,03,038,,49,17,257,,0*62
$GLGSV,3,1,09,65,45,305,47,66,16,257,41,72,31,020,44,74,11,077,36,1*75
$GLGSV,3,2,09,75,10,126,39,86,21,161,45,87,66,182,49,88,44,323,49,1*70
$GLGSV,3,3,09,,,,47,1*72
$GLGSV,2,1,07,65,45,305,13,66,16,257,37,72,31,020,43,75,10,126,33,3*7F
$GLGSV,2,2,07,86,21,161,41,88,44,323,45,,,,42,3*76
$GLGSV,1,1,01,73,00,037,,0*48
$GAGSV,2,1,06,03,68,011,43,05,19,040,38,08,50,242,42,13,15,323,38,2*7B
$GAGSV,2,2,06,15,68,341,43,34,54,126,41,2*7D
$GAGSV,2,1,06,03,68,011,46,05,19,040,37,08,50,242,43,13,15,323,36,7*7B
$GAGSV,2,2,06,15,68,341,46,34,54,126,45,7*79
$GAGSV,1,1,02,07,02,229,,36,04,137,,0*7E
$GBGSV,2,1,08,08,31,068,39,13,44,053,43,20,48,305,46,27,18,163,41,1*77
$GBGSV,2,2,08,29,40,299,45,32,40,031,46,38,26,080,40,39,50,075,45,1*78
$GBGSV,2,1,05,06,53,103,39,08,31,068,38,09,52,127,40,13,44,053,39,B*04
$GBGSV,2,2,05,16,51,089,40,B*36
$GBGSV,3,1,12,01,03,095,,02,58,140,,03,35,112,,05,62,201,,0*77
$GBGSV,3,2,12,07,01,156,,10,07,165,,19,13,266,,23,17,079,,0*74
$GBGSV,3,3,12,30,57,211,,59,08,095,,60,60,149,,61,35,113,,0*71
$GQGSV,1,1,02,04,20,069,37,07,19,104,34,1*67
$GQGSV,1,1,03,03,05,128,22,04,20,069,36,07,19,104,35,6*5C
$GNGLL,2454.22833,N,06708.27293,E,142108.00,A,D*77
$GNRMC,142109.00,A,2454.22833,N,06708.27293,E,0.004,,050525,,,R,V*00
$GNVTG,,T,,M,0.004,N,0.008,K,D*34
$GNGGA,142109.00,2454.22833,N,06708.27293,E,4,12,0.62,21.9,M,-44.2,M,1.0,0290*75
$GNGSA,A,3,08,10,18,23,27,28,32,31,02,,,,1.33,0.62,1.18,1*03
$GNGSA,A,3,87,74,66,86,72,65,88,,,,,,1.33,0.62,1.18,2*0B
$GNGSA,A,3,03,08,15,34,,,,,,,,,1.33,0.62,1.18,3*06
$GNGSA,A,3,08,09,06,13,20,16,29,27,32,38,39,,1.33,0.62,1.18,4*07
$GNGSA,A,3,04,,,,,,,,,,,,1.33,0.62,1.18,5*0C
$GPGSV,3,1,12,02,23,321,41,08,23,281,42,10,48,028,46,18,19,139,36,1*6D
$GPGSV,3,2,12,23,23,075,39,27,32,239,39,28,42,162,43,31,20,184,42,1*6D
$GPGSV,3,3,12,32,70,344,49,36,34,246,36,40,59,208,46,41,56,146,46,1*6F
$GPGSV,2,1,08,08,23,281,32,10,48,028,38,18,19,139,37,23,23,075,36,6*6E
$GPGSV,2,2,08,27,32,239,33,28,42,162,42,31,20,184,36,32,70,344,41,6*60
$GPGSV,1,1,02,24,03,038,,49,17,257,,0*62
$GLGSV,2,1,08,65,45,305,47,66,16,257,41,72,31,020,44,74,11,077,36,1*75
$GLGSV,2,2,08,75,10,126,39,86,21,161,46,87,66,182,49,88,44,323,49,1*73
$GLGSV,2,1,06,65,45,305,10,66,16,257,37,72,31,020,43,75,10,126,33,3*7D
$GLGSV,2,2,06,86,21,161,41,88,44,323,45,3*71
$GLGSV,1,1,01,73,00,037,,0*48
$GAGSV,2,1,06,03,68,011,43,05,19,040,38,08,50,242,42,13,15,323,38,2*7B
$GAGSV,2,2,06,15,68,341,43,34,54,126,41,2*7D
$GAGSV,2,1,06,03,68,011,46,05,19,040,37,08,50,242,43,13,15,323,36,7*7B
$GAGSV,2,2,06,15,68,341,46,34,54,126,45,7*79
$GAGSV,1,1,02,07,02,229,,36,04,137,,0*7E
$GBGSV,2,1,08,08,31,068,39,13,44,053,43,20,48,305,46,27,18,163,41,1*77
$GBGSV,2,2,08,29,40,299,45,32,40,031,46,38,26,080,40,39,50,075,44,1*79
$GBGSV,2,1,05,06,53,103,39,08,31,068,38,09,52,127,40,13,44,053,39,B*04
$GBGSV,2,2,05,16,51,089,40,B*36
$GBGSV,3,1,12,01,03,095,,02,58,140,,03,35,112,,05,62,201,,0*77
$GBGSV,3,2,12,07,01,156,,10,07,165,,19,13,266,,23,17,079,,0*74
$GBGSV,3,3,12,30,57,211,,59,08,095,,60,60,149,,61,35,113,,0*71
$GQGSV,1,1,02,04,20,069,37,07,19,104,34,1*67
$GQGSV,1,1,03,03,05,128,23,04,20,069,36,07,19,104,35,6*5D
$GNGLL,2454.22833,N,06708.27293,E,142109.00,A,D*76
$GNRMC,142110.00,A,2454.22833,N,06708.27292,E,0.005,,050525,,,R,V*08
$GNVTG,,T,,M,0.005,N,0.010,K,D*3C
$GNGGA,142110.00,2454.22833,N,06708.27292,E,4,12,0.62,21.9,M,-44.2,M,1.0,0290*7C
$GNGSA,A,3,08,10,18,23,27,28,32,31,02,,,,1.33,0.62,1.18,1*03
$GNGSA,A,3,87,74,66,86,72,65,88,,,,,,1.33,0.62,1.18,2*0B
$GNGSA,A,3,03,08,15,34,,,,,,,,,1.33,0.62,1.18,3*06
$GNGSA,A,3,08,09,06,13,20,16,29,27,32,38,39,,1.33,0.62,1.18,4*07
$GNGSA,A,3,04,,,,,,,,,,,,1.33,0.62,1.18,5*0C
$GPGSV,3,1,12,02,23,321,41,08,23,281,42,10,48,028,46,18,19,139,36,1*6D
$GPGSV,3,2,12,23,23,075,39,27,32,239,39,28,42,162,43,31,20,184,42,1*6D
$GPGSV,3,3,12,32,70,344,49,36,34,246,37,40,59,208,46,41,56,146,46,1*6E
$GPGSV,2,1,08,08,23,281,31,10,48,028,38,18,19,139,37,23,23,075,36,6*6D
$GPGSV,2,2,08,27,32,239,33,28,42,162,42,31,20,184,35,32,70,344,41,6*63
$GPGSV,1,1,02,24,03,038,,49,17,257,,0*62
$GLGSV,3,1,09,65,45,305,47,66,16,257,41,72,31,020,44,74,11,077,36,1*75
$GLGSV,3,2,09,75,10,126,39,86,21,161,46,87,66,182,49,88,44,323,49,1*73
$GLGSV,3,3,09,,,,46,1*73
$GLGSV,2,1,06,65,45,305,08,66,16,257,37,72,31,020,43,75,10,126,33,3*74
$GLGSV,2,2,06,86,21,161,41,88,44,323,44,3*70
$GLGSV,1,1,01,73,00,037,,0*48
$GAGSV,2,1,06,03,68,011,43,05,19,040,38,08,50,242,42,13,15,323,38,2*7B
$GAGSV,2,2,06,15,68,341,43,34,54,126,41,2*7D
$GAGSV,2,1,06,03,68,011,46,05,19,040,37,08,50,242,43,13,15,323,36,7*7B
$GAGSV,2,2,06,15,68,341,46,34,54,126,45,7*79
$GAGSV,1,1,02,07,02,229,,36,04,137,,0*7E
$GBGSV,2,1,08,08,31,068,39,13,44,053,43,20,48,305,46,27,18,163,41,1*77
$GBGSV,2,2,08,29,40,299,45,32,40,031,46,38,26,080,40,39,50,075,44,1*79
$GBGSV,2,1,05,06,53,103,39,08,31,068,38,09,52,127,40,13,44,053,39,B*04
$GBGSV,2,2,05,16,51,089,40,B*36
$GBGSV,3,1,12,01,03,095,,02,58,140,,03,35,112,,05,62,201,,0*77
$GBGSV,3,2,12,07,01,156,,10,07,165,,19,13,266,,23,17,079,,0*74
$GBGSV,3,3,12,30,57,211,,59,08,095,,60,60,149,,61,35,113,,0*71
$GQGSV,1,1,02,04,20,069,37,07,19,104,33,1*60
$GQGSV,1,1,03,03,05,128,22,04,20,069,35,07,19,104,35,6*5F
$GNGLL,2454.22833,N,06708.27292,E,142110.00,A,D*7F
$GNRMC,142111.00,A,2454.22833,N,06708.27293,E,0.010,,050525,,,R,V*0C
$GNVTG,,T,,M,0.010,N,0.018,K,D*30
$GNGGA,142111.00,2454.22833,N,06708.27293,E,4,12,0.61,21.9,M,-44.2,M,1.0,0290*7F
$GNGSA,A,3,08,10,18,23,27,28,32,31,02,,,,1.29,0.61,1.14,1*07
$GNGSA,A,3,87,74,75,66,86,72,65,88,,,,,1.29,0.61,1.14,2*0D
$GNGSA,A,3,08,15,34,,,,,,,,,,1.29,0.61,1.14,3*01
$GNGSA,A,3,08,09,06,13,20,16,29,27,32,38,39,,1.29,0.61,1.14,4*03
$GNGSA,A,3,04,,,,,,,,,,,,1.29,0.61,1.14,5*08
$GPGSV,3,1,12,02,23,321,41,08,23,281,42,10,48,028,46,18,19,139,36,1*6D
$GPGSV,3,2,12,23,23,075,39,27,32,239,39,28,42,162,43,31,20,184,42,1*6D
$GPGSV,3,3,12,32,70,344,49,36,34,246,37,40,59,208,46,41,56,146,46,1*6E
$GPGSV,2,1,08,08,23,281,31,10,48,028,38,18,19,139,37,23,23,075,36,6*6D
$GPGSV,2,2,08,27,32,239,33,28,42,162,42,31,20,184,36,32,70,344,41,6*60
$GPGSV,1,1,02,24,03,038,,49,17,257,,0*62
$GLGSV,3,1,09,65,45,305,47,66,16,257,41,72,31,020,44,74,11,077,36,1*75
$GLGSV,3,2,09,75,10,126,40,86,21,161,45,87,66,182,49,88,44,323,49,1*7E
$GLGSV,3,3,09,,,,47,1*72
$GLGSV,2,1,06,65,45,305,09,66,16,257,37,72,31,020,43,75,10,126,34,3*72
$GLGSV,2,2,06,86,21,161,41,88,44,323,44,3*70
$GLGSV,1,1,01,73,00,037,,0*48
$GAGSV,2,1,06,03,68,011,43,05,19,040,38,08,50,242,42,13,15,323,38,2*7B
$GAGSV,2,2,06,15,68,341,43,34,54,126,41,2*7D
$GAGSV,2,1,06,03,68,011,46,05,19,040,37,08,50,242,43,13,15,323,36,7*7B
$GAGSV,2,2,06,15,68,341,46,34,54,126,45,7*79
$GAGSV,1,1,02,07,02,229,,36,04,137,,0*7E
$GBGSV,2,1,08,08,31,068,39,13,44,053,43,20,48,305,46,27,18,163,41,1*77
$GBGSV,2,2,08,29,40,299,45,32,40,031,46,38,26,080,39,39,50,075,44,1*77
$GBGSV,2,1,05,06,53,103,39,08,31,068,38,09,52,127,40,13,44,053,39,B*04
$GBGSV,2,2,05,16,51,089,40,B*36
$GBGSV,3,1,12,01,03,095,,02,58,140,,03,35,112,,05,62,201,,0*77
$GBGSV,3,2,12,07,01,156,,10,07,165,,19,13,266,,23,17,079,,0*74
$GBGSV,3,3,12,30,57,211,,59,08,095,,60,60,149,,61,35,113,,0*71
$GQGSV,1,1,02,04,20,069,36,07,19,104,34,1*66
$GQGSV,1,1,03,03,05,128,22,04,20,069,36,07,19,104,35,6*5C
$GNGLL,2454.22833,N,06708.27293,E,142111.00,A,D*7F
$GNRMC,142112.00,A,2454.22833,N,06708.27293,E,0.006,,050525,,,R,V*08
$GNVTG,,T,,M,0.006,N,0.011,K,D*3E
$GNGGA,142112.00,2454.22833,N,06708.27293,E,4,12,0.61,21.9,M,-44.2,M,1.0,0290*7C
$GNGSA,A,3,08,10,18,23,27,28,32,31,02,,,,1.29,0.61,1.14,1*07
$GNGSA,A,3,87,74,75,66,86,72,65,88,,,,,1.29,0.61,1.14,2*0D
$GNGSA,A,3,08,15,34,,,,,,,,,,1.29,0.61,1.14,3*01
$GNGSA,A,3,08,09,06,13,20,16,29,27,32,38,39,,1.29,0.61,1.14,4*03
$GNGSA,A,3,04,,,,,,,,,,,,1.29,0.61,1.14,5*08
$GPGSV,3,1,12,02,23,321,41,08,23,281,42,10,48,028,46,18,19,139,36,1*6D
$GPGSV,3,2,12,23,23,075,39,27,32,239,39,28,42,162,43,31,20,184,42,1*6D
$GPGSV,3,3,12,32,70,344,49,36,34,246,36,40,59,208,46,41,56,146,46,1*6F
$GPGSV,2,1,08,08,23,281,31,10,48,028,38,18,19,139,37,23,23,075,36,6*6D
$GPGSV,2,2,08,27,32,239,33,28,42,162,42,31,20,184,36,32,70,344,41,6*60
$GPGSV,1,1,02,24,03,038,,49,17,257,,0*62
$GLGSV,3,1,09,65,45,305,47,66,16,257,41,72,31,020,44,74,11,077,36,1*75
$GLGSV,3,2,09,75,10,126,39,86,21,161,46,87,66,182,49,88,44,323,49,1*73
$GLGSV,3,3,09,,,,47,1*72
$GLGSV,2,1,06,65,45,305,09,66,16,257,36,72,31,020,43,75,10,126,34,3*73
$GLGSV,2,2,06,86,21,161,41,88,44,323,44,3*70
$GLGSV,1,1,01,73,00,037,,0*48
$GAGSV,2,1,06,03,68,011,43,05,19,040,38,08,50,242,42,13,16,323,38,2*78
$GAGSV,2,2,06,15,68,341,43,34,54,126,41,2*7D
$GAGSV,2,1,06,03,68,011,46,05,19,040,37,08,50,242,43,13,16,323,36,7*78
$GAGSV,2,2,06,15,68,341,46,34,54,126,45,7*79
$GAGSV,1,1,02,07,02,229,,36,04,137,,0*7E
$GBGSV,2,1,08,08,31,068,39,13,44,053,43,20,48,305,46,27,18,163,41,1*77
$GBGSV,2,2,08,29,40,299,45,32,40,031,46,38,26,080,39,39,50,075,44,1*77
$GBGSV,2,1,05,06,53,103,39,08,31,068,38,09,52,127,40,13,44,053,39,B*04
$GBGSV,2,2,05,16,51,089,40,B*36
$GBGSV,3,1,12,01,03,095,,02,58,140,,03,35,112,,05,62,201,,0*77
$GBGSV,3,2,12,07,01,156,,10,07,165,,19,13,266,,23,17,079,,0*74
$GBGSV,3,3,12,30,57,211,,59,08,095,,60,60,149,,61,35,113,,0*71
$GQGSV,1,1,02,04,20,069,36,07,19,104,34,1*66
$GQGSV,1,1,03,03,05,128,22,04,20,069,35,07,19,104,35,6*5F
$GNGLL,2454.22833,N,06708.27293,E,142112.00,A,D*7C
$GNRMC,142113.00,A,2454.22833,N,06708.27293,E,0.006,,050525,,,R,V*09
$GNVTG,,T,,M,0.006,N,0.011,K,D*3E
$GNGGA,142113.00,2454.22833,N,06708.27293,E,4,12,0.61,21.9,M,-44.2,M,1.0,0290*7D
$GNGSA,A,3,08,10,18,23,27,28,32,31,02,,,,1.29,0.61,1.14,1*07
$GNGSA,A,3,87,74,75,66,86,72,65,88,,,,,1.29,0.61,1.14,2*0D
$GNGSA,A,3,08,15,34,,,,,,,,,,1.29,0.61,1.14,3*01
$GNGSA,A,3,08,09,06,13,20,16,29,27,32,38,39,,1.29,0.61,1.14,4*03
$GNGSA,A,3,04,,,,,,,,,,,,1.29,0.61,1.14,5*08
$GPGSV,3,1,12,02,23,321,41,08,23,281,42,10,48,028,46,18,19,139,36,1*6D
$GPGSV,3,2,12,23,23,075,39,27,32,239,39,28,42,162,43,31,20,184,42,1*6D
$GPGSV,3,3,12,32,70,344,49,36,34,246,37,40,59,208,46,41,56,146,46,1*6E
$GPGSV,2,1,08,08,23,281,31,10,48,028,38,18,19,139,37,23,23,075,36,6*6D
$GPGSV,2,2,08,27,32,239,33,28,42,162,42,31,20,184,36,32,70,344,41,6*60
$GPGSV,1,1,02,24,03,038,,49,17,257,,0*62
$GLGSV,3,1,09,65,45,305,47,66,16,257,40,72,31,020,44,74,11,077,36,1*74
$GLGSV,3,2,09,75,10,126,39,86,21,161,45,87,66,182,49,88,44,323,49,1*70
$GLGSV,3,3,09,,,,47,1*72
$GLGSV,2,1,06,65,45,305,09,66,16,257,36,72,31,020,43,75,10,126,34,3*73
$GLGSV,2,2,06,86,21,161,41,88,44,323,44,3*70
$GLGSV,1,1,01,73,00,037,,0*48
$GAGSV,2,1,06,03,68,011,43,05,19,040,38,08,50,242,43,13,16,323,38,2*79
$GAGSV,2,2,06,15,68,341,43,34,54,126,41,2*7D
$GAGSV,2,1,06,03,68,011,46,05,19,040,37,08,50,242,43,13,16,323,36,7*78
$GAGSV,2,2,06,15,68,341,46,34,54,126,45,7*79
$GAGSV,1,1,02,07,02,229,,36,04,137,,0*7E
$GBGSV,2,1,08,08,31,068,39,13,44,053,43,20,48,305,46,27,18,163,41,1*77
$GBGSV,2,2,08,29,40,299,45,32,40,031,46,38,26,080,39,39,50,075,44,1*77
$GBGSV,2,1,05,06,53,103,39,08,31,068,38,09,52,127,40,13,44,053,39,B*04
$GBGSV,2,2,05,16,51,089,40,B*36
$GBGSV,3,1,12,01,03,095,,02,58,140,,03,35,112,,05,62,201,,0*77
$GBGSV,3,2,12,07,01,156,,10,07,165,,19,13,266,,23,17,079,,0*74
$GBGSV,3,3,12,30,57,211,,59,08,095,,60,60,149,,61,35,113,,0*71
$GQGSV,1,1,02,04,20,069,37,07,19,104,33,1*60
$GQGSV,1,1,03,03,05,128,22,04,20,069,36,07,19,104,35,6*5C
$GNGLL,2454.22833,N,06708.27293,E,142113.00,A,D*7D
$GNRMC,142114.00,A,2454.22833,N,06708.27293,E,0.006,,050525,,,R,V*0E
$GNVTG,,T,,M,0.006,N,0.011,K,D*3E
$GNGGA,142114.00,2454.22833,N,06708.27293,E,4,12,0.61,21.9,M,-44.2,M,1.0,0290*7A
$GNGSA,A,3,08,10,18,23,27,28,32,31,02,,,,1.29,0.61,1.14,1*07
$GNGSA,A,3,87,74,75,66,86,72,65,88,,,,,1.29,0.61,1.14,2*0D
$GNGSA,A,3,08,15,34,,,,,,,,,,1.29,0.61,1.14,3*01
$GNGSA,A,3,08,09,06,13,20,16,29,27,32,38,39,,1.29,0.61,1.14,4*03
$GNGSA,A,3,04,,,,,,,,,,,,1.29,0.61,1.14,5*08
$GPGSV,3,1,12,02,23,321,41,08,23,281,42,10,48,028,46,18,19,139,36,1*6D
$GPGSV,3,2,12,23,23,075,39,27,32,239,39,28,42,162,43,31,20,184,42,1*6D
$GPGSV,3,3,12,32,70,344,49,36,34,246,37,40,59,208,46,41,56,146,46,1*6E
$GPGSV,2,1,08,08,23,281,31,10,48,028,38,18,19,139,37,23,23,075,36,6*6D
$GPGSV,2,2,08,27,32,239,33,28,42,162,42,31,20,184,35,32,70,344,41,6*63
$GPGSV,1,1,02,24,03,038,,49,17,257,,0*62
$GLGSV,3,1,09,65,45,305,46,66,16,257,40,72,31,020,44,74,11,077,36,1*75
$GLGSV,3,2,09,75,10,126,39,86,21,161,46,87,66,182,49,88,44,323,49,1*73
$GLGSV,3,3,09,,,,47,1*72
$GLGSV,2,1,06,65,45,305,08,66,16,257,36,72,31,020,43,75,10,126,34,3*72
$GLGSV,2,2,06,86,21,161,41,88,44,323,44,3*70
$GLGSV,1,1,01,73,00,037,,0*48
$GAGSV,2,1,06,03,68,011,43,05,19,040,38,08,50,242,43,13,16,323,38,2*79
$GAGSV,2,2,06,15,68,341,43,34,54,126,42,2*7E
$GAGSV,2,1,06,03,68,011,46,05,19,040,37,08,50,242,43,13,16,323,36,7*78
$GAGSV,2,2,06,15,68,341,46,34,54,126,45,7*79
$GAGSV,1,1,02,07,02,229,,36,04,137,,0*7E
$GBGSV,2,1,08,08,31,068,39,13,44,053,43,20,48,305,46,27,18,163,41,1*77
$GBGSV,2,2,08,29,40,299,45,32,40,031,46,38,26,080,39,39,50,075,44,1*77
$GBGSV,2,1,05,06,53,103,40,08,31,068,39,09,52,127,40,13,44,053,39,B*0B
$GBGSV,2,2,05,16,51,089,40,B*36
$GBGSV,3,1,12,01,03,095,,02,58,140,,03,35,112,,05,62,201,,0*77
$GBGSV,3,2,12,07,01,156,,10,07,165,,19,13,266,,23,17,079,,0*74
$GBGSV,3,3,12,30,57,211,,59,08,095,,60,60,149,,61,35,113,,0*71
$GQGSV,1,1,02,04,20,069,37,07,19,104,34,1*67
$GQGSV,1,1,03,03,05,128,22,04,20,069,36,07,19,104,35,6*5C
$GNGLL,2454.22833,N,06708.27293,E,142114.00,A,D*7A
$GNRMC,142115.00,A,2454.22833,N,06708.27293,E,0.010,,050525,,,R,V*08
$GNVTG,,T,,M,0.010,N,0.018,K,D*30
$GNGGA,142115.00,2454.22833,N,06708.27293,E,4,12,0.61,21.9,M,-44.2,M,1.0,0290*7B
$GNGSA,A,3,08,10,18,23,27,28,32,31,02,,,,1.29,0.61,1.14,1*07
$GNGSA,A,3,87,74,75,66,86,72,65,88,,,,,1.29,0.61,1.14,2*0D
$GNGSA,A,3,08,15,34,,,,,,,,,,1.29,0.61,1.14,3*01
$GNGSA,A,3,08,09,06,13,20,16,29,27,32,38,39,,1.29,0.61,1.14,4*03
$GNGSA,A,3,04,,,,,,,,,,,,1.29,0.61,1.14,5*08
$GPGSV,3,1,12,02,23,321,41,08,23,281,42,10,48,028,46,18,19,139,36,1*6D
$GPGSV,3,2,12,23,23,075,39,27,32,239,39,28,42,162,43,31,20,184,42,1*6D
$GPGSV,3,3,12,32,70,344,49,36,34,246,37,40,59,208,46,41,56,146,46,1*6E
$GPGSV,2,1,08,08,23,281,31,10,48,028,38,18,19,139,37,23,23,075,36,6*6D
$GPGSV,2,2,08,27,32,239,33,28,42,162,42,31,20,184,36,32,70,344,41,6*60
$GPGSV,1,1,02,24,03,038,,49,17,257,,0*62
$GLGSV,3,1,09,65,45,305,46,66,16,257,40,72,31,020,44,74,11,077,36,1*75
$GLGSV,3,2,09,75,10,126,40,86,21,161,45,87,66,182,49,88,44,323,49,1*7E
$GLGSV,3,3,09,,,,47,1*72
$GLGSV,2,1,06,65,45,305,09,66,16,257,36,72,31,020,43,75,10,126,34,3*73
$GLGSV,2,2,06,86,21,161,41,88,44,323,44,3*70
$GLGSV,1,1,01,73,00,037,,0*48
$GAGSV,2,1,06,03,68,011,43,05,19,040,38,08,50,242,43,13,16,323,38,2*79
$GAGSV,2,2,06,15,68,341,43,34,54,126,42,2*7E
$GAGSV,2,1,06,03,68,011,46,05,19,040,37,08,50,242,43,13,16,323,37,7*79
$GAGSV,2,2,06,15,68,341,46,34,54,126,45,7*79
$GAGSV,1,1,02,07,02,229,,36,04,137,,0*7E
$GBGSV,2,1,08,08,31,068,39,13,44,053,43,20,48,305,46,27,18,163,41,1*77
$GBGSV,2,2,08,29,40,299,45,32,40,031,46,38,26,080,39,39,50,075,44,1*77
$GBGSV,2,1,05,06,53,103,40,08,31,068,39,09,52,127,40,13,44,053,39,B*0B
$GBGSV,2,2,05,16,51,089,40,B*36
$GBGSV,3,1,12,01,03,095,,02,58,140,,03,35,112,,05,62,201,,0*77
$GBGSV,3,2,12,07,01,156,,10,07,165,,19,13,266,,23,17,079,,0*74
$GBGSV,3,3,12,30,57,211,,59,08,095,,60,60,149,,61,35,113,,0*71
$GQGSV,1,1,02,04,20,069,37,07,19,104,33,1*60
$GQGSV,1,1,03,03,05,128,22,04,20,069,36,07,19,104,35,6*5C
$GNGLL,2454.22833,N,06708.27293,E,142115.00,A,D*7B
$GNRMC,142116.00,A,2454.22833,N,06708.27293,E,0.009,,050525,,,R,V*03
$GNVTG,,T,,M,0.009,N,0.017,K,D*37
$GNGGA,142116.00,2454.22833,N,06708.27293,E,4,12,0.61,21.9,M,-44.2,M,1.0,0290*78
$GNGSA,A,3,08,10,18,23,27,28,32,31,02,,,,1.29,0.61,1.14,1*07
$GNGSA,A,3,87,74,75,66,86,72,65,88,,,,,1.29,0.61,1.14,2*0D
$GNGSA,A,3,08,15,34,,,,,,,,,,1.29,0.61,1.14,3*01
$GNGSA,A,3,08,09,06,13,20,16,29,27,32,38,39,,1.29,0.61,1.14,4*03
$GNGSA,A,3,04,,,,,,,,,,,,1.29,0.61,1.14,5*08
$GPGSV,3,1,12,02,23,321,41,08,23,281,42,10,48,028,46,18,19,139,36,1*6D
$GPGSV,3,2,12,23,23,075,39,27,32,239,39,28,42,162,43,31,20,184,42,1*6D
$GPGSV,3,3,12,32,70,344,49,36,34,246,37,40,59,208,46,41,56,146,46,1*6E
$GPGSV,2,1,08,08,23,281,32,10,48,028,38,18,19,139,37,23,23,075,36,6*6E
$GPGSV,2,2,08,27,32,239,33,28,42,162,42,31,20,184,36,32,70,344,41,6*60
$GPGSV,1,1,02,24,03,038,,49,17,257,,0*62
$GLGSV,3,1,09,65,45,305,46,66,16,257,40,72,31,020,44,74,11,077,36,1*75
$GLGSV,3,2,09,75,10,126,40,86,21,161,45,87,66,182,49,88,44,323,49,1*7E
$GLGSV,3,3,09,,,,47,1*72
$GLGSV,2,1,06,65,45,305,08,66,16,257,36,72,31,020,43,75,10,126,35,3*73
$GLGSV,2,2,06,86,21,161,41,88,44,323,44,3*70
$GLGSV,1,1,01,73,00,037,,0*48
$GAGSV,2,1,06,03,68,011,43,05,19,040,38,08,50,242,43,13,16,323,38,2*79
$GAGSV,2,2,06,15,68,341,44,34,54,126,42,2*79
$GAGSV,2,1,06,03,68,011,46,05,19,040,37,08,50,242,43,13,16,323,37,7*79
$GAGSV,2,2,06,15,68,341,46,34,54,126,45,7*79
$GAGSV,1,1,02,07,02,229,,36,04,137,,0*7E
$GBGSV,2,1,08,08,31,068,39,13,44,053,43,20,48,305,46,27,18,163,41,1*77
$GBGSV,2,2,08,29,40,299,45,32,40,031,46,38,26,080,39,39,50,075,44,1*77
$GBGSV,2,1,05,06,53,103,40,08,31,068,39,09,52,127,40,13,44,053,39,B*0B
$GBGSV,2,2,05,16,51,089,40,B*36
$GBGSV,3,1,12,01,03,095,,02,58,140,,03,35,112,,05,62,201,,0*77
$GBGSV,3,2,12,07,01,156,,10,07,165,,19,13,266,,23,17,079,,0*74
$GBGSV,3,3,12,30,57,211,,59,08,095,,60,60,149,,61,35,113,,0*71
$GQGSV,1,1,02,04,20,069,37,07,19,104,34,1*67
$GQGSV,1,1,03,03,05,128,23,04,20,069,36,07,19,104,35,6*5D
$GNGLL,2454.22833,N,06708.27293,E,142116.00,A,D*78
$GNRMC,142117.00,A,2454.22833,N,06708.27293,E,0.003,,050525,,,R,V*08
$GNVTG,,T,,M,0.003,N,0.005,K,D*3E
$GNGGA,142117.00,2454.22833,N,06708.27293,E,4,12,0.61,21.9,M,-44.2,M,1.0,0290*79
$GNGSA,A,3,08,10,18,23,27,28,32,31,02,,,,1.29,0.61,1.14,1*07
$GNGSA,A,3,87,74,75,66,86,72,65,88,,,,,1.29,0.61,1.14,2*0D
$GNGSA,A,3,08,15,34,,,,,,,,,,1.29,0.61,1.14,3*01
$GNGSA,A,3,08,09,06,13,20,16,29,27,32,38,39,,1.29,0.61,1.14,4*03
$GNGSA,A,3,04,,,,,,,,,,,,1.29,0.61,1.14,5*08
$GPGSV,3,1,12,02,23,321,41,08,23,281,42,10,48,028,46,18,19,139,36,1*6D
$GPGSV,3,2,12,23,23,075,39,27,32,239,39,28,42,162,43,31,20,184,42,1*6D
$GPGSV,3,3,12,32,70,344,49,36,34,246,37,40,59,208,46,41,56,146,46,1*6E
$GPGSV,2,1,08,08,23,281,31,10,48,028,38,18,19,139,37,23,23,075,35,6*6E
$GPGSV,2,2,08,27,32,239,33,28,42,162,42,31,20,184,36,32,70,344,41,6*60
$GPGSV,1,1,02,24,03,038,,49,17,257,,0*62
$GLGSV,3,1,09,65,45,305,46,66,16,257,41,72,31,020,44,74,11,077,36,1*74
$GLGSV,3,2,09,75,10,126,40,86,21,161,45,87,66,182,49,88,44,323,49,1*7E
$GLGSV,3,3,09,,,,47,1*72
$GLGSV,2,1,05,66,16,257,36,72,31,020,43,75,10,126,34,86,21,161,41,3*73
$GLGSV,2,2,05,88,44,323,44,3*4D
$GLGSV,1,1,01,73,00,037,,0*48
$GAGSV,2,1,06,03,68,011,43,05,19,040,38,08,50,242,43,13,16,323,38,2*79
$GAGSV,2,2,06,15,68,341,44,34,54,126,42,2*79
$GAGSV,2,1,06,03,68,011,46,05,19,040,37,08,50,242,43,13,16,323,37,7*79
$GAGSV,2,2,06,15,68,341,46,34,54,126,45,7*79
$GAGSV,1,1,02,07,02,229,,36,04,137,,0*7E
$GBGSV,2,1,08,08,31,068,39,13,44,053,43,20,48,305,46,27,18,163,41,1*77
$GBGSV,2,2,08,29,40,299,45,32,40,031,45,38,26,080,39,39,50,075,44,1*74
$GBGSV,2,1,05,06,53,103,40,08,31,068,39,09,52,127,40,13,44,053,39,B*0B
$GBGSV,2,2,05,16,51,089,40,B*36
$GBGSV,3,1,12,01,03,095,,02,58,140,,03,35,112,,05,62,201,,0*77
$GBGSV,3,2,12,07,01,156,,10,07,165,,19,13,266,,23,17,079,,0*74
$GBGSV,3,3,12,30,57,211,,59,08,095,,60,60,149,,61,35,113,,0*71
$GQGSV,1,1,02,04,20,069,37,07,19,104,34,1*67
$GQGSV,1,1,03,03,05,128,23,04,20,069,36,07,19,104,35,6*5D
$GNGLL,2454.22833,N,06708.27293,E,142117.00,A,D*79
$GNRMC,142118.00,A,2454.22833,N,06708.27292,E,0.006,,050525,,,R,V*03
$GNVTG,,T,,M,0.006,N,0.011,K,D*3E
$GNGGA,142118.00,2454.22833,N,06708.27292,E,4,12,0.61,21.9,M,-44.2,M,1.0,0290*77
$GNGSA,A,3,08,10,18,23,27,28,32,31,02,,,,1.29,0.61,1.14,1*07
$GNGSA,A,3,87,74,75,66,86,72,65,88,,,,,1.29,0.61,1.14,2*0D
$GNGSA,A,3,08,15,34,,,,,,,,,,1.29,0.61,1.14,3*01
$GNGSA,A,3,08,09,06,13,20,16,29,27,32,38,39,,1.29,0.61,1.14,4*03
$GNGSA,A,3,04,,,,,,,,,,,,1.29,0.61,1.14,5*08
$GPGSV,3,1,12,02,23,321,41,08,23,281,42,10,48,028,46,18,19,139,36,1*6D
$GPGSV,3,2,12,23,23,075,40,27,32,239,39,28,42,162,43,31,20,184,42,1*63
$GPGSV,3,3,12,32,70,344,49,36,34,246,37,40,59,208,46,41,56,146,46,1*6E
$GPGSV,2,1,08,08,23,281,31,10,48,028,38,18,19,139,37,23,23,075,36,6*6D
$GPGSV,2,2,08,27,32,239,34,28,42,162,42,31,20,184,36,32,70,344,41,6*67
$GPGSV,1,1,02,24,03,038,,49,17,257,,0*62
$GLGSV,3,1,09,65,45,305,46,66,16,257,41,72,31,020,44,74,11,077,36,1*74
$GLGSV,3,2,09,75,10,126,39,86,21,161,45,87,66,182,49,88,44,323,49,1*70
$GLGSV,3,3,09,,,,47,1*72
$GLGSV,2,1,06,66,16,257,36,72,31,020,43,75,10,126,34,86,21,161,41,3*70
$GLGSV,2,2,06,88,44,323,44,,,,43,3*49
$GLGSV,1,1,01,73,00,037,,0*48
$GAGSV,2,1,06,03,68,011,43,05,19,040,38,08,50,242,43,13,16,323,38,2*79
$GAGSV,2,2,06,15,68,341,44,34,54,126,42,2*79
$GAGSV,2,1,06,03,68,011,46,05,19,040,37,08,50,242,43,13,16,323,37,7*79
$GAGSV,2,2,06,15,68,341,46,34,54,126,45,7*79
$GAGSV,1,1,02,07,02,229,,36,04,137,,0*7E
$GBGSV,2,1,08,08,31,068,39,13,44,053,43,20,48,305,46,27,18,163,41,1*77
$GBGSV,2,2,08,29,40,299,45,32,40,031,45,38,26,080,39,39,50,075,44,1*74
$GBGSV,2,1,05,06,53,103,40,08,31,068,39,09,52,127,40,13,44,053,39,B*0B
$GBGSV,2,2,05,16,51,089,40,B*36
$GBGSV,3,1,12,01,03,095,,02,58,140,,03,35,112,,05,62,201,,0*77
$GBGSV,3,2,12,07,01,156,,10,07,165,,19,13,266,,23,17,079,,0*74
$GBGSV,3,3,12,30,57,211,,59,08,095,,60,60,149,,61,35,113,,0*71
$GQGSV,1,1,02,04,20,069,37,07,19,104,33,1*60
$GQGSV,1,1,03,03,05,128,23,04,20,069,36,07,19,104,35,6*5D
$GNGLL,2454.22833,N,06708.27292,E,142118.00,A,D*77
$GNRMC,142119.00,A,2454.22833,N,06708.27293,E,0.014,,050525,,,R,V*00
$GNVTG,,T,,M,0.014,N,0.026,K,D*39
$GNGGA,142119.00,2454.22833,N,06708.27293,E,4,12,0.61,21.9,M,-44.2,M,1.0,0290*77
$GNGSA,A,3,08,10,18,23,27,28,32,31,02,,,,1.29,0.61,1.14,1*07
$GNGSA,A,3,87,74,75,66,86,72,65,88,,,,,1.29,0.61,1.14,2*0D
$GNGSA,A,3,08,15,34,,,,,,,,,,1.29,0.61,1.14,3*01
$GNGSA,A,3,08,09,06,13,20,16,29,27,32,38,39,,1.29,0.61,1.14,4*03
$GNGSA,A,3,04,,,,,,,,,,,,1.29,0.61,1.14,5*08
$GPGSV,3,1,12,02,23,321,41,08,23,281,42,10,48,028,46,18,19,139,36,1*6D
$GPGSV,3,2,12,23,23,075,40,27,32,239,39,28,42,162,43,31,20,184,42,1*63
$GPGSV,3,3,12,32,70,344,49,36,34,246,37,40,59,208,46,41,56,146,46,1*6E
$GPGSV,2,1,08,08,23,281,31,10,48,028,38,18,19,139,37,23,23,075,36,6*6D
$GPGSV,2,2,08,27,32,239,34,28,42,162,42,31,20,184,36,32,70,344,41,6*67
$GPGSV,1,1,02,24,03,038,,49,17,257,,0*62
$GLGSV,3,1,09,65,45,305,46,66,16,257,41,72,31,020,44,74,11,077,35,1*77
$GLGSV,3,2,09,75,10,126,40,86,21,161,45,87,66,182,49,88,44,323,49,1*7E
$GLGSV,3,3,09,,,,47,1*72
$GLGSV,2,1,06,66,16,257,36,72,31,020,43,75,10,126,34,86,21,161,41,3*70
$GLGSV,2,2,06,88,44,323,44,,,,43,3*49
$GLGSV,1,1,01,73,00,037,,0*48
$GAGSV,2,1,06,03,68,011,43,05,19,040,38,08,50,242,43,13,16,323,38,2*79
$GAGSV,2,2,06,15,68,341,44,34,54,126,42,2*79
$GAGSV,2,1,06,03,68,011,46,05,19,040,37,08,50,242,43,13,16,323,37,7*79
$GAGSV,2,2,06,15,68,341,46,34,54,126,45,7*79
$GAGSV,1,1,02,07,02,229,,36,04,137,,0*7E
$GBGSV,2,1,08,08,31,068,39,13,44,053,43,20,48,305,46,27,18,163,41,1*77
$GBGSV,2,2,08,29,40,299,45,32,40,031,45,38,26,080,39,39,50,075,44,1*74
$GBGSV,2,1,05,06,53,103,40,08,31,068,39,09,52,127,40,13,44,053,39,B*0B
$GBGSV,2,2,05,16,51,089,40,B*36
$GBGSV,3,1,12,01,03,095,,02,58,140,,03,35,112,,05,62,201,,0*77
$GBGSV,3,2,12,07,01,156,,10,07,165,,19,13,266,,23,17,079,,0*74
$GBGSV,3,3,12,30,57,211,,59,08,095,,60,60,149,,61,35,113,,0*71
$GQGSV,1,1,02,04,20,069,37,07,19,104,34,1*67
$GQGSV,1,1,03,03,05,128,23,04,20,069,36,07,19,104,35,6*5D
$GNGLL,2454.22833,N,06708.27293,E,142119.00,A,D*77
$GNRMC,142120.00,A,2454.22833,N,06708.27293,E,0.009,,050525,,,R,V*06
$GNVTG,,T,,M,0.009,N,0.017,K,D*37
$GNGGA,142120.00,2454.22833,N,06708.27293,E,4,12,0.61,21.9,M,-44.2,M,1.0,0290*7D
$GNGSA,A,3,08,10,18,23,27,28,32,31,02,,,,1.29,0.61,1.14,1*07
$GNGSA,A,3,87,74,75,66,86,72,65,88,,,,,1.29,0.61,1.14,2*0D
$GNGSA,A,3,08,15,34,,,,,,,,,,1.29,0.61,1.14,3*01
$GNGSA,A,3,08,09,06,13,20,16,29,27,32,38,39,,1.29,0.61,1.14,4*03
$GNGSA,A,3,04,,,,,,,,,,,,1.29,0.61,1.14,5*08
$GPGSV,3,1,12,02,23,321,41,08,23,281,42,10,48,028,46,18,19,139,37,1*6C
$GPGSV,3,2,12,23,23,075,40,27,32,239,39,28,42,162,43,31,20,184,42,1*63
$GPGSV,3,3,12,32,70,344,49,36,34,246,37,40,59,208,46,41,56,146,46,1*6E
$GPGSV,2,1,08,08,23,281,32,10,48,028,39,18,19,139,38,23,23,075,36,6*60
$GPGSV,2,2,08,27,32,239,34,28,42,162,43,31,20,184,36,32,70,344,42,6*65
$GPGSV,1,1,02,24,03,038,,49,17,257,,0*62
$GLGSV,3,1,09,65,45,305,46,66,16,257,41,72,31,020,44,74,11,077,35,1*77
$GLGSV,3,2,09,75,10,126,40,86,21,161,45,87,66,182,49,88,44,323,49,1*7E
$GLGSV,3,3,09,,,,47,1*72
$GLGSV,2,1,06,66,16,257,36,72,31,020,43,75,10,126,35,86,21,161,40,3*70
$GLGSV,2,2,06,88,44,323,44,,,,43,3*49
$GLGSV,1,1,01,73,00,037,,0*48
$GAGSV,2,1,06,03,68,011,43,05,19,040,38,08,50,242,43,13,16,323,38,2*79
$GAGSV,2,2,06,15,68,341,44,34,54,126,42,2*79
$GAGSV,2,1,06,03,68,011,46,05,19,040,37,08,50,242,43,13,16,323,37,7*79
$GAGSV,2,2,06,15,68,341,46,34,54,126,45,7*79
$GAGSV,1,1,02,07,02,229,,36,04,137,,0*7E
$GBGSV,2,1,08,08,31,068,39,13,44,053,43,20,48,305,46,27,18,163,41,1*77
$GBGSV,2,2,08,29,40,299,45,32,40,031,46,38,26,080,39,39,50,075,45,1*76
$GBGSV,2,1,05,06,53,103,40,08,31,068,39,09,52,127,40,13,44,053,39,B*0B
$GBGSV,2,2,05,16,51,089,40,B*36
$GBGSV,3,1,12,01,03,095,,02,58,140,,03,35,112,,05,62,201,,0*77
$GBGSV,3,2,12,07,01,156,,10,07,165,,19,13,266,,23,17,079,,0*74
$GBGSV,3,3,12,30,57,211,,59,08,095,,60,60,149,,61,35,113,,0*71
$GQGSV,1,1,02,04,20,069,37,07,19,104,33,1*60
$GQGSV,1,1,03,03,05,128,23,04,20,069,36,07,19,104,36,6*5E
$GNGLL,2454.22833,N,06708.27293,E,142120.00,A,D*7D
$GNRMC,142121.00,A,2454.22833,N,06708.27293,E,0.010,,050525,,,R,V*0F
$GNVTG,,T,,M,0.010,N,0.018,K,D*30
$GNGGA,142121.00,2454.22833,N,06708.27293,E,4,12,0.61,21.9,M,-44.2,M,1.0,0290*7C
$GNGSA,A,3,08,10,18,23,27,28,32,31,02,,,,1.29,0.61,1.14,1*07
$GNGSA,A,3,87,74,75,66,86,72,65,88,,,,,1.29,0.61,1.14,2*0D
$GNGSA,A,3,08,15,34,,,,,,,,,,1.29,0.61,1.14,3*01
$GNGSA,A,3,08,09,06,13,20,16,29,27,32,38,39,,1.29,0.61,1.14,4*03
$GNGSA,A,3,04,,,,,,,,,,,,1.29,0.61,1.14,5*08
$GPGSV,3,1,12,02,23,321,41,08,23,281,42,10,48,028,46,18,19,139,36,1*6D
$GPGSV,3,2,12,23,23,075,40,27,32,239,39,28,42,162,43,31,20,184,42,1*63
$GPGSV,3,3,12,32,70,344,49,36,34,246,36,40,59,208,46,41,56,146,46,1*6F
$GPGSV,2,1,08,08,23,281,32,10,48,028,39,18,19,139,38,23,23,075,36,6*60
$GPGSV,2,2,08,27,32,239,34,28,42,162,43,31,20,184,36,32,70,344,42,6*65
$GPGSV,1,1,02,24,03,038,,49,17,257,,0*62
$GLGSV,3,1,09,65,45,305,46,66,16,257,41,72,31,020,44,74,11,077,35,1*77
$GLGSV,3,2,09,75,10,126,40,86,21,161,45,87,66,182,49,88,44,323,49,1*7E
$GLGSV,3,3,09,,,,47,1*72
$GLGSV,2,1,06,66,16,257,36,72,31,020,43,75,10,126,35,86,21,161,40,3*70
$GLGSV,2,2,06,88,44,323,44,,,,43,3*49
$GLGSV,1,1,01,73,00,037,,0*48
$GAGSV,2,1,06,03,68,011,43,05,19,040,38,08,50,242,43,13,16,323,38,2*79
$GAGSV,2,2,06,15,68,341,44,34,54,126,42,2*79
$GAGSV,2,1,06,03,68,011,46,05,19,040,37,08,50,242,43,13,16,323,37,7*79
$GAGSV,2,2,06,15,68,341,46,34,54,126,45,7*79
$GAGSV,1,1,02,07,02,229,,36,04,137,,0*7E
$GBGSV,2,1,08,08,31,068,38,13,44,053,43,20,48,305,46,27,18,163,41,1*76
$GBGSV,2,2,08,29,40,299,45,32,40,031,45,38,26,080,39,39,50,075,44,1*74
$GBGSV,2,1,05,06,53,103,40,08,31,068,39,09,52,127,40,13,44,053,40,B*05
$GBGSV,2,2,05,16,51,089,40,B*36
$GBGSV,3,1,12,01,03,095,,02,58,140,,03,35,112,,05,62,201,,0*77
$GBGSV,3,2,12,07,01,156,,10,07,165,,19,13,266,,23,17,079,,0*74
$GBGSV,3,3,12,30,57,211,,59,08,095,,60,60,149,,61,35,113,,0*71
$GQGSV,1,1,02,04,20,069,36,07,19,104,33,1*61
$GQGSV,1,1,03,03,05,128,23,04,20,069,36,07,19,104,36,6*5E
$GNGLL,2454.22833,N,06708.27293,E,142121.00,A,D*7C
$GNRMC,142122.00,A,2454.22833,N,06708.27292,E,0.012,,050525,,,R,V*0F
$GNVTG,,T,,M,0.012,N,0.023,K,D*3A
$GNGGA,142122.00,2454.22833,N,06708.27292,E,4,12,0.61,21.9,M,-44.2,M,1.0,0290*7E
$GNGSA,A,3,08,10,18,23,27,28,32,31,02,,,,1.29,0.61,1.14,1*07
$GNGSA,A,3,87,74,75,66,86,72,65,88,,,,,1.29,0.61,1.14,2*0D
$GNGSA,A,3,08,15,34,,,,,,,,,,1.29,0.61,1.14,3*01
$GNGSA,A,3,08,09,06,13,20,16,29,27,32,38,39,,1.29,0.61,1.14,4*03
$GNGSA,A,3,04,,,,,,,,,,,,1.29,0.61,1.14,5*08
$GPGSV,3,1,12,02,23,321,41,08,23,281,42,10,48,028,46,18,19,139,36,1*6D
$GPGSV,3,2,12,23,23,075,40,27,32,239,39,28,42,162,43,31,20,184,42,1*63
$GPGSV,3,3,12,32,70,344,49,36,34,246,36,40,59,208,46,41,56,146,46,1*6F
$GPGSV,2,1,08,08,23,281,32,10,48,028,39,18,19,139,37,23,23,075,36,6*6F
$GPGSV,2,2,08,27,32,239,34,28,42,162,42,31,20,184,36,32,70,344,42,6*64
$GPGSV,1,1,02,24,03,038,,49,17,257,,0*62
$GLGSV,3,1,09,65,45,305,46,66,16,257,41,72,31,020,44,74,11,077,35,1*77
$GLGSV,3,2,09,75,10,126,40,86,21,161,45,87,66,182,49,88,44,323,49,1*7E
$GLGSV,3,3,09,,,,47,1*72
$GLGSV,2,1,07,65,45,305,13,66,16,257,36,72,31,020,43,75,10,126,34,3*79
$GLGSV,2,2,07,86,21,161,40,88,44,323,44,,,,43,3*77
$GLGSV,1,1,01,73,00,037,,0*48
$GAGSV,2,1,06,03,68,011,43,05,19,040,38,08,50,242,43,13,16,323,38,2*79
$GAGSV,2,2,06,15,68,341,43,34,54,126,42,2*7E
$GAGSV,2,1,06,03,68,011,46,05,19,040,37,08,50,242,43,13,16,323,37,7*79
$GAGSV,2,2,06,15,68,341,46,34,54,126,45,7*79
$GAGSV,1,1,02,07,02,229,,36,04,137,,0*7E
$GBGSV,2,1,08,08,31,068,39,13,44,053,43,20,48,305,47,27,18,163,41,1*76
$GBGSV,2,2,08,29,40,299,45,32,40,031,46,38,26,080,39,39,50,075,45,1*76
$GBGSV,2,1,05,06,53,103,40,08,31,068,39,09,52,127,40,13,44,053,39,B*0B
$GBGSV,2,2,05,16,51,089,40,B*36
$GBGSV,3,1,12,01,03,095,,02,58,140,,03,35,112,,05,62,201,,0*77
$GBGSV,3,2,12,07,01,156,,10,07,165,,19,13,266,,23,17,079,,0*74
$GBGSV,3,3,12,30,57,211,,59,08,095,,60,60,149,,61,35,113,,0*71
$GQGSV,1,1,02,04,20,069,37,07,19,104,34,1*67
$GQGSV,1,1,03,03,05,128,23,04,20,069,36,07,19,104,36,6*5E
$GNGLL,2454.22833,N,06708.27292,E,142122.00,A,D*7E
$GNRMC,142123.00,A,2454.22833,N,06708.27293,E,0.008,,050525,,,R,V*04
$GNVTG,,T,,M,0.008,N,0.014,K,D*35
$GNGGA,142123.00,2454.22833,N,06708.27293,E,4,12,0.61,21.9,M,-44.2,M,1.0,0290*7E
$GNGSA,A,3,08,10,18,23,27,28,32,31,02,,,,1.29,0.61,1.14,1*07
$GNGSA,A,3,87,74,75,66,86,72,65,88,,,,,1.29,0.61,1.14,2*0D
$GNGSA,A,3,08,15,34,,,,,,,,,,1.29,0.61,1.14,3*01
$GNGSA,A,3,08,09,06,13,20,16,29,27,32,38,39,,1.29,0.61,1.14,4*03
$GNGSA,A,3,04,,,,,,,,,,,,1.29,0.61,1.14,5*08
$GPGSV,3,1,12,02,23,321,41,0