$GNRMC,174452.00,A,2454.22970,N,06708.26845,E,0.005,,300425,,,R,V*0E
$GNVTG,,T,,M,0.005,N,0.010,K,D*3C
$GNGGA,174452.00,2454.22970,N,06708.26845,E,4,12,0.61,21.8,M,-44.2,M,1.0,0265*75
$GNGSA,A,3,01,03,10,28,31,04,26,02,16,32,,,1.38,0.61,1.24,1*04
$GNGSA,A,3,69,80,68,85,84,78,79,,,,,,1.38,0.61,1.24,2*01
$GNGSA,A,3,11,23,21,31,10,19,,,,,,,1.38,0.61,1.24,3*00
$GNGSA,A,3,06,08,13,16,09,25,27,23,,,,,1.38,0.61,1.24,4*0F
$GNGSA,A,3,04,,,,,,,,,,,,1.38,0.61,1.24,5*0B
$GPGSV,4,1,13,01,48,265,44,02,40,225,44,03,44,331,44,04,23,289,37,1*6C
$GPGSV,4,2,13,10,13,129,32,16,23,158,41,26,42,129,43,28,36,037,44,1*63
$GPGSV,4,3,13,31,65,032,47,32,16,067,38,40,59,208,47,41,56,146,46,1*68
$GPGSV,4,4,13,42,19,104,44,1*5D
$GPGSV,2,1,08,01,48,265,47,03,44,331,45,04,23,289,40,10,13,129,25,6*68
$GPGSV,2,2,08,26,42,129,45,28,36,037,45,31,65,032,45,32,16,067,37,6*6A
$GLGSV,3,1,09,68,25,069,44,69,40,011,49,70,09,308,32,78,19,035,48,1*7A
$GLGSV,3,2,09,79,57,084,50,80,37,170,49,84,31,250,39,85,18,305,40,1*77
$GLGSV,3,3,09,,,,43,1*76
$GLGSV,2,1,08,68,25,069,47,69,40,011,49,78,19,035,47,79,57,084,48,3*7C
$GLGSV,2,2,08,80,37,170,48,84,31,250,46,85,18,305,39,,,,39,3*4D
$GLGSV,1,1,01,83,04,191,,0*4E
$GAGSV,3,1,11,04,52,004,51,06,49,320,50,09,34,294,50,10,49,213,51,2*74
$GAGSV,3,2,11,11,53,260,47,12,34,187,46,19,17,062,37,21,11,052,43,2*73
$GAGSV,3,3,11,23,32,101,50,31,23,158,47,36,22,314,44,2*4C
$GAGSV,3,1,11,04,52,004,46,06,49,320,45,09,34,294,44,10,49,213,45,7*73
$GAGSV,3,2,11,11,53,260,43,12,34,187,39,19,17,062,33,21,11,052,37,7*7D
$GAGSV,3,3,11,23,32,101,44,31,23,158,39,36,22,314,37,7*41
$GBGSV,2,1,08,06,56,036,44,08,34,128,41,09,71,034,47,13,52,122,46,1*71
$GBGSV,2,2,08,16,48,036,44,23,64,151,51,25,43,055,48,27,18,227,42,1*73
$GBGSV,2,1,06,06,56,036,47,08,34,128,47,09,71,034,49,13,52,122,48,B*09
$GBGSV,2,2,06,16,48,036,46,27,18,227,09,B*0D
$GBGSV,4,1,13,01,03,096,,02,58,141,,03,34,114,,07,07,138,,0*7C
$GBGSV,4,2,13,10,08,148,,28,06,187,,30,12,277,,32,37,326,,0*75
$GBGSV,4,3,13,33,18,096,,37,23,199,,38,24,132,,39,39,036,,0*78
$GBGSV,4,4,13,41,53,049,,0*4B
$GQGSV,1,1,02,02,11,083,37,04,19,094,38,1*60
$GQGSV,1,1,03,02,11,083,46,04,19,094,37,07,19,104,46,6*57
$GNGLL,2454.22970,N,06708.26845,E,174452.00,A,D*7E
$GNRMC,174453.00,A,2454.22970,N,06708.26845,E,0.011,,300425,,,R,V*0A
$GNVTG,,T,,M,0.011,N,0.021,K,D*3B
$GNGGA,174453.00,2454.22970,N,06708.26845,E,4,12,0.61,21.8,M,-44.2,M,1.0,0265*74
$GNGSA,A,3,01,03,10,28,31,04,26,02,16,32,,,1.38,0.61,1.24,1*04
$GNGSA,A,3,69,80,68,85,84,78,79,,,,,,1.38,0.61,1.24,2*01
$GNGSA,A,3,11,23,21,31,10,19,,,,,,,1.38,0.61,1.24,3*00
$GNGSA,A,3,06,08,13,16,09,25,27,23,,,,,1.38,0.61,1.24,4*0F
$GNGSA,A,3,04,,,,,,,,,,,,1.38,0.61,1.24,5*0B
$GPGSV,4,1,13,01,48,265,44,02,40,225,44,03,44,331,44,04,23,289,37,1*6C
$GPGSV,4,2,13,10,13,129,32,16,23,158,41,26,42,129,43,28,36,037,44,1*63
$GPGSV,4,3,13,31,65,032,47,32,16,067,37,40,59,208,47,41,56,146,46,1*67
$GPGSV,4,4,13,42,19,104,44,1*5D
$GPGSV,2,1,08,01,48,265,47,03,44,331,45,04,23,289,40,10,13,129,24,6*69
$GPGSV,2,2,08,26,42,129,45,28,36,037,45,31,65,032,45,32,16,067,37,6*6A
$GLGSV,3,1,09,68,25,069,44,69,40,011,49,70,09,308,32,78,19,035,48,1*7A
$GLGSV,3,2,09,79,57,084,50,80,37,170,49,84,31,250,39,85,18,305,40,1*77
$GLGSV,3,3,09,,,,42,1*77
$GLGSV,2,1,08,68,25,069,47,69,40,011,49,78,19,035,47,79,57,084,48,3*7C
$GLGSV,2,2,08,80,37,170,48,84,31,250,46,85,18,305,39,,,,39,3*4D
$GLGSV,1,1,01,83,04,191,,0*4E
$GAGSV,3,1,11,04,52,004,51,06,49,320,50,09,34,294,50,10,49,213,51,2*74
$GAGSV,3,2,11,11,53,260,47,12,34,187,46,19,17,062,37,21,11,052,42,2*72
$GAGSV,3,3,11,23,32,101,50,31,23,158,47,36,22,314,44,2*4C
$GAGSV,3,1,11,04,52,004,45,06,49,320,45,09,34,294,44,10,49,213,45,7*70
$GAGSV,3,2,11,11,53,260,43,12,34,187,39,19,17,062,33,21,11,052,37,7*7D
$GAGSV,3,3,11,23,32,101,43,31,23,158,39,36,22,314,37,7*46
$GBGSV,2,1,08,06,56,036,44,08,34,128,41,09,71,034,47,13,52,122,46,1*71
$GBGSV,2,2,08,16,48,036,44,23,64,151,51,25,43,055,48,27,18,227,42,1*73
$GBGSV,2,1,06,06,56,036,47,08,34,128,47,09,71,034,49,13,52,122,48,B*09
$GBGSV,2,2,06,16,48,036,46,27,18,227,08,B*0C
$GBGSV,4,1,13,01,03,096,,02,58,141,,03,34,114,,07,07,138,,0*7C
$GBGSV,4,2,13,10,08,148,,28,06,187,,30,12,277,,32,37,326,,0*75
$GBGSV,4,3,13,33,18,096,,37,23,199,,38,24,132,,39,39,036,,0*78
$GBGSV,4,4,13,41,53,049,,0*4B
$GQGSV,1,1,02,02,11,083,37,04,19,094,38,1*60
$GQGSV,1,1,03,02,11,083,46,04,19,094,37,07,19,104,46,6*57
$GNGLL,2454.22970,N,06708.26845,E,174453.00,A,D*7F
$GNRMC,174454.00,A,2454.22970,N,06708.26845,E,0.011,,300425,,,R,V*0D
$GNVTG,,T,,M,0.011,N,0.021,K,D*3B
$GNGGA,174454.00,2454.22970,N,06708.26845,E,4,12,0.61,21.8,M,-44.2,M,1.0,0265*73
$GNGSA,A,3,01,03,10,28,31,04,26,02,16,32,,,1.38,0.61,1.24,1*04
$GNGSA,A,3,69,80,68,85,84,78,79,,,,,,1.38,0.61,1.24,2*01
$GNGSA,A,3,11,23,21,31,10,19,,,,,,,1.38,0.61,1.24,3*00
$GNGSA,A,3,06,08,13,16,09,25,27,23,,,,,1.38,0.61,1.24,4*0F
$GNGSA,A,3,04,,,,,,,,,,,,1.38,0.61,1.24,5*0B
$GPGSV,4,1,13,01,48,265,44,02,40,225,44,03,44,331,44,04,23,289,37,1*6C
$GPGSV,4,2,13,10,13,129,32,16,23,158,41,26,42,129,43,28,36,037,44,1*63
$GPGSV,4,3,13,31,65,032,47,32,16,067,38,40,59,208,48,41,56,146,46,1*67
$GPGSV,4,4,13,42,19,104,44,1*5D
$GPGSV,2,1,08,01,48,265,47,03,44,331,44,04,23,289,40,10,13,129,24,6*68
$GPGSV,2,2,08,26,42,129,45,28,36,037,45,31,65,032,45,32,16,067,37,6*6A
$GLGSV,3,1,09,68,25,069,44,69,40,011,49,70,09,308,31,78,19,035,48,1*79
$GLGSV,3,2,09,79,57,084,50,80,37,170,49,84,31,250,39,85,18,305,40,1*77
$GLGSV,3,3,09,,,,42,1*77
$GLGSV,2,1,08,68,25,069,47,69,40,011,49,78,19,035,47,79,57,084,48,3*7C
$GLGSV,2,2,08,80,37,170,48,84,31,250,46,85,18,305,39,,,,39,3*4D
$GLGSV,1,1,01,83,04,191,,0*4E
$GAGSV,3,1,11,04,52,004,51,06,49,320,50,09,34,294,50,10,49,213,51,2*74
$GAGSV,3,2,11,11,53,260,47,12,34,187,46,19,17,062,37,21,11,052,42,2*72
$GAGSV,3,3,11,23,32,101,50,31,23,158,47,36,22,314,44,2*4C
$GAGSV,3,1,11,04,52,004,46,06,49,320,45,09,34,294,44,10,49,213,45,7*73
$GAGSV,3,2,11,11,53,260,43,12,34,187,39,19,17,062,33,21,11,052,37,7*7D
$GAGSV,3,3,11,23,32,101,43,31,23,158,39,36,22,314,37,7*46
$GBGSV,2,1,08,06,56,036,44,08,34,128,41,09,71,034,47,13,52,122,46,1*71
$GBGSV,2,2,08,16,48,036,44,23,64,151,51,25,43,055,48,27,18,227,42,1*73
$GBGSV,2,1,06,06,56,036,47,08,34,128,47,09,71,034,49,13,52,122,48,B*09
$GBGSV,2,2,06,16,48,036,46,27,18,227,08,B*0C
$GBGSV,4,1,13,01,03,096,,02,58,141,,03,34,114,,07,07,138,,0*7C
$GBGSV,4,2,13,10,08,148,,28,06,187,,30,12,277,,32,37,326,,0*75
$GBGSV,4,3,13,33,18,096,,37,23,199,,38,24,132,,39,39,036,,0*78
$GBGSV,4,4,13,41,53,049,,0*4B
$GQGSV,1,1,02,02,11,083,37,04,19,094,38,1*60
$GQGSV,1,1,03,02,11,083,46,04,19,094,37,07,19,104,46,6*57
$GNGLL,2454.22970,N,06708.26845,E,174454.00,A,D*78
$GNRMC,174455.00,A,2454.22970,N,06708.26845,E,0.006,,300425,,,R,V*0A
$GNVTG,,T,,M,0.006,N,0.011,K,D*3E
$GNGGA,174455.00,2454.22970,N,06708.26845,E,4,12,0.61,21.8,M,-44.2,M,1.0,0265*72
$GNGSA,A,3,01,03,10,28,31,04,26,02,16,32,,,1.38,0.61,1.24,1*04
$GNGSA,A,3,69,80,68,85,84,78,79,,,,,,1.38,0.61,1.24,2*01
$GNGSA,A,3,11,23,21,31,10,19,,,,,,,1.38,0.61,1.24,3*00
$GNGSA,A,3,06,08,13,16,09,25,27,23,,,,,1.38,0.61,1.24,4*0F
$GNGSA,A,3,04,,,,,,,,,,,,1.38,0.61,1.24,5*0B
$GPGSV,4,1,13,01,48,265,45,02,40,225,45,03,44,331,45,04,23,289,38,1*62
$GPGSV,4,2,13,10,13,129,32,16,23,158,41,26,42,129,44,28,36,037,44,1*64
$GPGSV,4,3,13,31,65,032,48,32,16,067,38,40,59,208,48,41,56,146,46,1*68
$GPGSV,4,4,13,42,19,104,44,1*5D
$GPGSV,2,1,08,01,48,265,47,03,44,331,44,04,23,289,40,10,13,129,23,6*6F
$GPGSV,2,2,08,26,42,129,45,28,36,037,45,31,65,032,45,32,16,067,37,6*6A
$GLGSV,3,1,09,68,25,069,44,69,40,011,49,70,09,308,32,78,19,035,48,1*7A
$GLGSV,3,2,09,79,57,084,50,80,37,170,49,84,31,250,39,85,18,305,41,1*76
$GLGSV,3,3,09,,,,42,1*77
$GLGSV,2,1,08,68,25,069,47,69,40,011,49,78,19,035,47,79,57,084,48,3*7C
$GLGSV,2,2,08,80,37,170,48,84,31,250,46,85,18,305,39,,,,39,3*4D
$GLGSV,1,1,01,83,04,191,,0*4E
$GAGSV,3,1,11,04,52,004,51,06,49,320,51,09,34,294,50,10,49,213,51,2*75
$GAGSV,3,2,11,11,53,260,47,12,34,187,46,19,17,062,37,21,11,052,42,2*72
$GAGSV,3,3,11,23,32,101,50,31,23,158,47,36,22,314,44,2*4C
$GAGSV,3,1,11,04,52,004,46,06,49,320,45,09,34,294,44,10,49,213,45,7*73
$GAGSV,3,2,11,11,53,260,43,12,34,187,39,19,17,062,32,21,11,052,37,7*7C
$GAGSV,3,3,11,23,32,101,43,31,23,158,40,36,22,314,37,7*48
$GBGSV,2,1,08,06,56,036,44,08,34,128,41,09,71,034,47,13,52,122,46,1*71
$GBGSV,2,2,08,16,48,036,44,23,64,151,51,25,43,055,48,27,18,227,42,1*73
$GBGSV,2,1,06,06,56,036,47,08,34,128,47,09,71,034,49,13,52,122,48,B*09
$GBGSV,2,2,06,16,48,036,46,27,18,227,08,B*0C
$GBGSV,4,1,13,01,03,096,,02,58,141,,03,34,114,,07,07,138,,0*7C
$GBGSV,4,2,13,10,08,148,,28,06,187,,30,12,277,,32,37,326,,0*75
$GBGSV,4,3,13,33,18,096,,37,23,199,,38,24,132,,39,39,036,,0*78
$GBGSV,4,4,13,41,53,049,,0*4B
$GQGSV,1,1,02,02,11,083,38,04,19,094,39,1*6E
$GQGSV,1,1,03,02,11,083,46,04,19,094,37,07,19,104,46,6*57
$GNGLL,2454.22970,N,06708.26845,E,174455.00,A,D*79
$GNRMC,174456.00,A,2454.22970,N,06708.26845,E,0.002,,300425,,,R,V*0D
$GNVTG,,T,,M,0.002,N,0.003,K,D*39
$GNGGA,174456.00,2454.22970,N,06708.26845,E,4,12,0.61,21.8,M,-44.2,M,1.0,0265*71
$GNGSA,A,3,01,03,10,28,31,04,26,02,16,32,,,1.38,0.61,1.24,1*04
$GNGSA,A,3,69,80,68,85,84,78,79,,,,,,1.38,0.61,1.24,2*01
$GNGSA,A,3,11,23,21,31,10,19,,,,,,,1.38,0.61,1.24,3*00
$GNGSA,A,3,06,08,13,16,09,25,27,23,,,,,1.38,0.61,1.24,4*0F
$GNGSA,A,3,04,,,,,,,,,,,,1.38,0.61,1.24,5*0B
$GPGSV,4,1,13,01,48,265,45,02,40,225,45,03,44,331,45,04,23,289,37,1*6D
$GPGSV,4,2,13,10,13,129,32,16,23,158,41,26,42,129,44,28,36,037,44,1*64
$GPGSV,4,3,13,31,65,032,48,32,16,067,38,40,59,208,48,41,56,146,46,1*68
$GPGSV,4,4,13,42,19,104,45,1*5C
$GPGSV,2,1,08,01,48,265,47,03,44,331,44,04,23,289,40,10,13,129,22,6*6E
$GPGSV,2,2,08,26,42,129,45,28,36,037,45,31,65,032,45,32,16,067,37,6*6A
$GLGSV,3,1,09,68,25,069,44,69,40,011,49,70,09,308,32,78,19,035,48,1*7A
$GLGSV,3,2,09,79,57,084,50,80,37,170,49,84,31,250,39,85,18,305,41,1*76
$GLGSV,3,3,09,,,,42,1*77
$GLGSV,2,1,08,68,25,069,47,69,40,011,49,78,19,035,47,79,57,084,48,3*7C
$GLGSV,2,2,08,80,37,170,48,84,31,250,46,85,18,305,38,,,,39,3*4C
$GLGSV,1,1,01,83,04,191,,0*4E
$GAGSV,3,1,11,04,52,004,51,06,49,320,51,09,34,294,50,10,49,213,51,2*75
$GAGSV,3,2,11,11,53,260,47,12,34,187,46,19,17,062,37,21,11,052,42,2*72
$GAGSV,3,3,11,23,32,101,50,31,23,158,47,36,22,314,44,2*4C
$GAGSV,3,1,11,04,52,004,46,06,49,320,45,09,34,294,44,10,49,213,45,7*73
$GAGSV,3,2,11,11,53,260,43,12,34,187,39,19,17,062,33,21,11,052,37,7*7D
$GAGSV,3,3,11,23,32,101,43,31,23,158,40,36,22,314,37,7*48
$GBGSV,2,1,08,06,56,035,44,08,34,128,41,09,71,034,47,13,52,122,46,1*72
$GBGSV,2,2,08,16,48,036,44,23,64,151,51,25,43,055,48,27,18,227,42,1*73
$GBGSV,2,1,06,06,56,035,47,08,34,128,47,09,71,034,49,13,52,122,48,B*0A
$GBGSV,2,2,06,16,48,036,46,27,18,227,09,B*0D
$GBGSV,4,1,13,01,03,096,,02,58,141,,03,34,114,,07,07,138,,0*7C
$GBGSV,4,2,13,10,08,148,,28,06,187,,30,12,277,,32,37,326,,0*75
$GBGSV,4,3,13,33,18,096,,37,23,199,,38,24,132,,39,39,036,,0*78
$GBGSV,4,4,13,41,53,049,,0*4B
$GQGSV,1,1,02,02,11,083,38,04,19,094,39,1*6E
$GQGSV,1,1,03,02,11,083,46,04,19,094,37,07,19,104,46,6*57
$GNGLL,2454.22970,N,06708.26845,E,174456.00,A,D*7A
$GNRMC,174457.00,A,2454.22970,N,06708.26845,E,0.002,,300425,,,R,V*0C
$GNVTG,,T,,M,0.002,N,0.003,K,D*39
$GNGGA,174457.00,2454.22970,N,06708.26845,E,4,12,0.61,21.8,M,-44.2,M,1.0,0265*70
$GNGSA,A,3,01,03,10,28,31,04,26,02,16,32,,,1.38,0.61,1.24,1*04
$GNGSA,A,3,69,80,68,85,84,78,79,,,,,,1.38,0.61,1.24,2*01
$GNGSA,A,3,11,23,21,31,10,19,,,,,,,1.38,0.61,1.24,3*00
$GNGSA,A,3,06,08,13,16,09,25,27,23,,,,,1.38,0.61,1.24,4*0F
$GNGSA,A,3,04,,,,,,,,,,,,1.38,0.61,1.24,5*0B
$GPGSV,4,1,13,01,48,265,44,02,40,225,44,03,44,331,44,04,23,289,37,1*6C
$GPGSV,4,2,13,10,13,129,31,16,23,158,41,26,42,129,43,28,36,037,44,1*60
$GPGSV,4,3,13,31,65,032,47,32,16,067,37,40,59,208,47,41,56,146,46,1*67
$GPGSV,4,4,13,42,19,104,44,1*5D
$GPGSV,2,1,08,01,48,265,47,03,44,331,44,04,23,289,41,10,13,129,22,6*6F
$GPGSV,2,2,08,26,42,129,45,28,36,037,45,31,65,032,45,32,16,067,38,6*65
$GLGSV,3,1,09,68,25,069,44,69,40,011,49,70,09,308,32,78,19,035,48,1*7A
$GLGSV,3,2,09,79,57,084,50,80,37,170,49,84,31,250,39,85,18,305,41,1*76
$GLGSV,3,3,09,,,,42,1*77
$GLGSV,2,1,08,68,25,069,47,69,40,011,49,78,19,035,47,79,57,084,48,3*7C
$GLGSV,2,2,08,80,37,170,48,84,31,250,46,85,18,305,38,,,,38,3*4D
$GLGSV,1,1,01,83,04,191,,0*4E
$GAGSV,3,1,11,04,52,004,51,06,49,320,51,09,34,294,50,10,49,213,51,2*75
$GAGSV,3,2,11,11,53,260,47,12,34,187,46,19,17,062,37,21,11,052,42,2*72
$GAGSV,3,3,11,23,32,101,50,31,23,158,47,36,22,314,44,2*4C
$GAGSV,3,1,11,04,52,004,46,06,49,320,45,09,34,294,44,10,49,213,45,7*73
$GAGSV,3,2,11,11,53,260,43,12,34,187,39,19,17,062,33,21,11,052,37,7*7D
$GAGSV,3,3,11,23,32,101,43,31,23,158,40,36,22,314,37,7*48
$GBGSV,2,1,08,06,56,035,44,08,34,128,41,09,71,034,47,13,52,122,46,1*72
$GBGSV,2,2,08,16,48,036,44,23,64,151,51,25,43,055,48,27,18,227,42,1*73
$GBGSV,2,1,06,06,56,035,47,08,34,128,47,09,71,034,49,13,52,122,48,B*0A
$GBGSV,2,2,06,16,48,036,46,27,18,227,09,B*0D
$GBGSV,4,1,13,01,03,096,,02,58,141,,03,34,114,,07,07,138,,0*7C
$GBGSV,4,2,13,10,08,148,,28,06,187,,30,12,277,,32,37,326,,0*75
$GBGSV,4,3,13,33,18,096,,37,23,199,,38,24,132,,39,39,036,,0*78
$GBGSV,4,4,13,41,53,049,,0*4B
$GQGSV,1,1,02,02,11,083,37,04,19,094,39,1*61
$GQGSV,1,1,03,02,11,083,46,04,19,094,37,07,19,104,46,6*57
$GNGLL,2454.22970,N,06708.26845,E,174457.00,A,D*7B
$GNRMC,174458.00,A,2454.22970,N,06708.26845,E,0.006,,300425,,,R,V*07
$GNVTG,,T,,M,0.006,N,0.010,K,D*3F
$GNGGA,174458.00,2454.22970,N,06708.26845,E,4,12,0.61,21.8,M,-44.2,M,1.0,0265*7F
$GNGSA,A,3,01,03,10,28,31,04,26,02,16,32,,,1.38,0.61,1.24,1*04
$GNGSA,A,3,69,80,68,85,84,78,79,,,,,,1.38,0.61,1.24,2*01
$GNGSA,A,3,11,23,21,31,10,19,,,,,,,1.38,0.61,1.24,3*00
$GNGSA,A,3,06,08,13,16,09,25,27,23,,,,,1.38,0.61,1.24,4*0F
$GNGSA,A,3,04,,,,,,,,,,,,1.38,0.61,1.24,5*0B
$GPGSV,4,1,13,01,48,265,45,02,40,225,45,03,44,331,45,04,23,289,37,1*6D
$GPGSV,4,2,13,10,13,129,32,16,23,158,41,26,42,129,44,28,36,037,44,1*64
$GPGSV,4,3,13,31,65,032,48,32,16,067,38,40,59,208,48,41,56,146,46,1*68
$GPGSV,4,4,13,42,19,104,44,1*5D
$GPGSV,2,1,08,01,48,265,47,03,44,331,44,04,23,289,41,10,13,129,22,6*6F
$GPGSV,2,2,08,26,42,129,45,28,36,037,45,31,65,032,45,32,16,067,38,6*65
$GLGSV,3,1,09,68,25,069,44,69,40,011,49,70,09,308,32,78,19,035,48,1*7A
$GLGSV,3,2,09,79,57,084,50,80,37,170,49,84,31,250,39,85,18,305,41,1*76
$GLGSV,3,3,09,,,,42,1*77
$GLGSV,2,1,08,68,25,069,47,69,40,011,49,78,19,035,47,79,57,084,48,3*7C
$GLGSV,2,2,08,80,37,170,48,84,31,250,46,85,18,305,38,,,,38,3*4D
$GLGSV,1,1,01,83,04,191,,0*4E
$GAGSV,3,1,11,04,52,004,51,06,49,320,51,09,34,294,50,10,49,213,51,2*75
$GAGSV,3,2,11,11,53,260,47,12,34,187,46,19,17,062,37,21,11,052,42,2*72
$GAGSV,3,3,11,23,32,101,50,31,23,158,47,36,22,314,44,2*4C
$GAGSV,3,1,11,04,52,004,46,06,49,320,45,09,34,294,44,10,49,213,45,7*73
$GAGSV,3,2,11,11,53,260,43,12,34,187,39,19,17,062,33,21,11,052,37,7*7D
$GAGSV,3,3,11,23,32,101,43,31,23,158,40,36,22,314,37,7*48
$GBGSV,2,1,08,06,56,035,44,08,34,129,41,09,71,034,47,13,52,122,46,1*73
$GBGSV,2,2,08,16,48,036,44,23,64,151,51,25,43,055,48,27,18,227,42,1*73
$GBGSV,2,1,06,06,56,035,47,08,34,129,47,09,71,034,49,13,52,122,48,B*0B
$GBGSV,2,2,06,16,48,036,46,27,18,227,09,B*0D
$GBGSV,4,1,13,01,03,096,,02,58,141,,03,34,114,,07,07,138,,0*7C
$GBGSV,4,2,13,10,08,148,,28,06,187,,30,12,277,,32,37,326,,0*75
$GBGSV,4,3,13,33,18,096,,37,23,199,,38,23,133,,39,39,036,,0*7E
$GBGSV,4,4,13,41,53,049,,0*4B
$GQGSV,1,1,02,02,11,083,38,04,19,094,39,1*6E
$GQGSV,1,1,03,02,11,083,46,04,19,094,37,07,19,104,46,6*57
$GNGLL,2454.22970,N,06708.26845,E,174458.00,A,D*74
$GNRMC,174459.00,A,2454.22970,N,06708.26845,E,0.001,,300425,,,R,V*01
$GNVTG,,T,,M,0.001,N,0.002,K,D*3B
$GNGGA,174459.00,2454.22970,N,06708.26845,E,4,12,0.61,21.8,M,-44.2,M,1.0,0265*7E
$GNGSA,A,3,01,03,10,28,31,04,26,02,16,32,,,1.38,0.61,1.24,1*04
$GNGSA,A,3,69,80,68,85,84,78,79,,,,,,1.38,0.61,1.24,2*01
$GNGSA,A,3,11,23,21,31,10,19,,,,,,,1.38,0.61,1.24,3*00
$GNGSA,A,3,06,08,13,16,09,25,27,23,,,,,1.38,0.61,1.24,4*0F
$GNGSA,A,3,04,,,,,,,,,,,,1.38,0.61,1.24,5*0B
$GPGSV,4,1,13,01,48,265,45,02,40,225,45,03,44,331,45,04,23,289,37,1*6D
$GPGSV,4,2,13,10,13,129,32,16,23,158,41,26,42,129,44,28,36,037,44,1*64
$GPGSV,4,3,13,31,65,032,48,32,16,067,38,40,59,208,48,41,56,146,46,1*68
$GPGSV,4,4,13,42,19,104,44,1*5D
$GPGSV,2,1,08,01,48,265,47,03,44,331,44,04,23,289,41,10,13,129,22,6*6F
$GPGSV,2,2,08,26,42,129,45,28,36,037,45,31,65,032,45,32,16,067,38,6*65
$GLGSV,3,1,09,68,25,069,44,69,40,011,49,70,09,308,31,78,19,035,48,1*79
$GLGSV,3,2,09,79,57,084,50,80,37,170,49,84,31,250,39,85,18,305,40,1*77
$GLGSV,3,3,09,,,,42,1*77
$GLGSV,2,1,08,68,25,069,47,69,40,011,49,78,19,035,47,79,57,084,48,3*7C
$GLGSV,2,2,08,80,37,170,48,84,31,250,46,85,18,305,38,,,,38,3*4D
$GLGSV,1,1,01,83,04,191,,0*4E
$GAGSV,3,1,11,04,52,004,51,06,49,320,51,09,34,294,50,10,49,213,51,2*75
$GAGSV,3,2,11,11,53,260,47,12,34,187,46,19,17,062,37,21,11,052,43,2*73
$GAGSV,3,3,11,23,32,101,50,31,23,158,47,36,22,314,44,2*4C
$GAGSV,3,1,11,04,52,004,46,06,49,320,45,09,34,294,44,10,49,213,45,7*73
$GAGSV,3,2,11,11,53,260,43,12,34,187,39,19,17,062,33,21,11,052,37,7*7D
$GAGSV,3,3,11,23,32,101,43,31,23,158,40,36,22,314,37,7*48
$GBGSV,2,1,08,06,56,035,44,08,34,129,41,09,71,033,47,13,52,122,46,1*74
$GBGSV,2,2,08,16,48,036,44,23,64,151,51,25,43,055,48,27,18,227,42,1*73
$GBGSV,2,1,06,06,56,035,47,08,34,129,47,09,71,033,49,13,52,122,48,B*0C
$GBGSV,2,2,06,16,48,036,46,27,18,227,08,B*0C
$GBGSV,4,1,13,01,03,096,,02,58,141,,03,34,114,,07,07,138,,0*7C
$GBGSV,4,2,13,10,08,148,,28,06,187,,30,12,277,,32,37,326,,0*75
$GBGSV,4,3,13,33,18,096,,37,23,199,,38,23,133,,39,39,036,,0*7E
$GBGSV,4,4,13,41,53,049,,0*4B
$GQGSV,1,1,02,02,11,083,37,04,19,094,39,1*61
$GQGSV,1,1,03,02,11,083,46,04,19,094,37,07,19,104,46,6*57
$GNGLL,2454.22970,N,06708.26845,E,174459.00,A,D*75
$GNRMC,174500.00,A,2454.22970,N,06708.26845,E,0.001,,300425,,,R,V*0C
$GNVTG,,T,,M,0.001,N,0.003,K,D*3A
$GNGGA,174500.00,2454.22970,N,06708.26845,E,4,12,0.61,21.8,M,-44.2,M,1.0,0265*73
$GNGSA,A,3,01,03,10,28,31,04,26,02,16,32,,,1.38,0.61,1.24,1*04
$GNGSA,A,3,69,80,68,85,84,78,79,,,,,,1.38,0.61,1.24,2*01
$GNGSA,A,3,11,23,21,31,10,19,,,,,,,1.38,0.61,1.24,3*00
$GNGSA,A,3,06,08,13,16,09,25,27,23,,,,,1.38,0.61,1.24,4*0F
$GNGSA,A,3,04,,,,,,,,,,,,1.38,0.61,1.24,5*0B
$GPGSV,4,1,13,01,48,265,45,02,40,225,45,03,44,331,45,04,23,289,37,1*6D
$GPGSV,4,2,13,10,13,129,32,16,23,158,41,26,42,129,44,28,36,037,44,1*64
$GPGSV,4,3,13,31,65,032,48,32,16,067,38,40,59,208,48,41,56,146,46,1*68
$GPGSV,4,4,13,42,19,104,45,1*5C
$GPGSV,2,1,08,01,48,265,47,03,44,331,44,04,23,289,40,10,13,129,21,6*6D
$GPGSV,2,2,08,26,42,129,45,28,36,037,45,31,65,032,45,32,16,067,38,6*65
$GLGSV,3,1,09,68,25,069,44,69,40,011,49,70,09,308,32,78,19,035,48,1*7A
$GLGSV,3,2,09,79,57,084,50,80,37,170,49,84,31,250,39,85,18,305,40,1*77
$GLGSV,3,3,09,,,,42,1*77
$GLGSV,2,1,08,68,25,069,47,69,40,011,49,78,19,035,47,79,57,084,48,3*7C
$GLGSV,2,2,08,80,37,170,48,84,31,250,46,85,18,305,38,,,,38,3*4D
$GLGSV,1,1,01,83,04,191,,0*4E
$GAGSV,3,1,11,04,52,004,51,06,49,320,50,09,34,294,50,10,49,213,51,2*74
$GAGSV,3,2,11,11,53,260,47,12,34,187,46,19,17,062,37,21,11,052,43,2*73
$GAGSV,3,3,11,23,32,101,50,31,23,158,47,36,22,314,44,2*4C
$GAGSV,3,1,11,04,52,004,46,06,49,320,45,09,34,294,44,10,49,213,45,7*73
$GAGSV,3,2,11,11,53,260,43,12,34,187,39,19,17,062,33,21,11,052,37,7*7D
$GAGSV,3,3,11,23,32,101,43,31,23,158,40,36,22,314,37,7*48
$GBGSV,2,1,08,06,56,035,44,08,34,129,41,09,71,033,47,13,52,122,46,1*74
$GBGSV,2,2,08,16,48,036,44,23,64,151,51,25,43,055,48,27,18,227,42,1*73
$GBGSV,2,1,06,06,56,035,47,08,34,129,47,09,71,033,49,13,52,122,48,B*0C
$GBGSV,2,2,06,16,48,036,46,27,18,227,08,B*0C
$GBGSV,4,1,13,01,03,096,,02,58,141,,03,34,114,,07,07,138,,0*7C
$GBGSV,4,2,13,10,08,148,,28,06,187,,30,12,277,,32,37,326,,0*75
$GBGSV,4,3,13,33,18,096,,37,23,199,,38,23,133,,39,39,036,,0*7E
$GBGSV,4,4,13,41,53,049,,0*4B
$GQGSV,1,1,02,02,11,083,37,04,19,094,39,1*61
$GQGSV,1,1,03,02,11,083,46,04,19,094,37,07,19,104,46,6*57
$GNGLL,2454.22970,N,06708.26845,E,174500.00,A,D*78
$GNRMC,174501.00,A,2454.22970,N,06708.26845,E,0.011,,300425,,,R,V*0C
$GNVTG,,T,,M,0.011,N,0.020,K,D*3A
$GNGGA,174501.00,2454.22970,N,06708.26845,E,4,12,0.61,21.8,M,-44.2,M,1.0,0265*72
$GNGSA,A,3,01,03,10,28,31,04,26,02,16,32,,,1.38,0.61,1.24,1*04
$GNGSA,A,3,69,80,68,85,84,78,79,,,,,,1.38,0.61,1.24,2*01
$GNGSA,A,3,11,23,21,31,10,19,,,,,,,1.38,0.61,1.24,3*00
$GNGSA,A,3,06,08,13,16,09,25,27,23,,,,,1.38,0.61,1.24,4*0F
$GNGSA,A,3,04,,,,,,,,,,,,1.38,0.61,1.24,5*0B
$GPGSV,4,1,13,01,48,265,45,02,40,225,45,03,44,331,45,04,23,289,37,1*6D
$GPGSV,4,2,13,10,13,129,32,16,23,158,41,26,42,129,44,28,36,037,44,1*64
$GPGSV,4,3,13,31,65,032,48,32,16,067,38,40,59,208,48,41,56,146,46,1*68
$GPGSV,4,4,13,42,19,104,45,1*5C
$GPGSV,2,1,08,01,48,265,47,03,44,331,44,04,23,289,40,10,13,129,21,6*6D
$GPGSV,2,2,08,26,42,129,45,28,36,037,45,31,65,032,45,32,16,067,38,6*65
$GLGSV,3,1,09,68,25,069,44,69,40,011,49,70,09,308,31,78,19,035,48,1*79
$GLGSV,3,2,09,79,57,084,50,80,37,170,49,84,31,250,39,85,18,305,40,1*77
$GLGSV,3,3,09,,,,42,1*77
$GLGSV,2,1,08,68,25,069,47,69,40,011,49,78,19,035,47,79,57,084,48,3*7C
$GLGSV,2,2,08,80,37,170,48,84,31,250,46,85,18,305,38,,,,38,3*4D
$GLGSV,1,1,01,83,04,191,,0*4E
$GAGSV,3,1,11,04,52,004,51,06,49,320,50,09,34,294,50,10,49,213,51,2*74
$GAGSV,3,2,11,11,53,260,47,12,34,187,46,19,17,062,37,21,11,052,42,2*72
$GAGSV,3,3,11,23,32,101,50,31,23,158,47,36,22,314,44,2*4C
$GAGSV,3,1,11,04,52,004,46,06,49,320,45,09,34,294,44,10,49,213,45,7*73
$GAGSV,3,2,11,11,53,260,43,12,34,187,39,19,17,062,33,21,11,052,37,7*7D
$GAGSV,3,3,11,23,32,101,43,31,23,158,40,36,22,314,37,7*48
$GBGSV,2,1,08,06,56,035,44,08,34,129,41,09,71,033,47,13,52,123,47,1*74
$GBGSV,2,2,08,16,48,036,44,23,64,151,51,25,43,055,48,27,18,227,42,1*73
$GBGSV,2,1,06,06,56,035,47,08,34,129,47,09,71,033,49,13,52,123,48,B*0D
$GBGSV,2,2,06,16,48,036,46,27,18,227,08,B*0C
$GBGSV,4,1,13,01,03,096,,02,58,141,,03,34,114,,07,07,138,,0*7C
$GBGSV,4,2,13,10,08,148,,28,06,187,,30,12,277,,32,37,326,,0*75
$GBGSV,4,3,13,33,18,096,,37,23,199,,38,23,133,,39,39,036,,0*7E
$GBGSV,4,4,13,41,53,049,,0*4B
$GQGSV,1,1,02,02,11,083,37,04,19,094,39,1*61
$GQGSV,1,1,03,02,11,083,46,04,19,094,37,07,19,104,46,6*57
$GNGLL,2454.22970,N,06708.26845,E,174501.00,A,D*79
$GNRMC,174502.00,A,2454.22970,N,06708.26845,E,0.006,,300425,,,R,V*09
$GNVTG,,T,,M,0.006,N,0.012,K,D*3D
$GNGGA,174502.00,2454.22970,N,06708.26845,E,4,12,0.61,21.8,M,-44.2,M,1.0,0265*71
$GNGSA,A,3,01,03,10,28,31,04,26,02,16,32,,,1.38,0.61,1.24,1*04
$GNGSA,A,3,69,80,68,85,84,78,79,,,,,,1.38,0.61,1.24,2*01
$GNGSA,A,3,11,23,21,31,10,19,,,,,,,1.38,0.61,1.24,3*00
$GNGSA,A,3,06,08,13,16,09,25,27,23,,,,,1.38,0.61,1.24,4*0F
$GNGSA,A,3,04,,,,,,,,,,,,1.38,0.61,1.24,5*0B
$GPGSV,4,1,13,01,48,265,45,02,40,225,45,03,44,331,45,04,23,289,37,1*6D
$GPGSV,4,2,13,10,13,129,33,16,23,158,41,26,42,129,44,28,36,037,44,1*65
$GPGSV,4,3,13,31,65,032,48,32,16,067,38,40,59,208,48,41,56,146,46,1*68
$GPGSV,4,4,13,42,19,104,45,1*5C
$GPGSV,2,1,08,01,48,265,47,03,44,331,44,04,23,289,40,10,13,129,21,6*6D
$GPGSV,2,2,08,26,42,129,45,28,36,037,45,31,65,032,45,32,16,067,38,6*65
$GLGSV,3,1,09,68,25,069,44,69,40,011,49,70,09,308,32,78,19,035,48,1*7A
$GLGSV,3,2,09,79,57,084,50,80,37,170,49,84,31,250,39,85,18,305,40,1*77
$GLGSV,3,3,09,,,,42,1*77
$GLGSV,2,1,08,68,25,069,47,69,40,011,49,78,19,035,47,79,57,084,48,3*7C
$GLGSV,2,2,08,80,37,170,48,84,31,250,46,85,18,305,38,,,,37,3*42
$GLGSV,1,1,01,83,04,191,,0*4E
$GAGSV,3,1,11,04,52,004,51,06,49,320,50,09,34,294,50,10,49,213,51,2*74
$GAGSV,3,2,11,11,53,260,47,12,34,187,46,19,17,062,37,21,11,052,42,2*72
$GAGSV,3,3,11,23,32,101,50,31,23,158,47,36,22,314,44,2*4C
$GAGSV,3,1,11,04,52,004,45,06,49,320,45,09,34,294,43,10,49,213,45,7*77
$GAGSV,3,2,11,11,53,260,42,12,34,187,39,19,17,062,32,21,11,052,36,7*7C
$GAGSV,3,3,11,23,32,101,43,31,23,158,39,36,22,314,36,7*47
$GBGSV,2,1,08,06,56,035,44,08,34,129,41,09,71,033,47,13,52,123,46,1*75
$GBGSV,2,2,08,16,48,036,44,23,64,151,51,25,43,055,48,27,18,227,42,1*73
$GBGSV,2,1,06,06,56,035,47,08,34,129,48,09,71,033,49,13,52,123,48,B*02
$GBGSV,2,2,06,16,48,036,46,27,18,227,10,B*05
$GBGSV,4,1,13,01,03,096,,02,58,141,,03,34,114,,07,07,138,,0*7C
$GBGSV,4,2,13,10,08,148,,28,06,187,,30,12,277,,32,37,326,,0*75
$GBGSV,4,3,13,33,18,096,,37,23,199,,38,23,133,,39,39,036,,0*7E
$GBGSV,4,4,13,41,53,049,,0*4B
$GQGSV,1,1,02,02,11,083,37,04,19,094,39,1*61
$GQGSV,1,1,03,02,11,083,45,04,19,094,37,07,19,104,46,6*54
$GNGLL,2454.22970,N,06708.26845,E,174502.00,A,D*7A
$GNRMC,174503.00,A,2454.22970,N,06708.26845,E,0.015,,300425,,,R,V*0A
$GNVTG,,T,,M,0.015,N,0.028,K,D*36
$GNGGA,174503.00,2454.22970,N,06708.26845,E,4,12,0.61,21.8,M,-44.2,M,1.0,0265*70
$GNGSA,A,3,01,03,10,28,31,04,26,02,16,32,,,1.38,0.61,1.24,1*04
$GNGSA,A,3,69,80,68,85,84,78,79,,,,,,1.38,0.61,1.24,2*01
$GNGSA,A,3,11,23,21,31,10,19,,,,,,,1.38,0.61,1.24,3*00
$GNGSA,A,3,06,08,13,16,09,25,27,23,,,,,1.38,0.61,1.24,4*0F
$GNGSA,A,3,04,,,,,,,,,,,,1.38,0.61,1.24,5*0B
$GPGSV,4,1,13,01,48,265,45,02,40,225,45,03,44,331,45,04,23,289,37,1*6D
$GPGSV,4,2,13,10,13,129,32,16,23,158,41,26,42,129,44,28,36,037,44,1*64
$GPGSV,4,3,13,31,65,032,48,32,16,067,38,40,59,208,48,41,56,146,46,1*68
$GPGSV,4,4,13,42,19,104,45,1*5C
$GPGSV,2,1,08,01,48,265,47,03,44,331,44,04,23,289,40,10,13,129,20,6*6C
$GPGSV,2,2,08,26,42,129,45,28,36,037,45,31,65,032,45,32,16,067,38,6*65
$GLGSV,3,1,09,68,25,069,44,69,40,011,49,70,09,308,32,78,19,035,48,1*7A
$GLGSV,3,2,09,79,57,084,50,80,37,170,49,84,31,250,39,85,18,305,40,1*77
$GLGSV,3,3,09,,,,42,1*77
$GLGSV,2,1,08,68,25,069,47,69,40,011,49,78,19,035,47,79,57,084,48,3*7C
$GLGSV,2,2,08,80,37,170,48,84,31,250,46,85,18,305,38,,,,37,3*42
$GLGSV,1,1,01,83,04,191,,0*4E
$GAGSV,3,1,11,04,52,004,51,06,49,320,50,09,34,294,50,10,49,213,51,2*74
$GAGSV,3,2,11,11,53,260,47,12,34,187,46,19,17,062,37,21,11,052,43,2*73
$GAGSV,3,3,11,23,32,101,50,31,23,158,47,36,22,314,44,2*4C
$GAGSV,3,1,11,04,52,004,46,06,49,320,46,09,34,294,44,10,49,213,45,7*70
$GAGSV,3,2,11,11,53,260,43,12,34,187,40,19,17,062,33,21,11,052,37,7*73
$GAGSV,3,3,11,23,32,101,44,31,23,158,40,36,22,314,37,7*4F
$GBGSV,2,1,08,06,56,035,44,08,34,129,41,09,71,033,47,13,52,123,47,1*74
$GBGSV,2,2,08,16,47,036,44,23,64,151,51,25,43,055,48,27,18,227,42,1*7C
$GBGSV,2,1,05,06,56,035,47,08,34,129,47,09,71,033,49,13,52,123,48,B*0E
$GBGSV,2,2,05,16,47,036,46,B*33
$GBGSV,4,1,13,01,03,096,,02,58,141,,03,34,114,,07,07,138,,0*7C
$GBGSV,4,2,13,10,08,148,,28,06,187,,30,12,277,,32,37,326,,0*75
$GBGSV,4,3,13,33,18,096,,37,23,199,,38,23,133,,39,39,036,,0*7E
$GBGSV,4,4,13,41,53,049,,0*4B
$GQGSV,1,1,02,02,11,083,37,04,19,094,39,1*61
$GQGSV,1,1,03,02,11,083,45,04,19,094,37,07,19,104,46,6*54
$GNGLL,2454.22970,N,06708.26845,E,174503.00,A,D*7B
$GNRMC,174504.00,A,2454.22970,N,06708.26845,E,0.007,,300425,,,R,V*0E
$GNVTG,,T,,M,0.007,N,0.014,K,D*3A
$GNGGA,174504.00,2454.22970,N,06708.26845,E,4,12,0.61,21.8,M,-44.2,M,1.0,0265*77
$GNGSA,A,3,01,03,10,28,31,04,26,02,16,32,,,1.38,0.61,1.24,1*04
$GNGSA,A,3,69,80,68,85,84,78,79,,,,,,1.38,0.61,1.24,2*01
$GNGSA,A,3,11,23,21,31,10,19,,,,,,,1.38,0.61,1.24,3*00
$GNGSA,A,3,06,08,13,16,09,25,27,23,,,,,1.38,0.61,1.24,4*0F
$GNGSA,A,3,04,,,,,,,,,,,,1.38,0.61,1.24,5*0B
$GPGSV,4,1,13,01,48,265,45,02,40,225,45,03,44,331,45,04,23,289,37,1*6D
$GPGSV,4,2,13,10,13,129,32,16,23,158,41,26,42,129,44,28,36,037,44,1*64
$GPGSV,4,3,13,31,65,032,48,32,16,067,38,40,59,208,48,41,56,146,46,1*68
$GPGSV,4,4,13,42,19,104,45,1*5C
$GPGSV,2,1,08,01,48,265,47,03,44,331,44,04,23,289,40,10,13,129,20,6*6C
$GPGSV,2,2,08,26,42,129,45,28,36,037,45,31,65,032,45,32,16,067,38,6*65
$GLGSV,3,1,09,68,25,069,44,69,40,011,49,70,09,308,32,78,19,035,48,1*7A
$GLGSV,3,2,09,79,57,084,50,80,37,170,49,84,31,250,39,85,18,305,40,1*77
$GLGSV,3,3,09,,,,41,1*74
$GLGSV,2,1,08,68,25,069,47,69,40,011,49,78,19,035,47,79,57,084,48,3*7C
$GLGSV,2,2,08,80,37,170,48,84,31,250,46,85,18,305,39,,,,37,3*43
$GLGSV,1,1,01,83,04,191,,0*4E
$GAGSV,3,1,11,04,52,004,51,06,49,320,50,09,34,294,50,10,49,213,51,2*74
$GAGSV,3,2,11,11,53,260,47,12,34,187,46,19,17,062,37,21,11,052,43,2*73
$GAGSV,3,3,11,23,32,101,50,31,23,158,47,36,22,314,44,2*4C
$GAGSV,3,1,11,04,52,004,46,06,49,320,46,09,34,294,44,10,49,213,45,7*70
$GAGSV,3,2,11,11,53,260,43,12,34,187,39,19,17,062,33,21,11,052,37,7*7D
$GAGSV,3,3,11,23,32,101,44,31,23,158,40,36,22,314,37,7*4F
$GBGSV,2,1,08,06,56,035,44,08,34,129,41,09,71,033,47,13,52,123,47,1*74
$GBGSV,2,2,08,16,47,036,44,23,64,151,51,25,43,055,47,27,18,227,42,1*73
$GBGSV,2,1,05,06,56,035,47,08,34,129,47,09,71,033,49,13,52,123,48,B*0E
$GBGSV,2,2,05,16,47,036,46,B*33
$GBGSV,4,1,13,01,03,096,,02,58,141,,03,34,114,,07,07,138,,0*7C
$GBGSV,4,2,13,10,08,148,,28,06,187,,30,12,277,,32,37,326,,0*75
$GBGSV,4,3,13,33,18,096,,37,23,199,,38,23,133,,39,39,036,,0*7E
$GBGSV,4,4,13,41,53,049,,0*4B
$GQGSV,1,1,02,02,11,083,37,04,19,094,39,1*61
$GQGSV,1,1,03,02,11,083,45,04,19,094,37,07,19,104,46,6*54
$GNGLL,2454.22970,N,06708.26845,E,174504.00,A,D*7C
$GNRMC,174505.00,A,2454.22970,N,06708.26845,E,0.002,,300425,,,R,V*0A
$GNVTG,,T,,M,0.002,N,0.004,K,D*3E
$GNGGA,174505.00,2454.22970,N,06708.26845,E,4,12,0.61,21.8,M,-44.2,M,1.0,0265*76
$GNGSA,A,3,01,03,10,28,31,04,26,02,16,32,,,1.38,0.61,1.24,1*04
$GNGSA,A,3,69,80,68,85,84,78,79,,,,,,1.38,0.61,1.24,2*01
$GNGSA,A,3,11,23,21,31,10,19,,,,,,,1.38,0.61,1.24,3*00
$GNGSA,A,3,06,08,13,16,09,25,27,23,,,,,1.38,0.61,1.24,4*0F
$GNGSA,A,3,04,,,,,,,,,,,,1.38,0.61,1.24,5*0B
$GPGSV,4,1,13,01,48,265,45,02,40,225,45,03,44,331,45,04,23,289,37,1*6D
$GPGSV,4,2,13,10,13,129,32,16,23,158,41,26,42,129,44,28,36,037,44,1*64
$GPGSV,4,3,13,31,65,032,48,32,16,067,38,40,59,208,48,41,56,146,46,1*68
$GPGSV,4,4,13,42,19,104,45,1*5C
$GPGSV,2,1,08,01,48,265,47,03,44,331,44,04,23,289,40,10,13,129,21,6*6D
$GPGSV,2,2,08,26,42,129,45,28,36,037,45,31,65,032,45,32,16,067,38,6*65
$GLGSV,3,1,09,68,25,069,44,69,40,011,49,70,09,308,32,78,19,035,48,1*7A
$GLGSV,3,2,09,79,57,084,50,80,37,170,49,84,31,250,39,85,18,305,40,1*77
$GLGSV,3,3,09,,,,41,1*74
$GLGSV,2,1,08,68,25,069,47,69,40,011,49,78,19,035,47,79,57,084,48,3*7C
$GLGSV,2,2,08,80,37,170,48,84,31,250,46,85,18,305,39,,,,37,3*43
$GLGSV,1,1,01,83,04,191,,0*4E
$GAGSV,3,1,11,04,52,004,51,06,49,320,50,09,34,294,50,10,49,213,51,2*74
$GAGSV,3,2,11,11,53,260,47,12,34,187,46,19,17,062,37,21,11,052,43,2*73
$GAGSV,3,3,11,23,32,101,50,31,23,158,47,36,22,314,44,2*4C
$GAGSV,3,1,11,04,52,004,46,06,49,320,45,09,34,294,44,10,49,213,45,7*73
$GAGSV,3,2,11,11,53,260,43,12,34,187,39,19,17,062,33,21,11,052,37,7*7D
$GAGSV,3,3,11,23,32,101,44,31,23,158,40,36,22,314,37,7*4F
$GBGSV,2,1,08,06,56,035,44,08,34,129,41,09,71,033,47,13,52,123,47,1*74
$GBGSV,2,2,08,16,47,036,44,23,64,151,51,25,43,055,48,27,18,227,42,1*7C
$GBGSV,2,1,05,06,56,035,47,08,34,129,47,09,71,033,49,13,52,123,48,B*0E
$GBGSV,2,2,05,16,47,036,46,B*33
$GBGSV,4,1,13,01,03,096,,02,58,141,,03,34,114,,07,07,138,,0*7C
$GBGSV,4,2,13,10,08,148,,28,06,187,,30,12,277,,32,37,326,,0*75
$GBGSV,4,3,13,33,18,096,,37,23,199,,38,23,133,,39,39,036,,0*7E
$GBGSV,4,4,13,41,53,049,,0*4B
$GQGSV,1,1,02,02,11,083,37,04,19,094,39,1*61
$GQGSV,1,1,03,02,11,083,45,04,19,094,37,07,19,104,46,6*54
$GNGLL,2454.22970,N,06708.26845,E,174505.00,A,D*7D
$GNRMC,174506.00,A,2454.22970,N,06708.26845,E,0.004,,300425,,,R,V*0F
$GNVTG,,T,,M,0.004,N,0.008,K,D*34
$GNGGA,174506.00,2454.22970,N,06708.26845,E,4,12,0.61,21.8,M,-44.2,M,1.0,0265*75
$GNGSA,A,3,01,03,10,28,31,04,26,02,16,32,,,1.38,0.61,1.24,1*04
$GNGSA,A,3,69,80,68,85,84,78,79,,,,,,1.38,0.61,1.24,2*01
$GNGSA,A,3,11,23,21,31,10,19,,,,,,,1.38,0.61,1.24,3*00
$GNGSA,A,3,06,08,13,16,09,25,27,23,,,,,1.38,0.61,1.24,4*0F
$GNGSA,A,3,04,,,,,,,,,,,,1.38,0.61,1.24,5*0B
$GPGSV,4,1,13,01,48,265,45,02,40,225,45,03,44,331,45,04,23,289,37,1*6D
$GPGSV,4,2,13,10,13,129,33,16,23,158,41,26,42,129,44,28,36,037,44,1*65
$GPGSV,4,3,13,31,65,032,48,32,16,067,38,40,59,208,48,41,56,146,46,1*68
$GPGSV,4,4,13,42,19,104,45,1*5C
$GPGSV,2,1,08,01,48,265,47,03,44,331,44,04,23,289,40,10,13,129,21,6*6D
$GPGSV,2,2,08,26,42,129,45,28,36,037,45,31,65,032,45,32,16,067,38,6*65
$GLGSV,3,1,09,68,25,069,44,69,40,011,49,70,09,308,32,78,19,035,48,1*7A
$GLGSV,3,2,09,79,57,084,50,80,37,170,49,84,31,250,39,85,18,305,40,1*77
$GLGSV,3,3,09,,,,41,1*74
$GLGSV,2,1,08,68,25,069,47,69,40,011,49,78,19,035,47,79,57,084,48,3*7C
$GLGSV,2,2,08,80,37,170,48,84,31,250,46,85,18,305,39,,,,37,3*43
$GLGSV,1,1,01,83,04,191,,0*4E
$GAGSV,3,1,11,04,52,004,51,06,49,320,50,09,34,294,50,10,49,213,51,2*74
$GAGSV,3,2,11,11,53,260,47,12,34,187,46,19,17,062,37,21,11,052,43,2*73
$GAGSV,3,3,11,23,32,101,50,31,23,158,47,36,22,314,44,2*4C
$GAGSV,3,1,11,04,52,004,46,06,49,320,45,09,34,294,44,10,49,213,45,7*73
$GAGSV,3,2,11,11,53,260,43,12,34,187,40,19,17,062,33,21,11,052,37,7*73
$GAGSV,3,3,11,23,32,101,43,31,23,158,40,36,22,314,37,7*48
$GBGSV,2,1,08,06,56,035,44,08,34,129,41,09,71,033,47,13,52,123,47,1*74
$GBGSV,2,2,08,16,47,036,44,23,64,151,51,25,43,055,48,27,18,227,42,1*7C
$GBGSV,2,1,05,06,56,035,47,08,34,129,47,09,71,033,49,13,52,123,48,B*0E
$GBGSV,2,2,05,16,47,036,46,B*33
$GBGSV,4,1,13,01,03,096,,02,58,141,,03,34,114,,07,07,138,,0*7C
$GBGSV,4,2,13,10,08,148,,28,06,187,,30,12,277,,32,37,326,,0*75
$GBGSV,4,3,13,33,18,096,,37,23,199,,38,23,133,,39,39,036,,0*7E
$GBGSV,4,4,13,41,53,049,,0*4B
$GQGSV,1,1,02,02,11,083,37,04,19,094,39,1*61
$GQGSV,1,1,03,02,11,083,45,04,19,094,37,07,19,104,46,6*54
$GNGLL,2454.22970,N,06708.26845,E,174506.00,A,D*7E
$GNRMC,174507.00,A,2454.22970,N,06708.26845,E,0.015,,300425,,,R,V*0E
$GNVTG,,T,,M,0.015,N,0.027,K,D*39
$GNGGA,174507.00,2454.22970,N,06708.26845,E,4,12,0.61,21.8,M,-44.2,M,1.0,0265*74
$GNGSA,A,3,01,03,10,28,31,04,26,02,16,32,,,1.38,0.61,1.24,1*04
$GNGSA,A,3,69,80,68,85,84,78,79,,,,,,1.38,0.61,1.24,2*01
$GNGSA,A,3,11,23,21,31,10,19,,,,,,,1.38,0.61,1.24,3*00
$GNGSA,A,3,06,08,13,16,09,25,27,23,,,,,1.38,0.61,1.24,4*0F
$GNGSA,A,3,04,,,,,,,,,,,,1.38,0.61,1.24,5*0B
$GPGSV,4,1,13,01,48,265,45,02,40,225,45,03,44,331,45,04,23,289,37,1*6D
$GPGSV,4,2,13,10,13,129,33,16,23,158,41,26,42,129,44,28,36,037,44,1*65
$GPGSV,4,3,13,31,65,032,48,32,16,067,38,40,59,208,48,41,56,146,46,1*68
$GPGSV,4,4,13,42,19,104,45,1*5C
$GPGSV,2,1,08,01,48,265,47,03,44,331,44,04,23,289,40,10,13,129,21,6*6D
$GPGSV,2,2,08,26,42,129,45,28,36,037,45,31,65,032,45,32,16,067,38,6*65
$GLGSV,3,1,09,68,25,069,44,69,40,011,49,70,09,308,32,78,19,035,48,1*7A
$GLGSV,3,2,09,79,57,084,50,80,37,170,49,84,31,250,39,85,18,305,40,1*77
$GLGSV,3,3,09,,,,41,1*74
$GLGSV,2,1,08,68,25,069,47,69,40,011,49,78,19,035,47,79,57,084,48,3*7C
$GLGSV,2,2,08,80,37,170,48,84,31,250,46,85,18,305,39,,,,37,3*43
$GLGSV,1,1,01,83,04,191,,0*4E
$GAGSV,3,1,11,04,52,004,51,06,49,320,50,09,34,294,50,10,49,213,51,2*74
$GAGSV,3,2,11,11,53,260,47,12,34,187,46,19,17,062,37,21,11,052,43,2*73
$GAGSV,3,3,11,23,32,101,50,31,23,158,47,36,22,314,44,2*4C
$GAGSV,3,1,11,04,52,004,46,06,49,320,46,09,34,294,44,10,49,213,45,7*70
$GAGSV,3,2,11,11,53,260,43,12,34,187,39,19,17,062,33,21,11,052,37,7*7D
$GAGSV,3,3,11,23,32,101,43,31,23,158,40,36,22,314,37,7*48
$GBGSV,2,1,08,06,56,035,44,08,34,129,41,09,71,033,47,13,52,123,47,1*74
$GBGSV,2,2,08,16,47,036,44,23,64,151,51,25,43,055,48,27,18,227,42,1*7C
$GBGSV,2,1,05,06,56,035,47,08,34,129,47,09,71,033,49,13,52,123,48,B*0E
$GBGSV,2,2,05,16,47,036,46,B*33
$GBGSV,4,1,13,01,03,096,,02,58,141,,03,34,114,,07,07,138,,0*7C
$GBGSV,4,2,13,10,08,148,,28,06,187,,30,12,277,,32,37,326,,0*75
$GBGSV,4,3,13,33,18,096,,37,23,199,,38,23,133,,39,39,036,,0*7E
$GBGSV,4,4,13,41,53,049,,0*4B
$GQGSV,1,1,02,02,11,083,37,04,19,094,39,1*61
$GQGSV,1,1,03,02,11,083,45,04,19,094,37,07,19,104,46,6*54
$GNGLL,2454.22970,N,06708.26845,E,174507.00,A,D*7F
$GNRMC,174508.00,A,2454.22970,N,06708.26845,E,0.004,,300425,,,R,V*01
$GNVTG,,T,,M,0.004,N,0.007,K,D*3B
$GNGGA,174508.00,2454.22970,N,06708.26845,E,4,12,0.61,21.8,M,-44.2,M,1.0,0265*7B
$GNGSA,A,3,01,03,10,28,31,04,26,02,16,32,,,1.38,0.61,1.24,1*04
$GNGSA,A,3,69,80,68,85,84,78,79,,,,,,1.38,0.61,1.24,2*01
$GNGSA,A,3,11,23,21,31,10,19,,,,,,,1.38,0.61,1.24,3*00
$GNGSA,A,3,06,08,13,16,09,25,27,23,,,,,1.38,0.61,1.24,4*0F
$GNGSA,A,3,04,,,,,,,,,,,,1.38,0.61,1.24,5*0B
$GPGSV,4,1,13,01,48,265,45,02,40,225,45,03,44,331,45,04,23,289,37,1*6D
$GPGSV,4,2,13,10,13,129,33,16,23,158,41,26,42,129,44,28,36,037,44,1*65
$GPGSV,4,3,13,31,65,032,48,32,16,067,38,40,59,208,48,41,56,146,46,1*68
$GPGSV,4,4,13,42,19,104,45,1*5C
$GPGSV,2,1,08,01,48,265,47,03,44,331,44,04,23,289,40,10,13,129,20,6*6C
$GPGSV,2,2,08,26,42,129,45,28,36,037,46,31,65,032,45,32,16,067,39,6*67
$GLGSV,3,1,09,68,25,069,44,69,40,011,49,70,09,308,32,78,19,035,48,1*7A
$GLGSV,3,2,09,79,57,084,50,80,37,170,49,84,31,250,39,85,18,305,40,1*77
$GLGSV,3,3,09,,,,41,1*74
$GLGSV,2,1,08,68,25,069,47,69,40,011,49,78,19,035,47,79,57,084,48,3*7C
$GLGSV,2,2,08,80,37,170,48,84,31,250,45,85,18,305,39,,,,37,3*40
$GLGSV,1,1,01,83,04,191,,0*4E
$GAGSV,3,1,11,04,52,004,51,06,49,320,50,09,34,294,50,10,49,213,51,2*74
$GAGSV,3,2,11,11,53,260,47,12,34,187,46,19,17,062,37,21,11,052,43,2*73
$GAGSV,3,3,11,23,32,101,50,31,23,158,47,36,22,314,44,2*4C
$GAGSV,3,1,11,04,52,004,46,06,49,320,45,09,34,294,44,10,49,213,45,7*73
$GAGSV,3,2,11,11,53,260,43,12,34,187,39,19,17,062,33,21,11,052,36,7*7C
$GAGSV,3,3,11,23,32,101,43,31,23,158,40,36,22,314,37,7*48
$GBGSV,2,1,08,06,56,035,44,08,34,129,41,09,71,033,47,13,52,123,47,1*74
$GBGSV,2,2,08,16,47,036,44,23,65,150,51,25,43,055,48,27,18,227,42,1*7C
$GBGSV,2,1,05,06,56,035,47,08,34,129,47,09,71,033,49,13,52,123,48,B*0E
$GBGSV,2,2,05,16,47,036,46,B*33
$GBGSV,4,1,13,01,03,096,,02,58,141,,03,34,114,,07,07,138,,0*7C
$GBGSV,4,2,13,10,08,148,,28,06,187,,30,12,277,,32,37,326,,0*75
$GBGSV,4,3,13,33,18,096,,37,23,199,,38,23,133,,39,39,036,,0*7E
$GBGSV,4,4,13,41,53,049,,0*4B
$GQGSV,1,1,02,02,11,083,37,04,19,094,39,1*61
$GQGSV,1,1,03,02,11,083,45,04,19,094,37,07,19,104,46,6*54
$GNGLL,2454.22970,N,06708.26845,E,174508.00,A,D*70
$GNRMC,174509.00,A,2454.22970,N,06708.26845,E,0.006,,300425,,,R,V*02
$GNVTG,,T,,M,0.006,N,0.011,K,D*3E
$GNGGA,174509.00,2454.22970,N,06708.26845,E,4,12,0.61,21.8,M,-44.2,M,1.0,0265*7A
$GNGSA,A,3,01,03,10,28,31,04,26,02,16,32,,,1.38,0.61,1.24,1*04
$GNGSA,A,3,69,80,68,85,84,78,79,,,,,,1.38,0.61,1.24,2*01
$GNGSA,A,3,11,23,21,31,10,19,,,,,,,1.38,0.61,1.24,3*00
$GNGSA,A,3,06,08,13,16,09,25,27,23,,,,,1.38,0.61,1.24,4*0F
$GNGSA,A,3,04,,,,,,,,,,,,1.38,0.61,1.24,5*0B
$GPGSV,4,1,13,01,48,265,45,02,40,225,45,03,44,331,45,04,23,289,37,1*6D
$GPGSV,4,2,13,10,13,129,33,16,23,158,41,26,42,129,44,28,36,037,44,1*65
$GPGSV,4,3,13,31,65,032,48,32,16,067,37,40,59,208,48,41,56,146,46,1*67
$GPGSV,4,4,13,42,19,104,45,1*5C
$GPGSV,2,1,08,01,48,265,47,03,44,331,44,04,23,289,40,10,13,129,19,6*66
$GPGSV,2,2,08,26,42,129,45,28,36,037,46,31,65,032,45,32,16,067,39,6*67
$GLGSV,2,1,08,68,25,069,44,69,40,011,49,70,09,308,32,78,19,035,48,1*7A
$GLGSV,2,2,08,79,57,084,50,80,37,170,49,84,31,250,39,85,18,305,40,1*77
$GLGSV,2,1,07,68,25,069,47,69,40,011,49,78,19,035,47,79,57,084,48,3*73
$GLGSV,2,2,07,80,37,170,48,84,31,250,45,85,18,305,39,3*4B
$GLGSV,1,1,01,83,04,191,,0*4E
$GAGSV,3,1,11,04,52,004,51,06,49,320,50,09,34,294,50,10,49,213,51,2*74
$GAGSV,3,2,11,11,53,260,47,12,34,187,46,19,17,062,37,21,11,052,43,2*73
$GAGSV,3,3,11,23,32,101,50,31,23,158,47,36,22,314,44,2*4C
$GAGSV,3,1,11,04,52,004,46,06,49,320,46,09,34,294,44,10,49,213,45,7*70
$GAGSV,3,2,11,11,53,260,43,12,34,187,39,19,17,062,33,21,11,052,36,7*7C
$GAGSV,3,3,11,23,32,101,43,31,23,158,40,36,22,314,37,7*48
$GBGSV,2,1,08,06,56,035,44,08,34,129,41,09,71,033,47,13,52,123,47,1*74
$GBGSV,2,2,08,16,47,036,43,23,65,150,51,25,43,055,48,27,18,227,42,1*7B
$GBGSV,2,1,05,06,56,035,47,08,34,129,48,09,71,033,49,13,52,123,48,B*01
$GBGSV,2,2,05,16,47,036,47,B*32
$GBGSV,4,1,13,01,03,096,,02,58,141,,03,34,114,,07,07,138,,0*7C
$GBGSV,4,2,13,10,08,148,,28,06,187,,30,12,277,,32,37,326,,0*75
$GBGSV,4,3,13,33,18,096,,37,23,199,,38,23,133,,39,39,036,,0*7E
$GBGSV,4,4,13,41,53,049,,0*4B
$GQGSV,1,1,02,02,11,083,37,04,19,094,39,1*61
$GQGSV,1,1,03,02,11,083,45,04,19,094,37,07,19,104,46,6*54
$GNGLL,2454.22970,N,06708.26845,E,174509.00,A,D*71
$GNRMC,174510.00,A,2454.22970,N,06708.26845,E,0.005,,300425,,,R,V*09
$GNVTG,,T,,M,0.005,N,0.010,K,D*3C
$GNGGA,174510.00,2454.22970,N,06708.26845,E,4,12,0.61,21.8,M,-44.2,M,1.0,0265*72
$GNGSA,A,3,01,03,10,28,31,04,26,02,16,32,,,1.38,0.61,1.24,1*04
$GNGSA,A,3,69,80,68,85,84,78,79,,,,,,1.38,0.61,1.24,2*01
$GNGSA,A,3,11,23,21,31,10,19,,,,,,,1.38,0.61,1.24,3*00
$GNGSA,A,3,06,08,13,16,09,25,27,23,,,,,1.38,0.61,1.24,4*0F
$GNGSA,A,3,04,,,,,,,,,,,,1.38,0.61,1.24,5*0B
$GPGSV,4,1,13,01,48,265,45,02,40,225,45,03,44,331,45,04,23,289,37,1*6D
$GPGSV,4,2,13,10,13,129,33,16,23,158,41,26,42,129,44,28,36,037,44,1*65
$GPGSV,4,3,13,31,65,032,48,32,16,067,37,40,59,208,48,41,56,146,46,1*67
$GPGSV,4,4,13,42,19,104,45,1*5C
$GPGSV,2,1,08,01,48,265,47,03,44,331,44,04,23,289,40,10,13,129,18,6*67
$GPGSV,2,2,08,26,42,129,45,28,36,037,46,31,65,032,45,32,16,067,39,6*67
$GLGSV,3,1,09,68,25,069,44,69,40,011,49,70,09,308,32,78,19,035,48,1*7A
$GLGSV,3,2,09,79,57,084,50,80,37,170,49,84,31,250,39,85,18,305,40,1*77
$GLGSV,3,3,09,,,,40,1*75
$GLGSV,2,1,08,68,25,069,47,69,40,011,49,78,19,035,47,79,57,084,48,3*7C
$GLGSV,2,2,08,80,37,170,48,84,31,250,45,85,18,305,39,,,,37,3*40
$GLGSV,1,1,01,83,04,191,,0*4E
$GAGSV,3,1,11,04,52,004,51,06,49,320,50,09,34,294,50,10,49,213,51,2*74
$GAGSV,3,2,11,11,53,260,47,12,34,187,46,19,17,062,37,21,11,052,43,2*73
$GAGSV,3,3,11,23,32,101,50,31,23,158,47,36,22,314,44,2*4C
$GAGSV,3,1,11,04,52,004,46,06,49,320,46,09,34,294,44,10,49,213,45,7*70
$GAGSV,3,2,11,11,53,260,43,12,34,187,39,19,17,062,33,21,11,052,36,7*7C
$GAGSV,3,3,11,23,32,101,43,31,23,158,40,36,22,314,37,7*48
$GBGSV,2,1,08,06,56,035,44,08,34,129,41,09,71,033,47,13,52,123,47,1*74
$GBGSV,2,2,08,16,47,036,43,23,65,150,51,25,42,054,47,27,18,227,42,1*74
$GBGSV,2,1,05,06,56,035,47,08,34,129,48,09,71,033,49,13,52,123,48,B*01
$GBGSV,2,2,05,16,47,036,47,B*32
$GBGSV,4,1,13,01,03,096,,02,58,141,,03,34,114,,07,07,138,,0*7C
$GBGSV,4,2,13,10,08,148,,28,06,187,,30,12,277,,32,37,326,,0*75
$GBGSV,4,3,13,33,18,096,,37,23,199,,38,23,133,,39,39,036,,0*7E
$GBGSV,4,4,13,41,53,049,,0*4B
$GQGSV,1,1,02,02,11,083,37,04,19,094,39,1*61
$GQGSV,1,1,03,02,11,083,45,04,19,094,37,07,19,104,46,6*54
$GNGLL,2454.22970,N,06708.26845,E,174510.00,A,D*79
$GNRMC,174511.00,A,2454.22970,N,06708.26845,E,0.004,,300425,,,R,V*09
$GNVTG,,T,,M,0.004,N,0.007,K,D*3B
$GNGGA,174511.00,2454.22970,N,06708.26845,E,4,12,0.61,21.8,M,-44.2,M,1.0,0265*73
$GNGSA,A,3,01,03,10,28,31,04,26,02,16,32,,,1.38,0.61,1.24,1*04
$GNGSA,A,3,69,80,68,85,84,78,79,,,,,,1.38,0.61,1.24,2*01
$GNGSA,A,3,11,23,21,31,10,19,,,,,,,1.38,0.61,1.24,3*00
$GNGSA,A,3,06,08,13,16,09,25,27,23,,,,,1.38,0.61,1.24,4*0F
$GNGSA,A,3,04,,,,,,,,,,,,1.38,0.61,1.24,5*0B
$GPGSV,4,1,13,01,48,265,45,02,40,225,45,03,44,331,45,04,23,289,37,1*6D
$GPGSV,4,2,13,10,13,129,33,16,23,158,41,26,42,129,44,28,36,037,43,1*62
$GPGSV,4,3,13,31,65,032,48,32,16,067,37,40,59,208,48,41,56,146,46,1*67
$GPGSV,4,4,13,42,19,104,45,1*5C
$GPGSV,2,1,08,01,48,265,47,03,44,331,44,04,23,289,40,10,13,129,17,6*68
$GPGSV,2,2,08,26,42,129,45,28,36,037,45,31,65,032,45,32,16,067,39,6*64
$GLGSV,3,1,09,68,25,069,45,69,40,011,49,70,09,308,32,78,19,035,48,1*7B
$GLGSV,3,2,09,79,57,084,50,80,37,170,49,84,31,250,39,85,18,305,40,1*77
$GLGSV,3,3,09,,,,40,1*75
$GLGSV,2,1,08,68,25,069,47,69,40,011,49,78,19,035,47,79,57,084,48,3*7C
$GLGSV,2,2,08,80,37,170,48,84,31,250,46,85,18,305,39,,,,37,3*43
$GLGSV,1,1,01,83,04,191,,0*4E
$GAGSV,3,1,11,04,52,004,51,06,49,320,50,09,34,294,50,10,49,213,51,2*74
$GAGSV,3,2,11,11,53,260,47,12,34,187,46,19,17,062,37,21,11,052,43,2*73
$GAGSV,3,3,11,23,32,101,50,31,23,158,47,36,22,314,44,2*4C
$GAGSV,3,1,11,04,52,004,46,06,49,320,46,09,34,294,44,10,49,213,45,7*70
$GAGSV,3,2,11,11,53,260,43,12,34,187,39,19,17,062,33,21,11,052,36,7*7C
$GAGSV,3,3,11,23,32,101,43,31,23,158,40,36,22,314,37,7*48
$GBGSV,2,1,08,06,56,035,44,08,34,129,41,09,71,033,47,13,52,123,47,1*74
$GBGSV,2,2,08,16,47,036,43,23,65,150,51,25,42,054,47,27,18,227,42,1*74
$GBGSV,2,1,05,06,56,035,47,08,34,129,48,09,71,033,49,13,52,123,48,B*01
$GBGSV,2,2,05,16,47,036,46,B*33
$GBGSV,4,1,13,01,03,096,,02,58,141,,03,34,114,,07,07,138,,0*7C
$GBGSV,4,2,13,10,08,148,,28,06,187,,30,12,277,,32,37,326,,0*75
$GBGSV,4,3,13,33,18,096,,37,23,199,,38,23,133,,39,39,036,,0*7E
$GBGSV,4,4,13,41,53,049,,0*4B
$GQGSV,1,1,02,02,11,083,37,04,19,094,39,1*61
$GQGSV,1,1,03,02,11,083,45,04,19,094,37,07,19,104,46,6*54
$GNGLL,2454.22970,N,06708.26845,E,174511.00,A,D*78
$GNRMC,174512.00,A,2454.22970,N,06708.26845,E,0.004,,300425,,,R,V*0A
$GNVTG,,T,,M,0.004,N,0.007,K,D*3B
$GNGGA,174512.00,2454.22970,N,06708.26845,E,4,12,0.61,21.8,M,-44.2,M,1.0,0265*70
$GNGSA,A,3,01,03,10,28,31,04,26,02,16,32,,,1.38,0.61,1.24,1*04
$GNGSA,A,3,69,80,68,85,84,78,79,,,,,,1.38,0.61,1.24,2*01
$GNGSA,A,3,11,23,21,31,10,19,,,,,,,1.38,0.61,1.24,3*00
$GNGSA,A,3,06,08,13,16,09,25,27,23,,,,,1.38,0.61,1.24,4*0F
$GNGSA,A,3,04,,,,,,,,,,,,1.38,0.61,1.24,5*0B
$GPGSV,4,1,13,01,48,265,44,02,40,225,44,03,44,331,44,04,23,289,36,1*6D
$GPGSV,4,2,13,10,13,129,32,16,23,158,41,26,42,129,43,28,36,037,43,1*64
$GPGSV,4,3,13,31,65,032,47,32,16,067,37,40,59,208,48,41,56,146,46,1*68
$GPGSV,4,4,13,42,19,104,44,1*5D
$GPGSV,2,1,08,01,48,265,47,03,44,331,44,04,23,289,40,10,13,129,17,6*68
$GPGSV,2,2,08,26,42,129,45,28,36,037,45,31,65,032,45,32,16,067,39,6*64
$GLGSV,3,1,09,68,25,069,45,69,40,011,49,70,09,308,31,78,19,035,48,1*78
$GLGSV,3,2,09,79,57,084,50,80,37,170,49,84,31,250,39,85,18,305,41,1*76
$GLGSV,3,3,09,,,,41,1*74
$GLGSV,2,1,08,68,25,069,47,69,40,011,49,78,19,035,47,79,57,084,48,3*7C
$GLGSV,2,2,08,80,37,170,48,84,31,250,45,85,18,305,39,,,,37,3*40
$GLGSV,1,1,01,83,04,191,,0*4E
$GAGSV,3,1,11,04,52,004,51,06,49,320,50,09,34,294,50,10,49,213,51,2*74
$GAGSV,3,2,11,11,53,260,47,12,34,187,46,19,17,062,37,21,11,052,43,2*73
$GAGSV,3,3,11,23,32,101,50,31,23,158,47,36,22,314,44,2*4C
$GAGSV,3,1,11,04,52,004,46,06,49,320,46,09,34,294,44,10,49,213,45,7*70
$GAGSV,3,2,11,11,53,260,43,12,34,187,39,19,17,062,33,21,11,052,36,7*7C
$GAGSV,3,3,11,23,32,101,43,31,23,158,40,36,22,314,37,7*48
$GBGSV,2,1,08,06,56,035,44,08,34,129,41,09,71,033,47,13,52,123,47,1*74
$GBGSV,2,2,08,16,47,036,43,23,65,150,51,25,42,054,47,27,18,226,42,1*75
$GBGSV,2,1,05,06,56,035,47,08,34,129,48,09,71,033,49,13,52,123,48,B*01
$GBGSV,2,2,05,16,47,036,46,B*33
$GBGSV,4,1,13,01,03,096,,02,58,141,,03,34,114,,07,07,138,,0*7C
$GBGSV,4,2,13,10,08,148,,28,06,187,,30,12,277,,32,37,326,,0*75
$GBGSV,4,3,13,33,18,096,,37,23,199,,38,23,133,,39,39,036,,0*7E
$GBGSV,4,4,13,41,53,049,,0*4B
$GQGSV,1,1,02,02,11,083,36,04,19,094,39,1*60
$GQGSV,1,1,03,02,11,083,45,04,19,094,37,07,19,104,46,6*54
$GNGLL,2454.22970,N,06708.26845,E,174512.00,A,D*7B
$GNRMC,174513.00,A,2454.22970,N,06708.26845,E,0.008,,300425,,,R,V*07
$GNVTG,,T,,M,0.008,N,0.015,K,D*34
$GNGGA,174513.00,2454.22970,N,06708.26845,E,4,12,0.61,21.8,M,-44.2,M,1.0,0265*71
$GNGSA,A,3,01,03,10,28,31,04,26,02,16,32,,,1.38,0.61,1.24,1*04
$GNGSA,A,3,69,80,68,85,84,78,79,,,,,,1.38,0.61,1.24,2*01
$GNGSA,A,3,11,23,21,31,10,19,,,,,,,1.38,0.61,1.24,3*00
$GNGSA,A,3,06,08,13,16,09,25,27,23,,,,,1.38,0.61,1.24,4*0F
$GNGSA,A,3,04,,,,,,,,,,,,1.38,0.61,1.24,5*0B
$GPGSV,4,1,13,01,48,265,44,02,40,225,44,03,44,331,44,04,23,289,36,1*6D
$GPGSV,4,2,13,10,13,129,31,16,23,158,40,26,42,129,43,28,36,037,42,1*67
$GPGSV,4,3,13,31,65,032,47,32,16,067,36,40,59,208,47,41,56,146,45,1*65
$GPGSV,4,4,13,42,19,104,43,1*5A
$GPGSV,2,1,08,01,48,265,47,03,44,331,44,04,23,289,40,10,13,129,17,6*68
$GPGSV,2,2,08,26,42,129,45,28,36,037,45,31,65,032,45,32,16,067,39,6*64
$GLGSV,3,1,09,68,25,069,45,69,40,011,49,70,09,308,31,78,19,035,48,1*78
$GLGSV,3,2,09,79,57,084,50,80,37,170,49,84,31,250,39,85,18,305,41,1*76
$GLGSV,3,3,09,,,,41,1*74
$GLGSV,2,1,08,68,25,069,47,69,40,011,49,78,19,035,47,79,57,084,48,3*7C
$GLGSV,2,2,08,80,37,170,48,84,31,250,46,85,18,305,39,,,,37,3*43
$GLGSV,1,1,01,83,04,191,,0*4E
$GAGSV,3,1,11,04,52,004,51,06,49,320,50,09,34,294,50,10,49,213,51,2*74
$GAGSV,3,2,11,11,53,260,47,12,34,187,46,19,17,062,37,21,11,052,43,2*73
$GAGSV,3,3,11,23,32,101,50,31,23,158,47,36,22,314,44,2*4C
$GAGSV,3,1,11,04,52,004,45,06,49,320,45,09,34,294,43,10,49,213,44,7*76
$GAGSV,3,2,11,11,53,260,42,12,34,187,39,19,17,062,33,21,11,052,35,7*7E
$GAGSV,3,3,11,23,32,101,43,31,23,158,40,36,22,314,36,7*49
$GBGSV,2,1,08,06,56,035,43,08,34,129,41,09,71,033,47,13,52,123,47,1*73
$GBGSV,2,2,08,16,47,036,43,23,65,150,51,25,42,054,47,27,18,226,42,1*75
$GBGSV,2,1,05,06,56,035,47,08,34,129,48,09,71,033,49,13,52,123,48,B*01
$GBGSV,2,2,05,16,47,036,46,B*33
$GBGSV,4,1,13,01,03,096,,02,58,141,,03,34,114,,07,07,138,,0*7C
$GBGSV,4,2,13,10,08,148,,28,06,186,,30,12,277,,32,37,326,,0*74
$GBGSV,4,3,13,33,18,096,,37,23,199,,38,23,133,,39,39,036,,0*7E
$GBGSV,4,4,13,41,53,049,,0*4B
$GQGSV,1,1,02,02,11,083,36,04,19,094,38,1*61
$GQGSV,1,1,03,02,11,083,45,04,19,094,37,07,19,104,46,6*54
$GNGLL,2454.22970,N,06708.26845,E,174513.00,A,D*7A
$GNRMC,174514.00,A,2454.22970,N,06708.26845,E,0.008,,300425,,,R,V*00
$GNVTG,,T,,M,0.008,N,0.014,K,D*35
$GNGGA,174514.00,2454.22970,N,06708.26845,E,4,12,0.61,21.8,M,-44.2,M,1.0,0265*76
$GNGSA,A,3,01,03,10,28,31,04,26,02,16,32,,,1.38,0.61,1.24,1*04
$GNGSA,A,3,69,80,68,85,84,78,79,,,,,,1.38,0.61,1.24,2*01
$GNGSA,A,3,11,23,21,31,10,19,,,,,,,1.38,0.61,1.24,3*00
$GNGSA,A,3,06,08,13,16,09,25,27,23,,,,,1.38,0.61,1.24,4*0F
$GNGSA,A,3,04,,,,,,,,,,,,1.38,0.61,1.24,5*0B
$GPGSV,4,1,13,01,48,265,44,02,40,225,44,03,44,331,44,04,23,289,36,1*6D
$GPGSV,4,2,13,10,13,129,32,16,23,158,41,26,42,129,43,28,36,037,43,1*64
$GPGSV,4,3,13,31,65,032,47,32,16,067,36,40,59,208,47,41,56,146,46,1*66
$GPGSV,4,4,13,42,19,104,44,1*5D
$GPGSV,2,1,08,01,48,265,47,03,44,331,44,04,23,289,40,10,13,129,18,6*67
$GPGSV,2,2,08,26,42,129,45,28,36,037,45,31,65,032,45,32,16,067,39,6*64
$GLGSV,3,1,09,68,25,069,45,69,40,011,49,70,09,308,31,78,19,035,48,1*78
$GLGSV,3,2,09,79,57,084,50,80,37,170,49,84,31,250,39,85,18,305,41,1*76
$GLGSV,3,3,09,,,,41,1*74
$GLGSV,2,1,08,68,25,069,47,69,40,011,49,78,19,035,47,79,57,084,48,3*7C
$GLGSV,2,2,08,80,37,170,48,84,31,250,46,85,18,305,39,,,,37,3*43
$GLGSV,1,1,01,83,04,191,,0*4E
$GAGSV,3,1,11,04,52,004,51,06,49,320,50,09,34,294,50,10,49,213,51,2*74
$GAGSV,3,2,11,11,53,260,47,12,34,187,46,19,17,062,37,21,11,052,43,2*73
$GAGSV,3,3,11,23,32,101,50,31,23,158,47,36,22,314,44,2*4C
$GAGSV,3,1,11,04,52,004,46,06,49,320,46,09,34,294,44,10,49,213,45,7*70
$GAGSV,3,2,11,11,53,260,43,12,34,187,39,19,17,062,33,21,11,052,36,7*7C
$GAGSV,3,3,11,23,32,101,43,31,23,158,40,36,22,314,36,7*49
$GBGSV,2,1,08,06,56,035,43,08,34,129,41,09,71,033,47,13,52,123,47,1*73
$GBGSV,2,2,08,16,47,036,43,23,65,150,51,25,42,054,47,27,18,226,42,1*75
$GBGSV,2,1,05,06,56,035,47,08,34,129,47,09,71,033,49,13,52,123,48,B*0E
$GBGSV,2,2,05,16,47,036,46,B*33
$GBGSV,4,1,13,01,03,096,,02,58,141,,03,34,114,,07,07,138,,0*7C
$GBGSV,4,2,13,10,08,148,,28,06,186,,30,12,277,,32,37,326,,0*74
$GBGSV,4,3,13,33,18,096,,37,23,199,,38,23,133,,39,39,036,,0*7E
$GBGSV,4,4,13,41,53,049,,0*4B
$GQGSV,1,1,02,02,11,083,36,04,19,094,39,1*60
$GQGSV,1,1,03,02,11,083,45,04,19,094,37,07,19,104,46,6*54
$GNGLL,2454.22970,N,06708.26845,E,174514.00,A,D*7D
$GNRMC,174515.00,A,2454.22970,N,06708.26845,E,0.008,,300425,,,R,V*01
$GNVTG,,T,,M,0.008,N,0.014,K,D*35
$GNGGA,174515.00,2454.22970,N,06708.26845,E,4,12,0.61,21.8,M,-44.2,M,1.0,0265*77
$GNGSA,A,3,01,03,10,28,31,04,26,02,16,32,,,1.38,0.61,1.24,1*04
$GNGSA,A,3,69,80,68,85,84,78,79,,,,,,1.38,0.61,1.24,2*01
$GNGSA,A,3,11,23,21,31,10,19,,,,,,,1.38,0.61,1.24,3*00
$GNGSA,A,3,06,08,13,16,09,25,27,23,,,,,1.38,0.61,1.24,4*0F
$GNGSA,A,3,04,,,,,,,,,,,,1.38,0.61,1.24,5*0B
$GPGSV,4,1,13,01,48,265,44,02,40,225,44,03,44,331,44,04,23,289,36,1*6D
$GPGSV,4,2,13,10,13,129,32,16,23,158,41,26,42,129,43,28,36,037,43,1*64
$GPGSV,4,3,13,31,65,032,47,32,16,067,37,40,59,208,48,41,56,146,46,1*68
$GPGSV,4,4,13,42,19,104,44,1*5D
$GPGSV,2,1,08,01,48,265,47,03,44,331,44,04,23,289,40,10,13,129,19,6*66
$GPGSV,2,2,08,26,42,129,45,28,36,037,45,31,65,032,45,32,16,067,39,6*64
$GLGSV,3,1,09,68,25,069,45,69,40,011,49,70,09,308,31,78,19,035,48,1*78
$GLGSV,3,2,09,79,57,084,50,80,37,170,49,84,31,250,39,85,18,305,41,1*76
$GLGSV,3,3,09,,,,41,1*74
$GLGSV,2,1,08,68,25,069,47,69,40,011,49,78,19,035,47,79,57,084,48,3*7C
$GLGSV,2,2,08,80,37,170,48,84,31,250,46,85,18,305,39,,,,37,3*43
$GLGSV,1,1,01,83,04,191,,0*4E
$GAGSV,3,1,11,04,52,004,51,06,49,320,50,09,34,294,50,10,49,213,50,2*75
$GAGSV,3,2,11,11,53,260,47,12,34,187,46,19,17,062,37,21,11,052,43,2*73
$GAGSV,3,3,11,23,32,101,50,31,23,158,47,36,22,314,44,2*4C
$GAGSV,3,1,11,04,52,004,46,06,49,320,46,09,34,294,44,10,49,213,45,7*70
$GAGSV,3,2,11,11,53,260,43,12,34,187,39,19,17,062,33,21,11,052,36,7*7C
$GAGSV,3,3,11,23,32,101,43,31,23,158,40,36,22,314,37,7*48
$GBGSV,2,1,08,06,56,035,44,08,34,129,41,09,71,033,47,13,52,123,47,1*74
$GBGSV,2,2,08,16,47,036,43,23,65,150,51,25,42,054,47,27,18,226,42,1*75
$GBGSV,2,1,05,06,56,035,47,08,34,129,48,09,71,033,49,13,52,123,48,B*01
$GBGSV,2,2,05,16,47,036,46,B*33
$GBGSV,4,1,13,01,03,096,,02,58,141,,03,34,114,,07,07,138,,0*7C
$GBGSV,4,2,13,10,08,148,,28,06,186,,30,12,276,,32,37,326,,0*75
$GBGSV,4,3,13,33,18,096,,37,23,199,,38,23,133,,39,39,036,,0*7E
$GBGSV,4,4,13,41,53,049,,0*4B
$GQGSV,1,1,02,02,11,083,36,04,19,094,39,1*60
$GQGSV,1,1,03,02,11,083,45,04,19,094,37,07,19,104,46,6*54
$GNGLL,2454.22970,N,06708.26845,E,174515.00,A,D*7C
$GNRMC,174516.00,A,2454.22970,N,06708.26845,E,0.011,,300425,,,R,V*0A
$GNVTG,,T,,M,0.011,N,0.020,K,D*3A
$GNGGA,174516.00,2454.22970,N,06708.26845,E,4,12,0.61,21.8,M,-44.2,M,1.0,0265*74
$GNGSA,A,3,01,03,10,28,31,04,26,02,16,32,,,1.38,0.61,1.24,1*04
$GNGSA,A,3,69,80,68,85,84,78,79,,,,,,1.38,0.61,1.24,2*01
$GNGSA,A,3,11,23,21,31,10,19,,,,,,,1.38,0.61,1.24,3*00
$GNGSA,A,3,06,08,13,16,09,25,27,23,,,,,1.38,0.61,1.24,4*0F
$GNGSA,A,3,04,,,,,,,,,,,,1.38,0.61,1.24,5*0B
$GPGSV,4,1,13,01,48,265,44,02,40,225,44,03,44,331,44,04,23,289,36,1*6D
$GPGSV,4,2,13,10,13,129,32,16,23,158,41,26,42,129,43,28,36,037,43,1*64
$GPGSV,4,3,13,31,65,032,47,32,16,067,37,40,59,208,48,41,56,146,46,1*68
$GPGSV,4,4,13,42,19,104,44,1*5D
$GPGSV,2,1,08,01,48,265,47,03,44,331,44,04,23,289,40,10,13,129,20,6*6C
$GPGSV,2,2,08,26,42,129,45,28,36,037,45,31,65,032,45,32,16,067,39,6*64
$GLGSV,3,1,09,68,25,069,45,69,40,011,49,70,09,308,31,78,19,035,47,1*77
$GLGSV,3,2,09,79,57,084,50,80,37,170,49,84,31,250,39,85,18,305,41,1*76
$GLGSV,3,3,09,,,,41,1*74
$GLGSV,2,1,08,68,25,069,47,69,40,011,49,78,19,035,47,79,57,084,48,3*7C
$GLGSV,2,2,08,80,37,170,48,84,31,250,46,85,18,305,39,,,,37,3*43
$GLGSV,1,1,01,83,04,191,,0*4E
$GAGSV,3,1,11,04,52,004,51,06,49,320,50,09,34,294,50,10,49,213,50,2*75
$GAGSV,3,2,11,11,53,260,47,12,34,187,46,19,17,062,37,21,11,052,43,2*73
$GAGSV,3,3,11,23,32,101,50,31,23,158,47,36,22,314,44,2*4C
$GAGSV,3,1,11,04,52,004,45,06,49,320,45,09,34,294,43,10,49,213,45,7*77
$GAGSV,3,2,11,11,53,260,42,12,34,187,39,19,17,062,33,21,11,052,35,7*7E
$GAGSV,3,3,11,23,32,101,43,31,23,158,40,36,22,314,36,7*49
$GBGSV,2,1,08,06,56,035,43,08,34,129,41,09,71,033,47,13,52,123,47,1*73
$GBGSV,2,2,08,16,47,036,43,23,65,150,51,25,42,054,47,27,18,226,42,1*75
$GBGSV,2,1,05,06,56,035,47,08,34,129,48,09,71,033,49,13,52,123,48,B*01
$GBGSV,2,2,05,16,47,036,46,B*33
$GBGSV,4,1,13,01,03,096,,02,58,141,,03,34,114,,07,07,138,,0*7C
$GBGSV,4,2,13,10,08,148,,28,06,186,,30,12,276,,32,37,327,,0*74
$GBGSV,4,3,13,33,18,096,,37,23,199,,38,23,133,,39,39,036,,0*7E
$GBGSV,4,4,13,41,53,049,,0*4B
$GQGSV,1,1,02,02,11,083,36,04,19,094,39,1*60
$GQGSV,1,1,03,02,11,083,45,04,19,094,37,07,19,104,46,6*54
$GNGLL,2454.22970,N,06708.26845,E,174516.00,A,D*7F
$GNRMC,174517.00,A,2454.22970,N,06708.26845,E,0.003,,300425,,,R,V*08
$GNVTG,,T,,M,0.003,N,0.006,K,D*3D
$GNGGA,174517.00,2454.22970,N,06708.26845,E,4,12,0.61,21.8,M,-44.2,M,1.0,0265*75
$GNGSA,A,3,01,03,10,28,31,04,26,02,16,32,,,1.38,0.61,1.24,1*04
$GNGSA,A,3,69,80,68,85,84,78,79,,,,,,1.38,0.61,1.24,2*01
$GNGSA,A,3,11,23,21,31,10,19,,,,,,,1.38,0.61,1.24,3*00
$GNGSA,A,3,06,08,13,16,09,25,27,23,,,,,1.38,0.61,1.24,4*0F
$GNGSA,A,3,04,,,,,,,,,,,,1.38,0.61,1.24,5*0B
$GPGSV,4,1,13,01,48,265,44,02,40,225,44,03,44,331,44,04,23,289,36,1*6D
$GPGSV,4,2,13,10,13,129,32,16,23,158,41,26,42,129,43,28,36,037,43,1*64
$GPGSV,4,3,13,31,65,032,47,32,16,067,36,40,59,208,48,41,56,146,46,1*69
$GPGSV,4,4,13,42,19,104,44,1*5D
$GPGSV,2,1,08,01,48,265,47,03,44,331,44,04,23,289,40,10,13,129,21,6*6D
$GPGSV,2,2,08,26,42,129,45,28,36,037,45,31,65,032,45,32,16,067,39,6*64
$GLGSV,3,1,09,68,25,069,45,69,40,011,49,70,09,308,31,78,19,035,47,1*77
$GLGSV,3,2,09,79,57,084,50,80,37,170,49,84,31,250,39,85,18,305,41,1*76
$GLGSV,3,3,09,,,,41,1*74
$GLGSV,2,1,08,68,25,069,47,69,40,011,49,78,19,035,47,79,57,084,48,3*7C
$GLGSV,2,2,08,80,37,170,48,84,31,250,46,85,18,305,39,,,,37,3*43
$GLGSV,1,1,01,83,04,191,,0*4E
$GAGSV,3,1,11,04,52,004,51,06,49,320,50,09,34,294,50,10,49,213,50,2*75
$GAGSV,3,2,11,11,53,260,47,12,34,187,46,19,17,062,37,21,11,052,44,2*74
$GAGSV,3,3,11,23,32,101,50,31,23,158,47,36,22,314,44,2*4C
$GAGSV,3,1,11,04,52,004,45,06,49,320,45,09,34,294,44,10,49,213,45,7*70
$GAGSV,3,2,11,11,53,260,43,12,34,187,39,19,17,062,33,21,11,052,35,7*7F
$GAGSV,3,3,11,23,32,101,43,31,23,158,40,36,22,314,36,7*49
$GBGSV,2,1,08,06,56,035,44,08,34,129,41,09,71,033,47,13,52,123,47,1*74
$GBGSV,2,2,08,16,47,036,43,23,65,150,51,25,42,054,47,27,18,226,42,1*75
$GBGSV,2,1,05,06,56,035,47,08,34,129,48,09,71,033,49,13,52,123,48,B*01
$GBGSV,2,2,05,16,47,036,46,B*33
$GBGSV,4,1,13,01,03,096,,02,58,141,,03,34,114,,07,07,138,,0*7C
$GBGSV,4,2,13,10,08,148,,28,06,186,,30,12,276,,32,37,327,,0*74
$GBGSV,4,3,13,33,18,097,,37,23,199,,38,23,133,,39,39,036,,0*7F
$GBGSV,4,4,13,41,53,049,,0*4B
$GQGSV,1,1,02,02,11,083,36,04,19,094,39,1*60
$GQGSV,1,1,03,02,11,083,45,04,19,094,37,07,19,104,46,6*54
$GNGLL,2454.22970,N,06708.26845,E,174517.00,A,D*7E
$GNRMC,174518.00,A,2454.22970,N,06708.26845,E,0.007,,300425,,,R,V*03
$GNVTG,,T,,M,0.007,N,0.014,K,D*3A
$GNGGA,174518.00,2454.22970,N,06708.26845,E,4,12,0.61,21.8,M,-44.2,M,1.0,0265*7A
$GNGSA,A,3,01,03,10,28,31,04,26,02,16,32,,,1.38,0.61,1.24,1*04
$GNGSA,A,3,69,80,68,85,84,78,79,,,,,,1.38,0.61,1.24,2*01
$GNGSA,A,3,11,23,21,31,10,19,,,,,,,1.38,0.61,1.24,3*00
$GNGSA,A,3,06,08,13,16,09,25,27,23,,,,,1.38,0.61,1.24,4*0F
$GNGSA,A,3,04,,,,,,,,,,,,1.38,0.61,1.24,5*0B
$GPGSV,4,1,13,01,48,265,44,02,40,225,44,03,44,331,44,04,23,289,37,1*6C
$GPGSV,4,2,13,10,13,129,32,16,23,158,41,26,42,129,43,28,36,037,43,1*64
$GPGSV,4,3,13,31,65,032,47,32,16,067,36,40,59,208,48,41,56,146,46,1*69
$GPGSV,4,4,13,42,19,104,44,1*5D
$GPGSV,2,1,08,01,48,265,46,03,44,331,43,04,23,289,39,10,13,129,21,6*65
$GPGSV,2,2,08,26,42,129,44,28,36,037,44,31,65,032,44,32,16,067,37,6*6B
$GLGSV,3,1,09,68,25,069,45,69,40,011,49,70,09,308,31,78,19,035,47,1*77
$GLGSV,3,2,09,79,57,084,50,80,37,170,49,84,31,250,39,85,18,305,41,1*76
$GLGSV,3,3,09,,,,41,1*74
$GLGSV,2,1,08,68,25,069,46,69,40,011,48,78,19,035,46,79,57,084,46,3*73
$GLGSV,2,2,08,80,37,170,47,84,31,250,45,85,18,305,37,,,,35,3*43
$GLGSV,1,1,01,83,04,191,,0*4E
$GAGSV,3,1,11,04,52,004,51,06,49,320,51,09,34,294,50,10,49,213,50,2*74
$GAGSV,3,2,11,11,53,260,46,12,34,187,46,19,17,062,36,21,11,052,43,2*73
$GAGSV,3,3,11,23,32,101,50,31,23,158,47,36,22,314,44,2*4C
$GAGSV,3,1,11,04,52,004,46,06,49,320,45,09,34,294,44,10,49,213,45,7*73
$GAGSV,3,2,11,11,53,260,43,12,34,187,39,19,17,062,33,21,11,052,35,7*7F
$GAGSV,3,3,11,23,32,101,43,31,23,158,40,36,22,314,36,7*49
$GBGSV,2,1,08,06,56,035,44,08,34,129,41,09,71,033,47,13,52,123,47,1*74
$GBGSV,2,2,08,16,47,036,43,23,65,150,51,25,42,054,47,27,18,226,42,1*75
$GBGSV,2,1,05,06,56,035,46,08,34,129,47,09,71,033,49,13,52,123,47,B*00
$GBGSV,2,2,05,16,47,036,46,B*33
$GBGSV,4,1,13,01,03,096,,02,58,141,,03,34,114,,07,07,138,,0*7C
$GBGSV,4,2,13,10,08,148,,28,06,186,,30,12,276,,32,37,327,,0*74
$GBGSV,4,3,13,33,18,097,,37,23,199,,38,23,133,,39,39,036,,0*7F
$GBGSV,4,4,13,41,53,049,,0*4B
$GQGSV,1,1,02,02,11,083,36,04,19,094,39,1*60
$GQGSV,1,1,03,02,11,083,44,04,19,094,36,07,19,104,45,6*57
$GNGLL,2454.22970,N,06708.26845,E,174518.00,A,D*71
$GNRMC,174519.00,A,2454.22970,N,06708.26845,E,0.004,,300425,,,R,V*01
$GNVTG,,T,,M,0.004,N,0.007,K,D*3B
$GNGGA,174519.00,2454.22970,N,06708.26845,E,4,12,0.61,21.8,M,-44.2,M,1.0,0265*7B
$GNGSA,A,3,01,03,10,28,31,04,26,02,16,32,,,1.38,0.61,1.24,1*04
$GNGSA,A,3,69,80,68,85,84,78,79,,,,,,1.38,0.61,1.24,2*01
$GNGSA,A,3,11,23,21,31,10,19,,,,,,,1.38,0.61,1.24,3*00
$GNGSA,A,3,06,08,13,16,09,25,27,23,,,,,1.38,0.61,1.24,4*0F
$GNGSA,A,3,04,,,,,,,,,,,,1.38,0.61,1.24,5*0B
$GPGSV,4,1,13,01,48,265,45,02,40,225,45,03,44,331,45,04,23,289,37,1*6D
$GPGSV,4,2,13,10,13,129,33,16,23,158,42,26,42,129,44,28,36,037,44,1*66
$GPGSV,4,3,13,31,65,032,48,32,16,067,37,40,59,208,48,41,56,146,47,1*66
$GPGSV,4,4,13,42,19,104,45,1*5C
$GPGSV,2,1,08,01,48,265,47,03,44,331,44,04,23,289,40,10,13,129,22,6*6E
$GPGSV,2,2,08,26,42,129,44,28,36,037,45,31,65,032,45,32,16,067,38,6*64
$GLGSV,3,1,09,68,25,069,45,69,40,011,49,70,09,308,30,78,19,035,47,1*76
$GLGSV,3,2,09,79,57,084,50,80,37,170,49,84,31,250,39,85,18,305,41,1*76
$GLGSV,3,3,09,,,,41,1*74
$GLGSV,2,1,08,68,25,069,46,69,40,011,49,78,19,035,46,79,57,084,46,3*72
$GLGSV,2,2,08,80,37,170,47,84,31,250,45,85,18,305,38,,,,36,3*4F
$GLGSV,1,1,01,83,04,191,,0*4E
$GAGSV,3,1,11,04,52,004,51,06,49,320,51,09,34,294,50,10,49,213,51,2*75
$GAGSV,3,2,11,11,53,260,47,12,34,187,46,19,17,062,37,21,11,052,44,2*74
$GAGSV,3,3,11,23,32,101,50,31,23,158,48,36,22,314,44,2*43
$GAGSV,3,1,11,04,52,004,46,06,49,320,46,09,34,294,44,10,49,213,45,7*70
$GAGSV,3,2,11,11,53,260,43,12,34,187,40,19,17,062,34,21,11,052,36,7*75
$GAGSV,3,3,11,23,32,101,43,31,23,158,41,36,22,314,37,7*49
$GBGSV,2,1,08,06,56,035,44,08,34,129,41,09,71,033,47,13,52,123,47,1*74
$GBGSV,2,2,08,16,47,036,44,23,65,150,51,25,42,054,47,27,18,226,42,1*72
$GBGSV,2,1,05,06,56,035,46,08,34,129,47,09,71,033,49,13,52,123,48,B*0F
$GBGSV,2,2,05,16,47,036,46,B*33
$GBGSV,4,1,13,01,03,096,,02,58,141,,03,34,114,,07,07,138,,0*7C
$GBGSV,4,2,13,10,08,148,,28,06,186,,30,12,276,,32,37,327,,0*74
$GBGSV,4,3,13,33,18,097,,37,23,199,,38,23,133,,39,39,036,,0*7F
$GBGSV,4,4,13,41,53,049,,0*4B
$GQGSV,1,1,02,02,11,083,37,04,19,094,40,1*6F
$GQGSV,1,1,03,02,11,083,45,04,19,094,37,07,19,104,45,6*57
$GNGLL,2454.22970,N,06708.26845,E,174519.00,A,D*70
$GNRMC,174520.00,A,2454.22970,N,06708.26845,E,0.004,,300425,,,R,V*0B
$GNVTG,,T,,M,0.004,N,0.008,K,D*34
$GNGGA,174520.00,2454.22970,N,06708.26845,E,4,12,0.61,21.8,M,-44.2,M,1.0,0265*71
$GNGSA,A,3,01,03,10,28,31,04,26,02,16,32,,,1.38,0.61,1.24,1*04
$GNGSA,A,3,69,80,68,85,84,78,79,,,,,,1.38,0.61,1.24,2*01
$GNGSA,A,3,11,23,21,31,10,19,,,,,,,1.38,0.61,1.24,3*00
$GNGSA,A,3,06,08,13,16,09,25,27,23,,,,,1.38,0.61,1.24,4*0F
$GNGSA,A,3,04,,,,,,,,,,,,1.38,0.61,1.24,5*0B
$GPGSV,4,1,13,01,48,265,45,02,40,225,45,03,44,331,45,04,23,289,37,1*6D
$GPGSV,4,2,13,10,13,129,33,16,23,158,42,26,42,129,44,28,36,037,44,1*66
$GPGSV,4,3,13,31,65,032,48,32,16,067,37,40,59,208,48,41,56,146,47,1*66
$GPGSV,4,4,13,42,19,104,45,1*5C
$GPGSV,2,1,08,01,48,265,47,03,44,331,44,04,23,289,40,10,13,129,23,6*6F
$GPGSV,2,2,08,26,42,129,45,28,36,037,46,31,65,032,45,32,16,067,39,6*67
$GLGSV,3,1,09,68,25,069,45,69,40,011,49,70,09,308,30,78,19,035,47,1*76
$GLGSV,3,2,09,79,57,084,50,80,37,170,49,84,31,250,39,85,18,305,41,1*76
$GLGSV,3,3,09,,,,41,1*74
$GLGSV,2,1,08,68,25,069,47,69,40,011,49,78,19,035,46,79,57,084,47,3*72
$GLGSV,2,2,08,80,37,170,47,84,31,250,45,85,18,305,39,,,,37,3*4F
$GLGSV,1,1,01,83,04,191,,0*4E
$GAGSV,3,1,11,04,52,004,51,06,49,320,50,09,34,294,50,10,49,213,50,2*75
$GAGSV,3,2,11,11,53,260,47,12,34,187,46,19,17,062,37,21,11,052,44,2*74
$GAGSV,3,3,11,23,32,101,50,31,23,158,47,36,22,314,43,2*4B
$GAGSV,3,1,11,04,52,004,46,06,49,320,46,09,34,294,44,10,49,213,45,7*70
$GAGSV,3,2,11,11,53,260,43,12,34,187,39,19,17,062,33,21,11,052,36,7*7C
$GAGSV,3,3,11,23,32,101,43,31,23,158,41,36,22,314,37,7*49
$GBGSV,2,1,08,06,56,035,44,08,34,129,41,09,71,033,47,13,52,123,47,1*74
$GBGSV,2,2,08,16,47,036,43,23,65,150,51,25,42,054,47,27,18,226,42,1*75
$GBGSV,2,1,05,06,56,035,46,08,34,129,47,09,71,033,49,13,52,123,48,B*0F
$GBGSV,2,2,05,16,47,036,46,B*33
$GBGSV,4,1,13,01,03,096,,02,58,141,,03,34,114,,07,07,138,,0*7C
$GBGSV,4,2,13,10,08,148,,28,06,186,,30,12,276,,32,37,327,,0*74
$GBGSV,4,3,13,33,18,097,,37,23,199,,38,23,133,,39,39,036,,0*7F
$GBGSV,4,4,13,41,53,049,,0*4B
$GQGSV,1,1,02,02,11,083,37,04,19,094,40,1*6F
$GQGSV,1,1,03,02,11,083,45,04,19,094,37,07,19,104,46,6*54
$GNGLL,2454.22970,N,06708.26845,E,174520.00,A,D*7A
$GNRMC,174521.00,A,2454.22970,N,06708.26845,E,0.001,,300425,,,R,V*0F
$GNVTG,,T,,M,0.001,N,0.002,K,D*3B
$GNGGA,174521.00,2454.22970,N,06708.26845,E,4,12,0.61,21.8,M,-44.2,M,1.0,0265*70
$GNGSA,A,3,01,03,10,28,31,04,26,02,16,32,,,1.38,0.61,1.24,1*04
$GNGSA,A,3,69,80,68,85,84,78,79,,,,,,1.38,0.61,1.24,2*01
$GNGSA,A,3,11,23,21,31,10,19,,,,,,,1.38,0.61,1.24,3*00
$GNGSA,A,3,06,08,13,16,09,25,27,23,,,,,1.38,0.61,1.24,4*0F
$GNGSA,A,3,04,,,,,,,,,,,,1.38,0.61,1.24,5*0B
$GPGSV,4,1,13,01,48,265,45,02,40,225,45,03,44,331,45,04,23,289,37,1*6D
$GPGSV,4,2,13,10,13,129,34,16,23,158,42,26,42,129,44,28,36,037,44,1*61
$GPGSV,4,3,13,31,65,032,48,32,16,067,37,40,59,208,48,41,56,146,47,1*66
$GPGSV,4,4,13,42,19,104,45,1*5C
$GPGSV,2,1,08,01,48,265,49,03,44,331,45,04,23,289,42,10,13,129,24,6*65
$GPGSV,2,2,08,26,42,129,47,28,36,037,47,31,65,032,47,32,16,067,40,6*68
$GLGSV,3,1,09,68,25,069,45,69,40,011,49,70,09,308,30,78,19,035,47,1*76
$GLGSV,3,2,09,79,57,084,50,80,37,170,49,84,31,250,39,85,18,305,41,1*76
$GLGSV,3,3,09,,,,41,1*74
$GLGSV,2,1,08,68,25,069,48,69,40,011,50,78,19,035,48,79,57,084,49,3*75
$GLGSV,2,2,08,80,37,170,49,84,31,250,47,85,18,305,41,,,,39,3*42
$GLGSV,1,1,01,83,04,191,,0*4E
$GAGSV,3,1,11,04,52,004,52,06,49,320,52,09,34,294,51,10,49,213,51,2*74
$GAGSV,3,2,11,11,53,260,48,12,34,187,47,19,17,062,38,21,11,052,44,2*75
$GAGSV,3,3,11,23,32,101,51,31,23,158,48,36,22,314,44,2*42
$GAGSV,3,1,11,04,52,004,46,06,49,320,46,09,34,294,44,10,49,213,45,7*70
$GAGSV,3,2,11,11,53,260,43,12,34,187,39,19,17,062,34,21,11,052,35,7*78
$GAGSV,3,3,11,23,32,101,43,31,23,158,41,36,22,314,37,7*49
$GBGSV,2,1,08,06,56,035,44,08,34,129,41,09,71,033,47,13,52,123,47,1*74
$GBGSV,2,2,08,16,47,036,44,23,65,150,51,25,42,054,48,27,18,226,42,1*7D
$GBGSV,2,1,05,06,56,035,48,08,34,129,49,09,71,033,50,13,52,123,49,B*06
$GBGSV,2,2,05,16,47,036,48,B*3D
$GBGSV,4,1,13,01,03,096,,02,58,141,,03,34,114,,07,07,138,,0*7C
$GBGSV,4,2,13,10,08,148,,28,06,186,,30,12,276,,32,37,327,,0*74
$GBGSV,4,3,13,33,18,097,,37,23,199,,38,23,133,,39,39,036,,0*7F
$GBGSV,4,4,13,41,53,049,,0*4B
$GQGSV,1,1,02,02,11,083,37,04,19,094,40,1*6F
$GQGSV,1,1,03,02,11,083,47,04,19,094,39,07,19,104,48,6*56
$GNGLL,2454.22970,N,06708.26845,E,174521.00,A,D*7B
$GNRMC,174522.00,A,2454.22970,N,06708.26845,E,0.010,,300425,,,R,V*0C
$GNVTG,,T,,M,0.010,N,0.018,K,D*30
$GNGGA,174522.00,2454.22970,N,06708.26845,E,4,12,0.61,21.8,M,-44.2,M,1.0,0265*73
$GNGSA,A,3,01,03,10,28,31,04,26,02,16,32,,,1.38,0.61,1.24,1*04
$GNGSA,A,3,69,80,68,85,84,78,79,,,,,,1.38,0.61,1.24,2*01
$GNGSA,A,3,11,23,21,31,10,19,,,,,,,1.38,0.61,1.24,3*00
$GNGSA,A,3,06,08,13,16,09,25,27,23,,,,,1.38,0.61,1.24,4*0F
$GNGSA,A,3,04,,,,,,,,,,,,1.38,0.61,1.24,5*0B
$GPGSV,4,1,13,01,48,265,45,02,40,225,45,03,44,331,45,04,23,289,37,1*6D
$GPGSV,4,2,13,10,13,129,34,16,23,158,42,26,42,129,44,28,36,037,44,1*61
$GPGSV,4,3,13,31,65,032,48,32,16,067,37,40,59,208,48,41,56,146,47,1*66
$GPGSV,4,4,13,42,19,104,45,1*5C
$GPGSV,2,1,08,01,48,265,48,03,44,331,44,04,23,289,40,10,13,129,24,6*67
$GPGSV,2,2,08,26,42,129,45,28,36,037,46,31,65,032,45,32,16,067,39,6*67
$GLGSV,3,1,09,68,25,069,45,69,40,011,49,70,09,308,30,78,19,035,47,1*76
$GLGSV,3,2,09,79,57,084,50,80,37,170,49,84,31,250,39,85,18,305,41,1*76
$GLGSV,3,3,09,,,,41,1*74
$GLGSV,2,1,08,68,25,069,47,69,40,011,50,78,19,035,47,79,57,084,48,3*74
$GLGSV,2,2,08,80,37,170,48,84,31,250,47,85,18,305,40,,,,39,3*42
$GLGSV,1,1,01,83,04,191,,0*4E
$GAGSV,3,1,11,04,52,004,51,06,49,320,50,09,34,294,50,10,49,213,50,2*75
$GAGSV,3,2,11,11,53,260,47,12,34,187,46,19,17,062,37,21,11,052,44,2*74
$GAGSV,3,3,11,23,32,101,50,31,23,158,47,36,22,314,44,2*4C
$GAGSV,3,1,11,04,52,004,46,06,49,320,46,09,34,294,44,10,49,213,45,7*70
$GAGSV,3,2,11,11,53,260,43,12,34,187,39,19,17,062,34,21,11,052,35,7*78
$GAGSV,3,3,11,23,32,101,43,31,23,158,41,36,22,314,37,7*49
$GBGSV,2,1,08,06,56,035,44,08,34,129,41,09,71,033,47,13,52,123,47,1*74
$GBGSV,2,2,08,16,47,036,43,23,65,150,51,25,42,054,47,27,18,226,42,1*75
$GBGSV,2,1,06,06,56,035,47,08,34,129,48,09,71,033,49,13,52,123,48,B*02
$GBGSV,2,2,06,16,47,036,46,23,65,150,15,B*02
$GBGSV,4,1,13,01,03,096,,02,58,141,,03,34,114,,07,07,138,,0*7C
$GBGSV,4,2,13,10,08,148,,28,06,186,,30,12,276,,32,37,327,,0*74
$GBGSV,4,3,13,33,18,097,,37,23,199,,38,23,133,,39,39,036,,0*7F
$GBGSV,4,4,13,41,53,049,,0*4B
$GQGSV,1,1,02,02,11,083,37,04,19,094,40,1*6F
$GQGSV,1,1,03,02,11,083,46,04,19,094,38,07,19,104,46,6*58
$GNGLL,2454.22970,N,06708.26845,E,174522.00,A,D*78
$GNRMC,174523.00,A,2454.22970,N,06708.26845,E,0.008,,300425,,,R,V*04
$GNVTG,,T,,M,0.008,N,0.014,K,D*35
$GNGGA,174523.00,2454.22970,N,06708.26845,E,4,12,0.61,21.8,M,-44.2,M,1.0,0265*72
$GNGSA,A,3,01,03,10,28,31,04,26,02,16,32,,,1.38,0.61,1.24,1*04
$GNGSA,A,3,69,80,68,85,84,78,79,,,,,,1.38,0.61,1.24,2*01
$GNGSA,A,3,11,23,21,31,10,19,,,,,,,1.38,0.61,1.24,3*00
$GNGSA,A,3,06,08,13,16,09,25,27,23,,,,,1.38,0.61,1.24,4*0F
$GNGSA,A,3,04,,,,,,,,,,,,1.38,0.61,1.24,5*0B
$GPGSV,4,1,13,01,48,265,45,02,40,225,45,03,44,331,45,04,23,289,37,1*6D
$GPGSV,4,2,13,10,13,129,34,16,23,158,42,26,42,129,44,28,36,037,44,1*61
$GPGSV,4,3,13,31,65,032,48,32,16,067,37,40,59,208,48,41,56,146,47,1*66
$GPGSV,4,4,13,42,19,104,45,1*5C
$GPGSV,2,1,08,01,48,265,47,03,44,331,44,04,23,289,40,10,13,129,25,6*69
$GPGSV,2,2,08,26,42,129,45,28,36,037,46,31,65,032,45,32,16,067,39,6*67
$GLGSV,3,1,09,68,25,069,45,69,40,011,49,70,09,308,29,78,19,035,47,1*7E
$GLGSV,3,2,09,79,57,084,50,80,37,170,49,84,31,250,40,85,18,305,41,1*78
$GLGSV,3,3,09,,,,42,1*77
$GLGSV,2,1,08,68,25,069,47,69,40,011,50,78,19,035,47,79,57,084,48,3*74
$GLGSV,2,2,08,80,37,170,48,84,31,250,46,85,18,305,40,,,,38,3*42
$GLGSV,1,1,01,83,04,191,,0*4E
$GAGSV,3,1,11,04,52,004,50,06,49,320,50,09,34,294,50,10,49,213,50,2*74
$GAGSV,3,2,11,11,53,260,46,12,34,187,46,19,17,062,37,21,11,052,43,2*72
$GAGSV,3,3,11,23,32,101,50,31,23,158,47,36,22,314,44,2*4C
$GAGSV,3,1,11,04,52,004,46,06,49,320,46,09,34,294,44,10,49,213,45,7*70
$GAGSV,3,2,11,11,53,260,43,12,34,187,39,19,17,062,34,21,11,052,35,7*78
$GAGSV,3,3,11,23,32,101,43,31,23,158,41,36,22,314,37,7*49
$GBGSV,2,1,08,06,56,035,43,08,34,129,41,09,71,033,46,13,52,123,47,1*72
$GBGSV,2,2,08,16,47,036,43,23,65,150,51,25,42,054,48,27,18,226,42,1*7A
$GBGSV,2,1,06,06,56,035,46,08,34,129,47,09,71,033,49,13,52,123,48,B*0C
$GBGSV,2,2,06,16,47,036,46,23,65,150,12,B*05
$GBGSV,4,1,13,01,03,096,,02,58,141,,03,34,114,,07,07,138,,0*7C
$GBGSV,4,2,13,10,08,148,,28,06,186,,30,12,276,,32,37,327,,0*74
$GBGSV,4,3,13,33,18,097,,37,23,199,,38,23,133,,39,39,036,,0*7F
$GBGSV,4,4,13,41,53,049,,0*4B
$GQGSV,1,1,02,02,11,083,37,04,19,094,40,1*6F
$GQGSV,1,1,03,02,11,083,45,04,19,094,37,07,19,104,46,6*54
$GNGLL,2454.22970,N,06708.26845,E,174523.00,A,D*79
$GNRMC,174524.00,A,2454.22970,N,06708.26845,E,0.008,,300425,,,R,V*03
$GNVTG,,T,,M,0.008,N,0.014,K,D*35
$GNGGA,174524.00,2454.22970,N,06708.26845,E,4,12,0.61,21.8,M,-44.2,M,1.0,0265*75
$GNGSA,A,3,01,03,10,28,31,04,26,02,16,32,,,1.38,0.61,1.24,1*04
$GNGSA,A,3,69,80,68,85,84,78,79,,,,,,1.38,0.61,1.24,2*01
$GNGSA,A,3,11,23,21,31,10,19,,,,,,,1.38,0.61,1.24,3*00
$GNGSA,A,3,06,08,13,16,09,25,27,23,,,,,1.38,0.61,1.24,4*0F
$GNGSA,A,3,04,,,,,,,,,,,,1.38,0.61,1.24,5*0B
$GPGSV,4,1,13,01,48,265,45,02,40,225,45,03,44,331,45,04,23,289,37,1*6D
$GPGSV,4,2,13,10,13,129,34,16,23,158,42,26,42,129,44,28,36,037,44,1*61
$GPGSV,4,3,13,31,65,032,48,32,16,067,37,40,59,208,48,41,56,146,47,1*66
$GPGSV,4,4,13,42,19,104,45,1*5C
$GPGSV,2,1,08,01,48,265,47,03,44,331,44,04,23,289,40,10,13,129,25,6*69
$GPGSV,2,2,08,26,42,129,45,28,36,037,46,31,65,032,45,32,16,067,39,6*67
$GLGSV,3,1,09,68,25,069,45,69,40,011,49,70,09,308,29,78,19,035,47,1*7E
$GLGSV,3,2,09,79,57,084,50,80,37,170,49,84,31,250,40,85,18,305,41,1*78
$GLGSV,3,3,09,,,,42,1*77
$GLGSV,2,1,08,68,25,069,47,69,40,011,50,78,19,035,47,79,57,084,48,3*74
$GLGSV,2,2,08,80,37,170,48,84,31,250,46,85,18,305,40,,,,38,3*42
$GLGSV,1,1,01,83,04,191,,0*4E
$GAGSV,3,1,11,04,52,004,50,06,49,320,50,09,34,294,50,10,49,213,50,2*74
$GAGSV,3,2,11,11,53,260,47,12,34,187,46,19,17,062,37,21,11,052,43,2*73
$GAGSV,3,3,11,23,32,101,50,31,23,158,47,36,22,314,43,2*4B
$GAGSV,3,1,11,04,52,004,46,06,49,320,46,09,34,294,44,10,49,213,45,7*70
$GAGSV,3,2,11,11,53,260,43,12,34,187,39,19,17,062,34,21,11,052,35,7*78
$GAGSV,3,3,11,23,32,101,43,31,23,158,41,36,22,314,37,7*49
$GBGSV,2,1,08,06,56,035,43,08,34,129,41,09,71,033,47,13,52,123,47,1*73
$GBGSV,2,2,08,16,47,036,43,23,65,150,51,25,42,054,48,27,18,226,42,1*7A
$GBGSV,2,1,06,06,56,035,46,08,34,129,47,09,71,033,49,13,52,123,48,B*0C
$GBGSV,2,2,06,16,47,036,46,23,65,150,09,B*0F
$GBGSV,4,1,13,01,03,096,,02,58,141,,03,34,114,,07,07,138,,0*7C
$GBGSV,4,2,13,10,08,148,,28,06,186,,30,12,276,,32,37,327,,0*74
$GBGSV,4,3,13,33,18,097,,37,23,199,,38,23,133,,39,39,036,,0*7F
$GBGSV,4,4,13,41,53,049,,0*4B
$GQGSV,1,1,02,02,11,083,37,04,19,094,40,1*6F
$GQGSV,1,1,03,02,11,083,45,04,19,094,37,07,19,104,46,6*54
$GNGLL,2454.22970,N,06708.26845,E,174524.00,A,D*7E
$GNRMC,174525.00,A,2454.22970,N,06708.26845,E,0.012,,300425,,,R,V*09
$GNVTG,,T,,M,0.012,N,0.022,K,D*3B
$GNGGA,174525.00,2454.22970,N,06708.26845,E,4,12,0.61,21.8,M,-44.2,M,1.0,0265*74
$GNGSA,A,3,01,03,10,28,31,04,26,02,16,32,,,1.38,0.61,1.24,1*04
$GNGSA,A,3,69,80,68,85,84,78,79,,,,,,1.38,0.61,1.24,2*01
$GNGSA,A,3,11,23,21,31,10,19,,,,,,,1.38,0.61,1.24,3*00
$GNGSA,A,3,06,08,13,16,09,25,27,23,,,,,1.38,0.61,1.24,4*0F
$GNGSA,A,3,04,,,,,,,,,,,,1.38,0.61,1.24,5*0B
$GPGSV,4,1,13,01,48,265,45,02,40,225,45,03,44,331,45,04,23,289,37,1*6D
$GPGSV,4,2,13,10,13,129,34,16,23,158,42,26,42,129,44,28,36,037,44,1*61
$GPGSV,4,3,13,31,65,032,48,32,16,067,37,40,59,208,49,41,56,146,47,1*67
$GPGSV,4,4,13,42,19,104,45,1*5C
$GPGSV,2,1,08,01,48,265,47,03,44,331,44,04,23,289,40,10,13,129,25,6*69
$GPGSV,2,2,08,26,42,129,45,28,36,037,46,31,65,032,45,32,16,067,39,6*67
$GLGSV,3,1,09,68,25,069,45,69,40,011,49,70,09,308,29,78,19,035,47,1*7E
$GLGSV,3,2,09,79,57,084,50,80,37,170,49,84,31,250,40,85,18,305,41,1*78
$GLGSV,3,3,09,,,,42,1*77
$GLGSV,2,1,08,68,25,069,47,69,40,011,50,78,19,035,47,79,57,084,48,3*74
$GLGSV,2,2,08,80,37,170,48,84,31,250,46,85,18,305,40,,,,38,3*42
$GLGSV,1,1,01,83,04,191,,0*4E
$GAGSV,3,1,11,04,52,004,51,06,49,320,50,09,34,294,50,10,49,213,50,2*75
$GAGSV,3,2,11,11,53,260,47,12,33,186,46,19,17,062,37,21,11,052,43,2*75
$GAGSV,3,3,11,23,32,101,50,31,23,158,47,36,22,314,43,2*4B
$GAGSV,3,1,11,04,52,004,46,06,49,320,46,09,34,294,44,10,49,213,45,7*70
$GAGSV,3,2,11,11,53,260,43,12,33,186,39,19,17,062,34,21,11,052,35,7*7E
$GAGSV,3,3,11,23,32,101,43,31,23,158,41,36,22,314,37,7*49
$GBGSV,2,1,08,06,56,035,43,08,34,129,41,09,71,033,47,13,52,123,47,1*73
$GBGSV,2,2,08,16,47,036,43,23,65,150,51,25,42,054,48,27,18,226,42,1*7A
$GBGSV,2,1,06,06,56,035,46,08,34,129,47,09,71,033,49,13,52,123,47,B*03
$GBGSV,2,2,06,16,47,036,46,23,65,150,07,B*01
$GBGSV,4,1,13,01,03,096,,02,58,141,,03,34,114,,07,07,138,,0*7C
$GBGSV,4,2,13,10,08,148,,28,06,186,,30,12,276,,32,37,327,,0*74
$GBGSV,4,3,13,33,18,097,,37,23,199,,38,23,133,,39,39,036,,0*7F
$GBGSV,4,4,13,41,53,051,,0*42
$GQGSV,1,1,02,02,11,083,37,04,19,094,39,1*61
$GQGSV,1,1,03,02,11,083,45,04,19,094,37,07,19,104,46,6*54
$GNGLL,2454.22970,N,06708.26845,E,174525.00,A,D*7F
$GNRMC,174526.00,A,2454.22970,N,06708.26845,E,0.003,,300425,,,R,V*0A
$GNVTG,,T,,M,0.003,N,0.006,K,D*3D
$GNGGA,174526.00,2454.22970,N,06708.26845,E,4,12,0.61,21.8,M,-44.2,M,1.0,0265*77
$GNGSA,A,3,01,03,10,28,31,04,26,02,16,32,,,1.38,0.61,1.24,1*04
$GNGSA,A,3,69,80,68,85,84,78,79,,,,,,1.38,0.61,1.24,2*01
$GNGSA,A,3,11,23,21,31,10,19,,,,,,,1.38,0.61,1.24,3*00
$GNGSA,A,3,06,08,13,16,09,25,27,23,,,,,1.38,0.61,1.24,4*0F
$GNGSA,A,3,04,,,,,,,,,,,,1.38,0.61,1.24,5*0B
$GPGSV,4,1,13,01,48,265,45,02,40,225,45,03,44,331,45,04,23,289,37,1*6D
$GPGSV,4,2,13,10,13,129,34,16,23,158,42,26,42,129,44,28,36,037,44,1*61
$GPGSV,4,3,13,31,65,032,48,32,16,067,37,40,59,208,48,41,56,146,47,1*66
$GPGSV,4,4,13,42,19,104,45,1*5C
$GPGSV,2,1,08,01,48,265,47,03,44,331,44,04,23,289,40,10,13,129,25,6*69
$GPGSV,2,2,08,26,42,129,45,28,36,037,46,31,65,032,45,32,16,067,39,6*67
$GLGSV,3,1,09,68,25,069,45,69,40,011,49,70,09,308,29,78,19,035,47,1*7E
$GLGSV,3,2,09,79,57,084,50,80,37,170,49,84,31,250,40,85,18,305,41,1*78
$GLGSV,3,3,09,,,,41,1*74
$GLGSV,2,1,08,68,25,069,47,69,40,011,50,78,19,035,47,79,57,084,48,3*74
$GLGSV,2,2,08,80,37,170,47,84,31,250,46,85,18,305,40,,,,38,3*4D
$GLGSV,1,1,01,83,04,191,,0*4E
$GAGSV,3,1,11,04,52,004,51,06,49,320,50,09,34,294,50,10,49,213,50,2*75
$GAGSV,3,2,11,11,53,260,47,12,33,186,46,19,17,062,37,21,11,052,43,2*75
$GAGSV,3,3,11,23,32,101,50,31,23,158,47,36,22,314,44,2*4C
$GAGSV,3,1,11,04,52,004,46,06,49,320,46,09,34,294,44,10,49,213,45,7*70
$GAGSV,3,2,11,11,53,260,43,12,33,186,39,19,17,062,34,21,11,052,35,7*7E
$GAGSV,3,3,11,23,32,101,43,31,23,158,41,36,22,314,37,7*49
$GBGSV,2,1,08,06,56,035,43,08,34,129,41,09,71,033,47,13,52,123,47,1*73
$GBGSV,2,2,08,16,47,036,43,23,65,150,51,25,42,054,48,27,18,226,42,1*7A
$GBGSV,2,1,06,06,56,035,46,08,34,129,47,09,71,033,49,13,52,123,48,B*0C
$GBGSV,2,2,06,16,47,036,46,23,65,150,07,B*01
$GBGSV,4,1,13,01,03,096,,02,58,141,,03,34,114,,07,07,138,,0*7C
$GBGSV,4,2,13,10,08,148,,28,06,186,,30,12,276,,32,37,327,,0*74
$GBGSV,4,3,13,33,18,097,,37,23,199,,38,23,133,,39,39,036,,0*7F
$GBGSV,4,4,13,41,53,051,,0*42
$GQGSV,1,1,02,02,11,083,37,04,19,094,39,1*61
$GQGSV,1,1,03,02,11,083,45,04,19,094,37,07,19,104,46,6*54
$GNGLL,2454.22970,N,06708.26845,E,174526.00,A,D*7C
$GNRMC,174527.00,A,2454.22970,N,06708.26845,E,0.002,,300425,,,R,V*0A
$GNVTG,,T,,M,0.002,N,0.003,K,D*39
$GNGGA,174527.00,2454.22970,N,06708.26845,E,4,12,0.61,21.8,M,-44.2,M,1.0,0265*76
$GNGSA,A,3,01,03,10,28,31,04,26,02,16,32,,,1.38,0.61,1.24,1*04
$GNGSA,A,3,69,80,68,85,84,78,79,,,,,,1.38,0.61,1.24,2*01
$GNGSA,A,3,11,23,21,31,10,19,,,,,,,1.38,0.61,1.24,3*00
$GNGSA,A,3,06,08,13,16,09,25,27,23,,,,,1.38,0.61,1.24,4*0F
$GNGSA,A,3,04,,,,,,,,,,,,1.38,0.61,1.24,5*0B
$GPGSV,4,1,13,01,48,265,45,02,40,225,45,03,44,331,45,04,23,289,37,1*6D
$GPGSV,4,2,13,10,13,129,34,16,23,158,42,26,42,129,44,28,36,037,44,1*61
$GPGSV,4,3,13,31,65,032,48,32,16,067,37,40,59,208,48,41,56,146,47,1*66
$GPGSV,4,4,13,42,19,104,45,1*5C
$GPGSV,2,1,08,01,48,265,47,03,44,331,44,04,23,289,40,10,13,129,25,6*69
$GPGSV,2,2,08,26,42,129,45,28,36,037,46,31,65,032,45,32,16,067,39,6*67
$GLGSV,3,1,09,68,25,069,45,69,40,011,49,70,09,308,28,78,19,035,47,1*7F
$GLGSV,3,2,09,79,57,084,50,80,37,170,49,84,31,250,40,85,18,305,41,1*78
$GLGSV,3,3,09,,,,42,1*77
$GLGSV,2,1,08,68,25,069,47,69,40,011,49,78,19,035,47,79,57,084,48,3*7C
$GLGSV,2,2,08,80,37,170,48,84,31,250,46,85,18,305,40,,,,38,3*42
$GLGSV,1,1,01,83,04,191,,0*4E
$GAGSV,3,1,11,04,52,004,51,06,49,320,50,09,34,294,50,10,49,213,50,2*75
$GAGSV,3,2,11,11,53,260,47,12,33,186,46,19,17,062,37,21,11,052,44,2*72
$GAGSV,3,3,11,23,32,101,50,31,23,158,47,36,22,314,44,2*4C
$GAGSV,3,1,11,04,52,004,46,06,49,320,46,09,34,294,44,10,49,213,45,7*70
$GAGSV,3,2,11,11,53,260,43,12,33,186,40,19,17,062,34,21,11,052,35,7*70
$GAGSV,3,3,11,23,32,101,43,31,23,158,41,36,22,314,37,7*49
$GBGSV,2,1,08,06,56,035,43,08,34,129,41,09,71,033,47,13,52,123,47,1*73
$GBGSV,2,2,08,16,47,036,43,23,65,150,51,25,42,054,48,27,18,226,42,1*7A
$GBGSV,2,1,06,06,56,035,46,08,34,129,47,09,71,033,49,13,52,123,48,B*0C
$GBGSV,2,2,06,16,47,036,46,23,65,150,08,B*0E
$GBGSV,4,1,13,01,03,096,,02,58,141,,03,34,114,,07,07,138,,0*7C
$GBGSV,4,2,13,10,08,148,,28,06,186,,30,12,276,,32,37,327,,0*74
$GBGSV,4,3,13,33,18,097,,37,23,199,,38,23,133,,39,39,036,,0*7F
$GBGSV,4,4,13,41,53,051,,0*42
$GQGSV,1,1,02,02,11,083,37,04,19,094,39,1*61
$GQGSV,1,1,03,02,11,083,45,04,19,094,37,07,19,104,46,6*54
$GNGLL,2454.22970,N,06708.26845,E,174527.00,A,D*7D
$GNRMC,174528.00,A,2454.22970,N,06708.26845,E,0.003,,300425,,,R,V*04
$GNVTG,,T,,M,0.003,N,0.005,K,D*3E
$GNGGA,174528.00,2454.22970,N,06708.26845,E,4,12,0.61,21.8,M,-44.2,M,1.0,0265*79
$GNGSA,A,3,01,03,10,28,31,04,26,02,16,32,,,1.38,0.61,1.24,1*04
$GNGSA,A,3,69,80,68,85,84,78,79,,,,,,1.38,0.61,1.24,2*01
$GNGSA,A,3,11,23,21,31,10,19,,,,,,,1.38,0.61,1.24,3*00
$GNGSA,A,3,06,08,13,16,09,25,27,23,,,,,1.38,0.61,1.24,4*0F
$GNGSA,A,3,04,,,,,,,,,,,,1.38,0.61,1.24,5*0B
$GPGSV,4,1,13,01,48,265,45,02,40,225,45,03,44,331,45,04,23,289,37,1*6D
$GPGSV,4,2,13,10,13,129,34,16,23,158,42,26,42,129,44,28,36,037,44,1*61
$GPGSV,4,3,13,31,65,032,48,32,16,067,38,40,59,208,49,41,56,146,47,1*68
$GPGSV,4,4,13,42,19,104,45,1*5C
$GPGSV,2,1,08,01,48,265,47,03,44,331,44,04,23,289,40,10,13,129,25,6*69
$GPGSV,2,2,08,26,42,129,45,28,36,037,46,31,65,032,45,32,16,067,39,6*67
$GLGSV,3,1,09,68,25,069,45,69,40,011,49,70,09,308,27,78,19,035,47,1*70
$GLGSV,3,2,09,79,57,084,50,80,37,170,49,84,31,250,40,85,18,305,41,1*78
$GLGSV,3,3,09,,,,42,1*77
$GLGSV,2,1,08,68,25,069,47,69,40,011,49,78,19,035,47,79,57,084,48,3*7C
$GLGSV,2,2,08,80,37,170,48,84,31,250,46,85,18,305,40,,,,38,3*42
$GLGSV,1,1,01,83,04,191,,0*4E
$GAGSV,3,1,11,04,52,004,51,06,49,320,50,09,34,294,50,10,49,213,50,2*75
$GAGSV,3,2,11,11,53,260,47,12,33,186,46,19,17,062,37,21,11,052,44,2*72
$GAGSV,3,3,11,23,32,101,50,31,23,158,47,36,22,314,44,2*4C
$GAGSV,3,1,11,04,52,004,46,06,49,320,46,09,34,294,44,10,49,213,45,7*70
$GAGSV,3,2,11,11,53,260,43,12,33,186,40,19,17,062,34,21,11,052,34,7*71
$GAGSV,3,3,11,23,32,101,43,31,23,158,41,36,22,314,37,7*49
$GBGSV,2,1,08,06,56,035,43,08,34,129,41,09,71,033,47,13,52,123,46,1*72
$GBGSV,2,2,08,16,47,036,43,23,65,150,51,25,42,054,48,27,18,226,42,1*7A
$GBGSV,2,1,06,06,56,035,46,08,34,129,47,09,71,033,49,13,52,123,48,B*0C
$GBGSV,2,2,06,16,47,036,46,23,65,150,08,B*0E
$GBGSV,4,1,13,01,03,096,,02,58,141,,03,34,114,,07,07,138,,0*7C
$GBGSV,4,2,13,10,08,148,,28,06,186,,30,12,276,,32,37,327,,0*74
$GBGSV,4,3,13,33,18,097,,37,23,199,,38,23,133,,39,39,036,,0*7F
$GBGSV,4,4,13,41,53,051,,0*42
$GQGSV,1,1,02,02,11,083,37,04,19,094,39,1*61
$GQGSV,1,1,03,02,11,083,45,04,19,094,37,07,19,104,46,6*54
$GNGLL,2454.22970,N,06708.26845,E,174528.00,A,D*72
$GNRMC,174529.00,A,2454.22970,N,06708.26845,E,0.004,,300425,,,R,V*02
$GNVTG,,T,,M,0.004,N,0.008,K,D*34
$GNGGA,174529.00,2454.22970,N,06708.26845,E,4,12,0.61,21.8,M,-44.2,M,1.0,0265*78
$GNGSA,A,3,01,03,10,28,31,04,26,02,16,32,,,1.38,0.61,1.24,1*04
$GNGSA,A,3,69,80,68,85,84,78,79,,,,,,1.38,0.61,1.24,2*01
$GNGSA,A,3,11,23,21,31,10,19,,,,,,,1.38,0.61,1.24,3*00
$GNGSA,A,3,06,08,13,16,09,25,27,23,,,,,1.38,0.61,1.24,4*0F
$GNGSA,A,3,04,,,,,,,,,,,,1.38,0.61,1.24,5*0B
$GPGSV,4,1,13,01,48,265,45,02,40,225,45,03,44,331,45,04,23,289,37,1*6D
$GPGSV,4,2,13,10,13,129,34,16,23,158,42,26,42,129,44,28,36,037,44,1*61
$GPGSV,4,3,13,31,65,032,48,32,16,067,38,40,59,208,49,41,56,146,47,1*68
$GPGSV,4,4,13,42,19,104,45,1*5C
$GPGSV,2,1,08,01,48,265,47,03,44,331,44,04,23,289,40,10,13,129,26,6*6A
$GPGSV,2,2,08,26,42,129,45,28,36,037,46,31,65,032,45,32,16,067,39,6*67
$GLGSV,3,1,09,68,25,069,45,69,40,011,49,70,09,308,27,78,19,035,47,1*70
$GLGSV,3,2,09,79,57,084,50,80,37,170,49,84,31,250,40,85,18,305,41,1*78
$GLGSV,3,3,09,,,,42,1*77
$GLGSV,2,1,08,68,25,069,47,69,40,011,49,78,19,035,47,79,57,084,48,3*7C
$GLGSV,2,2,08,80,37,170,48,84,31,250,46,85,18,305,40,,,,38,3*42
$GLGSV,1,1,01,83,04,191,,0*4E
$GAGSV,3,1,11,04,52,004,51,06,49,320,50,09,34,294,50,10,49,213,50,2*75
$GAGSV,3,2,11,11,53,260,47,12,33,186,46,19,17,062,37,21,11,052,44,2*72
$GAGSV,3,3,11,23,32,101,50,31,23,158,47,36,22,314,44,2*4C
$GAGSV,3,1,11,04,52,004,46,06,49,320,46,09,34,294,44,10,49,213,45,7*70
$GAGSV,3,2,11,11,53,260,43,12,33,186,40,19,17,062,34,21,11,052,34,7*71
$GAGSV,3,3,11,23,32,101,43,31,23,158,41,36,22,314,37,7*49
$GBGSV,2,1,08,06,56,035,43,08,34,129,41,09,71,033,47,13,52,123,46,1*72
$GBGSV,2,2,08,16,47,036,43,23,65,150,51,25,42,054,47,27,18,226,42,1*75
$GBGSV,2,1,06,06,56,035,46,08,34,129,47,09,71,033,49,13,52,123,48,B*0C
$GBGSV,2,2,06,16,47,036,46,23,65,150,07,B*01
$GBGSV,4,1,13,01,03,096,,02,58,141,,03,34,114,,07,07,138,,0*7C
$GBGSV,4,2,13,10,08,148,,28,06,186,,30,12,276,,32,37,327,,0*74
$GBGSV,4,3,13,33,18,097,,37,23,199,,38,23,133,,39,39,036,,0*7F
$GBGSV,4,4,13,41,53,051,,0*42
$GQGSV,1,1,02,02,11,083,37,04,19,094,39,1*61
$GQGSV,1,1,03,02,11,083,45,04,19,094,37,07,19,104,46,6*54
$GNGLL,2454.22970,N,06708.26845,E,174529.00,A,D*73
$GNRMC,174530.00,A,2454.22970,N,06708.26845,E,0.006,,300425,,,R,V*08
$GNVTG,,T,,M,0.006,N,0.010,K,D*3F
$GNGGA,174530.00,2454.22970,N,06708.26845,E,4,12,0.61,21.8,M,-44.2,M,1.0,0265*70
$GNGSA,A,3,01,03,10,28,31,04,26,02,16,32,,,1.38,0.61,1.24,1*04
$GNGSA,A,3,69,80,68,85,84,78,79,,,,,,1.38,0.61,1.24,2*01
$GNGSA,A,3,11,23,21,31,10,19,,,,,,,1.38,0.61,1.24,3*00
$GNGSA,A,3,06,08,13,16,09,25,27,23,,,,,1.38,0.61,1.24,4*0F
$GNGSA,A,3,04,,,,,,,,,,,,1.38,0.61,1.24,5*0B
$GPGSV,4,1,13,01,48,265,45,02,40,225,45,03,44,331,45,04,23,289,37,1*6D
$GPGSV,4,2,13,10,13,129,34,16,23,158,42,26,42,129,44,28,36,037,44,1*61
$GPGSV,4,3,13,31,65,032,48,32,16,067,38,40,59,208,49,41,56,146,47,1*68
$GPGSV,4,4,13,42,19,104,45,1*5C
$GPGSV,2,1,08,01,48,265,47,03,44,331,44,04,23,289,40,10,13,129,26,6*6A
$GPGSV,2,2,08,26,42,129,45,28,36,037,46,31,65,032,45,32,16,067,38,6*66
$GLGSV,3,1,09,68,25,069,45,69,40,011,49,70,09,308,27,78,19,035,47,1*70
$GLGSV,3,2,09,79,57,084,50,80,37,170,49,84,31,250,40,85,18,305,41,1*78
$GLGSV,3,3,09,,,,42,1*77
$GLGSV,2,1,08,68,25,069,47,69,40,011,49,78,19,035,47,79,57,084,48,3*7C
$GLGSV,2,2,08,80,37,170,48,84,31,250,46,85,18,305,40,,,,38,3*42
$GLGSV,1,1,01,83,04,191,,0*4E
$GAGSV,3,1,11,04,52,004,51,06,49,320,50,09,34,294,50,10,49,213,50,2*75
$GAGSV,3,2,11,11,53,260,47,12,33,186,46,19,17,062,37,21,11,052,44,2*72
$GAGSV,3,3,11,23,32,101,50,31,23,158,47,36,22,314,44,2*4C
$GAGSV,3,1,11,04,52,004,46,06,49,320,46,09,34,294,44,10,49,213,45,7*70
$GAGSV,3,2,11,11,53,260,43,12,33,186,40,19,17,062,34,21,11,052,34,7*71
$GAGSV,3,3,11,23,32,101,43,31,23,158,41,36,22,314,37,7*49
$GBGSV,2,1,08,06,56,035,43,08,34,129,41,09,71,033,47,13,52,123,46,1*72
$GBGSV,2,2,08,16,47,036,43,23,65,150,51,25,42,054,48,27,18,226,42,1*7A
$GBGSV,2,1,06,06,56,035,46,08,34,129,47,09,71,033,49,13,52,123,48,B*0C
$GBGSV,2,2,06,16,47,036,46,23,65,150,08,B*0E
$GBGSV,4,1,13,01,03,096,,02,58,141,,03,34,114,,07,07,138,,0*7C
$GBGSV,4,2,13,10,08,148,,28,06,186,,30,12,276,,32,37,327,,0*74
$GBGSV,4,3,13,33,18,097,,37,23,199,,38,23,133,,39,39,036,,0*7F
$GBGSV,4,4,13,41,53,051,,0*42
$GQGSV,1,1,02,02,11,083,37,04,19,094,39,1*61
$GQGSV,1,1,03,02,11,083,45,04,19,094,37,07,19,104,46,6*54
$GNGLL,2454.22970,N,06708.26845,E,174530.00,A,D*7B
$GNRMC,174531.00,A,2454.22970,N,06708.26845,E,0.002,,300425,,,R,V*0D
$GNVTG,,T,,M,0.002,N,0.004,K,D*3E
$GNGGA,174531.00,2454.22970,N,06708.26845,E,4,12,0.61,21.8,M,-44.2,M,1.0,0265*71
$GNGSA,A,3,01,03,10,28,31,04,26,02,16,32,,,1.38,0.61,1.24,1*04
$GNGSA,A,3,69,80,68,85,84,78,79,,,,,,1.38,0.61,1.24,2*01
$GNGSA,A,3,11,23,21,31,10,19,,,,,,,1.38,0.61,1.24,3*00
$GNGSA,A,3,06,08,13,16,09,25,27,23,,,,,1.38,0.61,1.24,4*0F
$GNGSA,A,3,04,,,,,,,,,,,,1.38,0.61,1.24,5*0B
$GPGSV,4,1,13,01,48,265,45,02,40,225,45,03,44,331,45,04,23,289,37,1*6D
$GPGSV,4,2,13,10,13,129,33,16,23,158,42,26,42,129,44,28,36,037,44,1*66
$GPGSV,4,3,13,31,65,032,48,32,16,067,38,40,59,208,49,41,56,146,47,1*68
$GPGSV,4,4,13,42,19,104,45,1*5C
$GPGSV,2,1,08,01,48,265,47,03,44,331,44,04,23,289,40,10,13,129,26,6*6A
$GPGSV,2,2,08,26,42,129,45,28,36,037,46,31,65,032,45,32,16,067,38,6*66
$GLGSV,3,1,09,68,25,069,45,69,40,011,49,70,09,308,26,78,19,035,47,1*71
$GLGSV,3,2,09,79,57,084,50,80,37,170,49,84,31,250,40,85,18,305,41,1*78
$GLGSV,3,3,09,,,,42,1*77
$GLGSV,2,1,08,68,25,069,47,69,40,011,49,78,19,035,47,79,57,084,48,3*7C
$GLGSV,2,2,08,80,37,170,48,84,31,250,46,85,18,305,40,,,,38,3*42
$GLGSV,1,1,01,83,04,191,,0*4E
$GAGSV,3,1,11,04,52,004,51,06,49,320,50,09,34,294,50,10,49,213,50,2*75
$GAGSV,3,2,11,11,53,260,47,12,33,186,46,19,17,062,37,21,11,052,44,2*72
$GAGSV,3,3,11,23,32,101,50,31,23,158,47,36,22,314,44,2*4C
$GAGSV,3,1,11,04,52,004,46,06,49,320,46,09,34,294,44,10,49,213,45,7*70
$GAGSV,3,2,11,11,53,260,43,12,33,186,39,19,17,062,34,21,11,052,34,7*7F
$GAGSV,3,3,11,23,32,101,43,31,23,158,41,36,22,314,37,7*49
$GBGSV,2,1,08,06,56,035,43,08,34,129,41,09,71,033,47,13,52,123,46,1*72
$GBGSV,2,2,08,16,47,036,43,23,65,150,51,25,42,054,48,27,18,226,42,1*7A
$GBGSV,2,1,06,06,56,035,47,08,34,129,47,09,71,033,49,13,52,123,48,B*0D
$GBGSV,2,2,06,16,47,036,46,23,65,150,08,B*0E
$GBGSV,4,1,13,01,03,096,,02,58,141,,03,34,114,,07,07,138,,0*7C
$GBGSV,4,2,13,10,08,148,,28,06,186,,30,12,276,,32,37,327,,0*74
$GBGSV,4,3,13,33,18,097,,37,23,199,,38,23,133,,39,39,036,,0*7F
$GBGSV,4,4,13,41,53,051,,0*42
$GQGSV,1,1,02,02,11,083,37,04,19,094,39,1*61
$GQGSV,1,1,03,02,11,083,45,04,19,094,37,07,19,104,46,6*54
$GNGLL,2454.22970,N,06708.26845,E,174531.00,A,D*7A
$GNRMC,174532.00,A,2454.22970,N,06708.26845,E,0.008,,300425,,,R,V*04
$GNVTG,,T,,M,0.008,N,0.015,K,D*34
$GNGGA,174532.00,2454.22970,N,06708.26845,E,4,12,0.61,21.8,M,-44.2,M,1.0,0265*72
$GNGSA,A,3,01,03,10,28,31,04,26,02,16,32,,,1.38,0.61,1.24,1*04
$GNGSA,A,3,69,80,68,85,84,78,79,,,,,,1.38,0.61,1.24,2*01
$GNGSA,A,3,11,23,21,31,10,19,,,,,,,1.38,0.61,1.24,3*00
$GNGSA,A,3,06,08,13,16,09,25,27,23,,,,,1.38,0.61,1.24,4*0F
$GNGSA,A,3,04,,,,,,,,,,,,1.38,0.61,1.24,5*0B
$GPGSV,4,1,13,01,48,265,45,02,40,225,45,03,44,331,45,04,23,289,37,1*6D
$GPGSV,4,2,13,10,13,129,34,16,23,158,42,26,42,129,44,28,36,037,44,1*61
$GPGSV,4,3,13,31,65,032,48,32,16,067,37,40,59,208,49,41,56,146,47,1*67
$GPGSV,4,4,13,42,19,104,45,1*5C
$GPGSV,2,1,08,01,48,265,47,03,44,331,44,04,23,289,40,10,13,129,27,6*6B
$GPGSV,2,2,08,26,42,129,45,28,36,037,46,31,65,032,45,32,16,067,38,6*66
$GLGSV,3,1,09,68,25,069,45,69,40,011,49,70,09,308,26,78,19,035,47,1*71
$GLGSV,3,2,09,79,57,084,50,80,37,170,49,84,31,250,40,85,18,305,41,1*78
$GLGSV,3,3,09,,,,42,1*77
$GLGSV,2,1,08,68,25,069,47,69,40,011,49,78,19,035,47,79,57,084,48,3*7C
$GLGSV,2,2,08,80,37,170,48,84,31,250,46,85,18,305,40,,,,38,3*42
$GLGSV,1,1,01,83,04,191,,0*4E
$GAGSV,3,1,11,04,52,004,51,06,49,320,50,09,34,294,50,10,49,213,50,2*75
$GAGSV,3,2,11,11,53,260,47,12,33,186,46,19,17,062,37,21,11,052,44,2*72
$GAGSV,3,3,11,23,32,101,50,31,23,158,47,36,22,314,44,2*4C
$GAGSV,3,1,11,04,52,004,46,06,49,320,46,09,34,294,44,10,49,213,45,7*70
$GAGSV,3,2,11,11,53,260,43,12,33,186,39,19,17,062,34,21,11,052,34,7*7F
$GAGSV,3,3,11,23,32,101,43,31,23,158,41,36,22,314,37,7*49
$GBGSV,2,1,08,06,56,035,43,08,34,129,41,09,71,033,47,13,52,123,47,1*73
$GBGSV,2,2,08,16,47,036,43,23,65,150,51,25,42,054,48,27,18,226,42,1*7A
$GBGSV,2,1,06,06,56,035,47,08,34,129,48,09,71,033,49,13,52,123,48,B*02
$GBGSV,2,2,06,16,47,036,46,23,65,150,08,B*0E
$GBGSV,4,1,13,01,03,096,,02,58,141,,03,34,114,,07,07,138,,0*7C
$GBGSV,4,2,13,10,08,148,,28,06,186,,30,12,276,,32,37,327,,0*74
$GBGSV,4,3,13,33,18,097,,37,23,199,,38,23,133,,39,39,036,,0*7F
$GBGSV,4,4,13,41,53,051,,0*42
$GQGSV,1,1,02,02,12,083,37,04,19,094,39,1*62
$GQGSV,1,1,03,02,12,083,45,04,19,094,37,07,19,104,46,6*57
$GNGLL,2454.22970,N,06708.26845,E,174532.00,A,D*79
$GNRMC,174533.00,A,2454.22970,N,06708.26845,E,0.000,,300425,,,R,V*0D
$GNVTG,,T,,M,0.000,N,0.001,K,D*39
$GNGGA,174533.00,2454.22970,N,06708.26845,E,4,12,0.61,21.8,M,-44.2,M,1.0,0265*73
$GNGSA,A,3,01,03,10,28,31,04,26,02,16,32,,,1.38,0.61,1.24,1*04
$GNGSA,A,3,69,80,68,85,84,78,79,,,,,,1.38,0.61,1.24,2*01
$GNGSA,A,3,11,23,21,31,10,19,,,,,,,1.38,0.61,1.24,3*00
$GNGSA,A,3,06,08,13,16,09,25,27,23,,,,,1.38,0.61,1.24,4*0F
$GNGSA,A,3,04,,,,,,,,,,,,1.38,0.61,1.24,5*0B
$GPGSV,4,1,13,01,48,265,45,02,40,225,45,03,44,331,45,04,23,289,37,1*6D
$GPGSV,4,2,13,10,13,129,34,16,23,158,42,26,42,129,44,28,36,037,44,1*61
$GPGSV,4,3,13,31,65,032,48,32,16,067,37,40,59,208,49,41,56,146,47,1*67
$GPGSV,4,4,13,42,19,104,45,1*5C
$GPGSV,2,1,08,01,48,265,47,03,44,331,44,04,23,289,40,10,13,129,27,6*6B
$GPGSV,2,2,08,26,42,129,45,28,36,037,46,31,65,032,45,32,16,067,38,6*66
$GLGSV,3,1,09,68,25,069,45,69,40,011,49,70,09,308,26,78,19,035,47,1*71
$GLGSV,3,2,09,79,57,084,50,80,37,170,49,84,31,250,40,85,18,305,41,1*78
$GLGSV,3,3,09,,,,42,1*77
$GLGSV,2,1,08,68,25,069,47,69,40,011,49,78,19,035,47,79,57,084,48,3*7C
$GLGSV,2,2,08,80,37,170,48,84,31,250,46,85,18,305,40,,,,38,3*42
$GLGSV,1,1,01,83,04,191,,0*4E
$GAGSV,3,1,11,04,52,004,51,06,49,320,50,09,34,294,50,10,49,213,50,2*75
$GAGSV,3,2,11,11,53,260,47,12,33,186,46,19,17,062,37,21,11,052,44,2*72
$GAGSV,3,3,11,23,32,101,50,31,23,158,47,36,22,314,44,2*4C
$GAGSV,3,1,11,04,52,004,46,06,49,320,46,09,34,294,44,10,49,213,45,7*70
$GAGSV,3,2,11,11,53,260,43,12,33,186,39,19,17,062,34,21,11,052,34,7*7F
$GAGSV,3,3,11,23,32,101,43,31,23,158,41,36,22,314,37,7*49
$GBGSV,2,1,08,06,56,035,43,08,34,129,41,09,71,033,47,13,52,123,46,1*72
$GBGSV,2,2,08,16,47,036,43,23,65,150,51,25,42,054,48,27,18,226,42,1*7A
$GBGSV,2,1,05,06,56,035,47,08,34,129,47,09,71,033,49,13,52,123,48,B*0E
$GBGSV,2,2,05,16,47,036,46,B*33
$GBGSV,4,1,13,01,03,096,,02,58,141,,03,34,114,,07,07,138,,0*7C
$GBGSV,4,2,13,10,08,148,,28,06,186,,30,12,276,,32,37,327,,0*74
$GBGSV,4,3,13,33,18,097,,37,23,199,,38,23,133,,39,39,036,,0*7F
$GBGSV,4,4,13,41,53,051,,0*42
$GQGSV,1,1,02,02,12,083,37,04,19,094,39,1*62
$GQGSV,1,1,03,02,12,083,45,04,19,094,37,07,19,104,46,6*57
$GNGLL,2454.22970,N,06708.26845,E,174533.00,A,D*78
$GNRMC,174534.00,A,2454.22970,N,06708.26845,E,0.007,,300425,,,R,V*0D
$GNVTG,,T,,M,0.007,N,0.014,K,D*3A
$GNGGA,174534.00,2454.22970,N,06708.26845,E,4,12,0.61,21.8,M,-44.2,M,1.0,0265*74
$GNGSA,A,3,01,03,10,28,31,04,26,02,16,32,,,1.38,0.61,1.24,1*04
$GNGSA,A,3,69,80,68,85,84,78,79,,,,,,1.38,0.61,1.24,2*01
$GNGSA,A,3,11,23,21,31,10,19,,,,,,,1.38,0.61,1.24,3*00
$GNGSA,A,3,06,08,13,16,09,25,27,23,,,,,1.38,0.61,1.24,4*0F
$GNGSA,A,3,04,,,,,,,,,,,,1.38,0.61,1.24,5*0B
$GPGSV,4,1,13,01,48,265,45,02,40,225,45,03,44,331,45,04,23,289,37,1*6D
$GPGSV,4,2,13,10,13,129,34,16,23,158,42,26,42,129,44,28,36,037,44,1*61
$GPGSV,4,3,13,31,65,032,48,32,16,067,37,40,59,208,49,41,56,146,47,1*67
$GPGSV,4,4,13,42,19,104,45,1*5C
$GPGSV,2,1,08,01,48,265,47,03,44,331,44,04,23,289,40,10,13,129,28,6*64
$GPGSV,2,2,08,26,42,129,45,28,36,037,46,31,65,032,45,32,16,067,38,6*66
$GLGSV,3,1,09,68,25,069,45,69,40,011,49,70,09,308,26,78,19,035,47,1*71
$GLGSV,3,2,09,79,57,084,50,80,37,170,49,84,31,250,40,85,18,305,41,1*78
$GLGSV,3,3,09,,,,42,1*77
$GLGSV,2,1,08,68,25,069,47,69,40,011,49,78,19,035,47,79,57,084,48,3*7C
$GLGSV,2,2,08,80,37,170,48,84,31,250,46,85,18,305,40,,,,39,3*43
$GLGSV,1,1,01,83,04,191,,0*4E
$GAGSV,3,1,11,04,52,004,51,06,49,320,50,09,34,294,50,10,49,213,50,2*75
$GAGSV,3,2,11,11,53,260,47,12,33,186,46,19,17,062,37,21,11,052,44,2*72
$GAGSV,3,3,11,23,32,101,50,31,23,158,47,36,22,314,44,2*4C
$GAGSV,3,1,11,04,52,004,46,06,49,320,46,09,34,294,44,10,49,213,45,7*70
$GAGSV,3,2,11,11,53,260,43,12,33,186,39,19,17,062,34,21,11,052,33,7*78
$GAGSV,3,3,11,23,32,101,43,31,23,158,41,36,22,314,37,7*49
$GBGSV,2,1,08,06,56,035,43,08,34,129,41,09,71,033,47,13,52,123,47,1*73
$GBGSV,2,2,08,16,47,036,43,23,65,150,51,25,42,054,48,27,18,226,43,1*7B
$GBGSV,2,1,05,06,56,035,47,08,34,129,47,09,71,033,49,13,52,123,48,B*0E
$GBGSV,2,2,05,16,47,036,46,B*33
$GBGSV,4,1,13,01,03,096,,02,58,141,,03,34,114,,07,07,138,,0*7C
$GBGSV,4,2,13,10,08,148,,28,06,186,,30,12,276,,32,37,327,,0*74
$GBGSV,4,3,13,33,18,097,,37,23,199,,38,23,133,,39,39,036,,0*7F
$GBGSV,4,4,13,41,53,051,,0*42
$GQGSV,1,1,02,02,12,083,37,04,19,095,39,1*63
$GQGSV,1,1,03,02,12,083,45,04,19,095,37,07,19,104,46,6*56
$GNGLL,2454.22970,N,06708.26845,E,174534.00,A,D*7F
$GNRMC,174535.00,A,2454.22970,N,06708.26845,E,0.004,,300425,,,R,V*0F
$GNVTG,,T,,M,0.004,N,0.007,K,D*3B
$GNGGA,174535.00,2454.22970,N,06708.26845,E,4,12,0.61,21.8,M,-44.2,M,1.0,0265*75
$GNGSA,A,3,01,03,10,28,31,04,26,02,16,32,,,1.38,0.61,1.24,1*04
$GNGSA,A,3,69,80,68,85,84,78,79,,,,,,1.38,0.61,1.24,2*01
$GNGSA,A,3,11,23,21,31,10,19,,,,,,,1.38,0.61,1.24,3*00
$GNGSA,A,3,06,08,13,16,09,25,27,23,,,,,1.38,0.61,1.24,4*0F
$GNGSA,A,3,04,,,,,,,,,,,,1.38,0.61,1.24,5*0B
$GPGSV,4,1,13,01,48,265,45,02,40,225,45,03,44,331,46,04,23,289,37,1*6E
$GPGSV,4,2,13,10,13,129,34,16,23,158,42,26,42,129,44,28,36,037,44,1*61
$GPGSV,4,3,13,31,65,032,48,32,16,067,37,40,59,208,49,41,56,146,47,1*67
$GPGSV,4,4,13,42,19,104,45,1*5C
$GPGSV,2,1,08,01,48,265,47,03,44,331,44,04,23,289,40,10,13,129,27,6*6B
$GPGSV,2,2,08,26,42,129,45,28,36,037,46,31,65,032,45,32,16,067,38,6*66
$GLGSV,3,1,09,68,25,069,45,69,40,011,49,70,09,308,25,78,19,035,47,1*72
$GLGSV,3,2,09,79,57,084,50,80,37,170,49,84,31,250,40,85,18,305,40,1*79
$GLGSV,3,3,09,,,,42,1*77
$GLGSV,2,1,08,68,25,069,47,69,40,011,49,78,19,035,47,79,57,084,48,3*7C
$GLGSV,2,2,08,80,37,170,48,84,31,250,46,85,18,305,40,,,,39,3*43
$GLGSV,1,1,01,83,04,191,,0*4E
$GAGSV,3,1,11,04,52,004,51,06,49,320,50,09,34,294,50,10,49,213,50,2*75
$GAGSV,3,2,11,11,53,260,47,12,33,186,46,19,17,062,37,21,11,052,44,2*72
$GAGSV,3,3,11,23,32,101,50,31,23,158,47,36,22,314,43,2*4B
$GAGSV,3,1,11,04,52,004,46,06,49,320,46,09,34,294,44,10,49,213,45,7*70
$GAGSV,3,2,11,11,53,260,43,12,33,186,39,19,17,062,34,21,11,052,33,7*78
$GAGSV,3,3,11,23,32,101,43,31,23,158,41,36,22,314,37,7*49
$GBGSV,2,1,08,06,56,035,43,08,34,129,41,09,71,033,47,13,52,123,47,1*73
$GBGSV,2,2,08,16,47,036,43,23,65,150,51,25,42,054,48,27,18,226,42,1*7A
$GBGSV,2,1,05,06,56,035,46,08,34,129,47,09,71,033,49,13,52,123,48,B*0F
$GBGSV,2,2,05,16,47,036,46,B*33
$GBGSV,4,1,13,01,03,096,,02,58,141,,03,34,114,,07,07,138,,0*7C
$GBGSV,4,2,13,10,08,148,,28,06,186,,30,12,276,,32,37,327,,0*74
$GBGSV,4,3,13,33,18,097,,37,23,199,,38,23,133,,39,39,036,,0*7F
$GBGSV,4,4,13,41,53,051,,0*42
$GQGSV,1,1,02,02,12,083,37,04,19,095,39,1*63
$GQGSV,1,1,03,02,12,083,45,04,19,095,37,07,19,104,46,6*56
$GNGLL,2454.22970,N,06708.26845,E,174535.00,A,D*7E
$GNRMC,174536.00,A,2454.22970,N,06708.26845,E,0.008,,300425,,,R,V*00
$GNVTG,,T,,M,0.008,N,0.015,K,D*34
$GNGGA,174536.00,2454.22970,N,06708.26845,E,4,12,0.61,21.8,M,-44.2,M,1.0,0265*76
$GNGSA,A,3,01,03,10,28,31,04,26,02,16,32,,,1.38,0.61,1.24,1*04
$GNGSA,A,3,69,80,68,85,84,78,79,,,,,,1.38,0.61,1.24,2*01
$GNGSA,A,3,11,23,21,31,10,19,,,,,,,1.38,0.61,1.24,3*00
$GNGSA,A,3,06,08,13,16,09,25,27,23,,,,,1.38,0.61,1.24,4*0F
$GNGSA,A,3,04,,,,,,,,,,,,1.38,0.61,1.24,5*0B
$GPGSV,4,1,13,01,48,265,45,02,40,225,45,03,44,331,46,04,23,289,37,1*6E
$GPGSV,4,2,13,10,13,129,34,16,23,158,42,26,42,129,44,28,36,037,44,1*61
$GPGSV,4,3,13,31,65,032,48,32,16,067,37,40,59,208,49,41,56,146,47,1*67
$GPGSV,4,4,13,42,19,104,45,1*5C
$GPGSV,2,1,08,01,48,265,47,03,44,331,44,04,23,289,40,10,13,129,27,6*6B
$GPGSV,2,2,08,26,42,129,45,28,36,037,46,31,65,032,45,32,16,067,38,6*66
$GLGSV,3,1,09,68,25,069,45,69,40,011,49,70,09,308,25,78,19,035,47,1*72
$GLGSV,3,2,09,79,57,084,50,80,37,170,49,84,31,250,40,85,18,305,40,1*79
$GLGSV,3,3,09,,,,43,1*76
$GLGSV,2,1,08,68,25,069,47,69,40,011,49,78,19,035,47,79,57,084,48,3*7C
$GLGSV,2,2,08,80,37,170,48,84,31,250,46,85,18,305,41,,,,39,3*42
$GLGSV,1,1,01,83,04,191,,0*4E
$GAGSV,3,1,11,04,52,004,51,06,49,320,50,09,34,294,50,10,49,213,50,2*75
$GAGSV,3,2,11,11,53,260,47,12,33,186,46,19,17,062,37,21,11,052,44,2*72
$GAGSV,3,3,11,23,32,101,50,31,23,158,47,36,22,314,44,2*4C
$GAGSV,3,1,11,04,52,004,46,06,49,320,46,09,34,294,44,10,49,213,45,7*70
$GAGSV,3,2,11,11,53,260,43,12,33,186,40,19,17,062,33,21,11,052,33,7*71
$GAGSV,3,3,11,23,32,101,43,31,23,158,41,36,22,314,37,7*49
$GBGSV,2,1,08,06,56,035,43,08,34,129,41,09,71,033,47,13,52,123,47,1*73
$GBGSV,2,2,08,16,47,036,43,23,65,150,51,25,42,054,48,27,18,226,42,1*7A
$GBGSV,2,1,05,06,56,035,47,08,34,129,47,09,71,033,49,13,52,123,48,B*0E
$GBGSV,2,2,05,16,47,036,46,B*33
$GBGSV,4,1,13,01,03,096,,02,58,141,,03,34,114,,07,07,138,,0*7C
$GBGSV,4,2,13,10,08,148,,28,06,186,,30,12,276,,32,37,327,,0*74
$GBGSV,4,3,13,33,18,097,,37,23,199,,38,23,133,,39,39,036,,0*7F
$GBGSV,4,4,13,41,53,051,,0*42
$GQGSV,1,1,02,02,12,083,37,04,19,095,39,1*63
$GQGSV,1,1,03,02,12,083,45,04,19,095,37,07,19,104,46,6*56
$GNGLL,2454.22970,N,06708.26845,E,174536.00,A,D*7D
$GNRMC,174537.00,A,2454.22970,N,06708.26845,E,0.008,,300425,,,R,V*01
$GNVTG,,T,,M,0.008,N,0.014,K,D*35
$GNGGA,174537.00,2454.22970,N,06708.26845,E,4,12,0.61,21.8,M,-44.2,M,1.0,0265*77
$GNGSA,A,3,01,03,10,28,31,04,26,02,16,32,,,1.38,0.61,1.24,1*04
$GNGSA,A,3,69,80,68,85,84,78,79,,,,,,1.38,0.61,1.24,2*01
$GNGSA,A,3,11,23,21,31,10,19,,,,,,,1.38,0.61,1.24,3*00
$GNGSA,A,3,06,08,13,16,09,25,27,23,,,,,1.38,0.61,1.24,4*0F
$GNGSA,A,3,04,,,,,,,,,,,,1.38,0.61,1.24,5*0B
$GPGSV,4,1,13,01,48,265,45,02,40,225,45,03,44,331,46,04,23,289,37,1*6E
$GPGSV,4,2,13,10,13,129,34,16,23,158,42,26,42,129,44,28,36,037,44,1*61
$GPGSV,4,3,13,31,65,032,48,32,16,067,37,40,59,208,49,41,56,146,47,1*67
$GPGSV,4,4,13,42,19,104,45,1*5C
$GPGSV,2,1,08,01,48,265,47,03,44,331,44,04,23,289,40,10,13,129,28,6*64
$GPGSV,2,2,08,26,42,129,45,28,36,037,46,31,65,032,45,32,16,067,39,6*67
$GLGSV,3,1,09,68,25,069,45,69,40,011,49,70,09,308,25,78,19,035,47,1*72
$GLGSV,3,2,09,79,57,084,50,80,37,170,49,84,31,250,40,85,18,305,40,1*79
$GLGSV,3,3,09,,,,43,1*76
$GLGSV,2,1,08,68,25,069,47,69,40,011,49,78,19,035,47,79,57,084,48,3*7C
$GLGSV,2,2,08,80,37,170,48,84,31,250,46,85,18,305,41,,,,39,3*42
$GLGSV,1,1,01,83,04,191,,0*4E
$GAGSV,3,1,11,04,52,004,51,06,49,320,50,09,34,294,50,10,49,213,50,2*75
$GAGSV,3,2,11,11,53,260,47,12,33,186,46,19,17,062,37,21,11,052,44,2*72
$GAGSV,3,3,11,23,32,101,50,31,23,158,47,36,22,314,44,2*4C
$GAGSV,3,1,11,04,52,004,46,06,49,320,46,09,34,294,44,10,49,213,45,7*70
$GAGSV,3,2,11,11,53,260,43,12,33,186,39,19,17,062,33,21,11,052,32,7*7E
$GAGSV,3,3,11,23,32,101,43,31,23,158,41,36,22,314,37,7*49
$GBGSV,2,1,08,06,56,035,43,08,34,129,41,09,71,033,47,13,52,123,47,1*73
$GBGSV,2,2,08,16,47,036,43,23,65,150,51,25,42,054,48,27,18,226,43,1*7B
$GBGSV,2,1,05,06,56,035,47,08,34,129,47,09,71,033,49,13,52,123,48,B*0E
$GBGSV,2,2,05,16,47,036,47,B*32
$GBGSV,4,1,13,01,03,096,,02,58,141,,03,34,114,,07,07,138,,0*7C
$GBGSV,4,2,13,10,08,148,,28,06,186,,30,12,276,,32,37,327,,0*74
$GBGSV,4,3,13,33,18,097,,37,23,199,,38,23,133,,39,39,036,,0*7F
$GBGSV,4,4,13,41,53,051,,0*42
$GQGSV,1,1,02,02,12,083,37,04,19,095,39,1*63
$GQGSV,1,1,03,02,12,083,45,04,19,095,37,07,19,104,46,6*56
$GNGLL,2454.22970,N,06708.26845,E,174537.00,A,D*7C
$GNRMC,174538.00,A,2454.22970,N,06708.26845,E,0.003,,300425,,,R,V*05
$GNVTG,,T,,M,0.003,N,0.006,K,D*3D
$GNGGA,174538.00,2454.22970,N,06708.26845,E,4,12,0.61,21.8,M,-44.2,M,1.0,0265*78
$GNGSA,A,3,01,03,10,28,31,04,26,02,16,32,,,1.38,0.61,1.24,1*04
$GNGSA,A,3,69,80,68,85,84,78,79,,,,,,1.38,0.61,1.24,2*01
$GNGSA,A,3,11,23,21,31,10,19,,,,,,,1.38,0.61,1.24,3*00
$GNGSA,A,3,06,08,13,16,09,25,27,23,,,,,1.38,0.61,1.24,4*0F
$GNGSA,A,3,04,,,,,,,,,,,,1.38,0.61,1.24,5*0B
$GPGSV,4,1,13,01,48,265,45,02,40,225,45,03,44,331,46,04,23,289,37,1*6E
$GPGSV,4,2,13,10,13,129,34,16,23,158,42,26,42,129,44,28,36,037,44,1*61
$GPGSV,4,3,13,31,65,032,48,32,16,067,38,40,59,208,49,41,56,146,47,1*68
$GPGSV,4,4,13,42,19,104,45,1*5C
$GPGSV,2,1,08,01,48,265,48,03,44,331,44,04,23,289,40,10,13,129,28,6*6B
$GPGSV,2,2,08,26,42,129,45,28,36,037,46,31,65,032,45,32,16,067,38,6*66
$GLGSV,3,1,09,68,25,069,45,69,40,011,49,70,09,308,25,78,19,035,47,1*72
$GLGSV,3,2,09,79,57,084,50,80,37,170,49,84,31,250,40,85,18,305,40,1*79
$GLGSV,3,3,09,,,,43,1*76
$GLGSV,2,1,08,68,25,069,47,69,40,011,49,78,19,035,47,79,57,084,48,3*7C
$GLGSV,2,2,08,80,37,170,48,84,31,250,46,85,18,305,41,,,,39,3*42
$GLGSV,1,1,01,83,04,191,,0*4E
$GAGSV,3,1,11,04,52,004,51,06,49,320,50,09,34,294,50,10,49,213,50,2*75
$GAGSV,3,2,11,11,53,260,47,12,33,186,46,19,17,062,37,21,11,052,44,2*72
$GAGSV,3,3,11,23,32,101,50,31,23,158,47,36,22,314,44,2*4C
$GAGSV,3,1,11,04,52,004,46,06,49,320,46,09,34,294,44,10,49,213,45,7*70
$GAGSV,3,2,11,11,53,260,43,12,33,186,39,19,17,062,34,21,11,052,32,7*79
$GAGSV,3,3,11,23,32,101,43,31,23,158,41,36,22,314,37,7*49
$GBGSV,2,1,08,06,56,035,43,08,34,129,41,09,71,033,47,13,52,123,46,1*72
$GBGSV,2,2,08,16,47,036,43,23,65,150,51,25,42,054,48,27,18,226,42,1*7A
$GBGSV,2,1,05,06,56,035,47,08,34,129,47,09,71,033,49,13,52,123,48,B*0E
$GBGSV,2,2,05,16,47,036,47,B*32
$GBGSV,4,1,13,01,03,096,,02,58,141,,03,34,114,,07,07,138,,0*7C
$GBGSV,4,2,13,10,08,148,,28,06,186,,30,12,276,,32,37,327,,0*74
$GBGSV,4,3,13,33,18,097,,37,23,199,,38,23,133,,39,39,036,,0*7F
$GBGSV,4,4,13,41,53,051,,0*42
$GQGSV,1,1,02,02,12,083,37,04,19,095,40,1*6D
$GQGSV,1,1,03,02,12,083,46,04,19,095,37,07,19,104,46,6*55
$GNGLL,2454.22970,N,06708.26845,E,174538.00,A,D*73
$GNRMC,174539.00,A,2454.22970,N,06708.26845,E,0.011,,300425,,,R,V*07
$GNVTG,,T,,M,0.011,N,0.021,K,D*3B
$GNGGA,174539.00,2454.22970,N,06708.26845,E,4,12,0.61,21.8,M,-44.2,M,1.0,0265*79
$GNGSA,A,3,01,03,10,28,31,04,26,02,16,32,,,1.38,0.61,1.24,1*04
$GNGSA,A,3,69,80,68,85,84,78,79,,,,,,1.38,0.61,1.24,2*01
$GNGSA,A,3,11,23,21,31,10,19,,,,,,,1.38,0.61,1.24,3*00
$GNGSA,A,3,06,08,13,16,09,25,27,23,,,,,1.38,0.61,1.24,4*0F
$GNGSA,A,3,04,,,,,,,,,,,,1.38,0.61,1.24,5*0B
$GPGSV,4,1,13,01,48,265,45,02,40,225,45,03,44,331,45,04,23,289,37,1*6D
$GPGSV,4,2,13,10,13,129,34,16,23,158,42,26,42,129,44,28,36,037,44,1*61
$GPGSV,4,3,13,31,65,032,48,32,16,067,37,40,59,208,49,41,56,146,47,1*67
$GPGSV,4,4,13,42,19,104,45,1*5C
$GPGSV,2,1,08,01,48,265,47,03,44,331,44,04,23,289,40,10,13,129,28,6*64
$GPGSV,2,2,08,26,42,129,45,28,36,037,46,31,65,032,45,32,16,067,39,6*67
$GLGSV,2,1,08,68,24,070,45,69,40,011,49,70,09,308,25,78,19,035,47,1*7B
$GLGSV,2,2,08,79,57,084,50,80,37,170,49,84,31,250,40,85,18,305,40,1*79
$GLGSV,2,1,07,68,24,070,46,69,40,011,49,78,19,035,47,79,57,084,48,3*7B
$GLGSV,2,2,07,80,37,170,48,84,31,250,46,85,18,305,41,3*47
$GLGSV,1,1,01,83,04,191,,0*4E
$GAGSV,3,1,11,04,52,004,51,06,49,320,50,09,34,294,50,10,49,213,50,2*75
$GAGSV,3,2,11,11,53,260,47,12,33,186,46,19,17,062,37,21,11,052,44,2*72
$GAGSV,3,3,11,23,32,101,50,31,23,158,47,36,22,314,44,2*4C
$GAGSV,3,1,11,04,52,004,46,06,49,320,46,09,34,294,44,10,49,213,45,7*70
$GAGSV,3,2,11,11,53,260,43,12,33,186,39,19,17,062,34,21,11,052,32,7*79
$GAGSV,3,3,11,23,32,101,43,31,23,158,41,36,22,314,37,7*49
$GBGSV,2,1,08,06,56,035,43,08,34,129,41,09,71,033,47,13,52,123,47,1*73
$GBGSV,2,2,08,16,47,036,43,23,65,150,51,25,42,054,48,27,18,226,42,1*7A
$GBGSV,2,1,05,06,56,035,47,08,34,129,47,09,71,033,49,13,52,123,48,B*0E
$GBGSV,2,2,05,16,47,036,47,B*32
$GBGSV,4,1,13,01,03,096,,02,58,141,,03,34,114,,07,07,138,,0*7C
$GBGSV,4,2,13,10,08,148,,28,06,186,,30,12,276,,32,37,327,,0*74
$GBGSV,4,3,13,33,18,097,,37,23,199,,38,23,133,,39,39,036,,0*7F
$GBGSV,4,4,13,41,53,051,,0*42
$GQGSV,1,1,02,02,12,083,38,04,19,095,40,1*62
$GQGSV,1,1,03,02,12,083,46,04,19,095,37,07,19,104,46,6*55
$GNGLL,2454.22970,N,06708.26845,E,174539.00,A,D*72
$GNRMC,174540.00,A,2454.22970,N,06708.26845,E,0.012,,300425,,,R,V*0A
$GNVTG,,T,,M,0.012,N,0.023,K,D*3A
$GNGGA,174540.00,2454.22970,N,06708.26845,E,4,12,0.61,21.8,M,-44.2,M,1.0,0265*77
$GNGSA,A,3,01,03,10,28,31,04,26,02,16,32,,,1.38,0.61,1.24,1*04
$GNGSA,A,3,69,80,68,85,84,78,79,,,,,,1.38,0.61,1.24,2*01
$GNGSA,A,3,11,23,21,31,10,19,,,,,,,1.38,0.61,1.24,3*00
$GNGSA,A,3,06,08,13,16,09,25,27,23,,,,,1.38,0.61,1.24,4*0F
$GNGSA,A,3,04,,,,,,,,,,,,1.38,0.61,1.24,5*0B
$GPGSV,4,1,13,01,48,265,45,02,40,225,45,03,44,331,45,04,23,289,37,1*6D
$GPGSV,4,2,13,10,13,129,34,16,23,158,42,26,42,129,44,28,36,037,44,1*61
$GPGSV,4,3,13,31,65,032,48,32,16,067,37,40,59,208,49,41,56,146,47,1*67
$GPGSV,4,4,13,42,19,104,45,1*5C
$GPGSV,2,1,08,01,48,265,47,03,44,331,44,04,23,289,40,10,13,129,28,6*64
$GPGSV,2,2,08,26,42,129,45,28,36,037,46,31,65,032,45,32,16,067,39,6*67
$GLGSV,3,1,09,68,24,070,45,69,41,012,49,70,09,308,24,78,19,035,47,1*78
$GLGSV,3,2,09,79,57,084,50,80,37,170,49,84,31,250,40,85,18,305,40,1*79
$GLGSV,3,3,09,,,,42,1*77
$GLGSV,2,1,07,68,24,070,47,69,41,012,49,78,19,035,47,79,57,084,48,3*78
$GLGSV,2,2,07,80,37,170,48,84,31,250,46,85,18,305,41,3*47
$GLGSV,1,1,01,83,04,191,,0*4E
$GAGSV,3,1,11,04,52,004,51,06,49,320,50,09,34,294,50,10,49,213,50,2*75
$GAGSV,3,2,11,11,53,260,47,12,33,186,46,19,17,062,37,21,11,052,44,2*72
$GAGSV,3,3,11,23,32,101,50,31,23,158,47,36,22,314,44,2*4C
$GAGSV,3,1,11,04,52,004,46,06,49,320,46,09,34,294,44,10,49,213,45,7*70
$GAGSV,3,2,11,11,53,260,43,12,33,186,39,19,17,062,34,21,11,052,31,7*7A
$GAGSV,3,3,11,23,32,101,43,31,23,158,41,36,22,314,37,7*49
$GBGSV,2,1,08,06,56,035,43,08,34,129,41,09,71,033,47,13,52,123,47,1*73
$GBGSV,2,2,08,16,47,036,43,23,65,150,51,25,42,054,48,27,18,226,43,1*7B
$GBGSV,2,1,05,06,56,035,47,08,34,129,47,09,71,033,49,13,52,123,48,B*0E
$GBGSV,2,2,05,16,47,036,47,B*32
$GBGSV,4,1,13,01,03,096,,02,58,141,,03,34,114,,07,07,138,,0*7C
$GBGSV,4,2,13,10,08,148,,28,06,186,,30,12,276,,32,37,327,,0*74
$GBGSV,4,3,13,33,18,097,,37,23,199,,38,23,133,,39,39,036,,0*7F
$GBGSV,4,4,13,41,53,051,,0*42
$GQGSV,1,1,02,02,12,083,38,04,19,095,40,1*62
$GQGSV,1,1,03,02,12,083,46,04,19,095,37,07,19,104,46,6*55
$GNGLL,2454.22970,N,06708.26845,E,174540.00,A,D*7C
$GNRMC,174541.00,A,2454.22970,N,06708.26845,E,0.006,,300425,,,R,V*0E
$GNVTG,,T,,M,0.006,N,0.011,K,D*3E
$GNGGA,174541.00,2454.22970,N,06708.26845,E,4,12,0.61,21.8,M,-44.2,M,1.0,0265*76
$GNGSA,A,3,01,03,10,28,31,04,26,02,16,32,,,1.38,0.61,1.24,1*04
$GNGSA,A,3,69,80,68,85,84,78,79,,,,,,1.38,0.61,1.24,2*01
$GNGSA,A,3,11,23,21,31,10,19,,,,,,,1.38,0.61,1.24,3*00
$GNGSA,A,3,06,08,13,16,09,25,27,23,,,,,1.38,0.61,1.24,4*0F
$GNGSA,A,3,04,,,,,,,,,,,,1.38,0.61,1.24,5*0B
$GPGSV,4,1,13,01,48,265,45,02,40,225,45,03,44,331,45,04,23,289,37,1*6D
$GPGSV,4,2,13,10,13,129,34,16,23,158,42,26,42,129,44,28,36,037,44,1*61
$GPGSV,4,3,13,31,65,032,48,32,16,067,38,40,59,208,49,41,56,146,47,1*68
$GPGSV,4,4,13,42,19,104,45,1*5C
$GPGSV,2,1,08,01,48,265,47,03,44,331,44,04,23,289,40,10,13,129,28,6*64
$GPGSV,2,2,08,26,42,129,45,28,36,037,46,31,65,032,45,32,16,067,39,6*67
$GLGSV,3,1,09,68,24,070,45,69,41,012,49,70,09,309,24,78,19,035,47,1*79
$GLGSV,3,2,09,79,57,084,50,80,37,170,49,84,31,250,39,85,18,305,40,1*77
$GLGSV,3,3,09,,,,43,1*76
$GLGSV,2,1,07,68,24,070,46,69,41,012,49,78,19,035,47,79,57,084,48,3*79
$GLGSV,2,2,07,80,37,170,48,84,31,250,46,85,18,305,41,3*47
$GLGSV,1,1,01,83,04,191,,0*4E
$GAGSV,3,1,11,04,52,004,51,06,49,320,50,09,34,294,50,10,49,213,50,2*75
$GAGSV,3,2,11,11,53,260,47,12,33,186,46,19,17,062,37,21,11,052,44,2*72
$GAGSV,3,3,11,23,32,101,50,31,23,158,47,36,22,314,44,2*4C
$GAGSV,3,1,11,04,52,004,46,06,49,320,46,09,34,294,44,10,49,213,45,7*70
$GAGSV,3,2,11,11,53,260,43,12,33,186,39,19,17,062,34,21,11,052,31,7*7A
$GAGSV,3,3,11,23,32,101,43,31,23,158,41,36,22,314,37,7*49
$GBGSV,2,1,08,06,56,035,43,08,34,129,41,09,71,033,47,13,52,123,47,1*73
$GBGSV,2,2,08,16,47,036,43,23,65,150,51,25,42,054,48,27,18,226,43,1*7B
$GBGSV,2,1,05,06,56,035,46,08,34,129,47,09,71,033,49,13,52,123,48,B*0F
$GBGSV,2,2,05,16,47,036,46,B*33
$GBGSV,4,1,13,01,03,096,,02,58,141,,03,34,114,,07,07,138,,0*7C
$GBGSV,4,2,13,10,08,148,,28,06,186,,30,12,276,,32,37,327,,0*74
$GBGSV,4,3,13,33,18,097,,37,23,199,,38,23,133,,39,39,036,,0*7F
$GBGSV,4,4,13,41,53,051,,0*42
$GQGSV,1,1,02,02,12,083,38,04,19,095,40,1*62
$GQGSV,1,1,03,02,12,083,45,04,19,095,37,07,19,104,46,6*56
$GNGLL,2454.22970,N,06708.26845,E,174541.00,A,D*7D
$GNRMC,174542.00,A,2454.22970,N,06708.26844,E,0.006,,300425,,,R,V*0C
$GNVTG,,T,,M,0.006,N,0.012,K,D*3D
$GNGGA,174542.00,2454.22970,N,06708.26844,E,4,12,0.61,21.8,M,-44.2,M,2.0,0265*77
$GNGSA,A,3,01,03,10,28,31,04,26,02,16,32,,,1.38,0.61,1.24,1*04
$GNGSA,A,3,69,80,68,85,84,78,79,,,,,,1.38,0.61,1.24,2*01
$GNGSA,A,3,11,23,21,31,10,19,,,,,,,1.38,0.61,1.24,3*00
$GNGSA,A,3,06,08,13,16,09,25,27,23,,,,,1.38,0.61,1.24,4*0F
$GNGSA,A,3,04,,,,,,,,,,,,1.38,0.61,1.24,5*0B
$GPGSV,4,1,13,01,48,265,45,02,40,225,45,03,44,331,45,04,23,289,37,1*6D
$GPGSV,4,2,13,10,13,129,34,16,23,158,42,26,42,129,44,28,36,037,44,1*61
$GPGSV,4,3,13,31,65,032,48,32,16,067,37,40,59,208,49,41,56,146,47,1*67
$GPGSV,4,4,13,42,19,104,45,1*5C
$GPGSV,2,1,08,01,48,265,48,03,44,331,44,04,23,289,40,10,13,129,28,6*6B
$GPGSV,2,2,08,26,42,129,45,28,36,037,46,31,65,032,45,32,16,067,39,6*67
$GLGSV,3,1,09,68,24,070,45,69,41,012,49,70,09,309,23,78,19,035,47,1*7E
$GLGSV,3,2,09,79,57,084,50,80,37,170,49,84,31,250,39,85,18,305,40,1*77
$GLGSV,3,3,09,,,,43,1*76
$GLGSV,2,1,07,68,24,070,46,69,41,012,49,78,19,035,47,79,57,084,48,3*79
$GLGSV,2,2,07,80,37,170,48,84,31,250,46,85,18,305,41,3*47
$GLGSV,1,1,01,83,04,191,,0*4E
$GAGSV,3,1,11,04,52,004,51,06,49,320,50,09,34,294,50,10,49,213,50,2*75
$GAGSV,3,2,11,11,53,260,47,12,33,186,46,19,17,062,37,21,11,052,44,2*72
$GAGSV,3,3,11,23,32,101,50,31,23,158,47,36,22,314,44,2*4C
$GAGSV,3,1,11,04,52,004,46,06,49,320,46,09,34,294,44,10,49,213,45,7*70
$GAGSV,3,2,11,11,53,260,43,12,33,186,39,19,17,062,34,21,11,052,31,7*7A
$GAGSV,3,3,11,23,32,101,43,31,23,158,41,36,22,314,37,7*49
$GBGSV,2,1,08,06,56,035,43,08,34,129,41,09,71,033,47,13,52,123,46,1*72
$GBGSV,2,2,08,16,47,036,43,23,65,150,51,25,42,054,48,27,18,226,42,1*7A
$GBGSV,2,1,05,06,56,035,46,08,34,129,47,09,71,033,49,13,52,123,48,B*0F
$GBGSV,2,2,05,16,47,036,47,B*32
$GBGSV,4,1,13,01,03,096,,02,58,141,,03,34,114,,07,07,138,,0*7C
$GBGSV,4,2,13,10,08,148,,28,06,186,,30,12,276,,32,37,327,,0*74
$GBGSV,4,3,13,33,18,097,,37,23,199,,38,23,133,,39,39,036,,0*7F
$GBGSV,4,4,13,41,53,051,,0*42
$GQGSV,1,1,02,02,12,083,38,04,19,095,40,1*62
$GQGSV,1,1,03,02,12,083,45,04,19,095,37,07,19,104,46,6*56
$GNGLL,2454.22970,N,06708.26844,E,174542.00,A,D*7F
$GNRMC,174543.00,A,2454.22970,N,06708.26845,E,0.009,,300425,,,R,V*03
$GNVTG,,T,,M,0.009,N,0.016,K,D*36
$GNGGA,174543.00,2454.22970,N,06708.26845,E,4,12,0.61,21.8,M,-44.2,M,1.0,0265*74
$GNGSA,A,3,01,03,10,28,31,04,26,02,16,32,,,1.38,0.61,1.24,1*04
$GNGSA,A,3,69,80,68,85,84,78,79,,,,,,1.38,0.61,1.24,2*01
$GNGSA,A,3,11,23,21,31,10,19,,,,,,,1.38,0.61,1.24,3*00
$GNGSA,A,3,06,08,13,16,09,25,27,23,,,,,1.38,0.61,1.24,4*0F
$GNGSA,A,3,04,,,,,,,,,,,,1.38,0.61,1.24,5*0B
$GPGSV,4,1,13,01,48,265,45,02,40,225,45,03,44,331,45,04,23,289,37,1*6D
$GPGSV,4,2,13,10,13,129,34,16,23,158,42,26,42,129,44,28,36,037,44,1*61
$GPGSV,4,3,13,31,65,032,48,32,16,067,38,40,59,208,49,41,56,146,47,1*68
$GPGSV,4,4,13,42,19,104,45,1*5C
$GPGSV,2,1,08,01,48,265,48,03,44,331,44,04,23,289,41,10,13,129,28,6*6A
$GPGSV,2,2,08,26,42,129,45,28,36,037,46,31,65,032,45,32,16,067,39,6*67
$GLGSV,3,1,09,68,24,070,45,69,41,012,49,70,09,309,23,78,19,035,47,1*7E
$GLGSV,3,2,09,79,57,084,50,80,37,170,49,84,31,250,39,85,18,305,39,1*79
$GLGSV,3,3,09,,,,43,1*76
$GLGSV,2,1,08,68,24,070,46,69,41,012,49,78,19,035,47,79,57,084,48,3*76
$GLGSV,2,2,08,80,37,170,48,84,31,250,46,85,18,305,41,,,,40,3*4C
$GLGSV,1,1,01,83,04,191,,0*4E
$GAGSV,3,1,11,04,52,004,51,06,49,320,50,09,34,294,50,10,49,213,50,2*75
$GAGSV,3,2,11,11,53,260,47,12,33,186,46,19,17,062,37,21,11,052,44,2*72
$GAGSV,3,3,11,23,32,101,50,31,23,158,47,36,22,314,44,2*4C
$GAGSV,3,1,11,04,52,004,46,06,49,320,46,09,34,294,44,10,49,213,45,7*70
$GAGSV,3,2,11,11,53,260,43,12,33,186,39,19,17,062,34,21,11,052,31,7*7A
$GAGSV,3,3,11,23,32,101,43,31,23,158,41,36,22,314,37,7*49
$GBGSV,2,1,08,06,56,035,43,08,34,129,41,09,71,033,47,13,52,123,46,1*72
$GBGSV,2,2,08,16,47,036,43,23,65,150,51,25,42,054,48,27,18,226,42,1*7A
$GBGSV,2,1,05,06,56,035,47,08,34,129,47,09,71,033,49,13,52,123,48,B*0E
$GBGSV,2,2,05,16,47,036,47,B*32
$GBGSV,4,1,13,01,03,096,,02,58,141,,03,34,114,,07,07,138,,0*7C
$GBGSV,4,2,13,10,08,148,,28,06,186,,30,12,276,,32,37,327,,0*74
$GBGSV,4,3,13,33,18,097,,37,23,199,,38,23,133,,39,39,036,,0*7F
$GBGSV,4,4,13,41,53,051,,0*42
$GQGSV,1,1,02,02,12,083,37,04,19,095,40,1*6D
$GQGSV,1,1,03,02,12,083,45,04,19,095,37,07,19,104,46,6*56
$GNGLL,2454.22970,N,06708.26845,E,174543.00,A,D*7F
$GNRMC,174544.00,A,2454.22970,N,06708.26845,E,0.003,,300425,,,R,V*0E
$GNVTG,,T,,M,0.003,N,0.006,K,D*3D
$GNGGA,174544.00,2454.22970,N,06708.26845,E,4,12,0.61,21.8,M,-44.2,M,1.0,0265*73
$GNGSA,A,3,01,03,10,28,31,04,26,02,16,32,,,1.38,0.61,1.24,1*04
$GNGSA,A,3,69,80,68,85,84,78,79,,,,,,1.38,0.61,1.24,2*01
$GNGSA,A,3,11,23,21,31,10,19,,,,,,,1.38,0.61,1.24,3*00
$GNGSA,A,3,06,08,13,16,09,25,27,23,,,,,1.38,0.61,1.24,4*0F
$GNGSA,A,3,04,,,,,,,,,,,,1.38,0.61,1.24,5*0B
$GPGSV,4,1,13,01,48,265,45,02,40,225,45,03,44,331,45,04,23,289,37,1*6D
$GPGSV,4,2,13,10,13,129,34,16,23,158,42,26,42,129,44,28,36,037,44,1*61
$GPGSV,4,3,13,31,65,032,48,32,16,067,38,40,59,208,49,41,56,146,47,1*68
$GPGSV,4,4,13,42,19,104,45,1*5C
$GPGSV,2,1,08,01,48,265,47,03,44,331,44,04,23,289,41,10,13,129,28,6*65
$GPGSV,2,2,08,26,42,129,45,28,36,037,46,31,65,032,45,32,16,067,39,6*67
$GLGSV,3,1,09,68,24,070,45,69,41,012,49,70,09,309,23,78,19,035,47,1*7E
$GLGSV,3,2,09,79,57,084,50,80,37,170,49,84,31,250,40,85,18,305,39,1*77
$GLGSV,3,3,09,,,,43,1*76
$GLGSV,2,1,08,68,24,070,46,69,41,012,49,78,19,035,47,79,57,084,48,3*76
$GLGSV,2,2,08,80,37,170,48,84,31,250,46,85,18,305,41,,,,40,3*4C
$GLGSV,1,1,01,83,04,191,,0*4E
$GAGSV,3,1,11,04,52,004,51,06,49,320,50,09,34,294,50,10,49,213,50,2*75
$GAGSV,3,2,11,11,53,260,47,12,33,186,46,19,17,062,37,21,11,052,44,2*72
$GAGSV,3,3,11,23,32,101,50,31,23,158,47,36,22,314,44,2*4C
$GAGSV,3,1,11,04,52,004,46,06,49,320,46,09,34,294,44,10,49,213,45,7*70
$GAGSV,3,2,11,11,53,260,43,12,33,186,39,19,17,062,34,21,11,052,31,7*7A
$GAGSV,3,3,11,23,32,101,43,31,23,158,41,36,22,314,37,7*49
$GBGSV,2,1,08,06,56,035,43,08,34,129,41,09,71,033,47,13,52,123,46,1*72
$GBGSV,2,2,08,16,47,036,43,23,65,150,51,25,42,054,48,27,18,226,42,1*7A
$GBGSV,2,1,05,06,56,035,47,08,34,129,47,09,71,033,49,13,52,123,48,B*0E
$GBGSV,2,2,05,16,47,036,47,B*32
$GBGSV,4,1,13,01,03,096,,02,58,141,,03,34,114,,07,07,138,,0*7C
$GBGSV,4,2,13,10,08,148,,28,06,186,,30,12,276,,32,37,327,,0*74
$GBGSV,4,3,13,33,18,097,,37,23,199,,38,23,133,,39,39,036,,0*7F
$GBGSV,4,4,13,41,53,051,,0*42
$GQGSV,1,1,02,02,12,083,37,04,19,095,40,1*6D
$GQGSV,1,1,03,02,12,083,45,04,19,095,37,07,19,104,46,6*56
$GNGLL,2454.22970,N,06708.26845,E,174544.00,A,D*78
$GNRMC,174545.00,A,2454.22970,N,06708.26844,E,0.007,,300425,,,R,V*0A
$GNVTG,,T,,M,0.007,N,0.012,K,D*3C
$GNGGA,174545.00,2454.22970,N,06708.26844,E,4,12,0.61,21.8,M,-44.2,M,1.0,0265*73
$GNGSA,A,3,01,03,10,28,31,04,26,02,16,32,,,1.38,0.61,1.24,1*04
$GNGSA,A,3,69,80,68,85,84,78,79,,,,,,1.38,0.61,1.24,2*01
$GNGSA,A,3,11,23,21,31,10,19,,,,,,,1.38,0.61,1.24,3*00
$GNGSA,A,3,06,08,13,16,09,25,27,23,,,,,1.38,0.61,1.24,4*0F
$GNGSA,A,3,04,,,,,,,,,,,,1.38,0.61,1.24,5*0B
$GPGSV,4,1,13,01,48,265,45,02,40,225,45,03,44,331,46,04,23,289,37,1*6E
$GPGSV,4,2,13,10,13,129,34,16,23,158,42,26,42,129,44,28,36,037,44,1*61
$GPGSV,4,3,13,31,65,032,48,32,16,067,38,40,59,208,49,41,56,146,47,1*68
$GPGSV,4,4,13,42,19,104,45,1*5C
$GPGSV,2,1,08,01,48,265,47,03,44,331,44,04,23,289,41,10,13,129,28,6*65
$GPGSV,2,2,08,26,42,129,45,28,36,037,46,31,65,032,45,32,16,067,39,6*67
$GLGSV,3,1,09,68,24,070,45,69,41,012,49,70,09,309,23,78,19,035,47,1*7E
$GLGSV,3,2,09,79,57,084,50,80,37,170,49,84,31,250,40,85,18,305,39,1*77
$GLGSV,3,3,09,,,,44,1*71
$GLGSV,2,1,08,68,24,070,46,69,41,012,49,78,19,035,47,79,57,084,48,3*76
$GLGSV,2,2,08,80,37,170,48,84,31,250,46,85,18,305,41,,,,41,3*4D
$GLGSV,1,1,01,83,04,191,,0*4E
$GAGSV,3,1,11,04,52,004,51,06,49,320,50,09,34,294,50,10,49,213,50,2*75
$GAGSV,3,2,11,11,53,260,47,12,33,186,46,19,17,062,37,21,11,052,44,2*72
$GAGSV,3,3,11,23,32,101,50,31,23,158,47,36,22,314,44,2*4C
$GAGSV,3,1,11,04,52,004,46,06,49,320,46,09,34,294,44,10,49,213,45,7*70
$GAGSV,3,2,11,11,53,260,43,12,33,186,39,19,17,062,34,21,11,052,31,7*7A
$GAGSV,3,3,11,23,32,101,43,31,23,158,41,36,22,314,37,7*49
$GBGSV,2,1,08,06,56,035,43,08,34,129,41,09,71,033,47,13,52,123,46,1*72
$GBGSV,2,2,08,16,47,036,43,23,65,150,51,25,42,054,48,27,18,226,42,1*7A
$GBGSV,2,1,05,06,56,035,46,08,34,129,47,09,71,033,49,13,52,123,48,B*0F
$GBGSV,2,2,05,16,47,036,47,B*32
$GBGSV,4,1,13,01,03,096,,02,58,141,,03,34,114,,07,07,138,,0*7C
$GBGSV,4,2,13,10,08,148,,28,06,186,,30,12,276,,32,37,327,,0*74
$GBGSV,4,3,13,33,18,097,,37,23,199,,38,23,133,,39,39,036,,0*7F
$GBGSV,4,4,13,41,53,051,,0*42
$GQGSV,1,1,02,02,12,083,38,04,19,095,40,1*62
$GQGSV,1,1,03,02,12,083,46,04,19,095,37,07,19,104,46,6*55
$GNGLL,2454.22970,N,06708.26844,E,174545.00,A,D*78
$GNRMC,174546.00,A,2454.22970,N,06708.26844,E,0.003,,300425,,,R,V*0D
$GNVTG,,T,,M,0.003,N,0.005,K,D*3E
$GNGGA,174546.00,2454.22970,N,06708.26844,E,4,12,0.61,21.8,M,-44.2,M,1.0,0265*70
$GNGSA,A,3,01,03,10,28,31,04,26,02,16,32,,,1.38,0.61,1.24,1*04
$GNGSA,A,3,69,80,68,85,84,78,79,,,,,,1.38,0.61,1.24,2*01
$GNGSA,A,3,11,23,21,31,10,19,,,,,,,1.38,0.61,1.24,3*00
$GNGSA,A,3,06,08,13,16,09,25,27,23,,,,,1.38,0.61,1.24,4*0F
$GNGSA,A,3,04,,,,,,,,,,,,1.38,0.61,1.24,5*0B
$GPGSV,4,1,13,01,48,265,45,02,40,225,45,03,44,331,46,04,23,289,37,1*6E
$GPGSV,4,2,13,10,13,129,34,16,23,158,42,26,42,129,44,28,36,037,44,1*61
$GPGSV,4,3,13,31,65,032,48,32,16,067,38,40,59,208,49,41,56,146,47,1*68
$GPGSV,4,4,13,42,19,104,45,1*5C
$GPGSV,2,1,08,01,48,265,47,03,44,331,44,04,23,289,41,10,13,129,28,6*65
$GPGSV,2,2,08,26,42,129,45,28,36,037,46,31,65,032,45,32,16,067,39,6*67
$GLGSV,3,1,09,68,24,070,46,69,41,012,49,70,09,309,22,78,19,035,47,1*7C
$GLGSV,3,2,09,79,57,084,50,80,37,170,49,84,31,250,39,85,18,305,39,1*79
$GLGSV,3,3,09,,,,44,1*71
$GLGSV,2,1,08,68,24,070,46,69,41,012,49,78,19,035,47,79,57,084,48,3*76
$GLGSV,2,2,08,80,37,170,48,84,31,250,46,85,18,305,41,,,,41,3*4D
$GLGSV,1,1,01,83,04,191,,0*4E
$GAGSV,3,1,11,04,52,004,51,06,49,320,50,09,34,294,50,10,49,213,50,2*75
$GAGSV,3,2,11,11,53,260,47,12,33,186,46,19,17,062,37,21,11,052,45,2*73
$GAGSV,3,3,11,23,32,101,50,31,23,158,47,36,22,314,44,2*4C
$GAGSV,3,1,11,04,52,004,46,06,49,320,46,09,34,294,44,10,49,213,45,7*70
$GAGSV,3,2,11,11,53,260,43,12,33,186,39,19,17,062,34,21,11,052,31,7*7A
$GAGSV,3,3,11,23,32,101,43,31,23,158,41,36,22,314,37,7*49
$GBGSV,2,1,08,06,56,035,43,08,34,129,41,09,71,033,47,13,52,123,46,1*72
$GBGSV,2,2,08,16,47,036,43,23,65,150,51,25,42,054,48,27,18,226,43,1*7B
$GBGSV,2,1,05,06,56,035,46,08,34,129,47,09,71,033,49,13,52,123,48,B*0F
$GBGSV,2,2,05,16,47,036,47,B*32
$GBGSV,4,1,13,01,03,096,,02,58,141,,03,34,114,,07,07,138,,0*7C
$GBGSV,4,2,13,10,08,148,,28,06,186,,30,12,276,,32,37,327,,0*74
$GBGSV,4,3,13,33,18,097,,37,23,199,,38,23,133,,39,39,036,,0*7F
$GBGSV,4,4,13,41,53,051,,0*42
$GQGSV,1,1,02,02,12,083,38,04,19,095,40,1*62
$GQGSV,1,1,03,02,12,083,45,04,19,095,37,07,19,104,46,6*56
$GNGLL,2454.22970,N,06708.26844,E,174546.00,A,D*7B
$GNRMC,174547.00,A,2454.22970,N,06708.26844,E,0.004,,300425,,,R,V*0B
$GNVTG,,T,,M,0.004,N,0.008,K,D*34
$GNGGA,174547.00,2454.22970,N,06708.26844,E,4,12,0.61,21.8,M,-44.2,M,1.0,0265*71
$GNGSA,A,3,01,03,10,28,31,04,26,02,16,32,,,1.38,0.61,1.24,1*04
$GNGSA,A,3,69,80,68,85,84,78,79,,,,,,1.38,0.61,1.24,2*01
$GNGSA,A,3,11,23,21,31,10,19,,,,,,,1.38,0.61,1.24,3*00
$GNGSA,A,3,06,08,13,16,09,25,27,23,,,,,1.38,0.61,1.24,4*0F
$GNGSA,A,3,04,,,,,,,,,,,,1.38,0.61,1.24,5*0B
$GPGSV,4,1,13,01,48,265,45,02,40,225,45,03,44,331,46,04,23,289,37,1*6E
$GPGSV,4,2,13,10,13,129,34,16,23,158,42,26,42,129,44,28,36,037,44,1*61
$GPGSV,4,3,13,31,65,032,48,32,16,067,38,40,59,208,49,41,56,146,47,1*68
$GPGSV,4,4,13,42,19,104,45,1*5C
$GPGSV,2,1,08,01,48,265,47,03,44,331,44,04,23,289,41,10,13,129,28,6*65
$GPGSV,2,2,08,26,42,129,45,28,36,037,46,31,65,032,45,32,16,067,39,6*67
$GLGSV,3,1,09,68,24,070,46,69,41,012,49,70,09,309,23,78,19,035,47,1*7D
$GLGSV,3,2,09,79,57,084,50,80,37,170,49,84,31,250,40,85,18,305,39,1*77
$GLGSV,3,3,09,,,,44,1*71
$GLGSV,2,1,08,68,24,070,46,69,41,012,49,78,19,035,47,79,57,084,48,3*76
$GLGSV,2,2,08,80,37,170,48,84,31,250,46,85,18,305,41,,,,41,3*4D
$GLGSV,1,1,01,83,04,191,,0*4E
$GAGSV,3,1,11,04,52,004,51,06,49,320,50,09,34,294,50,10,49,213,50,2*75
$GAGSV,3,2,11,11,53,260,47,12,33,186,46,19,17,062,37,21,11,052,45,2*73
$GAGSV,3,3,11,23,32,101,50,31,23,158,47,36,22,314,44,2*4C
$GAGSV,3,1,11,04,52,004,46,06,49,320,46,09,34,294,44,10,49,213,45,7*70
$GAGSV,3,2,11,11,53,260,43,12,33,186,39,19,17,062,34,21,11,052,31,7*7A
$GAGSV,3,3,11,23,32,101,43,31,23,158,41,36,22,314,37,7*49
$GBGSV,2,1,08,06,56,035,43,08,34,129,41,09,71,033,47,13,52,123,46,1*72
$GBGSV,2,2,08,16,47,036,44,23,65,150,51,25,42,054,48,27,18,226,42,1*7D
$GBGSV,2,1,05,06,56,035,46,08,34,129,47,09,71,033,49,13,52,123,48,B*0F
$GBGSV,2,2,05,16,47,036,47,B*32
$GBGSV,4,1,13,01,03,096,,02,58,141,,03,34,114,,07,07,138,,0*7C
$GBGSV,4,2,13,10,08,148,,28,06,186,,30,12,276,,32,37,327,,0*74
$GBGSV,4,3,13,33,18,097,,37,23,199,,38,23,133,,39,39,036,,0*7F
$GBGSV,4,4,13,41,53,051,,0*42
$GQGSV,1,1,02,02,12,083,37,04,19,095,40,1*6D
$GQGSV,1,1,03,02,12,083,45,04,19,095,37,07,19,104,46,6*56
$GNGLL,2454.22970,N,06708.26844,E,174547.00,A,D*7A
$GNRMC,174548.00,A,2454.22970,N,06708.26845,E,0.003,,300425,,,R,V*02
$GNVTG,,T,,M,0.003,N,0.006,K,D*3D
$GNGGA,174548.00,2454.22970,N,06708.26845,E,4,12,0.61,21.8,M,-44.2,M,1.0,0265*7F
$GNGSA,A,3,01,03,10,28,31,04,26,02,16,32,,,1.38,0.61,1.24,1*04
$GNGSA,A,3,69,80,68,85,84,78,79,,,,,,1.38,0.61,1.24,2*01
$GNGSA,A,3,11,23,21,31,10,19,,,,,,,1.38,0.61,1.24,3*00
$GNGSA,A,3,06,08,13,16,09,25,27,23,,,,,1.38,0.61,1.24,4*0F
$GNGSA,A,3,04,,,,,,,,,,,,1.38,0.61,1.24,5*0B
$GPGSV,4,1,13,01,48,265,45,02,40,225,45,03,44,331,46,04,23,289,37,1*6E
$GPGSV,4,2,13,10,13,129,34,16,23,158,42,26,42,129,44,28,36,037,44,1*61
$GPGSV,4,3,13,31,65,032,48,32,16,067,38,40,59,208,49,41,56,146,47,1*68
$GPGSV,4,4,13,42,19,104,45,1*5C
$GPGSV,2,1,08,01,48,265,47,03,44,331,44,04,23,289,41,10,13,129,28,6*65
$GPGSV,2,2,08,26,42,129,45,28,36,037,46,31,65,032,45,32,16,067,39,6*67
$GLGSV,3,1,09,68,24,070,46,69,41,012,49,70,09,309,24,78,19,035,47,1*7A
$GLGSV,3,2,09,79,57,084,50,80,37,170,49,84,31,250,40,85,18,305,39,1*77
$GLGSV,3,3,09,,,,44,1*71
$GLGSV,2,1,08,68,24,070,46,69,41,012,49,78,19,035,47,79,57,084,48,3*76
$GLGSV,2,2,08,80,37,170,48,84,31,250,46,85,18,305,41,,,,41,3*4D
$GLGSV,1,1,01,83,04,191,,0*4E
$GAGSV,3,1,11,04,52,004,51,06,49,320,50,09,34,294,50,10,49,213,50,2*75
$GAGSV,3,2,11,11,53,260,47,12,33,186,46,19,17,062,37,21,11,052,45,2*73
$GAGSV,3,3,11,23,32,101,50,31,23,158,47,36,22,314,44,2*4C
$GAGSV,3,1,11,04,52,004,46,06,49,320,46,09,34,294,44,10,49,213,45,7*70
$GAGSV,3,2,11,11,53,260,43,12,33,186,39,19,17,062,34,21,11,052,31,7*7A
$GAGSV,3,3,11,23,32,101,43,31,23,158,41,36,22,314,37,7*49
$GBGSV,2,1,08,06,56,035,43,08,34,129,42,09,71,033,47,13,52,123,47,1*70
$GBGSV,2,2,08,16,47,036,44,23,65,150,51,25,42,054,48,27,18,226,43,1*7C
$GBGSV,2,1,05,06,56,035,47,08,34,129,47,09,71,033,49,13,52,123,48,B*0E
$GBGSV,2,2,05,16,47,036,47,B*32
$GBGSV,4,1,13,01,03,096,,02,58,141,,03,34,114,,07,07,138,,0*7C
$GBGSV,4,2,13,10,08,148,,28,06,186,,30,12,276,,32,37,327,,0*74
$GBGSV,4,3,13,33,18,097,,37,23,199,,38,23,133,,39,39,036,,0*7F
$GBGSV,4,4,13,41,53,051,,0*42
$GQGSV,1,1,02,02,12,083,37,04,19,095,40,1*6D
$GQGSV,1,1,03,02,12,083,45,04,19,095,37,07,19,104,46,6*56
$GNGLL,2454.22970,N,06708.26845,E,174548.00,A,D*74
$GNRMC,174549.00,A,2454.22970,N,06708.26845,E,0.014,,300425,,,R,V*05
$GNVTG,,T,,M,0.014,N,0.026,K,D*39
$GNGGA,174549.00,2454.22970,N,06708.26845,E,4,12,0.61,21.8,M,-44.2,M,1.0,0265*7E
$GNGSA,A,3,01,03,10,28,31,04,26,02,16,32,,,1.38,0.61,1.24,1*04
$GNGSA,A,3,69,80,68,85,84,78,79,,,,,,1.38,0.61,1.24,2*01
$GNGSA,A,3,11,23,21,31,10,19,,,,,,,1.38,0.61,1.24,3*00
$GNGSA,A,3,06,08,13,16,09,25,27,23,,,,,1.38,0.61,1.24,4*0F
$GNGSA,A,3,04,,,,,,,,,,,,1.38,0.61,1.24,5*0B
$GPGSV,4,1,13,01,48,265,45,02,40,225,45,03,44,331,46,04,23,289,37,1*6E
$GPGSV,4,2,13,10,13,129,34,16,23,158,42,26,42,129,44,28,36,037,44,1*61
$GPGSV,4,3,13,31,65,032,48,32,16,067,38,40,59,208,49,41,56,146,47,1*68
$GPGSV,4,4,13,42,19,104,45,1*5C
$GPGSV,2,1,08,01,48,265,47,03,44,331,44,04,23,289,41,10,13,129,28,6*65
$GPGSV,2,2,08,26,42,129,45,28,36,037,46,31,65,032,45,32,16,067,39,6*67
$GLGSV,3,1,09,68,24,070,46,69,41,012,49,70,09,309,25,78,18,034,46,1*7A
$GLGSV,3,2,09,79,57,084,50,80,37,170,49,84,31,250,39,85,18,305,39,1*79
$GLGSV,3,3,09,,,,44,1*71
$GLGSV,2,1,08,68,24,070,46,69,41,012,49,78,18,034,47,79,57,084,48,3*76
$GLGSV,2,2,08,80,37,170,48,84,31,250,46,85,18,305,41,,,,41,3*4D
$GLGSV,1,1,01,83,04,191,,0*4E
$GAGSV,3,1,11,04,52,004,51,06,49,320,50,09,34,294,50,10,49,213,50,2*75
$GAGSV,3,2,11,11,53,260,47,12,33,186,46,19,17,062,37,21,11,052,45,2*73
$GAGSV,3,3,11,23,32,101,50,31,23,158,47,36,22,314,44,2*4C
$GAGSV,3,1,11,04,52,004,46,06,49,320,46,09,34,294,44,10,49,213,45,7*70
$GAGSV,3,2,11,11,53,260,43,12,33,186,39,19,17,062,34,21,11,052,30,7*7B
$GAGSV,3,3,11,23,32,101,43,31,23,158,41,36,22,314,37,7*49
$GBGSV,2,1,08,06,56,035,43,08,34,129,42,09,71,033,47,13,52,123,47,1*70
$GBGSV,2,2,08,16,47,036,44,23,65,150,51,25,42,054,48,27,18,226,43,1*7C
$GBGSV,2,1,05,06,56,035,47,08,34,129,47,09,71,033,49,13,52,123,48,B*0E
$GBGSV,2,2,05,16,47,036,47,B*32
$GBGSV,4,1,13,01,03,096,,02,58,141,,03,34,114,,07,07,138,,0*7C
$GBGSV,4,2,13,10,08,148,,28,06,186,,30,12,276,,32,37,327,,0*74
$GBGSV,4,3,13,33,18,097,,37,23,199,,38,23,133,,39,39,036,,0*7F
$GBGSV,4,4,13,41,53,051,,0*42
$GQGSV,1,1,02,02,12,083,37,04,19,095,40,1*6D
$GQGSV,1,1,03,02,12,083,45,04,19,095,37,07,19,104,46,6*56
$GNGLL,2454.22970,N,06708.26845,E,174549.00,A,D*75
$GNRMC,174550.00,A,2454.22970,N,06708.26845,E,0.006,,300425,,,R,V*0E
$GNVTG,,T,,M,0.006,N,0.011,K,D*3E
$GNGGA,174550.00,2454.22970,N,06708.26845,E,4,12,0.61,21.8,M,-44.2,M,1.0,0265*76
$GNGSA,A,3,01,03,10,28,31,04,26,02,16,32,,,1.38,0.61,1.24,1*04
$GNGSA,A,3,69,80,68,85,84,78,79,,,,,,1.38,0.61,1.24,2*01
$GNGSA,A,3,11,23,21,31,10,19,,,,,,,1.38,0.61,1.24,3*00
$GNGSA,A,3,06,08,13,16,09,25,27,23,,,,,1.38,0.61,1.24,4*0F
$GNGSA,A,3,04,,,,,,,,,,,,1.38,0.61,1.24,5*0B
$GPGSV,4,1,13,01,48,265,45,02,40,225,45,03,44,331,46,04,23,289,37,1*6E
$GPGSV,4,2,13,10,13,129,34,16,23,158,42,26,42,129,44,28,36,037,44,1*61
$GPGSV,4,3,13,31,65,032,48,32,16,067,38,40,59,208,49,41,56,146,47,1*68
$GPGSV,4,4,13,42,19,104,45,1*5C
$GPGSV,2,1,08,01,48,265,48,03,44,331,44,04,23,289,41,10,13,129,28,6*6A
$GPGSV,2,2,08,26,42,129,45,28,36,037,46,31,65,032,45,32,16,067,39,6*67
$GLGSV,3,1,09,68,24,070,46,69,41,012,49,70,09,309,25,78,18,034,46,1*7A
$GLGSV,3,2,09,79,57,082,50,80,37,170,49,84,31,250,39,85,18,305,39,1*7F
$GLGSV,3,3,09,,,,44,1*71
$GLGSV,2,1,08,68,24,070,46,69,41,012,49,78,18,034,47,79,57,082,48,3*70
$GLGSV,2,2,08,80,37,170,48,84,31,250,46,85,18,305,41,,,,41,3*4D
$GLGSV,1,1,01,83,04,191,,0*4E
$GAGSV,3,1,11,04,52,004,51,06,49,320,50,09,34,294,50,10,49,213,50,2*75
$GAGSV,3,2,11,11,53,260,47,12,33,186,46,19,17,062,37,21,11,052,44,2*72
$GAGSV,3,3,11,23,32,101,50,31,23,158,47,36,22,314,44,2*4C
$GAGSV,3,1,11,04,52,004,46,06,49,320,46,09,34,294,44,10,49,213,45,7*70
$GAGSV,3,2,11,11,53,260,43,12,33,186,39,19,17,062,34,21,11,052,29,7*73
$GAGSV,3,3,11,23,32,101,43,31,23,158,41,36,22,314,37,7*49
$GBGSV,2,1,08,06,56,035,43,08,34,129,41,09,71,033,47,13,52,123,47,1*73
$GBGSV,2,2,08,16,47,036,44,23,65,150,51,25,42,054,48,27,18,226,42,1*7D
$GBGSV,2,1,05,06,56,035,47,08,34,129,47,09,71,033,49,13,52,123,48,B*0E
$GBGSV,2,2,05,16,47,036,47,B*32
$GBGSV,4,1,13,01,03,096,,02,58,141,,03,34,114,,07,07,138,,0*7C
$GBGSV,4,2,13,10,08,148,,28,06,186,,30,12,276,,32,37,327,,0*74
$GBGSV,4,3,13,33,18,097,,37,23,199,,38,23,133,,39,39,036,,0*7F
$GBGSV,4,4,13,41,53,051,,0*42
$GQGSV,1,1,02,02,12,083,37,04,19,095,40,1*6D
$GQGSV,1,1,03,02,12,083,45,04,19,095,37,07,19,104,46,6*56
$GNGLL,2454.22970,N,06708.26845,E,174550.00,A,D*7D
$GNRMC,174551.00,A,2454.22970,N,06708.26845,E,0.007,,300425,,,R,V*0E
$GNVTG,,T,,M,0.007,N,0.013,K,D*3D
$GNGGA,174551.00,2454.22970,N,06708.26845,E,4,12,0.61,21.8,M,-44.2,M,1.0,0265*77
$GNGSA,A,3,01,03,10,28,31,04,26,02,16,32,,,1.38,0.61,1.24,1*04
$GNGSA,A,3,69,80,68,85,84,78,79,,,,,,1.38,0.61,1.24,2*01
$GNGSA,A,3,11,23,21,31,10,19,,,,,,,1.38,0.61,1.24,3*00
$GNGSA,A,3,06,08,13,16,09,25,27,23,,,,,1.38,0.61,1.24,4*0F
$GNGSA,A,3,04,,,,,,,,,,,,1.38,0.61,1.24,5*0B
$GPGSV,4,1,13,01,48,265,45,02,40,225,45,03,44,331,46,04,23,289,37,1*6E
$GPGSV,4,2,13,10,13,129,34,16,23,158,42,26,42,129,44,28,36,037,44,1*61
$GPGSV,4,3,13,31,65,032,48,32,16,067,38,40,59,208,49,41,56,146,47,1*68
$GPGSV,4,4,13,42,19,104,45,1*5C
$GPGSV,2,1,08,01,48,265,47,03,44,331,44,04,23,289,41,10,13,129,28,6*65
$GPGSV,2,2,08,26,42,129,45,28,36,037,46,31,65,032,45,32,16,067,39,6*67
$GLGSV,3,1,09,68,24,070,46,69,41,012,49,70,09,309,25,78,18,034,46,1*7A
$GLGSV,3,2,09,79,57,082,50,80,38,170,49,84,31,250,39,85,18,305,39,1*70
$GLGSV,3,3,09,,,,44,1*71
$GLGSV,2,1,08,68,24,070,46,69,41,012,49,78,18,034,47,79,57,082,48,3*70
$GLGSV,2,2,08,80,38,170,48,84,31,250,46,85,18,305,41,,,,41,3*42
$GLGSV,1,1,01,83,04,191,,0*4E
$GAGSV,3,1,11,04,52,004,51,06,49,320,50,09,34,294,50,10,49,213,50,2*75
$GAGSV,3,2,11,11,53,260,47,12,33,186,46,19,17,062,37,21,11,052,44,2*72
$GAGSV,3,3,11,23,32,101,50,31,23,158,47,36,22,314,44,2*4C
$GAGSV,3,1,11,04,52,004,46,06,49,320,46,09,34,294,44,10,49,213,45,7*70
$GAGSV,3,2,11,11,53,260,43,12,33,186,39,19,17,062,34,21,11,052,29,7*73
$GAGSV,3,3,11,23,32,101,43,31,23,158,41,36,22,314,37,7*49
$GBGSV,2,1,08,06,56,035,43,08,34,129,41,09,71,033,47,13,52,123,47,1*73
$GBGSV,2,2,08,16,47,036,44,23,65,150,51,25,42,054,48,27,18,226,42,1*7D
$GBGSV,2,1,05,06,56,035,47,08,34,129,47,09,71,033,49,13,52,123,48,B*0E
$GBGSV,2,2,05,16,47,036,47,B*32
$GBGSV,4,1,13,01,03,096,,02,58,141,,03,34,114,,07,07,138,,0*7C
$GBGSV,4,2,13,10,08,148,,28,06,186,,30,12,276,,32,37,327,,0*74
$GBGSV,4,3,13,33,18,097,,37,23,199,,38,23,133,,39,39,036,,0*7F
$GBGSV,4,4,13,41,53,051,,0*42
$GQGSV,1,1,02,02,12,083,37,04,19,095,40,1*6D
$GQGSV,1,1,03,02,12,083,46,04,19,095,37,07,19,104,46,6*55
$GNGLL,2454.22970,N,06708.26845,E,174551.00,A,D*7C
$GNRMC,174552.00,A,2454.22970,N,06708.26845,E,0.005,,300425,,,R,V*0F
$GNVTG,,T,,M,0.005,N,0.010,K,D*3C
$GNGGA,174552.00,2454.22970,N,06708.26845,E,4,12,0.61,21.8,M,-44.2,M,1.0,0265*74
$GNGSA,A,3,01,03,10,28,31,04,26,02,16,32,,,1.38,0.61,1.24,1*04
$GNGSA,A,3,69,80,68,85,84,78,79,,,,,,1.38,0.61,1.24,2*01
$GNGSA,A,3,11,23,21,31,10,19,,,,,,,1.38,0.61,1.24,3*00
$GNGSA,A,3,06,08,13,16,09,25,27,23,,,,,1.38,0.61,1.24,4*0F
$GNGSA,A,3,04,,,,,,,,,,,,1.38,0.61,1.24,5*0B
$GPGSV,4,1,13,01,48,265,45,02,40,225,45,03,44,331,46,04,23,289,37,1*6E
$GPGSV,4,2,13,10,13,129,34,16,23,158,42,26,42,129,44,28,36,037,44,1*61
$GPGSV,4,3,13,31,65,032,48,32,16,067,39,40,59,208,49,41,56,146,47,1*69
$GPGSV,4,4,13,42,19,104,45,1*5C
$GPGSV,2,1,08,01,48,265,47,03,44,331,44,04,23,289,41,10,13,129,27,6*6A
$GPGSV,2,2,08,26,42,129,45,28,36,037,46,31,65,032,45,32,16,067,39,6*67
$GLGSV,3,1,09,68,24,070,46,69,41,012,49,70,09,309,25,78,18,034,46,1*7A
$GLGSV,3,2,09,79,57,082,50,80,38,170,49,84,31,250,39,85,18,305,39,1*70
$GLGSV,3,3,09,,,,44,1*71
$GLGSV,2,1,08,68,24,070,46,69,41,012,49,78,18,034,47,79,57,082,48,3*70
$GLGSV,2,2,08,80,38,170,48,84,31,250,46,85,18,305,41,,,,41,3*42
$GLGSV,1,1,01,83,04,191,,0*4E
$GAGSV,3,1,11,04,52,004,51,06,49,320,50,09,34,294,50,10,49,213,50,2*75
$GAGSV,3,2,11,11,53,260,47,12,33,186,46,19,17,062,37,21,11,052,45,2*73
$GAGSV,3,3,11,23,32,101,50,31,23,158,47,36,22,314,44,2*4C
$GAGSV,3,1,11,04,52,004,46,06,49,320,46,09,34,294,44,10,49,213,45,7*70
$GAGSV,3,2,11,11,53,260,43,12,33,186,39,19,17,062,34,21,11,052,29,7*73
$GAGSV,3,3,11,23,32,101,43,31,23,158,41,36,22,314,37,7*49
$GBGSV,2,1,08,06,56,035,43,08,34,129,42,09,71,033,47,13,52,123,47,1*70
$GBGSV,2,2,08,16,47,036,44,23,65,150,51,25,42,054,48,27,18,226,42,1*7D
$GBGSV,2,1,05,06,56,035,47,08,34,129,47,09,71,033,49,13,52,123,48,B*0E
$GBGSV,2,2,05,16,47,036,47,B*32
$GBGSV,4,1,13,01,03,096,,02,58,141,,03,34,114,,07,07,138,,0*7C
$GBGSV,4,2,13,10,08,148,,28,06,186,,30,12,276,,32,37,327,,0*74
$GBGSV,4,3,13,33,18,097,,37,23,199,,38,23,133,,39,39,036,,0*7F
$GBGSV,4,4,13,41,53,051,,0*42
$GQGSV,1,1,02,02,12,083,38,04,19,095,40,1*62
$GQGSV,1,1,03,02,12,083,46,04,19,095,37,07,19,104,46,6*55
$GNGLL,2454.22970,N,06708.26845,E,174552.00,A,D*7F
$GNRMC,174553.00,A,2454.22970,N,06708.26845,E,0.005,,300425,,,R,V*0E
$GNVTG,,T,,M,0.005,N,0.009,K,D*34
$GNGGA,174553.00,2454.22970,N,06708.26845,E,4,12,0.61,21.8,M,-44.2,M,1.0,0265*75
$GNGSA,A,3,01,03,10,28,31,04,26,02,16,32,,,1.38,0.61,1.24,1*04
$GNGSA,A,3,69,80,68,85,84,78,79,,,,,,1.38,0.61,1.24,2*01
$GNGSA,A,3,11,23,21,31,10,19,,,,,,,1.38,0.61,1.24,3*00
$GNGSA,A,3,06,08,13,16,09,25,27,23,,,,,1.38,0.61,1.24,4*0F
$GNGSA,A,3,04,,,,,,,,,,,,1.38,0.61,1.24,5*0B
$GPGSV,4,1,13,01,48,265,45,02,40,225,45,03,44,331,46,04,23,289,37,1*6E
$GPGSV,4,2,13,10,13,129,34,16,23,158,42,26,42,129,44,28,36,037,44,1*61
$GPGSV,4,3,13,31,65,032,48,32,16,067,39,40,59,208,49,41,56,146,47,1*69
$GPGSV,4,4,13,42,19,104,45,1*5C
$GPGSV,2,1,08,01,48,265,47,03,44,331,44,04,23,289,41,10,13,129,28,6*65
$GPGSV,2,2,08,26,42,129,45,28,36,037,46,31,65,032,45,32,16,067,39,6*67
$GLGSV,3,1,09,68,24,070,46,69,41,012,49,70,09,309,25,78,18,034,46,1*7A
$GLGSV,3,2,09,79,57,082,50,80,38,170,49,84,31,250,40,85,18,305,39,1*7E
$GLGSV,3,3,09,,,,44,1*71
$GLGSV,2,1,08,68,24,070,46,69,41,012,48,78,18,034,47,79,57,082,48,3*71
$GLGSV,2,2,08,80,38,170,48,84,31,250,46,85,18,305,41,,,,40,3*43
$GLGSV,1,1,01,83,04,191,,0*4E
$GAGSV,3,1,11,04,52,004,51,06,49,320,50,09,34,294,50,10,49,213,50,2*75
$GAGSV,3,2,11,11,53,260,47,12,33,186,46,19,17,062,37,21,11,052,45,2*73
$GAGSV,3,3,11,23,32,101,50,31,24,158,47,36,22,314,44,2*4B
$GAGSV,3,1,11,04,52,004,46,06,49,320,46,09,34,294,44,10,49,213,45,7*70
$GAGSV,3,2,11,11,53,260,43,12,33,186,39,19,17,062,34,21,11,052,29,7*73
$GAGSV,3,3,11,23,32,101,44,31,24,158,41,36,22,314,37,7*49
$GBGSV,2,1,08,06,56,035,43,08,34,129,42,09,71,033,47,13,52,123,47,1*70
$GBGSV,2,2,08,16,47,036,44,23,65,150,51,25,42,054,48,27,18,226,43,1*7C
$GBGSV,2,1,05,06,56,035,47,08,34,129,47,09,71,033,49,13,52,123,48,B*0E
$GBGSV,2,2,05,16,47,036,47,B*32
$GBGSV,4,1,13,01,03,096,,02,58,141,,03,34,114,,07,07,138,,0*7C
$GBGSV,4,2,13,10,08,148,,28,06,186,,30,12,276,,32,37,327,,0*74
$GBGSV,4,3,13,33,18,097,,37,23,199,,38,23,133,,39,39,036,,0*7F
$GBGSV,4,4,13,41,53,051,,0*42
$GQGSV,1,1,02,02,12,083,38,04,19,095,40,1*62
$GQGSV,1,1,03,02,12,083,46,04,19,095,37,07,19,104,46,6*55
$GNGLL,2454.22970,N,06708.26845,E,174553.00,A,D*7E
$GNRMC,174554.00,A,2454.22970,N,06708.26845,E,0.001,,300425,,,R,V*0D
$GNVTG,,T,,M,0.001,N,0.002,K,D*3B
$GNGGA,174554.00,2454.22970,N,06708.26845,E,4,12,0.61,21.8,M,-44.2,M,1.0,0265*72
$GNGSA,A,3,01,03,10,28,31,04,26,02,16,32,,,1.38,0.61,1.24,1*04
$GNGSA,A,3,69,80,68,85,84,78,79,,,,,,1.38,0.61,1.24,2*01
$GNGSA,A,3,11,23,21,31,10,19,,,,,,,1.38,0.61,1.24,3*00
$GNGSA,A,3,06,08,13,16,09,25,27,23,,,,,1.38,0.61,1.24,4*0F
$GNGSA,A,3,04,,,,,,,,,,,,1.38,0.61,1.24,5*0B
$GPGSV,4,1,13,01,48,265,45,02,40,225,45,03,44,331,46,04,23,289,37,1*6E
$GPGSV,4,2,13,10,13,129,35,16,23,158,41,26,42,129,44,28,36,037,44,1*63
$GPGSV,4,3,13,31,65,032,48,32,16,067,38,40,59,208,49,41,56,146,47,1*68
$GPGSV,4,4,13,42,19,104,45,1*5C
$GPGSV,2,1,08,01,48,265,47,03,44,331,44,04,23,289,41,10,13,129,28,6*65
$GPGSV,2,2,08,26,42,129,45,28,36,037,46,31,65,032,45,32,16,067,40,6*69
$GLGSV,3,1,09,68,24,070,46,69,41,012,49,70,09,309,25,78,18,034,46,1*7A
$GLGSV,3,2,09,79,57,082,50,80,38,170,49,84,31,250,40,85,18,305,39,1*7E
$GLGSV,3,3,09,,,,44,1*71
$GLGSV,2,1,08,68,24,070,46,69,41,012,48,78,18,034,47,79,57,082,48,3*71
$GLGSV,2,2,08,80,38,170,48,84,31,250,46,85,18,305,41,,,,41,3*42
$GLGSV,1,1,01,83,03,191,,0*49
$GAGSV,3,1,11,04,52,004,51,06,49,320,50,09,34,294,50,10,49,213,50,2*75
$GAGSV,3,2,11,11,53,260,47,12,33,186,46,19,17,062,37,21,11,052,45,2*73
$GAGSV,3,3,11,23,32,101,50,31,24,158,47,36,22,314,44,2*4B
$GAGSV,3,1,11,04,52,004,46,06,49,320,46,09,34,294,44,10,49,213,45,7*70
$GAGSV,3,2,11,11,53,260,43,12,33,186,39,19,17,062,34,21,11,052,29,7*73
$GAGSV,3,3,11,23,32,101,44,31,24,158,41,36,22,314,37,7*49
$GBGSV,2,1,08,06,56,035,43,08,34,129,42,09,71,033,47,13,52,123,47,1*70
$GBGSV,2,2,08,16,47,036,44,23,65,150,51,25,42,054,48,27,18,226,43,1*7C
$GBGSV,2,1,05,06,56,035,47,08,34,129,48,09,71,033,49,13,52,123,48,B*01
$GBGSV,2,2,05,16,47,036,47,B*32
$GBGSV,4,1,13,01,03,096,,02,58,141,,03,34,114,,07,07,138,,0*7C
$GBGSV,4,2,13,10,08,148,,28,06,186,,30,12,276,,32,37,327,,0*74
$GBGSV,4,3,13,33,18,097,,37,23,199,,38,23,133,,39,39,036,,0*7F
$GBGSV,4,4,13,41,53,051,,0*42
$GQGSV,1,1,02,02,12,083,38,04,19,095,40,1*62
$GQGSV,1,1,03,02,12,083,46,04,19,095,37,07,19,104,46,6*55
$GNGLL,2454.22970,N,06708.26845,E,174554.00,A,D*79
$GNRMC,174555.00,A,2454.22970,N,06708.26844,E,0.004,,300425,,,R,V*08
$GNVTG,,T,,M,0.004,N,0.008,K,D*34
$GNGGA,174555.00,2454.22970,N,06708.26844,E,4,12,0.61,21.8,M,-44.2,M,1.0,0265*72
$GNGSA,A,3,01,03,10,28,31,04,26,02,16,32,,,1.38,0.61,1.24,1*04
$GNGSA,A,3,69,80,68,85,84,78,79,,,,,,1.38,0.61,1.24,2*01
$GNGSA,A,3,11,23,21,31,10,19,,,,,,,1.38,0.61,1.24,3*00
$GNGSA,A,3,06,08,13,16,09,25,27,23,,,,,1.38,0.61,1.24,4*0F
$GNGSA,A,3,04,,,,,,,,,,,,1.38,0.61,1.24,5*0B
$GPGSV,4,1,13,01,48,265,45,02,40,225,45,03,44,331,46,04,23,289,37,1*6E
$GPGSV,4,2,13,10,13,129,34,16,23,158,41,26,42,129,44,28,36,037,44,1*62
$GPGSV,4,3,13,31,65,032,48,32,16,067,38,40,59,208,49,41,56,146,47,1*68
$GPGSV,4,4,13,42,19,104,45,1*5C
$GPGSV,2,1,08,01,48,265,47,03,44,331,44,04,23,289,41,10,13,129,28,6*65
$GPGSV,2,2,08,26,42,129,45,28,36,037,46,31,65,032,45,32,16,067,40,6*69
$GLGSV,3,1,09,68,24,070,46,69,41,012,49,70,09,309,25,78,18,034,46,1*7A
$GLGSV,3,2,09,79,57,082,50,80,38,170,49,84,30,249,40,85,18,305,39,1*77
$GLGSV,3,3,09,,,,44,1*71
$GLGSV,2,1,08,68,24,070,46,69,41,012,48,78,18,034,48,79,57,082,48,3*7E
$GLGSV,2,2,08,80,38,170,48,84,30,249,46,85,18,305,41,,,,41,3*4B
$GLGSV,1,1,01,83,03,191,,0*49
$GAGSV,3,1,11,04,52,004,51,06,49,320,50,09,34,294,50,10,49,213,50,2*75
$GAGSV,3,2,11,11,53,260,47,12,33,186,46,19,17,062,37,21,11,052,45,2*73
$GAGSV,3,3,11,23,32,101,50,31,24,158,47,36,22,314,44,2*4B
$GAGSV,3,1,11,04,52,004,46,06,49,320,46,09,34,294,44,10,49,213,45,7*70
$GAGSV,3,2,11,11,53,260,43,12,33,186,39,19,17,062,34,21,11,052,28,7*72
$GAGSV,3,3,11,23,32,101,44,31,24,158,41,36,22,314,37,7*49
$GBGSV,2,1,08,06,56,035,43,08,34,129,42,09,71,033,47,13,52,123,47,1*70
$GBGSV,2,2,08,16,47,036,44,23,65,150,51,25,42,054,48,27,18,226,43,1*7C
$GBGSV,2,1,05,06,56,035,47,08,34,129,48,09,71,033,49,13,52,123,48,B*01
$GBGSV,2,2,05,16,47,036,47,B*32
$GBGSV,4,1,13,01,03,096,,02,58,141,,03,34,114,,07,07,138,,0*7C
$GBGSV,4,2,13,10,08,148,,28,06,186,,30,12,276,,32,37,327,,0*74
$GBGSV,4,3,13,33,18,097,,37,23,199,,38,23,133,,39,39,036,,0*7F
$GBGSV,4,4,13,41,53,051,,0*42
$GQGSV,1,1,02,02,12,083,38,04,19,095,40,1*62
$GQGSV,1,1,03,02,12,083,46,04,19,095,37,07,19,104,46,6*55
$GNGLL,2454.22970,N,06708.26844,E,174555.00,A,D*79
$GNRMC,174556.00,A,2454.22970,N,06708.26845,E,0.008,,300425,,,R,V*06
$GNVTG,,T,,M,0.008,N,0.014,K,D*35
$GNGGA,174556.00,2454.22970,N,06708.26845,E,4,12,0.61,21.8,M,-44.2,M,1.0,0265*70
$GNGSA,A,3,01,03,10,28,31,04,26,02,16,32,,,1.38,0.61,1.24,1*04
$GNGSA,A,3,69,80,68,85,84,78,79,,,,,,1.38,0.61,1.24,2*01
$GNGSA,A,3,11,23,21,31,10,19,,,,,,,1.38,0.61,1.24,3*00
$GNGSA,A,3,06,08,13,16,09,25,27,23,,,,,1.38,0.61,1.24,4*0F
$GNGSA,A,3,04,,,,,,,,,,,,1.38,0.61,1.24,5*0B
$GPGSV,4,1,13,01,48,265,45,02,40,225,45,03,44,331,46,04,23,289,37,1*6E
$GPGSV,4,2,13,10,13,129,34,16,23,158,41,26,42,129,44,28,36,037,44,1*62
$GPGSV,4,3,13,31,65,032,48,32,16,067,38,40,59,208,49,41,56,146,47,1*68
$GPGSV,4,4,13,42,19,104,45,1*5C
$GPGSV,2,1,08,01,48,265,47,03,44,331,44,04,23,289,41,10,13,129,28,6*65
$GPGSV,2,2,08,26,42,129,45,28,36,037,46,31,65,032,45,32,16,067,40,6*69
$GLGSV,3,1,09,68,24,070,46,69,41,012,49,70,09,309,25,78,18,034,46,1*7A
$GLGSV,3,2,09,79,57,082,50,80,38,170,49,84,30,249,40,85,19,304,39,1*77
$GLGSV,3,3,09,,,,44,1*71
$GLGSV,2,1,08,68,24,070,46,69,41,012,48,78,18,034,48,79,57,082,48,3*7E
$GLGSV,2,2,08,80,38,170,48,84,30,249,46,85,19,304,41,,,,41,3*4B
$GLGSV,1,1,01,83,03,191,,0*49
$GAGSV,3,1,11,04,52,004,51,06,49,320,50,09,34,294,50,10,49,213,50,2*75
$GAGSV,3,2,11,11,53,260,47,12,33,186,46,19,17,062,37,21,11,052,44,2*72
$GAGSV,3,3,11,23,32,101,50,31,24,158,47,36,22,314,44,2*4B
$GAGSV,3,1,11,04,52,004,46,06,49,320,46,09,34,294,44,10,49,213,45,7*70
$GAGSV,3,2,11,11,53,260,43,12,33,186,39,19,17,062,34,21,11,052,28,7*72
$GAGSV,3,3,11,23,32,101,44,31,24,158,41,36,22,314,37,7*49
$GBGSV,2,1,08,06,56,035,43,08,34,129,42,09,71,033,47,13,52,123,46,1*71
$GBGSV,2,2,08,16,47,036,44,23,65,150,51,25,42,054,48,27,18,226,43,1*7C
$GBGSV,2,1,05,06,56,035,47,08,34,129,48,09,71,033,49,13,52,123,48,B*01
$GBGSV,2,2,05,16,47,036,47,B*32
$GBGSV,4,1,13,01,03,096,,02,58,141,,03,34,114,,07,07,138,,0*7C
$GBGSV,4,2,13,10,08,148,,28,06,186,,30,12,276,,32,37,327,,0*74
$GBGSV,4,3,13,33,18,097,,37,23,199,,38,23,133,,39,39,036,,0*7F
$GBGSV,4,4,13,41,53,051,,0*42
$GQGSV,1,1,02,02,12,083,38,04,19,095,40,1*62
$GQGSV,1,1,03,02,12,083,46,04,19,095,37,07,19,104,46,6*55
$GNGLL,2454.22970,N,06708.26845,E,174556.00,A,D*7B
$GNRMC,174557.00,A,2454.22970,N,06708.26845,E,0.003,,300425,,,R,V*0C
$GNVTG,,T,,M,0.003,N,0.006,K,D*3D
$GNGGA,174557.00,2454.22970,N,06708.26845,E,4,12,0.61,21.8,M,-44.2,M,1.0,0265*71
$GNGSA,A,3,01,03,10,28,31,04,26,02,16,32,,,1.38,0.61,1.24,1*04
$GNGSA,A,3,69,80,68,85,84,78,79,,,,,,1.38,0.61,1.24,2*01
$GNGSA,A,3,11,23,21,31,10,19,,,,,,,1.38,0.61,1.24,3*00
$GNGSA,A,3,06,08,13,16,09,25,27,23,,,,,1.38,0.61,1.24,4*0F
$GNGSA,A,3,04,,,,,,,,,,,,1.38,0.61,1.24,5*0B
$GPGSV,4,1,13,01,48,265,45,02,40,225,45,03,44,331,45,04,23,289,37,1*6D
$GPGSV,4,2,13,10,13,129,34,16,23,158,41,26,42,129,44,28,36,037,44,1*62
$GPGSV,4,3,13,31,65,032,48,32,16,067,38,40,59,208,49,41,56,146,47,1*68
$GPGSV,4,4,13,42,19,104,45,1*5C
$GPGSV,2,1,08,01,48,265,47,03,44,331,44,04,23,289,41,10,13,129,27,6*6A
$GPGSV,2,2,08,26,42,129,45,28,36,037,46,31,65,032,45,32,16,067,40,6*69
$GLGSV,3,1,09,68,24,070,46,69,41,012,49,70,09,309,26,78,18,034,46,1*79
$GLGSV,3,2,09,79,57,082,50,80,38,170,49,84,30,249,40,85,19,304,39,1*77
$GLGSV,3,3,09,,,,44,1*71
$GLGSV,2,1,08,68,24,070,46,69,41,012,49,78,18,034,48,79,57,082,48,3*7F
$GLGSV,2,2,08,80,38,170,48,84,30,249,46,85,19,304,41,,,,41,3*4B
$GLGSV,1,1,01,83,03,191,,0*49
$GAGSV,3,1,11,04,52,004,51,06,49,320,50,09,34,294,50,10,49,213,50,2*75
$GAGSV,3,2,11,11,53,260,47,12,33,186,46,19,17,062,37,21,11,052,44,2*72
$GAGSV,3,3,11,23,32,101,50,31,24,158,47,36,22,314,44,2*4B
$GAGSV,3,1,11,04,52,004,46,06,49,320,46,09,34,294,44,10,49,213,45,7*70
$GAGSV,3,2,11,11,53,260,43,12,33,186,39,19,17,062,34,21,11,052,28,7*72
$GAGSV,3,3,11,23,32,101,44,31,24,158,41,36,22,314,37,7*49
$GBGSV,2,1,08,06,56,035,43,08,34,129,42,09,71,033,47,13,52,123,46,1*71
$GBGSV,2,2,08,16,47,036,44,23,65,150,51,25,42,054,48,27,18,226,43,1*7C
$GBGSV,2,1,05,06,56,035,47,08,34,129,47,09,71,033,49,13,52,123,48,B*0E
$GBGSV,2,2,05,16,47,036,47,B*32
$GBGSV,4,1,13,01,03,096,,02,58,141,,03,34,114,,07,07,138,,0*7C
$GBGSV,4,2,13,10,08,148,,28,06,186,,30,12,276,,32,37,327,,0*74
$GBGSV,4,3,13,33,18,097,,37,23,199,,38,23,133,,39,39,036,,0*7F
$GBGSV,4,4,13,41,53,051,,0*42
$GQGSV,1,1,02,02,12,083,38,04,19,095,40,1*62
$GQGSV,1,1,03,02,12,083,45,04,19,095,37,07,19,104,46,6*56
$GNGLL,2454.22970,N,06708.26845,E,174557.00,A,D*7A
$GNRMC,174558.00,A,2454.22970,N,06708.26845,E,0.010,,300425,,,R,V*01
$GNVTG,,T,,M,0.010,N,0.018,K,D*30
$GNGGA,174558.00,2454.22970,N,06708.26845,E,4,12,0.61,21.8,M,-44.2,M,1.0,0265*7E
$GNGSA,A,3,01,03,10,28,31,04,26,02,16,32,,,1.38,0.61,1.24,1*04
$GNGSA,A,3,69,80,68,85,84,78,79,,,,,,1.38,0.61,1.24,2*01
$GNGSA,A,3,11,23,21,31,10,19,,,,,,,1.38,0.61,1.24,3*00
$GNGSA,A,3,06,08,13,16,09,25,27,23,,,,,1.38,0.61,1.24,4*0F
$GNGSA,A,3,04,,,,,,,,,,,,1.38,0.61,1.24,5*0B
$GPGSV,4,1,13,01,48,265,45,02,40,225,45,03,44,331,45,04,23,289,37,1*6D
$GPGSV,4,2,13,10,13,129,35,16,23,158,41,26,42,129,44,28,36,037,44,1*63
$GPGSV,4,3,13,31,65,032,48,32,16,067,38,40,59,208,49,41,56,146,47,1*68
$GPGSV,4,4,13,42,19,104,45,1*5C
$GPGSV,2,1,08,01,48,265,47,03,44,331,44,04,23,289,41,10,13,129,27,6*6A
$GPGSV,2,2,08,26,42,129,45,28,36,037,45,31,65,032,45,32,16,067,40,6*6A
$GLGSV,3,1,09,68,24,070,46,69,41,012,49,70,09,309,26,78,18,034,46,1*79
$GLGSV,3,2,09,79,57,082,51,80,38,170,49,84,30,249,40,85,19,304,38,1*77
$GLGSV,3,3,09,,,,44,1*71
$GLGSV,2,1,08,68,24,070,46,69,41,012,48,78,18,034,48,79,57,082,48,3*7E
$GLGSV,2,2,08,80,38,170,48,84,30,249,46,85,19,304,41,,,,41,3*4B
$GLGSV,1,1,01,83,03,191,,0*49
$GAGSV,3,1,11,04,52,004,51,06,49,320,51,09,34,294,50,10,49,213,50,2*74
$GAGSV,3,2,11,11,53,260,47,12,33,186,46,19,17,062,37,21,11,052,45,2*73
$GAGSV,3,3,11,23,32,101,50,31,24,158,47,36,22,314,44,2*4B
$GAGSV,3,1,11,04,52,004,46,06,49,320,46,09,34,294,44,10,49,213,45,7*70
$GAGSV,3,2,11,11,53,260,43,12,33,186,39,19,17,062,35,21,11,052,28,7*73
$GAGSV,3,3,11,23,32,101,44,31,24,158,41,36,22,314,37,7*49
$GBGSV,2,1,08,06,56,035,43,08,34,129,42,09,71,033,47,13,52,123,46,1*71
$GBGSV,2,2,08,16,47,036,44,23,65,150,51,25,42,054,48,27,18,226,43,1*7C
$GBGSV,2,1,05,06,56,035,47,08,34,129,48,09,71,033,49,13,52,123,48,B*01
$GBGSV,2,2,05,16,47,036,47,B*32
$GBGSV,4,1,13,01,03,096,,02,58,141,,03,34,114,,07,07,138,,0*7C
$GBGSV,4,2,13,10,08,148,,28,06,186,,30,12,276,,32,37,327,,0*74
$GBGSV,4,3,13,33,18,097,,37,23,199,,38,23,133,,39,39,036,,0*7F
$GBGSV,4,4,13,41,53,051,,0*42
$GQGSV,1,1,02,02,12,083,38,04,19,095,39,1*6C
$GQGSV,1,1,03,02,12,083,45,04,19,095,37,07,19,104,46,6*56
$GNGLL,2454.22970,N,06708.26845,E,174558.00,A,D*75
$GNRMC,174559.00,A,2454.22970,N,06708.26845,E,0.001,,300425,,,R,V*00
$GNVTG,,T,,M,0.001,N,0.002,K,D*3B
$GNGGA,174559.00,2454.22970,N,06708.26845,E,4,12,0.61,21.8,M,-44.2,M,1.0,0265*7F
$GNGSA,A,3,01,03,10,28,31,04,26,02,16,32,,,1.38,0.61,1.24,1*04
$GNGSA,A,3,69,80,68,85,84,78,79,,,,,,1.38,0.61,1.24,2*01
$GNGSA,A,3,11,23,21,31,10,19,,,,,,,1.38,0.61,1.24,3*00
$GNGSA,A,3,06,08,13,16,09,25,27,23,,,,,1.38,0.61,1.24,4*0F
$GNGSA,A,3,04,,,,,,,,,,,,1.38,0.61,1.24,5*0B
$GPGSV,4,1,13,01,48,265,45,02,40,225,45,03,44,331,45,04,23,289,36,1*6C
$GPGSV,4,2,13,10,13,129,35,16,23,158,41,26,42,129,44,28,36,037,44,1*63
$GPGSV,4,3,13,31,65,032,48,32,16,067,38,40,59,208,49,41,56,146,47,1*68
$GPGSV,4,4,13,42,19,104,45,1*5C
$GPGSV,2,1,08,01,48,265,47,03,44,331,44,04,23,289,42,10,13,129,27,6*69
$GPGSV,2,2,08,26,42,129,45,28,36,037,46,31,65,032,45,32,16,067,40,6*69
$GLGSV,3,1,09,68,24,070,46,69,41,012,49,70,09,309,26,78,18,034,46,1*79
$GLGSV,3,2,09,79,57,082,51,80,38,170,49,84,30,249,40,85,19,304,39,1*76
$GLGSV,3,3,09,,,,44,1*71
$GLGSV,2,1,08,68,24,070,46,69,41,012,48,78,18,034,48,79,57,082,48,3*7E
$GLGSV,2,2,08,80,38,170,48,84,30,249,46,85,19,304,41,,,,41,3*4B
$GLGSV,1,1,01,83,03,191,,0*49
$GAGSV,3,1,11,04,52,004,51,06,49,320,50,09,34,294,50,10,49,213,50,2*75
$GAGSV,3,2,11,11,53,260,47,12,33,186,46,19,17,062,37,21,11,052,45,2*73
$GAGSV,3,3,11,23,32,101,50,31,24,158,47,36,22,314,44,2*4B
$GAGSV,3,1,11,04,52,004,46,06,49,320,46,09,34,294,44,10,49,213,45,7*70
$GAGSV,3,2,11,11,53,260,43,12,33,186,39,19,17,062,34,21,11,052,28,7*72
$GAGSV,3,3,11,23,32,101,44,31,24,158,41,36,22,314,37,7*49
$GBGSV,2,1,08,06,56,035,43,08,34,129,42,09,71,033,47,13,52,123,47,1*70
$GBGSV,2,2,08,16,47,036,44,23,65,150,51,25,42,054,48,27,18,226,43,1*7C
$GBGSV,2,1,06,06,56,035,47,08,34,129,47,09,71,033,49,13,52,123,48,B*0D
$GBGSV,2,2,06,16,47,036,47,27,18,226,18,B*02
$GBGSV,4,1,13,01,03,096,,02,58,141,,03,34,114,,07,07,138,,0*7C
$GBGSV,4,2,13,10,08,148,,28,06,186,,30,12,276,,32,37,327,,0*74
$GBGSV,4,3,13,33,18,097,,37,23,199,,38,23,133,,39,39,036,,0*7F
$GBGSV,4,4,13,41,53,051,,0*42
$GQGSV,1,1,02,02,12,083,38,04,19,095,40,1*62
$GQGSV,1,1,03,02,12,083,45,04,19,095,37,07,19,104,46,6*56
$GNGLL,2454.22970,N,06708.26845,E,174559.00,A,D*74
$GNRMC,174600.00,A,2454.22970,N,06708.26845,E,0.007,,300425,,,R,V*09
$GNVTG,,T,,M,0.007,N,0.013,K,D*3D
$GNGGA,174600.00,2454.22970,N,06708.26845,E,4,12,0.61,21.8,M,-44.2,M,1.0,0265*70
$GNGSA,A,3,01,03,10,28,31,04,26,02,16,32,,,1.38,0.61,1.24,1*04
$GNGSA,A,3,69,80,68,85,84,78,79,,,,,,1.38,0.61,1.24,2*01
$GNGSA,A,3,11,23,21,31,10,19,,,,,,,1.38,0.61,1.24,3*00
$GNGSA,A,3,06,08,13,16,09,25,27,23,,,,,1.38,0.61,1.24,4*0F
$GNGSA,A,3,04,,,,,,,,,,,,1.38,0.61,1.24,5*0B
$GPGSV,4,1,13,01,48,265,45,02,40,225,45,03,44,331,45,04,23,289,36,1*6C
$GPGSV,4,2,13,10,13,129,35,16,23,158,41,26,42,129,44,28,36,037,44,1*63
$GPGSV,4,3,13,31,65,032,48,32,16,067,38,40,59,208,49,41,56,146,47,1*68
$GPGSV,4,4,13,42,19,104,45,1*5C
$GPGSV,2,1,08,01,48,265,47,03,44,331,44,04,23,289,41,10,13,129,27,6*6A
$GPGSV,2,2,08,26,42,129,45,28,36,037,45,31,65,032,45,32,16,067,40,6*6A
$GLGSV,3,1,09,68,24,070,47,69,41,012,49,70,09,309,27,78,18,034,46,1*79
$GLGSV,3,2,09,79,57,082,50,80,38,170,49,84,30,249,40,85,19,304,39,1*77
$GLGSV,3,3,09,,,,44,1*71
$GLGSV,2,1,08,68,24,070,46,69,41,012,48,78,18,034,48,79,57,082,48,3*7E
$GLGSV,2,2,08,80,38,170,48,84,30,249,46,85,19,304,41,,,,41,3*4B
$GLGSV,1,1,01,83,03,191,,0*49
$GAGSV,3,1,11,04,52,004,51,06,49,320,50,09,34,294,50,10,49,213,50,2*75
$GAGSV,3,2,11,11,53,260,47,12,33,186,46,19,17,062,37,21,11,052,45,2*73
$GAGSV,3,3,11,23,32,101,50,31,24,158,47,36,22,314,44,2*4B
$GAGSV,3,1,11,04,52,004,46,06,49,320,46,09,34,294,44,10,49,213,45,7*70
$GAGSV,3,2,11,11,53,260,43,12,33,186,39,19,17,062,35,21,11,052,28,7*73
$GAGSV,3,3,11,23,32,101,44,31,24,158,41,36,22,314,37,7*49
$GBGSV,2,1,08,06,56,035,43,08,34,129,42,09,71,033,47,13,52,123,47,1*70
$GBGSV,2,2,08,16,47,036,44,23,65,150,51,25,42,054,48,27,18,226,43,1*7C
$GBGSV,2,1,06,06,56,035,47,08,34,129,47,09,71,033,49,13,52,123,48,B*0D
$GBGSV,2,2,06,16,47,036,47,27,18,226,16,B*0C
$GBGSV,4,1,13,01,03,096,,02,58,141,,03,34,114,,07,07,138,,0*7C
$GBGSV,4,2,13,10,08,148,,28,06,186,,30,12,276,,32,37,327,,0*74
$GBGSV,4,3,13,33,18,097,,37,23,199,,38,23,133,,39,39,036,,0*7F
$GBGSV,4,4,13,41,53,051,,0*42
$GQGSV,1,1,02,02,12,083,38,04,19,095,40,1*62
$GQGSV,1,1,03,02,12,083,45,04,19,095,37,07,19,104,46,6*56
$GNGLL,2454.22970,N,06708.26845,E,174600.00,A,D*7B
$GNRMC,174601.00,A,2454.22970,N,06708.26845,E,0.005,,300425,,,R,V*0A
$GNVTG,,T,,M,0.005,N,0.009,K,D*34
$GNGGA,174601.00,2454.22970,N,06708.26845,E,4,12,0.61,21.8,M,-44.2,M,1.0,0265*71
$GNGSA,A,3,01,03,10,28,31,04,26,02,16,32,,,1.38,0.61,1.24,1*04
$GNGSA,A,3,69,80,68,85,84,78,79,,,,,,1.38,0.61,1.24,2*01
$GNGSA,A,3,11,23,21,31,10,19,,,,,,,1.38,0.61,1.24,3*00
$GNGSA,A,3,06,08,13,16,09,25,27,23,,,,,1.38,0.61,1.24,4*0F
$GNGSA,A,3,04,,,,,,,,,,,,1.38,0.61,1.24,5*0B
$GPGSV,4,1,13,01,48,263,45,02,40,225,45,03,44,331,45,04,23,289,36,1*6A
$GPGSV,4,2,13,10,13,129,35,16,23,158,41,26,42,129,44,28,36,037,44,1*63
$GPGSV,4,3,13,31,65,032,48,32,16,067,38,40,59,208,49,41,56,146,47,1*68
$GPGSV,4,4,13,42,19,104,45,1*5C
$GPGSV,2,1,08,01,48,263,47,03,44,331,44,04,23,289,41,10,13,129,27,6*6C
$GPGSV,2,2,08,26,42,129,45,28,36,037,45,31,65,032,45,32,16,067,40,6*6A
$GLGSV,3,1,09,68,24,070,47,69,41,012,49,70,09,309,27,78,18,034,46,1*79
$GLGSV,3,2,09,79,57,082,51,80,38,170,49,84,30,249,40,85,19,304,39,1*76
$GLGSV,3,3,09,,,,44,1*71
$GLGSV,2,1,08,68,24,070,46,69,41,012,49,78,18,034,48,79,57,082,48,3*7F
$GLGSV,2,2,08,80,38,170,48,84,30,249,46,85,19,304,41,,,,41,3*4B
$GLGSV,1,1,01,83,03,191,,0*49
$GAGSV,3,1,11,04,52,004,51,06,49,320,50,09,34,294,50,10,49,213,50,2*75
$GAGSV,3,2,11,11,53,260,47,12,33,186,46,19,17,062,37,21,11,052,45,2*73
$GAGSV,3,3,11,23,32,101,50,31,24,158,47,36,22,314,44,2*4B
$GAGSV,3,1,11,04,52,004,46,06,49,320,46,09,34,294,44,10,49,213,45,7*70
$GAGSV,3,2,11,11,53,260,43,12,33,186,39,19,17,062,35,21,11,052,28,7*73
$GAGSV,3,3,11,23,32,101,44,31,24,158,41,36,22,314,37,7*49
$GBGSV,2,1,08,06,56,035,43,08,34,129,42,09,71,033,47,13,52,123,46,1*71
$GBGSV,2,2,08,16,47,036,44,23,65,150,51,25,42,054,48,27,18,226,43,1*7C
$GBGSV,2,1,06,06,56,035,47,08,34,129,48,09,71,033,49,13,52,123,48,B*02
$GBGSV,2,2,06,16,47,036,47,27,18,226,10,B*0A
$GBGSV,4,1,13,01,03,096,,02,58,141,,03,34,114,,07,07,138,,0*7C
$GBGSV,4,2,13,10,08,148,,28,06,186,,30,12,276,,32,37,327,,0*74
$GBGSV,4,3,13,33,18,097,,37,23,199,,38,23,133,,39,39,036,,0*7F
$GBGSV,4,4,13,41,53,051,,0*42
$GQGSV,1,1,02,02,12,083,38,04,19,095,40,1*62
$GQGSV,1,1,03,02,12,083,45,04,19,095,37,07,19,104,46,6*56
$GNGLL,2454.22970,N,06708.26845,E,174601.00,A,D*7A
$GNRMC,174602.00,A,2454.22970,N,06708.26845,E,0.003,,300425,,,R,V*0F
$GNVTG,,T,,M,0.003,N,0.006,K,D*3D
$GNGGA,174602.00,2454.22970,N,06708.26845,E,4,12,0.61,21.8,M,-44.2,M,1.0,0265*72
$GNGSA,A,3,01,03,10,28,31,04,26,02,16,32,,,1.38,0.61,1.24,1*04
$GNGSA,A,3,69,80,68,85,84,78,79,,,,,,1.38,0.61,1.24,2*01
$GNGSA,A,3,11,23,21,31,10,19,,,,,,,1.38,0.61,1.24,3*00
$GNGSA,A,3,06,08,13,16,09,25,27,23,,,,,1.38,0.61,1.24,4*0F
$GNGSA,A,3,04,,,,,,,,,,,,1.38,0.61,1.24,5*0B
$GPGSV,4,1,13,01,48,263,45,02,39,224,45,03,44,331,45,04,23,289,36,1*65
$GPGSV,4,2,13,10,13,129,35,16,23,158,41,26,42,129,44,28,36,037,44,1*63
$GPGSV,4,3,13,31,65,032,48,32,16,067,38,40,59,208,49,41,56,146,47,1*68
$GPGSV,4,4,13,42,19,104,45,1*5C
$GPGSV,2,1,08,01,48,263,47,03,44,331,44,04,23,289,41,10,13,129,27,6*6C
$GPGSV,2,2,08,26,42,129,45,28,36,037,45,31,65,032,45,32,16,067,40,6*6A
$GLGSV,3,1,09,68,24,070,47,69,41,012,49,70,09,309,27,78,18,034,46,1*79
$GLGSV,3,2,09,79,57,082,51,80,38,170,49,84,30,249,40,85,19,304,39,1*76
$GLGSV,3,3,09,,,,44,1*71
$GLGSV,2,1,08,68,24,070,46,69,41,012,48,78,18,034,48,79,57,082,48,3*7E
$GLGSV,2,2,08,80,38,170,48,84,30,249,46,85,19,304,41,,,,41,3*4B
$GLGSV,1,1,01,83,03,191,,0*49
$GAGSV,3,1,11,04,52,004,51,06,49,320,50,09,34,294,50,10,49,213,50,2*75
$GAGSV,3,2,11,11,53,260,47,12,33,186,46,19,17,062,37,21,11,052,45,2*73
$GAGSV,3,3,11,23,32,101,50,31,24,158,47,36,22,314,44,2*4B
$GAGSV,3,1,11,04,52,004,46,06,49,320,46,09,34,294,44,10,49,213,45,7*70
$GAGSV,3,2,11,11,53,260,43,12,33,186,39,19,17,062,35,21,11,052,28,7*73
$GAGSV,3,3,11,23,32,101,44,31,24,158,41,36,22,314,37,7*49
$GBGSV,2,1,08,06,56,035,43,08,34,129,42,09,71,033,47,13,52,123,46,1*71
$GBGSV,2,2,08,16,47,036,44,23,65,150,51,25,42,054,48,27,18,226,43,1*7C
$GBGSV,2,1,06,06,56,035,47,08,34,129,47,09,71,033,49,13,52,123,48,B*0D
$GBGSV,2,2,06,16,47,036,47,27,18,226,08,B*03
$GBGSV,4,1,13,01,03,096,,02,58,141,,03,34,114,,07,07,138,,0*7C
$GBGSV,4,2,13,10,08,148,,28,06,186,,30,12,276,,32,37,327,,0*74
$GBGSV,4,3,13,33,18,097,,37,23,199,,38,23,133,,39,39,036,,0*7F
$GBGSV,4,4,13,41,53,051,,0*42
$GQGSV,1,1,02,02,12,083,38,04,19,095,40,1*62
$GQGSV,1,1,03,02,12,083,46,04,19,095,37,07,19,104,46,6*55
$GNGLL,2454.22970,N,06708.26845,E,174602.00,A,D*79
$GNRMC,174603.00,A,2454.22970,N,06708.26845,E,0.005,,300425,,,R,V*08
$GNVTG,,T,,M,0.005,N,0.008,K,D*35
$GNGGA,174603.00,2454.22970,N,06708.26845,E,4,12,0.61,21.8,M,-44.2,M,1.0,0265*73
$GNGSA,A,3,01,03,10,28,31,04,26,02,16,32,,,1.38,0.61,1.24,1*04
$GNGSA,A,3,69,80,68,85,84,78,79,,,,,,1.38,0.61,1.24,2*01
$GNGSA,A,3,11,23,21,31,10,19,,,,,,,1.38,0.61,1.24,3*00
$GNGSA,A,3,06,08,13,16,09,25,27,23,,,,,1.38,0.61,1.24,4*0F
$GNGSA,A,3,04,,,,,,,,,,,,1.38,0.61,1.24,5*0B
$GPGSV,4,1,13,01,48,263,45,02,39,224,46,03,45,331,45,04,23,289,36,1*67
$GPGSV,4,2,13,10,13,129,35,16,23,158,41,26,42,129,44,28,36,037,44,1*63
$GPGSV,4,3,13,31,65,032,48,32,16,067,38,40,59,208,49,41,56,146,47,1*68
$GPGSV,4,4,13,42,19,104,45,1*5C
$GPGSV,2,1,08,01,48,263,47,03,45,331,44,04,23,289,42,10,13,129,27,6*6E
$GPGSV,2,2,08,26,42,129,45,28,36,037,45,31,65,032,45,32,16,067,40,6*6A
$GLGSV,3,1,09,68,24,070,46,69,41,012,49,70,09,309,28,78,18,034,46,1*77
$GLGSV,3,2,09,79,57,082,50,80,38,170,49,84,30,249,40,85,19,304,39,1*77
$GLGSV,3,3,09,,,,44,1*71
$GLGSV,2,1,08,68,24,070,46,69,41,012,48,78,18,034,48,79,57,082,48,3*7E
$GLGSV,2,2,08,80,38,170,48,84,30,249,46,85,19,304,41,,,,41,3*4B
$GLGSV,1,1,01,83,03,191,,0*49
$GAGSV,3,1,11,04,52,004,51,06,49,320,50,09,34,294,50,10,49,213,50,2*75
$GAGSV,3,2,11,11,53,260,47,12,33,186,46,19,17,062,37,21,11,052,44,2*72
$GAGSV,3,3,11,23,32,101,50,31,24,158,47,36,22,314,44,2*4B
$GAGSV,3,1,11,04,52,004,46,06,49,320,46,09,34,294,44,10,49,213,45,7*70
$GAGSV,3,2,11,11,53,260,43,12,33,186,39,19,17,062,35,21,11,052,28,7*73
$GAGSV,3,3,11,23,32,101,44,31,24,158,41,36,22,314,36,7*48
$GBGSV,2,1,08,06,56,035,43,08,34,129,42,09,71,033,47,13,52,123,46,1*71
$GBGSV,2,2,08,16,47,036,44,23,65,150,51,25,42,054,48,27,18,226,43,1*7C
$GBGSV,2,1,06,06,56,035,47,08,34,129,47,09,71,033,49,13,52,123,48,B*0D
$GBGSV,2,2,06,16,47,036,47,27,18,226,07,B*0C
$GBGSV,4,1,13,01,03,096,,02,58,141,,03,34,114,,07,07,138,,0*7C
$GBGSV,4,2,13,10,08,148,,28,06,186,,30,12,276,,32,37,327,,0*74
$GBGSV,4,3,13,33,18,097,,37,23,199,,38,23,133,,39,39,036,,0*7F
$GBGSV,4,4,13,41,53,051,,0*42
$GQGSV,1,1,02,02,12,083,38,04,19,095,39,1*6C
$GQGSV,1,1,03,02,12,083,45,04,19,095,37,07,19,104,46,6*56
$GNGLL,2454.22970,N,06708.26845,E,174603.00,A,D*78
$GNRMC,174604.00,A,2454.22970,N,06708.26845,E,0.002,,300425,,,R,V*08
$GNVTG,,T,,M,0.002,N,0.003,K,D*39
$GNGGA,174604.00,2454.22970,N,06708.26845,E,4,12,0.61,21.8,M,-44.2,M,1.0,0265*74
$GNGSA,A,3,01,03,10,28,31,04,26,02,16,32,,,1.38,0.61,1.23,1*03
$GNGSA,A,3,69,80,68,85,84,78,79,,,,,,1.38,0.61,1.23,2*06
$GNGSA,A,3,11,23,21,31,10,19,,,,,,,1.38,0.61,1.23,3*07
$GNGSA,A,3,06,08,13,16,09,25,27,23,,,,,1.38,0.61,1.23,4*08
$GNGSA,A,3,04,,,,,,,,,,,,1.38,0.61,1.23,5*0C
$GPGSV,4,1,13,01,48,263,45,02,39,224,46,03,45,331,45,04,24,290,36,1*68
$GPGSV,4,2,13,10,13,129,35,16,23,158,41,26,42,129,44,28,36,037,44,1*63
$GPGSV,4,3,13,31,65,032,48,32,16,067,38,40,59,208,49,41,56,146,47,1*68
$GPGSV,4,4,13,42,19,104,45,1*5C
$GPGSV,2,1,08,01,48,263,47,03,45,331,45,04,24,290,41,10,13,129,27,6*63
$GPGSV,2,2,08,26,42,129,45,28,36,037,45,31,65,032,45,32,16,067,40,6*6A
$GLGSV,3,1,09,68,24,070,47,69,41,012,49,70,09,309,27,78,18,034,46,1*79
$GLGSV,3,2,09,79,57,082,51,80,38,170,49,84,30,249,40,85,19,304,39,1*76
$GLGSV,3,3,09,,,,43,1*76
$GLGSV,2,1,08,68,24,070,46,69,41,012,48,78,18,034,48,79,57,082,48,3*7E
$GLGSV,2,2,08,80,38,170,48,84,30,249,46,85,19,304,41,,,,41,3*4B
$GLGSV,1,1,01,83,03,191,,0*49
$GAGSV,3,1,11,04,52,004,51,06,49,320,50,09,34,294,50,10,49,213,50,2*75
$GAGSV,3,2,11,11,53,260,47,12,33,186,46,19,17,062,37,21,11,052,44,2*72
$GAGSV,3,3,11,23,32,101,50,31,24,158,47,36,22,314,44,2*4B
$GAGSV,3,1,11,04,52,004,46,06,49,320,46,09,34,294,44,10,49,213,45,7*70
$GAGSV,3,2,11,11,53,260,43,12,33,186,39,19,17,062,35,21,11,052,28,7*73
$GAGSV,3,3,11,23,32,101,44,31,24,158,41,36,22,314,37,7*49
$GBGSV,2,1,08,06,56,035,43,08,34,129,42,09,71,033,47,13,52,123,46,1*71
$GBGSV,2,2,08,16,47,036,44,23,65,150,51,25,42,054,48,27,18,226,42,1*7D
$GBGSV,2,1,06,06,56,035,47,08,34,129,47,09,71,033,49,13,52,123,48,B*0D
$GBGSV,2,2,06,16,47,036,47,27,18,226,07,B*0C
$GBGSV,4,1,13,01,03,096,,02,58,141,,03,34,114,,07,07,138,,0*7C
$GBGSV,4,2,13,10,08,148,,28,06,186,,30,12,276,,32,37,327,,0*74
$GBGSV,4,3,13,33,18,097,,37,23,199,,38,23,133,,39,39,036,,0*7F
$GBGSV,4,4,13,41,53,051,,0*42
$GQGSV,1,1,02,02,12,083,38,04,19,095,39,1*6C
$GQGSV,1,1,03,02,12,083,45,04,19,095,37,07,19,104,46,6*56
$GNGLL,2454.22970,N,06708.26845,E,174604.00,A,D*7F
$GNRMC,174605.00,A,2454.22970,N,06708.26845,E,0.004,,300425,,,R,V*0F
$GNVTG,,T,,M,0.004,N,0.008,K,D*34
$GNGGA,174605.00,2454.22970,N,06708.26845,E,4,12,0.61,21.8,M,-44.2,M,1.0,0265*75
$GNGSA,A,3,01,03,10,28,31,04,26,02,16,32,,,1.38,0.61,1.23,1*03
$GNGSA,A,3,69,80,68,85,84,78,79,,,,,,1.38,0.61,1.23,2*06
$GNGSA,A,3,11,23,21,31,10,19,,,,,,,1.38,0.61,1.23,3*07
$GNGSA,A,3,06,08,13,16,09,25,27,23,,,,,1.38,0.61,1.23,4*08
$GNGSA,A,3,04,,,,,,,,,,,,1.38,0.61,1.23,5*0C
$GPGSV,4,1,13,01,48,263,45,02,39,224,46,03,45,331,45,04,24,290,36,1*68
$GPGSV,4,2,13,10,13,129,35,16,23,158,41,26,42,129,44,28,36,037,44,1*63
$GPGSV,4,3,13,31,65,032,48,32,16,067,38,40,59,208,49,41,56,146,47,1*68
$GPGSV,4,4,13,42,19,104,45,1*5C
$GPGSV,2,1,08,01,48,263,47,03,45,331,44,04,24,290,42,10,13,129,27,6*61
$GPGSV,2,2,08,26,42,129,45,28,36,037,45,31,65,032,45,32,16,067,40,6*6A
$GLGSV,3,1,09,68,24,070,47,69,41,012,49,70,09,309,27,78,18,034,46,1*79
$GLGSV,3,2,09,79,57,082,51,80,38,170,49,84,30,249,40,85,19,304,39,1*76
$GLGSV,3,3,09,,,,43,1*76
$GLGSV,2,1,08,68,24,070,46,69,41,012,48,78,18,034,48,79,57,082,48,3*7E
$GLGSV,2,2,08,80,38,170,48,84,30,249,46,85,19,304,41,,,,41,3*4B
$GLGSV,1,1,01,83,03,191,,0*49
$GAGSV,3,1,11,04,52,004,51,06,49,320,50,09,34,294,50,10,49,213,50,2*75
$GAGSV,3,2,11,11,53,260,47,12,33,186,46,19,17,062,37,21,11,052,45,2*73
$GAGSV,3,3,11,23,32,101,50,31,24,158,47,36,22,314,44,2*4B
$GAGSV,3,1,11,04,52,004,46,06,49,320,46,09,34,294,44,10,49,213,45,7*70
$GAGSV,3,2,11,11,53,260,43,12,33,186,39,19,17,062,35,21,11,052,28,7*73
$GAGSV,3,3,11,23,32,101,44,31,24,158,41,36,22,314,37,7*49
$GBGSV,2,1,08,06,56,035,43,08,34,129,42,09,71,033,47,13,52,123,46,1*71
$GBGSV,2,2,08,16,47,036,44,23,65,150,51,25,42,054,48,27,18,226,42,1*7D
$GBGSV,2,1,06,06,56,035,47,08,34,129,47,09,71,033,49,13,52,123,48,B*0D
$GBGSV,2,2,06,16,47,036,47,27,18,226,08,B*03
$GBGSV,4,1,13,01,03,096,,02,58,141,,03,34,114,,07,07,138,,0*7C
$GBGSV,4,2,13,10,08,148,,28,06,186,,30,12,276,,32,37,327,,0*74
$GBGSV,4,3,13,33,18,097,,37,23,199,,38,23,133,,39,39,036,,0*7F
$GBGSV,4,4,13,41,53,051,,0*42
$GQGSV,1,1,02,02,12,083,38,04,19,095,39,1*6C
$GQGSV,1,1,03,02,12,083,45,04,19,095,37,07,19,104,46,6*56
$GNGLL,2454.22970,N,06708.26845,E,174605.00,A,D*7E
$GNRMC,174606.00,A,2454.22970,N,06708.26845,E,0.010,,300425,,,R,V*09
$GNVTG,,T,,M,0.010,N,0.018,K,D*30
$GNGGA,174606.00,2454.22970,N,06708.26845,E,4,12,0.61,21.8,M,-44.2,M,1.0,0265*76
$GNGSA,A,3,01,03,10,28,31,04,26,02,16,32,,,1.38,0.61,1.23,1*03
$GNGSA,A,3,69,80,68,85,84,78,79,,,,,,1.38,0.61,1.23,2*06
$GNGSA,A,3,11,23,21,31,10,19,,,,,,,1.38,0.61,1.23,3*07
$GNGSA,A,3,06,08,13,16,09,25,27,23,,,,,1.38,0.61,1.23,4*08
$GNGSA,A,3,04,,,,,,,,,,,,1.38,0.61,1.23,5*0C
$GPGSV,4,1,13,01,48,263,45,02,39,224,45,03,45,331,45,04,24,290,36,1*6B
$GPGSV,4,2,13,10,13,129,35,16,23,158,41,26,42,129,44,28,36,037,45,1*62
$GPGSV,4,3,13,31,65,032,48,32,16,067,38,40,59,208,48,41,56,146,47,1*69
$GPGSV,4,4,13,42,19,104,45,1*5C
$GPGSV,2,1,08,01,48,263,47,03,45,331,44,04,24,290,41,10,13,129,28,6*6D
$GPGSV,2,2,08,26,42,129,45,28,36,037,45,31,65,032,45,32,16,067,40,6*6A
$GLGSV,3,1,09,68,24,070,47,69,41,012,49,70,09,309,27,78,18,034,46,1*79
$GLGSV,3,2,09,79,57,082,51,80,38,170,49,84,30,249,40,85,19,304,39,1*76
$GLGSV,3,3,09,,,,43,1*76
$GLGSV,2,1,08,68,24,070,46,69,41,012,48,78,18,034,48,79,57,082,48,3*7E
$GLGSV,2,2,08,80,38,170,48,84,30,249,46,85,19,304,41,,,,41,3*4B
$GLGSV,1,1,01,83,03,191,,0*49
$GAGSV,3,1,11,04,52,004,51,06,49,320,50,09,34,294,50,10,49,213,50,2*75
$GAGSV,3,2,11,11,53,260,47,12,33,186,46,19,17,062,37,21,11,052,45,2*73
$GAGSV,3,3,11,23,32,101,50,31,24,158,47,36,22,314,44,2*4B
$GAGSV,3,1,11,04,52,004,46,06,49,320,46,09,34,294,44,10,49,213,45,7*70
$GAGSV,3,2,11,11,53,260,43,12,33,186,39,19,17,062,35,21,11,052,27,7*7C
$GAGSV,3,3,11,23,32,101,44,31,24,158,41,36,22,314,36,7*48
$GBGSV,2,1,08,06,56,035,43,08,34,129,42,09,71,033,47,13,52,123,46,1*71
$GBGSV,2,2,08,16,47,036,44,23,65,150,51,25,42,054,48,27,18,226,43,1*7C
$GBGSV,2,1,06,06,56,035,47,08,34,129,47,09,71,033,49,13,52,123,48,B*0D
$GBGSV,2,2,06,16,47,036,46,27,18,226,08,B*02
$GBGSV,4,1,13,01,03,096,,02,58,141,,03,34,114,,07,07,138,,0*7C
$GBGSV,4,2,13,10,08,148,,28,06,186,,30,12,276,,32,37,327,,0*74
$GBGSV,4,3,13,33,18,097,,37,23,199,,38,23,133,,39,39,036,,0*7F
$GBGSV,4,4,13,41,53,051,,0*42
$GQGSV,1,1,02,02,12,083,38,04,19,095,39,1*6C
$GQGSV,1,1,03,02,12,083,45,04,19,095,37,07,19,104,46,6*56
$GNGLL,2454.22970,N,06708.26845,E,174606.00,A,D*7D
$GNRMC,174607.00,A,2454.22970,N,06708.26845,E,0.002,,300425,,,R,V*0B
$GNVTG,,T,,M,0.002,N,0.004,K,D*3E
$GNGGA,174607.00,2454.22970,N,06708.26845,E,4,12,0.61,21.8,M,-44.2,M,1.0,0265*77
$GNGSA,A,3,01,03,10,28,31,04,26,02,16,32,,,1.38,0.61,1.23,1*03
$GNGSA,A,3,69,80,68,85,84,78,79,,,,,,1.38,0.61,1.23,2*06
$GNGSA,A,3,11,23,21,31,10,19,,,,,,,1.38,0.61,1.23,3*07
$GNGSA,A,3,06,08,13,16,09,25,27,23,,,,,1.38,0.61,1.23,4*08
$GNGSA,A,3,04,,,,,,,,,,,,1.38,0.61,1.23,5*0C
$GPGSV,4,1,13,01,48,263,45,02,39,224,46,03,45,331,45,04,24,290,37,1*69
$GPGSV,4,2,13,10,13,129,35,16,23,158,41,26,42,129,44,28,36,037,45,1*62
$GPGSV,4,3,13,31,65,032,48,32,16,067,39,40,59,208,49,41,56,146,47,1*69
$GPGSV,4,4,13,42,19,104,45,1*5C
$GPGSV,2,1,08,01,48,263,47,03,45,331,44,04,24,290,42,10,13,129,28,6*6E
$GPGSV,2,2,08,26,42,129,45,28,36,037,45,31,65,032,45,32,16,067,41,6*6B
$GLGSV,3,1,09,68,24,070,46,69,41,012,49,70,09,309,27,78,18,034,45,1*7B
$GLGSV,3,2,09,79,57,082,51,80,38,170,49,84,30,249,40,85,19,304,39,1*76
$GLGSV,3,3,09,,,,43,1*76
$GLGSV,2,1,08,68,24,070,45,69,41,012,48,78,18,034,48,79,57,082,48,3*7D
$GLGSV,2,2,08,80,38,170,48,84,30,249,46,85,19,304,41,,,,41,3*4B
$GLGSV,1,1,01,83,03,191,,0*49
$GAGSV,3,1,11,04,52,004,51,06,49,320,51,09,34,294,50,10,49,213,50,2*74
$GAGSV,3,2,11,11,53,260,47,12,33,186,46,19,17,062,37,21,11,052,45,2*73
$GAGSV,3,3,11,23,32,101,50,31,24,158,47,36,22,314,44,2*4B
$GAGSV,3,1,11,04,52,004,46,06,49,320,46,09,34,294,44,10,49,213,45,7*70
$GAGSV,3,2,11,11,53,260,43,12,33,186,39,19,17,062,35,21,11,052,27,7*7C
$GAGSV,3,3,11,23,32,101,44,31,24,158,41,36,22,314,37,7*49
$GBGSV,2,1,08,06,56,035,43,08,34,129,42,09,71,033,47,13,52,123,46,1*71
$GBGSV,2,2,08,16,47,036,44,23,65,150,51,25,42,054,48,27,18,226,43,1*7C
$GBGSV,2,1,06,06,56,035,47,08,34,129,47,09,71,033,49,13,52,123,48,B*0D
$GBGSV,2,2,06,16,47,036,47,27,18,226,07,B*0C
$GBGSV,4,1,13,01,03,096,,02,58,141,,03,34,114,,07,07,138,,0*7C
$GBGSV,4,2,13,10,08,148,,28,06,186,,30,12,276,,32,37,327,,0*74
$GBGSV,4,3,13,33,18,097,,37,23,199,,38,23,133,,39,39,036,,0*7F
$GBGSV,4,4,13,41,53,051,,0*42
$GQGSV,1,1,02,02,12,083,38,04,19,095,39,1*6C
$GQGSV,1,1,03,02,12,083,45,04,19,095,37,07,19,104,46,6*56
$GNGLL,2454.22970,N,06708.26845,E,174607.00,A,D*7C
$GNRMC,174608.00,A,2454.22970,N,06708.26845,E,0.001,,300425,,,R,V*07
$GNVTG,,T,,M,0.001,N,0.002,K,D*3B
$GNGGA,174608.00,2454.22970,N,06708.26845,E,4,12,0.61,21.8,M,-44.2,M,1.0,0265*78
$GNGSA,A,3,01,03,10,28,31,04,26,02,16,32,,,1.37,0.61,1.23,1*0C
$GNGSA,A,3,69,80,68,85,84,78,79,,,,,,1.37,0.61,1.23,2*09
$GNGSA,A,3,11,23,21,31,10,19,,,,,,,1.37,0.61,1.23,3*08
$GNGSA,A,3,06,08,13,16,09,25,27,23,,,,,1.37,0.61,1.23,4*07
$GNGSA,A,3,04,,,,,,,,,,,,1.37,0.61,1.23,5*03
$GPGSV,4,1,13,01,48,263,45,02,39,224,45,03,45,331,45,04,24,290,37,1*6A
$GPGSV,4,2,13,10,13,129,35,16,23,158,41,26,42,129,45,28,36,037,45,1*63
$GPGSV,4,3,13,31,65,032,48,32,16,067,39,40,59,208,48,41,56,146,47,1*68
$GPGSV,4,4,13,42,19,104,45,1*5C
$GPGSV,2,1,08,01,48,263,47,03,45,331,44,04,24,290,42,10,13,129,28,6*6E
$GPGSV,2,2,08,26,42,129,45,28,36,037,45,31,65,032,45,32,16,067,40,6*6A
$GLGSV,3,1,09,68,24,070,46,69,41,012,49,70,09,309,27,78,18,034,45,1*7B
$GLGSV,3,2,09,79,57,082,51,80,38,170,49,84,30,249,40,85,19,304,39,1*76
$GLGSV,3,3,09,,,,43,1*76
$GLGSV,2,1,08,68,24,070,45,69,41,012,48,78,18,034,48,79,57,082,48,3*7D
$GLGSV,2,2,08,80,38,170,48,84,30,249,46,85,19,304,41,,,,41,3*4B
$GLGSV,1,1,01,83,03,191,,0*49
$GAGSV,3,1,11,04,52,004,51,06,49,320,50,09,34,294,50,10,49,213,50,2*75
$GAGSV,3,2,11,11,53,260,47,12,33,186,46,19,17,062,37,21,11,052,45,2*73
$GAGSV,3,3,11,23,32,101,50,31,24,158,47,36,22,314,44,2*4B
$GAGSV,3,1,11,04,52,004,46,06,49,320,46,09,34,294,44,10,49,213,45,7*70
$GAGSV,3,2,11,11,53,260,43,12,33,186,39,19,17,062,35,21,11,052,27,7*7C
$GAGSV,3,3,11,23,32,101,44,31,24,158,41,36,22,314,36,7*48
$GBGSV,2,1,08,06,56,035,43,08,34,129,42,09,71,033,47,13,52,123,47,1*70
$GBGSV,2,2,08,16,47,036,44,23,65,150,51,25,42,054,48,27,18,226,43,1*7C
$GBGSV,2,1,06,06,56,035,47,08,34,129,47,09,71,033,49,13,52,123,48,B*0D
$GBGSV,2,2,06,16,47,036,47,27,18,226,07,B*0C
$GBGSV,4,1,13,01,03,096,,02,58,141,,03,34,114,,07,07,138,,0*7C
$GBGSV,4,2,13,10,08,148,,28,06,186,,30,12,276,,32,37,327,,0*74
$GBGSV,4,3,13,33,18,097,,37,23,199,,38,23,133,,39,39,036,,0*7F
$GBGSV,4,4,13,41,53,051,,0*42
$GQGSV,1,1,02,02,12,083,38,04,19,095,39,1*6C
$GQGSV,1,1,03,02,12,083,45,04,19,095,37,07,19,104,46,6*56
$GNGLL,2454.22970,N,06708.26845,E,174608.00,A,D*73
$GNRMC,174609.00,A,2454.22970,N,06708.26845,E,0.002,,300425,,,R,V*05
$GNVTG,,T,,M,0.002,N,0.004,K,D*3E
$GNGGA,174609.00,2454.22970,N,06708.26845,E,4,12,0.61,21.8,M,-44.2,M,1.0,0265*79
$GNGSA,A,3,01,03,10,28,31,04,26,02,16,32,,,1.37,0.61,1.23,1*0C
$GNGSA,A,3,69,80,68,85,84,78,79,,,,,,1.37,0.61,1.23,2*09
$GNGSA,A,3,11,23,21,31,10,19,,,,,,,1.37,0.61,1.23,3*08
$GNGSA,A,3,06,08,13,16,09,25,27,23,,,,,1.37,0.61,1.23,4*07
$GNGSA,A,3,04,,,,,,,,,,,,1.37,0.61,1.23,5*03
$GPGSV,4,1,13,01,48,263,45,02,39,224,45,03,45,331,45,04,24,290,36,1*6B
$GPGSV,4,2,13,10,13,129,35,16,23,158,41,26,42,129,44,28,36,037,45,1*62
$GPGSV,4,3,13,31,65,032,48,32,16,067,39,40,59,208,49,41,56,146,47,1*69
$GPGSV,4,4,13,42,19,104,45,1*5C
$GPGSV,2,1,08,01,48,263,47,03,45,331,44,04,24,290,41,10,13,129,28,6*6D
$GPGSV,2,2,08,26,42,129,45,28,36,037,45,31,65,032,45,32,16,067,41,6*6B
$GLGSV,2,1,08,68,24,070,47,69,41,012,49,70,09,309,27,78,18,034,45,1*7A
$GLGSV,2,2,08,79,57,082,51,80,38,170,49,84,30,249,40,85,19,304,39,1*76
$GLGSV,2,1,07,68,24,070,45,69,41,012,48,78,18,034,48,79,57,082,48,3*72
$GLGSV,2,2,07,80,38,170,48,84,30,249,46,85,19,304,41,3*41
$GLGSV,1,1,01,83,03,191,,0*49
$GAGSV,3,1,11,04,52,004,51,06,49,320,50,09,34,294,50,10,49,213,50,2*75
$GAGSV,3,2,11,11,53,260,47,12,33,186,46,19,17,062,37,21,11,052,45,2*73
$GAGSV,3,3,11,23,32,101,50,31,24,158,47,36,22,314,44,2*4B
$GAGSV,3,1,11,04,52,004,46,06,49,320,46,09,34,294,44,10,49,213,45,7*70
$GAGSV,3,2,11,11,53,260,43,12,33,186,39,19,17,062,35,21,11,052,28,7*73
$GAGSV,3,3,11,23,32,101,44,31,24,158,41,36,22,314,36,7*48
$GBGSV,2,1,08,06,56,035,43,08,34,129,42,09,71,033,47,13,52,123,46,1*71
$GBGSV,2,2,08,16,47,036,44,23,65,150,51,25,42,054,48,27,18,226,43,1*7C
$GBGSV,2,1,06,06,56,035,47,08,34,129,47,09,71,033,49,13,52,123,48,B*0D
$GBGSV,2,2,06,16,47,036,47,27,18,226,07,B*0C
$GBGSV,4,1,13,01,03,096,,02,58,141,,03,34,114,,07,07,138,,0*7C
$GBGSV,4,2,13,10,08,148,,28,06,186,,30,12,276,,32,37,327,,0*74
$GBGSV,4,3,13,33,18,097,,37,23,199,,38,23,133,,39,39,036,,0*7F
$GBGSV,4,4,13,41,53,051,,0*42
$GQGSV,1,1,02,02,12,083,38,04,19,095,39,1*6C
$GQGSV,1,1,03,02,12,083,45,04,19,095,37,07,19,104,46,6*56
$GNGLL,2454.22970,N,06708.26845,E,174609.00,A,D*72
$GNRMC,174610.00,A,2454.22970,N,06708.26845,E,0.005,,300425,,,R,V*0A
$GNVTG,,T,,M,0.005,N,0.010,K,D*3C
$GNGGA,174610.00,2454.22970,N,06708.26845,E,4,12,0.61,21.8,M,-44.2,M,1.0,0265*71
$GNGSA,A,3,01,03,10,28,31,04,26,02,16,32,,,1.37,0.61,1.23,1*0C
$GNGSA,A,3,69,80,68,85,84,78,79,,,,,,1.37,0.61,1.23,2*09
$GNGSA,A,3,11,23,21,31,10,19,,,,,,,1.37,0.61,1.23,3*08
$GNGSA,A,3,06,08,13,16,09,25,27,23,,,,,1.37,0.61,1.23,4*07
$GNGSA,A,3,04,,,,,,,,,,,,1.37,0.61,1.23,5*03
$GPGSV,4,1,13,01,48,263,45,02,39,224,46,03,45,331,45,04,24,290,36,1*68
$GPGSV,4,2,13,10,12,129,35,16,23,158,41,26,42,129,44,28,36,037,45,1*63
$GPGSV,4,3,13,31,65,032,48,32,16,067,39,40,59,208,49,41,56,146,47,1*69
$GPGSV,4,4,13,42,19,104,45,1*5C
$GPGSV,2,1,08,01,48,263,47,03,45,331,44,04,24,290,41,10,12,129,28,6*6C
$GPGSV,2,2,08,26,42,129,45,28,36,037,45,31,65,032,45,32,16,067,41,6*6B
$GLGSV,3,1,09,68,24,070,47,69,41,012,49,70,09,309,28,78,18,034,45,1*75
$GLGSV,3,2,09,79,57,082,51,80,38,170,49,84,30,249,40,85,19,304,39,1*76
$GLGSV,3,3,09,,,,42,1*77
$GLGSV,2,1,07,68,24,070,45,69,41,012,49,78,18,034,48,79,57,082,48,3*73
$GLGSV,2,2,07,80,38,170,48,84,30,249,46,85,19,304,41,3*41
$GLGSV,1,1,01,83,03,191,,0*49
$GAGSV,3,1,11,04,52,004,51,06,49,320,51,09,34,294,50,10,49,213,50,2*74
$GAGSV,3,2,11,11,53,260,47,12,33,186,46,19,17,062,37,21,11,052,45,2*73
$GAGSV,3,3,11,23,32,101,50,31,24,158,47,36,22,314,44,2*4B
$GAGSV,3,1,11,04,52,004,46,06,49,320,46,09,34,294,44,10,49,213,45,7*70
$GAGSV,3,2,11,11,53,260,43,12,33,186,39,19,17,062,35,21,11,052,28,7*73
$GAGSV,3,3,11,23,32,101,44,31,24,158,41,36,22,314,37,7*49
$GBGSV,2,1,08,06,56,035,43,08,34,129,42,09,71,033,47,13,52,123,46,1*71
$GBGSV,2,2,08,16,47,036,44,23,65,150,51,25,42,054,48,27,18,226,43,1*7C
$GBGSV,2,1,06,06,56,035,47,08,34,129,47,09,71,033,49,13,52,123,48,B*0D
$GBGSV,2,2,06,16,47,036,47,27,18,226,07,B*0C
$GBGSV,4,1,13,01,03,096,,02,58,141,,03,34,114,,07,07,138,,0*7C
$GBGSV,4,2,13,10,08,148,,28,06,186,,30,12,276,,32,37,327,,0*74
$GBGSV,4,3,13,33,18,097,,37,23,199,,38,23,133,,39,39,036,,0*7F
$GBGSV,4,4,13,41,53,051,,0*42
$GQGSV,1,1,02,02,12,083,38,04,19,095,39,1*6C
$GQGSV,1,1,03,02,12,083,45,04,19,095,37,07,19,104,46,6*56
$GNGLL,2454.22970,N,06708.26845,E,174610.00,A,D*7A
$GNRMC,174611.00,A,2454.22970,N,06708.26845,E,0.010,,300425,,,R,V*0F
$GNVTG,,T,,M,0.010,N,0.018,K,D*30
$GNGGA,174611.00,2454.22970,N,06708.26845,E,4,12,0.61,21.8,M,-44.2,M,1.0,0265*70
$GNGSA,A,3,01,03,10,28,31,04,26,02,16,32,,,1.37,0.61,1.23,1*0C
$GNGSA,A,3,69,80,68,85,84,78,79,,,,,,1.37,0.61,1.23,2*09
$GNGSA,A,3,11,23,21,31,10,19,,,,,,,1.37,0.61,1.23,3*08
$GNGSA,A,3,06,08,13,16,09,25,27,23,,,,,1.37,0.61,1.23,4*07
$GNGSA,A,3,04,,,,,,,,,,,,1.37,0.61,1.23,5*03
$GPGSV,4,1,13,01,48,263,45,02,39,224,45,03,45,331,45,04,24,290,36,1*6B
$GPGSV,4,2,13,10,12,129,35,16,23,158,41,26,42,129,44,28,36,037,45,1*63
$GPGSV,4,3,13,31,65,032,48,32,16,067,39,40,59,208,49,41,56,146,47,1*69
$GPGSV,4,4,13,42,19,104,45,1*5C
$GPGSV,2,1,08,01,48,263,47,03,45,331,44,04,24,290,41,10,12,129,28,6*6C
$GPGSV,2,2,08,26,42,129,45,28,36,037,45,31,65,032,45,32,16,067,41,6*6B
$GLGSV,3,1,09,68,24,070,47,69,41,012,49,70,09,309,28,78,18,034,45,1*75
$GLGSV,3,2,09,79,57,082,51,80,38,170,49,84,30,249,40,85,19,304,39,1*76
$GLGSV,3,3,09,,,,42,1*77
$GLGSV,2,1,07,68,24,070,45,69,41,012,48,78,18,034,48,79,57,082,48,3*72
$GLGSV,2,2,07,80,38,170,48,84,30,249,46,85,19,304,41,3*41
$GLGSV,1,1,01,83,03,191,,0*49
$GAGSV,3,1,11,04,52,004,51,06,49,320,50,09,34,294,50,10,49,213,50,2*75
$GAGSV,3,2,11,11,53,260,47,12,33,186,46,19,17,062,37,21,11,052,45,2*73
$GAGSV,3,3,11,23,32,101,50,31,24,158,47,36,22,314,44,2*4B
$GAGSV,3,1,11,04,52,004,46,06,49,320,46,09,34,294,44,10,49,213,45,7*70
$GAGSV,3,2,11,11,53,260,43,12,33,186,39,19,17,062,35,21,11,052,28,7*73
$GAGSV,3,3,11,23,32,101,44,31,24,158,41,36,22,314,36,7*48
$GBGSV,2,1,08,06,56,035,43,08,34,129,42,09,71,033,47,13,52,123,47,1*70
$GBGSV,2,2,08,16,47,036,44,23,65,150,51,25,42,054,48,27,18,226,43,1*7C
$GBGSV,2,1,05,06,56,035,47,08,34,129,47,09,71,033,49,13,52,123,48,B*0E
$GBGSV,2,2,05,16,47,036,47,B*32
$GBGSV,4,1,13,01,03,096,,02,58,141,,03,34,114,,07,07,138,,0*7C
$GBGSV,4,2,13,10,08,148,,28,06,186,,30,12,276,,32,37,327,,0*74
$GBGSV,4,3,13,33,18,097,,37,23,199,,38,23,133,,39,39,036,,0*7F
$GBGSV,4,4,13,41,53,051,,0*42
$GQGSV,1,1,02,02,12,083,38,04,19,095,39,1*6C
$GQGSV,1,1,03,02,12,083,45,04,19,095,37,07,19,104,46,6*56
$GNGLL,2454.22970,N,06708.26845,E,174611.00,A,D*7B
$GNRMC,174612.00,A,2454.22970,N,06708.26845,E,0.008,,300425,,,R,V*05
$GNVTG,,T,,M,0.008,N,0.014,K,D*35
$GNGGA,174612.00,2454.22970,N,06708.26845,E,4,12,0.61,21.8,M,-44.2,M,1.0,0265*73
$GNGSA,A,3,01,03,10,28,31,04,26,02,16,32,,,1.37,0.61,1.23,1*0C
$GNGSA,A,3,69,80,68,85,84,78,79,,,,,,1.37,0.61,1.23,2*09
$GNGSA,A,3,11,23,21,31,10,19,,,,,,,1.37,0.61,1.23,3*08
$GNGSA,A,3,06,08,13,16,09,25,27,23,,,,,1.37,0.61,1.23,4*07
$GNGSA,A,3,04,,,,,,,,,,,,1.37,0.61,1.23,5*03
$GPGSV,4,1,13,01,48,263,45,02,39,224,45,03,45,331,45,04,24,290,36,1*6B
$GPGSV,4,2,13,10,12,129,35,16,23,158,41,26,42,129,44,28,36,037,45,1*63
$GPGSV,4,3,13,31,65,032,48,32,16,067,39,40,59,208,48,41,56,146,47,1*68
$GPGSV,4,4,13,42,19,104,45,1*5C
$GPGSV,2,1,08,01,48,263,47,03,45,331,44,04,24,290,41,10,12,129,28,6*6C
$GPGSV,2,2,08,26,42,129,45,28,36,037,45,31,65,032,45,32,16,067,41,6*6B
$GLGSV,3,1,09,68,24,070,47,69,41,012,49,70,09,309,28,78,18,034,45,1*75
$GLGSV,3,2,09,79,57,082,51,80,38,170,49,84,30,249,40,85,19,304,39,1*76
$GLGSV,3,3,09,,,,42,1*77
$GLGSV,2,1,07,68,24,070,45,69,41,012,48,78,18,034,48,79,57,082,48,3*72
$GLGSV,2,2,07,80,38,170,48,84,30,249,46,85,19,304,41,3*41
$GLGSV,1,1,01,83,03,191,,0*49
$GAGSV,3,1,11,04,52,004,51,06,49,320,50,09,34,294,50,10,49,213,50,2*75
$GAGSV,3,2,11,11,53,260,47,12,33,186,46,19,17,062,37,21,11,052,45,2*73
$GAGSV,3,3,11,23,32,101,50,31,24,158,47,36,22,314,44,2*4B
$GAGSV,3,1,11,04,52,004,46,06,49,320,46,09,34,294,44,10,49,213,45,7*70
$GAGSV,3,2,11,11,53,260,43,12,33,186,39,19,17,062,35,21,11,052,28,7*73
$GAGSV,3,3,11,23,32,101,44,31,24,158,41,36,22,314,37,7*49
$GBGSV,2,1,08,06,56,035,43,08,34,129,42,09,71,033,47,13,52,123,47,1*70
$GBGSV,2,2,08,16,47,036,44,23,65,150,51,25,42,054,48,27,18,226,43,1*7C
$GBGSV,2,1,05,06,56,035,47,08,34,129,47,09,71,033,49,13,52,123,48,B*0E
$GBGSV,2,2,05,16,47,036,47,B*32
$GBGSV,4,1,13,01,03,096,,02,58,141,,03,34,114,,07,07,138,,0*7C
$GBGSV,4,2,13,10,08,148,,28,06,186,,30,12,276,,32,37,327,,0*74
$GBGSV,4,3,13,33,18,097,,37,23,199,,38,23,133,,39,39,036,,0*7F
$GBGSV,4,4,13,41,53,051,,0*42
$GQGSV,1,1,02,02,12,083,38,04,19,095,39,1*6C
$GQGSV,1,1,03,02,12,083,45,04,19,095,37,07,19,104,46,6*56
$GNGLL,2454.22970,N,06708.26845,E,174612.00,A,D*78
$GNRMC,174613.00,A,2454.22970,N,06708.26845,E,0.009,,300425,,,R,V*05
$GNVTG,,T,,M,0.009,N,0.017,K,D*37
$GNGGA,174613.00,2454.22970,N,06708.26845,E,4,12,0.61,21.8,M,-44.2,M,1.0,0265*72
$GNGSA,A,3,01,03,10,28,31,04,26,02,16,32,,,1.37,0.61,1.23,1*0C
$GNGSA,A,3,69,80,68,85,84,78,79,,,,,,1.37,0.61,1.23,2*09
$GNGSA,A,3,11,23,21,31,10,19,,,,,,,1.37,0.61,1.23,3*08
$GNGSA,A,3,06,08,13,16,09,25,27,23,,,,,1.37,0.61,1.23,4*07
$GNGSA,A,3,04,,,,,,,,,,,,1.37,0.61,1.23,5*03
$GPGSV,4,1,13,01,48,263,45,02,39,224,45,03,45,331,46,04,24,290,36,1*68
$GPGSV,4,2,13,10,12,129,35,16,23,158,41,26,42,129,44,28,36,037,44,1*62
$GPGSV,4,3,13,31,65,032,48,32,16,067,39,40,59,208,49,41,56,146,47,1*69
$GPGSV,4,4,13,42,19,104,45,1*5C
$GPGSV,2,1,08,01,48,263,47,03,45,331,44,04,24,290,41,10,12,129,29,6*6D
$GPGSV,2,2,08,26,42,129,45,28,36,037,45,31,65,032,45,32,16,067,41,6*6B
$GLGSV,3,1,09,68,24,070,47,69,41,012,49,70,09,309,28,78,18,034,46,1*76
$GLGSV,3,2,09,79,57,082,51,80,38,170,49,84,30,249,40,85,19,304,39,1*76
$GLGSV,3,3,09,,,,43,1*76
$GLGSV,2,1,07,68,24,070,45,69,41,012,48,78,18,034,48,79,57,082,48,3*72
$GLGSV,2,2,07,80,38,170,48,84,30,249,46,85,19,304,40,3*40
$GLGSV,1,1,01,83,03,191,,0*49
$GAGSV,3,1,11,04,52,004,51,06,49,320,50,09,34,294,50,10,49,213,50,2*75
$GAGSV,3,2,11,11,53,260,47,12,33,186,46,19,17,062,37,21,11,052,45,2*73
$GAGSV,3,3,11,23,32,101,50,31,24,158,47,36,22,314,44,2*4B
$GAGSV,3,1,11,04,52,004,46,06,49,320,46,09,34,294,44,10,49,213,45,7*70
$GAGSV,3,2,11,11,53,260,43,12,33,186,39,19,17,062,35,21,11,052,28,7*73
$GAGSV,3,3,11,23,32,101,44,31,24,158,41,36,22,314,37,7*49
$GBGSV,2,1,08,06,56,035,43,08,34,129,41,09,71,033,47,13,52,123,46,1*72
$GBGSV,2,2,08,16,47,036,44,23,65,150,51,25,42,054,48,27,18,226,43,1*7C
$GBGSV,2,1,05,06,56,035,47,08,34,129,47,09,71,033,49,13,52,123,48,B*0E
$GBGSV,2,2,05,16,47,036,47,B*32
$GBGSV,4,1,13,01,03,096,,02,58,141,,03,34,114,,07,07,138,,0*7C
$GBGSV,4,2,13,10,08,148,,28,06,186,,30,12,276,,32,37,327,,0*74
$GBGSV,4,3,13,33,18,097,,37,23,199,,38,23,133,,39,39,036,,0*7F
$GBGSV,4,4,13,41,53,051,,0*42
$GQGSV,1,1,02,02,12,083,39,04,19,095,39,1*6D
$GQGSV,1,1,03,02,12,083,46,04,19,095,37,07,19,104,46,6*55
$GNGLL,2454.22970,N,06708.26845,E,174613.00,A,D*79
$GNRMC,174614.00,A,2454.22970,N,06708.26845,E,0.011,,300425,,,R,V*0B
$GNVTG,,T,,M,0.011,N,0.020,K,D*3A
$GNGGA,174614.00,2454.22970,N,06708.26845,E,4,12,0.61,21.8,M,-44.2,M,1.0,0265*75
$GNGSA,A,3,01,03,10,28,31,04,26,02,16,32,,,1.37,0.61,1.23,1*0C
$GNGSA,A,3,69,80,68,85,84,78,79,,,,,,1.37,0.61,1.23,2*09
$GNGSA,A,3,11,23,21,31,10,19,,,,,,,1.37,0.61,1.23,3*08
$GNGSA,A,3,06,08,13,16,09,25,27,23,,,,,1.37,0.61,1.23,4*07
$GNGSA,A,3,04,,,,,,,,,,,,1.37,0.61,1.23,5*03
$GPGSV,4,1,13,01,48,263,45,02,39,224,45,03,45,331,46,04,24,290,36,1*68
$GPGSV,4,2,13,10,12,129,35,16,23,158,41,26,42,129,44,28,36,037,44,1*62
$GPGSV,4,3,13,31,65,032,48,32,16,067,39,40,59,208,49,41,56,146,47,1*69
$GPGSV,4,4,13,42,19,104,45,1*5C
$GPGSV,2,1,08,01,48,263,47,03,45,331,44,04,24,290,41,10,12,129,29,6*6D
$GPGSV,2,2,08,26,42,129,45,28,36,037,45,31,65,032,45,32,16,067,41,6*6B
$GLGSV,3,1,09,68,24,070,47,69,41,012,49,70,09,309,28,78,18,034,45,1*75
$GLGSV,3,2,09,79,57,082,51,80,38,170,49,84,30,249,40,85,19,304,39,1*76
$GLGSV,3,3,09,,,,43,1*76
$GLGSV,2,1,07,68,24,070,45,69,41,012,48,78,18,034,48,79,57,082,48,3*72
$GLGSV,2,2,07,80,38,170,48,84,30,249,46,85,19,304,40,3*40
$GLGSV,1,1,01,83,03,191,,0*49
$GAGSV,3,1,11,04,52,004,51,06,49,320,51,09,34,294,50,10,49,213,50,2*74
$GAGSV,3,2,11,11,53,260,47,12,33,186,46,19,17,062,37,21,11,052,45,2*73
$GAGSV,3,3,11,23,32,101,50,31,24,158,47,36,22,314,44,2*4B
$GAGSV,3,1,11,04,52,004,46,06,49,320,46,09,34,294,44,10,49,213,45,7*70
$GAGSV,3,2,11,11,53,260,43,12,33,186,39,19,17,062,36,21,11,052,28,7*70
$GAGSV,3,3,11,23,32,101,44,31,24,158,41,36,22,314,37,7*49
$GBGSV,2,1,08,06,56,035,43,08,34,129,42,09,71,033,47,13,52,123,47,1*70
$GBGSV,2,2,08,16,47,036,44,23,65,150,51,25,42,054,48,27,18,226,43,1*7C
$GBGSV,2,1,05,06,56,035,47,08,34,129,47,09,71,033,49,13,52,123,48,B*0E
$GBGSV,2,2,05,16,47,036,47,B*32
$GBGSV,4,1,13,01,03,096,,02,58,141,,03,34,114,,07,07,138,,0*7C
$GBGSV,4,2,13,10,08,148,,28,06,186,,30,12,276,,32,37,327,,0*74
$GBGSV,4,3,13,33,18,097,,37,23,199,,38,23,133,,39,39,036,,0*7F
$GBGSV,4,4,13,41,53,051,,0*42
$GQGSV,1,1,02,02,12,083,39,04,19,095,39,1*6D
$GQGSV,1,1,03,02,12,083,46,04,19,095,37,07,19,104,46,6*55
$GNGLL,2454.22970,N,06708.26845,E,174614.00,A,D*7E
$GNRMC,174615.00,A,2454.22970,N,06708.26845,E,0.001,,300425,,,R,V*0B
$GNVTG,,T,,M,0.001,N,0.001,K,D*38
$GNGGA,174615.00,2454.22970,N,06708.26845,E,4,12,0.61,21.8,M,-44.2,M,1.0,0265*74
$GNGSA,A,3,01,03,10,28,31,04,26,02,16,32,,,1.37,0.61,1.23,1*0C
$GNGSA,A,3,69,80,68,85,84,78,79,,,,,,1.37,0.61,1.23,2*09
$GNGSA,A,3,11,23,21,31,10,19,,,,,,,1.37,0.61,1.23,3*08
$GNGSA,A,3,06,08,13,16,09,25,27,23,,,,,1.37,0.61,1.23,4*07
$GNGSA,A,3,04,,,,,,,,,,,,1.37,0.61,1.23,5*03
$GPGSV,4,1,13,01,48,263,45,02,39,224,45,03,45,331,46,04,24,290,36,1*68
$GPGSV,4,2,13,10,12,129,35,16,23,158,41,26,42,129,44,28,36,037,44,1*62
$GPGSV,4,3,13,31,65,032,48,32,16,067,39,40,59,208,49,41,56,146,47,1*69
$GPGSV,4,4,13,42,19,104,45,1*5C
$GPGSV,2,1,08,01,48,263,47,03,45,331,44,04,24,290,41,10,12,129,29,6*6D
$GPGSV,2,2,08,26,42,129,45,28,36,037,45,31,65,032,45,32,16,067,41,6*6B
$GLGSV,3,1,09,68,24,070,47,69,41,012,49,70,09,309,29,78,18,034,45,1*74
$GLGSV,3,2,09,79,57,082,51,80,38,170,49,84,30,249,40,85,19,304,39,1*76
$GLGSV,3,3,09,,,,42,1*77
$GLGSV,2,1,07,68,24,070,45,69,41,012,48,78,18,034,48,79,57,082,48,3*72
$GLGSV,2,2,07,80,38,170,48,84,30,249,46,85,19,304,40,3*40
$GLGSV,1,1,01,83,03,191,,0*49
$GAGSV,3,1,11,04,52,004,51,06,49,320,51,09,34,294,50,10,49,213,50,2*74
$GAGSV,3,2,11,11,53,260,47,12,33,186,46,19,17,062,37,21,11,052,45,2*73
$GAGSV,3,3,11,23,32,101,50,31,24,158,47,36,22,314,44,2*4B
$GAGSV,3,1,11,04,52,004,46,06,49,320,46,09,34,294,44,10,49,213,45,7*70
$GAGSV,3,2,11,11,53,260,43,12,33,186,39,19,17,062,36,21,11,052,28,7*70
$GAGSV,3,3,11,23,32,101,44,31,24,158,41,36,22,314,37,7*49
$GBGSV,2,1,08,06,56,035,43,08,34,129,42,09,71,033,47,13,52,123,47,1*70
$GBGSV,2,2,08,16,47,036,44,23,65,150,51,25,42,054,48,27,18,226,43,1*7C
$GBGSV,2,1,05,06,56,035,47,08,34,129,47,09,71,033,49,13,52,123,48,B*0E
$GBGSV,2,2,05,16,47,036,47,B*32
$GBGSV,4,1,13,01,03,096,,02,58,141,,03,34,114,,07,07,138,,0*7C
$GBGSV,4,2,13,10,08,148,,28,06,186,,30,12,276,,32,37,327,,0*74
$GBGSV,4,3,13,33,18,097,,37,23,199,,38,23,133,,39,39,036,,0*7F
$GBGSV,4,4,13,41,53,051,,0*42
$GQGSV,1,1,02,02,12,083,39,04,19,095,39,1*6D
$GQGSV,1,1,03,02,12,083,46,04,19,095,37,07,19,104,46,6*55
$GNGLL,2454.22970,N,06708.26845,E,174615.00,A,D*7F
$GNRMC,174616.00,A,2454.22970,N,06708.26845,E,0.012,,300425,,,R,V*0A
$GNVTG,,T,,M,0.012,N,0.023,K,D*3A
$GNGGA,174616.00,2454.22970,N,06708.26845,E,4,12,0.61,21.8,M,-44.2,M,1.0,0265*77
$GNGSA,A,3,01,03,10,28,31,04,26,02,16,32,,,1.37,0.61,1.23,1*0C
$GNGSA,A,3,69,80,68,85,84,78,79,,,,,,1.37,0.61,1.23,2*09
$GNGSA,A,3,11,23,21,31,10,19,,,,,,,1.37,0.61,1.23,3*08
$GNGSA,A,3,06,08,13,16,09,25,27,23,,,,,1.37,0.61,1.23,4*07
$GNGSA,A,3,04,,,,,,,,,,,,1.37,0.61,1.23,5*03
$GPGSV,4,1,13,01,48,263,45,02,39,224,45,03,45,331,46,04,24,290,36,1*68
$GPGSV,4,2,13,10,12,129,35,16,24,157,41,26,42,129,44,28,36,037,44,1*6A
$GPGSV,4,3,13,31,65,032,48,32,16,067,39,40,59,208,49,41,56,146,47,1*69
$GPGSV,4,4,13,42,19,104,45,1*5C
$GPGSV,2,1,08,01,48,263,47,03,45,331,44,04,24,290,41,10,12,129,29,6*6D
$GPGSV,2,2,08,26,42,129,45,28,36,037,45,31,65,032,45,32,16,067,41,6*6B
$GLGSV,3,1,09,68,24,070,47,69,41,012,49,70,09,309,29,78,18,034,45,1*74
$GLGSV,3,2,09,79,57,082,51,80,38,170,49,84,30,249,40,85,19,304,39,1*76
$GLGSV,3,3,09,,,,42,1*77
$GLGSV,2,1,07,68,24,070,45,69,41,012,49,78,18,034,48,79,57,082,48,3*73
$GLGSV,2,2,07,80,38,170,48,84,30,249,47,85,19,304,40,3*41
$GLGSV,1,1,01,83,03,191,,0*49
$GAGSV,3,1,11,04,52,004,51,06,49,320,51,09,34,294,50,10,49,213,50,2*74
$GAGSV,3,2,11,11,53,260,47,12,33,186,46,19,17,062,38,21,11,052,45,2*7C
$GAGSV,3,3,11,23,32,101,50,31,24,158,47,36,22,314,44,2*4B
$GAGSV,3,1,11,04,52,004,46,06,49,320,46,09,34,294,44,10,49,213,45,7*70
$GAGSV,3,2,11,11,53,260,43,12,33,186,39,19,17,062,36,21,11,052,28,7*70
$GAGSV,3,3,11,23,32,101,44,31,24,158,41,36,22,314,37,7*49
$GBGSV,2,1,08,06,56,035,43,08,34,129,42,09,71,033,47,13,52,123,47,1*70
$GBGSV,2,2,08,16,47,036,44,23,65,150,51,25,42,054,48,27,18,226,43,1*7C
$GBGSV,2,1,05,06,56,035,47,08,34,129,47,09,71,033,49,13,52,123,48,B*0E
$GBGSV,2,2,05,16,47,036,47,B*32
$GBGSV,4,1,13,01,03,096,,02,58,141,,03,34,114,,07,07,138,,0*7C
$GBGSV,4,2,13,10,08,148,,28,06,186,,30,12,276,,32,37,327,,0*74
$GBGSV,4,3,13,33,18,097,,37,23,199,,38,23,133,,39,39,036,,0*7F
$GBGSV,4,4,13,41,53,051,,0*42
$GQGSV,1,1,02,02,12,083,39,04,19,095,39,1*6D
$GQGSV,1,1,03,02,12,083,45,04,19,095,37,07,19,104,46,6*56
$GNGLL,2454.22970,N,06708.26845,E,174616.00,A,D*7C
$GNRMC,174617.00,A,2454.22970,N,06708.26845,E,0.005,,300425,,,R,V*0D
$GNVTG,,T,,M,0.005,N,0.010,K,D*3C
$GNGGA,174617.00,2454.22970,N,06708.26845,E,4,12,0.61,21.8,M,-44.2,M,1.0,0265*76
$GNGSA,A,3,01,03,10,28,31,04,26,02,16,32,,,1.37,0.61,1.23,1*0C
$GNGSA,A,3,69,80,68,85,84,78,79,,,,,,1.37,0.61,1.23,2*09
$GNGSA,A,3,11,23,21,31,10,19,,,,,,,1.37,0.61,1.23,3*08
$GNGSA,A,3,06,08,13,16,09,25,27,23,,,,,1.37,0.61,1.23,4*07
$GNGSA,A,3,04,,,,,,,,,,,,1.37,0.61,1.23,5*03
$GPGSV,4,1,13,01,48,263,45,02,39,224,45,03,45,331,46,04,24,290,36,1*68
$GPGSV,4,2,13,10,12,129,34,16,24,157,42,26,42,129,44,28,36,037,44,1*68
$GPGSV,4,3,13,31,65,032,48,32,16,067,39,40,59,208,49,41,56,146,47,1*69
$GPGSV,4,4,13,42,19,104,45,1*5C
$GPGSV,2,1,08,01,48,263,47,03,45,331,44,04,24,290,41,10,12,129,29,6*6D
$GPGSV,2,2,08,26,42,129,45,28,36,037,45,31,65,032,45,32,16,067,41,6*6B
$GLGSV,3,1,09,68,24,070,47,69,41,012,49,70,09,309,29,78,18,034,45,1*74
$GLGSV,3,2,09,79,57,082,51,80,38,170,49,84,30,249,40,85,19,304,39,1*76
$GLGSV,3,3,09,,,,42,1*77
$GLGSV,2,1,08,68,24,070,45,69,41,012,49,78,18,034,48,79,57,082,48,3*7C
$GLGSV,2,2,08,80,38,170,48,84,30,249,47,85,19,304,40,,,,40,3*4A
$GLGSV,1,1,01,83,03,191,,0*49
$GAGSV,3,1,11,04,52,004,51,06,49,320,50,09,34,294,50,10,49,213,50,2*75
$GAGSV,3,2,11,11,53,260,47,12,33,186,46,19,17,062,37,21,11,052,45,2*73
$GAGSV,3,3,11,23,32,101,50,31,24,158,47,36,22,314,44,2*4B
$GAGSV,3,1,11,04,52,004,46,06,49,320,46,09,34,294,44,10,49,213,45,7*70
$GAGSV,3,2,11,11,53,260,43,12,33,186,39,19,17,062,36,21,11,052,28,7*70
$GAGSV,3,3,11,23,32,101,44,31,24,158,41,36,22,314,37,7*49
$GBGSV,2,1,08,06,56,035,43,08,34,129,42,09,71,033,47,13,52,123,47,1*70
$GBGSV,2,2,08,16,47,036,44,23,65,150,51,25,42,054,48,27,18,226,43,1*7C
$GBGSV,2,1,05,06,56,035,47,08,34,129,47,09,71,033,49,13,52,123,48,B*0E
$GBGSV,2,2,05,16,47,036,47,B*32
$GBGSV,4,1,13,01,03,096,,02,58,141,,03,34,114,,07,07,138,,0*7C
$GBGSV,4,2,13,10,08,148,,28,06,186,,30,12,276,,32,37,327,,0*74
$GBGSV,4,3,13,33,18,097,,37,23,199,,38,23,133,,39,39,036,,0*7F
$GBGSV,4,4,13,41,53,051,,0*42
$GQGSV,1,1,02,02,12,083,39,04,19,095,40,1*63
$GQGSV,1,1,03,02,12,083,45,04,19,095,37,07,19,104,46,6*56
$GNGLL,2454.22970,N,06708.26845,E,174617.00,A,D*7D
$GNRMC,174618.00,A,2454.22970,N,06708.26845,E,0.004,,300425,,,R,V*03
$GNVTG,,T,,M,0.004,N,0.007,K,D*3B
$GNGGA,174618.00,2454.22970,N,06708.26845,E,4,12,0.61,21.8,M,-44.2,M,1.0,0265*79
$GNGSA,A,3,01,03,10,28,31,04,26,02,16,32,,,1.37,0.61,1.23,1*0C
$GNGSA,A,3,69,80,68,85,84,78,79,,,,,,1.37,0.61,1.23,2*09
$GNGSA,A,3,11,23,21,31,10,19,,,,,,,1.37,0.61,1.23,3*08
$GNGSA,A,3,06,08,13,16,09,25,27,23,,,,,1.37,0.61,1.23,4*07
$GNGSA,A,3,04,,,,,,,,,,,,1.37,0.61,1.23,5*03
$GPGSV,4,1,13,01,48,263,45,02,39,224,45,03,45,331,46,04,24,290,37,1*69
$GPGSV,4,2,13,10,12,129,34,16,24,157,41,26,42,129,44,28,36,037,44,1*6B
$GPGSV,4,3,13,31,65,032,48,32,16,067,39,40,59,208,49,41,56,146,47,1*69
$GPGSV,4,4,13,42,19,104,45,1*5C
$GPGSV,2,1,08,01,48,263,47,03,45,331,44,04,24,290,41,10,12,129,29,6*6D
$GPGSV,2,2,08,26,42,129,45,28,36,037,45,31,65,032,45,32,16,067,41,6*6B
$GLGSV,3,1,09,68,24,070,46,69,41,012,49,70,09,309,29,78,18,034,45,1*75
$GLGSV,3,2,09,79,57,082,51,80,38,170,49,84,30,249,40,85,19,304,39,1*76
$GLGSV,3,3,09,,,,42,1*77
$GLGSV,2,1,08,68,24,070,45,69,41,012,49,78,18,034,48,79,57,082,48,3*7C
$GLGSV,2,2,08,80,38,170,48,84,30,249,47,85,19,304,40,,,,40,3*4A
$GLGSV,1,1,01,83,03,191,,0*49
$GAGSV,3,1,11,04,52,004,51,06,49,320,50,09,34,294,50,10,49,213,50,2*75
$GAGSV,3,2,11,11,53,260,47,12,33,186,46,19,17,062,38,21,11,052,45,2*7C
$GAGSV,3,3,11,23,32,101,50,31,24,158,47,36,22,314,44,2*4B
$GAGSV,3,1,11,04,52,004,46,06,49,320,46,09,34,294,44,10,49,213,45,7*70
$GAGSV,3,2,11,11,53,260,43,12,33,186,39,19,17,062,36,21,11,052,28,7*70
$GAGSV,3,3,11,23,32,101,44,31,24,158,41,36,22,314,37,7*49
$GBGSV,2,1,08,06,56,035,43,08,34,129,42,09,71,033,47,13,52,123,46,1*71
$GBGSV,2,2,08,16,47,036,44,23,65,150,51,25,42,054,48,27,18,226,42,1*7D
$GBGSV,2,1,05,06,56,035,47,08,34,129,47,09,71,033,49,13,52,123,48,B*0E
$GBGSV,2,2,05,16,47,036,47,B*32
$GBGSV,4,1,13,01,03,096,,02,58,141,,03,34,114,,07,07,138,,0*7C
$GBGSV,4,2,13,10,08,148,,28,06,186,,30,12,276,,32,37,327,,0*74
$GBGSV,4,3,13,33,18,097,,37,23,199,,38,23,133,,39,39,036,,0*7F
$GBGSV,4,4,13,41,53,051,,0*42
$GQGSV,1,1,02,02,12,083,39,04,19,095,39,1*6D
$GQGSV,1,1,03,02,12,083,45,04,19,095,37,07,19,104,46,6*56
$GNGLL,2454.22970,N,06708.26845,E,174618.00,A,D*72
$GNRMC,174619.00,A,2454.22970,N,06708.26845,E,0.001,,300425,,,R,V*07
$GNVTG,,T,,M,0.001,N,0.003,K,D*3A
$GNGGA,174619.00,2454.22970,N,06708.26845,E,4,12,0.61,21.8,M,-44.2,M,1.0,0265*78
$GNGSA,A,3,01,03,10,28,31,04,26,02,16,32,,,1.37,0.61,1.23,1*0C
$GNGSA,A,3,69,80,68,85,84,78,79,,,,,,1.37,0.61,1.23,2*09
$GNGSA,A,3,11,23,21,31,10,19,,,,,,,1.37,0.61,1.23,3*08
$GNGSA,A,3,06,08,13,16,09,25,27,23,,,,,1.37,0.61,1.23,4*07
$GNGSA,A,3,04,,,,,,,,,,,,1.37,0.61,1.23,5*03
$GPGSV,4,1,13,01,48,263,45,02,39,224,45,03,45,331,46,04,24,290,36,1*68
$GPGSV,4,2,13,10,12,129,34,16,24,157,41,26,42,129,44,28,36,037,44,1*6B
$GPGSV,4,3,13,31,65,032,48,32,16,067,39,40,59,208,49,41,56,146,47,1*69
$GPGSV,4,4,13,42,19,104,45,1*5C
$GPGSV,2,1,08,01,48,263,47,03,45,331,44,04,24,290,41,10,12,129,30,6*65
$GPGSV,2,2,08,26,42,129,45,28,36,037,45,31,65,032,45,32,16,067,41,6*6B
$GLGSV,3,1,09,68,24,070,46,69,41,012,49,70,09,309,29,78,18,034,45,1*75
$GLGSV,3,2,09,79,57,082,51,80,38,170,49,84,30,249,40,85,19,304,39,1*76
$GLGSV,3,3,09,,,,42,1*77
$GLGSV,2,1,08,68,24,070,45,69,41,012,49,78,18,034,48,79,57,082,48,3*7C
$GLGSV,2,2,08,80,38,170,48,84,30,249,47,85,19,304,40,,,,40,3*4A
$GLGSV,1,1,01,83,03,191,,0*49
$GAGSV,3,1,11,04,52,004,51,06,49,320,50,09,34,294,50,10,49,213,50,2*75
$GAGSV,3,2,11,11,53,260,47,12,33,186,46,19,17,062,38,21,11,052,45,2*7C
$GAGSV,3,3,11,23,32,101,50,31,24,158,47,36,22,314,44,2*4B
$GAGSV,3,1,11,04,52,004,46,06,49,320,46,09,34,294,44,10,49,213,45,7*70
$GAGSV,3,2,11,11,53,260,43,12,33,186,39,19,17,062,36,21,11,052,28,7*70
$GAGSV,3,3,11,23,32,101,44,31,24,158,41,36,22,314,36,7*48
$GBGSV,2,1,08,06,56,035,43,08,34,129,42,09,71,033,47,13,52,123,47,1*70
$GBGSV,2,2,08,16,47,036,44,23,65,150,51,25,42,054,48,27,18,226,42,1*7D
$GBGSV,2,1,05,06,56,035,47,08,34,129,47,09,71,033,49,13,52,123,48,B*0E
$GBGSV,2,2,05,16,47,036,47,B*32
$GBGSV,4,1,13,01,03,096,,02,58,141,,03,34,114,,07,07,138,,0*7C
$GBGSV,4,2,13,10,08,148,,28,06,186,,30,12,276,,32,37,327,,0*74
$GBGSV,4,3,13,33,18,097,,37,23,199,,38,23,133,,39,39,036,,0*7F
$GBGSV,4,4,13,41,53,051,,0*42
$GQGSV,1,1,02,02,12,083,38,04,19,095,39,1*6C
$GQGSV,1,1,03,02,12,083,45,04,19,095,37,07,19,104,46,6*56
$GNGLL,2454.22970,N,06708.26845,E,174619.00,A,D*73
$GNRMC,174620.00,A,2454.22970,N,06708.26845,E,0.005,,300425,,,R,V*09
$GNVTG,,T,,M,0.005,N,0.010,K,D*3C
$GNGGA,174620.00,2454.22970,N,06708.26845,E,4,12,0.61,21.8,M,-44.2,M,1.0,0265*72
$GNGSA,A,3,01,03,10,28,31,04,26,02,16,32,,,1.37,0.61,1.23,1*0C
$GNGSA,A,3,69,80,68,85,84,78,79,,,,,,1.37,0.61,1.23,2*09
$GNGSA,A,3,11,23,21,31,10,19,,,,,,,1.37,0.61,1.23,3*08
$GNGSA,A,3,06,08,13,16,09,25,27,23,,,,,1.37,0.61,1.23,4*07
$GNGSA,A,3,04,,,,,,,,,,,,1.37,0.61,1.23,5*03
$GPGSV,4,1,13,01,48,263,46,02,39,224,45,03,45,331,46,04,24,290,36,1*6B
$GPGSV,4,2,13,10,12,129,34,16,24,157,41,26,42,129,44,28,36,037,44,1*6B
$GPGSV,4,3,13,31,65,032,48,32,16,067,39,40,59,208,49,41,56,146,46,1*68
$GPGSV,4,4,13,42,19,104,45,1*5C
$GPGSV,2,1,08,01,48,263,47,03,45,331,44,04,24,290,41,10,12,129,30,6*65
$GPGSV,2,2,08,26,42,129,45,28,36,037,45,31,65,032,45,32,16,067,41,6*6B
$GLGSV,3,1,09,68,24,070,46,69,41,012,49,70,09,309,29,78,18,034,45,1*75
$GLGSV,3,2,09,79,57,082,51,80,38,170,49,84,30,249,39,85,19,304,39,1*78
$GLGSV,3,3,09,,,,42,1*77
$GLGSV,2,1,08,68,24,070,45,69,41,012,49,78,18,034,48,79,57,082,48,3*7C
$GLGSV,2,2,08,80,38,170,48,84,30,249,47,85,19,304,40,,,,40,3*4A
$GLGSV,1,1,01,83,03,191,,0*49
$GAGSV,3,1,11,04,52,004,51,06,49,320,50,09,34,294,50,10,49,213,50,2*75
$GAGSV,3,2,11,11,53,260,47,12,33,186,46,19,17,062,38,21,11,052,45,2*7C
$GAGSV,3,3,11,23,32,101,50,31,24,158,47,36,22,314,44,2*4B
$GAGSV,3,1,11,04,52,004,46,06,49,320,46,09,34,294,44,10,49,213,45,7*70
$GAGSV,3,2,11,11,53,260,43,12,33,186,39,19,17,062,36,21,11,052,28,7*70
$GAGSV,3,3,11,23,32,101,44,31,24,158,41,36,22,314,37,7*49
$GBGSV,2,1,08,06,56,035,43,08,34,129,42,09,71,033,47,13,52,123,47,1*70
$GBGSV,2,2,08,16,47,036,44,23,65,150,51,25,42,054,48,27,18,226,42,1*7D
$GBGSV,2,1,05,06,56,035,47,08,34,129,48,09,71,033,49,13,52,123,48,B*01
$GBGSV,2,2,05,16,47,036,47,B*32
$GBGSV,4,1,13,01,03,096,,02,58,141,,03,34,114,,07,07,138,,0*7C
$GBGSV,4,2,13,10,08,148,,28,06,186,,30,12,276,,32,37,327,,0*74
$GBGSV,4,3,13,33,18,097,,37,23,199,,38,23,133,,39,39,036,,0*7F
$GBGSV,4,4,13,41,53,051,,0*42
$GQGSV,1,1,02,02,12,083,38,04,19,095,39,1*6C
$GQGSV,1,1,03,02,12,083,45,04,19,095,37,07,19,104,46,6*56
$GNGLL,2454.22970,N,06708.26845,E,174620.00,A,D*79
$GNRMC,174621.00,A,2454.22970,N,06708.26845,E,0.007,,300425,,,R,V*0A
$GNVTG,,T,,M,0.007,N,0.013,K,D*3D
$GNGGA,174621.00,2454.22970,N,06708.26845,E,4,12,0.61,21.8,M,-44.2,M,1.0,0265*73
$GNGSA,A,3,01,03,10,28,31,04,26,02,16,32,,,1.37,0.61,1.23,1*0C
$GNGSA,A,3,69,80,68,85,84,78,79,,,,,,1.37,0.61,1.23,2*09
$GNGSA,A,3,11,23,21,31,10,19,,,,,,,1.37,0.61,1.23,3*08
$GNGSA,A,3,06,08,13,16,09,25,27,23,,,,,1.37,0.61,1.23,4*07
$GNGSA,A,3,04,,,,,,,,,,,,1.37,0.61,1.23,5*03
$GPGSV,4,1,13,01,48,263,46,02,39,224,45,03,45,331,46,04,24,290,36,1*6B
$GPGSV,4,2,13,10,12,129,34,16,24,157,42,26,42,129,44,28,36,037,44,1*68
$GPGSV,4,3,13,31,65,032,48,32,16,067,39,40,59,208,49,41,56,146,46,1*68
$GPGSV,4,4,13,42,19,104,45,1*5C
$GPGSV,2,1,08,01,48,263,47,03,45,331,44,04,24,290,41,10,12,129,29,6*6D
$GPGSV,2,2,08,26,42,129,45,28,36,037,45,31,65,032,45,32,16,067,41,6*6B
$GLGSV,3,1,09,68,24,070,47,69,41,012,49,70,09,309,29,78,18,034,45,1*74
$GLGSV,3,2,09,79,57,082,51,80,38,170,49,84,30,249,40,85,19,304,39,1*76
$GLGSV,3,3,09,,,,42,1*77
$GLGSV,2,1,08,68,24,070,45,69,41,012,49,78,18,034,48,79,57,082,48,3*7C
$GLGSV,2,2,08,80,38,170,48,84,30,249,47,85,19,304,40,,,,40,3*4A
$GLGSV,1,1,01,83,03,191,,0*49
$GAGSV,3,1,11,04,52,004,51,06,49,320,51,09,34,294,50,10,49,213,50,2*74
$GAGSV,3,2,11,11,53,260,47,12,33,186,46,19,17,062,38,21,11,052,45,2*7C
$GAGSV,3,3,11,23,32,101,50,31,24,158,47,36,22,314,44,2*4B
$GAGSV,3,1,11,04,52,004,46,06,49,320,46,09,34,294,44,10,49,213,45,7*70
$GAGSV,3,2,11,11,53,260,43,12,33,186,39,19,17,062,36,21,11,052,29,7*71
$GAGSV,3,3,11,23,32,101,44,31,24,158,41,36,22,314,36,7*48
$GBGSV,2,1,08,06,56,035,43,08,34,129,42,09,71,033,47,13,52,123,47,1*70
$GBGSV,2,2,08,16,47,036,44,23,65,150,51,25,42,054,48,27,18,226,43,1*7C
$GBGSV,2,1,05,06,56,035,47,08,34,129,47,09,71,033,49,13,52,123,48,B*0E
$GBGSV,2,2,05,16,47,036,47,B*32
$GBGSV,4,1,13,01,03,096,,02,58,141,,03,34,114,,07,07,138,,0*7C
$GBGSV,4,2,13,10,08,148,,28,06,186,,30,12,276,,32,37,327,,0*74
$GBGSV,4,3,13,33,18,097,,37,23,199,,38,23,133,,39,39,036,,0*7F
$GBGSV,4,4,13,41,53,051,,0*42
$GQGSV,1,1,02,02,12,083,39,04,19,095,39,1*6D
$GQGSV,1,1,03,02,12,083,45,04,19,095,37,07,19,104,46,6*56
$GNGLL,2454.22970,N,06708.26845,E,174621.00,A,D*78
$GNRMC,174622.00,A,2454.22970,N,06708.26845,E,0.007,,300425,,,R,V*09
$GNVTG,,T,,M,0.007,N,0.013,K,D*3D
$GNGGA,174622.00,2454.22970,N,06708.26845,E,4,12,0.61,21.8,M,-44.2,M,1.0,0265*70
$GNGSA,A,3,01,03,10,28,31,04,26,02,16,32,,,1.37,0.61,1.23,1*0C
$GNGSA,A,3,69,80,68,85,84,78,79,,,,,,1.37,0.61,1.23,2*09
$GNGSA,A,3,11,23,21,31,10,19,,,,,,,1.37,0.61,1.23,3*08
$GNGSA,A,3,06,08,13,16,09,25,27,23,,,,,1.37,0.61,1.23,4*07
$GNGSA,A,3,04,,,,,,,,,,,,1.37,0.61,1.23,5*03
$GPGSV,4,1,13,01,48,263,46,02,39,224,45,03,45,331,46,04,24,290,36,1*6B
$GPGSV,4,2,13,10,12,129,34,16,24,157,42,26,42,129,44,28,36,037,44,1*68
$GPGSV,4,3,13,31,65,032,48,32,16,067,40,40,59,208,49,41,56,146,47,1*67
$GPGSV,4,4,13,42,19,104,45,1*5C
$GPGSV,2,1,08,01,48,263,47,03,45,331,44,04,24,290,41,10,12,129,30,6*65
$GPGSV,2,2,08,26,42,129,45,28,36,037,45,31,65,032,45,32,16,067,41,6*6B
$GLGSV,3,1,09,68,24,070,47,69,41,012,49,70,09,309,29,78,18,034,45,1*74
$GLGSV,3,2,09,79,57,082,51,80,38,170,49,84,30,249,39,85,19,304,39,1*78
$GLGSV,3,3,09,,,,41,1*74
$GLGSV,2,1,08,68,24,070,45,69,41,012,48,78,18,034,48,79,57,082,48,3*7D
$GLGSV,2,2,08,80,38,170,48,84,30,249,47,85,19,304,40,,,,40,3*4A
$GLGSV,1,1,01,83,03,191,,0*49
$GAGSV,3,1,11,04,52,004,51,06,49,320,50,09,34,294,50,10,49,213,50,2*75
$GAGSV,3,2,11,11,53,260,47,12,33,186,46,19,17,062,38,21,11,052,45,2*7C
$GAGSV,3,3,11,23,32,101,50,31,24,158,47,36,22,314,44,2*4B
$GAGSV,3,1,11,04,52,004,46,06,49,320,46,09,34,294,44,10,49,213,45,7*70
$GAGSV,3,2,11,11,53,260,43,12,33,186,39,19,17,062,36,21,11,052,29,7*71
$GAGSV,3,3,11,23,32,101,44,31,24,158,41,36,22,314,36,7*48
$GBGSV,2,1,08,06,56,035,43,08,34,129,42,09,71,033,47,13,52,123,47,1*70
$GBGSV,2,2,08,16,47,036,44,23,65,150,51,25,42,054,48,27,18,226,42,1*7D
$GBGSV,2,1,05,06,56,035,47,08,34,129,47,09,71,033,49,13,52,123,48,B*0E
$GBGSV,2,2,05,16,47,036,47,B*32
$GBGSV,4,1,13,01,03,096,,02,58,141,,03,34,114,,07,07,138,,0*7C
$GBGSV,4,2,13,10,08,148,,28,06,186,,30,12,276,,32,37,327,,0*74
$GBGSV,4,3,13,33,18,097,,37,23,199,,38,23,133,,39,39,036,,0*7F
$GBGSV,4,4,13,41,53,051,,0*42
$GQGSV,1,1,02,02,12,083,38,04,19,095,39,1*6C
$GQGSV,1,1,03,02,12,083,45,04,19,095,37,07,19,104,46,6*56
$GNGLL,2454.22970,N,06708.26845,E,174622.00,A,D*7B
$GNRMC,174623.00,A,2454.22970,N,06708.26845,E,0.004,,300425,,,R,V*0B
$GNVTG,,T,,M,0.004,N,0.007,K,D*3B
$GNGGA,174623.00,2454.22970,N,06708.26845,E,4,12,0.61,21.8,M,-44.2,M,1.0,0265*71
$GNGSA,A,3,01,03,10,28,31,04,26,02,16,32,,,1.37,0.61,1.23,1*0C
$GNGSA,A,3,69,80,68,85,84,78,79,,,,,,1.37,0.61,1.23,2*09
$GNGSA,A,3,11,23,21,31,10,19,,,,,,,1.37,0.61,1.23,3*08
$GNGSA,A,3,06,08,13,16,09,25,27,23,,,,,1.37,0.61,1.23,4*07
$GNGSA,A,3,04,,,,,,,,,,,,1.37,0.61,1.23,5*03
$GPGSV,4,1,13,01,48,263,45,02,39,224,45,03,45,331,46,04,24,290,36,1*68
$GPGSV,4,2,13,10,12,129,34,16,24,157,41,26,42,129,44,28,36,037,44,1*6B
$GPGSV,4,3,13,31,65,032,48,32,16,067,40,40,59,208,49,41,56,146,47,1*67
$GPGSV,4,4,13,42,19,104,45,1*5C
$GPGSV,2,1,08,01,48,263,47,03,45,331,44,04,24,290,41,10,12,129,29,6*6D
$GPGSV,2,2,08,26,42,129,45,28,36,037,45,31,65,032,45,32,16,067,41,6*6B
$GLGSV,3,1,09,68,24,070,46,69,41,012,49,70,09,309,29,78,18,034,45,1*75
$GLGSV,3,2,09,79,57,082,51,80,38,170,49,84,30,249,39,85,19,304,39,1*78
$GLGSV,3,3,09,,,,41,1*74
$GLGSV,2,1,08,68,24,070,45,69,41,012,48,78,18,034,48,79,57,082,48,3*7D
$GLGSV,2,2,08,80,38,170,48,84,30,249,47,85,19,304,40,,,,40,3*4A
$GLGSV,1,1,01,83,03,191,,0*49
$GAGSV,3,1,11,04,52,004,51,06,49,320,50,09,34,294,50,10,49,213,50,2*75
$GAGSV,3,2,11,11,53,260,47,12,33,186,46,19,17,062,38,21,11,052,45,2*7C
$GAGSV,3,3,11,23,32,101,50,31,24,158,47,36,22,314,44,2*4B
$GAGSV,3,1,11,04,52,004,46,06,49,320,46,09,34,294,44,10,49,213,45,7*70
$GAGSV,3,2,11,11,53,260,43,12,33,186,39,19,17,062,36,21,11,052,29,7*71
$GAGSV,3,3,11,23,32,101,44,31,24,158,41,36,22,314,36,7*48
$GBGSV,2,1,08,06,56,035,43,08,34,129,42,09,71,033,47,13,52,123,47,1*70
$GBGSV,2,2,08,16,47,036,44,23,65,150,51,25,42,054,48,27,18,226,42,1*7D
$GBGSV,2,1,05,06,56,035,47,08,34,129,47,09,71,033,49,13,52,123,48,B*0E
$GBGSV,2,2,05,16,47,036,47,B*32
$GBGSV,4,1,13,01,03,096,,02,58,141,,03,34,114,,07,07,138,,0*7C
$GBGSV,4,2,13,10,08,148,,28,06,186,,30,12,276,,32,37,327,,0*74
$GBGSV,4,3,13,33,18,097,,37,23,199,,38,23,133,,39,39,036,,0*7F
$GBGSV,4,4,13,41,53,051,,0*42
$GQGSV,1,1,02,02,12,083,38,04,19,095,39,1*6C
$GQGSV,1,1,03,02,12,083,45,04,19,095,37,07,19,104,46,6*56
$GNGLL,2454.22970,N,06708.26845,E,174623.00,A,D*7A
$GNRMC,174624.00,A,2454.22970,N,06708.26845,E,0.002,,300425,,,R,V*0A
$GNVTG,,T,,M,0.002,N,0.003,K,D*39
$GNGGA,174624.00,2454.22970,N,06708.26845,E,4,12,0.61,21.8,M,-44.2,M,2.0,0265*75
$GNGSA,A,3,01,03,10,28,31,04,26,02,16,32,,,1.37,0.61,1.23,1*0C
$GNGSA,A,3,69,80,68,85,84,78,79,,,,,,1.37,0.61,1.23,2*09
$GNGSA,A,3,11,23,21,31,10,19,,,,,,,1.37,0.61,1.23,3*08
$GNGSA,A,3,06,08,13,16,09,25,27,23,,,,,1.37,0.61,1.23,4*07
$GNGSA,A,3,04,,,,,,,,,,,,1.37,0.61,1.23,5*03
$GPGSV,4,1,13,01,48,263,45,02,39,224,45,03,45,331,46,04,24,290,36,1*68
$GPGSV,4,2,13,10,12,129,34,16,24,157,42,26,42,129,44,28,36,037,44,1*68
$GPGSV,4,3,13,31,65,032,48,32,16,067,40,40,59,208,49,41,56,146,47,1*67
$GPGSV,4,4,13,42,19,104,45,1*5C
$GPGSV,2,1,08,01,48,263,47,03,45,331,44,04,24,290,41,10,12,129,29,6*6D
$GPGSV,2,2,08,26,42,129,44,28,36,037,45,31,65,032,45,32,16,067,41,6*6A
$GLGSV,3,1,09,68,24,070,46,69,41,012,49,70,09,309,29,78,18,034,45,1*75
$GLGSV,3,2,09,79,57,082,51,80,38,170,49,84,30,249,39,85,19,304,39,1*78
$GLGSV,3,3,09,,,,41,1*74
$GLGSV,2,1,08,68,24,070,46,69,41,012,48,78,18,034,48,79,57,082,48,3*7E
$GLGSV,2,2,08,80,38,170,48,84,30,249,46,85,19,304,40,,,,40,3*4B
$GLGSV,1,1,01,83,03,191,,0*49
$GAGSV,3,1,11,04,52,004,51,06,49,320,50,09,34,294,50,10,49,213,50,2*75
$GAGSV,3,2,11,11,53,260,47,12,33,186,46,19,17,062,38,21,11,052,45,2*7C
$GAGSV,3,3,11,23,32,101,50,31,24,158,47,36,22,314,44,2*4B
$GAGSV,3,1,11,04,52,004,46,06,49,320,46,09,34,294,44,10,49,213,45,7*70
$GAGSV,3,2,11,11,53,260,43,12,33,186,39,19,17,062,36,21,11,052,29,7*71
$GAGSV,3,3,11,23,32,101,44,31,24,158,41,36,22,314,36,7*48
$GBGSV,2,1,08,06,56,035,43,08,34,129,42,09,71,033,47,13,52,123,47,1*70
$GBGSV,2,2,08,16,47,036,44,23,65,150,51,25,42,054,48,27,18,226,42,1*7D
$GBGSV,2,1,05,06,56,035,47,08,34,129,47,09,71,033,49,13,52,123,48,B*0E
$GBGSV,2,2,05,16,47,036,47,B*32
$GBGSV,4,1,13,01,03,096,,02,58,141,,03,34,114,,07,07,138,,0*7C
$GBGSV,4,2,13,10,08,148,,28,06,186,,30,12,276,,32,37,327,,0*74
$GBGSV,4,3,13,33,18,097,,37,23,199,,38,23,133,,39,39,036,,0*7F
$GBGSV,4,4,13,41,53,051,,0*42
$GQGSV,1,1,02,02,12,083,39,04,19,095,39,1*6D
$GQGSV,1,1,03,02,12,083,45,04,19,095,37,07,19,104,46,6*56
$GNGLL,2454.22970,N,06708.26845,E,174624.00,A,D*7D
$GNRMC,174625.00,A,2454.22970,N,06708.26845,E,0.004,,300425,,,R,V*0D
$GNVTG,,T,,M,0.004,N,0.008,K,D*34
$GNGGA,174625.00,2454.22970,N,06708.26845,E,4,12,0.61,21.8,M,-44.2,M,1.0,0265*77
$GNGSA,A,3,01,03,10,28,31,04,26,02,16,32,,,1.37,0.61,1.23,1*0C
$GNGSA,A,3,69,80,68,85,84,78,79,,,,,,1.37,0.61,1.23,2*09
$GNGSA,A,3,11,23,21,31,10,19,,,,,,,1.37,0.61,1.23,3*08
$GNGSA,A,3,06,08,13,16,09,25,27,23,,,,,1.37,0.61,1.23,4*07
$GNGSA,A,3,04,,,,,,,,,,,,1.37,0.61,1.23,5*03
$GPGSV,4,1,13,01,48,263,45,02,39,224,45,03,45,331,46,04,24,290,36,1*68
$GPGSV,4,2,13,10,12,129,34,16,24,157,42,26,42,128,44,28,36,037,44,1*69
$GPGSV,4,3,13,31,65,032,48,32,16,067,40,40,59,208,49,41,56,146,47,1*67
$GPGSV,4,4,13,42,19,104,45,1*5C
$GPGSV,2,1,08,01,48,263,47,03,45,331,44,04,24,290,41,10,12,129,30,6*65
$GPGSV,2,2,08,26,42,128,44,28,36,037,45,31,65,032,45,32,16,067,41,6*6B
$GLGSV,3,1,09,68,24,070,46,69,41,012,50,70,09,309,29,78,18,034,45,1*7D
$GLGSV,3,2,09,79,57,082,51,80,38,170,49,84,30,249,39,85,19,304,38,1*79
$GLGSV,3,3,09,,,,41,1*74
$GLGSV,2,1,08,68,24,070,46,69,41,012,48,78,18,034,48,79,57,082,48,3*7E
$GLGSV,2,2,08,80,38,170,48,84,30,249,46,85,19,304,40,,,,40,3*4B
$GLGSV,1,1,01,83,03,191,,0*49
$GAGSV,3,1,11,04,52,004,51,06,49,320,50,09,34,294,50,10,49,213,50,2*75
$GAGSV,3,2,11,11,53,260,47,12,33,186,46,19,17,062,38,21,11,052,45,2*7C
$GAGSV,3,3,11,23,32,101,51,31,24,158,48,36,22,314,44,2*45
$GAGSV,3,1,11,04,52,004,46,06,49,320,46,09,34,294,44,10,49,213,45,7*70
$GAGSV,3,2,11,11,53,260,43,12,33,186,39,19,17,062,36,21,11,052,29,7*71
$GAGSV,3,3,11,23,32,101,44,31,24,158,41,36,22,314,36,7*48
$GBGSV,2,1,08,06,56,035,43,08,34,129,42,09,71,033,47,13,52,123,47,1*70
$GBGSV,2,2,08,16,47,036,44,23,65,150,51,25,42,054,48,27,18,226,42,1*7D
$GBGSV,2,1,05,06,56,035,47,08,34,129,47,09,71,033,49,13,52,123,48,B*0E
$GBGSV,2,2,05,16,47,036,47,B*32
$GBGSV,4,1,13,01,03,096,,02,58,141,,03,34,114,,07,07,138,,0*7C
$GBGSV,4,2,13,10,08,148,,28,06,186,,30,12,276,,32,37,327,,0*74
$GBGSV,4,3,13,33,18,097,,37,23,199,,38,23,133,,39,39,036,,0*7F
$GBGSV,4,4,13,41,53,051,,0*42
$GQGSV,1,1,02,02,12,083,39,04,19,095,39,1*6D
$GQGSV,1,1,03,02,12,083,45,04,19,095,37,07,19,104,46,6*56
$GNGLL,2454.22970,N,06708.26845,E,174625.00,A,D*7C
$GNRMC,174626.00,A,2454.22970,N,06708.26844,E,0.014,,300425,,,R,V*0E
$GNVTG,,T,,M,0.014,N,0.025,K,D*3A
$GNGGA,174626.00,2454.22970,N,06708.26844,E,4,12,0.61,21.8,M,-44.2,M,1.0,0265*75
$GNGSA,A,3,01,03,10,28,31,04,26,02,16,32,,,1.37,0.61,1.23,1*0C
$GNGSA,A,3,69,80,68,85,84,78,79,,,,,,1.37,0.61,1.23,2*09
$GNGSA,A,3,11,23,21,31,10,19,,,,,,,1.37,0.61,1.23,3*08
$GNGSA,A,3,06,08,13,16,09,25,27,23,,,,,1.37,0.61,1.23,4*07
$GNGSA,A,3,04,,,,,,,,,,,,1.37,0.61,1.23,5*03
$GPGSV,4,1,13,01,48,263,45,02,39,224,45,03,45,331,46,04,24,290,36,1*68
$GPGSV,4,2,13,10,12,129,34,16,24,157,42,26,42,128,44,28,36,037,44,1*69
$GPGSV,4,3,13,31,65,032,48,32,16,067,40,40,59,208,49,41,56,146,47,1*67
$GPGSV,4,4,13,42,19,104,45,1*5C
$GPGSV,2,1,08,01,48,263,47,03,45,331,44,04,24,290,41,10,12,129,30,6*65
$GPGSV,2,2,08,26,42,128,45,28,36,037,46,31,65,032,45,32,16,067,41,6*69
$GLGSV,3,1,09,68,24,070,46,69,41,012,50,70,09,309,29,78,18,034,45,1*7D
$GLGSV,3,2,09,79,57,082,51,80,38,170,49,84,30,249,39,85,19,304,38,1*79
$GLGSV,3,3,09,,,,41,1*74
$GLGSV,2,1,08,68,24,070,46,69,41,012,48,78,18,034,48,79,57,082,48,3*7E
$GLGSV,2,2,08,80,38,170,48,84,30,249,46,85,19,304,40,,,,40,3*4B
$GLGSV,1,1,01,83,03,191,,0*49
$GAGSV,3,1,11,04,52,004,51,06,49,320,51,09,34,294,50,10,49,213,50,2*74
$GAGSV,3,2,11,11,53,260,47,12,33,186,46,19,17,062,38,21,11,052,45,2*7C
$GAGSV,3,3,11,23,32,101,51,31,24,158,47,36,22,314,44,2*4A
$GAGSV,3,1,11,04,52,004,46,06,49,320,46,09,34,294,44,10,49,213,45,7*70
$GAGSV,3,2,11,11,53,260,43,12,33,186,39,19,17,062,36,21,11,052,29,7*71
$GAGSV,3,3,11,23,32,101,44,31,24,158,41,36,22,314,36,7*48
$GBGSV,2,1,08,06,56,035,43,08,34,129,42,09,71,033,47,13,52,123,47,1*70
$GBGSV,2,2,08,16,47,036,44,23,65,150,51,25,42,054,48,27,18,226,42,1*7D
$GBGSV,2,1,05,06,56,035,47,08,34,129,47,09,71,033,49,13,52,123,48,B*0E
$GBGSV,2,2,05,16,47,036,47,B*32
$GBGSV,4,1,13,01,03,096,,02,58,141,,03,34,114,,07,07,138,,0*7C
$GBGSV,4,2,13,10,08,148,,28,06,186,,30,12,276,,32,37,327,,0*74
$GBGSV,4,3,13,33,18,097,,37,23,199,,38,23,133,,39,39,036,,0*7F
$GBGSV,4,4,13,41,53,051,,0*42
$GQGSV,1,1,02,02,12,083,39,04,19,095,39,1*6D
$GQGSV,1,1,03,02,12,083,45,04,19,095,37,07,19,104,46,6*56
$GNGLL,2454.22970,N,06708.26844,E,174626.00,A,D*7E
$GNRMC,174627.00,A,2454.22970,N,06708.26844,E,0.007,,300425,,,R,V*0D
$GNVTG,,T,,M,0.007,N,0.013,K,D*3D
$GNGGA,174627.00,2454.22970,N,06708.26844,E,4,12,0.61,21.8,M,-44.2,M,1.0,0265*74
$GNGSA,A,3,01,03,10,28,31,04,26,02,16,32,,,1.37,0.61,1.23,1*0C
$GNGSA,A,3,69,80,68,85,84,78,79,,,,,,1.37,0.61,1.23,2*09
$GNGSA,A,3,11,23,21,31,10,19,,,,,,,1.37,0.61,1.23,3*08
$GNGSA,A,3,06,08,13,16,09,25,27,23,,,,,1.37,0.61,1.23,4*07
$GNGSA,A,3,04,,,,,,,,,,,,1.37,0.61,1.23,5*03
$GPGSV,4,1,13,01,48,263,45,02,39,224,45,03,45,331,46,04,24,290,36,1*68
$GPGSV,4,2,13,10,12,129,34,16,24,157,42,26,42,128,44,28,35,037,44,1*6A
$GPGSV,4,3,13,31,65,032,48,32,16,067,40,40,59,208,49,41,56,146,47,1*67
$GPGSV,4,4,13,42,19,104,45,1*5C
$GPGSV,2,1,08,01,48,263,47,03,45,331,44,04,24,290,41,10,12,129,30,6*65
$GPGSV,2,2,08,26,42,128,44,28,35,037,46,31,65,032,45,32,16,067,41,6*6B
$GLGSV,3,1,09,68,24,070,46,69,41,012,50,70,09,309,29,78,18,034,45,1*7D
$GLGSV,3,2,09,79,57,082,51,80,38,170,49,84,30,249,39,85,19,304,38,1*79
$GLGSV,3,3,09,,,,41,1*74
$GLGSV,2,1,08,68,24,070,46,69,41,012,48,78,18,034,48,79,57,082,48,3*7E
$GLGSV,2,2,08,80,38,170,48,84,30,249,46,85,19,304,40,,,,39,3*45
$GLGSV,1,1,01,83,03,191,,0*49
$GAGSV,3,1,11,04,52,004,51,06,49,320,50,09,34,294,50,10,49,213,50,2*75
$GAGSV,3,2,11,11,53,260,47,12,33,186,46,19,17,062,38,21,11,052,45,2*7C
$GAGSV,3,3,11,23,32,101,51,31,24,158,47,36,22,314,44,2*4A
$GAGSV,3,1,11,04,52,004,46,06,49,320,46,09,34,294,44,10,49,213,45,7*70
$GAGSV,3,2,11,11,53,260,43,12,33,186,39,19,17,062,36,21,11,052,29,7*71
$GAGSV,3,3,11,23,32,101,44,31,24,158,41,36,22,314,36,7*48
$GBGSV,2,1,08,06,56,035,43,08,34,129,42,09,71,033,47,13,52,123,47,1*70
$GBGSV,2,2,08,16,47,036,44,23,65,150,51,25,42,054,48,27,18,226,42,1*7D
$GBGSV,2,1,05,06,56,035,47,08,34,129,47,09,71,033,49,13,52,123,48,B*0E
$GBGSV,2,2,05,16,47,036,47,B*32
$GBGSV,4,1,13,01,03,096,,02,58,141,,03,34,114,,07,07,138,,0*7C
$GBGSV,4,2,13,10,08,148,,28,06,186,,30,12,276,,32,37,327,,0*74
$GBGSV,4,3,13,33,18,097,,37,23,199,,38,23,133,,39,39,036,,0*7F
$GBGSV,4,4,13,41,53,051,,0*42
$GQGSV,1,1,02,02,12,083,39,04,19,095,39,1*6D
$GQGSV,1,1,03,02,12,083,45,04,19,095,37,07,19,104,46,6*56
$GNGLL,2454.22970,N,06708.26844,E,174627.00,A,D*7F
$GNRMC,174628.00,A,2454.22970,N,06708.26844,E,0.004,,300425,,,R,V*01
$GNVTG,,T,,M,0.004,N,0.008,K,D*34
$GNGGA,174628.00,2454.22970,N,06708.26844,E,4,12,0.61,21.8,M,-44.2,M,1.0,0265*7B
$GNGSA,A,3,01,03,10,28,31,04,26,02,16,32,,,1.37,0.61,1.23,1*0C
$GNGSA,A,3,69,80,68,85,84,78,79,,,,,,1.37,0.61,1.23,2*09
$GNGSA,A,3,11,23,21,31,10,19,,,,,,,1.37,0.61,1.23,3*08
$GNGSA,A,3,06,08,13,16,09,25,27,23,,,,,1.37,0.61,1.23,4*07
$GNGSA,A,3,04,,,,,,,,,,,,1.37,0.61,1.23,5*03
$GPGSV,4,1,13,01,48,263,45,02,39,224,45,03,45,331,46,04,24,290,36,1*68
$GPGSV,4,2,13,10,12,129,34,16,24,157,42,26,42,128,44,28,35,037,44,1*6A
$GPGSV,4,3,13,31,65,032,48,32,16,067,40,40,59,208,49,41,56,146,47,1*67
$GPGSV,4,4,13,42,19,104,45,1*5C
$GPGSV,2,1,08,01,48,263,47,03,45,331,44,04,24,290,40,10,12,129,30,6*64
$GPGSV,2,2,08,26,42,128,44,28,35,037,46,31,65,032,45,32,16,067,41,6*6B
$GLGSV,3,1,09,68,24,070,46,69,41,012,50,70,09,309,29,78,18,034,45,1*7D
$GLGSV,3,2,09,79,57,082,51,80,38,170,49,84,30,249,39,85,19,304,38,1*79
$GLGSV,3,3,09,,,,41,1*74
$GLGSV,2,1,08,68,24,070,46,69,41,012,48,78,18,034,48,79,57,082,48,3*7E
$GLGSV,2,2,08,80,38,170,48,84,30,249,46,85,19,304,40,,,,39,3*45
$GLGSV,1,1,01,83,03,191,,0*49
$GAGSV,3,1,11,04,52,004,51,06,49,320,50,09,34,294,50,10,49,213,50,2*75
$GAGSV,3,2,11,11,53,260,47,12,33,186,46,19,17,062,38,21,11,052,44,2*7D
$GAGSV,3,3,11,23,32,101,50,31,24,158,47,36,22,314,44,2*4B
$GAGSV,3,1,11,04,52,004,46,06,49,320,46,09,34,294,44,10,49,213,45,7*70
$GAGSV,3,2,11,11,53,260,43,12,33,186,39,19,17,062,36,21,11,052,30,7*79
$GAGSV,3,3,11,23,32,101,44,31,24,158,41,36,22,314,37,7*49
$GBGSV,2,1,08,06,56,035,43,08,34,129,42,09,71,033,47,13,52,123,47,1*70
$GBGSV,2,2,08,16,47,036,44,23,65,150,51,25,42,054,48,27,18,226,42,1*7D
$GBGSV,2,1,05,06,56,035,47,08,34,129,47,09,71,033,49,13,52,123,48,B*0E
$GBGSV,2,2,05,16,47,036,47,B*32
$GBGSV,4,1,13,01,03,096,,02,58,141,,03,34,114,,07,07,138,,0*7C
$GBGSV,4,2,13,10,08,148,,28,06,186,,30,12,276,,32,37,327,,0*74
$GBGSV,4,3,13,33,18,097,,37,23,199,,38,23,133,,39,39,036,,0*7F
$GBGSV,4,4,13,41,53,051,,0*42
$GQGSV,1,1,02,02,12,083,39,04,19,095,39,1*6D
$GQGSV,1,1,03,02,12,083,45,04,19,095,37,07,19,104,46,6*56
$GNGLL,2454.22970,N,06708.26844,E,174628.00,A,D*70
$GNRMC,174629.00,A,2454.22970,N,06708.26844,E,0.005,,300425,,,R,V*01
$GNVTG,,T,,M,0.005,N,0.010,K,D*3C
$GNGGA,174629.00,2454.22970,N,06708.26844,E,4,12,0.61,21.8,M,-44.2,M,1.0,0265*7A
$GNGSA,A,3,01,03,10,28,31,04,26,02,16,32,,,1.37,0.61,1.23,1*0C
$GNGSA,A,3,69,80,68,85,84,78,79,,,,,,1.37,0.61,1.23,2*09
$GNGSA,A,3,11,23,21,31,10,19,,,,,,,1.37,0.61,1.23,3*08
$GNGSA,A,3,06,08,13,16,09,25,27,23,,,,,1.37,0.61,1.23,4*07
$GNGSA,A,3,04,,,,,,,,,,,,1.37,0.61,1.23,5*03
$GPGSV,4,1,13,01,48,263,45,02,39,224,45,03,45,331,46,04,24,290,36,1*68
$GPGSV,4,2,13,10,12,129,34,16,24,157,42,26,42,128,44,28,35,037,44,1*6A
$GPGSV,4,3,13,31,65,032,48,32,16,067,40,40,59,208,49,41,56,146,47,1*67
$GPGSV,4,4,13,42,19,104,45,1*5C
$GPGSV,2,1,08,01,48,263,47,03,45,331,44,04,24,290,40,10,12,129,31,6*65
$GPGSV,2,2,08,26,42,128,44,28,35,037,45,31,65,032,45,32,16,067,41,6*68
$GLGSV,3,1,09,68,24,070,46,69,41,012,50,70,09,309,30,78,18,034,45,1*75
$GLGSV,3,2,09,79,57,082,51,80,38,170,49,84,30,249,39,85,19,304,38,1*79
$GLGSV,3,3,09,,,,41,1*74
$GLGSV,2,1,08,68,24,070,46,69,41,012,48,78,18,034,48,79,57,082,48,3*7E
$GLGSV,2,2,08,80,38,170,48,84,30,249,46,85,19,304,40,,,,39,3*45
$GLGSV,1,1,01,83,03,191,,0*49
$GAGSV,3,1,11,04,52,004,51,06,49,320,50,09,34,294,50,10,49,213,50,2*75
$GAGSV,3,2,11,11,53,260,47,12,33,186,46,19,17,062,38,21,11,052,44,2*7D
$GAGSV,3,3,11,23,32,101,50,31,24,158,47,36,22,314,44,2*4B
$GAGSV,3,1,11,04,52,004,46,06,49,320,46,09,34,294,44,10,49,213,45,7*70
$GAGSV,3,2,11,11,53,260,43,12,33,186,39,19,17,062,36,21,11,052,30,7*79
$GAGSV,3,3,11,23,32,101,44,31,24,158,41,36,22,314,37,7*49
$GBGSV,2,1,08,06,56,035,43,08,34,129,42,09,71,033,47,13,52,123,47,1*70
$GBGSV,2,2,08,16,47,036,44,23,65,150,51,25,42,054,48,27,18,226,42,1*7D
$GBGSV,2,1,05,06,56,035,47,08,34,129,47,09,71,033,49,13,52,123,48,B*0E
$GBGSV,2,2,05,16,47,036,47,B*32
$GBGSV,4,1,13,01,03,096,,02,58,141,,03,34,114,,07,07,138,,0*7C
$GBGSV,4,2,13,10,08,148,,28,06,186,,30,12,276,,32,37,327,,0*74
$GBGSV,4,3,13,33,18,097,,37,23,199,,38,23,133,,39,39,036,,0*7F
$GBGSV,4,4,13,41,53,051,,0*42
$GQGSV,1,1,02,02,12,083,39,04,19,095,39,1*6D
$GQGSV,1,1,03,02,12,083,45,04,19,095,37,07,19,104,46,6*56
$GNGLL,2454.22970,N,06708.26844,E,174629.00,A,D*71
$GNRMC,174630.00,A,2454.22970,N,06708.26845,E,0.003,,300425,,,R,V*0E
$GNVTG,,T,,M,0.003,N,0.006,K,D*3D
$GNGGA,174630.00,2454.22970,N,06708.26845,E,4,12,0.61,21.8,M,-44.2,M,1.0,0265*73
$GNGSA,A,3,01,03,10,28,31,04,26,02,16,32,,,1.37,0.61,1.23,1*0C
$GNGSA,A,3,69,80,68,85,84,78,79,,,,,,1.37,0.61,1.23,2*09
$GNGSA,A,3,11,23,21,31,10,19,,,,,,,1.37,0.61,1.23,3*08
$GNGSA,A,3,06,08,13,16,09,25,27,23,,,,,1.37,0.61,1.23,4*07
$GNGSA,A,3,04,,,,,,,,,,,,1.37,0.61,1.23,5*03
$GPGSV,4,1,13,01,48,263,45,02,39,224,45,03,45,331,46,04,24,290,36,1*68
$GPGSV,4,2,13,10,12,129,34,16,24,157,42,26,42,128,44,28,35,037,44,1*6A
$GPGSV,4,3,13,31,63,031,48,32,16,067,40,40,59,208,49,41,56,146,47,1*62
$GPGSV,4,4,13,42,19,104,45,1*5C
$GPGSV,2,1,08,01,48,263,47,03,45,331,44,04,24,290,40,10,12,129,31,6*65
$GPGSV,2,2,08,26,42,128,44,28,35,037,45,31,63,031,45,32,16,067,41,6*6D
$GLGSV,3,1,09,68,24,070,46,69,41,012,50,70,09,309,30,78,18,034,45,1*75
$GLGSV,3,2,09,79,57,082,51,80,38,170,49,84,30,249,39,85,19,304,38,1*79
$GLGSV,3,3,09,,,,41,1*74
$GLGSV,2,1,08,68,24,070,46,69,41,012,48,78,18,034,48,79,57,082,48,3*7E
$GLGSV,2,2,08,80,38,170,48,84,30,249,46,85,19,304,40,,,,39,3*45
$GLGSV,1,1,01,83,03,191,,0*49
$GAGSV,3,1,11,04,52,004,51,06,49,320,50,09,34,294,50,10,49,213,50,2*75
$GAGSV,3,2,11,11,53,260,47,12,33,186,46,19,17,062,38,21,11,052,44,2*7D
$GAGSV,3,3,11,23,32,101,50,31,24,158,47,36,22,314,44,2*4B
$GAGSV,3,1,11,04,52,004,46,06,49,320,46,09,34,294,44,10,49,213,45,7*70
$GAGSV,3,2,11,11,53,260,43,12,33,186,39,19,17,062,36,21,11,052,30,7*79
$GAGSV,3,3,11,23,32,101,44,31,24,158,41,36,22,314,37,7*49
$GBGSV,2,1,08,06,56,035,43,08,34,129,42,09,71,033,47,13,52,123,47,1*70
$GBGSV,2,2,08,16,47,036,44,23,65,150,51,25,42,054,48,27,18,226,42,1*7D
$GBGSV,2,1,05,06,56,035,47,08,34,129,47,09,71,033,49,13,52,123,48,B*0E
$GBGSV,2,2,05,16,47,036,47,B*32
$GBGSV,4,1,13,01,03,096,,02,58,141,,03,34,114,,07,07,138,,0*7C
$GBGSV,4,2,13,10,08,148,,28,06,186,,30,12,276,,32,37,327,,0*74
$GBGSV,4,3,13,33,18,097,,37,23,199,,38,23,133,,39,39,036,,0*7F
$GBGSV,4,4,13,41,53,051,,0*42
$GQGSV,1,1,02,02,12,083,38,04,19,095,39,1*6C
$GQGSV,1,1,03,02,12,083,45,04,19,095,37,07,19,104,46,6*56
$GNGLL,2454.22970,N,06708.26845,E,174630.00,A,D*78
$GNRMC,174631.00,A,2454.22970,N,06708.26845,E,0.006,,300425,,,R,V*0A
$GNVTG,,T,,M,0.006,N,0.011,K,D*3E
$GNGGA,174631.00,2454.22970,N,06708.26845,E,4,12,0.61,21.8,M,-44.2,M,1.0,0265*72
$GNGSA,A,3,01,03,10,28,31,04,26,02,16,32,,,1.37,0.61,1.23,1*0C
$GNGSA,A,3,69,80,68,85,84,78,79,,,,,,1.37,0.61,1.23,2*09
$GNGSA,A,3,11,23,21,31,10,19,,,,,,,1.37,0.61,1.23,3*08
$GNGSA,A,3,06,08,13,16,09,25,27,23,,,,,1.37,0.61,1.23,4*07
$GNGSA,A,3,04,,,,,,,,,,,,1.37,0.61,1.23,5*03
$GPGSV,4,1,13,01,48,263,45,02,39,224,45,03,45,331,46,04,24,290,36,1*68
$GPGSV,4,2,13,10,12,129,33,16,24,157,42,26,42,128,44,28,35,037,44,1*6D
$GPGSV,4,3,13,31,63,031,48,32,16,068,40,40,59,208,49,41,56,146,47,1*6D
$GPGSV,4,4,13,42,19,104,45,1*5C
$GPGSV,2,1,08,01,48,263,47,03,45,331,44,04,24,290,40,10,12,129,31,6*65
$GPGSV,2,2,08,26,42,128,44,28,35,037,45,31,63,031,45,32,16,068,41,6*62
$GLGSV,3,1,09,68,24,070,46,69,41,012,50,70,09,309,30,78,18,034,45,1*75
$GLGSV,3,2,09,79,57,082,51,80,38,170,49,84,30,249,39,85,19,304,38,1*79
$GLGSV,3,3,09,,,,41,1*74
$GLGSV,2,1,08,68,24,070,46,69,41,012,48,78,18,034,47,79,57,082,48,3*71
$GLGSV,2,2,08,80,38,170,48,84,30,249,46,85,19,304,40,,,,39,3*45
$GLGSV,1,1,01,83,03,191,,0*49
$GAGSV,3,1,11,04,52,004,51,06,49,320,51,09,34,294,50,10,49,213,50,2*74
$GAGSV,3,2,11,11,53,260,47,12,33,186,46,19,17,062,38,21,11,052,45,2*7C
$GAGSV,3,3,11,23,32,101,50,31,24,158,48,36,22,314,44,2*44
$GAGSV,3,1,11,04,52,004,46,06,49,320,46,09,34,294,44,10,49,213,45,7*70
$GAGSV,3,2,11,11,53,260,43,12,33,186,39,19,17,062,36,21,11,052,31,7*78
$GAGSV,3,3,11,23,32,101,44,31,24,158,41,36,22,314,37,7*49
$GBGSV,2,1,08,06,56,035,43,08,34,129,42,09,71,033,47,13,52,123,47,1*70
$GBGSV,2,2,08,16,47,036,44,23,65,150,51,25,42,054,48,27,18,226,42,1*7D
$GBGSV,2,1,05,06,56,035,47,08,34,129,47,09,71,033,49,13,52,123,48,B*0E
$GBGSV,2,2,05,16,47,036,47,B*32
$GBGSV,4,1,13,01,03,096,,02,58,141,,03,34,114,,07,07,138,,0*7C
$GBGSV,4,2,13,10,08,148,,28,06,186,,30,12,276,,32,37,327,,0*74
$GBGSV,4,3,13,33,18,097,,37,23,199,,38,23,133,,39,39,036,,0*7F
$GBGSV,4,4,13,41,53,051,,0*42
$GQGSV,1,1,02,02,12,083,39,04,19,095,39,1*6D
$GQGSV,1,1,03,02,12,083,45,04,19,095,37,07,19,104,46,6*56
$GNGLL,2454.22970,N,06708.26845,E,174631.00,A,D*79
$GNRMC,174632.00,A,2454.22970,N,06708.26845,E,0.004,,300425,,,R,V*0B
$GNVTG,,T,,M,0.004,N,0.008,K,D*34
$GNGGA,174632.00,2454.22970,N,06708.26845,E,4,12,0.61,21.8,M,-44.2,M,1.0,0265*71
$GNGSA,A,3,01,03,10,28,31,04,26,02,16,32,,,1.37,0.61,1.23,1*0C
$GNGSA,A,3,69,80,68,85,84,78,79,,,,,,1.37,0.61,1.23,2*09
$GNGSA,A,3,11,23,21,31,10,19,,,,,,,1.37,0.61,1.23,3*08
$GNGSA,A,3,06,08,13,16,09,25,27,23,,,,,1.37,0.61,1.23,4*07
$GNGSA,A,3,04,,,,,,,,,,,,1.37,0.61,1.23,5*03
$GPGSV,4,1,13,01,48,263,45,02,39,224,45,03,45,331,46,04,24,290,36,1*68
$GPGSV,4,2,13,10,12,129,33,16,24,157,42,26,42,128,44,28,35,037,44,1*6D
$GPGSV,4,3,13,31,63,031,48,32,16,068,40,40,59,208,49,41,56,146,47,1*6D
$GPGSV,4,4,13,42,19,104,45,1*5C
$GPGSV,2,1,08,01,48,263,47,03,45,331,44,04,24,290,40,10,12,129,31,6*65
$GPGSV,2,2,08,26,42,128,45,28,35,037,45,31,63,031,45,32,16,068,41,6*63
$GLGSV,3,1,09,68,24,070,46,69,41,012,50,70,09,309,30,78,18,034,45,1*75
$GLGSV,3,2,09,79,57,082,51,80,38,170,49,84,30,249,39,85,19,304,39,1*78
$GLGSV,3,3,09,,,,41,1*74
$GLGSV,2,1,08,68,24,070,46,69,41,012,48,78,18,034,47,79,57,082,48,3*71
$GLGSV,2,2,08,80,38,170,48,84,30,249,46,85,19,304,40,,,,39,3*45
$GLGSV,1,1,01,83,03,191,,0*49
$GAGSV,3,1,11,04,52,004,51,06,49,320,50,09,34,294,50,10,49,213,50,2*75
$GAGSV,3,2,11,11,53,260,47,12,33,186,46,19,17,062,38,21,11,052,44,2*7D
$GAGSV,3,3,11,23,32,101,50,31,24,158,48,36,22,314,44,2*44
$GAGSV,3,1,11,04,52,004,46,06,49,320,46,09,34,294,44,10,49,213,45,7*70
$GAGSV,3,2,11,11,53,260,43,12,33,186,39,19,17,062,36,21,11,052,31,7*78
$GAGSV,3,3,11,23,32,101,44,31,24,158,41,36,22,314,37,7*49
$GBGSV,2,1,08,06,56,035,43,08,34,129,41,09,71,033,47,13,52,123,47,1*73
$GBGSV,2,2,08,16,47,036,44,23,65,150,51,25,42,054,48,27,18,226,42,1*7D
$GBGSV,2,1,05,06,56,035,47,08,34,129,47,09,71,033,49,13,52,123,48,B*0E
$GBGSV,2,2,05,16,47,036,47,B*32
$GBGSV,4,1,13,01,03,096,,02,58,141,,03,34,114,,07,07,138,,0*7C
$GBGSV,4,2,13,10,08,148,,28,06,186,,30,12,276,,32,37,327,,0*74
$GBGSV,4,3,13,33,18,097,,37,23,199,,38,23,133,,39,39,036,,0*7F
$GBGSV,4,4,13,41,53,051,,0*42
$GQGSV,1,1,02,02,12,083,39,04,19,095,39,1*6D
$GQGSV,1,1,03,02,12,083,45,04,19,095,37,07,19,104,46,6*56
$GNGLL,2454.22970,N,06708.26845,E,174632.00,A,D*7A
$GNRMC,174633.00,A,2454.22970,N,06708.26844,E,0.004,,300425,,,R,V*0B
$GNVTG,,T,,M,0.004,N,0.007,K,D*3B
$GNGGA,174633.00,2454.22970,N,06708.26844,E,4,12,0.61,21.8,M,-44.2,M,1.0,0265*71
$GNGSA,A,3,01,03,10,28,31,04,26,02,16,32,,,1.37,0.61,1.23,1*0C
$GNGSA,A,3,69,80,68,85,84,78,79,,,,,,1.37,0.61,1.23,2*09
$GNGSA,A,3,11,23,21,31,10,19,,,,,,,1.37,0.61,1.23,3*08
$GNGSA,A,3,06,08,13,16,09,25,27,23,,,,,1.37,0.61,1.23,4*07
$GNGSA,A,3,04,,,,,,,,,,,,1.37,0.61,1.23,5*03
$GPGSV,4,1,13,01,48,263,45,02,39,224,45,03,45,331,46,04,24,290,36,1*68
$GPGSV,4,2,13,10,12,129,33,16,24,157,42,26,42,128,44,28,35,037,44,1*6D
$GPGSV,4,3,13,31,63,031,48,32,16,068,40,40,59,208,49,41,56,146,47,1*6D
$GPGSV,4,4,13,42,19,104,45,1*5C
$GPGSV,2,1,08,01,48,263,47,03,45,331,44,04,24,290,40,10,12,129,31,6*65
$GPGSV,2,2,08,26,42,128,45,28,35,037,45,31,63,031,45,32,16,068,41,6*63
$GLGSV,3,1,09,68,24,070,46,69,41,012,50,70,09,309,31,78,18,034,45,1*74
$GLGSV,3,2,09,79,57,082,51,80,38,170,49,84,30,249,39,85,19,304,39,1*78
$GLGSV,3,3,09,,,,41,1*74
$GLGSV,2,1,08,68,24,070,46,69,41,012,48,78,18,034,47,79,57,082,48,3*71
$GLGSV,2,2,08,80,38,170,48,84,30,249,46,85,19,304,40,,,,38,3*44
$GLGSV,1,1,01,83,03,191,,0*49
$GAGSV,3,1,11,04,52,004,51,06,49,320,50,09,34,294,50,10,49,213,50,2*75
$GAGSV,3,2,11,11,53,260,47,12,33,186,46,19,17,062,38,21,11,052,45,2*7C
$GAGSV,3,3,11,23,32,101,50,31,24,158,47,36,22,314,44,2*4B
$GAGSV,3,1,11,04,52,004,46,06,49,320,46,09,34,294,44,10,49,213,45,7*70
$GAGSV,3,2,11,11,53,260,43,12,33,186,39,19,17,062,36,21,11,052,31,7*78
$GAGSV,3,3,11,23,32,101,44,31,24,158,41,36,22,314,37,7*49
$GBGSV,2,1,08,06,56,035,43,08,34,129,41,09,71,033,47,13,52,123,47,1*73
$GBGSV,2,2,08,16,47,036,44,23,65,150,51,25,42,054,48,27,18,226,42,1*7D
$GBGSV,2,1,05,06,56,035,47,08,34,129,47,09,71,033,49,13,52,123,48,B*0E
$GBGSV,2,2,05,16,47,036,47,B*32
$GBGSV,4,1,13,01,03,096,,02,58,141,,03,34,114,,07,07,138,,0*7C
$GBGSV,4,2,13,10,08,148,,28,06,186,,30,12,276,,32,37,327,,0*74
$GBGSV,4,3,13,33,18,097,,37,23,199,,38,23,133,,39,39,036,,0*7F
$GBGSV,4,4,13,41,53,051,,0*42
$GQGSV,1,1,02,02,12,083,39,04,19,095,39,1*6D
$GQGSV,1,1,03,02,12,083,45,04,19,095,37,07,19,104,46,6*56
$GNGLL,2454.22970,N,06708.26844,E,174633.00,A,D*7A
$GNRMC,174634.00,A,2454.22970,N,06708.26845,E,0.002,,300425,,,R,V*0B
$GNVTG,,T,,M,0.002,N,0.003,K,D*39
$GNGGA,174634.00,2454.22970,N,06708.26845,E,4,12,0.61,21.8,M,-44.2,M,1.0,0265*77
$GNGSA,A,3,01,03,10,28,31,04,26,02,16,32,,,1.37,0.61,1.23,1*0C
$GNGSA,A,3,69,80,68,85,84,78,79,,,,,,1.37,0.61,1.23,2*09
$GNGSA,A,3,11,23,21,31,10,19,,,,,,,1.37,0.61,1.23,3*08
$GNGSA,A,3,06,08,13,16,09,25,27,23,,,,,1.37,0.61,1.23,4*07
$GNGSA,A,3,04,,,,,,,,,,,,1.37,0.61,1.23,5*03
$GPGSV,4,1,13,01,48,263,45,02,39,224,45,03,45,331,46,04,24,290,36,1*68
$GPGSV,4,2,13,10,12,129,33,16,24,157,42,26,42,128,45,28,35,037,44,1*6C
$GPGSV,4,3,13,31,63,031,48,32,16,068,40,40,59,208,49,41,56,146,47,1*6D
$GPGSV,4,4,13,42,19,104,45,1*5C
$GPGSV,2,1,08,01,48,263,47,03,45,331,44,04,24,290,40,10,12,129,31,6*65
$GPGSV,2,2,08,26,42,128,44,28,35,037,45,31,63,031,45,32,16,068,41,6*62
$GLGSV,3,1,09,68,24,070,47,69,41,012,50,70,09,309,31,78,18,034,45,1*75
$GLGSV,3,2,09,79,57,082,51,80,38,170,49,84,30,249,39,85,19,304,39,1*78
$GLGSV,3,3,09,,,,40,1*75
$GLGSV,2,1,08,68,24,070,46,69,41,012,48,78,18,034,47,79,57,082,48,3*71
$GLGSV,2,2,08,80,38,170,48,84,30,249,46,85,19,304,40,,,,38,3*44
$GLGSV,1,1,01,83,03,191,,0*49
$GAGSV,3,1,11,04,52,004,51,06,49,320,50,09,34,294,50,10,49,213,50,2*75
$GAGSV,3,2,11,11,53,260,47,12,33,186,46,19,17,062,38,21,11,052,45,2*7C
$GAGSV,3,3,11,23,32,101,50,31,24,158,47,36,22,314,44,2*4B
$GAGSV,3,1,11,04,52,004,46,06,49,320,46,09,34,294,44,10,49,213,45,7*70
$GAGSV,3,2,11,11,53,260,43,12,33,186,39,19,17,062,36,21,11,052,31,7*78
$GAGSV,3,3,11,23,32,101,44,31,24,158,41,36,22,314,37,7*49
$GBGSV,2,1,08,06,56,035,43,08,34,129,41,09,71,033,47,13,52,123,47,1*73
$GBGSV,2,2,08,16,47,036,44,23,65,150,51,25,42,054,48,27,18,226,42,1*7D
$GBGSV,2,1,05,06,56,035,47,08,34,129,47,09,71,033,49,13,52,123,48,B*0E
$GBGSV,2,2,05,16,47,036,46,B*33
$GBGSV,4,1,13,01,03,096,,02,58,141,,03,34,114,,07,07,138,,0*7C
$GBGSV,4,2,13,10,08,148,,28,06,186,,30,12,276,,32,37,327,,0*74
$GBGSV,4,3,13,33,18,097,,37,23,199,,38,23,133,,39,39,036,,0*7F
$GBGSV,4,4,13,41,53,051,,0*42
$GQGSV,1,1,02,02,12,083,39,04,19,095,39,1*6D
$GQGSV,1,1,03,02,12,083,45,04,19,095,37,07,19,104,46,6*56
$GNGLL,2454.22970,N,06708.26845,E,174634.00,A,D*7C
$GNRMC,174635.00,A,2454.22970,N,06708.26845,E,0.004,,300425,,,R,V*0C
$GNVTG,,T,,M,0.004,N,0.008,K,D*34
$GNGGA,174635.00,2454.22970,N,06708.26845,E,4,12,0.61,21.8,M,-44.2,M,1.0,0265*76
$GNGSA,A,3,01,03,10,28,31,04,26,02,16,32,,,1.37,0.61,1.23,1*0C
$GNGSA,A,3,69,80,68,85,84,78,79,,,,,,1.37,0.61,1.23,2*09
$GNGSA,A,3,11,23,21,31,10,19,,,,,,,1.37,0.61,1.23,3*08
$GNGSA,A,3,06,08,13,16,09,25,27,23,,,,,1.37,0.61,1.23,4*07
$GNGSA,A,3,04,,,,,,,,,,,,1.37,0.61,1.23,5*03
$GPGSV,4,1,13,01,48,263,45,02,39,224,45,03,45,331,46,04,24,290,36,1*68
$GPGSV,4,2,13,10,12,129,33,16,24,157,42,26,42,128,45,28,35,037,44,1*6C
$GPGSV,4,3,13,31,63,031,48,32,16,068,40,40,59,208,48,41,56,146,47,1*6C
$GPGSV,4,4,13,42,19,104,45,1*5C
$GPGSV,2,1,08,01,48,263,47,03,45,331,44,04,24,290,40,10,12,129,31,6*65
$GPGSV,2,2,08,26,42,128,45,28,35,037,45,31,63,031,45,32,16,068,41,6*63
$GLGSV,3,1,09,68,24,070,46,69,41,012,50,70,09,309,31,78,18,034,45,1*74
$GLGSV,3,2,09,79,57,082,51,80,38,170,49,84,30,249,39,85,19,304,39,1*78
$GLGSV,3,3,09,,,,40,1*75
$GLGSV,2,1,08,68,24,070,46,69,41,012,48,78,18,034,47,79,57,082,48,3*71
$GLGSV,2,2,08,80,38,170,48,84,30,249,46,85,19,304,40,,,,38,3*44
$GLGSV,1,1,01,83,03,191,,0*49
$GAGSV,3,1,11,04,52,004,51,06,49,320,50,09,34,294,50,10,49,213,50,2*75
$GAGSV,3,2,11,11,53,260,47,12,33,186,46,19,17,062,38,21,11,052,45,2*7C
$GAGSV,3,3,11,23,32,101,50,31,24,158,47,36,22,314,44,2*4B
$GAGSV,3,1,11,04,52,004,46,06,49,320,46,09,34,294,44,10,49,213,45,7*70
$GAGSV,3,2,11,11,53,260,43,12,33,186,39,19,17,062,36,21,11,052,31,7*78
$GAGSV,3,3,11,23,32,101,44,31,24,158,41,36,22,314,37,7*49
$GBGSV,2,1,08,06,56,035,43,08,34,129,41,09,71,033,47,13,52,123,47,1*73
$GBGSV,2,2,08,16,47,036,44,23,65,150,51,25,42,054,48,27,18,226,42,1*7D
$GBGSV,2,1,05,06,56,035,47,08,34,129,47,09,71,033,49,13,52,123,48,B*0E
$GBGSV,2,2,05,16,47,036,46,B*33
$GBGSV,4,1,13,01,03,096,,02,58,141,,03,34,114,,07,07,138,,0*7C
$GBGSV,4,2,13,10,08,148,,28,06,186,,30,12,276,,32,37,327,,0*74
$GBGSV,4,3,13,33,18,097,,37,23,199,,38,23,133,,39,39,036,,0*7F
$GBGSV,4,4,13,41,53,051,,0*42
$GQGSV,1,1,02,02,12,083,39,04,19,095,39,1*6D
$GQGSV,1,1,03,02,12,083,45,04,19,095,37,07,19,104,46,6*56
$GNGLL,2454.22970,N,06708.26845,E,174635.00,A,D*7D
$GNRMC,174636.00,A,2454.22970,N,06708.26845,E,0.004,,300425,,,R,V*0F
$GNVTG,,T,,M,0.004,N,0.007,K,D*3B
$GNGGA,174636.00,2454.22970,N,06708.26845,E,4,12,0.61,21.8,M,-44.2,M,1.0,0265*75
$GNGSA,A,3,01,03,10,28,31,04,26,02,16,32,,,1.37,0.61,1.23,1*0C
$GNGSA,A,3,69,80,68,85,84,78,79,,,,,,1.37,0.61,1.23,2*09
$GNGSA,A,3,11,23,21,31,10,19,,,,,,,1.37,0.61,1.23,3*08
$GNGSA,A,3,06,08,13,16,09,25,27,23,,,,,1.37,0.61,1.23,4*07
$GNGSA,A,3,04,,,,,,,,,,,,1.37,0.61,1.23,5*03
$GPGSV,4,1,13,01,48,263,45,02,39,224,45,03,45,331,46,04,24,290,36,1*68
$GPGSV,4,2,13,10,12,129,33,16,24,157,42,26,42,128,45,28,35,037,44,1*6C
$GPGSV,4,3,13,31,63,031,48,32,16,068,41,40,59,208,49,41,56,146,47,1*6C
$GPGSV,4,4,13,42,19,104,45,1*5C
$GPGSV,2,1,08,01,48,263,47,03,45,331,44,04,24,290,40,10,12,129,31,6*65
$GPGSV,2,2,08,26,42,128,44,28,35,037,45,31,63,031,45,32,16,068,41,6*62
$GLGSV,3,1,09,68,24,070,46,69,41,012,50,70,09,309,31,78,18,034,45,1*74
$GLGSV,3,2,09,79,57,082,51,80,38,170,49,84,30,249,39,85,19,304,39,1*78
$GLGSV,3,3,09,,,,41,1*74
$GLGSV,2,1,08,68,24,070,46,69,41,012,48,78,18,034,47,79,57,082,48,3*71
$GLGSV,2,2,08,80,38,170,48,84,30,249,46,85,19,304,40,,,,38,3*44
$GLGSV,1,1,01,83,03,191,,0*49
$GAGSV,3,1,11,04,52,004,51,06,49,320,50,09,34,294,50,10,49,213,50,2*75
$GAGSV,3,2,11,11,53,260,47,12,33,186,46,19,17,062,39,21,11,052,45,2*7D
$GAGSV,3,3,11,23,32,101,50,31,24,158,48,36,22,314,44,2*44
$GAGSV,3,1,11,04,52,004,46,06,49,320,46,09,34,294,44,10,49,213,45,7*70
$GAGSV,3,2,11,11,53,260,43,12,33,186,39,19,17,062,36,21,11,052,31,7*78
$GAGSV,3,3,11,23,32,101,44,31,24,158,41,36,22,314,37,7*49
$GBGSV,2,1,08,06,56,035,43,08,34,129,41,09,71,033,47,13,52,123,47,1*73
$GBGSV,2,2,08,16,47,036,44,23,65,150,51,25,42,054,48,27,18,226,42,1*7D
$GBGSV,2,1,05,06,56,035,47,08,34,129,47,09,71,033,49,13,52,123,48,B*0E
$GBGSV,2,2,05,16,47,036,46,B*33
$GBGSV,4,1,13,01,03,096,,02,58,141,,03,34,114,,07,07,138,,0*7C
$GBGSV,4,2,13,10,08,148,,28,06,186,,30,12,276,,32,37,327,,0*74
$GBGSV,4,3,13,33,18,097,,37,23,199,,38,23,133,,39,39,036,,0*7F
$GBGSV,4,4,13,41,53,051,,0*42
$GQGSV,1,1,02,02,12,083,39,04,19,095,39,1*6D
$GQGSV,1,1,03,02,12,083,45,04,19,095,37,07,19,104,46,6*56
$GNGLL,2454.22970,N,06708.26845,E,174636.00,A,D*7E
$GNRMC,174637.00,A,2454.22970,N,06708.26845,E,0.003,,300425,,,R,V*09
$GNVTG,,T,,M,0.003,N,0.006,K,D*3D
$GNGGA,174637.00,2454.22970,N,06708.26845,E,4,12,0.61,21.8,M,-44.2,M,1.0,0265*74
$GNGSA,A,3,01,03,10,28,31,04,26,02,16,32,,,1.37,0.61,1.23,1*0C
$GNGSA,A,3,69,80,68,85,84,78,79,,,,,,1.37,0.61,1.23,2*09
$GNGSA,A,3,11,23,21,31,10,19,,,,,,,1.37,0.61,1.23,3*08
$GNGSA,A,3,06,08,13,16,09,25,27,23,,,,,1.37,0.61,1.23,4*07
$GNGSA,A,3,04,,,,,,,,,,,,1.37,0.61,1.23,5*03
$GPGSV,4,1,13,01,48,263,45,02,39,224,45,03,45,331,46,04,24,290,36,1*68
$GPGSV,4,2,13,10,12,129,33,16,24,157,42,26,42,128,45,28,35,037,44,1*6C
$GPGSV,4,3,13,31,63,031,48,32,16,068,41,40,59,208,48,41,56,146,47,1*6D
$GPGSV,4,4,13,42,19,104,45,1*5C
$GPGSV,2,1,08,01,48,263,47,03,45,331,44,04,24,290,40,10,12,129,31,6*65
$GPGSV,2,2,08,26,42,128,45,28,35,037,46,31,63,031,45,32,16,068,41,6*60
$GLGSV,3,1,09,68,24,070,47,69,41,012,50,70,09,309,30,78,18,034,45,1*74
$GLGSV,3,2,09,79,57,082,51,80,38,170,49,84,30,249,39,85,19,304,39,1*78
$GLGSV,3,3,09,,,,40,1*75
$GLGSV,2,1,08,68,24,070,46,69,41,012,48,78,18,034,47,79,57,082,48,3*71
$GLGSV,2,2,08,80,38,170,48,84,30,249,46,85,19,304,40,,,,38,3*44
$GLGSV,1,1,01,83,03,191,,0*49
$GAGSV,3,1,11,04,52,004,51,06,49,320,51,09,34,294,50,10,49,213,50,2*74
$GAGSV,3,2,11,11,53,260,47,12,33,186,46,19,17,062,39,21,11,052,45,2*7D
$GAGSV,3,3,11,23,32,101,50,31,24,158,47,36,22,314,44,2*4B
$GAGSV,3,1,11,04,52,004,46,06,49,320,46,09,34,294,44,10,49,213,45,7*70
$GAGSV,3,2,11,11,53,260,43,12,33,186,39,19,17,062,36,21,11,052,31,7*78
$GAGSV,3,3,11,23,32,101,44,31,24,158,41,36,22,314,37,7*49
$GBGSV,2,1,08,06,56,035,43,08,34,129,41,09,71,033,47,13,52,123,47,1*73
$GBGSV,2,2,08,16,47,036,44,23,65,150,51,25,42,054,48,27,18,226,42,1*7D
$GBGSV,2,1,05,06,56,035,47,08,34,129,47,09,71,033,49,13,52,123,48,B*0E
$GBGSV,2,2,05,16,47,036,46,B*33
$GBGSV,4,1,13,01,03,096,,02,58,141,,03,34,114,,07,07,138,,0*7C
$GBGSV,4,2,13,10,08,148,,28,06,186,,30,12,276,,32,37,327,,0*74
$GBGSV,4,3,13,33,18,097,,37,23,199,,38,23,133,,39,39,036,,0*7F
$GBGSV,4,4,13,41,53,051,,0*42
$GQGSV,1,1,02,02,12,083,39,04,19,095,39,1*6D
$GQGSV,1,1,03,02,12,083,45,04,19,095,37,07,19,104,46,6*56
$GNGLL,2454.22970,N,06708.26845,E,174637.00,A,D*7F
$GNRMC,174638.00,A,2454.22970,N,06708.26844,E,0.006,,300425,,,R,V*02
$GNVTG,,T,,M,0.006,N,0.010,K,D*3F
$GNGGA,174638.00,2454.22970,N,06708.26844,E,4,12,0.61,21.8,M,-44.2,M,1.0,0265*7A
$GNGSA,A,3,01,03,10,28,31,04,26,02,16,32,,,1.37,0.61,1.23,1*0C
$GNGSA,A,3,69,80,68,85,84,78,79,,,,,,1.37,0.61,1.23,2*09
$GNGSA,A,3,11,23,21,31,10,19,,,,,,,1.37,0.61,1.23,3*08
$GNGSA,A,3,06,08,13,16,09,25,27,23,,,,,1.37,0.61,1.23,4*07
$GNGSA,A,3,04,,,,,,,,,,,,1.37,0.61,1.23,5*03
$GPGSV,4,1,13,01,48,263,45,02,39,224,45,03,45,331,46,04,24,290,36,1*68
$GPGSV,4,2,13,10,12,129,33,16,24,157,42,26,42,128,45,28,35,037,44,1*6C
$GPGSV,4,3,13,31,63,031,48,32,16,068,41,40,59,208,48,41,56,146,47,1*6D
$GPGSV,4,4,13,42,19,104,45,1*5C
$GPGSV,2,1,08,01,48,263,47,03,45,331,44,04,24,290,40,10,12,129,31,6*65
$GPGSV,2,2,08,26,42,128,45,28,35,037,45,31,63,031,45,32,16,068,41,6*63
$GLGSV,3,1,09,68,24,070,47,69,41,012,50,70,09,309,30,78,18,034,45,1*74
$GLGSV,3,2,09,79,57,082,51,80,38,170,49,84,30,249,39,85,19,304,39,1*78
$GLGSV,3,3,09,,,,41,1*74
$GLGSV,2,1,08,68,24,070,46,69,41,012,48,78,18,034,47,79,57,082,48,3*71
$GLGSV,2,2,08,80,38,170,48,84,30,249,46,85,19,304,40,,,,38,3*44
$GLGSV,1,1,01,83,03,191,,0*49
$GAGSV,3,1,11,04,52,004,51,06,49,320,51,09,34,294,50,10,49,213,50,2*74
$GAGSV,3,2,11,11,53,260,47,12,33,186,46,19,17,062,39,21,11,052,45,2*7D
$GAGSV,3,3,11,23,32,101,50,31,24,158,48,36,22,314,44,2*44
$GAGSV,3,1,11,04,52,004,46,06,49,320,46,09,34,294,44,10,49,213,45,7*70
$GAGSV,3,2,11,11,53,260,43,12,33,186,39,19,17,062,36,21,11,052,32,7*7B
$GAGSV,3,3,11,23,32,101,44,31,24,158,41,36,22,314,37,7*49
$GBGSV,2,1,08,06,56,035,43,08,34,129,41,09,71,033,47,13,52,123,47,1*73
$GBGSV,2,2,08,16,47,036,44,23,65,150,51,25,42,054,48,27,18,226,41,1*7E
$GBGSV,2,1,05,06,56,035,47,08,34,129,48,09,71,033,49,13,52,123,48,B*01
$GBGSV,2,2,05,16,47,036,46,B*33
$GBGSV,4,1,13,01,03,096,,02,58,141,,03,34,114,,07,07,138,,0*7C
$GBGSV,4,2,13,10,08,148,,28,06,186,,30,12,276,,32,37,327,,0*74
$GBGSV,4,3,13,33,18,097,,37,23,199,,38,23,133,,39,39,036,,0*7F
$GBGSV,4,4,13,41,53,051,,0*42
$GQGSV,1,1,02,02,12,083,39,04,19,095,39,1*6D
$GQGSV,1,1,03,02,12,083,45,04,19,095,37,07,19,104,46,6*56
$GNGLL,2454.22970,N,06708.26844,E,174638.00,A,D*71
$GNRMC,174639.00,A,2454.22970,N,06708.26845,E,0.001,,300425,,,R,V*05
$GNVTG,,T,,M,0.001,N,0.002,K,D*3B
$GNGGA,174639.00,2454.22970,N,06708.26845,E,4,12,0.61,21.8,M,-44.2,M,1.0,0265*7A
$GNGSA,A,3,01,03,10,28,31,04,26,02,16,32,,,1.37,0.61,1.23,1*0C
$GNGSA,A,3,69,80,68,85,84,78,79,,,,,,1.37,0.61,1.23,2*09
$GNGSA,A,3,11,23,21,31,10,19,,,,,,,1.37,0.61,1.23,3*08
$GNGSA,A,3,06,08,13,16,09,25,27,23,,,,,1.37,0.61,1.23,4*07
$GNGSA,A,3,04,,,,,,,,,,,,1.37,0.61,1.23,5*03
$GPGSV,4,1,13,01,48,263,45,02,39,224,45,03,45,331,46,04,24,290,36,1*68
$GPGSV,4,2,13,10,12,129,33,16,24,157,42,26,42,128,45,28,35,037,44,1*6C
$GPGSV,4,3,13,31,63,031,48,32,16,068,41,40,59,208,49,41,56,146,47,1*6C
$GPGSV,4,4,13,42,19,104,45,1*5C
$GPGSV,2,1,08,01,48,263,47,03,45,331,44,04,24,290,40,10,12,129,32,6*66
$GPGSV,2,2,08,26,42,128,45,28,35,037,46,31,63,031,45,32,16,068,41,6*60
$GLGSV,2,1,08,68,24,070,47,69,41,012,50,70,09,309,30,78,18,034,45,1*74
$GLGSV,2,2,08,79,57,082,51,80,38,170,49,84,30,249,39,85,19,304,39,1*78
$GLGSV,2,1,07,68,24,070,46,69,41,012,48,78,18,034,47,79,57,082,48,3*7E
$GLGSV,2,2,07,80,38,170,48,84,30,249,46,85,19,304,40,3*40
$GLGSV,1,1,01,83,03,191,,0*49
$GAGSV,3,1,11,04,52,004,51,06,49,320,50,09,34,294,50,10,49,213,50,2*75
$GAGSV,3,2,11,11,53,260,47,12,33,186,46,19,17,062,39,21,11,052,45,2*7D
$GAGSV,3,3,11,23,32,101,50,31,24,158,48,36,22,314,44,2*44
$GAGSV,3,1,11,04,52,004,46,06,49,320,46,09,34,294,44,10,49,213,45,7*70
$GAGSV,3,2,11,11,53,260,43,12,33,186,39,19,17,062,36,21,11,052,31,7*78
$GAGSV,3,3,11,23,32,101,44,31,24,158,41,36,22,314,37,7*49
$GBGSV,2,1,08,06,56,035,43,08,34,129,41,09,71,033,47,13,52,123,47,1*73
$GBGSV,2,2,08,16,47,036,44,23,65,150,51,25,42,054,48,27,18,226,41,1*7E
$GBGSV,2,1,05,06,56,035,47,08,34,129,47,09,71,033,49,13,52,123,48,B*0E
$GBGSV,2,2,05,16,47,036,47,B*32
$GBGSV,4,1,13,01,03,096,,02,58,141,,03,34,114,,07,07,138,,0*7C
$GBGSV,4,2,13,10,08,148,,28,06,186,,30,12,276,,32,37,327,,0*74
$GBGSV,4,3,13,33,18,097,,37,23,199,,38,23,133,,39,39,036,,0*7F
$GBGSV,4,4,13,41,53,051,,0*42
$GQGSV,1,1,02,02,12,083,39,04,19,095,40,1*63
$GQGSV,1,1,03,02,12,083,45,04,19,095,37,07,19,104,46,6*56
$GNGLL,2454.22970,N,06708.26845,E,174639.00,A,D*71
$GNRMC,174640.00,A,2454.22970,N,06708.26845,E,0.006,,300425,,,R,V*0C
$GNVTG,,T,,M,0.006,N,0.010,K,D*3F
$GNGGA,174640.00,2454.22970,N,06708.26845,E,4,12,0.61,21.8,M,-44.2,M,1.0,0265*74
$GNGSA,A,3,01,03,10,28,31,04,26,02,16,32,,,1.37,0.61,1.23,1*0C
$GNGSA,A,3,69,80,68,85,84,78,79,,,,,,1.37,0.61,1.23,2*09
$GNGSA,A,3,11,23,21,31,10,19,,,,,,,1.37,0.61,1.23,3*08
$GNGSA,A,3,06,08,13,16,09,25,27,23,,,,,1.37,0.61,1.23,4*07
$GNGSA,A,3,04,,,,,,,,,,,,1.37,0.61,1.23,5*03
$GPGSV,4,1,13,01,48,263,45,02,39,224,45,03,45,331,46,04,24,290,36,1*68
$GPGSV,4,2,13,10,12,129,33,16,24,157,42,26,42,128,45,28,35,037,44,1*6C
$GPGSV,4,3,13,31,63,031,48,32,16,068,41,40,59,208,49,41,56,146,47,1*6C
$GPGSV,4,4,13,42,19,104,45,1*5C
$GPGSV,2,1,08,01,48,263,47,03,45,331,44,04,24,290,40,10,12,129,32,6*66
$GPGSV,2,2,08,26,42,128,45,28,35,037,46,31,63,031,45,32,16,068,42,6*63
$GLGSV,2,1,08,68,24,070,47,69,41,012,50,70,09,309,31,78,18,034,45,1*75
$GLGSV,2,2,08,79,57,082,51,80,38,170,49,84,30,249,39,85,19,304,39,1*78
$GLGSV,2,1,07,68,24,070,46,69,41,012,48,78,18,034,47,79,57,082,48,3*7E
$GLGSV,2,2,07,80,38,170,48,84,30,249,46,85,19,304,40,3*40
$GLGSV,1,1,01,83,03,191,,0*49
$GAGSV,3,1,11,04,52,004,51,06,49,320,50,09,34,294,50,10,49,213,50,2*75
$GAGSV,3,2,11,11,53,260,47,12,33,186,46,19,17,062,39,21,11,052,45,2*7D
$GAGSV,3,3,11,23,32,101,50,31,24,158,47,36,22,314,44,2*4B
$GAGSV,3,1,11,04,52,004,46,06,49,320,46,09,34,294,44,10,49,213,45,7*70
$GAGSV,3,2,11,11,53,260,43,12,33,186,39,19,17,062,36,21,11,052,32,7*7B
$GAGSV,3,3,11,23,32,101,44,31,24,158,42,36,22,314,37,7*4A
$GBGSV,2,1,08,06,56,035,43,08,34,129,41,09,71,033,47,13,52,123,47,1*73
$GBGSV,2,2,08,16,47,036,44,23,65,150,51,25,42,054,48,27,18,226,41,1*7E
$GBGSV,2,1,05,06,56,035,47,08,34,129,47,09,71,033,49,13,52,123,48,B*0E
$GBGSV,2,2,05,16,47,036,46,B*33
$GBGSV,4,1,13,01,03,096,,02,58,141,,03,34,114,,07,07,138,,0*7C
$GBGSV,4,2,13,10,08,148,,28,06,186,,30,12,276,,32,37,327,,0*74
$GBGSV,4,3,13,33,18,097,,37,23,199,,38,23,133,,39,39,036,,0*7F
$GBGSV,4,4,13,41,53,051,,0*42
$GQGSV,1,1,02,02,12,083,39,04,19,095,39,1*6D
$GQGSV,1,1,03,02,12,083,45,04,19,095,38,07,19,104,46,6*59
$GNGLL,2454.22970,N,06708.26845,E,174640.00,A,D*7F
$GNRMC,174641.00,A,2454.22970,N,06708.26844,E,0.009,,300425,,,R,V*03
$GNVTG,,T,,M,0.009,N,0.016,K,D*36
$GNGGA,174641.00,2454.22970,N,06708.26844,E,4,12,0.61,21.8,M,-44.2,M,1.0,0265*74
$GNGSA,A,3,01,03,10,28,31,04,26,02,16,32,,,1.37,0.61,1.23,1*0C
$GNGSA,A,3,69,80,68,85,84,78,79,,,,,,1.37,0.61,1.23,2*09
$GNGSA,A,3,11,23,21,31,10,19,,,,,,,1.37,0.61,1.23,3*08
$GNGSA,A,3,06,08,13,16,09,25,27,23,,,,,1.37,0.61,1.23,4*07
$GNGSA,A,3,04,,,,,,,,,,,,1.37,0.61,1.23,5*03
$GPGSV,4,1,13,01,48,263,45,02,39,224,45,03,45,331,46,04,24,290,36,1*68
$GPGSV,4,2,13,10,12,129,33,16,24,157,42,26,42,128,45,28,35,037,44,1*6C
$GPGSV,4,3,13,31,63,031,48,32,16,068,41,40,59,208,49,41,56,146,47,1*6C
$GPGSV,4,4,13,42,19,104,45,1*5C
$GPGSV,2,1,08,01,48,263,47,03,45,331,44,04,24,290,40,10,12,129,32,6*66
$GPGSV,2,2,08,26,42,128,45,28,35,037,45,31,63,031,45,32,16,068,42,6*60
$GLGSV,2,1,08,68,24,070,47,69,41,012,50,70,09,309,31,78,18,034,44,1*74
$GLGSV,2,2,08,79,57,082,51,80,38,170,49,84,30,249,39,85,19,304,39,1*78
$GLGSV,2,1,07,68,24,070,46,69,41,012,48,78,18,034,47,79,57,082,48,3*7E
$GLGSV,2,2,07,80,38,170,48,84,30,249,46,85,19,304,40,3*40
$GLGSV,1,1,01,83,03,191,,0*49
$GAGSV,3,1,11,04,52,004,51,06,49,320,50,09,34,294,50,10,49,213,50,2*75
$GAGSV,3,2,11,11,53,260,47,12,33,186,46,19,17,062,39,21,11,052,45,2*7D
$GAGSV,3,3,11,23,32,101,50,31,24,158,47,36,22,314,44,2*4B
$GAGSV,3,1,11,04,52,004,46,06,49,320,46,09,34,294,44,10,49,213,45,7*70
$GAGSV,3,2,11,11,53,260,43,12,33,186,39,19,17,062,36,21,11,052,32,7*7B
$GAGSV,3,3,11,23,32,101,44,31,24,158,41,36,22,314,37,7*49
$GBGSV,2,1,08,06,56,035,43,08,34,129,41,09,71,033,47,13,52,123,47,1*73
$GBGSV,2,2,08,16,47,036,44,23,65,150,51,25,42,054,48,27,18,226,41,1*7E
$GBGSV,2,1,05,06,56,035,47,08,34,129,47,09,71,033,49,13,52,123,48,B*0E
$GBGSV,2,2,05,16,47,036,46,B*33
$GBGSV,4,1,13,01,03,096,,02,58,141,,03,34,114,,07,07,138,,0*7C
$GBGSV,4,2,13,10,08,148,,28,06,186,,30,12,276,,32,37,327,,0*74
$GBGSV,4,3,13,33,18,097,,37,23,199,,38,23,133,,39,39,036,,0*7F
$GBGSV,4,4,13,41,53,051,,0*42
$GQGSV,1,1,02,02,12,083,39,04,19,095,39,1*6D
$GQGSV,1,1,03,02,12,083,45,04,19,095,37,07,19,104,46,6*56
$GNGLL,2454.22970,N,06708.26844,E,174641.00,A,D*7F
$GNRMC,174642.00,A,2454.22970,N,06708.26844,E,0.011,,300425,,,R,V*09
$GNVTG,,T,,M,0.011,N,0.021,K,D*3B
$GNGGA,174642.00,2454.22970,N,06708.26844,E,4,12,0.61,21.8,M,-44.2,M,1.0,0265*77
$GNGSA,A,3,01,03,10,28,31,04,26,02,16,32,,,1.37,0.61,1.23,1*0C
$GNGSA,A,3,69,80,68,85,84,78,79,,,,,,1.37,0.61,1.23,2*09
$GNGSA,A,3,11,23,21,31,10,19,,,,,,,1.37,0.61,1.23,3*08
$GNGSA,A,3,06,08,13,16,09,25,27,23,,,,,1.37,0.61,1.23,4*07
$GNGSA,A,3,04,,,,,,,,,,,,1.37,0.61,1.23,5*03
$GPGSV,4,1,13,01,48,263,45,02,39,224,45,03,45,331,46,04,24,290,36,1*68
$GPGSV,4,2,13,10,12,129,34,16,24,157,42,26,42,128,45,28,35,037,44,1*6B
$GPGSV,4,3,13,31,63,031,48,32,16,068,41,40,59,208,49,41,56,146,47,1*6C
$GPGSV,4,4,13,42,19,104,45,1*5C
$GPGSV,2,1,08,01,48,263,47,03,45,331,44,04,24,290,40,10,12,129,32,6*66
$GPGSV,2,2,08,26,42,128,45,28,35,037,45,31,63,031,45,32,16,068,41,6*63
$GLGSV,2,1,08,68,24,070,47,69,41,012,50,70,09,309,31,78,18,034,44,1*74
$GLGSV,2,2,08,79,57,082,50,80,38,170,49,84,30,249,39,85,19,304,39,1*79
$GLGSV,2,1,07,68,24,070,46,69,41,012,48,78,18,034,47,79,57,082,48,3*7E
$GLGSV,2,2,07,80,38,170,48,84,30,249,46,85,19,304,40,3*40
$GLGSV,1,1,01,83,03,191,,0*49
$GAGSV,3,1,11,04,52,004,51,06,49,320,50,09,34,294,50,10,49,213,50,2*75
$GAGSV,3,2,11,11,53,260,47,12,33,186,46,19,17,062,39,21,11,052,45,2*7D
$GAGSV,3,3,11,23,32,101,50,31,24,158,47,36,22,314,44,2*4B
$GAGSV,3,1,11,04,52,004,46,06,49,320,46,09,34,294,44,10,49,213,45,7*70
$GAGSV,3,2,11,11,53,260,43,12,33,186,39,19,17,062,36,21,11,052,32,7*7B
$GAGSV,3,3,11,23,32,101,44,31,24,158,41,36,22,314,37,7*49
$GBGSV,2,1,08,06,56,035,43,08,34,129,41,09,71,033,47,13,52,123,47,1*73
$GBGSV,2,2,08,16,47,036,44,23,65,150,51,25,42,054,48,27,18,226,41,1*7E
$GBGSV,2,1,05,06,56,035,47,08,34,129,47,09,71,033,49,13,52,123,48,B*0E
$GBGSV,2,2,05,16,47,036,46,B*33
$GBGSV,4,1,13,01,03,096,,02,58,141,,03,34,114,,07,07,138,,0*7C
$GBGSV,4,2,13,10,08,148,,28,06,186,,30,12,276,,32,37,327,,0*74
$GBGSV,4,3,13,33,18,097,,37,23,199,,38,23,133,,39,39,036,,0*7F
$GBGSV,4,4,13,41,53,051,,0*42
$GQGSV,1,1,02,02,12,083,39,04,19,095,39,1*6D
$GQGSV,1,1,03,02,12,083,45,04,19,095,37,07,19,104,46,6*56
$GNGLL,2454.22970,N,06708.26844,E,174642.00,A,D*7C
$GNRMC,174643.00,A,2454.22970,N,06708.26844,E,0.006,,300425,,,R,V*0E
$GNVTG,,T,,M,0.006,N,0.012,K,D*3D
$GNGGA,174643.00,2454.22970,N,06708.26844,E,4,12,0.61,21.8,M,-44.2,M,1.0,0265*76
$GNGSA,A,3,01,03,10,28,31,04,26,02,16,32,,,1.37,0.61,1.23,1*0C
$GNGSA,A,3,69,80,68,85,84,78,79,,,,,,1.37,0.61,1.23,2*09
$GNGSA,A,3,11,23,21,31,10,19,,,,,,,1.37,0.61,1.23,3*08
$GNGSA,A,3,06,08,13,16,09,25,27,23,,,,,1.37,0.61,1.23,4*07
$GNGSA,A,3,04,,,,,,,,,,,,1.37,0.61,1.23,5*03
$GPGSV,4,1,13,01,48,263,45,02,39,224,45,03,45,331,46,04,24,290,36,1*68
$GPGSV,4,2,13,10,12,129,34,16,24,157,42,26,42,128,45,28,35,037,44,1*6B
$GPGSV,4,3,13,31,63,031,48,32,16,068,41,40,59,208,48,41,56,146,46,1*6C
$GPGSV,4,4,13,42,19,104,45,1*5C
$GPGSV,2,1,08,01,48,263,47,03,45,331,44,04,24,290,40,10,12,129,32,6*66
$GPGSV,2,2,08,26,42,128,45,28,35,037,45,31,63,031,45,32,16,068,41,6*63
$GLGSV,2,1,08,68,24,070,47,69,41,012,50,70,09,309,31,78,18,034,44,1*74
$GLGSV,2,2,08,79,57,082,50,80,38,170,49,84,30,249,39,85,19,304,39,1*79
$GLGSV,2,1,07,68,24,070,46,69,41,012,48,78,18,034,47,79,57,082,48,3*7E
$GLGSV,2,2,07,80,38,170,48,84,30,249,46,85,19,304,40,3*40
$GLGSV,1,1,01,83,03,191,,0*49
$GAGSV,3,1,11,04,52,004,51,06,49,320,50,09,34,294,50,10,49,213,50,2*75
$GAGSV,3,2,11,11,53,260,47,12,33,186,46,19,17,062,39,21,11,052,45,2*7D
$GAGSV,3,3,11,23,32,101,50,31,24,158,47,36,22,314,44,2*4B
$GAGSV,3,1,11,04,52,004,46,06,49,320,46,09,34,294,44,10,49,213,45,7*70
$GAGSV,3,2,11,11,53,260,43,12,33,186,39,19,17,062,36,21,11,052,32,7*7B
$GAGSV,3,3,11,23,32,101,44,31,24,158,41,36,22,314,37,7*49
$GBGSV,2,1,08,06,56,035,43,08,34,129,41,09,71,033,47,13,52,123,47,1*73
$GBGSV,2,2,08,16,47,036,44,23,65,150,51,25,42,054,48,27,18,226,41,1*7E
$GBGSV,2,1,05,06,56,035,47,08,34,129,47,09,71,033,49,13,52,123,48,B*0E
$GBGSV,2,2,05,16,47,036,46,B*33
$GBGSV,4,1,13,01,03,096,,02,58,141,,03,34,114,,07,07,138,,0*7C
$GBGSV,4,2,13,10,08,148,,28,06,186,,30,12,276,,32,37,327,,0*74
$GBGSV,4,3,13,33,18,097,,37,23,199,,38,23,133,,39,39,036,,0*7F
$GBGSV,4,4,13,41,53,051,,0*42
$GQGSV,1,1,02,02,12,083,39,04,19,095,39,1*6D
$GQGSV,1,1,03,02,12,083,45,04,19,095,37,07,19,104,46,6*56
$GNGLL,2454.22970,N,06708.26844,E,174643.00,A,D*7D
$GNRMC,174644.00,A,2454.22970,N,06708.26844,E,0.006,,300425,,,R,V*09
$GNVTG,,T,,M,0.006,N,0.010,K,D*3F
$GNGGA,174644.00,2454.22970,N,06708.26844,E,4,12,0.61,21.8,M,-44.2,M,1.0,0265*71
$GNGSA,A,3,01,03,10,28,31,04,26,02,16,32,,,1.37,0.61,1.23,1*0C
$GNGSA,A,3,69,80,68,85,84,78,79,,,,,,1.37,0.61,1.23,2*09
$GNGSA,A,3,11,23,21,31,10,19,,,,,,,1.37,0.61,1.23,3*08
$GNGSA,A,3,06,08,13,16,09,25,27,23,,,,,1.37,0.61,1.23,4*07
$GNGSA,A,3,04,,,,,,,,,,,,1.37,0.61,1.23,5*03
$GPGSV,4,1,13,01,48,263,45,02,39,224,45,03,45,331,46,04,24,290,36,1*68
$GPGSV,4,2,13,10,12,129,34,16,24,157,42,26,42,128,45,28,35,037,44,1*6B
$GPGSV,4,3,13,31,63,031,49,32,16,068,41,40,59,208,49,41,56,146,46,1*6C
$GPGSV,4,4,13,42,19,104,45,1*5C
$GPGSV,2,1,08,01,48,263,47,03,45,331,44,04,24,290,40,10,12,129,32,6*66
$GPGSV,2,2,08,26,42,128,45,28,35,037,45,31,63,031,45,32,16,068,42,6*60
$GLGSV,2,1,08,68,24,070,47,69,41,012,50,70,09,309,31,78,18,034,44,1*74
$GLGSV,2,2,08,79,57,082,50,80,38,170,49,84,30,249,39,85,19,304,39,1*79
$GLGSV,2,1,07,68,24,070,46,69,41,012,48,78,18,034,47,79,57,082,48,3*7E
$GLGSV,2,2,07,80,38,170,48,84,30,249,46,85,19,304,40,3*40
$GLGSV,1,1,01,83,03,191,,0*49
$GAGSV,3,1,11,04,52,004,51,06,49,320,50,09,34,294,50,10,49,213,50,2*75
$GAGSV,3,2,11,11,53,260,47,12,33,186,46,19,17,062,39,21,11,052,45,2*7D
$GAGSV,3,3,11,23,32,101,50,31,24,158,47,36,22,314,44,2*4B
$GAGSV,3,1,11,04,52,004,46,06,49,320,46,09,34,294,44,10,49,213,45,7*70
$GAGSV,3,2,11,11,53,260,43,12,33,186,39,19,17,062,36,21,11,052,32,7*7B
$GAGSV,3,3,11,23,32,101,44,31,24,158,41,36,22,314,37,7*49
$GBGSV,2,1,08,06,56,035,43,08,34,129,41,09,71,033,47,13,52,123,47,1*73
$GBGSV,2,2,08,16,47,036,44,23,65,150,51,25,42,054,48,27,18,226,41,1*7E
$GBGSV,2,1,05,06,56,035,47,08,34,129,47,09,71,033,49,13,52,123,48,B*0E
$GBGSV,2,2,05,16,47,036,46,B*33
$GBGSV,4,1,13,01,03,096,,02,58,141,,03,34,114,,07,07,138,,0*7C
$GBGSV,4,2,13,10,08,148,,28,06,186,,30,12,276,,32,37,327,,0*74
$GBGSV,4,3,13,33,18,097,,37,23,199,,38,23,133,,39,39,036,,0*7F
$GBGSV,4,4,13,41,53,051,,0*42
$GQGSV,1,1,02,02,12,083,39,04,19,095,39,1*6D
$GQGSV,1,1,03,02,12,083,45,04,19,095,37,07,19,104,46,6*56
$GNGLL,2454.22970,N,06708.26844,E,174644.00,A,D*7A
$GNRMC,174645.00,A,2454.22970,N,06708.26845,E,0.006,,300425,,,R,V*09
$GNVTG,,T,,M,0.006,N,0.011,K,D*3E
$GNGGA,174645.00,2454.22970,N,06708.26845,E,4,12,0.61,21.8,M,-44.2,M,1.0,0265*71
$GNGSA,A,3,01,03,10,28,31,04,26,02,16,32,,,1.37,0.61,1.23,1*0C
$GNGSA,A,3,69,80,68,85,84,78,79,,,,,,1.37,0.61,1.23,2*09
$GNGSA,A,3,11,23,21,31,10,19,,,,,,,1.37,0.61,1.23,3*08
$GNGSA,A,3,06,08,13,16,09,25,27,23,,,,,1.37,0.61,1.23,4*07
$GNGSA,A,3,04,,,,,,,,,,,,1.37,0.61,1.23,5*03
$GPGSV,4,1,13,01,48,263,45,02,39,224,45,03,45,331,46,04,24,290,36,1*68
$GPGSV,4,2,13,10,12,129,34,16,24,157,42,26,42,128,45,28,35,037,44,1*6B
$GPGSV,4,3,13,31,63,031,49,32,16,068,41,40,59,208,49,41,56,146,47,1*6D
$GPGSV,4,4,13,42,19,104,45,1*5C
$GPGSV,2,1,08,01,48,263,48,03,45,331,44,04,24,290,40,10,12,129,32,6*69
$GPGSV,2,2,08,26,42,128,45,28,35,037,45,31,63,031,45,32,16,068,42,6*60
$GLGSV,2,1,08,68,24,070,47,69,41,012,50,70,09,309,31,78,18,034,44,1*74
$GLGSV,2,2,08,79,57,082,50,80,38,170,49,84,30,249,39,85,19,304,39,1*79
$GLGSV,2,1,07,68,24,070,46,69,41,012,48,78,18,034,47,79,57,082,48,3*7E
$GLGSV,2,2,07,80,38,170,48,84,30,249,46,85,19,304,40,3*40
$GLGSV,1,1,01,83,03,191,,0*49
$GAGSV,3,1,11,04,52,005,51,06,49,320,50,09,34,294,50,10,49,213,50,2*74
$GAGSV,3,2,11,11,53,260,47,12,33,186,46,19,17,062,39,21,11,052,45,2*7D
$GAGSV,3,3,11,23,32,101,50,31,24,158,47,36,22,314,44,2*4B
$GAGSV,3,1,11,04,52,005,46,06,49,320,46,09,34,294,44,10,49,213,45,7*71
$GAGSV,3,2,11,11,53,260,43,12,33,186,39,19,17,062,36,21,11,052,32,7*7B
$GAGSV,3,3,11,23,32,101,44,31,24,158,42,36,22,314,37,7*4A
$GBGSV,2,1,08,06,56,035,43,08,34,129,41,09,71,033,47,13,52,123,47,1*73
$GBGSV,2,2,08,16,47,036,44,23,65,150,51,25,42,054,48,27,18,226,41,1*7E
$GBGSV,2,1,05,06,56,035,47,08,34,129,47,09,71,033,49,13,52,123,48,B*0E
$GBGSV,2,2,05,16,47,036,46,B*33
$GBGSV,4,1,13,01,03,096,,02,58,141,,03,34,114,,07,07,138,,0*7C
$GBGSV,4,2,13,10,08,148,,28,06,186,,30,12,276,,32,37,327,,0*74
$GBGSV,4,3,13,33,18,097,,37,23,199,,38,23,133,,39,39,036,,0*7F
$GBGSV,4,4,13,41,53,051,,0*42
$GQGSV,1,1,02,02,12,083,39,04,19,095,39,1*6D
$GQGSV,1,1,03,02,12,083,45,04,19,095,37,07,19,104,46,6*56
$GNGLL,2454.22970,N,06708.26845,E,174645.00,A,D*7A
$GNRMC,174646.00,A,2454.22970,N,06708.26844,E,0.005,,300425,,,R,V*08
$GNVTG,,T,,M,0.005,N,0.009,K,D*34
$GNGGA,174646.00,2454.22970,N,06708.26844,E,4,12,0.61,21.8,M,-44.2,M,1.0,0265*73
$GNGSA,A,3,01,03,10,28,31,04,26,02,16,32,,,1.37,0.61,1.23,1*0C
$GNGSA,A,3,69,80,68,85,84,78,79,,,,,,1.37,0.61,1.23,2*09
$GNGSA,A,3,11,23,21,31,10,19,,,,,,,1.37,0.61,1.23,3*08
$GNGSA,A,3,06,08,13,16,09,25,27,23,,,,,1.37,0.61,1.23,4*07
$GNGSA,A,3,04,,,,,,,,,,,,1.37,0.61,1.23,5*03
$GPGSV,4,1,13,01,48,263,45,02,39,224,45,03,45,331,46,04,24,290,36,1*68
$GPGSV,4,2,13,10,12,129,34,16,24,157,42,26,42,128,45,28,35,037,44,1*6B
$GPGSV,4,3,13,31,63,031,49,32,16,068,42,40,59,208,49,41,56,146,47,1*6E
$GPGSV,4,4,13,42,19,104,45,1*5C
$GPGSV,2,1,08,01,48,263,48,03,45,331,44,04,24,290,40,10,12,129,32,6*69
$GPGSV,2,2,08,26,42,128,45,28,35,037,45,31,63,031,45,32,16,068,42,6*60
$GLGSV,2,1,08,68,24,070,47,69,41,012,50,70,09,309,31,78,18,034,44,1*74
$GLGSV,2,2,08,79,57,082,50,80,38,170,49,84,30,249,39,85,19,304,40,1*77
$GLGSV,2,1,07,68,24,070,46,69,41,012,48,78,18,034,47,79,57,082,48,3*7E
$GLGSV,2,2,07,80,38,170,48,84,30,249,46,85,19,304,40,3*40
$GLGSV,1,1,01,83,03,191,,0*49
$GAGSV,3,1,11,04,52,005,51,06,49,320,50,09,34,294,50,10,49,213,50,2*74
$GAGSV,3,2,11,11,53,260,47,12,33,186,46,19,17,062,39,21,11,052,44,2*7C
$GAGSV,3,3,11,23,32,101,50,31,24,158,47,36,22,314,44,2*4B
$GAGSV,3,1,11,04,52,005,46,06,49,320,46,09,34,294,44,10,49,213,45,7*71
$GAGSV,3,2,11,11,53,260,43,12,33,186,39,19,17,062,36,21,11,052,32,7*7B
$GAGSV,3,3,11,23,32,101,44,31,24,158,41,36,22,314,37,7*49
$GBGSV,2,1,08,06,56,035,43,08,34,129,41,09,71,033,47,13,52,123,47,1*73
$GBGSV,2,2,08,16,47,036,44,23,65,150,51,25,42,054,48,27,18,226,41,1*7E
$GBGSV,2,1,05,06,56,035,47,08,34,129,47,09,71,033,49,13,52,123,48,B*0E
$GBGSV,2,2,05,16,47,036,46,B*33
$GBGSV,4,1,13,01,03,096,,02,58,141,,03,34,114,,07,07,138,,0*7C
$GBGSV,4,2,13,10,08,148,,28,06,186,,30,12,276,,32,37,327,,0*74
$GBGSV,4,3,13,33,18,097,,37,23,199,,38,23,133,,39,39,036,,0*7F
$GBGSV,4,4,13,41,53,051,,0*42
$GQGSV,1,1,02,02,12,083,39,04,19,095,39,1*6D
$GQGSV,1,1,03,02,12,083,45,04,19,095,37,07,19,104,46,6*56
$GNGLL,2454.22970,N,06708.26844,E,174646.00,A,D*78
$GNRMC,174647.00,A,2454.22970,N,06708.26844,E,0.005,,300425,,,R,V*09
$GNVTG,,T,,M,0.005,N,0.010,K,D*3C
$GNGGA,174647.00,2454.22970,N,06708.26844,E,4,12,0.61,21.8,M,-44.2,M,1.0,0265*72
$GNGSA,A,3,01,03,10,28,31,04,26,02,16,32,,,1.37,0.61,1.23,1*0C
$GNGSA,A,3,69,80,68,85,84,78,79,,,,,,1.37,0.61,1.23,2*09
$GNGSA,A,3,11,23,21,31,10,19,,,,,,,1.37,0.61,1.23,3*08
$GNGSA,A,3,06,08,13,16,09,25,27,23,,,,,1.37,0.61,1.23,4*07
$GNGSA,A,3,04,,,,,,,,,,,,1.37,0.61,1.23,5*03
$GPGSV,4,1,13,01,48,263,45,02,39,224,45,03,45,331,46,04,24,290,36,1*68
$GPGSV,4,2,13,10,12,129,34,16,24,157,42,26,42,128,45,28,35,037,44,1*6B
$GPGSV,4,3,13,31,63,031,49,32,16,068,42,40,59,208,49,41,56,146,47,1*6E
$GPGSV,4,4,13,42,19,104,45,1*5C
$GPGSV,2,1,08,01,48,263,48,03,45,331,44,04,24,290,40,10,12,129,32,6*69
$GPGSV,2,2,08,26,42,128,45,28,35,037,45,31,63,031,45,32,16,068,42,6*60
$GLGSV,2,1,08,68,24,070,47,69,41,012,50,70,09,309,31,78,18,034,43,1*73
$GLGSV,2,2,08,79,57,082,50,80,38,170,49,84,30,249,39,85,19,304,39,1*79
$GLGSV,2,1,07,68,24,070,46,69,41,012,48,78,18,034,47,79,57,082,48,3*7E
$GLGSV,2,2,07,80,38,170,48,84,30,249,46,85,19,304,41,3*41
$GLGSV,1,1,01,83,03,191,,0*49
$GAGSV,3,1,11,04,52,005,51,06,49,322,50,09,34,294,50,10,49,213,50,2*76
$GAGSV,3,2,11,11,53,260,47,12,33,186,46,19,17,062,39,21,11,052,44,2*7C
$GAGSV,3,3,11,23,32,101,50,31,24,158,47,36,22,314,44,2*4B
$GAGSV,3,1,11,04,52,005,46,06,49,322,46,09,34,294,44,10,49,213,45,7*73
$GAGSV,3,2,11,11,53,260,43,12,33,186,39,19,17,062,36,21,11,052,32,7*7B
$GAGSV,3,3,11,23,32,101,44,31,24,158,42,36,22,314,37,7*4A
$GBGSV,2,1,08,06,56,035,43,08,34,129,41,09,71,033,47,13,52,123,47,1*73
$GBGSV,2,2,08,16,47,036,44,23,65,150,51,25,42,054,48,27,18,226,41,1*7E
$GBGSV,2,1,05,06,56,035,47,08,34,129,47,09,71,033,49,13,52,123,48,B*0E
$GBGSV,2,2,05,16,47,036,46,B*33
$GBGSV,4,1,13,01,03,096,,02,58,141,,03,34,114,,07,07,138,,0*7C
$GBGSV,4,2,13,10,08,148,,28,06,186,,30,12,276,,32,37,327,,0*74
$GBGSV,4,3,13,33,18,097,,37,23,199,,38,23,133,,39,39,036,,0*7F
$GBGSV,4,4,13,41,53,051,,0*42
$GQGSV,1,1,02,02,12,083,39,04,19,095,39,1*6D
$GQGSV,1,1,03,02,12,083,45,04,19,095,37,07,19,104,46,6*56
$GNGLL,2454.22970,N,06708.26844,E,174647.00,A,D*79
$GNRMC,174648.00,A,2454.22970,N,06708.26844,E,0.008,,300425,,,R,V*0B
$GNVTG,,T,,M,0.008,N,0.015,K,D*34
$GNGGA,174648.00,2454.22970,N,06708.26844,E,4,12,0.61,21.8,M,-44.2,M,1.0,0265*7D
$GNGSA,A,3,01,03,10,28,31,04,26,02,16,32,,,1.37,0.61,1.23,1*0C
$GNGSA,A,3,69,80,68,85,84,78,79,,,,,,1.37,0.61,1.23,2*09
$GNGSA,A,3,11,23,21,31,10,19,,,,,,,1.37,0.61,1.23,3*08
$GNGSA,A,3,06,08,13,16,09,25,27,23,,,,,1.37,0.61,1.23,4*07
$GNGSA,A,3,04,,,,,,,,,,,,1.37,0.61,1.23,5*03
$GPGSV,4,1,13,01,48,263,45,02,39,224,45,03,45,331,46,04,24,290,36,1*68
$GPGSV,4,2,13,10,12,129,34,16,24,157,42,26,42,128,45,28,35,037,44,1*6B
$GPGSV,4,3,13,31,63,031,48,32,16,068,42,40,59,208,49,41,56,146,47,1*6F
$GPGSV,4,4,13,42,19,104,45,1*5C
$GPGSV,2,1,08,01,48,263,47,03,45,331,44,04,24,290,40,10,12,129,32,6*66
$GPGSV,2,2,08,26,42,128,45,28,35,037,46,31,63,031,45,32,16,068,42,6*63
$GLGSV,2,1,08,68,24,070,47,69,41,012,50,70,09,309,31,78,18,034,43,1*73
$GLGSV,2,2,08,79,57,082,50,80,38,170,49,84,30,249,39,85,19,304,39,1*79
$GLGSV,2,1,07,68,24,070,46,69,41,012,48,78,18,034,47,79,57,082,48,3*7E
$GLGSV,2,2,07,80,38,170,48,84,30,249,46,85,19,304,41,3*41
$GLGSV,1,1,01,83,03,191,,0*49
$GAGSV,3,1,11,04,52,005,51,06,49,322,50,09,34,294,50,10,49,213,50,2*76
$GAGSV,3,2,11,11,53,260,47,12,33,186,46,19,17,062,39,21,11,052,44,2*7C
$GAGSV,3,3,11,23,32,101,50,31,24,158,47,36,22,314,44,2*4B
$GAGSV,3,1,11,04,52,005,46,06,49,322,46,09,34,294,44,10,49,213,46,7*70
$GAGSV,3,2,11,11,53,260,43,12,33,186,39,19,17,062,36,21,11,052,32,7*7B
$GAGSV,3,3,11,23,32,101,44,31,24,158,41,36,22,314,37,7*49
$GBGSV,2,1,08,06,56,035,43,08,34,129,41,09,71,033,47,13,52,123,47,1*73
$GBGSV,2,2,08,16,47,036,44,23,65,150,51,25,42,054,48,27,18,226,41,1*7E
$GBGSV,2,1,05,06,56,035,47,08,34,129,47,09,71,033,49,13,52,123,48,B*0E
$GBGSV,2,2,05,16,47,036,47,B*32
$GBGSV,4,1,13,01,03,096,,02,58,141,,03,34,114,,07,07,138,,0*7C
$GBGSV,4,2,13,10,08,148,,28,06,186,,30,12,276,,32,37,327,,0*74
$GBGSV,4,3,13,33,18,097,,37,23,199,,38,23,133,,39,39,036,,0*7F
$GBGSV,4,4,13,41,53,051,,0*42
$GQGSV,1,1,02,02,12,083,39,04,19,095,39,1*6D
$GQGSV,1,1,03,02,12,083,45,04,19,095,37,07,19,104,46,6*56
$GNGLL,2454.22970,N,06708.26844,E,174648.00,A,D*76
$GNRMC,174649.00,A,2454.22970,N,06708.26844,E,0.007,,300425,,,R,V*05
$GNVTG,,T,,M,0.007,N,0.013,K,D*3D
$GNGGA,174649.00,2454.22970,N,06708.26844,E,4,12,0.61,21.8,M,-44.2,M,1.0,0265*7C
$GNGSA,A,3,01,03,10,28,31,04,26,02,16,32,,,1.37,0.61,1.23,1*0C
$GNGSA,A,3,69,80,68,85,84,78,79,,,,,,1.37,0.61,1.23,2*09
$GNGSA,A,3,11,23,21,31,10,19,,,,,,,1.37,0.61,1.23,3*08
$GNGSA,A,3,06,08,13,16,09,25,27,23,,,,,1.37,0.61,1.23,4*07
$GNGSA,A,3,04,,,,,,,,,,,,1.37,0.61,1.23,5*03
$GPGSV,4,1,13,01,48,263,45,02,39,224,45,03,45,331,46,04,24,290,36,1*68
$GPGSV,4,2,13,10,12,129,34,16,24,157,42,26,42,128,45,28,35,037,44,1*6B
$GPGSV,4,3,13,31,63,031,48,32,16,068,42,40,59,208,48,41,56,146,47,1*6E
$GPGSV,4,4,13,42,19,104,45,1*5C
$GPGSV,2,1,08,01,48,263,48,03,45,331,44,04,24,290,40,10,12,129,32,6*69
$GPGSV,2,2,08,26,42,128,45,28,35,037,46,31,63,031,45,32,16,068,42,6*63
$GLGSV,2,1,08,68,24,070,47,69,41,012,50,70,09,309,31,78,18,034,43,1*73
$GLGSV,2,2,08,79,57,082,50,80,38,170,49,84,30,249,39,85,19,304,39,1*79
$GLGSV,2,1,07,68,24,070,46,69,41,012,48,78,18,034,47,79,57,082,48,3*7E
$GLGSV,2,2,07,80,38,170,48,84,30,249,46,85,19,304,41,3*41
$GLGSV,1,1,01,83,03,191,,0*49
$GAGSV,3,1,11,04,52,005,51,06,49,322,50,09,34,294,50,10,49,213,50,2*76
$GAGSV,3,2,11,11,53,260,47,12,33,186,46,19,17,062,39,21,11,052,44,2*7C
$GAGSV,3,3,11,23,32,101,50,31,24,158,47,36,22,314,44,2*4B
$GAGSV,3,1,11,04,52,005,46,06,49,322,46,09,34,294,44,10,49,213,46,7*70
$GAGSV,3,2,11,11,53,260,43,12,33,186,39,19,17,062,36,21,11,052,32,7*7B
$GAGSV,3,3,11,23,32,101,44,31,24,158,41,36,22,314,37,7*49
$GBGSV,2,1,08,06,56,035,43,08,34,129,41,09,71,033,47,13,52,123,47,1*73
$GBGSV,2,2,08,16,47,036,44,23,65,150,51,25,42,054,48,27,18,226,42,1*7D
$GBGSV,2,1,05,06,56,035,47,08,34,129,47,09,71,033,49,13,52,123,48,B*0E
$GBGSV,2,2,05,16,47,036,47,B*32
$GBGSV,4,1,13,01,03,096,,02,58,141,,03,34,114,,07,07,138,,0*7C
$GBGSV,4,2,13,10,08,148,,28,06,186,,30,12,276,,32,37,327,,0*74
$GBGSV,4,3,13,33,18,097,,37,23,199,,38,23,133,,39,39,036,,0*7F
$GBGSV,4,4,13,41,53,051,,0*42
$GQGSV,1,1,02,02,12,083,39,04,19,095,39,1*6D
$GQGSV,1,1,03,02,12,083,45,04,19,095,37,07,19,104,46,6*56
$GNGLL,2454.22970,N,06708.26844,E,174649.00,A,D*77
$GNRMC,174650.00,A,2454.22970,N,06708.26844,E,0.003,,300425,,,R,V*09
$GNVTG,,T,,M,0.003,N,0.006,K,D*3D
$GNGGA,174650.00,2454.22970,N,06708.26844,E,4,12,0.61,21.8,M,-44.2,M,1.0,0265*74
$GNGSA,A,3,01,03,10,28,31,04,26,02,16,32,,,1.37,0.61,1.23,1*0C
$GNGSA,A,3,69,80,68,85,84,78,79,,,,,,1.37,0.61,1.23,2*09
$GNGSA,A,3,11,23,21,31,10,19,,,,,,,1.37,0.61,1.23,3*08
$GNGSA,A,3,06,08,13,16,09,25,27,23,,,,,1.37,0.61,1.23,4*07
$GNGSA,A,3,04,,,,,,,,,,,,1.37,0.61,1.23,5*03
$GPGSV,4,1,13,01,48,263,45,02,39,224,45,03,45,331,46,04,24,290,36,1*68
$GPGSV,4,2,13,10,12,129,35,16,24,157,42,26,42,128,45,28,35,037,44,1*6A
$GPGSV,4,3,13,31,63,031,48,32,16,068,42,40,59,208,49,41,56,146,47,1*6F
$GPGSV,4,4,13,42,19,104,45,1*5C
$GPGSV,2,1,08,01,48,263,47,03,45,331,44,04,24,290,40,10,12,129,32,6*66
$GPGSV,2,2,08,26,42,128,45,28,35,037,46,31,63,031,45,32,16,068,42,6*63
$GLGSV,2,1,08,68,24,070,47,69,41,012,50,70,09,309,30,78,18,034,44,1*75
$GLGSV,2,2,08,79,57,082,50,80,38,170,49,84,30,249,39,85,19,304,40,1*77
$GLGSV,2,1,07,68,24,070,46,69,41,012,48,78,18,034,47,79,57,082,48,3*7E
$GLGSV,2,2,07,80,38,170,48,84,30,249,46,85,19,304,40,3*40
$GLGSV,1,1,01,83,03,191,,0*49
$GAGSV,3,1,11,04,52,005,51,06,49,322,50,09,34,295,50,10,49,213,50,2*77
$GAGSV,3,2,11,11,53,260,47,12,33,186,46,19,17,062,39,21,11,052,44,2*7C
$GAGSV,3,3,11,23,32,101,50,31,24,158,47,36,22,314,44,2*4B
$GAGSV,3,1,11,04,52,005,46,06,49,322,46,09,34,295,44,10,49,213,46,7*71
$GAGSV,3,2,11,11,53,260,43,12,33,186,39,19,17,062,36,21,11,052,32,7*7B
$GAGSV,3,3,11,23,32,101,44,31,24,158,41,36,22,314,37,7*49
$GBGSV,2,1,08,06,56,035,43,08,34,129,41,09,71,033,47,13,52,123,46,1*72
$GBGSV,2,2,08,16,47,036,44,23,65,150,51,25,42,054,48,27,18,226,41,1*7E
$GBGSV,2,1,05,06,56,035,47,08,34,129,47,09,71,033,49,13,52,123,48,B*0E
$GBGSV,2,2,05,16,47,036,46,B*33
$GBGSV,4,1,13,01,03,096,,02,58,141,,03,34,114,,07,07,138,,0*7C
$GBGSV,4,2,13,10,08,148,,28,06,186,,30,12,276,,32,37,327,,0*74
$GBGSV,4,3,13,33,18,097,,37,23,199,,38,23,133,,39,39,036,,0*7F
$GBGSV,4,4,13,41,53,051,,0*42
$GQGSV,1,1,02,02,12,083,39,04,19,095,39,1*6D
$GQGSV,1,1,03,02,12,083,45,04,19,095,37,07,19,104,46,6*56
$GNGLL,2454.22970,N,06708.26844,E,174650.00,A,D*7F
$GNRMC,174651.00,A,2454.22970,N,06708.26844,E,0.005,,300425,,,R,V*0E
$GNVTG,,T,,M,0.005,N,0.008,K,D*35
$GNGGA,174651.00,2454.22970,N,06708.26844,E,4,12,0.61,21.8,M,-44.2,M,1.0,0265*75
$GNGSA,A,3,01,03,10,28,31,04,26,02,16,32,,,1.37,0.61,1.23,1*0C
$GNGSA,A,3,69,80,68,85,84,78,79,,,,,,1.37,0.61,1.23,2*09
$GNGSA,A,3,11,23,21,31,10,19,,,,,,,1.37,0.61,1.23,3*08
$GNGSA,A,3,06,08,13,16,09,25,27,23,,,,,1.37,0.61,1.23,4*07
$GNGSA,A,3,04,,,,,,,,,,,,1.37,0.61,1.23,5*03
$GPGSV,4,1,13,01,48,263,45,02,39,224,45,03,45,331,46,04,24,290,36,1*68
$GPGSV,4,2,13,10,12,129,34,16,24,157,42,26,42,128,45,28,35,037,44,1*6B
$GPGSV,4,3,13,31,63,031,48,32,16,068,42,40,59,208,49,41,56,146,47,1*6F
$GPGSV,4,4,13,42,19,104,45,1*5C
$GPGSV,2,1,08,01,48,263,47,03,45,331,44,04,24,290,40,10,12,129,32,6*66
$GPGSV,2,2,08,26,42,128,45,28,35,037,45,31,63,031,45,32,16,068,42,6*60
$GLGSV,2,1,08,68,24,070,47,69,41,012,50,70,09,309,31,78,18,034,44,1*74
$GLGSV,2,2,08,79,57,082,50,80,38,170,49,84,30,249,39,85,19,304,39,1*79
$GLGSV,2,1,07,68,24,070,46,69,41,012,48,78,18,034,47,79,57,082,48,3*7E
$GLGSV,2,2,07,80,38,170,48,84,30,249,46,85,19,304,41,3*41
$GLGSV,1,1,01,83,03,191,,0*49
$GAGSV,3,1,11,04,52,005,51,06,49,322,50,09,34,295,50,10,48,212,50,2*77
$GAGSV,3,2,11,11,53,260,47,12,33,186,46,19,17,062,39,21,11,052,44,2*7C
$GAGSV,3,3,11,23,32,101,50,31,24,158,47,36,22,314,44,2*4B
$GAGSV,3,1,11,04,52,005,46,06,49,322,46,09,34,295,44,10,48,212,46,7*71
$GAGSV,3,2,11,11,53,260,43,12,33,186,39,19,17,062,36,21,11,052,32,7*7B
$GAGSV,3,3,11,23,32,101,44,31,24,158,41,36,22,314,37,7*49
$GBGSV,2,1,08,06,56,035,43,08,34,129,41,09,71,033,47,13,52,123,46,1*72
$GBGSV,2,2,08,16,47,036,44,23,65,150,51,25,42,054,48,27,18,226,41,1*7E
$GBGSV,2,1,05,06,56,035,47,08,34,129,47,09,71,033,49,13,52,123,48,B*0E
$GBGSV,2,2,05,16,47,036,46,B*33
$GBGSV,4,1,13,01,03,096,,02,58,141,,03,34,114,,07,07,138,,0*7C
$GBGSV,4,2,13,10,08,148,,28,06,186,,30,12,276,,32,37,327,,0*74
$GBGSV,4,3,13,33,18,097,,37,23,199,,38,23,133,,39,39,036,,0*7F
$GBGSV,4,4,13,41,53,051,,0*42
$GQGSV,1,1,02,02,12,083,39,04,19,095,39,1*6D
$GQGSV,1,1,03,02,12,083,45,04,19,095,37,07,19,104,46,6*56
$GNGLL,2454.22970,N,06708.26844,E,174651.00,A,D*7E
$GNRMC,174652.00,A,2454.22970,N,06708.26844,E,0.009,,300425,,,R,V*01
$GNVTG,,T,,M,0.009,N,0.017,K,D*37
$GNGGA,174652.00,2454.22970,N,06708.26844,E,4,12,0.61,21.8,M,-44.2,M,1.0,0265*76
$GNGSA,A,3,01,03,10,28,31,04,26,02,16,32,,,1.37,0.61,1.23,1*0C
$GNGSA,A,3,69,80,68,85,84,78,79,,,,,,1.37,0.61,1.23,2*09
$GNGSA,A,3,11,23,21,31,10,19,,,,,,,1.37,0.61,1.23,3*08
$GNGSA,A,3,06,08,13,16,09,25,27,23,,,,,1.37,0.61,1.23,4*07
$GNGSA,A,3,04,,,,,,,,,,,,1.37,0.61,1.23,5*03
$GPGSV,4,1,13,01,48,263,45,02,39,224,44,03,45,331,46,04,24,290,36,1*69
$GPGSV,4,2,13,10,12,129,34,16,24,157,42,26,42,128,45,28,35,037,44,1*6B
$GPGSV,4,3,13,31,63,031,48,32,16,068,42,40,59,208,48,41,56,146,47,1*6E
$GPGSV,4,4,13,42,19,104,45,1*5C
$GPGSV,2,1,08,01,48,263,47,03,45,331,44,04,24,290,40,10,12,129,32,6*66
$GPGSV,2,2,08,26,42,128,45,28,35,037,45,31,63,031,45,32,16,068,42,6*60
$GLGSV,3,1,09,68,24,070,47,69,41,012,50,70,09,309,31,78,18,034,43,1*73
$GLGSV,3,2,09,79,57,082,50,80,38,170,49,84,30,249,39,85,19,304,39,1*79
$GLGSV,3,3,09,,,,41,1*74
$GLGSV,2,1,07,68,24,070,46,69,41,012,48,78,18,034,47,79,57,082,48,3*7E
$GLGSV,2,2,07,80,38,170,48,84,30,249,46,85,19,304,41,3*41
$GLGSV,1,1,01,83,03,191,,0*49
$GAGSV,3,1,11,04,52,005,51,06,49,322,50,09,34,295,50,10,48,212,50,2*77
$GAGSV,3,2,11,11,53,259,47,12,33,186,46,19,17,062,39,21,11,052,44,2*76
$GAGSV,3,3,11,23,32,101,50,31,24,158,47,36,22,314,44,2*4B
$GAGSV,3,1,11,04,52,005,46,06,49,322,46,09,34,295,44,10,48,212,46,7*71
$GAGSV,3,2,11,11,53,259,43,12,33,186,39,19,17,062,36,21,11,052,32,7*71
$GAGSV,3,3,11,23,32,101,44,31,24,158,41,36,22,314,37,7*49
$GBGSV,2,1,08,06,56,035,43,08,34,129,41,09,71,033,47,13,52,123,46,1*72
$GBGSV,2,2,08,16,47,036,44,23,65,150,51,25,42,054,48,27,18,226,41,1*7E
$GBGSV,2,1,05,06,56,035,47,08,34,129,47,09,71,033,49,13,52,123,47,B*01
$GBGSV,2,2,05,16,47,036,46,B*33
$GBGSV,4,1,13,01,03,096,,02,58,141,,03,34,114,,07,07,138,,0*7C
$GBGSV,4,2,13,10,08,148,,28,06,186,,30,12,276,,32,37,327,,0*74
$GBGSV,4,3,13,33,18,097,,37,23,199,,38,23,133,,39,39,036,,0*7F
$GBGSV,4,4,13,41,53,051,,0*42
$GQGSV,1,1,02,02,12,083,39,04,19,095,39,1*6D
$GQGSV,1,1,03,02,12,083,45,04,19,095,37,07,19,104,46,6*56
$GNGLL,2454.22970,N,06708.26844,E,174652.00,A,D*7D
$GNRMC,174653.00,A,2454.22970,N,06708.26844,E,0.008,,300425,,,R,V*01
$GNVTG,,T,,M,0.008,N,0.014,K,D*35
$GNGGA,174653.00,2454.22970,N,06708.26844,E,4,12,0.61,21.8,M,-44.2,M,1.0,0265*77
$GNGSA,A,3,01,03,10,28,31,04,26,02,16,32,,,1.37,0.61,1.23,1*0C
$GNGSA,A,3,69,80,68,85,84,78,79,,,,,,1.37,0.61,1.23,2*09
$GNGSA,A,3,11,23,21,31,10,19,,,,,,,1.37,0.61,1.23,3*08
$GNGSA,A,3,06,08,13,16,09,25,27,23,,,,,1.37,0.61,1.23,4*07
$GNGSA,A,3,04,,,,,,,,,,,,1.37,0.61,1.23,5*03
$GPGSV,4,1,13,01,48,263,45,02,39,224,44,03,45,331,46,04,24,290,36,1*69
$GPGSV,4,2,13,10,12,129,35,16,24,157,42,26,42,128,45,28,35,037,44,1*6A
$GPGSV,4,3,13,31,63,031,48,32,16,068,42,40,59,208,48,41,56,146,47,1*6E
$GPGSV,4,4,13,42,19,104,45,1*5C
$GPGSV,2,1,08,01,48,263,48,03,45,331,44,04,24,290,40,10,12,129,32,6*69
$GPGSV,2,2,08,26,42,128,45,28,35,037,45,31,63,031,45,32,16,068,42,6*60
$GLGSV,3,1,09,68,24,070,47,69,41,012,50,70,09,309,31,78,18,034,44,1*74
$GLGSV,3,2,09,79,57,082,50,80,38,170,49,84,30,249,40,85,19,304,39,1*77
$GLGSV,3,3,09,,,,41,1*74
$GLGSV,2,1,07,68,24,070,46,69,41,012,48,78,18,034,47,79,57,082,48,3*7E
$GLGSV,2,2,07,80,38,170,48,84,30,249,46,85,19,304,40,3*40
$GLGSV,1,1,01,83,03,191,,0*49
$GAGSV,3,1,11,04,52,005,51,06,49,322,50,09,34,295,50,10,48,212,50,2*77
$GAGSV,3,2,11,11,53,259,47,12,33,186,46,19,17,062,39,21,11,052,44,2*76
$GAGSV,3,3,11,23,32,101,50,31,24,158,47,36,22,314,44,2*4B
$GAGSV,3,1,11,04,52,005,46,06,49,322,46,09,34,295,44,10,48,212,45,7*72
$GAGSV,3,2,11,11,53,259,43,12,33,186,39,19,17,062,37,21,11,052,32,7*70
$GAGSV,3,3,11,23,32,101,44,31,24,158,41,36,22,314,37,7*49
$GBGSV,2,1,08,06,56,035,43,08,34,129,41,09,71,033,47,13,52,123,46,1*72
$GBGSV,2,2,08,16,47,036,44,23,65,150,51,25,42,054,48,27,18,226,41,1*7E
$GBGSV,2,1,05,06,56,035,47,08,34,129,47,09,71,033,49,13,52,123,47,B*01
$GBGSV,2,2,05,16,47,036,46,B*33
$GBGSV,4,1,13,01,03,096,,02,58,141,,03,34,114,,07,07,138,,0*7C
$GBGSV,4,2,13,10,08,148,,28,06,186,,30,12,276,,32,37,327,,0*74
$GBGSV,4,3,13,33,18,097,,37,23,199,,38,23,133,,39,39,036,,0*7F
$GBGSV,4,4,13,41,53,051,,0*42
$GQGSV,1,1,02,02,12,083,39,04,19,095,39,1*6D
$GQGSV,1,1,03,02,12,083,45,04,19,095,37,07,19,104,46,6*56
$GNGLL,2454.22970,N,06708.26844,E,174653.00,A,D*7C
$GNRMC,174654.00,A,2454.22970,N,06708.26844,E,0.007,,300425,,,R,V*09
$GNVTG,,T,,M,0.007,N,0.013,K,D*3D
$GNGGA,174654.00,2454.22970,N,06708.26844,E,4,12,0.61,21.8,M,-44.2,M,1.0,0265*70
$GNGSA,A,3,01,03,10,28,31,04,26,02,16,32,,,1.37,0.61,1.23,1*0C
$GNGSA,A,3,69,80,68,85,84,78,79,,,,,,1.37,0.61,1.23,2*09
$GNGSA,A,3,11,23,21,31,10,19,,,,,,,1.37,0.61,1.23,3*08
$GNGSA,A,3,06,08,13,16,09,25,27,23,,,,,1.37,0.61,1.23,4*07
$GNGSA,A,3,04,,,,,,,,,,,,1.37,0.61,1.23,5*03
$GPGSV,4,1,13,01,48,263,45,02,39,224,44,03,45,331,46,04,24,290,36,1*69
$GPGSV,4,2,13,10,12,129,35,16,24,157,42,26,42,128,45,28,35,037,44,1*6A
$GPGSV,4,3,13,31,63,031,48,32,16,068,42,40,59,208,48,41,56,146,47,1*6E
$GPGSV,4,4,13,42,19,104,45,1*5C
$GPGSV,2,1,08,01,48,263,48,03,45,331,44,04,24,290,40,10,12,129,32,6*69
$GPGSV,2,2,08,26,42,128,45,28,35,037,45,31,63,031,45,32,16,068,42,6*60
$GLGSV,3,1,09,68,24,070,47,69,41,012,50,70,09,309,31,78,18,034,43,1*73
$GLGSV,3,2,09,79,57,082,50,80,38,170,49,84,30,249,39,85,19,304,39,1*79
$GLGSV,3,3,09,,,,42,1*77
$GLGSV,2,1,07,68,24,070,46,69,41,012,48,78,18,034,47,79,57,082,48,3*7E
$GLGSV,2,2,07,80,38,170,48,84,30,249,46,85,19,304,41,3*41
$GLGSV,1,1,01,83,03,191,,0*49
$GAGSV,3,1,11,04,52,005,51,06,49,322,50,09,34,295,50,10,48,212,50,2*77
$GAGSV,3,2,11,11,53,259,47,12,33,186,46,19,17,062,39,21,11,052,44,2*76
$GAGSV,3,3,11,23,32,101,50,31,24,158,47,36,22,314,44,2*4B
$GAGSV,3,1,11,04,52,005,46,06,49,322,46,09,34,295,44,10,48,212,45,7*72
$GAGSV,3,2,11,11,53,259,43,12,33,186,39,19,17,062,37,21,11,052,32,7*70
$GAGSV,3,3,11,23,32,101,44,31,24,158,41,36,22,314,38,7*46
$GBGSV,2,1,08,06,56,035,43,08,34,129,41,09,71,033,47,13,52,123,46,1*72
$GBGSV,2,2,08,16,47,036,44,23,65,150,51,25,42,054,48,27,18,226,41,1*7E
$GBGSV,2,1,05,06,56,035,47,08,34,129,47,09,71,033,49,13,52,123,47,B*01
$GBGSV,2,2,05,16,47,036,46,B*33
$GBGSV,4,1,13,01,03,096,,02,58,141,,03,34,114,,07,07,138,,0*7C
$GBGSV,4,2,13,10,08,148,,28,06,186,,30,12,276,,32,37,327,,0*74
$GBGSV,4,3,13,33,18,097,,37,23,199,,38,23,133,,39,39,036,,0*7F
$GBGSV,4,4,13,41,53,051,,0*42
$GQGSV,1,1,02,02,12,083,39,04,19,095,39,1*6D
$GQGSV,1,1,03,02,12,083,45,04,19,095,37,07,19,104,46,6*56
$GNGLL,2454.22970,N,06708.26844,E,174654.00,A,D*7B
$GNRMC,174655.00,A,2454.22970,N,06708.26844,E,0.001,,300425,,,R,V*0E
$GNVTG,,T,,M,0.001,N,0.002,K,D*3B
$GNGGA,174655.00,2454.22970,N,06708.26844,E,4,12,0.61,21.8,M,-44.2,M,1.0,0265*71
$GNGSA,A,3,01,03,10,28,31,04,26,02,16,32,,,1.37,0.61,1.23,1*0C
$GNGSA,A,3,69,80,68,85,84,78,79,,,,,,1.37,0.61,1.23,2*09
$GNGSA,A,3,11,23,21,31,10,19,,,,,,,1.37,0.61,1.23,3*08
$GNGSA,A,3,06,08,13,16,09,25,27,23,,,,,1.37,0.61,1.23,4*07
$GNGSA,A,3,04,,,,,,,,,,,,1.37,0.61,1.23,5*03
$GPGSV,4,1,13,01,48,263,45,02,39,224,44,03,45,331,46,04,24,290,36,1*69
$GPGSV,4,2,13,10,12,129,35,16,24,157,42,26,42,128,44,28,35,037,44,1*6B
$GPGSV,4,3,13,31,63,031,48,32,16,068,42,40,59,208,48,41,56,146,47,1*6E
$GPGSV,4,4,13,42,19,104,45,1*5C
$GPGSV,2,1,08,01,48,263,47,03,45,331,44,04,24,290,40,10,12,129,32,6*66
$GPGSV,2,2,08,26,42,128,45,28,35,037,45,31,63,031,45,32,16,068,41,6*63
$GLGSV,3,1,09,68,24,070,47,69,41,012,50,70,09,309,30,78,18,034,43,1*72
$GLGSV,3,2,09,79,57,082,50,80,38,170,49,84,30,249,40,85,19,304,39,1*77
$GLGSV,3,3,09,,,,42,1*77
$GLGSV,2,1,07,68,24,070,46,69,41,012,48,78,18,034,47,79,57,082,48,3*7E
$GLGSV,2,2,07,80,38,170,48,84,30,249,46,85,19,304,41,3*41
$GLGSV,1,1,01,83,03,191,,0*49
$GAGSV,3,1,11,04,52,005,51,06,49,322,50,09,34,295,50,10,48,212,50,2*77
$GAGSV,3,2,11,11,53,259,47,12,33,186,46,19,17,062,40,21,11,052,44,2*78
$GAGSV,3,3,11,23,32,101,50,31,24,158,47,36,22,314,44,2*4B
$GAGSV,3,1,11,04,52,005,46,06,49,322,46,09,34,295,44,10,48,212,45,7*72
$GAGSV,3,2,11,11,53,259,43,12,33,186,39,19,17,062,36,21,11,052,32,7*71
$GAGSV,3,3,11,23,32,101,44,31,24,158,41,36,22,314,38,7*46
$GBGSV,2,1,08,06,56,035,43,08,34,129,41,09,71,033,47,13,52,123,46,1*72
$GBGSV,2,2,08,16,47,036,44,23,65,150,51,25,42,054,48,27,18,226,41,1*7E
$GBGSV,2,1,05,06,56,035,47,08,34,129,47,09,71,033,49,13,52,123,47,B*01
$GBGSV,2,2,05,16,47,036,46,B*33
$GBGSV,4,1,13,01,03,096,,02,58,141,,03,34,114,,07,07,138,,0*7C
$GBGSV,4,2,13,10,08,148,,28,06,186,,30,12,276,,32,37,327,,0*74
$GBGSV,4,3,13,33,18,097,,37,23,199,,38,23,133,,39,39,036,,0*7F
$GBGSV,4,4,13,41,53,051,,0*42
$GQGSV,1,1,02,02,12,083,39,04,19,095,39,1*6D
$GQGSV,1,1,03,02,12,083,45,04,19,095,37,07,19,104,46,6*56
$GNGLL,2454.22970,N,06708.26844,E,174655.00,A,D*7A
$GNRMC,174656.00,A,2454.22970,N,06708.26844,E,0.003,,300425,,,R,V*0F
$GNVTG,,T,,M,0.003,N,0.005,K,D*3E
$GNGGA,174656.00,2454.22970,N,06708.26844,E,4,12,0.61,21.8,M,-44.2,M,1.0,0265*72
$GNGSA,A,3,01,03,10,28,31,04,26,02,16,32,,,1.37,0.61,1.23,1*0C
$GNGSA,A,3,69,80,68,85,84,78,79,,,,,,1.37,0.61,1.23,2*09
$GNGSA,A,3,11,23,21,31,10,19,,,,,,,1.37,0.61,1.23,3*08
$GNGSA,A,3,06,08,13,16,09,25,27,23,,,,,1.37,0.61,1.23,4*07
$GNGSA,A,3,04,,,,,,,,,,,,1.37,0.61,1.23,5*03
$GPGSV,4,1,13,01,48,263,45,02,39,224,44,03,45,331,46,04,24,290,36,1*69
$GPGSV,4,2,13,10,12,129,35,16,24,157,42,26,42,128,44,28,35,037,44,1*6B
$GPGSV,4,3,13,31,63,031,48,32,16,068,42,40,59,208,48,41,56,146,47,1*6E
$GPGSV,4,4,13,42,19,104,45,1*5C
$GPGSV,2,1,08,01,48,263,47,03,45,331,44,04,24,290,40,10,12,129,32,6*66
$GPGSV,2,2,08,26,42,128,45,28,35,037,45,31,63,031,45,32,16,068,42,6*60
$GLGSV,3,1,09,68,24,070,47,69,41,012,50,70,09,309,30,78,18,034,43,1*72
$GLGSV,3,2,09,79,57,082,50,80,38,170,49,84,30,249,40,85,19,304,39,1*77
$GLGSV,3,3,09,,,,42,1*77
$GLGSV,2,1,07,68,24,070,46,69,41,012,48,78,18,034,46,79,57,082,48,3*7F
$GLGSV,2,2,07,80,38,170,48,84,30,249,46,85,19,304,41,3*41
$GLGSV,1,1,01,83,03,191,,0*49
$GAGSV,3,1,11,04,52,005,51,06,49,322,50,09,34,295,50,10,48,212,50,2*77
$GAGSV,3,2,11,11,53,259,47,12,33,186,46,19,17,062,40,21,11,052,44,2*78
$GAGSV,3,3,11,23,32,101,50,31,24,158,47,36,22,314,44,2*4B
$GAGSV,3,1,11,04,52,005,46,06,49,322,46,09,34,295,44,10,48,212,45,7*72
$GAGSV,3,2,11,11,53,259,43,12,33,186,39,19,17,062,37,21,11,052,32,7*70
$GAGSV,3,3,11,23,32,101,44,31,24,158,41,36,22,314,38,7*46
$GBGSV,2,1,08,06,56,035,43,08,34,129,41,09,71,033,47,13,52,123,47,1*73
$GBGSV,2,2,08,16,47,036,44,23,65,150,51,25,42,054,48,27,18,226,41,1*7E
$GBGSV,2,1,05,06,56,035,47,08,34,129,47,09,71,033,49,13,52,123,47,B*01
$GBGSV,2,2,05,16,47,036,46,B*33
$GBGSV,4,1,13,01,03,096,,02,58,141,,03,34,114,,07,07,138,,0*7C
$GBGSV,4,2,13,10,08,148,,28,06,186,,30,12,276,,32,37,327,,0*74
$GBGSV,4,3,13,33,18,097,,37,23,199,,38,23,133,,39,39,036,,0*7F
$GBGSV,4,4,13,41,53,051,,0*42
$GQGSV,1,1,02,02,12,083,39,04,19,095,40,1*63
$GQGSV,1,1,03,02,12,083,45,04,19,095,37,07,19,104,46,6*56
$GNGLL,2454.22970,N,06708.26844,E,174656.00,A,D*79
$GNRMC,174657.00,A,2454.22970,N,06708.26844,E,0.005,,300425,,,R,V*08
$GNVTG,,T,,M,0.005,N,0.009,K,D*34
$GNGGA,174657.00,2454.22970,N,06708.26844,E,4,12,0.61,21.8,M,-44.2,M,1.0,0265*73
$GNGSA,A,3,01,03,10,28,31,04,26,02,16,32,,,1.37,0.61,1.23,1*0C
$GNGSA,A,3,69,80,68,85,84,78,79,,,,,,1.37,0.61,1.23,2*09
$GNGSA,A,3,11,23,21,31,10,19,,,,,,,1.37,0.61,1.23,3*08
$GNGSA,A,3,06,08,13,16,09,25,27,23,,,,,1.37,0.61,1.23,4*07
$GNGSA,A,3,04,,,,,,,,,,,,1.37,0.61,1.23,5*03
$GPGSV,4,1,13,01,48,263,45,02,39,224,45,03,45,331,46,04,24,290,37,1*69
$GPGSV,4,2,13,10,12,129,35,16,24,157,42,26,42,128,44,28,35,037,44,1*6B
$GPGSV,4,3,13,31,63,031,48,32,16,068,42,40,59,208,48,41,56,146,47,1*6E
$GPGSV,4,4,13,42,19,104,45,1*5C
$GPGSV,1,1,01,02,39,224,12,5*5E
$GPGSV,2,1,08,01,48,263,47,03,45,331,44,04,24,290,40,10,12,129,32,6*66
$GPGSV,2,2,08,26,42,128,45,28,35,037,45,31,63,031,45,32,16,068,42,6*60
$GLGSV,3,1,09,68,24,070,47,69,41,012,50,70,09,309,30,78,18,034,44,1*75
$GLGSV,3,2,09,79,57,082,50,80,38,170,49,84,30,249,39,85,19,304,39,1*79
$GLGSV,3,3,09,,,,42,1*77
$GLGSV,2,1,07,68,24,070,46,69,41,012,48,78,18,034,47,79,57,082,48,3*7E
$GLGSV,2,2,07,80,38,170,48,84,30,249,46,85,19,304,41,3*41
$GLGSV,1,1,01,83,03,191,,0*49
$GAGSV,3,1,11,04,52,005,51,06,49,322,50,09,34,295,50,10,48,212,50,2*77
$GAGSV,3,2,11,11,53,259,47,12,33,186,46,19,16,062,40,21,11,052,44,2*79
$GAGSV,3,3,11,23,32,101,50,31,24,158,47,36,22,314,44,2*4B
$GAGSV,3,1,11,04,52,005,46,06,49,322,46,09,34,295,44,10,48,212,45,7*72
$GAGSV,3,2,11,11,53,259,43,12,33,186,39,19,16,062,37,21,11,052,32,7*71
$GAGSV,3,3,11,23,32,101,44,31,24,158,41,36,22,314,37,7*49
$GBGSV,2,1,08,06,56,035,43,08,34,129,41,09,71,033,47,13,52,123,47,1*73
$GBGSV,2,2,08,16,47,036,44,23,65,150,51,25,42,054,48,27,18,226,41,1*7E
$GBGSV,2,1,05,06,56,035,47,08,34,129,47,09,71,033,49,13,52,123,47,B*01
$GBGSV,2,2,05,16,47,036,46,B*33
$GBGSV,4,1,13,01,03,096,,02,58,141,,03,34,114,,07,07,138,,0*7C
$GBGSV,4,2,13,10,08,148,,28,06,186,,30,12,276,,32,37,327,,0*74
$GBGSV,4,3,13,33,18,097,,37,23,199,,38,23,133,,39,39,036,,0*7F
$GBGSV,4,4,13,41,53,051,,0*42
$GQGSV,1,1,02,02,12,083,39,04,19,095,40,1*63
$GQGSV,1,1,03,02,12,083,45,04,19,095,37,07,19,104,46,6*56
$GNGLL,2454.22970,N,06708.26844,E,174657.00,A,D*78
$GNRMC,174658.00,A,2454.22970,N,06708.26844,E,0.005,,300425,,,R,V*07
$GNVTG,,T,,M,0.005,N,0.009,K,D*34
$GNGGA,174658.00,2454.22970,N,06708.26844,E,4,12,0.61,21.8,M,-44.2,M,1.0,0265*7C
$GNGSA,A,3,01,03,10,28,31,04,26,02,16,32,,,1.37,0.61,1.23,1*0C
$GNGSA,A,3,69,80,68,85,84,78,79,,,,,,1.37,0.61,1.23,2*09
$GNGSA,A,3,11,23,21,31,10,19,,,,,,,1.37,0.61,1.23,3*08
$GNGSA,A,3,06,08,13,16,09,25,27,23,,,,,1.37,0.61,1.23,4*07
$GNGSA,A,3,04,,,,,,,,,,,,1.37,0.61,1.23,5*03
$GPGSV,4,1,13,01,48,263,45,02,39,224,44,03,45,331,46,04,24,290,37,1*68
$GPGSV,4,2,13,10,12,129,35,16,24,157,42,26,42,128,44,28,35,037,44,1*6B
$GPGSV,4,3,13,31,63,031,48,32,16,068,42,40,59,208,48,41,56,146,47,1*6E
$GPGSV,4,4,13,42,19,104,45,1*5C
$GPGSV,3,1,09,01,48,263,48,02,39,224,10,03,45,331,44,04,24,290,40,6*6D
$GPGSV,3,2,09,10,12,129,32,26,42,128,45,28,35,037,45,31,63,031,45,6*67
$GPGSV,3,3,09,32,16,068,42,6*54
$GLGSV,3,1,09,68,24,070,47,69,41,012,50,70,09,309,30,78,18,034,44,1*75
$GLGSV,3,2,09,79,57,082,50,80,38,170,49,84,30,249,39,85,19,304,39,1*79
$GLGSV,3,3,09,,,,42,1*77
$GLGSV,2,1,07,68,24,070,46,69,41,012,48,78,18,034,47,79,57,082,48,3*7E
$GLGSV,2,2,07,80,38,170,48,84,30,249,46,85,19,304,41,3*41
$GLGSV,1,1,01,83,03,191,,0*49
$GAGSV,3,1,11,04,52,005,51,06,49,322,50,09,34,295,50,10,48,212,50,2*77
$GAGSV,3,2,11,11,53,259,47,12,33,186,46,19,16,062,40,21,11,051,44,2*7A
$GAGSV,3,3,11,23,32,101,50,31,24,158,47,36,22,314,44,2*4B
$GAGSV,3,1,11,04,52,005,46,06,49,322,46,09,34,295,44,10,48,212,45,7*72
$GAGSV,3,2,11,11,53,259,43,12,33,186,39,19,16,062,37,21,11,051,32,7*72
$GAGSV,3,3,11,23,32,101,44,31,24,158,41,36,22,314,38,7*46
$GBGSV,2,1,08,06,56,035,43,08,34,129,41,09,71,033,47,13,52,123,46,1*72
$GBGSV,2,2,08,16,47,036,44,23,65,150,51,25,42,054,47,27,18,226,41,1*71
$GBGSV,2,1,05,06,56,035,47,08,34,129,47,09,71,033,49,13,52,123,47,B*01
$GBGSV,2,2,05,16,47,036,46,B*33
$GBGSV,4,1,13,01,03,096,,02,58,141,,03,34,114,,07,07,138,,0*7C
$GBGSV,4,2,13,10,08,148,,28,06,186,,30,12,276,,32,37,327,,0*74
$GBGSV,4,3,13,33,18,097,,37,23,199,,38,23,133,,39,39,036,,0*7F
$GBGSV,4,4,13,41,53,051,,0*42
$GQGSV,1,1,02,02,12,083,39,04,19,095,40,1*63
$GQGSV,1,1,03,02,12,083,45,04,19,095,37,07,19,104,46,6*56
$GNGLL,2454.22970,N,06708.26844,E,174658.00,A,D*77
$GNRMC,174659.00,A,2454.22970,N,06708.26844,E,0.010,,300425,,,R,V*02
$GNVTG,,T,,M,0.010,N,0.018,K,D*30
$GNGGA,174659.00,2454.22970,N,06708.26844,E,4,12,0.61,21.8,M,-44.2,M,1.0,0265*7D
$GNGSA,A,3,01,03,10,28,31,04,26,02,16,32,,,1.37,0.61,1.23,1*0C
$GNGSA,A,3,69,80,68,85,84,78,79,,,,,,1.37,0.61,1.23,2*09
$GNGSA,A,3,11,23,21,31,10,19,,,,,,,1.37,0.61,1.23,3*08
$GNGSA,A,3,06,08,13,16,09,25,27,23,,,,,1.37,0.61,1.23,4*07
$GNGSA,A,3,04,,,,,,,,,,,,1.37,0.61,1.23,5*03
$GPGSV,4,1,13,01,48,263,45,02,39,224,44,03,45,331,46,04,24,290,37,1*68
$GPGSV,4,2,13,10,12,129,35,16,24,157,42,26,42,128,44,28,35,037,44,1*6B
$GPGSV,4,3,13,31,63,031,48,32,16,068,42,40,59,208,48,41,56,146,47,1*6E
$GPGSV,4,4,13,42,19,104,45,1*5C
$GPGSV,3,1,09,01,48,263,47,02,39,224,07,03,45,331,44,04,24,290,40,6*64
$GPGSV,3,2,09,10,12,129,32,26,42,128,45,28,35,037,45,31,63,031,45,6*67
$GPGSV,3,3,09,32,16,068,41,6*57
$GLGSV,3,1,09,68,24,070,47,69,41,012,50,70,09,309,29,78,18,034,44,1*7D
$GLGSV,3,2,09,79,57,082,50,80,38,170,49,84,30,249,39,85,19,304,39,1*79
$GLGSV,3,3,09,,,,43,1*76
$GLGSV,2,1,07,68,24,070,46,69,41,012,48,78,18,034,46,79,57,082,48,3*7F
$GLGSV,2,2,07,80,38,170,48,84,30,249,46,85,19,304,41,3*41
$GLGSV,1,1,01,83,03,191,,0*49
$GAGSV,3,1,11,04,52,005,51,06,49,322,50,09,34,295,50,10,48,212,50,2*77
$GAGSV,3,2,11,11,53,259,47,12,33,186,46,19,16,062,40,21,11,051,44,2*7A
$GAGSV,3,3,11,23,33,100,50,31,24,158,47,36,22,314,44,2*4B
$GAGSV,3,1,11,04,52,005,46,06,49,322,46,09,34,295,44,10,48,212,45,7*72
$GAGSV,3,2,11,11,53,259,43,12,33,186,39,19,16,062,37,21,11,051,33,7*73
$GAGSV,3,3,11,23,33,100,44,31,24,158,41,36,22,314,38,7*46
$GBGSV,2,1,08,06,56,035,43,08,34,129,41,09,71,033,47,13,52,123,47,1*73
$GBGSV,2,2,08,16,47,036,44,23,65,150,51,25,42,054,47,27,18,226,42,1*72
$GBGSV,2,1,05,06,56,035,47,08,34,129,47,09,71,033,49,13,52,123,47,B*01
$GBGSV,2,2,05,16,47,036,46,B*33
$GBGSV,4,1,13,01,03,096,,02,58,141,,03,34,114,,07,07,138,,0*7C
$GBGSV,4,2,13,10,08,148,,28,06,186,,30,12,276,,32,37,327,,0*74
$GBGSV,4,3,13,33,18,097,,37,23,199,,38,23,133,,39,39,036,,0*7F
$GBGSV,4,4,13,41,53,051,,0*42
$GQGSV,1,1,02,02,12,083,39,04,19,095,40,1*63
$GQGSV,1,1,03,02,12,083,45,04,19,095,37,07,19,104,46,6*56
$GNGLL,2454.22970,N,06708.26844,E,174659.00,A,D*76
$GNRMC,174700.00,A,2454.22970,N,06708.26844,E,0.009,,300425,,,R,V*07
$GNVTG,,T,,M,0.009,N,0.018,K,D*38
$GNGGA,174700.00,2454.22970,N,06708.26844,E,4,12,0.61,21.8,M,-44.2,M,1.0,0265*70
$GNGSA,A,3,01,03,10,28,31,04,26,02,16,32,,,1.37,0.61,1.23,1*0C
$GNGSA,A,3,69,80,68,85,84,78,79,,,,,,1.37,0.61,1.23,2*09
$GNGSA,A,3,11,23,21,31,10,19,,,,,,,1.37,0.61,1.23,3*08
$GNGSA,A,3,06,08,13,16,09,25,27,23,,,,,1.37,0.61,1.23,4*07
$GNGSA,A,3,04,,,,,,,,,,,,1.37,0.61,1.23,5*03
$GPGSV,4,1,13,01,48,263,45,02,39,224,45,03,45,331,46,04,24,290,37,1*69
$GPGSV,4,2,13,10,12,129,35,16,24,157,41,26,42,128,44,28,35,037,44,1*68
$GPGSV,4,3,13,31,63,031,48,32,16,068,41,40,59,208,48,41,56,146,47,1*6D
$GPGSV,4,4,13,42,19,104,45,1*5C
$GPGSV,2,1,08,01,48,263,47,03,45,331,44,04,24,290,40,10,12,129,32,6*66
$GPGSV,2,2,08,26,42,128,45,28,35,037,45,31,63,031,45,32,16,068,41,6*63
$GLGSV,3,1,09,68,24,070,46,69,41,012,50,70,09,309,29,78,18,034,44,1*7C
$GLGSV,3,2,09,79,57,082,50,80,38,170,49,84,30,249,39,85,19,304,39,1*79
$GLGSV,3,3,09,,,,43,1*76
$GLGSV,2,1,07,68,24,070,46,69,41,012,48,78,18,034,46,79,57,082,48,3*7F
$GLGSV,2,2,07,80,38,170,48,84,30,249,46,85,19,304,41,3*41
$GLGSV,1,1,01,83,03,191,,0*49
$GAGSV,3,1,11,04,52,005,51,06,49,322,50,09,34,295,50,10,48,212,50,2*77
$GAGSV,3,2,11,11,53,259,47,12,33,186,46,19,16,062,40,21,11,051,44,2*7A
$GAGSV,3,3,11,23,33,100,50,31,24,158,47,36,22,314,44,2*4B
$GAGSV,3,1,11,04,52,005,46,06,49,322,46,09,34,295,44,10,48,212,45,7*72
$GAGSV,3,2,11,11,53,259,43,12,33,186,39,19,16,062,37,21,11,051,33,7*73
$GAGSV,3,3,11,23,33,100,44,31,24,158,41,36,22,314,38,7*46
$GBGSV,2,1,08,06,56,035,43,08,34,129,41,09,71,033,47,13,52,123,47,1*73
$GBGSV,2,2,08,16,47,036,44,23,65,150,51,25,42,054,47,27,18,226,41,1*71
$GBGSV,2,1,05,06,56,035,47,08,34,129,47,09,71,033,49,13,52,123,47,B*01
$GBGSV,2,2,05,16,47,036,46,B*33
$GBGSV,4,1,13,01,03,096,,02,58,141,,03,34,114,,07,07,138,,0*7C
$GBGSV,4,2,13,10,08,148,,28,06,186,,30,12,276,,32,37,327,,0*74
$GBGSV,4,3,13,33,18,097,,37,23,199,,38,23,133,,39,39,036,,0*7F
$GBGSV,4,4,13,41,53,051,,0*42
$GQGSV,1,1,02,02,12,083,39,04,19,095,40,1*63
$GQGSV,1,1,03,02,12,083,45,04,19,095,37,07,19,104,46,6*56
$GNGLL,2454.22970,N,06708.26844,E,174700.00,A,D*7B
$GNRMC,174701.00,A,2454.22970,N,06708.26845,E,0.023,,300425,,,R,V*0F
$GNVTG,,T,,M,0.023,N,0.042,K,D*3F
$GNGGA,174701.00,2454.22970,N,06708.26845,E,4,12,0.61,21.8,M,-44.2,M,1.0,0265*70
$GNGSA,A,3,01,03,10,28,31,04,26,02,16,32,,,1.37,0.61,1.23,1*0C
$GNGSA,A,3,69,80,68,85,84,78,79,,,,,,1.37,0.61,1.23,2*09
$GNGSA,A,3,11,23,21,31,10,19,,,,,,,1.37,0.61,1.23,3*08
$GNGSA,A,3,06,08,13,16,09,25,27,23,,,,,1.37,0.61,1.23,4*07
$GNGSA,A,3,04,,,,,,,,,,,,1.37,0.61,1.23,5*03
$GPGSV,4,1,13,01,48,263,45,02,39,224,45,03,45,331,46,04,24,290,37,1*69
$GPGSV,4,2,13,10,12,129,35,16,24,157,41,26,42,128,44,28,35,037,44,1*68
$GPGSV,4,3,13,31,63,031,48,32,16,068,41,40,59,208,48,41,56,146,47,1*6D
$GPGSV,4,4,13,42,19,104,45,1*5C
$GPGSV,2,1,08,01,48,263,47,03,45,331,44,04,24,290,40,10,12,129,31,6*65
$GPGSV,2,2,08,26,42,128,45,28,35,037,45,31,63,031,45,32,16,068,42,6*60
$GLGSV,3,1,09,68,24,070,47,69,41,012,50,70,09,309,29,78,18,034,44,1*7D
$GLGSV,3,2,09,79,57,082,50,80,38,170,49,84,30,249,39,85,19,304,39,1*79
$GLGSV,3,3,09,,,,43,1*76
$GLGSV,2,1,07,68,24,070,46,69,41,012,48,78,18,034,46,79,57,082,48,3*7F
$GLGSV,2,2,07,80,38,170,48,84,30,249,46,85,19,304,41,3*41
$GLGSV,1,1,01,83,03,191,,0*49
$GAGSV,3,1,11,04,52,005,51,06,49,322,50,09,34,295,50,10,48,212,50,2*77
$GAGSV,3,2,11,11,53,259,47,12,33,186,46,19,16,062,40,21,11,051,43,2*7D
$GAGSV,3,3,11,23,33,100,50,31,24,158,47,36,22,314,44,2*4B
$GAGSV,3,1,11,04,52,005,46,06,49,322,46,09,34,295,44,10,48,212,45,7*72
$GAGSV,3,2,11,11,53,259,43,12,33,186,39,19,16,062,37,21,11,051,34,7*74
$GAGSV,3,3,11,23,33,100,44,31,24,158,42,36,22,314,38,7*45
$GBGSV,2,1,08,06,56,035,43,08,34,129,41,09,71,033,47,13,52,123,47,1*73
$GBGSV,2,2,08,16,47,036,44,23,65,150,51,25,42,054,47,27,18,226,41,1*71
$GBGSV,2,1,05,06,56,035,47,08,34,129,47,09,71,033,49,13,52,123,47,B*01
$GBGSV,2,2,05,16,47,036,46,B*33
$GBGSV,4,1,13,01,03,096,,02,58,141,,03,34,114,,07,07,138,,0*7C
$GBGSV,4,2,13,10,08,148,,28,06,186,,30,12,276,,32,37,327,,0*74
$GBGSV,4,3,13,33,18,097,,37,23,199,,38,23,133,,39,39,036,,0*7F
$GBGSV,4,4,13,41,53,051,,0*42
$GQGSV,1,1,02,02,12,083,37,04,19,095,40,1*6D
$GQGSV,1,1,03,02,12,083,45,04,19,095,37,07,19,104,46,6*56
$GNGLL,2454.22970,N,06708.26845,E,174701.00,A,D*7B
$GNRMC,174702.00,A,2454.22970,N,06708.26845,E,0.004,,300425,,,R,V*09
$GNVTG,,T,,M,0.004,N,0.007,K,D*3B
$GNGGA,174702.00,2454.22970,N,06708.26845,E,4,12,0.61,21.8,M,-44.2,M,1.0,0265*73
$GNGSA,A,3,01,03,10,28,31,04,26,02,16,32,,,1.37,0.61,1.23,1*0C
$GNGSA,A,3,69,80,68,85,84,78,79,,,,,,1.37,0.61,1.23,2*09
$GNGSA,A,3,11,23,21,31,10,19,,,,,,,1.37,0.61,1.23,3*08
$GNGSA,A,3,06,08,13,16,09,25,27,23,,,,,1.37,0.61,1.23,4*07
$GNGSA,A,3,04,,,,,,,,,,,,1.37,0.61,1.23,5*03
$GPGSV,4,1,13,01,48,263,45,02,39,224,45,03,45,331,46,04,24,290,37,1*69
$GPGSV,4,2,13,10,12,129,34,16,24,157,41,26,42,128,44,28,35,037,44,1*69
$GPGSV,4,3,13,31,63,031,48,32,16,068,41,40,59,208,48,41,56,146,47,1*6D
$GPGSV,4,4,13,42,19,104,45,1*5C
$GPGSV,2,1,08,01,48,263,47,03,45,331,44,04,24,290,40,10,12,129,29,6*6C
$GPGSV,2,2,08,26,42,128,45,28,35,037,45,31,63,031,45,32,16,068,42,6*60
$GLGSV,3,1,09,68,24,070,47,69,41,012,50,70,09,309,28,78,18,034,43,1*7B
$GLGSV,3,2,09,79,57,082,50,80,38,170,49,84,30,249,39,85,19,304,39,1*79
$GLGSV,3,3,09,,,,43,1*76
$GLGSV,2,1,07,68,24,070,46,69,41,012,48,78,18,034,46,79,57,082,48,3*7F
$GLGSV,2,2,07,80,38,170,48,84,30,249,46,85,19,304,41,3*41
$GLGSV,1,1,01,83,03,191,,0*49
$GAGSV,3,1,11,04,52,005,51,06,49,322,51,09,34,295,50,10,48,212,50,2*76
$GAGSV,3,2,11,11,53,259,47,12,33,186,46,19,16,062,40,21,11,051,43,2*7D
$GAGSV,3,3,11,23,33,100,50,31,24,158,47,36,22,314,44,2*4B
$GAGSV,3,1,11,04,52,005,46,06,49,322,46,09,34,295,44,10,48,212,45,7*72
$GAGSV,3,2,11,11,53,259,43,12,33,186,39,19,16,062,37,21,11,051,36,7*76
$GAGSV,3,3,11,23,33,100,44,31,24,158,42,36,22,314,38,7*45
$GBGSV,2,1,08,06,56,035,43,08,34,129,41,09,71,033,47,13,52,123,47,1*73
$GBGSV,2,2,08,16,47,036,44,23,65,150,51,25,42,054,47,27,18,226,42,1*72
$GBGSV,2,1,05,06,56,035,47,08,34,129,47,09,71,033,49,13,52,123,47,B*01
$GBGSV,2,2,05,16,47,036,46,B*33
$GBGSV,4,1,13,01,03,096,,02,58,141,,03,34,114,,07,07,138,,0*7C
$GBGSV,4,2,13,10,08,148,,28,06,186,,30,12,276,,32,37,327,,0*74
$GBGSV,4,3,13,33,18,097,,37,23,199,,38,23,133,,39,39,036,,0*7F
$GBGSV,4,4,13,41,53,051,,0*42
$GQGSV,1,1,02,02,12,083,36,04,19,095,40,1*6C
$GQGSV,1,1,03,02,12,083,45,04,19,095,38,07,19,104,46,6*59
$GNGLL,2454.22970,N,06708.26845,E,174702.00,A,D*78
$GNRMC,174703.00,A,2454.22970,N,06708.26845,E,0.007,,300425,,,R,V*0B
$GNVTG,,T,,M,0.007,N,0.013,K,D*3D
$GNGGA,174703.00,2454.22970,N,06708.26845,E,4,12,0.61,21.8,M,-44.2,M,1.0,0265*72
$GNGSA,A,3,01,03,10,28,31,04,26,02,16,32,,,1.37,0.61,1.23,1*0C
$GNGSA,A,3,69,80,68,85,84,78,79,,,,,,1.37,0.61,1.23,2*09
$GNGSA,A,3,11,23,21,31,10,19,,,,,,,1.37,0.61,1.23,3*08
$GNGSA,A,3,06,08,13,16,09,25,27,23,,,,,1.37,0.61,1.23,4*07
$GNGSA,A,3,04,,,,,,,,,,,,1.37,0.61,1.23,5*03
$GPGSV,4,1,13,01,48,263,45,02,39,224,45,03,45,331,46,04,24,290,37,1*69
$GPGSV,4,2,13,10,12,129,34,16,24,157,41,26,42,128,44,28,35,037,44,1*69
$GPGSV,4,3,13,31,63,031,48,32,16,068,41,40,59,208,48,41,56,146,47,1*6D
$GPGSV,4,4,13,42,19,104,45,1*5C
$GPGSV,2,1,08,01,48,263,47,03,45,331,44,04,24,290,40,10,12,129,28,6*6D
$GPGSV,2,2,08,26,42,128,45,28,35,037,45,31,63,031,45,32,16,068,43,6*61
$GLGSV,3,1,09,68,24,070,47,69,41,012,50,70,09,309,28,78,18,034,43,1*7B
$GLGSV,3,2,09,79,57,082,50,80,38,170,49,84,30,249,39,85,19,304,39,1*79
$GLGSV,3,3,09,,,,43,1*76
$GLGSV,2,1,07,68,24,070,46,69,41,012,48,78,18,034,46,79,57,082,48,3*7F
$GLGSV,2,2,07,80,38,170,48,84,30,249,46,85,19,304,41,3*41
$GLGSV,1,1,01,83,03,191,,0*49
$GAGSV,3,1,11,04,52,005,51,06,49,322,51,09,34,295,50,10,48,212,50,2*76
$GAGSV,3,2,11,11,53,259,47,12,33,186,46,19,16,062,41,21,11,051,43,2*7C
$GAGSV,3,3,11,23,33,100,51,31,24,158,47,36,22,314,44,2*4A
$GAGSV,3,1,11,04,52,005,46,06,49,322,46,09,34,295,44,10,48,212,45,7*72
$GAGSV,3,2,11,11,53,259,43,12,33,186,39,19,16,062,37,21,11,051,36,7*76
$GAGSV,3,3,11,23,33,100,44,31,24,158,42,36,22,314,38,7*45
$GBGSV,2,1,08,06,56,035,43,08,34,129,41,09,71,033,47,13,52,123,47,1*73
$GBGSV,2,2,08,16,47,036,44,23,65,150,51,25,42,054,47,27,18,226,42,1*72
$GBGSV,2,1,05,06,56,035,47,08,34,129,47,09,71,033,49,13,52,123,47,B*01
$GBGSV,2,2,05,16,47,036,46,B*33
$GBGSV,4,1,13,01,03,096,,02,58,141,,03,34,114,,07,07,138,,0*7C
$GBGSV,4,2,13,10,08,148,,28,06,186,,30,12,276,,32,37,327,,0*74
$GBGSV,4,3,13,33,18,097,,37,23,199,,38,23,133,,39,39,036,,0*7F
$GBGSV,4,4,13,41,53,051,,0*42
$GQGSV,1,1,02,02,12,083,37,04,19,095,40,1*6D
$GQGSV,1,1,03,02,12,083,44,04,19,095,38,07,19,104,46,6*58
$GNGLL,2454.22970,N,06708.26845,E,174703.00,A,D*79
$GNRMC,174704.00,A,2454.22970,N,06708.26845,E,0.004,,300425,,,R,V*0F
$GNVTG,,T,,M,0.004,N,0.007,K,D*3B
$GNGGA,174704.00,2454.22970,N,06708.26845,E,4,12,0.61,21.8,M,-44.2,M,1.0,0265*75
$GNGSA,A,3,01,03,10,28,31,04,26,02,16,32,,,1.37,0.61,1.23,1*0C
$GNGSA,A,3,69,80,68,85,84,78,79,,,,,,1.37,0.61,1.23,2*09
$GNGSA,A,3,11,23,21,31,10,19,,,,,,,1.37,0.61,1.23,3*08
$GNGSA,A,3,06,08,13,16,09,25,27,23,,,,,1.37,0.61,1.23,4*07
$GNGSA,A,3,04,,,,,,,,,,,,1.37,0.61,1.23,5*03
$GPGSV,4,1,13,01,48,263,45,02,39,224,45,03,45,331,46,04,24,290,37,1*69
$GPGSV,4,2,13,10,12,129,34,16,24,157,41,26,42,128,44,28,35,037,44,1*69
$GPGSV,4,3,13,31,63,031,48,32,16,068,41,40,59,208,48,41,56,146,47,1*6D
$GPGSV,4,4,13,42,19,104,45,1*5C
$GPGSV,2,1,08,01,48,263,47,03,45,331,44,04,24,290,40,10,12,129,27,6*62
$GPGSV,2,2,08,26,42,128,45,28,35,037,45,31,63,031,45,32,16,068,43,6*61
$GLGSV,3,1,09,68,24,070,47,69,41,012,50,70,09,309,28,78,18,034,43,1*7B
$GLGSV,3,2,09,79,57,082,50,80,38,170,49,84,30,249,39,85,19,304,39,1*79
$GLGSV,3,3,09,,,,43,1*76
$GLGSV,2,1,07,68,24,070,46,69,41,012,48,78,18,034,46,79,57,082,48,3*7F
$GLGSV,2,2,07,80,38,170,48,84,30,249,46,85,19,304,41,3*41
$GLGSV,1,1,01,83,03,191,,0*49
$GAGSV,3,1,11,04,52,005,51,06,49,322,50,09,34,295,50,10,48,212,50,2*77
$GAGSV,3,2,11,11,53,259,47,12,33,186,46,19,16,062,40,21,11,051,43,2*7D
$GAGSV,3,3,11,23,33,100,50,31,24,158,47,36,22,314,44,2*4B
$GAGSV,3,1,11,04,52,005,46,06,49,322,46,09,34,295,44,10,48,212,45,7*72
$GAGSV,3,2,11,11,53,259,43,12,33,186,38,19,16,062,37,21,11,051,36,7*77
$GAGSV,3,3,11,23,33,100,44,31,24,158,42,36,22,314,38,7*45
$GBGSV,2,1,08,06,56,035,43,08,34,129,41,09,71,033,47,13,52,123,47,1*73
$GBGSV,2,2,08,16,47,036,44,23,65,150,51,25,42,054,47,27,18,226,41,1*71
$GBGSV,2,1,05,06,56,035,47,08,34,129,47,09,71,033,49,13,52,123,47,B*01
$GBGSV,2,2,05,16,47,036,46,B*33
$GBGSV,4,1,13,01,03,096,,02,58,141,,03,34,114,,07,07,138,,0*7C
$GBGSV,4,2,13,10,08,148,,28,06,186,,30,12,276,,32,37,327,,0*74
$GBGSV,4,3,13,33,18,097,,37,23,199,,38,23,133,,39,39,036,,0*7F
$GBGSV,4,4,13,41,53,051,,0*42
$GQGSV,1,1,02,02,12,083,37,04,19,095,40,1*6D
$GQGSV,1,1,03,02,12,083,44,04,19,095,38,07,19,104,46,6*58
$GNGLL,2454.22970,N,06708.26845,E,174704.00,A,D*7E
$GNRMC,174705.00,A,2454.22970,N,06708.26845,E,0.004,,300425,,,R,V*0E
$GNVTG,,T,,M,0.004,N,0.007,K,D*3B
$GNGGA,174705.00,2454.22970,N,06708.26845,E,4,12,0.61,21.8,M,-44.2,M,1.0,0265*74
$GNGSA,A,3,01,03,10,28,31,04,26,02,16,32,,,1.37,0.61,1.23,1*0C
$GNGSA,A,3,69,80,68,85,84,78,79,,,,,,1.37,0.61,1.23,2*09
$GNGSA,A,3,11,23,21,31,10,19,,,,,,,1.37,0.61,1.23,3*08
$GNGSA,A,3,06,08,13,16,09,25,27,23,,,,,1.37,0.61,1.23,4*07
$GNGSA,A,3,04,,,,,,,,,,,,1.37,0.61,1.23,5*03
$GPGSV,4,1,13,01,48,263,45,02,39,224,45,03,45,331,46,04,24,290,37,1*69
$GPGSV,4,2,13,10,12,129,34,16,24,157,41,26,42,128,44,28,35,037,44,1*69
$GPGSV,4,3,13,31,63,031,48,32,16,068,41,40,59,208,48,41,56,146,47,1*6D
$GPGSV,4,4,13,42,19,104,45,1*5C
$GPGSV,2,1,08,01,48,263,45,03,45,331,41,04,24,290,38,10,12,129,27,6*6A
$GPGSV,2,2,08,26,42,128,42,28,35,037,43,31,63,031,43,32,16,068,40,6*65
$GLGSV,3,1,09,68,24,070,46,69,41,012,50,70,09,309,27,78,18,034,43,1*75
$GLGSV,3,2,09,79,57,082,50,80,38,170,49,84,30,249,39,85,19,304,39,1*79
$GLGSV,3,3,09,,,,43,1*76
$GLGSV,2,1,07,68,24,070,44,69,41,012,46,78,18,034,44,79,57,082,46,3*7F
$GLGSV,2,2,07,80,38,170,45,84,30,249,44,85,19,304,39,3*41
$GLGSV,1,1,01,83,03,191,,0*49
$GAGSV,3,1,11,04,52,005,49,06,49,322,48,09,34,295,48,10,48,212,48,2*77
$GAGSV,3,2,11,11,53,259,45,12,33,186,44,19,16,062,39,21,11,051,41,2*71
$GAGSV,3,3,11,23,33,100,49,31,24,158,45,36,22,314,42,2*47
$GAGSV,3,1,11,04,52,005,46,06,49,322,46,09,34,295,44,10,48,212,45,7*72
$GAGSV,3,2,11,11,53,259,43,12,33,186,39,19,16,062,37,21,11,051,36,7*76
$GAGSV,3,3,11,23,33,100,44,31,24,158,42,36,22,314,38,7*45
$GBGSV,2,1,08,06,56,035,43,08,34,129,42,09,71,033,47,13,52,123,47,1*70
$GBGSV,2,2,08,16,47,036,44,23,65,150,51,25,42,054,47,27,18,226,42,1*72
$GBGSV,2,1,05,06,56,035,44,08,34,129,44,09,71,033,46,13,52,123,45,B*0C
$GBGSV,2,2,05,16,47,036,44,B*31
$GBGSV,4,1,13,01,03,096,,02,58,141,,03,34,114,,07,07,138,,0*7C
$GBGSV,4,2,13,10,08,148,,28,06,186,,30,12,276,,32,37,327,,0*74
$GBGSV,4,3,13,33,18,097,,37,23,199,,38,23,133,,39,39,036,,0*7F
$GBGSV,4,4,13,41,53,051,,0*42
$GQGSV,1,1,02,02,12,083,37,04,19,095,40,1*6D
$GQGSV,1,1,03,02,12,083,42,04,19,095,36,07,19,104,44,6*52
$GNGLL,2454.22970,N,06708.26845,E,174705.00,A,D*7F
$GNRMC,174706.00,A,2454.22970,N,06708.26845,E,0.006,,300425,,,R,V*0F
$GNVTG,,T,,M,0.006,N,0.012,K,D*3D
$GNGGA,174706.00,2454.22970,N,06708.26845,E,4,12,0.61,21.8,M,-44.2,M,1.0,0265*77
$GNGSA,A,3,01,03,10,28,31,04,26,02,16,32,,,1.37,0.61,1.23,1*0C
$GNGSA,A,3,69,80,68,85,84,78,79,,,,,,1.37,0.61,1.23,2*09
$GNGSA,A,3,11,23,21,31,10,19,,,,,,,1.37,0.61,1.23,3*08
$GNGSA,A,3,06,08,13,16,09,25,27,23,,,,,1.37,0.61,1.23,4*07
$GNGSA,A,3,04,,,,,,,,,,,,1.37,0.61,1.23,5*03
$GPGSV,4,1,13,01,48,263,45,02,39,224,45,03,45,331,46,04,24,290,37,1*69
$GPGSV,4,2,13,10,12,129,35,16,24,157,41,26,42,128,44,28,35,037,44,1*68
$GPGSV,4,3,13,31,63,031,48,32,16,068,41,40,59,208,48,41,56,146,47,1*6D
$GPGSV,4,4,13,42,19,104,45,1*5C
$GPGSV,2,1,08,01,48,263,47,03,45,331,43,04,24,290,40,10,12,129,27,6*65
$GPGSV,2,2,08,26,42,128,44,28,35,037,45,31,63,031,44,32,16,068,42,6*60
$GLGSV,3,1,09,68,24,070,46,69,41,012,50,70,09,309,27,78,18,034,43,1*75
$GLGSV,3,2,09,79,57,082,50,80,38,170,49,84,30,249,39,85,19,304,38,1*78
$GLGSV,3,3,09,,,,43,1*76
$GLGSV,2,1,07,68,24,070,45,69,41,012,47,78,18,034,45,79,57,082,47,3*7F
$GLGSV,2,2,07,80,38,170,47,84,30,249,45,85,19,304,40,3*4C
$GLGSV,1,1,01,83,03,191,,0*49
$GAGSV,3,1,11,04,52,005,51,06,49,322,50,09,34,295,50,10,48,212,50,2*77
$GAGSV,3,2,11,11,53,259,47,12,33,186,46,19,16,062,40,21,11,051,43,2*7D
$GAGSV,3,3,11,23,33,100,50,31,24,158,47,36,22,314,44,2*4B
$GAGSV,3,1,11,04,52,005,46,06,49,322,46,09,34,295,44,10,48,212,45,7*72
$GAGSV,3,2,11,11,53,259,43,12,33,186,39,19,16,062,37,21,11,051,36,7*76
$GAGSV,3,3,11,23,33,100,44,31,24,158,42,36,22,314,38,7*45
$GBGSV,2,1,08,06,56,035,43,08,34,129,42,09,71,033,47,13,52,123,47,1*70
$GBGSV,2,2,08,16,47,036,44,23,65,150,51,25,42,054,47,27,18,226,41,1*71
$GBGSV,2,1,05,06,56,035,46,08,34,129,47,09,71,033,48,13,52,123,47,B*01
$GBGSV,2,2,05,16,47,036,45,B*30
$GBGSV,4,1,13,01,03,096,,02,58,141,,03,34,114,,07,07,138,,0*7C
$GBGSV,4,2,13,10,08,148,,28,06,186,,30,12,276,,32,37,327,,0*74
$GBGSV,4,3,13,33,18,097,,37,23,199,,38,23,133,,39,39,036,,0*7F
$GBGSV,4,4,13,41,53,051,,0*42
$GQGSV,1,1,02,02,12,083,37,04,19,095,40,1*6D
$GQGSV,1,1,03,02,12,083,44,04,19,095,37,07,19,104,46,6*57
$GNGLL,2454.22970,N,06708.26845,E,174706.00,A,D*7C
$GNRMC,174707.00,A,2454.22970,N,06708.26845,E,0.004,,300425,,,R,V*0C
$GNVTG,,T,,M,0.004,N,0.007,K,D*3B
$GNGGA,174707.00,2454.22970,N,06708.26845,E,4,12,0.61,21.8,M,-44.2,M,1.0,0265*76
$GNGSA,A,3,01,03,10,28,31,04,26,02,16,32,,,1.37,0.61,1.23,1*0C
$GNGSA,A,3,69,80,68,85,84,78,79,,,,,,1.37,0.61,1.23,2*09
$GNGSA,A,3,11,23,21,31,10,19,,,,,,,1.37,0.61,1.23,3*08
$GNGSA,A,3,06,08,13,16,09,25,27,23,,,,,1.37,0.61,1.23,4*07
$GNGSA,A,3,04,,,,,,,,,,,,1.37,0.61,1.23,5*03
$GPGSV,4,1,13,01,48,263,45,02,39,224,45,03,45,331,46,04,24,290,37,1*69
$GPGSV,4,2,13,10,12,129,35,16,24,157,41,26,42,128,44,28,35,037,44,1*68
$GPGSV,4,3,13,31,63,031,48,32,16,068,42,40,59,208,48,41,56,146,47,1*6E
$GPGSV,4,4,13,42,19,104,45,1*5C
$GPGSV,2,1,08,01,48,263,47,03,45,331,43,04,24,290,40,10,12,129,27,6*65
$GPGSV,2,2,08,26,42,128,44,28,35,037,45,31,63,031,45,32,16,068,42,6*61
$GLGSV,3,1,09,68,24,070,46,69,41,012,50,70,09,309,27,78,18,034,43,1*75
$GLGSV,3,2,09,79,57,082,50,80,38,170,49,84,30,249,39,85,19,304,38,1*78
$GLGSV,3,3,09,,,,43,1*76
$GLGSV,2,1,07,68,24,070,45,69,41,012,47,78,18,034,46,79,57,082,47,3*7C
$GLGSV,2,2,07,80,38,170,47,84,30,249,45,85,19,304,40,3*4C
$GLGSV,1,1,01,83,03,191,,0*49
$GAGSV,3,1,11,04,52,005,50,06,49,322,50,09,34,295,50,10,48,212,50,2*76
$GAGSV,3,2,11,11,53,259,46,12,33,186,45,19,16,062,40,21,11,051,42,2*7E
$GAGSV,3,3,11,23,33,100,50,31,24,158,46,36,22,314,43,2*4D
$GAGSV,3,1,11,04,52,005,46,06,49,322,46,09,34,295,44,10,48,212,45,7*72
$GAGSV,3,2,11,11,53,259,43,12,33,186,38,19,16,062,37,21,11,051,36,7*77
$GAGSV,3,3,11,23,33,100,44,31,24,158,42,36,22,314,38,7*45
$GBGSV,2,1,08,06,56,035,43,08,34,129,42,09,71,033,47,13,52,123,47,1*70
$GBGSV,2,2,08,16,47,036,44,23,65,150,51,25,42,054,47,27,18,226,41,1*71
$GBGSV,2,1,05,06,56,035,46,08,34,129,47,09,71,033,48,13,52,123,47,B*01
$GBGSV,2,2,05,16,47,036,46,B*33
$GBGSV,4,1,13,01,03,096,,02,58,141,,03,34,114,,07,07,138,,0*7C
$GBGSV,4,2,13,10,08,148,,28,06,186,,30,12,276,,32,37,327,,0*74
$GBGSV,4,3,13,33,18,097,,37,23,199,,38,23,133,,39,39,036,,0*7F
$GBGSV,4,4,13,41,53,051,,0*42
$GQGSV,1,1,02,02,12,083,37,04,19,095,40,1*6D
$GQGSV,1,1,03,02,12,083,44,04,19,095,37,07,19,104,46,6*57
$GNGLL,2454.22970,N,06708.26845,E,174707.00,A,D*7D
$GNRMC,174708.00,A,2454.22970,N,06708.26845,E,0.007,,300425,,,R,V*00
$GNVTG,,T,,M,0.007,N,0.014,K,D*3A
$GNGGA,174708.00,2454.22970,N,06708.26845,E,4,12,0.61,21.8,M,-44.2,M,1.0,0265*79
$GNGSA,A,3,01,03,10,28,31,04,26,02,16,32,,,1.37,0.61,1.23,1*0C
$GNGSA,A,3,69,80,68,85,84,78,79,,,,,,1.37,0.61,1.23,2*09
$GNGSA,A,3,11,23,21,31,10,19,,,,,,,1.37,0.61,1.23,3*08
$GNGSA,A,3,06,08,13,16,09,25,27,23,,,,,1.37,0.61,1.23,4*07
$GNGSA,A,3,04,,,,,,,,,,,,1.37,0.61,1.23,5*03
$GPGSV,4,1,13,01,48,263,45,02,39,224,45,03,45,331,46,04,24,290,37,1*69
$GPGSV,4,2,13,10,12,129,37,16,24,157,41,26,42,128,44,28,35,037,44,1*6A
$GPGSV,4,3,13,31,63,031,48,32,16,068,42,40,59,208,48,41,56,146,47,1*6E
$GPGSV,4,4,13,42,19,104,45,1*5C
$GPGSV,2,1,08,01,48,263,47,03,45,331,43,04,24,290,40,10,12,129,27,6*65
$GPGSV,2,2,08,26,42,128,44,28,35,037,45,31,63,031,45,32,16,068,42,6*61
$GLGSV,3,1,09,68,24,070,46,69,41,012,50,70,09,309,27,78,18,034,43,1*75
$GLGSV,3,2,09,79,57,082,50,80,38,170,49,84,30,249,39,85,19,304,39,1*79
$GLGSV,3,3,09,,,,43,1*76
$GLGSV,2,1,07,68,24,070,45,69,41,012,47,78,18,034,46,79,57,082,47,3*7C
$GLGSV,2,2,07,80,38,170,47,84,30,249,45,85,19,304,40,3*4C
$GLGSV,1,1,01,83,03,191,,0*49
$GAGSV,3,1,11,04,52,005,50,06,49,322,50,09,34,295,50,10,48,212,50,2*76
$GAGSV,3,2,11,11,53,259,46,12,33,186,45,19,16,062,40,21,11,051,42,2*7E
$GAGSV,3,3,11,23,33,100,50,31,24,158,46,36,22,314,43,2*4D
$GAGSV,3,1,11,04,52,005,46,06,49,322,46,09,34,295,44,10,48,212,45,7*72
$GAGSV,3,2,11,11,53,259,43,12,33,186,38,19,16,062,37,21,11,051,37,7*76
$GAGSV,3,3,11,23,33,100,44,31,24,158,42,36,22,314,38,7*45
$GBGSV,2,1,08,06,56,035,43,08,34,129,42,09,71,033,47,13,52,123,47,1*70
$GBGSV,2,2,08,16,47,036,44,23,65,150,51,25,42,054,47,27,18,226,41,1*71
$GBGSV,2,1,05,06,56,035,46,08,34,129,47,09,71,033,48,13,52,123,47,B*01
$GBGSV,2,2,05,16,47,036,46,B*33
$GBGSV,4,1,13,01,03,096,,02,58,141,,03,34,114,,07,07,138,,0*7C
$GBGSV,4,2,13,10,08,148,,28,06,186,,30,12,276,,32,37,327,,0*74
$GBGSV,4,3,13,33,18,097,,37,23,199,,38,23,133,,39,39,036,,0*7F
$GBGSV,4,4,13,41,53,051,,0*42
$GQGSV,1,1,02,02,12,083,37,04,19,095,40,1*6D
$GQGSV,1,1,03,02,12,083,44,04,19,095,38,07,19,104,46,6*58
$GNGLL,2454.22970,N,06708.26845,E,174708.00,A,D*72
$GNRMC,174709.00,A,2454.22970,N,06708.26845,E,0.008,,300425,,,R,V*0E
$GNVTG,,T,,M,0.008,N,0.014,K,D*35
$GNGGA,174709.00,2454.22970,N,06708.26845,E,4,12,0.61,21.8,M,-44.2,M,1.0,0265*78
$GNGSA,A,3,01,03,10,28,31,04,26,02,16,32,,,1.37,0.61,1.23,1*0C
$GNGSA,A,3,69,80,68,85,84,78,79,,,,,,1.37,0.61,1.23,2*09
$GNGSA,A,3,11,23,21,31,10,19,,,,,,,1.37,0.61,1.23,3*08
$GNGSA,A,3,06,08,13,16,09,25,27,23,,,,,1.37,0.61,1.23,4*07
$GNGSA,A,3,04,,,,,,,,,,,,1.37,0.61,1.23,5*03
$GPGSV,4,1,13,01,48,263,45,02,39,224,45,03,45,331,46,04,24,290,37,1*69
$GPGSV,4,2,13,10,12,129,35,16,24,157,41,26,42,128,44,28,35,037,44,1*68
$GPGSV,4,3,13,31,63,031,48,32,16,068,42,40,59,208,48,41,56,146,47,1*6E
$GPGSV,4,4,13,42,19,104,45,1*5C
$GPGSV,2,1,08,01,48,263,47,03,45,331,43,04,24,290,40,10,12,129,27,6*65
$GPGSV,2,2,08,26,42,128,44,28,35,037,45,31,63,031,45,32,16,068,42,6*61
$GLGSV,2,1,08,68,24,070,46,69,41,012,50,70,09,309,27,78,18,034,43,1*75
$GLGSV,2,2,08,79,57,082,50,80,38,170,49,84,30,249,39,85,19,304,39,1*79
$GLGSV,2,1,07,68,24,070,45,69,41,012,47,78,18,034,45,79,57,082,48,3*70
$GLGSV,2,2,07,80,38,170,47,84,30,249,45,85,19,304,40,3*4C
$GLGSV,1,1,01,83,03,191,,0*49
$GAGSV,3,1,11,04,52,005,50,06,49,322,50,09,34,295,50,10,48,212,49,2*7E
$GAGSV,3,2,11,11,53,259,46,12,33,186,45,19,16,062,40,21,11,051,42,2*7E
$GAGSV,3,3,11,23,33,100,50,31,24,158,46,36,23,313,43,2*4B
$GAGSV,3,1,11,04,52,005,46,06,49,322,46,09,34,295,44,10,48,212,45,7*72
$GAGSV,3,2,11,11,53,259,43,12,33,186,38,19,16,062,37,21,11,051,37,7*76
$GAGSV,3,3,11,23,33,100,44,31,24,158,42,36,23,313,38,7*43
$GBGSV,2,1,08,06,56,035,43,08,34,129,42,09,71,033,47,13,52,123,47,1*70
$GBGSV,2,2,08,16,47,036,44,23,65,150,51,25,42,054,47,27,18,226,41,1*71
$GBGSV,2,1,05,06,56,035,46,08,34,129,47,09,71,033,48,13,52,123,47,B*01
$GBGSV,2,2,05,16,47,036,46,B*33
$GBGSV,4,1,13,01,03,096,,02,58,141,,03,34,114,,07,07,138,,0*7C
$GBGSV,4,2,13,10,08,148,,28,06,186,,30,12,276,,32,37,327,,0*74
$GBGSV,4,3,13,33,18,097,,37,23,199,,38,23,133,,39,39,036,,0*7F
$GBGSV,4,4,13,41,53,051,,0*42
$GQGSV,1,1,02,02,12,083,37,04,19,095,40,1*6D
$GQGSV,1,1,03,02,12,083,44,04,19,095,38,07,19,104,46,6*58
$GNGLL,2454.22970,N,06708.26845,E,174709.00,A,D*73
$GNRMC,174710.00,A,2454.22970,N,06708.26845,E,0.013,,300425,,,R,V*0C
$GNVTG,,T,,M,0.013,N,0.024,K,D*3C
$GNGGA,174710.00,2454.22970,N,06708.26845,E,4,12,0.61,21.8,M,-44.2,M,1.0,0265*70
$GNGSA,A,3,01,03,10,28,31,04,26,02,16,32,,,1.37,0.61,1.23,1*0C
$GNGSA,A,3,69,80,68,85,84,78,79,,,,,,1.37,0.61,1.23,2*09
$GNGSA,A,3,11,23,21,31,10,19,,,,,,,1.37,0.61,1.23,3*08
$GNGSA,A,3,06,08,13,16,09,25,27,23,,,,,1.37,0.61,1.23,4*07
$GNGSA,A,3,04,,,,,,,,,,,,1.37,0.61,1.23,5*03
$GPGSV,4,1,13,01,48,263,45,02,39,224,45,03,45,331,46,04,24,290,37,1*69
$GPGSV,4,2,13,10,12,129,35,16,24,157,41,26,42,128,44,28,35,037,44,1*68
$GPGSV,4,3,13,31,63,031,48,32,16,068,42,40,59,208,48,41,56,146,47,1*6E
$GPGSV,4,4,13,42,19,104,45,1*5C
$GPGSV,2,1,08,01,48,263,47,03,45,331,43,04,24,290,40,10,12,129,27,6*65
$GPGSV,2,2,08,26,42,128,44,28,35,037,45,31,63,031,45,32,16,068,42,6*61
$GLGSV,3,1,09,68,24,070,46,69,41,012,50,70,09,309,26,78,18,034,43,1*74
$GLGSV,3,2,09,79,57,082,50,80,38,170,49,84,30,249,39,85,19,304,39,1*79
$GLGSV,3,3,09,,,,43,1*76
$GLGSV,2,1,07,68,24,070,45,69,41,012,47,78,18,034,45,79,57,082,48,3*70
$GLGSV,2,2,07,80,38,170,47,84,30,249,45,85,19,304,40,3*4C
$GLGSV,1,1,01,83,03,191,,0*49
$GAGSV,3,1,11,04,52,005,50,06,49,322,50,09,34,295,50,10,48,212,49,2*7E
$GAGSV,3,2,11,11,53,259,46,12,33,186,45,19,16,062,40,21,11,051,42,2*7E
$GAGSV,3,3,11,23,33,100,50,31,24,158,46,36,23,313,43,2*4B
$GAGSV,3,1,11,04,52,005,46,06,49,322,46,09,34,295,44,10,48,212,45,7*72
$GAGSV,3,2,11,11,53,259,43,12,33,186,38,19,16,062,37,21,11,051,37,7*76
$GAGSV,3,3,11,23,33,100,44,31,24,158,42,36,23,313,38,7*43
$GBGSV,2,1,08,06,56,035,43,08,34,129,42,09,71,033,47,13,52,123,46,1*71
$GBGSV,2,2,08,16,47,036,44,23,65,150,51,25,42,054,47,27,18,226,41,1*71
$GBGSV,2,1,05,06,56,035,46,08,34,129,47,09,71,033,48,13,52,123,47,B*01
$GBGSV,2,2,05,16,47,036,46,B*33
$GBGSV,4,1,13,01,03,096,,02,58,141,,03,34,114,,07,07,138,,0*7C
$GBGSV,4,2,13,10,08,148,,28,06,186,,30,12,276,,32,37,327,,0*74
$GBGSV,4,3,13,33,18,097,,37,23,199,,38,23,133,,39,39,036,,0*7F
$GBGSV,4,4,13,41,53,051,,0*42
$GQGSV,1,1,02,02,12,083,37,04,19,095,40,1*6D
$GQGSV,1,1,03,02,12,083,44,04,19,095,38,07,19,104,46,6*58
$GNGLL,2454.22970,N,06708.26845,E,174710.00,A,D*7B
$GNRMC,174711.00,A,2454.22970,N,06708.26845,E,0.007,,300425,,,R,V*08
$GNVTG,,T,,M,0.007,N,0.012,K,D*3C
$GNGGA,174711.00,2454.22970,N,06708.26845,E,4,12,0.61,21.8,M,-44.2,M,1.0,0265*71
$GNGSA,A,3,01,03,10,28,31,04,26,02,16,32,,,1.37,0.61,1.23,1*0C
$GNGSA,A,3,69,80,68,85,84,78,79,,,,,,1.37,0.61,1.23,2*09
$GNGSA,A,3,11,23,21,31,10,19,,,,,,,1.37,0.61,1.23,3*08
$GNGSA,A,3,06,08,13,16,09,25,27,23,,,,,1.37,0.61,1.23,4*07
$GNGSA,A,3,04,,,,,,,,,,,,1.37,0.61,1.23,5*03
$GPGSV,4,1,13,01,48,263,45,02,39,224,45,03,45,331,46,04,24,290,37,1*69
$GPGSV,4,2,13,10,12,129,36,16,24,157,41,26,42,128,44,28,35,037,44,1*6B
$GPGSV,4,3,13,31,63,031,48,32,16,068,42,40,59,208,48,41,56,146,47,1*6E
$GPGSV,4,4,13,42,19,104,45,1*5C
$GPGSV,2,1,08,01,48,263,47,03,45,331,43,04,24,290,41,10,12,129,27,6*64
$GPGSV,2,2,08,26,42,128,44,28,35,037,45,31,63,031,45,32,16,068,42,6*61
$GLGSV,3,1,09,68,24,070,46,69,41,012,50,70,09,309,26,78,18,034,44,1*73
$GLGSV,3,2,09,79,57,082,50,80,38,170,49,84,30,249,39,85,19,304,39,1*79
$GLGSV,3,3,09,,,,43,1*76
$GLGSV,2,1,07,68,24,070,45,69,41,012,47,78,18,034,46,79,57,082,48,3*73
$GLGSV,2,2,07,80,38,170,47,84,30,249,45,85,19,304,40,3*4C
$GLGSV,1,1,01,83,03,191,,0*49
$GAGSV,3,1,11,04,52,005,50,06,49,322,50,09,34,295,50,10,48,212,49,2*7E
$GAGSV,3,2,11,11,53,259,46,12,33,186,45,19,16,062,40,21,11,051,42,2*7E
$GAGSV,3,3,11,23,33,100,50,31,24,158,46,36,23,313,43,2*4B
$GAGSV,3,1,11,04,52,005,46,06,49,322,46,09,34,295,44,10,48,212,45,7*72
$GAGSV,3,2,11,11,53,259,43,12,33,186,38,19,16,062,37,21,11,051,37,7*76
$GAGSV,3,3,11,23,33,100,44,31,24,158,42,36,23,313,38,7*43
$GBGSV,2,1,08,06,56,035,43,08,34,129,42,09,71,033,47,13,52,123,47,1*70
$GBGSV,2,2,08,16,47,036,44,23,65,150,51,25,42,054,47,27,18,226,41,1*71
$GBGSV,2,1,05,06,56,035,46,08,34,129,47,09,71,033,48,13,52,123,47,B*01
$GBGSV,2,2,05,16,47,036,46,B*33
$GBGSV,4,1,13,01,03,096,,02,58,141,,03,34,114,,07,07,138,,0*7C
$GBGSV,4,2,13,10,08,148,,28,06,186,,30,12,276,,32,37,327,,0*74
$GBGSV,4,3,13,33,18,097,,37,23,199,,38,23,133,,39,39,036,,0*7F
$GBGSV,4,4,13,41,53,051,,0*42
$GQGSV,1,1,02,02,12,083,37,04,19,095,40,1*6D
$GQGSV,1,1,03,02,12,083,44,04,19,095,38,07,19,104,46,6*58
$GNGLL,2454.22970,N,06708.26845,E,174711.00,A,D*7A
$GNRMC,174712.00,A,2454.22970,N,06708.26845,E,0.006,,300425,,,R,V*0A
$GNVTG,,T,,M,0.006,N,0.010,K,D*3F
$GNGGA,174712.00,2454.22970,N,06708.26845,E,4,12,0.61,21.8,M,-44.2,M,1.0,0265*72
$GNGSA,A,3,01,03,10,28,31,04,26,02,16,32,,,1.37,0.61,1.23,1*0C
$GNGSA,A,3,69,80,68,85,84,78,79,,,,,,1.37,0.61,1.23,2*09
$GNGSA,A,3,11,23,21,31,10,19,,,,,,,1.37,0.61,1.23,3*08
$GNGSA,A,3,06,08,13,16,09,25,27,23,,,,,1.37,0.61,1.23,4*07
$GNGSA,A,3,04,,,,,,,,,,,,1.37,0.61,1.23,5*03
$GPGSV,4,1,13,01,48,263,45,02,39,224,45,03,45,331,46,04,24,290,37,1*69
$GPGSV,4,2,13,10,12,129,35,16,24,157,41,26,42,128,44,28,35,037,44,1*68
$GPGSV,4,3,13,31,63,031,48,32,16,068,41,40,59,208,48,41,56,146,47,1*6D
$GPGSV,4,4,13,42,19,104,45,1*5C
$GPGSV,2,1,08,01,48,263,47,03,45,331,43,04,24,290,41,10,12,129,27,6*64
$GPGSV,2,2,08,26,42,128,44,28,35,037,45,31,63,031,45,32,16,068,42,6*61
$GLGSV,3,1,09,68,24,070,46,69,41,012,50,70,09,309,26,78,18,034,44,1*73
$GLGSV,3,2,09,79,57,082,50,80,38,170,49,84,30,249,39,85,19,304,39,1*79
$GLGSV,3,3,09,,,,43,1*76
$GLGSV,2,1,07,68,24,070,45,69,41,012,47,78,18,034,46,79,57,082,48,3*73
$GLGSV,2,2,07,80,38,170,47,84,30,249,45,85,19,304,40,3*4C
$GLGSV,1,1,01,83,03,191,,0*49
$GAGSV,3,1,11,04,52,005,50,06,49,322,50,09,34,295,50,10,48,212,50,2*76
$GAGSV,3,2,11,11,53,259,46,12,33,186,45,19,16,062,40,21,11,051,42,2*7E
$GAGSV,3,3,11,23,33,100,50,31,24,158,46,36,23,313,43,2*4B
$GAGSV,3,1,11,04,52,005,46,06,49,322,46,09,34,295,44,10,48,212,45,7*72
$GAGSV,3,2,11,11,53,259,43,12,33,186,38,19,16,062,37,21,11,051,37,7*76
$GAGSV,3,3,11,23,33,100,44,31,24,158,42,36,23,313,38,7*43
$GBGSV,2,1,08,06,56,035,43,08,34,129,41,09,71,033,47,13,52,123,47,1*73
$GBGSV,2,2,08,16,47,036,44,23,65,150,51,25,42,054,47,27,18,226,41,1*71
$GBGSV,2,1,05,06,56,035,46,08,34,129,47,09,71,033,48,13,52,123,47,B*01
$GBGSV,2,2,05,16,47,036,46,B*33
$GBGSV,4,1,13,01,03,096,,02,58,141,,03,34,114,,07,07,138,,0*7C
$GBGSV,4,2,13,10,08,148,,28,06,186,,30,12,276,,32,37,327,,0*74
$GBGSV,4,3,13,33,18,097,,37,23,199,,38,23,133,,39,39,036,,0*7F
$GBGSV,4,4,13,41,53,051,,0*42
$GQGSV,1,1,02,02,12,083,37,04,19,095,40,1*6D
$GQGSV,1,1,03,02,12,083,44,04,19,095,38,07,19,104,46,6*58
$GNGLL,2454.22970,N,06708.26845,E,174712.00,A,D*79
$GNRMC,174713.00,A,2454.22970,N,06708.26845,E,0.003,,300425,,,R,V*0E
$GNVTG,,T,,M,0.003,N,0.006,K,D*3D
$GNGGA,174713.00,2454.22970,N,06708.26845,E,4,12,0.61,21.8,M,-44.2,M,1.0,0265*73
$GNGSA,A,3,01,03,10,28,31,04,26,02,16,32,,,1.37,0.61,1.23,1*0C
$GNGSA,A,3,69,80,68,85,84,78,79,,,,,,1.37,0.61,1.23,2*09
$GNGSA,A,3,11,23,21,31,10,19,,,,,,,1.37,0.61,1.23,3*08
$GNGSA,A,3,06,08,13,16,09,25,27,23,,,,,1.37,0.61,1.23,4*07
$GNGSA,A,3,04,,,,,,,,,,,,1.37,0.61,1.23,5*03
$GPGSV,4,1,13,01,48,263,45,02,39,224,45,03,45,331,46,04,24,290,37,1*69
$GPGSV,4,2,13,10,12,129,36,16,24,157,41,26,42,128,44,28,35,037,44,1*6B
$GPGSV,4,3,13,31,63,031,48,32,16,068,41,40,59,208,48,41,56,146,47,1*6D
$GPGSV,4,4,13,42,19,104,45,1*5C
$GPGSV,2,1,08,01,48,263,47,03,45,331,43,04,24,290,41,10,12,129,27,6*64
$GPGSV,2,2,08,26,42,128,44,28,35,037,45,31,63,031,45,32,16,068,42,6*61
$GLGSV,3,1,09,68,24,070,47,69,41,012,50,70,09,309,26,78,18,034,44,1*72
$GLGSV,3,2,09,79,57,082,50,80,38,170,49,84,30,249,39,85,19,304,39,1*79
$GLGSV,3,3,09,,,,43,1*76
$GLGSV,2,1,08,68,24,070,45,69,41,012,47,78,18,034,46,79,57,082,48,3*7C
$GLGSV,2,2,08,80,38,170,47,84,30,249,45,85,19,304,40,,,,41,3*46
$GLGSV,1,1,01,83,03,191,,0*49
$GAGSV,3,1,11,04,52,005,50,06,49,322,50,09,34,295,50,10,48,212,50,2*76
$GAGSV,3,2,11,11,53,259,46,12,33,186,45,19,16,062,40,21,11,051,42,2*7E
$GAGSV,3,3,11,23,33,100,50,31,24,158,46,36,23,313,43,2*4B
$GAGSV,3,1,11,04,52,005,46,06,49,322,46,09,34,295,44,10,48,212,45,7*72
$GAGSV,3,2,11,11,53,259,43,12,33,186,38,19,16,062,37,21,11,051,37,7*76
$GAGSV,3,3,11,23,33,100,44,31,24,158,42,36,23,313,38,7*43
$GBGSV,2,1,08,06,56,035,43,08,34,129,41,09,71,033,47,13,52,123,46,1*72
$GBGSV,2,2,08,16,47,036,44,23,65,150,51,25,42,054,47,27,18,226,41,1*71
$GBGSV,2,1,05,06,56,035,46,08,34,129,47,09,71,033,48,13,52,123,47,B*01
$GBGSV,2,2,05,16,47,036,46,B*33
$GBGSV,4,1,13,01,03,096,,02,58,141,,03,34,114,,07,07,138,,0*7C
$GBGSV,4,2,13,10,08,148,,28,06,186,,30,12,276,,32,37,327,,0*74
$GBGSV,4,3,13,33,18,097,,37,23,199,,38,23,133,,39,39,036,,0*7F
$GBGSV,4,4,13,41,53,051,,0*42
$GQGSV,1,1,02,02,12,083,37,04,19,095,40,1*6D
$GQGSV,1,1,03,02,12,083,44,04,19,095,38,07,19,104,46,6*58
$GNGLL,2454.22970,N,06708.26845,E,174713.00,A,D*78
$GNRMC,174714.00,A,2454.22970,N,06708.26845,E,0.009,,300425,,,R,V*03
$GNVTG,,T,,M,0.009,N,0.017,K,D*37
$GNGGA,174714.00,2454.22970,N,06708.26845,E,4,12,0.61,21.8,M,-44.2,M,1.0,0265*74
$GNGSA,A,3,01,03,10,28,31,04,26,02,16,32,,,1.37,0.61,1.23,1*0C
$GNGSA,A,3,69,80,68,85,84,78,79,,,,,,1.37,0.61,1.23,2*09
$GNGSA,A,3,11,23,21,31,10,19,,,,,,,1.37,0.61,1.23,3*08
$GNGSA,A,3,06,08,13,16,09,25,27,23,,,,,1.37,0.61,1.23,4*07
$GNGSA,A,3,04,,,,,,,,,,,,1.37,0.61,1.23,5*03
$GPGSV,4,1,13,01,48,263,45,02,39,224,45,03,45,331,46,04,24,290,37,1*69
$GPGSV,4,2,13,10,12,129,36,16,24,157,41,26,42,128,44,28,35,037,44,1*6B
$GPGSV,4,3,13,31,63,031,48,32,16,068,41,40,59,208,48,41,56,146,47,1*6D
$GPGSV,4,4,13,42,19,104,45,1*5C
$GPGSV,2,1,08,01,48,263,47,03,45,331,44,04,24,290,41,10,12,129,27,6*63
$GPGSV,2,2,08,26,42,128,44,28,35,037,45,31,63,031,45,32,16,068,42,6*61
$GLGSV,3,1,09,68,24,070,46,69,41,012,50,70,09,309,25,78,18,034,44,1*70
$GLGSV,3,2,09,79,57,082,50,80,38,170,49,84,30,249,40,85,19,304,39,1*77
$GLGSV,3,3,09,,,,43,1*76
$GLGSV,2,1,08,68,24,070,45,69,41,012,47,78,18,034,46,79,57,082,48,3*7C
$GLGSV,2,2,08,80,38,170,47,84,30,249,45,85,19,304,40,,,,41,3*46
$GLGSV,1,1,01,83,03,191,,0*49
$GAGSV,3,1,11,04,52,005,50,06,49,322,50,09,34,295,50,10,48,212,50,2*76
$GAGSV,3,2,11,11,53,259,46,12,33,186,45,19,16,062,40,21,11,051,42,2*7E
$GAGSV,3,3,11,23,33,100,50,31,24,158,47,36,23,313,43,2*4A
$GAGSV,3,1,11,04,52,005,46,06,49,322,46,09,34,295,44,10,48,212,45,7*72
$GAGSV,3,2,11,11,53,259,43,12,33,186,38,19,16,062,37,21,11,051,37,7*76
$GAGSV,3,3,11,23,33,100,44,31,24,158,42,36,23,313,38,7*43
$GBGSV,2,1,08,06,55,035,43,08,34,129,41,09,71,033,47,13,52,123,47,1*70
$GBGSV,2,2,08,16,47,036,44,23,65,150,51,25,42,054,47,27,18,226,41,1*71
$GBGSV,2,1,05,06,55,035,46,08,34,129,47,09,71,033,48,13,52,123,47,B*02
$GBGSV,2,2,05,16,47,036,46,B*33
$GBGSV,4,1,13,01,03,096,,02,58,141,,03,34,114,,07,07,138,,0*7C
$GBGSV,4,2,13,10,08,148,,28,06,186,,30,12,276,,32,37,327,,0*74
$GBGSV,4,3,13,33,18,097,,37,23,199,,38,23,133,,39,39,036,,0*7F
$GBGSV,4,4,13,41,53,051,,0*42
$GQGSV,1,1,02,02,12,083,37,04,19,095,40,1*6D
$GQGSV,1,1,03,02,12,083,44,04,19,095,38,07,19,104,46,6*58
$GNGLL,2454.22970,N,06708.26845,E,174714.00,A,D*7F
$GNRMC,174715.00,A,2454.22970,N,06708.26845,E,0.002,,300425,,,R,V*09
$GNVTG,,T,,M,0.002,N,0.003,K,D*39
$GNGGA,174715.00,2454.22970,N,06708.26845,E,4,12,0.61,21.8,M,-44.2,M,1.0,0265*75
$GNGSA,A,3,01,03,10,28,31,04,26,02,16,32,,,1.37,0.61,1.23,1*0C
$GNGSA,A,3,69,80,68,85,84,78,79,,,,,,1.37,0.61,1.23,2*09
$GNGSA,A,3,11,23,21,31,10,19,,,,,,,1.37,0.61,1.23,3*08
$GNGSA,A,3,06,08,13,16,09,25,27,23,,,,,1.37,0.61,1.23,4*07
$GNGSA,A,3,04,,,,,,,,,,,,1.37,0.61,1.23,5*03
$GPGSV,4,1,13,01,48,263,45,02,39,224,45,03,45,331,46,04,24,290,37,1*69
$GPGSV,4,2,13,10,12,129,36,16,24,157,41,26,42,128,44,28,35,037,44,1*6B
$GPGSV,4,3,13,31,63,031,48,32,16,068,42,40,59,208,48,41,56,146,47,1*6E
$GPGSV,4,4,13,42,19,104,45,1*5C
$GPGSV,2,1,08,01,48,263,47,03,45,331,43,04,24,290,41,10,12,129,27,6*64
$GPGSV,2,2,08,26,42,128,44,28,35,037,45,31,63,031,45,32,16,068,42,6*61
$GLGSV,3,1,09,68,24,070,46,69,41,012,49,70,09,309,25,78,18,034,44,1*78
$GLGSV,3,2,09,79,57,082,50,80,38,170,49,84,30,249,39,85,19,304,39,1*79
$GLGSV,3,3,09,,,,43,1*76
$GLGSV,2,1,08,68,24,070,45,69,41,012,47,78,18,034,46,79,57,082,48,3*7C
$GLGSV,2,2,08,80,38,170,47,84,30,249,45,85,19,304,40,,,,41,3*46
$GLGSV,1,1,01,83,03,191,,0*49
$GAGSV,3,1,11,04,52,005,50,06,49,322,50,09,34,295,50,10,48,212,50,2*76
$GAGSV,3,2,11,11,53,259,46,12,33,186,45,19,16,062,40,21,11,051,42,2*7E
$GAGSV,3,3,11,23,33,100,50,31,24,158,46,36,23,313,43,2*4B
$GAGSV,3,1,11,04,52,005,46,06,49,322,46,09,34,295,44,10,48,212,45,7*72
$GAGSV,3,2,11,11,53,259,43,12,33,186,38,19,16,062,36,21,11,051,37,7*77
$GAGSV,3,3,11,23,33,100,44,31,24,158,42,36,23,313,38,7*43
$GBGSV,2,1,08,06,55,035,43,08,34,129,41,09,71,033,47,13,52,123,46,1*71
$GBGSV,2,2,08,16,47,036,44,23,65,150,51,25,42,054,47,27,18,226,41,1*71
$GBGSV,2,1,05,06,55,035,46,08,34,129,47,09,71,033,48,13,52,123,47,B*02
$GBGSV,2,2,05,16,47,036,46,B*33
$GBGSV,4,1,13,01,03,096,,02,58,141,,03,34,114,,07,07,138,,0*7C
$GBGSV,4,2,13,10,08,148,,28,06,186,,30,12,276,,32,37,327,,0*74
$GBGSV,4,3,13,33,18,097,,37,23,199,,38,23,133,,39,39,036,,0*7F
$GBGSV,4,4,13,41,53,051,,0*42
$GQGSV,1,1,02,02,12,083,37,04,19,095,40,1*6D
$GQGSV,1,1,03,02,12,083,44,04,19,095,38,07,19,104,46,6*58
$GNGLL,2454.22970,N,06708.26845,E,174715.00,A,D*7E
$GNRMC,174716.00,A,2454.22970,N,06708.26845,E,0.010,,300425,,,R,V*09
$GNVTG,,T,,M,0.010,N,0.019,K,D*31
$GNGGA,174716.00,2454.22970,N,06708.26845,E,4,12,0.61,21.8,M,-44.2,M,1.0,0265*76
$GNGSA,A,3,01,03,10,28,31,04,26,02,16,32,,,1.37,0.61,1.23,1*0C
$GNGSA,A,3,69,80,68,85,84,78,79,,,,,,1.37,0.61,1.23,2*09
$GNGSA,A,3,11,23,21,31,10,19,,,,,,,1.37,0.61,1.23,3*08
$GNGSA,A,3,06,08,13,16,09,25,27,23,,,,,1.37,0.61,1.23,4*07
$GNGSA,A,3,04,,,,,,,,,,,,1.37,0.61,1.23,5*03
$GPGSV,4,1,13,01,48,263,45,02,39,224,45,03,45,331,46,04,24,290,37,1*69
$GPGSV,4,2,13,10,12,129,36,16,24,157,41,26,42,128,45,28,35,037,44,1*6A
$GPGSV,4,3,13,31,63,031,48,32,16,068,42,40,59,208,48,41,56,146,47,1*6E
$GPGSV,4,4,13,42,19,104,45,1*5C
$GPGSV,2,1,08,01,48,263,47,03,45,331,44,04,24,290,41,10,12,129,28,6*6C
$GPGSV,2,2,08,26,42,128,44,28,35,037,45,31,63,031,45,32,16,068,43,6*60
$GLGSV,3,1,09,68,24,070,46,69,41,012,49,70,09,309,25,78,18,034,44,1*78
$GLGSV,3,2,09,79,57,082,50,80,38,170,49,84,30,249,39,85,19,304,40,1*77
$GLGSV,3,3,09,,,,43,1*76
$GLGSV,2,1,08,68,24,070,45,69,41,012,47,78,18,034,46,79,57,082,48,3*7C
$GLGSV,2,2,08,80,38,170,47,84,30,249,45,85,19,304,40,,,,42,3*45
$GLGSV,1,1,01,83,03,191,,0*49
$GAGSV,3,1,11,04,52,005,50,06,49,322,49,09,34,295,50,10,48,212,49,2*76
$GAGSV,3,2,11,11,53,259,46,12,33,186,45,19,16,062,40,21,11,051,42,2*7E
$GAGSV,3,3,11,23,33,100,50,31,24,158,46,36,23,313,43,2*4B
$GAGSV,3,1,11,04,52,005,46,06,49,322,46,09,34,295,44,10,48,212,45,7*72
$GAGSV,3,2,11,11,53,259,43,12,33,186,38,19,16,062,36,21,11,051,37,7*77
$GAGSV,3,3,11,23,33,100,44,31,24,158,42,36,23,313,38,7*43
$GBGSV,2,1,08,06,55,035,43,08,34,129,41,09,71,033,47,13,52,123,46,1*71
$GBGSV,2,2,08,16,47,036,44,23,65,150,51,25,42,054,47,27,18,226,41,1*71
$GBGSV,2,1,05,06,55,035,46,08,34,129,47,09,71,033,48,13,52,123,47,B*02
$GBGSV,2,2,05,16,47,036,46,B*33
$GBGSV,4,1,13,01,03,096,,02,58,141,,03,34,114,,07,07,138,,0*7C
$GBGSV,4,2,13,10,08,148,,28,06,186,,30,12,276,,32,37,327,,0*74
$GBGSV,4,3,13,33,18,097,,37,23,199,,38,23,133,,39,39,036,,0*7F
$GBGSV,4,4,13,41,53,051,,0*42
$GQGSV,1,1,02,02,12,083,37,04,19,095,40,1*6D
$GQGSV,1,1,03,02,12,083,44,04,19,095,38,07,19,104,46,6*58
$GNGLL,2454.22970,N,06708.26845,E,174716.00,A,D*7D
$GNRMC,174717.00,A,2454.22970,N,06708.26845,E,0.008,,300425,,,R,V*01
$GNVTG,,T,,M,0.008,N,0.015,K,D*34
$GNGGA,174717.00,2454.22970,N,06708.26845,E,4,12,0.61,21.8,M,-44.2,M,1.0,0265*77
$GNGSA,A,3,01,03,10,28,31,04,26,02,16,32,,,1.37,0.61,1.23,1*0C
$GNGSA,A,3,69,80,68,85,84,78,79,,,,,,1.37,0.61,1.23,2*09
$GNGSA,A,3,11,23,21,31,10,19,,,,,,,1.37,0.61,1.23,3*08
$GNGSA,A,3,06,08,13,16,09,25,27,23,,,,,1.37,0.61,1.23,4*07
$GNGSA,A,3,04,,,,,,,,,,,,1.37,0.61,1.23,5*03
$GPGSV,4,1,13,01,48,263,45,02,39,224,45,03,45,331,46,04,24,290,37,1*69
$GPGSV,4,2,13,10,12,129,36,16,24,157,41,26,42,128,45,28,35,037,44,1*6A
$GPGSV,4,3,13,31,63,031,48,32,16,068,42,40,59,208,48,41,56,146,47,1*6E
$GPGSV,4,4,13,42,19,104,45,1*5C
$GPGSV,2,1,08,01,48,263,47,03,45,331,44,04,24,290,41,10,12,129,28,6*6C
$GPGSV,2,2,08,26,42,128,44,28,35,037,45,31,63,031,45,32,16,068,43,6*60
$GLGSV,3,1,09,68,24,070,46,69,41,012,49,70,09,309,25,78,18,034,44,1*78
$GLGSV,3,2,09,79,57,082,50,80,38,170,49,84,30,249,40,85,19,304,40,1*79
$GLGSV,3,3,09,,,,43,1*76
$GLGSV,2,1,08,68,24,070,45,69,41,012,47,78,18,034,46,79,57,082,48,3*7C
$GLGSV,2,2,08,80,38,170,47,84,30,249,45,85,19,304,40,,,,42,3*45
$GLGSV,1,1,01,83,03,191,,0*49
$GAGSV,3,1,11,04,52,005,50,06,49,322,49,09,34,295,50,10,48,212,50,2*7E
$GAGSV,3,2,11,11,53,259,46,12,33,186,45,19,16,062,40,21,11,051,42,2*7E
$GAGSV,3,3,11,23,33,100,50,31,24,158,46,36,23,313,43,2*4B
$GAGSV,3,1,11,04,52,005,46,06,49,322,46,09,34,295,44,10,48,212,45,7*72
$GAGSV,3,2,11,11,53,259,43,12,33,186,38,19,16,062,36,21,11,051,36,7*76
$GAGSV,3,3,11,23,33,100,44,31,24,158,42,36,23,313,38,7*43
$GBGSV,2,1,08,06,55,035,43,08,34,129,42,09,71,032,47,13,52,123,46,1*73
$GBGSV,2,2,08,16,47,036,44,23,65,150,51,25,42,054,47,27,18,226,41,1*71
$GBGSV,2,1,05,06,55,035,46,08,34,129,47,09,71,032,48,13,52,123,47,B*03
$GBGSV,2,2,05,16,47,036,46,B*33
$GBGSV,4,1,13,01,03,096,,02,58,141,,03,34,114,,07,07,138,,0*7C
$GBGSV,4,2,13,10,08,148,,28,06,186,,30,12,276,,32,37,327,,0*74
$GBGSV,4,3,13,33,18,097,,37,23,199,,38,23,133,,39,39,036,,0*7F
$GBGSV,4,4,13,41,53,051,,0*42
$GQGSV,1,1,02,02,12,083,37,04,19,095,40,1*6D
$GQGSV,1,1,03,02,12,083,44,04,19,095,38,07,19,104,46,6*58
$GNGLL,2454.22970,N,06708.26845,E,174717.00,A,D*7C
$GNRMC,174718.00,A,2454.22970,N,06708.26845,E,0.004,,300425,,,R,V*02
$GNVTG,,T,,M,0.004,N,0.007,K,D*3B
$GNGGA,174718.00,2454.22970,N,06708.26845,E,4,12,0.61,21.8,M,-44.2,M,1.0,0265*78
$GNGSA,A,3,01,03,10,28,31,04,26,02,16,32,,,1.37,0.61,1.23,1*0C
$GNGSA,A,3,69,80,68,85,84,78,79,,,,,,1.37,0.61,1.23,2*09
$GNGSA,A,3,11,23,21,31,10,19,,,,,,,1.37,0.61,1.23,3*08
$GNGSA,A,3,06,08,13,16,09,25,27,23,,,,,1.37,0.61,1.23,4*07
$GNGSA,A,3,04,,,,,,,,,,,,1.37,0.61,1.23,5*03
$GPGSV,4,1,13,01,48,263,45,02,39,224,45,03,45,331,46,04,24,290,38,1*66
$GPGSV,4,2,13,10,12,129,36,16,24,157,41,26,42,128,44,28,35,037,44,1*6B
$GPGSV,4,3,13,31,63,031,48,32,16,068,42,40,59,208,48,41,56,146,47,1*6E
$GPGSV,4,4,13,42,19,104,45,1*5C
$GPGSV,2,1,08,01,48,263,47,03,45,331,44,04,24,290,41,10,12,129,28,6*6C
$GPGSV,2,2,08,26,42,128,44,28,35,037,45,31,63,031,45,32,16,068,43,6*60
$GLGSV,3,1,09,68,24,070,46,69,41,012,50,70,09,309,25,78,18,034,44,1*70
$GLGSV,3,2,09,79,57,082,50,80,38,170,49,84,30,249,39,85,19,304,40,1*77
$GLGSV,3,3,09,,,,43,1*76
$GLGSV,2,1,08,68,24,070,45,69,41,012,47,78,18,034,46,79,57,082,48,3*7C
$GLGSV,2,2,08,80,38,170,47,84,30,249,45,85,19,304,40,,,,42,3*45
$GLGSV,1,1,01,83,03,191,,0*49
$GAGSV,3,1,11,04,52,005,50,06,49,322,49,09,34,295,50,10,48,212,49,2*76
$GAGSV,3,2,11,11,53,259,46,12,33,186,45,19,16,062,40,21,11,051,42,2*7E
$GAGSV,3,3,11,23,33,100,50,31,24,158,46,36,23,313,43,2*4B
$GAGSV,3,1,11,04,52,005,46,06,49,322,46,09,34,295,44,10,48,212,45,7*72
$GAGSV,3,2,11,11,53,259,43,12,33,186,38,19,16,062,36,21,11,051,36,7*76
$GAGSV,3,3,11,23,33,100,44,31,24,158,42,36,23,313,38,7*43
$GBGSV,2,1,08,06,55,035,43,08,34,129,41,09,71,032,47,13,52,123,46,1*70
$GBGSV,2,2,08,16,47,036,44,23,65,150,51,25,42,054,47,27,18,226,41,1*71
$GBGSV,2,1,05,06,55,035,46,08,34,129,47,09,71,032,48,13,52,123,47,B*03
$GBGSV,2,2,05,16,47,036,46,B*33
$GBGSV,4,1,13,01,03,096,,02,58,141,,03,34,114,,07,07,138,,0*7C
$GBGSV,4,2,13,10,08,148,,28,06,186,,30,12,276,,32,37,327,,0*74
$GBGSV,4,3,13,33,18,097,,37,23,199,,38,23,133,,39,39,036,,0*7F
$GBGSV,4,4,13,41,53,051,,0*42
$GQGSV,1,1,02,02,12,083,37,04,19,095,40,1*6D
$GQGSV,1,1,03,02,12,083,44,04,19,095,38,07,19,104,46,6*58
$GNGLL,2454.22970,N,06708.26845,E,174718.00,A,D*73
$GNRMC,174719.00,A,2454.22970,N,06708.26845,E,0.006,,300425,,,R,V*01
$GNVTG,,T,,M,0.006,N,0.012,K,D*3D
$GNGGA,174719.00,2454.22970,N,06708.26845,E,4,12,0.61,21.8,M,-44.2,M,1.0,0265*79
$GNGSA,A,3,01,03,10,28,31,04,26,02,16,32,,,1.37,0.61,1.23,1*0C
$GNGSA,A,3,69,80,68,85,84,78,79,,,,,,1.37,0.61,1.23,2*09
$GNGSA,A,3,11,23,21,31,10,19,,,,,,,1.37,0.61,1.23,3*08
$GNGSA,A,3,06,08,13,16,09,25,27,23,,,,,1.37,0.61,1.23,4*07
$GNGSA,A,3,04,,,,,,,,,,,,1.37,0.61,1.23,5*03
$GPGSV,4,1,13,01,48,263,45,02,39,224,45,03,45,331,46,04,24,290,38,1*66
$GPGSV,4,2,13,10,12,129,36,16,24,157,41,26,42,128,44,28,35,037,44,1*6B
$GPGSV,4,3,13,31,63,031,48,32,16,068,41,40,59,208,48,41,56,146,47,1*6D
$GPGSV,4,4,13,42,19,104,45,1*5C
$GPGSV,2,1,08,01,48,263,47,03,45,331,44,04,24,290,41,10,12,129,28,6*6C
$GPGSV,2,2,08,26,42,128,44,28,35,037,45,31,63,031,45,32,16,068,43,6*60
$GLGSV,3,1,09,68,24,070,46,69,41,012,49,70,09,309,23,78,18,034,44,1*7E
$GLGSV,3,2,09,79,57,082,50,80,38,170,50,84,30,249,40,85,19,304,40,1*71
$GLGSV,3,3,09,,,,43,1*76
$GLGSV,2,1,08,68,24,070,45,69,41,012,47,78,18,034,46,79,57,082,48,3*7C
$GLGSV,2,2,08,80,38,170,47,84,30,249,45,85,19,304,40,,,,42,3*45
$GLGSV,1,1,01,83,03,191,,0*49
$GAGSV,3,1,11,04,52,005,50,06,49,322,49,09,34,295,50,10,48,212,50,2*7E
$GAGSV,3,2,11,11,53,259,46,12,33,186,45,19,16,062,40,21,11,051,42,2*7E
$GAGSV,3,3,11,23,33,100,50,31,24,158,46,36,23,313,43,2*4B
$GAGSV,3,1,11,04,52,005,46,06,49,322,46,09,34,295,44,10,48,212,45,7*72
$GAGSV,3,2,11,11,53,259,43,12,33,186,38,19,16,062,36,21,11,051,37,7*77
$GAGSV,3,3,11,23,33,100,44,31,24,158,42,36,23,313,38,7*43
$GBGSV,2,1,08,06,55,035,43,08,34,129,42,09,71,032,47,13,51,124,46,1*77
$GBGSV,2,2,08,16,47,036,44,23,65,150,51,25,42,054,47,27,18,226,41,1*71
$GBGSV,2,1,05,06,55,035,46,08,34,129,47,09,71,032,48,13,51,124,47,B*07
$GBGSV,2,2,05,16,47,036,46,B*33
$GBGSV,4,1,13,01,03,096,,02,58,141,,03,34,114,,07,07,138,,0*7C
$GBGSV,4,2,13,10,08,148,,28,06,186,,30,12,276,,32,37,327,,0*74
$GBGSV,4,3,13,33,18,097,,37,23,199,,38,23,133,,39,39,036,,0*7F
$GBGSV,4,4,13,41,53,051,,0*42
$GQGSV,1,1,02,02,12,083,37,04,19,095,40,1*6D
$GQGSV,1,1,03,02,12,083,44,04,19,095,38,07,19,104,46,6*58
$GNGLL,2454.22970,N,06708.26845,E,174719.00,A,D*72
$GNRMC,174720.00,A,2454.22971,N,06708.26845,E,0.006,,300425,,,R,V*0A
$GNVTG,,T,,M,0.006,N,0.011,K,D*3E
$GNGGA,174720.00,2454.22971,N,06708.26845,E,4,12,0.61,21.8,M,-44.2,M,1.0,0265*72
$GNGSA,A,3,01,03,10,28,31,04,26,02,16,32,,,1.37,0.61,1.23,1*0C
$GNGSA,A,3,69,80,68,85,84,78,79,,,,,,1.37,0.61,1.23,2*09
$GNGSA,A,3,11,23,21,31,10,19,,,,,,,1.37,0.61,1.23,3*08
$GNGSA,A,3,06,08,13,16,09,25,27,23,,,,,1.37,0.61,1.23,4*07
$GNGSA,A,3,04,,,,,,,,,,,,1.37,0.61,1.23,5*03
$GPGSV,4,1,13,01,48,263,45,02,39,224,45,03,45,331,46,04,24,290,38,1*66
$GPGSV,4,2,13,10,12,129,36,16,24,157,41,26,42,128,45,28,35,037,44,1*6A
$GPGSV,4,3,13,31,63,031,48,32,16,068,41,40,59,208,48,41,56,146,47,1*6D
$GPGSV,4,4,13,42,19,104,45,1*5C
$GPGSV,2,1,08,01,48,263,47,03,45,331,44,04,24,290,41,10,12,129,28,6*6C
$GPGSV,2,2,08,26,42,128,44,28,35,037,45,31,63,031,45,32,16,068,43,6*60
$GLGSV,3,1,09,68,24,070,46,69,41,012,49,70,09,309,22,78,18,034,44,1*7F
$GLGSV,3,2,09,79,57,082,50,80,38,170,50,84,30,249,40,85,19,304,40,1*71
$GLGSV,3,3,09,,,,43,1*76
$GLGSV,2,1,08,68,24,070,45,69,41,012,47,78,18,034,46,79,57,082,48,3*7C
$GLGSV,2,2,08,80,38,170,47,84,30,249,45,85,19,304,40,,,,42,3*45
$GLGSV,1,1,01,83,03,191,,0*49
$GAGSV,3,1,11,04,52,005,50,06,49,322,49,09,34,295,49,10,48,212,49,2*7E
$GAGSV,3,2,11,11,53,259,46,12,33,186,45,19,16,062,40,21,11,051,42,2*7E
$GAGSV,3,3,11,23,33,100,50,31,24,158,46,36,23,313,43,2*4B
$GAGSV,3,1,11,04,52,005,46,06,49,322,46,09,34,295,44,10,48,212,45,7*72
$GAGSV,3,2,11,11,53,259,43,12,33,186,38,19,16,062,36,21,11,051,37,7*77
$GAGSV,3,3,11,23,33,100,44,31,24,158,42,36,23,313,38,7*43
$GBGSV,2,1,08,06,55,035,43,08,34,129,42,09,71,032,47,13,51,124,47,1*76
$GBGSV,2,2,08,16,47,036,44,23,65,150,51,25,42,054,47,27,18,226,42,1*72
$GBGSV,2,1,05,06,55,035,46,08,34,129,47,09,71,032,48,13,51,124,47,B*07
$GBGSV,2,2,05,16,47,036,46,B*33
$GBGSV,4,1,13,01,03,096,,02,58,141,,03,34,114,,07,07,138,,0*7C
$GBGSV,4,2,13,10,08,148,,28,06,186,,30,12,276,,32,37,327,,0*74
$GBGSV,4,3,13,33,18,097,,37,23,199,,38,23,133,,39,39,036,,0*7F
$GBGSV,4,4,13,41,53,051,,0*42
$GQGSV,1,1,02,02,12,083,37,04,19,095,40,1*6D
$GQGSV,1,1,03,02,12,083,44,04,19,095,38,07,19,104,46,6*58
$GNGLL,2454.22971,N,06708.26845,E,174720.00,A,D*79
$GNRMC,174721.00,A,2454.22970,N,06708.26845,E,0.008,,300425,,,R,V*04
$GNVTG,,T,,M,0.008,N,0.015,K,D*34
$GNGGA,174721.00,2454.22970,N,06708.26845,E,4,12,0.61,21.8,M,-44.2,M,1.0,0265*72
$GNGSA,A,3,01,03,10,28,31,04,26,02,16,32,,,1.37,0.61,1.23,1*0C
$GNGSA,A,3,69,80,68,85,84,78,79,,,,,,1.37,0.61,1.23,2*09
$GNGSA,A,3,11,23,21,31,10,19,,,,,,,1.37,0.61,1.23,3*08
$GNGSA,A,3,06,08,13,16,09,25,27,23,,,,,1.37,0.61,1.23,4*07
$GNGSA,A,3,04,,,,,,,,,,,,1.37,0.61,1.23,5*03
$GPGSV,4,1,13,01,48,263,45,02,39,224,45,03,45,331,46,04,24,290,38,1*66
$GPGSV,4,2,13,10,12,129,36,16,24,157,41,26,42,128,44,28,35,037,44,1*6B
$GPGSV,4,3,13,31,63,031,48,32,16,068,41,40,59,208,48,41,56,146,47,1*6D
$GPGSV,4,4,13,42,19,104,45,1*5C
$GPGSV,2,1,08,01,48,263,47,03,45,331,44,04,24,290,41,10,12,129,28,6*6C
$GPGSV,2,2,08,26,42,128,44,28,35,037,45,31,63,031,45,32,16,068,43,6*60
$GLGSV,3,1,09,68,24,070,46,69,41,012,49,70,09,309,22,78,18,034,44,1*7F
$GLGSV,3,2,09,79,57,082,50,80,38,170,50,84,30,249,39,85,19,304,40,1*7F
$GLGSV,3,3,09,,,,43,1*76
$GLGSV,2,1,08,68,24,070,45,69,41,012,47,78,18,034,45,79,57,082,48,3*7F
$GLGSV,2,2,08,80,38,170,47,84,30,249,45,85,19,304,40,,,,42,3*45
$GLGSV,1,1,01,83,03,191,,0*49
$GAGSV,3,1,11,04,52,005,50,06,49,322,49,09,34,295,49,10,48,212,49,2*7E
$GAGSV,3,2,11,11,53,259,46,12,33,186,45,19,16,062,40,21,11,051,42,2*7E
$GAGSV,3,3,11,23,33,100,50,31,24,158,46,36,23,313,43,2*4B
$GAGSV,3,1,11,04,52,005,46,06,49,322,46,09,34,295,44,10,48,212,45,7*72
$GAGSV,3,2,11,11,53,259,43,12,33,186,38,19,16,062,36,21,11,051,37,7*77
$GAGSV,3,3,11,23,33,100,44,31,24,158,42,36,23,313,38,7*43
$GBGSV,2,1,08,06,55,035,43,08,34,129,42,09,71,032,47,13,51,124,46,1*77
$GBGSV,2,2,08,16,47,036,44,23,65,150,51,25,42,054,47,27,18,226,41,1*71
$GBGSV,2,1,05,06,55,035,46,08,34,129,47,09,71,032,48,13,51,124,47,B*07
$GBGSV,2,2,05,16,47,036,46,B*33
$GBGSV,4,1,13,01,03,096,,02,58,141,,03,34,114,,07,07,138,,0*7C
$GBGSV,4,2,13,10,08,148,,28,06,186,,30,12,276,,32,37,327,,0*74
$GBGSV,4,3,13,33,18,097,,37,23,199,,38,23,133,,39,39,036,,0*7F
$GBGSV,4,4,13,41,53,051,,0*42
$GQGSV,1,1,02,02,12,083,37,04,19,095,40,1*6D
$GQGSV,1,1,03,02,12,083,44,04,19,095,38,07,19,104,46,6*58
$GNGLL,2454.22970,N,06708.26845,E,174721.00,A,D*79
$GNRMC,174722.00,A,2454.22970,N,06708.26845,E,0.001,,300425,,,R,V*0E
$GNVTG,,T,,M,0.001,N,0.002,K,D*3B
$GNGGA,174722.00,2454.22970,N,06708.26845,E,4,12,0.61,21.8,M,-44.2,M,1.0,0265*71
$GNGSA,A,3,01,03,10,28,31,04,26,02,16,32,,,1.37,0.61,1.23,1*0C
$GNGSA,A,3,69,80,68,85,84,78,79,,,,,,1.37,0.61,1.23,2*09
$GNGSA,A,3,11,23,21,31,10,19,,,,,,,1.37,0.61,1.23,3*08
$GNGSA,A,3,06,08,13,16,09,25,27,23,,,,,1.37,0.61,1.23,4*07
$GNGSA,A,3,04,,,,,,,,,,,,1.37,0.61,1.23,5*03
$GPGSV,4,1,13,01,48,263,45,02,39,224,45,03,45,331,46,04,24,290,38,1*66
$GPGSV,4,2,13,10,12,129,37,16,24,157,41,26,42,128,44,28,35,037,44,1*6A
$GPGSV,4,3,13,31,63,031,48,32,16,068,41,40,59,208,48,41,56,146,47,1*6D
$GPGSV,4,4,13,42,19,104,45,1*5C
$GPGSV,2,1,08,01,48,263,47,03,45,331,44,04,24,290,41,10,12,129,28,6*6C
$GPGSV,2,2,08,26,42,128,44,28,35,037,45,31,63,031,44,32,16,068,43,6*61
$GLGSV,3,1,09,68,24,070,46,69,41,012,49,70,09,309,21,78,18,034,44,1*7C
$GLGSV,3,2,09,79,57,082,50,80,38,170,50,84,30,249,39,85,19,304,40,1*7F
$GLGSV,3,3,09,,,,43,1*76
$GLGSV,2,1,08,68,24,070,45,69,41,012,47,78,18,034,45,79,57,082,48,3*7F
$GLGSV,2,2,08,80,38,170,47,84,30,249,45,85,19,304,40,,,,42,3*45
$GLGSV,1,1,01,83,03,191,,0*49
$GAGSV,3,1,11,04,52,005,50,06,49,322,49,09,34,295,49,10,48,212,49,2*7E
$GAGSV,3,2,11,11,53,259,46,12,33,186,45,19,16,062,40,21,11,051,42,2*7E
$GAGSV,3,3,11,23,33,100,50,31,24,158,46,36,23,313,43,2*4B
$GAGSV,3,1,11,04,52,005,46,06,49,322,46,09,34,295,44,10,48,212,45,7*72
$GAGSV,3,2,11,11,53,259,43,12,33,186,38,19,16,062,36,21,11,051,37,7*77
$GAGSV,3,3,11,23,33,100,44,31,24,158,42,36,23,313,38,7*43
$GBGSV,2,1,08,06,55,035,43,08,34,129,42,09,71,032,47,13,51,124,46,1*77
$GBGSV,2,2,08,16,47,036,44,23,65,150,51,25,42,054,47,27,18,226,41,1*71
$GBGSV,2,1,05,06,55,035,46,08,34,129,47,09,71,032,48,13,51,124,47,B*07
$GBGSV,2,2,05,16,47,036,46,B*33
$GBGSV,4,1,13,01,03,096,,02,58,141,,03,34,114,,07,07,138,,0*7C
$GBGSV,4,2,13,10,08,148,,28,06,186,,30,12,276,,32,37,327,,0*74
$GBGSV,4,3,13,33,18,097,,37,23,199,,38,23,133,,39,39,036,,0*7F
$GBGSV,4,4,13,41,53,051,,0*42
$GQGSV,1,1,02,02,12,083,37,04,19,095,40,1*6D
$GQGSV,1,1,03,02,12,083,44,04,19,095,38,07,19,104,46,6*58
$GNGLL,2454.22970,N,06708.26845,E,174722.00,A,D*7A
$GNRMC,174723.00,A,2454.22970,N,06708.26845,E,0.005,,300425,,,R,V*0B
$GNVTG,,T,,M,0.005,N,0.010,K,D*3C
$GNGGA,174723.00,2454.22970,N,06708.26845,E,4,12,0.61,21.8,M,-44.2,M,1.0,0265*70
$GNGSA,A,3,01,03,10,28,31,04,26,02,16,32,,,1.37,0.61,1.23,1*0C
$GNGSA,A,3,69,80,68,85,84,78,79,,,,,,1.37,0.61,1.23,2*09
$GNGSA,A,3,11,23,21,31,10,19,,,,,,,1.37,0.61,1.23,3*08
$GNGSA,A,3,06,08,13,16,09,25,27,23,,,,,1.37,0.61,1.23,4*07
$GNGSA,A,3,04,,,,,,,,,,,,1.37,0.61,1.23,5*03
$GPGSV,4,1,13,01,48,263,45,02,39,224,45,03,45,331,46,04,24,290,38,1*66
$GPGSV,4,2,13,10,12,129,37,16,24,157,41,26,42,128,45,28,35,037,44,1*6B
$GPGSV,4,3,13,31,63,031,48,32,16,068,41,40,59,208,48,41,56,146,47,1*6D
$GPGSV,4,4,13,42,19,104,45,1*5C
$GPGSV,2,1,08,01,48,263,47,03,45,331,44,04,24,290,41,10,12,129,28,6*6C
$GPGSV,2,2,08,26,42,128,44,28,35,037,45,31,63,031,44,32,16,068,43,6*61
$GLGSV,3,1,09,68,24,070,46,69,41,012,49,70,09,309,20,78,18,034,44,1*7D
$GLGSV,3,2,09,79,57,082,50,80,38,170,50,84,30,249,39,85,19,304,40,1*7F
$GLGSV,3,3,09,,,,44,1*71
$GLGSV,2,1,08,68,24,070,45,69,41,012,47,78,18,034,45,79,57,082,48,3*7F
$GLGSV,2,2,08,80,38,170,47,84,30,249,45,85,19,304,40,,,,43,3*44
$GLGSV,1,1,01,83,03,191,,0*49
$GAGSV,3,1,11,04,52,005,50,06,49,322,50,09,34,295,50,10,48,212,49,2*7E
$GAGSV,3,2,11,11,53,259,46,12,33,186,45,19,16,062,41,21,11,051,42,2*7F
$GAGSV,3,3,11,23,33,100,50,31,24,158,46,36,23,313,43,2*4B
$GAGSV,3,1,11,04,52,005,46,06,49,322,46,09,34,295,44,10,48,212,45,7*72
$GAGSV,3,2,11,11,53,259,43,12,33,186,38,19,16,062,36,21,11,051,37,7*77
$GAGSV,3,3,11,23,33,100,44,31,24,158,42,36,23,313,38,7*43
$GBGSV,2,1,08,06,55,035,43,08,34,129,42,09,71,032,47,13,51,124,46,1*77
$GBGSV,2,2,08,16,47,036,44,23,65,150,51,25,42,054,47,27,18,226,42,1*72
$GBGSV,2,1,05,06,55,035,46,08,34,129,47,09,71,032,48,13,51,124,47,B*07
$GBGSV,2,2,05,16,47,036,46,B*33
$GBGSV,4,1,13,01,03,096,,02,58,141,,03,34,114,,07,07,138,,0*7C
$GBGSV,4,2,13,10,08,148,,28,06,186,,30,12,276,,32,37,327,,0*74
$GBGSV,4,3,13,33,18,097,,37,23,199,,38,23,133,,39,39,036,,0*7F
$GBGSV,4,4,13,41,53,051,,0*42
$GQGSV,1,1,02,02,12,083,37,04,19,095,40,1*6D
$GQGSV,1,1,03,02,12,083,44,04,19,095,38,07,19,104,46,6*58
$GNGLL,2454.22970,N,06708.26845,E,174723.00,A,D*7B
$GNRMC,174724.00,A,2454.22970,N,06708.26845,E,0.007,,300425,,,R,V*0E
$GNVTG,,T,,M,0.007,N,0.012,K,D*3C
$GNGGA,174724.00,2454.22970,N,06708.26845,E,4,12,0.61,21.8,M,-44.2,M,1.0,0265*77
$GNGSA,A,3,01,03,10,28,31,04,26,02,16,32,,,1.37,0.61,1.23,1*0C
$GNGSA,A,3,69,80,68,85,84,78,79,,,,,,1.37,0.61,1.23,2*09
$GNGSA,A,3,11,23,21,31,10,19,,,,,,,1.37,0.61,1.23,3*08
$GNGSA,A,3,06,08,13,16,09,25,27,23,,,,,1.37,0.61,1.23,4*07
$GNGSA,A,3,04,,,,,,,,,,,,1.37,0.61,1.23,5*03
$GPGSV,4,1,13,01,48,263,45,02,39,224,45,03,45,331,46,04,24,290,38,1*66
$GPGSV,4,2,13,10,12,129,37,16,24,157,41,26,42,128,45,28,35,037,44,1*6B
$GPGSV,4,3,13,31,63,031,48,32,16,068,41,40,59,208,48,41,56,146,47,1*6D
$GPGSV,4,4,13,42,19,104,45,1*5C
$GPGSV,2,1,08,01,48,263,47,03,45,331,44,04,24,290,41,10,12,129,28,6*6C
$GPGSV,2,2,08,26,42,128,44,28,35,037,45,31,63,031,44,32,16,068,43,6*61
$GLGSV,3,1,09,68,24,070,46,69,41,012,49,70,09,309,18,78,18,034,45,1*77
$GLGSV,3,2,09,79,57,082,50,80,38,170,50,84,30,249,39,85,19,304,40,1*7F
$GLGSV,3,3,09,,,,44,1*71
$GLGSV,2,1,08,68,24,070,45,69,41,012,47,78,18,034,45,79,57,082,48,3*7F
$GLGSV,2,2,08,80,38,170,47,84,30,249,45,85,19,304,40,,,,43,3*44
$GLGSV,1,1,01,83,03,191,,0*49
$GAGSV,3,1,11,04,52,005,50,06,49,322,49,09,34,295,50,10,48,212,49,2*76
$GAGSV,3,2,11,11,53,259,46,12,33,186,45,19,16,062,41,21,11,051,42,2*7F
$GAGSV,3,3,11,23,33,100,50,31,24,158,46,36,23,313,43,2*4B
$GAGSV,3,1,11,04,52,005,46,06,49,322,46,09,34,295,44,10,48,212,45,7*72
$GAGSV,3,2,11,11,53,259,43,12,33,186,38,19,16,062,36,21,11,051,37,7*77
$GAGSV,3,3,11,23,33,100,44,31,24,158,42,36,23,313,38,7*43
$GBGSV,2,1,08,06,55,035,43,08,34,129,42,09,71,032,47,13,51,124,46,1*77
$GBGSV,2,2,08,16,47,036,44,23,65,150,51,25,42,054,47,27,18,226,42,1*72
$GBGSV,2,1,05,06,55,035,46,08,34,129,47,09,71,032,48,13,51,124,47,B*07
$GBGSV,2,2,05,16,47,036,46,B*33
$GBGSV,4,1,13,01,03,096,,02,58,141,,03,34,114,,07,07,138,,0*7C
$GBGSV,4,2,13,10,08,148,,28,06,186,,30,12,276,,32,37,327,,0*74
$GBGSV,4,3,13,33,18,097,,37,23,199,,38,23,133,,39,39,036,,0*7F
$GBGSV,4,4,13,41,53,051,,0*42
$GQGSV,1,1,02,02,12,083,37,04,19,095,40,1*6D
$GQGSV,1,1,03,02,12,083,44,04,19,095,38,07,19,104,46,6*58
$GNGLL,2454.22970,N,06708.26845,E,174724.00,A,D*7C
$GNRMC,174725.00,A,2454.22970,N,06708.26845,E,0.003,,300425,,,R,V*0B
$GNVTG,,T,,M,0.003,N,0.006,K,D*3D
$GNGGA,174725.00,2454.22970,N,06708.26845,E,4,12,0.61,21.8,M,-44.2,M,1.0,0265*76
$GNGSA,A,3,01,03,10,28,31,04,26,02,16,32,,,1.37,0.61,1.23,1*0C
$GNGSA,A,3,69,80,68,85,84,78,79,,,,,,1.37,0.61,1.23,2*09
$GNGSA,A,3,11,23,21,31,10,19,,,,,,,1.37,0.61,1.23,3*08
$GNGSA,A,3,06,08,13,16,09,25,27,23,,,,,1.37,0.61,1.23,4*07
$GNGSA,A,3,04,,,,,,,,,,,,1.37,0.61,1.23,5*03
$GPGSV,4,1,13,01,48,263,45,02,39,224,45,03,45,331,46,04,24,290,38,1*66
$GPGSV,4,2,13,10,12,129,37,16,24,157,41,26,42,128,45,28,35,037,44,1*6B
$GPGSV,4,3,13,31,63,031,48,32,16,068,41,40,59,208,48,41,56,146,47,1*6D
$GPGSV,4,4,13,42,19,104,45,1*5C
$GPGSV,2,1,08,01,48,263,47,03,45,331,44,04,24,290,41,10,12,129,28,6*6C
$GPGSV,2,2,08,26,42,128,44,28,35,037,45,31,63,031,44,32,16,068,43,6*61
$GLGSV,3,1,09,68,24,070,46,69,41,012,49,70,09,309,17,78,18,034,45,1*78
$GLGSV,3,2,09,79,57,082,50,80,38,170,49,84,30,249,39,85,19,304,40,1*77
$GLGSV,3,3,09,,,,43,1*76
$GLGSV,2,1,08,68,24,070,45,69,41,012,47,78,18,034,45,79,57,082,48,3*7F
$GLGSV,2,2,08,80,38,170,47,84,30,249,45,85,19,304,40,,,,43,3*44
$GLGSV,1,1,01,83,03,191,,0*49
$GAGSV,3,1,11,04,52,005,50,06,49,322,49,09,34,295,50,10,48,212,49,2*76
$GAGSV,3,2,11,11,53,259,46,12,33,186,45,19,16,062,41,21,11,051,42,2*7F
$GAGSV,3,3,11,23,33,100,50,31,24,158,46,36,23,313,43,2*4B
$GAGSV,3,1,11,04,52,005,46,06,49,322,46,09,34,295,44,10,48,212,45,7*72
$GAGSV,3,2,11,11,53,259,43,12,33,186,38,19,16,062,36,21,11,051,37,7*77
$GAGSV,3,3,11,23,33,100,44,31,24,158,42,36,23,313,38,7*43
$GBGSV,2,1,08,06,55,035,43,08,34,129,42,09,71,032,47,13,51,124,46,1*77
$GBGSV,2,2,08,16,47,036,44,23,65,150,51,25,42,054,47,27,18,226,42,1*72
$GBGSV,2,1,05,06,55,035,46,08,34,129,47,09,71,032,48,13,51,124,47,B*07
$GBGSV,2,2,05,16,47,036,46,B*33
$GBGSV,4,1,13,01,03,096,,02,58,141,,03,34,114,,07,07,138,,0*7C
$GBGSV,4,2,13,10,08,148,,28,06,186,,30,12,276,,32,37,327,,0*74
$GBGSV,4,3,13,33,18,097,,37,23,199,,38,23,133,,39,39,036,,0*7F
$GBGSV,4,4,13,41,53,051,,0*42
$GQGSV,1,1,02,02,12,083,37,04,19,095,40,1*6D
$GQGSV,1,1,03,02,12,083,44,04,19,095,38,07,19,104,46,6*58
$GNGLL,2454.22970,N,06708.26845,E,174725.00,A,D*7D
$GNRMC,174726.00,A,2454.22970,N,06708.26845,E,0.004,,300425,,,R,V*0F
$GNVTG,,T,,M,0.004,N,0.007,K,D*3B
$GNGGA,174726.00,2454.22970,N,06708.26845,E,4,12,0.61,21.8,M,-44.2,M,1.0,0265*75
$GNGSA,A,3,01,03,10,28,31,04,26,02,16,32,,,1.37,0.61,1.23,1*0C
$GNGSA,A,3,69,80,68,85,84,78,79,,,,,,1.37,0.61,1.23,2*09
$GNGSA,A,3,11,23,21,31,10,19,,,,,,,1.37,0.61,1.23,3*08
$GNGSA,A,3,06,08,13,16,09,25,27,23,,,,,1.37,0.61,1.23,4*07
$GNGSA,A,3,04,,,,,,,,,,,,1.37,0.61,1.23,5*03
$GPGSV,4,1,13,01,48,263,45,02,39,224,45,03,45,331,46,04,24,290,38,1*66
$GPGSV,4,2,13,10,12,129,37,16,24,157,41,26,42,128,45,28,35,037,44,1*6B
$GPGSV,4,3,13,31,63,031,48,32,16,068,41,40,59,208,48,41,56,146,47,1*6D
$GPGSV,4,4,13,42,19,104,45,1*5C
$GPGSV,2,1,08,01,48,263,47,03,45,331,44,04,24,290,41,10,12,129,28,6*6C
$GPGSV,2,2,08,26,42,128,44,28,35,037,45,31,63,031,44,32,16,068,43,6*61
$GLGSV,3,1,09,68,24,070,46,69,41,012,50,70,09,309,15,78,18,034,45,1*72
$GLGSV,3,2,09,79,57,082,50,80,38,170,49,84,30,249,39,85,19,304,41,1*76
$GLGSV,3,3,09,,,,43,1*76
$GLGSV,2,1,08,68,24,070,45,69,41,012,47,78,18,034,45,79,57,082,48,3*7F
$GLGSV,2,2,08,80,38,170,47,84,30,249,45,85,19,304,40,,,,43,3*44
$GLGSV,1,1,01,83,03,191,,0*49
$GAGSV,3,1,11,04,52,005,50,06,49,322,49,09,34,295,50,10,48,212,49,2*76
$GAGSV,3,2,11,11,53,259,46,12,33,186,45,19,16,062,41,21,11,051,42,2*7F
$GAGSV,3,3,11,23,33,100,50,31,24,158,46,36,23,313,43,2*4B
$GAGSV,3,1,11,04,52,005,46,06,49,322,46,09,34,295,44,10,48,212,45,7*72
$GAGSV,3,2,11,11,53,259,43,12,33,186,38,19,16,062,36,21,11,051,37,7*77
$GAGSV,3,3,11,23,33,100,44,31,24,158,42,36,23,313,38,7*43
$GBGSV,2,1,08,06,55,035,43,08,34,129,42,09,71,032,47,13,51,124,46,1*77
$GBGSV,2,2,08,16,47,036,44,23,66,148,51,25,42,054,47,27,18,226,42,1*78
$GBGSV,2,1,05,06,55,035,46,08,34,129,47,09,71,032,48,13,51,124,47,B*07
$GBGSV,2,2,05,16,47,036,46,B*33
$GBGSV,4,1,13,01,03,096,,02,58,141,,03,34,114,,07,07,138,,0*7C
$GBGSV,4,2,13,10,08,148,,28,06,186,,30,12,276,,32,37,327,,0*74
$GBGSV,4,3,13,33,18,097,,37,23,199,,38,23,133,,39,39,036,,0*7F
$GBGSV,4,4,13,41,53,051,,0*42
$GQGSV,1,1,02,02,12,083,37,04,19,095,40,1*6D
$GQGSV,1,1,03,02,12,083,44,04,19,095,38,07,19,104,46,6*58
$GNGLL,2454.22970,N,06708.26845,E,174726.00,A,D*7E
$GNRMC,174727.00,A,2454.22970,N,06708.26845,E,0.008,,300425,,,R,V*02
$GNVTG,,T,,M,0.008,N,0.015,K,D*34
$GNGGA,174727.00,2454.22970,N,06708.26845,E,4,12,0.61,21.8,M,-44.2,M,1.0,0265*74
$GNGSA,A,3,01,03,10,28,31,04,26,02,16,32,,,1.37,0.61,1.23,1*0C
$GNGSA,A,3,69,80,68,85,84,78,79,,,,,,1.37,0.61,1.23,2*09
$GNGSA,A,3,11,23,21,31,10,19,,,,,,,1.37,0.61,1.23,3*08
$GNGSA,A,3,06,08,13,16,09,25,27,23,,,,,1.37,0.61,1.23,4*07
$GNGSA,A,3,04,,,,,,,,,,,,1.37,0.61,1.23,5*03
$GPGSV,4,1,13,01,48,263,45,02,39,224,45,03,45,331,46,04,24,290,38,1*66
$GPGSV,4,2,13,10,12,129,37,16,24,157,41,26,42,128,45,28,35,037,44,1*6B
$GPGSV,4,3,13,31,63,031,48,32,16,068,41,40,59,208,48,41,56,146,47,1*6D
$GPGSV,4,4,13,42,19,104,45,1*5C
$GPGSV,2,1,08,01,48,263,47,03,45,331,44,04,24,290,41,10,12,129,28,6*6C
$GPGSV,2,2,08,26,42,128,44,28,35,037,45,31,63,031,44,32,16,068,43,6*61
$GLGSV,3,1,09,68,24,070,46,69,41,012,50,70,09,309,15,78,18,034,45,1*72
$GLGSV,3,2,09,79,57,082,50,80,38,170,49,84,30,249,39,85,19,304,41,1*76
$GLGSV,3,3,09,,,,43,1*76
$GLGSV,2,1,08,68,24,070,45,69,41,012,47,78,18,034,45,79,57,082,48,3*7F
$GLGSV,2,2,08,80,38,170,47,84,30,249,45,85,19,304,40,,,,43,3*44
$GLGSV,1,1,01,83,03,191,,0*49
$GAGSV,3,1,11,04,52,005,50,06,49,322,49,09,34,295,49,10,48,212,49,2*7E
$GAGSV,3,2,11,11,53,259,46,12,33,186,45,19,16,062,41,21,11,051,42,2*7F
$GAGSV,3,3,11,23,33,100,50,31,24,158,46,36,23,313,43,2*4B
$GAGSV,3,1,11,04,52,005,46,06,49,322,46,09,34,295,44,10,48,212,45,7*72
$GAGSV,3,2,11,11,53,259,43,12,33,186,38,19,16,062,36,21,11,051,37,7*77
$GAGSV,3,3,11,23,33,100,44,31,24,158,42,36,23,313,38,7*43
$GBGSV,2,1,08,06,55,035,44,08,34,129,42,09,71,032,47,13,51,124,46,1*70
$GBGSV,2,2,08,16,47,036,44,23,66,148,51,25,42,054,47,27,18,226,42,1*78
$GBGSV,2,1,05,06,55,035,46,08,34,129,47,09,71,032,48,13,51,124,47,B*07
$GBGSV,2,2,05,16,47,036,46,B*33
$GBGSV,4,1,13,01,03,096,,02,58,141,,03,34,114,,07,07,138,,0*7C
$GBGSV,4,2,13,10,08,148,,28,06,186,,30,12,276,,32,37,327,,0*74
$GBGSV,4,3,13,33,18,097,,37,23,199,,38,23,133,,39,39,036,,0*7F
$GBGSV,4,4,13,41,53,051,,0*42
$GQGSV,1,1,02,02,12,083,37,04,19,095,40,1*6D
$GQGSV,1,1,03,02,12,083,44,04,19,095,38,07,19,104,46,6*58
$GNGLL,2454.22970,N,06708.26845,E,174727.00,A,D*7F
$GNRMC,174728.00,A,2454.22970,N,06708.26845,E,0.006,,300425,,,R,V*03
$GNVTG,,T,,M,0.006,N,0.012,K,D*3D
$GNGGA,174728.00,2454.22970,N,06708.26845,E,4,12,0.61,21.8,M,-44.2,M,1.0,0265*7B
$GNGSA,A,3,01,03,10,28,31,04,26,02,16,32,,,1.37,0.61,1.23,1*0C
$GNGSA,A,3,69,80,68,85,84,78,79,,,,,,1.37,0.61,1.23,2*09
$GNGSA,A,3,11,23,21,31,10,19,,,,,,,1.37,0.61,1.23,3*08
$GNGSA,A,3,06,08,13,16,09,25,27,23,,,,,1.37,0.61,1.23,4*07
$GNGSA,A,3,04,,,,,,,,,,,,1.37,0.61,1.23,5*03
$GPGSV,4,1,13,01,48,263,45,02,39,224,45,03,45,331,46,04,24,290,38,1*66
$GPGSV,4,2,13,10,12,129,37,16,24,157,41,26,42,128,45,28,35,037,44,1*6B
$GPGSV,4,3,13,31,63,031,48,32,16,068,41,40,59,208,48,41,56,146,47,1*6D
$GPGSV,4,4,13,42,19,104,45,1*5C
$GPGSV,2,1,08,01,48,263,47,03,45,331,44,04,24,290,41,10,12,129,28,6*6C
$GPGSV,2,2,08,26,42,128,44,28,35,037,45,31,63,031,44,32,16,068,43,6*61
$GLGSV,3,1,09,68,24,070,46,69,41,012,50,70,09,309,12,78,18,034,45,1*75
$GLGSV,3,2,09,79,57,082,50,80,38,170,49,84,30,249,39,85,19,304,41,1*76
$GLGSV,3,3,09,,,,43,1*76
$GLGSV,2,1,08,68,24,070,45,69,41,012,47,78,18,034,45,79,57,082,48,3*7F
$GLGSV,2,2,08,80,38,170,47,84,30,249,45,85,19,304,40,,,,43,3*44
$GLGSV,1,1,01,83,03,191,,0*49
$GAGSV,3,1,11,04,52,005,50,06,49,322,49,09,34,295,49,10,48,212,49,2*7E
$GAGSV,3,2,11,11,53,259,46,12,33,186,45,19,16,062,41,21,11,051,43,2*7E
$GAGSV,3,3,11,23,33,100,50,31,24,158,46,36,23,313,43,2*4B
$GAGSV,3,1,11,04,52,005,46,06,49,322,46,09,34,295,44,10,48,212,45,7*72
$GAGSV,3,2,11,11,53,259,43,12,33,186,38,19,16,062,36,21,11,051,37,7*77
$GAGSV,3,3,11,23,33,100,44,31,24,158,42,36,23,313,38,7*43
$GBGSV,2,1,08,06,55,035,44,08,34,129,42,09,71,032,47,13,51,124,46,1*70
$GBGSV,2,2,08,16,47,036,44,23,66,148,51,25,41,053,48,27,18,226,42,1*73
$GBGSV,2,1,05,06,55,035,46,08,34,129,47,09,71,032,48,13,51,124,47,B*07
$GBGSV,2,2,05,16,47,036,46,B*33
$GBGSV,4,1,13,01,03,096,,02,58,141,,03,34,114,,07,07,138,,0*7C
$GBGSV,4,2,13,10,08,148,,28,06,186,,30,12,276,,32,37,327,,0*74
$GBGSV,4,3,13,33,18,097,,37,23,199,,38,23,133,,39,39,036,,0*7F
$GBGSV,4,4,13,41,53,051,,0*42
$GQGSV,1,1,02,02,12,083,37,04,19,095,40,1*6D
$GQGSV,1,1,03,02,12,083,44,04,19,095,38,07,19,104,46,6*58
$GNGLL,2454.22970,N,06708.26845,E,174728.00,A,D*70
$GNRMC,174729.00,A,2454.22970,N,06708.26845,E,0.001,,300425,,,R,V*05
$GNVTG,,T,,M,0.001,N,0.002,K,D*3B
$GNGGA,174729.00,2454.22970,N,06708.26845,E,4,12,0.61,21.8,M,-44.2,M,1.0,0265*7A
$GNGSA,A,3,01,03,10,28,31,04,26,02,16,32,,,1.37,0.61,1.23,1*0C
$GNGSA,A,3,69,80,68,85,84,78,79,,,,,,1.37,0.61,1.23,2*09
$GNGSA,A,3,11,23,21,31,10,19,,,,,,,1.37,0.61,1.23,3*08
$GNGSA,A,3,06,08,13,16,09,25,27,23,,,,,1.37,0.61,1.23,4*07
$GNGSA,A,3,04,,,,,,,,,,,,1.37,0.61,1.23,5*03
$GPGSV,4,1,13,01,48,263,45,02,39,224,45,03,45,331,45,04,24,290,38,1*65
$GPGSV,4,2,13,10,12,129,37,16,24,157,41,26,42,128,45,28,35,037,44,1*6B
$GPGSV,4,3,13,31,63,031,48,32,16,068,40,40,59,208,48,41,56,146,47,1*6C
$GPGSV,4,4,13,42,19,104,45,1*5C
$GPGSV,2,1,08,01,48,263,47,03,45,331,44,04,24,290,41,10,12,129,28,6*6C
$GPGSV,2,2,08,26,42,128,44,28,35,037,45,31,63,031,45,32,16,068,43,6*60
$GLGSV,3,1,09,68,24,070,46,69,41,012,50,70,09,309,09,78,18,034,45,1*7F
$GLGSV,3,2,09,79,57,082,50,80,38,170,49,84,30,249,39,85,19,304,41,1*76
$GLGSV,3,3,09,,,,43,1*76
$GLGSV,2,1,08,68,24,070,45,69,41,012,47,78,18,034,45,79,57,082,47,3*70
$GLGSV,2,2,08,80,38,170,47,84,30,249,45,85,19,304,40,,,,43,3*44
$GLGSV,1,1,01,83,03,191,,0*49
$GAGSV,3,1,11,04,52,005,50,06,49,322,50,09,34,295,49,10,48,212,49,2*76
$GAGSV,3,2,11,11,53,259,46,12,33,186,45,19,16,062,41,21,11,051,43,2*7E
$GAGSV,3,3,11,23,33,100,50,31,24,158,46,36,23,313,43,2*4B
$GAGSV,3,1,11,04,52,005,46,06,49,322,46,09,34,295,44,10,48,212,45,7*72
$GAGSV,3,2,11,11,53,259,43,12,33,186,38,19,16,062,36,21,11,051,37,7*77
$GAGSV,3,3,11,23,33,100,44,31,24,158,42,36,23,313,38,7*43
$GBGSV,2,1,08,06,55,035,43,08,34,129,42,09,71,032,47,13,51,124,46,1*77
$GBGSV,2,2,08,16,47,036,44,23,66,148,51,25,41,053,47,27,18,226,42,1*7C
$GBGSV,2,1,05,06,55,035,46,08,34,129,47,09,71,032,48,13,51,124,47,B*07
$GBGSV,2,2,05,16,47,036,46,B*33
$GBGSV,4,1,13,01,03,096,,02,58,141,,03,34,114,,07,07,138,,0*7C
$GBGSV,4,2,13,10,08,148,,28,06,186,,30,12,276,,32,37,327,,0*74
$GBGSV,4,3,13,33,18,097,,37,23,199,,38,23,133,,39,39,036,,0*7F
$GBGSV,4,4,13,41,53,051,,0*42
$GQGSV,1,1,02,02,12,083,37,04,19,095,40,1*6D
$GQGSV,1,1,03,02,12,083,44,04,19,095,38,07,19,104,46,6*58
$GNGLL,2454.22970,N,06708.26845,E,174729.00,A,D*71
$GNRMC,174730.00,A,2454.22970,N,06708.26845,E,0.009,,300425,,,R,V*05
$GNVTG,,T,,M,0.009,N,0.018,K,D*38
$GNGGA,174730.00,2454.22970,N,06708.26845,E,4,12,0.61,21.8,M,-44.2,M,1.0,0265*72
$GNGSA,A,3,01,03,10,28,31,04,26,02,16,32,,,1.37,0.61,1.23,1*0C
$GNGSA,A,3,69,80,68,85,84,78,79,,,,,,1.37,0.61,1.23,2*09
$GNGSA,A,3,11,23,21,31,10,19,,,,,,,1.37,0.61,1.23,3*08
$GNGSA,A,3,06,08,13,16,09,25,27,23,,,,,1.37,0.61,1.23,4*07
$GNGSA,A,3,04,,,,,,,,,,,,1.37,0.61,1.23,5*03
$GPGSV,4,1,13,01,48,263,45,02,39,224,45,03,45,331,46,04,24,290,38,1*66
$GPGSV,4,2,13,10,12,129,38,16,24,157,41,26,42,128,45,28,35,037,44,1*64
$GPGSV,4,3,13,31,63,031,48,32,16,068,40,40,59,208,48,41,56,146,47,1*6C
$GPGSV,4,4,13,42,19,104,45,1*5C
$GPGSV,2,1,08,01,48,263,47,03,45,331,44,04,24,290,41,10,12,129,28,6*6C
$GPGSV,2,2,08,26,42,128,44,28,35,037,45,31,63,031,45,32,16,068,43,6*60
$GLGSV,2,1,08,68,24,070,46,69,41,012,50,78,18,034,45,79,57,082,50,1*71
$GLGSV,2,2,08,80,38,170,49,84,30,249,39,85,19,304,41,,,,43,1*42
$GLGSV,2,1,08,68,24,070,45,69,41,012,47,78,18,034,45,79,57,082,47,3*70
$GLGSV,2,2,08,80,38,170,47,84,30,249,45,85,19,304,40,,,,43,3*44
$GLGSV,1,1,02,70,09,309,,83,03,191,,0*7E
$GAGSV,3,1,11,04,52,005,50,06,49,322,49,09,34,295,50,10,48,212,49,2*76
$GAGSV,3,2,11,11,53,259,46,12,33,186,45,19,16,062,41,21,11,051,43,2*7E
$GAGSV,3,3,11,23,33,100,50,31,24,158,46,36,23,313,43,2*4B
$GAGSV,3,1,11,04,52,005,46,06,49,322,46,09,34,295,44,10,48,212,45,7*72
$GAGSV,3,2,11,11,53,259,43,12,33,186,38,19,16,062,36,21,11,051,37,7*77
$GAGSV,3,3,11,23,33,100,44,31,24,158,42,36,23,313,37,7*4C
$GBGSV,2,1,08,06,55,035,43,08,34,129,42,09,71,032,47,13,51,124,46,1*77
$GBGSV,2,2,08,16,47,036,44,23,66,148,51,25,41,053,47,27,17,225,42,1*70
$GBGSV,2,1,05,06,55,035,46,08,34,129,47,09,71,032,48,13,51,124,47,B*07
$GBGSV,2,2,05,16,47,036,46,B*33
$GBGSV,4,1,13,01,03,096,,02,58,141,,03,34,114,,07,07,138,,0*7C
$GBGSV,4,2,13,10,08,148,,28,06,186,,30,12,276,,32,37,327,,0*74
$GBGSV,4,3,13,33,18,097,,37,23,199,,38,23,133,,39,39,036,,0*7F
$GBGSV,4,4,13,41,53,051,,0*42
$GQGSV,1,1,02,02,12,083,37,04,19,095,40,1*6D
$GQGSV,1,1,03,02,12,083,44,04,19,095,38,07,19,104,46,6*58
$GNGLL,2454.22970,N,06708.26845,E,174730.00,A,D*79
$GNRMC,174731.00,A,2454.22970,N,06708.26845,E,0.007,,300425,,,R,V*0A
$GNVTG,,T,,M,0.007,N,0.013,K,D*3D
$GNGGA,174731.00,2454.22970,N,06708.26845,E,4,12,0.61,21.8,M,-44.2,M,1.0,0265*73
$GNGSA,A,3,01,03,10,28,31,04,26,02,16,32,,,1.37,0.61,1.23,1*0C
$GNGSA,A,3,69,80,68,85,84,78,79,,,,,,1.37,0.61,1.23,2*09
$GNGSA,A,3,11,23,21,31,10,19,,,,,,,1.37,0.61,1.23,3*08
$GNGSA,A,3,06,08,13,16,09,25,27,23,,,,,1.37,0.61,1.23,4*07
$GNGSA,A,3,04,,,,,,,,,,,,1.37,0.61,1.23,5*03
$GPGSV,4,1,13,01,48,263,45,02,39,224,45,03,45,331,46,04,24,290,38,1*66
$GPGSV,4,2,13,10,12,129,38,16,24,157,41,26,42,128,45,28,35,037,44,1*64
$GPGSV,4,3,13,31,63,031,48,32,16,068,40,40,59,208,48,41,56,146,47,1*6C
$GPGSV,4,4,13,42,19,104,45,1*5C
$GPGSV,2,1,08,01,48,263,47,03,45,331,44,04,24,290,41,10,12,129,28,6*6C
$GPGSV,2,2,08,26,42,128,44,28,35,037,45,31,63,031,45,32,16,068,43,6*60
$GLGSV,2,1,08,68,24,070,46,69,41,012,50,78,18,034,45,79,57,082,50,1*71
$GLGSV,2,2,08,80,38,170,49,84,30,249,38,85,19,304,41,,,,43,1*43
$GLGSV,2,1,08,68,24,070,45,69,41,012,47,78,18,034,45,79,57,082,47,3*70
$GLGSV,2,2,08,80,38,170,47,84,30,249,45,85,19,304,40,,,,43,3*44
$GLGSV,1,1,02,70,09,309,,83,03,191,,0*7E
$GAGSV,3,1,11,04,52,005,50,06,49,322,49,09,34,295,50,10,48,212,49,2*76
$GAGSV,3,2,11,11,53,259,46,12,33,186,45,19,16,062,41,21,11,051,42,2*7F
$GAGSV,3,3,11,23,33,100,50,31,24,158,46,36,23,313,43,2*4B
$GAGSV,3,1,11,04,52,005,46,06,49,322,46,09,34,295,44,10,48,212,45,7*72
$GAGSV,3,2,11,11,53,259,43,12,33,186,38,19,16,062,36,21,11,051,37,7*77
$GAGSV,3,3,11,23,33,100,44,31,24,158,42,36,23,313,37,7*4C
$GBGSV,2,1,08,06,55,035,43,08,34,129,42,09,71,032,47,13,51,124,46,1*77
$GBGSV,2,2,08,16,47,036,44,23,66,148,51,25,41,053,47,27,17,225,42,1*70
$GBGSV,2,1,05,06,55,035,46,08,34,129,47,09,71,032,48,13,51,124,47,B*07
$GBGSV,2,2,05,16,47,036,46,B*33
$GBGSV,4,1,13,01,03,096,,02,58,141,,03,34,114,,07,07,138,,0*7C
$GBGSV,4,2,13,10,08,148,,28,05,186,,30,12,276,,32,37,327,,0*77
$GBGSV,4,3,13,33,18,097,,37,23,199,,38,23,133,,39,39,036,,0*7F
$GBGSV,4,4,13,41,53,051,,0*42
$GQGSV,1,1,02,02,12,083,37,04,19,095,40,1*6D
$GQGSV,1,1,03,02,12,083,44,04,19,095,38,07,19,104,46,6*58
$GNGLL,2454.22970,N,06708.26845,E,174731.00,A,D*78
$GNRMC,174732.00,A,2454.22970,N,06708.26845,E,0.010,,300425,,,R,V*0F
$GNVTG,,T,,M,0.010,N,0.018,K,D*30
$GNGGA,174732.00,2454.22970,N,06708.26845,E,4,12,0.61,21.8,M,-44.2,M,1.0,0265*70
$GNGSA,A,3,01,03,10,28,31,04,26,02,16,32,,,1.37,0.61,1.23,1*0C
$GNGSA,A,3,69,80,68,85,84,78,79,,,,,,1.37,0.61,1.23,2*09
$GNGSA,A,3,11,23,21,31,10,19,,,,,,,1.37,0.61,1.23,3*08
$GNGSA,A,3,06,08,13,16,09,25,27,23,,,,,1.37,0.61,1.23,4*07
$GNGSA,A,3,04,,,,,,,,,,,,1.37,0.61,1.23,5*03
$GPGSV,4,1,13,01,48,263,45,02,39,224,45,03,45,331,46,04,24,290,38,1*66
$GPGSV,4,2,13,10,12,129,38,16,24,157,41,26,42,128,45,28,35,037,44,1*64
$GPGSV,4,3,13,31,63,031,48,32,16,068,40,40,59,208,48,41,56,146,47,1*6C
$GPGSV,4,4,13,42,19,104,45,1*5C
$GPGSV,2,1,08,01,48,263,47,03,45,331,44,04,24,290,41,10,12,129,28,6*6C
$GPGSV,2,2,08,26,42,128,44,28,35,037,45,31,63,031,45,32,16,068,43,6*60
$GLGSV,2,1,08,68,24,070,46,69,41,012,50,78,18,034,45,79,57,082,50,1*71
$GLGSV,2,2,08,80,38,170,49,84,30,249,38,85,19,304,41,,,,43,1*43
$GLGSV,2,1,08,68,24,070,45,69,41,012,47,78,18,034,45,79,57,082,47,3*70
$GLGSV,2,2,08,80,38,170,47,84,30,249,45,85,19,304,40,,,,43,3*44
$GLGSV,1,1,02,70,09,309,,83,03,191,,0*7E
$GAGSV,3,1,11,04,52,005,50,06,49,322,49,09,34,295,49,10,48,212,49,2*7E
$GAGSV,3,2,11,11,53,259,46,12,33,186,45,19,16,062,41,21,11,051,43,2*7E
$GAGSV,3,3,11,23,33,100,50,31,24,158,46,36,23,313,43,2*4B
$GAGSV,3,1,11,04,52,005,46,06,49,322,46,09,34,295,44,10,48,212,45,7*72
$GAGSV,3,2,11,11,53,259,43,12,33,186,38,19,16,062,36,21,11,051,37,7*77
$GAGSV,3,3,11,23,33,100,44,31,24,158,42,36,23,313,38,7*43
$GBGSV,2,1,08,06,55,035,43,08,34,129,42,09,71,032,47,13,51,124,46,1*77
$GBGSV,2,2,08,16,47,036,44,23,66,148,51,25,41,053,47,27,17,225,42,1*70
$GBGSV,2,1,05,06,55,035,46,08,34,129,47,09,71,032,48,13,51,124,47,B*07
$GBGSV,2,2,05,16,47,036,46,B*33
$GBGSV,4,1,13,01,03,096,,02,58,141,,03,34,114,,07,07,138,,0*7C
$GBGSV,4,2,13,10,08,148,,28,05,186,,30,12,276,,32,37,327,,0*77
$GBGSV,4,3,13,33,18,097,,37,23,199,,38,23,133,,39,39,036,,0*7F
$GBGSV,4,4,13,41,53,051,,0*42
$GQGSV,1,1,02,02,12,083,37,04,19,095,40,1*6D
$GQGSV,1,1,03,02,12,083,44,04,19,095,38,07,19,104,46,6*58
$GNGLL,2454.22970,N,06708.26845,E,174732.00,A,D*7B
$GNRMC,174733.00,A,2454.22970,N,06708.26845,E,0.004,,300425,,,R,V*0B
$GNVTG,,T,,M,0.004,N,0.007,K,D*3B
$GNGGA,174733.00,2454.22970,N,06708.26845,E,4,12,0.61,21.8,M,-44.2,M,1.0,0265*71
$GNGSA,A,3,01,03,10,28,31,04,26,02,16,32,,,1.37,0.61,1.23,1*0C
$GNGSA,A,3,69,80,68,85,84,78,79,,,,,,1.37,0.61,1.23,2*09
$GNGSA,A,3,11,23,21,31,10,19,,,,,,,1.37,0.61,1.23,3*08
$GNGSA,A,3,06,08,13,16,09,25,27,23,,,,,1.37,0.61,1.23,4*07
$GNGSA,A,3,04,,,,,,,,,,,,1.37,0.61,1.23,5*03
$GPGSV,4,1,13,01,48,263,45,02,39,224,45,03,45,331,46,04,24,290,38,1*66
$GPGSV,4,2,13,10,12,129,38,16,24,157,42,26,42,128,45,28,35,037,44,1*67
$GPGSV,4,3,13,31,63,031,48,32,16,068,40,40,59,208,48,41,56,146,47,1*6C
$GPGSV,4,4,13,42,19,104,45,1*5C
$GPGSV,2,1,08,01,48,263,47,03,45,331,44,04,24,290,41,10,12,129,28,6*6C
$GPGSV,2,2,08,26,42,128,44,28,35,037,45,31,63,031,45,32,16,068,43,6*60
$GLGSV,2,1,08,68,24,070,46,69,41,012,50,78,18,034,45,79,57,082,50,1*71
$GLGSV,2,2,08,80,38,170,49,84,30,249,38,85,19,304,41,,,,43,1*43
$GLGSV,2,1,08,68,24,070,45,69,41,012,47,78,18,034,45,79,57,082,47,3*70
$GLGSV,2,2,08,80,38,170,47,84,30,249,45,85,19,304,40,,,,43,3*44
$GLGSV,1,1,02,70,09,309,,83,03,191,,0*7E
$GAGSV,3,1,11,04,52,005,50,06,49,322,49,09,34,295,49,10,48,212,49,2*7E
$GAGSV,3,2,11,11,53,259,46,12,33,186,45,19,16,062,41,21,11,051,43,2*7E
$GAGSV,3,3,11,23,33,100,50,31,24,158,46,36,23,313,43,2*4B
$GAGSV,3,1,11,04,52,005,46,06,49,322,46,09,34,295,44,10,48,212,45,7*72
$GAGSV,3,2,11,11,53,259,43,12,33,186,38,19,16,062,36,21,11,051,37,7*77
$GAGSV,3,3,11,23,33,100,44,31,24,158,42,36,23,313,37,7*4C
$GBGSV,2,1,08,06,55,035,43,08,34,129,42,09,71,032,47,13,51,124,46,1*77
$GBGSV,2,2,08,16,47,036,44,23,66,148,51,25,41,053,47,27,17,225,42,1*70
$GBGSV,2,1,05,06,55,035,46,08,34,129,47,09,71,032,48,13,51,124,47,B*07
$GBGSV,2,2,05,16,47,036,46,B*33
$GBGSV,4,1,13,01,03,096,,02,58,141,,03,34,114,,07,07,138,,0*7C
$GBGSV,4,2,13,10,08,148,,28,05,186,,30,12,275,,32,37,327,,0*74
$GBGSV,4,3,13,33,18,097,,37,23,199,,38,23,133,,39,39,036,,0*7F
$GBGSV,4,4,13,41,53,051,,0*42
$GQGSV,1,1,02,02,12,083,37,04,19,095,40,1*6D
$GQGSV,1,1,03,02,12,083,44,04,19,095,38,07,19,104,46,6*58
$GNGLL,2454.22970,N,06708.26845,E,174733.00,A,D*7A
$GNRMC,174734.00,A,2454.22970,N,06708.26845,E,0.006,,300425,,,R,V*0E
$GNVTG,,T,,M,0.006,N,0.011,K,D*3E
$GNGGA,174734.00,2454.22970,N,06708.26845,E,4,12,0.61,21.8,M,-44.2,M,1.0,0265*76
$GNGSA,A,3,01,03,10,28,31,04,26,02,16,32,,,1.37,0.61,1.23,1*0C
$GNGSA,A,3,69,80,68,85,84,78,79,,,,,,1.37,0.61,1.23,2*09
$GNGSA,A,3,11,23,21,31,10,19,,,,,,,1.37,0.61,1.23,3*08
$GNGSA,A,3,06,08,13,16,09,25,27,23,,,,,1.37,0.61,1.23,4*07
$GNGSA,A,3,04,,,,,,,,,,,,1.37,0.61,1.23,5*03
$GPGSV,4,1,13,01,48,263,45,02,39,224,45,03,45,331,46,04,24,290,38,1*66
$GPGSV,4,2,13,10,12,129,38,16,24,157,41,26,42,128,45,28,35,037,44,1*64
$GPGSV,4,3,13,31,63,031,48,32,16,068,40,40,59,208,48,41,56,146,47,1*6C
$GPGSV,4,4,13,42,19,104,45,1*5C
$GPGSV,2,1,08,01,48,263,47,03,45,331,44,04,24,290,41,10,12,129,28,6*6C
$GPGSV,2,2,08,26,42,128,44,28,35,037,45,31,63,031,45,32,16,068,43,6*60
$GLGSV,2,1,08,68,24,070,46,69,41,012,50,78,18,034,45,79,57,082,50,1*71
$GLGSV,2,2,08,80,38,170,49,84,30,249,38,85,19,304,41,,,,43,1*43
$GLGSV,2,1,08,68,24,070,45,69,41,012,47,78,18,034,45,79,57,082,47,3*70
$GLGSV,2,2,08,80,38,170,47,84,30,249,45,85,19,304,40,,,,43,3*44
$GLGSV,1,1,02,70,09,309,,83,03,191,,0*7E
$GAGSV,3,1,11,04,52,005,50,06,49,322,49,09,34,295,49,10,48,212,49,2*7E
$GAGSV,3,2,11,11,53,259,46,12,33,186,45,19,16,062,41,21,11,051,42,2*7F
$GAGSV,3,3,11,23,33,100,50,31,24,158,46,36,23,313,43,2*4B
$GAGSV,3,1,11,04,52,005,46,06,49,322,46,09,34,295,44,10,48,212,46,7*71
$GAGSV,3,2,11,11,53,259,43,12,33,186,38,19,16,062,36,21,11,051,36,7*76
$GAGSV,3,3,11,23,33,100,44,31,24,158,42,36,23,313,37,7*4C
$GBGSV,2,1,08,06,55,035,43,08,34,129,42,09,71,032,47,13,51,124,46,1*77
$GBGSV,2,2,08,16,47,036,44,23,66,148,51,25,41,053,47,27,17,225,42,1*70
$GBGSV,2,1,05,06,55,035,46,08,34,129,47,09,71,032,48,13,51,124,47,B*07
$GBGSV,2,2,05,16,47,036,46,B*33
$GBGSV,4,1,13,01,03,096,,02,58,141,,03,34,114,,07,07,138,,0*7C
$GBGSV,4,2,13,10,08,148,,28,05,186,,30,12,275,,32,38,328,,0*74
$GBGSV,4,3,13,33,18,097,,37,23,199,,38,23,133,,39,39,036,,0*7F
$GBGSV,4,4,13,41,53,051,,0*42
$GQGSV,1,1,02,02,12,083,38,04,19,095,40,1*62
$GQGSV,1,1,03,02,12,083,44,04,19,095,38,07,19,104,46,6*58
$GNGLL,2454.22970,N,06708.26845,E,174734.00,A,D*7D
$GNRMC,174735.00,A,2454.22970,N,06708.26845,E,0.008,,300425,,,R,V*01
$GNVTG,,T,,M,0.008,N,0.014,K,D*35
$GNGGA,174735.00,2454.22970,N,06708.26845,E,4,12,0.61,21.8,M,-44.2,M,1.0,0265*77
$GNGSA,A,3,01,03,10,28,31,04,26,02,16,32,,,1.37,0.61,1.23,1*0C
$GNGSA,A,3,69,80,68,85,84,78,79,,,,,,1.37,0.61,1.23,2*09
$GNGSA,A,3,11,23,21,31,10,19,,,,,,,1.37,0.61,1.23,3*08
$GNGSA,A,3,06,08,13,16,09,25,27,23,,,,,1.37,0.61,1.23,4*07
$GNGSA,A,3,04,,,,,,,,,,,,1.37,0.61,1.23,5*03
$GPGSV,4,1,13,01,48,263,45,02,39,224,45,03,45,331,46,04,24,290,38,1*66
$GPGSV,4,2,13,10,12,129,38,16,24,157,41,26,42,128,45,28,35,037,44,1*64
$GPGSV,4,3,13,31,63,031,48,32,16,068,40,40,59,208,48,41,56,146,47,1*6C
$GPGSV,4,4,13,42,19,104,45,1*5C
$GPGSV,2,1,08,01,48,263,47,03,45,331,44,04,24,290,41,10,12,129,28,6*6C
$GPGSV,2,2,08,26,42,128,44,28,35,037,45,31,63,031,45,32,16,068,43,6*60
$GLGSV,2,1,08,68,24,070,46,69,41,012,50,78,18,034,45,79,57,082,50,1*71
$GLGSV,2,2,08,80,38,170,49,84,30,249,38,85,19,304,41,,,,43,1*43
$GLGSV,2,1,08,68,24,070,45,69,41,012,47,78,18,034,45,79,57,082,47,3*70
$GLGSV,2,2,08,80,38,170,47,84,30,249,45,85,19,304,40,,,,43,3*44
$GLGSV,1,1,02,70,09,309,,83,03,191,,0*7E
$GAGSV,3,1,11,04,52,005,50,06,49,322,49,09,34,295,49,10,48,212,49,2*7E
$GAGSV,3,2,11,11,53,259,46,12,33,186,45,19,16,062,41,21,11,051,42,2*7F
$GAGSV,3,3,11,23,33,100,50,31,24,158,46,36,23,313,43,2*4B
$GAGSV,3,1,11,04,52,005,46,06,49,322,46,09,34,295,44,10,48,212,46,7*71
$GAGSV,3,2,11,11,53,259,43,12,33,186,38,19,16,062,36,21,11,051,36,7*76
$GAGSV,3,3,11,23,33,100,44,31,24,158,42,36,23,313,37,7*4C
$GBGSV,2,1,08,06,55,035,43,08,34,129,42,09,71,032,47,13,51,124,46,1*77
$GBGSV,2,2,08,16,47,036,44,23,66,148,51,25,41,053,47,27,17,225,42,1*70
$GBGSV,2,1,05,06,55,035,46,08,34,129,47,09,71,032,48,13,51,124,47,B*07
$GBGSV,2,2,05,16,47,036,46,B*33
$GBGSV,4,1,13,01,03,096,,02,58,141,,03,34,114,,07,07,138,,0*7C
$GBGSV,4,2,13,10,08,148,,28,05,186,,30,12,275,,32,38,328,,0*74
$GBGSV,4,3,13,33,17,098,,37,23,199,,38,23,133,,39,39,036,,0*7F
$GBGSV,4,4,13,41,53,051,,0*42
$GQGSV,1,1,02,02,12,083,38,04,19,095,40,1*62
$GQGSV,1,1,03,02,12,083,44,04,19,095,39,07,19,104,46,6*59
$GNGLL,2454.22970,N,06708.26845,E,174735.00,A,D*7C
$GNRMC,174736.00,A,2454.22970,N,06708.26845,E,0.004,,300425,,,R,V*0E
$GNVTG,,T,,M,0.004,N,0.007,K,D*3B
$GNGGA,174736.00,2454.22970,N,06708.26845,E,4,12,0.61,21.8,M,-44.2,M,1.0,0265*74
$GNGSA,A,3,01,03,10,28,31,04,26,02,16,32,,,1.37,0.61,1.23,1*0C
$GNGSA,A,3,69,80,68,85,84,78,79,,,,,,1.37,0.61,1.23,2*09
$GNGSA,A,3,11,23,21,31,10,19,,,,,,,1.37,0.61,1.23,3*08
$GNGSA,A,3,06,08,13,16,09,25,27,23,,,,,1.37,0.61,1.23,4*07
$GNGSA,A,3,04,,,,,,,,,,,,1.37,0.61,1.23,5*03
$GPGSV,4,1,13,01,48,263,45,02,39,224,45,03,45,331,45,04,24,290,38,1*65
$GPGSV,4,2,13,10,12,129,38,16,24,157,41,26,42,128,45,28,35,037,44,1*64
$GPGSV,4,3,13,31,63,031,48,32,16,068,40,40,59,208,48,41,56,146,47,1*6C
$GPGSV,4,4,13,42,19,104,45,1*5C
$GPGSV,2,1,08,01,48,263,47,03,45,331,44,04,24,290,41,10,12,129,28,6*6C
$GPGSV,2,2,08,26,42,128,44,28,35,037,45,31,63,031,45,32,16,068,43,6*60
$GLGSV,2,1,08,68,24,070,46,69,41,012,50,78,18,034,45,79,57,082,50,1*71
$GLGSV,2,2,08,80,38,170,49,84,30,249,38,85,19,304,41,,,,43,1*43
$GLGSV,2,1,08,68,24,070,45,69,41,012,47,78,18,034,45,79,57,082,47,3*70
$GLGSV,2,2,08,80,38,170,47,84,30,249,45,85,19,304,40,,,,43,3*44
$GLGSV,1,1,02,70,09,309,,83,03,191,,0*7E
$GAGSV,3,1,11,04,52,005,50,06,49,322,49,09,34,295,49,10,48,212,49,2*7E
$GAGSV,3,2,11,11,53,259,46,12,33,186,45,19,16,062,41,21,11,051,43,2*7E
$GAGSV,3,3,11,23,33,100,50,31,24,158,46,36,23,313,43,2*4B
$GAGSV,3,1,11,04,52,005,46,06,49,322,46,09,34,295,44,10,48,212,46,7*71
$GAGSV,3,2,11,11,53,259,43,12,33,186,39,19,16,062,36,21,11,051,36,7*77
$GAGSV,3,3,11,23,33,100,44,31,24,158,42,36,23,313,37,7*4C
$GBGSV,2,1,08,06,55,035,43,08,34,129,42,09,71,032,47,13,51,124,46,1*77
$GBGSV,2,2,08,16,47,036,44,23,66,148,51,25,41,053,47,27,17,225,42,1*70
$GBGSV,2,1,05,06,55,035,46,08,34,129,47,09,71,032,48,13,51,124,47,B*07
$GBGSV,2,2,05,16,47,036,46,B*33
$GBGSV,4,1,13,01,03,096,,02,58,141,,03,34,114,,07,07,138,,0*7C
$GBGSV,4,2,13,10,08,148,,28,05,186,,30,12,275,,32,38,328,,0*74
$GBGSV,4,3,13,33,17,098,,37,23,199,,38,23,133,,39,39,036,,0*7F
$GBGSV,4,4,13,41,53,051,,0*42
$GQGSV,1,1,02,02,12,083,38,04,19,095,40,1*62
$GQGSV,1,1,03,02,12,083,44,04,19,095,38,07,19,104,46,6*58
$GNGLL,2454.22970,N,06708.26845,E,174736.00,A,D*7F
$GNRMC,174737.00,A,2454.22970,N,06708.26845,E,0.005,,300425,,,R,V*0E
$GNVTG,,T,,M,0.005,N,0.009,K,D*34
$GNGGA,174737.00,2454.22970,N,06708.26845,E,4,12,0.61,21.8,M,-44.2,M,1.0,0265*75
$GNGSA,A,3,01,03,10,28,31,04,26,02,16,32,,,1.37,0.61,1.23,1*0C
$GNGSA,A,3,69,80,68,85,84,78,79,,,,,,1.37,0.61,1.23,2*09
$GNGSA,A,3,11,23,21,31,10,19,,,,,,,1.37,0.61,1.23,3*08
$GNGSA,A,3,06,08,13,16,09,25,27,23,,,,,1.37,0.61,1.23,4*07
$GNGSA,A,3,04,,,,,,,,,,,,1.37,0.61,1.23,5*03
$GPGSV,4,1,13,01,48,263,45,02,39,224,45,03,45,331,46,04,24,290,38,1*66
$GPGSV,4,2,13,10,12,129,38,16,24,157,41,26,42,128,45,28,35,037,44,1*64
$GPGSV,4,3,13,31,63,031,48,32,16,068,40,40,59,208,48,41,56,146,47,1*6C
$GPGSV,4,4,13,42,19,104,45,1*5C
$GPGSV,2,1,08,01,48,263,47,03,45,331,44,04,24,290,41,10,12,129,28,6*6C
$GPGSV,2,2,08,26,42,128,44,28,35,037,45,31,63,031,44,32,16,068,43,6*61
$GLGSV,2,1,08,68,24,070,46,69,41,012,50,78,18,034,45,79,57,082,50,1*71
$GLGSV,2,2,08,80,38,170,49,84,30,249,38,85,19,304,40,,,,43,1*42
$GLGSV,2,1,08,68,24,070,45,69,41,012,47,78,18,034,45,79,57,082,47,3*70
$GLGSV,2,2,08,80,38,170,47,84,30,249,45,85,19,304,40,,,,43,3*44
$GLGSV,1,1,02,70,09,309,,83,03,191,,0*7E
$GAGSV,3,1,11,04,52,005,50,06,49,322,49,09,34,295,49,10,48,212,49,2*7E
$GAGSV,3,2,11,11,53,259,46,12,33,186,45,19,16,062,41,21,11,051,43,2*7E
$GAGSV,3,3,11,23,33,100,50,31,24,158,46,36,23,313,43,2*4B
$GAGSV,3,1,11,04,52,005,46,06,49,322,46,09,34,295,44,10,48,212,45,7*72
$GAGSV,3,2,11,11,53,259,43,12,33,186,39,19,16,062,36,21,11,051,36,7*77
$GAGSV,3,3,11,23,33,100,43,31,24,158,42,36,23,313,37,7*4B
$GBGSV,2,1,08,06,55,035,43,08,34,129,42,09,71,032,47,13,51,124,46,1*77
$GBGSV,2,2,08,16,47,036,44,23,66,148,51,25,41,053,47,27,17,225,42,1*70
$GBGSV,2,1,05,06,55,035,46,08,34,129,47,09,71,032,48,13,51,124,47,B*07
$GBGSV,2,2,05,16,47,036,46,B*33
$GBGSV,4,1,13,01,03,096,,02,58,141,,03,34,114,,07,07,138,,0*7C
$GBGSV,4,2,13,10,08,148,,28,05,186,,30,12,275,,32,38,328,,0*74
$GBGSV,4,3,13,33,17,098,,37,23,199,,38,23,133,,39,39,036,,0*7F
$GBGSV,4,4,13,41,53,051,,0*42
$GQGSV,1,1,02,02,12,083,38,04,19,095,40,1*62
$GQGSV,1,1,03,02,12,083,44,04,19,095,38,07,19,104,46,6*58
$GNGLL,2454.22970,N,06708.26845,E,174737.00,A,D*7E
$GNRMC,174738.00,A,2454.22970,N,06708.26845,E,0.002,,300425,,,R,V*06
$GNVTG,,T,,M,0.002,N,0.004,K,D*3E
$GNGGA,174738.00,2454.22970,N,06708.26845,E,4,12,0.61,21.8,M,-44.2,M,1.0,0265*7A
$GNGSA,A,3,01,03,10,28,31,04,26,02,16,32,,,1.37,0.61,1.23,1*0C
$GNGSA,A,3,69,80,68,85,84,78,79,,,,,,1.37,0.61,1.23,2*09
$GNGSA,A,3,11,23,21,31,10,19,,,,,,,1.37,0.61,1.23,3*08
$GNGSA,A,3,06,08,13,16,09,25,27,23,,,,,1.37,0.61,1.23,4*07
$GNGSA,A,3,04,,,,,,,,,,,,1.37,0.61,1.23,5*03
$GPGSV,4,1,13,01,48,263,45,02,39,224,45,03,45,331,46,04,24,290,38,1*66
$GPGSV,4,2,13,10,12,129,38,16,24,157,41,26,42,128,45,28,35,037,44,1*64
$GPGSV,4,3,13,31,63,031,48,32,16,068,40,40,59,208,48,41,56,146,47,1*6C
$GPGSV,4,4,13,42,19,104,45,1*5C
$GPGSV,2,1,08,01,48,263,47,03,45,331,44,04,24,290,41,10,12,129,28,6*6C
$GPGSV,2,2,08,26,42,128,44,28,35,037,45,31,63,031,44,32,16,068,44,6*66
$GLGSV,2,1,08,68,24,070,46,69,41,012,50,78,18,034,45,79,57,082,50,1*71
$GLGSV,2,2,08,80,38,170,49,84,30,249,38,85,19,304,40,,,,43,1*42
$GLGSV,2,1,08,68,24,070,45,69,41,012,47,78,18,034,45,79,57,082,47,3*70
$GLGSV,2,2,08,80,38,170,47,84,30,249,45,85,19,304,40,,,,43,3*44
$GLGSV,1,1,02,70,09,309,,83,03,191,,0*7E
$GAGSV,3,1,11,04,52,005,50,06,49,322,50,09,34,295,49,10,48,212,49,2*76
$GAGSV,3,2,11,11,53,259,46,12,33,186,45,19,16,062,41,21,11,051,43,2*7E
$GAGSV,3,3,11,23,33,100,50,31,24,158,46,36,23,313,43,2*4B
$GAGSV,3,1,11,04,52,005,45,06,49,322,46,09,34,295,44,10,48,212,46,7*72
$GAGSV,3,2,11,11,53,259,43,12,33,186,38,19,16,062,36,21,11,051,37,7*77
$GAGSV,3,3,11,23,33,100,44,31,24,158,42,36,23,313,37,7*4C
$GBGSV,2,1,08,06,55,035,43,08,34,129,42,09,71,032,47,13,51,124,46,1*77
$GBGSV,2,2,08,16,47,036,44,23,66,148,51,25,41,053,47,27,17,225,42,1*70
$GBGSV,2,1,05,06,55,035,46,08,34,129,47,09,71,032,48,13,51,124,47,B*07
$GBGSV,2,2,05,16,47,036,46,B*33
$GBGSV,4,1,13,01,03,096,,02,58,141,,03,34,114,,07,07,138,,0*7C
$GBGSV,4,2,13,10,08,148,,28,05,186,,30,12,275,,32,38,328,,0*74
$GBGSV,4,3,13,33,17,098,,37,23,199,,38,23,133,,39,39,036,,0*7F
$GBGSV,4,4,13,41,53,051,,0*42
$GQGSV,1,1,02,02,12,083,38,04,19,095,40,1*62
$GQGSV,1,1,03,02,12,083,44,04,19,095,39,07,19,104,46,6*59
$GNGLL,2454.22970,N,06708.26845,E,174738.00,A,D*71
$GNRMC,174739.00,A,2454.22970,N,06708.26845,E,0.003,,300425,,,R,V*06
$GNVTG,,T,,M,0.003,N,0.006,K,D*3D
$GNGGA,174739.00,2454.22970,N,06708.26845,E,4,12,0.61,21.8,M,-44.2,M,1.0,0265*7B
$GNGSA,A,3,01,03,10,28,31,04,26,02,16,32,,,1.37,0.61,1.22,1*0D
$GNGSA,A,3,69,80,68,85,84,78,79,,,,,,1.37,0.61,1.22,2*08
$GNGSA,A,3,11,23,21,31,10,19,,,,,,,1.37,0.61,1.22,3*09
$GNGSA,A,3,06,08,13,16,09,25,27,23,,,,,1.37,0.61,1.22,4*06
$GNGSA,A,3,04,,,,,,,,,,,,1.37,0.61,1.22,5*02
$GPGSV,4,1,13,01,48,263,45,02,39,224,45,03,45,331,46,04,24,290,38,1*66
$GPGSV,4,2,13,10,12,129,38,16,24,157,41,26,42,128,45,28,35,037,44,1*64
$GPGSV,4,3,13,31,63,031,48,32,16,068,40,40,59,208,48,41,56,146,47,1*6C
$GPGSV,4,4,13,42,19,104,45,1*5C
$GPGSV,2,1,08,01,48,263,47,03,45,331,44,04,24,290,41,10,12,129,28,6*6C
$GPGSV,2,2,08,26,42,128,44,28,35,037,45,31,63,031,44,32,16,068,44,6*66
$GLGSV,2,1,07,68,24,070,46,69,41,012,50,78,18,034,45,79,57,082,50,1*7E
$GLGSV,2,2,07,80,38,170,49,84,30,249,38,85,19,304,40,1*4A
$GLGSV,2,1,07,68,24,070,45,69,41,012,47,78,18,034,45,79,57,082,47,3*7F
$GLGSV,2,2,07,80,38,170,47,84,30,249,45,85,19,304,40,3*4C
$GLGSV,1,1,02,70,09,309,,83,03,191,,0*7E
$GAGSV,3,1,11,04,52,005,50,06,49,322,50,09,34,295,50,10,48,212,49,2*7E
$GAGSV,3,2,11,11,53,259,46,12,33,186,45,19,16,062,41,21,11,051,43,2*7E
$GAGSV,3,3,11,23,33,100,50,31,24,158,46,36,23,313,43,2*4B
$GAGSV,3,1,11,04,52,005,45,06,49,322,46,09,34,295,44,10,48,212,46,7*72
$GAGSV,3,2,11,11,53,259,43,12,33,186,38,19,16,062,36,21,11,051,36,7*76
$GAGSV,3,3,11,23,33,100,43,31,24,158,42,36,23,313,37,7*4B
$GBGSV,2,1,08,06,55,035,44,08,34,129,42,09,71,032,47,13,51,124,46,1*70
$GBGSV,2,2,08,16,47,036,44,23,66,148,51,25,41,053,47,27,17,225,42,1*70
$GBGSV,2,1,05,06,55,035,46,08,34,129,47,09,71,032,48,13,51,124,47,B*07
$GBGSV,2,2,05,16,47,036,46,B*33
$GBGSV,4,1,13,01,03,096,,02,58,141,,03,34,114,,07,07,138,,0*7C
$GBGSV,4,2,13,10,08,148,,28,05,186,,30,12,275,,32,38,328,,0*74
$GBGSV,4,3,13,33,17,098,,37,24,199,,38,23,133,,39,39,036,,0*78
$GBGSV,4,4,13,41,53,051,,0*42
$GQGSV,1,1,02,02,12,083,38,04,19,095,40,1*62
$GQGSV,1,1,03,02,12,083,44,04,19,095,38,07,19,104,46,6*58
$GNGLL,2454.22970,N,06708.26845,E,174739.00,A,D*70
$GNRMC,174740.00,A,2454.22970,N,06708.26845,E,0.006,,300425,,,R,V*0D
$GNVTG,,T,,M,0.006,N,0.011,K,D*3E
$GNGGA,174740.00,2454.22970,N,06708.26845,E,4,12,0.61,21.8,M,-44.2,M,1.0,0265*75
$GNGSA,A,3,01,03,10,28,31,04,26,02,16,32,,,1.37,0.61,1.22,1*0D
$GNGSA,A,3,69,80,68,85,84,78,79,,,,,,1.37,0.61,1.22,2*08
$GNGSA,A,3,11,23,21,31,10,19,,,,,,,1.37,0.61,1.22,3*09
$GNGSA,A,3,06,08,13,16,09,25,27,23,,,,,1.37,0.61,1.22,4*06
$GNGSA,A,3,04,,,,,,,,,,,,1.37,0.61,1.22,5*02
$GPGSV,4,1,13,01,48,263,45,02,39,224,45,03,45,331,46,04,24,290,38,1*66
$GPGSV,4,2,13,10,12,129,38,16,24,157,41,26,42,128,45,28,35,037,44,1*64
$GPGSV,4,3,13,31,63,031,48,32,16,068,40,40,59,208,48,41,56,146,47,1*6C
$GPGSV,4,4,13,42,19,104,45,1*5C
$GPGSV,2,1,08,01,48,263,47,03,45,331,44,04,24,290,41,10,12,129,29,6*6D
$GPGSV,2,2,08,26,42,128,44,28,35,037,45,31,63,031,44,32,16,068,44,6*66
$GLGSV,2,1,08,68,24,070,46,69,41,012,50,78,18,034,45,79,57,082,50,1*71
$GLGSV,2,2,08,80,38,170,49,84,30,249,38,85,19,304,40,,,,43,1*42
$GLGSV,2,1,07,68,24,070,45,69,41,012,47,78,18,034,45,79,57,082,47,3*7F
$GLGSV,2,2,07,80,38,170,47,84,30,249,45,85,19,304,40,3*4C
$GLGSV,1,1,02,70,09,309,,83,03,191,,0*7E
$GAGSV,3,1,11,04,52,005,50,06,49,322,50,09,34,295,50,10,48,212,49,2*7E
$GAGSV,3,2,11,11,53,259,46,12,33,186,45,19,16,062,41,21,11,051,43,2*7E
$GAGSV,3,3,11,23,33,100,50,31,24,158,46,36,23,313,43,2*4B
$GAGSV,3,1,11,04,52,005,46,06,49,322,46,09,34,295,44,10,48,212,46,7*71
$GAGSV,3,2,11,11,53,259,43,12,33,186,38,19,16,062,36,21,11,051,36,7*76
$GAGSV,3,3,11,23,33,100,43,31,24,158,42,36,23,313,37,7*4B
$GBGSV,2,1,08,06,55,035,44,08,34,129,42,09,71,032,47,13,51,124,46,1*70
$GBGSV,2,2,08,16,47,036,44,23,66,148,51,25,41,053,47,27,17,225,42,1*70
$GBGSV,2,1,05,06,55,035,46,08,34,129,47,09,71,032,48,13,51,124,47,B*07
$GBGSV,2,2,05,16,47,036,46,B*33
$GBGSV,4,1,13,01,03,096,,02,58,141,,03,34,114,,07,07,138,,0*7C
$GBGSV,4,2,13,10,08,148,,28,05,186,,30,12,275,,32,38,328,,0*74
$GBGSV,4,3,13,33,17,098,,37,24,199,,38,23,133,,39,39,036,,0*78
$GBGSV,4,4,13,41,53,051,,0*42
$GQGSV,1,1,02,02,12,083,38,04,19,095,40,1*62
$GQGSV,1,1,03,02,12,083,44,04,19,095,38,07,19,104,46,6*58
$GNGLL,2454.22970,N,06708.26845,E,174740.00,A,D*7E
$GNRMC,174741.00,A,2454.22970,N,06708.26844,E,0.047,,300425,,,R,V*08
$GNVTG,,T,,M,0.047,N,0.087,K,D*34
$GNGGA,174741.00,2454.22970,N,06708.26844,E,4,12,0.61,21.8,M,-44.2,M,1.0,0265*75
$GNGSA,A,3,01,03,10,28,31,04,26,02,16,32,,,1.37,0.61,1.22,1*0D
$GNGSA,A,3,69,80,68,85,84,78,79,,,,,,1.37,0.61,1.22,2*08
$GNGSA,A,3,11,23,21,31,10,19,,,,,,,1.37,0.61,1.22,3*09
$GNGSA,A,3,06,08,13,16,09,25,27,23,,,,,1.37,0.61,1.22,4*06
$GNGSA,A,3,04,,,,,,,,,,,,1.37,0.61,1.22,5*02
$GPGSV,4,1,13,01,48,263,45,02,39,224,45,03,45,331,46,04,24,290,38,1*66
$GPGSV,4,2,13,10,12,129,38,16,24,157,41,26,42,128,45,28,35,037,44,1*64
$GPGSV,4,3,13,31,63,031,48,32,16,068,40,40,59,208,48,41,56,146,47,1*6C
$GPGSV,4,4,13,42,19,104,45,1*5C
$GPGSV,2,1,08,01,48,263,47,03,45,331,44,04,24,290,41,10,12,129,29,6*6D
$GPGSV,2,2,08,26,42,128,44,28,35,037,45,31,63,031,44,32,16,068,43,6*61
$GLGSV,2,1,08,68,24,070,46,69,41,012,50,78,18,034,45,79,57,082,50,1*71
$GLGSV,2,2,08,80,38,170,49,84,30,249,38,85,19,304,38,,,,43,1*4D
$GLGSV,2,1,07,68,24,070,45,69,41,012,47,78,18,034,45,79,57,082,47,3*7F
$GLGSV,2,2,07,80,38,170,47,84,30,249,45,85,19,304,40,3*4C
$GLGSV,1,1,02,70,09,309,,83,03,191,,0*7E
$GAGSV,3,1,11,04,52,005,50,06,49,322,50,09,34,295,50,10,48,212,49,2*7E
$GAGSV,3,2,11,11,53,259,46,12,33,186,45,19,16,062,41,21,11,051,43,2*7E
$GAGSV,3,3,11,23,33,100,50,31,24,158,46,36,23,313,43,2*4B
$GAGSV,3,1,11,04,52,005,45,06,49,322,46,09,34,295,44,10,48,212,46,7*72
$GAGSV,3,2,11,11,53,259,43,12,33,186,38,19,16,062,35,21,11,051,36,7*75
$GAGSV,3,3,11,23,33,100,43,31,24,158,42,36,23,313,37,7*4B
$GBGSV,2,1,08,06,55,035,43,08,34,129,42,09,71,032,47,13,51,124,46,1*77
$GBGSV,2,2,08,16,47,036,44,23,66,148,51,25,41,053,47,27,17,225,42,1*70
$GBGSV,2,1,05,06,55,035,46,08,34,129,47,09,71,032,48,13,51,124,47,B*07
$GBGSV,2,2,05,16,47,036,46,B*33
$GBGSV,4,1,13,01,03,096,,02,58,141,,03,34,114,,07,07,138,,0*7C
$GBGSV,4,2,13,10,08,148,,28,05,186,,30,12,275,,32,38,328,,0*74
$GBGSV,4,3,13,33,17,098,,37,24,199,,38,23,133,,39,38,036,,0*79
$GBGSV,4,4,13,41,53,051,,0*42
$GQGSV,1,1,02,02,12,083,40,04,19,095,40,1*6D
$GQGSV,1,1,03,02,12,083,44,04,19,095,38,07,19,104,46,6*58
$GNGLL,2454.22970,N,06708.26844,E,174741.00,A,D*7E
$GNRMC,174742.00,A,2454.22970,N,06708.26839,E,0.165,,300425,,,R,V*00
$GNVTG,,T,,M,0.165,N,0.306,K,D*3F
$GNGGA,174742.00,2454.22970,N,06708.26839,E,4,12,0.61,21.8,M,-44.2,M,1.0,0265*7C
$GNGSA,A,3,01,03,10,28,31,04,26,02,16,32,,,1.37,0.61,1.22,1*0D
$GNGSA,A,3,69,80,68,85,84,78,79,,,,,,1.37,0.61,1.22,2*08
$GNGSA,A,3,11,23,21,31,10,19,,,,,,,1.37,0.61,1.22,3*09
$GNGSA,A,3,06,08,13,16,09,25,27,23,,,,,1.37,0.61,1.22,4*06
$GNGSA,A,3,04,,,,,,,,,,,,1.37,0.61,1.22,5*02
$GPGSV,4,1,13,01,48,263,45,02,39,224,45,03,45,331,45,04,24,290,38,1*65
$GPGSV,4,2,13,10,12,129,39,16,24,157,41,26,42,128,44,28,35,037,42,1*62
$GPGSV,4,3,13,31,63,031,49,32,16,068,38,40,59,208,48,41,56,146,47,1*62
$GPGSV,4,4,13,42,19,104,45,1*5C
$GPGSV,2,1,08,01,48,263,47,03,45,331,44,04,24,290,39,10,12,129,41,6*6C
$GPGSV,2,2,08,26,42,128,44,28,35,037,45,31,63,031,44,32,16,068,41,6*63
$GLGSV,2,1,08,68,24,070,45,69,41,012,50,78,18,034,46,79,57,082,51,1*70
$GLGSV,2,2,08,80,38,170,49,84,30,249,38,85,19,304,40,,,,43,1*42
$GLGSV,2,1,07,68,24,070,44,69,41,012,48,78,18,034,44,79,57,082,47,3*70
$GLGSV,2,2,07,80,38,170,47,84,30,249,45,85,19,304,39,3*42
$GLGSV,1,1,02,70,09,309,,83,03,191,,0*7E
$GAGSV,3,1,11,04,52,005,50,06,49,322,49,09,34,295,49,10,48,212,49,2*7E
$GAGSV,3,2,11,11,53,259,46,12,33,186,45,19,16,062,38,21,11,051,43,2*70
$GAGSV,3,3,11,23,33,100,49,31,24,158,46,36,23,313,43,2*43
$GAGSV,3,1,11,04,52,005,46,06,49,322,45,09,34,295,44,10,48,212,45,7*71
$GAGSV,3,2,11,11,53,259,43,12,33,186,38,19,16,062,34,21,11,051,43,7*76
$GAGSV,3,3,11,23,33,100,44,31,24,158,41,36,23,313,36,7*4E
$GBGSV,2,1,08,06,55,035,43,08,34,129,42,09,71,032,47,13,51,124,46,1*77
$GBGSV,2,2,08,16,47,036,44,23,66,148,51,25,41,053,46,27,17,225,42,1*71
$GBGSV,2,1,05,06,55,035,45,08,34,129,46,09,71,032,48,13,51,124,46,B*04
$GBGSV,2,2,05,16,47,036,46,B*33
$GBGSV,4,1,13,01,03,096,,02,58,141,,03,34,114,,07,07,138,,0*7C
$GBGSV,4,2,13,10,08,148,,28,05,186,,30,12,275,,32,38,328,,0*74
$GBGSV,4,3,13,33,17,098,,37,24,199,,38,23,133,,39,38,036,,0*79
$GBGSV,4,4,13,41,53,051,,0*42
$GQGSV,1,1,02,02,12,083,33,04,19,095,39,1*67
$GQGSV,1,1,03,02,12,083,41,04,19,095,44,07,19,104,41,6*51
$GNGLL,2454.22970,N,06708.26839,E,174742.00,A,D*77
$GNRMC,174743.00,A,2454.22970,N,06708.26834,E,0.047,,300425,,,R,V*0D
$GNVTG,,T,,M,0.047,N,0.087,K,D*34
$GNGGA,174743.00,2454.22970,N,06708.26834,E,4,12,0.61,21.8,M,-44.2,M,1.0,0265*70
$GNGSA,A,3,01,03,10,28,31,04,26,02,16,32,,,1.37,0.61,1.22,1*0D
$GNGSA,A,3,69,80,68,85,84,78,79,,,,,,1.37,0.61,1.22,2*08
$GNGSA,A,3,11,23,21,31,10,19,,,,,,,1.37,0.61,1.22,3*09
$GNGSA,A,3,06,08,13,16,09,25,27,23,,,,,1.37,0.61,1.22,4*06
$GNGSA,A,3,04,,,,,,,,,,,,1.37,0.61,1.22,5*02
$GPGSV,4,1,13,01,48,263,46,02,39,224,45,03,45,331,45,04,24,290,38,1*66
$GPGSV,4,2,13,10,12,129,39,16,24,157,42,26,42,128,44,28,35,037,42,1*61
$GPGSV,4,3,13,31,63,031,48,32,16,068,37,40,59,208,48,41,56,146,46,1*6D
$GPGSV,4,4,13,42,19,104,45,1*5C
$GPGSV,2,1,08,01,48,263,47,03,45,331,44,04,24,290,40,10,12,129,38,6*6C
$GPGSV,2,2,08,26,42,128,44,28,35,037,44,31,63,031,44,32,16,068,42,6*61
$GLGSV,2,1,08,68,24,070,47,69,41,012,49,78,18,034,46,79,57,082,51,1*7A
$GLGSV,2,2,08,80,38,170,50,84,30,249,39,85,19,304,39,,,,43,1*45
$GLGSV,2,1,07,68,24,070,46,69,41,012,48,78,18,034,45,79,57,082,48,3*7C
$GLGSV,2,2,07,80,38,170,47,84,30,249,45,85,19,304,37,3*4C
$GLGSV,1,1,02,70,09,309,,83,03,191,,0*7E
$GAGSV,3,1,11,04,52,005,50,06,49,322,49,09,34,295,49,10,48,212,49,2*7E
$GAGSV,3,2,11,11,53,259,46,12,33,186,45,19,16,062,41,21,11,051,40,2*7D
$GAGSV,3,3,11,23,33,100,49,31,24,158,44,36,23,313,44,2*46
$GAGSV,3,1,11,04,52,005,46,06,49,322,46,09,34,295,44,10,48,212,45,7*72
$GAGSV,3,2,11,11,53,259,43,12,33,186,39,19,16,062,33,21,11,051,34,7*70
$GAGSV,3,3,11,23,33,100,43,31,24,158,41,36,23,313,33,7*4C
$GBGSV,2,1,08,06,55,035,44,08,34,129,42,09,71,032,47,13,51,124,46,1*70
$GBGSV,2,2,08,16,47,036,43,23,66,148,51,25,41,053,47,27,17,225,42,1*77
$GBGSV,2,1,05,06,55,035,45,08,34,129,47,09,71,032,48,13,51,124,46,B*05
$GBGSV,2,2,05,16,47,036,45,B*30
$GBGSV,4,1,13,01,03,096,,02,58,141,,03,34,114,,07,07,138,,0*7C
$GBGSV,4,2,13,10,08,148,,28,05,186,,30,12,275,,32,38,328,,0*74
$GBGSV,4,3,13,33,17,098,,37,24,199,,38,23,133,,39,38,036,,0*79
$GBGSV,4,4,13,41,53,052,,0*41
$GQGSV,1,1,02,02,12,083,41,04,19,095,39,1*62
$GQGSV,1,1,03,02,12,083,45,04,19,095,40,07,19,104,44,6*54
$GNGLL,2454.22970,N,06708.26834,E,174743.00,A,D*7B
$GNRMC,174744.00,A,2454.22970,N,06708.26836,E,0.036,,300425,,,R,V*0E
$GNVTG,,T,,M,0.036,N,0.067,K,D*3C
$GNGGA,174744.00,2454.22970,N,06708.26836,E,4,12,0.61,21.8,M,-44.2,M,1.0,0265*75
$GNGSA,A,3,01,03,10,28,31,04,26,02,16,32,,,1.37,0.61,1.22,1*0D
$GNGSA,A,3,69,80,68,85,84,78,79,,,,,,1.37,0.61,1.22,2*08
$GNGSA,A,3,11,23,21,31,10,19,,,,,,,1.37,0.61,1.22,3*09
$GNGSA,A,3,06,08,13,16,09,25,27,23,,,,,1.37,0.61,1.22,4*06
$GNGSA,A,3,04,,,,,,,,,,,,1.37,0.61,1.22,5*02
$GPGSV,4,1,13,01,48,263,45,02,39,224,45,03,45,331,45,04,24,290,38,1*65
$GPGSV,4,2,13,10,12,129,39,16,24,157,41,26,42,128,45,28,35,037,42,1*63
$GPGSV,4,3,13,31,63,031,48,32,16,068,40,40,59,208,48,41,56,146,46,1*6D
$GPGSV,4,4,13,42,19,104,45,1*5C
$GPGSV,2,1,08,01,48,263,47,03,45,331,44,04,24,290,40,10,12,129,33,6*67
$GPGSV,2,2,08,26,42,128,45,28,35,037,44,31,63,031,44,32,16,068,44,6*66
$GLGSV,2,1,08,68,24,070,47,69,41,012,49,78,18,034,46,79,57,082,51,1*7A
$GLGSV,2,2,08,80,38,170,50,84,30,249,39,85,19,304,37,,,,43,1*4B
$GLGSV,2,1,07,68,24,070,46,69,41,012,48,78,18,034,45,79,57,082,48,3*7C
$GLGSV,2,2,07,80,38,170,47,84,30,249,45,85,19,304,37,3*4C
$GLGSV,1,1,02,70,09,309,,83,03,191,,0*7E
$GAGSV,3,1,11,04,52,005,50,06,49,322,49,09,34,295,49,10,48,212,49,2*7E
$GAGSV,3,2,11,11,53,259,46,12,33,186,45,19,16,062,42,21,11,051,40,2*7E
$GAGSV,3,3,11,23,33,100,50,31,24,158,43,36,23,313,44,2*49
$GAGSV,3,1,11,04,52,005,45,06,49,322,46,09,34,295,44,10,48,212,45,7*71
$GAGSV,3,2,11,11,53,259,43,12,33,186,39,19,16,062,33,21,11,051,30,7*74
$GAGSV,3,3,11,23,33,100,43,31,24,158,41,36,23,313,32,7*4D
$GBGSV,2,1,08,06,55,035,44,08,34,129,42,09,71,032,46,13,51,124,46,1*71
$GBGSV,2,2,08,16,47,036,43,23,66,148,51,25,41,053,48,27,17,225,42,1*78
$GBGSV,2,1,05,06,55,035,46,08,34,129,47,09,71,032,48,13,51,124,47,B*07
$GBGSV,2,2,05,16,47,036,45,B*30
$GBGSV,4,1,13,01,03,096,,02,58,141,,03,34,114,,07,07,138,,0*7C
$GBGSV,4,2,13,10,08,148,,28,05,186,,30,12,275,,32,38,328,,0*74
$GBGSV,4,3,13,33,17,098,,37,24,199,,38,23,133,,39,38,036,,0*79
$GBGSV,4,4,13,41,53,052,,0*41
$GQGSV,1,1,02,02,12,083,42,04,19,095,39,1*61
$GQGSV,1,1,03,02,12,083,45,04,19,095,39,07,19,104,46,6*58
$GNGLL,2454.22970,N,06708.26836,E,174744.00,A,D*7E
$GNRMC,174745.00,A,2454.22970,N,06708.26838,E,0.023,,300425,,,R,V*05
$GNVTG,,T,,M,0.023,N,0.043,K,D*3E
$GNGGA,174745.00,2454.22970,N,06708.26838,E,4,12,0.61,21.8,M,-44.2,M,1.0,0265*7A
$GNGSA,A,3,01,03,10,28,31,04,26,02,16,32,,,1.37,0.61,1.22,1*0D
$GNGSA,A,3,69,80,68,85,84,78,79,,,,,,1.37,0.61,1.22,2*08
$GNGSA,A,3,11,23,21,31,10,19,,,,,,,1.37,0.61,1.22,3*09
$GNGSA,A,3,06,08,13,16,09,25,27,23,,,,,1.37,0.61,1.22,4*06
$GNGSA,A,3,04,,,,,,,,,,,,1.37,0.61,1.22,5*02
$GPGSV,4,1,13,01,48,263,45,02,39,224,45,03,45,331,45,04,24,290,38,1*65
$GPGSV,4,2,13,10,12,129,40,16,24,157,41,26,42,128,45,28,35,037,42,1*6D
$GPGSV,4,3,13,31,63,031,48,32,16,068,40,40,59,208,48,41,56,146,46,1*6D
$GPGSV,4,4,13,42,19,104,45,1*5C
$GPGSV,2,1,08,01,48,263,47,03,45,331,44,04,24,290,40,10,12,129,33,6*67
$GPGSV,2,2,08,26,42,128,45,28,35,037,44,31,63,031,44,32,16,068,44,6*66
$GLGSV,2,1,08,68,24,070,47,69,41,012,49,78,18,034,46,79,57,082,51,1*7A
$GLGSV,2,2,08,80,38,170,50,84,30,249,39,85,19,304,37,,,,43,1*4B
$GLGSV,2,1,07,68,24,070,46,69,41,012,48,78,18,034,44,79,57,082,48,3*7D
$GLGSV,2,2,07,80,38,170,47,84,30,249,45,85,19,304,38,3*43
$GLGSV,1,1,02,70,09,309,,83,03,191,,0*7E
$GAGSV,3,1,11,04,52,005,50,06,49,322,49,09,34,295,49,10,48,212,49,2*7E
$GAGSV,3,2,11,11,53,259,46,12,33,186,45,19,16,062,41,21,11,051,40,2*7D
$GAGSV,3,3,11,23,33,100,50,31,24,158,44,36,23,313,44,2*4E
$GAGSV,3,1,11,04,52,005,46,06,49,322,46,09,34,295,44,10,48,212,45,7*72
$GAGSV,3,2,11,11,53,259,43,12,33,186,39,19,16,062,33,21,11,051,36,7*72
$GAGSV,3,3,11,23,33,100,43,31,24,158,40,36,23,313,33,7*4D
$GBGSV,2,1,08,06,55,035,43,08,34,129,42,09,71,032,46,13,51,124,46,1*76
$GBGSV,2,2,08,16,47,036,43,23,66,148,51,25,41,053,47,27,17,225,41,1*74
$GBGSV,2,1,05,06,55,035,45,08,34,129,47,09,71,032,48,13,51,124,47,B*04
$GBGSV,2,2,05,16,47,036,45,B*30
$GBGSV,4,1,13,01,03,096,,02,58,141,,03,34,114,,07,07,138,,0*7C
$GBGSV,4,2,13,10,08,148,,28,05,186,,30,12,275,,32,38,328,,0*74
$GBGSV,4,3,13,33,17,098,,37,24,199,,38,23,133,,39,38,036,,0*79
$GBGSV,4,4,13,41,53,052,,0*41
$GQGSV,1,1,02,02,12,083,42,04,19,095,39,1*61
$GQGSV,1,1,03,02,12,083,45,04,19,095,41,07,19,104,46,6*57
$GNGLL,2454.22970,N,06708.26838,E,174745.00,A,D*71
$GNRMC,174746.00,A,2454.22970,N,06708.26839,E,0.064,,300425,,,R,V*04
$GNVTG,,T,,M,0.064,N,0.118,K,D*32
$GNGGA,174746.00,2454.22970,N,06708.26839,E,4,12,0.61,21.8,M,-44.2,M,1.0,0265*78
$GNGSA,A,3,01,03,10,28,31,04,26,02,16,32,,,1.37,0.61,1.22,1*0D
$GNGSA,A,3,69,80,68,85,84,78,79,,,,,,1.37,0.61,1.22,2*08
$GNGSA,A,3,11,23,21,31,10,19,,,,,,,1.37,0.61,1.22,3*09
$GNGSA,A,3,06,08,13,16,09,25,27,23,,,,,1.37,0.61,1.22,4*06
$GNGSA,A,3,04,,,,,,,,,,,,1.37,0.61,1.22,5*02
$GPGSV,4,1,13,01,48,263,46,02,39,224,45,03,45,331,45,04,24,290,38,1*66
$GPGSV,4,2,13,10,12,129,39,16,24,157,41,26,42,128,44,28,35,037,41,1*61
$GPGSV,4,3,13,31,63,031,48,32,16,068,39,40,59,208,48,41,56,146,46,1*63
$GPGSV,4,4,13,42,19,104,45,1*5C
$GPGSV,2,1,08,01,48,263,47,03,45,331,44,04,24,290,39,10,12,129,39,6*63
$GPGSV,2,2,08,26,42,128,45,28,35,037,45,31,63,031,44,32,16,068,43,6*60
$GLGSV,2,1,08,68,24,070,45,69,41,012,50,78,18,034,45,79,57,082,51,1*73
$GLGSV,2,2,08,80,38,170,49,84,30,249,38,85,19,304,40,,,,43,1*42
$GLGSV,2,1,07,68,24,070,46,69,41,012,48,78,18,034,43,79,57,082,48,3*7A
$GLGSV,2,2,07,80,38,170,47,84,30,249,45,85,19,304,38,3*43
$GLGSV,1,1,02,70,09,309,,83,03,191,,0*7E
$GAGSV,3,1,11,04,52,005,50,06,49,322,49,09,34,295,49,10,48,212,49,2*7E
$GAGSV,3,2,11,11,53,259,46,12,33,186,45,19,16,062,39,21,11,051,42,2*70
$GAGSV,3,3,11,23,33,100,50,31,24,158,46,36,23,313,44,2*4C
$GAGSV,3,1,11,04,52,005,46,06,49,322,45,09,34,295,44,10,48,212,45,7*71
$GAGSV,3,2,11,11,53,259,43,12,33,186,39,19,16,062,33,21,11,051,41,7*72
$GAGSV,3,3,11,23,33,100,44,31,24,158,41,36,23,313,34,7*4C
$GBGSV,2,1,08,06,55,035,43,08,34,129,42,09,71,032,46,13,51,124,46,1*76
$GBGSV,2,2,08,16,47,036,43,23,66,148,51,25,41,053,47,27,17,225,41,1*74
$GBGSV,2,1,05,06,55,035,45,08,34,129,47,09,71,032,48,13,51,124,47,B*04
$GBGSV,2,2,05,16,47,036,45,B*30
$GBGSV,4,1,13,01,03,096,,02,58,141,,03,34,114,,07,07,138,,0*7C
$GBGSV,4,2,13,10,08,148,,28,05,186,,30,12,275,,32,38,328,,0*74
$GBGSV,4,3,13,33,17,098,,37,24,199,,38,23,133,,39,38,036,,0*79
$GBGSV,4,4,13,41,53,052,,0*41
$GQGSV,1,1,02,02,12,083,37,04,19,095,39,1*63
$GQGSV,1,1,03,02,12,083,43,04,19,095,43,07,19,104,45,6*50
$GNGLL,2454.22970,N,06708.26839,E,174746.00,A,D*73
$GNRMC,174747.00,A,2454.22970,N,06708.26842,E,0.143,,300425,,,R,V*0D
$GNVTG,,T,,M,0.143,N,0.265,K,D*3F
$GNGGA,174747.00,2454.22970,N,06708.26842,E,4,12,0.61,21.8,M,-44.2,M,1.0,0265*75
$GNGSA,A,3,01,03,10,28,31,04,26,02,16,32,,,1.37,0.61,1.22,1*0D
$GNGSA,A,3,69,80,68,85,84,78,79,,,,,,1.37,0.61,1.22,2*08
$GNGSA,A,3,11,23,21,31,10,19,,,,,,,1.37,0.61,1.22,3*09
$GNGSA,A,3,06,08,13,16,09,25,27,23,,,,,1.37,0.61,1.22,4*06
$GNGSA,A,3,04,,,,,,,,,,,,1.37,0.61,1.22,5*02
$GPGSV,4,1,13,01,48,263,45,02,39,224,45,03,45,331,45,04,24,290,38,1*65
$GPGSV,4,2,13,10,12,129,39,16,24,157,41,26,42,128,44,28,35,037,44,1*64
$GPGSV,4,3,13,31,63,031,48,32,16,068,39,40,59,208,48,41,56,146,46,1*63
$GPGSV,4,4,13,42,19,104,45,1*5C
$GPGSV,2,1,08,01,48,263,47,03,45,331,44,04,24,290,40,10,12,129,42,6*61
$GPGSV,2,2,08,26,42,128,44,28,35,037,45,31,63,031,44,32,16,068,34,6*61
$GLGSV,2,1,08,68,24,070,48,69,41,012,50,78,18,034,46,79,57,082,51,1*7D
$GLGSV,2,2,08,80,38,170,49,84,30,249,38,85,19,304,40,,,,42,1*43
$GLGSV,2,1,07,68,24,070,44,69,41,012,48,78,18,034,44,79,57,082,47,3*70
$GLGSV,2,2,07,80,38,170,47,84,30,249,45,85,19,304,39,3*42
$GLGSV,1,1,02,70,09,309,,83,03,191,,0*7E
$GAGSV,3,1,11,04,52,005,50,06,49,322,49,09,34,295,49,10,48,212,49,2*7E
$GAGSV,3,2,11,11,53,259,46,12,33,186,45,19,16,062,39,21,11,051,44,2*76
$GAGSV,3,3,11,23,33,100,49,31,24,158,47,36,23,313,43,2*42
$GAGSV,3,1,11,04,52,005,46,06,49,322,45,09,34,295,44,10,48,212,45,7*71
$GAGSV,3,2,11,11,53,259,43,12,33,186,38,19,16,062,33,21,11,051,40,7*72
$GAGSV,3,3,11,23,33,100,43,31,24,158,41,36,23,313,36,7*49
$GBGSV,2,1,08,06,55,035,43,08,34,129,42,09,71,032,46,13,51,124,46,1*76
$GBGSV,2,2,08,16,47,036,43,23,66,148,51,25,41,053,47,27,17,225,42,1*77
$GBGSV,2,1,05,06,55,035,45,08,34,129,46,09,71,032,48,13,51,124,46,B*04
$GBGSV,2,2,05,16,47,036,46,B*33
$GBGSV,4,1,13,01,03,096,,02,58,141,,03,34,114,,07,07,138,,0*7C
$GBGSV,4,2,13,10,08,148,,28,05,186,,30,12,275,,32,38,328,,0*74
$GBGSV,4,3,13,33,17,098,,37,24,199,,38,23,133,,39,38,036,,0*79
$GBGSV,4,4,13,41,53,052,,0*41
$GQGSV,1,1,02,02,12,083,42,04,19,095,39,1*61
$GQGSV,1,1,03,02,12,083,42,04,19,095,41,07,19,104,41,6*57
$GNGLL,2454.22970,N,06708.26842,E,174747.00,A,D*7E
$GNRMC,174748.00,A,2454.22970,N,06708.26848,E,0.153,,300425,,,R,V*09
$GNVTG,,T,,M,0.153,N,0.283,K,D*36
$GNGGA,174748.00,2454.22970,N,06708.26848,E,4,12,0.61,21.8,M,-44.2,M,1.0,0265*70
$GNGSA,A,3,01,03,10,28,31,04,26,02,16,32,,,1.37,0.61,1.22,1*0D
$GNGSA,A,3,69,80,68,85,84,78,79,,,,,,1.37,0.61,1.22,2*08
$GNGSA,A,3,11,23,21,31,10,19,,,,,,,1.37,0.61,1.22,3*09
$GNGSA,A,3,06,08,13,16,09,25,27,23,,,,,1.37,0.61,1.22,4*06
$GNGSA,A,3,04,,,,,,,,,,,,1.37,0.61,1.22,5*02
$GPGSV,4,1,13,01,48,263,45,02,39,224,45,03,45,331,45,04,24,290,38,1*65
$GPGSV,4,2,13,10,12,129,39,16,24,157,41,26,42,128,45,28,35,037,42,1*63
$GPGSV,4,3,13,31,63,031,48,32,16,068,37,40,59,208,48,41,56,146,46,1*6D
$GPGSV,4,4,13,42,19,104,45,1*5C
$GPGSV,2,1,08,01,48,263,46,03,45,331,44,04,24,290,40,10,12,129,37,6*62
$GPGSV,2,2,08,26,42,128,44,28,35,037,45,31,63,031,44,32,16,068,45,6*67
$GLGSV,2,1,08,68,24,070,46,69,41,012,50,78,18,034,45,79,57,082,51,1*70
$GLGSV,2,2,08,80,38,170,49,84,30,249,38,85,19,304,41,,,,43,1*43
$GLGSV,2,1,07,68,24,070,45,69,41,012,46,78,18,034,43,79,57,082,47,3*78
$GLGSV,2,2,07,80,38,170,47,84,30,249,45,85,19,304,40,3*4C
$GLGSV,1,1,02,70,09,309,,83,03,191,,0*7E
$GAGSV,3,1,11,04,52,005,50,06,49,322,50,09,34,295,49,10,48,212,49,2*76
$GAGSV,3,2,11,11,53,259,46,12,33,186,45,19,16,062,41,21,11,051,41,2*7C
$GAGSV,3,3,11,23,33,100,50,31,24,158,44,36,23,313,43,2*49
$GAGSV,3,1,11,04,52,005,45,06,49,322,45,09,34,295,44,10,48,212,45,7*72
$GAGSV,3,2,11,11,53,259,43,12,33,186,39,19,16,062,34,21,11,051,42,7*76
$GAGSV,3,3,11,23,33,100,44,31,24,158,42,36,23,313,38,7*43
$GBGSV,2,1,08,06,55,035,43,08,34,129,42,09,71,032,47,13,51,124,46,1*77
$GBGSV,2,2,08,16,47,036,43,23,66,148,51,25,41,053,47,27,17,225,42,1*77
$GBGSV,2,1,05,06,55,035,46,08,34,129,46,09,71,032,48,13,51,124,47,B*06
$GBGSV,2,2,05,16,47,036,46,B*33
$GBGSV,4,1,13,01,03,096,,02,58,141,,03,34,114,,07,07,138,,0*7C
$GBGSV,4,2,13,10,08,148,,28,05,186,,30,12,275,,32,38,328,,0*74
$GBGSV,4,3,13,33,17,098,,37,24,199,,38,23,133,,39,38,036,,0*79
$GBGSV,4,4,13,41,53,052,,0*41
$GQGSV,1,1,02,02,12,083,41,04,19,095,39,1*62
$GQGSV,1,1,03,02,12,083,41,04,19,095,43,07,19,104,42,6*55
$GNGLL,2454.22970,N,06708.26848,E,174748.00,A,D*7B
$GNRMC,174749.00,A,2454.22970,N,06708.26851,E,0.068,,300425,,,R,V*09
$GNVTG,,T,,M,0.068,N,0.126,K,D*33
$GNGGA,174749.00,2454.22970,N,06708.26851,E,4,12,0.61,21.8,M,-44.2,M,1.0,0265*79
$GNGSA,A,3,01,03,10,28,31,04,26,02,16,32,,,1.37,0.61,1.22,1*0D
$GNGSA,A,3,69,80,68,85,84,78,79,,,,,,1.37,0.61,1.22,2*08
$GNGSA,A,3,11,23,21,31,10,19,,,,,,,1.37,0.61,1.22,3*09
$GNGSA,A,3,06,08,13,16,09,25,27,23,,,,,1.37,0.61,1.22,4*06
$GNGSA,A,3,04,,,,,,,,,,,,1.37,0.61,1.22,5*02
$GPGSV,4,1,13,01,48,263,45,02,39,224,45,03,45,331,46,04,24,290,39,1*67
$GPGSV,4,2,13,10,12,129,39,16,24,157,41,26,42,128,44,28,35,037,42,1*62
$GPGSV,4,3,13,31,63,031,47,32,16,068,42,40,59,208,48,41,56,146,46,1*60
$GPGSV,4,4,13,42,19,104,45,1*5C
$GPGSV,2,1,08,01,48,263,46,03,45,331,44,04,24,290,41,10,12,129,42,6*61
$GPGSV,2,2,08,26,42,128,44,28,35,037,44,31,63,031,44,32,16,068,36,6*62
$GLGSV,2,1,08,68,24,070,47,69,41,012,49,78,18,034,47,79,57,082,51,1*7B
$GLGSV,2,2,08,80,38,170,49,84,30,249,39,85,19,304,40,,,,41,1*41
$GLGSV,2,1,07,68,24,070,44,69,41,012,47,78,18,034,41,79,57,082,48,3*75
$GLGSV,2,2,07,80,38,170,47,84,30,249,45,85,19,304,38,3*43
$GLGSV,1,1,02,70,09,309,,83,03,191,,0*7E
$GAGSV,3,1,11,04,52,005,50,06,49,322,50,09,34,295,49,10,48,212,49,2*76
$GAGSV,3,2,11,11,53,259,46,12,33,186,45,19,16,062,38,21,11,051,41,2*72
$GAGSV,3,3,11,23,33,100,49,31,24,158,43,36,23,313,43,2*46
$GAGSV,3,1,11,04,52,005,45,06,49,322,45,09,34,295,44,10,48,212,45,7*72
$GAGSV,3,2,11,11,53,259,43,12,33,186,39,19,16,062,34,21,11,051,40,7*74
$GAGSV,3,3,11,23,33,100,43,31,24,158,41,36,23,313,38,7*47
$GBGSV,2,1,08,06,55,035,44,08,34,129,41,09,71,032,46,13,51,124,47,1*73
$GBGSV,2,2,08,16,47,036,43,23,66,148,51,25,41,053,47,27,17,225,41,1*74
$GBGSV,2,1,05,06,55,035,46,08,34,129,46,09,71,032,48,13,51,124,47,B*06
$GBGSV,2,2,05,16,47,036,46,B*33
$GBGSV,4,1,13,01,03,096,,02,58,141,,03,34,114,,07,07,138,,0*7C
$GBGSV,4,2,13,10,08,148,,28,05,186,,30,12,275,,32,38,328,,0*74
$GBGSV,4,3,13,33,17,098,,37,24,199,,38,23,133,,39,38,036,,0*79
$GBGSV,4,4,13,41,53,052,,0*41
$GQGSV,1,1,02,02,12,083,42,04,19,095,39,1*61
$GQGSV,1,1,03,02,12,083,43,04,19,095,41,07,19,104,40,6*57
$GNGLL,2454.22970,N,06708.26851,E,174749.00,A,D*72
$GNRMC,174750.00,A,2454.22970,N,06708.26852,E,0.041,,300425,,,R,V*09
$GNVTG,,T,,M,0.041,N,0.075,K,D*3F
$GNGGA,174750.00,2454.22970,N,06708.26852,E,4,12,0.61,21.8,M,-44.2,M,1.0,0265*72
$GNGSA,A,3,01,03,10,28,31,04,26,02,16,32,,,1.37,0.61,1.22,1*0D
$GNGSA,A,3,69,80,68,85,84,78,79,,,,,,1.37,0.61,1.22,2*08
$GNGSA,A,3,11,23,21,31,10,19,,,,,,,1.37,0.61,1.22,3*09
$GNGSA,A,3,06,08,13,16,09,25,27,23,,,,,1.37,0.61,1.22,4*06
$GNGSA,A,3,04,,,,,,,,,,,,1.37,0.61,1.22,5*02
$GPGSV,4,1,13,01,48,263,45,02,39,224,45,03,45,331,45,04,24,290,38,1*65
$GPGSV,4,2,13,10,12,129,36,16,24,157,42,26,42,128,45,28,35,037,43,1*6E
$GPGSV,4,3,13,31,63,031,47,32,16,068,42,40,59,208,48,41,56,146,46,1*60
$GPGSV,4,4,13,42,19,104,45,1*5C
$GPGSV,2,1,08,01,48,263,47,03,45,331,44,04,24,290,42,10,12,129,40,6*61
$GPGSV,2,2,08,26,42,128,44,28,35,037,44,31,63,031,44,32,16,068,38,6*6C
$GLGSV,2,1,08,68,24,070,46,69,41,012,49,78,18,034,47,79,57,082,50,1*7B
$GLGSV,2,2,08,80,38,170,49,84,30,249,38,85,19,304,40,,,,41,1*40
$GLGSV,2,1,07,68,24,070,45,69,41,012,48,78,18,034,41,79,57,082,48,3*7B
$GLGSV,2,2,07,80,38,170,48,84,30,249,45,85,19,304,38,3*4C
$GLGSV,1,1,02,70,09,309,,83,03,191,,0*7E
$GAGSV,3,1,11,04,52,005,50,06,49,322,50,09,34,295,49,10,48,212,50,2*7E
$GAGSV,3,2,11,11,53,259,46,12,33,186,45,19,16,062,36,21,11,051,44,2*79
$GAGSV,3,3,11,23,33,100,49,31,24,158,44,36,23,313,43,2*41
$GAGSV,3,1,11,04,52,005,45,06,49,322,45,09,34,295,44,10,48,212,45,7*72
$GAGSV,3,2,11,11,53,259,43,12,33,186,39,19,16,062,35,21,11,051,36,7*74
$GAGSV,3,3,11,23,33,100,43,31,24,158,41,36,23,313,38,7*47
$GBGSV,2,1,08,06,55,035,44,08,34,129,41,09,71,032,46,13,51,124,47,1*73
$GBGSV,2,2,08,16,47,036,44,23,66,148,51,25,41,053,47,27,17,225,41,1*73
$GBGSV,2,1,06,06,55,035,46,08,34,129,46,09,71,032,48,13,51,124,47,B*05
$GBGSV,2,2,06,16,47,036,45,27,17,225,20,B*07
$GBGSV,4,1,13,01,03,096,,02,58,141,,03,34,114,,07,07,138,,0*7C
$GBGSV,4,2,13,10,08,148,,28,05,186,,30,12,275,,32,38,328,,0*74
$GBGSV,4,3,13,33,17,098,,37,24,199,,38,23,133,,39,38,036,,0*79
$GBGSV,4,4,13,41,53,052,,0*41
$GQGSV,1,1,02,02,12,083,36,04,19,095,39,1*62
$GQGSV,1,1,03,02,12,083,45,04,19,095,38,07,19,104,45,6*5A
$GNGLL,2454.22970,N,06708.26852,E,174750.00,A,D*79
$GNRMC,174751.00,A,2454.22970,N,06708.26853,E,0.002,,300425,,,R,V*0E
$GNVTG,,T,,M,0.002,N,0.004,K,D*3E
$GNGGA,174751.00,2454.22970,N,06708.26853,E,4,12,0.61,21.8,M,-44.2,M,1.0,0265*72
$GNGSA,A,3,01,03,10,28,31,04,26,02,16,32,,,1.37,0.61,1.22,1*0D
$GNGSA,A,3,69,80,68,85,84,78,79,,,,,,1.37,0.61,1.22,2*08
$GNGSA,A,3,11,23,21,31,10,19,,,,,,,1.37,0.61,1.22,3*09
$GNGSA,A,3,06,08,13,16,09,25,27,23,,,,,1.37,0.61,1.22,4*06
$GNGSA,A,3,04,,,,,,,,,,,,1.37,0.61,1.22,5*02
$GPGSV,4,1,13,01,48,263,45,02,39,224,45,03,45,331,45,04,24,290,38,1*65
$GPGSV,4,2,13,10,12,129,36,16,24,157,42,26,42,128,45,28,35,037,43,1*6E
$GPGSV,4,3,13,31,63,031,47,32,16,068,41,40,59,208,48,41,56,146,46,1*63
$GPGSV,4,4,13,42,19,104,45,1*5C
$GPGSV,2,1,08,01,48,263,47,03,45,331,44,04,24,290,41,10,12,129,37,6*62
$GPGSV,2,2,08,26,42,128,44,28,35,037,44,31,63,031,44,32,16,068,40,6*63
$GLGSV,2,1,08,68,24,070,45,69,41,012,48,78,18,034,46,79,57,082,50,1*78
$GLGSV,2,2,08,80,38,170,49,84,30,249,38,85,19,304,40,,,,41,1*40
$GLGSV,2,1,07,68,24,070,46,69,41,012,48,78,18,034,43,79,57,082,48,3*7A
$GLGSV,2,2,07,80,38,170,48,84,30,249,45,85,19,304,39,3*4D
$GLGSV,1,1,02,70,09,309,,83,03,191,,0*7E
$GAGSV,3,1,11,04,52,005,50,06,49,322,50,09,34,295,49,10,48,212,50,2*7E
$GAGSV,3,2,11,11,53,259,46,12,33,186,45,19,16,062,36,21,11,051,45,2*78
$GAGSV,3,3,11,23,33,100,49,31,24,158,45,36,23,313,43,2*40
$GAGSV,3,1,11,04,52,005,45,06,49,322,45,09,34,295,44,10,48,212,45,7*72
$GAGSV,3,2,11,11,53,259,43,12,33,186,39,19,16,062,36,21,11,051,35,7*74
$GAGSV,3,3,11,23,33,100,44,31,24,158,41,36,23,313,38,7*40
$GBGSV,2,1,08,06,55,035,44,08,34,129,41,09,71,032,46,13,51,124,47,1*73
$GBGSV,2,2,08,16,47,036,44,23,66,148,51,25,41,053,48,27,17,225,41,1*7C
$GBGSV,2,1,06,06,55,035,46,08,34,129,46,09,71,032,48,13,51,124,46,B*04
$GBGSV,2,2,06,16,47,036,45,27,17,225,18,B*0C
$GBGSV,4,1,13,01,03,096,,02,58,141,,03,34,114,,07,07,138,,0*7C
$GBGSV,4,2,13,10,08,148,,28,05,186,,30,12,275,,32,38,328,,0*74
$GBGSV,4,3,13,33,17,098,,37,24,199,,38,23,133,,39,38,036,,0*79
$GBGSV,4,4,13,41,53,052,,0*41
$GQGSV,1,1,02,02,12,083,34,04,19,095,39,1*60
$GQGSV,1,1,03,02,12,083,45,04,19,095,38,07,19,104,45,6*5A
$GNGLL,2454.22970,N,06708.26853,E,174751.00,A,D*79
$GNRMC,174752.00,A,2454.22970,N,06708.26853,E,0.024,,300425,,,R,V*09
$GNVTG,,T,,M,0.024,N,0.044,K,D*3E
$GNGGA,174752.00,2454.22970,N,06708.26853,E,4,12,0.61,21.8,M,-44.2,M,1.0,0265*71
$GNGSA,A,3,01,03,10,28,31,04,26,02,16,32,,,1.37,0.61,1.22,1*0D
$GNGSA,A,3,69,80,68,85,84,78,79,,,,,,1.37,0.61,1.22,2*08
$GNGSA,A,3,11,23,21,31,10,19,,,,,,,1.37,0.61,1.22,3*09
$GNGSA,A,3,06,08,13,16,09,25,27,23,,,,,1.37,0.61,1.22,4*06
$GNGSA,A,3,04,,,,,,,,,,,,1.37,0.61,1.22,5*02
$GPGSV,4,1,13,01,48,263,45,02,39,224,45,03,45,331,45,04,24,290,38,1*65
$GPGSV,4,2,13,10,12,129,36,16,24,157,42,26,42,128,45,28,35,037,44,1*69
$GPGSV,4,3,13,31,63,031,48,32,16,068,41,40,59,208,48,41,56,146,46,1*6C
$GPGSV,4,4,13,42,19,104,45,1*5C
$GPGSV,2,1,08,01,48,263,47,03,45,331,44,04,24,290,41,10,12,129,36,6*63
$GPGSV,2,2,08,26,42,128,44,28,35,037,44,31,63,031,44,32,16,068,41,6*62
$GLGSV,2,1,08,68,24,070,45,69,41,012,48,78,18,034,45,79,57,082,50,1*7B
$GLGSV,2,2,08,80,38,170,49,84,30,249,38,85,19,304,40,,,,41,1*40
$GLGSV,2,1,07,68,24,070,46,69,41,012,48,78,18,034,43,79,57,082,47,3*75
$GLGSV,2,2,07,80,38,170,47,84,30,249,45,85,19,304,39,3*42
$GLGSV,1,1,02,70,09,309,,83,03,191,,0*7E
$GAGSV,3,1,11,04,52,005,50,06,49,322,50,09,34,295,49,10,48,212,50,2*7E
$GAGSV,3,2,11,11,53,259,46,12,33,186,45,19,16,062,36,21,11,051,45,2*78
$GAGSV,3,3,11,23,33,100,49,31,24,158,45,36,23,313,43,2*40
$GAGSV,3,1,11,04,52,005,45,06,49,322,45,09,34,295,45,10,48,212,46,7*70
$GAGSV,3,2,11,11,53,259,43,12,33,186,39,19,16,062,36,21,11,051,35,7*74
$GAGSV,3,3,11,23,33,100,44,31,24,158,41,36,23,313,39,7*41
$GBGSV,2,1,08,06,55,035,44,08,34,129,41,09,71,032,46,13,51,124,47,1*73
$GBGSV,2,2,08,16,47,036,44,23,66,148,51,25,41,053,48,27,17,225,41,1*7C
$GBGSV,2,1,06,06,55,035,46,08,34,129,46,09,71,032,48,13,51,124,47,B*05
$GBGSV,2,2,06,16,47,036,45,27,17,225,15,B*01
$GBGSV,4,1,13,01,03,096,,02,58,141,,03,34,114,,07,07,138,,0*7C
$GBGSV,4,2,13,10,08,148,,28,05,186,,30,12,275,,32,38,328,,0*74
$GBGSV,4,3,13,33,17,098,,37,24,199,,38,23,133,,39,38,036,,0*79
$GBGSV,4,4,13,41,53,052,,0*41
$GQGSV,1,1,02,02,12,083,35,04,19,095,39,1*61
$GQGSV,1,1,03,02,12,083,45,04,19,095,38,07,19,104,45,6*5A
$GNGLL,2454.22970,N,06708.26853,E,174752.00,A,D*7A
$GNRMC,174753.00,A,2454.22970,N,06708.26854,E,0.010,,300425,,,R,V*08
$GNVTG,,T,,M,0.010,N,0.018,K,D*30
$GNGGA,174753.00,2454.22970,N,06708.26854,E,4,12,0.61,21.8,M,-44.2,M,1.0,0265*77
$GNGSA,A,3,01,03,10,28,31,04,26,02,16,32,,,1.37,0.61,1.22,1*0D
$GNGSA,A,3,69,80,68,85,84,78,79,,,,,,1.37,0.61,1.22,2*08
$GNGSA,A,3,11,23,21,31,10,19,,,,,,,1.37,0.61,1.22,3*09
$GNGSA,A,3,06,08,13,16,09,25,27,23,,,,,1.37,0.61,1.22,4*06
$GNGSA,A,3,04,,,,,,,,,,,,1.37,0.61,1.22,5*02
$GPGSV,4,1,13,01,48,263,45,02,39,224,45,03,45,331,45,04,24,290,39,1*64
$GPGSV,4,2,13,10,12,129,36,16,24,157,42,26,42,128,45,28,35,037,44,1*69
$GPGSV,4,3,13,31,63,031,48,32,16,068,40,40,59,208,48,41,56,146,46,1*6D
$GPGSV,4,4,13,42,19,104,45,1*5C
$GPGSV,2,1,08,01,48,263,47,03,45,331,44,04,24,290,40,10,12,129,33,6*67
$GPGSV,2,2,08,26,42,128,44,28,35,037,44,31,63,031,44,32,16,068,43,6*60
$GLGSV,2,1,08,68,24,070,45,69,41,012,47,78,18,034,45,79,57,082,50,1*74
$GLGSV,2,2,08,80,38,170,49,84,30,249,38,85,19,304,39,,,,41,1*4E
$GLGSV,2,1,08,68,24,070,46,69,41,012,48,78,18,034,44,79,57,082,47,3*7D
$GLGSV,2,2,08,80,38,170,48,84,30,249,45,85,19,304,40,,,,42,3*4A
$GLGSV,1,1,02,70,09,309,,83,03,191,,0*7E
$GAGSV,3,1,11,04,52,005,50,06,49,322,50,09,34,295,49,10,48,212,50,2*7E
$GAGSV,3,2,11,11,53,259,46,12,33,186,45,19,16,062,37,21,11,051,45,2*79
$GAGSV,3,3,11,23,33,100,50,31,24,158,45,36,23,313,43,2*48
$GAGSV,3,1,11,04,52,005,45,06,49,322,45,09,34,295,45,10,48,212,46,7*70
$GAGSV,3,2,11,11,53,259,43,12,33,186,39,19,16,062,36,21,11,051,35,7*74
$GAGSV,3,3,11,23,33,100,44,31,24,158,41,36,23,313,39,7*41
$GBGSV,2,1,08,06,55,035,44,08,34,129,41,09,71,032,46,13,51,124,46,1*72
$GBGSV,2,2,08,16,47,036,44,23,66,148,51,25,41,053,48,27,17,225,41,1*7C
$GBGSV,2,1,07,06,55,035,46,08,34,129,46,09,71,032,48,13,51,124,47,B*04
$GBGSV,2,2,07,16,47,036,45,23,66,148,13,27,17,225,13,B*38
$GBGSV,4,1,13,01,03,096,,02,58,141,,03,34,114,,07,07,138,,0*7C
$GBGSV,4,2,13,10,08,148,,28,05,186,,30,12,275,,32,38,328,,0*74
$GBGSV,4,3,13,33,17,098,,37,24,199,,38,23,133,,39,38,036,,0*79
$GBGSV,4,4,13,41,53,052,,0*41
$GQGSV,1,1,02,02,12,083,37,04,19,095,39,1*63
$GQGSV,1,1,03,02,12,083,45,04,19,095,39,07,19,104,46,6*58
$GNGLL,2454.22970,N,06708.26854,E,174753.00,A,D*7C
$GNRMC,174754.00,A,2454.22970,N,06708.26854,E,0.003,,300425,,,R,V*0D
$GNVTG,,T,,M,0.003,N,0.005,K,D*3E
$GNGGA,174754.00,2454.22970,N,06708.26854,E,4,12,0.61,21.8,M,-44.2,M,1.0,0265*70
$GNGSA,A,3,01,03,10,28,31,04,26,02,16,32,,,1.36,0.61,1.22,1*0C
$GNGSA,A,3,69,80,68,85,84,78,79,,,,,,1.36,0.61,1.22,2*09
$GNGSA,A,3,11,23,21,31,10,19,,,,,,,1.36,0.61,1.22,3*08
$GNGSA,A,3,06,08,13,16,09,25,27,23,,,,,1.36,0.61,1.22,4*07
$GNGSA,A,3,04,,,,,,,,,,,,1.36,0.61,1.22,5*03
$GPGSV,4,1,13,01,48,263,45,02,39,224,45,03,45,331,45,04,24,290,39,1*64
$GPGSV,4,2,13,10,12,129,36,16,24,157,42,26,42,128,45,28,35,037,44,1*69
$GPGSV,4,3,13,31,63,031,48,32,16,068,40,40,59,208,48,41,56,146,46,1*6D
$GPGSV,4,4,13,42,19,104,45,1*5C
$GPGSV,2,1,08,01,48,263,47,03,45,331,44,04,24,290,40,10,12,129,33,6*67
$GPGSV,2,2,08,26,42,128,44,28,35,037,45,31,63,031,44,32,16,068,43,6*61
$GLGSV,2,1,08,68,24,070,45,69,41,012,47,78,18,034,45,79,57,082,51,1*75
$GLGSV,2,2,08,80,38,170,49,84,30,249,38,85,19,304,40,,,,41,1*40
$GLGSV,2,1,08,68,24,070,46,69,41,012,48,78,18,034,44,79,57,082,47,3*7D
$GLGSV,2,2,08,80,38,170,47,84,30,249,45,85,19,304,40,,,,42,3*45
$GLGSV,1,1,02,70,09,309,,83,03,191,,0*7E
$GAGSV,3,1,11,04,52,005,50,06,49,322,50,09,34,295,49,10,48,212,50,2*7E
$GAGSV,3,2,11,11,53,259,46,12,33,186,45,19,16,062,37,21,11,051,45,2*79
$GAGSV,3,3,11,23,33,100,50,31,24,158,45,36,23,313,43,2*48
$GAGSV,3,1,11,04,52,005,45,06,49,322,45,09,34,295,45,10,48,212,46,7*70
$GAGSV,3,2,11,11,53,259,43,12,33,186,39,19,16,062,36,21,11,051,35,7*74
$GAGSV,3,3,11,23,33,100,44,31,24,158,40,36,23,313,39,7*40
$GBGSV,2,1,08,06,55,035,44,08,34,129,41,09,71,032,46,13,51,124,46,1*72
$GBGSV,2,2,08,16,47,036,44,23,66,148,51,25,41,053,48,27,17,225,41,1*7C
$GBGSV,2,1,06,06,55,035,46,08,34,129,46,09,71,032,48,13,51,124,47,B*05
$GBGSV,2,2,06,16,47,036,45,27,17,225,10,B*04
$GBGSV,4,1,13,01,03,096,,02,58,141,,03,34,114,,07,07,138,,0*7C
$GBGSV,4,2,13,10,08,148,,28,05,186,,30,12,275,,32,38,328,,0*74
$GBGSV,4,3,13,33,17,098,,37,24,199,,38,23,133,,39,38,036,,0*79
$GBGSV,4,4,13,41,53,052,,0*41
$GQGSV,1,1,02,02,12,083,37,04,19,095,39,1*63
$GQGSV,1,1,03,02,12,083,45,04,19,095,39,07,19,104,46,6*58
$GNGLL,2454.22970,N,06708.26854,E,174754.00,A,D*7B
$GNRMC,174755.00,A,2454.22970,N,06708.26854,E,0.015,,300425,,,R,V*0B
$GNVTG,,T,,M,0.015,N,0.028,K,D*36
$GNGGA,174755.00,2454.22970,N,06708.26854,E,4,12,0.61,21.8,M,-44.2,M,1.0,0265*71
$GNGSA,A,3,01,03,10,28,31,04,26,02,16,32,,,1.36,0.61,1.22,1*0C
$GNGSA,A,3,69,80,68,85,84,78,79,,,,,,1.36,0.61,1.22,2*09
$GNGSA,A,3,11,23,21,31,10,19,,,,,,,1.36,0.61,1.22,3*08
$GNGSA,A,3,06,08,13,16,09,25,27,23,,,,,1.36,0.61,1.22,4*07
$GNGSA,A,3,04,,,,,,,,,,,,1.36,0.61,1.22,5*03
$GPGSV,4,1,13,01,48,263,45,02,39,224,45,03,45,331,45,04,24,290,39,1*64
$GPGSV,4,2,13,10,12,129,36,16,24,157,42,26,42,128,45,28,35,037,44,1*69
$GPGSV,4,3,13,31,63,031,48,32,16,068,39,40,59,208,48,41,56,146,47,1*62
$GPGSV,4,4,13,42,19,104,45,1*5C
$GPGSV,2,1,08,01,48,263,47,03,45,331,44,04,24,290,40,10,12,129,32,6*66
$GPGSV,2,2,08,26,42,128,44,28,35,037,45,31,63,031,44,32,16,068,43,6*61
$GLGSV,2,1,08,68,24,070,45,69,41,012,48,78,18,034,45,79,57,082,51,1*7A
$GLGSV,2,2,08,80,38,170,49,84,30,249,38,85,19,304,40,,,,41,1*40
$GLGSV,2,1,08,68,24,070,46,69,41,012,48,78,18,034,44,79,57,082,47,3*7D
$GLGSV,2,2,08,80,38,170,48,84,30,249,45,85,19,304,40,,,,42,3*4A
$GLGSV,1,1,02,70,09,309,,83,03,191,,0*7E
$GAGSV,3,1,11,04,52,005,50,06,49,322,50,09,34,295,49,10,48,212,50,2*7E
$GAGSV,3,2,11,11,53,259,46,12,33,186,45,19,16,063,37,21,11,051,45,2*78
$GAGSV,3,3,11,23,33,100,50,31,24,158,46,36,23,313,43,2*4B
$GAGSV,3,1,11,04,52,005,45,06,49,322,45,09,34,295,45,10,48,212,46,7*70
$GAGSV,3,2,11,11,53,259,43,12,33,186,39,19,16,063,36,21,11,051,36,7*76
$GAGSV,3,3,11,23,33,100,44,31,24,158,40,36,23,313,39,7*40
$GBGSV,2,1,08,06,55,035,44,08,34,129,41,09,71,032,46,13,51,124,46,1*72
$GBGSV,2,2,08,16,47,036,44,23,66,148,51,25,41,053,48,27,17,225,41,1*7C
$GBGSV,2,1,06,06,55,035,46,08,34,129,47,09,71,032,48,13,51,124,47,B*04
$GBGSV,2,2,06,16,47,036,45,27,17,225,08,B*0D
$GBGSV,4,1,13,01,03,096,,02,58,141,,03,34,114,,07,07,138,,0*7C
$GBGSV,4,2,13,10,08,148,,28,05,186,,30,12,275,,32,38,328,,0*74
$GBGSV,4,3,13,33,17,098,,37,24,199,,38,23,133,,39,38,036,,0*79
$GBGSV,4,4,13,41,53,052,,0*41
$GQGSV,1,1,02,02,12,083,37,04,19,095,39,1*63
$GQGSV,1,1,03,02,12,083,45,04,19,095,39,07,19,104,46,6*58
$GNGLL,2454.22970,N,06708.26854,E,174755.00,A,D*7A
$GNRMC,174756.00,A,2454.22970,N,06708.26854,E,0.008,,300425,,,R,V*04
$GNVTG,,T,,M,0.008,N,0.016,K,D*37
$GNGGA,174756.00,2454.22970,N,06708.26854,E,4,12,0.61,21.8,M,-44.2,M,1.0,0265*72
$GNGSA,A,3,01,03,10,28,31,04,26,02,16,32,,,1.36,0.61,1.22,1*0C
$GNGSA,A,3,69,80,68,85,84,78,79,,,,,,1.36,0.61,1.22,2*09
$GNGSA,A,3,11,23,21,31,10,19,,,,,,,1.36,0.61,1.22,3*08
$GNGSA,A,3,06,08,13,16,09,25,27,23,,,,,1.36,0.61,1.22,4*07
$GNGSA,A,3,04,,,,,,,,,,,,1.36,0.61,1.22,5*03
$GPGSV,4,1,13,01,48,263,45,02,39,224,45,03,45,331,45,04,24,290,39,1*64
$GPGSV,4,2,13,10,12,129,36,16,24,157,42,26,42,128,45,28,35,037,44,1*69
$GPGSV,4,3,13,31,63,031,48,32,16,068,39,40,59,208,48,41,56,146,47,1*62
$GPGSV,4,4,13,42,19,104,45,1*5C
$GPGSV,2,1,08,01,48,263,47,03,45,331,44,04,24,290,40,10,12,129,30,6*64
$GPGSV,2,2,08,26,42,128,44,28,35,037,45,31,63,031,44,32,16,068,44,6*66
$GLGSV,2,1,08,68,24,070,45,69,41,012,47,78,18,034,45,79,57,082,51,1*75
$GLGSV,2,2,08,80,38,170,49,84,30,249,38,85,19,304,40,,,,41,1*40
$GLGSV,2,1,08,68,24,070,46,69,41,012,48,78,18,034,44,79,57,082,47,3*7D
$GLGSV,2,2,08,80,38,170,47,84,30,249,45,85,19,304,40,,,,42,3*45
$GLGSV,1,1,02,70,09,309,,83,03,191,,0*7E
$GAGSV,3,1,11,04,52,005,50,06,49,322,50,09,34,295,49,10,48,212,50,2*7E
$GAGSV,3,2,11,11,53,259,46,12,33,186,45,19,16,063,37,21,11,051,45,2*78
$GAGSV,3,3,11,23,33,100,50,31,24,158,46,36,23,313,43,2*4B
$GAGSV,3,1,11,04,52,005,45,06,49,322,45,09,34,295,45,10,48,212,46,7*70
$GAGSV,3,2,11,11,53,259,43,12,33,186,39,19,16,063,35,21,11,051,36,7*75
$GAGSV,3,3,11,23,33,100,44,31,24,158,40,36,23,313,39,7*40
$GBGSV,2,1,08,06,55,035,44,08,34,129,41,09,71,032,46,13,51,124,46,1*72
$GBGSV,2,2,08,16,47,036,44,23,66,148,51,25,41,053,48,27,17,225,41,1*7C
$GBGSV,2,1,06,06,55,035,46,08,34,129,47,09,71,032,48,13,51,124,47,B*04
$GBGSV,2,2,06,16,47,036,45,27,17,225,08,B*0D
$GBGSV,4,1,13,01,03,096,,02,58,141,,03,34,114,,07,07,138,,0*7C
$GBGSV,4,2,13,10,08,148,,28,05,186,,30,12,275,,32,38,328,,0*74
$GBGSV,4,3,13,33,17,098,,37,24,199,,38,23,133,,39,38,036,,0*79
$GBGSV,4,4,13,41,53,052,,0*41
$GQGSV,1,1,02,02,12,083,38,04,19,095,39,1*6C
$GQGSV,1,1,03,02,12,083,45,04,19,095,40,07,19,104,45,6*55
$GNGLL,2454.22970,N,06708.26854,E,174756.00,A,D*79
$GNRMC,174757.00,A,2454.22970,N,06708.26855,E,0.043,,300425,,,R,V*0B
$GNVTG,,T,,M,0.043,N,0.080,K,D*37
$GNGGA,174757.00,2454.22970,N,06708.26855,E,4,12,0.61,21.8,M,-44.2,M,1.0,0265*72
$GNGSA,A,3,01,03,10,28,31,04,26,02,16,32,,,1.36,0.61,1.22,1*0C
$GNGSA,A,3,69,80,68,85,84,78,79,,,,,,1.36,0.61,1.22,2*09
$GNGSA,A,3,11,23,21,31,10,19,,,,,,,1.36,0.61,1.22,3*08
$GNGSA,A,3,06,08,13,16,09,25,27,23,,,,,1.36,0.61,1.22,4*07
$GNGSA,A,3,04,,,,,,,,,,,,1.36,0.61,1.22,5*03
$GPGSV,4,1,13,01,48,263,45,02,39,224,45,03,45,331,45,04,24,290,40,1*6A
$GPGSV,4,2,13,10,12,129,37,16,24,157,41,26,42,128,45,28,35,037,44,1*6B
$GPGSV,4,3,13,31,63,031,48,32,16,068,39,40,59,208,48,41,56,146,46,1*63
$GPGSV,4,4,13,42,19,104,45,1*5C
$GPGSV,2,1,08,01,48,263,47,03,45,331,45,04,24,290,40,10,12,129,24,6*60
$GPGSV,2,2,08,26,42,128,45,28,35,037,45,31,63,031,44,32,16,068,45,6*66
$GLGSV,2,1,08,68,24,071,45,69,41,012,47,78,18,034,44,79,57,082,51,1*75
$GLGSV,2,2,08,80,38,170,49,84,30,249,38,85,19,304,40,,,,41,1*40
$GLGSV,2,1,08,68,24,071,46,69,41,012,48,78,18,034,45,79,57,082,47,3*7D
$GLGSV,2,2,08,80,38,170,47,84,30,249,45,85,19,304,40,,,,42,3*45
$GLGSV,1,1,02,70,09,309,,83,03,191,,0*7E
$GAGSV,3,1,11,04,52,005,50,06,49,322,50,09,34,295,50,10,48,212,50,2*76
$GAGSV,3,2,11,11,53,259,46,12,33,186,45,19,16,063,38,21,11,051,46,2*74
$GAGSV,3,3,11,23,33,100,50,31,24,158,46,36,23,313,43,2*4B
$GAGSV,3,1,11,04,52,005,45,06,49,322,45,09,34,295,45,10,48,212,46,7*70
$GAGSV,3,2,11,11,53,259,43,12,33,186,39,19,16,063,35,21,11,051,37,7*74
$GAGSV,3,3,11,23,33,100,44,31,24,158,40,36,23,313,39,7*40
$GBGSV,2,1,08,06,55,035,44,08,34,129,41,09,71,032,46,13,51,124,46,1*72
$GBGSV,2,2,08,16,47,036,44,23,66,148,51,25,41,053,48,27,17,225,41,1*7C
$GBGSV,2,1,06,06,55,035,46,08,34,129,47,09,71,032,48,13,51,124,47,B*04
$GBGSV,2,2,06,16,47,036,45,27,17,225,08,B*0D
$GBGSV,4,1,13,01,03,096,,02,58,141,,03,34,114,,07,07,138,,0*7C
$GBGSV,4,2,13,10,08,148,,28,05,186,,30,12,275,,32,38,328,,0*74
$GBGSV,4,3,13,33,17,098,,37,24,199,,38,23,133,,39,38,036,,0*79
$GBGSV,4,4,13,41,53,052,,0*41
$GQGSV,1,1,02,02,12,083,40,04,19,095,38,1*62
$GQGSV,1,1,03,02,12,083,43,04,19,095,41,07,19,104,44,6*53
$GNGLL,2454.22970,N,06708.26855,E,174757.00,A,D*79
$GNRMC,174758.00,A,2454.22970,N,06708.26855,E,0.010,,300425,,,R,V*02
$GNVTG,,T,,M,0.010,N,0.018,K,D*30
$GNGGA,174758.00,2454.22970,N,06708.26855,E,4,12,0.61,21.8,M,-44.2,M,1.0,0265*7D
$GNGSA,A,3,01,03,10,28,31,04,26,02,16,32,,,1.36,0.61,1.22,1*0C
$GNGSA,A,3,69,80,68,85,84,78,79,,,,,,1.36,0.61,1.22,2*09
$GNGSA,A,3,11,23,21,31,10,19,,,,,,,1.36,0.61,1.22,3*08
$GNGSA,A,3,06,08,13,16,09,25,27,23,,,,,1.36,0.61,1.22,4*07
$GNGSA,A,3,04,,,,,,,,,,,,1.36,0.61,1.22,5*03
$GPGSV,4,1,13,01,48,263,45,02,39,224,45,03,45,331,45,04,24,290,40,1*6A
$GPGSV,4,2,13,10,12,129,38,16,24,157,41,26,42,128,44,28,35,037,44,1*65
$GPGSV,4,3,13,31,63,031,48,32,16,068,39,40,59,208,48,41,56,146,46,1*63
$GPGSV,4,4,13,42,19,104,45,1*5C
$GPGSV,2,1,08,01,48,263,47,03,45,331,45,04,24,290,40,10,12,129,32,6*67
$GPGSV,2,2,08,26,42,128,45,28,35,037,45,31,63,031,45,32,16,068,45,6*67
$GLGSV,2,1,08,68,24,071,46,69,41,014,47,78,18,034,44,79,57,082,51,1*70
$GLGSV,2,2,08,80,38,170,49,84,30,249,39,85,19,304,39,,,,42,1*4C
$GLGSV,2,1,08,68,24,071,46,69,41,014,48,78,18,034,45,79,57,082,47,3*7B
$GLGSV,2,2,08,80,38,170,47,84,30,249,46,85,19,304,40,,,,42,3*46
$GLGSV,1,1,02,70,09,309,,83,03,191,,0*7E
$GAGSV,3,1,11,04,52,005,50,06,49,322,50,09,34,295,50,10,48,212,50,2*76
$GAGSV,3,2,11,11,53,259,46,12,33,186,45,19,16,063,38,21,11,051,46,2*74
$GAGSV,3,3,11,23,33,100,50,31,24,158,46,36,23,313,43,2*4B
$GAGSV,3,1,11,04,52,005,45,06,49,322,45,09,34,295,44,10,48,212,45,7*72
$GAGSV,3,2,11,11,53,259,43,12,33,186,38,19,16,063,33,21,11,051,38,7*7C
$GAGSV,3,3,11,23,33,100,44,31,24,158,40,36,23,313,39,7*40
$GBGSV,2,1,08,06,55,035,44,08,34,129,41,09,71,032,46,13,51,124,46,1*72
$GBGSV,2,2,08,16,47,036,44,23,66,148,51,25,41,053,48,27,17,225,42,1*7F
$GBGSV,2,1,06,06,55,035,46,08,34,129,47,09,71,032,48,13,51,124,47,B*04
$GBGSV,2,2,06,16,47,036,45,27,17,225,07,B*02
$GBGSV,4,1,13,01,03,096,,02,58,141,,03,34,114,,07,07,138,,0*7C
$GBGSV,4,2,13,10,08,148,,28,05,186,,30,12,275,,32,38,328,,0*74
$GBGSV,4,3,13,33,17,098,,37,24,199,,38,23,133,,39,38,036,,0*79
$GBGSV,4,4,13,41,53,052,,0*41
$GQGSV,1,1,02,02,12,083,41,04,19,095,38,1*63
$GQGSV,1,1,03,02,12,083,42,04,19,095,42,07,19,104,43,6*56
$GNGLL,2454.22970,N,06708.26855,E,174758.00,A,D*76
$GNRMC,174759.00,A,2454.22970,N,06708.26855,E,0.010,,300425,,,R,V*03
$GNVTG,,T,,M,0.010,N,0.019,K,D*31
$GNGGA,174759.00,2454.22970,N,06708.26855,E,4,12,0.61,21.8,M,-44.2,M,1.0,0265*7C
$GNGSA,A,3,01,03,10,28,31,04,26,02,16,32,,,1.36,0.61,1.22,1*0C
$GNGSA,A,3,69,80,68,85,84,78,79,,,,,,1.36,0.61,1.22,2*09
$GNGSA,A,3,11,23,21,31,10,19,,,,,,,1.36,0.61,1.22,3*08
$GNGSA,A,3,06,08,13,16,09,25,27,23,,,,,1.36,0.61,1.22,4*07
$GNGSA,A,3,04,,,,,,,,,,,,1.36,0.61,1.22,5*03
$GPGSV,4,1,13,01,48,263,45,02,39,224,45,03,45,331,45,04,24,290,40,1*6A
$GPGSV,4,2,13,10,12,129,38,16,24,157,41,26,42,128,44,28,35,037,44,1*65
$GPGSV,4,3,13,31,63,031,48,32,16,068,39,40,59,208,48,41,56,146,46,1*63
$GPGSV,4,4,13,42,19,104,45,1*5C
$GPGSV,2,1,08,01,48,263,47,03,45,331,45,04,24,290,39,10,12,129,32,6*69
$GPGSV,2,2,08,26,42,128,45,28,35,037,45,31,63,031,45,32,16,068,45,6*67
$GLGSV,2,1,08,68,24,071,46,69,41,014,47,78,18,034,44,79,57,082,51,1*70
$GLGSV,2,2,08,80,38,170,49,84,30,249,39,85,19,304,39,,,,42,1*4C
$GLGSV,2,1,08,68,24,071,46,69,41,014,48,78,18,034,45,79,57,082,47,3*7B
$GLGSV,2,2,08,80,38,170,47,84,30,249,46,85,19,304,39,,,,43,3*49
$GLGSV,1,1,02,70,10,310,,83,03,191,,0*7E
$GAGSV,3,1,11,04,52,005,50,06,49,322,50,09,34,295,50,10,48,212,50,2*76
$GAGSV,3,2,11,11,53,259,46,12,33,186,45,19,16,063,38,21,11,051,45,2*77
$GAGSV,3,3,11,23,33,100,50,31,24,158,46,36,23,313,43,2*4B
$GAGSV,3,1,11,04,52,005,45,06,49,322,45,09,34,295,44,10,48,212,45,7*72
$GAGSV,3,2,11,11,53,259,43,12,33,186,38,19,16,063,33,21,11,051,38,7*7C
$GAGSV,3,3,11,23,33,100,44,31,24,158,40,36,23,313,39,7*40
$GBGSV,2,1,08,06,55,035,44,08,34,129,41,09,71,032,46,13,51,124,46,1*72
$GBGSV,2,2,08,16,47,036,44,23,66,148,51,25,41,053,48,27,17,225,42,1*7F
$GBGSV,2,1,06,06,55,035,46,08,34,129,47,09,71,032,48,13,51,124,47,B*04
$GBGSV,2,2,06,16,47,036,45,27,17,225,08,B*0D
$GBGSV,4,1,13,01,03,096,,02,58,141,,03,34,114,,07,07,138,,0*7C
$GBGSV,4,2,13,10,08,148,,28,05,186,,30,12,275,,32,38,328,,0*74
$GBGSV,4,3,13,33,17,098,,37,24,199,,38,23,133,,39,38,036,,0*79
$GBGSV,4,4,13,41,53,052,,0*41
$GQGSV,1,1,02,02,12,083,41,04,19,095,38,1*63
$GQGSV,1,1,03,02,12,083,42,04,19,095,42,07,19,104,43,6*56
$GNGLL,2454.22970,N,06708.26855,E,174759.00,A,D*77
$GNRMC,174800.00,A,2454.22970,N,06708.26855,E,0.007,,300425,,,R,V*06
$GNVTG,,T,,M,0.007,N,0.013,K,D*3D
$GNGGA,174800.00,2454.22970,N,06708.26855,E,4,12,0.61,21.8,M,-44.2,M,1.0,0265*7F
$GNGSA,A,3,01,03,10,28,31,04,26,02,16,32,,,1.36,0.61,1.22,1*0C
$GNGSA,A,3,69,80,68,85,84,78,79,,,,,,1.36,0.61,1.22,2*09
$GNGSA,A,3,11,23,21,31,10,19,,,,,,,1.36,0.61,1.22,3*08
$GNGSA,A,3,06,08,13,16,09,25,27,23,,,,,1.36,0.61,1.22,4*07
$GNGSA,A,3,04,,,,,,,,,,,,1.36,0.61,1.22,5*03
$GPGSV,4,1,13,01,48,263,45,02,39,224,45,03,45,331,45,04,24,290,40,1*6A
$GPGSV,4,2,13,10,12,129,38,16,24,157,41,26,42,128,44,28,35,037,43,1*62
$GPGSV,4,3,13,31,63,031,48,32,16,068,39,40,59,208,48,41,56,146,46,1*63
$GPGSV,4,4,13,42,19,104,45,1*5C
$GPGSV,2,1,08,01,48,263,47,03,45,331,45,04,24,290,39,10,12,129,31,6*6A
$GPGSV,2,2,08,26,42,128,45,28,35,037,45,31,63,031,44,32,16,068,45,6*66
$GLGSV,2,1,08,68,24,071,46,69,41,014,47,78,18,034,44,79,57,082,51,1*70
$GLGSV,2,2,08,80,38,170,49,84,30,249,39,85,19,304,39,,,,42,1*4C
$GLGSV,2,1,08,68,24,071,46,69,41,014,48,78,18,034,45,79,57,082,47,3*7B
$GLGSV,2,2,08,80,38,170,47,84,30,249,46,85,19,304,39,,,,42,3*48
$GLGSV,1,1,02,70,10,310,,83,03,191,,0*7E
$GAGSV,3,1,11,04,52,005,50,06,49,322,50,09,34,295,50,10,48,212,50,2*76
$GAGSV,3,2,11,11,53,259,46,12,33,186,45,19,16,063,38,21,11,051,45,2*77
$GAGSV,3,3,11,23,33,100,50,31,24,158,46,36,23,313,43,2*4B
$GAGSV,3,1,11,04,52,005,45,06,49,322,45,09,34,295,44,10,48,212,45,7*72
$GAGSV,3,2,11,11,53,259,43,12,33,186,38,19,16,063,32,21,11,051,38,7*7D
$GAGSV,3,3,11,23,33,100,44,31,24,158,40,36,23,313,39,7*40
$GBGSV,2,1,08,06,55,035,44,08,34,129,41,09,71,032,46,13,51,124,46,1*72
$GBGSV,2,2,08,16,47,036,44,23,66,148,51,25,41,053,48,27,17,225,42,1*7F
$GBGSV,2,1,06,06,55,035,46,08,34,129,47,09,71,032,48,13,51,124,47,B*04
$GBGSV,2,2,06,16,47,036,45,27,17,225,08,B*0D
$GBGSV,4,1,13,01,03,096,,02,58,141,,03,34,114,,07,07,138,,0*7C
$GBGSV,4,2,13,10,08,148,,28,05,186,,30,12,275,,32,38,328,,0*74
$GBGSV,4,3,13,33,17,098,,37,24,199,,38,23,133,,39,38,036,,0*79
$GBGSV,4,4,13,41,53,052,,0*41
$GQGSV,1,1,02,02,12,083,41,04,19,095,38,1*63
$GQGSV,1,1,03,02,12,083,42,04,19,095,42,07,19,104,43,6*56
$GNGLL,2454.22970,N,06708.26855,E,174800.00,A,D*74
$GNRMC,174801.00,A,2454.22970,N,06708.26855,E,0.009,,300425,,,R,V*09
$GNVTG,,T,,M,0.009,N,0.017,K,D*37
$GNGGA,174801.00,2454.22970,N,06708.26855,E,4,12,0.61,21.8,M,-44.2,M,1.0,0265*7E
$GNGSA,A,3,01,03,10,28,31,04,26,02,16,32,,,1.36,0.61,1.22,1*0C
$GNGSA,A,3,69,80,68,85,84,78,79,,,,,,1.36,0.61,1.22,2*09
$GNGSA,A,3,11,23,21,31,10,19,,,,,,,1.36,0.61,1.22,3*08
$GNGSA,A,3,06,08,13,16,09,25,27,23,,,,,1.36,0.61,1.22,4*07
$GNGSA,A,3,04,,,,,,,,,,,,1.36,0.61,1.22,5*03
$GPGSV,4,1,13,01,48,263,45,02,39,224,45,03,45,331,45,04,24,290,40,1*6A
$GPGSV,4,2,13,10,12,129,38,16,24,157,41,26,42,128,44,28,35,037,43,1*62
$GPGSV,4,3,13,31,63,031,48,32,16,068,39,40,59,208,48,41,56,146,46,1*63
$GPGSV,4,4,13,42,19,104,45,1*5C
$GPGSV,2,1,08,01,48,263,47,03,45,331,45,04,24,290,39,10,12,129,31,6*6A
$GPGSV,2,2,08,26,42,128,45,28,35,037,45,31,63,031,44,32,16,068,45,6*66
$GLGSV,2,1,08,68,24,071,45,69,41,014,47,78,18,034,44,79,57,082,51,1*73
$GLGSV,2,2,08,80,38,170,49,84,30,249,39,85,19,304,39,,,,42,1*4C
$GLGSV,2,1,08,68,24,071,46,69,41,014,48,78,18,034,45,79,57,082,48,3*74
$GLGSV,2,2,08,80,38,170,47,84,30,249,46,85,19,304,39,,,,42,3*48
$GLGSV,1,1,02,70,10,310,,83,03,191,,0*7E
$GAGSV,3,1,11,04,52,005,50,06,49,322,50,09,34,295,50,10,48,212,50,2*76
$GAGSV,3,2,11,11,53,259,46,12,33,186,45,19,16,063,39,21,11,051,45,2*76
$GAGSV,3,3,11,23,33,100,50,31,24,158,46,36,23,313,43,2*4B
$GAGSV,3,1,11,04,52,005,45,06,49,322,45,09,34,295,44,10,48,212,45,7*72
$GAGSV,3,2,11,11,53,259,43,12,33,186,38,19,16,063,33,21,11,051,38,7*7C
$GAGSV,3,3,11,23,33,100,44,31,24,158,40,36,23,313,39,7*40
$GBGSV,2,1,08,06,55,035,44,08,34,129,41,09,71,032,46,13,51,124,46,1*72
$GBGSV,2,2,08,16,47,036,44,23,66,148,51,25,41,053,48,27,17,225,42,1*7F
$GBGSV,2,1,05,06,55,035,46,08,34,129,47,09,71,032,48,13,51,124,47,B*07
$GBGSV,2,2,05,16,47,036,45,B*30
$GBGSV,4,1,13,01,03,096,,02,58,141,,03,34,114,,07,07,138,,0*7C
$GBGSV,4,2,13,10,08,148,,28,05,186,,30,12,275,,32,38,328,,0*74
$GBGSV,4,3,13,33,17,098,,37,24,199,,38,23,133,,39,38,036,,0*79
$GBGSV,4,4,13,41,53,052,,0*41
$GQGSV,1,1,02,02,12,083,41,04,19,095,38,1*63
$GQGSV,1,1,03,02,12,083,42,04,19,095,42,07,19,104,43,6*56
$GNGLL,2454.22970,N,06708.26855,E,174801.00,A,D*75
$GNRMC,174802.00,A,2454.22970,N,06708.26855,E,0.004,,300425,,,R,V*07
$GNVTG,,T,,M,0.004,N,0.008,K,D*34
$GNGGA,174802.00,2454.22970,N,06708.26855,E,4,12,0.61,21.8,M,-44.2,M,1.0,0265*7D
$GNGSA,A,3,01,03,10,28,31,04,26,02,16,32,,,1.36,0.61,1.22,1*0C
$GNGSA,A,3,69,80,68,85,84,78,79,,,,,,1.36,0.61,1.22,2*09
$GNGSA,A,3,11,23,21,31,10,19,,,,,,,1.36,0.61,1.22,3*08
$GNGSA,A,3,06,08,13,16,09,25,27,23,,,,,1.36,0.61,1.22,4*07
$GNGSA,A,3,04,,,,,,,,,,,,1.36,0.61,1.22,5*03
$GPGSV,4,1,13,01,48,263,45,02,39,224,45,03,45,331,45,04,24,290,40,1*6A
$GPGSV,4,2,13,10,12,129,38,16,24,157,41,26,42,128,44,28,35,037,43,1*62
$GPGSV,4,3,13,31,63,031,48,32,16,068,39,40,59,208,48,41,56,146,46,1*63
$GPGSV,4,4,13,42,19,104,45,1*5C
$GPGSV,2,1,08,01,48,263,47,03,45,331,45,04,24,290,39,10,12,129,31,6*6A
$GPGSV,2,2,08,26,42,128,45,28,35,037,45,31,63,031,44,32,16,068,45,6*66
$GLGSV,2,1,08,68,24,071,46,69,41,014,47,78,18,034,44,79,57,082,51,1*70
$GLGSV,2,2,08,80,38,170,49,84,30,249,39,85,19,304,39,,,,42,1*4C
$GLGSV,2,1,08,68,24,071,46,69,41,014,48,78,18,034,45,79,57,082,48,3*74
$GLGSV,2,2,08,80,38,170,48,84,30,249,46,85,19,304,39,,,,42,3*47
$GLGSV,1,1,02,70,10,310,,83,03,191,,0*7E
$GAGSV,3,1,11,04,52,005,50,06,49,322,50,09,34,295,49,10,48,212,50,2*7E
$GAGSV,3,2,11,11,53,259,46,12,33,186,45,19,16,063,39,21,11,051,45,2*76
$GAGSV,3,3,11,23,33,100,50,31,24,158,46,36,23,313,43,2*4B
$GAGSV,3,1,11,04,52,005,45,06,49,322,45,09,34,295,44,10,48,212,45,7*72
$GAGSV,3,2,11,11,53,259,43,12,33,186,38,19,16,063,32,21,11,051,38,7*7D
$GAGSV,3,3,11,23,33,100,44,31,24,158,40,36,23,313,39,7*40
$GBGSV,2,1,08,06,55,035,44,08,34,129,41,09,71,032,46,13,51,124,46,1*72
$GBGSV,2,2,08,16,47,036,44,23,66,148,51,25,41,053,48,27,17,225,42,1*7F
$GBGSV,2,1,05,06,55,035,46,08,34,129,47,09,71,032,48,13,51,124,47,B*07
$GBGSV,2,2,05,16,47,036,45,B*30
$GBGSV,4,1,13,01,03,096,,02,58,141,,03,34,114,,07,07,138,,0*7C
$GBGSV,4,2,13,10,08,148,,28,05,186,,30,12,275,,32,38,328,,0*74
$GBGSV,4,3,13,33,17,098,,37,24,199,,38,23,133,,39,38,036,,0*79
$GBGSV,4,4,13,41,53,052,,0*41
$GQGSV,1,1,02,02,12,083,41,04,19,095,38,1*63
$GQGSV,1,1,03,02,12,083,42,04,19,095,42,07,19,104,43,6*56
$GNGLL,2454.22970,N,06708.26855,E,174802.00,A,D*76
$GNRMC,174803.00,A,2454.22970,N,06708.26855,E,0.006,,300425,,,R,V*04
$GNVTG,,T,,M,0.006,N,0.011,K,D*3E
$GNGGA,174803.00,2454.22970,N,06708.26855,E,4,12,0.61,21.8,M,-44.2,M,1.0,0265*7C
$GNGSA,A,3,01,03,10,28,31,04,26,02,16,32,,,1.36,0.61,1.22,1*0C
$GNGSA,A,3,69,80,68,85,84,78,79,,,,,,1.36,0.61,1.22,2*09
$GNGSA,A,3,11,23,21,31,10,19,,,,,,,1.36,0.61,1.22,3*08
$GNGSA,A,3,06,08,13,16,09,25,27,23,,,,,1.36,0.61,1.22,4*07
$GNGSA,A,3,04,,,,,,,,,,,,1.36,0.61,1.22,5*03
$GPGSV,4,1,13,01,48,263,45,02,39,224,45,03,45,331,45,04,24,290,39,1*64
$GPGSV,4,2,13,10,12,129,38,16,24,157,41,26,42,128,44,28,35,037,43,1*62
$GPGSV,4,3,13,31,63,031,48,32,16,068,39,40,59,208,48,41,56,146,46,1*63
$GPGSV,4,4,13,42,19,104,45,1*5C
$GPGSV,2,1,08,01,48,263,47,03,45,331,45,04,24,290,39,10,12,129,31,6*6A
$GPGSV,2,2,08,26,42,128,45,28,35,037,45,31,63,031,44,32,16,068,45,6*66
$GLGSV,2,1,08,68,24,071,46,69,41,014,47,78,18,034,44,79,57,082,51,1*70
$GLGSV,2,2,08,80,38,170,49,84,30,249,39,85,19,304,39,,,,42,1*4C
$GLGSV,2,1,08,68,24,071,47,69,41,014,48,78,18,034,45,79,57,082,48,3*75
$GLGSV,2,2,08,80,38,170,47,84,30,249,46,85,19,304,39,,,,42,3*48
$GLGSV,1,1,02,70,10,310,,83,03,191,,0*7E
$GAGSV,3,1,11,04,52,005,50,06,49,322,50,09,34,295,49,10,48,212,50,2*7E
$GAGSV,3,2,11,11,53,259,46,12,33,186,45,19,16,063,39,21,11,051,45,2*76
$GAGSV,3,3,11,23,33,100,50,31,24,158,46,36,23,313,43,2*4B
$GAGSV,3,1,11,04,52,005,45,06,49,322,45,09,34,295,44,10,48,212,45,7*72
$GAGSV,3,2,11,11,53,259,43,12,33,186,38,19,16,063,33,21,11,051,38,7*7C
$GAGSV,3,3,11,23,33,100,44,31,24,158,40,36,23,313,39,7*40
$GBGSV,2,1,08,06,55,035,44,08,34,129,41,09,71,032,46,13,51,124,46,1*72
$GBGSV,2,2,08,16,47,036,44,23,66,148,51,25,41,053,48,27,17,225,42,1*7F
$GBGSV,2,1,05,06,55,035,46,08,34,129,47,09,71,032,48,13,51,124,47,B*07
$GBGSV,2,2,05,16,47,036,45,B*30
$GBGSV,4,1,13,01,03,096,,02,58,141,,03,34,114,,07,07,138,,0*7C
$GBGSV,4,2,13,10,08,148,,28,05,186,,30,12,275,,32,38,328,,0*74
$GBGSV,4,3,13,33,17,098,,37,24,199,,38,23,133,,39,38,036,,0*79
$GBGSV,4,4,13,41,53,052,,0*41
$GQGSV,1,1,02,02,12,083,41,04,19,095,38,1*63
$GQGSV,1,1,03,02,12,083,42,04,19,095,42,07,19,104,43,6*56
$GNGLL,2454.22970,N,06708.26855,E,174803.00,A,D*77
$GNRMC,174804.00,A,2454.22970,N,06708.26855,E,0.005,,300425,,,R,V*00
$GNVTG,,T,,M,0.005,N,0.010,K,D*3C
$GNGGA,174804.00,2454.22970,N,06708.26855,E,4,12,0.61,21.8,M,-44.2,M,1.0,0265*7B
$GNGSA,A,3,01,03,10,28,31,04,26,02,16,32,,,1.36,0.61,1.22,1*0C
$GNGSA,A,3,69,80,68,85,84,78,79,,,,,,1.36,0.61,1.22,2*09
$GNGSA,A,3,11,23,21,31,10,19,,,,,,,1.36,0.61,1.22,3*08
$GNGSA,A,3,06,08,13,16,09,25,27,23,,,,,1.36,0.61,1.22,4*07
$GNGSA,A,3,04,,,,,,,,,,,,1.36,0.61,1.22,5*03
$GPGSV,4,1,13,01,48,263,45,02,39,224,45,03,45,331,45,04,24,290,39,1*64
$GPGSV,4,2,13,10,12,129,38,16,24,157,41,26,42,128,44,28,35,037,43,1*62
$GPGSV,4,3,13,31,63,031,48,32,16,068,39,40,59,208,48,41,56,146,46,1*63
$GPGSV,4,4,13,42,19,104,45,1*5C
$GPGSV,2,1,08,01,48,263,47,03,45,331,45,04,24,290,39,10,12,129,31,6*6A
$GPGSV,2,2,08,26,42,128,45,28,35,037,45,31,63,031,44,32,16,068,45,6*66
$GLGSV,2,1,08,68,24,071,46,69,41,014,47,78,18,034,44,79,57,082,51,1*70
$GLGSV,2,2,08,80,38,170,49,84,30,249,39,85,19,304,40,,,,42,1*42
$GLGSV,2,1,08,68,24,071,47,69,41,014,48,78,18,034,45,79,57,082,48,3*75
$GLGSV,2,2,08,80,38,170,48,84,30,249,46,85,19,304,38,,,,42,3*46
$GLGSV,1,1,02,70,10,310,,83,03,191,,0*7E
$GAGSV,3,1,11,04,52,005,50,06,49,322,50,09,34,295,50,10,48,212,50,2*76
$GAGSV,3,2,11,11,53,259,46,12,33,186,45,19,16,063,39,21,11,051,45,2*76
$GAGSV,3,3,11,23,33,100,50,31,24,158,46,36,23,313,43,2*4B
$GAGSV,3,1,11,04,52,005,45,06,49,322,45,09,34,295,44,10,48,212,46,7*71
$GAGSV,3,2,11,11,53,259,43,12,33,186,38,19,16,063,33,21,11,051,38,7*7C
$GAGSV,3,3,11,23,33,100,44,31,24,158,40,36,23,313,39,7*40
$GBGSV,2,1,08,06,55,035,44,08,34,129,42,09,71,032,46,13,51,124,46,1*71
$GBGSV,2,2,08,16,47,036,44,23,66,148,51,25,41,053,48,27,17,225,42,1*7F
$GBGSV,2,1,05,06,55,035,46,08,34,129,47,09,71,032,48,13,51,124,47,B*07
$GBGSV,2,2,05,16,47,036,45,B*30
$GBGSV,4,1,13,01,03,096,,02,58,141,,03,34,114,,07,07,138,,0*7C
$GBGSV,4,2,13,10,08,148,,28,05,186,,30,12,275,,32,38,328,,0*74
$GBGSV,4,3,13,33,17,098,,37,24,199,,38,23,133,,39,38,036,,0*79
$GBGSV,4,4,13,41,53,052,,0*41
$GQGSV,1,1,02,02,12,083,41,04,19,095,38,1*63
$GQGSV,1,1,03,02,12,083,42,04,19,095,42,07,19,104,43,6*56
$GNGLL,2454.22970,N,06708.26855,E,174804.00,A,D*70
$GNRMC,174805.00,A,2454.22970,N,06708.26855,E,0.007,,300425,,,R,V*03
$GNVTG,,T,,M,0.007,N,0.012,K,D*3C
$GNGGA,174805.00,2454.22970,N,06708.26855,E,4,12,0.61,21.8,M,-44.2,M,1.0,0265*7A
$GNGSA,A,3,01,03,10,28,31,04,26,02,16,32,,,1.36,0.61,1.22,1*0C
$GNGSA,A,3,69,80,68,85,84,78,79,,,,,,1.36,0.61,1.22,2*09
$GNGSA,A,3,11,23,21,31,10,19,,,,,,,1.36,0.61,1.22,3*08
$GNGSA,A,3,06,08,13,16,09,25,27,23,,,,,1.36,0.61,1.22,4*07
$GNGSA,A,3,04,,,,,,,,,,,,1.36,0.61,1.22,5*03
$GPGSV,4,1,13,01,48,263,45,02,39,224,45,03,45,331,45,04,24,290,39,1*64
$GPGSV,4,2,13,10,12,129,38,16,24,157,41,26,42,128,44,28,35,037,43,1*62
$GPGSV,4,3,13,31,63,031,48,32,16,068,39,40,59,208,48,41,56,146,46,1*63
$GPGSV,4,4,13,42,19,104,45,1*5C
$GPGSV,2,1,08,01,48,263,47,03,45,331,45,04,24,290,39,10,12,129,31,6*6A
$GPGSV,2,2,08,26,42,128,45,28,35,037,45,31,63,031,44,32,16,068,45,6*66
$GLGSV,2,1,08,68,24,071,46,69,41,014,48,78,18,034,44,79,57,082,51,1*7F
$GLGSV,2,2,08,80,38,170,49,84,30,249,39,85,19,304,39,,,,42,1*4C
$GLGSV,2,1,08,68,24,071,47,69,41,014,48,78,18,034,45,79,57,082,48,3*75
$GLGSV,2,2,08,80,38,170,48,84,30,249,46,85,19,304,39,,,,42,3*47
$GLGSV,1,1,02,70,10,310,,83,03,191,,0*7E
$GAGSV,3,1,11,04,52,005,50,06,49,322,50,09,34,295,50,10,48,212,50,2*76
$GAGSV,3,2,11,11,53,259,46,12,33,186,45,19,16,063,39,21,11,051,45,2*76
$GAGSV,3,3,11,23,33,100,50,31,24,158,46,36,23,313,43,2*4B
$GAGSV,3,1,11,04,52,005,45,06,49,322,45,09,34,295,44,10,48,212,46,7*71
$GAGSV,3,2,11,11,53,259,43,12,33,186,38,19,16,063,32,21,11,051,38,7*7D
$GAGSV,3,3,11,23,33,100,44,31,24,158,40,36,23,313,39,7*40
$GBGSV,2,1,08,06,55,035,44,08,34,129,41,09,71,032,47,13,51,124,46,1*73
$GBGSV,2,2,08,16,47,036,44,23,66,148,51,25,41,053,48,27,17,225,42,1*7F
$GBGSV,2,1,05,06,55,035,46,08,34,129,47,09,71,032,48,13,51,124,47,B*07
$GBGSV,2,2,05,16,47,036,45,B*30
$GBGSV,4,1,13,01,03,096,,02,58,141,,03,34,114,,07,07,138,,0*7C
$GBGSV,4,2,13,10,08,148,,28,05,186,,30,12,275,,32,38,328,,0*74
$GBGSV,4,3,13,33,17,098,,37,24,199,,38,23,133,,39,38,036,,0*79
$GBGSV,4,4,13,41,53,052,,0*41
$GQGSV,1,1,02,02,12,083,41,04,19,095,38,1*63
$GQGSV,1,1,03,02,12,083,43,04,19,095,42,07,19,104,43,6*57
$GNGLL,2454.22970,N,06708.26855,E,174805.00,A,D*71
$GNRMC,174806.00,A,2454.22970,N,06708.26856,E,0.006,,300425,,,R,V*02
$GNVTG,,T,,M,0.006,N,0.010,K,D*3F
$GNGGA,174806.00,2454.22970,N,06708.26856,E,4,12,0.61,21.8,M,-44.2,M,1.0,0265*7A
$GNGSA,A,3,01,03,10,28,31,04,26,02,16,32,,,1.36,0.61,1.22,1*0C
$GNGSA,A,3,69,80,68,85,84,78,79,,,,,,1.36,0.61,1.22,2*09
$GNGSA,A,3,11,23,21,31,10,19,,,,,,,1.36,0.61,1.22,3*08
$GNGSA,A,3,06,08,13,16,09,25,27,23,,,,,1.36,0.61,1.22,4*07
$GNGSA,A,3,04,,,,,,,,,,,,1.36,0.61,1.22,5*03
$GPGSV,4,1,13,01,48,263,45,02,39,224,45,03,45,331,45,04,24,290,39,1*64
$GPGSV,4,2,13,10,12,129,38,16,24,157,41,26,42,128,44,28,35,037,43,1*62
$GPGSV,4,3,13,31,63,031,48,32,16,068,39,40,59,208,48,41,56,146,46,1*63
$GPGSV,4,4,13,42,19,104,45,1*5C
$GPGSV,2,1,08,01,48,263,47,03,45,331,45,04,24,290,39,10,12,129,31,6*6A
$GPGSV,2,2,08,26,42,128,45,28,35,037,45,31,63,031,44,32,16,068,45,6*66
$GLGSV,2,1,08,68,24,071,46,69,41,014,48,78,18,034,44,79,57,082,51,1*7F
$GLGSV,2,2,08,80,38,170,49,84,30,249,39,85,19,304,39,,,,42,1*4C
$GLGSV,2,1,08,68,24,071,47,69,41,014,48,78,18,034,45,79,57,082,48,3*75
$GLGSV,2,2,08,80,38,170,48,84,30,249,46,85,19,304,38,,,,42,3*46
$GLGSV,1,1,02,70,10,310,,83,03,191,,0*7E
$GAGSV,3,1,11,04,52,005,50,06,49,322,50,09,34,295,50,10,48,212,50,2*76
$GAGSV,3,2,11,11,53,259,46,12,33,186,45,19,16,063,39,21,11,051,45,2*76
$GAGSV,3,3,11,23,33,100,50,31,24,158,46,36,23,313,43,2*4B
$GAGSV,3,1,11,04,52,005,45,06,49,322,45,09,34,295,44,10,48,212,45,7*72
$GAGSV,3,2,11,11,53,259,43,12,33,186,39,19,16,063,32,21,11,051,38,7*7C
$GAGSV,3,3,11,23,33,100,44,31,24,158,40,36,23,313,39,7*40
$GBGSV,2,1,08,06,55,035,44,08,34,129,41,09,71,032,47,13,51,124,46,1*73
$GBGSV,2,2,08,16,47,036,44,23,66,148,51,25,41,053,48,27,17,225,42,1*7F
$GBGSV,2,1,06,06,55,035,46,08,34,129,47,09,71,032,48,13,51,124,47,B*04
$GBGSV,2,2,06,16,47,036,45,23,66,148,11,B*0F
$GBGSV,4,1,13,01,03,096,,02,58,141,,03,34,114,,07,07,138,,0*7C
$GBGSV,4,2,13,10,08,148,,28,05,186,,30,12,275,,32,38,328,,0*74
$GBGSV,4,3,13,33,17,098,,37,24,199,,38,23,133,,39,38,036,,0*79
$GBGSV,4,4,13,41,53,052,,0*41
$GQGSV,1,1,02,02,12,083,41,04,19,095,38,1*63
$GQGSV,1,1,03,02,12,083,43,04,19,095,42,07,19,104,43,6*57
$GNGLL,2454.22970,N,06708.26856,E,174806.00,A,D*71
$GNRMC,174807.00,A,2454.22970,N,06708.26856,E,0.001,,300425,,,R,V*04
$GNVTG,,T,,M,0.001,N,0.002,K,D*3B
$GNGGA,174807.00,2454.22970,N,06708.26856,E,4,12,0.61,21.8,M,-44.2,M,1.0,0265*7B
$GNGSA,A,3,01,03,10,28,31,04,26,02,16,32,,,1.36,0.61,1.22,1*0C
$GNGSA,A,3,69,80,68,85,84,78,79,,,,,,1.36,0.61,1.22,2*09
$GNGSA,A,3,11,23,21,31,10,19,,,,,,,1.36,0.61,1.22,3*08
$GNGSA,A,3,06,08,13,16,09,25,27,23,,,,,1.36,0.61,1.22,4*07
$GNGSA,A,3,04,,,,,,,,,,,,1.36,0.61,1.22,5*03
$GPGSV,4,1,13,01,48,263,45,02,39,224,45,03,45,331,45,04,24,290,39,1*64
$GPGSV,4,2,13,10,12,129,38,16,24,157,41,26,42,128,44,28,35,037,43,1*62
$GPGSV,4,3,13,31,63,031,48,32,16,068,38,40,59,208,48,41,56,146,46,1*62
$GPGSV,4,4,13,42,19,104,45,1*5C
$GPGSV,2,1,08,01,48,263,47,03,45,331,45,04,24,290,39,10,12,129,31,6*6A
$GPGSV,2,2,08,26,42,128,45,28,35,037,45,31,63,031,44,32,16,068,45,6*66
$GLGSV,2,1,08,68,24,071,46,69,41,014,48,78,17,033,44,79,57,082,51,1*77
$GLGSV,2,2,08,80,38,170,49,84,30,249,39,85,19,304,40,,,,42,1*42
$GLGSV,2,1,08,68,24,071,46,69,41,014,48,78,17,033,45,79,57,082,48,3*7C
$GLGSV,2,2,08,80,38,170,48,84,30,249,46,85,19,304,38,,,,42,3*46
$GLGSV,1,1,02,70,10,310,,83,03,191,,0*7E
$GAGSV,3,1,11,04,52,005,50,06,49,322,50,09,34,295,50,10,48,212,50,2*76
$GAGSV,3,2,11,11,53,259,46,12,33,186,45,19,16,063,39,21,11,051,45,2*76
$GAGSV,3,3,11,23,33,100,50,31,24,158,46,36,23,313,43,2*4B
$GAGSV,3,1,11,04,52,005,45,06,49,322,45,09,34,295,44,10,48,212,45,7*72
$GAGSV,3,2,11,11,53,259,43,12,33,186,38,19,16,063,32,21,11,051,37,7*72
$GAGSV,3,3,11,23,33,100,44,31,24,158,40,36,23,313,39,7*40
$GBGSV,2,1,08,06,55,035,44,08,34,129,41,09,71,032,47,13,51,124,46,1*73
$GBGSV,2,2,08,16,47,036,44,23,66,148,51,25,41,053,48,27,17,225,42,1*7F
$GBGSV,2,1,06,06,55,035,46,08,34,129,47,09,71,032,48,13,51,124,47,B*04
$GBGSV,2,2,06,16,47,036,45,23,66,148,09,B*06
$GBGSV,4,1,13,01,03,096,,02,58,141,,03,34,114,,07,07,138,,0*7C
$GBGSV,4,2,13,10,08,148,,28,05,186,,30,12,275,,32,38,328,,0*74
$GBGSV,4,3,13,33,17,098,,37,24,199,,38,23,133,,39,38,036,,0*79
$GBGSV,4,4,13,41,53,052,,0*41
$GQGSV,1,1,02,02,12,083,41,04,19,095,38,1*63
$GQGSV,1,1,03,02,12,083,42,04,19,095,42,07,19,104,43,6*56
$GNGLL,2454.22970,N,06708.26856,E,174807.00,A,D*70
$GNRMC,174808.00,A,2454.22970,N,06708.26856,E,0.003,,300425,,,R,V*09
$GNVTG,,T,,M,0.003,N,0.006,K,D*3D
$GNGGA,174808.00,2454.22970,N,06708.26856,E,4,12,0.61,21.8,M,-44.2,M,1.0,0265*74
$GNGSA,A,3,01,03,10,28,31,04,26,02,16,32,,,1.36,0.61,1.22,1*0C
$GNGSA,A,3,69,80,68,85,84,78,79,,,,,,1.36,0.61,1.22,2*09
$GNGSA,A,3,11,23,21,31,10,19,,,,,,,1.36,0.61,1.22,3*08
$GNGSA,A,3,06,08,13,16,09,25,27,23,,,,,1.36,0.61,1.22,4*07
$GNGSA,A,3,04,,,,,,,,,,,,1.36,0.61,1.22,5*03
$GPGSV,4,1,13,01,48,263,45,02,39,224,45,03,45,331,45,04,24,290,39,1*64
$GPGSV,4,2,13,10,12,129,38,16,24,157,41,26,42,128,44,28,35,037,43,1*62
$GPGSV,4,3,13,31,63,031,48,32,16,068,38,40,59,208,48,41,56,146,46,1*62
$GPGSV,4,4,13,42,19,104,45,1*5C
$GPGSV,2,1,08,01,48,263,47,03,45,331,44,04,24,290,39,10,12,129,31,6*6B
$GPGSV,2,2,08,26,42,128,45,28,35,037,45,31,63,031,44,32,16,068,45,6*66
$GLGSV,2,1,08,68,24,071,46,69,41,014,48,78,17,033,44,79,57,079,51,1*73
$GLGSV,2,2,08,80,38,170,49,84,30,249,39,85,19,304,40,,,,43,1*43
$GLGSV,2,1,08,68,24,071,47,69,41,014,48,78,17,033,45,79,57,079,48,3*79
$GLGSV,2,2,08,80,38,170,48,84,30,249,46,85,19,304,38,,,,42,3*46
$GLGSV,1,1,02,70,10,310,,83,03,191,,0*7E
$GAGSV,3,1,11,04,52,005,50,06,49,322,50,09,34,295,49,10,48,212,50,2*7E
$GAGSV,3,2,11,11,53,259,46,12,33,186,45,19,16,063,39,21,11,051,45,2*76
$GAGSV,3,3,11,23,33,100,50,31,24,158,46,36,23,313,43,2*4B
$GAGSV,3,1,11,04,52,005,45,06,49,322,45,09,34,295,44,10,48,212,46,7*71
$GAGSV,3,2,11,11,53,259,43,12,33,186,38,19,16,063,32,21,11,051,37,7*72
$GAGSV,3,3,11,23,33,100,44,31,24,158,40,36,23,313,39,7*40
$GBGSV,2,1,08,06,55,035,44,08,34,129,41,09,71,032,47,13,51,124,46,1*73
$GBGSV,2,2,08,16,47,036,44,23,66,148,51,25,41,053,49,27,17,225,42,1*7E
$GBGSV,2,1,06,06,55,035,46,08,34,129,47,09,71,032,48,13,51,124,47,B*04
$GBGSV,2,2,06,16,47,036,45,23,66,148,09,B*06
$GBGSV,4,1,13,01,03,096,,02,58,141,,03,34,114,,07,07,138,,0*7C
$GBGSV,4,2,13,10,08,148,,28,05,186,,30,12,275,,32,38,328,,0*74
$GBGSV,4,3,13,33,17,098,,37,24,199,,38,23,133,,39,38,036,,0*79
$GBGSV,4,4,13,41,53,052,,0*41
$GQGSV,1,1,02,02,12,083,41,04,19,095,38,1*63
$GQGSV,1,1,03,02,12,083,42,04,19,095,42,07,19,104,43,6*56
$GNGLL,2454.22970,N,06708.26856,E,174808.00,A,D*7F
$GNRMC,174809.00,A,2454.22970,N,06708.26855,E,0.006,,300425,,,R,V*0E
$GNVTG,,T,,M,0.006,N,0.010,K,D*3F
$GNGGA,174809.00,2454.22970,N,06708.26855,E,4,12,0.61,21.8,M,-44.2,M,1.0,0265*76
$GNGSA,A,3,01,03,10,28,31,04,26,02,16,32,,,1.36,0.61,1.22,1*0C
$GNGSA,A,3,69,80,68,85,84,78,79,,,,,,1.36,0.61,1.22,2*09
$GNGSA,A,3,11,23,21,31,10,19,,,,,,,1.36,0.61,1.22,3*08
$GNGSA,A,3,06,08,13,16,09,25,27,23,,,,,1.36,0.61,1.22,4*07
$GNGSA,A,3,04,,,,,,,,,,,,1.36,0.61,1.22,5*03
$GPGSV,4,1,13,01,48,263,45,02,39,224,45,03,45,331,45,04,24,290,39,1*64
$GPGSV,4,2,13,10,12,129,38,16,24,157,41,26,42,128,44,28,35,037,43,1*62
$GPGSV,4,3,13,31,63,031,48,32,16,068,38,40,59,208,48,41,56,146,46,1*62
$GPGSV,4,4,13,42,19,104,45,1*5C
$GPGSV,2,1,08,01,48,263,47,03,45,331,45,04,24,290,39,10,12,129,31,6*6A
$GPGSV,2,2,08,26,42,128,45,28,35,037,45,31,63,031,44,32,16,068,45,6*66
$GLGSV,2,1,07,68,24,071,46,69,41,014,48,78,17,033,44,79,57,079,51,1*7C
$GLGSV,2,2,07,80,40,170,49,84,30,249,39,85,19,304,40,1*44
$GLGSV,2,1,08,68,24,071,47,69,41,014,48,78,17,033,45,79,57,079,48,3*79
$GLGSV,2,2,08,80,40,170,48,84,30,249,46,85,19,304,38,,,,41,3*4A
$GLGSV,1,1,02,70,10,310,,83,03,191,,0*7E
$GAGSV,3,1,11,04,52,005,50,06,49,322,50,09,34,295,49,10,48,212,50,2*7E
$GAGSV,3,2,11,11,53,259,46,12,33,186,45,19,16,063,39,21,11,051,45,2*76
$GAGSV,3,3,11,23,33,100,50,31,24,158,46,36,23,313,43,2*4B
$GAGSV,3,1,11,04,52,005,45,06,49,322,45,09,34,295,44,10,48,212,46,7*71
$GAGSV,3,2,11,11,53,259,43,12,33,186,39,19,16,063,32,21,11,051,37,7*73
$GAGSV,3,3,11,23,33,100,44,31,24,158,40,36,23,313,39,7*40
$GBGSV,2,1,08,06,55,035,44,08,34,129,41,09,71,032,47,13,51,124,46,1*73
$GBGSV,2,2,08,16,47,036,44,23,66,148,51,25,41,053,48,27,17,225,42,1*7F
$GBGSV,2,1,06,06,55,035,46,08,34,129,47,09,71,032,48,13,51,124,47,B*04
$GBGSV,2,2,06,16,47,036,45,23,66,148,07,B*08
$GBGSV,4,1,13,01,03,096,,02,58,141,,03,34,114,,07,07,138,,0*7C
$GBGSV,4,2,13,10,08,148,,28,05,186,,30,12,275,,32,38,328,,0*74
$GBGSV,4,3,13,33,17,098,,37,24,199,,38,23,133,,39,38,036,,0*79
$GBGSV,4,4,13,41,53,052,,0*41
$GQGSV,1,1,02,02,12,083,41,04,19,095,38,1*63
$GQGSV,1,1,03,02,12,083,43,04,19,095,42,07,19,104,43,6*57
$GNGLL,2454.22970,N,06708.26855,E,174809.00,A,D*7D
$GNRMC,174810.00,A,2454.22970,N,06708.26855,E,0.020,,300425,,,R,V*02
$GNVTG,,T,,M,0.020,N,0.037,K,D*3E
$GNGGA,174810.00,2454.22970,N,06708.26855,E,4,12,0.61,21.8,M,-44.2,M,1.0,0265*7E
$GNGSA,A,3,01,03,10,28,31,04,26,02,16,32,,,1.36,0.61,1.22,1*0C
$GNGSA,A,3,69,80,68,85,84,78,79,,,,,,1.36,0.61,1.22,2*09
$GNGSA,A,3,11,23,21,31,10,19,,,,,,,1.36,0.61,1.22,3*08
$GNGSA,A,3,06,08,13,16,09,25,27,23,,,,,1.36,0.61,1.22,4*07
$GNGSA,A,3,04,,,,,,,,,,,,1.36,0.61,1.22,5*03
$GPGSV,4,1,13,01,48,263,45,02,39,224,45,03,45,331,45,04,24,290,39,1*64
$GPGSV,4,2,13,10,12,129,38,16,24,157,41,26,42,128,44,28,35,037,43,1*62
$GPGSV,4,3,13,31,63,031,48,32,16,068,38,40,59,208,48,41,56,146,46,1*62
$GPGSV,4,4,13,42,19,104,45,1*5C
$GPGSV,2,1,08,01,48,263,47,03,45,331,45,04,24,290,39,10,12,129,31,6*6A
$GPGSV,2,2,08,26,42,128,45,28,35,037,45,31,63,031,44,32,16,068,45,6*66
$GLGSV,2,1,08,68,24,071,46,69,41,014,48,78,17,033,44,79,57,079,51,1*73
$GLGSV,2,2,08,80,40,170,49,84,30,249,39,85,19,304,40,,,,42,1*4D
$GLGSV,2,1,08,68,24,071,47,69,41,014,48,78,17,033,45,79,57,079,48,3*79
$GLGSV,2,2,08,80,40,170,48,84,30,249,46,85,19,304,38,,,,41,3*4A
$GLGSV,1,1,02,70,10,310,,83,03,191,,0*7E
$GAGSV,3,1,11,04,52,005,50,06,49,322,50,09,34,295,49,10,48,212,50,2*7E
$GAGSV,3,2,11,11,53,259,46,12,33,186,45,19,16,063,39,21,11,051,45,2*76
$GAGSV,3,3,11,23,33,100,50,31,24,158,46,36,23,313,43,2*4B
$GAGSV,3,1,11,04,52,005,45,06,49,322,45,09,34,295,44,10,48,212,46,7*71
$GAGSV,3,2,11,11,53,259,43,12,33,186,39,19,16,063,33,21,11,051,37,7*72
$GAGSV,3,3,11,23,33,100,44,31,24,158,40,36,23,313,39,7*40
$GBGSV,2,1,08,06,55,035,44,08,34,129,41,09,71,032,47,13,51,124,46,1*73
$GBGSV,2,2,08,16,47,036,44,23,66,148,51,25,41,053,48,27,17,225,42,1*7F
$GBGSV,2,1,06,06,55,035,46,08,34,129,47,09,71,032,48,13,51,124,47,B*04
$GBGSV,2,2,06,16,47,036,46,23,66,148,07,B*0B
$GBGSV,4,1,13,01,03,096,,02,58,141,,03,34,114,,07,07,138,,0*7C
$GBGSV,4,2,13,10,08,148,,28,05,186,,30,12,275,,32,38,328,,0*74
$GBGSV,4,3,13,33,17,098,,37,24,199,,38,23,133,,39,38,036,,0*79
$GBGSV,4,4,13,41,53,052,,0*41
$GQGSV,1,1,02,02,12,083,41,04,19,095,38,1*63
$GQGSV,1,1,03,02,12,083,43,04,19,095,42,07,19,104,43,6*57
$GNGLL,2454.22970,N,06708.26855,E,174810.00,A,D*75
$GNRMC,174811.00,A,2454.22970,N,06708.26855,E,0.004,,300425,,,R,V*05
$GNVTG,,T,,M,0.004,N,0.008,K,D*34
$GNGGA,174811.00,2454.22970,N,06708.26855,E,4,12,0.61,21.8,M,-44.2,M,1.0,0265*7F
$GNGSA,A,3,01,03,10,28,31,04,26,02,16,32,,,1.36,0.61,1.22,1*0C
$GNGSA,A,3,69,80,68,85,84,78,79,,,,,,1.36,0.61,1.22,2*09
$GNGSA,A,3,11,23,21,31,10,19,,,,,,,1.36,0.61,1.22,3*08
$GNGSA,A,3,06,08,13,16,09,25,27,23,,,,,1.36,0.61,1.22,4*07
$GNGSA,A,3,04,,,,,,,,,,,,1.36,0.61,1.22,5*03
$GPGSV,4,1,13,01,48,263,45,02,39,224,45,03,45,331,45,04,24,290,39,1*64
$GPGSV,4,2,13,10,12,129,38,16,24,157,41,26,42,128,44,28,35,037,44,1*65
$GPGSV,4,3,13,31,63,031,48,32,16,068,38,40,59,208,48,41,56,146,46,1*62
$GPGSV,4,4,13,42,19,104,45,1*5C
$GPGSV,2,1,08,01,48,263,47,03,45,331,45,04,24,290,39,10,12,129,31,6*6A
$GPGSV,2,2,08,26,42,128,45,28,35,037,46,31,63,031,44,32,16,068,45,6*65
$GLGSV,2,1,08,68,24,071,46,69,41,014,48,78,17,033,44,79,57,079,51,1*73
$GLGSV,2,2,08,80,40,170,49,84,30,249,39,85,19,304,40,,,,42,1*4D
$GLGSV,2,1,08,68,24,071,47,69,41,014,48,78,17,033,45,79,57,079,48,3*79
$GLGSV,2,2,08,80,40,170,48,84,30,249,46,85,19,304,38,,,,41,3*4A
$GLGSV,1,1,02,70,10,310,,83,03,191,,0*7E
$GAGSV,3,1,11,04,52,005,50,06,49,322,50,09,34,295,50,10,48,212,50,2*76
$GAGSV,3,2,11,11,53,259,46,12,33,186,45,19,16,063,39,21,11,051,45,2*76
$GAGSV,3,3,11,23,33,100,50,31,24,158,46,36,23,313,43,2*4B
$GAGSV,3,1,11,04,52,005,45,06,49,322,45,09,34,295,44,10,48,212,46,7*71
$GAGSV,3,2,11,11,53,259,43,12,33,186,38,19,16,063,32,21,11,051,37,7*72
$GAGSV,3,3,11,23,33,100,44,31,24,158,40,36,23,313,39,7*40
$GBGSV,2,1,08,06,55,035,44,08,34,129,41,09,71,032,47,13,51,124,46,1*73
$GBGSV,2,2,08,16,47,036,44,23,66,148,51,25,41,053,48,27,17,225,42,1*7F
$GBGSV,2,1,06,06,55,035,46,08,34,129,47,09,71,032,48,13,51,124,47,B*04
$GBGSV,2,2,06,16,47,036,45,23,66,148,07,B*08
$GBGSV,4,1,13,01,03,096,,02,58,141,,03,34,114,,07,07,138,,0*7C
$GBGSV,4,2,13,10,08,148,,28,05,186,,30,12,275,,32,38,328,,0*74
$GBGSV,4,3,13,33,17,098,,37,24,199,,38,23,133,,39,38,036,,0*79
$GBGSV,4,4,13,41,53,052,,0*41
$GQGSV,1,1,02,02,12,083,41,04,19,095,38,1*63
$GQGSV,1,1,03,02,12,083,43,04,19,095,42,07,19,104,43,6*57
$GNGLL,2454.22970,N,06708.26855,E,174811.00,A,D*74
$GNRMC,174812.00,A,2454.22970,N,06708.26855,E,0.002,,300425,,,R,V*00
$GNVTG,,T,,M,0.002,N,0.003,K,D*39
$GNGGA,174812.00,2454.22970,N,06708.26855,E,4,12,0.61,21.8,M,-44.2,M,1.0,0265*7C
$GNGSA,A,3,01,03,10,28,31,04,26,02,16,32,,,1.36,0.61,1.22,1*0C
$GNGSA,A,3,69,80,68,85,84,78,79,,,,,,1.36,0.61,1.22,2*09
$GNGSA,A,3,11,23,21,31,10,19,,,,,,,1.36,0.61,1.22,3*08
$GNGSA,A,3,06,08,13,16,09,25,27,23,,,,,1.36,0.61,1.22,4*07
$GNGSA,A,3,04,,,,,,,,,,,,1.36,0.61,1.22,5*03
$GPGSV,4,1,13,01,48,263,45,02,39,224,45,03,45,331,45,04,24,290,39,1*64
$GPGSV,4,2,13,10,12,129,38,16,24,157,41,26,42,128,44,28,35,037,44,1*65
$GPGSV,4,3,13,31,63,031,48,32,16,068,38,40,59,208,48,41,56,146,46,1*62
$GPGSV,4,4,13,42,19,104,45,1*5C
$GPGSV,2,1,08,01,48,263,47,03,45,331,45,04,24,290,39,10,12,129,31,6*6A
$GPGSV,2,2,08,26,42,128,45,28,35,037,46,31,63,031,44,32,16,068,45,6*65
$GLGSV,2,1,08,68,24,071,46,69,41,014,48,78,17,033,44,79,57,079,51,1*73
$GLGSV,2,2,08,80,40,170,49,84,30,249,39,85,19,304,40,,,,42,1*4D
$GLGSV,2,1,08,68,24,071,47,69,41,014,48,78,17,033,45,79,57,079,48,3*79
$GLGSV,2,2,08,80,40,170,47,84,30,249,46,85,19,304,38,,,,42,3*46
$GLGSV,1,1,02,70,10,310,,83,03,190,,0*7F
$GAGSV,3,1,11,04,52,005,50,06,49,322,50,09,34,295,50,10,48,212,50,2*76
$GAGSV,3,2,11,11,53,259,46,12,33,186,45,19,16,063,39,21,11,051,45,2*76
$GAGSV,3,3,11,23,33,100,50,31,24,158,46,36,23,313,43,2*4B
$GAGSV,3,1,11,04,52,005,45,06,49,322,45,09,34,295,44,10,48,212,46,7*71
$GAGSV,3,2,11,11,53,259,43,12,33,186,39,19,16,063,32,21,11,051,37,7*73
$GAGSV,3,3,11,23,33,100,44,31,24,158,40,36,23,313,39,7*40
$GBGSV,2,1,08,06,55,035,44,08,34,129,41,09,71,032,47,13,51,124,46,1*73
$GBGSV,2,2,08,16,47,036,44,23,66,148,51,25,41,053,48,27,17,225,42,1*7F
$GBGSV,2,1,06,06,55,035,46,08,34,129,47,09,71,032,48,13,51,124,47,B*04
$GBGSV,2,2,06,16,47,036,46,23,66,148,06,B*0A
$GBGSV,4,1,13,01,03,096,,02,58,141,,03,34,114,,07,07,138,,0*7C
$GBGSV,4,2,13,10,08,148,,28,05,186,,30,12,275,,32,38,328,,0*74
$GBGSV,4,3,13,33,17,098,,37,24,199,,38,23,133,,39,38,036,,0*79
$GBGSV,4,4,13,41,53,052,,0*41
$GQGSV,1,1,02,02,12,083,42,04,19,095,38,1*60
$GQGSV,1,1,03,02,12,083,43,04,19,095,42,07,19,104,43,6*57
$GNGLL,2454.22970,N,06708.26855,E,174812.00,A,D*77
$GNRMC,174813.00,A,2454.22970,N,06708.26856,E,0.003,,300425,,,R,V*03
$GNVTG,,T,,M,0.003,N,0.005,K,D*3E
$GNGGA,174813.00,2454.22970,N,06708.26856,E,4,12,0.61,21.8,M,-44.2,M,1.0,0265*7E
$GNGSA,A,3,01,03,10,28,31,04,26,02,16,32,,,1.36,0.61,1.22,1*0C
$GNGSA,A,3,69,80,68,85,84,78,79,,,,,,1.36,0.61,1.22,2*09
$GNGSA,A,3,11,23,21,31,10,19,,,,,,,1.36,0.61,1.22,3*08
$GNGSA,A,3,06,08,13,16,09,25,27,23,,,,,1.36,0.61,1.22,4*07
$GNGSA,A,3,04,,,,,,,,,,,,1.36,0.61,1.22,5*03
$GPGSV,4,1,13,01,48,263,45,02,39,224,45,03,45,331,45,04,24,290,39,1*64
$GPGSV,4,2,13,10,12,129,38,16,24,157,41,26,42,128,44,28,35,037,44,1*65
$GPGSV,4,3,13,31,63,031,48,32,16,068,39,40,59,208,48,41,56,146,47,1*62
$GPGSV,4,4,13,42,19,104,45,1*5C
$GPGSV,2,1,08,01,48,263,47,03,45,331,45,04,24,290,39,10,12,129,31,6*6A
$GPGSV,2,2,08,26,42,128,45,28,35,037,45,31,63,031,44,32,16,068,45,6*66
$GLGSV,2,1,08,68,24,071,46,69,41,014,48,78,17,033,44,79,57,079,51,1*73
$GLGSV,2,2,08,80,40,170,49,84,29,248,39,85,19,304,40,,,,42,1*44
$GLGSV,2,1,08,68,24,071,47,69,41,014,48,78,17,033,45,79,57,079,48,3*79
$GLGSV,2,2,08,80,40,170,47,84,29,248,46,85,19,304,38,,,,42,3*4F
$GLGSV,1,1,02,70,10,310,,83,03,190,,0*7F
$GAGSV,3,1,11,04,52,005,50,06,49,322,50,09,34,295,50,10,48,212,50,2*76
$GAGSV,3,2,11,11,53,259,46,12,33,186,45,19,16,063,40,21,11,051,45,2*78
$GAGSV,3,3,11,23,33,100,50,31,24,158,46,36,23,313,43,2*4B
$GAGSV,3,1,11,04,52,005,45,06,49,322,45,09,34,295,44,10,48,212,45,7*72
$GAGSV,3,2,11,11,53,259,43,12,33,186,38,19,16,063,32,21,11,051,37,7*72
$GAGSV,3,3,11,23,33,100,44,31,24,158,41,36,23,313,39,7*41
$GBGSV,2,1,08,06,55,035,44,08,34,129,41,09,71,032,46,13,51,124,46,1*72
$GBGSV,2,2,08,16,47,036,44,23,66,148,51,25,41,053,48,27,17,225,42,1*7F
$GBGSV,2,1,06,06,55,035,46,08,34,129,47,09,71,032,48,13,51,124,47,B*04
$GBGSV,2,2,06,16,47,036,46,23,66,148,07,B*0B
$GBGSV,4,1,13,01,03,096,,02,58,141,,03,34,114,,07,07,138,,0*7C
$GBGSV,4,2,13,10,08,148,,28,05,186,,30,12,275,,32,38,328,,0*74
$GBGSV,4,3,13,33,17,098,,37,24,199,,38,23,133,,39,38,036,,0*79
$GBGSV,4,4,13,41,53,052,,0*41
$GQGSV,1,1,02,02,12,083,42,04,19,095,38,1*60
$GQGSV,1,1,03,02,12,083,43,04,19,095,42,07,19,104,43,6*57
$GNGLL,2454.22970,N,06708.26856,E,174813.00,A,D*75
$GNRMC,174814.00,A,2454.22970,N,06708.26856,E,0.005,,300425,,,R,V*02
$GNVTG,,T,,M,0.005,N,0.010,K,D*3C
$GNGGA,174814.00,2454.22970,N,06708.26856,E,4,12,0.61,21.8,M,-44.2,M,1.0,0265*79
$GNGSA,A,3,01,03,10,28,31,04,26,02,16,32,,,1.36,0.61,1.22,1*0C
$GNGSA,A,3,69,80,68,85,84,78,79,,,,,,1.36,0.61,1.22,2*09
$GNGSA,A,3,11,23,21,31,10,19,,,,,,,1.36,0.61,1.22,3*08
$GNGSA,A,3,06,08,13,16,09,25,27,23,,,,,1.36,0.61,1.22,4*07
$GNGSA,A,3,04,,,,,,,,,,,,1.36,0.61,1.22,5*03
$GPGSV,4,1,13,01,48,263,45,02,39,224,45,03,45,331,45,04,24,290,39,1*64
$GPGSV,4,2,13,10,12,129,38,16,24,157,41,26,42,128,44,28,35,037,44,1*65
$GPGSV,4,3,13,31,63,031,48,32,16,068,38,40,59,208,48,41,56,146,46,1*62
$GPGSV,4,4,13,42,19,104,45,1*5C
$GPGSV,2,1,08,01,48,263,46,03,45,331,45,04,24,290,39,10,12,129,31,6*6B
$GPGSV,2,2,08,26,42,128,45,28,35,037,45,31,63,031,44,32,16,068,45,6*66
$GLGSV,2,1,08,68,24,071,46,69,41,014,48,78,17,033,44,79,57,079,51,1*73
$GLGSV,2,2,08,80,40,170,49,84,29,248,39,85,19,302,40,,,,43,1*43
$GLGSV,2,1,08,68,24,071,47,69,41,014,48,78,17,033,45,79,57,079,47,3*76
$GLGSV,2,2,08,80,40,170,47,84,29,248,46,85,19,302,38,,,,41,3*4A
$GLGSV,1,1,02,70,10,310,,83,03,190,,0*7F
$GAGSV,3,1,11,04,52,005,50,06,49,322,50,09,34,295,50,10,48,212,50,2*76
$GAGSV,3,2,11,11,53,259,46,12,33,186,45,19,16,063,40,21,11,051,45,2*78
$GAGSV,3,3,11,23,33,100,50,31,24,158,46,36,23,313,43,2*4B
$GAGSV,3,1,11,04,52,005,45,06,49,322,45,09,34,295,44,10,48,212,46,7*71
$GAGSV,3,2,11,11,53,259,43,12,33,186,38,19,16,063,33,21,11,051,37,7*73
$GAGSV,3,3,11,23,33,100,44,31,24,158,40,36,23,313,39,7*40
$GBGSV,2,1,08,06,55,035,44,08,34,129,42,09,71,032,47,13,51,124,46,1*70
$GBGSV,2,2,08,16,47,036,44,23,66,148,51,25,41,053,48,27,17,225,42,1*7F
$GBGSV,2,1,06,06,55,035,46,08,34,129,46,09,71,032,48,13,51,124,47,B*05
$GBGSV,2,2,06,16,47,036,45,23,66,148,07,B*08
$GBGSV,4,1,13,01,03,096,,02,58,141,,03,34,114,,07,07,138,,0*7C
$GBGSV,4,2,13,10,08,148,,28,05,186,,30,12,275,,32,38,328,,0*74
$GBGSV,4,3,13,33,17,098,,37,24,199,,38,23,133,,39,38,036,,0*79
$GBGSV,4,4,13,41,53,052,,0*41
$GQGSV,1,1,02,02,12,083,42,04,19,095,38,1*60
$GQGSV,1,1,03,02,12,083,43,04,19,095,42,07,19,104,43,6*57
$GNGLL,2454.22970,N,06708.26856,E,174814.00,A,D*72
$GNRMC,174815.00,A,2454.22970,N,06708.26856,E,0.008,,300425,,,R,V*0E
$GNVTG,,T,,M,0.008,N,0.015,K,D*34
$GNGGA,174815.00,2454.22970,N,06708.26856,E,4,12,0.61,21.8,M,-44.2,M,1.0,0265*78
$GNGSA,A,3,01,03,10,28,31,04,26,02,16,32,,,1.36,0.61,1.22,1*0C
$GNGSA,A,3,69,80,68,85,84,78,79,,,,,,1.36,0.61,1.22,2*09
$GNGSA,A,3,11,23,21,31,10,19,,,,,,,1.36,0.61,1.22,3*08
$GNGSA,A,3,06,08,13,16,09,25,27,23,,,,,1.36,0.61,1.22,4*07
$GNGSA,A,3,04,,,,,,,,,,,,1.36,0.61,1.22,5*03
$GPGSV,4,1,13,01,48,263,45,02,39,224,45,03,45,331,45,04,24,290,39,1*64
$GPGSV,4,2,13,10,12,129,38,16,24,157,41,26,42,128,44,28,35,037,44,1*65
$GPGSV,4,3,13,31,63,031,48,32,16,068,39,40,59,208,48,41,56,146,46,1*63
$GPGSV,4,4,13,42,19,104,45,1*5C
$GPGSV,2,1,08,01,48,263,47,03,45,331,45,04,24,290,39,10,12,129,31,6*6A
$GPGSV,2,2,08,26,42,128,45,28,35,037,45,31,63,031,44,32,16,068,45,6*66
$GLGSV,2,1,08,68,24,071,46,69,41,014,48,78,17,033,44,79,57,079,51,1*73
$GLGSV,2,2,08,80,40,170,49,84,29,248,39,85,19,302,40,,,,42,1*42
$GLGSV,2,1,08,68,24,071,46,69,41,014,48,78,17,033,45,79,57,079,47,3*77
$GLGSV,2,2,08,80,40,170,47,84,29,248,46,85,19,302,38,,,,41,3*4A
$GLGSV,1,1,02,70,10,310,,83,03,190,,0*7F
$GAGSV,3,1,11,04,52,005,50,06,49,322,50,09,34,295,50,10,48,212,50,2*76
$GAGSV,3,2,11,11,53,259,46,12,33,186,45,19,16,063,40,21,11,051,45,2*78
$GAGSV,3,3,11,23,33,100,50,31,24,158,46,36,23,313,43,2*4B
$GAGSV,3,1,11,04,52,005,45,06,49,322,45,09,34,295,44,10,48,212,45,7*72
$GAGSV,3,2,11,11,53,259,43,12,33,186,38,19,16,063,32,21,11,051,37,7*72
$GAGSV,3,3,11,23,33,100,44,31,24,158,41,36,23,313,39,7*41
$GBGSV,2,1,08,06,55,035,44,08,34,129,42,09,71,032,46,13,51,124,46,1*71
$GBGSV,2,2,08,16,47,036,44,23,66,148,51,25,41,053,48,27,17,225,42,1*7F
$GBGSV,2,1,06,06,55,035,46,08,34,129,47,09,71,032,48,13,51,124,47,B*04
$GBGSV,2,2,06,16,47,036,45,23,66,148,07,B*08
$GBGSV,4,1,13,01,03,096,,02,58,141,,03,34,114,,07,07,138,,0*7C
$GBGSV,4,2,13,10,08,148,,28,05,186,,30,12,275,,32,38,328,,0*74
$GBGSV,4,3,13,33,17,098,,37,24,199,,38,23,133,,39,38,036,,0*79
$GBGSV,4,4,13,41,53,052,,0*41
$GQGSV,1,1,02,02,12,083,42,04,19,095,38,1*60
$GQGSV,1,1,03,02,12,083,43,04,19,095,42,07,19,104,43,6*57
$GNGLL,2454.22970,N,06708.26856,E,174815.00,A,D*73
$GNRMC,174816.00,A,2454.22970,N,06708.26855,E,0.008,,300425,,,R,V*0E
$GNVTG,,T,,M,0.008,N,0.015,K,D*34
$GNGGA,174816.00,2454.22970,N,06708.26855,E,4,12,0.61,21.8,M,-44.2,M,1.0,0265*78
$GNGSA,A,3,01,03,10,28,31,04,26,02,16,32,,,1.36,0.61,1.22,1*0C
$GNGSA,A,3,69,80,68,85,84,78,79,,,,,,1.36,0.61,1.22,2*09
$GNGSA,A,3,11,23,21,31,10,19,,,,,,,1.36,0.61,1.22,3*08
$GNGSA,A,3,06,08,13,16,09,25,27,23,,,,,1.36,0.61,1.22,4*07
$GNGSA,A,3,04,,,,,,,,,,,,1.36,0.61,1.22,5*03
$GPGSV,4,1,13,01,48,263,45,02,39,224,45,03,45,331,45,04,24,290,39,1*64
$GPGSV,4,2,13,10,12,129,38,16,24,157,41,26,42,128,44,28,35,037,43,1*62
$GPGSV,4,3,13,31,63,031,48,32,16,068,39,40,59,208,48,41,56,146,46,1*63
$GPGSV,4,4,13,42,19,104,45,1*5C
$GPGSV,2,1,08,01,48,263,47,03,45,331,45,04,24,290,39,10,12,129,31,6*6A
$GPGSV,2,2,08,26,42,128,45,28,35,037,46,31,63,031,44,32,16,068,45,6*65
$GLGSV,2,1,08,68,24,071,46,69,41,014,48,78,17,033,44,79,57,079,51,1*73
$GLGSV,2,2,08,80,40,170,49,84,29,248,39,85,19,302,39,,,,42,1*4C
$GLGSV,2,1,08,68,24,071,46,69,41,014,49,78,17,033,45,79,57,079,47,3*76
$GLGSV,2,2,08,80,40,170,48,84,29,248,46,85,19,302,38,,,,41,3*45
$GLGSV,1,1,02,70,10,310,,83,03,190,,0*7F
$GAGSV,3,1,11,04,52,005,50,06,49,322,50,09,34,295,50,10,48,212,50,2*76
$GAGSV,3,2,11,11,53,259,46,12,33,186,45,19,16,063,40,21,11,051,45,2*78
$GAGSV,3,3,11,23,33,100,50,31,24,158,46,36,23,313,43,2*4B
$GAGSV,3,1,11,04,52,005,45,06,49,322,45,09,34,295,44,10,48,212,45,7*72
$GAGSV,3,2,11,11,53,259,43,12,33,186,38,19,16,063,32,21,11,051,37,7*72
$GAGSV,3,3,11,23,33,100,43,31,24,158,41,36,23,313,39,7*46
$GBGSV,2,1,08,06,55,035,44,08,34,129,42,09,71,032,46,13,51,124,46,1*71
$GBGSV,2,2,08,16,47,036,44,23,66,148,51,25,41,053,48,27,17,225,42,1*7F
$GBGSV,2,1,05,06,55,035,46,08,34,129,47,09,71,032,48,13,51,124,47,B*07
$GBGSV,2,2,05,16,47,036,46,B*33
$GBGSV,4,1,13,01,03,096,,02,58,141,,03,34,114,,07,07,138,,0*7C
$GBGSV,4,2,13,10,08,148,,28,05,186,,30,12,275,,32,38,328,,0*74
$GBGSV,4,3,13,33,17,098,,37,24,199,,38,23,133,,39,38,036,,0*79
$GBGSV,4,4,13,41,53,052,,0*41
$GQGSV,1,1,02,02,12,083,42,04,19,095,38,1*60
$GQGSV,1,1,03,02,12,083,43,04,19,095,42,07,19,104,43,6*57
$GNGLL,2454.22970,N,06708.26855,E,174816.00,A,D*73
$GNRMC,174817.00,A,2454.22970,N,06708.26855,E,0.007,,300425,,,R,V*00
$GNVTG,,T,,M,0.007,N,0.013,K,D*3D
$GNGGA,174817.00,2454.22970,N,06708.26855,E,4,12,0.61,21.8,M,-44.2,M,1.0,0265*79
$GNGSA,A,3,01,03,10,28,31,04,26,02,16,32,,,1.36,0.61,1.22,1*0C
$GNGSA,A,3,69,80,68,85,84,78,79,,,,,,1.36,0.61,1.22,2*09
$GNGSA,A,3,11,23,21,31,10,19,,,,,,,1.36,0.61,1.22,3*08
$GNGSA,A,3,06,08,13,16,09,25,27,23,,,,,1.36,0.61,1.22,4*07
$GNGSA,A,3,04,,,,,,,,,,,,1.36,0.61,1.22,5*03
$GPGSV,4,1,13,01,48,263,45,02,39,224,45,03,45,331,45,04,24,290,39,1*64
$GPGSV,4,2,13,10,12,129,38,16,24,157,41,26,42,128,44,28,35,037,43,1*62
$GPGSV,4,3,13,31,63,031,48,32,16,068,39,40,59,208,48,41,56,146,46,1*63
$GPGSV,4,4,13,42,19,104,45,1*5C
$GPGSV,2,1,08,01,48,263,47,03,45,331,45,04,24,290,39,10,12,129,31,6*6A
$GPGSV,2,2,08,26,42,128,45,28,35,037,45,31,63,031,44,32,16,068,45,6*66
$GLGSV,2,1,08,68,24,071,46,69,41,014,48,78,17,033,43,79,57,079,51,1*74
$GLGSV,2,2,08,80,40,170,49,84,29,248,39,85,19,302,39,,,,42,1*4C
$GLGSV,2,1,08,68,24,071,46,69,41,014,48,78,17,033,45,79,57,079,47,3*77
$GLGSV,2,2,08,80,40,170,48,84,29,248,46,85,19,302,38,,,,41,3*45
$GLGSV,1,1,02,70,10,310,,83,03,190,,0*7F
$GAGSV,3,1,11,04,52,005,50,06,49,322,50,09,34,295,50,10,48,212,50,2*76
$GAGSV,3,2,11,11,53,259,46,12,33,186,45,19,16,063,40,21,11,051,45,2*78
$GAGSV,3,3,11,23,33,100,50,31,24,158,46,36,23,313,43,2*4B
$GAGSV,3,1,11,04,52,005,45,06,49,322,45,09,34,295,44,10,48,212,45,7*72
$GAGSV,3,2,11,11,53,259,43,12,33,186,39,19,16,063,32,21,11,051,37,7*73
$GAGSV,3,3,11,23,33,100,43,31,24,158,41,36,23,313,39,7*46
$GBGSV,2,1,08,06,55,035,44,08,34,129,41,09,71,032,47,13,51,124,46,1*73
$GBGSV,2,2,08,16,47,036,44,23,66,148,51,25,41,053,48,27,17,225,42,1*7F
$GBGSV,2,1,05,06,55,035,46,08,34,129,47,09,71,032,48,13,51,124,47,B*07
$GBGSV,2,2,05,16,47,036,46,B*33
$GBGSV,4,1,13,01,03,096,,02,58,141,,03,34,114,,07,07,138,,0*7C
$GBGSV,4,2,13,10,08,148,,28,05,186,,30,12,275,,32,38,328,,0*74
$GBGSV,4,3,13,33,17,098,,37,24,199,,38,23,133,,39,38,036,,0*79
$GBGSV,4,4,13,41,53,052,,0*41
$GQGSV,1,1,02,02,12,083,41,04,19,095,38,1*63
$GQGSV,1,1,03,02,12,083,43,04,19,095,42,07,19,104,43,6*57
$GNGLL,2454.22970,N,06708.26855,E,174817.00,A,D*72
$GNRMC,174818.00,A,2454.22970,N,06708.26855,E,0.006,,300425,,,R,V*0E
$GNVTG,,T,,M,0.006,N,0.012,K,D*3D
$GNGGA,174818.00,2454.22970,N,06708.26855,E,4,12,0.61,21.8,M,-44.2,M,1.0,0265*76
$GNGSA,A,3,01,03,10,28,31,04,26,02,16,32,,,1.36,0.61,1.22,1*0C
$GNGSA,A,3,69,80,68,85,84,78,79,,,,,,1.36,0.61,1.22,2*09
$GNGSA,A,3,11,23,21,31,10,19,,,,,,,1.36,0.61,1.22,3*08
$GNGSA,A,3,06,08,13,16,09,25,27,23,,,,,1.36,0.61,1.22,4*07
$GNGSA,A,3,04,,,,,,,,,,,,1.36,0.61,1.22,5*03
$GPGSV,4,1,13,01,48,263,45,02,39,224,45,03,45,331,45,04,24,290,39,1*64
$GPGSV,4,2,13,10,12,129,38,16,24,157,41,26,42,128,44,28,35,037,43,1*62
$GPGSV,4,3,13,31,63,031,48,32,16,068,39,40,59,208,48,41,56,146,46,1*63
$GPGSV,4,4,13,42,19,104,45,1*5C
$GPGSV,2,1,08,01,48,263,46,03,45,331,45,04,24,290,39,10,12,129,30,6*6A
$GPGSV,2,2,08,26,42,128,45,28,35,037,45,31,63,031,44,32,16,068,45,6*66
$GLGSV,2,1,08,68,24,071,46,69,41,014,47,78,17,033,43,79,57,079,51,1*7B
$GLGSV,2,2,08,80,40,170,49,84,29,248,39,85,19,302,39,,,,43,1*4D
$GLGSV,2,1,08,68,24,071,46,69,41,014,48,78,17,033,45,79,57,079,47,3*77
$GLGSV,2,2,08,80,40,170,48,84,29,248,46,85,19,302,38,,,,41,3*45
$GLGSV,1,1,02,70,10,310,,83,03,190,,0*7F
$GAGSV,3,1,11,04,52,005,50,06,49,322,50,09,34,295,50,10,48,212,50,2*76
$GAGSV,3,2,11,11,53,259,46,12,33,186,45,19,16,063,40,21,11,051,45,2*78
$GAGSV,3,3,11,23,33,100,50,31,24,158,46,36,23,313,43,2*4B
$GAGSV,3,1,11,04,52,005,45,06,49,322,45,09,34,295,44,10,48,212,45,7*72
$GAGSV,3,2,11,11,53,259,43,12,33,186,39,19,16,063,32,21,11,051,38,7*7C
$GAGSV,3,3,11,23,33,100,44,31,24,158,41,36,23,313,39,7*41
$GBGSV,2,1,08,06,55,035,44,08,34,129,41,09,71,032,47,13,51,124,46,1*73
$GBGSV,2,2,08,16,47,036,44,23,66,148,51,25,41,053,48,27,17,225,42,1*7F
$GBGSV,2,1,05,06,55,035,46,08,34,129,47,09,71,032,48,13,51,124,47,B*07
$GBGSV,2,2,05,16,47,036,46,B*33
$GBGSV,4,1,13,01,03,096,,02,58,141,,03,34,114,,07,07,138,,0*7C
$GBGSV,4,2,13,10,08,148,,28,05,186,,30,12,275,,32,38,328,,0*74
$GBGSV,4,3,13,33,17,098,,37,24,199,,38,23,133,,39,38,036,,0*79
$GBGSV,4,4,13,41,53,052,,0*41
$GQGSV,1,1,02,02,12,083,41,04,19,095,38,1*63
$GQGSV,1,1,03,02,12,083,43,04,19,095,42,07,19,104,43,6*57
$GNGLL,2454.22970,N,06708.26855,E,174818.00,A,D*7D
$GNRMC,174819.00,A,2454.22970,N,06708.26856,E,0.008,,300425,,,R,V*02
$GNVTG,,T,,M,0.008,N,0.015,K,D*34
$GNGGA,174819.00,2454.22970,N,06708.26856,E,4,12,0.61,21.8,M,-44.2,M,1.0,0265*74
$GNGSA,A,3,01,03,10,28,31,04,26,02,16,32,,,1.36,0.61,1.22,1*0C
$GNGSA,A,3,69,80,68,85,84,78,79,,,,,,1.36,0.61,1.22,2*09
$GNGSA,A,3,11,23,21,31,10,19,,,,,,,1.36,0.61,1.22,3*08
$GNGSA,A,3,06,08,13,16,09,25,27,23,,,,,1.36,0.61,1.22,4*07
$GNGSA,A,3,04,,,,,,,,,,,,1.36,0.61,1.22,5*03
$GPGSV,4,1,13,01,48,261,45,02,39,224,45,03,45,331,45,04,24,290,39,1*66
$GPGSV,4,2,13,10,12,129,38,16,24,157,41,26,42,128,44,28,35,037,43,1*62
$GPGSV,4,3,13,31,63,031,48,32,16,068,39,40,59,208,48,41,56,146,46,1*63
$GPGSV,4,4,13,42,19,104,45,1*5C
$GPGSV,2,1,08,01,48,261,46,03,45,331,45,04,24,290,39,10,12,129,30,6*68
$GPGSV,2,2,08,26,42,128,45,28,35,037,45,31,63,031,44,32,16,068,45,6*66
$GLGSV,2,1,08,68,24,071,46,69,41,014,48,78,17,033,43,79,57,079,51,1*74
$GLGSV,2,2,08,80,40,170,49,84,29,248,39,85,19,302,39,,,,43,1*4D
$GLGSV,2,1,08,68,24,071,46,69,41,014,48,78,17,033,45,79,57,079,47,3*77
$GLGSV,2,2,08,80,40,170,48,84,29,248,46,85,19,302,37,,,,41,3*4A
$GLGSV,1,1,02,70,10,310,,83,03,190,,0*7F
$GAGSV,3,1,11,04,52,005,50,06,49,322,50,09,34,295,50,10,48,212,50,2*76
$GAGSV,3,2,11,11,53,259,46,12,33,186,45,19,16,063,40,21,11,051,45,2*78
$GAGSV,3,3,11,23,33,100,50,31,24,158,46,36,23,313,43,2*4B
$GAGSV,3,1,11,04,52,005,45,06,49,322,45,09,34,295,44,10,48,212,45,7*72
$GAGSV,3,2,11,11,53,259,43,12,33,186,39,19,16,063,32,21,11,051,38,7*7C
$GAGSV,3,3,11,23,33,100,44,31,24,158,41,36,23,313,39,7*41
$GBGSV,2,1,08,06,55,035,44,08,34,129,41,09,71,032,46,13,51,124,46,1*72
$GBGSV,2,2,08,16,47,036,44,23,66,148,51,25,41,053,48,27,17,225,42,1*7F
$GBGSV,2,1,05,06,55,035,46,08,34,129,47,09,71,032,48,13,51,124,47,B*07
$GBGSV,2,2,05,16,47,036,46,B*33
$GBGSV,4,1,13,01,03,096,,02,58,141,,03,34,114,,07,07,138,,0*7C
$GBGSV,4,2,13,10,08,148,,28,05,186,,30,12,275,,32,38,328,,0*74
$GBGSV,4,3,13,33,17,098,,37,24,199,,38,23,133,,39,38,036,,0*79
$GBGSV,4,4,13,41,53,052,,0*41
$GQGSV,1,1,02,02,12,083,41,04,19,095,38,1*63
$GQGSV,1,1,03,02,12,083,43,04,19,095,42,07,19,104,43,6*57
$GNGLL,2454.22970,N,06708.26856,E,174819.00,A,D*7F
$GNRMC,174820.00,A,2454.22970,N,06708.26855,E,0.003,,300425,,,R,V*00
$GNVTG,,T,,M,0.003,N,0.006,K,D*3D
$GNGGA,174820.00,2454.22970,N,06708.26855,E,4,12,0.61,21.8,M,-44.2,M,1.0,0265*7D
$GNGSA,A,3,01,03,10,28,31,04,26,02,16,32,,,1.36,0.61,1.22,1*0C
$GNGSA,A,3,69,80,68,85,84,78,79,,,,,,1.36,0.61,1.22,2*09
$GNGSA,A,3,11,23,21,31,10,19,,,,,,,1.36,0.61,1.22,3*08
$GNGSA,A,3,06,08,13,16,09,25,27,23,,,,,1.36,0.61,1.22,4*07
$GNGSA,A,3,04,,,,,,,,,,,,1.36,0.61,1.22,5*03
$GPGSV,4,1,13,01,48,261,45,02,38,223,45,03,45,331,45,04,24,290,39,1*60
$GPGSV,4,2,13,10,12,129,38,16,24,157,41,26,42,128,44,28,35,037,43,1*62
$GPGSV,4,3,13,31,63,031,48,32,16,068,39,40,59,208,48,41,56,146,46,1*63
$GPGSV,4,4,13,42,19,104,45,1*5C
$GPGSV,2,1,08,01,48,261,46,03,45,331,44,04,24,290,39,10,12,129,30,6*69
$GPGSV,2,2,08,26,42,128,44,28,35,037,45,31,63,031,44,32,16,068,45,6*67
$GLGSV,2,1,08,68,24,071,46,69,41,014,48,78,17,033,44,79,57,079,51,1*73
$GLGSV,2,2,08,80,40,170,49,84,29,248,40,85,19,302,39,,,,43,1*43
$GLGSV,2,1,08,68,24,071,46,69,41,014,48,78,17,033,45,79,57,079,47,3*77
$GLGSV,2,2,08,80,40,170,48,84,29,248,46,85,19,302,37,,,,41,3*4A
$GLGSV,1,1,02,70,10,310,,83,03,190,,0*7F
$GAGSV,3,1,11,04,52,005,50,06,49,322,50,09,34,295,50,10,48,212,50,2*76
$GAGSV,3,2,11,11,53,259,46,12,33,186,45,19,16,063,40,21,11,051,45,2*78
$GAGSV,3,3,11,23,33,100,50,31,24,158,46,36,23,313,43,2*4B
$GAGSV,3,1,11,04,52,005,45,06,49,322,45,09,34,295,44,10,48,212,45,7*72
$GAGSV,3,2,11,11,53,259,43,12,33,186,38,19,16,063,32,21,11,051,37,7*72
$GAGSV,3,3,11,23,33,100,44,31,24,158,41,36,23,313,39,7*41
$GBGSV,2,1,08,06,55,035,44,08,34,129,41,09,71,032,46,13,51,124,46,1*72
$GBGSV,2,2,08,16,47,036,44,23,66,148,51,25,41,053,48,27,17,225,42,1*7F
$GBGSV,2,1,05,06,55,035,46,08,34,129,47,09,71,032,48,13,51,124,47,B*07
$GBGSV,2,2,05,16,47,036,46,B*33
$GBGSV,4,1,13,01,03,096,,02,58,141,,03,34,114,,07,07,138,,0*7C
$GBGSV,4,2,13,10,08,148,,28,05,186,,30,12,275,,32,38,328,,0*74
$GBGSV,4,3,13,33,17,098,,37,24,199,,38,23,133,,39,38,036,,0*79
$GBGSV,4,4,13,41,53,052,,0*41
$GQGSV,1,1,02,02,12,083,41,04,19,095,38,1*63
$GQGSV,1,1,03,02,12,083,43,04,19,095,42,07,19,104,43,6*57
$GNGLL,2454.22970,N,06708.26855,E,174820.00,A,D*76
$GNRMC,174821.00,A,2454.22970,N,06708.26856,E,0.011,,300425,,,R,V*01
$GNVTG,,T,,M,0.011,N,0.021,K,D*3B
$GNGGA,174821.00,2454.22970,N,06708.26856,E,4,12,0.61,21.8,M,-44.2,M,1.0,0265*7F
$GNGSA,A,3,01,03,10,28,31,04,26,02,16,32,,,1.36,0.61,1.22,1*0C
$GNGSA,A,3,69,80,68,85,84,78,79,,,,,,1.36,0.61,1.22,2*09
$GNGSA,A,3,11,23,21,31,10,19,,,,,,,1.36,0.61,1.22,3*08
$GNGSA,A,3,06,08,13,16,09,25,27,23,,,,,1.36,0.61,1.22,4*07
$GNGSA,A,3,04,,,,,,,,,,,,1.36,0.61,1.22,5*03
$GPGSV,4,1,13,01,48,261,45,02,38,223,45,03,46,332,45,04,24,290,39,1*60
$GPGSV,4,2,13,10,12,129,39,16,24,157,41,26,42,128,44,28,35,037,43,1*63
$GPGSV,4,3,13,31,63,031,48,32,16,068,39,40,59,208,48,41,56,146,46,1*63
$GPGSV,4,4,13,42,19,104,45,1*5C
$GPGSV,2,1,08,01,48,261,46,03,46,332,44,04,24,290,39,10,12,129,31,6*68
$GPGSV,2,2,08,26,42,128,44,28,35,037,45,31,63,031,44,32,16,068,45,6*67
$GLGSV,2,1,08,68,24,071,46,69,41,014,47,78,17,033,44,79,57,079,51,1*7C
$GLGSV,2,2,08,80,40,170,49,84,29,248,40,85,19,302,39,,,,43,1*43
$GLGSV,2,1,08,68,24,071,46,69,41,014,48,78,17,033,45,79,57,079,47,3*77
$GLGSV,2,2,08,80,40,170,48,84,29,248,46,85,19,302,37,,,,41,3*4A
$GLGSV,1,1,02,70,10,310,,83,03,190,,0*7F
$GAGSV,3,1,11,04,52,005,50,06,49,322,50,09,34,295,50,10,48,212,50,2*76
$GAGSV,3,2,11,11,53,259,46,12,33,186,45,19,16,063,40,21,11,051,45,2*78
$GAGSV,3,3,11,23,33,100,50,31,24,158,46,36,23,313,43,2*4B
$GAGSV,3,1,11,04,52,005,45,06,49,322,45,09,34,295,44,10,48,212,45,7*72
$GAGSV,3,2,11,11,53,259,43,12,33,186,39,19,16,063,32,21,11,051,37,7*73
$GAGSV,3,3,11,23,33,100,44,31,24,158,41,36,23,313,40,7*4F
$GBGSV,2,1,08,06,55,035,44,08,34,129,41,09,71,032,46,13,51,124,46,1*72
$GBGSV,2,2,08,16,47,036,44,23,66,148,51,25,41,053,48,27,17,225,42,1*7F
$GBGSV,2,1,05,06,55,035,46,08,34,129,47,09,71,032,48,13,51,124,47,B*07
$GBGSV,2,2,05,16,47,036,46,B*33
$GBGSV,4,1,13,01,03,096,,02,58,141,,03,34,114,,07,07,138,,0*7C
$GBGSV,4,2,13,10,08,148,,28,05,186,,30,12,275,,32,38,328,,0*74
$GBGSV,4,3,13,33,17,098,,37,24,199,,38,23,133,,39,38,036,,0*79
$GBGSV,4,4,13,41,53,052,,0*41
$GQGSV,1,1,02,02,12,083,41,04,19,095,38,1*63
$GQGSV,1,1,03,02,12,083,43,04,19,095,42,07,19,104,43,6*57
$GNGLL,2454.22970,N,06708.26856,E,174821.00,A,D*74
$GNRMC,174822.00,A,2454.22970,N,06708.26856,E,0.004,,300425,,,R,V*06
$GNVTG,,T,,M,0.004,N,0.008,K,D*34
$GNGGA,174822.00,2454.22970,N,06708.26856,E,4,12,0.61,21.8,M,-44.2,M,1.0,0265*7C
$GNGSA,A,3,01,03,10,28,31,04,26,02,16,32,,,1.36,0.61,1.22,1*0C
$GNGSA,A,3,69,80,68,85,84,78,79,,,,,,1.36,0.61,1.22,2*09
$GNGSA,A,3,11,23,21,31,10,19,,,,,,,1.36,0.61,1.22,3*08
$GNGSA,A,3,06,08,13,16,09,25,27,23,,,,,1.36,0.61,1.22,4*07
$GNGSA,A,3,04,,,,,,,,,,,,1.36,0.61,1.22,5*03
$GPGSV,4,1,13,01,48,261,45,02,38,223,45,03,46,332,45,04,24,291,39,1*61
$GPGSV,4,2,13,10,12,129,38,16,24,157,41,26,42,128,44,28,35,037,43,1*62
$GPGSV,4,3,13,31,63,031,48,32,16,068,39,40,59,208,48,41,56,146,46,1*63
$GPGSV,4,4,13,42,19,104,45,1*5C
$GPGSV,2,1,08,01,48,261,46,03,46,332,44,04,24,291,39,10,12,129,30,6*68
$GPGSV,2,2,08,26,42,128,45,28,35,037,45,31,63,031,44,32,16,068,45,6*66
$GLGSV,2,1,08,68,24,071,46,69,41,014,47,78,17,033,44,79,57,079,51,1*7C
$GLGSV,2,2,08,80,40,170,49,84,29,248,40,85,19,302,39,,,,43,1*43
$GLGSV,2,1,08,68,24,071,46,69,41,014,48,78,17,033,45,79,57,079,47,3*77
$GLGSV,2,2,08,80,40,170,48,84,29,248,46,85,19,302,37,,,,41,3*4A
$GLGSV,1,1,02,70,10,310,,83,03,190,,0*7F
$GAGSV,3,1,11,04,52,005,50,06,49,322,50,09,34,295,50,10,48,212,50,2*76
$GAGSV,3,2,11,11,53,259,46,12,33,186,45,19,16,063,40,21,11,051,45,2*78
$GAGSV,3,3,11,23,33,100,50,31,24,158,46,36,23,313,43,2*4B
$GAGSV,3,1,11,04,52,005,45,06,49,322,45,09,34,295,44,10,48,212,45,7*72
$GAGSV,3,2,11,11,53,259,43,12,33,186,39,19,16,063,32,21,11,051,37,7*73
$GAGSV,3,3,11,23,33,100,44,31,24,158,41,36,23,313,40,7*4F
$GBGSV,2,1,08,06,55,035,44,08,34,129,41,09,71,032,46,13,51,124,46,1*72
$GBGSV,2,2,08,16,47,036,44,23,66,148,51,25,41,053,48,27,17,225,42,1*7F
$GBGSV,2,1,05,06,55,035,46,08,34,129,47,09,71,032,48,13,51,124,47,B*07
$GBGSV,2,2,05,16,47,036,46,B*33
$GBGSV,4,1,13,01,03,096,,02,58,141,,03,34,114,,07,07,138,,0*7C
$GBGSV,4,2,13,10,08,148,,28,05,186,,30,12,275,,32,38,328,,0*74
$GBGSV,4,3,13,33,17,098,,37,24,199,,38,23,133,,39,38,036,,0*79
$GBGSV,4,4,13,41,53,052,,0*41
$GQGSV,1,1,02,02,12,083,41,04,19,095,38,1*63
$GQGSV,1,1,03,02,12,083,43,04,19,095,42,07,19,104,43,6*57
$GNGLL,2454.22970,N,06708.26856,E,174822.00,A,D*77
$GNRMC,174823.00,A,2454.22970,N,06708.26856,E,0.002,,300425,,,R,V*01
$GNVTG,,T,,M,0.002,N,0.004,K,D*3E
$GNGGA,174823.00,2454.22970,N,06708.26856,E,4,12,0.61,21.8,M,-44.2,M,1.0,0265*7D
$GNGSA,A,3,01,03,10,28,31,04,26,02,16,32,,,1.36,0.61,1.22,1*0C
$GNGSA,A,3,69,80,68,85,84,78,79,,,,,,1.36,0.61,1.22,2*09
$GNGSA,A,3,11,23,21,31,10,19,,,,,,,1.36,0.61,1.22,3*08
$GNGSA,A,3,06,08,13,16,09,25,27,23,,,,,1.36,0.61,1.22,4*07
$GNGSA,A,3,04,,,,,,,,,,,,1.36,0.61,1.22,5*03
$GPGSV,4,1,13,01,48,261,45,02,38,223,45,03,46,332,45,04,24,291,39,1*61
$GPGSV,4,2,13,10,12,129,39,16,24,157,41,26,42,128,44,28,35,037,43,1*63
$GPGSV,4,3,13,31,63,031,48,32,16,068,40,40,59,208,48,41,56,146,46,1*6D
$GPGSV,4,4,13,42,19,104,45,1*5C
$GPGSV,2,1,08,01,48,261,46,03,46,332,44,04,24,291,39,10,12,129,31,6*69
$GPGSV,2,2,08,26,42,128,45,28,35,037,45,31,63,031,44,32,16,068,44,6*67
$GLGSV,2,1,08,68,24,071,47,69,41,014,47,78,17,033,44,79,57,079,51,1*7D
$GLGSV,2,2,08,80,40,170,49,84,29,248,40,85,19,302,39,,,,43,1*43
$GLGSV,2,1,08,68,24,071,46,69,41,014,48,78,17,033,45,79,57,079,47,3*77
$GLGSV,2,2,08,80,40,170,48,84,29,248,46,85,19,302,37,,,,41,3*4A
$GLGSV,1,1,02,70,10,310,,83,03,190,,0*7F
$GAGSV,3,1,11,04,52,005,50,06,49,322,50,09,34,295,50,10,48,212,50,2*76
$GAGSV,3,2,11,11,53,259,46,12,33,186,45,19,16,063,40,21,11,051,45,2*78
$GAGSV,3,3,11,23,33,100,50,31,24,158,46,36,23,313,43,2*4B
$GAGSV,3,1,11,04,52,005,45,06,49,322,45,09,34,295,44,10,48,212,45,7*72
$GAGSV,3,2,11,11,53,259,43,12,33,186,39,19,16,063,32,21,11,051,37,7*73
$GAGSV,3,3,11,23,33,100,44,31,24,158,41,36,23,313,40,7*4F
$GBGSV,2,1,08,06,55,035,44,08,34,129,42,09,71,032,46,13,51,124,46,1*71
$GBGSV,2,2,08,16,47,036,44,23,66,148,51,25,41,053,48,27,17,225,42,1*7F
$GBGSV,2,1,05,06,55,035,46,08,34,129,47,09,71,032,48,13,51,124,47,B*07
$GBGSV,2,2,05,16,47,036,46,B*33
$GBGSV,4,1,13,01,03,096,,02,58,141,,03,34,114,,07,07,138,,0*7C
$GBGSV,4,2,13,10,08,148,,28,05,186,,30,12,275,,32,38,328,,0*74
$GBGSV,4,3,13,33,17,098,,37,24,199,,38,23,133,,39,38,036,,0*79
$GBGSV,4,4,13,41,53,052,,0*41
$GQGSV,1,1,02,02,12,083,42,04,19,095,38,1*60
$GQGSV,1,1,03,02,12,083,42,04,19,095,42,07,19,104,43,6*56
$GNGLL,2454.22970,N,06708.26856,E,174823.00,A,D*76
$GNRMC,174824.00,A,2454.22970,N,06708.26856,E,0.003,,300425,,,R,V*07
$GNVTG,,T,,M,0.003,N,0.006,K,D*3D
$GNGGA,174824.00,2454.22970,N,06708.26856,E,4,12,0.61,21.8,M,-44.2,M,1.0,0265*7A
$GNGSA,A,3,01,03,10,28,31,04,26,02,16,32,,,1.36,0.61,1.22,1*0C
$GNGSA,A,3,69,80,68,85,84,78,79,,,,,,1.36,0.61,1.22,2*09
$GNGSA,A,3,11,23,21,31,10,19,,,,,,,1.36,0.61,1.22,3*08
$GNGSA,A,3,06,08,13,16,09,25,27,23,,,,,1.36,0.61,1.22,4*07
$GNGSA,A,3,04,,,,,,,,,,,,1.36,0.61,1.22,5*03
$GPGSV,4,1,13,01,48,261,45,02,38,223,45,03,46,332,45,04,24,291,39,1*61
$GPGSV,4,2,13,10,12,129,38,16,24,157,41,26,42,128,44,28,35,037,43,1*62
$GPGSV,4,3,13,31,63,031,48,32,16,068,40,40,59,208,48,41,56,146,46,1*6D
$GPGSV,4,4,13,42,19,104,45,1*5C
$GPGSV,2,1,08,01,48,261,46,03,46,332,44,04,24,291,39,10,12,129,32,6*6A
$GPGSV,2,2,08,26,42,128,45,28,35,037,45,31,63,031,44,32,16,068,44,6*67
$GLGSV,2,1,08,68,24,071,46,69,41,014,47,78,17,033,44,79,57,079,51,1*7C
$GLGSV,2,2,08,80,40,170,49,84,29,248,40,85,19,302,39,,,,43,1*43
$GLGSV,2,1,08,68,24,071,46,69,41,014,48,78,17,033,45,79,57,079,47,3*77
$GLGSV,2,2,08,80,40,170,48,84,29,248,46,85,19,302,37,,,,41,3*4A
$GLGSV,1,1,02,70,10,310,,83,03,190,,0*7F
$GAGSV,3,1,11,04,52,005,50,06,49,322,50,09,34,295,50,10,48,212,50,2*76
$GAGSV,3,2,11,11,53,259,46,12,33,186,45,19,16,063,40,21,11,051,45,2*78
$GAGSV,3,3,11,23,33,100,50,31,24,158,46,36,23,313,43,2*4B
$GAGSV,3,1,11,04,52,005,45,06,49,322,45,09,34,295,44,10,48,212,45,7*72
$GAGSV,3,2,11,11,53,259,43,12,33,186,39,19,16,063,31,21,11,051,38,7*7F
$GAGSV,3,3,11,23,33,100,44,31,24,158,41,36,23,313,40,7*4F
$GBGSV,2,1,08,06,55,035,44,08,34,129,41,09,71,032,46,13,51,124,46,1*72
$GBGSV,2,2,08,16,47,036,44,23,66,148,51,25,41,053,48,27,17,225,42,1*7F
$GBGSV,2,1,05,06,55,035,46,08,34,129,47,09,71,032,48,13,51,124,47,B*07
$GBGSV,2,2,05,16,47,036,46,B*33
$GBGSV,4,1,13,01,03,096,,02,58,141,,03,34,114,,07,07,138,,0*7C
$GBGSV,4,2,13,10,08,148,,28,05,186,,30,12,275,,32,38,328,,0*74
$GBGSV,4,3,13,33,17,098,,37,24,199,,38,23,133,,39,38,036,,0*79
$GBGSV,4,4,13,41,53,052,,0*41
$GQGSV,1,1,02,02,12,083,42,04,19,095,39,1*61
$GQGSV,1,1,03,02,12,083,42,04,19,095,43,07,19,104,42,6*56
$GNGLL,2454.22970,N,06708.26856,E,174824.00,A,D*71
$GNRMC,174825.00,A,2454.22970,N,06708.26856,E,0.003,,300425,,,R,V*06
$GNVTG,,T,,M,0.003,N,0.006,K,D*3D
$GNGGA,174825.00,2454.22970,N,06708.26856,E,4,12,0.61,21.8,M,-44.2,M,1.0,0265*7B
$GNGSA,A,3,01,03,10,28,31,04,26,02,16,32,,,1.36,0.61,1.22,1*0C
$GNGSA,A,3,69,80,68,85,84,78,79,,,,,,1.36,0.61,1.22,2*09
$GNGSA,A,3,11,23,21,31,10,19,,,,,,,1.36,0.61,1.22,3*08
$GNGSA,A,3,06,08,13,16,09,25,27,23,,,,,1.36,0.61,1.22,4*07
$GNGSA,A,3,04,,,,,,,,,,,,1.36,0.61,1.22,5*03
$GPGSV,4,1,13,01,48,261,45,02,38,223,45,03,46,332,45,04,24,291,39,1*61
$GPGSV,4,2,13,10,12,129,39,16,24,157,41,26,42,128,44,28,35,037,43,1*63
$GPGSV,4,3,13,31,63,031,48,32,16,068,40,40,59,208,48,41,56,146,46,1*6D
$GPGSV,4,4,13,42,19,104,45,1*5C
$GPGSV,2,1,08,01,48,261,46,03,46,332,45,04,24,291,39,10,12,129,31,6*68
$GPGSV,2,2,08,26,42,128,45,28,35,037,45,31,63,031,44,32,16,068,44,6*67
$GLGSV,2,1,08,68,24,071,46,69,41,014,47,78,17,033,44,79,57,079,51,1*7C
$GLGSV,2,2,08,80,40,170,49,84,29,248,39,85,19,302,39,,,,43,1*4D
$GLGSV,2,1,08,68,24,071,46,69,41,014,48,78,17,033,45,79,57,079,47,3*77
$GLGSV,2,2,08,80,40,170,48,84,29,248,46,85,19,302,37,,,,41,3*4A
$GLGSV,1,1,02,70,10,310,,83,03,190,,0*7F
$GAGSV,3,1,11,04,52,005,50,06,49,322,50,09,34,295,50,10,48,212,50,2*76
$GAGSV,3,2,11,11,53,259,46,12,33,186,45,19,16,063,40,21,11,051,45,2*78
$GAGSV,3,3,11,23,33,100,50,31,24,158,46,36,23,313,43,2*4B
$GAGSV,3,1,11,04,52,005,45,06,49,322,45,09,34,295,44,10,48,212,45,7*72
$GAGSV,3,2,11,11,53,259,43,12,33,186,39,19,16,063,31,21,11,051,37,7*70
$GAGSV,3,3,11,23,33,100,43,31,24,158,41,36,23,313,40,7*48
$GBGSV,2,1,08,06,55,035,44,08,34,129,41,09,71,032,47,13,51,124,46,1*73
$GBGSV,2,2,08,16,47,036,44,23,66,148,51,25,41,053,48,27,17,225,42,1*7F
$GBGSV,2,1,05,06,55,035,46,08,34,129,47,09,71,032,48,13,51,124,47,B*07
$GBGSV,2,2,05,16,47,036,46,B*33
$GBGSV,4,1,13,01,03,096,,02,58,141,,03,34,114,,07,07,138,,0*7C
$GBGSV,4,2,13,10,08,148,,28,05,186,,30,12,275,,32,38,328,,0*74
$GBGSV,4,3,13,33,17,098,,37,24,199,,38,23,133,,39,38,036,,0*79
$GBGSV,4,4,13,41,53,052,,0*41
$GQGSV,1,1,02,02,12,083,42,04,19,095,39,1*61
$GQGSV,1,1,03,02,12,083,43,04,19,095,43,07,19,104,43,6*56
$GNGLL,2454.22970,N,06708.26856,E,174825.00,A,D*70
$GNRMC,174826.00,A,2454.22970,N,06708.26856,E,0.005,,300425,,,R,V*03
$GNVTG,,T,,M,0.005,N,0.009,K,D*34
$GNGGA,174826.00,2454.22970,N,06708.26856,E,4,12,0.61,21.8,M,-44.2,M,1.0,0265*78
$GNGSA,A,3,01,03,10,28,31,04,26,02,16,32,,,1.36,0.61,1.22,1*0C
$GNGSA,A,3,69,80,68,85,84,78,79,,,,,,1.36,0.61,1.22,2*09
$GNGSA,A,3,11,23,21,31,10,19,,,,,,,1.36,0.61,1.22,3*08
$GNGSA,A,3,06,08,13,16,09,25,27,23,,,,,1.36,0.61,1.22,4*07
$GNGSA,A,3,04,,,,,,,,,,,,1.36,0.61,1.22,5*03
$GPGSV,4,1,13,01,48,261,45,02,38,223,45,03,46,332,45,04,24,291,39,1*61
$GPGSV,4,2,13,10,12,129,39,16,24,157,41,26,42,128,44,28,35,037,43,1*63
$GPGSV,4,3,13,31,63,031,48,32,16,068,40,40,59,208,48,41,56,146,46,1*6D
$GPGSV,4,4,13,42,19,104,45,1*5C
$GPGSV,2,1,08,01,48,261,46,03,46,332,44,04,24,291,39,10,12,129,31,6*69
$GPGSV,2,2,08,26,42,128,44,28,35,037,45,31,63,031,44,32,16,068,44,6*66
$GLGSV,2,1,08,68,24,071,46,69,41,014,47,78,17,033,44,79,57,079,51,1*7C
$GLGSV,2,2,08,80,40,170,50,84,29,248,40,85,19,302,39,,,,42,1*4A
$GLGSV,2,1,08,68,24,071,46,69,41,014,49,78,17,033,45,79,57,079,47,3*76
$GLGSV,2,2,08,80,40,170,48,84,29,248,46,85,19,302,37,,,,40,3*4B
$GLGSV,1,1,02,70,10,310,,83,03,190,,0*7F
$GAGSV,3,1,11,04,52,005,50,06,49,322,50,09,34,295,50,10,48,212,50,2*76
$GAGSV,3,2,11,11,53,259,46,12,33,186,45,19,16,063,40,21,11,051,45,2*78
$GAGSV,3,3,11,23,33,100,50,31,24,158,46,36,23,313,43,2*4B
$GAGSV,3,1,11,04,52,005,45,06,49,322,45,09,34,295,44,10,48,212,45,7*72
$GAGSV,3,2,11,11,53,259,43,12,33,186,39,19,16,063,31,21,11,051,37,7*70
$GAGSV,3,3,11,23,33,100,44,31,24,158,41,36,23,313,40,7*4F
$GBGSV,2,1,08,06,55,035,44,08,34,129,42,09,71,032,46,13,51,124,46,1*71
$GBGSV,2,2,08,16,47,036,44,23,66,148,51,25,41,053,48,27,17,225,42,1*7F
$GBGSV,2,1,05,06,55,035,46,08,34,129,47,09,71,032,48,13,51,124,47,B*07
$GBGSV,2,2,05,16,47,036,46,B*33
$GBGSV,4,1,13,01,03,096,,02,58,141,,03,34,114,,07,07,138,,0*7C
$GBGSV,4,2,13,10,08,148,,28,05,186,,30,12,275,,32,38,328,,0*74
$GBGSV,4,3,13,33,17,098,,37,24,199,,38,23,133,,39,38,036,,0*79
$GBGSV,4,4,13,41,53,052,,0*41
$GQGSV,1,1,02,02,12,083,42,04,19,095,39,1*61
$GQGSV,1,1,03,02,12,083,42,04,19,095,43,07,19,104,42,6*56
$GNGLL,2454.22970,N,06708.26856,E,174826.00,A,D*73
$GNRMC,174827.00,A,2454.22970,N,06708.26856,E,0.005,,300425,,,R,V*02
$GNVTG,,T,,M,0.005,N,0.010,K,D*3C
$GNGGA,174827.00,2454.22970,N,06708.26856,E,4,12,0.61,21.8,M,-44.2,M,1.0,0265*79
$GNGSA,A,3,01,03,10,28,31,04,26,02,16,32,,,1.36,0.61,1.22,1*0C
$GNGSA,A,3,69,80,68,85,84,78,79,,,,,,1.36,0.61,1.22,2*09
$GNGSA,A,3,11,23,21,31,10,19,,,,,,,1.36,0.61,1.22,3*08
$GNGSA,A,3,06,08,13,16,09,25,27,23,,,,,1.36,0.61,1.22,4*07
$GNGSA,A,3,04,,,,,,,,,,,,1.36,0.61,1.22,5*03
$GPGSV,4,1,13,01,48,261,45,02,38,223,45,03,46,332,45,04,24,291,39,1*61
$GPGSV,4,2,13,10,12,129,39,16,24,157,41,26,42,128,44,28,35,037,43,1*63
$GPGSV,4,3,13,31,63,031,48,32,16,068,40,40,59,208,48,41,56,146,46,1*6D
$GPGSV,4,4,13,42,19,104,45,1*5C
$GPGSV,2,1,08,01,48,261,46,03,46,332,44,04,24,291,39,10,12,129,31,6*69
$GPGSV,2,2,08,26,42,128,44,28,35,037,45,31,63,031,44,32,16,068,44,6*66
$GLGSV,2,1,08,68,24,071,46,69,41,014,47,78,17,033,44,79,57,079,51,1*7C
$GLGSV,2,2,08,80,40,170,50,84,29,248,40,85,19,302,39,,,,42,1*4A
$GLGSV,2,1,08,68,24,071,46,69,41,014,49,78,17,033,45,79,57,079,47,3*76
$GLGSV,2,2,08,80,40,170,48,84,29,248,46,85,19,302,37,,,,41,3*4A
$GLGSV,1,1,02,70,10,310,,83,03,190,,0*7F
$GAGSV,3,1,11,04,52,005,50,06,49,322,50,09,34,295,50,10,48,212,50,2*76
$GAGSV,3,2,11,11,53,259,46,12,33,186,45,19,16,063,40,21,11,051,45,2*78
$GAGSV,3,3,11,23,33,100,50,31,24,158,46,36,23,313,43,2*4B
$GAGSV,3,1,11,04,52,005,45,06,49,322,45,09,34,295,44,10,48,212,45,7*72
$GAGSV,3,2,11,11,53,259,43,12,33,186,38,19,16,063,31,21,11,051,37,7*71
$GAGSV,3,3,11,23,33,100,44,31,24,158,41,36,23,313,40,7*4F
$GBGSV,2,1,08,06,55,035,44,08,34,129,42,09,71,032,46,13,51,124,46,1*71
$GBGSV,2,2,08,16,47,036,44,23,66,148,51,25,41,053,48,27,17,225,42,1*7F
$GBGSV,2,1,05,06,55,035,46,08,34,129,47,09,71,032,48,13,51,124,47,B*07
$GBGSV,2,2,05,16,47,036,46,B*33
$GBGSV,4,1,13,01,03,096,,02,58,141,,03,34,114,,07,07,138,,0*7C
$GBGSV,4,2,13,10,08,148,,28,05,186,,30,12,275,,32,38,328,,0*74
$GBGSV,4,3,13,33,17,098,,37,24,199,,38,23,133,,39,38,036,,0*79
$GBGSV,4,4,13,41,53,052,,0*41
$GQGSV,1,1,02,02,12,083,41,04,19,095,38,1*63
$GQGSV,1,1,03,02,12,083,43,04,19,095,43,07,19,104,42,6*57
$GNGLL,2454.22970,N,06708.26856,E,174827.00,A,D*72
$GNRMC,174828.00,A,2454.22970,N,06708.26855,E,0.011,,300425,,,R,V*0B
$GNVTG,,T,,M,0.011,N,0.021,K,D*3B
$GNGGA,174828.00,2454.22970,N,06708.26855,E,4,12,0.61,21.8,M,-44.2,M,1.0,0265*75
$GNGSA,A,3,01,03,10,28,31,04,26,02,16,32,,,1.36,0.61,1.22,1*0C
$GNGSA,A,3,69,80,68,85,84,78,79,,,,,,1.36,0.61,1.22,2*09
$GNGSA,A,3,11,23,21,31,10,19,,,,,,,1.36,0.61,1.22,3*08
$GNGSA,A,3,06,08,13,16,09,25,27,23,,,,,1.36,0.61,1.22,4*07
$GNGSA,A,3,04,,,,,,,,,,,,1.36,0.61,1.22,5*03
$GPGSV,4,1,13,01,48,261,45,02,38,223,45,03,46,332,45,04,24,291,39,1*61
$GPGSV,4,2,13,10,11,130,39,16,24,157,41,26,42,128,44,28,35,037,44,1*6F
$GPGSV,4,3,13,31,63,031,48,32,16,068,40,40,59,208,48,41,56,146,46,1*6D
$GPGSV,4,4,13,42,19,104,45,1*5C
$GPGSV,2,1,08,01,48,261,46,03,46,332,44,04,24,291,39,10,11,130,31,6*62
$GPGSV,2,2,08,26,42,128,45,28,35,037,45,31,63,031,44,32,16,068,44,6*67
$GLGSV,2,1,08,68,24,071,46,69,41,014,47,78,17,033,43,79,57,079,51,1*7B
$GLGSV,2,2,08,80,40,170,50,84,29,248,40,85,19,302,39,,,,42,1*4A
$GLGSV,2,1,08,68,24,071,46,69,41,014,49,78,17,033,45,79,57,079,47,3*76
$GLGSV,2,2,08,80,40,170,48,84,29,248,46,85,19,302,38,,,,40,3*44
$GLGSV,1,1,02,70,10,310,,83,03,190,,0*7F
$GAGSV,3,1,11,04,52,005,50,06,49,322,50,09,34,295,50,10,48,212,50,2*76
$GAGSV,3,2,11,11,53,259,46,12,33,186,45,19,16,063,40,21,11,051,45,2*78
$GAGSV,3,3,11,23,33,100,50,31,24,158,46,36,23,313,43,2*4B
$GAGSV,3,1,11,04,52,005,45,06,49,322,45,09,34,295,44,10,48,212,45,7*72
$GAGSV,3,2,11,11,53,259,43,12,33,186,38,19,16,063,32,21,11,051,37,7*72
$GAGSV,3,3,11,23,33,100,44,31,24,158,41,36,23,313,40,7*4F
$GBGSV,2,1,08,06,55,035,44,08,34,129,42,09,71,032,46,13,51,124,46,1*71
$GBGSV,2,2,08,16,47,036,44,23,66,148,51,25,41,053,48,27,17,225,42,1*7F
$GBGSV,2,1,05,06,55,035,46,08,34,129,47,09,71,032,48,13,51,124,47,B*07
$GBGSV,2,2,05,16,47,036,46,B*33
$GBGSV,4,1,13,01,03,096,,02,58,141,,03,34,114,,07,07,138,,0*7C
$GBGSV,4,2,13,10,08,148,,28,05,186,,30,12,275,,32,38,328,,0*74
$GBGSV,4,3,13,33,17,098,,37,24,199,,38,23,133,,39,38,036,,0*79
$GBGSV,4,4,13,41,53,052,,0*41
$GQGSV,1,1,02,02,12,083,41,04,19,095,38,1*63
$GQGSV,1,1,03,02,12,083,43,04,19,095,43,07,19,104,43,6*56
$GNGLL,2454.22970,N,06708.26855,E,174828.00,A,D*7E
$GNRMC,174829.00,A,2454.22970,N,06708.26856,E,0.005,,300425,,,R,V*0C
$GNVTG,,T,,M,0.005,N,0.009,K,D*34
$GNGGA,174829.00,2454.22970,N,06708.26856,E,4,12,0.61,21.8,M,-44.2,M,1.0,0265*77
$GNGSA,A,3,01,03,10,28,31,04,26,02,16,32,,,1.36,0.61,1.22,1*0C
$GNGSA,A,3,69,80,68,85,84,78,79,,,,,,1.36,0.61,1.22,2*09
$GNGSA,A,3,11,23,21,31,10,19,,,,,,,1.36,0.61,1.22,3*08
$GNGSA,A,3,06,08,13,16,09,25,27,23,,,,,1.36,0.61,1.22,4*07
$GNGSA,A,3,04,,,,,,,,,,,,1.36,0.61,1.22,5*03
$GPGSV,4,1,13,01,48,261,45,02,38,223,45,03,46,332,45,04,24,291,39,1*61
$GPGSV,4,2,13,10,11,130,39,16,24,157,41,26,42,128,44,28,35,037,44,1*6F
$GPGSV,4,3,13,31,63,031,48,32,16,068,40,40,59,208,48,41,56,146,46,1*6D
$GPGSV,4,4,13,42,19,104,45,1*5C
$GPGSV,2,1,08,01,48,261,46,03,46,332,44,04,24,291,39,10,11,130,31,6*62
$GPGSV,2,2,08,26,42,128,45,28,35,037,45,31,63,031,44,32,16,068,44,6*67
$GLGSV,2,1,08,68,24,071,46,69,41,014,48,78,17,033,43,79,57,079,51,1*74
$GLGSV,2,2,08,80,40,170,50,84,29,248,40,85,19,302,38,,,,42,1*4B
$GLGSV,2,1,08,68,24,071,46,69,41,014,49,78,17,033,45,79,57,079,47,3*76
$GLGSV,2,2,08,80,40,170,48,84,29,248,46,85,19,302,38,,,,40,3*44
$GLGSV,1,1,02,70,10,310,,83,03,190,,0*7F
$GAGSV,3,1,11,04,52,005,50,06,49,322,50,09,34,295,50,10,48,212,50,2*76
$GAGSV,3,2,11,11,53,259,46,12,33,186,45,19,16,063,40,21,11,051,45,2*78
$GAGSV,3,3,11,23,33,100,50,31,24,158,46,36,23,313,43,2*4B
$GAGSV,3,1,11,04,52,005,45,06,49,322,45,09,34,295,44,10,48,212,45,7*72
$GAGSV,3,2,11,11,53,259,43,12,33,186,39,19,16,063,32,21,11,051,37,7*73
$GAGSV,3,3,11,23,33,100,43,31,24,158,41,36,23,313,40,7*48
$GBGSV,2,1,08,06,55,035,44,08,34,129,42,09,71,032,47,13,51,124,46,1*70
$GBGSV,2,2,08,16,47,036,44,23,66,148,51,25,41,053,48,27,17,225,42,1*7F
$GBGSV,2,1,05,06,55,035,46,08,34,129,47,09,71,032,48,13,51,124,47,B*07
$GBGSV,2,2,05,16,47,036,46,B*33
$GBGSV,4,1,13,01,03,096,,02,58,141,,03,34,114,,07,07,138,,0*7C
$GBGSV,4,2,13,10,08,148,,28,05,186,,30,12,275,,32,38,328,,0*74
$GBGSV,4,3,13,33,17,098,,37,24,199,,38,23,133,,39,38,036,,0*79
$GBGSV,4,4,13,41,53,052,,0*41
$GQGSV,1,1,02,02,12,083,41,04,19,095,38,1*63
$GQGSV,1,1,03,02,12,083,43,04,19,095,43,07,19,104,43,6*56
$GNGLL,2454.22970,N,06708.26856,E,174829.00,A,D*7C
$GNRMC,174830.00,A,2454.22970,N,06708.26856,E,0.004,,300425,,,R,V*05
$GNVTG,,T,,M,0.004,N,0.008,K,D*34
$GNGGA,174830.00,2454.22970,N,06708.26856,E,4,12,0.61,21.8,M,-44.2,M,1.0,0265*7F
$GNGSA,A,3,01,03,10,28,31,04,26,02,16,32,,,1.36,0.61,1.22,1*0C
$GNGSA,A,3,69,80,68,85,84,78,79,,,,,,1.36,0.61,1.22,2*09
$GNGSA,A,3,11,23,21,31,10,19,,,,,,,1.36,0.61,1.22,3*08
$GNGSA,A,3,06,08,13,16,09,25,27,23,,,,,1.36,0.61,1.22,4*07
$GNGSA,A,3,04,,,,,,,,,,,,1.36,0.61,1.22,5*03
$GPGSV,4,1,13,01,48,261,45,02,38,223,45,03,46,332,45,04,24,291,39,1*61
$GPGSV,4,2,13,10,11,130,39,16,24,157,41,26,42,128,44,28,35,037,44,1*6F
$GPGSV,4,3,13,31,63,031,48,32,16,068,40,40,59,208,48,41,56,146,46,1*6D
$GPGSV,4,4,13,42,19,104,45,1*5C
$GPGSV,2,1,08,01,48,261,46,03,46,332,44,04,24,291,39,10,11,130,31,6*62
$GPGSV,2,2,08,26,42,128,45,28,35,037,45,31,63,031,44,32,16,068,44,6*67
$GLGSV,2,1,08,68,24,071,46,69,41,014,48,78,17,033,43,79,57,079,51,1*74
$GLGSV,2,2,08,80,40,170,50,84,29,248,40,85,19,302,39,,,,42,1*4A
$GLGSV,2,1,08,68,24,071,46,69,41,014,49,78,17,033,45,79,57,079,47,3*76
$GLGSV,2,2,08,80,40,170,47,84,29,248,46,85,19,302,38,,,,40,3*4B
$GLGSV,1,1,02,70,10,310,,83,03,190,,0*7F
$GAGSV,3,1,11,04,52,005,50,06,49,322,50,09,34,295,50,10,48,212,50,2*76
$GAGSV,3,2,11,11,53,259,46,12,33,186,45,19,16,063,40,21,11,051,44,2*79
$GAGSV,3,3,11,23,33,100,50,31,24,158,46,36,23,313,43,2*4B
$GAGSV,3,1,11,04,52,005,45,06,49,322,45,09,34,295,44,10,48,212,45,7*72
$GAGSV,3,2,11,11,53,259,43,12,33,186,39,19,16,063,31,21,11,051,37,7*70
$GAGSV,3,3,11,23,33,100,43,31,24,158,41,36,23,313,40,7*48
$GBGSV,2,1,08,06,55,035,44,08,34,129,42,09,71,032,46,13,51,124,46,1*71
$GBGSV,2,2,08,16,47,036,44,23,66,148,51,25,41,053,48,27,17,225,42,1*7F
$GBGSV,2,1,05,06,55,035,46,08,34,129,47,09,71,032,48,13,51,124,47,B*07
$GBGSV,2,2,05,16,47,036,46,B*33
$GBGSV,4,1,13,01,03,096,,02,58,141,,03,34,114,,07,07,138,,0*7C
$GBGSV,4,2,13,10,08,148,,28,05,186,,30,12,275,,32,38,328,,0*74
$GBGSV,4,3,13,33,17,098,,37,24,199,,38,23,133,,39,38,036,,0*79
$GBGSV,4,4,13,41,53,052,,0*41
$GQGSV,1,1,02,02,12,083,41,04,19,095,38,1*63
$GQGSV,1,1,03,02,12,083,43,04,19,095,42,07,19,104,43,6*57
$GNGLL,2454.22970,N,06708.26856,E,174830.00,A,D*74
$GNRMC,174831.00,A,2454.22970,N,06708.26855,E,0.007,,300425,,,R,V*04
$GNVTG,,T,,M,0.007,N,0.013,K,D*3D
$GNGGA,174831.00,2454.22970,N,06708.26855,E,4,12,0.61,21.8,M,-44.2,M,1.0,0265*7D
$GNGSA,A,3,01,03,10,28,31,04,26,02,16,32,,,1.36,0.61,1.22,1*0C
$GNGSA,A,3,69,80,68,85,84,78,79,,,,,,1.36,0.61,1.22,2*09
$GNGSA,A,3,11,23,21,31,10,19,,,,,,,1.36,0.61,1.22,3*08
$GNGSA,A,3,06,08,13,16,09,25,27,23,,,,,1.36,0.61,1.22,4*07
$GNGSA,A,3,04,,,,,,,,,,,,1.36,0.61,1.22,5*03
$GPGSV,4,1,13,01,48,261,45,02,38,223,45,03,46,332,45,04,24,291,39,1*61
$GPGSV,4,2,13,10,11,130,39,16,24,157,41,26,42,128,44,28,35,037,43,1*68
$GPGSV,4,3,13,31,63,031,48,32,16,068,40,40,59,208,48,41,56,146,46,1*6D
$GPGSV,4,4,13,42,19,104,45,1*5C
$GPGSV,2,1,08,01,48,261,46,03,46,332,44,04,24,291,40,10,11,130,31,6*6C
$GPGSV,2,2,08,26,42,128,45,28,35,037,45,31,63,031,44,32,16,068,44,6*67
$GLGSV,2,1,08,68,24,071,46,69,41,014,48,78,17,033,43,79,57,079,51,1*74
$GLGSV,2,2,08,80,40,170,50,84,29,248,40,85,19,302,39,,,,42,1*4A
$GLGSV,2,1,08,68,24,071,46,69,41,014,49,78,17,033,45,79,57,079,47,3*76
$GLGSV,2,2,08,80,40,170,48,84,29,248,46,85,19,302,38,,,,40,3*44
$GLGSV,1,1,02,70,10,310,,83,03,190,,0*7F
$GAGSV,3,1,11,04,52,005,50,06,49,322,50,09,34,295,50,10,48,212,50,2*76
$GAGSV,3,2,11,11,53,259,46,12,33,186,45,19,16,063,40,21,11,051,44,2*79
$GAGSV,3,3,11,23,33,100,50,31,24,158,46,36,23,313,43,2*4B
$GAGSV,3,1,11,04,52,005,45,06,49,322,45,09,34,295,44,10,48,212,45,7*72
$GAGSV,3,2,11,11,53,259,43,12,33,186,39,19,16,063,31,21,11,051,36,7*71
$GAGSV,3,3,11,23,33,100,43,31,24,158,41,36,23,313,40,7*48
$GBGSV,2,1,08,06,55,035,44,08,34,129,42,09,71,032,46,13,51,124,46,1*71
$GBGSV,2,2,08,16,47,036,44,23,66,148,51,25,41,053,48,27,17,225,42,1*7F
$GBGSV,2,1,05,06,55,035,46,08,34,129,47,09,71,032,48,13,51,124,47,B*07
$GBGSV,2,2,05,16,47,036,46,B*33
$GBGSV,4,1,13,01,03,096,,02,58,141,,03,34,114,,07,07,138,,0*7C
$GBGSV,4,2,13,10,08,148,,28,05,186,,30,12,275,,32,38,328,,0*74
$GBGSV,4,3,13,33,17,098,,37,24,199,,38,23,133,,39,38,036,,0*79
$GBGSV,4,4,13,41,53,052,,0*41
$GQGSV,1,1,02,02,12,083,42,04,19,095,39,1*61
$GQGSV,1,1,03,02,12,083,43,04,19,095,43,07,19,104,43,6*56
$GNGLL,2454.22970,N,06708.26855,E,174831.00,A,D*76
$GNRMC,174832.00,A,2454.22970,N,06708.26856,E,0.006,,300425,,,R,V*05
$GNVTG,,T,,M,0.006,N,0.012,K,D*3D
$GNGGA,174832.00,2454.22970,N,06708.26856,E,4,12,0.61,21.8,M,-44.2,M,1.0,0265*7D
$GNGSA,A,3,01,03,10,28,31,04,26,02,16,32,,,1.36,0.61,1.22,1*0C
$GNGSA,A,3,69,80,68,85,84,78,79,,,,,,1.36,0.61,1.22,2*09
$GNGSA,A,3,11,23,21,31,10,19,,,,,,,1.36,0.61,1.22,3*08
$GNGSA,A,3,06,08,13,16,09,25,27,23,,,,,1.36,0.61,1.22,4*07
$GNGSA,A,3,04,,,,,,,,,,,,1.36,0.61,1.22,5*03
$GPGSV,4,1,13,01,48,261,45,02,38,223,45,03,46,332,45,04,24,291,39,1*61
$GPGSV,4,2,13,10,11,130,39,16,24,157,41,26,42,128,44,28,35,037,44,1*6F
$GPGSV,4,3,13,31,63,031,48,32,16,068,40,40,59,208,48,41,56,146,46,1*6D
$GPGSV,4,4,13,42,19,104,45,1*5C
$GPGSV,2,1,08,01,48,261,46,03,46,332,44,04,24,291,40,10,11,130,31,6*6C
$GPGSV,2,2,08,26,42,128,45,28,35,037,45,31,63,031,45,32,16,068,44,6*66
$GLGSV,2,1,08,68,24,071,46,69,41,014,48,78,17,033,43,79,57,079,51,1*74
$GLGSV,2,2,08,80,40,170,49,84,29,248,40,85,19,302,39,,,,42,1*42
$GLGSV,2,1,08,68,24,071,46,69,41,014,49,78,17,033,45,79,57,079,47,3*76
$GLGSV,2,2,08,80,40,170,47,84,29,248,46,85,19,302,38,,,,40,3*4B
$GLGSV,1,1,02,70,10,310,,83,03,190,,0*7F
$GAGSV,3,1,11,04,52,005,50,06,49,322,50,09,34,295,50,10,48,212,50,2*76
$GAGSV,3,2,11,11,53,259,46,12,33,186,45,19,16,063,40,21,11,051,44,2*79
$GAGSV,3,3,11,23,33,100,50,31,24,158,46,36,23,313,43,2*4B
$GAGSV,3,1,11,04,52,005,45,06,49,322,45,09,34,295,44,10,48,212,45,7*72
$GAGSV,3,2,11,11,53,259,43,12,33,186,39,19,16,063,31,21,11,051,36,7*71
$GAGSV,3,3,11,23,33,100,43,31,24,158,41,36,23,313,40,7*48
$GBGSV,2,1,08,06,55,035,44,08,34,129,41,09,71,032,47,13,51,124,46,1*73
$GBGSV,2,2,08,16,47,036,44,23,66,148,51,25,41,053,48,27,17,225,42,1*7F
$GBGSV,2,1,05,06,55,035,46,08,34,129,47,09,71,032,48,13,51,124,47,B*07
$GBGSV,2,2,05,16,47,036,46,B*33
$GBGSV,4,1,13,01,03,096,,02,58,141,,03,34,114,,07,07,138,,0*7C
$GBGSV,4,2,13,10,08,148,,28,05,186,,30,12,275,,32,38,328,,0*74
$GBGSV,4,3,13,33,17,098,,37,24,199,,38,23,133,,39,38,036,,0*79
$GBGSV,4,4,13,41,53,052,,0*41
$GQGSV,1,1,02,02,12,083,41,04,19,095,39,1*62
$GQGSV,1,1,03,02,12,083,43,04,19,095,43,07,19,104,43,6*56
$GNGLL,2454.22970,N,06708.26856,E,174832.00,A,D*76
$GNRMC,174833.00,A,2454.22970,N,06708.26855,E,0.010,,300425,,,R,V*00
$GNVTG,,T,,M,0.010,N,0.019,K,D*31
$GNGGA,174833.00,2454.22970,N,06708.26855,E,4,12,0.61,21.8,M,-44.2,M,1.0,0265*7F
$GNGSA,A,3,01,03,10,28,31,04,26,02,16,32,,,1.36,0.61,1.22,1*0C
$GNGSA,A,3,69,80,68,85,84,78,79,,,,,,1.36,0.61,1.22,2*09
$GNGSA,A,3,11,23,21,31,10,19,,,,,,,1.36,0.61,1.22,3*08
$GNGSA,A,3,06,08,13,16,09,25,27,23,,,,,1.36,0.61,1.22,4*07
$GNGSA,A,3,04,,,,,,,,,,,,1.36,0.61,1.22,5*03
$GPGSV,4,1,13,01,48,261,45,02,38,223,45,03,46,332,45,04,24,291,39,1*61
$GPGSV,4,2,13,10,11,130,39,16,24,157,41,26,42,128,44,28,35,037,44,1*6F
$GPGSV,4,3,13,31,63,031,48,32,16,068,40,40,59,208,48,41,56,146,46,1*6D
$GPGSV,4,4,13,42,19,104,45,1*5C
$GPGSV,2,1,08,01,48,261,47,03,46,332,44,04,24,291,40,10,11,130,30,6*6C
$GPGSV,2,2,08,26,42,128,45,28,35,037,45,31,63,031,45,32,16,068,44,6*66
$GLGSV,2,1,08,68,24,071,46,69,41,014,48,78,17,033,43,79,57,079,51,1*74
$GLGSV,2,2,08,80,40,170,49,84,29,248,40,85,19,302,38,,,,42,1*43
$GLGSV,2,1,08,68,24,071,46,69,41,014,49,78,17,033,45,79,57,079,47,3*76
$GLGSV,2,2,08,80,40,170,48,84,29,248,46,85,19,302,38,,,,40,3*44
$GLGSV,1,1,02,70,10,310,,83,03,190,,0*7F
$GAGSV,3,1,11,04,52,005,50,06,49,322,50,09,34,295,50,10,48,212,50,2*76
$GAGSV,3,2,11,11,53,259,46,12,33,186,45,19,16,063,40,21,11,051,45,2*78
$GAGSV,3,3,11,23,33,100,50,31,24,158,46,36,23,313,43,2*4B
$GAGSV,3,1,11,04,52,005,45,06,49,322,45,09,34,295,44,10,48,212,45,7*72
$GAGSV,3,2,11,11,53,259,43,12,33,186,38,19,16,063,31,21,11,051,37,7*71
$GAGSV,3,3,11,23,33,100,43,31,24,158,41,36,23,313,40,7*48
$GBGSV,2,1,08,06,55,035,44,08,34,129,42,09,71,032,47,13,51,124,46,1*70
$GBGSV,2,2,08,16,47,036,44,23,66,148,51,25,41,053,48,27,17,225,42,1*7F
$GBGSV,2,1,05,06,55,035,46,08,34,129,47,09,71,032,48,13,51,124,47,B*07
$GBGSV,2,2,05,16,47,036,46,B*33
$GBGSV,4,1,13,01,03,096,,02,58,141,,03,34,114,,07,07,138,,0*7C
$GBGSV,4,2,13,10,08,148,,28,05,186,,30,12,275,,32,38,328,,0*74
$GBGSV,4,3,13,33,17,098,,37,24,199,,38,23,133,,39,38,036,,0*79
$GBGSV,4,4,13,41,53,052,,0*41
$GQGSV,1,1,02,02,12,083,41,04,19,095,38,1*63
$GQGSV,1,1,03,02,12,083,43,04,19,095,43,07,19,104,43,6*56
$GNGLL,2454.22970,N,06708.26855,E,174833.00,A,D*74
$GNRMC,174834.00,A,2454.22970,N,06708.26856,E,0.012,,300425,,,R,V*06
$GNVTG,,T,,M,0.012,N,0.023,K,D*3A
$GNGGA,174834.00,2454.22970,N,06708.26856,E,4,12,0.61,21.8,M,-44.2,M,1.0,0265*7B
$GNGSA,A,3,01,03,10,28,31,04,26,02,16,32,,,1.36,0.61,1.22,1*0C
$GNGSA,A,3,69,80,68,85,84,78,79,,,,,,1.36,0.61,1.22,2*09
$GNGSA,A,3,11,23,21,31,10,19,,,,,,,1.36,0.61,1.22,3*08
$GNGSA,A,3,06,08,13,16,09,25,27,23,,,,,1.36,0.61,1.22,4*07
$GNGSA,A,3,04,,,,,,,,,,,,1.36,0.61,1.22,5*03
$GPGSV,4,1,13,01,48,261,45,02,38,223,45,03,46,332,45,04,24,291,39,1*61
$GPGSV,4,2,13,10,11,130,39,16,25,156,41,26,42,128,44,28,35,037,44,1*6F
$GPGSV,4,3,13,31,63,031,48,32,16,068,40,40,59,208,48,41,56,146,46,1*6D
$GPGSV,4,4,13,42,19,104,45,1*5C
$GPGSV,2,1,08,01,48,261,47,03,46,332,44,04,24,291,40,10,11,130,30,6*6C
$GPGSV,2,2,08,26,42,128,45,28,35,037,45,31,63,031,45,32,16,068,44,6*66
$GLGSV,2,1,08,68,24,071,46,69,41,014,48,78,17,033,43,79,57,079,51,1*74
$GLGSV,2,2,08,80,40,170,49,84,29,248,40,85,19,302,38,,,,42,1*43
$GLGSV,2,1,08,68,24,071,46,69,41,014,49,78,17,033,45,79,57,079,47,3*76
$GLGSV,2,2,08,80,40,170,48,84,29,248,46,85,19,302,38,,,,40,3*44
$GLGSV,1,1,02,70,10,310,,83,03,190,,0*7F
$GAGSV,3,1,11,04,52,005,50,06,49,322,50,09,34,295,50,10,48,212,50,2*76
$GAGSV,3,2,11,11,53,259,47,12,33,186,45,19,16,063,40,21,11,051,45,2*79
$GAGSV,3,3,11,23,33,100,50,31,24,158,46,36,23,313,43,2*4B
$GAGSV,3,1,11,04,52,005,45,06,49,322,45,09,34,295,44,10,48,212,45,7*72
$GAGSV,3,2,11,11,53,259,43,12,33,186,39,19,16,063,31,21,11,051,37,7*70
$GAGSV,3,3,11,23,33,100,43,31,24,158,41,36,23,313,40,7*48
$GBGSV,2,1,08,06,55,035,44,08,34,129,42,09,71,032,47,13,51,124,46,1*70
$GBGSV,2,2,08,16,47,036,44,23,66,148,51,25,41,053,48,27,17,225,42,1*7F
$GBGSV,2,1,05,06,55,035,46,08,34,129,47,09,71,032,48,13,51,124,47,B*07
$GBGSV,2,2,05,16,47,036,46,B*33
$GBGSV,4,1,13,01,03,096,,02,58,141,,03,34,114,,07,07,138,,0*7C
$GBGSV,4,2,13,10,08,148,,28,05,186,,30,12,275,,32,38,328,,0*74
$GBGSV,4,3,13,33,17,098,,37,24,199,,38,23,133,,39,38,036,,0*79
$GBGSV,4,4,13,41,53,052,,0*41
$GQGSV,1,1,02,02,12,083,41,04,19,095,38,1*63
$GQGSV,1,1,03,02,12,083,43,04,19,095,43,07,19,104,43,6*56
$GNGLL,2454.22970,N,06708.26856,E,174834.00,A,D*70
$GNRMC,174835.00,A,2454.22970,N,06708.26856,E,0.010,,300425,,,R,V*05
$GNVTG,,T,,M,0.010,N,0.018,K,D*30
$GNGGA,174835.00,2454.22970,N,06708.26856,E,4,12,0.61,21.8,M,-44.2,M,1.0,0265*7A
$GNGSA,A,3,01,03,10,28,31,04,26,02,16,32,,,1.36,0.61,1.22,1*0C
$GNGSA,A,3,69,80,68,85,84,78,79,,,,,,1.36,0.61,1.22,2*09
$GNGSA,A,3,11,23,21,31,10,19,,,,,,,1.36,0.61,1.22,3*08
$GNGSA,A,3,06,08,13,16,09,25,27,23,,,,,1.36,0.61,1.22,4*07
$GNGSA,A,3,04,,,,,,,,,,,,1.36,0.61,1.22,5*03
$GPGSV,4,1,13,01,48,261,45,02,38,223,45,03,46,332,45,04,24,291,39,1*61
$GPGSV,4,2,13,10,11,130,39,16,25,156,41,26,42,128,44,28,35,037,44,1*6F
$GPGSV,4,3,13,31,63,031,48,32,16,068,40,40,59,208,48,41,56,146,46,1*6D
$GPGSV,4,4,13,42,19,104,45,1*5C
$GPGSV,2,1,08,01,48,261,47,03,46,332,44,04,24,291,39,10,11,130,30,6*62
$GPGSV,2,2,08,26,42,128,45,28,35,037,45,31,63,031,45,32,16,068,44,6*66
$GLGSV,2,1,08,68,24,071,46,69,41,014,48,78,17,033,44,79,57,079,51,1*73
$GLGSV,2,2,08,80,40,170,49,84,29,248,40,85,19,302,38,,,,42,1*43
$GLGSV,2,1,08,68,24,071,46,69,41,014,49,78,17,033,45,79,57,079,47,3*76
$GLGSV,2,2,08,80,40,170,48,84,29,248,47,85,19,302,38,,,,40,3*45
$GLGSV,1,1,02,70,10,310,,83,03,190,,0*7F
$GAGSV,3,1,11,04,52,005,50,06,49,322,50,09,34,295,50,10,48,212,50,2*76
$GAGSV,3,2,11,11,53,259,46,12,33,186,45,19,16,063,40,21,11,051,45,2*78
$GAGSV,3,3,11,23,33,100,50,31,24,158,46,36,23,313,43,2*4B
$GAGSV,3,1,11,04,52,005,45,06,49,322,45,09,34,295,44,10,48,212,45,7*72
$GAGSV,3,2,11,11,53,259,43,12,33,186,39,19,16,063,31,21,11,051,37,7*70
$GAGSV,3,3,11,23,33,100,43,31,24,158,41,36,23,313,39,7*46
$GBGSV,2,1,08,06,55,035,44,08,34,129,42,09,71,032,47,13,51,124,46,1*70
$GBGSV,2,2,08,16,47,036,44,23,66,148,51,25,41,053,48,27,17,225,42,1*7F
$GBGSV,2,1,05,06,55,035,46,08,34,129,47,09,71,032,48,13,51,124,47,B*07
$GBGSV,2,2,05,16,47,036,46,B*33
$GBGSV,4,1,13,01,03,096,,02,58,141,,03,34,114,,07,07,138,,0*7C
$GBGSV,4,2,13,10,08,148,,28,05,186,,30,12,275,,32,38,328,,0*74
$GBGSV,4,3,13,33,17,098,,37,24,199,,38,23,133,,39,38,036,,0*79
$GBGSV,4,4,13,41,53,052,,0*41
$GQGSV,1,1,02,02,12,083,42,04,19,095,38,1*60
$GQGSV,1,1,03,02,12,083,43,04,19,095,43,07,19,104,43,6*56
$GNGLL,2454.22970,N,06708.26856,E,174835.00,A,D*71
$GNRMC,174836.00,A,2454.22970,N,06708.26856,E,0.011,,300425,,,R,V*07
$GNVTG,,T,,M,0.011,N,0.021,K,D*3B
$GNGGA,174836.00,2454.22970,N,06708.26856,E,4,12,0.61,21.8,M,-44.2,M,1.0,0265*79
$GNGSA,A,3,01,03,10,28,31,04,26,02,16,32,,,1.36,0.61,1.22,1*0C
$GNGSA,A,3,69,80,68,85,84,78,79,,,,,,1.36,0.61,1.22,2*09
$GNGSA,A,3,11,23,21,31,10,19,,,,,,,1.36,0.61,1.22,3*08
$GNGSA,A,3,06,08,13,16,09,25,27,23,,,,,1.36,0.61,1.22,4*07
$GNGSA,A,3,04,,,,,,,,,,,,1.36,0.61,1.22,5*03
$GPGSV,4,1,13,01,48,261,45,02,38,223,45,03,46,332,45,04,24,291,39,1*61
$GPGSV,4,2,13,10,11,130,39,16,25,156,42,26,42,128,44,28,35,037,44,1*6C
$GPGSV,4,3,13,31,63,031,48,32,16,068,40,40,59,208,48,41,56,146,46,1*6D
$GPGSV,4,4,13,42,19,104,45,1*5C
$GPGSV,2,1,08,01,48,261,47,03,46,332,44,04,24,291,40,10,11,130,29,6*64
$GPGSV,2,2,08,26,42,128,45,28,35,037,45,31,63,031,45,32,16,068,44,6*66
$GLGSV,2,1,08,68,24,071,46,69,41,014,48,78,17,033,44,79,57,079,51,1*73
$GLGSV,2,2,08,80,40,170,49,84,29,248,40,85,19,302,38,,,,42,1*43
$GLGSV,2,1,08,68,24,071,46,69,41,014,49,78,17,033,45,79,57,079,47,3*76
$GLGSV,2,2,08,80,40,170,48,84,29,248,47,85,19,302,38,,,,40,3*45
$GLGSV,1,1,02,70,10,310,,83,03,190,,0*7F
$GAGSV,3,1,11,04,52,005,50,06,49,322,50,09,34,295,50,10,48,212,50,2*76
$GAGSV,3,2,11,11,53,259,47,12,33,186,45,19,16,063,40,21,11,051,44,2*78
$GAGSV,3,3,11,23,33,100,50,31,24,158,46,36,23,313,43,2*4B
$GAGSV,3,1,11,04,52,005,45,06,49,322,45,09,34,295,44,10,48,212,45,7*72
$GAGSV,3,2,11,11,53,259,43,12,33,186,39,19,16,063,31,21,11,051,37,7*70
$GAGSV,3,3,11,23,33,100,43,31,24,158,41,36,23,313,39,7*46
$GBGSV,2,1,08,06,55,035,44,08,34,129,42,09,71,032,46,13,51,124,46,1*71
$GBGSV,2,2,08,16,47,036,44,23,66,148,51,25,41,053,48,27,17,225,42,1*7F
$GBGSV,2,1,05,06,55,035,46,08,34,129,47,09,71,032,48,13,51,124,47,B*07
$GBGSV,2,2,05,16,47,036,46,B*33
$GBGSV,4,1,13,01,03,096,,02,58,141,,03,34,114,,07,07,138,,0*7C
$GBGSV,4,2,13,10,08,148,,28,05,186,,30,12,275,,32,38,328,,0*74
$GBGSV,4,3,13,33,17,098,,37,24,199,,38,23,133,,39,38,036,,0*79
$GBGSV,4,4,13,41,53,052,,0*41
$GQGSV,1,1,02,02,12,083,42,04,19,095,38,1*60
$GQGSV,1,1,03,02,12,083,43,04,19,095,43,07,19,104,43,6*56
$GNGLL,2454.22970,N,06708.26856,E,174836.00,A,D*72
$GNRMC,174837.00,A,2454.22970,N,06708.26856,E,0.016,,300425,,,R,V*01
$GNVTG,,T,,M,0.016,N,0.029,K,D*34
$GNGGA,174837.00,2454.22970,N,06708.26856,E,4,12,0.61,21.8,M,-44.2,M,1.0,0265*78
$GNGSA,A,3,01,03,10,28,31,04,26,02,16,32,,,1.36,0.61,1.22,1*0C
$GNGSA,A,3,69,80,68,85,84,78,79,,,,,,1.36,0.61,1.22,2*09
$GNGSA,A,3,11,23,21,31,10,19,,,,,,,1.36,0.61,1.22,3*08
$GNGSA,A,3,06,08,13,16,09,25,27,23,,,,,1.36,0.61,1.22,4*07
$GNGSA,A,3,04,,,,,,,,,,,,1.36,0.61,1.22,5*03
$GPGSV,4,1,13,01,48,261,45,02,38,223,45,03,46,332,45,04,24,291,39,1*61
$GPGSV,4,2,13,10,11,130,39,16,25,156,42,26,42,128,44,28,35,037,44,1*6C
$GPGSV,4,3,13,31,63,031,48,32,16,068,40,40,59,208,48,41,56,146,46,1*6D
$GPGSV,4,4,13,42,19,104,45,1*5C
$GPGSV,2,1,08,01,48,261,47,03,46,332,44,04,24,291,40,10,11,130,30,6*6C
$GPGSV,2,2,08,26,42,128,45,28,35,037,46,31,63,031,45,32,16,068,44,6*65
$GLGSV,2,1,08,68,24,071,46,69,41,014,48,78,17,033,44,79,57,079,51,1*73
$GLGSV,2,2,08,80,40,170,49,84,29,248,40,85,19,302,38,,,,42,1*43
$GLGSV,2,1,08,68,24,071,46,69,41,014,49,78,17,033,45,79,57,079,47,3*76
$GLGSV,2,2,08,80,40,170,48,84,29,248,47,85,19,302,38,,,,40,3*45
$GLGSV,1,1,02,70,10,310,,83,03,190,,0*7F
$GAGSV,3,1,11,04,52,005,50,06,49,322,50,09,34,295,50,10,48,212,50,2*76
$GAGSV,3,2,11,11,53,259,47,12,33,186,45,19,16,063,40,21,11,051,44,2*78
$GAGSV,3,3,11,23,33,100,50,31,24,158,46,36,23,313,43,2*4B
$GAGSV,3,1,11,04,52,005,45,06,49,322,45,09,34,295,44,10,48,212,45,7*72
$GAGSV,3,2,11,11,53,259,43,12,33,186,38,19,16,063,31,21,11,051,36,7*70
$GAGSV,3,3,11,23,33,100,43,31,24,158,41,36,23,313,40,7*48
$GBGSV,2,1,08,06,55,035,44,08,34,129,42,09,71,032,47,13,51,124,46,1*70
$GBGSV,2,2,08,16,47,036,44,23,66,148,51,25,41,053,48,27,17,225,42,1*7F
$GBGSV,2,1,05,06,55,035,46,08,34,129,47,09,71,032,48,13,51,124,47,B*07
$GBGSV,2,2,05,16,47,036,46,B*33
$GBGSV,4,1,13,01,03,096,,02,58,141,,03,34,114,,07,07,138,,0*7C
$GBGSV,4,2,13,10,08,148,,28,05,186,,30,12,275,,32,38,328,,0*74
$GBGSV,4,3,13,33,17,098,,37,24,199,,38,23,133,,39,38,036,,0*79
$GBGSV,4,4,13,41,53,052,,0*41
$GQGSV,1,1,02,02,12,083,42,04,19,095,38,1*60
$GQGSV,1,1,03,02,12,083,43,04,19,095,43,07,19,104,43,6*56
$GNGLL,2454.22970,N,06708.26856,E,174837.00,A,D*73
$GNRMC,174838.00,A,2454.22970,N,06708.26855,E,0.007,,300425,,,R,V*0D
$GNVTG,,T,,M,0.007,N,0.013,K,D*3D
$GNGGA,174838.00,2454.22970,N,06708.26855,E,4,12,0.61,21.8,M,-44.2,M,1.0,0265*74
$GNGSA,A,3,01,03,10,28,31,04,26,02,16,32,,,1.36,0.61,1.22,1*0C
$GNGSA,A,3,69,80,68,85,84,78,79,,,,,,1.36,0.61,1.22,2*09
$GNGSA,A,3,11,23,21,31,10,19,,,,,,,1.36,0.61,1.22,3*08
$GNGSA,A,3,06,08,13,16,09,25,27,23,,,,,1.36,0.61,1.22,4*07
$GNGSA,A,3,04,,,,,,,,,,,,1.36,0.61,1.22,5*03
$GPGSV,4,1,13,01,48,261,45,02,38,223,45,03,46,332,45,04,24,291,39,1*61
$GPGSV,4,2,13,10,11,130,38,16,25,156,42,26,42,128,44,28,35,037,44,1*6D
$GPGSV,4,3,13,31,63,031,48,32,16,068,40,40,59,208,48,41,56,146,46,1*6D
$GPGSV,4,4,13,42,19,104,45,1*5C
$GPGSV,2,1,08,01,48,261,47,03,46,332,44,04,24,291,40,10,11,130,30,6*6C
$GPGSV,2,2,08,26,42,128,45,28,35,037,46,31,63,031,45,32,16,068,44,6*65
$GLGSV,2,1,08,68,24,071,46,69,41,014,48,78,17,033,44,79,57,079,51,1*73
$GLGSV,2,2,08,80,40,170,49,84,29,248,40,85,19,302,39,,,,42,1*42
$GLGSV,2,1,08,68,24,071,46,69,41,014,49,78,17,033,46,79,57,079,47,3*75
$GLGSV,2,2,08,80,40,170,48,84,29,248,47,85,19,302,38,,,,40,3*45
$GLGSV,1,1,02,70,10,310,,83,03,190,,0*7F
$GAGSV,3,1,11,04,52,005,50,06,49,322,50,09,34,295,50,10,48,212,50,2*76
$GAGSV,3,2,11,11,53,259,47,12,33,186,45,19,16,063,40,21,11,051,44,2*78
$GAGSV,3,3,11,23,33,100,50,31,24,158,46,36,23,313,43,2*4B
$GAGSV,3,1,11,04,52,005,45,06,49,322,45,09,34,295,44,10,48,212,45,7*72
$GAGSV,3,2,11,11,53,259,43,12,33,186,39,19,16,063,31,21,11,051,36,7*71
$GAGSV,3,3,11,23,33,100,43,31,24,158,41,36,23,313,39,7*46
$GBGSV,2,1,08,06,55,035,44,08,34,129,42,09,71,032,46,13,51,124,46,1*71
$GBGSV,2,2,08,16,47,036,44,23,66,148,51,25,41,053,48,27,17,225,42,1*7F
$GBGSV,2,1,05,06,55,035,46,08,34,129,47,09,71,032,48,13,51,124,47,B*07
$GBGSV,2,2,05,16,47,036,45,B*30
$GBGSV,4,1,13,01,03,096,,02,58,141,,03,34,114,,07,07,138,,0*7C
$GBGSV,4,2,13,10,08,148,,28,05,186,,30,12,275,,32,38,328,,0*74
$GBGSV,4,3,13,33,17,098,,37,24,199,,38,23,133,,39,38,036,,0*79
$GBGSV,4,4,13,41,53,052,,0*41
$GQGSV,1,1,02,02,12,083,42,04,19,095,39,1*61
$GQGSV,1,1,03,02,12,083,42,04,19,095,43,07,19,104,42,6*56
$GNGLL,2454.22970,N,06708.26855,E,174838.00,A,D*7F
$GNRMC,174839.00,A,2454.22970,N,06708.26856,E,0.006,,300425,,,R,V*0E
$GNVTG,,T,,M,0.006,N,0.011,K,D*3E
$GNGGA,174839.00,2454.22970,N,06708.26856,E,4,12,0.61,21.8,M,-44.2,M,1.0,0265*76
$GNGSA,A,3,01,03,10,28,31,04,26,02,16,32,,,1.36,0.61,1.22,1*0C
$GNGSA,A,3,69,80,68,85,84,78,79,,,,,,1.36,0.61,1.22,2*09
$GNGSA,A,3,11,23,21,31,10,19,,,,,,,1.36,0.61,1.22,3*08
$GNGSA,A,3,06,08,13,16,09,25,27,23,,,,,1.36,0.61,1.22,4*07
$GNGSA,A,3,04,,,,,,,,,,,,1.36,0.61,1.22,5*03
$GPGSV,4,1,13,01,48,261,45,02,38,223,45,03,46,332,45,04,24,291,39,1*61
$GPGSV,4,2,13,10,11,130,38,16,25,156,41,26,42,128,44,28,35,037,44,1*6E
$GPGSV,4,3,13,31,63,031,48,32,16,068,40,40,59,208,48,41,56,146,46,1*6D
$GPGSV,4,4,13,42,19,104,45,1*5C
$GPGSV,2,1,08,01,48,261,47,03,46,332,44,04,24,291,40,10,11,130,29,6*64
$GPGSV,2,2,08,26,42,128,45,28,35,037,46,31,63,031,45,32,16,068,44,6*65
$GLGSV,2,1,07,68,24,071,46,69,41,014,48,78,17,033,43,79,57,079,50,1*7A
$GLGSV,2,2,07,80,40,170,49,84,29,248,40,85,19,302,39,1*4B
$GLGSV,2,1,07,68,24,071,46,69,41,014,49,78,17,033,46,79,57,079,47,3*7A
$GLGSV,2,2,07,80,40,170,48,84,29,248,47,85,19,302,38,3*4E
$GLGSV,1,1,02,70,10,310,,83,03,190,,0*7F
$GAGSV,3,1,11,04,52,005,50,06,49,322,50,09,34,295,50,10,48,212,50,2*76
$GAGSV,3,2,11,11,53,259,47,12,33,186,45,19,16,063,40,21,11,051,45,2*79
$GAGSV,3,3,11,23,33,100,50,31,24,158,46,36,23,313,43,2*4B
$GAGSV,3,1,11,04,52,005,45,06,49,322,45,09,34,295,44,10,48,212,45,7*72
$GAGSV,3,2,11,11,53,259,43,12,33,186,39,19,16,063,31,21,11,051,37,7*70
$GAGSV,3,3,11,23,33,100,43,31,24,158,41,36,23,313,40,7*48
$GBGSV,2,1,08,06,55,035,44,08,34,129,42,09,71,032,47,13,51,124,46,1*70
$GBGSV,2,2,08,16,47,036,44,23,66,148,51,25,41,053,48,27,17,225,42,1*7F
$GBGSV,2,1,05,06,55,035,46,08,34,129,47,09,71,032,48,13,51,124,47,B*07
$GBGSV,2,2,05,16,47,036,46,B*33
$GBGSV,4,1,13,01,03,096,,02,58,141,,03,34,114,,07,07,138,,0*7C
$GBGSV,4,2,13,10,08,148,,28,05,186,,30,12,275,,32,38,328,,0*74
$GBGSV,4,3,13,33,17,098,,37,24,199,,38,23,133,,39,38,036,,0*79
$GBGSV,4,4,13,41,53,052,,0*41
$GQGSV,1,1,02,02,12,083,42,04,19,095,39,1*61
$GQGSV,1,1,03,02,12,083,42,04,19,095,43,07,19,104,42,6*56
$GNGLL,2454.22970,N,06708.26856,E,174839.00,A,D*7D
$GNRMC,174840.00,A,2454.22970,N,06708.26855,E,0.011,,300425,,,R,V*05
$GNVTG,,T,,M,0.011,N,0.020,K,D*3A
$GNGGA,174840.00,2454.22970,N,06708.26855,E,4,12,0.61,21.8,M,-44.2,M,1.0,0265*7B
$GNGSA,A,3,01,03,10,28,31,04,26,02,16,32,,,1.36,0.61,1.22,1*0C
$GNGSA,A,3,69,80,68,85,84,78,79,,,,,,1.36,0.61,1.22,2*09
$GNGSA,A,3,11,23,21,31,10,19,,,,,,,1.36,0.61,1.22,3*08
$GNGSA,A,3,06,08,13,16,09,25,27,23,,,,,1.36,0.61,1.22,4*07
$GNGSA,A,3,04,,,,,,,,,,,,1.36,0.61,1.22,5*03
$GPGSV,4,1,13,01,48,261,45,02,38,223,45,03,46,332,45,04,24,291,39,1*61
$GPGSV,4,2,13,10,11,130,39,16,25,156,42,26,42,128,44,28,35,037,44,1*6C
$GPGSV,4,3,13,31,63,031,48,32,16,068,40,40,59,208,48,41,56,146,46,1*6D
$GPGSV,4,4,13,42,19,104,45,1*5C
$GPGSV,2,1,08,01,48,261,47,03,46,332,44,04,24,291,40,10,11,130,29,6*64
$GPGSV,2,2,08,26,42,128,45,28,35,037,46,31,63,031,45,32,16,068,44,6*65
$GLGSV,2,1,08,68,24,071,46,69,41,014,48,78,17,033,43,79,57,079,50,1*75
$GLGSV,2,2,08,80,40,170,49,84,29,248,39,85,19,302,39,,,,42,1*4C
$GLGSV,2,1,07,68,24,071,46,69,41,014,49,78,17,033,46,79,57,079,47,3*7A
$GLGSV,2,2,07,80,40,170,48,84,29,248,47,85,19,302,38,3*4E
$GLGSV,1,1,02,70,10,310,,83,03,190,,0*7F
$GAGSV,3,1,11,04,52,005,50,06,49,322,50,09,34,295,50,10,48,212,50,2*76
$GAGSV,3,2,11,11,53,259,47,12,33,186,45,19,16,063,40,21,11,051,45,2*79
$GAGSV,3,3,11,23,33,100,50,31,24,158,46,36,23,313,43,2*4B
$GAGSV,3,1,11,04,52,005,45,06,49,322,45,09,34,295,44,10,48,212,45,7*72
$GAGSV,3,2,11,11,53,259,43,12,33,186,39,19,16,063,31,21,11,051,37,7*70
$GAGSV,3,3,11,23,33,100,43,31,24,158,41,36,23,313,39,7*46
$GBGSV,2,1,08,06,55,035,44,08,34,129,42,09,71,032,47,13,51,124,46,1*70
$GBGSV,2,2,08,16,47,036,44,23,66,148,51,25,41,053,48,27,17,225,42,1*7F
$GBGSV,2,1,05,06,55,035,46,08,34,129,47,09,71,032,48,13,51,124,47,B*07
$GBGSV,2,2,05,16,47,036,46,B*33
$GBGSV,4,1,13,01,03,096,,02,58,141,,03,34,114,,07,07,138,,0*7C
$GBGSV,4,2,13,10,08,148,,28,05,186,,30,12,275,,32,38,328,,0*74
$GBGSV,4,3,13,33,17,098,,37,24,199,,38,23,133,,39,38,036,,0*79
$GBGSV,4,4,13,41,53,052,,0*41
$GQGSV,1,1,02,02,12,083,42,04,19,095,39,1*61
$GQGSV,1,1,03,02,12,083,43,04,19,095,43,07,19,104,43,6*56
$GNGLL,2454.22970,N,06708.26855,E,174840.00,A,D*70
$GNRMC,174841.00,A,2454.22970,N,06708.26856,E,0.009,,300425,,,R,V*0E
$GNVTG,,T,,M,0.009,N,0.016,K,D*36
$GNGGA,174841.00,2454.22970,N,06708.26856,E,4,12,0.61,21.8,M,-44.2,M,1.0,0265*79
$GNGSA,A,3,01,03,10,28,31,04,26,02,16,32,,,1.36,0.61,1.22,1*0C
$GNGSA,A,3,69,80,68,85,84,78,79,,,,,,1.36,0.61,1.22,2*09
$GNGSA,A,3,11,23,21,31,10,19,,,,,,,1.36,0.61,1.22,3*08
$GNGSA,A,3,06,08,13,16,09,25,27,23,,,,,1.36,0.61,1.22,4*07
$GNGSA,A,3,04,,,,,,,,,,,,1.36,0.61,1.22,5*03
$GPGSV,4,1,13,01,48,261,45,02,38,223,45,03,46,332,45,04,24,291,39,1*61
$GPGSV,4,2,13,10,11,130,39,16,25,156,42,26,42,128,44,28,35,037,44,1*6C
$GPGSV,4,3,13,31,63,031,48,32,16,068,40,40,59,208,48,41,56,146,46,1*6D
$GPGSV,4,4,13,42,19,104,45,1*5C
$GPGSV,2,1,08,01,48,261,46,03,46,332,44,04,24,291,40,10,11,130,29,6*65
$GPGSV,2,2,08,26,42,128,45,28,35,037,46,31,63,031,45,32,16,068,44,6*65
$GLGSV,2,1,08,68,24,071,46,69,41,014,48,78,17,033,43,79,57,079,50,1*75
$GLGSV,2,2,08,80,40,170,49,84,29,248,40,85,19,302,39,,,,42,1*42
$GLGSV,2,1,07,68,24,071,46,69,41,014,49,78,17,033,46,79,57,079,47,3*7A
$GLGSV,2,2,07,80,40,170,48,84,29,248,47,85,19,302,38,3*4E
$GLGSV,1,1,02,70,10,310,,83,03,190,,0*7F
$GAGSV,3,1,11,04,52,005,50,06,49,322,50,09,34,295,50,10,48,212,50,2*76
$GAGSV,3,2,11,11,53,259,47,12,33,186,45,19,16,063,40,21,11,051,45,2*79
$GAGSV,3,3,11,23,33,100,50,31,24,158,46,36,23,313,43,2*4B
$GAGSV,3,1,11,04,52,005,45,06,49,322,45,09,34,295,44,10,48,212,45,7*72
$GAGSV,3,2,11,11,53,259,43,12,33,186,39,19,16,063,31,21,11,051,37,7*70
$GAGSV,3,3,11,23,33,100,43,31,24,158,42,36,23,313,40,7*4B
$GBGSV,2,1,08,06,55,035,44,08,34,129,42,09,71,032,46,13,51,124,46,1*71
$GBGSV,2,2,08,16,47,036,44,23,66,148,51,25,41,053,48,27,17,225,42,1*7F
$GBGSV,2,1,05,06,55,035,46,08,34,129,47,09,71,032,48,13,51,124,47,B*07
$GBGSV,2,2,05,16,47,036,46,B*33
$GBGSV,4,1,13,01,03,096,,02,58,141,,03,34,114,,07,07,138,,0*7C
$GBGSV,4,2,13,10,08,148,,28,05,186,,30,12,275,,32,38,328,,0*74
$GBGSV,4,3,13,33,17,098,,37,24,199,,38,23,133,,39,38,036,,0*79
$GBGSV,4,4,13,41,53,052,,0*41
$GQGSV,1,1,02,02,12,083,42,04,19,095,39,1*61
$GQGSV,1,1,03,02,12,083,43,04,19,095,43,07,19,104,43,6*56
$GNGLL,2454.22970,N,06708.26856,E,174841.00,A,D*72
$GNRMC,174842.00,A,2454.22970,N,06708.26855,E,0.009,,300425,,,R,V*0E
$GNVTG,,T,,M,0.009,N,0.016,K,D*36
$GNGGA,174842.00,2454.22970,N,06708.26855,E,4,12,0.61,21.8,M,-44.2,M,1.0,0265*79
$GNGSA,A,3,01,03,10,28,31,04,26,02,16,32,,,1.36,0.61,1.22,1*0C
$GNGSA,A,3,69,80,68,85,84,78,79,,,,,,1.36,0.61,1.22,2*09
$GNGSA,A,3,11,23,21,31,10,19,,,,,,,1.36,0.61,1.22,3*08
$GNGSA,A,3,06,08,13,16,09,25,27,23,,,,,1.36,0.61,1.22,4*07
$GNGSA,A,3,04,,,,,,,,,,,,1.36,0.61,1.22,5*03
$GPGSV,4,1,13,01,48,261,45,02,38,223,45,03,46,332,45,04,24,291,39,1*61
$GPGSV,4,2,13,10,11,130,39,16,25,156,42,26,42,128,44,28,35,037,44,1*6C
$GPGSV,4,3,13,31,63,031,48,32,16,068,40,40,59,208,48,41,56,146,46,1*6D
$GPGSV,4,4,13,42,19,104,45,1*5C
$GPGSV,2,1,08,01,48,261,47,03,46,332,44,04,24,291,40,10,11,130,29,6*64
$GPGSV,2,2,08,26,42,128,45,28,35,037,46,31,63,031,45,32,16,068,44,6*65
$GLGSV,2,1,08,68,24,071,46,69,41,014,48,78,17,033,43,79,57,079,50,1*75
$GLGSV,2,2,08,80,40,170,49,84,29,248,39,85,19,302,39,,,,42,1*4C
$GLGSV,2,1,07,68,24,071,46,69,41,014,49,78,17,033,45,79,57,079,47,3*79
$GLGSV,2,2,07,80,40,170,48,84,29,248,47,85,19,302,38,3*4E
$GLGSV,1,1,02,70,10,310,,83,03,190,,0*7F
$GAGSV,3,1,11,04,52,005,50,06,49,322,50,09,34,295,50,10,48,212,50,2*76
$GAGSV,3,2,11,11,53,259,47,12,33,186,45,19,16,063,40,21,11,051,45,2*79
$GAGSV,3,3,11,23,33,100,50,31,24,158,46,36,23,313,43,2*4B
$GAGSV,3,1,11,04,52,005,45,06,49,322,45,09,34,295,44,10,48,212,45,7*72
$GAGSV,3,2,11,11,53,259,43,12,33,186,38,19,16,063,31,21,11,051,37,7*71
$GAGSV,3,3,11,23,33,100,43,31,24,158,41,36,23,313,40,7*48
$GBGSV,2,1,08,06,55,035,44,08,34,129,42,09,71,032,47,13,51,124,46,1*70
$GBGSV,2,2,08,16,47,036,44,23,66,148,51,25,41,053,48,27,17,225,42,1*7F
$GBGSV,2,1,05,06,55,035,46,08,34,129,47,09,71,032,48,13,51,124,47,B*07
$GBGSV,2,2,05,16,47,036,45,B*30
$GBGSV,4,1,13,01,03,096,,02,58,141,,03,34,114,,07,07,138,,0*7C
$GBGSV,4,2,13,10,08,148,,28,05,186,,30,12,275,,32,38,328,,0*74
$GBGSV,4,3,13,33,17,098,,37,24,199,,38,23,133,,39,38,036,,0*79
$GBGSV,4,4,13,41,53,052,,0*41
$GQGSV,1,1,02,02,12,083,42,04,19,095,39,1*61
$GQGSV,1,1,03,02,12,083,43,04,19,095,43,07,19,104,43,6*56
$GNGLL,2454.22970,N,06708.26855,E,174842.00,A,D*72
$GNRMC,174843.00,A,2454.22970,N,06708.26855,E,0.011,,300425,,,R,V*06
$GNVTG,,T,,M,0.011,N,0.021,K,D*3B
$GNGGA,174843.00,2454.22970,N,06708.26855,E,4,12,0.61,21.8,M,-44.2,M,1.0,0265*78
$GNGSA,A,3,01,03,10,28,31,04,26,02,16,32,,,1.36,0.61,1.22,1*0C
$GNGSA,A,3,69,80,68,85,84,78,79,,,,,,1.36,0.61,1.22,2*09
$GNGSA,A,3,11,23,21,31,10,19,,,,,,,1.36,0.61,1.22,3*08
$GNGSA,A,3,06,08,13,16,09,25,27,23,,,,,1.36,0.61,1.22,4*07
$GNGSA,A,3,04,,,,,,,,,,,,1.36,0.61,1.22,5*03
$GPGSV,4,1,13,01,48,261,45,02,38,223,45,03,46,332,45,04,24,291,39,1*61
$GPGSV,4,2,13,10,11,130,39,16,25,156,42,26,43,127,44,28,35,037,44,1*62
$GPGSV,4,3,13,31,63,031,48,32,16,068,40,40,59,208,48,41,56,146,46,1*6D
$GPGSV,4,4,13,42,19,104,45,1*5C
$GPGSV,2,1,08,01,48,261,47,03,46,332,44,04,24,291,40,10,11,130,29,6*64
$GPGSV,2,2,08,26,43,127,45,28,35,037,46,31,63,031,45,32,16,068,44,6*6B
$GLGSV,2,1,08,68,24,071,46,69,41,014,48,78,17,033,44,79,57,079,50,1*72
$GLGSV,2,2,08,80,40,170,49,84,29,248,39,85,19,302,39,,,,42,1*4C
$GLGSV,2,1,08,68,24,071,46,69,41,014,49,78,17,033,46,79,57,079,47,3*75
$GLGSV,2,2,08,80,40,170,48,84,29,248,47,85,19,302,38,,,,41,3*44
$GLGSV,1,1,02,70,10,310,,83,03,190,,0*7F
$GAGSV,3,1,11,04,52,005,50,06,49,322,50,09,34,295,50,10,48,212,50,2*76
$GAGSV,3,2,11,11,53,259,47,12,33,186,45,19,16,063,40,21,11,051,44,2*78
$GAGSV,3,3,11,23,33,100,50,31,24,158,46,36,23,313,43,2*4B
$GAGSV,3,1,11,04,52,005,45,06,49,322,45,09,34,295,44,10,48,212,45,7*72
$GAGSV,3,2,11,11,53,259,43,12,33,186,39,19,16,063,31,21,11,051,36,7*71
$GAGSV,3,3,11,23,33,100,43,31,24,158,42,36,23,313,39,7*45
$GBGSV,2,1,08,06,55,035,44,08,34,129,42,09,71,032,46,13,51,124,46,1*71
$GBGSV,2,2,08,16,47,036,44,23,66,148,51,25,41,053,48,27,17,225,42,1*7F
$GBGSV,2,1,05,06,55,035,46,08,34,129,47,09,71,032,48,13,51,124,47,B*07
$GBGSV,2,2,05,16,47,036,45,B*30
$GBGSV,4,1,13,01,03,096,,02,58,141,,03,34,114,,07,07,138,,0*7C
$GBGSV,4,2,13,10,08,148,,28,05,186,,30,12,275,,32,38,328,,0*74
$GBGSV,4,3,13,33,17,098,,37,24,199,,38,23,133,,39,38,036,,0*79
$GBGSV,4,4,13,41,53,052,,0*41
$GQGSV,1,1,02,02,12,083,42,04,19,095,39,1*61
$GQGSV,1,1,03,02,12,083,43,04,19,095,43,07,19,104,43,6*56
$GNGLL,2454.22970,N,06708.26855,E,174843.00,A,D*73
$GNRMC,174844.00,A,2454.22970,N,06708.26855,E,0.007,,300425,,,R,V*06
$GNVTG,,T,,M,0.007,N,0.013,K,D*3D
$GNGGA,174844.00,2454.22970,N,06708.26855,E,4,12,0.61,21.8,M,-44.2,M,1.0,0265*7F
$GNGSA,A,3,01,03,10,28,31,04,26,02,16,32,,,1.36,0.61,1.22,1*0C
$GNGSA,A,3,69,80,68,85,84,78,79,,,,,,1.36,0.61,1.22,2*09
$GNGSA,A,3,11,23,21,31,10,19,,,,,,,1.36,0.61,1.22,3*08
$GNGSA,A,3,06,08,13,16,09,25,27,23,,,,,1.36,0.61,1.22,4*07
$GNGSA,A,3,04,,,,,,,,,,,,1.36,0.61,1.22,5*03
$GPGSV,4,1,13,01,48,261,45,02,38,223,45,03,46,332,45,04,24,291,39,1*61
$GPGSV,4,2,13,10,11,130,39,16,25,156,42,26,43,127,44,28,35,037,44,1*62
$GPGSV,4,3,13,31,63,031,48,32,16,068,40,40,59,208,48,41,56,146,46,1*6D
$GPGSV,4,4,13,42,19,104,45,1*5C
$GPGSV,2,1,08,01,48,261,47,03,46,332,44,04,24,291,40,10,11,130,29,6*64
$GPGSV,2,2,08,26,43,127,45,28,35,037,46,31,63,031,45,32,16,068,44,6*6B
$GLGSV,2,1,08,68,24,071,46,69,41,014,48,78,17,033,44,79,57,079,50,1*72
$GLGSV,2,2,08,80,40,170,49,84,29,248,39,85,19,302,39,,,,42,1*4C
$GLGSV,2,1,08,68,24,071,46,69,41,014,49,78,17,033,46,79,57,079,47,3*75
$GLGSV,2,2,08,80,40,170,48,84,29,248,47,85,19,302,38,,,,41,3*44
$GLGSV,1,1,02,70,10,310,,83,03,190,,0*7F
$GAGSV,3,1,11,04,52,005,50,06,49,322,50,09,34,295,50,10,48,212,50,2*76
$GAGSV,3,2,11,11,53,259,47,12,33,186,45,19,16,063,40,21,11,051,44,2*78
$GAGSV,3,3,11,23,33,100,50,31,24,158,46,36,23,313,43,2*4B
$GAGSV,3,1,11,04,52,005,45,06,49,322,45,09,34,295,44,10,48,212,45,7*72
$GAGSV,3,2,11,11,53,259,43,12,33,186,39,19,16,063,31,21,11,051,36,7*71
$GAGSV,3,3,11,23,33,100,43,31,24,158,42,36,23,313,39,7*45
$GBGSV,2,1,08,06,55,035,44,08,34,129,42,09,71,032,47,13,51,124,46,1*70
$GBGSV,2,2,08,16,47,036,44,23,66,148,51,25,41,053,48,27,17,225,42,1*7F
$GBGSV,2,1,05,06,55,035,46,08,34,129,47,09,71,032,48,13,51,124,47,B*07
$GBGSV,2,2,05,16,47,036,46,B*33
$GBGSV,4,1,13,01,03,096,,02,58,141,,03,34,114,,07,07,138,,0*7C
$GBGSV,4,2,13,10,08,148,,28,05,186,,30,12,275,,32,38,328,,0*74
$GBGSV,4,3,13,33,17,098,,37,24,199,,38,23,133,,39,38,036,,0*79
$GBGSV,4,4,13,41,53,052,,0*41
$GQGSV,1,1,02,02,12,083,42,04,19,095,38,1*60
$GQGSV,1,1,03,02,12,083,43,04,19,095,43,07,19,104,42,6*57
$GNGLL,2454.22970,N,06708.26855,E,174844.00,A,D*74
$GNRMC,174845.00,A,2454.22970,N,06708.26855,E,0.007,,300425,,,R,V*07
$GNVTG,,T,,M,0.007,N,0.014,K,D*3A
$GNGGA,174845.00,2454.22970,N,06708.26855,E,4,12,0.61,21.8,M,-44.2,M,1.0,0265*7E
$GNGSA,A,3,01,03,10,28,31,04,26,02,16,32,,,1.36,0.61,1.22,1*0C
$GNGSA,A,3,69,80,68,85,84,78,79,,,,,,1.36,0.61,1.22,2*09
$GNGSA,A,3,11,23,21,31,10,19,,,,,,,1.36,0.61,1.22,3*08
$GNGSA,A,3,06,08,13,16,09,25,27,23,,,,,1.36,0.61,1.22,4*07
$GNGSA,A,3,04,,,,,,,,,,,,1.36,0.61,1.22,5*03
$GPGSV,4,1,13,01,48,261,45,02,38,223,45,03,46,332,45,04,24,291,39,1*61
$GPGSV,4,2,13,10,11,130,39,16,25,156,42,26,43,127,44,28,34,037,44,1*63
$GPGSV,4,3,13,31,63,031,48,32,16,068,40,40,59,208,48,41,56,146,46,1*6D
$GPGSV,4,4,13,42,19,104,45,1*5C
$GPGSV,2,1,08,01,48,261,46,03,46,332,44,04,24,291,40,10,11,130,29,6*65
$GPGSV,2,2,08,26,43,127,45,28,34,037,46,31,63,031,45,32,16,068,44,6*6A
$GLGSV,2,1,08,68,24,071,46,69,41,014,48,78,17,033,44,79,57,079,50,1*72
$GLGSV,2,2,08,80,40,170,49,84,29,248,39,85,19,302,40,,,,42,1*42
$GLGSV,2,1,08,68,24,071,46,69,41,014,49,78,17,033,45,79,57,079,47,3*76
$GLGSV,2,2,08,80,40,170,48,84,29,248,47,85,19,302,38,,,,41,3*44
$GLGSV,1,1,02,70,10,310,,83,03,190,,0*7F
$GAGSV,3,1,11,04,52,005,50,06,49,322,50,09,34,295,50,10,48,212,50,2*76
$GAGSV,3,2,11,11,53,259,47,12,33,186,45,19,16,063,40,21,11,051,44,2*78
$GAGSV,3,3,11,23,33,100,50,31,24,158,46,36,23,313,43,2*4B
$GAGSV,3,1,11,04,52,005,45,06,49,322,45,09,34,295,44,10,48,212,45,7*72
$GAGSV,3,2,11,11,53,259,43,12,33,186,39,19,16,063,31,21,11,051,36,7*71
$GAGSV,3,3,11,23,33,100,44,31,24,158,42,36,23,313,40,7*4C
$GBGSV,2,1,08,06,55,035,44,08,34,129,42,09,71,032,47,13,51,124,46,1*70
$GBGSV,2,2,08,16,47,036,44,23,66,148,51,25,41,053,48,27,17,225,42,1*7F
$GBGSV,2,1,05,06,55,035,46,08,34,129,47,09,71,032,48,13,51,124,47,B*07
$GBGSV,2,2,05,16,47,036,46,B*33
$GBGSV,4,1,13,01,03,096,,02,58,141,,03,34,114,,07,07,138,,0*7C
$GBGSV,4,2,13,10,08,148,,28,05,186,,30,12,275,,32,38,328,,0*74
$GBGSV,4,3,13,33,17,098,,37,24,199,,38,23,133,,39,38,036,,0*79
$GBGSV,4,4,13,41,53,052,,0*41
$GQGSV,1,1,02,02,12,083,41,04,19,095,38,1*63
$GQGSV,1,1,03,02,12,083,43,04,19,095,43,07,19,104,42,6*57
$GNGLL,2454.22970,N,06708.26855,E,174845.00,A,D*75
$GNRMC,174846.00,A,2454.22970,N,06708.26855,E,0.014,,300425,,,R,V*06
$GNVTG,,T,,M,0.014,N,0.025,K,D*3A
$GNGGA,174846.00,2454.22970,N,06708.26855,E,4,12,0.61,21.8,M,-44.2,M,1.0,0265*7D
$GNGSA,A,3,01,03,10,28,31,04,26,02,16,32,,,1.36,0.61,1.22,1*0C
$GNGSA,A,3,69,80,68,85,84,78,79,,,,,,1.36,0.61,1.22,2*09
$GNGSA,A,3,11,23,21,31,10,19,,,,,,,1.36,0.61,1.22,3*08
$GNGSA,A,3,06,08,13,16,09,25,27,23,,,,,1.36,0.61,1.22,4*07
$GNGSA,A,3,04,,,,,,,,,,,,1.36,0.61,1.22,5*03
$GPGSV,4,1,13,01,48,261,45,02,38,223,45,03,46,332,45,04,24,291,39,1*61
$GPGSV,4,2,13,10,11,130,39,16,25,156,42,26,43,127,44,28,34,037,44,1*63
$GPGSV,4,3,13,31,63,031,48,32,16,068,40,40,59,208,48,41,56,146,46,1*6D
$GPGSV,4,4,13,42,19,104,45,1*5C
$GPGSV,2,1,08,01,48,261,46,03,46,332,44,04,24,291,40,10,11,130,29,6*65
$GPGSV,2,2,08,26,43,127,45,28,34,037,46,31,63,031,45,32,16,068,44,6*6A
$GLGSV,2,1,08,68,24,071,46,69,41,014,48,78,17,033,44,79,57,079,50,1*72
$GLGSV,2,2,08,80,40,170,49,84,29,248,39,85,19,302,40,,,,42,1*42
$GLGSV,2,1,08,68,24,071,46,69,41,014,49,78,17,033,46,79,57,079,47,3*75
$GLGSV,2,2,08,80,40,170,48,84,29,248,47,85,19,302,38,,,,41,3*44
$GLGSV,1,1,02,70,10,310,,83,03,190,,0*7F
$GAGSV,3,1,11,04,52,005,50,06,49,322,50,09,34,295,50,10,48,212,50,2*76
$GAGSV,3,2,11,11,53,259,47,12,33,186,45,19,16,063,40,21,11,051,44,2*78
$GAGSV,3,3,11,23,33,100,50,31,24,158,46,36,23,313,43,2*4B
$GAGSV,3,1,11,04,52,005,45,06,49,322,45,09,34,295,44,10,48,212,45,7*72
$GAGSV,3,2,11,11,53,259,43,12,33,186,39,19,16,063,30,21,11,051,36,7*70
$GAGSV,3,3,11,23,33,100,44,31,24,158,42,36,23,313,39,7*42
$GBGSV,2,1,08,06,55,035,44,08,34,129,42,09,71,032,47,13,51,124,46,1*70
$GBGSV,2,2,08,16,47,036,44,23,66,148,51,25,41,053,49,27,17,225,42,1*7E
$GBGSV,2,1,05,06,55,035,46,08,34,129,47,09,71,032,48,13,51,124,47,B*07
$GBGSV,2,2,05,16,47,036,45,B*30
$GBGSV,4,1,13,01,03,096,,02,58,141,,03,34,114,,07,07,138,,0*7C
$GBGSV,4,2,13,10,08,148,,28,05,186,,30,12,275,,32,38,328,,0*74
$GBGSV,4,3,13,33,17,098,,37,24,199,,38,23,133,,39,38,036,,0*79
$GBGSV,4,4,13,41,53,052,,0*41
$GQGSV,1,1,02,02,12,083,41,04,19,095,38,1*63
$GQGSV,1,1,03,02,12,083,43,04,19,095,43,07,19,104,42,6*57
$GNGLL,2454.22970,N,06708.26855,E,174846.00,A,D*76
$GNRMC,174847.00,A,2454.22970,N,06708.26855,E,0.008,,300425,,,R,V*0A
$GNVTG,,T,,M,0.008,N,0.014,K,D*35
$GNGGA,174847.00,2454.22970,N,06708.26855,E,4,12,0.61,21.8,M,-44.2,M,1.0,0265*7C
$GNGSA,A,3,01,03,10,28,31,04,26,02,16,32,,,1.36,0.61,1.22,1*0C
$GNGSA,A,3,69,80,68,85,84,78,79,,,,,,1.36,0.61,1.22,2*09
$GNGSA,A,3,11,23,21,31,10,19,,,,,,,1.36,0.61,1.22,3*08
$GNGSA,A,3,06,08,13,16,09,25,27,23,,,,,1.36,0.61,1.22,4*07
$GNGSA,A,3,04,,,,,,,,,,,,1.36,0.61,1.22,5*03
$GPGSV,4,1,13,01,48,261,45,02,38,223,45,03,46,332,45,04,24,291,39,1*61
$GPGSV,4,2,13,10,11,130,39,16,25,156,42,26,43,127,44,28,34,037,44,1*63
$GPGSV,4,3,13,31,63,031,48,32,16,068,40,40,59,208,48,41,56,146,46,1*6D
$GPGSV,4,4,13,42,19,104,45,1*5C
$GPGSV,2,1,08,01,48,261,46,03,46,332,44,04,24,291,40,10,11,130,29,6*65
$GPGSV,2,2,08,26,43,127,45,28,34,037,46,31,63,031,45,32,16,068,44,6*6A
$GLGSV,2,1,08,68,24,071,46,69,41,014,48,78,17,033,44,79,57,079,50,1*72
$GLGSV,2,2,08,80,40,170,49,84,29,248,39,85,19,302,40,,,,42,1*42
$GLGSV,2,1,08,68,24,071,46,69,41,014,49,78,17,033,46,79,57,079,47,3*75
$GLGSV,2,2,08,80,40,170,48,84,29,248,47,85,19,302,38,,,,41,3*44
$GLGSV,1,1,02,70,10,310,,83,03,190,,0*7F
$GAGSV,3,1,11,04,52,005,50,06,49,322,50,09,34,295,50,10,48,212,50,2*76
$GAGSV,3,2,11,11,53,259,46,12,33,186,45,19,16,063,40,21,11,051,44,2*79
$GAGSV,3,3,11,23,33,100,50,31,24,158,46,36,23,313,43,2*4B
$GAGSV,3,1,11,04,52,005,45,06,49,322,45,09,34,295,44,10,48,212,45,7*72
$GAGSV,3,2,11,11,53,259,43,12,33,186,39,19,16,063,30,21,11,051,36,7*70
$GAGSV,3,3,11,23,33,100,44,31,24,158,42,36,23,313,39,7*42
$GBGSV,2,1,08,06,55,035,44,08,34,129,42,09,71,032,47,13,51,124,46,1*70
$GBGSV,2,2,08,16,47,036,44,23,66,148,51,25,41,053,49,27,17,225,42,1*7E
$GBGSV,2,1,05,06,55,035,46,08,34,129,47,09,71,032,48,13,51,124,47,B*07
$GBGSV,2,2,05,16,47,036,45,B*30
$GBGSV,4,1,13,01,03,096,,02,58,141,,03,34,114,,07,07,138,,0*7C
$GBGSV,4,2,13,10,08,148,,28,05,186,,30,12,275,,32,38,328,,0*74
$GBGSV,4,3,13,33,17,098,,37,24,199,,38,23,133,,39,38,036,,0*79
$GBGSV,4,4,13,41,53,052,,0*41
$GQGSV,1,1,02,02,12,083,41,04,19,095,38,1*63
$GQGSV,1,1,03,02,12,083,42,04,19,095,43,07,19,104,42,6*56
$GNGLL,2454.22970,N,06708.26855,E,174847.00,A,D*77
$GNRMC,174848.00,A,2454.22970,N,06708.26855,E,0.009,,300425,,,R,V*04
$GNVTG,,T,,M,0.009,N,0.016,K,D*36
$GNGGA,174848.00,2454.22970,N,06708.26855,E,4,12,0.61,21.8,M,-44.2,M,1.0,0265*73
$GNGSA,A,3,01,03,10,28,31,04,26,02,16,32,,,1.36,0.61,1.22,1*0C
$GNGSA,A,3,69,80,68,85,84,78,79,,,,,,1.36,0.61,1.22,2*09
$GNGSA,A,3,11,23,21,31,10,19,,,,,,,1.36,0.61,1.22,3*08
$GNGSA,A,3,06,08,13,16,09,25,27,23,,,,,1.36,0.61,1.22,4*07
$GNGSA,A,3,04,,,,,,,,,,,,1.36,0.61,1.22,5*03
$GPGSV,4,1,13,01,48,261,45,02,38,223,45,03,46,332,45,04,24,291,39,1*61
$GPGSV,4,2,13,10,11,130,39,16,25,156,42,26,43,127,44,28,34,037,44,1*63
$GPGSV,4,3,13,31,62,031,48,32,16,068,40,40,59,208,48,41,56,146,46,1*6C
$GPGSV,4,4,13,42,19,104,45,1*5C
$GPGSV,2,1,08,01,48,261,46,03,46,332,44,04,24,291,40,10,11,130,29,6*65
$GPGSV,2,2,08,26,43,127,45,28,34,037,46,31,62,031,45,32,16,068,44,6*6B
$GLGSV,2,1,08,68,24,071,46,69,41,014,48,78,17,033,44,79,57,079,50,1*72
$GLGSV,2,2,08,80,40,170,49,84,29,248,39,85,19,302,40,,,,42,1*42
$GLGSV,2,1,08,68,24,071,45,69,41,014,49,78,17,033,46,79,57,079,47,3*76
$GLGSV,2,2,08,80,40,170,48,84,29,248,47,85,19,302,38,,,,41,3*44
$GLGSV,1,1,02,70,10,310,,83,03,190,,0*7F
$GAGSV,3,1,11,04,52,005,50,06,49,322,50,09,34,295,50,10,48,212,50,2*76
$GAGSV,3,2,11,11,53,259,47,12,33,186,45,19,16,063,41,21,11,051,44,2*79
$GAGSV,3,3,11,23,33,100,50,31,24,158,46,36,23,313,43,2*4B
$GAGSV,3,1,11,04,52,005,45,06,49,322,45,09,34,295,44,10,48,212,45,7*72
$GAGSV,3,2,11,11,53,259,43,12,33,186,38,19,16,063,30,21,11,051,36,7*71
$GAGSV,3,3,11,23,33,100,44,31,24,158,42,36,23,313,40,7*4C
$GBGSV,2,1,08,06,55,035,44,08,34,129,42,09,71,032,47,13,51,124,46,1*70
$GBGSV,2,2,08,16,47,036,44,23,66,148,51,25,41,053,49,27,17,225,42,1*7E
$GBGSV,2,1,05,06,55,035,46,08,34,129,47,09,71,032,48,13,51,124,47,B*07
$GBGSV,2,2,05,16,47,036,45,B*30
$GBGSV,4,1,13,01,03,096,,02,58,141,,03,34,114,,07,07,138,,0*7C
$GBGSV,4,2,13,10,08,148,,28,05,186,,30,12,275,,32,38,328,,0*74
$GBGSV,4,3,13,33,17,098,,37,24,199,,38,23,133,,39,38,036,,0*79
$GBGSV,4,4,13,41,53,052,,0*41
$GQGSV,1,1,02,02,12,083,42,04,19,095,38,1*60
$GQGSV,1,1,03,02,12,083,42,04,19,095,43,07,19,104,43,6*57
$GNGLL,2454.22970,N,06708.26855,E,174848.00,A,D*78
$GNRMC,174849.00,A,2454.22970,N,06708.26855,E,0.010,,300425,,,R,V*0D
$GNVTG,,T,,M,0.010,N,0.019,K,D*31
$GNGGA,174849.00,2454.22970,N,06708.26855,E,4,12,0.61,21.8,M,-44.2,M,1.0,0265*72
$GNGSA,A,3,01,03,10,28,31,04,26,02,16,32,,,1.36,0.61,1.22,1*0C
$GNGSA,A,3,69,80,68,85,84,78,79,,,,,,1.36,0.61,1.22,2*09
$GNGSA,A,3,11,23,21,31,10,19,,,,,,,1.36,0.61,1.22,3*08
$GNGSA,A,3,06,08,13,16,09,25,27,23,,,,,1.36,0.61,1.22,4*07
$GNGSA,A,3,04,,,,,,,,,,,,1.36,0.61,1.22,5*03
$GPGSV,4,1,13,01,48,261,45,02,38,223,45,03,46,332,45,04,24,291,39,1*61
$GPGSV,4,2,13,10,11,130,39,16,25,156,42,26,43,127,44,28,34,037,44,1*63
$GPGSV,4,3,13,31,62,031,48,32,15,069,40,40,59,208,48,41,56,146,46,1*6E
$GPGSV,4,4,13,42,19,104,45,1*5C
$GPGSV,2,1,08,01,48,261,46,03,46,332,44,04,24,291,40,10,11,130,29,6*65
$GPGSV,2,2,08,26,43,127,45,28,34,037,46,31,62,031,45,32,15,069,44,6*69
$GLGSV,2,1,08,68,24,071,46,69,41,014,48,78,17,033,44,79,57,079,50,1*72
$GLGSV,2,2,08,80,40,170,49,84,29,248,39,85,19,302,40,,,,42,1*42
$GLGSV,2,1,08,68,24,071,45,69,41,014,49,78,17,033,46,79,57,079,47,3*76
$GLGSV,2,2,08,80,40,170,48,84,29,248,47,85,19,302,38,,,,41,3*44
$GLGSV,1,1,02,70,10,310,,83,03,190,,0*7F
$GAGSV,3,1,11,04,52,005,50,06,49,322,50,09,34,295,50,10,48,212,50,2*76
$GAGSV,3,2,11,11,53,259,47,12,33,186,45,19,16,063,41,21,11,051,44,2*79
$GAGSV,3,3,11,23,33,100,50,31,24,158,46,36,23,313,43,2*4B
$GAGSV,3,1,11,04,52,005,46,06,49,322,45,09,34,295,44,10,48,212,45,7*71
$GAGSV,3,2,11,11,53,259,43,12,33,186,39,19,16,063,31,21,11,051,36,7*71
$GAGSV,3,3,11,23,33,100,44,31,24,158,42,36,23,313,39,7*42
$GBGSV,2,1,08,06,55,035,44,08,34,129,42,09,71,032,47,13,51,124,46,1*70
$GBGSV,2,2,08,16,47,036,44,23,66,148,51,25,41,053,49,27,17,225,42,1*7E
$GBGSV,2,1,05,06,55,035,46,08,34,129,47,09,71,032,48,13,51,124,47,B*07
$GBGSV,2,2,05,16,47,036,45,B*30
$GBGSV,4,1,13,01,03,096,,02,58,141,,03,34,114,,07,07,138,,0*7C
$GBGSV,4,2,13,10,08,148,,28,05,186,,30,12,275,,32,38,328,,0*74
$GBGSV,4,3,13,33,17,098,,37,24,199,,38,23,133,,39,38,036,,0*79
$GBGSV,4,4,13,41,53,052,,0*41
$GQGSV,1,1,02,02,12,083,41,04,19,095,38,1*63
$GQGSV,1,1,03,02,12,083,42,04,19,095,43,07,19,104,43,6*57
$GNGLL,2454.22970,N,06708.26855,E,174849.00,A,D*79
$GNRMC,174850.00,A,2454.22970,N,06708.26855,E,0.009,,300425,,,R,V*0D
$GNVTG,,T,,M,0.009,N,0.017,K,D*37
$GNGGA,174850.00,2454.22970,N,06708.26855,E,4,12,0.61,21.8,M,-44.2,M,1.0,0265*7A
$GNGSA,A,3,01,03,10,28,31,04,26,02,16,32,,,1.36,0.61,1.22,1*0C
$GNGSA,A,3,69,80,68,85,84,78,79,,,,,,1.36,0.61,1.22,2*09
$GNGSA,A,3,11,23,21,31,10,19,,,,,,,1.36,0.61,1.22,3*08
$GNGSA,A,3,06,08,13,16,09,25,27,23,,,,,1.36,0.61,1.22,4*07
$GNGSA,A,3,04,,,,,,,,,,,,1.36,0.61,1.22,5*03
$GPGSV,4,1,13,01,48,261,45,02,38,223,45,03,46,332,45,04,24,291,39,1*61
$GPGSV,4,2,13,10,11,130,39,16,25,156,42,26,43,127,44,28,34,037,44,1*63
$GPGSV,4,3,13,31,62,031,48,32,15,069,40,40,59,208,48,41,56,146,46,1*6E
$GPGSV,4,4,13,42,19,104,45,1*5C
$GPGSV,2,1,08,01,48,261,46,03,46,332,44,04,24,291,40,10,11,130,29,6*65
$GPGSV,2,2,08,26,43,127,45,28,34,037,46,31,62,031,45,32,15,069,44,6*69
$GLGSV,2,1,08,68,24,071,47,69,41,014,48,78,17,033,44,79,57,079,50,1*73
$GLGSV,2,2,08,80,40,170,49,84,29,248,39,85,19,302,40,,,,41,1*41
$GLGSV,2,1,08,68,24,071,45,69,41,014,49,78,17,033,45,79,57,079,47,3*75
$GLGSV,2,2,08,80,40,170,48,84,29,248,47,85,19,302,38,,,,41,3*44
$GLGSV,1,1,02,70,10,310,,83,03,190,,0*7F
$GAGSV,3,1,11,04,52,005,50,06,49,322,50,09,34,295,50,10,48,212,50,2*76
$GAGSV,3,2,11,11,53,259,47,12,33,186,45,19,16,063,41,21,11,051,44,2*79
$GAGSV,3,3,11,23,33,100,50,31,24,158,46,36,23,313,43,2*4B
$GAGSV,3,1,11,04,52,005,46,06,49,322,45,09,34,295,44,10,48,212,45,7*71
$GAGSV,3,2,11,11,53,259,43,12,33,186,39,19,16,063,31,21,11,051,36,7*71
$GAGSV,3,3,11,23,33,100,44,31,24,158,41,36,23,313,39,7*41
$GBGSV,2,1,08,06,55,035,44,08,34,129,42,09,71,032,47,13,51,124,46,1*70
$GBGSV,2,2,08,16,47,036,44,23,66,148,51,25,41,053,48,27,17,225,42,1*7F
$GBGSV,2,1,05,06,55,035,46,08,34,129,47,09,71,032,48,13,51,124,47,B*07
$GBGSV,2,2,05,16,47,036,45,B*30
$GBGSV,4,1,13,01,03,096,,02,58,141,,03,34,114,,07,07,138,,0*7C
$GBGSV,4,2,13,10,08,148,,28,05,186,,30,12,275,,32,38,328,,0*74
$GBGSV,4,3,13,33,17,098,,37,24,199,,38,23,133,,39,38,036,,0*79
$GBGSV,4,4,13,41,53,052,,0*41
$GQGSV,1,1,02,02,12,083,42,04,19,095,38,1*60
$GQGSV,1,1,03,02,12,083,42,04,19,095,43,07,19,104,43,6*57
$GNGLL,2454.22970,N,06708.26855,E,174850.00,A,D*71
$GNRMC,174851.00,A,2454.22970,N,06708.26855,E,0.001,,300425,,,R,V*04
$GNVTG,,T,,M,0.001,N,0.003,K,D*3A
$GNGGA,174851.00,2454.22970,N,06708.26855,E,4,12,0.61,21.8,M,-44.2,M,1.0,0265*7B
$GNGSA,A,3,01,03,10,28,31,04,26,02,16,32,,,1.36,0.61,1.22,1*0C
$GNGSA,A,3,69,80,68,85,84,78,79,,,,,,1.36,0.61,1.22,2*09
$GNGSA,A,3,11,23,21,31,10,19,,,,,,,1.36,0.61,1.22,3*08
$GNGSA,A,3,06,08,13,16,09,25,27,23,,,,,1.36,0.61,1.22,4*07
$GNGSA,A,3,04,,,,,,,,,,,,1.36,0.61,1.22,5*03
$GPGSV,4,1,13,01,48,261,45,02,38,223,45,03,46,332,45,04,24,291,39,1*61
$GPGSV,4,2,13,10,11,130,39,16,25,156,42,26,43,127,44,28,34,037,44,1*63
$GPGSV,4,3,13,31,62,031,48,32,15,069,40,40,59,208,48,41,56,146,46,1*6E
$GPGSV,4,4,13,42,19,104,45,1*5C
$GPGSV,2,1,08,01,48,261,46,03,46,332,44,04,24,291,40,10,11,130,29,6*65
$GPGSV,2,2,08,26,43,127,45,28,34,037,46,31,62,031,45,32,15,069,44,6*69
$GLGSV,2,1,08,68,24,071,46,69,41,014,48,78,17,033,44,79,57,079,50,1*72
$GLGSV,2,2,08,80,40,170,49,84,29,248,39,85,19,302,40,,,,41,1*41
$GLGSV,2,1,08,68,24,071,45,69,41,014,49,78,17,033,45,79,57,079,47,3*75
$GLGSV,2,2,08,80,40,170,48,84,29,248,46,85,19,302,38,,,,41,3*45
$GLGSV,1,1,02,70,10,310,,83,03,190,,0*7F
$GAGSV,3,1,11,04,52,005,50,06,49,322,50,09,34,295,50,10,48,212,50,2*76
$GAGSV,3,2,11,11,53,259,47,12,33,186,45,19,16,063,41,21,11,051,44,2*79
$GAGSV,3,3,11,23,33,100,50,31,24,158,46,36,23,313,43,2*4B
$GAGSV,3,1,11,04,52,005,46,06,49,322,45,09,34,295,44,10,48,212,45,7*71
$GAGSV,3,2,11,11,53,259,43,12,33,186,39,19,16,063,31,21,11,051,36,7*71
$GAGSV,3,3,11,23,33,100,44,31,24,158,42,36,23,313,39,7*42
$GBGSV,2,1,08,06,55,035,44,08,34,129,42,09,71,032,47,13,51,124,46,1*70
$GBGSV,2,2,08,16,47,036,44,23,66,148,51,25,41,053,48,27,17,225,42,1*7F
$GBGSV,2,1,05,06,55,035,46,08,34,129,47,09,71,032,48,13,51,124,47,B*07
$GBGSV,2,2,05,16,47,036,45,B*30
$GBGSV,4,1,13,01,03,096,,02,58,141,,03,34,114,,07,07,138,,0*7C
$GBGSV,4,2,13,10,08,148,,28,05,186,,30,12,275,,32,38,328,,0*74
$GBGSV,4,3,13,33,17,098,,37,24,199,,38,23,133,,39,38,036,,0*79
$GBGSV,4,4,13,41,53,052,,0*41
$GQGSV,1,1,02,02,12,083,42,04,19,095,39,1*61
$GQGSV,1,1,03,02,12,083,42,04,19,095,43,07,19,104,43,6*57
$GNGLL,2454.22970,N,06708.26855,E,174851.00,A,D*70
$GNRMC,174852.00,A,2454.22970,N,06708.26855,E,0.007,,300425,,,R,V*01
$GNVTG,,T,,M,0.007,N,0.013,K,D*3D
$GNGGA,174852.00,2454.22970,N,06708.26855,E,4,12,0.61,21.8,M,-44.2,M,1.0,0265*78
$GNGSA,A,3,01,03,10,28,31,04,26,02,16,32,,,1.36,0.61,1.22,1*0C
$GNGSA,A,3,69,80,68,85,84,78,79,,,,,,1.36,0.61,1.22,2*09
$GNGSA,A,3,11,23,21,31,10,19,,,,,,,1.36,0.61,1.22,3*08
$GNGSA,A,3,06,08,13,16,09,25,27,23,,,,,1.36,0.61,1.22,4*07
$GNGSA,A,3,04,,,,,,,,,,,,1.36,0.61,1.22,5*03
$GPGSV,4,1,13,01,48,261,45,02,38,223,45,03,46,332,45,04,24,291,39,1*61
$GPGSV,4,2,13,10,11,130,39,16,25,156,42,26,43,127,44,28,34,037,44,1*63
$GPGSV,4,3,13,31,62,031,48,32,15,069,40,40,59,208,48,41,56,146,46,1*6E
$GPGSV,4,4,13,42,19,104,45,1*5C
$GPGSV,2,1,08,01,48,261,46,03,46,332,44,04,24,291,40,10,11,130,29,6*65
$GPGSV,2,2,08,26,43,127,45,28,34,037,46,31,62,031,45,32,15,069,44,6*69
$GLGSV,2,1,08,68,24,071,46,69,41,014,49,78,17,033,45,79,57,079,50,1*72
$GLGSV,2,2,08,80,40,170,49,84,29,248,39,85,19,302,40,,,,41,1*41
$GLGSV,2,1,08,68,24,071,45,69,41,014,49,78,17,033,45,79,57,079,47,3*75
$GLGSV,2,2,08,80,40,170,48,84,29,248,47,85,19,302,38,,,,41,3*44
$GLGSV,1,1,02,70,10,310,,83,03,190,,0*7F
$GAGSV,3,1,11,04,52,005,50,06,49,322,50,09,34,295,50,10,48,212,50,2*76
$GAGSV,3,2,11,11,53,259,47,12,33,186,45,19,16,063,41,21,11,051,44,2*79
$GAGSV,3,3,11,23,33,100,50,31,24,158,46,36,23,313,43,2*4B
$GAGSV,3,1,11,04,52,005,45,06,49,322,45,09,34,295,44,10,48,212,45,7*72
$GAGSV,3,2,11,11,53,259,43,12,33,186,39,19,16,063,30,21,11,051,36,7*70
$GAGSV,3,3,11,23,33,100,44,31,24,158,42,36,23,313,39,7*42
$GBGSV,2,1,08,06,55,035,44,08,34,129,42,09,71,032,47,13,51,124,46,1*70
$GBGSV,2,2,08,16,47,036,44,23,66,148,51,25,41,053,48,27,17,225,42,1*7F
$GBGSV,2,1,05,06,55,035,46,08,34,129,47,09,71,032,48,13,51,124,47,B*07
$GBGSV,2,2,05,16,47,036,45,B*30
$GBGSV,4,1,13,01,03,096,,02,58,141,,03,34,114,,07,07,138,,0*7C
$GBGSV,4,2,13,10,08,148,,28,05,186,,30,12,275,,32,38,328,,0*74
$GBGSV,4,3,13,33,17,098,,37,24,199,,38,23,133,,39,38,036,,0*79
$GBGSV,4,4,13,41,53,052,,0*41
$GQGSV,1,1,02,02,12,083,41,04,19,095,39,1*62
$GQGSV,1,1,03,02,12,083,42,04,19,095,43,07,19,104,43,6*57
$GNGLL,2454.22970,N,06708.26855,E,174852.00,A,D*73
$GNRMC,174853.00,A,2454.22970,N,06708.26856,E,0.006,,300425,,,R,V*02
$GNVTG,,T,,M,0.006,N,0.011,K,D*3E
$GNGGA,174853.00,2454.22970,N,06708.26856,E,4,12,0.61,21.8,M,-44.2,M,1.0,0265*7A
$GNGSA,A,3,01,03,10,28,31,04,26,02,16,32,,,1.36,0.61,1.22,1*0C
$GNGSA,A,3,69,80,68,85,84,78,79,,,,,,1.36,0.61,1.22,2*09
$GNGSA,A,3,11,23,21,31,10,19,,,,,,,1.36,0.61,1.22,3*08
$GNGSA,A,3,06,08,13,16,09,25,27,23,,,,,1.36,0.61,1.22,4*07
$GNGSA,A,3,04,,,,,,,,,,,,1.36,0.61,1.22,5*03
$GPGSV,4,1,13,01,48,261,45,02,38,223,45,03,46,332,45,04,24,291,39,1*61
$GPGSV,4,2,13,10,11,130,38,16,25,156,42,26,43,127,44,28,34,037,44,1*62
$GPGSV,4,3,13,31,62,031,48,32,15,069,40,40,59,208,48,41,56,146,46,1*6E
$GPGSV,4,4,13,42,19,104,45,1*5C
$GPGSV,2,1,08,01,48,261,46,03,46,332,44,04,24,291,40,10,11,130,29,6*65
$GPGSV,2,2,08,26,43,127,45,28,34,037,46,31,62,031,45,32,15,069,44,6*69
$GLGSV,2,1,08,68,24,071,47,69,41,014,49,78,17,033,45,79,57,079,50,1*73
$GLGSV,2,2,08,80,40,170,49,84,29,248,39,85,19,302,41,,,,40,1*41
$GLGSV,2,1,08,68,24,071,45,69,41,014,49,78,17,033,45,79,57,079,47,3*75
$GLGSV,2,2,08,80,40,170,48,84,29,248,47,85,19,302,38,,,,41,3*44
$GLGSV,1,1,02,70,10,310,,83,03,190,,0*7F
$GAGSV,3,1,11,04,52,006,50,06,49,322,50,09,34,295,50,10,48,212,50,2*75
$GAGSV,3,2,11,11,53,259,47,12,33,186,45,19,16,063,41,21,11,051,44,2*79
$GAGSV,3,3,11,23,33,100,50,31,24,158,46,36,23,313,43,2*4B
$GAGSV,3,1,11,04,52,006,46,06,49,322,45,09,34,295,44,10,48,212,46,7*71
$GAGSV,3,2,11,11,53,259,43,12,33,186,39,19,16,063,30,21,11,051,36,7*70
$GAGSV,3,3,11,23,33,100,44,31,24,158,42,36,23,313,39,7*42
$GBGSV,2,1,08,06,55,035,44,08,34,129,42,09,71,032,47,13,51,124,46,1*70
$GBGSV,2,2,08,16,47,036,44,23,66,148,51,25,41,053,48,27,17,225,42,1*7F
$GBGSV,2,1,05,06,55,035,46,08,34,129,47,09,71,032,48,13,51,124,47,B*07
$GBGSV,2,2,05,16,47,036,45,B*30
$GBGSV,4,1,13,01,03,096,,02,58,141,,03,34,114,,07,07,138,,0*7C
$GBGSV,4,2,13,10,08,148,,28,05,186,,30,12,275,,32,38,328,,0*74
$GBGSV,4,3,13,33,17,098,,37,24,199,,38,23,133,,39,38,036,,0*79
$GBGSV,4,4,13,41,53,052,,0*41
$GQGSV,1,1,02,02,12,083,41,04,19,095,39,1*62
$GQGSV,1,1,03,02,12,083,42,04,19,095,43,07,19,104,43,6*57
$GNGLL,2454.22970,N,06708.26856,E,174853.00,A,D*71
$GNRMC,174854.00,A,2454.22970,N,06708.26856,E,0.010,,300425,,,R,V*02
$GNVTG,,T,,M,0.010,N,0.018,K,D*30
$GNGGA,174854.00,2454.22970,N,06708.26856,E,4,12,0.61,21.8,M,-44.2,M,1.0,0265*7D
$GNGSA,A,3,01,03,10,28,31,04,26,02,16,32,,,1.36,0.61,1.22,1*0C
$GNGSA,A,3,69,80,68,85,84,78,79,,,,,,1.36,0.61,1.22,2*09
$GNGSA,A,3,11,23,21,31,10,19,,,,,,,1.36,0.61,1.22,3*08
$GNGSA,A,3,06,08,13,16,09,25,27,23,,,,,1.36,0.61,1.22,4*07
$GNGSA,A,3,04,,,,,,,,,,,,1.36,0.61,1.22,5*03
$GPGSV,4,1,13,01,48,261,45,02,38,223,45,03,46,332,45,04,24,291,39,1*61
$GPGSV,4,2,13,10,11,130,38,16,25,156,42,26,43,127,44,28,34,037,44,1*62
$GPGSV,4,3,13,31,62,031,48,32,15,069,40,40,59,208,48,41,56,146,46,1*6E
$GPGSV,4,4,13,42,19,104,45,1*5C
$GPGSV,2,1,08,01,48,261,46,03,46,332,44,04,24,291,40,10,11,130,29,6*65
$GPGSV,2,2,08,26,43,127,45,28,34,037,46,31,62,031,45,32,15,069,44,6*69
$GLGSV,2,1,08,68,24,071,46,69,41,014,49,78,17,033,45,79,57,079,50,1*72
$GLGSV,2,2,08,80,40,170,49,84,29,248,39,85,19,302,41,,,,40,1*41
$GLGSV,2,1,08,68,24,071,45,69,41,014,49,78,17,033,45,79,57,079,47,3*75
$GLGSV,2,2,08,80,40,170,48,84,29,248,47,85,19,302,38,,,,41,3*44
$GLGSV,1,1,02,70,10,310,,83,03,190,,0*7F
$GAGSV,3,1,11,04,52,006,50,06,49,322,50,09,34,295,50,10,48,212,50,2*75
$GAGSV,3,2,11,11,53,259,47,12,33,186,45,19,16,063,41,21,11,051,44,2*79
$GAGSV,3,3,11,23,33,100,50,31,24,158,46,36,23,313,43,2*4B
$GAGSV,3,1,11,04,52,006,46,06,49,322,45,09,34,295,44,10,48,212,45,7*72
$GAGSV,3,2,11,11,53,259,43,12,33,186,39,19,16,063,30,21,11,051,37,7*71
$GAGSV,3,3,11,23,33,100,44,31,24,158,42,36,23,313,39,7*42
$GBGSV,2,1,08,06,55,035,44,08,34,129,42,09,71,032,47,13,51,124,46,1*70
$GBGSV,2,2,08,16,47,036,44,23,66,148,51,25,41,053,48,27,17,225,43,1*7E
$GBGSV,2,1,05,06,55,035,46,08,34,129,47,09,71,032,48,13,51,124,47,B*07
$GBGSV,2,2,05,16,47,036,45,B*30
$GBGSV,4,1,13,01,03,096,,02,58,141,,03,34,114,,07,07,138,,0*7C
$GBGSV,4,2,13,10,08,148,,28,05,186,,30,12,275,,32,38,328,,0*74
$GBGSV,4,3,13,33,17,098,,37,24,199,,38,23,133,,39,38,036,,0*79
$GBGSV,4,4,13,41,53,052,,0*41
$GQGSV,1,1,02,02,12,083,41,04,19,095,38,1*63
$GQGSV,1,1,03,02,12,083,42,04,19,095,43,07,19,104,43,6*57
$GNGLL,2454.22970,N,06708.26856,E,174854.00,A,D*76
$GNRMC,174855.00,A,2454.22970,N,06708.26856,E,0.009,,300425,,,R,V*0B
$GNVTG,,T,,M,0.009,N,0.016,K,D*36
$GNGGA,174855.00,2454.22970,N,06708.26856,E,4,12,0.61,21.8,M,-44.2,M,1.0,0265*7C
$GNGSA,A,3,01,03,10,28,31,04,26,02,16,32,,,1.36,0.61,1.22,1*0C
$GNGSA,A,3,69,80,68,85,84,78,79,,,,,,1.36,0.61,1.22,2*09
$GNGSA,A,3,11,23,21,31,10,19,,,,,,,1.36,0.61,1.22,3*08
$GNGSA,A,3,06,08,13,16,09,25,27,23,,,,,1.36,0.61,1.22,4*07
$GNGSA,A,3,04,,,,,,,,,,,,1.36,0.61,1.22,5*03
$GPGSV,4,1,13,01,48,261,45,02,38,223,45,03,46,332,45,04,24,291,39,1*61
$GPGSV,4,2,13,10,11,130,38,16,25,156,42,26,43,127,44,28,34,037,44,1*62
$GPGSV,4,3,13,31,62,031,48,32,15,069,40,40,59,208,48,41,56,146,46,1*6E
$GPGSV,4,4,13,42,19,104,45,1*5C
$GPGSV,2,1,08,01,48,261,46,03,46,332,44,04,24,291,40,10,11,130,29,6*65
$GPGSV,2,2,08,26,43,127,45,28,34,037,46,31,62,031,45,32,15,069,44,6*69
$GLGSV,2,1,08,68,24,071,46,69,41,014,49,78,17,033,45,79,57,079,50,1*72
$GLGSV,2,2,08,80,40,170,49,84,29,248,39,85,19,302,41,,,,40,1*41
$GLGSV,2,1,08,68,24,071,45,69,41,014,49,78,17,033,45,79,57,079,47,3*75
$GLGSV,2,2,08,80,40,170,48,84,29,248,47,85,19,302,38,,,,41,3*44
$GLGSV,1,1,02,70,10,310,,83,03,190,,0*7F
$GAGSV,3,1,11,04,52,006,50,06,49,322,50,09,34,295,50,10,48,212,50,2*75
$GAGSV,3,2,11,11,53,259,46,12,33,186,45,19,16,063,41,21,11,051,44,2*78
$GAGSV,3,3,11,23,33,100,50,31,24,158,46,36,23,313,43,2*4B
$GAGSV,3,1,11,04,52,006,46,06,49,322,45,09,34,295,44,10,48,212,45,7*72
$GAGSV,3,2,11,11,53,259,43,12,33,186,39,19,16,063,30,21,11,051,36,7*70
$GAGSV,3,3,11,23,33,100,44,31,24,158,42,36,23,313,39,7*42
$GBGSV,2,1,08,06,55,035,44,08,34,129,42,09,71,032,47,13,51,124,46,1*70
$GBGSV,2,2,08,16,47,036,44,23,66,148,51,25,41,053,48,27,17,225,43,1*7E
$GBGSV,2,1,05,06,55,035,46,08,34,129,47,09,71,032,48,13,51,124,47,B*07
$GBGSV,2,2,05,16,47,036,45,B*30
$GBGSV,4,1,13,01,03,096,,02,58,141,,03,34,114,,07,07,138,,0*7C
$GBGSV,4,2,13,10,08,148,,28,05,186,,30,12,275,,32,38,328,,0*74
$GBGSV,4,3,13,33,17,098,,37,24,199,,38,23,133,,39,38,036,,0*79
$GBGSV,4,4,13,41,53,052,,0*41
$GQGSV,1,1,02,02,12,083,42,04,19,095,38,1*60
$GQGSV,1,1,03,02,12,083,42,04,19,095,43,07,19,104,42,6*56
$GNGLL,2454.22970,N,06708.26856,E,174855.00,A,D*77
$GNRMC,174856.00,A,2454.22970,N,06708.26856,E,0.013,,300425,,,R,V*03
$GNVTG,,T,,M,0.013,N,0.024,K,D*3C
$GNGGA,174856.00,2454.22970,N,06708.26856,E,4,12,0.61,21.8,M,-44.2,M,1.0,0265*7F
$GNGSA,A,3,01,03,10,28,31,04,26,02,16,32,,,1.36,0.61,1.22,1*0C
$GNGSA,A,3,69,80,68,85,84,78,79,,,,,,1.36,0.61,1.22,2*09
$GNGSA,A,3,11,23,21,31,10,19,,,,,,,1.36,0.61,1.22,3*08
$GNGSA,A,3,06,08,13,16,09,25,27,23,,,,,1.36,0.61,1.22,4*07
$GNGSA,A,3,04,,,,,,,,,,,,1.36,0.61,1.22,5*03
$GPGSV,4,1,13,01,48,261,45,02,38,223,45,03,46,332,45,04,24,291,39,1*61
$GPGSV,4,2,13,10,11,130,38,16,25,156,42,26,43,127,44,28,34,037,44,1*62
$GPGSV,4,3,13,31,62,031,48,32,15,069,41,40,59,208,48,41,56,146,46,1*6F
$GPGSV,4,4,13,42,19,104,45,1*5C
$GPGSV,2,1,08,01,48,261,46,03,46,332,44,04,24,291,40,10,11,130,29,6*65
$GPGSV,2,2,08,26,43,127,45,28,34,037,46,31,62,031,45,32,15,069,44,6*69
$GLGSV,2,1,08,68,24,071,46,69,41,014,49,78,17,033,45,79,57,079,50,1*72
$GLGSV,2,2,08,80,40,170,49,84,29,248,39,85,19,302,41,,,,39,1*4F
$GLGSV,2,1,08,68,24,071,45,69,41,014,49,78,17,033,45,79,57,079,47,3*75
$GLGSV,2,2,08,80,40,170,48,84,29,248,47,85,19,302,38,,,,42,3*47
$GLGSV,1,1,02,70,10,310,,83,03,190,,0*7F
$GAGSV,3,1,11,04,52,006,50,06,49,322,50,09,34,295,50,10,48,212,50,2*75
$GAGSV,3,2,11,11,53,259,47,12,33,186,45,19,16,063,41,21,11,051,44,2*79
$GAGSV,3,3,11,23,33,100,50,31,24,158,46,36,23,313,43,2*4B
$GAGSV,3,1,11,04,52,006,46,06,49,322,45,09,34,295,44,10,48,212,45,7*72
$GAGSV,3,2,11,11,53,259,43,12,33,186,39,19,16,063,30,21,11,051,36,7*70
$GAGSV,3,3,11,23,33,100,44,31,24,158,42,36,23,313,39,7*42
$GBGSV,2,1,08,06,55,035,44,08,34,129,42,09,71,032,47,13,51,124,46,1*70
$GBGSV,2,2,08,16,47,036,44,23,66,148,51,25,41,053,49,27,17,225,43,1*7F
$GBGSV,2,1,05,06,55,035,46,08,34,129,47,09,71,032,48,13,51,124,47,B*07
$GBGSV,2,2,05,16,47,036,45,B*30
$GBGSV,4,1,13,01,03,096,,02,58,141,,03,34,114,,07,07,138,,0*7C
$GBGSV,4,2,13,10,08,148,,28,05,186,,30,12,275,,32,38,328,,0*74
$GBGSV,4,3,13,33,17,098,,37,24,199,,38,23,133,,39,38,036,,0*79
$GBGSV,4,4,13,41,53,052,,0*41
$GQGSV,1,1,02,02,12,083,41,04,19,095,38,1*63
$GQGSV,1,1,03,02,12,083,42,04,19,095,43,07,19,104,43,6*57
$GNGLL,2454.22970,N,06708.26856,E,174856.00,A,D*74
$GNRMC,174857.00,A,2454.22970,N,06708.26856,E,0.012,,300425,,,R,V*03
$GNVTG,,T,,M,0.012,N,0.022,K,D*3B
$GNGGA,174857.00,2454.22970,N,06708.26856,E,4,12,0.61,21.8,M,-44.2,M,1.0,0265*7E
$GNGSA,A,3,01,03,10,28,31,04,26,02,16,32,,,1.36,0.61,1.22,1*0C
$GNGSA,A,3,69,80,68,85,84,78,79,,,,,,1.36,0.61,1.22,2*09
$GNGSA,A,3,11,23,21,31,10,19,,,,,,,1.36,0.61,1.22,3*08
$GNGSA,A,3,06,08,13,16,09,25,27,23,,,,,1.36,0.61,1.22,4*07
$GNGSA,A,3,04,,,,,,,,,,,,1.36,0.61,1.22,5*03
$GPGSV,4,1,13,01,48,261,45,02,38,223,45,03,46,332,45,04,24,291,39,1*61
$GPGSV,4,2,13,10,11,130,38,16,25,156,42,26,43,127,44,28,34,037,44,1*62
$GPGSV,4,3,13,31,62,031,48,32,15,069,40,40,59,208,48,41,56,146,46,1*6E
$GPGSV,4,4,13,42,19,104,45,1*5C
$GPGSV,2,1,08,01,48,261,46,03,46,332,44,04,24,291,41,10,11,130,29,6*64
$GPGSV,2,2,08,26,43,127,45,28,34,037,46,31,62,031,45,32,15,069,44,6*69
$GLGSV,2,1,08,68,24,071,46,69,41,014,49,78,17,033,45,79,57,079,50,1*72
$GLGSV,2,2,08,80,40,170,50,84,29,248,39,85,19,302,41,,,,39,1*47
$GLGSV,2,1,08,68,24,071,45,69,41,014,49,78,17,033,45,79,57,079,47,3*75
$GLGSV,2,2,08,80,40,170,48,84,29,248,47,85,19,302,38,,,,42,3*47
$GLGSV,1,1,02,70,10,310,,83,03,190,,0*7F
$GAGSV,3,1,11,04,52,006,50,06,49,322,50,09,34,295,50,10,48,212,50,2*75
$GAGSV,3,2,11,11,53,259,47,12,33,186,45,19,16,063,41,21,11,051,44,2*79
$GAGSV,3,3,11,23,33,100,50,31,24,158,46,36,23,313,43,2*4B
$GAGSV,3,1,11,04,52,006,46,06,49,322,45,09,34,295,44,10,48,212,45,7*72
$GAGSV,3,2,11,11,53,259,43,12,33,186,39,19,16,063,30,21,11,051,36,7*70
$GAGSV,3,3,11,23,33,100,44,31,24,158,42,36,23,313,39,7*42
$GBGSV,2,1,08,06,55,035,44,08,34,129,42,09,71,032,47,13,51,124,46,1*70
$GBGSV,2,2,08,16,47,036,44,23,66,148,51,25,41,053,48,27,17,225,43,1*7E
$GBGSV,2,1,05,06,55,035,46,08,34,129,47,09,71,032,48,13,51,124,47,B*07
$GBGSV,2,2,05,16,47,036,45,B*30
$GBGSV,4,1,13,01,03,096,,02,58,141,,03,34,114,,07,07,138,,0*7C
$GBGSV,4,2,13,10,08,148,,28,05,186,,30,12,275,,32,38,328,,0*74
$GBGSV,4,3,13,33,17,098,,37,24,199,,38,23,133,,39,38,036,,0*79
$GBGSV,4,4,13,41,53,052,,0*41
$GQGSV,1,1,02,02,12,083,41,04,19,095,38,1*63
$GQGSV,1,1,03,02,12,083,42,04,19,095,43,07,19,104,42,6*56
$GNGLL,2454.22970,N,06708.26856,E,174857.00,A,D*75
$GNRMC,174858.00,A,2454.22970,N,06708.26856,E,0.006,,300425,,,R,V*09
$GNVTG,,T,,M,0.006,N,0.012,K,D*3D
$GNGGA,174858.00,2454.22970,N,06708.26856,E,4,12,0.61,21.8,M,-44.2,M,1.0,0265*71
$GNGSA,A,3,01,03,10,28,31,04,26,02,16,32,,,1.36,0.61,1.22,1*0C
$GNGSA,A,3,69,80,68,85,84,78,79,,,,,,1.36,0.61,1.22,2*09
$GNGSA,A,3,11,23,21,31,10,19,,,,,,,1.36,0.61,1.22,3*08
$GNGSA,A,3,06,08,13,16,09,25,27,23,,,,,1.36,0.61,1.22,4*07
$GNGSA,A,3,04,,,,,,,,,,,,1.36,0.61,1.22,5*03
$GPGSV,4,1,13,01,48,261,45,02,38,223,45,03,46,332,45,04,24,291,39,1*61
$GPGSV,4,2,13,10,11,130,38,16,25,156,42,26,43,127,44,28,34,037,44,1*62
$GPGSV,4,3,13,31,62,031,48,32,15,069,40,40,59,208,48,41,56,146,46,1*6E
$GPGSV,4,4,13,42,19,104,45,1*5C
$GPGSV,2,1,08,01,48,261,46,03,46,332,45,04,24,291,41,10,11,130,29,6*65
$GPGSV,2,2,08,26,43,127,45,28,34,037,46,31,62,031,44,32,15,069,44,6*68
$GLGSV,2,1,08,68,24,071,46,69,41,014,49,78,17,033,45,79,57,079,50,1*72
$GLGSV,2,2,08,80,40,170,50,84,29,248,39,85,19,302,41,,,,39,1*47
$GLGSV,2,1,08,68,24,071,45,69,41,014,49,78,17,033,45,79,57,079,47,3*75
$GLGSV,2,2,08,80,40,170,48,84,29,248,47,85,19,302,38,,,,42,3*47
$GLGSV,1,1,02,70,10,310,,83,03,190,,0*7F
$GAGSV,3,1,11,04,52,006,50,06,49,322,50,09,34,295,50,10,48,212,50,2*75
$GAGSV,3,2,11,11,53,259,47,12,33,186,45,19,16,063,41,21,11,051,44,2*79
$GAGSV,3,3,11,23,33,100,50,31,24,158,46,36,23,313,43,2*4B
$GAGSV,3,1,11,04,52,006,46,06,49,322,45,09,34,295,44,10,48,212,45,7*72
$GAGSV,3,2,11,11,53,259,43,12,33,186,38,19,16,063,30,21,11,051,36,7*71
$GAGSV,3,3,11,23,33,100,44,31,24,158,42,36,23,313,39,7*42
$GBGSV,2,1,08,06,55,035,44,08,34,129,42,09,71,032,47,13,51,124,46,1*70
$GBGSV,2,2,08,16,47,036,44,23,66,148,51,25,41,053,49,27,17,225,43,1*7F
$GBGSV,2,1,05,06,55,035,46,08,34,129,47,09,71,032,48,13,51,124,47,B*07
$GBGSV,2,2,05,16,47,036,45,B*30
$GBGSV,4,1,13,01,03,096,,02,58,141,,03,34,114,,07,07,138,,0*7C
$GBGSV,4,2,13,10,08,148,,28,05,186,,30,12,275,,32,38,328,,0*74
$GBGSV,4,3,13,33,17,098,,37,24,199,,38,23,133,,39,38,036,,0*79
$GBGSV,4,4,13,41,53,052,,0*41
$GQGSV,1,1,02,02,12,083,41,04,19,095,39,1*62
$GQGSV,1,1,03,02,12,083,42,04,19,095,43,07,19,104,42,6*56
$GNGLL,2454.22970,N,06708.26856,E,174858.00,A,D*7A
$GNRMC,174859.00,A,2454.22970,N,06708.26856,E,0.001,,300425,,,R,V*0F
$GNVTG,,T,,M,0.001,N,0.002,K,D*3B
$GNGGA,174859.00,2454.22970,N,06708.26856,E,4,12,0.61,21.8,M,-44.2,M,1.0,0265*70
$GNGSA,A,3,01,03,10,28,31,04,26,02,16,32,,,1.36,0.61,1.22,1*0C
$GNGSA,A,3,69,80,68,85,84,78,79,,,,,,1.36,0.61,1.22,2*09
$GNGSA,A,3,11,23,21,31,10,19,,,,,,,1.36,0.61,1.22,3*08
$GNGSA,A,3,06,08,13,16,09,25,27,23,,,,,1.36,0.61,1.22,4*07
$GNGSA,A,3,04,,,,,,,,,,,,1.36,0.61,1.22,5*03
$GPGSV,4,1,13,01,48,261,45,02,38,223,45,03,46,332,45,04,24,291,39,1*61
$GPGSV,4,2,13,10,11,130,38,16,25,156,42,26,43,127,44,28,34,037,44,1*62
$GPGSV,4,3,13,31,62,031,48,32,15,069,40,40,59,208,48,41,56,146,46,1*6E
$GPGSV,4,4,13,42,19,104,45,1*5C
$GPGSV,2,1,08,01,48,261,46,03,46,332,45,04,24,291,41,10,11,130,29,6*65
$GPGSV,2,2,08,26,43,127,45,28,34,037,46,31,62,031,44,32,15,069,44,6*68
$GLGSV,2,1,08,68,24,071,46,69,41,014,49,78,17,033,45,79,57,079,50,1*72
$GLGSV,2,2,08,80,40,170,49,84,29,248,39,85,19,302,41,,,,39,1*4F
$GLGSV,2,1,08,68,24,071,45,69,41,014,49,78,17,033,45,79,57,079,47,3*75
$GLGSV,2,2,08,80,40,170,48,84,29,248,47,85,19,302,38,,,,42,3*47
$GLGSV,1,1,02,70,10,310,,83,03,190,,0*7F
$GAGSV,3,1,11,04,52,006,50,06,49,322,50,09,34,295,50,10,48,212,50,2*75
$GAGSV,3,2,11,11,53,259,47,12,33,186,45,19,16,063,41,21,11,051,44,2*79
$GAGSV,3,3,11,23,33,100,50,31,24,158,46,36,23,313,43,2*4B
$GAGSV,3,1,11,04,52,006,46,06,49,322,45,09,34,295,44,10,48,212,45,7*72
$GAGSV,3,2,11,11,53,259,43,12,33,186,39,19,16,063,30,21,11,051,36,7*70
$GAGSV,3,3,11,23,33,100,44,31,24,158,42,36,23,313,39,7*42
$GBGSV,2,1,08,06,55,035,44,08,34,129,42,09,71,032,47,13,51,124,46,1*70
$GBGSV,2,2,08,16,47,036,44,23,66,148,51,25,41,053,49,27,17,225,43,1*7F
$GBGSV,2,1,05,06,55,035,46,08,34,129,47,09,71,032,48,13,51,124,47,B*07
$GBGSV,2,2,05,16,47,036,45,B*30
$GBGSV,4,1,13,01,03,096,,02,58,141,,03,34,114,,07,07,138,,0*7C
$GBGSV,4,2,13,10,08,148,,28,05,186,,30,12,275,,32,38,328,,0*74
$GBGSV,4,3,13,33,17,098,,37,24,199,,38,23,133,,39,38,036,,0*79
$GBGSV,4,4,13,41,53,052,,0*41
$GQGSV,1,1,02,02,12,083,41,04,19,095,39,1*62
$GQGSV,1,1,03,02,12,083,42,04,19,095,43,07,19,104,42,6*56
$GNGLL,2454.22970,N,06708.26856,E,174859.00,A,D*7B
$GNRMC,174900.00,A,2454.22970,N,06708.26856,E,0.003,,300425,,,R,V*00
$GNVTG,,T,,M,0.003,N,0.005,K,D*3E
$GNGGA,174900.00,2454.22970,N,06708.26856,E,4,12,0.61,21.8,M,-44.2,M,1.0,0265*7D
$GNGSA,A,3,01,03,10,28,31,04,26,02,16,32,,,1.36,0.61,1.22,1*0C
$GNGSA,A,3,69,80,68,85,84,78,79,,,,,,1.36,0.61,1.22,2*09
$GNGSA,A,3,11,23,21,31,10,19,,,,,,,1.36,0.61,1.22,3*08
$GNGSA,A,3,06,08,13,16,09,25,27,23,,,,,1.36,0.61,1.22,4*07
$GNGSA,A,3,04,,,,,,,,,,,,1.36,0.61,1.22,5*03
$GPGSV,4,1,13,01,48,261,45,02,38,223,45,03,46,332,45,04,24,291,39,1*61
$GPGSV,4,2,13,10,11,130,38,16,25,156,42,26,43,127,44,28,34,037,44,1*62
$GPGSV,4,3,13,31,62,031,48,32,15,069,40,40,59,208,48,41,56,146,46,1*6E
$GPGSV,4,4,13,42,19,104,45,1*5C
$GPGSV,2,1,08,01,48,261,46,03,46,332,45,04,24,291,41,10,11,130,29,6*65
$GPGSV,2,2,08,26,43,127,45,28,34,037,46,31,62,031,44,32,15,069,44,6*68
$GLGSV,2,1,08,68,24,071,47,69,41,014,49,78,17,033,45,79,57,079,50,1*73
$GLGSV,2,2,08,80,40,170,49,84,29,248,39,85,19,302,41,,,,39,1*4F
$GLGSV,2,1,08,68,24,071,45,69,41,014,49,78,17,033,45,79,57,079,47,3*75
$GLGSV,2,2,08,80,40,170,48,84,29,248,47,85,19,302,38,,,,42,3*47
$GLGSV,1,1,02,70,10,310,,83,03,190,,0*7F
$GAGSV,3,1,11,04,52,006,50,06,49,322,50,09,34,295,50,10,48,212,50,2*75
$GAGSV,3,2,11,11,53,259,47,12,33,186,45,19,16,063,41,21,11,051,44,2*79
$GAGSV,3,3,11,23,33,100,50,31,24,158,46,36,23,313,43,2*4B
$GAGSV,3,1,11,04,52,006,46,06,49,322,45,09,34,295,44,10,48,212,45,7*72
$GAGSV,3,2,11,11,53,259,43,12,33,186,38,19,16,063,30,21,11,051,36,7*71
$GAGSV,3,3,11,23,33,100,44,31,24,158,42,36,23,313,39,7*42
$GBGSV,2,1,08,06,55,035,44,08,34,129,42,09,71,032,47,13,51,124,46,1*70
$GBGSV,2,2,08,16,47,036,44,23,66,148,51,25,41,053,49,27,17,225,43,1*7F
$GBGSV,2,1,05,06,55,035,46,08,34,129,47,09,71,032,48,13,51,124,47,B*07
$GBGSV,2,2,05,16,47,036,45,B*30
$GBGSV,4,1,13,01,03,096,,02,58,141,,03,34,114,,07,07,138,,0*7C
$GBGSV,4,2,13,10,08,148,,28,05,186,,30,12,275,,32,38,328,,0*74
$GBGSV,4,3,13,33,17,098,,37,24,199,,38,23,133,,39,38,036,,0*79
$GBGSV,4,4,13,41,53,052,,0*41
$GQGSV,1,1,02,02,12,083,41,04,19,095,38,1*63
$GQGSV,1,1,03,02,12,083,42,04,19,095,43,07,19,104,43,6*57
$GNGLL,2454.22970,N,06708.26856,E,174900.00,A,D*76
$GNRMC,174901.00,A,2454.22970,N,06708.26856,E,0.007,,300425,,,R,V*05
$GNVTG,,T,,M,0.007,N,0.014,K,D*3A
$GNGGA,174901.00,2454.22970,N,06708.26856,E,4,12,0.61,21.8,M,-44.2,M,1.0,0265*7C
$GNGSA,A,3,01,03,10,28,31,04,26,02,16,32,,,1.36,0.61,1.22,1*0C
$GNGSA,A,3,69,80,68,85,84,78,79,,,,,,1.36,0.61,1.22,2*09
$GNGSA,A,3,11,23,21,31,10,19,,,,,,,1.36,0.61,1.22,3*08
$GNGSA,A,3,06,08,13,16,09,25,27,23,,,,,1.36,0.61,1.22,4*07
$GNGSA,A,3,04,,,,,,,,,,,,1.36,0.61,1.22,5*03
$GPGSV,4,1,13,01,48,261,45,02,38,223,45,03,46,332,45,04,24,291,39,1*61
$GPGSV,4,2,13,10,11,130,39,16,25,156,42,26,43,127,44,28,34,037,44,1*63
$GPGSV,4,3,13,31,62,031,48,32,15,069,40,40,59,208,48,41,56,146,46,1*6E
$GPGSV,4,4,13,42,19,104,45,1*5C
$GPGSV,2,1,08,01,48,261,46,03,46,332,45,04,24,291,41,10,11,130,29,6*65
$GPGSV,2,2,08,26,43,127,45,28,34,037,46,31,62,031,44,32,15,069,44,6*68
$GLGSV,2,1,08,68,24,071,47,69,41,014,49,78,17,033,44,79,57,079,50,1*72
$GLGSV,2,2,08,80,40,170,49,84,29,248,39,85,19,302,41,,,,39,1*4F
$GLGSV,2,1,08,68,24,071,45,69,41,014,49,78,17,033,45,79,57,079,47,3*75
$GLGSV,2,2,08,80,40,170,48,84,29,248,47,85,19,302,37,,,,42,3*48
$GLGSV,1,1,02,70,10,310,,83,03,190,,0*7F
$GAGSV,3,1,11,04,52,006,50,06,49,322,50,09,34,295,50,10,48,212,50,2*75
$GAGSV,3,2,11,11,53,259,47,12,33,186,45,19,16,063,40,21,11,051,44,2*78
$GAGSV,3,3,11,23,33,100,50,31,24,158,46,36,23,313,43,2*4B
$GAGSV,3,1,11,04,52,006,46,06,49,322,45,09,34,295,44,10,48,212,45,7*72
$GAGSV,3,2,11,11,53,259,43,12,33,186,39,19,16,063,30,21,11,051,36,7*70
$GAGSV,3,3,11,23,33,100,44,31,24,158,42,36,23,313,39,7*42
$GBGSV,2,1,08,06,55,035,44,08,34,129,42,09,71,032,47,13,51,124,46,1*70
$GBGSV,2,2,08,16,47,036,44,23,66,148,51,25,41,053,49,27,17,225,43,1*7F
$GBGSV,2,1,05,06,55,035,46,08,34,129,47,09,71,032,48,13,51,124,47,B*07
$GBGSV,2,2,05,16,47,036,45,B*30
$GBGSV,4,1,13,01,03,096,,02,58,141,,03,34,114,,07,07,138,,0*7C
$GBGSV,4,2,13,10,08,148,,28,05,186,,30,12,275,,32,38,328,,0*74
$GBGSV,4,3,13,33,17,098,,37,24,199,,38,23,133,,39,38,036,,0*79
$GBGSV,4,4,13,41,53,052,,0*41
$GQGSV,1,1,02,02,12,083,42,04,19,095,38,1*60
$GQGSV,1,1,03,02,12,083,42,04,19,095,43,07,19,104,42,6*56
$GNGLL,2454.22970,N,06708.26856,E,174901.00,A,D*77
$GNRMC,174902.00,A,2454.22970,N,06708.26856,E,0.007,,300425,,,R,V*06
$GNVTG,,T,,M,0.007,N,0.013,K,D*3D
$GNGGA,174902.00,2454.22970,N,06708.26856,E,4,12,0.61,21.8,M,-44.2,M,1.0,0265*7F
$GNGSA,A,3,01,03,10,28,31,04,26,02,16,32,,,1.36,0.61,1.22,1*0C
$GNGSA,A,3,69,80,68,85,84,78,79,,,,,,1.36,0.61,1.22,2*09
$GNGSA,A,3,11,23,21,31,10,19,,,,,,,1.36,0.61,1.22,3*08
$GNGSA,A,3,06,08,13,16,09,25,27,23,,,,,1.36,0.61,1.22,4*07
$GNGSA,A,3,04,,,,,,,,,,,,1.36,0.61,1.22,5*03
$GPGSV,4,1,13,01,48,261,45,02,38,223,45,03,46,332,45,04,24,291,39,1*61
$GPGSV,4,2,13,10,11,130,39,16,25,156,42,26,43,127,44,28,34,037,44,1*63
$GPGSV,4,3,13,31,62,031,48,32,15,069,40,40,59,208,48,41,56,146,46,1*6E
$GPGSV,4,4,13,42,19,104,45,1*5C
$GPGSV,2,1,08,01,48,261,46,03,46,332,45,04,24,291,41,10,11,130,29,6*65
$GPGSV,2,2,08,26,43,127,45,28,34,037,46,31,62,031,44,32,15,069,44,6*68
$GLGSV,2,1,08,68,24,071,47,69,41,014,49,78,17,033,44,79,57,079,50,1*72
$GLGSV,2,2,08,80,40,170,49,84,29,248,39,85,19,302,41,,,,39,1*4F
$GLGSV,2,1,08,68,24,071,45,69,41,014,49,78,17,033,45,79,57,079,47,3*75
$GLGSV,2,2,08,80,40,170,48,84,29,248,47,85,19,302,37,,,,43,3*49
$GLGSV,1,1,02,70,10,310,,83,03,190,,0*7F
$GAGSV,3,1,11,04,52,006,50,06,49,322,50,09,34,295,50,10,48,212,50,2*75
$GAGSV,3,2,11,11,53,259,47,12,33,186,45,19,16,063,41,21,11,051,44,2*79
$GAGSV,3,3,11,23,33,100,50,31,24,158,46,36,23,313,43,2*4B
$GAGSV,3,1,11,04,52,006,46,06,49,322,45,09,34,295,44,10,48,212,45,7*72
$GAGSV,3,2,11,11,53,259,43,12,33,186,38,19,16,063,31,21,11,051,36,7*70
$GAGSV,3,3,11,23,33,100,44,31,24,158,42,36,23,313,39,7*42
$GBGSV,2,1,08,06,55,035,44,08,34,129,42,09,71,032,47,13,51,124,46,1*70
$GBGSV,2,2,08,16,47,036,44,23,66,148,51,25,41,053,49,27,17,225,43,1*7F
$GBGSV,2,1,05,06,55,035,46,08,34,129,47,09,71,032,48,13,51,124,47,B*07
$GBGSV,2,2,05,16,47,036,45,B*30
$GBGSV,4,1,13,01,03,096,,02,58,141,,03,34,114,,07,07,138,,0*7C
$GBGSV,4,2,13,10,08,148,,28,05,186,,30,12,275,,32,38,328,,0*74
$GBGSV,4,3,13,33,17,098,,37,24,199,,38,23,133,,39,38,036,,0*79
$GBGSV,4,4,13,41,53,052,,0*41
$GQGSV,1,1,02,02,12,083,41,04,19,095,38,1*63
$GQGSV,1,1,03,02,12,083,42,04,19,095,43,07,19,104,43,6*57
$GNGLL,2454.22970,N,06708.26856,E,174902.00,A,D*74
$GNRMC,174903.00,A,2454.22970,N,06708.26856,E,0.014,,300425,,,R,V*05
$GNVTG,,T,,M,0.014,N,0.026,K,D*39
$GNGGA,174903.00,2454.22970,N,06708.26856,E,4,12,0.61,21.8,M,-44.2,M,1.0,0265*7E
$GNGSA,A,3,01,03,10,28,31,04,26,02,16,32,,,1.36,0.61,1.22,1*0C
$GNGSA,A,3,69,80,68,85,84,78,79,,,,,,1.36,0.61,1.22,2*09
$GNGSA,A,3,11,23,21,31,10,19,,,,,,,1.36,0.61,1.22,3*08
$GNGSA,A,3,06,08,13,16,09,25,27,23,,,,,1.36,0.61,1.22,4*07
$GNGSA,A,3,04,,,,,,,,,,,,1.36,0.61,1.22,5*03
$GPGSV,4,1,13,01,48,261,45,02,38,223,45,03,46,332,45,04,24,291,39,1*61
$GPGSV,4,2,13,10,11,130,39,16,25,156,42,26,43,127,44,28,34,037,44,1*63
$GPGSV,4,3,13,31,62,031,48,32,15,069,40,40,59,208,48,41,56,146,46,1*6E
$GPGSV,4,4,13,42,19,104,45,1*5C
$GPGSV,2,1,08,01,48,261,46,03,46,332,45,04,24,291,40,10,11,130,29,6*64
$GPGSV,2,2,08,26,43,127,45,28,34,037,46,31,62,031,44,32,15,069,44,6*68
$GLGSV,2,1,08,68,24,071,47,69,41,014,49,78,17,033,44,79,57,079,50,1*72
$GLGSV,2,2,08,80,40,170,49,84,29,248,39,85,19,302,41,,,,39,1*4F
$GLGSV,2,1,08,68,24,071,45,69,41,014,49,78,17,033,45,79,57,079,47,3*75
$GLGSV,2,2,08,80,40,170,48,84,29,248,47,85,19,302,37,,,,43,3*49
$GLGSV,1,1,02,70,10,310,,83,03,190,,0*7F
$GAGSV,3,1,11,04,52,006,50,06,49,322,50,09,34,295,50,10,48,212,50,2*75
$GAGSV,3,2,11,11,53,259,47,12,33,186,45,19,16,063,41,21,11,051,44,2*79
$GAGSV,3,3,11,23,33,100,50,31,24,158,46,36,23,313,43,2*4B
$GAGSV,3,1,11,04,52,006,46,06,49,322,45,09,34,295,44,10,48,212,45,7*72
$GAGSV,3,2,11,11,53,259,43,12,33,186,39,19,16,063,31,21,11,051,36,7*71
$GAGSV,3,3,11,23,33,100,44,31,24,158,42,36,23,313,39,7*42
$GBGSV,2,1,08,06,55,035,44,08,34,129,42,09,71,032,47,13,51,124,46,1*70
$GBGSV,2,2,08,16,47,036,44,23,66,148,51,25,41,053,49,27,17,225,43,1*7F
$GBGSV,2,1,05,06,55,035,46,08,34,129,47,09,71,032,48,13,51,124,47,B*07
$GBGSV,2,2,05,16,47,036,45,B*30
$GBGSV,4,1,13,01,03,096,,02,58,141,,03,34,114,,07,07,138,,0*7C
$GBGSV,4,2,13,10,08,148,,28,05,186,,30,12,275,,32,38,328,,0*74
$GBGSV,4,3,13,33,17,098,,37,24,199,,38,23,133,,39,38,036,,0*79
$GBGSV,4,4,13,41,53,052,,0*41
$GQGSV,1,1,02,02,12,083,41,04,19,095,38,1*63
$GQGSV,1,1,03,02,12,083,42,04,19,095,43,07,19,104,43,6*57
$GNGLL,2454.22970,N,06708.26856,E,174903.00,A,D*75
$GNRMC,174904.00,A,2454.22970,N,06708.26856,E,0.009,,300425,,,R,V*0E
$GNVTG,,T,,M,0.009,N,0.017,K,D*37
$GNGGA,174904.00,2454.22970,N,06708.26856,E,4,12,0.61,21.8,M,-44.2,M,1.0,0265*79
$GNGSA,A,3,01,03,10,28,31,04,26,02,16,32,,,1.36,0.61,1.22,1*0C
$GNGSA,A,3,69,80,68,85,84,78,79,,,,,,1.36,0.61,1.22,2*09
$GNGSA,A,3,11,23,21,31,10,19,,,,,,,1.36,0.61,1.22,3*08
$GNGSA,A,3,06,08,13,16,09,25,27,23,,,,,1.36,0.61,1.22,4*07
$GNGSA,A,3,04,,,,,,,,,,,,1.36,0.61,1.22,5*03
$GPGSV,4,1,13,01,48,261,46,02,38,223,45,03,46,332,45,04,24,291,39,1*62
$GPGSV,4,2,13,10,11,130,39,16,25,156,42,26,43,127,44,28,34,037,44,1*63
$GPGSV,4,3,13,31,62,031,48,32,15,069,40,40,59,208,48,41,56,146,46,1*6E
$GPGSV,4,4,13,42,19,104,45,1*5C
$GPGSV,2,1,08,01,48,261,46,03,46,332,45,04,24,291,40,10,11,130,29,6*64
$GPGSV,2,2,08,26,43,127,45,28,34,037,46,31,62,031,44,32,15,069,44,6*68
$GLGSV,2,1,08,68,24,071,47,69,41,014,49,78,17,033,44,79,57,079,51,1*73
$GLGSV,2,2,08,80,40,170,49,84,29,248,39,85,19,302,42,,,,39,1*4C
$GLGSV,2,1,08,68,24,071,45,69,41,014,49,78,17,033,45,79,57,079,47,3*75
$GLGSV,2,2,08,80,40,170,48,84,29,248,47,85,19,302,37,,,,43,3*49
$GLGSV,1,1,02,70,10,310,,83,03,190,,0*7F
$GAGSV,3,1,11,04,52,006,50,06,49,322,50,09,34,295,50,10,48,212,50,2*75
$GAGSV,3,2,11,11,53,259,47,12,33,186,45,19,16,063,41,21,11,051,44,2*79
$GAGSV,3,3,11,23,33,100,50,31,24,158,47,36,23,313,43,2*4A
$GAGSV,3,1,11,04,52,006,46,06,49,322,45,09,34,295,44,10,48,212,45,7*72
$GAGSV,3,2,11,11,53,259,43,12,33,186,38,19,16,063,31,21,11,051,36,7*70
$GAGSV,3,3,11,23,33,100,44,31,24,158,42,36,23,313,39,7*42
$GBGSV,2,1,08,06,55,035,44,08,34,129,42,09,71,032,47,13,51,124,46,1*70
$GBGSV,2,2,08,16,47,036,44,23,66,148,51,25,41,053,49,27,17,225,43,1*7F
$GBGSV,2,1,05,06,55,035,46,08,34,129,47,09,71,032,48,13,51,124,47,B*07
$GBGSV,2,2,05,16,47,036,45,B*30
$GBGSV,4,1,13,01,03,096,,02,58,141,,03,34,114,,07,07,138,,0*7C
$GBGSV,4,2,13,10,08,148,,28,05,186,,30,12,275,,32,38,328,,0*74
$GBGSV,4,3,13,33,17,098,,37,24,199,,38,23,133,,39,38,036,,0*79
$GBGSV,4,4,13,41,53,052,,0*41
$GQGSV,1,1,02,02,12,083,41,04,19,095,38,1*63
$GQGSV,1,1,03,02,12,083,42,04,19,095,43,07,19,104,43,6*57
$GNGLL,2454.22970,N,06708.26856,E,174904.00,A,D*72
$GNRMC,174905.00,A,2454.22970,N,06708.26855,E,0.004,,300425,,,R,V*01
$GNVTG,,T,,M,0.004,N,0.008,K,D*34
$GNGGA,174905.00,2454.22970,N,06708.26855,E,4,12,0.61,21.8,M,-44.2,M,1.0,0265*7B
$GNGSA,A,3,01,03,10,28,31,04,26,02,16,32,,,1.36,0.61,1.21,1*0F
$GNGSA,A,3,69,80,68,85,84,78,79,,,,,,1.36,0.61,1.21,2*0A
$GNGSA,A,3,11,23,21,31,10,19,,,,,,,1.36,0.61,1.21,3*0B
$GNGSA,A,3,06,08,13,16,09,25,27,23,,,,,1.36,0.61,1.21,4*04
$GNGSA,A,3,04,,,,,,,,,,,,1.36,0.61,1.21,5*00
$GPGSV,4,1,13,01,48,261,45,02,38,223,45,03,46,332,45,04,24,291,39,1*61
$GPGSV,4,2,13,10,11,130,39,16,25,156,42,26,43,127,44,28,34,037,43,1*64
$GPGSV,4,3,13,31,62,031,48,32,15,069,40,40,59,208,48,41,56,146,46,1*6E
$GPGSV,4,4,13,42,19,104,45,1*5C
$GPGSV,2,1,08,01,48,261,46,03,46,332,45,04,24,291,40,10,11,130,30,6*6C
$GPGSV,2,2,08,26,43,127,45,28,34,037,46,31,62,031,44,32,15,069,44,6*68
$GLGSV,2,1,08,68,24,071,47,69,41,014,49,78,17,033,44,79,57,079,51,1*73
$GLGSV,2,2,08,80,40,170,49,84,29,248,39,85,19,302,41,,,,39,1*4F
$GLGSV,2,1,08,68,24,071,45,69,41,014,49,78,17,033,45,79,57,079,47,3*75
$GLGSV,2,2,08,80,40,170,48,84,29,248,47,85,19,302,37,,,,43,3*49
$GLGSV,1,1,02,70,10,310,,83,03,190,,0*7F
$GAGSV,3,1,11,04,52,006,50,06,49,323,50,09,34,295,50,10,48,212,50,2*74
$GAGSV,3,2,11,11,53,259,47,12,33,186,45,19,16,063,41,21,11,051,44,2*79
$GAGSV,3,3,11,23,33,100,50,31,24,158,46,36,23,313,43,2*4B
$GAGSV,3,1,11,04,52,006,46,06,49,323,45,09,34,295,44,10,48,212,45,7*73
$GAGSV,3,2,11,11,53,259,43,12,33,186,38,19,16,063,31,21,11,051,36,7*70
$GAGSV,3,3,11,23,33,100,44,31,24,158,42,36,23,313,39,7*42
$GBGSV,2,1,08,06,55,035,44,08,34,129,42,09,71,032,47,13,51,124,46,1*70
$GBGSV,2,2,08,16,47,036,44,23,66,148,51,25,41,053,49,27,17,225,43,1*7F
$GBGSV,2,1,05,06,55,035,46,08,34,129,47,09,71,032,48,13,51,124,47,B*07
$GBGSV,2,2,05,16,47,036,45,B*30
$GBGSV,4,1,13,01,03,096,,02,58,141,,03,34,114,,07,07,138,,0*7C
$GBGSV,4,2,13,10,08,148,,28,05,186,,30,12,275,,32,38,328,,0*74
$GBGSV,4,3,13,33,17,098,,37,24,199,,38,23,133,,39,38,036,,0*79
$GBGSV,4,4,13,41,53,052,,0*41
$GQGSV,1,1,02,02,12,083,41,04,19,095,38,1*63
$GQGSV,1,1,03,02,12,083,42,04,19,095,43,07,19,104,43,6*57
$GNGLL,2454.22970,N,06708.26855,E,174905.00,A,D*70
$GNRMC,174906.00,A,2454.22970,N,06708.26855,E,0.005,,300425,,,R,V*03
$GNVTG,,T,,M,0.005,N,0.009,K,D*34
$GNGGA,174906.00,2454.22970,N,06708.26855,E,4,12,0.61,21.8,M,-44.2,M,1.0,0265*78
$GNGSA,A,3,01,03,10,28,31,04,26,02,16,32,,,1.36,0.61,1.21,1*0F
$GNGSA,A,3,69,80,68,85,84,78,79,,,,,,1.36,0.61,1.21,2*0A
$GNGSA,A,3,11,23,21,31,10,19,,,,,,,1.36,0.61,1.21,3*0B
$GNGSA,A,3,06,08,13,16,09,25,27,23,,,,,1.36,0.61,1.21,4*04
$GNGSA,A,3,04,,,,,,,,,,,,1.36,0.61,1.21,5*00
$GPGSV,4,1,13,01,48,261,45,02,38,223,45,03,46,332,45,04,24,291,39,1*61
$GPGSV,4,2,13,10,11,130,39,16,25,156,42,26,43,127,44,28,34,037,43,1*64
$GPGSV,4,3,13,31,62,031,48,32,15,069,40,40,59,208,48,41,56,146,46,1*6E
$GPGSV,4,4,13,42,19,104,45,1*5C
$GPGSV,2,1,08,01,48,261,46,03,46,332,45,04,24,291,41,10,11,130,29,6*65
$GPGSV,2,2,08,26,43,127,45,28,34,037,46,31,62,031,44,32,15,069,44,6*68
$GLGSV,2,1,08,68,24,071,47,69,41,014,49,78,17,033,43,79,57,079,50,1*75
$GLGSV,2,2,08,80,40,170,50,84,29,248,39,85,19,302,41,,,,39,1*47
$GLGSV,2,1,08,68,24,071,45,69,41,014,49,78,17,033,45,79,57,079,47,3*75
$GLGSV,2,2,08,80,40,170,48,84,29,248,46,85,19,302,37,,,,43,3*48
$GLGSV,1,1,02,70,10,310,,83,03,190,,0*7F
$GAGSV,3,1,11,04,52,006,50,06,49,323,50,09,34,295,50,10,48,212,50,2*74
$GAGSV,3,2,11,11,53,259,47,12,33,186,45,19,16,063,41,21,11,051,44,2*79
$GAGSV,3,3,11,23,33,100,50,31,24,158,47,36,23,313,43,2*4A
$GAGSV,3,1,11,04,52,006,46,06,49,323,45,09,34,295,44,10,48,212,45,7*73
$GAGSV,3,2,11,11,53,259,43,12,33,186,38,19,16,063,31,21,11,051,37,7*71
$GAGSV,3,3,11,23,33,100,44,31,24,158,42,36,23,313,39,7*42
$GBGSV,2,1,08,06,55,035,44,08,34,129,42,09,71,032,47,13,51,124,46,1*70
$GBGSV,2,2,08,16,47,036,44,23,66,148,51,25,41,053,49,27,17,225,43,1*7F
$GBGSV,2,1,05,06,55,035,46,08,34,129,47,09,71,032,48,13,51,124,47,B*07
$GBGSV,2,2,05,16,47,036,45,B*30
$GBGSV,4,1,13,01,03,096,,02,58,141,,03,34,114,,07,07,138,,0*7C
$GBGSV,4,2,13,10,08,148,,28,05,186,,30,12,275,,32,38,328,,0*74
$GBGSV,4,3,13,33,17,098,,37,24,199,,38,23,133,,39,38,036,,0*79
$GBGSV,4,4,13,41,53,052,,0*41
$GQGSV,1,1,02,02,12,083,41,04,19,095,38,1*63
$GQGSV,1,1,03,02,12,083,42,04,19,095,43,07,19,104,42,6*56
$GNGLL,2454.22970,N,06708.26855,E,174906.00,A,D*73
$GNRMC,174907.00,A,2454.22970,N,06708.26855,E,0.009,,300425,,,R,V*0E
$GNVTG,,T,,M,0.009,N,0.017,K,D*37
$GNGGA,174907.00,2454.22970,N,06708.26855,E,4,12,0.61,21.8,M,-44.2,M,1.0,0265*79
$GNGSA,A,3,01,03,10,28,31,04,26,02,16,32,,,1.36,0.61,1.21,1*0F
$GNGSA,A,3,69,80,68,85,84,78,79,,,,,,1.36,0.61,1.21,2*0A
$GNGSA,A,3,11,23,21,31,10,19,,,,,,,1.36,0.61,1.21,3*0B
$GNGSA,A,3,06,08,13,16,09,25,27,23,,,,,1.36,0.61,1.21,4*04
$GNGSA,A,3,04,,,,,,,,,,,,1.36,0.61,1.21,5*00
$GPGSV,4,1,13,01,48,261,45,02,38,223,45,03,46,332,45,04,24,291,39,1*61
$GPGSV,4,2,13,10,11,130,39,16,25,156,42,26,43,127,44,28,34,037,43,1*64
$GPGSV,4,3,13,31,62,031,48,32,15,069,40,40,59,208,48,41,56,146,46,1*6E
$GPGSV,4,4,13,42,19,104,45,1*5C
$GPGSV,2,1,08,01,48,261,46,03,46,332,45,04,24,291,40,10,11,130,29,6*64
$GPGSV,2,2,08,26,43,127,45,28,34,037,46,31,62,031,44,32,15,069,44,6*68
$GLGSV,2,1,08,68,24,071,47,69,41,014,49,78,17,033,43,79,57,079,50,1*75
$GLGSV,2,2,08,80,40,170,49,84,29,248,39,85,19,302,41,,,,39,1*4F
$GLGSV,2,1,08,68,24,071,45,69,41,014,49,78,17,033,45,79,57,079,47,3*75
$GLGSV,2,2,08,80,40,170,47,84,29,248,46,85,19,302,37,,,,43,3*47
$GLGSV,1,1,02,70,10,310,,83,03,190,,0*7F
$GAGSV,3,1,11,04,52,006,50,06,49,323,50,09,34,295,50,10,48,212,50,2*74
$GAGSV,3,2,11,11,53,259,47,12,33,186,45,19,16,063,41,21,11,051,44,2*79
$GAGSV,3,3,11,23,33,100,50,31,24,158,47,36,23,313,43,2*4A
$GAGSV,3,1,11,04,52,006,46,06,49,323,45,09,34,295,44,10,48,212,45,7*73
$GAGSV,3,2,11,11,53,259,43,12,33,186,38,19,16,063,31,21,11,051,37,7*71
$GAGSV,3,3,11,23,33,100,44,31,24,158,42,36,23,313,39,7*42
$GBGSV,2,1,08,06,55,035,44,08,34,129,42,09,71,032,47,13,51,124,46,1*70
$GBGSV,2,2,08,16,47,036,44,23,66,148,51,25,41,053,49,27,17,225,43,1*7F
$GBGSV,2,1,05,06,55,035,46,08,34,129,47,09,71,032,48,13,51,124,47,B*07
$GBGSV,2,2,05,16,47,036,45,B*30
$GBGSV,4,1,13,01,03,096,,02,58,141,,03,34,114,,07,07,138,,0*7C
$GBGSV,4,2,13,10,08,148,,28,05,186,,30,12,275,,32,38,328,,0*74
$GBGSV,4,3,13,33,17,098,,37,24,199,,38,23,133,,39,38,036,,0*79
$GBGSV,4,4,13,41,53,052,,0*41
$GQGSV,1,1,02,02,12,083,41,04,19,095,38,1*63
$GQGSV,1,1,03,02,12,083,42,04,19,095,43,07,19,104,42,6*56
$GNGLL,2454.22970,N,06708.26855,E,174907.00,A,D*72
$GNRMC,174908.00,A,2454.22970,N,06708.26856,E,0.004,,300425,,,R,V*0F
$GNVTG,,T,,M,0.004,N,0.008,K,D*34
$GNGGA,174908.00,2454.22970,N,06708.26856,E,4,12,0.61,21.8,M,-44.2,M,1.0,0265*75
$GNGSA,A,3,01,03,10,28,31,04,26,02,16,32,,,1.36,0.61,1.21,1*0F
$GNGSA,A,3,69,80,68,85,84,78,79,,,,,,1.36,0.61,1.21,2*0A
$GNGSA,A,3,11,23,21,31,10,19,,,,,,,1.36,0.61,1.21,3*0B
$GNGSA,A,3,06,08,13,16,09,25,27,23,,,,,1.36,0.61,1.21,4*04
$GNGSA,A,3,04,,,,,,,,,,,,1.36,0.61,1.21,5*00
$GPGSV,4,1,13,01,48,261,45,02,38,223,45,03,46,332,45,04,24,291,39,1*61
$GPGSV,4,2,13,10,11,130,39,16,25,156,42,26,43,127,44,28,34,037,43,1*64
$GPGSV,4,3,13,31,62,031,48,32,15,069,40,40,59,208,48,41,56,146,46,1*6E
$GPGSV,4,4,13,42,19,104,45,1*5C
$GPGSV,2,1,08,01,48,261,46,03,46,332,45,04,24,291,40,10,11,130,29,6*64
$GPGSV,2,2,08,26,43,127,45,28,34,037,46,31,62,031,44,32,15,069,44,6*68
$GLGSV,2,1,08,68,24,071,47,69,41,014,49,78,17,033,43,79,57,079,50,1*75
$GLGSV,2,2,08,80,40,170,50,84,29,248,39,85,19,302,41,,,,39,1*47
$GLGSV,2,1,08,68,24,071,45,69,41,014,49,78,17,033,45,79,57,079,47,3*75
$GLGSV,2,2,08,80,40,170,47,84,29,248,46,85,19,302,37,,,,43,3*47
$GLGSV,1,1,02,70,10,310,,83,03,190,,0*7F
$GAGSV,3,1,11,04,52,006,50,06,49,323,50,09,34,296,50,10,48,212,50,2*77
$GAGSV,3,2,11,11,53,259,47,12,33,186,45,19,16,063,41,21,11,051,44,2*79
$GAGSV,3,3,11,23,33,100,50,31,24,158,46,36,23,313,43,2*4B
$GAGSV,3,1,11,04,52,006,46,06,49,323,45,09,34,296,44,10,48,212,45,7*70
$GAGSV,3,2,11,11,53,259,43,12,33,186,38,19,16,063,31,21,11,051,37,7*71
$GAGSV,3,3,11,23,33,100,44,31,24,158,41,36,23,313,39,7*41
$GBGSV,2,1,08,06,55,035,44,08,34,129,42,09,71,032,47,13,51,124,46,1*70
$GBGSV,2,2,08,16,47,036,44,23,66,148,51,25,41,053,49,27,17,225,43,1*7F
$GBGSV,2,1,05,06,55,035,46,08,34,129,47,09,71,032,48,13,51,124,47,B*07
$GBGSV,2,2,05,16,47,036,45,B*30
$GBGSV,4,1,13,01,03,096,,02,58,141,,03,34,114,,07,07,138,,0*7C
$GBGSV,4,2,13,10,08,148,,28,05,186,,30,12,275,,32,38,328,,0*74
$GBGSV,4,3,13,33,17,098,,37,24,199,,38,23,133,,39,38,036,,0*79
$GBGSV,4,4,13,41,53,052,,0*41
$GQGSV,1,1,02,02,12,083,41,04,19,095,38,1*63
$GQGSV,1,1,03,02,12,083,42,04,19,095,43,07,19,104,42,6*56
$GNGLL,2454.22970,N,06708.26856,E,174908.00,A,D*7E
$GNRMC,174909.00,A,2454.22970,N,06708.26856,E,0.009,,300425,,,R,V*03
$GNVTG,,T,,M,0.009,N,0.016,K,D*36
$GNGGA,174909.00,2454.22970,N,06708.26856,E,4,12,0.61,21.8,M,-44.2,M,1.0,0265*74
$GNGSA,A,3,01,03,10,28,31,04,26,02,16,32,,,1.36,0.61,1.21,1*0F
$GNGSA,A,3,69,80,68,85,84,78,79,,,,,,1.36,0.61,1.21,2*0A
$GNGSA,A,3,11,23,21,31,10,19,,,,,,,1.36,0.61,1.21,3*0B
$GNGSA,A,3,06,08,13,16,09,25,27,23,,,,,1.36,0.61,1.21,4*04
$GNGSA,A,3,04,,,,,,,,,,,,1.36,0.61,1.21,5*00
$GPGSV,4,1,13,01,48,261,45,02,38,223,45,03,46,332,45,04,24,291,39,1*61
$GPGSV,4,2,13,10,11,130,39,16,25,156,42,26,43,127,44,28,34,037,43,1*64
$GPGSV,4,3,13,31,62,031,48,32,15,069,40,40,59,208,48,41,56,146,46,1*6E
$GPGSV,4,4,13,42,19,104,45,1*5C
$GPGSV,2,1,08,01,48,261,46,03,46,332,45,04,24,291,41,10,11,130,29,6*65
$GPGSV,2,2,08,26,43,127,45,28,34,037,46,31,62,031,44,32,15,069,44,6*68
$GLGSV,2,1,07,68,24,071,47,69,41,014,49,78,17,033,43,79,57,079,50,1*7A
$GLGSV,2,2,07,80,40,170,50,84,29,248,39,85,19,302,41,1*42
$GLGSV,2,1,07,68,24,071,45,69,41,014,49,78,17,033,45,79,57,079,47,3*7A
$GLGSV,2,2,07,80,40,170,47,84,29,248,46,85,19,302,37,3*4F
$GLGSV,1,1,02,70,10,310,,83,03,190,,0*7F
$GAGSV,3,1,11,04,52,006,50,06,49,323,50,09,34,296,50,10,47,212,50,2*78
$GAGSV,3,2,11,11,53,259,47,12,33,186,45,19,16,063,41,21,11,051,44,2*79
$GAGSV,3,3,11,23,33,100,50,31,24,158,47,36,23,313,43,2*4A
$GAGSV,3,1,11,04,52,006,46,06,49,323,45,09,34,296,44,10,47,212,45,7*7F
$GAGSV,3,2,11,11,53,259,43,12,33,186,38,19,16,063,31,21,11,051,37,7*71
$GAGSV,3,3,11,23,33,100,44,31,24,158,41,36,23,313,39,7*41
$GBGSV,2,1,08,06,55,035,44,08,34,129,42,09,71,032,47,13,51,124,46,1*70
$GBGSV,2,2,08,16,47,036,44,23,66,148,51,25,41,053,49,27,17,225,43,1*7F
$GBGSV,2,1,05,06,55,035,46,08,34,129,47,09,71,032,48,13,51,124,47,B*07
$GBGSV,2,2,05,16,47,036,45,B*30
$GBGSV,4,1,13,01,03,096,,02,58,141,,03,34,114,,07,07,138,,0*7C
$GBGSV,4,2,13,10,08,148,,28,05,186,,30,12,275,,32,38,328,,0*74
$GBGSV,4,3,13,33,17,098,,37,24,199,,38,23,133,,39,38,036,,0*79
$GBGSV,4,4,13,41,53,052,,0*41
$GQGSV,1,1,02,02,12,083,41,04,19,095,38,1*63
$GQGSV,1,1,03,02,12,083,42,04,19,095,43,07,19,104,43,6*57
$GNGLL,2454.22970,N,06708.26856,E,174909.00,A,D*7F
$GNRMC,174910.00,A,2454.22970,N,06708.26856,E,0.010,,300425,,,R,V*03
$GNVTG,,T,,M,0.010,N,0.019,K,D*31
$GNGGA,174910.00,2454.22970,N,06708.26856,E,4,12,0.61,21.8,M,-44.2,M,1.0,0265*7C
$GNGSA,A,3,01,03,10,28,31,04,26,02,16,32,,,1.36,0.61,1.21,1*0F
$GNGSA,A,3,69,80,68,85,84,78,79,,,,,,1.36,0.61,1.21,2*0A
$GNGSA,A,3,11,23,21,31,10,19,,,,,,,1.36,0.61,1.21,3*0B
$GNGSA,A,3,06,08,13,16,09,25,27,23,,,,,1.36,0.61,1.21,4*04
$GNGSA,A,3,04,,,,,,,,,,,,1.36,0.61,1.21,5*00
$GPGSV,4,1,13,01,48,261,45,02,38,223,45,03,46,332,45,04,24,291,39,1*61
$GPGSV,4,2,13,10,11,130,39,16,25,156,42,26,43,127,44,28,34,037,43,1*64
$GPGSV,4,3,13,31,62,031,48,32,15,069,40,40,59,208,48,41,56,146,46,1*6E
$GPGSV,4,4,13,42,19,104,45,1*5C
$GPGSV,2,1,08,01,48,261,46,03,46,332,45,04,24,291,41,10,11,130,29,6*65
$GPGSV,2,2,08,26,43,127,45,28,34,037,46,31,62,031,44,32,15,069,44,6*68
$GLGSV,2,1,08,68,24,071,47,69,41,014,49,78,17,033,43,79,57,079,51,1*74
$GLGSV,2,2,08,80,40,170,50,84,29,248,39,85,19,302,41,,,,37,1*49
$GLGSV,2,1,07,68,24,071,45,69,41,014,49,78,17,033,45,79,57,079,47,3*7A
$GLGSV,2,2,07,80,40,170,47,84,29,248,46,85,19,302,37,3*4F
$GLGSV,1,1,02,70,10,310,,83,03,190,,0*7F
$GAGSV,3,1,11,04,52,006,50,06,49,323,50,09,34,296,50,10,47,212,50,2*78
$GAGSV,3,2,11,11,52,257,47,12,33,186,45,19,16,063,41,21,11,051,44,2*76
$GAGSV,3,3,11,23,33,100,50,31,24,158,46,36,23,313,43,2*4B
$GAGSV,3,1,11,04,52,006,46,06,49,323,45,09,34,296,44,10,47,212,45,7*7F
$GAGSV,3,2,11,11,52,257,43,12,33,186,38,19,16,063,31,21,11,051,37,7*7E
$GAGSV,3,3,11,23,33,100,44,31,24,158,42,36,23,313,38,7*43
$GBGSV,2,1,08,06,55,035,44,08,34,129,42,09,71,032,47,13,51,124,46,1*70
$GBGSV,2,2,08,16,47,036,44,23,66,148,51,25,41,053,49,27,17,225,43,1*7F
$GBGSV,2,1,05,06,55,035,46,08,34,129,47,09,71,032,48,13,51,124,47,B*07
$GBGSV,2,2,05,16,47,036,45,B*30
$GBGSV,4,1,13,01,03,096,,02,58,141,,03,34,114,,07,07,138,,0*7C
$GBGSV,4,2,13,10,08,148,,28,05,186,,30,12,275,,32,38,328,,0*74
$GBGSV,4,3,13,33,17,098,,37,24,199,,38,23,133,,39,38,036,,0*79
$GBGSV,4,4,13,41,53,052,,0*41
$GQGSV,1,1,02,02,12,083,41,04,19,095,38,1*63
$GQGSV,1,1,03,02,12,083,42,04,19,095,43,07,19,104,42,6*56
$GNGLL,2454.22970,N,06708.26856,E,174910.00,A,D*77
$GNRMC,174911.00,A,2454.22970,N,06708.26855,E,0.002,,300425,,,R,V*02
$GNVTG,,T,,M,0.002,N,0.004,K,D*3E
$GNGGA,174911.00,2454.22970,N,06708.26855,E,4,12,0.61,21.8,M,-44.2,M,1.0,0265*7E
$GNGSA,A,3,01,03,10,28,31,04,26,02,16,32,,,1.36,0.61,1.21,1*0F
$GNGSA,A,3,69,80,68,85,84,78,79,,,,,,1.36,0.61,1.21,2*0A
$GNGSA,A,3,11,23,21,31,10,19,,,,,,,1.36,0.61,1.21,3*0B
$GNGSA,A,3,06,08,13,16,09,25,27,23,,,,,1.36,0.61,1.21,4*04
$GNGSA,A,3,04,,,,,,,,,,,,1.36,0.61,1.21,5*00
$GPGSV,4,1,13,01,48,261,45,02,38,223,45,03,46,332,45,04,24,291,39,1*61
$GPGSV,4,2,13,10,11,130,39,16,25,156,42,26,43,127,44,28,34,037,43,1*64
$GPGSV,4,3,13,31,62,031,48,32,15,069,40,40,59,208,48,41,56,146,46,1*6E
$GPGSV,4,4,13,42,19,104,45,1*5C
$GPGSV,2,1,08,01,48,261,46,03,46,332,45,04,24,291,41,10,11,130,29,6*65
$GPGSV,2,2,08,26,43,127,45,28,34,037,46,31,62,031,44,32,15,069,44,6*68
$GLGSV,2,1,08,68,24,071,47,69,41,014,49,78,17,033,43,79,57,079,50,1*75
$GLGSV,2,2,08,80,40,170,50,84,29,248,39,85,19,302,41,,,,38,1*46
$GLGSV,2,1,07,68,24,071,45,69,41,014,49,78,17,033,45,79,57,079,47,3*7A
$GLGSV,2,2,07,80,40,170,47,84,29,248,46,85,19,302,37,3*4F
$GLGSV,1,1,02,70,10,310,,83,03,190,,0*7F
$GAGSV,3,1,11,04,52,006,50,06,49,323,50,09,34,296,50,10,47,212,50,2*78
$GAGSV,3,2,11,11,52,257,47,12,32,186,45,19,16,063,41,21,11,051,44,2*77
$GAGSV,3,3,11,23,33,100,50,31,24,158,47,36,23,313,43,2*4A
$GAGSV,3,1,11,04,52,006,46,06,49,323,45,09,34,296,44,10,47,212,45,7*7F
$GAGSV,3,2,11,11,52,257,43,12,32,186,38,19,16,063,31,21,11,051,37,7*7F
$GAGSV,3,3,11,23,33,100,44,31,24,158,41,36,23,313,38,7*40
$GBGSV,2,1,08,06,55,035,44,08,34,129,42,09,71,032,46,13,51,124,46,1*71
$GBGSV,2,2,08,16,47,036,44,23,66,148,51,25,41,053,49,27,17,225,43,1*7F
$GBGSV,2,1,05,06,55,035,46,08,34,129,47,09,71,032,48,13,51,124,47,B*07
$GBGSV,2,2,05,16,47,036,45,B*30
$GBGSV,4,1,13,01,03,096,,02,58,141,,03,34,114,,07,07,138,,0*7C
$GBGSV,4,2,13,10,08,148,,28,05,186,,30,12,275,,32,38,328,,0*74
$GBGSV,4,3,13,33,17,098,,37,24,199,,38,23,133,,39,38,036,,0*79
$GBGSV,4,4,13,41,53,052,,0*41
$GQGSV,1,1,02,02,12,083,41,04,19,095,38,1*63
$GQGSV,1,1,03,02,12,083,42,04,19,095,43,07,19,104,42,6*56
$GNGLL,2454.22970,N,06708.26855,E,174911.00,A,D*75
$GNRMC,174912.00,A,2454.22970,N,06708.26855,E,0.001,,300425,,,R,V*02
$GNVTG,,T,,M,0.001,N,0.002,K,D*3B
$GNGGA,174912.00,2454.22970,N,06708.26855,E,4,12,0.61,21.8,M,-44.2,M,2.0,0265*7E
$GNGSA,A,3,01,03,10,28,31,04,26,02,16,32,,,1.36,0.61,1.21,1*0F
$GNGSA,A,3,69,80,68,85,84,78,79,,,,,,1.36,0.61,1.21,2*0A
$GNGSA,A,3,11,23,21,31,10,19,,,,,,,1.36,0.61,1.21,3*0B
$GNGSA,A,3,06,08,13,16,09,25,27,23,,,,,1.36,0.61,1.21,4*04
$GNGSA,A,3,04,,,,,,,,,,,,1.36,0.61,1.21,5*00
$GPGSV,4,1,13,01,48,261,45,02,38,223,45,03,46,332,45,04,24,291,38,1*60
$GPGSV,4,2,13,10,11,130,39,16,25,156,42,26,43,127,44,28,34,037,44,1*63
$GPGSV,4,3,13,31,62,031,48,32,15,069,40,40,59,208,48,41,56,146,46,1*6E
$GPGSV,4,4,13,42,19,104,45,1*5C
$GPGSV,2,1,08,01,48,261,46,03,46,332,45,04,24,291,41,10,11,130,29,6*65
$GPGSV,2,2,08,26,43,127,45,28,34,037,46,31,62,031,44,32,15,069,44,6*68
$GLGSV,2,1,08,68,24,071,47,69,41,014,49,78,17,033,43,79,57,079,51,1*74
$GLGSV,2,2,08,80,40,170,50,84,29,248,39,85,19,302,41,,,,38,1*46
$GLGSV,2,1,07,68,24,071,45,69,41,014,49,78,17,033,45,79,57,079,47,3*7A
$GLGSV,2,2,07,80,40,170,47,84,29,248,46,85,19,302,37,3*4F
$GLGSV,1,1,02,70,10,310,,83,03,190,,0*7F
$GAGSV,3,1,11,04,52,006,50,06,49,323,50,09,34,296,50,10,47,212,50,2*78
$GAGSV,3,2,11,11,52,257,47,12,32,186,45,19,16,063,41,21,11,051,44,2*77
$GAGSV,3,3,11,23,33,100,50,31,24,158,47,36,23,313,43,2*4A
$GAGSV,3,1,11,04,52,006,46,06,49,323,45,09,34,296,44,10,47,212,45,7*7F
$GAGSV,3,2,11,11,52,257,43,12,32,186,38,19,16,063,31,21,11,051,37,7*7F
$GAGSV,3,3,11,23,33,100,44,31,24,158,42,36,23,313,38,7*43
$GBGSV,2,1,08,06,55,035,44,08,34,129,42,09,71,032,47,13,51,124,46,1*70
$GBGSV,2,2,08,16,47,036,44,23,66,148,51,25,41,053,48,27,17,225,43,1*7E
$GBGSV,2,1,05,06,55,035,46,08,34,129,47,09,71,032,48,13,51,124,47,B*07
$GBGSV,2,2,05,16,47,036,45,B*30
$GBGSV,4,1,13,01,03,096,,02,58,141,,03,34,114,,07,07,138,,0*7C
$GBGSV,4,2,13,10,08,148,,28,05,186,,30,12,275,,32,38,328,,0*74
$GBGSV,4,3,13,33,17,098,,37,24,199,,38,23,133,,39,38,036,,0*79
$GBGSV,4,4,13,41,53,052,,0*41
$GQGSV,1,1,02,02,12,083,41,04,19,095,38,1*63
$GQGSV,1,1,03,02,12,083,42,04,19,095,43,07,19,104,42,6*56
$GNGLL,2454.22970,N,06708.26855,E,174912.00,A,D*76
$GNRMC,174913.00,A,2454.22970,N,06708.26855,E,0.002,,300425,,,R,V*00
$GNVTG,,T,,M,0.002,N,0.004,K,D*3E
$GNGGA,174913.00,2454.22970,N,06708.26855,E,4,12,0.61,21.8,M,-44.2,M,2.0,0265*7F
$GNGSA,A,3,01,03,10,28,31,04,26,02,16,32,,,1.36,0.61,1.21,1*0F
$GNGSA,A,3,69,80,68,85,84,78,79,,,,,,1.36,0.61,1.21,2*0A
$GNGSA,A,3,11,23,21,31,10,19,,,,,,,1.36,0.61,1.21,3*0B
$GNGSA,A,3,06,08,13,16,09,25,27,23,,,,,1.36,0.61,1.21,4*04
$GNGSA,A,3,04,,,,,,,,,,,,1.36,0.61,1.21,5*00
$GPGSV,4,1,13,01,48,261,45,02,38,223,45,03,46,332,45,04,24,291,38,1*60
$GPGSV,4,2,13,10,11,130,39,16,25,156,42,26,43,127,44,28,34,037,43,1*64
$GPGSV,4,3,13,31,62,031,48,32,15,069,40,40,59,208,48,41,56,146,46,1*6E
$GPGSV,4,4,13,42,19,104,45,1*5C
$GPGSV,2,1,08,01,48,261,46,03,46,332,45,04,24,291,41,10,11,130,29,6*65
$GPGSV,2,2,08,26,43,127,45,28,34,037,46,31,62,031,44,32,15,069,44,6*68
$GLGSV,2,1,08,68,24,071,47,69,41,014,49,78,17,033,43,79,57,079,51,1*74
$GLGSV,2,2,08,80,40,170,50,84,29,248,39,85,19,302,41,,,,38,1*46
$GLGSV,2,1,07,68,24,071,45,69,41,014,49,78,17,033,45,79,57,079,47,3*7A
$GLGSV,2,2,07,80,40,170,47,84,29,248,46,85,19,302,37,3*4F
$GLGSV,1,1,02,70,10,310,,83,03,190,,0*7F
$GAGSV,3,1,11,04,52,006,50,06,49,323,50,09,34,296,50,10,47,212,50,2*78
$GAGSV,3,2,11,11,52,257,47,12,32,186,45,19,16,063,41,21,11,051,44,2*77
$GAGSV,3,3,11,23,33,100,50,31,24,158,47,36,23,313,43,2*4A
$GAGSV,3,1,11,04,52,006,46,06,49,323,45,09,34,296,44,10,47,212,45,7*7F
$GAGSV,3,2,11,11,52,257,43,12,32,186,38,19,16,063,31,21,11,051,37,7*7F
$GAGSV,3,3,11,23,33,100,44,31,24,158,41,36,23,313,38,7*40
$GBGSV,2,1,08,06,55,035,44,08,34,129,42,09,71,032,47,13,51,124,46,1*70
$GBGSV,2,2,08,16,47,036,44,23,66,148,51,25,41,053,48,27,17,225,43,1*7E
$GBGSV,2,1,05,06,55,035,46,08,34,129,47,09,71,032,48,13,51,124,47,B*07
$GBGSV,2,2,05,16,47,036,45,B*30
$GBGSV,4,1,13,01,03,096,,02,58,141,,03,34,114,,07,07,138,,0*7C
$GBGSV,4,2,13,10,08,148,,28,05,186,,30,12,275,,32,38,328,,0*74
$GBGSV,4,3,13,33,17,098,,37,24,199,,38,23,133,,39,38,036,,0*79
$GBGSV,4,4,13,41,53,052,,0*41
$GQGSV,1,1,02,02,12,083,41,04,19,095,38,1*63
$GQGSV,1,1,03,02,12,083,42,04,19,095,43,07,19,104,42,6*56
$GNGLL,2454.22970,N,06708.26855,E,174913.00,A,D*77
$GNRMC,174914.00,A,2454.22970,N,06708.26855,E,0.003,,300425,,,R,V*06
$GNVTG,,T,,M,0.003,N,0.006,K,D*3D
$GNGGA,174914.00,2454.22970,N,06708.26855,E,4,12,0.61,21.8,M,-44.2,M,1.0,0265*7B
$GNGSA,A,3,01,03,10,28,31,04,26,02,16,32,,,1.36,0.61,1.21,1*0F
$GNGSA,A,3,69,80,68,85,84,78,79,,,,,,1.36,0.61,1.21,2*0A
$GNGSA,A,3,11,23,21,31,10,19,,,,,,,1.36,0.61,1.21,3*0B
$GNGSA,A,3,06,08,13,16,09,25,27,23,,,,,1.36,0.61,1.21,4*04
$GNGSA,A,3,04,,,,,,,,,,,,1.36,0.61,1.21,5*00
$GPGSV,4,1,13,01,48,261,45,02,38,223,45,03,46,332,45,04,24,291,39,1*61
$GPGSV,4,2,13,10,11,130,39,16,25,156,42,26,43,127,44,28,34,037,43,1*64
$GPGSV,4,3,13,31,62,031,48,32,15,069,40,40,59,208,48,41,56,146,46,1*6E
$GPGSV,4,4,13,42,19,104,45,1*5C
$GPGSV,2,1,08,01,48,261,46,03,46,332,45,04,24,291,41,10,11,130,29,6*65
$GPGSV,2,2,08,26,43,127,45,28,34,037,46,31,62,031,44,32,15,069,44,6*68
$GLGSV,2,1,08,68,24,071,47,69,41,014,49,78,17,033,43,79,57,079,51,1*74
$GLGSV,2,2,08,80,40,170,50,84,29,248,39,85,19,302,41,,,,39,1*47
$GLGSV,2,1,07,68,24,071,45,69,41,014,49,78,17,033,45,79,57,079,47,3*7A
$GLGSV,2,2,07,80,40,170,47,84,29,248,46,85,19,302,37,3*4F
$GLGSV,1,1,02,70,10,310,,83,03,190,,0*7F
$GAGSV,3,1,11,04,52,006,50,06,49,323,50,09,34,296,50,10,47,212,50,2*78
$GAGSV,3,2,11,11,52,257,47,12,32,186,45,19,16,063,41,21,11,051,44,2*77
$GAGSV,3,3,11,23,33,100,50,31,24,158,47,36,23,313,43,2*4A
$GAGSV,3,1,11,04,52,006,46,06,49,323,45,09,34,296,44,10,47,212,45,7*7F
$GAGSV,3,2,11,11,52,257,43,12,32,186,38,19,16,063,31,21,11,051,37,7*7F
$GAGSV,3,3,11,23,33,100,44,31,24,158,42,36,23,313,38,7*43
$GBGSV,2,1,08,06,55,035,44,08,34,129,42,09,71,032,46,13,51,124,46,1*71
$GBGSV,2,2,08,16,47,036,44,23,66,148,51,25,41,053,48,27,17,225,43,1*7E
$GBGSV,2,1,05,06,55,035,45,08,34,129,47,09,71,032,48,13,51,124,47,B*04
$GBGSV,2,2,05,16,47,036,45,B*30
$GBGSV,4,1,13,01,03,096,,02,58,141,,03,34,114,,07,07,138,,0*7C
$GBGSV,4,2,13,10,08,148,,28,05,186,,30,12,275,,32,38,328,,0*74
$GBGSV,4,3,13,33,17,098,,37,24,199,,38,23,133,,39,38,036,,0*79
$GBGSV,4,4,13,41,53,052,,0*41
$GQGSV,1,1,02,02,12,083,41,04,19,095,38,1*63
$GQGSV,1,1,03,02,12,083,42,04,19,095,43,07,19,104,42,6*56
$GNGLL,2454.22970,N,06708.26855,E,174914.00,A,D*70
$GNRMC,174915.00,A,2454.22970,N,06708.26855,E,0.014,,300425,,,R,V*01
$GNVTG,,T,,M,0.014,N,0.026,K,D*39
$GNGGA,174915.00,2454.22970,N,06708.26855,E,4,12,0.61,21.8,M,-44.2,M,1.0,0265*7A
$GNGSA,A,3,01,03,10,28,31,04,26,02,16,32,,,1.36,0.61,1.21,1*0F
$GNGSA,A,3,69,80,68,85,84,78,79,,,,,,1.36,0.61,1.21,2*0A
$GNGSA,A,3,11,23,21,31,10,19,,,,,,,1.36,0.61,1.21,3*0B
$GNGSA,A,3,06,08,13,16,09,25,27,23,,,,,1.36,0.61,1.21,4*04
$GNGSA,A,3,04,,,,,,,,,,,,1.36,0.61,1.21,5*00
$GPGSV,4,1,13,01,48,261,45,02,38,223,45,03,46,332,45,04,24,291,38,1*60
$GPGSV,4,2,13,10,11,130,39,16,25,156,42,26,43,127,44,28,34,037,43,1*64
$GPGSV,4,3,13,31,62,031,48,32,15,069,40,40,59,208,48,41,56,146,46,1*6E
$GPGSV,4,4,13,42,19,104,45,1*5C
$GPGSV,2,1,08,01,48,261,46,03,46,332,45,04,24,291,41,10,11,130,29,6*65
$GPGSV,2,2,08,26,43,127,45,28,34,037,46,31,62,031,44,32,15,069,43,6*6F
$GLGSV,2,1,08,68,24,071,47,69,41,014,49,78,17,033,43,79,57,079,51,1*74
$GLGSV,2,2,08,80,40,170,50,84,29,248,39,85,19,302,41,,,,39,1*47
$GLGSV,2,1,07,68,24,071,45,69,41,014,49,78,17,033,45,79,57,079,47,3*7A
$GLGSV,2,2,07,80,40,170,47,84,29,248,46,85,19,302,37,3*4F
$GLGSV,1,1,02,70,10,310,,83,03,190,,0*7F
$GAGSV,3,1,11,04,52,006,50,06,49,323,50,09,34,296,50,10,47,212,50,2*78
$GAGSV,3,2,11,11,52,257,47,12,32,186,45,19,16,063,41,21,11,051,44,2*77
$GAGSV,3,3,11,23,33,100,50,31,24,158,47,36,23,313,43,2*4A
$GAGSV,3,1,11,04,52,006,46,06,49,323,45,09,34,296,44,10,47,212,45,7*7F
$GAGSV,3,2,11,11,52,257,43,12,32,186,38,19,16,063,31,21,11,051,37,7*7F
$GAGSV,3,3,11,23,33,100,44,31,24,158,41,36,23,313,38,7*40
$GBGSV,2,1,08,06,55,035,44,08,34,129,42,09,71,032,46,13,51,124,46,1*71
$GBGSV,2,2,08,16,47,036,44,23,66,148,51,25,41,053,48,27,17,225,43,1*7E
$GBGSV,2,1,05,06,55,035,46,08,34,129,47,09,71,032,48,13,51,124,47,B*07
$GBGSV,2,2,05,16,47,036,45,B*30
$GBGSV,4,1,13,01,03,096,,02,58,141,,03,34,114,,07,07,138,,0*7C
$GBGSV,4,2,13,10,08,148,,28,05,186,,30,12,275,,32,38,328,,0*74
$GBGSV,4,3,13,33,17,098,,37,24,199,,38,23,133,,39,38,036,,0*79
$GBGSV,4,4,13,41,53,052,,0*41
$GQGSV,1,1,02,02,12,083,41,04,19,095,38,1*63
$GQGSV,1,1,03,02,12,083,42,04,19,095,43,07,19,104,43,6*57
$GNGLL,2454.22970,N,06708.26855,E,174915.00,A,D*71
$GNRMC,174916.00,A,2454.22970,N,06708.26854,E,0.103,,300425,,,R,V*04
$GNVTG,,T,,M,0.103,N,0.191,K,D*33
$GNGGA,174916.00,2454.22970,N,06708.26854,E,4,12,0.61,21.8,M,-44.2,M,1.0,0265*78
$GNGSA,A,3,01,03,10,28,31,04,26,02,16,32,,,1.36,0.61,1.21,1*0F
$GNGSA,A,3,69,80,68,85,84,78,79,,,,,,1.36,0.61,1.21,2*0A
$GNGSA,A,3,11,23,21,31,10,19,,,,,,,1.36,0.61,1.21,3*0B
$GNGSA,A,3,06,08,13,16,09,25,27,23,,,,,1.36,0.61,1.21,4*04
$GNGSA,A,3,04,,,,,,,,,,,,1.36,0.61,1.21,5*00
$GPGSV,4,1,13,01,48,261,45,02,38,223,45,03,46,332,45,04,24,291,39,1*61
$GPGSV,4,2,13,10,11,130,38,16,25,156,42,26,43,127,44,28,34,037,43,1*65
$GPGSV,4,3,13,31,62,031,48,32,15,069,38,40,59,208,48,41,56,146,46,1*61
$GPGSV,4,4,13,42,19,104,45,1*5C
$GPGSV,2,1,08,01,48,261,46,03,46,332,45,04,24,291,41,10,11,130,33,6*6E
$GPGSV,2,2,08,26,43,127,45,28,34,037,46,31,62,031,44,32,15,069,44,6*68
$GLGSV,2,1,08,68,24,071,46,69,41,014,49,78,17,033,44,79,57,079,51,1*72
$GLGSV,2,2,08,80,40,170,50,84,29,248,39,85,19,302,41,,,,39,1*47
$GLGSV,2,1,07,68,24,071,45,69,41,014,49,78,17,033,44,79,57,079,47,3*7B
$GLGSV,2,2,07,80,40,170,47,84,29,248,46,85,19,302,37,3*4F
$GLGSV,1,1,02,70,10,310,,83,03,190,,0*7F
$GAGSV,3,1,11,04,52,006,51,06,49,323,50,09,34,296,50,10,47,212,50,2*79
$GAGSV,3,2,11,11,52,257,47,12,32,186,45,19,16,063,40,21,11,050,42,2*71
$GAGSV,3,3,11,23,33,100,50,31,24,158,47,36,23,313,43,2*4A
$GAGSV,3,1,11,04,52,006,46,06,49,323,45,09,34,296,44,10,47,212,45,7*7F
$GAGSV,3,2,11,11,52,257,43,12,32,186,38,19,16,063,31,21,11,050,38,7*71
$GAGSV,3,3,11,23,33,100,44,31,24,158,42,36,23,313,38,7*43
$GBGSV,2,1,08,06,55,035,44,08,34,129,42,09,71,032,46,13,51,124,46,1*71
$GBGSV,2,2,08,16,47,036,44,23,66,148,51,25,41,053,48,27,17,225,43,1*7E
$GBGSV,2,1,05,06,55,035,46,08,34,129,47,09,71,032,48,13,51,124,47,B*07
$GBGSV,2,2,05,16,47,036,45,B*30
$GBGSV,4,1,13,01,03,096,,02,58,141,,03,34,114,,07,07,138,,0*7C
$GBGSV,4,2,13,10,08,148,,28,05,186,,30,12,275,,32,38,328,,0*74
$GBGSV,4,3,13,33,17,098,,37,24,199,,38,23,133,,39,38,036,,0*79
$GBGSV,4,4,13,41,53,052,,0*41
$GQGSV,1,1,02,02,12,083,38,04,19,095,38,1*6D
$GQGSV,1,1,03,02,12,083,44,04,19,095,43,07,19,104,45,6*57
$GNGLL,2454.22970,N,06708.26854,E,174916.00,A,D*73
$GNRMC,174917.00,A,2454.22970,N,06708.26851,E,0.115,,300425,,,R,V*07
$GNVTG,,T,,M,0.115,N,0.214,K,D*3A
$GNGGA,174917.00,2454.22970,N,06708.26851,E,4,12,0.61,21.8,M,-44.2,M,1.0,0265*7C
$GNGSA,A,3,01,03,10,28,31,04,26,02,16,32,,,1.36,0.61,1.21,1*0F
$GNGSA,A,3,69,80,68,85,84,78,79,,,,,,1.36,0.61,1.21,2*0A
$GNGSA,A,3,11,23,21,31,10,19,,,,,,,1.36,0.61,1.21,3*0B
$GNGSA,A,3,06,08,13,16,09,25,27,23,,,,,1.36,0.61,1.21,4*04
$GNGSA,A,3,04,,,,,,,,,,,,1.36,0.61,1.21,5*00
$GPGSV,4,1,13,01,48,261,45,02,38,223,45,03,46,332,45,04,24,291,38,1*60
$GPGSV,4,2,13,10,11,130,38,16,25,156,42,26,43,127,45,28,34,037,43,1*64
$GPGSV,4,3,13,31,62,031,48,32,15,069,38,40,59,208,48,41,56,146,46,1*61
$GPGSV,4,4,13,42,19,104,45,1*5C
$GPGSV,2,1,08,01,48,261,47,03,46,332,44,04,24,291,41,10,11,130,42,6*68
$GPGSV,2,2,08,26,43,127,44,28,34,037,44,31,62,031,44,32,15,069,34,6*6C
$GLGSV,2,1,08,68,24,071,45,69,41,014,49,78,17,033,49,79,57,079,51,1*7C
$GLGSV,2,2,08,80,40,170,49,84,29,248,39,85,19,302,42,,,,41,1*43
$GLGSV,2,1,07,68,24,071,45,69,41,014,48,78,17,033,42,79,57,079,47,3*7C
$GLGSV,2,2,07,80,40,170,48,84,29,248,46,85,19,302,39,3*4E
$GLGSV,1,1,02,70,10,310,,83,03,190,,0*7F
$GAGSV,3,1,11,04,52,006,50,06,49,323,50,09,34,296,50,10,47,212,50,2*78
$GAGSV,3,2,11,11,52,257,47,12,32,186,45,19,16,063,38,21,11,050,41,2*7D
$GAGSV,3,3,11,23,33,099,49,31,24,158,46,36,23,313,43,2*42
$GAGSV,3,1,11,04,52,006,46,06,49,323,45,09,34,296,44,10,47,212,46,7*7C
$GAGSV,3,2,11,11,52,257,43,12,32,186,39,19,16,063,33,21,11,050,35,7*7F
$GAGSV,3,3,11,23,33,099,43,31,24,158,41,36,23,313,37,7*49
$GBGSV,2,1,08,06,55,035,44,08,34,129,41,09,71,032,46,13,51,124,46,1*72
$GBGSV,2,2,08,16,47,036,44,23,66,148,51,25,41,053,47,27,17,225,42,1*70
$GBGSV,2,1,05,06,55,035,46,08,34,129,46,09,71,032,48,13,51,124,47,B*06
$GBGSV,2,2,05,16,47,036,45,B*30
$GBGSV,4,1,13,01,03,096,,02,58,141,,03,34,114,,07,07,138,,0*7C
$GBGSV,4,2,13,10,08,148,,28,05,186,,30,12,275,,32,38,328,,0*74
$GBGSV,4,3,13,33,17,098,,37,24,199,,38,23,133,,39,38,036,,0*79
$GBGSV,4,4,13,41,53,052,,0*41
$GQGSV,1,1,02,02,12,083,42,04,19,095,40,1*6F
$GQGSV,1,1,03,02,12,083,42,04,19,095,42,07,19,104,41,6*54
$GNGLL,2454.22970,N,06708.26851,E,174917.00,A,D*77
$GNRMC,174918.00,A,2454.22970,N,06708.26847,E,0.148,,300425,,,R,V*07
$GNVTG,,T,,M,0.148,N,0.274,K,D*34
$GNGGA,174918.00,2454.22970,N,06708.26847,E,4,12,0.61,21.8,M,-44.2,M,1.0,0265*74
$GNGSA,A,3,01,03,10,28,31,04,26,02,16,32,,,1.36,0.61,1.21,1*0F
$GNGSA,A,3,69,80,68,85,84,78,79,,,,,,1.36,0.61,1.21,2*0A
$GNGSA,A,3,11,23,21,31,10,19,,,,,,,1.36,0.61,1.21,3*0B
$GNGSA,A,3,06,08,13,16,09,25,27,23,,,,,1.36,0.61,1.21,4*04
$GNGSA,A,3,04,,,,,,,,,,,,1.36,0.61,1.21,5*00
$GPGSV,4,1,13,01,48,261,45,02,38,223,45,03,46,332,45,04,24,291,37,1*6F
$GPGSV,4,2,13,10,11,130,39,16,25,156,42,26,43,127,43,28,34,037,43,1*63
$GPGSV,4,3,13,31,62,031,48,32,15,069,37,40,59,208,48,41,56,146,46,1*6E
$GPGSV,4,4,13,42,19,104,45,1*5C
$GPGSV,2,1,08,01,48,261,47,03,46,332,44,04,24,291,41,10,11,130,33,6*6E
$GPGSV,2,2,08,26,43,127,45,28,34,037,44,31,62,031,44,32,15,069,42,6*6C
$GLGSV,2,1,08,68,24,071,46,69,41,014,49,78,17,033,46,79,57,079,51,1*70
$GLGSV,2,2,08,80,40,170,49,84,29,248,39,85,19,302,41,,,,41,1*40
$GLGSV,2,1,07,68,24,071,43,69,41,014,48,78,17,033,43,79,57,079,47,3*7B
$GLGSV,2,2,07,80,40,170,48,84,29,248,45,85,19,302,36,3*42
$GLGSV,1,1,02,70,10,310,,83,03,190,,0*7F
$GAGSV,3,1,11,04,52,006,50,06,49,323,50,09,34,296,50,10,47,212,50,2*78
$GAGSV,3,2,11,11,52,257,47,12,32,186,45,19,16,063,38,21,11,050,45,2*79
$GAGSV,3,3,11,23,33,099,50,31,24,158,45,36,23,313,44,2*4E
$GAGSV,3,1,11,04,52,006,46,06,49,323,45,09,34,296,44,10,47,212,45,7*7F
$GAGSV,3,2,11,11,52,257,43,12,32,186,39,19,16,063,31,21,11,050,36,7*7E
$GAGSV,3,3,11,23,33,099,44,31,24,158,41,36,23,313,36,7*4F
$GBGSV,2,1,08,06,55,035,44,08,34,129,41,09,71,032,47,13,51,124,46,1*73
$GBGSV,2,2,08,16,47,036,44,23,66,148,51,25,41,053,48,27,17,225,41,1*7C
$GBGSV,2,1,05,06,55,035,47,08,34,129,47,09,71,032,48,13,51,124,47,B*06
$GBGSV,2,2,05,16,47,036,46,B*33
$GBGSV,4,1,13,01,03,096,,02,58,141,,03,34,114,,07,07,138,,0*7C
$GBGSV,4,2,13,10,08,148,,28,05,186,,30,12,275,,32,38,328,,0*74
$GBGSV,4,3,13,33,17,098,,37,24,199,,38,23,133,,39,38,036,,0*79
$GBGSV,4,4,13,41,53,052,,0*41
$GQGSV,1,1,02,02,12,083,36,04,19,095,38,1*63
$GQGSV,1,1,03,02,12,083,42,04,19,095,44,07,19,104,45,6*56
$GNGLL,2454.22970,N,06708.26847,E,174918.00,A,D*7F
$GNRMC,174919.00,A,2454.22970,N,06708.26834,E,0.515,273.07,300425,,,R,V*11
$GNVTG,273.07,T,,M,0.515,N,0.953,K,D*29
$GNGGA,174919.00,2454.22970,N,06708.26834,E,4,12,0.61,21.8,M,-44.2,M,1.0,0265*71
$GNGSA,A,3,01,03,10,28,31,04,26,02,16,32,,,1.36,0.61,1.21,1*0F
$GNGSA,A,3,69,80,68,85,84,78,79,,,,,,1.36,0.61,1.21,2*0A
$GNGSA,A,3,11,23,21,31,10,19,,,,,,,1.36,0.61,1.21,3*0B
$GNGSA,A,3,06,08,13,16,09,25,27,23,,,,,1.36,0.61,1.21,4*04
$GNGSA,A,3,04,,,,,,,,,,,,1.36,0.61,1.21,5*00
$GPGSV,4,1,13,01,48,261,45,02,38,223,45,03,46,332,45,04,24,291,36,1*6E
$GPGSV,4,2,13,10,11,130,39,16,25,156,42,26,43,127,44,28,34,037,43,1*64
$GPGSV,4,3,13,31,62,031,48,32,15,069,42,40,59,208,48,41,56,146,47,1*6D
$GPGSV,4,4,13,42,19,104,46,1*5F
$GPGSV,2,1,08,01,48,261,47,03,46,332,44,04,24,291,39,10,11,130,39,6*6B
$GPGSV,2,2,08,26,43,127,45,28,34,037,45,31,62,031,45,32,15,069,45,6*6B
$GLGSV,2,1,08,68,24,071,46,69,41,014,49,78,17,033,45,79,57,079,51,1*73
$GLGSV,2,2,08,80,40,170,50,84,29,248,39,85,19,302,41,,,,44,1*4D
$GLGSV,2,1,07,68,24,071,46,69,41,014,47,78,17,033,43,79,57,079,47,3*71
$GLGSV,2,2,07,80,40,170,48,84,29,248,45,85,19,302,36,3*42
$GLGSV,1,1,02,70,10,310,,83,03,190,,0*7F
$GAGSV,3,1,11,04,52,006,50,06,49,323,50,09,34,296,49,10,47,212,50,2*70
$GAGSV,3,2,11,11,52,257,46,12,32,186,45,19,16,063,39,21,11,050,43,2*7F
$GAGSV,3,3,11,23,33,099,48,31,24,158,45,36,23,313,43,2*40
$GAGSV,3,1,11,04,52,006,46,06,49,323,46,09,34,296,44,10,47,212,45,7*7C
$GAGSV,3,2,11,11,52,257,43,12,32,186,39,19,16,063,35,21,11,050,37,7*7B
$GAGSV,3,3,11,23,33,099,44,31,24,158,41,36,23,313,34,7*4D
$GBGSV,2,1,08,06,55,035,44,08,34,129,41,09,71,032,46,13,51,124,46,1*72
$GBGSV,2,2,08,16,47,036,44,23,66,148,51,25,41,053,48,27,17,225,41,1*7C
$GBGSV,2,1,05,06,55,035,46,08,34,129,47,09,71,032,48,13,51,124,47,B*07
$GBGSV,2,2,05,16,47,036,45,B*30
$GBGSV,4,1,13,01,03,096,,02,58,141,,03,34,114,,07,07,138,,0*7C
$GBGSV,4,2,13,10,08,148,,28,05,186,,30,12,275,,32,38,328,,0*74
$GBGSV,4,3,13,33,17,098,,37,24,199,,38,23,133,,39,38,036,,0*79
$GBGSV,4,4,13,41,53,052,,0*41
$GQGSV,1,1,02,02,12,083,38,04,19,095,38,1*6D
$GQGSV,1,1,03,02,12,083,42,04,19,095,42,07,19,104,44,6*51
$GNGLL,2454.22970,N,06708.26834,E,174919.00,A,D*7A
$GNRMC,174920.00,A,2454.22971,N,06708.26823,E,0.189,,300425,,,R,V*02
$GNVTG,,T,,M,0.189,N,0.349,K,D*36
$GNGGA,174920.00,2454.22971,N,06708.26823,E,4,12,0.61,21.8,M,-44.2,M,1.0,0265*7C
$GNGSA,A,3,01,03,10,28,31,04,26,02,16,32,,,1.36,0.61,1.21,1*0F
$GNGSA,A,3,69,80,68,85,84,78,79,,,,,,1.36,0.61,1.21,2*0A
$GNGSA,A,3,11,23,21,31,10,19,,,,,,,1.36,0.61,1.21,3*0B
$GNGSA,A,3,06,08,13,16,09,25,27,23,,,,,1.36,0.61,1.21,4*04
$GNGSA,A,3,04,,,,,,,,,,,,1.36,0.61,1.21,5*00
$GPGSV,4,1,13,01,48,261,45,02,38,223,45,03,46,332,45,04,24,291,36,1*6E
$GPGSV,4,2,13,10,11,130,39,16,25,156,42,26,43,127,44,28,34,037,43,1*64
$GPGSV,4,3,13,31,62,031,48,32,15,069,40,40,59,208,48,41,56,146,46,1*6E
$GPGSV,4,4,13,42,19,104,45,1*5C
$GPGSV,2,1,08,01,48,261,47,03,46,332,45,04,24,291,37,10,11,130,40,6*6A
$GPGSV,2,2,08,26,43,127,44,28,34,037,46,31,62,031,45,32,15,069,39,6*62
$GLGSV,2,1,08,68,24,071,44,69,41,014,48,78,17,033,48,79,57,079,51,1*7D
$GLGSV,2,2,08,80,40,170,50,84,29,248,39,85,19,302,38,,,,40,1*47
$GLGSV,2,1,07,68,24,071,45,69,41,014,48,78,17,033,43,79,57,079,48,3*72
$GLGSV,2,2,07,80,40,170,48,84,29,248,45,85,19,302,33,3*47
$GLGSV,1,1,02,70,10,310,,83,03,190,,0*7F
$GAGSV,3,1,11,04,52,006,50,06,49,323,50,09,34,296,48,10,47,212,50,2*71
$GAGSV,3,2,11,11,52,257,47,12,32,186,45,19,16,063,39,21,11,050,44,2*79
$GAGSV,3,3,11,23,33,099,49,31,24,158,46,36,23,313,43,2*42
$GAGSV,3,1,11,04,52,006,46,06,49,323,46,09,34,296,44,10,47,212,45,7*7C
$GAGSV,3,2,11,11,52,257,43,12,32,186,39,19,16,063,32,21,11,050,39,7*72
$GAGSV,3,3,11,23,33,099,43,31,24,158,42,36,23,313,35,7*48
$GBGSV,2,1,08,06,55,035,43,08,34,129,42,09,71,032,47,13,51,124,46,1*77
$GBGSV,2,2,08,16,47,036,43,23,66,148,51,25,41,053,47,27,17,225,43,1*76
$GBGSV,2,1,05,06,55,035,45,08,34,129,47,09,71,032,48,13,51,124,47,B*04
$GBGSV,2,2,05,16,47,036,46,B*33
$GBGSV,4,1,13,01,03,096,,02,58,141,,03,34,114,,07,07,138,,0*7C
$GBGSV,4,2,13,10,08,148,,28,05,186,,30,12,275,,32,38,328,,0*74
$GBGSV,4,3,13,33,17,098,,37,24,199,,38,23,133,,39,38,036,,0*79
$GBGSV,4,4,13,41,53,052,,0*41
$GQGSV,1,1,02,02,12,083,40,04,19,095,36,1*6C
$GQGSV,1,1,03,02,12,083,42,04,19,095,44,07,19,104,44,6*57
$GNGLL,2454.22971,N,06708.26823,E,174920.00,A,D*77
$GNRMC,174921.00,A,2454.22971,N,06708.26823,E,0.034,,300425,,,R,V*04
$GNVTG,,T,,M,0.034,N,0.063,K,D*3A
$GNGGA,174921.00,2454.22971,N,06708.26823,E,4,12,0.61,21.8,M,-44.2,M,1.0,0265*7D
$GNGSA,A,3,01,03,10,28,31,04,26,02,16,32,,,1.36,0.61,1.21,1*0F
$GNGSA,A,3,69,80,68,85,84,78,79,,,,,,1.36,0.61,1.21,2*0A
$GNGSA,A,3,11,23,21,31,10,19,,,,,,,1.36,0.61,1.21,3*0B
$GNGSA,A,3,06,08,13,16,09,25,27,23,,,,,1.36,0.61,1.21,4*04
$GNGSA,A,3,04,,,,,,,,,,,,1.36,0.61,1.21,5*00
$GPGSV,4,1,13,01,48,261,45,02,38,223,44,03,46,332,45,04,24,291,35,1*6C
$GPGSV,4,2,13,10,11,130,39,16,25,156,42,26,43,127,44,28,34,037,43,1*64
$GPGSV,4,3,13,31,62,031,48,32,15,069,40,40,59,208,48,41,56,146,46,1*6E
$GPGSV,4,4,13,42,19,104,45,1*5C
$GPGSV,2,1,08,01,48,261,47,03,46,332,45,04,24,291,37,10,11,130,39,6*64
$GPGSV,2,2,08,26,43,127,44,28,34,037,46,31,62,031,45,32,15,069,39,6*62
$GLGSV,2,1,08,68,24,071,44,69,41,014,48,78,17,033,48,79,57,079,51,1*7D
$GLGSV,2,2,08,80,40,170,50,84,29,248,39,85,19,302,39,,,,40,1*46
$GLGSV,2,1,07,68,24,071,45,69,41,014,48,78,17,033,43,79,57,079,48,3*72
$GLGSV,2,2,07,80,40,170,47,84,29,248,45,85,19,302,33,3*48
$GLGSV,1,1,02,70,10,310,,83,03,190,,0*7F
$GAGSV,3,1,11,04,52,006,50,06,49,323,50,09,34,296,48,10,47,212,50,2*71
$GAGSV,3,2,11,11,52,257,47,12,32,186,46,19,16,063,39,21,11,050,44,2*7A
$GAGSV,3,3,11,23,33,099,49,31,24,158,45,36,23,313,43,2*41
$GAGSV,3,1,11,04,52,006,46,06,49,323,45,09,34,296,43,10,47,212,45,7*78
$GAGSV,3,2,11,11,52,257,42,12,32,186,39,19,16,063,31,21,11,050,38,7*71
$GAGSV,3,3,11,23,33,099,44,31,24,158,42,36,23,313,36,7*4C
$GBGSV,2,1,08,06,55,035,43,08,34,129,42,09,71,032,47,13,51,124,47,1*76
$GBGSV,2,2,08,16,47,036,44,23,66,148,51,25,41,053,47,27,17,225,43,1*71
$GBGSV,2,1,05,06,55,035,46,08,34,129,47,09,71,032,48,13,51,124,47,B*07
$GBGSV,2,2,05,16,47,036,46,B*33
$GBGSV,4,1,13,01,03,096,,02,58,141,,03,34,114,,07,07,138,,0*7C
$GBGSV,4,2,13,10,08,148,,28,05,186,,30,12,275,,32,38,328,,0*74
$GBGSV,4,3,13,33,17,098,,37,24,199,,38,23,133,,39,38,036,,0*79
$GBGSV,4,4,13,41,53,052,,0*41
$GQGSV,1,1,02,02,12,083,40,04,19,095,36,1*6C
$GQGSV,1,1,03,02,12,083,42,04,19,095,44,07,19,104,43,6*50
$GNGLL,2454.22971,N,06708.26823,E,174921.00,A,D*76
$GNRMC,174922.00,A,2454.22971,N,06708.26823,E,0.008,,300425,,,R,V*08
$GNVTG,,T,,M,0.008,N,0.014,K,D*35
$GNGGA,174922.00,2454.22971,N,06708.26823,E,4,12,0.61,21.8,M,-44.2,M,1.0,0265*7E
$GNGSA,A,3,01,03,10,28,31,04,26,02,16,32,,,1.36,0.61,1.21,1*0F
$GNGSA,A,3,69,80,68,85,84,78,79,,,,,,1.36,0.61,1.21,2*0A
$GNGSA,A,3,11,23,21,31,10,19,,,,,,,1.36,0.61,1.21,3*0B
$GNGSA,A,3,06,08,13,16,09,25,27,23,,,,,1.36,0.61,1.21,4*04
$GNGSA,A,3,04,,,,,,,,,,,,1.36,0.61,1.21,5*00
$GPGSV,4,1,13,01,48,261,45,02,38,223,44,03,46,332,45,04,24,291,34,1*6D
$GPGSV,4,2,13,10,11,130,40,16,25,156,43,26,43,127,44,28,34,037,43,1*6B
$GPGSV,4,3,13,31,62,031,48,32,15,069,40,40,59,208,48,41,56,146,46,1*6E
$GPGSV,4,4,13,42,19,104,45,1*5C
$GPGSV,2,1,08,01,48,261,47,03,46,332,45,04,24,291,38,10,11,130,40,6*65
$GPGSV,2,2,08,26,43,127,44,28,34,037,46,31,62,031,45,32,15,069,41,6*6D
$GLGSV,2,1,08,68,24,071,44,69,41,014,48,78,17,033,49,79,57,079,51,1*7C
$GLGSV,2,2,08,80,40,170,50,84,29,248,39,85,19,302,39,,,,40,1*46
$GLGSV,2,1,07,68,24,071,45,69,41,014,48,78,17,033,43,79,57,079,48,3*72
$GLGSV,2,2,07,80,40,170,47,84,29,248,45,85,19,302,33,3*48
$GLGSV,1,1,02,70,10,310,,83,03,190,,0*7F
$GAGSV,3,1,11,04,52,006,50,06,49,323,51,09,34,296,48,10,47,212,50,2*70
$GAGSV,3,2,11,11,52,257,47,12,32,186,46,19,16,063,40,21,11,050,43,2*73
$GAGSV,3,3,11,23,33,099,49,31,24,158,45,36,23,313,43,2*41
$GAGSV,3,1,11,04,52,006,46,06,49,323,45,09,34,296,44,10,47,212,46,7*7C
$GAGSV,3,2,11,11,52,257,42,12,32,186,39,19,16,063,30,21,11,050,38,7*70
$GAGSV,3,3,11,23,33,099,44,31,24,158,42,36,23,313,36,7*4C
$GBGSV,2,1,08,06,55,035,43,08,34,129,43,09,71,032,47,13,51,124,46,1*76
$GBGSV,2,2,08,16,47,036,44,23,66,148,51,25,41,053,47,27,17,225,43,1*71
$GBGSV,2,1,05,06,55,035,46,08,34,129,47,09,71,032,48,13,51,124,47,B*07
$GBGSV,2,2,05,16,47,036,46,B*33
$GBGSV,4,1,13,01,03,096,,02,58,141,,03,34,114,,07,07,138,,0*7C
$GBGSV,4,2,13,10,08,148,,28,05,186,,30,12,275,,32,38,328,,0*74
$GBGSV,4,3,13,33,17,098,,37,24,199,,38,23,133,,39,38,036,,0*79
$GBGSV,4,4,13,41,53,052,,0*41
$GQGSV,1,1,02,02,12,083,41,04,19,095,36,1*6D
$GQGSV,1,1,03,02,12,083,41,04,19,095,45,07,19,104,43,6*52
$GNGLL,2454.22971,N,06708.26823,E,174922.00,A,D*75
$GNRMC,174923.00,A,2454.22971,N,06708.26823,E,0.009,,300425,,,R,V*08
$GNVTG,,T,,M,0.009,N,0.017,K,D*37
$GNGGA,174923.00,2454.22971,N,06708.26823,E,4,12,0.61,21.8,M,-44.2,M,1.0,0265*7F
$GNGSA,A,3,01,03,10,28,31,04,26,02,16,32,,,1.36,0.61,1.21,1*0F
$GNGSA,A,3,69,80,68,85,84,78,79,,,,,,1.36,0.61,1.21,2*0A
$GNGSA,A,3,11,23,21,31,10,19,,,,,,,1.36,0.61,1.21,3*0B
$GNGSA,A,3,06,08,13,16,09,25,27,23,,,,,1.36,0.61,1.21,4*04
$GNGSA,A,3,04,,,,,,,,,,,,1.36,0.61,1.21,5*00
$GPGSV,4,1,13,01,48,261,45,02,38,223,45,03,46,332,45,04,24,291,34,1*6C
$GPGSV,4,2,13,10,11,130,40,16,25,156,43,26,43,127,44,28,34,037,43,1*6B
$GPGSV,4,3,13,31,62,031,48,32,15,069,40,40,59,208,48,41,56,146,46,1*6E
$GPGSV,4,4,13,42,19,104,44,1*5D
$GPGSV,2,1,08,01,48,261,47,03,46,332,45,04,24,291,38,10,11,130,40,6*65
$GPGSV,2,2,08,26,43,127,44,28,34,037,46,31,62,031,45,32,15,069,41,6*6D
$GLGSV,2,1,08,68,24,071,44,69,41,014,48,78,17,033,49,79,57,079,51,1*7C
$GLGSV,2,2,08,80,40,170,50,84,29,248,39,85,19,302,39,,,,40,1*46
$GLGSV,2,1,08,68,24,071,45,69,41,014,48,78,17,033,43,79,57,079,48,3*7D
$GLGSV,2,2,08,80,40,170,47,84,29,248,45,85,19,302,33,,,,37,3*43
$GLGSV,1,1,02,70,10,310,,83,03,190,,0*7F
$GAGSV,3,1,11,04,52,006,50,06,49,323,51,09,34,296,49,10,47,212,50,2*71
$GAGSV,3,2,11,11,52,257,47,12,32,186,46,19,16,063,40,21,11,050,43,2*73
$GAGSV,3,3,11,23,33,099,49,31,24,158,45,36,23,313,43,2*41
$GAGSV,3,1,11,04,52,006,46,06,49,323,45,09,34,296,44,10,47,212,46,7*7C
$GAGSV,3,2,11,11,52,257,42,12,32,186,39,19,16,063,30,21,11,050,39,7*71
$GAGSV,3,3,11,23,33,099,44,31,24,158,42,36,23,313,36,7*4C
$GBGSV,2,1,08,06,55,035,43,08,34,129,43,09,71,032,47,13,51,124,46,1*76
$GBGSV,2,2,08,16,47,036,44,23,66,148,51,25,41,053,47,27,17,225,43,1*71
$GBGSV,2,1,05,06,55,035,46,08,34,129,47,09,71,032,48,13,51,124,47,B*07
$GBGSV,2,2,05,16,47,036,45,B*30
$GBGSV,4,1,13,01,03,096,,02,58,141,,03,34,114,,07,07,138,,0*7C
$GBGSV,4,2,13,10,08,148,,28,05,186,,30,12,275,,32,38,328,,0*74
$GBGSV,4,3,13,33,17,098,,37,24,199,,38,23,133,,39,38,036,,0*79
$GBGSV,4,4,13,41,53,052,,0*41
$GQGSV,1,1,02,02,12,083,41,04,19,095,36,1*6D
$GQGSV,1,1,03,02,12,083,42,04,19,095,44,07,19,104,43,6*50
$GNGLL,2454.22971,N,06708.26823,E,174923.00,A,D*74
$GNRMC,174924.00,A,2454.22971,N,06708.26823,E,0.009,,300425,,,R,V*0F
$GNVTG,,T,,M,0.009,N,0.017,K,D*37
$GNGGA,174924.00,2454.22971,N,06708.26823,E,4,12,0.61,21.8,M,-44.2,M,1.0,0265*78
$GNGSA,A,3,01,03,10,28,31,04,26,02,16,32,,,1.36,0.61,1.21,1*0F
$GNGSA,A,3,69,80,68,85,84,78,79,,,,,,1.36,0.61,1.21,2*0A
$GNGSA,A,3,11,23,21,31,10,19,,,,,,,1.36,0.61,1.21,3*0B
$GNGSA,A,3,06,08,13,16,09,25,27,23,,,,,1.36,0.61,1.21,4*04
$GNGSA,A,3,04,,,,,,,,,,,,1.36,0.61,1.21,5*00
$GPGSV,4,1,13,01,48,261,45,02,38,223,44,03,46,332,45,04,24,291,34,1*6D
$GPGSV,4,2,13,10,11,130,40,16,25,156,43,26,43,127,44,28,34,037,43,1*6B
$GPGSV,4,3,13,31,62,031,48,32,15,069,40,40,59,208,48,41,56,146,46,1*6E
$GPGSV,4,4,13,42,19,104,44,1*5D
$GPGSV,2,1,08,01,48,261,47,03,46,332,45,04,24,291,39,10,11,130,40,6*64
$GPGSV,2,2,08,26,43,127,44,28,34,037,46,31,62,031,45,32,15,069,41,6*6D
$GLGSV,2,1,08,68,24,071,44,69,41,014,48,78,17,033,49,79,57,079,51,1*7C
$GLGSV,2,2,08,80,40,170,50,84,29,248,39,85,19,302,39,,,,40,1*46
$GLGSV,2,1,08,68,24,071,46,69,41,014,48,78,17,033,44,79,57,079,47,3*76
$GLGSV,2,2,08,80,40,170,47,84,29,248,45,85,19,302,33,,,,37,3*43
$GLGSV,1,1,02,70,10,310,,83,03,190,,0*7F
$GAGSV,3,1,11,04,52,006,50,06,49,323,51,09,34,296,49,10,47,212,50,2*71
$GAGSV,3,2,11,11,52,257,47,12,32,186,46,19,16,063,40,21,11,050,43,2*73
$GAGSV,3,3,11,23,33,099,49,31,25,157,45,36,23,313,43,2*4F
$GAGSV,3,1,11,04,52,006,46,06,49,323,45,09,34,296,44,10,47,212,46,7*7C
$GAGSV,3,2,11,11,52,257,42,12,32,186,39,19,16,063,30,21,11,050,39,7*71
$GAGSV,3,3,11,23,33,099,44,31,25,157,42,36,23,313,36,7*42
$GBGSV,2,1,08,06,55,035,43,08,34,129,43,09,71,032,47,13,51,124,46,1*76
$GBGSV,2,2,08,16,47,036,44,23,66,148,51,25,41,053,47,27,17,225,43,1*71
$GBGSV,2,1,05,06,55,035,46,08,34,129,47,09,71,032,48,13,51,124,47,B*07
$GBGSV,2,2,05,16,47,036,45,B*30
$GBGSV,4,1,13,01,03,096,,02,58,141,,03,34,114,,07,07,138,,0*7C
$GBGSV,4,2,13,10,08,148,,28,05,186,,30,12,275,,32,38,328,,0*74
$GBGSV,4,3,13,33,17,098,,37,24,199,,38,23,133,,39,38,036,,0*79
$GBGSV,4,4,13,41,53,052,,0*41
$GQGSV,1,1,02,02,12,083,42,04,19,095,36,1*6E
$GQGSV,1,1,03,02,12,083,41,04,19,095,44,07,19,104,43,6*53
$GNGLL,2454.22971,N,06708.26823,E,174924.00,A,D*73
$GNRMC,174925.00,A,2454.22971,N,06708.26823,E,0.008,,300425,,,R,V*0F
$GNVTG,,T,,M,0.008,N,0.015,K,D*34
$GNGGA,174925.00,2454.22971,N,06708.26823,E,4,12,0.61,21.8,M,-44.2,M,1.0,0265*79
$GNGSA,A,3,01,03,10,28,31,04,26,02,16,32,,,1.36,0.61,1.21,1*0F
$GNGSA,A,3,69,80,68,85,84,78,79,,,,,,1.36,0.61,1.21,2*0A
$GNGSA,A,3,11,23,21,31,10,19,,,,,,,1.36,0.61,1.21,3*0B
$GNGSA,A,3,06,08,13,16,09,25,27,23,,,,,1.36,0.61,1.21,4*04
$GNGSA,A,3,04,,,,,,,,,,,,1.36,0.61,1.21,5*00
$GPGSV,4,1,13,01,48,261,45,02,38,223,44,03,46,332,45,04,24,291,34,1*6D
$GPGSV,4,2,13,10,11,130,40,16,25,156,43,26,43,127,44,28,34,037,43,1*6B
$GPGSV,4,3,13,31,62,031,48,32,15,069,40,40,59,208,48,41,56,146,46,1*6E
$GPGSV,4,4,13,42,19,104,45,1*5C
$GPGSV,2,1,08,01,48,261,47,03,46,332,45,04,24,291,38,10,11,130,40,6*65
$GPGSV,2,2,08,26,43,127,44,28,34,037,46,31,62,031,45,32,15,069,41,6*6D
$GLGSV,2,1,08,68,24,071,44,69,41,014,48,78,17,033,49,79,57,079,51,1*7C
$GLGSV,2,2,08,80,40,170,50,84,29,248,39,85,19,302,39,,,,40,1*46
$GLGSV,2,1,08,68,24,071,46,69,41,014,48,78,17,033,44,79,57,079,47,3*76
$GLGSV,2,2,08,80,40,170,47,84,29,248,45,85,19,302,33,,,,37,3*43
$GLGSV,1,1,02,70,10,310,,83,03,190,,0*7F
$GAGSV,3,1,11,04,52,006,50,06,49,323,51,09,34,296,49,10,47,212,50,2*71
$GAGSV,3,2,11,11,52,257,47,12,32,186,45,19,16,063,40,21,11,050,43,2*70
$GAGSV,3,3,11,23,33,099,49,31,25,157,45,36,23,313,43,2*4F
$GAGSV,3,1,11,04,52,006,46,06,49,323,46,09,34,296,44,10,47,212,46,7*7F
$GAGSV,3,2,11,11,52,257,42,12,32,186,39,19,16,063,30,21,11,050,39,7*71
$GAGSV,3,3,11,23,33,099,43,31,25,157,42,36,23,313,36,7*45
$GBGSV,2,1,08,06,55,035,43,08,34,129,43,09,71,032,47,13,51,124,46,1*76
$GBGSV,2,2,08,16,47,036,44,23,66,148,51,25,41,053,47,27,17,225,43,1*71
$GBGSV,2,1,05,06,55,035,46,08,34,129,47,09,71,032,48,13,51,124,47,B*07
$GBGSV,2,2,05,16,47,036,45,B*30
$GBGSV,4,1,13,01,03,096,,02,58,141,,03,34,114,,07,07,138,,0*7C
$GBGSV,4,2,13,10,08,148,,28,05,186,,30,12,275,,32,38,328,,0*74
$GBGSV,4,3,13,33,17,098,,37,24,199,,38,23,133,,39,38,036,,0*79
$GBGSV,4,4,13,41,53,052,,0*41
$GQGSV,1,1,02,02,12,083,42,04,19,095,36,1*6E
$GQGSV,1,1,03,02,12,083,41,04,19,095,44,07,19,104,43,6*53
$GNGLL,2454.22971,N,06708.26823,E,174925.00,A,D*72
$GNRMC,174926.00,A,2454.22971,N,06708.26822,E,0.110,,300425,,,R,V*05
$GNVTG,,T,,M,0.110,N,0.203,K,D*39
$GNGGA,174926.00,2454.22971,N,06708.26822,E,4,12,0.61,21.8,M,-44.2,M,1.0,0265*7B
$GNGSA,A,3,01,03,10,28,31,04,26,02,16,32,,,1.36,0.61,1.21,1*0F
$GNGSA,A,3,69,80,68,85,84,78,79,,,,,,1.36,0.61,1.21,2*0A
$GNGSA,A,3,11,23,21,31,10,19,,,,,,,1.36,0.61,1.21,3*0B
$GNGSA,A,3,06,08,13,16,09,25,27,23,,,,,1.36,0.61,1.21,4*04
$GNGSA,A,3,04,,,,,,,,,,,,1.36,0.61,1.21,5*00
$GPGSV,4,1,13,01,48,261,45,02,38,223,44,03,46,332,45,04,24,291,34,1*6D
$GPGSV,4,2,13,10,11,130,39,16,25,156,43,26,43,127,44,28,34,037,43,1*65
$GPGSV,4,3,13,31,62,031,48,32,15,069,40,40,59,208,48,41,56,146,46,1*6E
$GPGSV,4,4,13,42,19,104,45,1*5C
$GPGSV,2,1,08,01,48,261,47,03,46,332,45,04,24,291,38,10,11,130,39,6*6B
$GPGSV,2,2,08,26,43,127,44,28,34,037,46,31,62,031,45,32,15,069,39,6*62
$GLGSV,2,1,08,68,24,071,45,69,41,014,48,78,17,033,48,79,57,079,51,1*7C
$GLGSV,2,2,08,80,40,170,50,84,29,248,39,85,19,302,40,,,,40,1*48
$GLGSV,2,1,08,68,24,071,44,69,41,014,48,78,17,033,44,79,57,079,47,3*74
$GLGSV,2,2,08,80,40,170,48,84,29,248,45,85,19,302,33,,,,37,3*4C
$GLGSV,1,1,02,70,10,310,,83,03,190,,0*7F
$GAGSV,3,1,11,04,52,006,50,06,49,323,51,09,34,296,49,10,47,212,50,2*71
$GAGSV,3,2,11,11,52,257,47,12,32,186,46,19,16,063,38,21,11,050,45,2*7A
$GAGSV,3,3,11,23,33,099,49,31,25,157,45,36,23,313,43,2*4F
$GAGSV,3,1,11,04,52,006,46,06,49,323,46,09,34,296,44,10,47,212,46,7*7F
$GAGSV,3,2,11,11,52,257,42,12,32,186,39,19,16,063,30,21,11,050,37,7*7F
$GAGSV,3,3,11,23,33,099,45,31,25,157,42,36,23,313,36,7*43
$GBGSV,2,1,08,06,55,035,43,08,34,129,43,09,71,032,47,13,51,124,47,1*77
$GBGSV,2,2,08,16,47,036,44,23,66,148,51,25,41,053,47,27,17,225,43,1*71
$GBGSV,2,1,05,06,55,035,46,08,34,129,47,09,71,032,48,13,51,124,47,B*07
$GBGSV,2,2,05,16,47,036,45,B*30
$GBGSV,4,1,13,01,03,096,,02,58,141,,03,34,114,,07,07,138,,0*7C
$GBGSV,4,2,13,10,08,148,,28,05,186,,30,12,275,,32,38,328,,0*74
$GBGSV,4,3,13,33,17,098,,37,24,199,,38,23,133,,39,38,036,,0*79
$GBGSV,4,4,13,41,53,052,,0*41
$GQGSV,1,1,02,02,12,083,39,04,19,095,36,1*62
$GQGSV,1,1,03,02,12,083,43,04,19,095,43,07,19,104,45,6*50
$GNGLL,2454.22971,N,06708.26822,E,174926.00,A,D*70
$GNRMC,174927.00,A,2454.22971,N,06708.26818,E,0.128,,300425,,,R,V*06
$GNVTG,,T,,M,0.128,N,0.238,K,D*3A
$GNGGA,174927.00,2454.22971,N,06708.26818,E,4,12,0.61,21.8,M,-44.2,M,1.0,0265*73
$GNGSA,A,3,01,03,10,28,31,04,26,02,16,32,,,1.36,0.61,1.21,1*0F
$GNGSA,A,3,69,80,68,85,84,78,79,,,,,,1.36,0.61,1.21,2*0A
$GNGSA,A,3,11,23,21,31,10,19,,,,,,,1.36,0.61,1.21,3*0B
$GNGSA,A,3,06,08,13,16,09,25,27,23,,,,,1.36,0.61,1.21,4*04
$GNGSA,A,3,04,,,,,,,,,,,,1.36,0.61,1.21,5*00
$GPGSV,4,1,13,01,48,261,45,02,38,223,44,03,46,332,45,04,24,291,38,1*61
$GPGSV,4,2,13,10,11,130,37,16,25,156,41,26,43,127,44,28,34,037,43,1*69
$GPGSV,4,3,13,31,62,031,48,32,15,069,42,40,59,208,48,41,56,146,46,1*6C
$GPGSV,4,4,13,42,19,104,45,1*5C
$GPGSV,2,1,08,01,48,261,47,03,46,332,45,04,24,291,39,10,11,130,38,6*6B
$GPGSV,2,2,08,26,43,127,44,28,34,037,44,31,62,031,45,32,15,069,42,6*6C
$GLGSV,2,1,08,68,24,071,45,69,41,014,49,78,17,033,46,79,57,079,51,1*73
$GLGSV,2,2,08,80,40,170,49,84,29,248,38,85,19,302,40,,,,40,1*41
$GLGSV,2,1,08,68,24,071,47,69,41,014,48,78,17,033,45,79,57,079,48,3*79
$GLGSV,2,2,08,80,40,170,48,84,29,248,45,85,19,302,37,,,,37,3*48
$GLGSV,1,1,02,70,10,310,,83,03,190,,0*7F
$GAGSV,3,1,11,04,52,006,50,06,49,323,51,09,34,296,48,10,47,212,50,2*70
$GAGSV,3,2,11,11,52,257,47,12,32,186,45,19,16,063,37,21,11,050,47,2*74
$GAGSV,3,3,11,23,33,099,50,31,25,157,45,36,23,312,43,2*46
$GAGSV,3,1,11,04,52,006,46,06,49,323,46,09,34,296,44,10,47,212,45,7*7C
$GAGSV,3,2,11,11,52,257,43,12,32,186,39,19,16,063,34,21,11,050,35,7*78
$GAGSV,3,3,11,23,33,099,44,31,25,157,43,36,23,312,35,7*41
$GBGSV,2,1,08,06,55,035,43,08,34,129,43,09,71,032,47,13,51,124,46,1*76
$GBGSV,2,2,08,16,47,036,44,23,66,148,51,25,41,053,48,27,17,225,40,1*7D
$GBGSV,2,1,05,06,55,035,47,08,34,129,48,09,71,032,48,13,51,124,47,B*09
$GBGSV,2,2,05,16,47,036,46,B*33
$GBGSV,4,1,13,01,03,096,,02,58,141,,03,34,114,,07,07,138,,0*7C
$GBGSV,4,2,13,10,08,148,,28,05,186,,30,12,275,,32,38,328,,0*74
$GBGSV,4,3,13,33,17,098,,37,24,199,,38,23,133,,39,38,036,,0*79
$GBGSV,4,4,13,41,53,052,,0*41
$GQGSV,1,1,02,02,12,083,42,04,19,095,38,1*60
$GQGSV,1,1,03,02,12,083,43,04,19,095,41,07,19,104,43,6*54
$GNGLL,2454.22971,N,06708.26818,E,174927.00,A,D*78
$GNRMC,174928.00,A,2454.22971,N,06708.26808,E,0.442,271.56,300425,,,R,V*18
$GNVTG,271.56,T,,M,0.442,N,0.819,K,D*23
$GNGGA,174928.00,2454.22971,N,06708.26808,E,4,12,0.61,21.8,M,-44.2,M,1.0,0265*7D
$GNGSA,A,3,01,03,10,28,31,04,26,02,16,32,,,1.36,0.61,1.21,1*0F
$GNGSA,A,3,69,80,68,85,84,78,79,,,,,,1.36,0.61,1.21,2*0A
$GNGSA,A,3,11,23,21,31,10,19,,,,,,,1.36,0.61,1.21,3*0B
$GNGSA,A,3,06,08,13,16,09,25,27,23,,,,,1.36,0.61,1.21,4*04
$GNGSA,A,3,04,,,,,,,,,,,,1.36,0.61,1.21,5*00
$GPGSV,4,1,13,01,48,261,45,02,38,223,45,03,46,332,45,04,24,291,35,1*6D
$GPGSV,4,2,13,10,11,130,40,16,25,156,43,26,43,127,44,28,34,037,43,1*6B
$GPGSV,4,3,13,31,62,031,48,32,15,069,36,40,59,208,48,41,56,146,47,1*6E
$GPGSV,4,4,13,42,19,104,45,1*5C
$GPGSV,2,1,08,01,48,261,47,03,46,332,44,04,24,291,38,10,11,130,40,6*64
$GPGSV,2,2,08,26,43,127,45,28,34,037,46,31,62,031,44,32,15,069,41,6*6D
$GLGSV,2,1,08,68,24,071,43,69,41,014,49,78,17,033,48,79,57,079,51,1*7B
$GLGSV,2,2,08,80,40,170,49,84,29,248,38,85,19,302,40,,,,24,1*43
$GLGSV,2,1,08,68,24,071,48,69,41,014,48,78,17,033,42,79,57,079,49,3*70
$GLGSV,2,2,08,80,40,170,48,84,29,248,44,85,19,302,36,,,,33,3*4C
$GLGSV,1,1,02,70,10,310,,83,03,190,,0*7F
$GAGSV,3,1,11,04,52,006,51,06,49,323,51,09,34,296,48,10,47,212,50,2*71
$GAGSV,3,2,11,11,52,257,47,12,32,186,45,19,16,063,34,21,11,050,44,2*74
$GAGSV,3,3,11,23,33,099,49,31,25,157,45,36,23,312,43,2*4E
$GAGSV,3,1,11,04,52,006,46,06,49,323,45,09,34,296,44,10,47,212,45,7*7F
$GAGSV,3,2,11,11,52,257,43,12,32,186,39,19,16,063,34,21,11,050,35,7*78
$GAGSV,3,3,11,23,33,099,43,31,25,157,43,36,23,312,38,7*4B
$GBGSV,2,1,08,06,55,035,44,08,34,129,42,09,71,032,47,13,51,124,46,1*70
$GBGSV,2,2,08,16,47,036,44,23,66,148,51,25,41,053,47,27,17,225,41,1*73
$GBGSV,2,1,05,06,55,035,46,08,34,129,47,09,71,032,48,13,51,124,47,B*07
$GBGSV,2,2,05,16,47,036,46,B*33
$GBGSV,4,1,13,01,03,096,,02,58,141,,03,34,114,,07,07,138,,0*7C
$GBGSV,4,2,13,10,08,148,,28,05,186,,30,12,275,,32,38,328,,0*74
$GBGSV,4,3,13,33,17,098,,37,24,199,,38,23,133,,39,38,036,,0*79
$GBGSV,4,4,13,41,53,052,,0*41
$GQGSV,1,1,02,02,12,083,37,04,19,095,38,1*62
$GQGSV,1,1,03,02,12,083,42,04,19,095,44,07,19,104,40,6*53
$GNGLL,2454.22971,N,06708.26808,E,174928.00,A,D*76
$GNRMC,174929.00,A,2454.22971,N,06708.26800,E,0.147,,300425,,,R,V*08
$GNVTG,,T,,M,0.147,N,0.272,K,D*3D
$GNGGA,174929.00,2454.22971,N,06708.26800,E,4,12,0.61,21.8,M,-44.2,M,1.0,0265*74
$GNGSA,A,3,01,03,10,28,31,04,26,02,16,32,,,1.35,0.61,1.21,1*0C
$GNGSA,A,3,69,80,68,85,84,78,79,,,,,,1.35,0.61,1.21,2*09
$GNGSA,A,3,11,23,21,31,10,19,,,,,,,1.35,0.61,1.21,3*08
$GNGSA,A,3,06,08,13,16,09,25,27,23,,,,,1.35,0.61,1.21,4*07
$GNGSA,A,3,04,,,,,,,,,,,,1.35,0.61,1.21,5*03
$GPGSV,4,1,13,01,48,261,45,02,38,223,45,03,46,332,45,04,24,291,35,1*6D
$GPGSV,4,2,13,10,11,130,40,16,25,156,42,26,43,127,44,28,34,037,43,1*6A
$GPGSV,4,3,13,31,62,031,48,32,15,069,38,40,59,208,48,41,56,146,46,1*61
$GPGSV,4,4,13,42,19,104,45,1*5C
$GPGSV,2,1,08,01,48,261,47,03,46,332,44,04,24,291,38,10,11,130,40,6*64
$GPGSV,2,2,08,26,43,127,45,28,34,037,46,31,62,031,44,32,15,069,42,6*6E
$GLGSV,2,1,08,68,24,071,44,69,41,014,49,78,17,033,47,79,57,079,51,1*73
$GLGSV,2,2,08,80,40,170,49,84,29,248,38,85,19,302,36,,,,23,1*45
$GLGSV,2,1,08,68,24,071,46,69,41,014,48,78,17,033,44,79,57,079,48,3*79
$GLGSV,2,2,08,80,40,170,48,84,29,248,44,85,19,302,33,,,,22,3*49
$GLGSV,1,1,02,70,10,310,,83,03,190,,0*7F
$GAGSV,3,1,11,04,52,006,50,06,49,323,50,09,34,296,47,10,47,212,51,2*7F
$GAGSV,3,2,11,11,52,257,46,12,32,186,46,19,16,063,39,21,11,050,39,2*71
$GAGSV,3,3,11,23,33,099,50,31,25,157,45,36,23,312,41,2*44
$GAGSV,3,1,11,04,52,006,46,06,49,323,46,09,34,296,44,10,47,212,45,7*7C
$GAGSV,3,2,11,11,52,257,43,12,32,186,38,19,16,063,35,21,11,050,38,7*75
$GAGSV,3,3,11,23,33,099,44,31,25,157,41,36,23,312,37,7*41
$GBGSV,2,1,08,06,55,035,43,08,34,129,41,09,71,032,47,13,51,124,46,1*74
$GBGSV,2,2,08,16,47,036,44,23,66,148,51,25,41,053,47,27,17,225,40,1*72
$GBGSV,2,1,05,06,55,035,46,08,34,129,46,09,71,032,48,13,51,124,47,B*06
$GBGSV,2,2,05,16,47,036,46,B*33
$GBGSV,4,1,13,01,03,096,,02,58,141,,03,34,114,,07,07,138,,0*7C
$GBGSV,4,2,13,10,08,148,,28,05,186,,30,12,275,,32,38,328,,0*74
$GBGSV,4,3,13,33,17,098,,37,24,199,,38,23,133,,39,38,036,,0*79
$GBGSV,4,4,13,41,53,052,,0*41
$GQGSV,1,1,02,02,12,083,39,04,19,095,38,1*6C
$GQGSV,1,1,03,02,12,083,40,04,19,095,44,07,19,104,40,6*51
$GNGLL,2454.22971,N,06708.26800,E,174929.00,A,D*7F
$GNRMC,174930.00,A,2454.22971,N,06708.26787,E,0.400,266.80,300425,,,R,V*12
$GNVTG,266.80,T,,M,0.400,N,0.741,K,D*2A
$GNGGA,174930.00,2454.22971,N,06708.26787,E,4,12,0.61,21.8,M,-44.2,M,1.0,0265*7C
$GNGSA,A,3,01,03,10,28,31,04,26,02,16,32,,,1.35,0.61,1.21,1*0C
$GNGSA,A,3,69,80,68,85,84,78,79,,,,,,1.35,0.61,1.21,2*09
$GNGSA,A,3,11,23,21,31,10,19,,,,,,,1.35,0.61,1.21,3*08
$GNGSA,A,3,06,08,13,16,09,25,27,23,,,,,1.35,0.61,1.21,4*07
$GNGSA,A,3,04,,,,,,,,,,,,1.35,0.61,1.21,5*03
$GPGSV,4,1,13,01,48,261,45,02,38,223,44,03,46,332,45,04,24,291,37,1*6E
$GPGSV,4,2,13,10,11,130,38,16,25,156,41,26,43,127,44,28,34,037,43,1*66
$GPGSV,4,3,13,31,62,031,48,32,15,069,37,40,59,208,48,41,56,146,47,1*6F
$GPGSV,4,4,13,42,19,104,45,1*5C
$GPGSV,2,1,08,01,48,261,47,03,46,332,44,04,24,291,32,10,11,130,37,6*6E
$GPGSV,2,2,08,26,43,127,45,28,34,037,46,31,62,031,45,32,15,069,44,6*69
$GLGSV,2,1,08,68,24,071,44,69,41,014,49,78,17,033,45,79,57,079,51,1*71
$GLGSV,2,2,08,80,40,170,49,84,29,248,36,85,19,302,38,,,,38,1*4F
$GLGSV,2,1,08,68,24,071,46,69,41,014,48,78,17,033,42,79,57,079,47,3*70
$GLGSV,2,2,08,80,40,170,48,84,29,248,42,85,19,302,35,,,,30,3*4A
$GLGSV,1,1,02,70,10,310,,83,03,190,,0*7F
$GAGSV,3,1,11,04,52,006,51,06,49,323,49,09,34,296,46,10,47,212,51,2*77
$GAGSV,3,2,11,11,52,257,46,12,32,186,45,19,16,063,38,21,11,050,38,2*72
$GAGSV,3,3,11,23,33,099,49,31,25,157,46,36,23,312,41,2*4F
$GAGSV,3,1,11,04,52,006,46,06,49,323,46,09,34,296,43,10,47,212,45,7*7B
$GAGSV,3,2,11,11,52,257,43,12,32,186,39,19,16,063,35,21,11,050,36,7*7A
$GAGSV,3,3,11,23,33,099,44,31,25,157,42,36,23,312,35,7*40
$GBGSV,2,1,08,06,55,035,44,08,34,129,42,09,71,032,46,13,51,124,46,1*71
$GBGSV,2,2,08,16,47,036,44,23,66,148,52,25,41,053,46,27,17,225,42,1*72
$GBGSV,2,1,05,06,55,035,47,08,34,129,48,09,71,032,48,13,51,124,48,B*06
$GBGSV,2,2,05,16,47,036,47,B*32
$GBGSV,4,1,13,01,03,096,,02,58,141,,03,34,114,,07,07,138,,0*7C
$GBGSV,4,2,13,10,08,148,,28,05,186,,30,12,275,,32,38,328,,0*74
$GBGSV,4,3,13,33,17,098,,37,24,199,,38,23,133,,39,38,036,,0*79
$GBGSV,4,4,13,41,53,052,,0*41
$GQGSV,1,1,02,02,12,083,38,04,19,095,38,1*6D
$GQGSV,1,1,03,02,12,083,44,04,19,095,40,07,19,104,44,6*55
$GNGLL,2454.22971,N,06708.26787,E,174930.00,A,D*77
$GNRMC,174931.00,A,2454.22971,N,06708.26786,E,0.075,,300425,,,R,V*00
$GNVTG,,T,,M,0.075,N,0.139,K,D*31
$GNGGA,174931.00,2454.22971,N,06708.26786,E,4,12,0.61,21.8,M,-44.2,M,1.0,0265*7C
$GNGSA,A,3,01,03,10,28,31,04,26,02,16,32,,,1.35,0.61,1.21,1*0C
$GNGSA,A,3,69,80,68,85,84,78,79,,,,,,1.35,0.61,1.21,2*09
$GNGSA,A,3,11,23,21,31,10,19,,,,,,,1.35,0.61,1.21,3*08
$GNGSA,A,3,06,08,13,16,09,25,27,23,,,,,1.35,0.61,1.21,4*07
$GNGSA,A,3,04,,,,,,,,,,,,1.35,0.61,1.21,5*03
$GPGSV,4,1,13,01,48,261,46,02,38,223,44,03,46,332,45,04,24,291,38,1*62
$GPGSV,4,2,13,10,11,130,39,16,25,156,41,26,43,127,44,28,34,037,43,1*67
$GPGSV,4,3,13,31,62,031,48,32,15,069,42,40,59,208,48,41,56,146,46,1*6C
$GPGSV,4,4,13,42,19,104,45,1*5C
$GPGSV,2,1,08,01,48,261,47,03,46,332,44,04,24,291,35,10,11,130,39,6*67
$GPGSV,2,2,08,26,43,127,44,28,34,037,45,31,62,031,44,32,15,069,40,6*6E
$GLGSV,2,1,08,68,24,071,47,69,41,014,49,78,17,033,45,79,57,079,52,1*71
$GLGSV,2,2,08,80,40,170,50,84,29,248,36,85,19,302,41,,,,36,1*47
$GLGSV,2,1,08,68,24,071,44,69,41,014,47,78,17,033,44,79,57,079,47,3*7B
$GLGSV,2,2,08,80,40,170,47,84,29,248,42,85,19,302,34,,,,30,3*44
$GLGSV,1,1,02,70,10,310,,83,03,190,,0*7F
$GAGSV,3,1,11,04,52,006,51,06,49,323,50,09,34,296,46,10,47,212,51,2*7F
$GAGSV,3,2,11,11,52,257,46,12,32,186,45,19,16,063,41,21,11,050,40,2*73
$GAGSV,3,3,11,23,33,099,50,31,25,157,45,36,23,312,41,2*44
$GAGSV,3,1,11,04,52,006,46,06,49,323,46,09,34,296,43,10,47,212,45,7*7B
$GAGSV,3,2,11,11,52,257,43,12,32,186,39,19,16,063,35,21,11,050,38,7*74
$GAGSV,3,3,11,23,33,099,44,31,25,157,42,36,23,312,34,7*41
$GBGSV,2,1,08,06,55,035,44,08,34,129,41,09,71,032,46,13,51,124,46,1*72
$GBGSV,2,2,08,16,47,036,45,23,66,148,51,25,41,053,47,27,17,225,41,1*72
$GBGSV,2,1,05,06,55,035,47,08,34,129,48,09,71,032,48,13,51,124,48,B*06
$GBGSV,2,2,05,16,47,036,47,B*32
$GBGSV,4,1,13,01,03,096,,02,58,141,,03,34,114,,07,07,138,,0*7C
$GBGSV,4,2,13,10,08,148,,28,05,186,,30,12,275,,32,38,328,,0*74
$GBGSV,4,3,13,33,17,098,,37,24,199,,38,23,133,,39,38,036,,0*79
$GBGSV,4,4,13,41,53,052,,0*41
$GQGSV,1,1,02,02,12,083,38,04,19,095,38,1*6D
$GQGSV,1,1,03,02,12,083,43,04,19,095,43,07,19,104,42,6*57
$GNGLL,2454.22971,N,06708.26786,E,174931.00,A,D*77
$GNRMC,174932.00,A,2454.22971,N,06708.26789,E,0.124,,300425,,,R,V*09
$GNVTG,,T,,M,0.124,N,0.230,K,D*3E
$GNGGA,174932.00,2454.22971,N,06708.26789,E,4,12,0.61,21.8,M,-44.2,M,1.0,0265*70
$GNGSA,A,3,01,03,10,28,31,04,26,02,16,32,,,1.35,0.61,1.21,1*0C
$GNGSA,A,3,69,80,68,85,84,78,79,,,,,,1.35,0.61,1.21,2*09
$GNGSA,A,3,11,23,21,31,10,19,,,,,,,1.35,0.61,1.21,3*08
$GNGSA,A,3,06,08,13,16,09,25,27,23,,,,,1.35,0.61,1.21,4*07
$GNGSA,A,3,04,,,,,,,,,,,,1.35,0.61,1.21,5*03
$GPGSV,4,1,13,01,48,261,45,02,38,223,44,03,46,332,45,04,24,291,38,1*61
$GPGSV,4,2,13,10,11,130,40,16,25,156,43,26,43,127,44,28,34,037,43,1*6B
$GPGSV,4,3,13,31,62,031,48,32,15,069,37,40,59,208,48,41,56,146,47,1*6F
$GPGSV,4,4,13,42,19,104,45,1*5C
$GPGSV,2,1,08,01,48,261,47,03,46,332,44,04,24,291,31,10,11,130,40,6*6D
$GPGSV,2,2,08,26,43,127,45,28,34,037,45,31,62,031,44,32,15,069,45,6*6A
$GLGSV,2,1,08,68,24,071,44,69,41,014,49,78,17,033,46,79,57,079,50,1*73
$GLGSV,2,2,08,80,40,170,49,84,29,248,36,85,19,302,40,,,,39,1*41
$GLGSV,2,1,08,68,24,071,46,69,41,014,47,78,17,033,42,79,57,079,47,3*7F
$GLGSV,2,2,08,80,40,170,48,84,29,248,42,85,19,302,35,,,,32,3*48
$GLGSV,1,1,02,70,10,310,,83,03,190,,0*7F
$GAGSV,3,1,11,04,52,006,51,06,49,323,50,09,34,296,46,10,47,212,51,2*7F
$GAGSV,3,2,11,11,52,257,46,12,32,186,45,19,16,063,35,21,11,050,42,2*72
$GAGSV,3,3,11,23,33,099,48,31,25,157,46,36,23,312,41,2*4E
$GAGSV,3,1,11,04,52,006,46,06,49,323,46,09,34,296,43,10,47,212,45,7*7B
$GAGSV,3,2,11,11,52,257,43,12,32,186,39,19,16,063,35,21,11,050,35,7*79
$GAGSV,3,3,11,23,33,099,43,31,25,157,42,36,23,312,35,7*47
$GBGSV,2,1,08,06,55,035,44,08,34,129,42,09,71,032,46,13,51,124,46,1*71
$GBGSV,2,2,08,16,47,036,45,23,66,148,52,25,41,053,46,27,17,225,41,1*70
$GBGSV,2,1,05,06,55,035,46,08,34,129,47,09,71,032,48,13,51,124,47,B*07
$GBGSV,2,2,05,16,47,036,46,B*33
$GBGSV,4,1,13,01,03,096,,02,58,141,,03,34,114,,07,07,138,,0*7C
$GBGSV,4,2,13,10,08,148,,28,05,186,,30,12,275,,32,38,328,,0*74
$GBGSV,4,3,13,33,17,098,,37,24,199,,38,23,133,,39,38,036,,0*79
$GBGSV,4,4,13,41,53,052,,0*41
$GQGSV,1,1,02,02,12,083,38,04,19,095,38,1*6D
$GQGSV,1,1,03,02,12,083,43,04,19,095,43,07,19,104,45,6*50
$GNGLL,2454.22971,N,06708.26789,E,174932.00,A,D*7B
$GNRMC,174933.00,A,2454.22971,N,06708.26792,E,0.067,,300425,,,R,V*04
$GNVTG,,T,,M,0.067,N,0.123,K,D*39
$GNGGA,174933.00,2454.22971,N,06708.26792,E,4,12,0.61,21.8,M,-44.2,M,1.0,0265*7B
$GNGSA,A,3,01,03,10,28,31,04,26,02,16,32,,,1.35,0.61,1.21,1*0C
$GNGSA,A,3,69,80,68,85,84,78,79,,,,,,1.35,0.61,1.21,2*09
$GNGSA,A,3,11,23,21,31,10,19,,,,,,,1.35,0.61,1.21,3*08
$GNGSA,A,3,06,08,13,16,09,25,27,23,,,,,1.35,0.61,1.21,4*07
$GNGSA,A,3,04,,,,,,,,,,,,1.35,0.61,1.21,5*03
$GPGSV,4,1,13,01,48,261,45,02,38,223,44,03,46,332,46,04,24,291,38,1*62
$GPGSV,4,2,13,10,11,130,40,16,25,156,43,26,43,127,45,28,34,037,43,1*6A
$GPGSV,4,3,13,31,62,031,48,32,15,069,42,40,59,208,48,41,56,146,47,1*6D
$GPGSV,4,4,13,42,19,104,45,1*5C
$GPGSV,2,1,08,01,48,261,47,03,46,332,44,04,24,291,35,10,11,130,41,6*68
$GPGSV,2,2,08,26,43,127,45,28,34,037,45,31,62,031,45,32,15,069,42,6*6C
$GLGSV,2,1,08,68,24,071,46,69,41,014,49,78,17,033,48,79,57,079,51,1*7E
$GLGSV,2,2,08,80,40,170,49,84,29,248,37,85,19,302,39,,,,34,1*43
$GLGSV,2,1,08,68,24,071,44,69,41,014,48,78,17,033,46,79,57,079,47,3*76
$GLGSV,2,2,08,80,40,170,48,84,29,248,44,85,19,302,35,,,,32,3*4E
$GLGSV,1,1,02,70,10,310,,83,03,190,,0*7F
$GAGSV,3,1,11,04,52,006,51,06,49,323,49,09,34,296,46,10,47,212,51,2*77
$GAGSV,3,2,11,11,52,257,46,12,32,186,45,19,16,063,40,21,11,050,45,2*77
$GAGSV,3,3,11,23,33,099,50,31,25,157,46,36,23,312,41,2*47
$GAGSV,3,1,11,04,52,006,46,06,49,323,46,09,34,296,43,10,47,212,45,7*7B
$GAGSV,3,2,11,11,52,257,43,12,32,186,40,19,16,063,34,21,11,050,36,7*75
$GAGSV,3,3,11,23,33,099,43,31,25,157,42,36,23,312,35,7*47
$GBGSV,2,1,08,06,55,035,44,08,34,129,41,09,71,032,46,13,51,124,46,1*72
$GBGSV,2,2,08,16,47,036,43,23,66,148,52,25,41,053,46,27,17,225,42,1*75
$GBGSV,2,1,05,06,55,035,46,08,34,129,47,09,71,032,48,13,51,124,47,B*07
$GBGSV,2,2,05,16,47,036,46,B*33
$GBGSV,4,1,13,01,03,096,,02,58,141,,03,34,114,,07,07,137,,0*73
$GBGSV,4,2,13,10,08,148,,28,05,186,,30,12,275,,32,38,328,,0*74
$GBGSV,4,3,13,33,17,098,,37,24,199,,38,23,133,,39,38,036,,0*79
$GBGSV,4,4,13,41,53,052,,0*41
$GQGSV,1,1,02,02,12,083,39,04,19,095,38,1*6C
$GQGSV,1,1,03,02,12,083,38,04,19,095,45,07,19,104,42,6*5D
$GNGLL,2454.22971,N,06708.26792,E,174933.00,A,D*70
$GNRMC,174934.00,A,2454.22971,N,06708.26792,E,0.006,,300425,,,R,V*04
$GNVTG,,T,,M,0.006,N,0.011,K,D*3E
$GNGGA,174934.00,2454.22971,N,06708.26792,E,4,12,0.61,21.8,M,-44.2,M,1.0,0265*7C
$GNGSA,A,3,01,03,10,28,31,04,26,02,16,32,,,1.35,0.61,1.21,1*0C
$GNGSA,A,3,69,80,68,85,84,78,79,,,,,,1.35,0.61,1.21,2*09
$GNGSA,A,3,11,23,21,31,10,19,,,,,,,1.35,0.61,1.21,3*08
$GNGSA,A,3,06,08,13,16,09,25,27,23,,,,,1.35,0.61,1.21,4*07
$GNGSA,A,3,04,,,,,,,,,,,,1.35,0.61,1.21,5*03
$GPGSV,4,1,13,01,48,261,45,02,38,223,44,03,46,332,46,04,24,291,37,1*6D
$GPGSV,4,2,13,10,11,130,39,16,25,156,43,26,43,127,45,28,34,037,43,1*64
$GPGSV,4,3,13,31,62,031,48,32,15,069,42,40,59,208,48,41,56,146,47,1*6D
$GPGSV,4,4,13,42,19,104,45,1*5C
$GPGSV,2,1,08,01,48,261,47,03,46,332,44,04,24,291,35,10,11,130,40,6*69
$GPGSV,2,2,08,26,43,127,45,28,34,037,45,31,62,031,45,32,15,069,41,6*6F
$GLGSV,2,1,08,68,24,071,46,69,41,014,49,78,17,033,48,79,57,079,51,1*7E
$GLGSV,2,2,08,80,40,170,48,84,29,248,37,85,19,302,37,,,,33,1*4B
$GLGSV,2,1,08,68,24,071,43,69,41,014,48,78,17,033,46,79,57,079,48,3*7E
$GLGSV,2,2,08,80,40,170,48,84,29,248,44,85,19,302,34,,,,30,3*4D
$GLGSV,1,1,02,70,10,310,,83,03,190,,0*7F
$GAGSV,3,1,11,04,52,006,51,06,49,323,49,09,34,296,46,10,47,212,51,2*77
$GAGSV,3,2,11,11,52,257,46,12,32,186,45,19,16,063,40,21,11,050,45,2*77
$GAGSV,3,3,11,23,33,099,51,31,25,157,46,36,23,312,41,2*46
$GAGSV,3,1,11,04,52,006,46,06,49,323,46,09,34,296,43,10,47,212,45,7*7B
$GAGSV,3,2,11,11,52,257,43,12,32,186,40,19,16,063,34,21,11,050,37,7*74
$GAGSV,3,3,11,23,33,099,44,31,25,157,42,36,23,312,35,7*40
$GBGSV,2,1,08,06,55,035,44,08,34,130,41,09,71,032,46,13,51,124,46,1*7A
$GBGSV,2,2,08,16,47,036,44,23,66,148,52,25,41,053,46,27,17,225,41,1*71
$GBGSV,2,1,05,06,55,035,46,08,34,130,47,09,71,032,48,13,51,124,47,B*0F
$GBGSV,2,2,05,16,47,036,46,B*33
$GBGSV,4,1,13,01,03,096,,02,58,141,,03,34,114,,07,07,137,,0*73
$GBGSV,4,2,13,10,08,148,,28,05,186,,30,12,275,,32,38,328,,0*74
$GBGSV,4,3,13,33,17,098,,37,24,199,,38,23,133,,39,38,036,,0*79
$GBGSV,4,4,13,41,53,052,,0*41
$GQGSV,1,1,02,02,12,083,39,04,19,095,38,1*6C
$GQGSV,1,1,03,02,12,083,40,04,19,095,44,07,19,104,42,6*53
$GNGLL,2454.22971,N,06708.26792,E,174934.00,A,D*77
$GNRMC,174935.00,A,2454.22972,N,06708.26793,E,0.006,,300425,,,R,V*07
$GNVTG,,T,,M,0.006,N,0.011,K,D*3E
$GNGGA,174935.00,2454.22972,N,06708.26793,E,4,12,0.61,21.8,M,-44.2,M,1.0,0265*7F
$GNGSA,A,3,01,03,10,28,31,04,26,02,16,32,,,1.35,0.61,1.21,1*0C
$GNGSA,A,3,69,80,68,85,84,78,79,,,,,,1.35,0.61,1.21,2*09
$GNGSA,A,3,11,23,21,31,10,19,,,,,,,1.35,0.61,1.21,3*08
$GNGSA,A,3,06,08,13,16,09,25,27,23,,,,,1.35,0.61,1.21,4*07
$GNGSA,A,3,04,,,,,,,,,,,,1.35,0.61,1.21,5*03
$GPGSV,4,1,13,01,48,261,45,02,38,223,44,03,46,332,46,04,24,291,37,1*6D
$GPGSV,4,2,13,10,11,130,39,16,25,156,43,26,43,127,44,28,34,037,43,1*65
$GPGSV,4,3,13,31,62,031,48,32,15,069,42,40,59,208,48,41,56,146,47,1*6D
$GPGSV,4,4,13,42,19,104,45,1*5C
$GPGSV,2,1,08,01,48,261,47,03,46,332,44,04,24,291,35,10,11,130,40,6*69
$GPGSV,2,2,08,26,43,127,45,28,34,037,45,31,62,031,45,32,15,069,40,6*6E
$GLGSV,2,1,08,68,24,071,46,69,41,014,49,78,17,033,47,79,57,079,51,1*71
$GLGSV,2,2,08,80,40,170,48,84,29,248,37,85,19,302,36,,,,33,1*4A
$GLGSV,2,1,08,68,24,071,43,69,41,014,48,78,17,033,46,79,57,079,48,3*7E
$GLGSV,2,2,08,80,40,170,48,84,29,248,43,85,19,302,33,,,,29,3*45
$GLGSV,1,1,02,70,10,310,,83,03,190,,0*7F
$GAGSV,3,1,11,04,52,006,51,06,49,323,49,09,34,296,46,10,47,212,51,2*77
$GAGSV,3,2,11,11,52,257,46,12,32,186,45,19,16,063,40,21,11,050,45,2*77
$GAGSV,3,3,11,23,33,099,51,31,25,157,46,36,23,312,41,2*46
$GAGSV,3,1,11,04,52,006,46,06,49,323,46,09,34,296,43,10,47,212,45,7*7B
$GAGSV,3,2,11,11,52,257,43,12,32,186,40,19,16,063,34,21,11,050,37,7*74
$GAGSV,3,3,11,23,33,099,44,31,25,157,42,36,23,312,35,7*40
$GBGSV,2,1,08,06,55,035,44,08,34,130,40,09,70,031,46,13,51,124,46,1*79
$GBGSV,2,2,08,16,47,036,44,23,66,148,51,25,41,053,47,27,17,225,41,1*73
$GBGSV,2,1,05,06,55,035,46,08,34,130,47,09,70,031,48,13,51,124,47,B*0D
$GBGSV,2,2,05,16,47,036,46,B*33
$GBGSV,4,1,13,01,03,096,,02,58,141,,03,34,114,,07,07,137,,0*73
$GBGSV,4,2,13,10,08,148,,28,05,186,,30,12,275,,32,38,328,,0*74
$GBGSV,4,3,13,33,17,098,,37,24,199,,38,23,133,,39,38,036,,0*79
$GBGSV,4,4,13,41,53,052,,0*41
$GQGSV,1,1,02,02,12,083,39,04,19,095,38,1*6C
$GQGSV,1,1,03,02,12,083,40,04,19,095,44,07,19,104,41,6*50
$GNGLL,2454.22972,N,06708.26793,E,174935.00,A,D*74
$GNRMC,174936.00,A,2454.22971,N,06708.26793,E,0.007,,300425,,,R,V*06
$GNVTG,,T,,M,0.007,N,0.014,K,D*3A
$GNGGA,174936.00,2454.22971,N,06708.26793,E,4,12,0.61,21.8,M,-44.2,M,1.0,0265*7F
$GNGSA,A,3,01,03,10,28,31,04,26,02,16,32,,,1.35,0.61,1.21,1*0C
$GNGSA,A,3,69,80,68,85,84,78,79,,,,,,1.35,0.61,1.21,2*09
$GNGSA,A,3,11,23,21,31,10,19,,,,,,,1.35,0.61,1.21,3*08
$GNGSA,A,3,06,08,13,16,09,25,27,23,,,,,1.35,0.61,1.21,4*07
$GNGSA,A,3,04,,,,,,,,,,,,1.35,0.61,1.21,5*03
$GPGSV,4,1,13,01,48,261,45,02,38,223,44,03,46,332,46,04,24,291,37,1*6D
$GPGSV,4,2,13,10,11,130,39,16,25,156,43,26,43,127,44,28,34,037,44,1*62
$GPGSV,4,3,13,31,62,031,48,32,15,069,42,40,59,208,48,41,56,146,47,1*6D
$GPGSV,4,4,13,42,19,104,45,1*5C
$GPGSV,2,1,08,01,48,261,47,03,46,332,44,04,24,291,36,10,11,130,40,6*6A
$GPGSV,2,2,08,26,43,127,45,28,34,037,46,31,62,031,45,32,15,069,40,6*6D
$GLGSV,2,1,08,68,24,071,46,69,41,014,49,78,17,033,47,79,57,079,51,1*71
$GLGSV,2,2,08,80,40,170,48,84,29,248,37,85,19,302,36,,,,32,1*4B
$GLGSV,2,1,08,68,24,071,43,69,41,014,48,78,17,033,46,79,57,079,48,3*7E
$GLGSV,2,2,08,80,40,170,48,84,29,248,43,85,19,302,33,,,,28,3*44
$GLGSV,1,1,02,70,10,310,,83,03,190,,0*7F
$GAGSV,3,1,11,04,52,006,51,06,49,323,49,09,34,296,46,10,47,212,51,2*77
$GAGSV,3,2,11,11,52,257,46,12,32,186,45,19,16,063,41,21,11,050,45,2*76
$GAGSV,3,3,11,23,33,099,51,31,25,157,46,36,23,312,41,2*46
$GAGSV,3,1,11,04,52,006,46,06,49,323,46,09,34,296,43,10,47,212,44,7*7A
$GAGSV,3,2,11,11,52,257,43,12,32,186,40,19,16,063,35,21,11,050,37,7*75
$GAGSV,3,3,11,23,33,099,44,31,25,157,42,36,23,312,35,7*40
$GBGSV,2,1,08,06,55,035,44,08,34,130,40,09,70,031,46,13,51,124,46,1*79
$GBGSV,2,2,08,16,47,036,44,23,66,148,51,25,41,053,47,27,17,225,41,1*73
$GBGSV,2,1,05,06,55,035,46,08,34,130,47,09,70,031,48,13,51,124,47,B*0D
$GBGSV,2,2,05,16,47,036,46,B*33
$GBGSV,4,1,13,01,03,096,,02,58,141,,03,34,114,,07,07,137,,0*73
$GBGSV,4,2,13,10,08,148,,28,05,186,,30,12,275,,32,38,328,,0*74
$GBGSV,4,3,13,33,17,098,,37,24,199,,38,23,133,,39,38,036,,0*79
$GBGSV,4,4,13,41,53,052,,0*41
$GQGSV,1,1,02,02,12,083,39,04,19,095,38,1*6C
$GQGSV,1,1,03,02,12,083,40,04,19,095,44,07,19,104,41,6*50
$GNGLL,2454.22971,N,06708.26793,E,174936.00,A,D*74
$GNRMC,174937.00,A,2454.22971,N,06708.26793,E,0.009,,300425,,,R,V*09
$GNVTG,,T,,M,0.009,N,0.017,K,D*37
$GNGGA,174937.00,2454.22971,N,06708.26793,E,4,12,0.61,21.8,M,-44.2,M,1.0,0265*7E
$GNGSA,A,3,01,03,10,28,31,04,26,02,16,32,,,1.35,0.61,1.21,1*0C
$GNGSA,A,3,69,80,68,85,84,78,79,,,,,,1.35,0.61,1.21,2*09
$GNGSA,A,3,11,23,21,31,10,19,,,,,,,1.35,0.61,1.21,3*08
$GNGSA,A,3,06,08,13,16,09,25,27,23,,,,,1.35,0.61,1.21,4*07
$GNGSA,A,3,04,,,,,,,,,,,,1.35,0.61,1.21,5*03
$GPGSV,4,1,13,01,48,261,45,02,38,223,44,03,46,332,46,04,24,291,37,1*6D
$GPGSV,4,2,13,10,11,130,39,16,25,156,43,26,43,127,44,28,34,037,43,1*65
$GPGSV,4,3,13,31,62,031,48,32,15,069,42,40,59,208,48,41,56,146,47,1*6D
$GPGSV,4,4,13,42,19,104,45,1*5C
$GPGSV,2,1,08,01,48,261,47,03,46,332,44,04,24,291,36,10,11,130,40,6*6A
$GPGSV,2,2,08,26,43,127,45,28,34,037,46,31,62,031,45,32,15,069,40,6*6D
$GLGSV,2,1,08,68,24,071,46,69,41,014,49,78,17,033,47,79,57,079,51,1*71
$GLGSV,2,2,08,80,40,170,48,84,29,248,37,85,19,302,36,,,,33,1*4A
$GLGSV,2,1,08,68,24,071,43,69,41,014,48,78,17,033,46,79,57,079,48,3*7E
$GLGSV,2,2,08,80,40,170,48,84,29,248,43,85,19,302,33,,,,28,3*44
$GLGSV,1,1,02,70,10,310,,83,03,190,,0*7F
$GAGSV,3,1,11,04,52,006,51,06,49,323,49,09,34,296,46,10,47,212,51,2*77
$GAGSV,3,2,11,11,52,257,46,12,32,186,45,19,16,063,41,21,11,050,45,2*76
$GAGSV,3,3,11,23,33,099,50,31,25,157,46,36,23,312,41,2*47
$GAGSV,3,1,11,04,52,006,46,06,49,323,46,09,34,296,43,10,47,212,44,7*7A
$GAGSV,3,2,11,11,52,257,43,12,32,186,40,19,16,063,35,21,11,050,36,7*74
$GAGSV,3,3,11,23,33,099,44,31,25,157,42,36,23,312,35,7*40
$GBGSV,2,1,08,06,55,035,44,08,34,130,40,09,70,031,46,13,51,125,46,1*78
$GBGSV,2,2,08,16,47,036,44,23,66,148,51,25,41,053,47,27,17,225,41,1*73
$GBGSV,2,1,05,06,55,035,46,08,34,130,47,09,70,031,48,13,51,125,47,B*0C
$GBGSV,2,2,05,16,47,036,46,B*33
$GBGSV,4,1,13,01,03,096,,02,58,141,,03,34,114,,07,07,137,,0*73
$GBGSV,4,2,13,10,08,148,,28,05,186,,30,12,275,,32,38,328,,0*74
$GBGSV,4,3,13,33,17,098,,37,24,199,,38,23,133,,39,38,036,,0*79
$GBGSV,4,4,13,41,53,052,,0*41
$GQGSV,1,1,02,02,12,083,39,04,19,095,38,1*6C
$GQGSV,1,1,03,02,12,083,40,04,19,095,44,07,19,104,41,6*50
$GNGLL,2454.22971,N,06708.26793,E,174937.00,A,D*75
$GNRMC,174938.00,A,2454.22972,N,06708.26793,E,0.004,,300425,,,R,V*08
$GNVTG,,T,,M,0.004,N,0.007,K,D*3B
$GNGGA,174938.00,2454.22972,N,06708.26793,E,4,12,0.61,21.9,M,-44.2,M,1.0,0265*73
$GNGSA,A,3,01,03,10,28,31,04,26,02,16,32,,,1.35,0.61,1.21,1*0C
$GNGSA,A,3,69,80,68,85,84,78,79,,,,,,1.35,0.61,1.21,2*09
$GNGSA,A,3,11,23,21,31,10,19,,,,,,,1.35,0.61,1.21,3*08
$GNGSA,A,3,06,08,13,16,09,25,27,23,,,,,1.35,0.61,1.21,4*07
$GNGSA,A,3,04,,,,,,,,,,,,1.35,0.61,1.21,5*03
$GPGSV,4,1,13,01,48,261,45,02,38,223,44,03,46,332,46,04,24,291,37,1*6D
$GPGSV,4,2,13,10,11,130,39,16,25,156,43,26,43,127,44,28,34,037,43,1*65
$GPGSV,4,3,13,31,62,031,48,32,15,069,42,40,59,208,48,41,56,146,47,1*6D
$GPGSV,4,4,13,42,19,104,45,1*5C
$GPGSV,2,1,08,01,48,261,47,03,46,332,44,04,24,291,36,10,11,130,40,6*6A
$GPGSV,2,2,08,26,43,127,45,28,34,037,46,31,62,031,45,32,15,069,40,6*6D
$GLGSV,2,1,08,68,24,071,46,69,41,014,49,78,17,033,47,79,57,079,51,1*71
$GLGSV,2,2,08,80,40,170,48,84,29,248,37,85,19,302,36,,,,33,1*4A
$GLGSV,2,1,08,68,24,071,43,69,41,014,48,78,17,033,46,79,57,079,48,3*7E
$GLGSV,2,2,08,80,40,170,48,84,29,248,43,85,19,302,33,,,,28,3*44
$GLGSV,1,1,02,70,10,310,,83,03,190,,0*7F
$GAGSV,3,1,11,04,52,006,51,06,49,323,49,09,34,296,46,10,47,212,51,2*77
$GAGSV,3,2,11,11,52,257,46,12,32,186,45,19,16,063,41,21,11,050,45,2*76
$GAGSV,3,3,11,23,33,099,51,31,25,157,46,36,23,312,41,2*46
$GAGSV,3,1,11,04,52,006,46,06,49,323,46,09,34,296,43,10,47,212,45,7*7B
$GAGSV,3,2,11,11,52,257,43,12,32,186,40,19,16,063,35,21,11,050,36,7*74
$GAGSV,3,3,11,23,33,099,44,31,25,157,42,36,23,312,35,7*40
$GBGSV,2,1,08,06,55,035,44,08,34,130,40,09,70,031,46,13,51,125,46,1*78
$GBGSV,2,2,08,16,47,036,44,23,66,148,51,25,41,053,47,27,17,225,41,1*73
$GBGSV,2,1,05,06,55,035,46,08,34,130,47,09,70,031,48,13,51,125,47,B*0C
$GBGSV,2,2,05,16,47,036,46,B*33
$GBGSV,4,1,13,01,03,096,,02,58,141,,03,34,114,,07,07,137,,0*73
$GBGSV,4,2,13,10,08,148,,28,05,186,,30,12,275,,32,38,328,,0*74
$GBGSV,4,3,13,33,17,098,,37,24,199,,38,23,133,,39,38,036,,0*79
$GBGSV,4,4,13,41,53,052,,0*41
$GQGSV,1,1,02,02,12,083,39,04,19,095,38,1*6C
$GQGSV,1,1,03,02,12,083,40,04,19,095,44,07,19,104,41,6*50
$GNGLL,2454.22972,N,06708.26793,E,174938.00,A,D*79
$GNRMC,174939.00,A,2454.22971,N,06708.26793,E,0.003,,300425,,,R,V*0D
$GNVTG,,T,,M,0.003,N,0.005,K,D*3E
$GNGGA,174939.00,2454.22971,N,06708.26793,E,4,12,0.61,21.8,M,-44.2,M,1.0,0265*70
$GNGSA,A,3,01,03,10,28,31,04,26,02,16,32,,,1.35,0.61,1.21,1*0C
$GNGSA,A,3,69,80,68,85,84,78,79,,,,,,1.35,0.61,1.21,2*09
$GNGSA,A,3,11,23,21,31,10,19,,,,,,,1.35,0.61,1.21,3*08
$GNGSA,A,3,06,08,13,16,09,25,27,23,,,,,1.35,0.61,1.21,4*07
$GNGSA,A,3,04,,,,,,,,,,,,1.35,0.61,1.21,5*03
$GPGSV,4,1,13,01,48,261,45,02,38,223,45,03,46,332,46,04,24,291,37,1*6C
$GPGSV,4,2,13,10,11,130,39,16,25,156,43,26,43,127,44,28,34,037,43,1*65
$GPGSV,4,3,13,31,62,031,48,32,15,069,42,40,59,208,48,41,56,146,47,1*6D
$GPGSV,4,4,13,42,19,104,45,1*5C
$GPGSV,2,1,08,01,48,261,47,03,46,332,44,04,24,291,36,10,11,130,40,6*6A
$GPGSV,2,2,08,26,43,127,45,28,34,037,46,31,62,031,45,32,15,069,40,6*6D
$GLGSV,2,1,07,68,24,071,46,69,41,014,49,78,17,033,47,79,57,079,51,1*7E
$GLGSV,2,2,07,80,40,170,48,84,29,248,38,85,19,302,36,1*4A
$GLGSV,2,1,07,68,24,071,43,69,41,014,48,78,17,033,46,79,57,079,48,3*71
$GLGSV,2,2,07,80,40,170,48,84,29,248,43,85,19,302,33,3*41
$GLGSV,1,1,02,70,10,310,,83,03,190,,0*7F
$GAGSV,3,1,11,04,52,006,51,06,49,323,49,09,34,296,46,10,47,212,51,2*77
$GAGSV,3,2,11,11,52,257,46,12,32,186,45,19,16,063,41,21,11,050,45,2*76
$GAGSV,3,3,11,23,33,099,51,31,25,157,46,36,23,312,41,2*46
$GAGSV,3,1,11,04,52,006,46,06,49,323,46,09,34,296,43,10,47,212,45,7*7B
$GAGSV,3,2,11,11,52,257,43,12,32,186,40,19,16,063,35,21,11,050,36,7*74
$GAGSV,3,3,11,23,33,099,44,31,25,157,42,36,23,312,35,7*40
$GBGSV,2,1,08,06,55,035,44,08,34,130,41,09,70,031,46,13,51,125,46,1*79
$GBGSV,2,2,08,16,47,035,44,23,66,148,51,25,41,053,47,27,17,225,41,1*70
$GBGSV,2,1,05,06,55,035,46,08,34,130,47,09,70,031,48,13,51,125,47,B*0C
$GBGSV,2,2,05,16,47,035,46,B*30
$GBGSV,4,1,13,01,03,096,,02,58,141,,03,34,114,,07,07,137,,0*73
$GBGSV,4,2,13,10,08,148,,28,05,186,,30,12,275,,32,38,328,,0*74
$GBGSV,4,3,13,33,17,098,,37,24,199,,38,23,133,,39,38,036,,0*79
$GBGSV,4,4,13,41,53,052,,0*41
$GQGSV,1,1,02,02,12,083,39,04,19,095,37,1*63
$GQGSV,1,1,03,02,12,083,40,04,19,095,44,07,19,104,41,6*50
$GNGLL,2454.22971,N,06708.26793,E,174939.00,A,D*7B
$GNRMC,174940.00,A,2454.22971,N,06708.26793,E,0.011,,300425,,,R,V*00
$GNVTG,,T,,M,0.011,N,0.020,K,D*3A
$GNGGA,174940.00,2454.22971,N,06708.26793,E,4,12,0.61,21.8,M,-44.2,M,1.0,0265*7E
$GNGSA,A,3,01,03,10,28,31,04,26,02,16,32,,,1.35,0.61,1.21,1*0C
$GNGSA,A,3,69,80,68,85,84,78,79,,,,,,1.35,0.61,1.21,2*09
$GNGSA,A,3,11,23,21,31,10,19,,,,,,,1.35,0.61,1.21,3*08
$GNGSA,A,3,06,08,13,16,09,25,27,23,,,,,1.35,0.61,1.21,4*07
$GNGSA,A,3,04,,,,,,,,,,,,1.35,0.61,1.21,5*03
$GPGSV,4,1,13,01,48,261,45,02,38,223,44,03,46,332,46,04,24,291,37,1*6D
$GPGSV,4,2,13,10,11,130,39,16,25,156,43,26,43,127,44,28,34,037,43,1*65
$GPGSV,4,3,13,31,62,031,48,32,15,069,42,40,59,208,48,41,56,146,47,1*6D
$GPGSV,4,4,13,42,19,104,45,1*5C
$GPGSV,2,1,08,01,48,261,47,03,46,332,44,04,24,291,36,10,11,130,40,6*6A
$GPGSV,2,2,08,26,43,127,45,28,34,037,46,31,62,031,45,32,15,069,40,6*6D
$GLGSV,2,1,07,68,24,071,46,69,41,014,49,78,17,033,48,79,57,079,51,1*71
$GLGSV,2,2,07,80,40,170,48,84,29,248,38,85,19,302,36,1*4A
$GLGSV,2,1,07,68,24,071,43,69,41,014,48,78,17,033,46,79,57,079,47,3*7E
$GLGSV,2,2,07,80,40,170,48,84,29,248,43,85,19,302,33,3*41
$GLGSV,1,1,02,70,10,310,,83,03,190,,0*7F
$GAGSV,3,1,11,04,52,006,51,06,49,323,50,09,34,296,47,10,47,212,51,2*7E
$GAGSV,3,2,11,11,52,257,46,12,32,186,45,19,16,063,41,21,11,050,45,2*76
$GAGSV,3,3,11,23,33,099,51,31,25,157,46,36,23,312,41,2*46
$GAGSV,3,1,11,04,52,006,46,06,49,323,47,09,34,296,43,10,47,212,45,7*7A
$GAGSV,3,2,11,11,52,257,43,12,32,186,40,19,16,063,35,21,11,050,36,7*74
$GAGSV,3,3,11,23,33,099,44,31,25,157,42,36,23,312,35,7*40
$GBGSV,2,1,08,06,55,035,44,08,34,130,40,09,70,031,46,13,51,125,46,1*78
$GBGSV,2,2,08,16,47,035,44,23,66,148,51,25,41,053,47,27,17,225,41,1*70
$GBGSV,2,1,05,06,55,035,46,08,34,130,47,09,70,031,48,13,51,125,47,B*0C
$GBGSV,2,2,05,16,47,035,46,B*30
$GBGSV,4,1,13,01,03,096,,02,58,141,,03,34,114,,07,07,137,,0*73
$GBGSV,4,2,13,10,08,148,,28,05,186,,30,12,275,,32,38,328,,0*74
$GBGSV,4,3,13,33,17,098,,37,24,199,,38,23,133,,39,38,036,,0*79
$GBGSV,4,4,13,41,53,052,,0*41
$GQGSV,1,1,02,02,12,083,39,04,19,095,38,1*6C
$GQGSV,1,1,03,02,12,083,40,04,19,095,44,07,19,104,41,6*50
$GNGLL,2454.22971,N,06708.26793,E,174940.00,A,D*75
$GNRMC,174941.00,A,2454.22971,N,06708.26792,E,0.006,,300425,,,R,V*06
$GNVTG,,T,,M,0.006,N,0.011,K,D*3E
$GNGGA,174941.00,2454.22971,N,06708.26792,E,4,12,0.61,21.8,M,-44.2,M,1.0,0265*7E
$GNGSA,A,3,01,03,10,28,31,04,26,02,16,32,,,1.35,0.61,1.21,1*0C
$GNGSA,A,3,69,80,68,85,84,78,79,,,,,,1.35,0.61,1.21,2*09
$GNGSA,A,3,11,23,21,31,10,19,,,,,,,1.35,0.61,1.21,3*08
$GNGSA,A,3,06,08,13,16,09,25,27,23,,,,,1.35,0.61,1.21,4*07
$GNGSA,A,3,04,,,,,,,,,,,,1.35,0.61,1.21,5*03
$GPGSV,4,1,13,01,48,261,45,02,38,223,44,03,46,332,46,04,24,291,37,1*6D
$GPGSV,4,2,13,10,11,130,39,16,25,156,43,26,43,127,44,28,34,037,43,1*65
$GPGSV,4,3,13,31,62,031,48,32,15,069,42,40,59,208,48,41,56,146,47,1*6D
$GPGSV,4,4,13,42,19,104,45,1*5C
$GPGSV,2,1,08,01,48,261,47,03,46,332,44,04,24,291,35,10,11,130,40,6*69
$GPGSV,2,2,08,26,43,127,45,28,34,037,46,31,62,031,45,32,15,069,40,6*6D
$GLGSV,2,1,07,68,24,071,46,69,41,014,49,78,17,033,48,79,57,079,51,1*71
$GLGSV,2,2,07,80,40,170,48,84,29,248,38,85,19,302,36,1*4A
$GLGSV,2,1,07,68,24,071,43,69,41,014,48,78,17,033,47,79,57,079,47,3*7F
$GLGSV,2,2,07,80,40,170,48,84,29,248,43,85,19,302,33,3*41
$GLGSV,1,1,02,70,10,310,,83,03,190,,0*7F
$GAGSV,3,1,11,04,52,006,51,06,49,323,49,09,34,296,47,10,47,212,51,2*76
$GAGSV,3,2,11,11,52,257,46,12,32,186,45,19,16,063,41,21,11,050,45,2*76
$GAGSV,3,3,11,23,33,099,51,31,25,157,46,36,23,312,41,2*46
$GAGSV,3,1,11,04,52,006,46,06,49,323,46,09,34,296,43,10,47,212,45,7*7B
$GAGSV,3,2,11,11,52,257,43,12,32,186,40,19,16,063,35,21,11,050,36,7*74
$GAGSV,3,3,11,23,33,099,44,31,25,157,42,36,23,312,35,7*40
$GBGSV,2,1,08,06,55,035,44,08,34,130,41,09,70,031,46,13,51,125,46,1*79
$GBGSV,2,2,08,16,47,035,44,23,66,148,51,25,41,053,47,27,17,225,41,1*70
$GBGSV,2,1,05,06,55,035,46,08,34,130,47,09,70,031,48,13,51,125,47,B*0C
$GBGSV,2,2,05,16,47,035,46,B*30
$GBGSV,4,1,13,01,03,096,,02,58,141,,03,34,114,,07,07,137,,0*73
$GBGSV,4,2,13,10,08,148,,28,05,186,,30,12,275,,32,38,328,,0*74
$GBGSV,4,3,13,33,17,098,,37,24,199,,38,23,133,,39,38,036,,0*79
$GBGSV,4,4,13,41,53,052,,0*41
$GQGSV,1,1,02,02,12,083,39,04,19,095,37,1*63
$GQGSV,1,1,03,02,12,083,40,04,19,095,44,07,19,104,41,6*50
$GNGLL,2454.22971,N,06708.26792,E,174941.00,A,D*75
$GNRMC,174942.00,A,2454.22971,N,06708.26792,E,0.009,,300425,,,R,V*0A
$GNVTG,,T,,M,0.009,N,0.016,K,D*36
$GNGGA,174942.00,2454.22971,N,06708.26792,E,4,12,0.61,21.8,M,-44.2,M,1.0,0265*7D
$GNGSA,A,3,01,03,10,28,31,04,26,02,16,32,,,1.35,0.61,1.21,1*0C
$GNGSA,A,3,69,80,68,85,84,78,79,,,,,,1.35,0.61,1.21,2*09
$GNGSA,A,3,11,23,21,31,10,19,,,,,,,1.35,0.61,1.21,3*08
$GNGSA,A,3,06,08,13,16,09,25,27,23,,,,,1.35,0.61,1.21,4*07
$GNGSA,A,3,04,,,,,,,,,,,,1.35,0.61,1.21,5*03
$GPGSV,4,1,13,01,48,261,45,02,38,223,44,03,46,332,46,04,24,291,37,1*6D
$GPGSV,4,2,13,10,11,130,39,16,25,156,43,26,43,127,44,28,34,037,43,1*65
$GPGSV,4,3,13,31,62,031,48,32,15,069,42,40,59,208,48,41,56,146,47,1*6D
$GPGSV,4,4,13,42,19,104,45,1*5C
$GPGSV,2,1,08,01,48,261,47,03,46,332,44,04,24,291,35,10,11,130,40,6*69
$GPGSV,2,2,08,26,43,127,45,28,34,037,46,31,62,031,45,32,15,069,40,6*6D
$GLGSV,2,1,07,68,24,071,46,69,41,014,49,78,17,033,48,79,57,079,51,1*71
$GLGSV,2,2,07,80,40,170,48,84,29,248,37,85,19,302,36,1*45
$GLGSV,2,1,07,68,24,071,43,69,41,014,47,78,17,033,46,79,57,079,47,3*71
$GLGSV,2,2,07,80,40,170,48,84,29,248,43,85,19,302,33,3*41
$GLGSV,1,1,02,70,10,310,,83,03,190,,0*7F
$GAGSV,3,1,11,04,52,006,51,06,49,323,49,09,34,296,47,10,47,212,51,2*76
$GAGSV,3,2,11,11,52,257,46,12,32,186,45,19,16,063,41,21,11,050,45,2*76
$GAGSV,3,3,11,23,33,099,51,31,25,157,46,36,23,312,41,2*46
$GAGSV,3,1,11,04,52,006,46,06,49,323,47,09,34,296,43,10,47,212,45,7*7A
$GAGSV,3,2,11,11,52,257,43,12,32,186,40,19,16,063,35,21,11,050,36,7*74
$GAGSV,3,3,11,23,33,099,44,31,25,157,42,36,23,312,35,7*40
$GBGSV,2,1,08,06,55,035,44,08,34,130,41,09,70,031,46,13,51,125,46,1*79
$GBGSV,2,2,08,16,47,035,44,23,66,148,51,25,41,053,47,27,17,225,40,1*71
$GBGSV,2,1,05,06,55,035,46,08,34,130,47,09,70,031,48,13,51,125,47,B*0C
$GBGSV,2,2,05,16,47,035,46,B*30
$GBGSV,4,1,13,01,03,096,,02,58,141,,03,34,114,,07,07,137,,0*73
$GBGSV,4,2,13,10,08,148,,28,05,186,,30,12,275,,32,38,328,,0*74
$GBGSV,4,3,13,33,17,098,,37,24,199,,38,23,133,,39,38,036,,0*79
$GBGSV,4,4,13,41,53,052,,0*41
$GQGSV,1,1,02,02,12,083,39,04,19,095,37,1*63
$GQGSV,1,1,03,02,12,083,40,04,19,095,44,07,19,104,41,6*50
$GNGLL,2454.22971,N,06708.26792,E,174942.00,A,D*76
$GNRMC,174943.00,A,2454.22971,N,06708.26793,E,0.005,,300425,,,R,V*06
$GNVTG,,T,,M,0.005,N,0.009,K,D*34
$GNGGA,174943.00,2454.22971,N,06708.26793,E,4,12,0.61,21.8,M,-44.2,M,1.0,0265*7D
$GNGSA,A,3,01,03,10,28,31,04,26,02,16,32,,,1.35,0.61,1.21,1*0C
$GNGSA,A,3,69,80,68,85,84,78,79,,,,,,1.35,0.61,1.21,2*09
$GNGSA,A,3,11,23,21,31,10,19,,,,,,,1.35,0.61,1.21,3*08
$GNGSA,A,3,06,08,13,16,09,25,27,23,,,,,1.35,0.61,1.21,4*07
$GNGSA,A,3,04,,,,,,,,,,,,1.35,0.61,1.21,5*03
$GPGSV,4,1,13,01,48,261,45,02,38,223,44,03,46,332,46,04,24,291,37,1*6D
$GPGSV,4,2,13,10,11,130,39,16,25,156,43,26,43,127,44,28,34,037,43,1*65
$GPGSV,4,3,13,31,62,031,48,32,15,069,42,40,59,208,48,41,56,146,47,1*6D
$GPGSV,4,4,13,42,19,104,45,1*5C
$GPGSV,2,1,08,01,48,261,47,03,46,332,44,04,24,291,35,10,11,130,40,6*69
$GPGSV,2,2,08,26,43,127,45,28,34,037,46,31,62,031,45,32,15,069,40,6*6D
$GLGSV,2,1,07,68,24,071,46,69,41,014,49,78,17,033,47,79,57,079,51,1*7E
$GLGSV,2,2,07,80,40,170,48,84,29,248,37,85,19,302,36,1*45
$GLGSV,2,1,07,68,24,071,43,69,41,014,47,78,17,033,46,79,57,079,48,3*7E
$GLGSV,2,2,07,80,40,170,48,84,29,248,43,85,19,302,34,3*46
$GLGSV,1,1,02,70,10,310,,83,03,190,,0*7F
$GAGSV,3,1,11,04,52,006,51,06,49,323,49,09,34,296,47,10,47,212,51,2*76
$GAGSV,3,2,11,11,52,257,46,12,32,186,45,19,16,063,41,21,11,050,45,2*76
$GAGSV,3,3,11,23,33,099,50,31,25,157,46,36,23,312,41,2*47
$GAGSV,3,1,11,04,52,006,46,06,49,323,47,09,34,296,43,10,47,212,45,7*7A
$GAGSV,3,2,11,11,52,257,43,12,32,186,40,19,16,063,35,21,11,050,36,7*74
$GAGSV,3,3,11,23,33,099,44,31,25,157,42,36,23,312,35,7*40
$GBGSV,2,1,08,06,55,035,44,08,34,130,40,09,70,031,46,13,51,125,46,1*78
$GBGSV,2,2,08,16,47,035,44,23,66,148,52,25,41,053,47,27,17,225,40,1*72
$GBGSV,2,1,05,06,55,035,46,08,34,130,47,09,70,031,48,13,51,125,47,B*0C
$GBGSV,2,2,05,16,47,035,46,B*30
$GBGSV,4,1,13,01,03,096,,02,58,141,,03,34,114,,07,07,137,,0*73
$GBGSV,4,2,13,10,08,148,,28,05,186,,30,12,275,,32,38,328,,0*74
$GBGSV,4,3,13,33,17,098,,37,24,199,,38,23,133,,39,38,036,,0*79
$GBGSV,4,4,13,41,53,052,,0*41
$GQGSV,1,1,02,02,12,083,39,04,19,095,38,1*6C
$GQGSV,1,1,03,02,12,083,40,04,19,095,44,07,19,104,41,6*50
$GNGLL,2454.22971,N,06708.26793,E,174943.00,A,D*76
$GNRMC,174944.00,A,2454.22971,N,06708.26793,E,0.004,,300425,,,R,V*00
$GNVTG,,T,,M,0.004,N,0.007,K,D*3B
$GNGGA,174944.00,2454.22971,N,06708.26793,E,4,12,0.61,21.8,M,-44.2,M,1.0,0265*7A
$GNGSA,A,3,01,03,10,28,31,04,26,02,16,32,,,1.35,0.61,1.21,1*0C
$GNGSA,A,3,69,80,68,85,84,78,79,,,,,,1.35,0.61,1.21,2*09
$GNGSA,A,3,11,23,21,31,10,19,,,,,,,1.35,0.61,1.21,3*08
$GNGSA,A,3,06,08,13,16,09,25,27,23,,,,,1.35,0.61,1.21,4*07
$GNGSA,A,3,04,,,,,,,,,,,,1.35,0.61,1.21,5*03
$GPGSV,4,1,13,01,48,261,45,02,38,223,44,03,46,332,46,04,24,291,37,1*6D
$GPGSV,4,2,13,10,11,130,39,16,25,156,43,26,43,127,44,28,34,037,43,1*65
$GPGSV,4,3,13,31,62,031,48,32,15,069,42,40,59,208,48,41,56,146,47,1*6D
$GPGSV,4,4,13,42,19,104,45,1*5C
$GPGSV,2,1,08,01,48,261,47,03,46,332,44,04,24,291,35,10,11,130,40,6*69
$GPGSV,2,2,08,26,43,127,45,28,34,037,46,31,62,031,45,32,15,069,40,6*6D
$GLGSV,2,1,07,68,24,071,46,69,41,014,49,78,17,033,47,79,57,079,51,1*7E
$GLGSV,2,2,07,80,40,170,48,84,29,248,38,85,19,302,36,1*4A
$GLGSV,2,1,07,68,24,071,43,69,41,014,47,78,17,033,46,79,57,079,48,3*7E
$GLGSV,2,2,07,80,40,170,48,84,29,248,43,85,19,302,34,3*46
$GLGSV,1,1,02,70,10,310,,83,03,190,,0*7F
$GAGSV,3,1,11,04,52,006,51,06,49,323,49,09,34,296,47,10,47,212,51,2*76
$GAGSV,3,2,11,11,52,257,46,12,32,186,45,19,16,063,41,21,11,050,45,2*76
$GAGSV,3,3,11,23,33,099,50,31,25,157,46,36,23,312,41,2*47
$GAGSV,3,1,11,04,52,006,46,06,49,323,47,09,34,296,43,10,47,212,45,7*7A
$GAGSV,3,2,11,11,52,257,43,12,32,186,40,19,16,063,35,21,11,050,36,7*74
$GAGSV,3,3,11,23,33,099,44,31,25,157,42,36,23,312,35,7*40
$GBGSV,2,1,08,06,55,035,44,08,34,130,41,09,70,031,46,13,51,125,46,1*79
$GBGSV,2,2,08,16,47,035,44,23,67,147,52,25,41,053,46,27,17,225,40,1*7D
$GBGSV,2,1,05,06,55,035,46,08,34,130,47,09,70,031,48,13,51,125,47,B*0C
$GBGSV,2,2,05,16,47,035,46,B*30
$GBGSV,4,1,13,01,03,096,,02,58,141,,03,34,114,,07,07,137,,0*73
$GBGSV,4,2,13,10,08,148,,28,05,186,,30,12,275,,32,38,328,,0*74
$GBGSV,4,3,13,33,17,098,,37,24,199,,38,23,133,,39,38,036,,0*79
$GBGSV,4,4,13,41,53,052,,0*41
$GQGSV,1,1,02,02,12,083,39,04,19,095,38,1*6C
$GQGSV,1,1,03,02,12,083,40,04,19,095,44,07,19,104,42,6*53
$GNGLL,2454.22971,N,06708.26793,E,174944.00,A,D*71
$GNRMC,174945.00,A,2454.22971,N,06708.26792,E,0.021,,300425,,,R,V*07
$GNVTG,,T,,M,0.021,N,0.040,K,D*3F
$GNGGA,174945.00,2454.22971,N,06708.26792,E,4,12,0.61,21.8,M,-44.2,M,1.0,0265*7A
$GNGSA,A,3,01,03,10,28,31,04,26,02,16,32,,,1.35,0.61,1.21,1*0C
$GNGSA,A,3,69,80,68,85,84,78,79,,,,,,1.35,0.61,1.21,2*09
$GNGSA,A,3,11,23,21,31,10,19,,,,,,,1.35,0.61,1.21,3*08
$GNGSA,A,3,06,08,13,16,09,25,27,23,,,,,1.35,0.61,1.21,4*07
$GNGSA,A,3,04,,,,,,,,,,,,1.35,0.61,1.21,5*03
$GPGSV,4,1,13,01,48,261,45,02,38,223,44,03,46,332,46,04,24,291,37,1*6D
$GPGSV,4,2,13,10,11,130,39,16,25,156,43,26,43,127,44,28,34,037,44,1*62
$GPGSV,4,3,13,31,62,031,48,32,15,069,42,40,59,208,48,41,56,146,46,1*6C
$GPGSV,4,4,13,42,19,104,45,1*5C
$GPGSV,2,1,08,01,48,261,47,03,46,332,44,04,24,291,35,10,11,130,40,6*69
$GPGSV,2,2,08,26,43,127,45,28,34,037,46,31,62,031,45,32,15,069,39,6*63
$GLGSV,2,1,07,68,24,071,46,69,41,014,49,78,17,033,48,79,57,079,51,1*71
$GLGSV,2,2,07,80,40,170,48,84,29,248,38,85,19,302,37,1*4B
$GLGSV,2,1,07,68,24,071,43,69,41,014,47,78,17,033,46,79,57,079,48,3*7E
$GLGSV,2,2,07,80,40,170,48,84,29,248,43,85,19,302,34,3*46
$GLGSV,1,1,02,70,10,310,,83,03,190,,0*7F
$GAGSV,3,1,11,04,52,006,51,06,49,323,49,09,34,296,47,10,47,212,51,2*76
$GAGSV,3,2,11,11,52,257,46,12,32,186,45,19,16,063,41,21,11,050,45,2*76
$GAGSV,3,3,11,23,33,099,51,31,25,157,46,36,23,312,41,2*46
$GAGSV,3,1,11,04,52,006,46,06,49,323,46,09,34,296,43,10,47,212,45,7*7B
$GAGSV,3,2,11,11,52,257,43,12,32,186,40,19,16,063,35,21,11,050,36,7*74
$GAGSV,3,3,11,23,33,099,44,31,25,157,42,36,23,312,35,7*40
$GBGSV,2,1,08,06,55,035,44,08,34,130,41,09,70,031,46,13,51,125,46,1*79
$GBGSV,2,2,08,16,47,035,44,23,67,147,52,25,41,053,47,27,17,225,40,1*7C
$GBGSV,2,1,05,06,55,035,46,08,34,130,47,09,70,031,48,13,51,125,47,B*0C
$GBGSV,2,2,05,16,47,035,46,B*30
$GBGSV,4,1,13,01,03,096,,02,58,141,,03,34,114,,07,07,137,,0*73
$GBGSV,4,2,13,10,08,148,,28,05,186,,30,12,275,,32,38,328,,0*74
$GBGSV,4,3,13,33,17,098,,37,24,199,,38,23,133,,39,38,036,,0*79
$GBGSV,4,4,13,41,53,052,,0*41
$GQGSV,1,1,02,02,12,083,39,04,19,095,38,1*6C
$GQGSV,1,1,03,02,12,083,40,04,19,095,44,07,19,104,42,6*53
$GNGLL,2454.22971,N,06708.26792,E,174945.00,A,D*71
$GNRMC,174946.00,A,2454.22971,N,06708.26792,E,0.012,,300425,,,R,V*04
$GNVTG,,T,,M,0.012,N,0.023,K,D*3A
$GNGGA,174946.00,2454.22971,N,06708.26792,E,4,12,0.61,21.8,M,-44.2,M,1.0,0265*79
$GNGSA,A,3,01,03,10,28,31,04,26,02,16,32,,,1.35,0.61,1.21,1*0C
$GNGSA,A,3,69,80,68,85,84,78,79,,,,,,1.35,0.61,1.21,2*09
$GNGSA,A,3,11,23,21,31,10,19,,,,,,,1.35,0.61,1.21,3*08
$GNGSA,A,3,06,08,13,16,09,25,27,23,,,,,1.35,0.61,1.21,4*07
$GNGSA,A,3,04,,,,,,,,,,,,1.35,0.61,1.21,5*03
$GPGSV,4,1,13,01,48,261,45,02,38,223,44,03,46,332,46,04,24,291,37,1*6D
$GPGSV,4,2,13,10,11,130,39,16,25,156,43,26,43,127,44,28,34,037,43,1*65
$GPGSV,4,3,13,31,62,031,48,32,15,069,42,40,59,208,48,41,56,146,47,1*6D
$GPGSV,4,4,13,42,19,104,45,1*5C
$GPGSV,2,1,08,01,48,261,47,03,46,332,44,04,24,291,35,10,11,130,40,6*69
$GPGSV,2,2,08,26,43,127,45,28,34,037,46,31,62,031,45,32,15,069,39,6*63
$GLGSV,2,1,07,68,24,071,46,69,41,014,49,78,17,033,48,79,57,079,51,1*71
$GLGSV,2,2,07,80,40,170,48,84,29,248,38,85,19,302,36,1*4A
$GLGSV,2,1,07,68,24,071,43,69,41,014,47,78,17,033,46,79,57,079,48,3*7E
$GLGSV,2,2,07,80,40,170,48,84,29,248,43,85,19,302,34,3*46
$GLGSV,1,1,02,70,10,310,,83,03,190,,0*7F
$GAGSV,3,1,11,04,52,006,51,06,49,323,49,09,34,296,47,10,47,212,51,2*76
$GAGSV,3,2,11,11,52,257,46,12,32,186,45,19,16,063,41,21,11,050,45,2*76
$GAGSV,3,3,11,23,33,099,50,31,25,157,46,36,23,312,41,2*47
$GAGSV,3,1,11,04,52,006,46,06,49,323,46,09,34,296,43,10,47,212,45,7*7B
$GAGSV,3,2,11,11,52,257,43,12,32,186,40,19,16,063,35,21,11,050,36,7*74
$GAGSV,3,3,11,23,33,099,45,31,25,157,42,36,23,312,35,7*41
$GBGSV,2,1,08,06,55,035,44,08,34,130,41,09,70,031,46,13,51,125,46,1*79
$GBGSV,2,2,08,16,47,035,44,23,67,147,52,25,41,052,47,27,17,225,40,1*7D
$GBGSV,2,1,05,06,55,035,46,08,34,130,47,09,70,031,48,13,51,125,47,B*0C
$GBGSV,2,2,05,16,47,035,46,B*30
$GBGSV,4,1,13,01,03,096,,02,58,141,,03,34,114,,07,07,137,,0*73
$GBGSV,4,2,13,10,08,148,,28,05,186,,30,12,275,,32,38,328,,0*74
$GBGSV,4,3,13,33,17,098,,37,24,199,,38,23,133,,39,38,036,,0*79
$GBGSV,4,4,13,41,53,052,,0*41
$GQGSV,1,1,02,02,12,083,39,04,19,095,37,1*63
$GQGSV,1,1,03,02,12,083,40,04,19,095,44,07,19,104,42,6*53
$GNGLL,2454.22971,N,06708.26792,E,174946.00,A,D*72
$GNRMC,174947.00,A,2454.22971,N,06708.26792,E,0.014,,300425,,,R,V*03
$GNVTG,,T,,M,0.014,N,0.025,K,D*3A
$GNGGA,174947.00,2454.22971,N,06708.26792,E,4,12,0.61,21.8,M,-44.2,M,1.0,0265*78
$GNGSA,A,3,01,03,10,28,31,04,26,02,16,32,,,1.35,0.61,1.21,1*0C
$GNGSA,A,3,69,80,68,85,84,78,79,,,,,,1.35,0.61,1.21,2*09
$GNGSA,A,3,11,23,21,31,10,19,,,,,,,1.35,0.61,1.21,3*08
$GNGSA,A,3,06,08,13,16,09,25,27,23,,,,,1.35,0.61,1.21,4*07
$GNGSA,A,3,04,,,,,,,,,,,,1.35,0.61,1.21,5*03
$GPGSV,4,1,13,01,48,261,45,02,38,223,44,03,46,332,46,04,24,291,36,1*6C
$GPGSV,4,2,13,10,11,130,39,16,25,156,43,26,43,127,44,28,34,037,44,1*62
$GPGSV,4,3,13,31,62,031,48,32,15,069,42,40,59,208,48,41,56,146,46,1*6C
$GPGSV,4,4,13,42,19,104,45,1*5C
$GPGSV,2,1,08,01,48,261,47,03,46,332,44,04,24,291,35,10,11,130,40,6*69
$GPGSV,2,2,08,26,43,127,45,28,34,037,46,31,62,031,45,32,15,069,39,6*63
$GLGSV,2,1,07,68,24,071,46,69,41,014,49,78,17,033,47,79,57,079,51,1*7E
$GLGSV,2,2,07,80,40,170,48,84,29,248,38,85,19,302,36,1*4A
$GLGSV,2,1,07,68,24,071,43,69,41,014,47,78,17,033,46,79,57,079,48,3*7E
$GLGSV,2,2,07,80,40,170,48,84,29,248,43,85,19,302,34,3*46
$GLGSV,1,1,02,70,10,310,,83,03,190,,0*7F
$GAGSV,3,1,11,04,52,006,51,06,49,323,49,09,34,296,47,10,47,212,51,2*76
$GAGSV,3,2,11,11,52,257,46,12,32,186,45,19,16,063,41,21,11,050,44,2*77
$GAGSV,3,3,11,23,33,099,50,31,25,157,46,36,23,312,41,2*47
$GAGSV,3,1,11,04,52,006,46,06,49,323,46,09,34,296,43,10,47,212,45,7*7B
$GAGSV,3,2,11,11,52,257,43,12,32,186,40,19,16,063,35,21,11,050,36,7*74
$GAGSV,3,3,11,23,33,099,45,31,25,157,42,36,23,312,35,7*41
$GBGSV,2,1,08,06,55,035,44,08,34,130,41,09,70,031,46,13,51,125,46,1*79
$GBGSV,2,2,08,16,47,035,44,23,67,147,52,25,41,052,47,27,17,225,40,1*7D
$GBGSV,2,1,05,06,55,035,46,08,34,130,46,09,70,031,48,13,51,125,47,B*0D
$GBGSV,2,2,05,16,47,035,46,B*30
$GBGSV,4,1,13,01,03,096,,02,58,141,,03,34,114,,07,07,137,,0*73
$GBGSV,4,2,13,10,08,148,,28,05,186,,30,12,275,,32,38,328,,0*74
$GBGSV,4,3,13,33,17,098,,37,24,199,,38,23,133,,39,38,036,,0*79
$GBGSV,4,4,13,41,53,052,,0*41
$GQGSV,1,1,02,02,12,083,39,04,19,095,37,1*63
$GQGSV,1,1,03,02,12,083,40,04,19,095,44,07,19,104,42,6*53
$GNGLL,2454.22971,N,06708.26792,E,174947.00,A,D*73
$GNRMC,174948.00,A,2454.22971,N,06708.26792,E,0.016,,300425,,,R,V*0E
$GNVTG,,T,,M,0.016,N,0.030,K,D*3C
$GNGGA,174948.00,2454.22971,N,06708.26792,E,4,12,0.61,21.8,M,-44.2,M,1.0,0265*77
$GNGSA,A,3,01,03,10,28,31,04,26,02,16,32,,,1.35,0.61,1.21,1*0C
$GNGSA,A,3,69,80,68,85,84,78,79,,,,,,1.35,0.61,1.21,2*09
$GNGSA,A,3,11,23,21,31,10,19,,,,,,,1.35,0.61,1.21,3*08
$GNGSA,A,3,06,08,13,16,09,25,27,23,,,,,1.35,0.61,1.21,4*07
$GNGSA,A,3,04,,,,,,,,,,,,1.35,0.61,1.21,5*03
$GPGSV,4,1,13,01,48,261,45,02,38,223,44,03,46,332,46,04,24,291,36,1*6C
$GPGSV,4,2,13,10,11,130,38,16,25,156,43,26,43,127,44,28,34,037,44,1*63
$GPGSV,4,3,13,31,62,031,48,32,15,069,42,40,59,208,48,41,56,146,47,1*6D
$GPGSV,4,4,13,42,19,104,45,1*5C
$GPGSV,2,1,08,01,48,261,47,03,46,332,44,04,24,291,35,10,11,130,40,6*69
$GPGSV,2,2,08,26,43,127,45,28,34,037,46,31,62,031,45,32,15,069,39,6*63
$GLGSV,2,1,07,68,24,071,46,69,41,014,49,78,17,033,47,79,57,079,51,1*7E
$GLGSV,2,2,07,80,40,170,48,84,29,248,38,85,19,302,37,1*4B
$GLGSV,2,1,07,68,24,071,42,69,41,014,47,78,17,033,46,79,57,079,48,3*7F
$GLGSV,2,2,07,80,40,170,48,84,29,248,43,85,19,302,34,3*46
$GLGSV,1,1,02,70,10,310,,83,03,190,,0*7F
$GAGSV,3,1,11,04,52,006,51,06,49,323,49,09,34,296,46,10,47,212,51,2*77
$GAGSV,3,2,11,11,52,257,46,12,32,186,45,19,16,063,41,21,11,050,44,2*77
$GAGSV,3,3,11,23,33,099,50,31,25,157,46,36,23,312,41,2*47
$GAGSV,3,1,11,04,52,006,46,06,49,323,46,09,34,296,43,10,47,212,45,7*7B
$GAGSV,3,2,11,11,52,257,43,12,32,186,40,19,16,063,35,21,11,050,36,7*74
$GAGSV,3,3,11,23,33,099,45,31,25,157,42,36,23,312,35,7*41
$GBGSV,2,1,08,06,55,035,44,08,34,130,41,09,70,031,46,13,51,125,46,1*79
$GBGSV,2,2,08,16,47,035,44,23,67,147,52,25,41,052,47,27,17,225,40,1*7D
$GBGSV,2,1,06,06,55,035,46,08,34,130,46,09,70,031,48,13,51,125,47,B*0E
$GBGSV,2,2,06,16,47,035,45,27,17,225,14,B*03
$GBGSV,4,1,13,01,03,096,,02,58,141,,03,34,114,,07,07,137,,0*73
$GBGSV,4,2,13,10,08,148,,28,05,186,,30,12,275,,32,38,328,,0*74
$GBGSV,4,3,13,33,17,098,,37,24,199,,38,23,133,,39,38,036,,0*79
$GBGSV,4,4,13,41,53,052,,0*41
$GQGSV,1,1,02,02,12,083,39,04,19,095,37,1*63
$GQGSV,1,1,03,02,12,083,40,04,19,095,44,07,19,104,42,6*53
$GNGLL,2454.22971,N,06708.26792,E,174948.00,A,D*7C
$GNRMC,174949.00,A,2454.22971,N,06708.26792,E,0.011,,300425,,,R,V*08
$GNVTG,,T,,M,0.011,N,0.020,K,D*3A
$GNGGA,174949.00,2454.22971,N,06708.26792,E,4,12,0.61,21.8,M,-44.2,M,1.0,0265*76
$GNGSA,A,3,01,03,10,28,31,04,26,02,16,32,,,1.35,0.61,1.21,1*0C
$GNGSA,A,3,69,80,68,85,84,78,79,,,,,,1.35,0.61,1.21,2*09
$GNGSA,A,3,11,23,21,31,10,19,,,,,,,1.35,0.61,1.21,3*08
$GNGSA,A,3,06,08,13,16,09,25,27,23,,,,,1.35,0.61,1.21,4*07
$GNGSA,A,3,04,,,,,,,,,,,,1.35,0.61,1.21,5*03
$GPGSV,4,1,13,01,48,261,45,02,38,223,44,03,46,332,46,04,24,291,36,1*6C
$GPGSV,4,2,13,10,11,130,38,16,25,156,43,26,43,127,44,28,34,037,44,1*63
$GPGSV,4,3,13,31,62,031,48,32,15,069,42,40,59,208,48,41,56,146,47,1*6D
$GPGSV,4,4,13,42,19,104,45,1*5C
$GPGSV,2,1,08,01,48,261,47,03,46,332,44,04,24,291,35,10,11,130,40,6*69
$GPGSV,2,2,08,26,43,127,45,28,34,037,46,31,62,031,45,32,15,069,39,6*63
$GLGSV,2,1,08,68,24,071,46,69,41,014,49,78,17,033,47,79,57,079,51,1*71
$GLGSV,2,2,08,80,40,170,48,84,29,248,37,85,19,302,37,,,,35,1*4D
$GLGSV,2,1,07,68,24,071,42,69,41,014,47,78,17,033,46,79,57,079,48,3*7F
$GLGSV,2,2,07,80,40,170,48,84,29,248,43,85,19,302,34,3*46
$GLGSV,1,1,02,70,10,310,,83,03,190,,0*7F
$GAGSV,3,1,11,04,52,006,51,06,49,323,49,09,34,296,46,10,47,212,51,2*77
$GAGSV,3,2,11,11,52,257,46,12,32,186,45,19,16,063,41,21,11,050,45,2*76
$GAGSV,3,3,11,23,33,099,50,31,25,157,46,36,23,312,41,2*47
$GAGSV,3,1,11,04,52,006,46,06,49,323,46,09,34,296,43,10,47,212,45,7*7B
$GAGSV,3,2,11,11,52,257,43,12,32,186,40,19,16,063,35,21,11,050,36,7*74
$GAGSV,3,3,11,23,33,099,45,31,25,157,42,36,23,312,34,7*40
$GBGSV,2,1,08,06,55,035,44,08,34,130,41,09,70,031,46,13,51,125,46,1*79
$GBGSV,2,2,08,16,47,035,44,23,67,147,52,25,41,052,47,27,17,225,40,1*7D
$GBGSV,2,1,06,06,55,035,46,08,34,130,46,09,70,031,48,13,51,125,47,B*0E
$GBGSV,2,2,06,16,47,035,45,27,17,225,12,B*05
$GBGSV,4,1,13,01,03,096,,02,58,141,,03,34,114,,07,07,137,,0*73
$GBGSV,4,2,13,10,08,148,,28,04,185,,30,12,275,,32,38,328,,0*76
$GBGSV,4,3,13,33,17,098,,37,24,199,,38,23,133,,39,38,036,,0*79
$GBGSV,4,4,13,41,53,052,,0*41
$GQGSV,1,1,02,02,12,083,39,04,19,095,37,1*63
$GQGSV,1,1,03,02,12,083,40,04,19,095,44,07,19,104,41,6*50
$GNGLL,2454.22971,N,06708.26792,E,174949.00,A,D*7D
$GNRMC,174950.00,A,2454.22971,N,06708.26793,E,0.001,,300425,,,R,V*00
$GNVTG,,T,,M,0.001,N,0.003,K,D*3A
$GNGGA,174950.00,2454.22971,N,06708.26793,E,4,12,0.61,21.8,M,-44.2,M,1.0,0265*7F
$GNGSA,A,3,01,03,10,28,31,04,26,02,16,32,,,1.35,0.61,1.21,1*0C
$GNGSA,A,3,69,80,68,85,84,78,79,,,,,,1.35,0.61,1.21,2*09
$GNGSA,A,3,11,23,21,31,10,19,,,,,,,1.35,0.61,1.21,3*08
$GNGSA,A,3,06,08,13,16,09,25,27,23,,,,,1.35,0.61,1.21,4*07
$GNGSA,A,3,04,,,,,,,,,,,,1.35,0.61,1.21,5*03
$GPGSV,4,1,13,01,48,261,45,02,38,223,44,03,46,332,46,04,24,291,36,1*6C
$GPGSV,4,2,13,10,11,130,38,16,25,156,43,26,43,127,45,28,34,037,44,1*62
$GPGSV,4,3,13,31,62,031,48,32,15,069,42,40,59,208,48,41,56,146,47,1*6D
$GPGSV,4,4,13,42,19,104,45,1*5C
$GPGSV,2,1,08,01,48,261,47,03,46,332,44,04,24,291,35,10,11,130,40,6*69
$GPGSV,2,2,08,26,43,127,45,28,34,037,46,31,62,031,45,32,15,069,39,6*63
$GLGSV,2,1,08,68,24,071,46,69,41,014,49,78,17,033,48,79,57,079,51,1*7E
$GLGSV,2,2,08,80,40,170,49,84,29,248,37,85,19,302,36,,,,36,1*4E
$GLGSV,2,1,07,68,24,071,42,69,41,014,48,78,17,033,46,79,57,079,48,3*70
$GLGSV,2,2,07,80,40,170,48,84,29,248,43,85,19,302,34,3*46
$GLGSV,1,1,02,70,10,310,,83,03,190,,0*7F
$GAGSV,3,1,11,04,52,006,51,06,49,323,49,09,34,296,46,10,47,212,51,2*77
$GAGSV,3,2,11,11,52,257,46,12,32,186,45,19,16,063,41,21,11,050,45,2*76
$GAGSV,3,3,11,23,33,099,50,31,25,157,46,36,23,312,41,2*47
$GAGSV,3,1,11,04,52,006,46,06,49,323,46,09,34,296,43,10,47,212,45,7*7B
$GAGSV,3,2,11,11,52,257,43,12,32,186,40,19,16,063,35,21,11,050,36,7*74
$GAGSV,3,3,11,23,33,099,45,31,25,157,43,36,23,312,35,7*40
$GBGSV,2,1,08,06,55,035,44,08,34,130,41,09,70,031,46,13,51,125,46,1*79
$GBGSV,2,2,08,16,47,035,44,23,67,147,52,25,41,052,47,27,17,225,40,1*7D
$GBGSV,2,1,06,06,55,035,46,08,34,130,46,09,70,031,48,13,51,125,47,B*0E
$GBGSV,2,2,06,16,47,035,45,27,17,225,11,B*06
$GBGSV,4,1,13,01,03,096,,02,58,141,,03,34,114,,07,07,137,,0*73
$GBGSV,4,2,13,10,08,148,,28,04,185,,30,12,275,,32,38,328,,0*76
$GBGSV,4,3,13,33,17,098,,37,24,199,,38,23,133,,39,38,036,,0*79
$GBGSV,4,4,13,41,53,052,,0*41
$GQGSV,1,1,02,02,12,083,39,04,19,095,37,1*63
$GQGSV,1,1,03,02,12,083,40,04,19,095,44,07,19,104,41,6*50
$GNGLL,2454.22971,N,06708.26793,E,174950.00,A,D*74
$GNRMC,174951.00,A,2454.22971,N,06708.26793,E,0.004,,300425,,,R,V*04
$GNVTG,,T,,M,0.004,N,0.007,K,D*3B
$GNGGA,174951.00,2454.22971,N,06708.26793,E,4,12,0.61,21.8,M,-44.2,M,1.0,0265*7E
$GNGSA,A,3,01,03,10,28,31,04,26,02,16,32,,,1.35,0.61,1.21,1*0C
$GNGSA,A,3,69,80,68,85,84,78,79,,,,,,1.35,0.61,1.21,2*09
$GNGSA,A,3,11,23,21,31,10,19,,,,,,,1.35,0.61,1.21,3*08
$GNGSA,A,3,06,08,13,16,09,25,27,23,,,,,1.35,0.61,1.21,4*07
$GNGSA,A,3,04,,,,,,,,,,,,1.35,0.61,1.21,5*03
$GPGSV,4,1,13,01,48,261,45,02,38,223,44,03,46,332,46,04,24,291,36,1*6C
$GPGSV,4,2,13,10,11,130,38,16,25,156,42,26,43,127,44,28,34,037,44,1*62
$GPGSV,4,3,13,31,62,031,48,32,15,069,41,40,59,208,48,41,56,146,47,1*6E
$GPGSV,4,4,13,42,19,104,45,1*5C
$GPGSV,2,1,08,01,48,261,47,03,46,332,45,04,24,291,35,10,11,130,40,6*68
$GPGSV,2,2,08,26,43,127,45,28,34,037,46,31,62,031,45,32,15,069,39,6*63
$GLGSV,2,1,08,68,24,071,46,69,41,014,49,78,17,033,48,79,57,079,51,1*7E
$GLGSV,2,2,08,80,40,170,49,84,29,248,37,85,19,302,36,,,,36,1*4E
$GLGSV,2,1,07,68,24,071,43,69,41,014,48,78,17,033,46,79,57,079,48,3*71
$GLGSV,2,2,07,80,40,170,48,84,29,248,43,85,19,302,34,3*46
$GLGSV,1,1,02,70,10,310,,83,03,190,,0*7F
$GAGSV,3,1,11,04,52,006,51,06,49,323,49,09,34,296,46,10,47,212,51,2*77
$GAGSV,3,2,11,11,52,257,46,12,32,186,45,19,16,063,41,21,11,050,45,2*76
$GAGSV,3,3,11,23,33,099,50,31,25,157,45,36,23,312,41,2*44
$GAGSV,3,1,11,04,52,006,46,06,49,323,46,09,34,296,43,10,47,212,45,7*7B
$GAGSV,3,2,11,11,52,257,43,12,32,186,40,19,16,063,35,21,11,050,36,7*74
$GAGSV,3,3,11,23,33,099,45,31,25,157,43,36,23,312,35,7*40
$GBGSV,2,1,08,06,55,035,44,08,34,130,41,09,70,031,46,13,51,125,46,1*79
$GBGSV,2,2,08,16,47,035,44,23,67,147,52,25,41,052,47,27,17,225,40,1*7D
$GBGSV,2,1,06,06,55,035,46,08,34,130,47,09,70,031,48,13,51,125,47,B*0F
$GBGSV,2,2,06,16,47,035,45,27,17,225,10,B*07
$GBGSV,4,1,13,01,03,096,,02,58,141,,03,34,114,,07,07,137,,0*73
$GBGSV,4,2,13,10,08,148,,28,04,185,,30,12,274,,32,38,328,,0*77
$GBGSV,4,3,13,33,17,098,,37,24,199,,38,23,133,,39,38,036,,0*79
$GBGSV,4,4,13,41,53,052,,0*41
$GQGSV,1,1,02,02,12,083,39,04,19,095,38,1*6C
$GQGSV,1,1,03,02,12,083,41,04,19,095,44,07,19,104,42,6*52
$GNGLL,2454.22971,N,06708.26793,E,174951.00,A,D*75
$GNRMC,174952.00,A,2454.22972,N,06708.26793,E,0.013,,300425,,,R,V*02
$GNVTG,,T,,M,0.013,N,0.024,K,D*3C
$GNGGA,174952.00,2454.22972,N,06708.26793,E,4,12,0.61,21.8,M,-44.2,M,1.0,0265*7E
$GNGSA,A,3,01,03,10,28,31,04,26,02,16,32,,,1.35,0.61,1.21,1*0C
$GNGSA,A,3,69,80,68,85,84,78,79,,,,,,1.35,0.61,1.21,2*09
$GNGSA,A,3,11,23,21,31,10,19,,,,,,,1.35,0.61,1.21,3*08
$GNGSA,A,3,06,08,13,16,09,25,27,23,,,,,1.35,0.61,1.21,4*07
$GNGSA,A,3,04,,,,,,,,,,,,1.35,0.61,1.21,5*03
$GPGSV,4,1,13,01,48,261,45,02,38,223,45,03,46,332,46,04,24,291,36,1*6D
$GPGSV,4,2,13,10,11,130,37,16,25,156,42,26,43,127,44,28,34,037,44,1*6D
$GPGSV,4,3,13,31,62,031,48,32,15,069,41,40,59,208,48,41,56,146,47,1*6E
$GPGSV,4,4,13,42,19,104,45,1*5C
$GPGSV,2,1,08,01,48,261,47,03,46,332,45,04,24,291,35,10,11,130,39,6*66
$GPGSV,2,2,08,26,43,127,45,28,34,037,46,31,62,031,45,32,15,069,37,6*6D
$GLGSV,2,1,08,68,24,071,45,69,41,014,49,78,17,033,47,79,57,079,51,1*72
$GLGSV,2,2,08,80,40,170,49,84,29,248,37,85,19,302,35,,,,37,1*4C
$GLGSV,2,1,07,68,24,071,43,69,41,014,48,78,17,033,47,79,57,079,48,3*70
$GLGSV,2,2,07,80,40,170,48,84,29,248,43,85,19,302,33,3*41
$GLGSV,1,1,02,70,10,310,,83,03,190,,0*7F
$GAGSV,3,1,11,04,52,006,51,06,49,323,49,09,34,296,47,10,47,212,51,2*76
$GAGSV,3,2,11,11,52,257,46,12,32,186,45,19,16,063,41,21,11,050,44,2*77
$GAGSV,3,3,11,23,33,099,50,31,25,157,45,36,23,312,41,2*44
$GAGSV,3,1,11,04,52,006,46,06,49,323,46,09,34,296,43,10,47,212,44,7*7A
$GAGSV,3,2,11,11,52,257,43,12,32,186,40,19,16,063,35,21,11,050,36,7*74
$GAGSV,3,3,11,23,33,099,45,31,25,157,43,36,23,312,35,7*40
$GBGSV,2,1,08,06,55,035,44,08,34,130,41,09,70,031,46,13,51,125,46,1*79
$GBGSV,2,2,08,16,47,035,44,23,67,147,51,25,41,052,47,27,17,225,39,1*70
$GBGSV,2,1,06,06,55,035,46,08,34,130,47,09,70,031,48,13,51,125,47,B*0F
$GBGSV,2,2,06,16,47,035,46,27,17,225,10,B*04
$GBGSV,4,1,13,01,03,096,,02,58,141,,03,34,114,,07,07,137,,0*73
$GBGSV,4,2,13,10,08,148,,28,04,185,,30,12,274,,32,38,329,,0*76
$GBGSV,4,3,13,33,17,098,,37,24,199,,38,23,133,,39,38,036,,0*79
$GBGSV,4,4,13,41,53,052,,0*41
$GQGSV,1,1,02,02,12,083,39,04,19,095,38,1*6C
$GQGSV,1,1,03,02,12,083,41,04,19,095,43,07,19,104,42,6*55
$GNGLL,2454.22972,N,06708.26793,E,174952.00,A,D*75
$GNRMC,174953.00,A,2454.22972,N,06708.26794,E,0.014,,300425,,,R,V*03
$GNVTG,,T,,M,0.014,N,0.026,K,D*39
$GNGGA,174953.00,2454.22972,N,06708.26794,E,4,12,0.61,21.8,M,-44.2,M,1.0,0265*78
$GNGSA,A,3,01,03,10,28,31,04,26,02,16,32,,,1.35,0.61,1.21,1*0C
$GNGSA,A,3,69,80,68,85,84,78,79,,,,,,1.35,0.61,1.21,2*09
$GNGSA,A,3,11,23,21,31,10,19,,,,,,,1.35,0.61,1.21,3*08
$GNGSA,A,3,06,08,13,16,09,25,27,23,,,,,1.35,0.61,1.21,4*07
$GNGSA,A,3,04,,,,,,,,,,,,1.35,0.61,1.21,5*03
$GPGSV,4,1,13,01,48,261,45,02,38,223,44,03,46,332,46,04,24,291,36,1*6C
$GPGSV,4,2,13,10,11,130,36,16,25,156,42,26,43,127,44,28,34,037,44,1*6C
$GPGSV,4,3,13,31,62,031,48,32,15,069,40,40,59,208,48,41,56,146,47,1*6F
$GPGSV,4,4,13,42,19,104,45,1*5C
$GPGSV,2,1,08,01,48,261,47,03,46,332,45,04,24,291,35,10,11,130,38,6*67
$GPGSV,2,2,08,26,43,127,45,28,34,037,46,31,62,031,45,32,15,069,36,6*6C
$GLGSV,2,1,08,68,24,071,45,69,41,014,49,78,17,033,47,79,57,079,51,1*72
$GLGSV,2,2,08,80,40,170,49,84,29,248,37,85,19,302,34,,,,37,1*4D
$GLGSV,2,1,07,68,24,071,43,69,41,014,48,78,17,033,47,79,57,079,48,3*70
$GLGSV,2,2,07,80,40,170,48,84,29,248,43,85,19,302,32,3*40
$GLGSV,1,1,02,70,10,310,,83,03,190,,0*7F
$GAGSV,3,1,11,04,52,006,51,06,49,323,49,09,34,296,47,10,47,212,51,2*76
$GAGSV,3,2,11,11,52,257,46,12,32,186,45,19,16,063,41,21,11,050,44,2*77
$GAGSV,3,3,11,23,33,099,50,31,25,157,45,36,23,312,41,2*44
$GAGSV,3,1,11,04,52,006,46,06,49,323,46,09,34,296,43,10,47,212,45,7*7B
$GAGSV,3,2,11,11,52,257,43,12,32,186,40,19,16,063,35,21,11,050,35,7*77
$GAGSV,3,3,11,23,33,099,45,31,25,157,43,36,23,312,35,7*40
$GBGSV,2,1,08,06,55,035,44,08,34,130,41,09,70,031,46,13,51,125,46,1*79
$GBGSV,2,2,08,16,47,035,44,23,67,147,52,25,41,052,47,27,17,225,39,1*73
$GBGSV,2,1,06,06,55,035,46,08,34,130,46,09,70,031,48,13,51,125,47,B*0E
$GBGSV,2,2,06,16,47,035,46,27,17,225,09,B*0C
$GBGSV,4,1,13,01,03,096,,02,58,141,,03,34,114,,07,07,137,,0*73
$GBGSV,4,2,13,10,08,148,,28,04,185,,30,12,274,,32,38,329,,0*76
$GBGSV,4,3,13,33,17,099,,37,24,199,,38,23,133,,39,38,036,,0*78
$GBGSV,4,4,13,41,53,052,,0*41
$GQGSV,1,1,02,02,12,083,39,04,19,095,38,1*6C
$GQGSV,1,1,03,02,12,083,42,04,19,095,43,07,19,104,43,6*57
$GNGLL,2454.22972,N,06708.26794,E,174953.00,A,D*73
$GNRMC,174954.00,A,2454.22972,N,06708.26794,E,0.004,,300425,,,R,V*05
$GNVTG,,T,,M,0.004,N,0.008,K,D*34
$GNGGA,174954.00,2454.22972,N,06708.26794,E,4,12,0.61,21.8,M,-44.2,M,1.0,0265*7F
$GNGSA,A,3,01,03,10,28,31,04,26,02,16,32,,,1.35,0.61,1.21,1*0C
$GNGSA,A,3,69,80,68,85,84,78,79,,,,,,1.35,0.61,1.21,2*09
$GNGSA,A,3,11,23,21,31,10,19,,,,,,,1.35,0.61,1.21,3*08
$GNGSA,A,3,06,08,13,16,09,25,27,23,,,,,1.35,0.61,1.21,4*07
$GNGSA,A,3,04,,,,,,,,,,,,1.35,0.61,1.21,5*03
$GPGSV,4,1,13,01,48,261,45,02,38,223,44,03,46,332,46,04,24,291,36,1*6C
$GPGSV,4,2,13,10,11,130,35,16,25,156,42,26,43,127,44,28,34,037,44,1*6F
$GPGSV,4,3,13,31,62,031,48,32,15,069,40,40,59,208,48,41,56,146,47,1*6F
$GPGSV,4,4,13,42,19,104,45,1*5C
$GPGSV,2,1,08,01,48,261,47,03,46,332,45,04,24,291,34,10,11,130,38,6*66
$GPGSV,2,2,08,26,43,127,45,28,34,037,46,31,62,031,45,32,15,069,34,6*6E
$GLGSV,2,1,08,68,24,071,45,69,41,014,49,78,17,033,46,79,57,079,51,1*73
$GLGSV,2,2,08,80,40,170,49,84,29,248,38,85,19,302,33,,,,37,1*45
$GLGSV,2,1,07,68,24,071,43,69,41,014,48,78,17,033,47,79,57,079,48,3*70
$GLGSV,2,2,07,80,40,170,48,84,29,248,43,85,19,302,32,3*40
$GLGSV,1,1,02,70,10,310,,83,03,190,,0*7F
$GAGSV,3,1,11,04,52,006,51,06,49,323,49,09,34,296,46,10,47,212,51,2*77
$GAGSV,3,2,11,11,52,257,46,12,32,186,45,19,16,063,41,21,11,050,43,2*70
$GAGSV,3,3,11,23,33,099,50,31,25,157,45,36,23,312,41,2*44
$GAGSV,3,1,11,04,52,006,46,06,49,323,46,09,34,296,43,10,47,212,45,7*7B
$GAGSV,3,2,11,11,52,257,43,12,32,186,40,19,16,063,35,21,11,050,35,7*77
$GAGSV,3,3,11,23,33,099,44,31,25,157,43,36,23,312,35,7*41
$GBGSV,2,1,08,06,55,035,44,08,34,130,41,09,70,031,46,13,51,125,46,1*79
$GBGSV,2,2,08,16,47,035,44,23,67,147,52,25,41,052,47,27,17,225,39,1*73
$GBGSV,2,1,06,06,55,035,46,08,34,130,46,09,70,031,48,13,51,125,47,B*0E
$GBGSV,2,2,06,16,47,035,45,27,17,225,08,B*0E
$GBGSV,4,1,13,01,03,096,,02,58,141,,03,34,114,,07,07,137,,0*73
$GBGSV,4,2,13,10,08,148,,28,04,185,,30,12,274,,32,38,329,,0*76
$GBGSV,4,3,13,33,17,099,,37,24,199,,38,23,133,,39,38,036,,0*78
$GBGSV,4,4,13,41,53,052,,0*41
$GQGSV,1,1,02,02,12,083,39,04,19,095,38,1*6C
$GQGSV,1,1,03,02,12,083,42,04,19,095,42,07,19,104,43,6*56
$GNGLL,2454.22972,N,06708.26794,E,174954.00,A,D*74
$GNRMC,174955.00,A,2454.22971,N,06708.26793,E,0.034,,300425,,,R,V*03
$GNVTG,,T,,M,0.034,N,0.063,K,D*3A
$GNGGA,174955.00,2454.22971,N,06708.26793,E,4,12,0.61,21.8,M,-44.2,M,1.0,0265*7A
$GNGSA,A,3,01,03,10,28,31,04,26,02,16,32,,,1.35,0.61,1.21,1*0C
$GNGSA,A,3,69,80,68,85,84,78,79,,,,,,1.35,0.61,1.21,2*09
$GNGSA,A,3,11,23,21,31,10,19,,,,,,,1.35,0.61,1.21,3*08
$GNGSA,A,3,06,08,13,16,09,25,27,23,,,,,1.35,0.61,1.21,4*07
$GNGSA,A,3,04,,,,,,,,,,,,1.35,0.61,1.21,5*03
$GPGSV,4,1,13,01,48,261,45,02,38,223,44,03,46,332,46,04,24,291,36,1*6C
$GPGSV,4,2,13,10,11,130,35,16,25,156,42,26,43,127,44,28,34,037,44,1*6F
$GPGSV,4,3,13,31,62,031,48,32,15,069,39,40,59,208,48,41,56,146,47,1*61
$GPGSV,4,4,13,42,19,104,45,1*5C
$GPGSV,2,1,08,01,48,261,47,03,46,332,45,04,24,291,34,10,11,130,38,6*66
$GPGSV,2,2,08,26,43,127,45,28,34,037,46,31,62,031,45,32,15,069,34,6*6E
$GLGSV,2,1,08,68,24,071,45,69,41,014,49,78,17,033,47,79,57,079,51,1*72
$GLGSV,2,2,08,80,40,170,49,84,29,248,37,85,19,302,34,,,,37,1*4D
$GLGSV,2,1,07,68,24,071,43,69,41,014,48,78,17,033,47,79,57,079,48,3*70
$GLGSV,2,2,07,80,40,170,47,84,29,248,43,85,19,302,32,3*4F
$GLGSV,1,1,02,70,10,310,,83,03,190,,0*7F
$GAGSV,3,1,11,04,52,006,51,06,49,323,49,09,34,296,46,10,47,212,51,2*77
$GAGSV,3,2,11,11,52,257,46,12,32,186,45,19,16,063,40,21,11,050,43,2*71
$GAGSV,3,3,11,23,33,099,50,31,25,157,45,36,23,312,41,2*44
$GAGSV,3,1,11,04,52,006,46,06,49,323,46,09,34,296,43,10,47,212,45,7*7B
$GAGSV,3,2,11,11,52,257,43,12,32,186,40,19,16,063,35,21,11,050,35,7*77
$GAGSV,3,3,11,23,33,099,44,31,25,157,43,36,23,312,35,7*41
$GBGSV,2,1,08,06,55,035,43,08,34,130,41,09,70,031,46,13,51,125,46,1*7E
$GBGSV,2,2,08,16,47,035,44,23,67,147,52,25,41,052,47,27,17,225,39,1*73
$GBGSV,2,1,06,06,55,035,46,08,34,130,46,09,70,031,48,13,51,125,47,B*0E
$GBGSV,2,2,06,16,47,035,45,27,17,225,08,B*0E
$GBGSV,4,1,13,01,03,096,,02,58,141,,03,34,114,,07,07,137,,0*73
$GBGSV,4,2,13,10,08,148,,28,04,185,,30,12,274,,32,38,329,,0*76
$GBGSV,4,3,13,33,17,099,,37,24,199,,38,23,133,,39,38,036,,0*78
$GBGSV,4,4,13,41,53,052,,0*41
$GQGSV,1,1,02,02,12,083,39,04,19,095,38,1*6C
$GQGSV,1,1,03,02,12,083,42,04,19,095,42,07,19,104,43,6*56
$GNGLL,2454.22971,N,06708.26793,E,174955.00,A,D*71
$GNRMC,174956.00,A,2454.22971,N,06708.26792,E,0.088,,300425,,,R,V*06
$GNVTG,,T,,M,0.088,N,0.163,K,D*3C
$GNGGA,174956.00,2454.22971,N,06708.26792,E,4,12,0.61,21.8,M,-44.2,M,1.0,0265*78
$GNGSA,A,3,01,03,10,28,31,04,26,02,16,32,,,1.35,0.61,1.21,1*0C
$GNGSA,A,3,69,80,68,85,84,78,79,,,,,,1.35,0.61,1.21,2*09
$GNGSA,A,3,11,23,21,31,10,19,,,,,,,1.35,0.61,1.21,3*08
$GNGSA,A,3,06,08,13,16,09,25,27,23,,,,,1.35,0.61,1.21,4*07
$GNGSA,A,3,04,,,,,,,,,,,,1.35,0.61,1.21,5*03
$GPGSV,4,1,13,01,48,261,45,02,38,223,44,03,46,332,46,04,24,291,36,1*6C
$GPGSV,4,2,13,10,11,130,38,16,25,156,42,26,43,127,44,28,34,037,44,1*62
$GPGSV,4,3,13,31,62,031,48,32,15,069,41,40,59,208,48,41,56,146,47,1*6E
$GPGSV,4,4,13,42,19,104,45,1*5C
$GPGSV,2,1,08,01,48,261,47,03,46,332,45,04,24,291,35,10,11,130,40,6*68
$GPGSV,2,2,08,26,43,127,45,28,34,037,46,31,62,031,45,32,15,069,39,6*63
$GLGSV,2,1,08,68,24,071,45,69,41,014,49,78,17,033,48,79,57,079,51,1*7D
$GLGSV,2,2,08,80,40,170,49,84,29,248,37,85,19,302,38,,,,37,1*41
$GLGSV,2,1,07,68,24,071,43,69,41,014,48,78,17,033,46,79,57,079,48,3*71
$GLGSV,2,2,07,80,40,170,48,84,29,248,43,85,19,302,33,3*41
$GLGSV,1,1,02,70,10,310,,83,03,190,,0*7F
$GAGSV,3,1,11,04,52,006,51,06,49,323,49,09,34,296,46,10,47,212,51,2*77
$GAGSV,3,2,11,11,52,257,46,12,32,186,45,19,16,063,40,21,11,050,45,2*77
$GAGSV,3,3,11,23,33,099,50,31,25,157,45,36,23,312,41,2*44
$GAGSV,3,1,11,04,52,006,46,06,49,323,46,09,34,296,43,10,47,212,44,7*7A
$GAGSV,3,2,11,11,52,257,43,12,32,186,40,19,16,063,35,21,11,050,35,7*77
$GAGSV,3,3,11,23,33,099,45,31,25,157,43,36,23,312,34,7*41
$GBGSV,2,1,08,06,55,035,44,08,34,130,41,09,70,031,46,13,51,125,46,1*79
$GBGSV,2,2,08,16,47,035,44,23,67,147,52,25,41,052,47,27,17,225,39,1*73
$GBGSV,2,1,06,06,55,035,46,08,34,130,46,09,70,031,48,13,51,125,47,B*0E
$GBGSV,2,2,06,16,47,035,45,27,17,225,08,B*0E
$GBGSV,4,1,13,01,03,096,,02,58,141,,03,34,114,,07,07,137,,0*73
$GBGSV,4,2,13,10,08,148,,28,04,185,,30,12,274,,32,38,329,,0*76
$GBGSV,4,3,13,33,17,099,,37,24,199,,38,23,133,,39,38,036,,0*78
$GBGSV,4,4,13,41,53,052,,0*41
$GQGSV,1,1,02,02,12,083,39,04,19,095,38,1*6C
$GQGSV,1,1,03,02,12,083,40,04,19,095,44,07,19,104,42,6*53
$GNGLL,2454.22971,N,06708.26792,E,174956.00,A,D*73
$GNRMC,174957.00,A,2454.22968,N,06708.26788,E,0.136,,300425,,,R,V*00
$GNVTG,,T,,M,0.136,N,0.251,K,D*3A
$GNGGA,174957.00,2454.22968,N,06708.26788,E,4,12,0.61,21.8,M,-44.2,M,1.0,0265*7A
$GNGSA,A,3,01,03,10,28,31,04,26,02,16,32,,,1.35,0.61,1.21,1*0C
$GNGSA,A,3,69,80,68,85,84,78,79,,,,,,1.35,0.61,1.21,2*09
$GNGSA,A,3,11,23,21,31,10,19,,,,,,,1.35,0.61,1.21,3*08
$GNGSA,A,3,06,08,13,16,09,25,27,23,,,,,1.35,0.61,1.21,4*07
$GNGSA,A,3,04,,,,,,,,,,,,1.35,0.61,1.21,5*03
$GPGSV,4,1,13,01,48,261,45,02,38,223,45,03,46,332,46,04,24,291,37,1*6C
$GPGSV,4,2,13,10,11,130,38,16,25,156,44,26,43,127,45,28,34,037,44,1*65
$GPGSV,4,3,13,31,62,031,48,32,15,069,38,40,59,208,48,41,56,146,47,1*60
$GPGSV,4,4,13,42,19,104,45,1*5C
$GPGSV,2,1,08,01,48,261,47,03,46,332,44,04,24,291,34,10,11,130,40,6*68
$GPGSV,2,2,08,26,43,127,45,28,34,037,45,31,62,031,45,32,15,069,45,6*6B
$GLGSV,2,1,08,68,24,071,43,69,41,014,49,78,17,033,46,79,57,079,50,1*74
$GLGSV,2,2,08,80,40,170,49,84,29,248,37,85,19,302,37,,,,35,1*4C
$GLGSV,2,1,07,68,24,071,46,69,41,014,48,78,17,033,38,79,57,079,47,3*72
$GLGSV,2,2,07,80,40,170,48,84,29,248,43,85,19,302,37,3*45
$GLGSV,1,1,02,70,10,310,,83,03,190,,0*7F
$GAGSV,3,1,11,04,52,006,51,06,49,323,49,09,34,296,46,10,47,212,51,2*77
$GAGSV,3,2,11,11,52,257,46,12,32,186,45,19,16,063,34,21,11,050,39,2*7F
$GAGSV,3,3,11,23,33,099,48,31,25,157,46,36,23,312,41,2*4E
$GAGSV,3,1,11,04,52,006,46,06,49,323,46,09,34,296,43,10,47,212,45,7*7B
$GAGSV,3,2,11,11,52,257,43,12,32,186,40,19,16,063,34,21,11,050,36,7*75
$GAGSV,3,3,11,23,33,099,42,31,25,157,43,36,23,312,37,7*45
$GBGSV,2,1,08,06,55,035,44,08,34,130,41,09,70,031,46,13,51,125,46,1*79
$GBGSV,2,2,08,16,47,035,44,23,67,147,51,25,41,052,47,27,17,225,39,1*70
$GBGSV,2,1,06,06,55,035,47,08,34,130,47,09,70,031,48,13,51,125,47,B*0E
$GBGSV,2,2,06,16,47,035,46,27,17,225,08,B*0D
$GBGSV,4,1,13,01,03,096,,02,58,141,,03,34,114,,07,07,137,,0*73
$GBGSV,4,2,13,10,08,148,,28,04,185,,30,12,274,,32,38,329,,0*76
$GBGSV,4,3,13,33,17,099,,37,25,200,,38,23,133,,39,38,036,,0*7A
$GBGSV,4,4,13,41,53,052,,0*41
$GQGSV,1,1,02,02,12,083,34,04,19,095,40,1*6E
$GQGSV,1,1,03,02,12,083,43,04,19,095,45,07,19,104,45,6*56
$GNGLL,2454.22968,N,06708.26788,E,174957.00,A,D*71
$GNRMC,174958.00,A,2454.22965,N,06708.26784,E,0.230,233.06,300425,,,R,V*11
$GNVTG,233.06,T,,M,0.230,N,0.426,K,D*23
$GNGGA,174958.00,2454.22965,N,06708.26784,E,4,12,0.61,21.8,M,-44.2,M,1.0,0265*74
$GNGSA,A,3,01,03,10,28,31,04,26,02,16,32,,,1.35,0.61,1.21,1*0C
$GNGSA,A,3,69,80,68,85,84,78,79,,,,,,1.35,0.61,1.21,2*09
$GNGSA,A,3,11,23,21,31,10,19,,,,,,,1.35,0.61,1.21,3*08
$GNGSA,A,3,06,08,13,16,09,25,27,23,,,,,1.35,0.61,1.21,4*07
$GNGSA,A,3,04,,,,,,,,,,,,1.35,0.61,1.21,5*03
$GPGSV,4,1,13,01,48,261,46,02,38,223,45,03,46,332,46,04,24,291,37,1*6F
$GPGSV,4,2,13,10,11,130,38,16,25,156,43,26,43,127,44,28,34,037,43,1*64
$GPGSV,4,3,13,31,62,031,48,32,15,069,41,40,59,208,48,41,56,146,47,1*6E
$GPGSV,4,4,13,42,19,104,45,1*5C
$GPGSV,2,1,08,01,48,261,47,03,46,332,44,04,24,291,33,10,11,130,36,6*6E
$GPGSV,2,2,08,26,43,127,45,28,34,037,46,31,62,031,45,32,15,069,40,6*6D
$GLGSV,2,1,08,68,24,071,45,69,41,014,48,78,17,033,45,79,57,079,50,1*70
$GLGSV,2,2,08,80,40,170,49,84,29,248,36,85,19,302,39,,,,33,1*45
$GLGSV,2,1,07,68,24,071,44,69,41,014,47,78,17,033,43,79,57,079,48,3*7C
$GLGSV,2,2,07,80,40,170,48,84,29,248,41,85,19,302,28,3*49
$GLGSV,1,1,02,70,10,310,,83,03,190,,0*7F
$GAGSV,3,1,11,04,52,006,51,06,49,323,50,09,34,296,47,10,47,212,51,2*7E
$GAGSV,3,2,11,11,52,257,46,12,32,186,45,19,16,063,41,21,11,050,40,2*73
$GAGSV,3,3,11,23,33,099,49,31,25,157,46,36,23,312,40,2*4E
$GAGSV,3,1,11,04,52,006,46,06,49,323,45,09,34,296,43,10,47,212,45,7*78
$GAGSV,3,2,11,11,52,257,43,12,32,186,40,19,16,063,31,21,11,050,38,7*7E
$GAGSV,3,3,11,23,33,099,44,31,25,157,41,36,23,312,37,7*41
$GBGSV,2,1,08,06,55,035,44,08,34,130,41,09,70,031,46,13,51,125,46,1*79
$GBGSV,2,2,08,16,47,035,45,23,67,147,51,25,41,052,48,27,17,225,39,1*7E
$GBGSV,2,1,05,06,55,035,47,08,34,130,47,09,70,031,48,13,51,125,47,B*0D
$GBGSV,2,2,05,16,47,035,47,B*31
$GBGSV,4,1,13,01,03,096,,02,58,141,,03,34,114,,07,07,137,,0*73
$GBGSV,4,2,13,10,08,148,,28,04,185,,30,12,274,,32,38,329,,0*76
$GBGSV,4,3,13,33,17,099,,37,25,200,,38,23,134,,39,38,036,,0*7D
$GBGSV,4,4,13,41,53,052,,0*41
$GQGSV,1,1,02,02,12,083,40,04,19,095,38,1*62
$GQGSV,1,1,03,02,12,083,42,04,19,095,40,07,19,104,40,6*57
$GNGLL,2454.22965,N,06708.26784,E,174958.00,A,D*7F
$GNRMC,174959.00,A,2454.22955,N,06708.26774,E,0.582,213.29,300425,,,R,V*1D
$GNVTG,213.29,T,,M,0.582,N,1.077,K,D*23
$GNGGA,174959.00,2454.22955,N,06708.26774,E,4,12,0.61,21.8,M,-44.2,M,1.0,0265*79
$GNGSA,A,3,01,03,10,28,31,04,26,02,16,32,,,1.35,0.61,1.21,1*0C
$GNGSA,A,3,69,80,68,85,84,78,79,,,,,,1.35,0.61,1.21,2*09
$GNGSA,A,3,11,23,21,31,10,19,,,,,,,1.35,0.61,1.21,3*08
$GNGSA,A,3,06,08,13,16,09,25,27,23,,,,,1.35,0.61,1.21,4*07
$GNGSA,A,3,04,,,,,,,,,,,,1.35,0.61,1.21,5*03
$GPGSV,4,1,13,01,48,261,46,02,38,223,45,03,46,332,45,04,24,291,35,1*6E
$GPGSV,4,2,13,10,11,130,38,16,25,156,42,26,43,127,45,28,34,037,43,1*64
$GPGSV,4,3,13,31,62,031,48,32,15,069,41,40,59,208,48,41,56,146,46,1*6F
$GPGSV,4,4,13,42,19,104,46,1*5F
$GPGSV,2,1,08,01,48,261,47,03,46,332,44,04,24,291,32,10,11,130,37,6*6E
$GPGSV,2,2,08,26,43,127,45,28,34,037,46,31,62,031,45,32,15,069,42,6*6F
$GLGSV,2,1,08,68,24,071,44,69,41,014,49,78,17,033,48,79,57,079,51,1*7C
$GLGSV,2,2,08,80,40,170,49,84,29,248,36,85,19,302,42,,,,38,1*42
$GLGSV,2,1,07,68,24,071,45,69,41,014,49,78,17,033,46,79,57,079,48,3*76
$GLGSV,2,2,07,80,40,170,47,84,29,248,42,85,19,302,29,3*44
$GLGSV,1,1,02,70,10,310,,83,03,190,,0*7F
$GAGSV,3,1,11,04,52,006,49,06,49,323,49,09,34,296,47,10,47,212,51,2*7F
$GAGSV,3,2,11,11,52,257,46,12,32,186,45,19,16,063,37,21,11,050,44,2*76
$GAGSV,3,3,11,23,33,099,48,31,25,157,46,36,23,312,40,2*4F
$GAGSV,3,1,11,04,52,006,45,06,49,323,45,09,34,296,43,10,47,212,45,7*7B
$GAGSV,3,2,11,11,52,257,43,12,32,186,38,19,16,063,35,21,11,050,37,7*7A
$GAGSV,3,3,11,23,33,099,45,31,25,157,41,36,23,312,34,7*43
$GBGSV,2,1,08,06,55,035,44,08,34,130,42,09,70,031,46,13,51,125,46,1*7A
$GBGSV,2,2,08,16,47,035,43,23,67,147,51,25,41,052,46,27,17,225,41,1*79
$GBGSV,2,1,06,06,55,035,47,08,34,130,46,09,70,031,49,13,51,125,47,B*0E
$GBGSV,2,2,06,16,47,035,48,27,17,225,17,B*0D
$GBGSV,4,1,13,01,03,096,,02,58,141,,03,34,114,,07,07,137,,0*73
$GBGSV,4,2,13,10,08,148,,28,04,185,,30,12,274,,32,38,329,,0*76
$GBGSV,4,3,13,33,17,099,,37,25,200,,38,23,134,,39,38,036,,0*7D
$GBGSV,4,4,13,41,53,052,,0*41
$GQGSV,1,1,02,02,12,083,40,04,19,095,38,1*62
$GQGSV,1,1,03,02,12,083,45,04,19,095,40,07,19,104,43,6*53
$GNGLL,2454.22955,N,06708.26774,E,174959.00,A,D*72
$GNRMC,175000.00,A,2454.22944,N,06708.26769,E,0.470,201.34,300425,,,R,V*16
$GNVTG,201.34,T,,M,0.470,N,0.870,K,D*2E
$GNGGA,175000.00,2454.22944,N,06708.26769,E,4,12,0.61,21.8,M,-44.2,M,1.0,0265*71
$GNGSA,A,3,01,03,10,28,31,04,26,02,16,32,,,1.35,0.61,1.21,1*0C
$GNGSA,A,3,69,80,68,85,84,78,79,,,,,,1.35,0.61,1.21,2*09
$GNGSA,A,3,11,23,21,31,10,19,,,,,,,1.35,0.61,1.21,3*08
$GNGSA,A,3,06,08,13,16,09,25,27,23,,,,,1.35,0.61,1.21,4*07
$GNGSA,A,3,04,,,,,,,,,,,,1.35,0.61,1.21,5*03
$GPGSV,4,1,13,01,48,261,45,02,38,223,44,03,46,332,45,04,24,291,35,1*6C
$GPGSV,4,2,13,10,11,130,41,16,25,156,39,26,43,127,45,28,34,037,43,1*66
$GPGSV,4,3,13,31,62,031,47,32,15,069,40,40,59,208,47,41,56,146,47,1*6F
$GPGSV,4,4,13,42,19,104,45,1*5C
$GPGSV,2,1,08,01,48,261,47,03,46,332,44,04,24,291,35,10,11,130,37,6*69
$GPGSV,2,2,08,26,43,127,44,28,34,037,46,31,62,031,46,32,15,069,37,6*6F
$GLGSV,2,1,08,68,24,071,48,69,41,014,48,78,17,033,46,79,57,079,50,1*7E
$GLGSV,2,2,08,80,40,170,49,84,29,248,36,85,19,302,41,,,,35,1*4C
$GLGSV,2,1,07,68,24,071,41,69,41,014,49,78,17,033,48,79,57,079,47,3*73
$GLGSV,2,2,07,80,40,170,47,84,29,248,41,85,19,302,38,3*47
$GLGSV,1,1,02,70,10,310,,83,03,190,,0*7F
$GAGSV,3,1,11,04,52,006,50,06,49,323,50,09,34,296,46,10,47,212,50,2*7F
$GAGSV,3,2,11,11,52,257,47,12,32,186,45,19,16,063,39,21,11,050,36,2*7C
$GAGSV,3,3,11,23,33,099,50,31,25,157,47,36,23,312,38,2*48
$GAGSV,3,1,11,04,52,006,45,06,49,323,46,09,34,296,41,10,47,212,45,7*7A
$GAGSV,3,2,11,11,52,257,42,12,32,186,40,19,16,063,30,21,11,050,37,7*71
$GAGSV,3,3,11,23,33,099,41,31,25,157,40,36,23,312,33,7*41
$GBGSV,2,1,08,06,55,035,45,08,34,130,40,09,70,031,47,13,51,125,45,1*7B
$GBGSV,2,2,08,16,47,035,43,23,67,147,52,25,41,052,48,27,17,225,38,1*7A
$GBGSV,2,1,06,06,55,035,46,08,34,130,46,09,70,031,49,13,51,125,46,B*0E
$GBGSV,2,2,06,16,47,035,47,27,17,225,15,B*00
$GBGSV,4,1,13,01,03,096,,02,58,141,,03,34,114,,07,07,137,,0*73
$GBGSV,4,2,13,10,08,148,,28,04,185,,30,12,274,,32,38,329,,0*76
$GBGSV,4,3,13,33,17,099,,37,25,200,,38,23,134,,39,38,036,,0*7D
$GBGSV,4,4,13,41,53,052,,0*41
$GQGSV,1,1,02,02,12,083,38,04,19,095,38,1*6D
$GQGSV,1,1,03,02,12,083,37,04,19,095,40,07,19,104,39,6*5B
$GNGLL,2454.22944,N,06708.26769,E,175000.00,A,D*7A
$GNRMC,175001.00,A,2454.22930,N,06708.26769,E,0.486,172.06,300425,,,R,V*1B
$GNVTG,172.06,T,,M,0.486,N,0.900,K,D*27
$GNGGA,175001.00,2454.22930,N,06708.26769,E,4,12,0.61,21.8,M,-44.2,M,1.0,0265*73
$GNGSA,A,3,01,03,10,28,31,04,26,02,16,32,,,1.35,0.61,1.21,1*0C
$GNGSA,A,3,69,80,68,85,84,78,79,,,,,,1.35,0.61,1.21,2*09
$GNGSA,A,3,11,23,21,31,10,19,,,,,,,1.35,0.61,1.21,3*08
$GNGSA,A,3,06,08,13,16,09,25,27,23,,,,,1.35,0.61,1.21,4*07
$GNGSA,A,3,04,,,,,,,,,,,,1.35,0.61,1.21,5*03
$GPGSV,4,1,13,01,48,261,45,02,38,223,46,03,46,332,46,04,24,291,39,1*61
$GPGSV,4,2,13,10,11,130,42,16,25,156,41,26,43,127,45,28,34,037,43,1*6A
$GPGSV,4,3,13,31,62,031,48,32,15,069,41,40,59,208,48,41,56,146,46,1*6F
$GPGSV,4,4,13,42,19,104,45,1*5C
$GPGSV,2,1,08,01,48,261,48,03,46,332,44,04,24,291,35,10,11,130,33,6*62
$GPGSV,2,2,08,26,43,127,45,28,34,037,46,31,62,031,46,32,15,069,43,6*6D
$GLGSV,2,1,08,68,24,071,47,69,41,014,48,78,17,033,47,79,57,079,51,1*71
$GLGSV,2,2,08,80,40,170,50,84,29,248,39,85,19,302,40,,,,32,1*4D
$GLGSV,2,1,07,68,24,071,45,69,41,014,49,78,17,033,46,79,57,079,48,3*76
$GLGSV,2,2,07,80,40,170,48,84,29,248,44,85,19,302,30,3*45
$GLGSV,1,1,02,70,10,310,,83,03,190,,0*7F
$GAGSV,3,1,11,04,52,006,50,06,49,323,50,09,34,296,47,10,47,212,50,2*7E
$GAGSV,3,2,11,11,52,257,46,12,32,186,45,19,16,063,32,21,11,050,42,2*75
$GAGSV,3,3,11,23,33,099,48,31,25,157,45,36,23,312,41,2*4D
$GAGSV,3,1,11,04,52,006,46,06,49,323,45,09,34,296,43,10,47,212,45,7*78
$GAGSV,3,2,11,11,52,257,42,12,32,186,40,19,16,063,29,21,11,050,40,7*79
$GAGSV,3,3,11,23,33,099,45,31,25,157,42,36,23,312,35,7*41
$GBGSV,2,1,08,06,55,035,44,08,34,130,42,09,70,031,46,13,51,125,47,1*7B
$GBGSV,2,2,08,16,47,035,44,23,67,147,52,25,41,052,48,27,17,225,39,1*7C
$GBGSV,2,1,06,06,55,035,47,08,34,130,47,09,70,031,49,13,51,125,48,B*00
$GBGSV,2,2,06,16,47,035,47,27,17,225,10,B*05
$GBGSV,4,1,13,01,03,096,,02,58,141,,03,34,114,,07,07,137,,0*73
$GBGSV,4,2,13,10,08,148,,28,04,185,,30,12,274,,32,38,329,,0*76
$GBGSV,4,3,13,33,17,099,,37,25,200,,38,23,134,,39,38,036,,0*7D
$GBGSV,4,4,13,41,53,054,,0*47
$GQGSV,1,1,02,02,12,083,38,04,19,095,37,1*62
$GQGSV,1,1,03,02,12,083,44,04,19,095,38,07,19,104,42,6*5C
$GNGLL,2454.22930,N,06708.26769,E,175001.00,A,D*78
$GNRMC,175002.00,A,2454.22920,N,06708.26772,E,0.471,155.60,300425,,,R,V*1E
$GNVTG,155.60,T,,M,0.471,N,0.873,K,D*2F
$GNGGA,175002.00,2454.22920,N,06708.26772,E,4,12,0.61,21.8,M,-44.2,M,1.0,0265*7B
$GNGSA,A,3,01,03,10,28,31,04,26,02,16,32,,,1.35,0.61,1.21,1*0C
$GNGSA,A,3,69,80,68,85,84,78,79,,,,,,1.35,0.61,1.21,2*09
$GNGSA,A,3,11,23,21,31,10,19,,,,,,,1.35,0.61,1.21,3*08
$GNGSA,A,3,06,08,13,16,09,25,27,23,,,,,1.35,0.61,1.21,4*07
$GNGSA,A,3,04,,,,,,,,,,,,1.35,0.61,1.21,5*03
$GPGSV,4,1,13,01,48,261,45,02,38,223,45,03,46,332,46,04,24,291,37,1*6C
$GPGSV,4,2,13,10,11,130,44,16,25,156,40,26,43,127,45,28,34,037,43,1*6D
$GPGSV,4,3,13,31,62,031,48,32,15,069,38,40,59,208,48,41,56,146,46,1*61
$GPGSV,4,4,13,42,19,104,45,1*5C
$GPGSV,2,1,08,01,48,261,47,03,46,332,44,04,24,291,31,10,11,130,39,6*63
$GPGSV,2,2,08,26,43,127,44,28,34,037,47,31,62,031,45,32,15,069,40,6*6D
$GLGSV,2,1,08,68,24,071,46,69,41,014,47,78,17,033,47,79,57,079,51,1*7F
$GLGSV,2,2,08,80,40,170,49,84,29,248,38,85,19,302,42,,,,32,1*46
$GLGSV,2,1,08,68,24,071,45,69,41,014,49,78,17,033,42,79,57,079,48,3*7D
$GLGSV,2,2,08,80,40,170,48,84,29,248,43,85,19,302,35,,,,37,3*4C
$GLGSV,1,1,02,70,10,310,,83,03,190,,0*7F
$GAGSV,3,1,11,04,52,006,50,06,49,323,50,09,34,296,46,10,47,212,50,2*7F
$GAGSV,3,2,11,11,52,257,45,12,32,186,45,19,16,063,41,21,11,050,42,2*72
$GAGSV,3,3,11,23,33,099,49,31,25,157,47,36,23,312,40,2*4F
$GAGSV,3,1,11,04,52,006,45,06,49,323,45,09,34,296,43,10,47,212,45,7*7B
$GAGSV,3,2,11,11,52,257,42,12,32,186,38,19,16,063,33,21,11,050,38,7*72
$GAGSV,3,3,11,23,33,099,45,31,25,157,41,36,23,312,34,7*43
$GBGSV,2,1,08,06,55,035,44,08,34,130,40,09,70,031,47,13,51,125,45,1*7A
$GBGSV,2,2,08,16,47,035,44,23,67,147,51,25,41,052,48,27,17,225,39,1*7F
$GBGSV,2,1,06,06,55,035,47,08,34,130,46,09,70,031,48,13,51,125,46,B*0E
$GBGSV,2,2,06,16,47,035,47,27,17,225,10,B*05
$GBGSV,4,1,13,01,03,096,,02,58,141,,03,34,114,,07,07,137,,0*73
$GBGSV,4,2,13,10,08,148,,28,04,185,,30,12,274,,32,38,329,,0*76
$GBGSV,4,3,13,33,17,099,,37,25,200,,38,23,134,,39,38,036,,0*7D
$GBGSV,4,4,13,41,53,054,,0*47
$GQGSV,1,1,02,02,12,083,41,04,19,095,36,1*6D
$GQGSV,1,1,03,02,12,083,45,04,19,095,43,07,19,104,40,6*53
$GNGLL,2454.22920,N,06708.26772,E,175002.00,A,D*70
$GNRMC,175003.00,A,2454.22908,N,06708.26781,E,0.609,144.37,300425,,,R,V*16
$GNVTG,144.37,T,,M,0.609,N,1.128,K,D*26
$GNGGA,175003.00,2454.22908,N,06708.26781,E,4,12,0.61,21.8,M,-44.2,M,1.0,0265*7C
$GNGSA,A,3,01,03,10,28,31,04,26,02,16,32,,,1.35,0.61,1.21,1*0C
$GNGSA,A,3,69,80,68,85,84,78,79,,,,,,1.35,0.61,1.21,2*09
$GNGSA,A,3,11,23,21,31,10,19,,,,,,,1.35,0.61,1.21,3*08
$GNGSA,A,3,06,08,13,16,09,25,27,23,,,,,1.35,0.61,1.21,4*07
$GNGSA,A,3,04,,,,,,,,,,,,1.35,0.61,1.21,5*03
$GPGSV,4,1,13,01,48,261,45,02,38,223,45,03,46,332,45,04,24,291,34,1*6C
$GPGSV,4,2,13,10,11,130,42,16,25,156,40,26,43,127,44,28,34,037,44,1*6D
$GPGSV,4,3,13,31,62,031,48,32,15,069,37,40,59,208,48,41,56,146,46,1*6E
$GPGSV,4,4,13,42,19,104,45,1*5C
$GPGSV,2,1,08,01,48,261,47,03,46,332,45,04,24,291,37,10,11,130,33,6*6E
$GPGSV,2,2,08,26,43,127,44,28,34,037,47,31,62,031,46,32,15,069,39,6*60
$GLGSV,2,1,08,68,24,071,44,69,41,014,49,78,17,033,48,79,57,079,51,1*7C
$GLGSV,2,2,08,80,40,170,48,84,29,248,37,85,19,302,44,,,,37,1*4B
$GLGSV,2,1,08,68,24,071,44,69,41,014,49,78,17,033,42,79,57,079,47,3*73
$GLGSV,2,2,08,80,40,170,47,84,29,248,43,85,19,302,35,,,,38,3*4C
$GLGSV,1,1,02,70,10,310,,83,03,190,,0*7F
$GAGSV,3,1,11,04,52,006,51,06,49,323,51,09,34,296,47,10,47,212,50,2*7E
$GAGSV,3,2,11,11,52,257,46,12,32,186,46,19,16,063,42,21,11,050,45,2*76
$GAGSV,3,3,11,23,33,099,47,31,25,157,46,36,23,312,41,2*41
$GAGSV,3,1,11,04,52,006,45,06,49,323,45,09,34,296,43,10,47,212,45,7*7B
$GAGSV,3,2,11,11,52,257,42,12,32,186,38,19,16,063,32,21,11,050,34,7*7F
$GAGSV,3,3,11,23,33,099,43,31,25,157,41,36,23,312,39,7*48
$GBGSV,2,1,08,06,55,035,44,08,34,130,43,09,70,031,47,13,51,125,45,1*79
$GBGSV,2,2,08,16,47,035,46,23,67,147,51,25,41,052,48,27,17,225,39,1*7D
$GBGSV,2,1,06,06,55,035,48,08,34,130,47,09,70,031,50,13,51,125,47,B*08
$GBGSV,2,2,06,16,47,035,47,27,17,225,10,B*05
$GBGSV,4,1,13,01,03,096,,02,58,141,,03,34,114,,07,07,137,,0*73
$GBGSV,4,2,13,10,08,148,,28,04,185,,30,12,274,,32,38,329,,0*76
$GBGSV,4,3,13,33,17,099,,37,25,200,,38,23,134,,39,38,036,,0*7D
$GBGSV,4,4,13,41,53,054,,0*47
$GQGSV,1,1,02,02,12,083,38,04,19,095,40,1*62
$GQGSV,1,1,03,02,12,083,44,04,19,095,43,07,19,104,45,6*57
$GNGLL,2454.22908,N,06708.26781,E,175003.00,A,D*77
$GNRMC,175004.00,A,2454.22900,N,06708.26796,E,0.519,111.17,300425,,,R,V*1F
$GNVTG,111.17,T,,M,0.519,N,0.961,K,D*22
$GNGGA,175004.00,2454.22900,N,06708.26796,E,4,12,0.61,21.8,M,-44.2,M,1.0,0265*75
$GNGSA,A,3,01,03,10,28,31,04,26,02,16,32,,,1.35,0.61,1.21,1*0C
$GNGSA,A,3,69,80,68,85,84,78,79,,,,,,1.35,0.61,1.21,2*09
$GNGSA,A,3,11,23,21,31,10,19,,,,,,,1.35,0.61,1.21,3*08
$GNGSA,A,3,06,08,13,16,09,25,27,23,,,,,1.35,0.61,1.21,4*07
$GNGSA,A,3,04,,,,,,,,,,,,1.35,0.61,1.21,5*03
$GPGSV,4,1,13,01,48,261,45,02,38,223,44,03,46,332,44,04,24,291,36,1*6E
$GPGSV,4,2,13,10,11,130,39,16,25,156,42,26,43,127,46,28,34,037,44,1*61
$GPGSV,4,3,13,31,62,031,48,32,15,069,39,40,59,208,48,41,56,146,47,1*61
$GPGSV,4,4,13,42,19,104,46,1*5F
$GPGSV,2,1,08,01,48,261,46,03,46,332,46,04,24,291,39,10,11,130,33,6*62
$GPGSV,2,2,08,26,43,127,44,28,34,037,47,31,62,031,46,32,15,069,36,6*6F
$GLGSV,2,1,08,68,24,071,49,69,41,014,49,78,17,033,47,79,57,079,50,1*7F
$GLGSV,2,2,08,80,40,170,48,84,29,248,38,85,19,302,44,,,,34,1*47
$GLGSV,2,1,08,68,24,071,45,69,41,014,48,78,17,033,34,79,57,079,49,3*7C
$GLGSV,2,2,08,80,40,170,48,84,29,248,45,85,19,302,35,,,,40,3*4A
$GLGSV,1,1,02,70,10,310,,83,03,190,,0*7F
$GAGSV,3,1,11,04,52,006,52,06,49,323,51,09,34,296,48,10,47,212,49,2*7A
$GAGSV,3,2,11,11,52,257,46,12,32,186,45,19,16,063,40,21,11,050,39,2*7C
$GAGSV,3,3,11,23,33,099,48,31,25,157,47,36,23,312,42,2*4C
$GAGSV,3,1,11,04,52,006,46,06,49,323,45,09,34,296,44,10,47,212,45,7*7F
$GAGSV,3,2,11,11,52,257,42,12,32,186,39,19,16,063,33,21,11,050,36,7*7D
$GAGSV,3,3,11,23,33,099,45,31,25,157,39,36,23,312,38,7*40
$GBGSV,2,1,08,06,55,035,45,08,34,130,41,09,70,031,46,13,51,125,47,1*79
$GBGSV,2,2,08,16,47,035,44,23,67,147,51,25,41,052,48,27,17,225,40,1*71
$GBGSV,2,1,06,06,55,035,47,08,34,130,44,09,70,031,49,13,51,125,47,B*0C
$GBGSV,2,2,06,16,47,035,47,27,17,225,08,B*0C
$GBGSV,4,1,13,01,03,096,,02,58,141,,03,34,114,,07,07,137,,0*73
$GBGSV,4,2,13,10,08,148,,28,04,185,,30,12,274,,32,38,329,,0*76
$GBGSV,4,3,13,33,17,099,,37,25,200,,38,23,134,,39,38,036,,0*7D
$GBGSV,4,4,13,41,53,054,,0*47
$GQGSV,1,1,02,02,12,083,35,04,19,095,37,1*6F
$GQGSV,1,1,03,02,12,083,42,04,19,095,43,07,19,104,44,6*50
$GNGLL,2454.22900,N,06708.26796,E,175004.00,A,D*7E
$GNRMC,175005.00,A,2454.22897,N,06708.26808,E,0.385,105.54,300425,,,R,V*18
$GNVTG,105.54,T,,M,0.385,N,0.713,K,D*28
$GNGGA,175005.00,2454.22897,N,06708.26808,E,4,12,0.61,21.8,M,-44.2,M,1.0,0265*73
$GNGSA,A,3,01,03,10,28,31,04,26,02,16,32,,,1.35,0.61,1.21,1*0C
$GNGSA,A,3,69,80,68,85,84,78,79,,,,,,1.35,0.61,1.21,2*09
$GNGSA,A,3,11,23,21,31,10,19,,,,,,,1.35,0.61,1.21,3*08
$GNGSA,A,3,06,08,13,16,09,25,27,23,,,,,1.35,0.61,1.21,4*07
$GNGSA,A,3,04,,,,,,,,,,,,1.35,0.61,1.21,5*03
$GPGSV,4,1,13,01,48,261,45,02,38,223,45,03,46,332,45,04,24,291,35,1*6D
$GPGSV,4,2,13,10,11,130,43,16,25,156,40,26,43,127,45,28,34,037,43,1*6A
$GPGSV,4,3,13,31,62,031,48,32,15,069,38,40,59,208,48,41,56,146,47,1*60
$GPGSV,4,4,13,42,19,104,45,1*5C
$GPGSV,2,1,08,01,48,261,46,03,46,332,46,04,24,291,37,10,11,130,41,6*69
$GPGSV,2,2,08,26,43,127,44,28,34,037,46,31,62,031,47,32,15,069,42,6*6C
$GLGSV,2,1,08,68,24,071,48,69,41,014,49,78,17,033,48,79,57,079,51,1*70
$GLGSV,2,2,08,80,40,170,49,84,29,248,38,85,19,302,42,,,,37,1*43
$GLGSV,2,1,08,68,24,071,47,69,41,014,49,78,17,033,37,79,57,079,48,3*7D
$GLGSV,2,2,08,80,40,170,46,84,29,248,45,85,19,302,37,,,,45,3*43
$GLGSV,1,1,02,70,10,310,,83,03,190,,0*7F
$GAGSV,3,1,11,04,52,006,51,06,49,323,51,09,34,296,49,10,47,212,50,2*70
$GAGSV,3,2,11,11,52,257,46,12,32,186,45,19,16,063,42,21,11,050,39,2*7E
$GAGSV,3,3,11,23,33,099,49,31,25,157,46,36,23,312,42,2*4C
$GAGSV,3,1,11,04,52,006,46,06,49,323,45,09,34,296,44,10,47,212,44,7*7E
$GAGSV,3,2,11,11,52,257,42,12,32,186,39,19,16,063,32,21,11,050,40,7*7D
$GAGSV,3,3,11,23,33,099,45,31,25,157,40,36,23,312,38,7*4E
$GBGSV,2,1,08,06,55,035,44,08,34,130,40,09,70,031,47,13,51,125,46,1*79
$GBGSV,2,2,08,16,47,035,46,23,67,147,51,25,41,052,48,27,17,225,38,1*7C
$GBGSV,2,1,06,06,55,035,47,08,34,130,46,09,70,031,49,13,51,125,48,B*01
$GBGSV,2,2,06,16,47,035,47,27,17,225,08,B*0C
$GBGSV,4,1,13,01,03,096,,02,58,141,,03,34,114,,07,07,137,,0*73
$GBGSV,4,2,13,10,08,148,,28,04,185,,30,12,274,,32,38,329,,0*76
$GBGSV,4,3,13,33,17,099,,37,25,200,,38,23,134,,39,38,036,,0*7D
$GBGSV,4,4,13,41,53,054,,0*47
$GQGSV,1,1,02,02,12,083,39,04,19,095,38,1*6C
$GQGSV,1,1,03,02,12,083,45,04,19,095,36,07,19,104,43,6*52
$GNGLL,2454.22897,N,06708.26808,E,175005.00,A,D*78
$GNRMC,175006.00,A,2454.22898,N,06708.26820,E,0.313,80.97,300425,,,R,V*22
$GNVTG,80.97,T,,M,0.313,N,0.579,K,D*1A
$GNGGA,175006.00,2454.22898,N,06708.26820,E,4,12,0.61,21.8,M,-44.2,M,1.0,0265*75
$GNGSA,A,3,01,03,10,28,31,04,26,02,16,32,,,1.35,0.61,1.21,1*0C
$GNGSA,A,3,69,80,68,85,84,78,79,,,,,,1.35,0.61,1.21,2*09
$GNGSA,A,3,11,23,21,31,10,19,,,,,,,1.35,0.61,1.21,3*08
$GNGSA,A,3,06,08,13,16,09,25,27,23,,,,,1.35,0.61,1.21,4*07
$GNGSA,A,3,04,,,,,,,,,,,,1.35,0.61,1.21,5*03
$GPGSV,4,1,13,01,48,261,45,02,38,223,45,03,46,332,46,04,24,291,38,1*63
$GPGSV,4,2,13,10,11,130,41,16,25,156,41,26,43,127,45,28,34,037,43,1*69
$GPGSV,4,3,13,31,62,031,48,32,15,069,40,40,59,208,48,41,56,146,47,1*6F
$GPGSV,4,4,13,42,19,104,45,1*5C
$GPGSV,2,1,08,01,48,261,48,03,46,332,45,04,24,291,39,10,11,130,34,6*68
$GPGSV,2,2,08,26,43,127,44,28,34,037,45,31,62,031,46,32,15,069,41,6*6D
$GLGSV,2,1,08,68,24,071,46,69,41,014,50,78,17,033,47,79,57,079,50,1*78
$GLGSV,2,2,08,80,40,170,49,84,29,248,38,85,19,302,41,,,,43,1*43
$GLGSV,2,1,08,68,24,071,44,69,41,014,48,78,17,033,44,79,57,079,48,3*7B
$GLGSV,2,2,08,80,40,170,48,84,29,248,45,85,19,302,38,,,,43,3*44
$GLGSV,1,1,02,70,10,310,,83,03,190,,0*7F
$GAGSV,3,1,11,04,52,006,51,06,49,323,50,09,34,296,50,10,47,212,50,2*79
$GAGSV,3,2,11,11,52,257,46,12,32,186,45,19,16,063,40,21,11,050,41,2*73
$GAGSV,3,3,11,23,33,099,49,31,25,157,47,36,23,312,43,2*4C
$GAGSV,3,1,11,04,52,006,46,06,49,323,45,09,34,296,44,10,47,212,45,7*7F
$GAGSV,3,2,11,11,52,257,43,12,32,186,39,19,16,063,34,21,11,050,35,7*78
$GAGSV,3,3,11,23,33,099,43,31,25,157,42,36,23,312,38,7*4A
$GBGSV,2,1,08,06,55,035,45,08,34,130,41,09,70,031,46,13,51,125,46,1*78
$GBGSV,2,2,08,16,47,035,44,23,67,147,51,25,41,052,48,27,17,225,42,1*73
$GBGSV,2,1,06,06,55,035,47,08,34,130,47,09,70,031,49,13,51,125,47,B*0F
$GBGSV,2,2,06,16,47,035,47,27,17,225,07,B*03
$GBGSV,4,1,13,01,03,096,,02,58,141,,03,34,114,,07,07,137,,0*73
$GBGSV,4,2,13,10,08,148,,28,04,185,,30,12,274,,32,38,329,,0*76
$GBGSV,4,3,13,33,17,099,,37,25,200,,38,23,134,,39,38,036,,0*7D
$GBGSV,4,4,13,41,53,054,,0*47
$GQGSV,1,1,02,02,12,083,39,04,19,095,39,1*6D
$GQGSV,1,1,03,02,12,083,43,04,19,095,44,07,19,104,41,6*53
$GNGLL,2454.22898,N,06708.26820,E,175006.00,A,D*7E
$GNRMC,175007.00,A,2454.22899,N,06708.26824,E,0.081,,300425,,,R,V*06
$GNVTG,,T,,M,0.081,N,0.149,K,D*3D
$GNGGA,175007.00,2454.22899,N,06708.26824,E,4,12,0.61,21.8,M,-44.2,M,1.0,0265*71
$GNGSA,A,3,01,03,10,28,31,04,26,02,16,32,,,1.35,0.61,1.21,1*0C
$GNGSA,A,3,69,80,68,85,84,78,79,,,,,,1.35,0.61,1.21,2*09
$GNGSA,A,3,11,23,21,31,10,19,,,,,,,1.35,0.61,1.21,3*08
$GNGSA,A,3,06,08,13,16,09,25,27,23,,,,,1.35,0.61,1.21,4*07
$GNGSA,A,3,04,,,,,,,,,,,,1.35,0.61,1.21,5*03
$GPGSV,4,1,13,01,48,261,44,02,38,223,45,03,46,332,45,04,24,291,38,1*61
$GPGSV,4,2,13,10,11,130,41,16,25,156,41,26,43,127,44,28,34,037,45,1*6E
$GPGSV,4,3,13,31,62,031,49,32,15,069,41,40,59,208,48,41,56,146,46,1*6E
$GPGSV,4,4,13,42,19,104,45,1*5C
$GPGSV,2,1,08,01,48,261,48,03,46,332,45,04,24,291,40,10,11,130,40,6*65
$GPGSV,2,2,08,26,43,127,43,28,34,037,46,31,62,031,46,32,15,069,40,6*68
$GLGSV,2,1,08,68,24,071,46,69,41,014,48,78,17,033,45,79,57,079,51,1*72
$GLGSV,2,2,08,80,40,170,49,84,29,248,38,85,19,302,43,,,,39,1*4C
$GLGSV,2,1,08,68,24,071,44,69,41,014,48,78,17,033,45,79,57,079,48,3*7A
$GLGSV,2,2,08,80,40,170,47,84,29,248,45,85,19,302,39,,,,42,3*4B
$GLGSV,1,1,02,70,10,310,,83,03,190,,0*7F
$GAGSV,3,1,11,04,52,006,51,06,49,323,51,09,34,296,50,10,47,212,50,2*78
$GAGSV,3,2,11,11,52,257,46,12,32,186,46,19,16,063,39,21,11,050,44,2*7B
$GAGSV,3,3,11,23,33,099,48,31,25,157,49,36,23,312,43,2*43
$GAGSV,3,1,11,04,52,006,46,06,49,323,46,09,34,296,45,10,47,212,44,7*7C
$GAGSV,3,2,11,11,52,257,43,12,32,186,39,19,16,063,34,21,11,050,38,7*75
$GAGSV,3,3,11,23,33,099,43,31,25,157,40,36,23,312,38,7*48
$GBGSV,2,1,08,06,55,035,44,08,34,130,41,09,70,031,46,13,51,125,46,1*79
$GBGSV,2,2,08,16,47,035,45,23,67,147,51,25,41,052,48,27,17,225,41,1*71
$GBGSV,2,1,06,06,55,035,47,08,34,130,47,09,70,031,49,13,51,125,46,B*0E
$GBGSV,2,2,06,16,47,035,46,27,17,225,07,B*02
$GBGSV,4,1,13,01,03,096,,02,58,141,,03,34,114,,07,07,137,,0*73
$GBGSV,4,2,13,10,08,148,,28,04,185,,30,12,274,,32,38,329,,0*76
$GBGSV,4,3,13,33,17,099,,37,25,200,,38,23,134,,39,38,036,,0*7D
$GBGSV,4,4,13,41,53,054,,0*47
$GQGSV,1,1,02,02,12,083,37,04,19,095,39,1*63
$GQGSV,1,1,03,02,12,083,41,04,19,095,36,07,19,104,44,6*51
$GNGLL,2454.22899,N,06708.26824,E,175007.00,A,D*7A
$GNRMC,175008.00,A,2454.22899,N,06708.26825,E,0.030,,300425,,,R,V*02
$GNVTG,,T,,M,0.030,N,0.055,K,D*3B
$GNGGA,175008.00,2454.22899,N,06708.26825,E,4,12,0.61,21.8,M,-44.2,M,1.0,0265*7F
$GNGSA,A,3,01,03,10,28,31,04,26,02,16,32,,,1.35,0.61,1.21,1*0C
$GNGSA,A,3,69,80,68,85,84,78,79,,,,,,1.35,0.61,1.21,2*09
$GNGSA,A,3,11,23,21,31,10,19,,,,,,,1.35,0.61,1.21,3*08
$GNGSA,A,3,06,08,13,16,09,25,27,23,,,,,1.35,0.61,1.21,4*07
$GNGSA,A,3,04,,,,,,,,,,,,1.35,0.61,1.21,5*03
$GPGSV,4,1,13,01,48,261,44,02,38,223,45,03,46,332,45,04,24,291,38,1*61
$GPGSV,4,2,13,10,11,130,42,16,25,156,41,26,43,127,45,28,34,037,44,1*6D
$GPGSV,4,3,13,31,62,031,49,32,15,069,40,40,59,208,48,41,56,146,46,1*6F
$GPGSV,4,4,13,42,19,104,45,1*5C
$GPGSV,2,1,08,01,48,261,47,03,46,332,45,04,24,291,40,10,11,130,41,6*6B
$GPGSV,2,2,08,26,43,127,43,28,34,037,46,31,62,031,46,32,15,069,42,6*6A
$GLGSV,2,1,08,68,24,071,45,69,41,014,48,78,17,033,46,79,57,079,51,1*72
$GLGSV,2,2,08,80,40,170,49,84,29,248,38,85,19,302,41,,,,39,1*4E
$GLGSV,2,1,08,68,24,071,45,69,41,014,48,78,17,033,45,79,57,079,48,3*7B
$GLGSV,2,2,08,80,40,170,47,84,29,248,45,85,19,302,38,,,,42,3*4A
$GLGSV,1,1,02,70,10,310,,83,03,190,,0*7F
$GAGSV,3,1,11,04,52,006,51,06,49,323,51,09,34,296,50,10,47,212,49,2*70
$GAGSV,3,2,11,11,52,257,46,12,32,186,46,19,16,063,39,21,11,050,46,2*79
$GAGSV,3,3,11,23,33,099,48,31,25,157,49,36,23,312,43,2*43
$GAGSV,3,1,11,04,52,006,46,06,49,323,46,09,34,296,45,10,47,212,45,7*7D
$GAGSV,3,2,11,11,52,257,43,12,32,186,39,19,16,063,34,21,11,050,38,7*75
$GAGSV,3,3,11,23,33,099,43,31,25,157,39,36,23,312,38,7*46
$GBGSV,2,1,08,06,55,035,44,08,34,130,42,09,70,031,46,13,51,125,46,1*7A
$GBGSV,2,2,08,16,47,035,46,23,67,147,51,25,41,052,48,27,17,225,41,1*72
$GBGSV,2,1,06,06,55,035,47,08,34,130,46,09,70,031,49,13,51,125,46,B*0F
$GBGSV,2,2,06,16,47,035,46,27,17,225,07,B*02
$GBGSV,4,1,13,01,03,096,,02,58,141,,03,34,114,,07,07,137,,0*73
$GBGSV,4,2,13,10,08,148,,28,04,185,,30,12,274,,32,38,329,,0*76
$GBGSV,4,3,13,33,17,099,,37,25,200,,38,23,134,,39,38,036,,0*7D
$GBGSV,4,4,13,41,53,054,,0*47
$GQGSV,1,1,02,02,12,082,39,04,19,095,40,1*62
$GQGSV,1,1,03,02,12,082,43,04,19,095,42,07,19,104,44,6*51
$GNGLL,2454.22899,N,06708.26825,E,175008.00,A,D*74
$GNRMC,175009.00,A,2454.22899,N,06708.26825,E,0.004,,300425,,,R,V*04
$GNVTG,,T,,M,0.004,N,0.008,K,D*34
$GNGGA,175009.00,2454.22899,N,06708.26825,E,4,12,0.61,21.8,M,-44.2,M,1.0,0265*7E
$GNGSA,A,3,01,03,10,28,31,04,26,02,16,32,,,1.35,0.61,1.21,1*0C
$GNGSA,A,3,69,80,68,85,84,78,79,,,,,,1.35,0.61,1.21,2*09
$GNGSA,A,3,11,23,21,31,10,19,,,,,,,1.35,0.61,1.21,3*08
$GNGSA,A,3,06,08,13,16,09,25,27,23,,,,,1.35,0.61,1.21,4*07
$GNGSA,A,3,04,,,,,,,,,,,,1.35,0.61,1.21,5*03
$GPGSV,4,1,13,01,48,261,44,02,38,223,45,03,46,332,45,04,24,291,38,1*61
$GPGSV,4,2,13,10,11,130,43,16,25,156,41,26,43,127,45,28,34,037,43,1*6B
$GPGSV,4,3,13,31,62,031,49,32,15,069,38,40,59,208,48,41,56,146,47,1*61
$GPGSV,4,4,13,42,19,104,45,1*5C
$GPGSV,2,1,08,01,48,261,47,03,46,332,45,04,24,291,40,10,11,130,41,6*6B
$GPGSV,2,2,08,26,43,127,43,28,34,037,46,31,62,031,46,32,15,069,43,6*6B
$GLGSV,2,1,07,68,24,071,46,69,41,014,48,78,17,033,46,79,57,079,51,1*7E
$GLGSV,2,2,07,80,40,170,48,84,29,248,38,85,19,302,41,1*4A
$GLGSV,2,1,07,68,24,071,45,69,41,014,48,78,17,033,45,79,57,079,48,3*74
$GLGSV,2,2,07,80,40,170,47,84,29,248,45,85,19,302,38,3*43
$GLGSV,1,1,02,70,10,310,,83,03,190,,0*7F
$GAGSV,3,1,11,04,52,006,51,06,49,323,51,09,34,296,50,10,47,212,49,2*70
$GAGSV,3,2,11,11,52,257,46,12,32,186,46,19,16,063,39,21,11,050,46,2*79
$GAGSV,3,3,11,23,33,099,49,31,25,157,49,36,23,312,43,2*42
$GAGSV,3,1,11,04,52,006,45,06,49,323,46,09,34,296,44,10,47,212,45,7*7F
$GAGSV,3,2,11,11,52,257,43,12,32,186,39,19,16,063,35,21,11,050,39,7*75
$GAGSV,3,3,11,23,33,099,43,31,25,157,39,36,23,312,38,7*46
$GBGSV,2,1,08,06,55,035,44,08,34,130,42,09,70,031,47,13,51,125,46,1*7B
$GBGSV,2,2,08,16,47,035,46,23,67,147,51,25,41,052,48,27,17,225,42,1*71
$GBGSV,2,1,06,06,55,035,47,08,34,130,46,09,70,031,49,13,51,125,46,B*0F
$GBGSV,2,2,06,16,47,035,46,27,17,225,08,B*0D
$GBGSV,4,1,13,01,03,096,,02,58,141,,03,34,114,,07,07,137,,0*73
$GBGSV,4,2,13,10,08,148,,28,04,185,,30,12,274,,32,38,329,,0*76
$GBGSV,4,3,13,33,17,099,,37,25,200,,38,23,134,,39,38,036,,0*7D
$GBGSV,4,4,13,41,53,054,,0*47
$GQGSV,1,1,02,02,12,082,39,04,19,095,39,1*6C
$GQGSV,1,1,03,02,12,082,44,04,19,095,42,07,19,104,44,6*56
$GNGLL,2454.22899,N,06708.26825,E,175009.00,A,D*75
$GNRMC,175010.00,A,2454.22899,N,06708.26825,E,0.012,,300425,,,R,V*0B
$GNVTG,,T,,M,0.012,N,0.023,K,D*3A
$GNGGA,175010.00,2454.22899,N,06708.26825,E,4,12,0.61,21.8,M,-44.2,M,1.0,0265*76
$GNGSA,A,3,01,03,10,28,31,04,26,02,16,32,,,1.35,0.61,1.21,1*0C
$GNGSA,A,3,69,80,68,85,84,78,79,,,,,,1.35,0.61,1.21,2*09
$GNGSA,A,3,11,23,21,31,10,19,,,,,,,1.35,0.61,1.21,3*08
$GNGSA,A,3,06,08,13,16,09,25,27,23,,,,,1.35,0.61,1.21,4*07
$GNGSA,A,3,04,,,,,,,,,,,,1.35,0.61,1.21,5*03
$GPGSV,4,1,13,01,48,261,44,02,38,223,45,03,46,332,45,04,24,291,38,1*61
$GPGSV,4,2,13,10,11,130,43,16,25,156,42,26,43,127,45,28,34,037,43,1*68
$GPGSV,4,3,13,31,62,031,49,32,15,069,37,40,59,208,48,41,56,146,47,1*6E
$GPGSV,4,4,13,42,19,104,45,1*5C
$GPGSV,2,1,08,01,48,261,47,03,46,332,45,04,24,291,40,10,11,130,41,6*6B
$GPGSV,2,2,08,26,43,127,43,28,34,037,46,31,62,031,46,32,15,069,43,6*6B
$GLGSV,2,1,08,68,24,071,46,69,41,014,48,78,17,033,46,79,57,079,51,1*71
$GLGSV,2,2,08,80,40,170,48,84,29,248,38,85,19,302,42,,,,39,1*4C
$GLGSV,2,1,07,68,24,071,45,69,41,014,48,78,17,033,45,79,57,079,48,3*74
$GLGSV,2,2,07,80,40,170,47,84,29,248,45,85,19,302,37,3*4C
$GLGSV,1,1,02,70,10,310,,83,03,190,,0*7F
$GAGSV,3,1,11,04,52,006,51,06,49,323,51,09,34,296,50,10,47,212,49,2*70
$GAGSV,3,2,11,11,52,257,46,12,32,186,46,19,16,063,39,21,11,050,46,2*79
$GAGSV,3,3,11,23,33,099,49,31,25,157,48,36,23,312,43,2*43
$GAGSV,3,1,11,04,52,006,45,06,49,323,46,09,34,296,44,10,47,212,45,7*7F
$GAGSV,3,2,11,11,52,257,43,12,32,186,39,19,16,063,35,21,11,050,38,7*74
$GAGSV,3,3,11,23,33,099,43,31,25,157,39,36,23,312,39,7*47
$GBGSV,2,1,08,06,55,035,44,08,34,130,42,09,70,031,47,13,51,125,46,1*7B
$GBGSV,2,2,08,16,47,035,46,23,67,147,51,25,41,052,48,27,17,225,42,1*71
$GBGSV,2,1,05,06,55,035,47,08,34,130,46,09,70,031,49,13,51,125,46,B*0C
$GBGSV,2,2,05,16,47,035,46,B*30
$GBGSV,4,1,13,01,03,096,,02,58,141,,03,34,114,,07,07,137,,0*73
$GBGSV,4,2,13,10,08,148,,28,04,185,,30,12,274,,32,38,329,,0*76
$GBGSV,4,3,13,33,17,099,,37,25,200,,38,23,134,,39,38,036,,0*7D
$GBGSV,4,4,13,41,53,054,,0*47
$GQGSV,1,1,02,02,12,082,39,04,19,095,39,1*6C
$GQGSV,1,1,03,02,12,082,44,04,19,095,43,07,19,104,44,6*57
$GNGLL,2454.22899,N,06708.26825,E,175010.00,A,D*7D
$GNRMC,175011.00,A,2454.22899,N,06708.26825,E,0.005,,300425,,,R,V*0C
$GNVTG,,T,,M,0.005,N,0.010,K,D*3C
$GNGGA,175011.00,2454.22899,N,06708.26825,E,4,12,0.61,21.8,M,-44.2,M,1.0,0265*77
$GNGSA,A,3,01,03,10,28,31,04,26,02,16,32,,,1.35,0.61,1.21,1*0C
$GNGSA,A,3,69,80,68,85,84,78,79,,,,,,1.35,0.61,1.21,2*09
$GNGSA,A,3,11,23,21,31,10,19,,,,,,,1.35,0.61,1.21,3*08
$GNGSA,A,3,06,08,13,16,09,25,27,23,,,,,1.35,0.61,1.21,4*07
$GNGSA,A,3,04,,,,,,,,,,,,1.35,0.61,1.21,5*03
$GPGSV,4,1,13,01,48,261,44,02,38,223,45,03,46,332,45,04,24,291,38,1*61
$GPGSV,4,2,13,10,11,130,43,16,25,156,42,26,43,127,45,28,34,037,43,1*68
$GPGSV,4,3,13,31,62,031,49,32,15,069,36,40,59,208,48,41,56,146,47,1*6F
$GPGSV,4,4,13,42,19,104,45,1*5C
$GPGSV,2,1,08,01,48,261,47,03,46,332,45,04,24,291,40,10,11,130,41,6*6B
$GPGSV,2,2,08,26,43,127,43,28,34,037,46,31,62,031,46,32,15,069,43,6*6B
$GLGSV,2,1,08,68,24,071,45,69,41,014,48,78,17,033,46,79,57,079,51,1*72
$GLGSV,2,2,08,80,40,170,48,84,29,248,38,85,19,302,42,,,,39,1*4C
$GLGSV,2,1,07,68,24,071,46,69,41,014,48,78,17,033,44,79,57,079,48,3*76
$GLGSV,2,2,07,80,40,170,47,84,29,248,45,85,19,302,37,3*4C
$GLGSV,1,1,02,70,10,310,,83,03,190,,0*7F
$GAGSV,3,1,11,04,52,006,51,06,49,323,51,09,34,296,50,10,47,212,49,2*70
$GAGSV,3,2,11,11,52,257,46,12,32,186,46,19,16,063,39,21,11,050,46,2*79
$GAGSV,3,3,11,23,33,099,49,31,25,157,48,36,23,312,43,2*43
$GAGSV,3,1,11,04,52,006,46,06,49,323,46,09,34,296,44,10,47,212,45,7*7C
$GAGSV,3,2,11,11,52,257,43,12,32,186,39,19,16,063,35,21,11,050,38,7*74
$GAGSV,3,3,11,23,33,099,43,31,25,157,39,36,23,312,39,7*47
$GBGSV,2,1,08,06,55,035,44,08,34,130,42,09,70,031,47,13,51,125,46,1*7B
$GBGSV,2,2,08,16,47,035,46,23,67,147,51,25,41,052,48,27,17,225,42,1*71
$GBGSV,2,1,05,06,55,035,47,08,34,130,46,09,70,031,49,13,51,125,46,B*0C
$GBGSV,2,2,05,16,47,035,46,B*30
$GBGSV,4,1,13,01,03,096,,02,58,141,,03,34,114,,07,07,137,,0*73
$GBGSV,4,2,13,10,08,148,,28,04,185,,30,12,274,,32,38,329,,0*76
$GBGSV,4,3,13,33,17,099,,37,25,200,,38,23,134,,39,38,036,,0*7D
$GBGSV,4,4,13,41,53,054,,0*47
$GQGSV,1,1,02,02,12,082,39,04,19,095,39,1*6C
$GQGSV,1,1,03,02,12,082,44,04,19,095,43,07,19,104,44,6*57
$GNGLL,2454.22899,N,06708.26825,E,175011.00,A,D*7C
$GNRMC,175012.00,A,2454.22899,N,06708.26826,E,0.005,,300425,,,R,V*0C
$GNVTG,,T,,M,0.005,N,0.010,K,D*3C
$GNGGA,175012.00,2454.22899,N,06708.26826,E,4,12,0.61,21.8,M,-44.2,M,1.0,0265*77
$GNGSA,A,3,01,03,10,28,31,04,26,02,16,32,,,1.35,0.61,1.21,1*0C
$GNGSA,A,3,69,80,68,85,84,78,79,,,,,,1.35,0.61,1.21,2*09
$GNGSA,A,3,11,23,21,31,10,19,,,,,,,1.35,0.61,1.21,3*08
$GNGSA,A,3,06,08,13,16,09,25,27,23,,,,,1.35,0.61,1.21,4*07
$GNGSA,A,3,04,,,,,,,,,,,,1.35,0.61,1.21,5*03
$GPGSV,4,1,13,01,48,261,44,02,38,223,45,03,46,332,45,04,24,291,38,1*61
$GPGSV,4,2,13,10,11,130,42,16,25,156,42,26,43,127,45,28,34,037,43,1*69
$GPGSV,4,3,13,31,62,031,49,32,15,069,35,40,59,208,48,41,56,146,46,1*6D
$GPGSV,4,4,13,42,19,104,45,1*5C
$GPGSV,2,1,08,01,48,261,47,03,46,332,45,04,24,291,40,10,11,130,41,6*6B
$GPGSV,2,2,08,26,43,127,43,28,34,037,46,31,62,031,46,32,15,069,43,6*6B
$GLGSV,2,1,08,68,24,071,45,69,41,014,48,78,17,033,47,79,57,079,51,1*73
$GLGSV,2,2,08,80,40,170,48,84,29,248,38,85,19,302,42,,,,40,1*42
$GLGSV,2,1,07,68,24,071,45,69,41,014,48,78,17,033,45,79,57,079,48,3*74
$GLGSV,2,2,07,80,40,170,47,84,29,248,45,85,19,302,37,3*4C
$GLGSV,1,1,02,70,10,310,,83,03,190,,0*7F
$GAGSV,3,1,11,04,52,006,51,06,49,323,50,09,34,296,50,10,47,212,49,2*71
$GAGSV,3,2,11,11,52,257,46,12,32,186,46,19,16,063,39,21,11,050,46,2*79
$GAGSV,3,3,11,23,33,099,49,31,25,157,48,36,23,312,43,2*43
$GAGSV,3,1,11,04,52,006,46,06,49,323,46,09,34,296,44,10,47,212,45,7*7C
$GAGSV,3,2,11,11,52,257,43,12,32,186,39,19,16,063,35,21,11,050,38,7*74
$GAGSV,3,3,11,23,33,099,43,31,25,157,40,36,23,312,39,7*49
$GBGSV,2,1,08,06,55,035,44,08,34,130,41,09,70,031,47,13,51,125,46,1*78
$GBGSV,2,2,08,16,47,035,46,23,67,147,51,25,41,052,48,27,17,225,42,1*71
$GBGSV,2,1,05,06,55,035,47,08,34,130,46,09,70,031,49,13,51,125,46,B*0C
$GBGSV,2,2,05,16,47,035,46,B*30
$GBGSV,4,1,13,01,03,096,,02,58,141,,03,34,114,,07,07,137,,0*73
$GBGSV,4,2,13,10,08,148,,28,04,185,,30,12,274,,32,38,329,,0*76
$GBGSV,4,3,13,33,17,099,,37,25,200,,38,23,134,,39,38,036,,0*7D
$GBGSV,4,4,13,41,53,054,,0*47
$GQGSV,1,1,02,02,12,082,38,04,19,095,39,1*6D
$GQGSV,1,1,03,02,12,082,44,04,19,095,44,07,19,104,44,6*50
$GNGLL,2454.22899,N,06708.26826,E,175012.00,A,D*7C
$GNRMC,175013.00,A,2454.22899,N,06708.26826,E,0.003,,300425,,,R,V*0B
$GNVTG,,T,,M,0.003,N,0.005,K,D*3E
$GNGGA,175013.00,2454.22899,N,06708.26826,E,4,12,0.61,21.8,M,-44.2,M,1.0,0265*76
$GNGSA,A,3,01,03,10,28,31,04,26,02,16,32,,,1.35,0.61,1.21,1*0C
$GNGSA,A,3,69,80,68,85,84,78,79,,,,,,1.35,0.61,1.21,2*09
$GNGSA,A,3,11,23,21,31,10,19,,,,,,,1.35,0.61,1.21,3*08
$GNGSA,A,3,06,08,13,16,09,25,27,23,,,,,1.35,0.61,1.21,4*07
$GNGSA,A,3,04,,,,,,,,,,,,1.35,0.61,1.21,5*03
$GPGSV,4,1,13,01,48,261,44,02,38,223,45,03,46,332,45,04,24,291,39,1*60
$GPGSV,4,2,13,10,11,130,42,16,25,156,42,26,43,127,45,28,34,037,43,1*69
$GPGSV,4,3,13,31,62,031,49,32,15,069,35,40,59,208,48,41,56,146,47,1*6C
$GPGSV,4,4,13,42,19,104,45,1*5C
$GPGSV,2,1,08,01,48,261,47,03,46,332,45,04,24,291,40,10,11,130,41,6*6B
$GPGSV,2,2,08,26,43,127,43,28,34,037,46,31,62,031,46,32,15,069,43,6*6B
$GLGSV,2,1,08,68,24,071,45,69,41,014,48,78,17,033,47,79,57,079,51,1*73
$GLGSV,2,2,08,80,40,170,48,84,29,248,39,85,19,302,42,,,,41,1*42
$GLGSV,2,1,07,68,24,071,45,69,41,014,48,78,17,033,45,79,57,079,48,3*74
$GLGSV,2,2,07,80,40,170,47,84,29,248,45,85,19,302,37,3*4C
$GLGSV,1,1,02,70,10,310,,83,03,190,,0*7F
$GAGSV,3,1,11,04,52,006,51,06,49,323,51,09,34,296,50,10,47,212,49,2*70
$GAGSV,3,2,11,11,52,257,46,12,32,186,46,19,16,063,40,21,11,050,46,2*77
$GAGSV,3,3,11,23,33,099,49,31,25,157,48,36,23,312,43,2*43
$GAGSV,3,1,11,04,52,006,46,06,49,323,46,09,34,296,44,10,47,212,45,7*7C
$GAGSV,3,2,11,11,52,257,43,12,32,186,39,19,16,063,35,21,11,050,38,7*74
$GAGSV,3,3,11,23,33,099,43,31,25,157,40,36,23,312,39,7*49
$GBGSV,2,1,08,06,55,035,44,08,34,130,41,09,70,031,47,13,51,125,46,1*78
$GBGSV,2,2,08,16,47,035,46,23,67,147,51,25,41,052,48,27,17,225,42,1*71
$GBGSV,2,1,05,06,55,035,47,08,34,130,46,09,70,031,49,13,51,125,46,B*0C
$GBGSV,2,2,05,16,47,035,47,B*31
$GBGSV,4,1,13,01,03,096,,02,58,141,,03,34,114,,07,07,137,,0*73
$GBGSV,4,2,13,10,08,148,,28,04,185,,30,12,274,,32,38,329,,0*76
$GBGSV,4,3,13,33,17,099,,37,25,200,,38,23,134,,39,38,036,,0*7D
$GBGSV,4,4,13,41,53,054,,0*47
$GQGSV,1,1,02,02,12,082,38,04,19,095,38,1*6C
$GQGSV,1,1,03,02,12,082,44,04,19,095,44,07,19,104,44,6*50
$GNGLL,2454.22899,N,06708.26826,E,175013.00,A,D*7D
$GNRMC,175014.00,A,2454.22899,N,06708.26826,E,0.018,,300425,,,R,V*06
$GNVTG,,T,,M,0.018,N,0.033,K,D*31
$GNGGA,175014.00,2454.22899,N,06708.26826,E,4,12,0.61,21.8,M,-44.2,M,1.0,0265*71
$GNGSA,A,3,01,03,10,28,31,04,26,02,16,32,,,1.35,0.61,1.21,1*0C
$GNGSA,A,3,69,80,68,85,84,78,79,,,,,,1.35,0.61,1.21,2*09
$GNGSA,A,3,11,23,21,31,10,19,,,,,,,1.35,0.61,1.21,3*08
$GNGSA,A,3,06,08,13,16,09,25,27,23,,,,,1.35,0.61,1.21,4*07
$GNGSA,A,3,04,,,,,,,,,,,,1.35,0.61,1.21,5*03
$GPGSV,4,1,13,01,48,261,44,02,38,223,45,03,46,332,45,04,24,291,38,1*61
$GPGSV,4,2,13,10,11,130,43,16,25,156,42,26,43,127,45,28,34,037,42,1*69
$GPGSV,4,3,13,31,62,031,49,32,15,069,35,40,59,208,48,41,56,146,47,1*6C
$GPGSV,4,4,13,42,19,104,45,1*5C
$GPGSV,2,1,08,01,48,261,47,03,46,332,45,04,24,291,40,10,11,130,40,6*6A
$GPGSV,2,2,08,26,43,127,43,28,34,037,45,31,62,031,45,32,15,069,42,6*6A
$GLGSV,2,1,08,68,24,071,45,69,41,014,48,78,17,033,47,79,57,079,51,1*73
$GLGSV,2,2,08,80,40,170,48,84,29,248,39,85,19,302,42,,,,41,1*42
$GLGSV,2,1,07,68,24,071,45,69,41,014,48,78,17,033,45,79,57,079,47,3*7B
$GLGSV,2,2,07,80,40,170,47,84,29,248,45,85,19,302,37,3*4C
$GLGSV,1,1,02,70,10,310,,83,03,190,,0*7F
$GAGSV,3,1,11,04,52,006,51,06,49,323,50,09,34,296,50,10,47,212,49,2*71
$GAGSV,3,2,11,11,52,257,46,12,32,186,46,19,16,063,39,21,11,050,46,2*79
$GAGSV,3,3,11,23,33,099,49,31,25,157,48,36,23,312,43,2*43
$GAGSV,3,1,11,04,52,006,46,06,49,323,46,09,34,296,44,10,47,212,45,7*7C
$GAGSV,3,2,11,11,52,257,43,12,32,186,39,19,16,063,35,21,11,050,38,7*74
$GAGSV,3,3,11,23,33,099,43,31,25,157,40,36,23,312,39,7*49
$GBGSV,2,1,08,06,55,035,44,08,34,130,41,09,70,031,47,13,51,125,46,1*78
$GBGSV,2,2,08,16,47,035,46,23,67,147,51,25,41,052,48,27,17,225,42,1*71
$GBGSV,2,1,05,06,55,035,47,08,34,130,46,09,70,031,49,13,51,125,46,B*0C
$GBGSV,2,2,05,16,47,035,47,B*31
$GBGSV,4,1,13,01,03,096,,02,58,141,,03,34,114,,07,07,137,,0*73
$GBGSV,4,2,13,10,08,148,,28,04,185,,30,12,274,,32,38,329,,0*76
$GBGSV,4,3,13,33,17,099,,37,25,200,,38,23,134,,39,38,036,,0*7D
$GBGSV,4,4,13,41,53,054,,0*47
$GQGSV,1,1,02,02,12,082,38,04,19,095,38,1*6C
$GQGSV,1,1,03,02,12,082,43,04,19,095,43,07,19,104,43,6*57
$GNGLL,2454.22899,N,06708.26826,E,175014.00,A,D*7A
$GNRMC,175015.00,A,2454.22899,N,06708.26826,E,0.004,,300425,,,R,V*0A
$GNVTG,,T,,M,0.004,N,0.007,K,D*3B
$GNGGA,175015.00,2454.22899,N,06708.26826,E,4,12,0.61,21.8,M,-44.2,M,1.0,0265*70
$GNGSA,A,3,01,03,10,28,31,04,26,02,16,32,,,1.35,0.61,1.21,1*0C
$GNGSA,A,3,69,80,68,85,84,78,79,,,,,,1.35,0.61,1.21,2*09
$GNGSA,A,3,11,23,21,31,10,19,,,,,,,1.35,0.61,1.21,3*08
$GNGSA,A,3,06,08,13,16,09,25,27,23,,,,,1.35,0.61,1.21,4*07
$GNGSA,A,3,04,,,,,,,,,,,,1.35,0.61,1.21,5*03
$GPGSV,4,1,13,01,48,261,44,02,38,223,45,03,46,332,45,04,24,291,38,1*61
$GPGSV,4,2,13,10,11,130,43,16,25,156,42,26,43,127,45,28,34,037,42,1*69
$GPGSV,4,3,13,31,62,031,49,32,15,069,34,40,59,208,48,41,56,146,47,1*6D
$GPGSV,4,4,13,42,19,104,45,1*5C
$GPGSV,2,1,08,01,48,261,47,03,46,332,45,04,24,291,40,10,11,130,40,6*6A
$GPGSV,2,2,08,26,43,127,43,28,34,037,45,31,62,031,45,32,15,069,42,6*6A
$GLGSV,2,1,08,68,24,073,45,69,41,014,48,78,17,033,47,79,57,079,51,1*71
$GLGSV,2,2,08,80,40,170,48,84,29,248,38,85,19,302,42,,,,42,1*40
$GLGSV,2,1,07,68,24,073,45,69,41,014,48,78,17,033,45,79,57,079,47,3*79
$GLGSV,2,2,07,80,40,170,47,84,29,248,45,85,19,302,37,3*4C
$GLGSV,1,1,02,70,10,310,,83,03,190,,0*7F
$GAGSV,3,1,11,04,52,006,51,06,49,323,50,09,34,296,50,10,47,212,49,2*71
$GAGSV,3,2,11,11,52,257,46,12,32,186,46,19,16,063,39,21,11,050,46,2*79
$GAGSV,3,3,11,23,33,099,49,31,25,157,48,36,23,312,43,2*43
$GAGSV,3,1,11,04,52,006,46,06,49,323,46,09,34,296,44,10,47,212,45,7*7C
$GAGSV,3,2,11,11,52,257,43,12,32,186,39,19,16,063,35,21,11,050,38,7*74
$GAGSV,3,3,11,23,33,099,43,31,25,157,40,36,23,312,39,7*49
$GBGSV,2,1,08,06,55,035,44,08,34,130,41,09,70,031,47,13,51,125,46,1*78
$GBGSV,2,2,08,16,47,035,46,23,67,147,51,25,41,052,48,27,17,225,42,1*71
$GBGSV,2,1,05,06,55,035,47,08,34,130,46,09,70,031,49,13,51,125,46,B*0C
$GBGSV,2,2,05,16,47,035,46,B*30
$GBGSV,4,1,13,01,03,096,,02,58,141,,03,34,114,,07,07,137,,0*73
$GBGSV,4,2,13,10,08,148,,28,04,185,,30,12,274,,32,38,329,,0*76
$GBGSV,4,3,13,33,17,099,,37,25,200,,38,23,134,,39,38,036,,0*7D
$GBGSV,4,4,13,41,53,054,,0*47
$GQGSV,1,1,02,02,12,082,38,04,19,095,38,1*6C
$GQGSV,1,1,03,02,12,082,43,04,19,095,43,07,19,104,43,6*57
$GNGLL,2454.22899,N,06708.26826,E,175015.00,A,D*7B
$GNRMC,175016.00,A,2454.22899,N,06708.26826,E,0.002,,300425,,,R,V*0F
$GNVTG,,T,,M,0.002,N,0.004,K,D*3E
$GNGGA,175016.00,2454.22899,N,06708.26826,E,4,12,0.61,21.8,M,-44.2,M,1.0,0265*73
$GNGSA,A,3,01,03,10,28,31,04,26,02,16,32,,,1.35,0.61,1.21,1*0C
$GNGSA,A,3,69,80,68,85,84,78,79,,,,,,1.35,0.61,1.21,2*09
$GNGSA,A,3,11,23,21,31,10,19,,,,,,,1.35,0.61,1.21,3*08
$GNGSA,A,3,06,08,13,16,09,25,27,23,,,,,1.35,0.61,1.21,4*07
$GNGSA,A,3,04,,,,,,,,,,,,1.35,0.61,1.21,5*03
$GPGSV,4,1,13,01,48,261,44,02,38,223,45,03,46,332,45,04,24,291,38,1*61
$GPGSV,4,2,13,10,11,130,43,16,25,156,42,26,43,127,45,28,34,037,42,1*69
$GPGSV,4,3,13,31,62,031,49,32,15,069,34,40,59,208,48,41,56,146,47,1*6D
$GPGSV,4,4,13,42,19,104,45,1*5C
$GPGSV,2,1,08,01,48,261,47,03,46,332,45,04,24,291,40,10,11,130,40,6*6A
$GPGSV,2,2,08,26,43,127,43,28,34,037,45,31,62,031,45,32,15,069,42,6*6A
$GLGSV,2,1,08,68,24,073,45,69,41,015,48,78,17,033,47,79,57,079,51,1*70
$GLGSV,2,2,08,80,40,170,48,84,29,248,39,85,19,302,42,,,,42,1*41
$GLGSV,2,1,07,68,24,073,45,69,41,015,48,78,17,033,45,79,57,079,48,3*77
$GLGSV,2,2,07,80,40,170,47,84,29,248,45,85,19,302,37,3*4C
$GLGSV,1,1,02,70,10,310,,83,03,190,,0*7F
$GAGSV,3,1,11,04,52,006,51,06,49,323,50,09,34,296,50,10,47,212,49,2*71
$GAGSV,3,2,11,11,52,257,46,12,32,186,46,19,16,063,39,21,11,050,46,2*79
$GAGSV,3,3,11,23,33,099,49,31,25,157,48,36,23,312,43,2*43
$GAGSV,3,1,11,04,52,006,46,06,49,323,46,09,34,296,44,10,47,212,45,7*7C
$GAGSV,3,2,11,11,52,257,43,12,32,186,39,19,16,063,35,21,11,050,38,7*74
$GAGSV,3,3,11,23,33,099,43,31,25,157,40,36,23,312,39,7*49
$GBGSV,2,1,08,06,55,035,44,08,34,130,41,09,70,031,47,13,51,125,46,1*78
$GBGSV,2,2,08,16,47,035,46,23,67,147,52,25,41,052,48,27,17,225,42,1*72
$GBGSV,2,1,05,06,55,035,47,08,34,130,46,09,70,031,49,13,51,125,46,B*0C
$GBGSV,2,2,05,16,47,035,47,B*31
$GBGSV,4,1,13,01,03,096,,02,58,141,,03,34,114,,07,07,137,,0*73
$GBGSV,4,2,13,10,08,148,,28,04,185,,30,12,274,,32,38,329,,0*76
$GBGSV,4,3,13,33,17,099,,37,25,200,,38,23,134,,39,38,036,,0*7D
$GBGSV,4,4,13,41,53,054,,0*47
$GQGSV,1,1,02,02,12,082,38,04,19,095,38,1*6C
$GQGSV,1,1,03,02,12,082,43,04,19,095,43,07,19,104,43,6*57
$GNGLL,2454.22899,N,06708.26826,E,175016.00,A,D*78
$GNRMC,175017.00,A,2454.22898,N,06708.26848,E,1.051,93.10,300425,,,R,V*25
$GNVTG,93.10,T,,M,1.051,N,1.947,K,D*13
$GNGGA,175017.00,2454.22898,N,06708.26848,E,4,12,0.61,21.8,M,-44.2,M,1.0,0265*7B
$GNGSA,A,3,01,03,10,28,31,04,26,02,16,32,,,1.35,0.61,1.21,1*0C
$GNGSA,A,3,69,80,68,85,84,78,79,,,,,,1.35,0.61,1.21,2*09
$GNGSA,A,3,11,23,21,31,10,19,,,,,,,1.35,0.61,1.21,3*08
$GNGSA,A,3,06,08,13,16,09,25,27,23,,,,,1.35,0.61,1.21,4*07
$GNGSA,A,3,04,,,,,,,,,,,,1.35,0.61,1.21,5*03
$GPGSV,4,1,13,01,48,261,45,02,38,223,45,03,46,332,45,04,24,291,39,1*61
$GPGSV,4,2,13,10,11,130,40,16,25,156,42,26,43,127,44,28,34,037,43,1*6A
$GPGSV,4,3,13,31,62,031,48,32,15,069,40,40,59,208,48,41,56,146,47,1*6F
$GPGSV,4,4,13,42,19,104,46,1*5F
$GPGSV,2,1,08,01,48,261,47,03,46,332,45,04,24,291,40,10,11,130,34,6*69
$GPGSV,2,2,08,26,43,127,44,28,34,037,44,31,62,031,45,32,15,069,43,6*6D
$GLGSV,2,1,08,68,24,073,44,69,41,015,49,78,17,033,43,79,57,079,50,1*75
$GLGSV,2,2,08,80,40,170,48,84,29,248,38,85,19,302,40,,,,43,1*43
$GLGSV,2,1,07,68,24,073,43,69,41,015,48,78,17,033,43,79,57,079,47,3*78
$GLGSV,2,2,07,80,40,170,47,84,29,248,45,85,19,302,37,3*4C
$GLGSV,1,1,02,70,11,311,,83,03,190,,0*7F
$GAGSV,3,1,11,04,52,006,51,06,49,323,51,09,34,296,50,10,47,212,50,2*78
$GAGSV,3,2,11,11,52,257,46,12,32,186,46,19,16,063,40,21,11,050,40,2*71
$GAGSV,3,3,11,23,33,099,49,31,25,157,48,36,23,312,44,2*44
$GAGSV,3,1,11,04,52,006,45,06,49,323,45,09,34,296,44,10,47,212,44,7*7D
$GAGSV,3,2,11,11,52,257,43,12,32,186,39,19,16,063,32,21,11,050,38,7*73
$GAGSV,3,3,11,23,33,099,44,31,25,157,41,36,23,312,39,7*4F
$GBGSV,2,1,08,06,55,035,44,08,34,130,41,09,70,031,47,13,51,125,46,1*78
$GBGSV,2,2,08,16,47,035,45,23,67,147,52,25,41,052,48,27,17,225,41,1*72
$GBGSV,2,1,05,06,55,035,47,08,34,130,46,09,70,031,49,13,51,125,46,B*0C
$GBGSV,2,2,05,16,47,035,46,B*30
$GBGSV,4,1,13,01,03,096,,02,58,141,,03,34,114,,07,07,137,,0*73
$GBGSV,4,2,13,10,08,148,,28,04,185,,30,12,274,,32,38,329,,0*76
$GBGSV,4,3,13,33,17,099,,37,25,200,,38,23,134,,39,38,036,,0*7D
$GBGSV,4,4,13,41,53,054,,0*47
$GQGSV,1,1,02,02,12,082,36,04,19,095,37,1*6D
$GQGSV,1,1,03,02,12,082,41,04,19,095,39,07,19,104,38,6*54
$GNGLL,2454.22898,N,06708.26848,E,175017.00,A,D*70
$GNRMC,175018.00,A,2454.22896,N,06708.26886,E,1.190,95.17,300425,,,R,V*2B
$GNVTG,95.17,T,,M,1.190,N,2.203,K,D*16
$GNGGA,175018.00,2454.22896,N,06708.26886,E,4,12,0.61,21.8,M,-44.2,M,1.0,0265*78
$GNGSA,A,3,01,03,10,28,31,04,26,02,16,32,,,1.35,0.61,1.21,1*0C
$GNGSA,A,3,69,80,68,85,84,78,79,,,,,,1.35,0.61,1.21,2*09
$GNGSA,A,3,11,23,21,31,10,19,,,,,,,1.35,0.61,1.21,3*08
$GNGSA,A,3,06,08,13,16,09,25,27,23,,,,,1.35,0.61,1.21,4*07
$GNGSA,A,3,04,,,,,,,,,,,,1.35,0.61,1.21,5*03
$GPGSV,4,1,13,01,48,261,45,02,38,223,45,03,46,332,46,04,24,291,41,1*6D
$GPGSV,4,2,13,10,11,130,40,16,25,156,41,26,43,127,44,28,34,037,44,1*6E
$GPGSV,4,3,13,31,62,031,48,32,15,069,43,40,59,208,48,41,56,146,47,1*6C
$GPGSV,4,4,13,42,19,104,45,1*5C
$GPGSV,2,1,08,01,48,261,46,03,46,332,45,04,24,291,43,10,11,130,33,6*6C
$GPGSV,2,2,08,26,43,127,45,28,34,037,46,31,62,031,45,32,15,069,38,6*62
$GLGSV,2,1,08,68,24,073,45,69,41,015,49,78,17,033,46,79,57,079,50,1*71
$GLGSV,2,2,08,80,40,170,48,84,29,248,38,85,19,302,43,,,,44,1*47
$GLGSV,2,1,07,68,24,073,45,69,41,015,49,78,17,033,45,79,57,079,48,3*76
$GLGSV,2,2,07,80,40,170,47,84,29,248,46,85,19,302,38,3*40
$GLGSV,1,1,02,70,11,311,,83,03,190,,0*7F
$GAGSV,3,1,11,04,52,006,51,06,49,323,51,09,34,296,50,10,47,212,50,2*78
$GAGSV,3,2,11,11,52,257,47,12,32,186,45,19,16,063,35,21,11,050,41,2*70
$GAGSV,3,3,11,23,33,099,49,31,25,157,47,36,23,312,45,2*4A
$GAGSV,3,1,11,04,52,006,45,06,49,323,46,09,34,296,44,10,47,212,44,7*7E
$GAGSV,3,2,11,11,52,257,43,12,32,186,39,19,16,063,34,21,11,050,38,7*75
$GAGSV,3,3,11,23,33,099,43,31,25,157,41,36,23,312,40,7*46
$GBGSV,2,1,08,06,55,035,44,08,34,130,41,09,70,031,46,13,51,125,46,1*79
$GBGSV,2,2,08,16,47,035,45,23,67,147,51,25,41,052,48,27,17,225,41,1*71
$GBGSV,2,1,05,06,55,035,47,08,34,130,46,09,70,031,49,13,51,125,47,B*0D
$GBGSV,2,2,05,16,47,035,46,B*30
$GBGSV,4,1,13,01,03,096,,02,58,141,,03,34,114,,07,07,137,,0*73
$GBGSV,4,2,13,10,08,148,,28,04,185,,30,12,274,,32,38,329,,0*76
$GBGSV,4,3,13,33,17,099,,37,25,200,,38,23,134,,39,38,036,,0*7D
$GBGSV,4,4,13,41,53,054,,0*47
$GQGSV,1,1,02,02,12,082,36,04,19,095,39,1*63
$GQGSV,1,1,03,02,12,082,43,04,19,095,42,07,19,104,39,6*5B
$GNGLL,2454.22896,N,06708.26886,E,175018.00,A,D*73
$GNRMC,175019.00,A,2454.22893,N,06708.26917,E,1.046,96.44,300425,,,R,V*29
$GNVTG,96.44,T,,M,1.046,N,1.937,K,D*16
$GNGGA,175019.00,2454.22893,N,06708.26917,E,4,12,0.64,21.8,M,-44.2,M,1.0,0265*70
$GNGSA,A,3,01,03,28,31,04,26,02,16,32,,,,1.48,0.64,1.33,1*01
$GNGSA,A,3,69,80,68,85,84,78,79,,,,,,1.48,0.64,1.33,2*05
$GNGSA,A,3,04,11,23,21,31,10,19,,,,,,1.48,0.64,1.33,3*00
$GNGSA,A,3,06,08,13,16,09,25,27,23,,,,,1.48,0.64,1.33,4*0B
$GNGSA,A,3,04,,,,,,,,,,,,1.48,0.64,1.33,5*0F
$GPGSV,4,1,13,01,48,261,45,02,38,223,45,03,46,332,45,04,24,291,41,1*6E
$GPGSV,4,2,13,10,11,130,38,16,25,156,40,26,43,127,44,28,34,037,43,1*67
$GPGSV,4,3,13,31,62,031,48,32,15,069,43,40,59,208,48,41,56,146,47,1*6C
$GPGSV,4,4,13,42,19,104,45,1*5C
$GPGSV,2,1,08,01,48,261,46,03,46,332,45,04,24,291,43,10,11,130,34,6*6B
$GPGSV,2,2,08,26,43,127,43,28,34,037,45,31,62,031,45,32,15,069,41,6*69
$GLGSV,2,1,08,68,24,073,47,69,41,015,48,78,17,033,46,79,57,079,50,1*72
$GLGSV,2,2,08,80,40,170,48,84,29,248,38,85,19,302,44,,,,45,1*41
$GLGSV,2,1,08,68,24,073,45,69,41,015,47,78,17,033,43,79,57,079,48,3*71
$GLGSV,2,2,08,80,40,170,47,84,29,248,44,85,19,302,40,,,,43,3*45
$GLGSV,1,1,02,70,11,311,,83,03,190,,0*7F
$GAGSV,3,1,11,04,52,006,51,06,49,323,51,09,34,296,49,10,47,212,50,2*70
$GAGSV,3,2,11,11,52,257,46,12,32,186,45,19,16,063,41,21,11,050,46,2*75
$GAGSV,3,3,11,23,33,099,49,31,25,157,47,36,23,312,46,2*49
$GAGSV,3,1,11,04,52,006,46,06,49,323,46,09,34,296,44,10,47,212,43,7*7A
$GAGSV,3,2,11,11,52,257,43,12,32,186,39,19,16,063,33,21,11,050,36,7*7C
$GAGSV,3,3,11,23,33,099,44,31,25,157,40,36,23,312,42,7*42
$GBGSV,2,1,08,06,55,035,44,08,34,130,40,09,70,031,46,13,51,125,45,1*7B
$GBGSV,2,2,08,16,47,035,44,23,67,147,51,25,41,052,48,27,17,225,41,1*70
$GBGSV,2,1,05,06,55,035,47,08,34,130,47,09,70,031,49,13,51,125,47,B*0C
$GBGSV,2,2,05,16,47,035,47,B*31
$GBGSV,4,1,13,01,03,096,,02,58,141,,03,34,114,,07,07,137,,0*73
$GBGSV,4,2,13,10,08,148,,28,04,185,,30,12,274,,32,38,329,,0*76
$GBGSV,4,3,13,33,17,099,,37,25,200,,38,23,134,,39,38,036,,0*7D
$GBGSV,4,4,13,41,53,054,,0*47
$GQGSV,1,1,02,02,12,082,35,04,19,095,40,1*6E
$GQGSV,1,1,03,02,12,082,41,04,19,095,41,07,19,104,39,6*5A
$GNGLL,2454.22893,N,06708.26917,E,175019.00,A,D*7E
$GNRMC,175020.00,A,2454.22887,N,06708.26963,E,1.659,99.54,300425,,,R,V*23
$GNVTG,99.54,T,,M,1.659,N,3.073,K,D*1B
$GNGGA,175020.00,2454.22887,N,06708.26963,E,4,12,0.61,21.8,M,-44.2,M,1.0,0265*79
$GNGSA,A,3,01,03,28,31,04,26,10,02,16,32,,,1.35,0.61,1.21,1*0C
$GNGSA,A,3,69,80,68,85,84,78,79,,,,,,1.35,0.61,1.21,2*09
$GNGSA,A,3,11,23,21,31,10,19,,,,,,,1.35,0.61,1.21,3*08
$GNGSA,A,3,23,06,08,13,16,09,25,27,,,,,1.35,0.61,1.21,4*07
$GNGSA,A,3,04,,,,,,,,,,,,1.35,0.61,1.21,5*03
$GPGSV,4,1,13,01,48,261,46,02,38,223,45,03,46,332,46,04,24,291,40,1*6F
$GPGSV,4,2,13,10,11,130,35,16,25,156,41,26,43,127,44,28,34,037,44,1*6C
$GPGSV,4,3,13,31,62,031,48,32,15,069,41,40,59,208,48,41,56,146,47,1*6E
$GPGSV,4,4,13,42,19,104,45,1*5C
$GPGSV,2,1,08,01,48,261,46,03,46,332,45,04,24,291,43,10,11,130,38,6*67
$GPGSV,2,2,08,26,43,127,43,28,34,037,45,31,62,031,45,32,15,069,40,6*68
$GLGSV,2,1,08,68,24,073,47,69,41,015,48,78,17,033,44,79,57,079,50,1*70
$GLGSV,2,2,08,80,40,170,49,84,29,248,38,85,19,302,43,,,,45,1*47
$GLGSV,2,1,08,68,24,073,45,69,41,015,49,78,17,033,43,79,57,079,48,3*7F
$GLGSV,2,2,08,80,40,170,47,84,29,248,45,85,19,302,40,,,,45,3*42
$GLGSV,1,1,02,70,11,311,,83,03,190,,0*7F
$GAGSV,3,1,11,04,52,006,51,06,49,323,51,09,34,296,50,10,47,212,50,2*78
$GAGSV,3,2,11,11,52,257,46,12,32,186,45,19,16,063,37,21,11,050,42,2*70
$GAGSV,3,3,11,23,33,099,48,31,25,157,48,36,23,312,46,2*47
$GAGSV,3,1,11,04,52,006,46,06,49,323,45,09,34,296,44,10,47,212,44,7*7E
$GAGSV,3,2,11,11,52,257,43,12,32,186,39,19,16,063,33,21,11,050,39,7*73
$GAGSV,3,3,11,23,33,099,44,31,25,157,40,36,23,312,41,7*41
$GBGSV,2,1,08,06,55,035,44,08,34,130,42,09,70,031,46,13,51,125,46,1*7A
$GBGSV,2,2,08,16,47,035,45,23,67,147,51,25,41,052,47,27,17,225,42,1*7D
$GBGSV,2,1,05,06,55,035,47,08,34,130,46,09,70,031,49,13,51,125,47,B*0D
$GBGSV,2,2,05,16,47,035,46,B*30
$GBGSV,4,1,13,01,03,096,,02,58,141,,03,34,114,,07,07,137,,0*73
$GBGSV,4,2,13,10,08,148,,28,04,185,,30,12,274,,32,38,329,,0*76
$GBGSV,4,3,13,33,17,099,,37,25,200,,38,23,134,,39,38,036,,0*7D
$GBGSV,4,4,13,41,53,054,,0*47
$GQGSV,1,1,02,02,12,082,40,04,19,095,41,1*6D
$GQGSV,1,1,03,02,12,082,40,04,19,095,43,07,19,104,38,6*58
$GNGLL,2454.22887,N,06708.26963,E,175020.00,A,D*72
$GNRMC,175021.00,A,2454.22880,N,06708.27018,E,1.804,100.12,300425,,,R,V*14
$GNVTG,100.12,T,,M,1.804,N,3.341,K,D*2C
$GNGGA,175021.00,2454.22880,N,06708.27018,E,4,12,0.61,21.8,M,-44.2,M,1.0,0265*7B
$GNGSA,A,3,01,03,28,31,04,26,10,02,16,32,,,1.35,0.61,1.21,1*0C
$GNGSA,A,3,69,80,68,85,84,78,79,,,,,,1.35,0.61,1.21,2*09
$GNGSA,A,3,11,23,21,31,10,19,,,,,,,1.35,0.61,1.21,3*08
$GNGSA,A,3,23,06,08,13,16,09,25,27,,,,,1.35,0.61,1.21,4*07
$GNGSA,A,3,04,,,,,,,,,,,,1.35,0.61,1.21,5*03
$GPGSV,4,1,13,01,48,261,45,02,38,223,45,03,46,332,45,04,24,291,39,1*61
$GPGSV,4,2,13,10,11,130,38,16,25,156,39,26,43,127,45,28,34,037,45,1*6E
$GPGSV,4,3,13,31,62,031,49,32,15,069,40,40,59,208,48,41,56,146,46,1*6F
$GPGSV,4,4,13,42,19,104,45,1*5C
$GPGSV,2,1,08,01,48,261,47,03,46,332,45,04,24,291,44,10,11,130,35,6*6C
$GPGSV,2,2,08,26,43,127,42,28,34,037,44,31,62,031,46,32,15,069,37,6*6B
$GLGSV,2,1,08,68,24,073,46,69,41,015,49,78,17,033,43,79,57,079,50,1*77
$GLGSV,2,2,08,80,40,170,50,84,29,248,38,85,19,302,45,,,,47,1*4B
$GLGSV,2,1,08,68,24,073,47,69,41,015,47,78,17,033,45,79,57,079,48,3*75
$GLGSV,2,2,08,80,40,170,47,84,29,248,45,85,19,302,43,,,,45,3*41
$GLGSV,1,1,02,70,11,311,,83,03,190,,0*7F
$GAGSV,3,1,11,04,52,006,51,06,49,323,50,09,34,296,50,10,47,212,50,2*79
$GAGSV,3,2,11,11,52,257,47,12,32,186,45,19,16,063,37,21,11,050,45,2*76
$GAGSV,3,3,11,23,33,099,49,31,25,157,48,36,23,312,46,2*46
$GAGSV,3,1,11,04,52,006,46,06,49,323,46,09,34,296,44,10,47,212,44,7*7D
$GAGSV,3,2,11,11,52,257,43,12,32,186,39,19,16,063,31,21,11,050,37,7*7F
$GAGSV,3,3,11,23,33,099,46,31,25,157,40,36,23,312,40,7*42
$GBGSV,2,1,08,06,55,035,44,08,34,130,38,09,70,031,46,13,51,125,46,1*77
$GBGSV,2,2,08,16,47,035,44,23,67,147,51,25,41,052,48,27,17,225,42,1*73
$GBGSV,2,1,05,06,55,035,48,08,34,130,43,09,70,031,49,13,51,125,46,B*06
$GBGSV,2,2,05,16,47,035,46,B*30
$GBGSV,4,1,13,01,03,096,,02,58,141,,03,34,114,,07,07,137,,0*73
$GBGSV,4,2,13,10,08,148,,28,04,185,,30,12,274,,32,38,329,,0*76
$GBGSV,4,3,13,33,17,099,,37,25,200,,38,23,134,,39,38,036,,0*7D
$GBGSV,4,4,13,41,53,054,,0*47
$GQGSV,1,1,02,02,12,082,40,04,19,095,39,1*62
$GQGSV,1,1,03,02,12,082,40,04,19,095,42,07,19,104,36,6*57
$GNGLL,2454.22880,N,06708.27018,E,175021.00,A,D*70
$GNRMC,175022.00,A,2454.22871,N,06708.27070,E,1.682,101.54,300425,,,R,V*14
$GNVTG,101.54,T,,M,1.682,N,3.116,K,D*2F
$GNGGA,175022.00,2454.22871,N,06708.27070,E,4,12,0.61,21.8,M,-44.2,M,1.0,0265*78
$GNGSA,A,3,01,03,28,31,04,26,10,02,16,32,,,1.35,0.61,1.21,1*0C
$GNGSA,A,3,69,80,68,85,84,78,79,,,,,,1.35,0.61,1.21,2*09
$GNGSA,A,3,11,23,21,31,10,19,,,,,,,1.35,0.61,1.21,3*08
$GNGSA,A,3,23,06,08,13,16,09,25,27,,,,,1.35,0.61,1.21,4*07
$GNGSA,A,3,04,,,,,,,,,,,,1.35,0.61,1.21,5*03
$GPGSV,4,1,13,01,48,261,44,02,38,223,45,03,46,332,46,04,24,291,40,1*6D
$GPGSV,4,2,13,10,11,130,37,16,25,156,39,26,43,127,43,28,34,037,44,1*66
$GPGSV,4,3,13,31,62,031,49,32,15,069,40,40,59,208,49,41,56,146,45,1*6D
$GPGSV,4,4,13,42,19,104,44,1*5D
$GPGSV,2,1,08,01,48,261,47,03,46,332,45,04,24,291,43,10,11,130,32,6*6C
$GPGSV,2,2,08,26,43,127,43,28,34,037,46,31,62,031,45,32,15,069,39,6*65
$GLGSV,2,1,08,68,24,073,47,69,41,015,47,78,17,033,46,79,57,079,50,1*7D
$GLGSV,2,2,08,80,40,170,51,84,29,248,38,85,19,302,45,,,,46,1*4B
$GLGSV,2,1,08,68,24,073,46,69,41,015,48,78,17,033,43,79,57,079,48,3*7D
$GLGSV,2,2,08,80,40,170,48,84,29,248,44,85,19,302,44,,,,46,3*4B
$GLGSV,1,1,02,70,11,311,,83,03,190,,0*7F
$GAGSV,3,1,11,04,52,006,50,06,49,323,51,09,34,296,49,10,47,212,49,2*79
$GAGSV,3,2,11,11,52,257,46,12,32,186,44,19,16,063,39,21,11,050,43,2*7E
$GAGSV,3,3,11,23,33,099,49,31,25,157,43,36,23,312,46,2*4D
$GAGSV,3,1,11,04,52,006,46,06,49,323,46,09,34,296,43,10,47,212,44,7*7A
$GAGSV,3,2,11,11,52,257,44,12,32,186,39,19,16,063,33,21,11,050,37,7*7A
$GAGSV,3,3,11,23,33,099,44,31,25,157,38,36,23,312,40,7*4F
$GBGSV,2,1,08,06,55,035,45,08,34,130,38,09,70,031,46,13,51,125,43,1*73
$GBGSV,2,2,08,16,47,035,45,23,67,147,51,25,41,052,47,27,17,225,42,1*7D
$GBGSV,2,1,05,06,55,035,47,08,34,130,43,09,70,031,49,13,51,125,45,B*0A
$GBGSV,2,2,05,16,47,035,46,B*30
$GBGSV,4,1,13,01,03,096,,02,58,141,,03,34,114,,07,07,137,,0*73
$GBGSV,4,2,13,10,08,148,,28,04,185,,30,12,274,,32,38,329,,0*76
$GBGSV,4,3,13,33,17,099,,37,25,200,,38,23,134,,39,38,036,,0*7D
$GBGSV,4,4,13,41,53,054,,0*47
$GQGSV,1,1,02,02,12,082,37,04,19,095,36,1*6D
$GQGSV,1,1,03,02,12,082,36,04,19,095,41,07,19,104,40,6*54
$GNGLL,2454.22871,N,06708.27070,E,175022.00,A,D*73
$GNRMC,175023.00,A,2454.22861,N,06708.27114,E,1.456,107.31,300425,,,R,V*19
$GNVTG,107.31,T,,M,1.456,N,2.696,K,D*2F
$GNGGA,175023.00,2454.22861,N,06708.27114,E,4,12,0.61,21.8,M,-44.2,M,1.0,0265*7B
$GNGSA,A,3,01,03,28,31,04,26,10,02,16,32,,,1.35,0.61,1.21,1*0C
$GNGSA,A,3,69,80,68,85,84,78,79,,,,,,1.35,0.61,1.21,2*09
$GNGSA,A,3,11,23,21,31,10,19,,,,,,,1.35,0.61,1.21,3*08
$GNGSA,A,3,23,06,08,13,16,09,25,27,,,,,1.35,0.61,1.21,4*07
$GNGSA,A,3,04,,,,,,,,,,,,1.35,0.61,1.21,5*03
$GPGSV,4,1,13,01,48,261,44,02,38,223,44,03,46,332,45,04,24,291,41,1*6E
$GPGSV,4,2,13,10,11,130,39,16,25,156,37,26,43,127,41,28,34,037,45,1*65
$GPGSV,4,3,13,31,62,031,47,32,15,069,38,40,59,208,47,41,56,146,46,1*61
$GPGSV,4,4,13,42,19,104,41,1*58
$GPGSV,2,1,08,01,48,261,47,03,46,332,46,04,24,291,42,10,11,130,35,6*69
$GPGSV,2,2,08,26,43,127,39,28,34,037,44,31,62,031,46,32,15,069,41,6*66
$GLGSV,2,1,08,68,24,073,44,69,41,015,49,78,17,033,49,79,57,079,51,1*7E
$GLGSV,2,2,08,80,40,170,45,84,29,248,38,85,19,302,44,,,,44,1*4D
$GLGSV,2,1,08,68,24,073,46,69,41,015,49,78,17,033,43,79,57,079,48,3*7C
$GLGSV,2,2,08,80,40,170,43,84,29,248,44,85,19,302,44,,,,45,3*43
$GLGSV,1,1,02,70,11,311,,83,03,190,,0*7F
$GAGSV,3,1,11,04,52,006,50,06,49,323,51,09,34,296,49,10,47,212,49,2*79
$GAGSV,3,2,11,11,52,257,47,12,32,186,45,19,16,063,43,21,11,050,44,2*74
$GAGSV,3,3,11,23,33,099,48,31,25,157,40,36,23,312,46,2*4F
$GAGSV,3,1,11,04,52,006,46,06,49,323,46,09,34,296,44,10,47,212,45,7*7C
$GAGSV,3,2,11,11,52,257,43,12,32,186,39,19,16,063,34,21,11,050,39,7*74
$GAGSV,3,3,11,23,33,099,44,31,25,157,38,36,23,312,41,7*4E
$GBGSV,2,1,08,06,55,035,46,08,34,130,38,09,70,031,46,13,51,125,43,1*70
$GBGSV,2,2,08,16,47,035,46,23,67,147,49,25,41,052,46,27,17,225,43,1*77
$GBGSV,2,1,05,06,55,035,49,08,34,130,41,09,70,031,50,13,51,125,40,B*0B
$GBGSV,2,2,05,16,47,035,49,B*3F
$GBGSV,4,1,13,01,03,096,,02,58,141,,03,34,114,,07,07,137,,0*73
$GBGSV,4,2,13,10,08,148,,28,04,185,,30,12,274,,32,38,329,,0*76
$GBGSV,4,3,13,33,17,099,,37,25,200,,38,23,134,,39,38,036,,0*7D
$GBGSV,4,4,13,41,53,054,,0*47
$GQGSV,1,1,02,02,12,082,38,04,19,095,36,1*62
$GQGSV,1,1,03,02,12,082,34,04,19,095,40,07,19,104,42,6*55
$GNGLL,2454.22861,N,06708.27114,E,175023.00,A,D*70
$GNRMC,175024.00,A,2454.22848,N,06708.27162,E,1.698,106.20,300425,,,R,V*15
$GNVTG,106.20,T,,M,1.698,N,3.145,K,D*26
$GNGGA,175024.00,2454.22848,N,06708.27162,E,4,12,0.61,21.8,M,-44.2,M,1.0,0265*76
$GNGSA,A,3,01,03,28,31,04,26,10,02,16,32,,,1.35,0.61,1.20,1*0D
$GNGSA,A,3,69,80,68,85,84,78,79,,,,,,1.35,0.61,1.20,2*08
$GNGSA,A,3,11,23,21,31,10,19,,,,,,,1.35,0.61,1.20,3*09
$GNGSA,A,3,23,06,08,13,16,09,25,27,,,,,1.35,0.61,1.20,4*06
$GNGSA,A,3,04,,,,,,,,,,,,1.35,0.61,1.20,5*02
$GPGSV,4,1,13,01,48,261,45,02,38,223,43,03,46,332,48,04,24,291,40,1*64
$GPGSV,4,2,13,10,11,130,42,16,25,156,43,26,43,127,44,28,34,037,42,1*68
$GPGSV,4,3,13,31,62,031,47,32,15,069,43,40,59,208,45,41,56,146,46,1*6F
$GPGSV,4,4,13,42,19,104,44,1*5D
$GPGSV,2,1,08,01,48,261,45,03,46,332,45,04,24,291,42,10,11,130,37,6*6A
$GPGSV,2,2,08,26,43,127,40,28,34,037,45,31,62,031,45,32,15,069,42,6*69
$GLGSV,2,1,08,68,24,073,45,69,41,015,49,78,17,033,47,79,57,079,52,1*72
$GLGSV,2,2,08,80,40,170,38,84,29,248,38,85,19,302,43,,,,45,1*41
$GLGSV,2,1,08,68,24,073,44,69,41,015,46,78,17,033,46,79,57,079,46,3*7A
$GLGSV,2,2,08,80,40,170,39,84,29,248,45,85,19,302,44,,,,47,3*4D
$GLGSV,1,1,02,70,11,311,,83,03,190,,0*7F
$GAGSV,3,1,11,04,52,006,49,06,49,323,49,09,34,296,50,10,47,212,44,2*7D
$GAGSV,3,2,11,11,52,257,45,12,32,186,40,19,16,063,38,21,11,050,40,2*7B
$GAGSV,3,3,11,23,33,099,48,31,25,157,46,36,23,312,46,2*49
$GAGSV,3,1,11,04,52,006,43,06,49,323,44,09,34,296,43,10,47,212,40,7*79
$GAGSV,3,2,11,11,52,257,42,12,32,186,36,19,16,063,36,21,11,050,34,7*75
$GAGSV,3,3,11,23,33,099,44,31,25,157,42,36,23,312,41,7*43
$GBGSV,2,1,08,06,55,035,48,08,34,130,41,09,70,031,45,13,51,125,43,1*73
$GBGSV,2,2,08,16,47,035,45,23,67,147,47,25,41,052,51,27,17,225,45,1*7A
$GBGSV,2,1,05,06,55,035,48,08,34,130,45,09,70,031,50,13,51,125,45,B*0B
$GBGSV,2,2,05,16,47,035,46,B*30
$GBGSV,4,1,13,01,03,096,,02,58,141,,03,34,114,,07,07,137,,0*73
$GBGSV,4,2,13,10,08,148,,28,04,185,,30,12,274,,32,38,329,,0*76
$GBGSV,4,3,13,33,17,099,,37,25,200,,38,23,134,,39,38,036,,0*7D
$GBGSV,4,4,13,41,53,054,,0*47
$GQGSV,1,1,02,02,12,082,38,04,19,095,39,1*6D
$GQGSV,1,1,03,02,12,082,34,04,19,095,41,07,19,104,42,6*54
$GNGLL,2454.22848,N,06708.27162,E,175024.00,A,D*7D
$GNRMC,175025.00,A,2454.22828,N,06708.27222,E,2.249,111.29,300425,,,R,V*11
$GNVTG,111.29,T,,M,2.249,N,4.164,K,D*26
$GNGGA,175025.00,2454.22828,N,06708.27222,E,4,12,0.61,21.8,M,-44.2,M,1.0,0265*76
$GNGSA,A,3,01,03,28,31,04,26,10,02,16,32,,,1.35,0.61,1.20,1*0D
$GNGSA,A,3,69,80,68,85,84,78,79,,,,,,1.35,0.61,1.20,2*08
$GNGSA,A,3,11,23,21,31,10,19,,,,,,,1.35,0.61,1.20,3*09
$GNGSA,A,3,23,06,08,13,16,09,25,27,,,,,1.35,0.61,1.20,4*06
$GNGSA,A,3,04,,,,,,,,,,,,1.35,0.61,1.20,5*02
$GPGSV,4,1,13,01,48,261,43,02,38,223,37,03,46,332,47,04,24,291,40,1*6E
$GPGSV,4,2,13,10,11,130,42,16,25,156,42,26,43,127,46,28,34,037,45,1*6C
$GPGSV,4,3,13,31,62,031,49,32,15,069,42,40,59,208,43,41,56,146,48,1*68
$GPGSV,4,4,13,42,19,104,46,1*5F
$GPGSV,2,1,08,01,48,261,45,03,46,332,45,04,24,291,46,10,11,130,36,6*6F
$GPGSV,2,2,08,26,43,127,44,28,34,037,44,31,62,031,47,32,15,069,43,6*6F
$GLGSV,2,1,08,68,24,073,45,69,41,015,49,78,16,033,45,79,57,079,50,1*73
$GLGSV,2,2,08,80,40,170,49,84,29,248,32,85,19,302,47,,,,46,1*4A
$GLGSV,2,1,08,68,24,073,43,69,41,015,46,78,16,033,46,79,57,079,48,3*72
$GLGSV,2,2,08,80,40,170,47,84,29,248,37,85,19,302,42,,,,44,3*44
$GLGSV,1,1,02,70,11,311,,83,03,190,,0*7F
$GAGSV,3,1,11,04,52,006,49,06,49,323,52,09,34,296,51,10,47,212,49,2*7B
$GAGSV,3,2,11,11,52,257,44,12,32,186,45,19,16,063,41,21,11,050,43,2*72
$GAGSV,3,3,11,23,33,099,48,31,25,157,46,36,23,312,47,2*48
$GAGSV,3,1,11,04,52,006,45,06,49,323,43,09,34,296,40,10,47,212,42,7*79
$GAGSV,3,2,11,11,52,257,39,12,32,186,40,19,16,063,34,21,11,050,39,7*77
$GAGSV,3,3,11,23,33,099,43,31,25,157,40,36,23,312,41,7*46
$GBGSV,2,1,08,06,55,035,45,08,34,130,43,09,70,031,47,13,51,125,46,1*7B
$GBGSV,2,2,08,16,47,035,45,23,67,147,50,25,41,052,49,27,17,225,37,1*70
$GBGSV,2,1,05,06,55,035,48,08,34,130,47,09,70,031,48,13,51,125,47,B*02
$GBGSV,2,2,05,16,47,035,47,B*31
$GBGSV,4,1,13,01,03,096,,02,58,141,,03,34,114,,07,07,137,,0*73
$GBGSV,4,2,13,10,08,148,,28,04,185,,30,12,274,,32,38,329,,0*76
$GBGSV,4,3,13,33,17,099,,37,25,200,,38,23,134,,39,38,036,,0*7D
$GBGSV,4,4,13,41,53,054,,0*47
$GQGSV,1,1,02,02,12,082,39,04,19,095,40,1*62
$GQGSV,1,1,03,02,12,082,41,04,19,095,42,07,19,104,42,6*55
$GNGLL,2454.22828,N,06708.27222,E,175025.00,A,D*7D
$GNRMC,175026.00,A,2454.22813,N,06708.27264,E,0.936,113.13,300425,,,R,V*12
$GNVTG,113.13,T,,M,0.936,N,1.733,K,D*2D
$GNGGA,175026.00,2454.22813,N,06708.27264,E,4,12,0.61,21.8,M,-44.2,M,1.0,0265*7F
$GNGSA,A,3,01,03,28,31,04,26,10,02,16,32,,,1.35,0.61,1.20,1*0D
$GNGSA,A,3,69,80,68,85,84,78,79,,,,,,1.35,0.61,1.20,2*08
$GNGSA,A,3,11,23,21,31,10,19,,,,,,,1.35,0.61,1.20,3*09
$GNGSA,A,3,23,06,08,13,16,09,25,27,,,,,1.35,0.61,1.20,4*06
$GNGSA,A,3,04,,,,,,,,,,,,1.35,0.61,1.20,5*02
$GPGSV,4,1,13,01,48,261,45,02,38,223,46,03,46,332,47,04,24,291,44,1*6A
$GPGSV,4,2,13,10,11,130,40,16,25,156,41,26,43,127,46,28,34,037,43,1*6B
$GPGSV,4,3,13,31,62,031,49,32,15,069,43,40,59,208,49,41,56,146,47,1*6C
$GPGSV,4,4,13,42,19,104,46,1*5F
$GPGSV,2,1,08,01,48,261,46,03,46,332,46,04,24,291,43,10,11,130,36,6*6A
$GPGSV,2,2,08,26,43,127,44,28,34,037,45,31,62,031,46,32,15,069,42,6*6E
$GLGSV,2,1,08,68,24,073,47,69,41,015,50,78,16,033,45,79,57,077,50,1*77
$GLGSV,2,2,08,80,40,170,49,84,29,248,32,85,19,302,43,,,,45,1*4D
$GLGSV,2,1,08,68,24,073,45,69,41,015,48,78,16,033,46,79,57,077,47,3*7B
$GLGSV,2,2,08,80,40,170,48,84,29,248,42,85,19,302,41,,,,45,3*4B
$GLGSV,1,1,02,70,11,311,,83,03,190,,0*7F
$GAGSV,3,1,11,04,52,006,50,06,49,323,50,09,34,296,51,10,47,212,52,2*7B
$GAGSV,3,2,11,11,52,257,47,12,32,186,43,19,16,063,42,21,11,050,44,2*73
$GAGSV,3,3,11,23,33,099,48,31,25,157,46,36,23,312,46,2*49
$GAGSV,3,1,11,04,52,006,44,06,49,323,46,09,34,296,45,10,47,212,45,7*7F
$GAGSV,3,2,11,11,52,257,40,12,32,186,39,19,16,063,34,21,11,050,39,7*77
$GAGSV,3,3,11,23,33,099,44,31,25,157,42,36,23,312,38,7*4D
$GBGSV,2,1,08,06,55,035,45,08,34,130,42,09,70,031,46,13,51,125,47,1*7A
$GBGSV,2,2,08,16,47,035,44,23,67,147,51,25,41,052,48,27,17,225,40,1*71
$GBGSV,2,1,05,06,55,035,49,08,34,130,46,09,70,031,49,13,51,125,47,B*03
$GBGSV,2,2,05,16,47,035,47,B*31
$GBGSV,4,1,13,01,03,096,,02,58,141,,03,34,114,,07,07,137,,0*73
$GBGSV,4,2,13,10,08,148,,28,04,185,,30,12,274,,32,38,329,,0*76
$GBGSV,4,3,13,33,17,099,,37,25,200,,38,23,134,,39,38,036,,0*7D
$GBGSV,4,4,13,41,53,054,,0*47
$GQGSV,1,1,02,02,12,082,39,04,19,095,37,1*62
$GQGSV,1,1,03,02,12,082,40,04,19,095,40,07,19,104,43,6*57
$GNGLL,2454.22813,N,06708.27264,E,175026.00,A,D*74
$GNRMC,175027.00,A,2454.22811,N,06708.27271,E,0.081,,300425,,,R,V*0F
$GNVTG,,T,,M,0.081,N,0.151,K,D*34
$GNGGA,175027.00,2454.22811,N,06708.27271,E,4,12,0.61,21.8,M,-44.2,M,1.0,0265*78
$GNGSA,A,3,01,03,28,31,04,26,10,02,16,32,,,1.35,0.61,1.20,1*0D
$GNGSA,A,3,69,80,68,85,84,78,79,,,,,,1.35,0.61,1.20,2*08
$GNGSA,A,3,11,23,21,31,10,19,,,,,,,1.35,0.61,1.20,3*09
$GNGSA,A,3,23,06,08,13,16,09,25,27,,,,,1.35,0.61,1.20,4*06
$GNGSA,A,3,04,,,,,,,,,,,,1.35,0.61,1.20,5*02
$GPGSV,4,1,13,01,48,261,44,02,38,223,45,03,46,332,46,04,24,291,43,1*6E
$GPGSV,4,2,13,10,11,130,38,16,25,156,41,26,43,127,45,28,34,037,43,1*67
$GPGSV,4,3,13,31,62,031,48,32,15,069,40,40,59,208,48,41,56,146,46,1*6E
$GPGSV,4,4,13,42,19,104,44,1*5D
$GPGSV,2,1,08,01,48,261,47,03,46,332,45,04,24,291,43,10,11,130,37,6*69
$GPGSV,2,2,08,26,43,127,43,28,34,037,46,31,62,031,46,32,15,069,42,6*6A
$GLGSV,2,1,08,68,24,073,48,69,41,015,48,78,16,033,44,79,57,077,50,1*70
$GLGSV,2,2,08,80,41,170,48,84,29,248,33,85,19,302,45,,,,46,1*49
$GLGSV,2,1,08,68,24,073,44,69,41,015,48,78,16,033,46,79,57,077,48,3*75
$GLGSV,2,2,08,80,41,170,47,84,29,248,43,85,19,302,42,,,,46,3*44
$GLGSV,1,1,02,70,11,311,,83,03,190,,0*7F
$GAGSV,3,1,11,04,52,006,50,06,49,323,50,09,34,296,51,10,47,212,49,2*71
$GAGSV,3,2,11,11,52,257,45,12,32,186,45,19,16,063,42,21,11,050,44,2*77
$GAGSV,3,3,11,23,33,099,48,31,25,157,46,36,23,312,46,2*49
$GAGSV,3,1,11,04,52,006,46,06,49,323,45,09,34,296,45,10,47,212,45,7*7E
$GAGSV,3,2,11,11,52,257,39,12,32,186,39,19,16,063,33,21,11,050,41,7*71
$GAGSV,3,3,11,23,33,099,44,31,25,157,42,36,23,312,40,7*42
$GBGSV,2,1,08,06,55,035,44,08,34,130,43,09,70,031,46,13,51,125,46,1*7B
$GBGSV,2,2,08,16,47,035,44,23,67,147,51,25,41,052,49,27,17,225,40,1*70
$GBGSV,2,1,05,06,55,035,46,08,34,130,47,09,70,031,49,13,51,125,44,B*0E
$GBGSV,2,2,05,16,47,035,46,B*30
$GBGSV,4,1,13,01,03,096,,02,58,141,,03,34,114,,07,07,137,,0*73
$GBGSV,4,2,13,10,08,148,,28,04,185,,30,12,274,,32,38,329,,0*76
$GBGSV,4,3,13,33,17,099,,37,25,200,,38,23,134,,39,38,036,,0*7D
$GBGSV,4,4,13,41,53,054,,0*47
$GQGSV,1,1,02,02,12,082,38,04,19,095,35,1*61
$GQGSV,1,1,03,02,12,082,33,04,19,095,41,07,19,104,43,6*52
$GNGLL,2454.22811,N,06708.27271,E,175027.00,A,D*73
$GNRMC,175028.00,A,2454.22811,N,06708.27271,E,0.008,,300425,,,R,V*01
$GNVTG,,T,,M,0.008,N,0.014,K,D*35
$GNGGA,175028.00,2454.22811,N,06708.27271,E,4,12,0.61,21.8,M,-44.2,M,1.0,0265*77
$GNGSA,A,3,01,03,28,31,04,26,10,02,16,32,,,1.35,0.61,1.20,1*0D
$GNGSA,A,3,69,80,68,85,84,78,79,,,,,,1.35,0.61,1.20,2*08
$GNGSA,A,3,11,23,21,31,10,19,,,,,,,1.35,0.61,1.20,3*09
$GNGSA,A,3,23,06,08,13,16,09,25,27,,,,,1.35,0.61,1.20,4*06
$GNGSA,A,3,04,,,,,,,,,,,,1.35,0.61,1.20,5*02
$GPGSV,4,1,13,01,48,261,44,02,38,223,45,03,46,332,46,04,24,291,43,1*6E
$GPGSV,4,2,13,10,11,130,38,16,25,156,41,26,43,127,45,28,34,037,43,1*67
$GPGSV,4,3,13,31,62,031,48,32,15,069,40,40,59,208,47,41,56,146,46,1*61
$GPGSV,4,4,13,42,19,104,44,1*5D
$GPGSV,2,1,08,01,48,261,46,03,46,332,45,04,24,291,43,10,11,130,36,6*69
$GPGSV,2,2,08,26,43,127,44,28,34,037,46,31,62,031,46,32,15,069,41,6*6E
$GLGSV,2,1,08,68,24,073,48,69,41,015,48,78,16,033,44,79,57,077,50,1*70
$GLGSV,2,2,08,80,41,170,48,84,29,248,33,85,19,302,45,,,,46,1*49
$GLGSV,2,1,08,68,24,073,44,69,41,015,48,78,16,033,46,79,57,077,48,3*75
$GLGSV,2,2,08,80,41,170,47,84,29,248,43,85,19,302,41,,,,46,3*47
$GLGSV,1,1,02,70,11,311,,83,03,190,,0*7F
$GAGSV,3,1,11,04,52,006,50,06,49,323,50,09,34,296,51,10,47,212,49,2*71
$GAGSV,3,2,11,11,52,257,45,12,32,186,45,19,16,063,43,21,11,050,44,2*76
$GAGSV,3,3,11,23,33,099,48,31,25,157,46,36,23,312,46,2*49
$GAGSV,3,1,11,04,52,006,46,06,49,323,46,09,34,296,45,10,47,212,45,7*7D
$GAGSV,3,2,11,11,52,257,39,12,32,186,40,19,16,063,33,21,11,050,41,7*7F
$GAGSV,3,3,11,23,33,099,44,31,25,157,42,36,23,312,41,7*43
$GBGSV,2,1,08,06,55,035,44,08,34,130,42,09,70,031,46,13,51,125,46,1*7A
$GBGSV,2,2,08,16,47,035,44,23,67,147,51,25,41,052,48,27,17,225,40,1*71
$GBGSV,2,1,05,06,55,035,46,08,34,130,47,09,70,031,49,13,51,125,44,B*0E
$GBGSV,2,2,05,16,47,035,46,B*30
$GBGSV,4,1,13,01,03,096,,02,58,141,,03,34,114,,07,07,137,,0*73
$GBGSV,4,2,13,10,08,148,,28,04,185,,30,12,274,,32,38,329,,0*76
$GBGSV,4,3,13,33,17,099,,37,25,200,,38,23,134,,39,38,036,,0*7D
$GBGSV,4,4,13,41,53,054,,0*47
$GQGSV,1,1,02,02,12,082,38,04,19,095,36,1*62
$GQGSV,1,1,03,02,12,082,36,04,19,095,41,07,19,104,42,6*56
$GNGLL,2454.22811,N,06708.27271,E,175028.00,A,D*7C
$GNRMC,175029.00,A,2454.22811,N,06708.27271,E,0.008,,300425,,,R,V*00
$GNVTG,,T,,M,0.008,N,0.014,K,D*35
$GNGGA,175029.00,2454.22811,N,06708.27271,E,4,12,0.61,21.8,M,-44.2,M,1.0,0265*76
$GNGSA,A,3,01,03,28,31,04,26,10,02,16,32,,,1.35,0.61,1.20,1*0D
$GNGSA,A,3,69,80,68,85,84,78,79,,,,,,1.35,0.61,1.20,2*08
$GNGSA,A,3,11,23,21,31,10,19,,,,,,,1.35,0.61,1.20,3*09
$GNGSA,A,3,23,06,08,13,16,09,25,27,,,,,1.35,0.61,1.20,4*06
$GNGSA,A,3,04,,,,,,,,,,,,1.35,0.61,1.20,5*02
$GPGSV,4,1,13,01,48,261,44,02,38,223,45,03,46,332,46,04,24,291,43,1*6E
$GPGSV,4,2,13,10,11,130,38,16,25,156,41,26,43,127,45,28,34,037,43,1*67
$GPGSV,4,3,13,31,62,031,48,32,15,069,40,40,59,208,47,41,56,146,46,1*61
$GPGSV,4,4,13,42,19,104,44,1*5D
$GPGSV,2,1,08,01,48,261,46,03,46,332,45,04,24,291,43,10,11,130,36,6*69
$GPGSV,2,2,08,26,43,127,44,28,34,037,46,31,62,031,46,32,15,069,41,6*6E
$GLGSV,2,1,08,68,24,073,48,69,41,015,48,78,16,033,44,79,57,077,50,1*70
$GLGSV,2,2,08,80,41,170,48,84,29,248,33,85,19,302,45,,,,46,1*49
$GLGSV,2,1,08,68,24,073,44,69,41,015,47,78,16,033,46,79,57,077,48,3*7A
$GLGSV,2,2,08,80,41,170,47,84,29,248,43,85,19,302,41,,,,46,3*47
$GLGSV,1,1,02,70,11,311,,83,03,190,,0*7F
$GAGSV,3,1,11,04,52,006,50,06,49,323,50,09,34,296,51,10,47,212,49,2*71
$GAGSV,3,2,11,11,52,257,45,12,32,186,46,19,16,063,43,21,11,050,45,2*74
$GAGSV,3,3,11,23,33,099,48,31,25,157,46,36,23,312,46,2*49
$GAGSV,3,1,11,04,52,006,46,06,49,323,46,09,34,296,45,10,47,212,45,7*7D
$GAGSV,3,2,11,11,52,257,39,12,32,186,40,19,16,063,33,21,11,050,41,7*7F
$GAGSV,3,3,11,23,33,099,44,31,25,157,42,36,23,312,41,7*43
$GBGSV,2,1,08,06,55,035,44,08,34,130,42,09,70,031,46,13,51,125,46,1*7A
$GBGSV,2,2,08,16,47,035,44,23,67,147,51,25,41,052,48,27,17,225,40,1*71
$GBGSV,2,1,05,06,55,035,46,08,34,130,47,09,70,031,49,13,51,125,45,B*0F
$GBGSV,2,2,05,16,47,035,47,B*31
$GBGSV,4,1,13,01,03,096,,02,58,141,,03,34,114,,07,07,137,,0*73
$GBGSV,4,2,13,10,08,148,,28,04,185,,30,12,274,,32,38,329,,0*76
$GBGSV,4,3,13,33,17,099,,37,25,200,,38,23,134,,39,38,036,,0*7D
$GBGSV,4,4,13,41,53,054,,0*47
$GQGSV,1,1,02,02,12,082,38,04,19,095,36,1*62
$GQGSV,1,1,03,02,12,082,36,04,19,095,41,07,19,104,42,6*56
$GNGLL,2454.22811,N,06708.27271,E,175029.00,A,D*7D
$GNRMC,175030.00,A,2454.22811,N,06708.27271,E,0.003,,300425,,,R,V*03
$GNVTG,,T,,M,0.003,N,0.006,K,D*3D
$GNGGA,175030.00,2454.22811,N,06708.27271,E,4,12,0.61,21.8,M,-44.2,M,1.0,0265*7E
$GNGSA,A,3,01,03,28,31,04,26,10,02,16,32,,,1.35,0.61,1.20,1*0D
$GNGSA,A,3,69,80,68,85,84,78,79,,,,,,1.35,0.61,1.20,2*08
$GNGSA,A,3,11,23,21,31,10,19,,,,,,,1.35,0.61,1.20,3*09
$GNGSA,A,3,23,06,08,13,16,09,25,27,,,,,1.35,0.61,1.20,4*06
$GNGSA,A,3,04,,,,,,,,,,,,1.35,0.61,1.20,5*02
$GPGSV,4,1,13,01,48,261,44,02,38,223,45,03,46,332,46,04,24,291,43,1*6E
$GPGSV,4,2,13,10,11,130,38,16,25,156,41,26,43,127,45,28,34,037,43,1*67
$GPGSV,4,3,13,31,62,031,48,32,15,069,40,40,59,208,47,41,56,146,46,1*61
$GPGSV,4,4,13,42,19,104,44,1*5D
$GPGSV,2,1,08,01,48,261,46,03,46,332,45,04,24,291,43,10,11,130,36,6*69
$GPGSV,2,2,08,26,43,127,44,28,34,037,46,31,62,031,46,32,15,069,41,6*6E
$GLGSV,2,1,08,68,24,073,48,69,41,015,48,78,16,033,44,79,57,077,50,1*70
$GLGSV,2,2,08,80,41,170,48,84,29,248,33,85,19,302,45,,,,46,1*49
$GLGSV,2,1,08,68,24,073,44,69,41,015,47,78,16,033,46,79,57,077,48,3*7A
$GLGSV,2,2,08,80,41,170,47,84,29,248,42,85,19,302,41,,,,46,3*46
$GLGSV,1,1,02,70,11,311,,83,02,190,,0*7E
$GAGSV,3,1,11,04,52,006,50,06,49,323,50,09,34,296,51,10,47,212,49,2*71
$GAGSV,3,2,11,11,52,257,45,12,32,186,46,19,16,063,43,21,11,050,45,2*74
$GAGSV,3,3,11,23,33,099,48,31,25,157,46,36,23,312,46,2*49
$GAGSV,3,1,11,04,52,006,46,06,49,323,46,09,34,296,45,10,47,212,45,7*7D
$GAGSV,3,2,11,11,52,257,40,12,32,186,40,19,16,063,33,21,11,050,41,7*71
$GAGSV,3,3,11,23,33,099,44,31,25,157,42,36,23,312,41,7*43
$GBGSV,2,1,08,06,55,035,44,08,34,130,42,09,70,031,46,13,51,125,47,1*7B
$GBGSV,2,2,08,16,47,035,44,23,67,147,51,25,41,052,48,27,17,225,40,1*71
$GBGSV,2,1,05,06,55,035,46,08,34,130,47,09,70,031,49,13,51,125,45,B*0F
$GBGSV,2,2,05,16,47,035,46,B*30
$GBGSV,4,1,13,01,03,096,,02,58,141,,03,34,114,,07,07,137,,0*73
$GBGSV,4,2,13,10,08,148,,28,04,185,,30,12,274,,32,38,329,,0*76
$GBGSV,4,3,13,33,17,099,,37,25,200,,38,23,134,,39,38,036,,0*7D
$GBGSV,4,4,13,41,53,054,,0*47
$GQGSV,1,1,02,02,12,082,38,04,19,095,36,1*62
$GQGSV,1,1,03,02,12,082,36,04,19,095,41,07,19,104,42,6*56
$GNGLL,2454.22811,N,06708.27271,E,175030.00,A,D*75
$GNRMC,175031.00,A,2454.22811,N,06708.27271,E,0.010,,300425,,,R,V*00
$GNVTG,,T,,M,0.010,N,0.018,K,D*30
$GNGGA,175031.00,2454.22811,N,06708.27271,E,4,12,0.61,21.8,M,-44.2,M,1.0,0265*7F
$GNGSA,A,3,01,03,28,31,04,26,10,02,16,32,,,1.35,0.61,1.20,1*0D
$GNGSA,A,3,69,80,68,85,84,78,79,,,,,,1.35,0.61,1.20,2*08
$GNGSA,A,3,11,23,21,31,10,19,,,,,,,1.35,0.61,1.20,3*09
$GNGSA,A,3,23,06,08,13,16,09,25,27,,,,,1.35,0.61,1.20,4*06
$GNGSA,A,3,04,,,,,,,,,,,,1.35,0.61,1.20,5*02
$GPGSV,4,1,13,01,48,261,44,02,38,223,45,03,46,332,46,04,24,291,43,1*6E
$GPGSV,4,2,13,10,11,130,38,16,25,156,41,26,43,127,45,28,34,037,43,1*67
$GPGSV,4,3,13,31,62,031,48,32,15,069,40,40,59,208,47,41,56,146,46,1*61
$GPGSV,4,4,13,42,19,104,44,1*5D
$GPGSV,2,1,08,01,48,261,47,03,46,332,45,04,24,291,43,10,11,130,36,6*68
$GPGSV,2,2,08,26,43,127,44,28,34,037,46,31,62,031,46,32,15,069,41,6*6E
$GLGSV,2,1,08,68,24,073,47,69,41,015,48,78,16,033,44,79,57,077,50,1*7F
$GLGSV,2,2,08,80,41,170,48,84,28,247,33,85,19,302,46,,,,47,1*45
$GLGSV,2,1,08,68,24,073,44,69,41,015,47,78,16,033,46,79,57,077,48,3*7A
$GLGSV,2,2,08,80,41,170,47,84,28,247,43,85,19,302,41,,,,46,3*49
$GLGSV,1,1,02,70,11,311,,83,02,190,,0*7E
$GAGSV,3,1,11,04,52,006,50,06,49,323,50,09,34,296,51,10,47,212,49,2*71
$GAGSV,3,2,11,11,52,257,45,12,32,186,46,19,16,063,43,21,11,050,45,2*74
$GAGSV,3,3,11,23,33,099,48,31,25,157,46,36,23,312,46,2*49
$GAGSV,3,1,11,04,52,006,46,06,49,323,46,09,34,296,45,10,47,212,45,7*7D
$GAGSV,3,2,11,11,52,257,39,12,32,186,40,19,16,063,33,21,11,050,41,7*7F
$GAGSV,3,3,11,23,33,099,44,31,25,157,42,36,23,312,41,7*43
$GBGSV,2,1,08,06,55,035,44,08,34,130,42,09,70,031,46,13,51,125,46,1*7A
$GBGSV,2,2,08,16,47,035,44,23,67,147,51,25,41,052,48,27,17,225,40,1*71
$GBGSV,2,1,05,06,55,035,46,08,34,130,47,09,70,031,49,13,51,125,45,B*0F
$GBGSV,2,2,05,16,47,035,46,B*30
$GBGSV,4,1,13,01,03,096,,02,58,141,,03,34,114,,07,07,137,,0*73
$GBGSV,4,2,13,10,08,148,,28,04,185,,30,12,274,,32,38,329,,0*76
$GBGSV,4,3,13,33,17,099,,37,25,200,,38,23,134,,39,38,036,,0*7D
$GBGSV,4,4,13,41,53,054,,0*47
$GQGSV,1,1,02,02,12,082,38,04,19,095,36,1*62
$GQGSV,1,1,03,02,12,082,36,04,19,095,41,07,19,104,42,6*56
$GNGLL,2454.22811,N,06708.27271,E,175031.00,A,D*74
$GNRMC,175032.00,A,2454.22811,N,06708.27271,E,0.008,,300425,,,R,V*0A
$GNVTG,,T,,M,0.008,N,0.015,K,D*34
$GNGGA,175032.00,2454.22811,N,06708.27271,E,4,12,0.61,21.8,M,-44.2,M,1.0,0265*7C
$GNGSA,A,3,01,03,28,31,04,26,10,02,16,32,,,1.35,0.61,1.20,1*0D
$GNGSA,A,3,69,80,68,85,84,78,79,,,,,,1.35,0.61,1.20,2*08
$GNGSA,A,3,11,23,21,31,10,19,,,,,,,1.35,0.61,1.20,3*09
$GNGSA,A,3,23,06,08,13,16,09,25,27,,,,,1.35,0.61,1.20,4*06
$GNGSA,A,3,04,,,,,,,,,,,,1.35,0.61,1.20,5*02
$GPGSV,4,1,13,01,48,261,43,02,38,223,45,03,46,332,46,04,24,291,43,1*69
$GPGSV,4,2,13,10,11,130,39,16,25,156,41,26,43,127,45,28,34,037,43,1*66
$GPGSV,4,3,13,31,62,031,48,32,15,069,40,40,59,208,47,41,56,146,46,1*61
$GPGSV,4,4,13,42,19,104,44,1*5D
$GPGSV,2,1,08,01,48,261,47,03,46,332,45,04,24,291,43,10,11,130,36,6*68
$GPGSV,2,2,08,26,43,127,44,28,34,037,46,31,62,031,46,32,15,069,41,6*6E
$GLGSV,2,1,08,68,24,073,48,69,41,015,48,78,16,033,44,79,57,077,50,1*70
$GLGSV,2,2,08,80,41,170,48,84,28,247,33,85,19,301,46,,,,47,1*46
$GLGSV,2,1,08,68,24,073,44,69,41,015,47,78,16,033,46,79,57,077,48,3*7A
$GLGSV,2,2,08,80,41,170,47,84,28,247,42,85,19,301,41,,,,46,3*4B
$GLGSV,1,1,02,70,11,311,,83,02,190,,0*7E
$GAGSV,3,1,11,04,52,006,51,06,49,323,50,09,34,296,51,10,47,212,49,2*70
$GAGSV,3,2,11,11,52,257,45,12,32,186,46,19,16,063,43,21,11,050,45,2*74
$GAGSV,3,3,11,23,33,099,48,31,25,157,46,36,23,312,46,2*49
$GAGSV,3,1,11,04,52,006,46,06,49,323,46,09,34,296,45,10,47,212,45,7*7D
$GAGSV,3,2,11,11,52,257,40,12,32,186,40,19,16,063,33,21,11,050,41,7*71
$GAGSV,3,3,11,23,33,099,44,31,25,157,42,36,23,312,41,7*43
$GBGSV,2,1,08,06,55,035,44,08,34,130,42,09,70,031,46,13,51,125,46,1*7A
$GBGSV,2,2,08,16,47,035,44,23,67,147,51,25,41,052,48,27,17,225,40,1*71
$GBGSV,2,1,05,06,55,035,46,08,34,130,47,09,70,031,49,13,51,125,45,B*0F
$GBGSV,2,2,05,16,47,035,47,B*31
$GBGSV,4,1,13,01,03,096,,02,58,141,,03,34,114,,07,07,137,,0*73
$GBGSV,4,2,13,10,08,148,,28,04,185,,30,12,274,,32,38,329,,0*76
$GBGSV,4,3,13,33,17,099,,37,25,200,,38,23,134,,39,38,036,,0*7D
$GBGSV,4,4,13,41,53,054,,0*47
$GQGSV,1,1,02,02,12,082,38,04,19,095,36,1*62
$GQGSV,1,1,03,02,12,082,36,04,19,095,41,07,19,104,42,6*56
$GNGLL,2454.22811,N,06708.27271,E,175032.00,A,D*77
$GNRMC,175033.00,A,2454.22811,N,06708.27271,E,0.008,,300425,,,R,V*0B
$GNVTG,,T,,M,0.008,N,0.014,K,D*35
$GNGGA,175033.00,2454.22811,N,06708.27271,E,4,12,0.61,21.8,M,-44.2,M,1.0,0265*7D
$GNGSA,A,3,01,03,28,31,04,26,10,02,16,32,,,1.35,0.61,1.20,1*0D
$GNGSA,A,3,69,80,68,85,84,78,79,,,,,,1.35,0.61,1.20,2*08
$GNGSA,A,3,11,23,21,31,10,19,,,,,,,1.35,0.61,1.20,3*09
$GNGSA,A,3,23,06,08,13,16,09,25,27,,,,,1.35,0.61,1.20,4*06
$GNGSA,A,3,04,,,,,,,,,,,,1.35,0.61,1.20,5*02
$GPGSV,4,1,13,01,48,261,43,02,38,223,45,03,46,332,46,04,24,291,43,1*69
$GPGSV,4,2,13,10,11,130,38,16,25,156,41,26,43,127,45,28,34,037,43,1*67
$GPGSV,4,3,13,31,62,031,48,32,15,069,40,40,59,208,47,41,56,146,46,1*61
$GPGSV,4,4,13,42,19,104,44,1*5D
$GPGSV,2,1,08,01,48,261,47,03,46,332,45,04,24,291,43,10,11,130,36,6*68
$GPGSV,2,2,08,26,43,127,44,28,34,037,46,31,62,031,46,32,15,069,41,6*6E
$GLGSV,2,1,08,68,24,073,48,69,41,015,48,78,16,033,44,79,57,077,50,1*70
$GLGSV,2,2,08,80,41,170,48,84,28,247,33,85,19,301,46,,,,46,1*47
$GLGSV,2,1,08,68,24,073,44,69,41,015,47,78,16,033,46,79,57,077,48,3*7A
$GLGSV,2,2,08,80,41,170,47,84,28,247,42,85,19,301,41,,,,46,3*4B
$GLGSV,1,1,02,70,11,311,,83,02,190,,0*7E
$GAGSV,3,1,11,04,52,006,51,06,49,323,50,09,34,296,51,10,47,212,49,2*70
$GAGSV,3,2,11,11,52,257,45,12,32,186,46,19,16,063,43,21,11,050,45,2*74
$GAGSV,3,3,11,23,33,099,48,31,25,157,46,36,23,312,46,2*49
$GAGSV,3,1,11,04,52,006,46,06,49,323,46,09,34,296,45,10,47,212,45,7*7D
$GAGSV,3,2,11,11,52,257,40,12,32,186,40,19,16,063,34,21,11,050,41,7*76
$GAGSV,3,3,11,23,33,099,44,31,25,157,42,36,23,312,41,7*43
$GBGSV,2,1,08,06,55,035,43,08,34,130,42,09,70,031,46,13,51,125,46,1*7D
$GBGSV,2,2,08,16,47,035,44,23,67,147,51,25,41,052,48,27,17,225,40,1*71
$GBGSV,2,1,05,06,55,035,46,08,34,130,47,09,70,031,49,13,51,125,45,B*0F
$GBGSV,2,2,05,16,47,035,47,B*31
$GBGSV,4,1,13,01,03,096,,02,58,141,,03,34,114,,07,07,137,,0*73
$GBGSV,4,2,13,10,08,148,,28,04,185,,30,12,274,,32,38,329,,0*76
$GBGSV,4,3,13,33,17,099,,37,25,200,,38,23,134,,39,38,036,,0*7D
$GBGSV,4,4,13,41,53,054,,0*47
$GQGSV,1,1,02,02,12,082,38,04,19,095,36,1*62
$GQGSV,1,1,03,02,12,082,36,04,19,095,41,07,19,104,42,6*56
$GNGLL,2454.22811,N,06708.27271,E,175033.00,A,D*76
$GNRMC,175034.00,A,2454.22811,N,06708.27271,E,0.002,,300425,,,R,V*06
$GNVTG,,T,,M,0.002,N,0.004,K,D*3E
$GNGGA,175034.00,2454.22811,N,06708.27271,E,4,12,0.61,21.8,M,-44.2,M,1.0,0265*7A
$GNGSA,A,3,01,03,28,31,04,26,10,02,16,32,,,1.35,0.61,1.20,1*0D
$GNGSA,A,3,69,80,68,85,84,78,79,,,,,,1.35,0.61,1.20,2*08
$GNGSA,A,3,11,23,21,31,10,19,,,,,,,1.35,0.61,1.20,3*09
$GNGSA,A,3,23,06,08,13,16,09,25,27,,,,,1.35,0.61,1.20,4*06
$GNGSA,A,3,04,,,,,,,,,,,,1.35,0.61,1.20,5*02
$GPGSV,4,1,13,01,48,261,43,02,38,223,45,03,46,332,46,04,24,291,43,1*69
$GPGSV,4,2,13,10,11,130,39,16,25,156,41,26,43,127,45,28,34,037,43,1*66
$GPGSV,4,3,13,31,62,031,48,32,15,069,40,40,59,208,47,41,56,146,46,1*61
$GPGSV,4,4,13,42,19,104,44,1*5D
$GPGSV,2,1,08,01,48,261,47,03,46,332,45,04,24,291,43,10,11,130,36,6*68
$GPGSV,2,2,08,26,43,127,44,28,34,037,46,31,62,031,46,32,15,069,41,6*6E
$GLGSV,2,1,08,68,24,073,47,69,41,015,48,78,16,033,44,79,57,077,50,1*7F
$GLGSV,2,2,08,80,41,170,48,84,28,247,33,85,19,301,46,,,,46,1*47
$GLGSV,2,1,08,68,24,073,44,69,41,015,47,78,16,033,46,79,57,077,47,3*75
$GLGSV,2,2,08,80,41,170,47,84,28,247,42,85,19,301,41,,,,46,3*4B
$GLGSV,1,1,02,70,11,311,,83,02,190,,0*7E
$GAGSV,3,1,11,04,52,006,51,06,49,323,50,09,34,296,51,10,47,212,49,2*70
$GAGSV,3,2,11,11,52,257,45,12,32,186,46,19,16,063,43,21,11,050,45,2*74
$GAGSV,3,3,11,23,33,099,48,31,25,157,46,36,23,312,46,2*49
$GAGSV,3,1,11,04,52,006,46,06,49,323,46,09,34,296,45,10,47,212,45,7*7D
$GAGSV,3,2,11,11,52,257,40,12,32,186,40,19,16,063,33,21,11,050,41,7*71
$GAGSV,3,3,11,23,33,099,44,31,25,157,42,36,23,312,41,7*43
$GBGSV,2,1,08,06,55,035,44,08,34,130,42,09,70,031,46,13,51,125,46,1*7A
$GBGSV,2,2,08,16,47,035,44,23,67,147,51,25,41,052,48,27,17,225,40,1*71
$GBGSV,2,1,05,06,55,035,46,08,34,130,47,09,70,031,49,13,51,125,45,B*0F
$GBGSV,2,2,05,16,47,035,47,B*31
$GBGSV,4,1,13,01,03,096,,02,58,141,,03,34,114,,07,07,137,,0*73
$GBGSV,4,2,13,10,08,148,,28,04,185,,30,12,274,,32,38,329,,0*76
$GBGSV,4,3,13,33,17,099,,37,25,200,,38,23,134,,39,38,036,,0*7D
$GBGSV,4,4,13,41,53,054,,0*47
$GQGSV,1,1,02,02,12,082,38,04,19,095,36,1*62
$GQGSV,1,1,03,02,12,082,36,04,19,095,41,07,19,104,42,6*56
$GNGLL,2454.22811,N,06708.27271,E,175034.00,A,D*71
$GNRMC,175035.00,A,2454.22811,N,06708.27271,E,0.010,,300425,,,R,V*04
$GNVTG,,T,,M,0.010,N,0.018,K,D*30
$GNGGA,175035.00,2454.22811,N,06708.27271,E,4,12,0.61,21.8,M,-44.2,M,2.0,0265*78
$GNGSA,A,3,01,03,28,31,04,26,10,02,16,32,,,1.35,0.61,1.20,1*0D
$GNGSA,A,3,69,80,68,85,84,78,79,,,,,,1.35,0.61,1.20,2*08
$GNGSA,A,3,11,23,21,31,10,19,,,,,,,1.35,0.61,1.20,3*09
$GNGSA,A,3,23,06,08,13,16,09,25,27,,,,,1.35,0.61,1.20,4*06
$GNGSA,A,3,04,,,,,,,,,,,,1.35,0.61,1.20,5*02
$GPGSV,4,1,13,01,48,261,43,02,38,223,45,03,46,332,47,04,24,291,43,1*68
$GPGSV,4,2,13,10,11,130,38,16,25,156,41,26,43,127,45,28,34,037,43,1*67
$GPGSV,4,3,13,31,62,031,48,32,15,069,40,40,59,208,47,41,56,146,46,1*61
$GPGSV,4,4,13,42,19,104,44,1*5D
$GPGSV,2,1,08,01,48,261,47,03,46,332,45,04,24,291,43,10,11,130,36,6*68
$GPGSV,2,2,08,26,43,127,44,28,34,037,46,31,62,031,46,32,15,069,41,6*6E
$GLGSV,2,1,08,68,24,073,47,69,41,015,48,78,16,033,44,79,57,077,50,1*7F
$GLGSV,2,2,08,80,41,170,48,84,28,247,33,85,19,301,46,,,,46,1*47
$GLGSV,2,1,08,68,24,073,44,69,41,015,47,78,16,033,46,79,57,077,47,3*75
$GLGSV,2,2,08,80,41,170,47,84,28,247,42,85,19,301,41,,,,46,3*4B
$GLGSV,1,1,02,70,11,311,,83,02,190,,0*7E
$GAGSV,3,1,11,04,52,006,51,06,49,323,50,09,34,296,51,10,47,212,49,2*70
$GAGSV,3,2,11,11,52,257,45,12,32,186,46,19,16,063,43,21,11,050,45,2*74
$GAGSV,3,3,11,23,33,099,48,31,25,157,46,36,23,312,46,2*49
$GAGSV,3,1,11,04,52,006,46,06,49,323,46,09,34,296,45,10,47,212,45,7*7D
$GAGSV,3,2,11,11,52,257,40,12,32,186,40,19,16,063,34,21,11,050,41,7*76
$GAGSV,3,3,11,23,33,099,44,31,25,157,42,36,23,312,41,7*43
$GBGSV,2,1,08,06,55,035,44,08,34,130,42,09,70,031,46,13,51,125,46,1*7A
$GBGSV,2,2,08,16,47,035,44,23,67,147,51,25,41,052,49,27,17,225,40,1*70
$GBGSV,2,1,05,06,55,035,46,08,34,130,47,09,70,031,49,13,51,125,45,B*0F
$GBGSV,2,2,05,16,47,035,47,B*31
$GBGSV,4,1,13,01,03,096,,02,58,141,,03,34,114,,07,07,137,,0*73
$GBGSV,4,2,13,10,08,148,,28,04,185,,30,12,274,,32,38,329,,0*76
$GBGSV,4,3,13,33,17,099,,37,25,200,,38,23,134,,39,38,036,,0*7D
$GBGSV,4,4,13,41,53,054,,0*47
$GQGSV,1,1,02,02,12,082,38,04,19,095,36,1*62
$GQGSV,1,1,03,02,12,082,36,04,19,095,41,07,19,104,42,6*56
$GNGLL,2454.22811,N,06708.27271,E,175035.00,A,D*70
$GNRMC,175036.00,A,2454.22811,N,06708.27271,E,0.001,,300425,,,R,V*07
$GNVTG,,T,,M,0.001,N,0.003,K,D*3A
$GNGGA,175036.00,2454.22811,N,06708.27271,E,4,12,0.61,21.8,M,-44.2,M,2.0,0265*7B
$GNGSA,A,3,01,03,28,31,04,26,10,02,16,32,,,1.35,0.61,1.20,1*0D
$GNGSA,A,3,69,80,68,85,84,78,79,,,,,,1.35,0.61,1.20,2*08
$GNGSA,A,3,11,23,21,31,10,19,,,,,,,1.35,0.61,1.20,3*09
$GNGSA,A,3,23,06,08,13,16,09,25,27,,,,,1.35,0.61,1.20,4*06
$GNGSA,A,3,04,,,,,,,,,,,,1.35,0.61,1.20,5*02
$GPGSV,4,1,13,01,48,261,43,02,38,223,45,03,46,332,47,04,24,291,43,1*68
$GPGSV,4,2,13,10,11,130,39,16,25,156,41,26,43,127,45,28,34,037,43,1*66
$GPGSV,4,3,13,31,62,031,48,32,15,069,40,40,59,208,47,41,56,146,46,1*61
$GPGSV,4,4,13,42,19,104,44,1*5D
$GPGSV,2,1,08,01,48,261,47,03,46,332,45,04,24,291,43,10,11,130,36,6*68
$GPGSV,2,2,08,26,43,127,44,28,34,037,46,31,62,031,46,32,15,069,41,6*6E
$GLGSV,2,1,08,68,24,073,47,69,41,015,48,78,16,033,44,79,57,077,50,1*7F
$GLGSV,2,2,08,80,41,170,48,84,28,247,34,85,19,301,45,,,,46,1*43
$GLGSV,2,1,08,68,24,073,44,69,41,015,47,78,16,033,46,79,57,077,47,3*75
$GLGSV,2,2,08,80,41,170,47,84,28,247,42,85,19,301,41,,,,46,3*4B
$GLGSV,1,1,02,70,11,311,,83,02,190,,0*7E
$GAGSV,3,1,11,04,52,006,51,06,49,323,50,09,34,296,51,10,47,212,49,2*70
$GAGSV,3,2,11,11,52,257,45,12,32,186,46,19,16,063,43,21,11,050,45,2*74
$GAGSV,3,3,11,23,33,099,48,31,25,157,46,36,23,312,46,2*49
$GAGSV,3,1,11,04,52,006,46,06,49,323,46,09,34,296,45,10,47,212,45,7*7D
$GAGSV,3,2,11,11,52,257,40,12,32,186,40,19,16,063,34,21,11,050,41,7*76
$GAGSV,3,3,11,23,33,099,44,31,25,157,42,36,23,312,41,7*43
$GBGSV,2,1,08,06,55,035,44,08,34,130,42,09,70,031,46,13,51,125,46,1*7A
$GBGSV,2,2,08,16,47,035,44,23,67,147,51,25,41,052,49,27,17,225,40,1*70
$GBGSV,2,1,05,06,55,035,46,08,34,130,47,09,70,031,49,13,51,125,45,B*0F
$GBGSV,2,2,05,16,47,035,46,B*30
$GBGSV,4,1,13,01,03,096,,02,58,141,,03,34,114,,07,07,137,,0*73
$GBGSV,4,2,13,10,08,148,,28,04,185,,30,12,274,,32,38,329,,0*76
$GBGSV,4,3,13,33,17,099,,37,25,200,,38,23,134,,39,38,036,,0*7D
$GBGSV,4,4,13,41,53,054,,0*47
$GQGSV,1,1,02,02,12,082,37,04,19,095,36,1*6D
$GQGSV,1,1,03,02,12,082,35,04,19,095,41,07,19,104,42,6*55
$GNGLL,2454.22811,N,06708.27271,E,175036.00,A,D*73
$GNRMC,175037.00,A,2454.22811,N,06708.27271,E,0.006,,300425,,,R,V*01
$GNVTG,,T,,M,0.006,N,0.011,K,D*3E
$GNGGA,175037.00,2454.22811,N,06708.27271,E,4,12,0.61,21.8,M,-44.2,M,1.0,0265*79
$GNGSA,A,3,01,03,28,31,04,26,10,02,16,32,,,1.35,0.61,1.20,1*0D
$GNGSA,A,3,69,80,68,85,84,78,79,,,,,,1.35,0.61,1.20,2*08
$GNGSA,A,3,11,23,21,31,10,19,,,,,,,1.35,0.61,1.20,3*09
$GNGSA,A,3,23,06,08,13,16,09,25,27,,,,,1.35,0.61,1.20,4*06
$GNGSA,A,3,04,,,,,,,,,,,,1.35,0.61,1.20,5*02
$GPGSV,4,1,13,01,48,260,43,02,38,223,45,03,46,332,47,04,24,291,43,1*69
$GPGSV,4,2,13,10,11,130,39,16,25,156,41,26,43,127,45,28,34,037,43,1*66
$GPGSV,4,3,13,31,62,031,48,32,15,069,40,40,59,208,47,41,56,146,46,1*61
$GPGSV,4,4,13,42,19,104,44,1*5D
$GPGSV,2,1,08,01,48,260,47,03,46,332,45,04,24,291,43,10,11,130,36,6*69
$GPGSV,2,2,08,26,43,127,44,28,34,037,46,31,62,031,46,32,15,069,41,6*6E
$GLGSV,2,1,08,68,24,073,47,69,41,015,48,78,16,033,44,79,57,077,50,1*7F
$GLGSV,2,2,08,80,41,170,48,84,28,247,34,85,19,301,45,,,,46,1*43
$GLGSV,2,1,08,68,24,073,44,69,41,015,47,78,16,033,46,79,57,077,47,3*75
$GLGSV,2,2,08,80,41,170,47,84,28,247,42,85,19,301,42,,,,46,3*48
$GLGSV,1,1,02,70,11,311,,83,02,190,,0*7E
$GAGSV,3,1,11,04,52,006,51,06,49,323,50,09,34,296,51,10,47,212,49,2*70
$GAGSV,3,2,11,11,52,257,45,12,32,186,46,19,16,063,43,21,11,050,45,2*74
$GAGSV,3,3,11,23,33,099,48,31,25,157,46,36,23,312,46,2*49
$GAGSV,3,1,11,04,52,006,46,06,49,323,46,09,34,296,45,10,47,212,45,7*7D
$GAGSV,3,2,11,11,52,257,40,12,32,186,40,19,16,063,34,21,11,050,41,7*76
$GAGSV,3,3,11,23,33,099,44,31,25,157,42,36,23,312,40,7*42
$GBGSV,2,1,08,06,55,035,44,08,34,130,42,09,70,031,46,13,51,125,46,1*7A
$GBGSV,2,2,08,16,47,035,44,23,67,147,51,25,41,052,49,27,17,225,40,1*70
$GBGSV,2,1,05,06,55,035,46,08,34,130,47,09,70,031,49,13,51,125,45,B*0F
$GBGSV,2,2,05,16,47,035,46,B*30
$GBGSV,4,1,13,01,03,096,,02,58,141,,03,34,114,,07,07,137,,0*73
$GBGSV,4,2,13,10,08,148,,28,04,185,,30,12,274,,32,38,329,,0*76
$GBGSV,4,3,13,33,17,099,,37,25,200,,38,23,134,,39,38,036,,0*7D
$GBGSV,4,4,13,41,53,054,,0*47
$GQGSV,1,1,02,02,12,082,37,04,19,095,36,1*6D
$GQGSV,1,1,03,02,12,082,35,04,19,095,41,07,19,104,42,6*55
$GNGLL,2454.22811,N,06708.27271,E,175037.00,A,D*72
$GNRMC,175038.00,A,2454.22811,N,06708.27271,E,0.004,,300425,,,R,V*0C
$GNVTG,,T,,M,0.004,N,0.007,K,D*3B
$GNGGA,175038.00,2454.22811,N,06708.27271,E,4,12,0.61,21.8,M,-44.2,M,1.0,0265*76
$GNGSA,A,3,01,03,28,31,04,26,10,02,16,32,,,1.35,0.61,1.20,1*0D
$GNGSA,A,3,69,80,68,85,84,78,79,,,,,,1.35,0.61,1.20,2*08
$GNGSA,A,3,11,23,21,31,10,19,,,,,,,1.35,0.61,1.20,3*09
$GNGSA,A,3,23,06,08,13,16,09,25,27,,,,,1.35,0.61,1.20,4*06
$GNGSA,A,3,04,,,,,,,,,,,,1.35,0.61,1.20,5*02
$GPGSV,4,1,13,01,48,260,43,02,37,222,45,03,46,332,47,04,24,291,43,1*67
$GPGSV,4,2,13,10,11,130,38,16,25,156,41,26,43,127,45,28,34,037,43,1*67
$GPGSV,4,3,13,31,62,031,48,32,15,069,40,40,59,208,47,41,56,146,46,1*61
$GPGSV,4,4,13,42,19,104,44,1*5D
$GPGSV,2,1,08,01,48,260,47,03,46,332,45,04,24,291,43,10,11,130,36,6*69
$GPGSV,2,2,08,26,43,127,44,28,34,037,46,31,62,031,46,32,15,069,41,6*6E
$GLGSV,2,1,08,68,24,073,47,69,41,015,48,78,16,033,44,79,57,077,50,1*7F
$GLGSV,2,2,08,80,41,170,48,84,28,247,34,85,19,301,45,,,,46,1*43
$GLGSV,2,1,08,68,24,073,44,69,41,015,47,78,16,033,46,79,57,077,47,3*75
$GLGSV,2,2,08,80,41,170,47,84,28,247,42,85,19,301,42,,,,46,3*48
$GLGSV,1,1,02,70,11,311,,83,02,190,,0*7E
$GAGSV,3,1,11,04,52,006,51,06,49,323,50,09,34,296,51,10,47,212,49,2*70
$GAGSV,3,2,11,11,52,257,45,12,32,186,46,19,16,063,43,21,11,050,45,2*74
$GAGSV,3,3,11,23,33,099,48,31,25,157,46,36,23,312,46,2*49
$GAGSV,3,1,11,04,52,006,46,06,49,323,46,09,34,296,45,10,47,212,45,7*7D
$GAGSV,3,2,11,11,52,257,40,12,32,186,40,19,16,063,34,21,11,050,41,7*76
$GAGSV,3,3,11,23,33,099,44,31,25,157,42,36,23,312,41,7*43
$GBGSV,2,1,08,06,55,035,44,08,34,130,42,09,70,031,46,13,51,125,46,1*7A
$GBGSV,2,2,08,16,47,035,44,23,67,147,51,25,41,052,49,27,17,225,40,1*70
$GBGSV,2,1,05,06,55,035,46,08,34,130,47,09,70,031,49,13,51,125,45,B*0F
$GBGSV,2,2,05,16,47,035,47,B*31
$GBGSV,4,1,13,01,03,096,,02,58,141,,03,34,114,,07,07,137,,0*73
$GBGSV,4,2,13,10,08,148,,28,04,185,,30,12,274,,32,38,329,,0*76
$GBGSV,4,3,13,33,17,099,,37,25,200,,38,23,134,,39,38,036,,0*7D
$GBGSV,4,4,13,41,53,054,,0*47
$GQGSV,1,1,02,02,12,082,38,04,19,095,36,1*62
$GQGSV,1,1,03,02,12,082,35,04,19,095,41,07,19,104,42,6*55
$GNGLL,2454.22811,N,06708.27271,E,175038.00,A,D*7D
$GNRMC,175039.00,A,2454.22811,N,06708.27271,E,0.008,,300425,,,R,V*01
$GNVTG,,T,,M,0.008,N,0.014,K,D*35
$GNGGA,175039.00,2454.22811,N,06708.27271,E,4,12,0.61,21.8,M,-44.2,M,1.0,0265*77
$GNGSA,A,3,01,03,28,31,04,26,10,02,16,32,,,1.35,0.61,1.20,1*0D
$GNGSA,A,3,69,80,68,85,84,78,79,,,,,,1.35,0.61,1.20,2*08
$GNGSA,A,3,11,23,21,31,10,19,,,,,,,1.35,0.61,1.20,3*09
$GNGSA,A,3,23,06,08,13,16,09,25,27,,,,,1.35,0.61,1.20,4*06
$GNGSA,A,3,04,,,,,,,,,,,,1.35,0.61,1.20,5*02
$GPGSV,4,1,13,01,48,260,43,02,37,222,45,03,47,332,47,04,24,291,43,1*66
$GPGSV,4,2,13,10,11,130,38,16,25,156,41,26,43,127,45,28,34,037,43,1*67
$GPGSV,4,3,13,31,62,031,48,32,15,069,40,40,59,208,47,41,56,146,46,1*61
$GPGSV,4,4,13,42,19,104,44,1*5D
$GPGSV,2,1,08,01,48,260,47,03,47,332,45,04,24,291,43,10,11,130,36,6*68
$GPGSV,2,2,08,26,43,127,44,28,34,037,46,31,62,031,46,32,15,069,41,6*6E
$GLGSV,2,1,07,68,24,073,47,69,41,015,48,78,16,033,44,79,57,077,50,1*70
$GLGSV,2,2,07,80,41,170,48,84,28,247,34,85,19,301,45,1*4E
$GLGSV,2,1,07,68,24,073,43,69,41,015,47,78,16,033,46,79,57,077,47,3*7D
$GLGSV,2,2,07,80,41,170,47,84,28,247,42,85,19,301,41,3*46
$GLGSV,1,1,02,70,11,311,,83,02,190,,0*7E
$GAGSV,3,1,11,04,52,006,51,06,49,323,50,09,34,296,51,10,47,212,49,2*70
$GAGSV,3,2,11,11,52,257,45,12,32,186,46,19,16,063,43,21,11,050,45,2*74
$GAGSV,3,3,11,23,33,099,48,31,25,157,46,36,23,312,46,2*49
$GAGSV,3,1,11,04,52,006,46,06,49,323,46,09,34,296,45,10,47,212,45,7*7D
$GAGSV,3,2,11,11,52,257,40,12,32,186,40,19,16,063,33,21,11,050,41,7*71
$GAGSV,3,3,11,23,33,099,44,31,25,157,42,36,23,312,41,7*43
$GBGSV,2,1,08,06,55,035,44,08,34,130,42,09,70,031,46,13,51,125,46,1*7A
$GBGSV,2,2,08,16,47,035,44,23,67,147,51,25,41,052,49,27,17,225,40,1*70
$GBGSV,2,1,05,06,55,035,46,08,34,130,47,09,70,031,49,13,51,125,45,B*0F
$GBGSV,2,2,05,16,47,035,46,B*30
$GBGSV,4,1,13,01,03,096,,02,58,141,,03,34,114,,07,07,137,,0*73
$GBGSV,4,2,13,10,08,148,,28,04,185,,30,12,274,,32,38,329,,0*76
$GBGSV,4,3,13,33,17,099,,37,25,200,,38,23,134,,39,38,036,,0*7D
$GBGSV,4,4,13,41,53,054,,0*47
$GQGSV,1,1,02,02,12,082,38,04,19,095,36,1*62
$GQGSV,1,1,03,02,12,082,35,04,19,095,41,07,19,104,42,6*55
$GNGLL,2454.22811,N,06708.27271,E,175039.00,A,D*7C
$GNRMC,175040.00,A,2454.22811,N,06708.27271,E,0.002,,300425,,,R,V*05
$GNVTG,,T,,M,0.002,N,0.003,K,D*39
$GNGGA,175040.00,2454.22811,N,06708.27271,E,4,12,0.61,21.8,M,-44.2,M,1.0,0265*79
$GNGSA,A,3,01,03,28,31,04,26,10,02,16,32,,,1.35,0.61,1.20,1*0D
$GNGSA,A,3,69,80,68,85,84,78,79,,,,,,1.35,0.61,1.20,2*08
$GNGSA,A,3,11,23,21,31,10,19,,,,,,,1.35,0.61,1.20,3*09
$GNGSA,A,3,23,06,08,13,16,09,25,27,,,,,1.35,0.61,1.20,4*06
$GNGSA,A,3,04,,,,,,,,,,,,1.35,0.61,1.20,5*02
$GPGSV,4,1,13,01,48,260,43,02,37,222,45,03,47,332,47,04,25,292,43,1*64
$GPGSV,4,2,13,10,11,130,39,16,25,156,41,26,43,127,45,28,34,037,43,1*66
$GPGSV,4,3,13,31,62,031,48,32,15,069,40,40,59,208,47,41,56,146,46,1*61
$GPGSV,4,4,13,42,19,104,44,1*5D
$GPGSV,2,1,08,01,48,260,47,03,47,332,45,04,25,292,43,10,11,130,36,6*6A
$GPGSV,2,2,08,26,43,127,44,28,34,037,46,31,62,031,46,32,15,069,41,6*6E
$GLGSV,2,1,08,68,24,073,47,69,41,015,48,78,16,033,44,79,57,077,50,1*7F
$GLGSV,2,2,08,80,41,170,48,84,28,247,34,85,19,301,45,,,,46,1*43
$GLGSV,2,1,07,68,24,073,43,69,41,015,47,78,16,033,46,79,57,077,47,3*7D
$GLGSV,2,2,07,80,41,170,47,84,28,247,42,85,19,301,41,3*46
$GLGSV,1,1,02,70,11,311,,83,02,190,,0*7E
$GAGSV,3,1,11,04,52,006,51,06,49,323,50,09,34,296,51,10,47,212,49,2*70
$GAGSV,3,2,11,11,52,257,45,12,32,186,46,19,16,063,43,21,11,050,45,2*74
$GAGSV,3,3,11,23,33,099,48,31,25,157,46,36,23,312,46,2*49
$GAGSV,3,1,11,04,52,006,46,06,49,323,46,09,34,296,45,10,47,212,45,7*7D
$GAGSV,3,2,11,11,52,257,40,12,32,186,40,19,16,063,34,21,11,050,41,7*76
$GAGSV,3,3,11,23,33,099,44,31,25,157,42,36,23,312,41,7*43
$GBGSV,2,1,08,06,55,035,44,08,34,130,42,09,70,031,46,13,51,125,46,1*7A
$GBGSV,2,2,08,16,47,035,44,23,67,147,51,25,41,052,49,27,17,225,40,1*70
$GBGSV,2,1,05,06,55,035,46,08,34,130,47,09,70,031,49,13,51,125,45,B*0F
$GBGSV,2,2,05,16,47,035,46,B*30
$GBGSV,4,1,13,01,03,096,,02,58,141,,03,34,114,,07,07,137,,0*73
$GBGSV,4,2,13,10,08,148,,28,04,185,,30,12,274,,32,38,329,,0*76
$GBGSV,4,3,13,33,17,099,,37,25,200,,38,23,134,,39,38,036,,0*7D
$GBGSV,4,4,13,41,53,054,,0*47
$GQGSV,1,1,02,02,12,082,38,04,19,095,36,1*62
$GQGSV,1,1,03,02,12,082,35,04,19,095,41,07,19,104,42,6*55
$GNGLL,2454.22811,N,06708.27271,E,175040.00,A,D*72
$GNRMC,175041.00,A,2454.22811,N,06708.27271,E,0.003,,300425,,,R,V*05
$GNVTG,,T,,M,0.003,N,0.006,K,D*3D
$GNGGA,175041.00,2454.22811,N,06708.27271,E,4,12,0.61,21.8,M,-44.2,M,1.0,0265*78
$GNGSA,A,3,01,03,28,31,04,26,10,02,16,32,,,1.35,0.61,1.20,1*0D
$GNGSA,A,3,69,80,68,85,84,78,79,,,,,,1.35,0.61,1.20,2*08
$GNGSA,A,3,11,23,21,31,10,19,,,,,,,1.35,0.61,1.20,3*09
$GNGSA,A,3,23,06,08,13,16,09,25,27,,,,,1.35,0.61,1.20,4*06
$GNGSA,A,3,04,,,,,,,,,,,,1.35,0.61,1.20,5*02
$GPGSV,4,1,13,01,48,260,44,02,37,222,45,03,47,332,47,04,25,292,43,1*63
$GPGSV,4,2,13,10,11,130,39,16,25,156,41,26,43,127,45,28,34,037,43,1*66
$GPGSV,4,3,13,31,62,031,48,32,15,069,40,40,59,208,48,41,56,146,46,1*6E
$GPGSV,4,4,13,42,19,104,44,1*5D
$GPGSV,2,1,08,01,48,260,47,03,47,332,45,04,25,292,43,10,11,130,36,6*6A
$GPGSV,2,2,08,26,43,127,44,28,34,037,46,31,62,031,46,32,15,069,41,6*6E
$GLGSV,2,1,08,68,24,073,47,69,41,015,48,78,16,033,44,79,57,077,50,1*7F
$GLGSV,2,2,08,80,41,170,48,84,28,247,34,85,19,301,45,,,,47,1*42
$GLGSV,2,1,07,68,24,073,44,69,41,015,47,78,16,033,46,79,57,077,47,3*7A
$GLGSV,2,2,07,80,41,170,47,84,28,247,42,85,19,301,41,3*46
$GLGSV,1,1,02,70,11,311,,83,02,190,,0*7E
$GAGSV,3,1,11,04,52,006,51,06,49,323,50,09,34,296,51,10,47,212,49,2*70
$GAGSV,3,2,11,11,52,257,45,12,32,186,46,19,16,063,43,21,11,050,45,2*74
$GAGSV,3,3,11,23,33,099,48,31,25,157,46,36,23,312,46,2*49
$GAGSV,3,1,11,04,52,006,46,06,49,323,46,09,34,296,45,10,47,212,45,7*7D
$GAGSV,3,2,11,11,52,257,40,12,32,186,40,19,16,063,34,21,11,050,41,7*76
$GAGSV,3,3,11,23,33,099,44,31,25,157,42,36,23,312,41,7*43
$GBGSV,2,1,08,06,55,035,44,08,34,130,42,09,70,031,46,13,51,125,46,1*7A
$GBGSV,2,2,08,16,47,035,44,23,67,147,51,25,41,052,49,27,17,225,39,1*7E
$GBGSV,2,1,05,06,55,035,46,08,34,130,47,09,70,031,49,13,51,125,45,B*0F
$GBGSV,2,2,05,16,47,035,46,B*30
$GBGSV,4,1,13,01,03,096,,02,58,141,,03,34,114,,07,07,137,,0*73
$GBGSV,4,2,13,10,08,148,,28,04,185,,30,12,274,,32,38,329,,0*76
$GBGSV,4,3,13,33,17,099,,37,25,200,,38,23,134,,39,38,036,,0*7D
$GBGSV,4,4,13,41,53,054,,0*47
$GQGSV,1,1,02,02,12,082,38,04,19,095,36,1*62
$GQGSV,1,1,03,02,12,082,36,04,19,095,41,07,19,104,42,6*56
$GNGLL,2454.22811,N,06708.27271,E,175041.00,A,D*73
$GNRMC,175042.00,A,2454.22811,N,06708.27271,E,0.000,,300425,,,R,V*05
$GNVTG,,T,,M,0.000,N,0.001,K,D*39
$GNGGA,175042.00,2454.22811,N,06708.27271,E,4,12,0.61,21.8,M,-44.2,M,1.0,0265*7B
$GNGSA,A,3,01,03,28,31,04,26,10,02,16,32,,,1.35,0.61,1.20,1*0D
$GNGSA,A,3,69,80,68,85,84,78,79,,,,,,1.35,0.61,1.20,2*08
$GNGSA,A,3,11,23,21,31,10,19,,,,,,,1.35,0.61,1.20,3*09
$GNGSA,A,3,23,06,08,13,16,09,25,27,,,,,1.35,0.61,1.20,4*06
$GNGSA,A,3,04,,,,,,,,,,,,1.35,0.61,1.20,5*02
$GPGSV,4,1,13,01,48,260,44,02,37,222,45,03,47,332,47,04,25,292,43,1*63
$GPGSV,4,2,13,10,11,130,38,16,25,156,40,26,43,127,45,28,34,037,43,1*66
$GPGSV,4,3,13,31,62,031,48,32,15,069,40,40,59,208,48,41,56,146,46,1*6E
$GPGSV,4,4,13,42,19,104,44,1*5D
$GPGSV,2,1,08,01,48,260,47,03,47,332,45,04,25,292,43,10,11,130,35,6*69
$GPGSV,2,2,08,26,43,127,44,28,34,037,46,31,62,031,46,32,15,069,41,6*6E
$GLGSV,2,1,08,68,24,073,47,69,41,015,48,78,16,033,44,79,57,077,50,1*7F
$GLGSV,2,2,08,80,41,170,48,84,28,247,34,85,19,301,45,,,,46,1*43
$GLGSV,2,1,07,68,24,073,44,69,41,015,47,78,16,033,46,79,57,077,47,3*7A
$GLGSV,2,2,07,80,41,170,47,84,28,247,42,85,19,301,41,3*46
$GLGSV,1,1,02,70,11,311,,83,02,190,,0*7E
$GAGSV,3,1,11,04,52,006,51,06,49,323,51,09,34,296,51,10,47,212,49,2*71
$GAGSV,3,2,11,11,52,257,45,12,32,186,46,19,16,063,43,21,11,050,45,2*74
$GAGSV,3,3,11,23,33,099,48,31,25,157,46,36,23,312,46,2*49
$GAGSV,3,1,11,04,52,006,46,06,49,323,46,09,34,296,45,10,47,212,45,7*7D
$GAGSV,3,2,11,11,52,257,40,12,32,186,40,19,16,063,34,21,11,050,41,7*76
$GAGSV,3,3,11,23,33,099,44,31,25,157,42,36,23,312,41,7*43
$GBGSV,2,1,08,06,55,035,44,08,34,130,42,09,70,031,46,13,51,125,46,1*7A
$GBGSV,2,2,08,16,47,035,44,23,67,147,51,25,41,052,49,27,17,225,40,1*70
$GBGSV,2,1,05,06,55,035,46,08,34,130,47,09,70,031,49,13,51,125,45,B*0F
$GBGSV,2,2,05,16,47,035,46,B*30
$GBGSV,4,1,13,01,03,096,,02,58,141,,03,34,114,,07,07,137,,0*73
$GBGSV,4,2,13,10,08,148,,28,04,185,,30,12,274,,32,38,329,,0*76
$GBGSV,4,3,13,33,17,099,,37,25,200,,38,23,134,,39,38,036,,0*7D
$GBGSV,4,4,13,41,53,054,,0*47
$GQGSV,1,1,02,02,12,082,38,04,19,095,36,1*62
$GQGSV,1,1,03,02,12,082,36,04,19,095,41,07,19,104,42,6*56
$GNGLL,2454.22811,N,06708.27271,E,175042.00,A,D*70
$GNRMC,175043.00,A,2454.22811,N,06708.27271,E,0.011,,300425,,,R,V*04
$GNVTG,,T,,M,0.011,N,0.020,K,D*3A
$GNGGA,175043.00,2454.22811,N,06708.27271,E,4,12,0.61,21.8,M,-44.2,M,1.0,0265*7A
$GNGSA,A,3,01,03,28,31,04,26,10,02,16,32,,,1.35,0.61,1.20,1*0D
$GNGSA,A,3,69,80,68,85,84,78,79,,,,,,1.35,0.61,1.20,2*08
$GNGSA,A,3,11,23,21,31,10,19,,,,,,,1.35,0.61,1.20,3*09
$GNGSA,A,3,23,06,08,13,16,09,25,27,,,,,1.35,0.61,1.20,4*06
$GNGSA,A,3,04,,,,,,,,,,,,1.35,0.61,1.20,5*02
$GPGSV,4,1,13,01,48,260,44,02,37,222,45,03,47,332,47,04,25,292,43,1*63
$GPGSV,4,2,13,10,11,130,39,16,25,156,40,26,43,127,45,28,34,037,43,1*67
$GPGSV,4,3,13,31,62,031,48,32,15,069,40,40,59,208,47,41,56,146,46,1*61
$GPGSV,4,4,13,42,19,104,44,1*5D
$GPGSV,2,1,08,01,48,260,46,03,47,332,45,04,25,292,43,10,11,130,36,6*6B
$GPGSV,2,2,08,26,43,127,44,28,34,037,46,31,62,031,46,32,15,069,41,6*6E
$GLGSV,2,1,08,68,24,073,47,69,41,015,48,78,16,033,44,79,57,077,50,1*7F
$GLGSV,2,2,08,80,41,170,48,84,28,247,34,85,19,301,45,,,,46,1*43
$GLGSV,2,1,07,68,24,073,44,69,41,015,47,78,16,033,46,79,57,077,47,3*7A
$GLGSV,2,2,07,80,41,170,47,84,28,247,42,85,19,301,41,3*46
$GLGSV,1,1,02,70,11,311,,83,02,190,,0*7E
$GAGSV,3,1,11,04,52,006,51,06,49,323,51,09,34,296,51,10,47,212,49,2*71
$GAGSV,3,2,11,11,52,257,45,12,32,186,46,19,16,063,43,21,11,050,45,2*74
$GAGSV,3,3,11,23,33,099,48,31,25,157,46,36,23,312,46,2*49
$GAGSV,3,1,11,04,52,006,46,06,49,323,46,09,34,296,45,10,47,212,45,7*7D
$GAGSV,3,2,11,11,52,257,40,12,32,186,40,19,16,063,34,21,11,050,41,7*76
$GAGSV,3,3,11,23,33,099,44,31,25,157,42,36,23,312,41,7*43
$GBGSV,2,1,08,06,55,035,44,08,34,130,42,09,70,031,46,13,51,125,46,1*7A
$GBGSV,2,2,08,16,47,035,44,23,67,147,51,25,41,052,49,27,17,225,40,1*70
$GBGSV,2,1,05,06,55,035,47,08,34,130,47,09,70,031,49,13,51,125,45,B*0E
$GBGSV,2,2,05,16,47,035,46,B*30
$GBGSV,4,1,13,01,03,096,,02,58,141,,03,34,114,,07,07,137,,0*73
$GBGSV,4,2,13,10,08,148,,28,04,185,,30,12,274,,32,38,329,,0*76
$GBGSV,4,3,13,33,17,099,,37,25,200,,38,23,134,,39,38,036,,0*7D
$GBGSV,4,4,13,41,53,054,,0*47
$GQGSV,1,1,02,02,12,082,38,04,19,095,36,1*62
$GQGSV,1,1,03,02,12,082,36,04,19,095,41,07,19,104,42,6*56
$GNGLL,2454.22811,N,06708.27271,E,175043.00,A,D*71
$GNRMC,175044.00,A,2454.22811,N,06708.27271,E,0.004,,300425,,,R,V*07
$GNVTG,,T,,M,0.004,N,0.008,K,D*34
$GNGGA,175044.00,2454.22811,N,06708.27271,E,4,12,0.61,21.8,M,-44.2,M,1.0,0265*7D
$GNGSA,A,3,01,03,28,31,04,26,10,02,16,32,,,1.35,0.61,1.20,1*0D
$GNGSA,A,3,69,80,68,85,84,78,79,,,,,,1.35,0.61,1.20,2*08
$GNGSA,A,3,11,23,21,31,10,19,,,,,,,1.35,0.61,1.20,3*09
$GNGSA,A,3,23,06,08,13,16,09,25,27,,,,,1.35,0.61,1.20,4*06
$GNGSA,A,3,04,,,,,,,,,,,,1.35,0.61,1.20,5*02
$GPGSV,4,1,13,01,48,260,43,02,37,222,45,03,47,332,46,04,25,292,43,1*65
$GPGSV,4,2,13,10,11,130,39,16,25,156,40,26,43,127,45,28,34,037,43,1*67
$GPGSV,4,3,13,31,62,031,48,32,15,069,40,40,59,208,47,41,56,146,46,1*61
$GPGSV,4,4,13,42,19,104,44,1*5D
$GPGSV,2,1,08,01,48,260,46,03,47,332,45,04,25,292,43,10,11,130,35,6*68
$GPGSV,2,2,08,26,43,127,44,28,34,037,46,31,62,031,46,32,15,069,41,6*6E
$GLGSV,2,1,08,68,24,073,47,69,41,015,48,78,16,033,44,79,57,077,50,1*7F
$GLGSV,2,2,08,80,41,170,48,84,28,247,35,85,19,301,45,,,,46,1*42
$GLGSV,2,1,07,68,24,073,44,69,41,015,47,78,16,033,46,79,57,077,47,3*7A
$GLGSV,2,2,07,80,41,170,47,84,28,247,42,85,19,301,41,3*46
$GLGSV,1,1,02,70,11,311,,83,02,190,,0*7E
$GAGSV,3,1,11,04,52,006,51,06,49,323,51,09,34,296,51,10,47,212,49,2*71
$GAGSV,3,2,11,11,52,257,45,12,32,186,46,19,16,063,43,21,11,050,45,2*74
$GAGSV,3,3,11,23,33,099,48,31,25,157,46,36,23,312,46,2*49
$GAGSV,3,1,11,04,52,006,46,06,49,323,46,09,34,296,45,10,47,212,45,7*7D
$GAGSV,3,2,11,11,52,257,40,12,32,186,40,19,16,063,34,21,11,050,41,7*76
$GAGSV,3,3,11,23,33,099,44,31,25,157,42,36,23,312,40,7*42
$GBGSV,2,1,08,06,55,035,44,08,34,130,42,09,70,031,46,13,51,125,46,1*7A
$GBGSV,2,2,08,16,47,035,44,23,67,147,51,25,41,052,49,27,17,225,40,1*70
$GBGSV,2,1,05,06,55,035,47,08,34,130,47,09,70,031,49,13,51,125,45,B*0E
$GBGSV,2,2,05,16,47,035,46,B*30
$GBGSV,4,1,13,01,03,096,,02,58,141,,03,34,114,,07,07,137,,0*73
$GBGSV,4,2,13,10,08,148,,28,04,185,,30,12,274,,32,38,329,,0*76
$GBGSV,4,3,13,33,17,099,,37,25,200,,38,23,134,,39,38,036,,0*7D
$GBGSV,4,4,13,41,53,054,,0*47
$GQGSV,1,1,02,02,12,082,38,04,19,095,36,1*62
$GQGSV,1,1,03,02,12,082,36,04,19,095,41,07,19,104,42,6*56
$GNGLL,2454.22811,N,06708.27271,E,175044.00,A,D*76
$GNRMC,175045.00,A,2454.22811,N,06708.27271,E,0.005,,300425,,,R,V*07
$GNVTG,,T,,M,0.005,N,0.009,K,D*34
$GNGGA,175045.00,2454.22811,N,06708.27271,E,4,12,0.61,21.8,M,-44.2,M,1.0,0265*7C
$GNGSA,A,3,01,03,28,31,04,26,10,02,16,32,,,1.35,0.61,1.20,1*0D
$GNGSA,A,3,69,80,68,85,84,78,79,,,,,,1.35,0.61,1.20,2*08
$GNGSA,A,3,11,23,21,31,10,19,,,,,,,1.35,0.61,1.20,3*09
$GNGSA,A,3,23,06,08,13,16,09,25,27,,,,,1.35,0.61,1.20,4*06
$GNGSA,A,3,04,,,,,,,,,,,,1.35,0.61,1.20,5*02
$GPGSV,4,1,13,01,48,260,43,02,37,222,45,03,47,332,46,04,25,292,43,1*65
$GPGSV,4,2,13,10,11,130,39,16,25,156,40,26,43,127,45,28,34,037,43,1*67
$GPGSV,4,3,13,31,62,031,48,32,15,069,40,40,59,208,47,41,56,146,46,1*61
$GPGSV,4,4,13,42,19,104,44,1*5D
$GPGSV,2,1,08,01,48,260,46,03,47,332,45,04,25,292,43,10,11,130,36,6*6B
$GPGSV,2,2,08,26,43,127,44,28,34,037,46,31,62,031,46,32,15,069,41,6*6E
$GLGSV,2,1,08,68,24,073,46,69,41,015,48,78,16,033,44,79,57,077,50,1*7E
$GLGSV,2,2,08,80,41,170,48,84,28,247,35,85,19,301,45,,,,46,1*42
$GLGSV,2,1,07,68,24,073,43,69,41,015,47,78,16,033,46,79,57,077,47,3*7D
$GLGSV,2,2,07,80,41,170,47,84,28,247,42,85,19,301,42,3*45
$GLGSV,1,1,02,70,11,311,,83,02,190,,0*7E
$GAGSV,3,1,11,04,52,006,51,06,49,323,50,09,34,296,51,10,47,212,49,2*70
$GAGSV,3,2,11,11,52,257,45,12,32,186,46,19,16,063,43,21,11,050,45,2*74
$GAGSV,3,3,11,23,33,099,48,31,25,157,46,36,23,312,46,2*49
$GAGSV,3,1,11,04,52,006,46,06,49,323,46,09,34,296,45,10,47,212,45,7*7D
$GAGSV,3,2,11,11,52,257,40,12,32,186,40,19,16,063,34,21,11,050,40,7*77
$GAGSV,3,3,11,23,33,099,45,31,25,157,42,36,23,312,40,7*43
$GBGSV,2,1,08,06,55,035,44,08,34,130,42,09,70,031,46,13,51,125,46,1*7A
$GBGSV,2,2,08,16,47,035,44,23,67,147,51,25,41,052,49,27,17,225,40,1*70
$GBGSV,2,1,05,06,55,035,47,08,34,130,47,09,70,031,49,13,51,125,45,B*0E
$GBGSV,2,2,05,16,47,035,46,B*30
$GBGSV,4,1,13,01,03,096,,02,58,141,,03,34,114,,07,07,137,,0*73
$GBGSV,4,2,13,10,08,148,,28,04,185,,30,12,274,,32,38,329,,0*76
$GBGSV,4,3,13,33,17,099,,37,25,200,,38,23,134,,39,38,036,,0*7D
$GBGSV,4,4,13,41,53,054,,0*47
$GQGSV,1,1,02,02,12,082,38,04,19,095,36,1*62
$GQGSV,1,1,03,02,12,082,36,04,19,095,41,07,19,104,42,6*56
$GNGLL,2454.22811,N,06708.27271,E,175045.00,A,D*77
$GNRMC,175046.00,A,2454.22811,N,06708.27271,E,0.003,,300425,,,R,V*02
$GNVTG,,T,,M,0.003,N,0.005,K,D*3E
$GNGGA,175046.00,2454.22811,N,06708.27271,E,4,12,0.61,21.8,M,-44.2,M,1.0,0265*7F
$GNGSA,A,3,01,03,28,31,04,26,10,02,16,32,,,1.35,0.61,1.20,1*0D
$GNGSA,A,3,69,80,68,85,84,78,79,,,,,,1.35,0.61,1.20,2*08
$GNGSA,A,3,11,23,21,31,10,19,,,,,,,1.35,0.61,1.20,3*09
$GNGSA,A,3,23,06,08,13,16,09,25,27,,,,,1.35,0.61,1.20,4*06
$GNGSA,A,3,04,,,,,,,,,,,,1.35,0.61,1.20,5*02
$GPGSV,4,1,13,01,48,260,43,02,37,222,45,03,47,332,47,04,25,292,43,1*64
$GPGSV,4,2,13,10,11,131,39,16,25,156,40,26,43,127,45,28,34,037,42,1*67
$GPGSV,4,3,13,31,62,031,48,32,15,069,40,40,59,208,48,41,56,146,46,1*6E
$GPGSV,4,4,13,42,19,104,44,1*5D
$GPGSV,2,1,08,01,48,260,46,03,47,332,45,04,25,292,43,10,11,131,35,6*69
$GPGSV,2,2,08,26,43,127,44,28,34,037,46,31,62,031,46,32,15,069,41,6*6E
$GLGSV,2,1,08,68,24,073,46,69,41,015,48,78,16,033,45,79,57,077,50,1*7F
$GLGSV,2,2,08,80,41,170,48,84,28,247,35,85,19,301,45,,,,47,1*43
$GLGSV,2,1,07,68,24,073,44,69,41,015,47,78,16,033,46,79,57,077,47,3*7A
$GLGSV,2,2,07,80,41,170,47,84,28,247,42,85,19,301,41,3*46
$GLGSV,1,1,02,70,11,311,,83,02,190,,0*7E
$GAGSV,3,1,11,04,52,006,51,06,49,323,51,09,34,296,51,10,47,212,49,2*71
$GAGSV,3,2,11,11,52,257,45,12,32,186,46,19,16,063,43,21,11,050,45,2*74
$GAGSV,3,3,11,23,33,099,48,31,25,157,46,36,23,312,46,2*49
$GAGSV,3,1,11,04,52,006,46,06,49,323,46,09,34,296,45,10,47,212,45,7*7D
$GAGSV,3,2,11,11,52,257,40,12,32,186,40,19,16,063,34,21,11,050,41,7*76
$GAGSV,3,3,11,23,33,099,44,31,25,157,42,36,23,312,40,7*42
$GBGSV,2,1,08,06,55,035,44,08,34,130,42,09,70,031,46,13,51,125,46,1*7A
$GBGSV,2,2,08,16,47,035,44,23,67,147,51,25,41,052,49,27,17,225,40,1*70
$GBGSV,2,1,05,06,55,035,47,08,34,130,47,09,70,031,49,13,51,125,45,B*0E
$GBGSV,2,2,05,16,47,035,46,B*30
$GBGSV,4,1,13,01,03,096,,02,58,141,,03,34,114,,07,07,137,,0*73
$GBGSV,4,2,13,10,08,148,,28,04,185,,30,12,274,,32,38,329,,0*76
$GBGSV,4,3,13,33,17,099,,37,25,200,,38,23,134,,39,38,036,,0*7D
$GBGSV,4,4,13,41,53,054,,0*47
$GQGSV,1,1,02,02,12,082,38,04,19,095,36,1*62
$GQGSV,1,1,03,02,12,082,35,04,19,095,41,07,19,104,42,6*55
$GNGLL,2454.22811,N,06708.27271,E,175046.00,A,D*74
$GNRMC,175047.00,A,2454.22811,N,06708.27271,E,0.003,,300425,,,R,V*03
$GNVTG,,T,,M,0.003,N,0.006,K,D*3D
$GNGGA,175047.00,2454.22811,N,06708.27271,E,4,12,0.61,21.8,M,-44.2,M,1.0,0265*7E
$GNGSA,A,3,01,03,28,31,04,26,10,02,16,32,,,1.35,0.61,1.20,1*0D
$GNGSA,A,3,69,80,68,85,84,78,79,,,,,,1.35,0.61,1.20,2*08
$GNGSA,A,3,11,23,21,31,10,19,,,,,,,1.35,0.61,1.20,3*09
$GNGSA,A,3,23,06,08,13,16,09,25,27,,,,,1.35,0.61,1.20,4*06
$GNGSA,A,3,04,,,,,,,,,,,,1.35,0.61,1.20,5*02
$GPGSV,4,1,13,01,48,260,43,02,37,222,45,03,47,332,47,04,25,292,43,1*64
$GPGSV,4,2,13,10,11,131,39,16,25,156,40,26,43,127,45,28,34,037,42,1*67
$GPGSV,4,3,13,31,62,031,48,32,15,069,40,40,59,208,47,41,56,146,46,1*61
$GPGSV,4,4,13,42,19,104,44,1*5D
$GPGSV,2,1,08,01,48,260,46,03,47,332,45,04,25,292,43,10,11,131,35,6*69
$GPGSV,2,2,08,26,43,127,44,28,34,037,46,31,62,031,46,32,15,069,41,6*6E
$GLGSV,2,1,08,68,24,073,46,69,41,015,48,78,16,033,45,79,57,077,50,1*7F
$GLGSV,2,2,08,80,41,170,48,84,28,247,35,85,19,301,45,,,,46,1*42
$GLGSV,2,1,07,68,24,073,44,69,41,015,47,78,16,033,46,79,57,077,47,3*7A
$GLGSV,2,2,07,80,41,170,47,84,28,247,42,85,19,301,41,3*46
$GLGSV,1,1,02,70,11,311,,83,02,190,,0*7E
$GAGSV,3,1,11,04,52,006,51,06,49,323,50,09,34,296,51,10,47,212,49,2*70
$GAGSV,3,2,11,11,52,257,45,12,32,186,46,19,16,063,43,21,11,050,45,2*74
$GAGSV,3,3,11,23,33,099,48,31,25,157,46,36,23,312,46,2*49
$GAGSV,3,1,11,04,52,006,46,06,49,323,46,09,34,296,45,10,47,212,45,7*7D
$GAGSV,3,2,11,11,52,257,40,12,32,186,40,19,16,063,34,21,11,050,40,7*77
$GAGSV,3,3,11,23,33,099,44,31,25,157,42,36,23,312,40,7*42
$GBGSV,2,1,08,06,55,035,44,08,34,130,42,09,70,031,46,13,51,125,46,1*7A
$GBGSV,2,2,08,16,47,035,44,23,67,147,51,25,41,052,49,27,17,225,40,1*70
$GBGSV,2,1,05,06,55,035,46,08,34,130,47,09,70,031,49,13,51,125,45,B*0F
$GBGSV,2,2,05,16,47,035,46,B*30
$GBGSV,4,1,13,01,03,096,,02,58,141,,03,34,114,,07,07,137,,0*73
$GBGSV,4,2,13,10,08,148,,28,04,185,,30,12,274,,32,38,329,,0*76
$GBGSV,4,3,13,33,17,099,,37,25,200,,38,23,134,,39,38,036,,0*7D
$GBGSV,4,4,13,41,53,054,,0*47
$GQGSV,1,1,02,02,12,082,38,04,19,095,36,1*62
$GQGSV,1,1,03,02,12,082,35,04,19,095,41,07,19,104,42,6*55
$GNGLL,2454.22811,N,06708.27271,E,175047.00,A,D*75
$GNRMC,175048.00,A,2454.22811,N,06708.27271,E,0.004,,300425,,,R,V*0B
$GNVTG,,T,,M,0.004,N,0.008,K,D*34
$GNGGA,175048.00,2454.22811,N,06708.27271,E,4,12,0.61,21.8,M,-44.2,M,1.0,0265*71
$GNGSA,A,3,01,03,28,31,04,26,10,02,16,32,,,1.35,0.61,1.20,1*0D
$GNGSA,A,3,69,80,68,85,84,78,79,,,,,,1.35,0.61,1.20,2*08
$GNGSA,A,3,11,23,21,31,10,19,,,,,,,1.35,0.61,1.20,3*09
$GNGSA,A,3,23,06,08,13,16,09,25,27,,,,,1.35,0.61,1.20,4*06
$GNGSA,A,3,04,,,,,,,,,,,,1.35,0.61,1.20,5*02
$GPGSV,4,1,13,01,48,260,43,02,37,222,45,03,47,332,47,04,25,292,43,1*64
$GPGSV,4,2,13,10,11,131,39,16,25,156,40,26,43,127,45,28,34,037,42,1*67
$GPGSV,4,3,13,31,62,031,48,32,15,069,40,40,59,208,47,41,56,146,46,1*61
$GPGSV,4,4,13,42,19,104,44,1*5D
$GPGSV,2,1,08,01,48,260,47,03,47,332,45,04,25,292,43,10,11,131,35,6*68
$GPGSV,2,2,08,26,43,127,44,28,34,037,46,31,62,031,46,32,15,069,41,6*6E
$GLGSV,2,1,08,68,24,073,46,69,41,015,48,78,16,033,45,79,57,077,50,1*7F
$GLGSV,2,2,08,80,41,170,48,84,28,247,35,85,19,301,45,,,,46,1*42
$GLGSV,2,1,07,68,24,073,44,69,41,015,47,78,16,033,46,79,57,077,47,3*7A
$GLGSV,2,2,07,80,41,170,47,84,28,247,42,85,19,301,41,3*46
$GLGSV,1,1,02,70,11,311,,83,02,190,,0*7E
$GAGSV,3,1,11,04,52,006,51,06,49,323,51,09,34,296,51,10,47,212,49,2*71
$GAGSV,3,2,11,11,52,257,45,12,32,186,46,19,16,063,43,21,11,050,45,2*74
$GAGSV,3,3,11,23,33,099,48,31,25,157,46,36,23,312,46,2*49
$GAGSV,3,1,11,04,52,006,46,06,49,323,46,09,34,296,45,10,47,212,45,7*7D
$GAGSV,3,2,11,11,52,257,40,12,32,186,40,19,16,063,34,21,11,050,40,7*77
$GAGSV,3,3,11,23,33,099,45,31,25,157,42,36,23,312,40,7*43
$GBGSV,2,1,08,06,55,035,44,08,34,130,42,09,70,031,46,13,51,125,46,1*7A
$GBGSV,2,2,08,16,47,035,44,23,67,147,51,25,41,052,49,27,17,225,40,1*70
$GBGSV,2,1,05,06,55,035,47,08,34,130,47,09,70,031,49,13,51,125,45,B*0E
$GBGSV,2,2,05,16,47,035,46,B*30
$GBGSV,4,1,13,01,03,096,,02,58,141,,03,34,114,,07,07,137,,0*73
$GBGSV,4,2,13,10,08,148,,28,04,185,,30,12,274,,32,38,329,,0*76
$GBGSV,4,3,13,33,17,099,,37,25,200,,38,23,134,,39,38,036,,0*7D
$GBGSV,4,4,13,41,53,054,,0*47
$GQGSV,1,1,02,02,12,082,38,04,19,095,36,1*62
$GQGSV,1,1,03,02,12,082,36,04,19,095,41,07,19,104,42,6*56
$GNGLL,2454.22811,N,06708.27271,E,175048.00,A,D*7A
$GNRMC,175049.00,A,2454.22811,N,06708.27271,E,0.015,,300425,,,R,V*0A
$GNVTG,,T,,M,0.015,N,0.027,K,D*39
$GNGGA,175049.00,2454.22811,N,06708.27271,E,4,12,0.61,21.8,M,-44.2,M,1.0,0265*70
$GNGSA,A,3,01,03,28,31,04,26,10,02,16,32,,,1.35,0.61,1.20,1*0D
$GNGSA,A,3,69,80,68,85,84,78,79,,,,,,1.35,0.61,1.20,2*08
$GNGSA,A,3,11,23,21,31,10,19,,,,,,,1.35,0.61,1.20,3*09
$GNGSA,A,3,23,06,08,13,16,09,25,27,,,,,1.35,0.61,1.20,4*06
$GNGSA,A,3,04,,,,,,,,,,,,1.35,0.61,1.20,5*02
$GPGSV,4,1,13,01,48,260,44,02,37,222,45,03,47,332,46,04,25,292,43,1*62
$GPGSV,4,2,13,10,11,131,39,16,25,156,40,26,43,127,45,28,34,037,42,1*67
$GPGSV,4,3,13,31,62,031,48,32,15,069,40,40,59,208,48,41,56,146,46,1*6E
$GPGSV,4,4,13,42,19,104,44,1*5D
$GPGSV,2,1,08,01,48,260,47,03,47,332,45,04,25,292,43,10,11,131,35,6*68
$GPGSV,2,2,08,26,43,127,44,28,34,037,46,31,62,031,46,32,15,069,41,6*6E
$GLGSV,2,1,08,68,24,073,46,69,41,015,48,78,16,033,45,79,57,077,50,1*7F
$GLGSV,2,2,08,80,41,170,48,84,28,247,35,85,19,301,45,,,,46,1*42
$GLGSV,2,1,07,68,24,073,44,69,41,015,47,78,16,033,46,79,57,077,47,3*7A
$GLGSV,2,2,07,80,41,170,47,84,28,247,42,85,19,301,41,3*46
$GLGSV,1,1,02,70,11,311,,83,02,190,,0*7E
$GAGSV,3,1,11,04,52,007,51,06,49,324,51,09,34,297,51,10,47,212,49,2*76
$GAGSV,3,2,11,11,52,257,45,12,31,186,46,19,16,064,43,21,10,050,45,2*71
$GAGSV,3,3,11,23,33,099,49,31,25,157,46,36,23,312,46,2*48
$GAGSV,3,1,11,04,52,007,46,06,49,324,46,09,34,297,45,10,47,212,45,7*7A
$GAGSV,3,2,11,11,52,257,40,12,31,186,40,19,16,064,34,21,10,050,40,7*72
$GAGSV,3,3,11,23,33,099,44,31,25,157,42,36,23,312,40,7*42
$GBGSV,2,1,08,06,55,035,44,08,34,130,42,09,70,031,46,13,51,125,46,1*7A
$GBGSV,2,2,08,16,47,035,44,23,67,147,51,25,41,052,49,27,17,225,40,1*70
$GBGSV,2,1,05,06,55,035,47,08,34,130,47,09,70,031,49,13,51,125,45,B*0E
$GBGSV,2,2,05,16,47,035,46,B*30
$GBGSV,4,1,13,01,03,096,,02,58,141,,03,34,114,,07,07,137,,0*73
$GBGSV,4,2,13,10,08,148,,28,04,185,,30,12,274,,32,38,329,,0*76
$GBGSV,4,3,13,33,17,099,,37,25,200,,38,23,134,,39,38,036,,0*7D
$GBGSV,4,4,13,41,53,054,,0*47
$GQGSV,1,1,02,02,12,082,38,04,19,095,36,1*62
$GQGSV,1,1,03,02,12,082,35,04,19,095,41,07,19,104,42,6*55
$GNGLL,2454.22811,N,06708.27271,E,175049.00,A,D*7B
$GNRMC,175050.00,A,2454.22811,N,06708.27271,E,0.004,,300425,,,R,V*02
$GNVTG,,T,,M,0.004,N,0.008,K,D*34
$GNGGA,175050.00,2454.22811,N,06708.27271,E,4,12,0.61,21.8,M,-44.2,M,1.0,0265*78
$GNGSA,A,3,01,03,28,31,04,26,10,02,16,32,,,1.35,0.61,1.20,1*0D
$GNGSA,A,3,69,80,68,85,84,78,79,,,,,,1.35,0.61,1.20,2*08
$GNGSA,A,3,11,23,21,31,10,19,,,,,,,1.35,0.61,1.20,3*09
$GNGSA,A,3,23,06,08,13,16,09,25,27,,,,,1.35,0.61,1.20,4*06
$GNGSA,A,3,04,,,,,,,,,,,,1.35,0.61,1.20,5*02
$GPGSV,4,1,13,01,48,260,43,02,37,222,45,03,47,332,46,04,25,292,43,1*65
$GPGSV,4,2,13,10,11,131,39,16,25,156,40,26,43,127,45,28,34,037,42,1*67
$GPGSV,4,3,13,31,62,031,48,32,15,069,40,40,59,208,47,41,56,146,46,1*61
$GPGSV,4,4,13,42,19,104,44,1*5D
$GPGSV,2,1,08,01,48,260,47,03,47,332,45,04,25,292,43,10,11,131,35,6*68
$GPGSV,2,2,08,26,43,127,44,28,34,037,46,31,62,031,45,32,15,069,41,6*6D
$GLGSV,2,1,08,68,24,073,46,69,41,015,48,78,16,033,45,79,57,077,50,1*7F
$GLGSV,2,2,08,80,41,170,48,84,28,247,35,85,19,301,45,,,,46,1*42
$GLGSV,2,1,07,68,24,073,44,69,41,015,47,78,16,033,46,79,57,077,47,3*7A
$GLGSV,2,2,07,80,41,170,47,84,28,247,42,85,19,301,41,3*46
$GLGSV,1,1,02,70,11,311,,83,02,190,,0*7E
$GAGSV,3,1,11,04,52,007,51,06,49,324,51,09,34,297,51,10,47,212,49,2*76
$GAGSV,3,2,11,11,52,257,45,12,31,186,46,19,16,064,43,21,10,050,45,2*71
$GAGSV,3,3,11,23,33,099,49,31,25,157,46,36,23,312,46,2*48
$GAGSV,3,1,11,04,52,007,45,06,49,324,46,09,34,297,45,10,47,212,45,7*79
$GAGSV,3,2,11,11,52,257,40,12,31,186,40,19,16,064,34,21,10,050,40,7*72
$GAGSV,3,3,11,23,33,099,44,31,25,157,42,36,23,312,40,7*42
$GBGSV,2,1,08,06,55,035,44,08,34,130,42,09,70,031,46,13,51,125,46,1*7A
$GBGSV,2,2,08,16,47,035,44,23,67,147,51,25,41,052,49,27,17,225,40,1*70
$GBGSV,2,1,05,06,55,035,47,08,34,130,47,09,70,031,49,13,51,125,45,B*0E
$GBGSV,2,2,05,16,47,035,46,B*30
$GBGSV,4,1,13,01,03,096,,02,58,141,,03,34,114,,07,07,137,,0*73
$GBGSV,4,2,13,10,08,148,,28,04,185,,30,12,274,,32,38,329,,0*76
$GBGSV,4,3,13,33,17,099,,37,25,200,,38,23,134,,39,38,036,,0*7D
$GBGSV,4,4,13,41,53,054,,0*47
$GQGSV,1,1,02,02,12,082,38,04,19,095,36,1*62
$GQGSV,1,1,03,02,12,082,35,04,19,095,41,07,19,104,42,6*55
$GNGLL,2454.22811,N,06708.27271,E,175050.00,A,D*73
$GNRMC,175051.00,A,2454.22811,N,06708.27271,E,0.001,,300425,,,R,V*06
$GNVTG,,T,,M,0.001,N,0.003,K,D*3A
$GNGGA,175051.00,2454.22811,N,06708.27271,E,4,12,0.61,21.8,M,-44.2,M,1.0,0265*79
$GNGSA,A,3,01,03,28,31,04,26,10,02,16,32,,,1.35,0.61,1.20,1*0D
$GNGSA,A,3,69,80,68,85,84,78,79,,,,,,1.35,0.61,1.20,2*08
$GNGSA,A,3,11,23,21,31,10,19,,,,,,,1.35,0.61,1.20,3*09
$GNGSA,A,3,23,06,08,13,16,09,25,27,,,,,1.35,0.61,1.20,4*06
$GNGSA,A,3,04,,,,,,,,,,,,1.35,0.61,1.20,5*02
$GPGSV,4,1,13,01,48,260,44,02,37,222,45,03,47,332,46,04,25,292,43,1*62
$GPGSV,4,2,13,10,11,131,39,16,25,156,40,26,43,127,45,28,34,037,42,1*67
$GPGSV,4,3,13,31,62,031,48,32,15,069,40,40,59,208,47,41,56,146,46,1*61
$GPGSV,4,4,13,42,19,104,44,1*5D
$GPGSV,2,1,08,01,48,260,47,03,47,332,45,04,25,292,43,10,11,131,36,6*6B
$GPGSV,2,2,08,26,43,127,43,28,34,037,46,31,62,031,45,32,15,069,41,6*6A
$GLGSV,2,1,08,68,24,073,46,69,41,015,48,78,16,033,45,79,57,077,50,1*7F
$GLGSV,2,2,08,80,41,170,48,84,28,247,35,85,19,301,45,,,,46,1*42
$GLGSV,2,1,07,68,24,073,44,69,41,015,47,78,16,033,46,79,57,077,47,3*7A
$GLGSV,2,2,07,80,41,170,47,84,28,247,42,85,19,301,41,3*46
$GLGSV,1,1,02,70,11,311,,83,02,190,,0*7E
$GAGSV,3,1,11,04,52,007,51,06,49,324,51,09,34,297,51,10,47,212,49,2*76
$GAGSV,3,2,11,11,52,257,45,12,31,186,46,19,16,064,43,21,10,050,45,2*71
$GAGSV,3,3,11,23,33,099,49,31,25,157,46,36,23,312,46,2*48
$GAGSV,3,1,11,04,52,007,45,06,49,324,46,09,34,297,45,10,47,212,46,7*7A
$GAGSV,3,2,11,11,52,257,40,12,31,186,40,19,16,064,34,21,10,050,40,7*72
$GAGSV,3,3,11,23,33,099,44,31,25,157,42,36,23,312,40,7*42
$GBGSV,2,1,08,06,55,035,44,08,34,130,42,09,70,031,46,13,51,125,46,1*7A
$GBGSV,2,2,08,16,47,035,44,23,67,147,51,25,41,052,49,27,17,225,40,1*70
$GBGSV,2,1,05,06,55,035,47,08,34,130,47,09,70,031,49,13,51,125,45,B*0E
$GBGSV,2,2,05,16,47,035,46,B*30
$GBGSV,4,1,13,01,03,096,,02,58,141,,03,34,114,,07,07,137,,0*73
$GBGSV,4,2,13,10,08,148,,28,04,185,,30,12,274,,32,38,329,,0*76
$GBGSV,4,3,13,33,17,099,,37,25,200,,38,23,134,,39,38,036,,0*7D
$GBGSV,4,4,13,41,53,054,,0*47
$GQGSV,1,1,02,02,12,082,38,04,19,095,36,1*62
$GQGSV,1,1,03,02,12,082,35,04,19,095,41,07,19,104,42,6*55
$GNGLL,2454.22811,N,06708.27271,E,175051.00,A,D*72
$GNRMC,175052.00,A,2454.22811,N,06708.27271,E,0.006,,300425,,,R,V*02
$GNVTG,,T,,M,0.006,N,0.012,K,D*3D
$GNGGA,175052.00,2454.22811,N,06708.27271,E,4,12,0.61,21.8,M,-44.2,M,1.0,0265*7A
$GNGSA,A,3,01,03,28,31,04,26,10,02,16,32,,,1.35,0.61,1.20,1*0D
$GNGSA,A,3,69,80,68,85,84,78,79,,,,,,1.35,0.61,1.20,2*08
$GNGSA,A,3,11,23,21,31,10,19,,,,,,,1.35,0.61,1.20,3*09
$GNGSA,A,3,23,06,08,13,16,09,25,27,,,,,1.35,0.61,1.20,4*06
$GNGSA,A,3,04,,,,,,,,,,,,1.35,0.61,1.20,5*02
$GPGSV,4,1,13,01,48,260,44,02,37,222,45,03,47,332,46,04,25,292,43,1*62
$GPGSV,4,2,13,10,11,131,39,16,26,156,40,26,43,127,45,28,34,037,43,1*65
$GPGSV,4,3,13,31,62,031,48,32,15,069,40,40,59,208,47,41,56,146,46,1*61
$GPGSV,4,4,13,42,19,104,44,1*5D
$GPGSV,2,1,08,01,48,260,47,03,47,332,45,04,25,292,43,10,11,131,35,6*68
$GPGSV,2,2,08,26,43,127,44,28,34,037,46,31,62,031,45,32,15,069,41,6*6D
$GLGSV,2,1,08,68,24,073,46,69,41,015,48,78,16,033,45,79,57,077,50,1*7F
$GLGSV,2,2,08,80,41,170,48,84,28,247,35,85,19,301,45,,,,46,1*42
$GLGSV,2,1,07,68,24,073,44,69,41,015,47,78,16,033,46,79,57,077,47,3*7A
$GLGSV,2,2,07,80,41,170,47,84,28,247,42,85,19,301,41,3*46
$GLGSV,1,1,02,70,11,311,,83,02,190,,0*7E
$GAGSV,3,1,11,04,52,007,51,06,49,324,51,09,34,297,51,10,47,212,49,2*76
$GAGSV,3,2,11,11,52,257,45,12,31,186,46,19,16,064,43,21,10,050,45,2*71
$GAGSV,3,3,11,23,33,099,49,31,25,157,46,36,23,312,46,2*48
$GAGSV,3,1,11,04,52,007,45,06,49,324,46,09,34,297,45,10,47,212,46,7*7A
$GAGSV,3,2,11,11,52,257,40,12,31,186,40,19,16,064,34,21,10,050,40,7*72
$GAGSV,3,3,11,23,33,099,45,31,25,157,42,36,23,312,40,7*43
$GBGSV,2,1,08,06,55,035,44,08,34,130,42,09,70,031,46,13,51,125,46,1*7A
$GBGSV,2,2,08,16,47,035,44,23,67,147,51,25,41,052,49,27,17,225,40,1*70
$GBGSV,2,1,05,06,55,035,47,08,34,130,47,09,70,031,49,13,51,125,45,B*0E
$GBGSV,2,2,05,16,47,035,47,B*31
$GBGSV,4,1,13,01,03,096,,02,58,141,,03,34,114,,07,07,137,,0*73
$GBGSV,4,2,13,10,08,148,,28,04,185,,30,12,274,,32,38,329,,0*76
$GBGSV,4,3,13,33,17,099,,37,25,200,,38,23,134,,39,38,036,,0*7D
$GBGSV,4,4,13,41,53,054,,0*47
$GQGSV,1,1,02,02,12,082,38,04,19,095,36,1*62
$GQGSV,1,1,03,02,12,082,35,04,19,095,41,07,19,104,42,6*55
$GNGLL,2454.22811,N,06708.27271,E,175052.00,A,D*71
$GNRMC,175053.00,A,2454.22810,N,06708.27271,E,0.008,,300425,,,R,V*0C
$GNVTG,,T,,M,0.008,N,0.015,K,D*34
$GNGGA,175053.00,2454.22810,N,06708.27271,E,4,12,0.61,21.8,M,-44.2,M,1.0,0265*7A
$GNGSA,A,3,01,03,28,31,04,26,10,02,16,32,,,1.35,0.61,1.20,1*0D
$GNGSA,A,3,69,80,68,85,84,78,79,,,,,,1.35,0.61,1.20,2*08
$GNGSA,A,3,11,23,21,31,10,19,,,,,,,1.35,0.61,1.20,3*09
$GNGSA,A,3,23,06,08,13,16,09,25,27,,,,,1.35,0.61,1.20,4*06
$GNGSA,A,3,04,,,,,,,,,,,,1.35,0.61,1.20,5*02
$GPGSV,4,1,13,01,48,260,44,02,37,222,45,03,47,332,46,04,25,292,43,1*62
$GPGSV,4,2,13,10,11,131,39,16,26,156,40,26,43,127,45,28,34,037,43,1*65
$GPGSV,4,3,13,31,62,031,49,32,15,069,40,40,59,208,47,41,56,146,46,1*60
$GPGSV,4,4,13,42,19,104,44,1*5D
$GPGSV,2,1,08,01,48,260,47,03,47,332,45,04,25,292,43,10,11,131,35,6*68
$GPGSV,2,2,08,26,43,127,43,28,34,037,46,31,62,031,45,32,15,069,41,6*6A
$GLGSV,2,1,08,68,24,073,46,69,41,015,48,78,16,033,45,79,57,077,50,1*7F
$GLGSV,2,2,08,80,41,170,48,84,28,247,35,85,19,301,45,,,,46,1*42
$GLGSV,2,1,08,68,24,073,44,69,41,015,47,78,16,033,46,79,57,077,47,3*75
$GLGSV,2,2,08,80,41,170,47,84,28,247,42,85,19,301,41,,,,45,3*48
$GLGSV,1,1,02,70,11,311,,83,02,190,,0*7E
$GAGSV,3,1,11,04,52,007,51,06,49,324,51,09,34,297,51,10,47,211,49,2*75
$GAGSV,3,2,11,11,52,257,45,12,31,186,46,19,16,064,43,21,10,050,45,2*71
$GAGSV,3,3,11,23,33,099,48,31,25,157,46,36,23,312,46,2*49
$GAGSV,3,1,11,04,52,007,45,06,49,324,46,09,34,297,45,10,47,211,46,7*79
$GAGSV,3,2,11,11,52,257,40,12,31,186,40,19,16,064,35,21,10,050,40,7*73
$GAGSV,3,3,11,23,33,099,45,31,25,157,42,36,23,312,40,7*43
$GBGSV,2,1,08,06,55,035,44,08,34,130,42,09,70,031,46,13,51,125,46,1*7A
$GBGSV,2,2,08,16,47,035,44,23,67,147,51,25,41,052,49,27,17,225,40,1*70
$GBGSV,2,1,05,06,55,035,47,08,34,130,47,09,70,031,49,13,51,125,45,B*0E
$GBGSV,2,2,05,16,47,035,46,B*30
$GBGSV,4,1,13,01,03,096,,02,58,141,,03,34,114,,07,07,137,,0*73
$GBGSV,4,2,13,10,08,148,,28,04,185,,30,12,274,,32,38,329,,0*76
$GBGSV,4,3,13,33,17,099,,37,25,200,,38,23,134,,39,38,036,,0*7D
$GBGSV,4,4,13,41,53,054,,0*47
$GQGSV,1,1,02,02,12,082,38,04,19,095,36,1*62
$GQGSV,1,1,03,02,12,082,35,04,19,095,41,07,19,104,42,6*55
$GNGLL,2454.22810,N,06708.27271,E,175053.00,A,D*71
$GNRMC,175054.00,A,2454.22810,N,06708.27271,E,0.010,,300425,,,R,V*02
$GNVTG,,T,,M,0.010,N,0.019,K,D*31
$GNGGA,175054.00,2454.22810,N,06708.27271,E,4,12,0.61,21.8,M,-44.2,M,1.0,0265*7D
$GNGSA,A,3,01,03,28,31,04,26,10,02,16,32,,,1.35,0.61,1.20,1*0D
$GNGSA,A,3,69,80,68,85,84,78,79,,,,,,1.35,0.61,1.20,2*08
$GNGSA,A,3,11,23,21,31,10,19,,,,,,,1.35,0.61,1.20,3*09
$GNGSA,A,3,23,06,08,13,16,09,25,27,,,,,1.35,0.61,1.20,4*06
$GNGSA,A,3,04,,,,,,,,,,,,1.35,0.61,1.20,5*02
$GPGSV,4,1,13,01,48,260,44,02,37,222,45,03,47,332,46,04,25,292,43,1*62
$GPGSV,4,2,13,10,11,131,39,16,26,156,40,26,43,127,45,28,34,037,42,1*64
$GPGSV,4,3,13,31,62,031,48,32,15,069,40,40,59,208,47,41,56,146,46,1*61
$GPGSV,4,4,13,42,19,104,44,1*5D
$GPGSV,2,1,08,01,48,260,47,03,47,332,45,04,25,292,43,10,11,131,36,6*6B
$GPGSV,2,2,08,26,43,127,43,28,34,037,46,31,62,031,45,32,15,069,41,6*6A
$GLGSV,2,1,08,68,24,073,46,69,41,015,48,78,16,033,45,79,57,077,50,1*7F
$GLGSV,2,2,08,80,41,170,48,84,28,247,35,85,19,301,45,,,,46,1*42
$GLGSV,2,1,08,68,24,073,44,69,41,015,47,78,16,033,46,79,57,077,47,3*75
$GLGSV,2,2,08,80,41,170,47,84,28,247,42,85,19,301,41,,,,45,3*48
$GLGSV,1,1,02,70,11,311,,83,02,190,,0*7E
$GAGSV,3,1,11,04,52,007,51,06,49,324,51,09,34,297,51,10,47,211,49,2*75
$GAGSV,3,2,11,11,52,257,45,12,31,186,46,19,16,064,43,21,10,050,45,2*71
$GAGSV,3,3,11,23,33,099,49,31,25,157,46,36,23,312,46,2*48
$GAGSV,3,1,11,04,52,007,45,06,49,324,46,09,34,297,45,10,47,211,46,7*79
$GAGSV,3,2,11,11,52,257,40,12,31,186,40,19,16,064,35,21,10,050,40,7*73
$GAGSV,3,3,11,23,33,099,45,31,25,157,42,36,23,312,40,7*43
$GBGSV,2,1,08,06,55,035,44,08,34,130,42,09,70,031,46,13,51,125,46,1*7A
$GBGSV,2,2,08,16,47,035,44,23,67,147,51,25,41,052,49,27,17,225,40,1*70
$GBGSV,2,1,05,06,55,035,47,08,34,130,47,09,70,031,49,13,51,125,45,B*0E
$GBGSV,2,2,05,16,47,035,47,B*31
$GBGSV,4,1,13,01,03,096,,02,58,141,,03,34,114,,07,07,137,,0*73
$GBGSV,4,2,13,10,08,148,,28,04,185,,30,12,274,,32,38,329,,0*76
$GBGSV,4,3,13,33,17,099,,37,25,200,,38,23,134,,39,38,036,,0*7D
$GBGSV,4,4,13,41,53,054,,0*47
$GQGSV,1,1,02,02,12,082,38,04,19,095,36,1*62
$GQGSV,1,1,03,02,12,082,35,04,19,095,41,07,19,104,42,6*55
$GNGLL,2454.22810,N,06708.27271,E,175054.00,A,D*76
$GNRMC,175055.00,A,2454.22811,N,06708.27271,E,0.004,,300425,,,R,V*07
$GNVTG,,T,,M,0.004,N,0.008,K,D*34
$GNGGA,175055.00,2454.22811,N,06708.27271,E,4,12,0.61,21.8,M,-44.2,M,1.0,0265*7D
$GNGSA,A,3,01,03,28,31,04,26,10,02,16,32,,,1.35,0.61,1.20,1*0D
$GNGSA,A,3,69,80,68,85,84,78,79,,,,,,1.35,0.61,1.20,2*08
$GNGSA,A,3,11,23,21,31,10,19,,,,,,,1.35,0.61,1.20,3*09
$GNGSA,A,3,23,06,08,13,16,09,25,27,,,,,1.35,0.61,1.20,4*06
$GNGSA,A,3,04,,,,,,,,,,,,1.35,0.61,1.20,5*02
$GPGSV,4,1,13,01,48,260,43,02,37,222,45,03,47,332,46,04,25,292,43,1*65
$GPGSV,4,2,13,10,11,131,39,16,26,156,39,26,43,127,46,28,34,037,42,1*69
$GPGSV,4,3,13,31,62,031,48,32,15,069,40,40,59,208,47,41,56,146,46,1*61
$GPGSV,4,4,13,42,19,104,44,1*5D
$GPGSV,2,1,08,01,48,260,46,03,47,332,45,04,25,292,43,10,11,131,35,6*69
$GPGSV,2,2,08,26,43,127,43,28,34,037,46,31,62,031,46,32,15,069,41,6*69
$GLGSV,2,1,08,68,24,073,46,69,41,015,48,78,16,033,45,79,57,077,50,1*7F
$GLGSV,2,2,08,80,41,170,48,84,28,247,35,85,19,301,45,,,,46,1*42
$GLGSV,2,1,08,68,24,073,44,69,41,015,47,78,16,033,46,79,57,077,47,3*75
$GLGSV,2,2,08,80,41,170,46,84,28,247,42,85,19,301,41,,,,45,3*49
$GLGSV,1,1,02,70,11,311,,83,02,190,,0*7E
$GAGSV,3,1,11,04,52,007,51,06,49,324,51,09,34,297,51,10,47,211,49,2*75
$GAGSV,3,2,11,11,52,257,45,12,31,186,46,19,16,064,43,21,10,050,45,2*71
$GAGSV,3,3,11,23,33,099,49,31,25,157,46,36,23,312,46,2*48
$GAGSV,3,1,11,04,52,007,45,06,49,324,46,09,34,297,45,10,47,211,46,7*79
$GAGSV,3,2,11,11,52,257,40,12,31,186,40,19,16,064,35,21,10,050,40,7*73
$GAGSV,3,3,11,23,33,099,45,31,25,157,42,36,23,312,40,7*43
$GBGSV,2,1,08,06,55,035,44,08,34,130,42,09,70,031,46,13,51,125,46,1*7A
$GBGSV,2,2,08,16,47,035,44,23,67,147,51,25,41,052,49,27,17,225,40,1*70
$GBGSV,2,1,05,06,55,035,47,08,34,130,47,09,70,031,49,13,51,125,45,B*0E
$GBGSV,2,2,05,16,47,035,46,B*30
$GBGSV,4,1,13,01,03,096,,02,58,141,,03,34,114,,07,07,137,,0*73
$GBGSV,4,2,13,10,08,148,,28,04,185,,30,12,274,,32,38,329,,0*76
$GBGSV,4,3,13,33,17,099,,37,25,200,,38,23,134,,39,38,036,,0*7D
$GBGSV,4,4,13,41,53,054,,0*47
$GQGSV,1,1,02,02,12,082,38,04,19,095,36,1*62
$GQGSV,1,1,03,02,12,082,36,04,19,095,41,07,19,104,42,6*56
$GNGLL,2454.22811,N,06708.27271,E,175055.00,A,D*76
$GNRMC,175056.00,A,2454.22810,N,06708.27271,E,0.006,,300425,,,R,V*07
$GNVTG,,T,,M,0.006,N,0.010,K,D*3F
$GNGGA,175056.00,2454.22810,N,06708.27271,E,4,12,0.61,21.8,M,-44.2,M,1.0,0265*7F
$GNGSA,A,3,01,03,28,31,04,26,10,02,16,32,,,1.35,0.61,1.20,1*0D
$GNGSA,A,3,69,80,68,85,84,78,79,,,,,,1.35,0.61,1.20,2*08
$GNGSA,A,3,11,23,21,31,10,19,,,,,,,1.35,0.61,1.20,3*09
$GNGSA,A,3,23,06,08,13,16,09,25,27,,,,,1.35,0.61,1.20,4*06
$GNGSA,A,3,04,,,,,,,,,,,,1.35,0.61,1.20,5*02
$GPGSV,4,1,13,01,48,260,44,02,37,222,45,03,47,332,46,04,25,292,43,1*62
$GPGSV,4,2,13,10,11,131,39,16,26,156,39,26,43,127,46,28,34,037,43,1*68
$GPGSV,4,3,13,31,62,031,48,32,15,069,40,40,59,208,48,41,56,146,46,1*6E
$GPGSV,4,4,13,42,19,104,44,1*5D
$GPGSV,2,1,08,01,48,260,46,03,47,332,45,04,25,292,43,10,11,131,35,6*69
$GPGSV,2,2,08,26,43,127,43,28,34,037,46,31,62,031,45,32,15,069,41,6*6A
$GLGSV,2,1,08,68,24,073,46,69,41,015,48,78,16,033,45,79,57,077,50,1*7F
$GLGSV,2,2,08,80,41,170,48,84,28,247,35,85,19,301,45,,,,46,1*42
$GLGSV,2,1,08,68,24,073,44,69,41,015,47,78,16,033,46,79,57,077,47,3*75
$GLGSV,2,2,08,80,41,170,47,84,28,247,42,85,19,301,41,,,,45,3*48
$GLGSV,1,1,02,70,11,311,,83,02,190,,0*7E
$GAGSV,3,1,11,04,52,007,51,06,49,324,51,09,34,297,51,10,47,211,49,2*75
$GAGSV,3,2,11,11,52,257,45,12,31,186,46,19,16,064,43,21,10,050,45,2*71
$GAGSV,3,3,11,23,33,099,49,31,25,157,46,36,23,312,46,2*48
$GAGSV,3,1,11,04,52,007,45,06,49,324,46,09,34,297,45,10,47,211,46,7*79
$GAGSV,3,2,11,11,52,257,40,12,31,186,40,19,16,064,35,21,10,050,40,7*73
$GAGSV,3,3,11,23,33,099,45,31,25,157,42,36,23,312,40,7*43
$GBGSV,2,1,08,06,55,035,43,08,34,130,42,09,70,031,46,13,51,125,46,1*7D
$GBGSV,2,2,08,16,47,035,44,23,67,147,51,25,41,052,49,27,17,225,40,1*70
$GBGSV,2,1,05,06,55,035,47,08,34,130,47,09,70,031,49,13,51,125,45,B*0E
$GBGSV,2,2,05,16,47,035,46,B*30
$GBGSV,4,1,13,01,03,096,,02,58,141,,03,34,114,,07,07,137,,0*73
$GBGSV,4,2,13,10,08,148,,28,04,185,,30,12,274,,32,38,329,,0*76
$GBGSV,4,3,13,33,17,099,,37,25,200,,38,23,134,,39,38,036,,0*7D
$GBGSV,4,4,13,41,53,054,,0*47
$GQGSV,1,1,02,02,12,082,38,04,19,095,36,1*62
$GQGSV,1,1,03,02,12,082,36,04,19,095,41,07,19,104,42,6*56
$GNGLL,2454.22810,N,06708.27271,E,175056.00,A,D*74
$GNRMC,175057.00,A,2454.22811,N,06708.27271,E,0.004,,300425,,,R,V*05
$GNVTG,,T,,M,0.004,N,0.007,K,D*3B
$GNGGA,175057.00,2454.22811,N,06708.27271,E,4,12,0.61,21.8,M,-44.2,M,1.0,0265*7F
$GNGSA,A,3,01,03,28,31,04,26,10,02,16,32,,,1.34,0.61,1.20,1*0C
$GNGSA,A,3,69,80,68,85,84,78,79,,,,,,1.34,0.61,1.20,2*09
$GNGSA,A,3,11,23,21,31,10,19,,,,,,,1.34,0.61,1.20,3*08
$GNGSA,A,3,23,06,08,13,16,09,25,27,,,,,1.34,0.61,1.20,4*07
$GNGSA,A,3,04,,,,,,,,,,,,1.34,0.61,1.20,5*03
$GPGSV,4,1,13,01,48,260,43,02,37,222,45,03,47,332,46,04,25,292,43,1*65
$GPGSV,4,2,13,10,11,131,39,16,26,156,39,26,43,127,46,28,34,037,43,1*68
$GPGSV,4,3,13,31,62,031,48,32,15,069,40,40,59,208,48,41,56,146,46,1*6E
$GPGSV,4,4,13,42,19,104,44,1*5D
$GPGSV,2,1,08,01,48,260,46,03,47,332,46,04,25,292,43,10,11,131,35,6*6A
$GPGSV,2,2,08,26,43,127,43,28,34,037,46,31,62,031,45,32,15,069,41,6*6A
$GLGSV,2,1,08,68,24,073,46,69,41,015,48,78,16,033,45,79,57,077,50,1*7F
$GLGSV,2,2,08,80,41,170,48,84,28,247,35,85,19,301,45,,,,46,1*42
$GLGSV,2,1,08,68,24,073,44,69,41,015,47,78,16,033,46,79,57,077,47,3*75
$GLGSV,2,2,08,80,41,170,47,84,28,247,42,85,19,301,41,,,,45,3*48
$GLGSV,1,1,02,70,11,311,,83,02,190,,0*7E
$GAGSV,3,1,11,04,52,007,51,06,49,324,51,09,34,297,51,10,47,211,49,2*75
$GAGSV,3,2,11,11,52,257,45,12,31,186,46,19,16,064,43,21,10,050,45,2*71
$GAGSV,3,3,11,23,33,099,49,31,25,157,46,36,23,312,46,2*48
$GAGSV,3,1,11,04,52,007,45,06,49,324,46,09,34,297,45,10,47,211,46,7*79
$GAGSV,3,2,11,11,52,257,40,12,31,186,40,19,16,064,35,21,10,050,40,7*73
$GAGSV,3,3,11,23,33,099,45,31,25,157,42,36,23,312,40,7*43
$GBGSV,2,1,08,06,55,035,44,08,34,130,42,09,70,031,46,13,51,125,46,1*7A
$GBGSV,2,2,08,16,47,035,44,23,67,147,51,25,41,052,49,27,17,225,40,1*70
$GBGSV,2,1,05,06,55,035,47,08,34,130,47,09,70,031,49,13,51,125,45,B*0E
$GBGSV,2,2,05,16,47,035,46,B*30
$GBGSV,4,1,13,01,03,096,,02,58,141,,03,34,114,,07,07,137,,0*73
$GBGSV,4,2,13,10,08,148,,28,04,185,,30,12,274,,32,38,329,,0*76
$GBGSV,4,3,13,33,17,099,,37,25,200,,38,23,134,,39,38,036,,0*7D
$GBGSV,4,4,13,41,53,054,,0*47
$GQGSV,1,1,02,02,12,082,38,04,19,095,36,1*62
$GQGSV,1,1,03,02,12,082,35,04,19,095,41,07,19,104,42,6*55
$GNGLL,2454.22811,N,06708.27271,E,175057.00,A,D*74
$GNRMC,175058.00,A,2454.22811,N,06708.27271,E,0.004,,300425,,,R,V*0A
$GNVTG,,T,,M,0.004,N,0.007,K,D*3B
$GNGGA,175058.00,2454.22811,N,06708.27271,E,4,12,0.61,21.8,M,-44.2,M,1.0,0265*70
$GNGSA,A,3,01,03,28,31,04,26,10,02,16,32,,,1.34,0.61,1.20,1*0C
$GNGSA,A,3,69,80,68,85,84,78,79,,,,,,1.34,0.61,1.20,2*09
$GNGSA,A,3,11,23,21,31,10,19,,,,,,,1.34,0.61,1.20,3*08
$GNGSA,A,3,23,06,08,13,16,09,25,27,,,,,1.34,0.61,1.20,4*07
$GNGSA,A,3,04,,,,,,,,,,,,1.34,0.61,1.20,5*03
$GPGSV,4,1,13,01,48,260,43,02,37,222,45,03,47,332,46,04,25,292,43,1*65
$GPGSV,4,2,13,10,11,131,39,16,26,156,39,26,43,127,46,28,34,037,43,1*68
$GPGSV,4,3,13,31,62,031,48,32,15,069,40,40,59,208,47,41,56,146,46,1*61
$GPGSV,4,4,13,42,19,104,44,1*5D
$GPGSV,2,1,08,01,48,260,46,03,47,332,46,04,25,292,43,10,11,131,36,6*69
$GPGSV,2,2,08,26,43,127,43,28,34,037,46,31,62,031,46,32,15,069,41,6*69
$GLGSV,2,1,08,