$GNRMC,140902.00,A,2454.22759,N,06708.26959,E,0.006,,050525,,,R,V*0C
$GNVTG,,T,,M,0.006,N,0.012,K,D*3D
$GNGGA,140902.00,2454.22759,N,06708.26959,E,4,12,0.68,21.9,M,-44.2,M,1.0,0289*79
$GNGSA,A,3,08,10,18,23,02,27,28,32,31,,,,1.42,0.68,1.25,1*01
$GNGSA,A,3,87,66,86,72,65,88,,,,,,,1.42,0.68,1.25,2*0A
$GNGSA,A,3,03,08,15,34,05,,,,,,,,1.42,0.68,1.25,3*01
$GNGSA,A,3,08,09,06,13,20,16,29,27,32,38,39,,1.42,0.68,1.25,4*05
$GNGSA,A,3,04,,,,,,,,,,,,1.42,0.68,1.25,5*0E
$GPGSV,4,1,13,02,19,321,42,08,23,287,42,10,49,020,47,18,24,136,40,1*6F
$GPGSV,4,2,13,23,26,070,41,24,06,041,34,27,35,245,43,28,37,165,44,1*6E
$GPGSV,4,3,13,31,16,186,33,32,74,329,50,36,34,246,41,40,59,208,47,1*62
$GPGSV,4,4,13,41,56,146,47,1*50
$GPGSV,3,1,09,08,23,287,41,10,49,020,46,18,24,136,44,23,26,070,43,6*6B
$GPGSV,3,2,09,24,06,041,37,27,35,245,45,28,37,165,47,31,16,186,28,6*64
$GPGSV,3,3,09,32,74,329,47,6*53
$GPGSV,1,1,01,49,17,257,,0*5F
$GLGSV,3,1,09,65,45,295,46,66,13,251,41,72,36,015,47,74,09,083,37,1*7E
$GLGSV,3,2,09,75,06,131,39,86,27,159,47,87,73,181,49,88,38,327,49,1*76
$GLGSV,3,3,09,,,,49,1*7C
$GLGSV,2,1,08,65,45,295,10,66,13,251,38,72,36,015,47,74,09,083,08,3*7D
$GLGSV,2,2,08,75,06,131,42,86,27,159,44,88,38,327,47,,,,49,3*46
$GLGSV,1,1,01,73,00,043,,0*4B
$GAGSV,2,1,06,03,73,008,53,05,23,039,48,08,47,236,52,13,12,322,40,2*75
$GAGSV,2,2,06,15,63,341,52,34,57,119,52,2*7B
$GAGSV,2,1,06,03,73,008,47,05,23,039,42,08,47,236,43,13,12,322,37,7*7F
$GAGSV,2,2,06,15,63,341,48,34,57,119,47,7*71
$GAGSV,1,1,01,36,08,134,,0*4E
$GBGSV,2,1,08,08,30,064,38,13,43,049,45,20,47,298,49,27,23,163,42,1*7F
$GBGSV,2,2,08,29,38,305,48,32,43,026,48,38,25,076,40,39,49,079,47,1*79
$GBGSV,2,1,06,06,51,106,47,08,30,064,45,09,49,128,48,13,43,049,47,B*06
$GBGSV,2,2,06,16,49,093,46,29,38,305,07,B*00
$GBGSV,1,1,04,10,08,165,,59,08,095,,60,60,149,,61,35,113,,0*7E
$GQGSV,1,1,03,03,06,127,29,04,20,067,39,07,19,104,31,1*59
$GQGSV,1,1,03,03,06,127,37,04,20,067,38,07,19,104,41,6*57
$GNGLL,2454.22759,N,06708.26959,E,140902.00,A,D*78
$GNRMC,140903.00,A,2454.22759,N,06708.26959,E,0.009,,050525,,,R,V*02
$GNVTG,,T,,M,0.009,N,0.017,K,D*37
$GNGGA,140903.00,2454.22759,N,06708.26959,E,4,12,0.68,21.9,M,-44.2,M,1.0,0289*78
$GNGSA,A,3,08,10,18,23,02,27,28,32,31,,,,1.42,0.68,1.25,1*01
$GNGSA,A,3,87,66,86,72,65,88,,,,,,,1.42,0.68,1.25,2*0A
$GNGSA,A,3,03,08,15,34,05,,,,,,,,1.42,0.68,1.25,3*01
$GNGSA,A,3,08,09,06,13,20,16,29,27,32,38,39,,1.42,0.68,1.25,4*05
$GNGSA,A,3,04,,,,,,,,,,,,1.42,0.68,1.25,5*0E
$GPGSV,4,1,13,02,19,321,42,08,23,287,42,10,49,020,47,18,24,136,40,1*6F
$GPGSV,4,2,13,23,26,070,41,24,06,041,35,27,35,245,43,28,37,165,44,1*6F
$GPGSV,4,3,13,31,16,186,33,32,74,329,50,36,34,246,41,40,59,208,47,1*62
$GPGSV,4,4,13,41,56,146,47,1*50
$GPGSV,3,1,09,08,23,287,41,10,49,020,46,18,24,136,44,23,26,070,43,6*6B
$GPGSV,3,2,09,24,06,041,38,27,35,245,45,28,37,165,47,31,16,186,28,6*6B
$GPGSV,3,3,09,32,74,329,47,6*53
$GPGSV,1,1,01,49,17,257,,0*5F
$GLGSV,3,1,09,65,45,295,46,66,13,251,40,72,36,015,47,74,09,083,37,1*7F
$GLGSV,3,2,09,75,06,131,39,86,27,159,46,87,73,181,49,88,38,327,49,1*77
$GLGSV,3,3,09,,,,49,1*7C
$GLGSV,2,1,08,65,45,295,10,66,13,251,38,72,36,015,47,74,09,083,08,3*7D
$GLGSV,2,2,08,75,06,131,42,86,27,159,44,88,38,327,47,,,,49,3*46
$GLGSV,1,1,01,73,00,043,,0*4B
$GAGSV,2,1,06,03,73,008,53,05,23,039,48,08,47,236,52,13,12,322,40,2*75
$GAGSV,2,2,06,15,63,341,52,34,57,119,52,2*7B
$GAGSV,2,1,06,03,73,008,47,05,23,039,42,08,47,236,43,13,12,322,37,7*7F
$GAGSV,2,2,06,15,63,341,48,34,57,119,47,7*71
$GAGSV,1,1,01,36,08,134,,0*4E
$GBGSV,2,1,08,08,30,064,38,13,43,049,45,20,47,298,49,27,23,163,42,1*7F
$GBGSV,2,2,08,29,38,305,48,32,43,026,49,38,25,076,40,39,49,079,47,1*78
$GBGSV,2,1,06,06,51,106,47,08,30,064,46,09,49,128,48,13,43,049,48,B*0A
$GBGSV,2,2,06,16,49,093,47,29,38,305,07,B*01
$GBGSV,1,1,04,10,08,165,,59,08,095,,60,60,149,,61,35,113,,0*7E
$GQGSV,1,1,03,03,06,127,28,04,20,067,39,07,19,104,32,1*5B
$GQGSV,1,1,03,03,06,127,37,04,20,067,38,07,19,104,41,6*57
$GNGLL,2454.22759,N,06708.26959,E,140903.00,A,D*79
$GNRMC,140904.00,A,2454.22759,N,06708.26958,E,0.005,,050525,,,R,V*08
$GNVTG,,T,,M,0.005,N,0.009,K,D*34
$GNGGA,140904.00,2454.22759,N,06708.26958,E,4,12,0.68,21.9,M,-44.2,M,1.0,0289*7E
$GNGSA,A,3,08,10,18,23,02,27,28,32,31,,,,1.42,0.68,1.25,1*01
$GNGSA,A,3,87,66,86,72,65,88,,,,,,,1.42,0.68,1.25,2*0A
$GNGSA,A,3,03,08,15,34,05,,,,,,,,1.42,0.68,1.25,3*01
$GNGSA,A,3,08,09,06,13,20,16,29,27,32,38,39,,1.42,0.68,1.25,4*05
$GNGSA,A,3,04,,,,,,,,,,,,1.42,0.68,1.25,5*0E
$GPGSV,4,1,13,02,19,321,42,08,23,287,42,10,49,020,47,18,24,136,40,1*6F
$GPGSV,4,2,13,23,26,070,41,24,06,041,35,27,35,245,43,28,37,165,44,1*6F
$GPGSV,4,3,13,31,16,186,33,32,74,329,50,36,34,246,41,40,59,208,47,1*62
$GPGSV,4,4,13,41,56,146,47,1*50
$GPGSV,3,1,09,08,23,287,41,10,49,020,46,18,24,136,44,23,26,070,43,6*6B
$GPGSV,3,2,09,24,06,041,38,27,35,245,45,28,37,165,47,31,16,186,29,6*6A
$GPGSV,3,3,09,32,74,329,47,6*53
$GPGSV,1,1,01,49,17,257,,0*5F
$GLGSV,3,1,09,65,45,295,46,66,13,251,40,72,36,015,47,74,09,083,37,1*7F
$GLGSV,3,2,09,75,06,131,39,86,27,159,46,87,73,181,49,88,38,327,49,1*77
$GLGSV,3,3,09,,,,49,1*7C
$GLGSV,2,1,08,65,45,295,11,66,13,251,38,72,36,015,47,74,09,083,08,3*7C
$GLGSV,2,2,08,75,06,131,42,86,27,159,44,88,38,327,47,,,,49,3*46
$GLGSV,1,1,01,73,00,043,,0*4B
$GAGSV,2,1,06,03,73,008,53,05,23,039,48,08,47,236,52,13,12,322,40,2*75
$GAGSV,2,2,06,15,63,341,52,34,57,120,52,2*71
$GAGSV,2,1,06,03,73,008,47,05,23,039,42,08,47,236,43,13,12,322,37,7*7F
$GAGSV,2,2,06,15,63,341,48,34,57,120,47,7*7B
$GAGSV,1,1,01,36,08,134,,0*4E
$GBGSV,2,1,08,08,30,064,38,13,43,049,45,20,47,298,49,27,23,163,42,1*7F
$GBGSV,2,2,08,29,38,305,48,32,43,026,48,38,25,076,40,39,49,079,47,1*79
$GBGSV,2,1,06,06,51,106,47,08,30,064,46,09,49,128,48,13,43,049,48,B*0A
$GBGSV,2,2,06,16,49,093,47,29,38,305,07,B*01
$GBGSV,1,1,04,10,08,165,,59,08,095,,60,60,149,,61,35,113,,0*7E
$GQGSV,1,1,03,03,06,127,28,04,20,067,39,07,19,104,31,1*58
$GQGSV,1,1,03,03,06,127,37,04,20,067,38,07,19,104,41,6*57
$GNGLL,2454.22759,N,06708.26958,E,140904.00,A,D*7F
$GNRMC,140905.00,A,2454.22759,N,06708.26958,E,0.013,,050525,,,R,V*0E
$GNVTG,,T,,M,0.013,N,0.024,K,D*3C
$GNGGA,140905.00,2454.22759,N,06708.26958,E,4,12,0.68,21.9,M,-44.2,M,1.0,0289*7F
$GNGSA,A,3,08,10,18,23,02,27,28,32,31,,,,1.42,0.68,1.25,1*01
$GNGSA,A,3,87,66,86,72,65,88,,,,,,,1.42,0.68,1.25,2*0A
$GNGSA,A,3,03,08,15,34,05,,,,,,,,1.42,0.68,1.25,3*01
$GNGSA,A,3,08,09,06,13,20,16,29,27,32,38,39,,1.42,0.68,1.25,4*05
$GNGSA,A,3,04,,,,,,,,,,,,1.42,0.68,1.25,5*0E
$GPGSV,4,1,13,02,19,321,42,08,23,287,42,10,49,020,47,18,24,136,40,1*6F
$GPGSV,4,2,13,23,26,070,41,24,06,041,35,27,35,245,43,28,37,165,44,1*6F
$GPGSV,4,3,13,31,16,186,33,32,74,329,50,36,34,246,41,40,59,208,47,1*62
$GPGSV,4,4,13,41,56,146,47,1*50
$GPGSV,3,1,09,08,23,287,41,10,49,020,46,18,24,136,44,23,26,070,43,6*6B
$GPGSV,3,2,09,24,06,041,38,27,35,245,45,28,37,165,47,31,16,186,29,6*6A
$GPGSV,3,3,09,32,74,329,47,6*53
$GPGSV,1,1,01,49,17,257,,0*5F
$GLGSV,3,1,09,65,45,295,46,66,13,251,40,72,36,015,47,74,09,083,37,1*7F
$GLGSV,3,2,09,75,06,131,39,86,27,159,46,87,73,181,49,88,38,327,49,1*77
$GLGSV,3,3,09,,,,49,1*7C
$GLGSV,2,1,08,65,45,295,12,66,13,251,38,72,36,015,47,74,09,083,08,3*7F
$GLGSV,2,2,08,75,06,131,42,86,27,159,44,88,38,327,47,,,,49,3*46
$GLGSV,1,1,01,73,00,043,,0*4B
$GAGSV,2,1,06,03,73,008,53,05,23,039,48,08,47,236,52,13,12,322,40,2*75
$GAGSV,2,2,06,15,63,341,52,34,57,120,52,2*71
$GAGSV,2,1,06,03,73,008,47,05,23,039,42,08,47,236,43,13,12,322,37,7*7F
$GAGSV,2,2,06,15,63,341,48,34,57,120,47,7*7B
$GAGSV,1,1,01,36,07,135,,0*40
$GBGSV,2,1,08,08,30,064,38,13,43,049,45,20,47,298,49,27,23,163,42,1*7F
$GBGSV,2,2,08,29,38,305,48,32,43,026,48,38,25,076,40,39,49,079,47,1*79
$GBGSV,2,1,06,06,51,106,47,08,30,064,46,09,49,128,48,13,43,049,48,B*0A
$GBGSV,2,2,06,16,49,093,47,29,38,305,08,B*0E
$GBGSV,1,1,04,10,08,165,,59,08,095,,60,60,149,,61,35,113,,0*7E
$GQGSV,1,1,03,03,06,127,29,04,20,067,39,07,19,104,32,1*5A
$GQGSV,1,1,03,03,06,127,36,04,20,067,38,07,19,104,41,6*56
$GNGLL,2454.22759,N,06708.26958,E,140905.00,A,D*7E
$GNRMC,140906.00,A,2454.22759,N,06708.26958,E,0.006,,050525,,,R,V*09
$GNVTG,,T,,M,0.006,N,0.011,K,D*3E
$GNGGA,140906.00,2454.22759,N,06708.26958,E,4,12,0.68,21.9,M,-44.2,M,1.0,0289*7C
$GNGSA,A,3,08,10,18,23,02,27,28,32,31,,,,1.42,0.68,1.25,1*01
$GNGSA,A,3,87,66,86,72,65,88,,,,,,,1.42,0.68,1.25,2*0A
$GNGSA,A,3,03,08,15,34,05,,,,,,,,1.42,0.68,1.25,3*01
$GNGSA,A,3,08,09,06,13,20,16,29,27,32,38,39,,1.42,0.68,1.25,4*05
$GNGSA,A,3,04,,,,,,,,,,,,1.42,0.68,1.25,5*0E
$GPGSV,4,1,13,02,19,321,42,08,23,287,42,10,49,020,47,18,24,136,40,1*6F
$GPGSV,4,2,13,23,26,070,41,24,06,041,35,27,35,245,43,28,37,165,44,1*6F
$GPGSV,4,3,13,31,16,186,33,32,74,329,50,36,34,246,41,40,59,208,47,1*62
$GPGSV,4,4,13,41,56,146,47,1*50
$GPGSV,3,1,09,08,23,287,41,10,49,020,46,18,24,136,44,23,26,070,43,6*6B
$GPGSV,3,2,09,24,06,041,38,27,35,245,45,28,37,165,47,31,16,186,29,6*6A
$GPGSV,3,3,09,32,74,329,47,6*53
$GPGSV,1,1,01,49,17,257,,0*5F
$GLGSV,3,1,09,65,45,295,46,66,13,251,40,72,36,015,47,74,09,083,37,1*7F
$GLGSV,3,2,09,75,06,131,39,86,27,159,46,87,73,181,49,88,38,327,49,1*77
$GLGSV,3,3,09,,,,49,1*7C
$GLGSV,2,1,08,65,45,295,11,66,13,251,38,72,36,015,47,74,09,083,08,3*7C
$GLGSV,2,2,08,75,06,131,42,86,27,159,44,88,38,327,47,,,,49,3*46
$GLGSV,1,1,01,73,00,043,,0*4B
$GAGSV,2,1,06,03,73,008,53,05,23,039,48,08,47,236,52,13,12,322,40,2*75
$GAGSV,2,2,06,15,63,341,52,34,57,120,52,2*71
$GAGSV,2,1,06,03,73,008,47,05,23,039,42,08,47,236,43,13,12,322,37,7*7F
$GAGSV,2,2,06,15,63,341,48,34,57,120,47,7*7B
$GAGSV,1,1,01,36,07,135,,0*40
$GBGSV,2,1,08,08,30,064,38,13,43,049,45,20,47,298,49,27,23,163,42,1*7F
$GBGSV,2,2,08,29,38,305,48,32,43,026,48,38,25,076,40,39,49,079,47,1*79
$GBGSV,2,1,06,06,51,106,47,08,30,064,46,09,49,128,48,13,43,049,48,B*0A
$GBGSV,2,2,06,16,49,093,47,29,38,305,08,B*0E
$GBGSV,1,1,04,10,08,165,,59,08,095,,60,60,149,,61,35,113,,0*7E
$GQGSV,1,1,03,03,06,127,28,04,20,067,39,07,19,104,32,1*5B
$GQGSV,1,1,03,03,06,127,37,04,20,067,38,07,19,104,41,6*57
$GNGLL,2454.22759,N,06708.26958,E,140906.00,A,D*7D
$GNRMC,140907.00,A,2454.22759,N,06708.26958,E,0.010,,050525,,,R,V*0F
$GNVTG,,T,,M,0.010,N,0.019,K,D*31
$GNGGA,140907.00,2454.22759,N,06708.26958,E,4,12,0.68,21.9,M,-44.2,M,1.0,0289*7D
$GNGSA,A,3,08,10,18,23,02,27,28,32,31,,,,1.42,0.68,1.25,1*01
$GNGSA,A,3,87,66,86,72,65,88,,,,,,,1.42,0.68,1.25,2*0A
$GNGSA,A,3,03,08,15,34,05,,,,,,,,1.42,0.68,1.25,3*01
$GNGSA,A,3,08,09,06,13,20,16,29,27,32,38,39,,1.42,0.68,1.25,4*05
$GNGSA,A,3,04,,,,,,,,,,,,1.42,0.68,1.25,5*0E
$GPGSV,4,1,13,02,19,321,42,08,23,287,42,10,49,020,47,18,24,136,40,1*6F
$GPGSV,4,2,13,23,26,070,41,24,06,041,35,27,35,245,43,28,37,165,44,1*6F
$GPGSV,4,3,13,31,16,186,33,32,74,329,50,36,34,246,41,40,59,208,47,1*62
$GPGSV,4,4,13,41,56,146,47,1*50
$GPGSV,3,1,09,08,23,287,41,10,49,020,46,18,24,136,44,23,26,070,43,6*6B
$GPGSV,3,2,09,24,06,041,38,27,35,245,45,28,37,165,47,31,16,186,29,6*6A
$GPGSV,3,3,09,32,74,329,47,6*53
$GPGSV,1,1,01,49,17,257,,0*5F
$GLGSV,3,1,09,65,45,295,46,66,13,251,40,72,36,015,47,74,09,083,37,1*7F
$GLGSV,3,2,09,75,06,131,39,86,27,159,46,87,73,181,49,88,38,327,49,1*77
$GLGSV,3,3,09,,,,49,1*7C
$GLGSV,2,1,08,65,45,295,11,66,13,251,38,72,36,015,47,74,09,083,08,3*7C
$GLGSV,2,2,08,75,06,131,42,86,27,159,44,88,38,327,47,,,,49,3*46
$GLGSV,1,1,01,73,00,043,,0*4B
$GAGSV,2,1,06,03,73,008,53,05,23,039,48,08,47,236,52,13,12,322,40,2*75
$GAGSV,2,2,06,15,63,341,52,34,57,120,52,2*71
$GAGSV,2,1,06,03,73,008,47,05,23,039,42,08,47,236,43,13,12,322,37,7*7F
$GAGSV,2,2,06,15,63,341,48,34,57,120,47,7*7B
$GAGSV,1,1,01,36,07,135,,0*40
$GBGSV,2,1,08,08,31,065,38,13,43,049,45,20,47,298,49,27,23,163,42,1*7F
$GBGSV,2,2,08,29,38,305,48,32,43,026,48,38,25,076,40,39,49,079,46,1*78
$GBGSV,2,1,05,06,51,106,47,08,31,065,46,09,49,128,48,13,43,049,48,B*09
$GBGSV,2,2,05,16,49,093,47,B*33
$GBGSV,1,1,04,10,08,165,,59,08,095,,60,60,149,,61,35,113,,0*7E
$GQGSV,1,1,03,03,06,127,28,04,20,067,39,07,19,104,32,1*5B
$GQGSV,1,1,03,03,06,127,37,04,20,067,38,07,19,104,41,6*57
$GNGLL,2454.22759,N,06708.26958,E,140907.00,A,D*7C
$GNRMC,140908.00,A,2454.22759,N,06708.26958,E,0.015,,050525,,,R,V*05
$GNVTG,,T,,M,0.015,N,0.028,K,D*36
$GNGGA,140908.00,2454.22759,N,06708.26958,E,4,12,0.68,21.9,M,-44.2,M,1.0,0289*72
$GNGSA,A,3,08,10,18,23,02,27,28,32,31,,,,1.42,0.68,1.25,1*01
$GNGSA,A,3,87,66,86,72,65,88,,,,,,,1.42,0.68,1.25,2*0A
$GNGSA,A,3,03,08,15,34,05,,,,,,,,1.42,0.68,1.25,3*01
$GNGSA,A,3,08,09,06,13,20,16,29,27,32,38,39,,1.42,0.68,1.25,4*05
$GNGSA,A,3,04,,,,,,,,,,,,1.42,0.68,1.25,5*0E
$GPGSV,4,1,13,02,19,321,42,08,23,287,42,10,49,020,47,18,24,136,40,1*6F
$GPGSV,4,2,13,23,26,070,41,24,06,041,35,27,35,245,43,28,37,165,44,1*6F
$GPGSV,4,3,13,31,16,186,33,32,74,329,50,36,34,246,40,40,59,208,47,1*63
$GPGSV,4,4,13,41,56,146,47,1*50
$GPGSV,3,1,09,08,23,287,41,10,49,020,46,18,24,136,44,23,26,070,43,6*6B
$GPGSV,3,2,09,24,06,041,38,27,35,245,45,28,37,165,47,31,16,186,30,6*62
$GPGSV,3,3,09,32,74,329,47,6*53
$GPGSV,1,1,01,49,17,257,,0*5F
$GLGSV,3,1,09,65,45,295,46,66,13,251,39,72,36,015,47,74,09,083,37,1*71
$GLGSV,3,2,09,75,06,131,39,86,27,159,46,87,73,181,49,88,38,327,49,1*77
$GLGSV,3,3,09,,,,49,1*7C
$GLGSV,2,1,08,65,45,295,10,66,13,251,38,72,36,015,47,74,09,083,08,3*7D
$GLGSV,2,2,08,75,06,131,42,86,27,159,44,88,38,327,47,,,,49,3*46
$GLGSV,1,1,01,73,00,043,,0*4B
$GAGSV,2,1,06,03,73,008,53,05,23,039,48,08,47,236,52,13,12,322,40,2*75
$GAGSV,2,2,06,15,63,341,52,34,57,120,52,2*71
$GAGSV,2,1,06,03,73,008,47,05,23,039,42,08,47,236,43,13,12,322,37,7*7F
$GAGSV,2,2,06,15,63,341,48,34,57,120,47,7*7B
$GAGSV,1,1,01,36,07,135,,0*40
$GBGSV,2,1,08,08,31,065,38,13,43,049,45,20,47,298,49,27,23,163,42,1*7F
$GBGSV,2,2,08,29,38,305,48,32,43,026,48,38,25,076,40,39,49,079,47,1*79
$GBGSV,2,1,05,06,51,106,47,08,31,065,46,09,49,128,48,13,43,049,48,B*09
$GBGSV,2,2,05,16,49,093,47,B*33
$GBGSV,1,1,04,10,08,165,,59,08,095,,60,60,149,,61,35,113,,0*7E
$GQGSV,1,1,03,03,06,127,28,04,20,067,39,07,19,104,31,1*58
$GQGSV,1,1,03,03,06,127,36,04,20,067,38,07,19,104,41,6*56
$GNGLL,2454.22759,N,06708.26958,E,140908.00,A,D*73
$GNRMC,140909.00,A,2454.22759,N,06708.26958,E,0.010,,050525,,,R,V*01
$GNVTG,,T,,M,0.010,N,0.019,K,D*31
$GNGGA,140909.00,2454.22759,N,06708.26958,E,4,12,0.68,21.9,M,-44.2,M,2.0,0289*70
$GNGSA,A,3,08,10,18,23,02,27,28,32,31,,,,1.42,0.68,1.25,1*01
$GNGSA,A,3,87,66,86,72,65,88,,,,,,,1.42,0.68,1.25,2*0A
$GNGSA,A,3,03,08,15,34,05,,,,,,,,1.42,0.68,1.25,3*01
$GNGSA,A,3,08,09,06,13,20,16,29,27,32,38,39,,1.42,0.68,1.25,4*05
$GNGSA,A,3,04,,,,,,,,,,,,1.42,0.68,1.25,5*0E
$GPGSV,4,1,13,02,19,321,42,08,23,287,42,10,49,020,47,18,24,136,40,1*6F
$GPGSV,4,2,13,23,26,070,41,24,06,041,35,27,35,245,43,28,37,165,44,1*6F
$GPGSV,4,3,13,31,16,186,33,32,74,329,50,36,34,246,40,40,59,208,47,1*63
$GPGSV,4,4,13,41,56,146,47,1*50
$GPGSV,3,1,09,08,23,287,41,10,49,020,46,18,24,136,44,23,26,070,43,6*6B
$GPGSV,3,2,09,24,06,041,38,27,35,245,45,28,37,165,47,31,16,186,30,6*62
$GPGSV,3,3,09,32,74,329,47,6*53
$GPGSV,1,1,01,49,17,257,,0*5F
$GLGSV,2,1,08,65,45,295,46,66,13,251,39,72,36,015,47,74,09,083,37,1*71
$GLGSV,2,2,08,75,06,131,38,86,27,159,46,87,73,181,49,88,38,327,49,1*76
$GLGSV,2,1,07,65,45,295,09,66,13,251,38,72,36,015,47,74,09,083,07,3*75
$GLGSV,2,2,07,75,06,131,42,86,27,159,44,88,38,327,47,3*44
$GLGSV,1,1,01,73,00,043,,0*4B
$GAGSV,2,1,06,03,73,008,53,05,23,039,48,08,47,236,52,13,12,322,40,2*75
$GAGSV,2,2,06,15,63,341,51,34,57,120,52,2*72
$GAGSV,2,1,06,03,73,008,47,05,23,039,42,08,47,236,43,13,12,322,37,7*7F
$GAGSV,2,2,06,15,63,341,48,34,57,120,47,7*7B
$GAGSV,1,1,01,36,07,135,,0*40
$GBGSV,2,1,08,08,31,065,38,13,43,049,45,20,47,298,49,27,23,163,42,1*7F
$GBGSV,2,2,08,29,38,305,48,32,43,026,48,38,25,076,40,39,49,079,47,1*79
$GBGSV,2,1,05,06,51,106,47,08,31,065,46,09,49,128,48,13,43,049,48,B*09
$GBGSV,2,2,05,16,49,093,47,B*33
$GBGSV,1,1,04,10,08,165,,59,08,095,,60,60,149,,61,35,113,,0*7E
$GQGSV,1,1,03,03,06,127,28,04,20,067,39,07,19,104,32,1*5B
$GQGSV,1,1,03,03,06,127,37,04,20,067,38,07,19,104,41,6*57
$GNGLL,2454.22759,N,06708.26958,E,140909.00,A,D*72
$GNRMC,140910.00,A,2454.22759,N,06708.26959,E,0.008,,050525,,,R,V*01
$GNVTG,,T,,M,0.008,N,0.015,K,D*34
$GNGGA,140910.00,2454.22759,N,06708.26959,E,4,12,0.68,21.9,M,-44.2,M,1.0,0289*7A
$GNGSA,A,3,08,10,18,23,02,27,28,32,31,,,,1.42,0.68,1.25,1*01
$GNGSA,A,3,87,66,86,72,65,88,,,,,,,1.42,0.68,1.25,2*0A
$GNGSA,A,3,03,08,15,34,05,,,,,,,,1.42,0.68,1.25,3*01
$GNGSA,A,3,08,09,06,13,20,16,29,27,32,38,39,,1.42,0.68,1.25,4*05
$GNGSA,A,3,04,,,,,,,,,,,,1.42,0.68,1.25,5*0E
$GPGSV,4,1,13,02,19,321,42,08,23,287,42,10,49,020,47,18,24,136,40,1*6F
$GPGSV,4,2,13,23,26,070,41,24,06,041,35,27,35,245,43,28,37,165,44,1*6F
$GPGSV,4,3,13,31,16,186,33,32,74,329,50,36,34,246,41,40,59,208,47,1*62
$GPGSV,4,4,13,41,56,146,47,1*50
$GPGSV,3,1,09,08,23,287,41,10,49,020,46,18,24,136,44,23,26,070,43,6*6B
$GPGSV,3,2,09,24,06,041,38,27,35,245,45,28,37,165,47,31,16,186,30,6*62
$GPGSV,3,3,09,32,74,329,47,6*53
$GPGSV,1,1,01,49,17,257,,0*5F
$GLGSV,3,1,09,65,45,295,46,66,13,251,39,72,36,015,47,74,09,083,37,1*71
$GLGSV,3,2,09,75,06,131,38,86,27,159,46,87,73,181,49,88,38,327,49,1*76
$GLGSV,3,3,09,,,,49,1*7C
$GLGSV,2,1,07,65,45,295,11,66,13,251,39,72,36,015,47,74,09,083,08,3*72
$GLGSV,2,2,07,75,06,131,42,86,27,159,44,88,38,327,47,3*44
$GLGSV,1,1,01,73,00,043,,0*4B
$GAGSV,2,1,06,03,73,008,53,05,23,039,48,08,47,236,52,13,12,322,41,2*74
$GAGSV,2,2,06,15,63,341,52,34,57,120,52,2*71
$GAGSV,2,1,06,03,73,008,47,05,23,039,42,08,47,236,43,13,12,322,37,7*7F
$GAGSV,2,2,06,15,63,341,48,34,57,120,47,7*7B
$GAGSV,1,1,01,36,07,135,,0*40
$GBGSV,2,1,08,08,31,065,38,13,43,050,45,20,47,298,49,27,23,163,42,1*77
$GBGSV,2,2,08,29,38,305,48,32,43,026,48,38,25,076,40,39,49,079,46,1*78
$GBGSV,2,1,05,06,51,106,47,08,31,065,46,09,49,128,48,13,43,050,48,B*01
$GBGSV,2,2,05,16,49,093,47,B*33
$GBGSV,1,1,04,10,08,165,,59,08,095,,60,60,149,,61,35,113,,0*7E
$GQGSV,1,1,03,03,06,127,28,04,20,067,39,07,19,104,32,1*5B
$GQGSV,1,1,03,03,06,127,36,04,20,067,38,07,19,104,41,6*56
$GNGLL,2454.22759,N,06708.26959,E,140910.00,A,D*7B
$GNRMC,140911.00,A,2454.22759,N,06708.26958,E,0.010,,050525,,,R,V*08
$GNVTG,,T,,M,0.010,N,0.019,K,D*31
$GNGGA,140911.00,2454.22759,N,06708.26958,E,4,12,0.68,21.9,M,-44.2,M,1.0,0289*7A
$GNGSA,A,3,08,10,18,23,02,27,28,32,31,,,,1.42,0.68,1.25,1*01
$GNGSA,A,3,87,66,86,72,65,88,,,,,,,1.42,0.68,1.25,2*0A
$GNGSA,A,3,03,08,15,34,05,,,,,,,,1.42,0.68,1.25,3*01
$GNGSA,A,3,08,09,06,13,20,16,29,27,32,38,39,,1.42,0.68,1.25,4*05
$GNGSA,A,3,04,,,,,,,,,,,,1.42,0.68,1.25,5*0E
$GPGSV,4,1,13,02,19,321,42,08,23,287,42,10,49,020,47,18,24,136,40,1*6F
$GPGSV,4,2,13,23,26,070,41,24,06,041,35,27,35,245,43,28,37,165,44,1*6F
$GPGSV,4,3,13,31,16,186,33,32,74,329,50,36,34,246,41,40,59,208,47,1*62
$GPGSV,4,4,13,41,56,146,47,1*50
$GPGSV,3,1,09,08,23,287,41,10,49,020,46,18,24,136,44,23,26,070,43,6*6B
$GPGSV,3,2,09,24,06,041,38,27,35,245,45,28,37,165,47,31,16,186,30,6*62
$GPGSV,3,3,09,32,74,329,47,6*53
$GPGSV,1,1,01,49,17,257,,0*5F
$GLGSV,3,1,09,65,45,295,46,66,13,251,38,72,36,015,47,74,09,083,37,1*70
$GLGSV,3,2,09,75,06,131,38,86,27,159,46,87,73,181,49,88,38,327,49,1*76
$GLGSV,3,3,09,,,,49,1*7C
$GLGSV,2,1,07,65,45,295,12,66,13,251,39,72,36,015,47,74,09,083,08,3*71
$GLGSV,2,2,07,75,06,131,42,86,27,159,44,88,38,327,47,3*44
$GLGSV,1,1,01,73,00,043,,0*4B
$GAGSV,2,1,06,03,73,008,53,05,23,039,48,08,47,236,52,13,12,322,41,2*74
$GAGSV,2,2,06,15,63,341,52,34,57,120,52,2*71
$GAGSV,2,1,06,03,73,008,47,05,23,039,42,08,47,236,43,13,12,322,37,7*7F
$GAGSV,2,2,06,15,63,341,48,34,57,120,47,7*7B
$GAGSV,1,1,01,36,07,135,,0*40
$GBGSV,2,1,08,08,31,065,38,13,43,050,45,20,47,298,49,27,23,163,42,1*77
$GBGSV,2,2,08,29,38,305,48,32,43,026,48,38,25,076,40,39,49,079,46,1*78
$GBGSV,2,1,05,06,51,106,47,08,31,065,46,09,49,128,48,13,43,050,48,B*01
$GBGSV,2,2,05,16,49,092,47,B*32
$GBGSV,1,1,04,10,08,165,,59,08,095,,60,60,149,,61,35,113,,0*7E
$GQGSV,1,1,03,03,06,127,28,04,20,067,39,07,19,104,32,1*5B
$GQGSV,1,1,03,03,06,127,36,04,20,067,38,07,19,104,41,6*56
$GNGLL,2454.22759,N,06708.26958,E,140911.00,A,D*7B
$GNRMC,140912.00,A,2454.22759,N,06708.26958,E,0.011,,050525,,,R,V*0A
$GNVTG,,T,,M,0.011,N,0.020,K,D*3A
$GNGGA,140912.00,2454.22759,N,06708.26958,E,4,12,0.68,21.9,M,-44.2,M,1.0,0289*79
$GNGSA,A,3,08,10,18,23,02,27,28,32,31,,,,1.42,0.68,1.25,1*01
$GNGSA,A,3,87,66,86,72,65,88,,,,,,,1.42,0.68,1.25,2*0A
$GNGSA,A,3,03,08,15,34,05,,,,,,,,1.42,0.68,1.25,3*01
$GNGSA,A,3,08,09,06,13,20,16,29,27,32,38,39,,1.42,0.68,1.25,4*05
$GNGSA,A,3,04,,,,,,,,,,,,1.42,0.68,1.25,5*0E
$GPGSV,4,1,13,02,19,321,42,08,23,287,42,10,49,020,47,18,24,136,40,1*6F
$GPGSV,4,2,13,23,26,070,41,24,06,041,34,27,35,245,43,28,37,165,44,1*6E
$GPGSV,4,3,13,31,16,186,33,32,74,329,50,36,34,246,41,40,59,208,47,1*62
$GPGSV,4,4,13,41,56,146,47,1*50
$GPGSV,3,1,09,08,23,287,41,10,49,020,45,18,24,136,44,23,26,070,42,6*69
$GPGSV,3,2,09,24,06,041,38,27,35,245,45,28,37,165,47,31,16,186,31,6*63
$GPGSV,3,3,09,32,74,329,47,6*53
$GPGSV,1,1,01,49,17,257,,0*5F
$GLGSV,3,1,09,65,45,295,46,66,13,251,38,72,36,015,47,74,09,083,36,1*71
$GLGSV,3,2,09,75,06,131,38,86,27,159,46,87,73,181,49,88,38,327,49,1*76
$GLGSV,3,3,09,,,,49,1*7C
$GLGSV,2,1,07,66,13,251,39,72,36,015,47,74,09,083,07,75,06,131,42,3*70
$GLGSV,2,2,07,86,27,159,43,88,38,327,47,,,,49,3*7F
$GLGSV,1,1,01,73,00,043,,0*4B
$GAGSV,2,1,06,03,73,008,53,05,23,039,48,08,47,236,52,13,12,322,41,2*74
$GAGSV,2,2,06,15,63,341,51,34,57,120,52,2*72
$GAGSV,2,1,06,03,73,008,47,05,23,039,42,08,47,236,43,13,12,322,37,7*7F
$GAGSV,2,2,06,15,63,341,48,34,57,120,47,7*7B
$GAGSV,1,1,01,36,07,135,,0*40
$GBGSV,2,1,08,08,31,065,38,13,43,050,45,20,47,299,49,27,23,163,42,1*76
$GBGSV,2,2,08,29,38,305,48,32,43,026,48,38,25,076,40,39,49,079,46,1*78
$GBGSV,2,1,05,06,51,106,47,08,31,065,45,09,49,128,48,13,43,050,48,B*02
$GBGSV,2,2,05,16,49,092,47,B*32
$GBGSV,1,1,04,10,08,165,,59,08,095,,60,60,149,,61,35,113,,0*7E
$GQGSV,1,1,03,03,06,127,27,04,20,067,39,07,19,104,32,1*54
$GQGSV,1,1,03,03,06,127,36,04,20,067,38,07,19,104,41,6*56
$GNGLL,2454.22759,N,06708.26958,E,140912.00,A,D*78
$GNRMC,140913.00,A,2454.22758,N,06708.26958,E,0.007,,050525,,,R,V*0D
$GNVTG,,T,,M,0.007,N,0.012,K,D*3C
$GNGGA,140913.00,2454.22758,N,06708.26958,E,4,12,0.68,21.9,M,-44.2,M,1.0,0289*79
$GNGSA,A,3,08,10,18,23,02,27,28,32,31,,,,1.42,0.68,1.25,1*01
$GNGSA,A,3,87,66,86,72,65,88,,,,,,,1.42,0.68,1.25,2*0A
$GNGSA,A,3,03,08,15,34,05,,,,,,,,1.42,0.68,1.25,3*01
$GNGSA,A,3,08,09,06,13,20,16,29,27,32,38,39,,1.42,0.68,1.25,4*05
$GNGSA,A,3,04,,,,,,,,,,,,1.42,0.68,1.25,5*0E
$GPGSV,4,1,13,02,19,321,42,08,23,287,42,10,49,020,47,18,24,136,40,1*6F
$GPGSV,4,2,13,23,26,070,41,24,06,041,35,27,35,245,43,28,37,165,44,1*6F
$GPGSV,4,3,13,31,16,186,33,32,74,329,50,36,34,246,41,40,59,208,47,1*62
$GPGSV,4,4,13,41,56,146,47,1*50
$GPGSV,3,1,09,08,23,287,41,10,49,020,46,18,24,136,44,23,26,070,43,6*6B
$GPGSV,3,2,09,24,06,041,38,27,35,245,45,28,37,165,47,31,16,186,31,6*63
$GPGSV,3,3,09,32,74,329,47,6*53
$GPGSV,1,1,01,49,17,257,,0*5F
$GLGSV,3,1,09,65,45,295,46,66,13,251,38,72,36,015,47,74,09,083,36,1*71
$GLGSV,3,2,09,75,06,131,38,86,27,159,46,87,73,181,49,88,38,327,49,1*76
$GLGSV,3,3,09,,,,49,1*7C
$GLGSV,2,1,08,65,45,295,16,66,13,251,39,72,36,015,47,74,09,083,08,3*7A
$GLGSV,2,2,08,75,06,131,41,86,27,159,43,88,38,327,47,,,,48,3*43
$GLGSV,1,1,01,73,00,043,,0*4B
$GAGSV,2,1,06,03,73,008,53,05,23,039,48,08,47,236,52,13,12,322,41,2*74
$GAGSV,2,2,06,15,63,341,51,34,57,120,52,2*72
$GAGSV,2,1,06,03,73,008,47,05,23,039,42,08,47,236,43,13,12,322,37,7*7F
$GAGSV,2,2,06,15,63,341,48,34,57,120,47,7*7B
$GAGSV,1,1,01,36,07,135,,0*40
$GBGSV,2,1,08,08,31,065,38,13,43,050,45,20,47,299,49,27,22,163,42,1*77
$GBGSV,2,2,08,29,38,305,48,32,43,026,48,38,25,076,40,39,49,079,46,1*78
$GBGSV,2,1,05,06,51,106,47,08,31,065,46,09,49,128,48,13,43,050,48,B*01
$GBGSV,2,2,05,16,49,092,47,B*32
$GBGSV,1,1,04,10,08,165,,59,08,095,,60,60,149,,61,35,113,,0*7E
$GQGSV,1,1,03,03,06,127,28,04,20,067,39,07,19,104,31,1*58
$GQGSV,1,1,03,03,06,127,36,04,20,067,38,07,19,104,41,6*56
$GNGLL,2454.22758,N,06708.26958,E,140913.00,A,D*78
$GNRMC,140914.00,A,2454.22758,N,06708.26958,E,0.008,,050525,,,R,V*05
$GNVTG,,T,,M,0.008,N,0.014,K,D*35
$GNGGA,140914.00,2454.22758,N,06708.26958,E,4,12,0.68,21.9,M,-44.2,M,1.0,0289*7E
$GNGSA,A,3,08,10,18,23,02,27,28,32,31,,,,1.42,0.68,1.25,1*01
$GNGSA,A,3,87,66,86,72,65,88,,,,,,,1.42,0.68,1.25,2*0A
$GNGSA,A,3,03,08,15,34,05,,,,,,,,1.42,0.68,1.25,3*01
$GNGSA,A,3,08,09,06,13,20,16,29,27,32,38,39,,1.42,0.68,1.25,4*05
$GNGSA,A,3,04,,,,,,,,,,,,1.42,0.68,1.25,5*0E
$GPGSV,4,1,13,02,19,321,42,08,23,287,42,10,49,020,47,18,24,136,40,1*6F
$GPGSV,4,2,13,23,26,070,41,24,06,041,35,27,35,245,43,28,37,165,44,1*6F
$GPGSV,4,3,13,31,16,186,33,32,74,329,50,36,34,246,41,40,59,208,47,1*62
$GPGSV,4,4,13,41,56,146,47,1*50
$GPGSV,3,1,09,08,23,287,41,10,49,020,46,18,24,136,44,23,26,070,42,6*6A
$GPGSV,3,2,09,24,06,041,38,27,35,245,45,28,37,165,47,31,16,186,31,6*63
$GPGSV,3,3,09,32,74,329,47,6*53
$GPGSV,1,1,01,49,17,257,,0*5F
$GLGSV,3,1,09,65,45,295,46,66,13,251,38,72,36,015,47,74,09,083,36,1*71
$GLGSV,3,2,09,75,06,131,38,86,27,159,46,87,73,181,49,88,38,327,49,1*76
$GLGSV,3,3,09,,,,49,1*7C
$GLGSV,2,1,08,65,45,295,14,66,13,251,39,72,36,015,47,74,09,083,08,3*78
$GLGSV,2,2,08,75,06,131,41,86,27,159,44,88,38,327,47,,,,49,3*45
$GLGSV,1,1,01,73,00,043,,0*4B
$GAGSV,2,1,06,03,73,008,53,05,23,039,48,08,47,236,52,13,12,322,41,2*74
$GAGSV,2,2,06,15,63,341,52,34,57,120,52,2*71
$GAGSV,2,1,06,03,73,008,47,05,23,039,42,08,47,236,43,13,12,322,37,7*7F
$GAGSV,2,2,06,15,63,341,48,34,57,120,47,7*7B
$GAGSV,1,1,01,36,07,135,,0*40
$GBGSV,2,1,08,08,31,065,38,13,43,050,45,20,47,299,49,27,22,163,42,1*77
$GBGSV,2,2,08,29,38,304,48,32,43,026,48,38,25,076,40,39,49,079,47,1*78
$GBGSV,2,1,05,06,51,106,47,08,31,065,45,09,49,128,48,13,43,050,48,B*02
$GBGSV,2,2,05,16,49,092,47,B*32
$GBGSV,1,1,04,10,08,165,,59,08,095,,60,60,149,,61,35,113,,0*7E
$GQGSV,1,1,03,03,06,127,28,04,20,067,39,07,19,104,31,1*58
$GQGSV,1,1,03,03,06,127,36,04,20,067,38,07,19,104,41,6*56
$GNGLL,2454.22758,N,06708.26958,E,140914.00,A,D*7F
$GNRMC,140915.00,A,2454.22758,N,06708.26958,E,0.005,,050525,,,R,V*09
$GNVTG,,T,,M,0.005,N,0.009,K,D*34
$GNGGA,140915.00,2454.22758,N,06708.26958,E,4,12,0.68,21.9,M,-44.2,M,1.0,0289*7F
$GNGSA,A,3,08,10,18,23,02,27,28,32,31,,,,1.42,0.68,1.25,1*01
$GNGSA,A,3,87,66,86,72,65,88,,,,,,,1.42,0.68,1.25,2*0A
$GNGSA,A,3,03,08,15,34,05,,,,,,,,1.42,0.68,1.25,3*01
$GNGSA,A,3,08,09,06,13,20,16,29,27,32,38,39,,1.42,0.68,1.25,4*05
$GNGSA,A,3,04,,,,,,,,,,,,1.42,0.68,1.25,5*0E
$GPGSV,4,1,13,02,19,321,42,08,23,287,42,10,49,020,47,18,24,136,40,1*6F
$GPGSV,4,2,13,23,26,070,41,24,06,041,35,27,35,245,43,28,37,165,44,1*6F
$GPGSV,4,3,13,31,16,186,34,32,74,329,50,36,34,246,41,40,59,208,47,1*65
$GPGSV,4,4,13,41,56,146,47,1*50
$GPGSV,3,1,09,08,23,287,41,10,49,020,46,18,24,136,44,23,26,070,42,6*6A
$GPGSV,3,2,09,24,06,041,38,27,35,245,45,28,37,165,47,31,16,186,31,6*63
$GPGSV,3,3,09,32,74,329,47,6*53
$GPGSV,1,1,01,49,17,257,,0*5F
$GLGSV,3,1,09,65,45,295,46,66,13,251,38,72,36,015,47,74,09,083,36,1*71
$GLGSV,3,2,09,75,06,131,37,86,27,159,47,87,73,181,49,88,38,327,49,1*78
$GLGSV,3,3,09,,,,49,1*7C
$GLGSV,2,1,08,65,45,295,12,66,13,251,39,72,36,015,47,74,09,083,08,3*7E
$GLGSV,2,2,08,75,06,131,41,86,27,159,44,88,38,327,47,,,,49,3*45
$GLGSV,1,1,01,73,00,043,,0*4B
$GAGSV,2,1,06,03,73,008,53,05,23,039,48,08,47,236,52,13,12,322,41,2*74
$GAGSV,2,2,06,15,63,341,52,34,57,120,52,2*71
$GAGSV,2,1,06,03,73,008,47,05,23,039,42,08,47,236,43,13,12,322,37,7*7F
$GAGSV,2,2,06,15,63,341,48,34,57,120,47,7*7B
$GAGSV,1,1,01,36,07,135,,0*40
$GBGSV,2,1,08,08,31,065,38,13,43,050,45,20,47,299,49,27,22,163,42,1*77
$GBGSV,2,2,08,29,38,304,48,32,42,027,48,38,25,076,40,39,49,079,47,1*78
$GBGSV,2,1,05,06,51,106,47,08,31,065,45,09,49,128,48,13,43,050,48,B*02
$GBGSV,2,2,05,16,49,092,47,B*32
$GBGSV,1,1,04,10,08,165,,59,08,095,,60,60,149,,61,35,113,,0*7E
$GQGSV,1,1,03,03,06,127,28,04,20,067,39,07,19,104,31,1*58
$GQGSV,1,1,03,03,06,127,36,04,20,067,38,07,19,104,41,6*56
$GNGLL,2454.22758,N,06708.26958,E,140915.00,A,D*7E
$GNRMC,140916.00,A,2454.22758,N,06708.26958,E,0.007,,050525,,,R,V*08
$GNVTG,,T,,M,0.007,N,0.013,K,D*3D
$GNGGA,140916.00,2454.22758,N,06708.26958,E,4,12,0.68,21.8,M,-44.2,M,1.0,0289*7D
$GNGSA,A,3,08,10,18,23,02,27,28,32,31,,,,1.42,0.68,1.25,1*01
$GNGSA,A,3,87,66,86,72,65,88,,,,,,,1.42,0.68,1.25,2*0A
$GNGSA,A,3,03,08,15,34,05,,,,,,,,1.42,0.68,1.25,3*01
$GNGSA,A,3,08,09,06,13,20,16,29,27,32,38,39,,1.42,0.68,1.25,4*05
$GNGSA,A,3,04,,,,,,,,,,,,1.42,0.68,1.25,5*0E
$GPGSV,4,1,13,02,19,321,42,08,23,287,42,10,49,020,47,18,24,136,40,1*6F
$GPGSV,4,2,13,23,26,070,41,24,06,041,35,27,35,245,43,28,37,165,44,1*6F
$GPGSV,4,3,13,31,16,186,34,32,74,329,50,36,34,246,41,40,59,208,47,1*65
$GPGSV,4,4,13,41,56,146,47,1*50
$GPGSV,3,1,09,08,23,287,41,10,49,020,46,18,24,136,44,23,26,070,43,6*6B
$GPGSV,3,2,09,24,06,041,38,27,35,245,45,28,37,165,47,31,16,186,32,6*60
$GPGSV,3,3,09,32,74,329,47,6*53
$GPGSV,1,1,01,49,17,257,,0*5F
$GLGSV,3,1,09,65,45,295,46,66,13,251,37,72,36,015,47,74,09,083,36,1*7E
$GLGSV,3,2,09,75,06,131,38,86,27,159,47,87,73,181,49,88,38,327,49,1*77
$GLGSV,3,3,09,,,,49,1*7C
$GLGSV,2,1,08,65,45,295,11,66,13,251,39,72,36,015,47,74,09,083,07,3*72
$GLGSV,2,2,08,75,06,131,42,86,27,159,43,88,38,327,47,,,,49,3*41
$GLGSV,1,1,01,73,00,043,,0*4B
$GAGSV,2,1,06,03,73,008,53,05,23,039,48,08,47,236,52,13,12,322,41,2*74
$GAGSV,2,2,06,15,63,341,52,34,57,120,52,2*71
$GAGSV,2,1,06,03,73,008,47,05,23,039,42,08,47,236,43,13,12,322,37,7*7F
$GAGSV,2,2,06,15,63,341,48,34,57,120,47,7*7B
$GAGSV,1,1,01,36,07,135,,0*40
$GBGSV,2,1,08,08,31,065,38,13,43,050,45,20,47,299,49,27,22,163,42,1*77
$GBGSV,2,2,08,29,38,304,48,32,42,027,48,38,25,077,40,39,49,079,46,1*78
$GBGSV,2,1,05,06,51,106,47,08,31,065,45,09,49,128,48,13,43,050,48,B*02
$GBGSV,2,2,05,16,49,092,47,B*32
$GBGSV,1,1,04,10,08,165,,59,08,095,,60,60,149,,61,35,113,,0*7E
$GQGSV,1,1,03,03,06,127,28,04,20,067,39,07,19,104,31,1*58
$GQGSV,1,1,03,03,06,127,36,04,20,067,38,07,19,104,41,6*56
$GNGLL,2454.22758,N,06708.26958,E,140916.00,A,D*7D
$GNRMC,140917.00,A,2454.22758,N,06708.26958,E,0.011,,050525,,,R,V*0E
$GNVTG,,T,,M,0.011,N,0.020,K,D*3A
$GNGGA,140917.00,2454.22758,N,06708.26958,E,4,12,0.68,21.8,M,-44.2,M,1.0,0289*7C
$GNGSA,A,3,08,10,18,23,02,27,28,32,31,,,,1.42,0.68,1.25,1*01
$GNGSA,A,3,87,66,86,72,65,88,,,,,,,1.42,0.68,1.25,2*0A
$GNGSA,A,3,03,08,15,34,05,,,,,,,,1.42,0.68,1.25,3*01
$GNGSA,A,3,08,09,06,13,20,16,29,27,32,38,39,,1.42,0.68,1.25,4*05
$GNGSA,A,3,04,,,,,,,,,,,,1.42,0.68,1.25,5*0E
$GPGSV,4,1,13,02,19,321,42,08,23,287,42,10,49,020,47,18,24,136,40,1*6F
$GPGSV,4,2,13,23,26,070,40,24,06,041,35,27,35,245,43,28,37,165,44,1*6E
$GPGSV,4,3,13,31,16,186,34,32,74,329,50,36,34,246,41,40,59,208,47,1*65
$GPGSV,4,4,13,41,56,146,47,1*50
$GPGSV,3,1,09,08,23,287,41,10,49,020,45,18,24,136,44,23,26,070,43,6*68
$GPGSV,3,2,09,24,06,041,38,27,35,245,45,28,37,165,47,31,16,186,32,6*60
$GPGSV,3,3,09,32,74,329,47,6*53
$GPGSV,1,1,01,49,17,257,,0*5F
$GLGSV,3,1,09,65,45,295,46,66,13,251,37,72,36,015,47,74,09,083,36,1*7E
$GLGSV,3,2,09,75,06,131,38,86,27,159,47,87,73,181,49,88,38,327,49,1*77
$GLGSV,3,3,09,,,,49,1*7C
$GLGSV,2,1,08,65,45,295,11,66,13,251,39,72,36,015,47,74,09,083,09,3*7C
$GLGSV,2,2,08,75,06,131,42,86,27,159,44,88,38,327,47,,,,49,3*46
$GLGSV,1,1,01,73,00,043,,0*4B
$GAGSV,2,1,06,03,73,008,53,05,23,039,48,08,47,236,52,13,12,322,41,2*74
$GAGSV,2,2,06,15,63,341,51,34,57,120,52,2*72
$GAGSV,2,1,06,03,73,008,47,05,23,039,42,08,47,236,43,13,12,322,37,7*7F
$GAGSV,2,2,06,15,63,341,48,34,57,120,47,7*7B
$GAGSV,1,1,01,36,07,135,,0*40
$GBGSV,2,1,08,08,31,065,38,13,43,050,45,20,47,299,49,27,22,163,42,1*77
$GBGSV,2,2,08,29,38,304,48,32,42,027,48,38,25,077,40,39,49,079,46,1*78
$GBGSV,2,1,05,06,51,106,47,08,31,065,45,09,49,128,48,13,43,050,48,B*02
$GBGSV,2,2,05,16,49,092,47,B*32
$GBGSV,1,1,04,10,08,165,,59,08,095,,60,60,149,,61,35,113,,0*7E
$GQGSV,1,1,03,03,06,127,28,04,20,067,39,07,19,104,31,1*58
$GQGSV,1,1,03,03,06,127,36,04,20,067,38,07,19,104,41,6*56
$GNGLL,2454.22758,N,06708.26958,E,140917.00,A,D*7C
$GNRMC,140918.00,A,2454.22758,N,06708.26958,E,0.005,,050525,,,R,V*04
$GNVTG,,T,,M,0.005,N,0.009,K,D*34
$GNGGA,140918.00,2454.22758,N,06708.26958,E,4,12,0.68,21.8,M,-44.2,M,1.0,0289*73
$GNGSA,A,3,08,10,18,23,02,27,28,32,31,,,,1.42,0.68,1.25,1*01
$GNGSA,A,3,87,66,86,72,65,88,,,,,,,1.42,0.68,1.25,2*0A
$GNGSA,A,3,03,08,15,34,05,,,,,,,,1.42,0.68,1.25,3*01
$GNGSA,A,3,08,09,06,13,20,16,29,27,32,38,39,,1.42,0.68,1.25,4*05
$GNGSA,A,3,04,,,,,,,,,,,,1.42,0.68,1.25,5*0E
$GPGSV,4,1,13,02,19,321,42,08,23,287,42,10,49,020,47,18,24,136,40,1*6F
$GPGSV,4,2,13,23,26,070,40,24,06,041,35,27,35,245,43,28,37,165,44,1*6E
$GPGSV,4,3,13,31,16,186,34,32,74,329,50,36,34,246,41,40,59,208,47,1*65
$GPGSV,4,4,13,41,56,146,47,1*50
$GPGSV,3,1,09,08,23,287,41,10,49,020,45,18,24,136,44,23,26,070,43,6*68
$GPGSV,3,2,09,24,06,041,38,27,35,245,45,28,37,165,47,31,16,186,31,6*63
$GPGSV,3,3,09,32,74,329,47,6*53
$GPGSV,1,1,01,49,17,257,,0*5F
$GLGSV,3,1,09,65,45,295,46,66,13,251,37,72,36,015,47,74,09,083,36,1*7E
$GLGSV,3,2,09,75,06,131,38,86,27,159,47,87,73,181,49,88,38,327,49,1*77
$GLGSV,3,3,09,,,,49,1*7C
$GLGSV,2,1,08,65,45,295,10,66,13,251,39,72,36,015,47,74,09,083,09,3*7D
$GLGSV,2,2,08,75,06,131,42,86,27,159,43,88,38,327,47,,,,49,3*41
$GLGSV,1,1,01,73,00,043,,0*4B
$GAGSV,2,1,06,03,73,008,53,05,23,039,48,08,47,236,52,13,12,322,41,2*74
$GAGSV,2,2,06,15,63,341,52,34,57,120,52,2*71
$GAGSV,2,1,06,03,73,008,47,05,23,039,42,08,47,236,43,13,12,322,37,7*7F
$GAGSV,2,2,06,15,63,341,48,34,57,120,47,7*7B
$GAGSV,1,1,01,36,07,135,,0*40
$GBGSV,2,1,08,08,31,065,38,13,43,050,45,20,47,299,49,27,22,163,42,1*77
$GBGSV,2,2,08,29,38,304,48,32,42,027,48,38,25,077,40,39,49,079,46,1*78
$GBGSV,2,1,05,06,51,106,47,08,31,065,45,09,49,128,48,13,43,050,48,B*02
$GBGSV,2,2,05,16,49,092,47,B*32
$GBGSV,1,1,04,10,08,165,,59,08,095,,60,60,149,,61,35,113,,0*7E
$GQGSV,1,1,03,03,06,127,28,04,20,067,39,07,19,104,32,1*5B
$GQGSV,1,1,03,03,06,127,36,04,20,067,38,07,19,104,41,6*56
$GNGLL,2454.22758,N,06708.26958,E,140918.00,A,D*73
$GNRMC,140919.00,A,2454.22758,N,06708.26958,E,0.005,,050525,,,R,V*05
$GNVTG,,T,,M,0.005,N,0.009,K,D*34
$GNGGA,140919.00,2454.22758,N,06708.26958,E,4,12,0.68,21.8,M,-44.2,M,1.0,0289*72
$GNGSA,A,3,08,10,18,23,02,27,28,32,31,,,,1.42,0.68,1.25,1*01
$GNGSA,A,3,87,66,86,72,65,88,,,,,,,1.42,0.68,1.25,2*0A
$GNGSA,A,3,03,08,15,34,05,,,,,,,,1.42,0.68,1.25,3*01
$GNGSA,A,3,08,09,06,13,20,16,29,27,32,38,39,,1.42,0.68,1.25,4*05
$GNGSA,A,3,04,,,,,,,,,,,,1.42,0.68,1.25,5*0E
$GPGSV,4,1,13,02,19,321,42,08,23,287,42,10,49,020,47,18,24,136,40,1*6F
$GPGSV,4,2,13,23,26,070,40,24,06,041,35,27,35,245,43,28,37,165,44,1*6E
$GPGSV,4,3,13,31,16,186,34,32,74,329,50,36,34,246,41,40,59,208,47,1*65
$GPGSV,4,4,13,41,56,146,47,1*50
$GPGSV,3,1,09,08,23,287,41,10,49,020,46,18,24,136,44,23,26,070,43,6*6B
$GPGSV,3,2,09,24,06,041,38,27,35,245,45,28,37,165,47,31,16,186,31,6*63
$GPGSV,3,3,09,32,74,329,47,6*53
$GPGSV,1,1,01,49,17,257,,0*5F
$GLGSV,3,1,09,65,45,295,46,66,13,251,37,72,36,015,47,74,09,083,36,1*7E
$GLGSV,3,2,09,75,06,131,38,86,27,159,47,87,73,181,49,88,38,327,49,1*77
$GLGSV,3,3,09,,,,49,1*7C
$GLGSV,2,1,07,65,45,295,11,66,13,251,39,72,36,015,47,75,06,131,42,3*7A
$GLGSV,2,2,07,86,27,159,43,88,38,327,47,,,,49,3*7F
$GLGSV,1,1,01,73,00,043,,0*4B
$GAGSV,2,1,06,03,73,008,53,05,23,039,48,08,47,236,52,13,12,322,41,2*74
$GAGSV,2,2,06,15,63,341,51,34,57,120,52,2*72
$GAGSV,2,1,06,03,73,008,47,05,23,039,42,08,47,236,43,13,12,322,37,7*7F
$GAGSV,2,2,06,15,63,341,48,34,57,120,47,7*7B
$GAGSV,1,1,01,36,07,135,,0*40
$GBGSV,2,1,08,08,31,065,38,13,43,050,45,20,47,299,49,27,22,163,42,1*77
$GBGSV,2,2,08,29,38,304,48,32,42,027,48,38,25,077,40,39,49,079,46,1*78
$GBGSV,2,1,05,06,51,106,47,08,31,065,45,09,49,128,48,13,43,050,48,B*02
$GBGSV,2,2,05,16,49,092,47,B*32
$GBGSV,1,1,04,10,08,165,,59,08,095,,60,60,149,,61,35,113,,0*7E
$GQGSV,1,1,03,03,06,127,28,04,20,067,39,07,19,104,31,1*58
$GQGSV,1,1,03,03,06,127,36,04,20,067,38,07,19,104,41,6*56
$GNGLL,2454.22758,N,06708.26958,E,140919.00,A,D*72
$GNRMC,140920.00,A,2454.22758,N,06708.26958,E,0.007,,050525,,,R,V*0D
$GNVTG,,T,,M,0.007,N,0.014,K,D*3A
$GNGGA,140920.00,2454.22758,N,06708.26958,E,4,12,0.68,21.8,M,-44.2,M,1.0,0289*78
$GNGSA,A,3,08,10,18,23,02,27,28,32,31,,,,1.42,0.68,1.25,1*01
$GNGSA,A,3,87,66,86,72,65,88,,,,,,,1.42,0.68,1.25,2*0A
$GNGSA,A,3,03,08,15,34,05,,,,,,,,1.42,0.68,1.25,3*01
$GNGSA,A,3,08,09,06,13,20,16,29,27,32,38,39,,1.42,0.68,1.25,4*05
$GNGSA,A,3,04,,,,,,,,,,,,1.42,0.68,1.25,5*0E
$GPGSV,4,1,13,02,19,321,42,08,23,287,42,10,49,020,47,18,24,136,40,1*6F
$GPGSV,4,2,13,23,26,070,40,24,06,041,35,27,35,245,43,28,37,165,44,1*6E
$GPGSV,4,3,13,31,16,186,34,32,74,329,50,36,34,246,41,40,59,208,47,1*65
$GPGSV,4,4,13,41,56,146,47,1*50
$GPGSV,3,1,09,08,23,287,41,10,49,020,46,18,24,136,44,23,26,070,43,6*6B
$GPGSV,3,2,09,24,06,041,38,27,35,245,45,28,37,165,47,31,16,186,32,6*60
$GPGSV,3,3,09,32,74,329,47,6*53
$GPGSV,1,1,01,49,17,257,,0*5F
$GLGSV,3,1,09,65,45,295,46,66,13,251,36,72,36,015,47,74,09,083,36,1*7F
$GLGSV,3,2,09,75,06,131,37,86,27,159,47,87,73,181,49,88,38,327,49,1*78
$GLGSV,3,3,09,,,,49,1*7C
$GLGSV,2,1,07,65,45,295,11,66,13,251,39,72,36,015,47,75,06,131,41,3*79
$GLGSV,2,2,07,86,27,159,43,88,38,327,47,,,,49,3*7F
$GLGSV,1,1,01,73,00,043,,0*4B
$GAGSV,2,1,06,03,73,008,53,05,23,039,48,08,47,236,52,13,12,322,41,2*74
$GAGSV,2,2,06,15,63,341,51,34,57,120,52,2*72
$GAGSV,2,1,06,03,73,008,47,05,23,039,42,08,47,236,43,13,12,322,37,7*7F
$GAGSV,2,2,06,15,63,341,48,34,57,120,47,7*7B
$GAGSV,1,1,01,36,07,135,,0*40
$GBGSV,2,1,08,08,31,065,38,13,43,050,45,20,47,299,49,27,22,163,42,1*77
$GBGSV,2,2,08,29,38,304,48,32,42,027,48,38,25,077,40,39,49,079,46,1*78
$GBGSV,2,1,05,06,51,106,47,08,31,065,45,09,49,128,48,13,43,050,48,B*02
$GBGSV,2,2,05,16,49,092,47,B*32
$GBGSV,1,1,04,10,08,165,,59,08,095,,60,60,149,,61,35,113,,0*7E
$GQGSV,1,1,03,03,06,127,28,04,20,067,39,07,19,104,31,1*58
$GQGSV,1,1,03,03,06,127,37,04,20,067,38,07,19,104,41,6*57
$GNGLL,2454.22758,N,06708.26958,E,140920.00,A,D*78
$GNRMC,140921.00,A,2454.22758,N,06708.26958,E,0.005,,050525,,,R,V*0E
$GNVTG,,T,,M,0.005,N,0.010,K,D*3C
$GNGGA,140921.00,2454.22758,N,06708.26958,E,4,12,0.68,21.8,M,-44.2,M,1.0,0289*79
$GNGSA,A,3,08,10,18,23,02,27,28,32,31,,,,1.42,0.68,1.25,1*01
$GNGSA,A,3,87,66,86,72,65,88,,,,,,,1.42,0.68,1.25,2*0A
$GNGSA,A,3,03,08,15,34,05,,,,,,,,1.42,0.68,1.25,3*01
$GNGSA,A,3,08,09,06,13,20,16,29,27,32,38,39,,1.42,0.68,1.25,4*05
$GNGSA,A,3,04,,,,,,,,,,,,1.42,0.68,1.25,5*0E
$GPGSV,4,1,13,02,19,321,42,08,23,287,42,10,49,020,47,18,24,136,40,1*6F
$GPGSV,4,2,13,23,26,070,40,24,06,041,35,27,35,245,43,28,37,165,44,1*6E
$GPGSV,4,3,13,31,16,186,34,32,74,329,50,36,34,246,41,40,59,208,47,1*65
$GPGSV,4,4,13,41,56,146,47,1*50
$GPGSV,3,1,09,08,23,287,41,10,49,020,45,18,24,136,44,23,26,070,43,6*68
$GPGSV,3,2,09,24,06,041,38,27,35,245,45,28,37,165,47,31,16,186,32,6*60
$GPGSV,3,3,09,32,74,329,47,6*53
$GPGSV,1,1,01,49,17,257,,0*5F
$GLGSV,3,1,09,65,45,295,46,66,13,251,36,72,36,015,47,74,09,083,36,1*7F
$GLGSV,3,2,09,75,06,131,37,86,27,159,47,87,73,181,49,88,38,327,49,1*78
$GLGSV,3,3,09,,,,49,1*7C
$GLGSV,2,1,07,65,45,295,10,66,13,251,38,72,36,015,47,75,06,131,41,3*79
$GLGSV,2,2,07,86,27,159,43,88,38,327,47,,,,49,3*7F
$GLGSV,1,1,01,73,00,043,,0*4B
$GAGSV,2,1,06,03,73,008,53,05,23,039,48,08,47,236,52,13,12,322,41,2*74
$GAGSV,2,2,06,15,63,341,52,34,57,120,52,2*71
$GAGSV,2,1,06,03,73,008,47,05,23,039,42,08,47,236,43,13,12,322,37,7*7F
$GAGSV,2,2,06,15,63,341,48,34,57,120,47,7*7B
$GAGSV,1,1,01,36,07,135,,0*40
$GBGSV,2,1,08,08,31,065,38,13,43,050,45,20,47,299,49,27,22,163,42,1*77
$GBGSV,2,2,08,29,38,304,48,32,42,027,48,38,25,077,40,39,49,079,46,1*78
$GBGSV,2,1,05,06,51,106,47,08,31,065,45,09,49,128,48,13,43,050,48,B*02
$GBGSV,2,2,05,16,49,092,47,B*32
$GBGSV,1,1,04,10,08,165,,59,08,095,,60,60,149,,61,35,113,,0*7E
$GQGSV,1,1,03,03,06,127,28,04,20,067,39,07,19,104,31,1*58
$GQGSV,1,1,03,03,06,127,36,04,20,067,38,07,19,104,41,6*56
$GNGLL,2454.22758,N,06708.26958,E,140921.00,A,D*79
$GNRMC,140922.00,A,2454.22759,N,06708.26958,E,0.012,,050525,,,R,V*0A
$GNVTG,,T,,M,0.012,N,0.023,K,D*3A
$GNGGA,140922.00,2454.22759,N,06708.26958,E,4,12,0.68,21.8,M,-44.2,M,1.0,0289*7B
$GNGSA,A,3,08,10,18,23,02,27,28,32,31,,,,1.42,0.68,1.25,1*01
$GNGSA,A,3,87,66,86,72,65,88,,,,,,,1.42,0.68,1.25,2*0A
$GNGSA,A,3,03,08,15,34,05,,,,,,,,1.42,0.68,1.25,3*01
$GNGSA,A,3,08,09,06,13,20,16,29,27,32,38,39,,1.42,0.68,1.25,4*05
$GNGSA,A,3,04,,,,,,,,,,,,1.42,0.68,1.25,5*0E
$GPGSV,4,1,13,02,19,321,42,08,23,287,42,10,49,020,47,18,24,136,40,1*6F
$GPGSV,4,2,13,23,26,070,40,24,06,041,35,27,35,245,43,28,37,165,44,1*6E
$GPGSV,4,3,13,31,16,186,34,32,74,329,50,36,34,246,41,40,59,208,47,1*65
$GPGSV,4,4,13,41,56,146,47,1*50
$GPGSV,3,1,09,08,23,287,41,10,49,020,46,18,24,136,44,23,26,070,43,6*6B
$GPGSV,3,2,09,24,06,041,38,27,35,245,45,28,37,165,47,31,16,186,32,6*60
$GPGSV,3,3,09,32,74,329,47,6*53
$GPGSV,1,1,01,49,17,257,,0*5F
$GLGSV,3,1,09,65,45,295,46,66,13,251,36,72,36,015,47,74,09,083,36,1*7F
$GLGSV,3,2,09,75,06,131,37,86,27,159,47,87,73,181,49,88,38,327,49,1*78
$GLGSV,3,3,09,,,,49,1*7C
$GLGSV,2,1,07,65,45,295,11,66,13,251,38,72,36,015,47,75,06,131,41,3*78
$GLGSV,2,2,07,86,27,159,43,88,38,327,47,,,,49,3*7F
$GLGSV,1,1,01,73,00,043,,0*4B
$GAGSV,2,1,06,03,73,008,53,05,23,039,48,08,47,236,52,13,12,322,41,2*74
$GAGSV,2,2,06,15,63,341,51,34,57,120,52,2*72
$GAGSV,2,1,06,03,73,008,47,05,23,039,42,08,47,236,43,13,12,322,37,7*7F
$GAGSV,2,2,06,15,63,341,48,34,57,120,47,7*7B
$GAGSV,1,1,01,36,07,135,,0*40
$GBGSV,2,1,08,08,31,065,38,13,43,050,45,20,47,299,49,27,22,163,42,1*77
$GBGSV,2,2,08,29,38,304,48,32,42,027,48,38,25,077,40,39,49,079,46,1*78
$GBGSV,2,1,05,06,51,106,47,08,31,065,45,09,49,128,48,13,43,050,48,B*02
$GBGSV,2,2,05,16,49,092,47,B*32
$GBGSV,2,1,05,10,08,165,,19,11,262,,59,08,095,,60,60,149,,0*70
$GBGSV,2,2,05,61,35,113,,0*40
$GQGSV,1,1,03,03,06,127,29,04,20,067,39,07,19,104,31,1*59
$GQGSV,1,1,03,03,06,127,37,04,20,067,38,07,19,104,41,6*57
$GNGLL,2454.22759,N,06708.26958,E,140922.00,A,D*7B
$GNRMC,140923.00,A,2454.22759,N,06708.26958,E,0.005,,050525,,,R,V*0D
$GNVTG,,T,,M,0.005,N,0.009,K,D*34
$GNGGA,140923.00,2454.22759,N,06708.26958,E,4,12,0.68,21.8,M,-44.2,M,1.0,0289*7A
$GNGSA,A,3,08,10,18,23,02,27,28,32,31,,,,1.42,0.68,1.25,1*01
$GNGSA,A,3,87,66,86,72,65,88,,,,,,,1.42,0.68,1.25,2*0A
$GNGSA,A,3,03,08,15,34,05,,,,,,,,1.42,0.68,1.25,3*01
$GNGSA,A,3,08,09,06,13,20,16,29,27,32,38,39,,1.42,0.68,1.25,4*05
$GNGSA,A,3,04,,,,,,,,,,,,1.42,0.68,1.25,5*0E
$GPGSV,4,1,13,02,19,321,42,08,23,287,42,10,49,020,47,18,24,136,40,1*6F
$GPGSV,4,2,13,23,26,070,40,24,06,041,35,27,35,245,43,28,37,165,44,1*6E
$GPGSV,4,3,13,31,16,186,34,32,74,329,51,36,34,246,41,40,59,208,47,1*64
$GPGSV,4,4,13,41,56,146,47,1*50
$GPGSV,3,1,09,08,23,287,41,10,49,020,46,18,24,136,44,23,26,070,43,6*6B
$GPGSV,3,2,09,24,06,041,38,27,35,245,45,28,37,165,47,31,16,186,32,6*60
$GPGSV,3,3,09,32,74,329,47,6*53
$GPGSV,1,1,01,49,17,257,,0*5F
$GLGSV,3,1,09,65,45,295,46,66,13,251,36,72,36,015,47,74,09,083,36,1*7F
$GLGSV,3,2,09,75,06,131,37,86,27,159,47,87,73,181,49,88,38,327,49,1*78
$GLGSV,3,3,09,,,,49,1*7C
$GLGSV,2,1,07,65,45,295,13,66,13,251,38,72,36,015,47,75,06,131,41,3*7A
$GLGSV,2,2,07,86,27,159,43,88,38,327,47,,,,49,3*7F
$GLGSV,1,1,01,73,00,043,,0*4B
$GAGSV,2,1,06,03,73,008,53,05,23,039,48,08,47,236,52,13,12,322,41,2*74
$GAGSV,2,2,06,15,63,341,51,34,57,120,52,2*72
$GAGSV,2,1,06,03,73,008,47,05,23,039,42,08,47,236,43,13,12,322,37,7*7F
$GAGSV,2,2,06,15,63,341,48,34,57,120,47,7*7B
$GAGSV,1,1,01,36,07,135,,0*40
$GBGSV,2,1,08,08,31,065,38,13,43,050,45,20,47,299,49,27,22,163,42,1*77
$GBGSV,2,2,08,29,38,304,48,32,42,027,48,38,25,077,40,39,49,079,46,1*78
$GBGSV,2,1,05,06,51,106,47,08,31,065,45,09,49,128,48,13,43,050,48,B*02
$GBGSV,2,2,05,16,49,092,47,B*32
$GBGSV,2,1,05,10,08,165,,19,11,262,,59,08,095,,60,60,149,,0*70
$GBGSV,2,2,05,61,35,113,,0*40
$GQGSV,1,1,03,03,06,127,29,04,20,067,39,07,19,104,31,1*59
$GQGSV,1,1,03,03,06,127,37,04,20,067,38,07,19,104,41,6*57
$GNGLL,2454.22759,N,06708.26958,E,140923.00,A,D*7A
$GNRMC,140924.00,A,2454.22758,N,06708.26958,E,0.010,,050525,,,R,V*0F
$GNVTG,,T,,M,0.010,N,0.018,K,D*30
$GNGGA,140924.00,2454.22758,N,06708.26958,E,4,12,0.68,21.8,M,-44.2,M,1.0,0289*7C
$GNGSA,A,3,08,10,18,23,02,27,28,32,31,,,,1.42,0.68,1.25,1*01
$GNGSA,A,3,87,66,86,72,65,88,,,,,,,1.42,0.68,1.25,2*0A
$GNGSA,A,3,03,08,15,34,05,,,,,,,,1.42,0.68,1.25,3*01
$GNGSA,A,3,08,09,06,13,20,16,29,27,32,38,39,,1.42,0.68,1.25,4*05
$GNGSA,A,3,04,,,,,,,,,,,,1.42,0.68,1.25,5*0E
$GPGSV,4,1,13,02,19,321,42,08,23,287,42,10,49,020,47,18,24,136,40,1*6F
$GPGSV,4,2,13,23,26,070,40,24,06,041,35,27,35,245,43,28,37,165,44,1*6E
$GPGSV,4,3,13,31,16,186,34,32,74,329,51,36,34,246,41,40,59,208,47,1*64
$GPGSV,4,4,13,41,56,146,47,1*50
$GPGSV,3,1,09,08,23,287,41,10,49,020,45,18,24,136,44,23,26,070,43,6*68
$GPGSV,3,2,09,24,06,041,38,27,35,245,45,28,37,165,47,31,16,186,31,6*63
$GPGSV,3,3,09,32,74,329,47,6*53
$GPGSV,1,1,01,49,17,257,,0*5F
$GLGSV,3,1,09,65,45,295,46,66,13,251,36,72,36,015,47,74,09,083,35,1*7C
$GLGSV,3,2,09,75,06,131,37,86,27,159,47,87,73,181,49,88,38,327,49,1*78
$GLGSV,3,3,09,,,,49,1*7C
$GLGSV,2,1,07,65,45,295,12,66,13,251,38,72,36,015,47,75,06,131,41,3*7B
$GLGSV,2,2,07,86,27,159,43,88,38,327,47,,,,49,3*7F
$GLGSV,1,1,01,73,00,043,,0*4B
$GAGSV,2,1,06,03,73,008,53,05,23,039,48,08,47,236,52,13,12,322,41,2*74
$GAGSV,2,2,06,15,63,341,51,34,57,120,52,2*72
$GAGSV,2,1,06,03,73,008,47,05,23,039,42,08,47,236,43,13,12,322,37,7*7F
$GAGSV,2,2,06,15,63,341,48,34,57,120,47,7*7B
$GAGSV,1,1,01,36,07,135,,0*40
$GBGSV,2,1,08,08,31,065,38,13,43,050,45,20,47,299,49,27,22,163,42,1*77
$GBGSV,2,2,08,29,38,304,48,32,42,027,49,38,25,077,40,39,49,079,46,1*79
$GBGSV,2,1,05,06,51,106,47,08,31,065,45,09,49,128,48,13,43,050,48,B*02
$GBGSV,2,2,05,16,49,092,47,B*32
$GBGSV,2,1,05,10,08,165,,19,11,262,,59,08,095,,60,60,149,,0*70
$GBGSV,2,2,05,61,35,113,,0*40
$GQGSV,1,1,03,03,06,127,29,04,20,067,39,07,19,104,31,1*59
$GQGSV,1,1,03,03,06,127,37,04,20,067,38,07,19,104,41,6*57
$GNGLL,2454.22758,N,06708.26958,E,140924.00,A,D*7C
$GNRMC,140925.00,A,2454.22758,N,06708.26958,E,0.009,,050525,,,R,V*06
$GNVTG,,T,,M,0.009,N,0.017,K,D*37
$GNGGA,140925.00,2454.22758,N,06708.26958,E,4,12,0.68,21.8,M,-44.2,M,1.0,0289*7D
$GNGSA,A,3,08,10,18,23,02,27,28,32,31,,,,1.42,0.68,1.25,1*01
$GNGSA,A,3,87,66,86,72,65,88,,,,,,,1.42,0.68,1.25,2*0A
$GNGSA,A,3,03,08,15,34,05,,,,,,,,1.42,0.68,1.25,3*01
$GNGSA,A,3,08,09,06,13,20,16,29,27,32,38,39,,1.42,0.68,1.25,4*05
$GNGSA,A,3,04,,,,,,,,,,,,1.42,0.68,1.25,5*0E
$GPGSV,4,1,13,02,19,321,42,08,23,287,41,10,49,020,47,18,24,136,40,1*6C
$GPGSV,4,2,13,23,26,070,40,24,06,041,35,27,35,245,43,28,37,165,44,1*6E
$GPGSV,4,3,13,31,16,186,34,32,74,329,50,36,34,246,41,40,59,208,47,1*65
$GPGSV,4,4,13,41,56,146,47,1*50
$GPGSV,3,1,09,08,23,287,41,10,49,020,46,18,24,136,44,23,26,070,43,6*6B
$GPGSV,3,2,09,24,06,041,38,27,35,245,45,28,37,165,47,31,16,186,32,6*60
$GPGSV,3,3,09,32,74,329,47,6*53
$GPGSV,1,1,01,49,17,257,,0*5F
$GLGSV,3,1,09,65,45,295,46,66,13,251,36,72,36,015,47,74,09,083,35,1*7C
$GLGSV,3,2,09,75,06,131,36,86,27,159,47,87,73,181,50,88,38,327,49,1*71
$GLGSV,3,3,09,,,,49,1*7C
$GLGSV,2,1,07,65,45,295,10,66,13,251,38,72,36,015,47,75,06,131,41,3*79
$GLGSV,2,2,07,86,27,159,43,88,38,327,47,,,,49,3*7F
$GLGSV,1,1,01,73,00,043,,0*4B
$GAGSV,2,1,06,03,73,008,53,05,23,039,48,08,47,236,52,13,12,322,41,2*74
$GAGSV,2,2,06,15,63,341,51,34,57,120,52,2*72
$GAGSV,2,1,06,03,73,008,47,05,23,039,42,08,47,236,43,13,12,322,37,7*7F
$GAGSV,2,2,06,15,63,341,48,34,57,120,47,7*7B
$GAGSV,1,1,01,36,07,135,,0*40
$GBGSV,2,1,08,08,31,065,38,13,43,050,45,20,47,299,49,27,22,163,42,1*77
$GBGSV,2,2,08,29,38,304,48,32,42,027,48,38,25,077,40,39,49,079,46,1*78
$GBGSV,2,1,05,06,51,106,47,08,31,065,45,09,49,128,48,13,43,050,48,B*02
$GBGSV,2,2,05,16,49,092,47,B*32
$GBGSV,2,1,05,10,08,165,,19,11,262,,59,08,095,,60,60,149,,0*70
$GBGSV,2,2,05,61,35,113,,0*40
$GQGSV,1,1,03,03,06,127,28,04,20,068,39,07,19,104,31,1*57
$GQGSV,1,1,03,03,06,127,37,04,20,068,38,07,19,104,41,6*58
$GNGLL,2454.22758,N,06708.26958,E,140925.00,A,D*7D
$GNRMC,140926.00,A,2454.22758,N,06708.26958,E,0.002,,050525,,,R,V*0E
$GNVTG,,T,,M,0.002,N,0.003,K,D*39
$GNGGA,140926.00,2454.22758,N,06708.26958,E,4,12,0.68,21.8,M,-44.2,M,1.0,0289*7E
$GNGSA,A,3,08,10,18,23,02,27,28,32,31,,,,1.42,0.68,1.25,1*01
$GNGSA,A,3,87,66,86,72,65,88,,,,,,,1.42,0.68,1.25,2*0A
$GNGSA,A,3,03,08,15,34,05,,,,,,,,1.42,0.68,1.25,3*01
$GNGSA,A,3,08,09,06,13,20,16,29,27,32,38,39,,1.42,0.68,1.25,4*05
$GNGSA,A,3,04,,,,,,,,,,,,1.42,0.68,1.25,5*0E
$GPGSV,4,1,13,02,19,321,42,08,23,287,42,10,49,020,47,18,24,136,40,1*6F
$GPGSV,4,2,13,23,26,070,40,24,06,041,35,27,35,245,43,28,37,165,44,1*6E
$GPGSV,4,3,13,31,16,186,34,32,74,329,51,36,34,246,41,40,59,208,47,1*64
$GPGSV,4,4,13,41,56,146,47,1*50
$GPGSV,3,1,09,08,23,287,41,10,49,020,46,18,24,136,44,23,26,070,43,6*6B
$GPGSV,3,2,09,24,06,041,38,27,35,245,45,28,37,165,47,31,16,186,31,6*63
$GPGSV,3,3,09,32,74,329,47,6*53
$GPGSV,1,1,01,49,17,257,,0*5F
$GLGSV,3,1,09,65,45,295,46,66,13,251,36,72,36,015,47,74,09,083,35,1*7C
$GLGSV,3,2,09,75,06,131,36,86,27,159,47,87,73,181,49,88,38,327,49,1*79
$GLGSV,3,3,09,,,,49,1*7C
$GLGSV,2,1,07,65,45,295,10,66,13,251,37,72,36,015,47,75,06,131,41,3*76
$GLGSV,2,2,07,86,27,159,43,88,38,327,47,,,,49,3*7F
$GLGSV,1,1,01,73,00,043,,0*4B
$GAGSV,2,1,06,03,73,008,53,05,23,039,48,08,47,236,52,13,12,322,41,2*74
$GAGSV,2,2,06,15,63,341,51,34,57,120,52,2*72
$GAGSV,2,1,06,03,73,008,47,05,23,039,42,08,47,236,43,13,12,322,37,7*7F
$GAGSV,2,2,06,15,63,341,48,34,57,120,47,7*7B
$GAGSV,1,1,01,36,07,135,,0*40
$GBGSV,2,1,08,08,31,065,38,13,43,050,45,20,47,299,49,27,22,163,42,1*77
$GBGSV,2,2,08,29,38,304,48,32,42,027,49,38,25,077,40,39,49,079,46,1*79
$GBGSV,2,1,05,06,51,106,47,08,31,065,45,09,49,128,48,13,43,050,48,B*02
$GBGSV,2,2,05,16,49,092,47,B*32
$GBGSV,2,1,05,10,08,165,,19,11,262,,59,08,095,,60,60,149,,0*70
$GBGSV,2,2,05,61,35,113,,0*40
$GQGSV,1,1,03,03,06,127,28,04,20,068,39,07,19,104,31,1*57
$GQGSV,1,1,03,03,06,127,37,04,20,068,38,07,19,104,41,6*58
$GNGLL,2454.22758,N,06708.26958,E,140926.00,A,D*7E
$GNRMC,140927.00,A,2454.22758,N,06708.26958,E,0.006,,050525,,,R,V*0B
$GNVTG,,T,,M,0.006,N,0.011,K,D*3E
$GNGGA,140927.00,2454.22758,N,06708.26958,E,4,12,0.68,21.8,M,-44.2,M,1.0,0289*7F
$GNGSA,A,3,08,10,18,23,02,27,28,32,31,,,,1.43,0.68,1.25,1*00
$GNGSA,A,3,87,66,86,72,65,88,,,,,,,1.43,0.68,1.25,2*0B
$GNGSA,A,3,03,08,15,34,05,,,,,,,,1.43,0.68,1.25,3*00
$GNGSA,A,3,08,09,06,13,20,16,29,27,32,38,39,,1.43,0.68,1.25,4*04
$GNGSA,A,3,04,,,,,,,,,,,,1.43,0.68,1.25,5*0F
$GPGSV,4,1,13,02,19,321,42,08,23,287,42,10,49,020,47,18,24,136,40,1*6F
$GPGSV,4,2,13,23,26,070,40,24,06,041,35,27,35,245,43,28,37,165,44,1*6E
$GPGSV,4,3,13,31,16,186,34,32,74,329,51,36,34,246,41,40,59,208,47,1*64
$GPGSV,4,4,13,41,56,146,47,1*50
$GPGSV,3,1,09,08,23,287,41,10,49,020,46,18,24,136,44,23,26,070,43,6*6B
$GPGSV,3,2,09,24,06,041,38,27,35,245,45,28,37,165,47,31,16,186,32,6*60
$GPGSV,3,3,09,32,74,329,47,6*53
$GPGSV,1,1,01,49,17,257,,0*5F
$GLGSV,3,1,09,65,45,297,46,66,13,251,35,72,36,015,47,74,09,083,35,1*7D
$GLGSV,3,2,09,75,06,131,36,86,27,159,47,87,73,181,50,88,38,327,49,1*71
$GLGSV,3,3,09,,,,49,1*7C
$GLGSV,2,1,07,65,45,297,11,66,13,251,38,72,36,015,47,75,06,131,41,3*7A
$GLGSV,2,2,07,86,27,159,43,88,38,327,47,,,,49,3*7F
$GLGSV,1,1,01,73,00,043,,0*4B
$GAGSV,2,1,06,03,73,008,53,05,23,039,48,08,47,236,52,13,12,322,41,2*74
$GAGSV,2,2,06,15,63,341,51,34,57,120,52,2*72
$GAGSV,2,1,06,03,73,008,47,05,23,039,42,08,47,236,43,13,12,322,37,7*7F
$GAGSV,2,2,06,15,63,341,48,34,57,120,47,7*7B
$GAGSV,1,1,01,36,07,135,,0*40
$GBGSV,2,1,08,08,31,065,38,13,43,050,45,20,47,299,49,27,22,163,42,1*77
$GBGSV,2,2,08,29,38,304,48,32,42,027,48,38,25,077,40,39,49,079,46,1*78
$GBGSV,2,1,05,06,51,106,47,08,31,065,45,09,49,128,48,13,43,050,48,B*02
$GBGSV,2,2,05,16,49,092,47,B*32
$GBGSV,2,1,05,10,08,165,,19,11,262,,59,08,095,,60,60,149,,0*70
$GBGSV,2,2,05,61,35,113,,0*40
$GQGSV,1,1,03,03,06,127,29,04,20,068,39,07,19,104,31,1*56
$GQGSV,1,1,03,03,06,127,37,04,20,068,38,07,19,104,41,6*58
$GNGLL,2454.22758,N,06708.26958,E,140927.00,A,D*7F
$GNRMC,140928.00,A,2454.22759,N,06708.26958,E,0.008,,050525,,,R,V*0B
$GNVTG,,T,,M,0.008,N,0.016,K,D*37
$GNGGA,140928.00,2454.22759,N,06708.26958,E,4,12,0.68,21.8,M,-44.2,M,1.0,0289*71
$GNGSA,A,3,08,10,18,23,02,27,28,32,31,,,,1.43,0.68,1.25,1*00
$GNGSA,A,3,87,66,86,72,65,88,,,,,,,1.43,0.68,1.25,2*0B
$GNGSA,A,3,03,08,15,34,05,,,,,,,,1.43,0.68,1.25,3*00
$GNGSA,A,3,08,09,06,13,20,16,29,27,32,38,39,,1.43,0.68,1.25,4*04
$GNGSA,A,3,04,,,,,,,,,,,,1.43,0.68,1.25,5*0F
$GPGSV,4,1,13,02,19,321,42,08,23,287,42,10,49,020,47,18,24,136,40,1*6F
$GPGSV,4,2,13,23,26,070,40,24,06,041,35,27,35,245,43,28,37,165,44,1*6E
$GPGSV,4,3,13,31,16,186,34,32,74,329,50,36,34,246,41,40,59,208,47,1*65
$GPGSV,4,4,13,41,56,146,47,1*50
$GPGSV,3,1,09,08,23,287,41,10,49,020,46,18,24,136,44,23,26,070,43,6*6B
$GPGSV,3,2,09,24,06,041,38,27,35,245,45,28,37,165,47,31,16,186,32,6*60
$GPGSV,3,3,09,32,74,329,47,6*53
$GPGSV,1,1,01,49,17,257,,0*5F
$GLGSV,3,1,09,65,45,297,46,66,14,252,35,72,36,015,47,74,09,083,35,1*79
$GLGSV,3,2,09,75,06,131,36,86,27,159,47,87,73,181,49,88,38,327,49,1*79
$GLGSV,3,3,09,,,,49,1*7C
$GLGSV,2,1,06,66,14,252,37,72,36,015,47,75,06,131,40,86,27,159,43,3*7E
$GLGSV,2,2,06,88,38,327,47,,,,49,3*4F
$GLGSV,1,1,01,73,00,043,,0*4B
$GAGSV,2,1,06,03,73,008,53,05,23,039,48,08,47,236,52,13,12,322,41,2*74
$GAGSV,2,2,06,15,63,341,51,34,57,120,52,2*72
$GAGSV,2,1,06,03,73,008,47,05,23,039,42,08,47,236,43,13,12,322,37,7*7F
$GAGSV,2,2,06,15,63,341,48,34,57,120,47,7*7B
$GAGSV,1,1,01,36,07,135,,0*40
$GBGSV,2,1,08,08,31,065,38,13,43,050,45,20,47,299,49,27,22,163,42,1*77
$GBGSV,2,2,08,29,38,304,48,32,42,027,49,38,25,077,40,39,49,079,46,1*79
$GBGSV,2,1,05,06,51,106,47,08,31,065,45,09,49,128,48,13,43,050,48,B*02
$GBGSV,2,2,05,16,49,092,47,B*32
$GBGSV,2,1,05,10,08,165,,19,11,262,,59,08,095,,60,60,149,,0*70
$GBGSV,2,2,05,61,35,113,,0*40
$GQGSV,1,1,03,03,06,127,28,04,20,068,39,07,19,104,31,1*57
$GQGSV,1,1,03,03,06,127,37,04,20,068,38,07,19,104,41,6*58
$GNGLL,2454.22759,N,06708.26958,E,140928.00,A,D*71
$GNRMC,140929.00,A,2454.22759,N,06708.26958,E,0.008,,050525,,,R,V*0A
$GNVTG,,T,,M,0.008,N,0.016,K,D*37
$GNGGA,140929.00,2454.22759,N,06708.26958,E,4,12,0.68,21.8,M,-44.2,M,1.0,0289*70
$GNGSA,A,3,08,10,18,23,02,27,28,32,31,,,,1.43,0.68,1.25,1*00
$GNGSA,A,3,87,66,86,72,65,88,,,,,,,1.43,0.68,1.25,2*0B
$GNGSA,A,3,03,08,15,34,05,,,,,,,,1.43,0.68,1.25,3*00
$GNGSA,A,3,08,09,06,13,20,16,29,27,32,38,39,,1.43,0.68,1.25,4*04
$GNGSA,A,3,04,,,,,,,,,,,,1.43,0.68,1.25,5*0F
$GPGSV,4,1,13,02,19,321,42,08,23,287,42,10,49,020,47,18,24,136,40,1*6F
$GPGSV,4,2,13,23,26,070,40,24,06,041,35,27,35,245,43,28,37,165,44,1*6E
$GPGSV,4,3,13,31,16,186,34,32,74,329,50,36,34,246,41,40,59,208,47,1*65
$GPGSV,4,4,13,41,56,146,47,1*50
$GPGSV,3,1,09,08,23,287,41,10,49,020,46,18,24,136,44,23,26,070,43,6*6B
$GPGSV,3,2,09,24,06,041,38,27,35,245,45,28,37,165,47,31,16,186,32,6*60
$GPGSV,3,3,09,32,74,329,47,6*53
$GPGSV,1,1,01,49,17,257,,0*5F
$GLGSV,3,1,09,65,45,297,46,66,14,252,35,72,36,015,47,74,09,083,35,1*79
$GLGSV,3,2,09,75,06,131,35,86,27,159,47,87,73,181,49,88,38,327,49,1*7A
$GLGSV,3,3,09,,,,49,1*7C
$GLGSV,2,1,06,66,14,252,38,72,36,015,47,75,06,131,40,86,27,159,43,3*71
$GLGSV,2,2,06,88,38,327,47,,,,49,3*4F
$GLGSV,1,1,01,73,00,043,,0*4B
$GAGSV,2,1,06,03,73,008,53,05,23,039,48,08,47,236,52,13,12,322,41,2*74
$GAGSV,2,2,06,15,63,341,51,34,57,120,52,2*72
$GAGSV,2,1,06,03,73,008,47,05,23,039,42,08,47,236,43,13,12,322,37,7*7F
$GAGSV,2,2,06,15,63,341,48,34,57,120,47,7*7B
$GAGSV,1,1,01,36,07,135,,0*40
$GBGSV,2,1,08,08,31,065,38,13,43,050,45,20,47,299,49,27,22,163,42,1*77
$GBGSV,2,2,08,29,38,304,48,32,42,027,48,38,25,077,40,39,49,079,46,1*78
$GBGSV,2,1,05,06,51,106,47,08,31,065,45,09,49,128,48,13,43,050,48,B*02
$GBGSV,2,2,05,16,49,092,47,B*32
$GBGSV,2,1,05,10,08,165,,19,11,262,,59,08,095,,60,60,149,,0*70
$GBGSV,2,2,05,61,35,113,,0*40
$GQGSV,1,1,03,03,06,127,29,04,20,068,39,07,19,104,31,1*56
$GQGSV,1,1,03,03,06,127,37,04,20,068,38,07,19,104,41,6*58
$GNGLL,2454.22759,N,06708.26958,E,140929.00,A,D*70
$GNRMC,140930.00,A,2454.22758,N,06708.26958,E,0.008,,050525,,,R,V*03
$GNVTG,,T,,M,0.008,N,0.015,K,D*34
$GNGGA,140930.00,2454.22758,N,06708.26958,E,4,12,0.68,21.8,M,-44.2,M,1.0,0289*79
$GNGSA,A,3,08,10,18,23,02,27,28,32,31,,,,1.43,0.68,1.25,1*00
$GNGSA,A,3,87,66,86,72,65,88,,,,,,,1.43,0.68,1.25,2*0B
$GNGSA,A,3,03,08,15,34,05,,,,,,,,1.43,0.68,1.25,3*00
$GNGSA,A,3,08,09,06,13,20,16,29,27,32,38,39,,1.43,0.68,1.25,4*04
$GNGSA,A,3,04,,,,,,,,,,,,1.43,0.68,1.25,5*0F
$GPGSV,4,1,13,02,19,321,42,08,23,287,42,10,49,020,47,18,24,136,40,1*6F
$GPGSV,4,2,13,23,26,070,40,24,06,041,35,27,35,245,43,28,37,165,43,1*69
$GPGSV,4,3,13,31,16,186,34,32,74,329,50,36,34,246,41,40,59,208,47,1*65
$GPGSV,4,4,13,41,56,146,47,1*50
$GPGSV,3,1,09,08,23,287,41,10,49,020,46,18,24,136,44,23,26,070,43,6*6B
$GPGSV,3,2,09,24,06,041,38,27,35,245,45,28,37,165,47,31,16,186,32,6*60
$GPGSV,3,3,09,32,74,329,47,6*53
$GPGSV,1,1,01,49,17,257,,0*5F
$GLGSV,3,1,09,65,45,297,46,66,14,252,35,72,36,015,47,74,09,083,35,1*79
$GLGSV,3,2,09,75,06,131,35,86,27,159,47,87,73,181,49,88,38,327,49,1*7A
$GLGSV,3,3,09,,,,49,1*7C
$GLGSV,2,1,06,66,14,252,38,72,36,015,47,75,06,131,40,86,27,159,43,3*71
$GLGSV,2,2,06,88,38,327,48,,,,49,3*40
$GLGSV,1,1,01,73,00,043,,0*4B
$GAGSV,2,1,06,03,73,008,53,05,23,039,48,08,47,236,52,13,12,322,41,2*74
$GAGSV,2,2,06,15,63,341,51,34,57,120,52,2*72
$GAGSV,2,1,06,03,73,008,48,05,23,039,42,08,47,236,43,13,12,322,37,7*70
$GAGSV,2,2,06,15,63,341,48,34,57,120,47,7*7B
$GAGSV,1,1,01,36,07,135,,0*40
$GBGSV,2,1,08,08,31,065,38,13,43,050,45,20,47,299,49,27,22,163,42,1*77
$GBGSV,2,2,08,29,38,304,48,32,42,027,49,38,25,077,40,39,49,079,46,1*79
$GBGSV,2,1,05,06,51,106,47,08,31,065,45,09,49,128,48,13,43,050,48,B*02
$GBGSV,2,2,05,16,49,092,47,B*32
$GBGSV,2,1,05,10,08,165,,19,11,262,,59,08,095,,60,60,149,,0*70
$GBGSV,2,2,05,61,35,113,,0*40
$GQGSV,1,1,03,03,06,127,28,04,20,068,39,07,19,104,31,1*57
$GQGSV,1,1,03,03,06,127,37,04,20,068,38,07,19,104,41,6*58
$GNGLL,2454.22758,N,06708.26958,E,140930.00,A,D*79
$GNRMC,140931.00,A,2454.22758,N,06708.26958,E,0.011,,050525,,,R,V*0A
$GNVTG,,T,,M,0.011,N,0.020,K,D*3A
$GNGGA,140931.00,2454.22758,N,06708.26958,E,4,12,0.68,21.8,M,-44.2,M,1.0,0289*78
$GNGSA,A,3,08,10,18,23,02,27,28,32,31,,,,1.43,0.68,1.25,1*00
$GNGSA,A,3,87,66,86,72,65,88,,,,,,,1.43,0.68,1.25,2*0B
$GNGSA,A,3,03,08,15,34,05,,,,,,,,1.43,0.68,1.25,3*00
$GNGSA,A,3,08,09,06,13,20,16,29,27,32,38,39,,1.43,0.68,1.25,4*04
$GNGSA,A,3,04,,,,,,,,,,,,1.43,0.68,1.25,5*0F
$GPGSV,4,1,13,02,19,321,42,08,23,287,42,10,49,020,47,18,24,136,40,1*6F
$GPGSV,4,2,13,23,26,070,40,24,06,041,35,27,35,245,43,28,37,165,43,1*69
$GPGSV,4,3,13,31,16,186,34,32,74,329,50,36,34,246,41,40,59,208,47,1*65
$GPGSV,4,4,13,41,56,146,47,1*50
$GPGSV,3,1,09,08,23,287,41,10,49,020,46,18,24,136,44,23,26,070,43,6*6B
$GPGSV,3,2,09,24,06,041,38,27,35,245,45,28,37,165,47,31,16,186,32,6*60
$GPGSV,3,3,09,32,74,329,47,6*53
$GPGSV,1,1,01,49,17,257,,0*5F
$GLGSV,3,1,09,65,45,297,46,66,14,252,36,72,36,015,47,74,09,083,35,1*7A
$GLGSV,3,2,09,75,06,131,35,86,27,159,47,87,73,181,49,88,38,327,48,1*7B
$GLGSV,3,3,09,,,,49,1*7C
$GLGSV,2,1,06,66,14,252,38,72,36,015,47,75,06,131,40,86,27,159,43,3*71
$GLGSV,2,2,06,88,38,327,48,,,,49,3*40
$GLGSV,1,1,01,73,00,043,,0*4B
$GAGSV,2,1,06,03,73,008,53,05,23,039,48,08,47,236,52,13,12,322,41,2*74
$GAGSV,2,2,06,15,63,341,51,34,57,120,52,2*72
$GAGSV,2,1,06,03,73,008,47,05,23,039,42,08,47,236,43,13,12,322,37,7*7F
$GAGSV,2,2,06,15,63,341,48,34,57,120,47,7*7B
$GAGSV,1,1,01,36,07,135,,0*40
$GBGSV,2,1,08,08,31,065,39,13,43,050,45,20,47,299,49,27,22,163,42,1*76
$GBGSV,2,2,08,29,38,304,48,32,42,027,48,38,25,077,40,39,49,079,46,1*78
$GBGSV,2,1,05,06,51,106,47,08,31,065,45,09,49,128,48,13,43,050,48,B*02
$GBGSV,2,2,05,16,49,092,47,B*32
$GBGSV,2,1,05,10,08,165,,19,11,262,,59,08,095,,60,60,149,,0*70
$GBGSV,2,2,05,61,35,113,,0*40
$GQGSV,1,1,03,03,06,127,29,04,20,068,39,07,19,104,31,1*56
$GQGSV,1,1,03,03,06,127,37,04,20,068,38,07,19,104,41,6*58
$GNGLL,2454.22758,N,06708.26958,E,140931.00,A,D*78
$GNRMC,140932.00,A,2454.22758,N,06708.26958,E,0.003,,050525,,,R,V*0A
$GNVTG,,T,,M,0.003,N,0.006,K,D*3D
$GNGGA,140932.00,2454.22758,N,06708.26958,E,4,12,0.68,21.8,M,-44.2,M,1.0,0289*7B
$GNGSA,A,3,08,10,18,23,02,27,28,32,31,,,,1.43,0.68,1.25,1*00
$GNGSA,A,3,87,66,86,72,65,88,,,,,,,1.43,0.68,1.25,2*0B
$GNGSA,A,3,03,08,15,34,05,,,,,,,,1.43,0.68,1.25,3*00
$GNGSA,A,3,08,09,06,13,20,16,29,27,32,38,39,,1.43,0.68,1.25,4*04
$GNGSA,A,3,04,,,,,,,,,,,,1.43,0.68,1.25,5*0F
$GPGSV,4,1,13,02,19,321,42,08,23,287,42,10,49,020,47,18,24,136,40,1*6F
$GPGSV,4,2,13,23,26,070,40,24,06,041,35,27,35,245,43,28,37,165,43,1*69
$GPGSV,4,3,13,31,16,186,34,32,74,329,50,36,34,246,41,40,59,208,47,1*65
$GPGSV,4,4,13,41,56,146,47,1*50
$GPGSV,3,1,09,08,23,287,41,10,49,020,46,18,24,136,44,23,26,070,43,6*6B
$GPGSV,3,2,09,24,06,041,38,27,35,245,45,28,37,165,47,31,16,186,32,6*60
$GPGSV,3,3,09,32,74,329,47,6*53
$GPGSV,1,1,01,49,17,257,,0*5F
$GLGSV,3,1,09,65,45,297,46,66,14,252,36,72,36,015,47,74,09,083,35,1*7A
$GLGSV,3,2,09,75,06,131,34,86,27,159,47,87,73,181,49,88,38,327,48,1*7A
$GLGSV,3,3,09,,,,49,1*7C
$GLGSV,2,1,06,66,14,252,38,72,36,015,47,75,06,131,40,86,27,159,43,3*71
$GLGSV,2,2,06,88,38,327,47,,,,49,3*4F
$GLGSV,1,1,01,73,00,043,,0*4B
$GAGSV,2,1,06,03,73,008,53,05,23,039,48,08,47,236,52,13,12,322,41,2*74
$GAGSV,2,2,06,15,63,341,51,34,57,120,52,2*72
$GAGSV,2,1,06,03,73,008,47,05,23,039,42,08,47,236,43,13,12,322,37,7*7F
$GAGSV,2,2,06,15,63,341,48,34,57,120,47,7*7B
$GAGSV,1,1,01,36,07,135,,0*40
$GBGSV,2,1,08,08,31,065,38,13,43,050,45,20,47,299,49,27,22,163,42,1*77
$GBGSV,2,2,08,29,38,304,48,32,42,027,48,38,25,077,40,39,49,079,46,1*78
$GBGSV,2,1,05,06,51,106,47,08,31,065,45,09,49,128,48,13,43,050,48,B*02
$GBGSV,2,2,05,16,49,092,47,B*32
$GBGSV,2,1,05,10,08,165,,19,11,262,,59,08,095,,60,60,149,,0*70
$GBGSV,2,2,05,61,35,113,,0*40
$GQGSV,1,1,03,03,06,127,28,04,20,068,39,07,19,104,31,1*57
$GQGSV,1,1,03,03,06,127,37,04,20,068,38,07,19,104,41,6*58
$GNGLL,2454.22758,N,06708.26958,E,140932.00,A,D*7B
$GNRMC,140933.00,A,2454.22758,N,06708.26958,E,0.004,,050525,,,R,V*0C
$GNVTG,,T,,M,0.004,N,0.008,K,D*34
$GNGGA,140933.00,2454.22758,N,06708.26958,E,4,12,0.68,21.8,M,-44.2,M,1.0,0289*7A
$GNGSA,A,3,08,10,18,23,02,27,28,32,31,,,,1.43,0.68,1.25,1*00
$GNGSA,A,3,87,66,86,72,65,88,,,,,,,1.43,0.68,1.25,2*0B
$GNGSA,A,3,03,08,15,34,05,,,,,,,,1.43,0.68,1.25,3*00
$GNGSA,A,3,08,09,06,13,20,16,29,27,32,38,39,,1.43,0.68,1.25,4*04
$GNGSA,A,3,04,,,,,,,,,,,,1.43,0.68,1.25,5*0F
$GPGSV,4,1,13,02,19,321,42,08,23,287,42,10,49,020,47,18,24,136,41,1*6E
$GPGSV,4,2,13,23,26,070,40,24,06,041,35,27,35,245,43,28,37,165,43,1*69
$GPGSV,4,3,13,31,16,186,34,32,74,329,50,36,34,246,41,40,59,208,47,1*65
$GPGSV,4,4,13,41,56,146,47,1*50
$GPGSV,3,1,09,08,23,287,41,10,49,020,45,18,24,136,44,23,26,070,43,6*68
$GPGSV,3,2,09,24,06,041,39,27,35,245,45,28,37,165,47,31,16,186,32,6*61
$GPGSV,3,3,09,32,74,329,47,6*53
$GPGSV,1,1,01,49,17,257,,0*5F
$GLGSV,3,1,09,65,45,297,46,66,14,252,36,72,36,015,47,74,09,083,35,1*7A
$GLGSV,3,2,09,75,06,131,34,86,27,159,47,87,73,181,49,88,38,327,49,1*7B
$GLGSV,3,3,09,,,,49,1*7C
$GLGSV,2,1,07,65,45,297,14,66,14,252,38,72,36,015,47,75,06,131,39,3*74
$GLGSV,2,2,07,86,27,159,43,88,38,327,47,,,,49,3*7F
$GLGSV,1,1,01,73,00,043,,0*4B
$GAGSV,2,1,06,03,73,008,53,05,23,039,48,08,47,236,52,13,12,322,41,2*74
$GAGSV,2,2,06,15,63,341,51,34,57,120,52,2*72
$GAGSV,2,1,06,03,73,008,47,05,23,039,42,08,47,236,43,13,12,322,37,7*7F
$GAGSV,2,2,06,15,63,341,48,34,57,120,47,7*7B
$GAGSV,1,1,01,36,07,135,,0*40
$GBGSV,2,1,08,08,31,065,39,13,43,050,45,20,47,299,49,27,22,163,42,1*76
$GBGSV,2,2,08,29,38,304,48,32,42,027,48,38,25,077,40,39,49,079,46,1*78
$GBGSV,2,1,05,06,51,106,47,08,31,065,45,09,49,128,48,13,43,050,48,B*02
$GBGSV,2,2,05,16,49,092,47,B*32
$GBGSV,2,1,05,10,08,165,,19,11,262,,59,08,095,,60,60,149,,0*70
$GBGSV,2,2,05,61,35,113,,0*40
$GQGSV,1,1,03,03,06,127,29,04,20,068,39,07,19,104,31,1*56
$GQGSV,1,1,03,03,06,127,37,04,20,068,38,07,19,104,41,6*58
$GNGLL,2454.22758,N,06708.26958,E,140933.00,A,D*7A
$GNRMC,140934.00,A,2454.22759,N,06708.26958,E,0.012,,050525,,,R,V*0D
$GNVTG,,T,,M,0.012,N,0.022,K,D*3B
$GNGGA,140934.00,2454.22759,N,06708.26958,E,4,12,0.68,21.8,M,-44.2,M,1.0,0289*7C
$GNGSA,A,3,08,10,18,23,02,27,28,32,31,,,,1.43,0.68,1.25,1*00
$GNGSA,A,3,87,66,86,72,65,88,,,,,,,1.43,0.68,1.25,2*0B
$GNGSA,A,3,03,08,15,34,05,,,,,,,,1.43,0.68,1.25,3*00
$GNGSA,A,3,08,09,06,13,20,16,29,27,32,38,39,,1.43,0.68,1.25,4*04
$GNGSA,A,3,04,,,,,,,,,,,,1.43,0.68,1.25,5*0F
$GPGSV,4,1,13,02,19,321,42,08,23,287,42,10,49,020,47,18,24,136,41,1*6E
$GPGSV,4,2,13,23,26,070,39,24,06,041,35,27,35,245,43,28,37,165,43,1*67
$GPGSV,4,3,13,31,16,186,34,32,74,329,50,36,34,246,41,40,59,208,47,1*65
$GPGSV,4,4,13,41,56,146,47,1*50
$GPGSV,3,1,09,08,23,287,41,10,49,020,45,18,24,136,44,23,26,070,43,6*68
$GPGSV,3,2,09,24,06,041,38,27,35,245,45,28,37,165,47,31,16,186,32,6*60
$GPGSV,3,3,09,32,74,329,47,6*53
$GPGSV,1,1,01,49,17,257,,0*5F
$GLGSV,3,1,09,65,45,297,46,66,14,252,36,72,35,016,47,74,09,083,35,1*7A
$GLGSV,3,2,09,75,06,131,34,86,27,159,47,87,73,181,49,88,38,327,49,1*7B
$GLGSV,3,3,09,,,,49,1*7C
$GLGSV,2,1,07,65,45,297,13,66,14,252,38,72,35,016,47,75,06,131,39,3*73
$GLGSV,2,2,07,86,27,159,43,88,38,327,47,,,,49,3*7F
$GLGSV,1,1,01,73,00,043,,0*4B
$GAGSV,2,1,06,03,73,008,53,05,23,039,48,08,47,236,52,13,12,322,41,2*74
$GAGSV,2,2,06,15,63,341,51,34,57,120,52,2*72
$GAGSV,2,1,06,03,73,008,47,05,23,039,42,08,47,236,43,13,12,322,37,7*7F
$GAGSV,2,2,06,15,63,341,48,34,57,120,47,7*7B
$GAGSV,1,1,01,36,07,135,,0*40
$GBGSV,2,1,08,08,31,065,38,13,43,050,45,20,47,299,49,27,22,163,42,1*77
$GBGSV,2,2,08,29,38,304,48,32,42,027,48,38,25,077,40,39,49,079,46,1*78
$GBGSV,2,1,06,06,51,106,47,08,31,065,45,09,49,128,48,13,43,050,48,B*01
$GBGSV,2,2,06,16,49,092,47,20,47,299,17,B*04
$GBGSV,2,1,05,10,08,165,,19,11,262,,59,08,095,,60,60,149,,0*70
$GBGSV,2,2,05,61,35,113,,0*40
$GQGSV,1,1,03,03,06,127,29,04,20,068,39,07,19,104,31,1*56
$GQGSV,1,1,03,03,06,127,37,04,20,068,38,07,19,104,41,6*58
$GNGLL,2454.22759,N,06708.26958,E,140934.00,A,D*7C
$GNRMC,140935.00,A,2454.22759,N,06708.26958,E,0.012,,050525,,,R,V*0C
$GNVTG,,T,,M,0.012,N,0.023,K,D*3A
$GNGGA,140935.00,2454.22759,N,06708.26958,E,4,12,0.68,21.8,M,-44.2,M,1.0,0289*7D
$GNGSA,A,3,08,10,18,23,02,27,28,32,31,,,,1.43,0.68,1.25,1*00
$GNGSA,A,3,87,66,86,72,65,88,,,,,,,1.43,0.68,1.25,2*0B
$GNGSA,A,3,03,08,15,34,05,,,,,,,,1.43,0.68,1.25,3*00
$GNGSA,A,3,08,09,06,13,20,16,29,27,32,38,39,,1.43,0.68,1.25,4*04
$GNGSA,A,3,04,,,,,,,,,,,,1.43,0.68,1.25,5*0F
$GPGSV,4,1,13,02,19,321,42,08,23,287,42,10,49,020,47,18,24,136,41,1*6E
$GPGSV,4,2,13,23,26,070,39,24,06,041,35,27,35,245,43,28,37,165,43,1*67
$GPGSV,4,3,13,31,16,186,34,32,74,329,50,36,34,246,41,40,59,208,47,1*65
$GPGSV,4,4,13,41,56,146,47,1*50
$GPGSV,3,1,09,08,23,287,41,10,49,020,45,18,24,136,44,23,26,070,43,6*68
$GPGSV,3,2,09,24,06,041,39,27,35,245,45,28,37,165,47,31,16,186,32,6*61
$GPGSV,3,3,09,32,74,329,47,6*53
$GPGSV,1,1,01,49,17,257,,0*5F
$GLGSV,3,1,09,65,45,297,46,66,14,252,36,72,35,016,47,74,09,083,35,1*7A
$GLGSV,3,2,09,75,06,131,33,86,27,159,47,87,73,181,49,88,38,327,49,1*7C
$GLGSV,3,3,09,,,,49,1*7C
$GLGSV,2,1,07,65,45,297,14,66,14,252,39,72,35,016,47,75,06,131,39,3*75
$GLGSV,2,2,07,86,27,159,43,88,38,327,47,,,,49,3*7F
$GLGSV,1,1,01,73,00,042,,0*4A
$GAGSV,2,1,06,03,73,008,53,05,23,039,48,08,47,236,52,13,12,322,41,2*74
$GAGSV,2,2,06,15,63,341,51,34,57,120,52,2*72
$GAGSV,2,1,06,03,73,008,47,05,23,039,42,08,47,236,43,13,12,322,36,7*7E
$GAGSV,2,2,06,15,63,341,47,34,57,120,47,7*74
$GAGSV,1,1,01,36,07,135,,0*40
$GBGSV,2,1,08,08,31,065,38,13,43,050,45,20,47,299,49,27,22,163,42,1*77
$GBGSV,2,2,08,29,38,304,48,32,42,027,48,38,25,077,40,39,49,079,46,1*78
$GBGSV,2,1,06,06,51,106,47,08,31,065,45,09,49,128,48,13,43,050,48,B*01
$GBGSV,2,2,06,16,49,092,47,20,47,299,13,B*00
$GBGSV,2,1,05,10,08,165,,19,11,262,,59,08,095,,60,60,149,,0*70
$GBGSV,2,2,05,61,35,113,,0*40
$GQGSV,1,1,03,03,06,127,28,04,20,068,39,07,19,104,31,1*57
$GQGSV,1,1,03,03,06,127,37,04,20,068,38,07,19,104,41,6*58
$GNGLL,2454.22759,N,06708.26958,E,140935.00,A,D*7D
$GNRMC,140936.00,A,2454.22758,N,06708.26958,E,0.028,,050525,,,R,V*07
$GNVTG,,T,,M,0.028,N,0.051,K,D*36
$GNGGA,140936.00,2454.22758,N,06708.26958,E,4,12,0.68,21.8,M,-44.2,M,1.0,0289*7F
$GNGSA,A,3,08,10,18,23,02,27,28,32,31,,,,1.43,0.68,1.25,1*00
$GNGSA,A,3,87,66,86,72,65,88,,,,,,,1.43,0.68,1.25,2*0B
$GNGSA,A,3,03,08,15,34,05,,,,,,,,1.43,0.68,1.25,3*00
$GNGSA,A,3,08,09,06,13,20,16,29,27,32,38,39,,1.43,0.68,1.25,4*04
$GNGSA,A,3,04,,,,,,,,,,,,1.43,0.68,1.25,5*0F
$GPGSV,4,1,13,02,19,321,42,08,23,287,41,10,49,020,47,18,24,136,41,1*6D
$GPGSV,4,2,13,23,26,070,39,24,06,041,35,27,35,245,43,28,37,165,43,1*67
$GPGSV,4,3,13,31,16,186,35,32,74,329,50,36,34,246,41,40,59,208,47,1*64
$GPGSV,4,4,13,41,56,146,47,1*50
$GPGSV,3,1,09,08,23,287,41,10,49,020,45,18,24,136,43,23,26,070,43,6*6F
$GPGSV,3,2,09,24,06,041,38,27,35,245,45,28,37,165,47,31,16,186,32,6*60
$GPGSV,3,3,09,32,74,329,47,6*53
$GPGSV,1,1,01,49,17,257,,0*5F
$GLGSV,3,1,09,65,45,297,46,66,14,252,36,72,35,016,47,74,10,082,35,1*73
$GLGSV,3,2,09,75,06,131,33,86,27,159,47,87,73,181,49,88,38,327,49,1*7C
$GLGSV,3,3,09,,,,49,1*7C
$GLGSV,2,1,07,65,45,297,12,66,14,252,39,72,35,016,47,75,06,131,39,3*73
$GLGSV,2,2,07,86,27,159,43,88,38,327,48,,,,49,3*70
$GLGSV,1,1,01,73,00,042,,0*4A
$GAGSV,2,1,06,03,73,008,53,05,23,039,48,08,47,236,52,13,12,322,41,2*74
$GAGSV,2,2,06,15,63,341,51,34,57,120,52,2*72
$GAGSV,2,1,06,03,73,008,47,05,23,039,41,08,47,236,43,13,12,322,36,7*7D
$GAGSV,2,2,06,15,63,341,47,34,57,120,47,7*74
$GAGSV,1,1,01,36,07,135,,0*40
$GBGSV,2,1,08,08,31,065,38,13,43,050,45,20,47,299,49,27,22,163,42,1*77
$GBGSV,2,2,08,29,38,304,48,32,42,027,48,38,25,077,40,39,49,079,46,1*78
$GBGSV,2,1,06,06,51,106,47,08,31,065,45,09,49,128,48,13,43,050,48,B*01
$GBGSV,2,2,06,16,49,092,47,20,47,299,10,B*03
$GBGSV,2,1,05,10,08,165,,19,11,262,,59,08,095,,60,60,149,,0*70
$GBGSV,2,2,05,61,35,113,,0*40
$GQGSV,1,1,03,03,06,127,28,04,20,068,39,07,19,104,32,1*54
$GQGSV,1,1,03,03,06,127,37,04,20,068,38,07,19,104,41,6*58
$GNGLL,2454.22758,N,06708.26958,E,140936.00,A,D*7F
$GNRMC,140937.00,A,2454.22761,N,06708.26968,E,0.388,77.05,050525,,,R,V*2D
$GNVTG,77.05,T,,M,0.388,N,0.719,K,D*1F
$GNGGA,140937.00,2454.22761,N,06708.26968,E,4,12,0.68,21.8,M,-44.2,M,1.0,0289*77
$GNGSA,A,3,08,10,18,23,02,27,28,32,31,,,,1.43,0.68,1.25,1*00
$GNGSA,A,3,87,66,86,72,65,88,,,,,,,1.43,0.68,1.25,2*0B
$GNGSA,A,3,03,08,15,34,05,,,,,,,,1.43,0.68,1.25,3*00
$GNGSA,A,3,08,09,06,13,20,16,29,27,32,38,39,,1.43,0.68,1.25,4*04
$GNGSA,A,3,04,,,,,,,,,,,,1.43,0.68,1.25,5*0F
$GPGSV,4,1,13,02,19,321,41,08,23,287,42,10,49,020,47,18,24,136,41,1*6D
$GPGSV,4,2,13,23,26,070,41,24,06,041,39,27,35,245,43,28,37,165,44,1*63
$GPGSV,4,3,13,31,16,186,30,32,74,329,51,36,34,246,41,40,59,208,47,1*60
$GPGSV,4,4,13,41,56,146,46,1*51
$GPGSV,3,1,09,08,23,287,41,10,49,020,44,18,24,136,44,23,26,070,42,6*68
$GPGSV,3,2,09,24,06,041,41,27,35,245,45,28,37,165,47,31,16,186,31,6*6D
$GPGSV,3,3,09,32,74,329,49,6*5D
$GPGSV,1,1,01,49,17,257,,0*5F
$GLGSV,3,1,09,65,45,297,46,66,14,252,40,72,35,016,46,74,10,082,35,1*73
$GLGSV,3,2,09,75,07,130,30,86,27,159,47,87,73,181,49,88,38,327,49,1*7F
$GLGSV,3,3,09,,,,47,1*72
$GLGSV,2,1,07,65,45,297,11,66,14,252,41,72,35,016,45,75,07,130,41,3*72
$GLGSV,2,2,07,86,27,159,43,88,38,327,48,,,,47,3*7E
$GLGSV,1,1,01,73,00,042,,0*4A
$GAGSV,2,1,06,03,73,008,53,05,23,039,48,08,47,236,51,13,12,322,46,2*70
$GAGSV,2,2,06,15,63,341,52,34,57,120,51,2*72
$GAGSV,2,1,06,03,73,008,48,05,23,039,39,08,47,236,43,13,12,322,38,7*73
$GAGSV,2,2,06,15,63,341,48,34,57,120,47,7*7B
$GAGSV,1,1,01,36,07,135,,0*40
$GBGSV,2,1,08,08,31,065,38,13,43,050,45,20,47,299,48,27,22,163,42,1*76
$GBGSV,2,2,08,29,38,304,49,32,42,027,48,38,25,077,39,39,49,079,46,1*77
$GBGSV,2,1,06,06,51,106,47,08,31,065,45,09,49,128,49,13,43,050,48,B*00
$GBGSV,2,2,06,16,49,092,46,20,47,299,08,B*0B
$GBGSV,2,1,05,10,08,165,,19,11,262,,59,08,095,,60,60,149,,0*70
$GBGSV,2,2,05,61,35,113,,0*40
$GQGSV,1,1,03,03,06,127,27,04,20,068,38,07,19,104,32,1*5A
$GQGSV,1,1,03,03,06,127,37,04,20,068,41,07,19,104,40,6*57
$GNGLL,2454.22761,N,06708.26968,E,140937.00,A,D*77
$GNRMC,140938.00,A,2454.22762,N,06708.26972,E,0.028,,050525,,,R,V*08
$GNVTG,,T,,M,0.028,N,0.052,K,D*35
$GNGGA,140938.00,2454.22762,N,06708.26972,E,4,12,0.68,21.8,M,-44.2,M,1.0,0289*70
$GNGSA,A,3,08,10,18,23,02,27,28,32,31,,,,1.43,0.68,1.25,1*00
$GNGSA,A,3,87,66,86,72,65,88,,,,,,,1.43,0.68,1.25,2*0B
$GNGSA,A,3,03,08,15,34,05,,,,,,,,1.43,0.68,1.25,3*00
$GNGSA,A,3,08,09,06,13,20,16,29,27,32,38,39,,1.43,0.68,1.25,4*04
$GNGSA,A,3,04,,,,,,,,,,,,1.43,0.68,1.25,5*0F
$GPGSV,4,1,13,02,19,321,40,08,23,287,42,10,49,020,46,18,24,136,43,1*6F
$GPGSV,4,2,13,23,26,070,42,24,06,041,40,27,35,245,43,28,37,165,43,1*69
$GPGSV,4,3,13,31,16,186,29,32,74,329,50,36,34,246,41,40,59,208,46,1*68
$GPGSV,4,4,13,41,56,146,47,1*50
$GPGSV,3,1,09,08,23,287,43,10,49,020,44,18,24,136,46,23,26,070,43,6*69
$GPGSV,3,2,09,24,06,041,31,27,35,245,43,28,37,165,47,31,16,186,30,6*6D
$GPGSV,3,3,09,32,74,329,47,6*53
$GPGSV,1,1,01,49,17,257,,0*5F
$GLGSV,3,1,09,65,45,297,47,66,14,252,37,72,35,016,46,74,10,082,36,1*71
$GLGSV,3,2,09,75,07,130,35,86,27,159,47,87,73,181,49,88,38,327,49,1*7A
$GLGSV,3,3,09,,,,46,1*73
$GLGSV,2,1,07,65,45,297,09,66,14,252,38,72,35,016,47,75,07,130,39,3*78
$GLGSV,2,2,07,86,27,159,44,88,38,327,47,,,,47,3*76
$GLGSV,1,1,01,73,00,042,,0*4A
$GAGSV,2,1,06,03,73,008,53,05,23,039,47,08,47,236,52,13,12,322,46,2*7C
$GAGSV,2,2,06,15,63,341,52,34,57,120,50,2*73
$GAGSV,2,1,06,03,73,008,48,05,23,039,39,08,47,236,44,13,12,322,38,7*74
$GAGSV,2,2,06,15,63,341,47,34,57,120,47,7*74
$GAGSV,1,1,01,36,07,135,,0*40
$GBGSV,2,1,08,08,31,065,39,13,43,050,46,20,47,299,48,27,22,163,43,1*75
$GBGSV,2,2,08,29,38,304,47,32,42,027,48,38,25,077,38,39,49,079,46,1*78
$GBGSV,2,1,06,06,51,106,47,08,31,065,46,09,49,128,48,13,43,050,47,B*0D
$GBGSV,2,2,06,16,49,092,46,20,47,299,08,B*0B
$GBGSV,2,1,05,10,08,165,,19,11,262,,59,08,095,,60,60,149,,0*70
$GBGSV,2,2,05,61,35,113,,0*40
$GQGSV,1,1,03,03,06,127,32,04,20,068,34,07,19,104,31,1*51
$GQGSV,1,1,03,03,06,127,30,04,20,068,37,07,19,104,41,6*50
$GNGLL,2454.22762,N,06708.26972,E,140938.00,A,D*70
$GNRMC,140939.00,A,2454.22761,N,06708.26971,E,0.011,,050525,,,R,V*03
$GNVTG,,T,,M,0.011,N,0.020,K,D*3A
$GNGGA,140939.00,2454.22761,N,06708.26971,E,4,12,0.68,21.8,M,-44.2,M,1.0,0289*71
$GNGSA,A,3,08,10,18,23,02,27,28,32,31,,,,1.43,0.68,1.25,1*00
$GNGSA,A,3,87,66,86,72,65,88,,,,,,,1.43,0.68,1.25,2*0B
$GNGSA,A,3,03,08,15,34,05,,,,,,,,1.43,0.68,1.25,3*00
$GNGSA,A,3,08,09,06,13,20,16,29,27,32,38,39,,1.43,0.68,1.25,4*04
$GNGSA,A,3,04,,,,,,,,,,,,1.43,0.68,1.25,5*0F
$GPGSV,4,1,13,02,19,321,40,08,23,287,42,10,49,020,46,18,24,136,43,1*6F
$GPGSV,4,2,13,23,26,070,42,24,06,041,40,27,35,245,43,28,37,165,43,1*69
$GPGSV,4,3,13,31,16,186,28,32,74,329,50,36,34,246,41,40,59,208,47,1*68
$GPGSV,4,4,13,41,56,146,47,1*50
$GPGSV,3,1,09,08,23,287,43,10,49,020,44,18,24,136,46,23,26,070,43,6*69
$GPGSV,3,2,09,24,06,041,30,27,35,245,43,28,37,165,47,31,16,186,29,6*64
$GPGSV,3,3,09,32,74,329,47,6*53
$GPGSV,1,1,01,49,17,257,,0*5F
$GLGSV,2,1,08,65,45,297,47,66,14,252,37,72,35,016,46,74,10,082,35,1*72
$GLGSV,2,2,08,75,07,130,35,86,27,159,47,87,73,181,49,88,38,327,49,1*7A
$GLGSV,2,1,06,65,45,297,09,66,14,252,38,72,35,016,47,75,07,130,39,3*79
$GLGSV,2,2,06,86,27,159,44,88,38,327,47,3*74
$GLGSV,1,1,01,73,00,042,,0*4A
$GAGSV,2,1,06,03,73,008,53,05,23,039,47,08,47,236,52,13,12,322,46,2*7C
$GAGSV,2,2,06,15,63,341,52,34,57,120,50,2*73
$GAGSV,2,1,06,03,73,008,48,05,23,039,40,08,47,236,44,13,12,322,38,7*7A
$GAGSV,2,2,06,15,63,341,47,34,57,120,47,7*74
$GAGSV,1,1,01,36,07,135,,0*40
$GBGSV,2,1,08,08,31,065,39,13,43,050,46,20,47,299,48,27,22,163,43,1*75
$GBGSV,2,2,08,29,38,304,47,32,42,027,48,38,25,077,38,39,49,079,46,1*78
$GBGSV,2,1,06,06,51,106,47,08,31,065,46,09,49,128,48,13,43,050,47,B*0D
$GBGSV,2,2,06,16,49,092,46,20,47,299,08,B*0B
$GBGSV,2,1,05,10,08,165,,19,11,262,,59,08,095,,60,60,149,,0*70
$GBGSV,2,2,05,61,35,113,,0*40
$GQGSV,1,1,03,03,06,127,33,04,20,068,35,07,19,104,31,1*51
$GQGSV,1,1,03,03,06,127,30,04,20,068,37,07,19,104,41,6*50
$GNGLL,2454.22761,N,06708.26971,E,140939.00,A,D*71
$GNRMC,140940.00,A,2454.22761,N,06708.26971,E,0.009,,050525,,,R,V*04
$GNVTG,,T,,M,0.009,N,0.017,K,D*37
$GNGGA,140940.00,2454.22761,N,06708.26971,E,4,12,0.68,21.8,M,-44.2,M,1.0,0289*7F
$GNGSA,A,3,08,10,18,23,02,27,28,32,31,,,,1.43,0.68,1.25,1*00
$GNGSA,A,3,87,66,86,72,65,88,,,,,,,1.43,0.68,1.25,2*0B
$GNGSA,A,3,03,08,15,34,05,,,,,,,,1.43,0.68,1.25,3*00
$GNGSA,A,3,08,09,06,13,20,16,29,27,32,38,39,,1.43,0.68,1.25,4*04
$GNGSA,A,3,04,,,,,,,,,,,,1.43,0.68,1.25,5*0F
$GPGSV,4,1,13,02,19,321,40,08,23,287,42,10,49,020,46,18,24,136,43,1*6F
$GPGSV,4,2,13,23,26,070,42,24,06,041,40,27,35,245,43,28,37,165,43,1*69
$GPGSV,4,3,13,31,16,186,27,32,74,329,50,36,34,246,41,40,59,208,47,1*67
$GPGSV,4,4,13,41,56,146,47,1*50
$GPGSV,3,1,09,08,23,287,43,10,49,020,44,18,24,136,46,23,26,070,44,6*6E
$GPGSV,3,2,09,24,06,041,30,27,35,245,43,28,37,165,47,31,16,186,29,6*64
$GPGSV,3,3,09,32,74,329,47,6*53
$GPGSV,1,1,01,49,17,257,,0*5F
$GLGSV,3,1,09,65,45,297,47,66,14,252,37,72,35,016,46,74,10,082,35,1*72
$GLGSV,3,2,09,75,07,130,36,86,27,159,47,87,73,181,49,88,38,327,49,1*79
$GLGSV,3,3,09,,,,44,1*71
$GLGSV,2,1,06,65,45,297,08,66,14,252,39,72,35,016,47,75,07,130,39,3*79
$GLGSV,2,2,06,86,27,159,44,88,38,327,47,3*74
$GLGSV,1,1,01,73,00,042,,0*4A
$GAGSV,2,1,06,03,73,008,53,05,23,039,47,08,47,236,52,13,12,322,46,2*7C
$GAGSV,2,2,06,15,63,341,52,34,57,120,50,2*73
$GAGSV,2,1,06,03,73,008,48,05,23,039,40,08,47,236,43,13,12,322,38,7*7D
$GAGSV,2,2,06,15,63,341,47,34,57,120,47,7*74
$GAGSV,1,1,01,36,07,135,,0*40
$GBGSV,2,1,08,08,31,065,40,13,43,050,46,20,47,299,48,27,22,163,43,1*7B
$GBGSV,2,2,08,29,38,304,47,32,42,027,48,38,25,077,38,39,49,079,46,1*78
$GBGSV,2,1,06,06,51,106,47,08,31,065,46,09,49,128,48,13,43,050,47,B*0D
$GBGSV,2,2,06,16,49,092,46,20,47,299,07,B*04
$GBGSV,2,1,05,10,08,165,,19,11,262,,59,08,095,,60,60,149,,0*70
$GBGSV,2,2,05,61,35,113,,0*40
$GQGSV,1,1,03,03,06,127,33,04,20,068,35,07,19,104,31,1*51
$GQGSV,1,1,03,03,06,127,30,04,20,068,37,07,19,104,41,6*50
$GNGLL,2454.22761,N,06708.26971,E,140940.00,A,D*7F
$GNRMC,140941.00,A,2454.22763,N,06708.26977,E,0.297,75.20,050525,,,R,V*2A
$GNVTG,75.20,T,,M,0.297,N,0.549,K,D*12
$GNGGA,140941.00,2454.22763,N,06708.26977,E,4,12,0.68,21.8,M,-44.2,M,1.0,0289*7A
$GNGSA,A,3,08,10,18,23,02,27,28,32,31,,,,1.43,0.68,1.25,1*00
$GNGSA,A,3,87,66,86,72,65,88,,,,,,,1.43,0.68,1.25,2*0B
$GNGSA,A,3,03,08,15,34,05,,,,,,,,1.43,0.68,1.25,3*00
$GNGSA,A,3,08,09,06,13,20,16,29,27,32,38,39,,1.43,0.68,1.25,4*04
$GNGSA,A,3,04,,,,,,,,,,,,1.43,0.68,1.25,5*0F
$GPGSV,4,1,13,02,19,321,40,08,23,287,40,10,49,020,47,18,24,136,42,1*6D
$GPGSV,4,2,13,23,26,070,41,24,06,041,38,27,35,245,43,28,37,165,43,1*65
$GPGSV,4,3,13,31,16,186,32,32,74,329,50,36,34,246,40,40,59,208,47,1*62
$GPGSV,4,4,13,41,56,146,47,1*50
$GPGSV,3,1,09,08,23,287,42,10,49,020,46,18,24,136,46,23,26,070,45,6*6C
$GPGSV,3,2,09,24,06,041,41,27,35,245,44,28,37,165,47,31,16,186,28,6*64
$GPGSV,3,3,09,32,74,329,47,6*53
$GPGSV,1,1,01,49,17,257,,0*5F
$GLGSV,3,1,09,65,45,297,47,66,14,252,41,72,35,016,47,74,10,082,35,1*72
$GLGSV,3,2,09,75,07,130,40,86,27,159,47,87,73,181,49,88,38,327,48,1*79
$GLGSV,3,3,09,,,,48,1*7D
$GLGSV,2,1,07,65,45,297,08,66,14,252,40,72,35,016,47,75,07,130,39,3*76
$GLGSV,2,2,07,86,27,159,44,88,38,327,47,,,,48,3*79
$GLGSV,1,1,01,73,00,042,,0*4A
$GAGSV,2,1,06,03,73,008,52,05,23,039,49,08,47,236,52,13,12,322,45,2*70
$GAGSV,2,2,06,15,63,341,52,34,57,120,51,2*72
$GAGSV,2,1,06,03,73,008,48,05,23,039,39,08,47,236,44,13,12,322,35,7*79
$GAGSV,2,2,06,15,63,341,47,34,57,120,47,7*74
$GAGSV,1,1,01,36,07,135,,0*40
$GBGSV,2,1,08,08,31,065,39,13,43,050,45,20,47,299,48,27,22,163,44,1*71
$GBGSV,2,2,08,29,38,304,48,32,42,027,49,38,25,077,36,39,49,079,47,1*79
$GBGSV,2,1,06,06,51,106,46,08,31,065,46,09,49,128,48,13,43,050,46,B*0D
$GBGSV,2,2,06,16,49,092,46,20,47,299,08,B*0B
$GBGSV,2,1,05,10,08,165,,19,11,262,,59,08,095,,60,60,149,,0*70
$GBGSV,2,2,05,61,35,113,,0*40
$GQGSV,1,1,03,03,06,127,33,04,20,068,37,07,19,104,32,1*50
$GQGSV,1,1,03,03,06,127,37,04,20,068,39,07,19,104,40,6*58
$GNGLL,2454.22763,N,06708.26977,E,140941.00,A,D*7A
$GNRMC,140942.00,A,2454.22763,N,06708.26980,E,0.055,,050525,,,R,V*03
$GNVTG,,T,,M,0.055,N,0.101,K,D*38
$GNGGA,140942.00,2454.22763,N,06708.26980,E,4,12,0.68,21.8,M,-44.2,M,1.0,0289*71
$GNGSA,A,3,08,10,18,23,02,27,28,32,31,,,,1.43,0.68,1.25,1*00
$GNGSA,A,3,87,66,86,72,65,88,,,,,,,1.43,0.68,1.25,2*0B
$GNGSA,A,3,03,08,15,34,05,,,,,,,,1.43,0.68,1.25,3*00
$GNGSA,A,3,08,09,06,13,20,16,29,27,32,38,39,,1.43,0.68,1.25,4*04
$GNGSA,A,3,04,,,,,,,,,,,,1.43,0.68,1.25,5*0F
$GPGSV,4,1,13,02,19,321,42,08,23,287,40,10,49,020,48,18,24,136,42,1*60
$GPGSV,4,2,13,23,26,070,41,24,06,041,36,27,35,245,43,28,37,165,44,1*6C
$GPGSV,4,3,13,31,16,186,33,32,74,329,50,36,34,246,43,40,59,208,47,1*60
$GPGSV,4,4,13,41,56,146,46,1*51
$GPGSV,3,1,09,08,23,287,43,10,49,020,46,18,24,136,47,23,26,070,43,6*6A
$GPGSV,3,2,09,24,06,041,43,27,35,245,44,28,37,165,47,31,16,186,34,6*6B
$GPGSV,3,3,09,32,74,329,48,6*5C
$GPGSV,1,1,01,49,17,257,,0*5F
$GLGSV,3,1,09,65,45,297,46,66,14,252,41,72,35,016,46,74,10,082,35,1*72
$GLGSV,3,2,09,75,07,130,39,86,27,159,47,87,73,181,49,88,38,327,51,1*7F
$GLGSV,3,3,09,,,,48,1*7D
$GLGSV,2,1,07,65,45,297,10,66,14,252,39,72,35,016,47,75,07,130,38,3*70
$GLGSV,2,2,07,86,27,159,43,88,38,327,47,,,,46,3*70
$GLGSV,1,1,01,73,00,042,,0*4A
$GAGSV,2,1,06,03,73,008,52,05,23,039,50,08,47,236,52,13,12,322,43,2*7E
$GAGSV,2,2,06,15,63,341,52,34,57,120,51,2*72
$GAGSV,2,1,06,03,73,008,47,05,23,039,41,08,47,236,44,13,12,322,32,7*7E
$GAGSV,2,2,06,15,63,341,48,34,57,120,48,7*74
$GAGSV,1,1,01,36,07,135,,0*40
$GBGSV,2,1,08,08,31,065,39,13,43,050,44,20,47,299,49,27,22,163,43,1*76
$GBGSV,2,2,08,29,38,304,47,32,42,027,48,38,25,077,39,39,49,079,47,1*78
$GBGSV,2,1,06,06,51,106,47,08,31,065,46,09,49,128,48,13,43,050,47,B*0D
$GBGSV,2,2,06,16,49,092,46,20,47,299,08,B*0B
$GBGSV,2,1,05,10,08,165,,19,11,262,,59,08,095,,60,60,149,,0*70
$GBGSV,2,2,05,61,35,113,,0*40
$GQGSV,1,1,03,03,06,127,25,04,20,068,37,07,19,104,33,1*56
$GQGSV,1,1,03,03,06,127,29,04,20,068,38,07,19,104,41,6*57
$GNGLL,2454.22763,N,06708.26980,E,140942.00,A,D*71
$GNRMC,140943.00,A,2454.22763,N,06708.26981,E,0.013,,050525,,,R,V*01
$GNVTG,,T,,M,0.013,N,0.024,K,D*3C
$GNGGA,140943.00,2454.22763,N,06708.26981,E,4,12,0.68,21.8,M,-44.2,M,1.0,0289*71
$GNGSA,A,3,08,10,18,23,02,27,28,32,31,,,,1.43,0.68,1.25,1*00
$GNGSA,A,3,87,66,86,72,65,88,,,,,,,1.43,0.68,1.25,2*0B
$GNGSA,A,3,03,08,15,34,05,,,,,,,,1.43,0.68,1.25,3*00
$GNGSA,A,3,08,09,06,13,20,16,29,27,32,38,39,,1.43,0.68,1.25,4*04
$GNGSA,A,3,04,,,,,,,,,,,,1.43,0.68,1.25,5*0F
$GPGSV,4,1,13,02,19,321,43,08,23,287,40,10,49,020,48,18,24,136,41,1*62
$GPGSV,4,2,13,23,26,070,41,24,06,041,36,27,35,245,43,28,37,165,44,1*6C
$GPGSV,4,3,13,31,16,186,34,32,74,329,50,36,34,246,42,40,59,208,47,1*66
$GPGSV,4,4,13,41,56,146,46,1*51
$GPGSV,3,1,09,08,23,287,43,10,49,020,46,18,24,136,47,23,26,070,43,6*6A
$GPGSV,3,2,09,24,06,041,43,27,35,245,44,28,37,165,47,31,16,186,34,6*6B
$GPGSV,3,3,09,32,74,329,48,6*5C
$GPGSV,1,1,01,49,17,257,,0*5F
$GLGSV,3,1,09,65,45,297,46,66,14,252,41,72,35,016,46,74,10,082,36,1*71
$GLGSV,3,2,09,75,07,130,40,86,27,159,47,87,73,181,49,88,38,327,51,1*71
$GLGSV,3,3,09,,,,49,1*7C
$GLGSV,2,1,07,65,45,297,10,66,14,252,39,72,35,016,47,75,07,130,38,3*70
$GLGSV,2,2,07,86,27,159,43,88,38,327,46,,,,47,3*70
$GLGSV,1,1,01,73,00,042,,0*4A
$GAGSV,2,1,06,03,73,008,52,05,23,039,50,08,47,236,52,13,12,322,42,2*7F
$GAGSV,2,2,06,15,63,341,52,34,57,120,51,2*72
$GAGSV,2,1,06,03,73,008,47,05,23,039,41,08,47,236,43,13,12,322,32,7*79
$GAGSV,2,2,06,15,63,341,47,34,57,120,48,7*7B
$GAGSV,1,1,01,36,07,135,,0*40
$GBGSV,2,1,08,08,31,065,39,13,43,050,44,20,47,299,49,27,22,163,42,1*77
$GBGSV,2,2,08,29,38,304,47,32,42,027,48,38,25,077,39,39,49,079,47,1*78
$GBGSV,2,1,06,06,51,106,47,08,31,065,46,09,49,128,48,13,43,050,47,B*0D
$GBGSV,2,2,06,16,49,092,46,20,47,299,08,B*0B
$GBGSV,2,1,05,10,08,165,,19,11,262,,59,08,095,,60,60,149,,0*70
$GBGSV,2,2,05,61,35,113,,0*40
$GQGSV,1,1,03,03,06,127,26,04,20,068,36,07,19,104,33,1*54
$GQGSV,1,1,03,03,06,127,28,04,20,068,38,07,19,104,41,6*56
$GNGLL,2454.22763,N,06708.26981,E,140943.00,A,D*71
$GNRMC,140944.00,A,2454.22763,N,06708.26981,E,0.005,,050525,,,R,V*01
$GNVTG,,T,,M,0.005,N,0.010,K,D*3C
$GNGGA,140944.00,2454.22763,N,06708.26981,E,4,12,0.68,21.8,M,-44.2,M,1.0,0289*76
$GNGSA,A,3,08,10,18,23,02,27,28,32,31,,,,1.43,0.68,1.25,1*00
$GNGSA,A,3,87,66,86,72,65,88,,,,,,,1.43,0.68,1.25,2*0B
$GNGSA,A,3,03,08,15,34,05,,,,,,,,1.43,0.68,1.25,3*00
$GNGSA,A,3,08,09,06,13,20,16,29,27,32,38,39,,1.43,0.68,1.25,4*04
$GNGSA,A,3,04,,,,,,,,,,,,1.43,0.68,1.25,5*0F
$GPGSV,4,1,13,02,19,321,43,08,23,287,40,10,49,020,48,18,24,136,41,1*62
$GPGSV,4,2,13,23,26,070,40,24,06,041,36,27,35,245,43,28,37,165,44,1*6D
$GPGSV,4,3,13,31,16,186,34,32,74,329,50,36,34,246,42,40,59,208,47,1*66
$GPGSV,4,4,13,41,56,146,46,1*51
$GPGSV,3,1,09,08,23,287,43,10,49,020,46,18,24,136,46,23,26,070,43,6*6B
$GPGSV,3,2,09,24,06,041,42,27,35,245,44,28,37,165,47,31,16,186,34,6*6A
$GPGSV,3,3,09,32,74,329,48,6*5C
$GPGSV,1,1,01,49,17,257,,0*5F
$GLGSV,3,1,09,65,45,297,46,66,14,252,41,72,35,016,46,74,10,082,36,1*71
$GLGSV,3,2,09,75,07,130,40,86,27,159,46,87,73,181,49,88,38,327,51,1*70
$GLGSV,3,3,09,,,,48,1*7D
$GLGSV,2,1,07,65,45,297,08,66,14,252,40,72,35,016,47,75,07,130,38,3*77
$GLGSV,2,2,07,86,27,159,43,88,38,327,46,,,,47,3*70
$GLGSV,1,1,01,73,00,042,,0*4A
$GAGSV,2,1,06,03,73,008,52,05,23,039,50,08,47,236,52,13,12,322,42,2*7F
$GAGSV,2,2,06,15,63,341,52,34,57,120,51,2*72
$GAGSV,2,1,06,03,73,008,47,05,23,039,41,08,47,236,43,13,12,322,32,7*79
$GAGSV,2,2,06,15,63,341,47,34,57,120,48,7*7B
$GAGSV,1,1,01,36,07,135,,0*40
$GBGSV,2,1,08,08,31,065,39,13,43,050,44,20,47,299,49,27,22,163,42,1*77
$GBGSV,2,2,08,29,38,304,47,32,42,027,48,38,25,077,39,39,49,079,47,1*78
$GBGSV,2,1,06,06,51,106,47,08,31,065,46,09,49,128,48,13,43,050,47,B*0D
$GBGSV,2,2,06,16,49,092,46,20,47,299,08,B*0B
$GBGSV,2,1,05,10,08,165,,19,11,262,,59,08,095,,60,60,149,,0*70
$GBGSV,2,2,05,61,35,113,,0*40
$GQGSV,1,1,03,03,06,127,26,04,20,068,36,07,19,104,33,1*54
$GQGSV,1,1,03,03,06,127,28,04,20,068,38,07,19,104,41,6*56
$GNGLL,2454.22763,N,06708.26981,E,140944.00,A,D*76
$GNRMC,140945.00,A,2454.22763,N,06708.26980,E,0.014,,050525,,,R,V*01
$GNVTG,,T,,M,0.014,N,0.026,K,D*39
$GNGGA,140945.00,2454.22763,N,06708.26980,E,4,12,0.68,21.8,M,-44.2,M,1.0,0289*76
$GNGSA,A,3,08,10,18,23,02,27,28,32,31,,,,1.43,0.68,1.25,1*00
$GNGSA,A,3,87,66,86,72,65,88,,,,,,,1.43,0.68,1.25,2*0B
$GNGSA,A,3,03,08,15,34,05,,,,,,,,1.43,0.68,1.25,3*00
$GNGSA,A,3,08,09,06,13,20,16,29,27,32,38,39,,1.43,0.68,1.25,4*04
$GNGSA,A,3,04,,,,,,,,,,,,1.43,0.68,1.25,5*0F
$GPGSV,4,1,13,02,19,321,43,08,23,287,40,10,49,020,48,18,24,136,41,1*62
$GPGSV,4,2,13,23,26,070,41,24,06,041,36,27,35,245,43,28,37,165,44,1*6C
$GPGSV,4,3,13,31,16,186,34,32,74,329,50,36,34,246,43,40,59,208,47,1*67
$GPGSV,4,4,13,41,56,146,46,1*51
$GPGSV,3,1,09,08,23,287,43,10,49,020,46,18,24,136,46,23,26,070,43,6*6B
$GPGSV,3,2,09,24,06,041,42,27,35,245,44,28,37,165,47,31,16,186,34,6*6A
$GPGSV,3,3,09,32,74,329,48,6*5C
$GPGSV,1,1,01,49,17,257,,0*5F
$GLGSV,3,1,09,65,45,297,46,66,14,252,41,72,35,016,46,74,10,082,37,1*70
$GLGSV,3,2,09,75,07,130,40,86,27,159,46,87,73,181,49,88,38,327,51,1*70
$GLGSV,3,3,09,,,,48,1*7D
$GLGSV,2,1,07,65,45,297,08,66,14,252,40,72,35,016,47,75,07,130,38,3*77
$GLGSV,2,2,07,86,27,159,43,88,38,327,46,,,,46,3*71
$GLGSV,1,1,01,73,00,042,,0*4A
$GAGSV,2,1,06,03,73,008,52,05,23,039,50,08,47,236,52,13,12,322,42,2*7F
$GAGSV,2,2,06,15,63,341,52,34,57,120,51,2*72
$GAGSV,2,1,06,03,73,008,47,05,23,039,41,08,47,236,43,13,12,322,33,7*78
$GAGSV,2,2,06,15,63,341,47,34,57,120,48,7*7B
$GAGSV,1,1,01,36,07,135,,0*40
$GBGSV,2,1,08,08,31,065,39,13,43,050,44,20,47,299,48,27,22,163,42,1*76
$GBGSV,2,2,08,29,38,304,47,32,42,027,48,38,25,077,39,39,49,079,47,1*78
$GBGSV,2,1,05,06,51,106,47,08,31,065,46,09,49,128,48,13,43,050,47,B*0E
$GBGSV,2,2,05,16,49,092,46,B*33
$GBGSV,2,1,05,10,08,165,,19,11,262,,59,08,095,,60,60,149,,0*70
$GBGSV,2,2,05,61,35,113,,0*40
$GQGSV,1,1,03,03,06,127,26,04,20,068,36,07,19,104,33,1*54
$GQGSV,1,1,03,03,06,127,27,04,20,068,38,07,19,104,41,6*59
$GNGLL,2454.22763,N,06708.26980,E,140945.00,A,D*76
$GNRMC,140946.00,A,2454.22763,N,06708.26981,E,0.013,,050525,,,R,V*04
$GNVTG,,T,,M,0.013,N,0.025,K,D*3D
$GNGGA,140946.00,2454.22763,N,06708.26981,E,4,12,0.68,21.8,M,-44.2,M,1.0,0289*74
$GNGSA,A,3,08,10,18,23,02,27,28,32,31,,,,1.43,0.68,1.25,1*00
$GNGSA,A,3,87,66,86,72,65,88,,,,,,,1.43,0.68,1.25,2*0B
$GNGSA,A,3,03,08,15,34,05,,,,,,,,1.43,0.68,1.25,3*00
$GNGSA,A,3,08,09,06,13,20,16,29,27,32,38,39,,1.43,0.68,1.25,4*04
$GNGSA,A,3,04,,,,,,,,,,,,1.43,0.68,1.25,5*0F
$GPGSV,4,1,13,02,19,321,43,08,23,287,40,10,49,020,48,18,24,136,41,1*62
$GPGSV,4,2,13,23,26,070,41,24,06,041,36,27,35,245,43,28,37,165,44,1*6C
$GPGSV,4,3,13,31,16,186,33,32,74,329,50,36,34,246,42,40,59,208,47,1*61
$GPGSV,4,4,13,41,56,146,46,1*51
$GPGSV,3,1,09,08,23,287,43,10,49,020,46,18,24,136,46,23,26,070,43,6*6B
$GPGSV,3,2,09,24,06,041,42,27,35,245,44,28,37,165,47,31,16,186,34,6*6A
$GPGSV,3,3,09,32,74,329,48,6*5C
$GPGSV,1,1,01,49,17,257,,0*5F
$GLGSV,3,1,09,65,45,297,46,66,14,252,41,72,35,016,46,74,10,082,37,1*70
$GLGSV,3,2,09,75,07,130,39,86,27,159,46,87,73,181,49,88,38,327,51,1*7E
$GLGSV,3,3,09,,,,48,1*7D
$GLGSV,2,1,07,65,45,297,09,66,14,252,40,72,35,016,47,75,07,130,38,3*76
$GLGSV,2,2,07,86,27,159,43,88,38,327,46,,,,46,3*71
$GLGSV,1,1,01,73,00,042,,0*4A
$GAGSV,2,1,06,03,73,008,52,05,23,039,50,08,47,236,52,13,12,322,42,2*7F
$GAGSV,2,2,06,15,63,341,52,34,57,120,51,2*72
$GAGSV,2,1,06,03,73,008,47,05,23,039,41,08,47,236,43,13,12,322,33,7*78
$GAGSV,2,2,06,15,63,341,47,34,57,120,48,7*7B
$GAGSV,1,1,01,36,07,135,,0*40
$GBGSV,2,1,08,08,31,065,39,13,43,050,44,20,47,299,49,27,22,163,42,1*77
$GBGSV,2,2,08,29,38,304,47,32,42,027,48,38,25,077,39,39,49,079,47,1*78
$GBGSV,2,1,05,06,51,106,47,08,31,065,46,09,49,128,48,13,43,050,47,B*0E
$GBGSV,2,2,05,16,49,092,46,B*33
$GBGSV,2,1,05,10,08,165,,19,11,262,,59,08,095,,60,60,149,,0*70
$GBGSV,2,2,05,61,35,113,,0*40
$GQGSV,1,1,02,04,20,068,36,07,19,104,33,1*60
$GQGSV,1,1,03,03,06,127,27,04,20,068,38,07,19,104,41,6*59
$GNGLL,2454.22763,N,06708.26981,E,140946.00,A,D*74
$GNRMC,140947.00,A,2454.22763,N,06708.26980,E,0.010,,050525,,,R,V*07
$GNVTG,,T,,M,0.010,N,0.018,K,D*30
$GNGGA,140947.00,2454.22763,N,06708.26980,E,4,12,0.68,21.8,M,-44.2,M,1.0,0289*74
$GNGSA,A,3,08,10,18,23,02,27,28,32,31,,,,1.43,0.68,1.25,1*00
$GNGSA,A,3,87,66,86,72,65,88,,,,,,,1.43,0.68,1.25,2*0B
$GNGSA,A,3,03,08,15,34,05,,,,,,,,1.43,0.68,1.25,3*00
$GNGSA,A,3,08,09,06,13,20,16,29,27,32,38,39,,1.43,0.68,1.25,4*04
$GNGSA,A,3,04,,,,,,,,,,,,1.43,0.68,1.25,5*0F
$GPGSV,4,1,13,02,19,321,43,08,23,287,40,10,49,020,48,18,24,136,41,1*62
$GPGSV,4,2,13,23,26,070,41,24,06,041,36,27,35,245,43,28,37,165,44,1*6C
$GPGSV,4,3,13,31,16,186,33,32,74,329,50,36,34,246,42,40,59,208,47,1*61
$GPGSV,4,4,13,41,56,146,46,1*51
$GPGSV,3,1,09,08,23,287,42,10,49,020,45,18,24,136,45,23,26,070,42,6*6B
$GPGSV,3,2,09,24,06,041,41,27,35,245,42,28,37,165,45,31,16,186,34,6*6D
$GPGSV,3,3,09,32,74,329,46,6*52
$GPGSV,1,1,01,49,17,257,,0*5F
$GLGSV,3,1,09,65,45,297,46,66,14,252,41,72,35,016,46,74,10,082,37,1*70
$GLGSV,3,2,09,75,07,130,39,86,27,159,46,87,73,181,49,88,38,327,51,1*7E
$GLGSV,3,3,09,,,,48,1*7D
$GLGSV,2,1,07,65,45,297,06,66,14,252,38,72,35,016,45,75,07,130,38,3*74
$GLGSV,2,2,07,86,27,159,42,88,38,327,44,,,,45,3*71
$GLGSV,1,1,01,73,00,042,,0*4A
$GAGSV,2,1,06,03,73,008,51,05,23,039,49,08,47,236,50,13,12,322,41,2*75
$GAGSV,2,2,06,15,63,341,50,34,57,120,49,2*79
$GAGSV,2,1,06,03,73,008,47,05,23,039,41,08,47,236,43,13,12,322,33,7*78
$GAGSV,2,2,06,15,63,341,47,34,57,120,48,7*7B
$GAGSV,1,1,01,36,07,135,,0*40
$GBGSV,2,1,08,08,31,065,39,13,43,050,44,20,47,299,49,27,22,163,42,1*77
$GBGSV,2,2,08,29,38,304,47,32,42,027,48,38,25,077,39,39,49,079,47,1*78
$GBGSV,2,1,05,06,51,106,45,08,31,065,44,09,49,128,46,13,43,050,45,B*02
$GBGSV,2,2,05,16,49,092,45,B*30
$GBGSV,2,1,05,10,08,165,,19,11,262,,59,08,095,,60,60,149,,0*70
$GBGSV,2,2,05,61,35,113,,0*40
$GQGSV,1,1,02,04,20,068,36,07,19,104,33,1*60
$GQGSV,1,1,03,03,06,127,27,04,20,068,36,07,19,104,39,6*58
$GNGLL,2454.22763,N,06708.26980,E,140947.00,A,D*74
$GNRMC,140948.00,A,2454.22763,N,06708.26980,E,0.006,,050525,,,R,V*0F
$GNVTG,,T,,M,0.006,N,0.011,K,D*3E
$GNGGA,140948.00,2454.22763,N,06708.26980,E,4,12,0.68,21.8,M,-44.2,M,1.0,0289*7B
$GNGSA,A,3,08,10,18,23,02,27,28,32,31,,,,1.43,0.68,1.25,1*00
$GNGSA,A,3,87,66,86,72,65,88,,,,,,,1.43,0.68,1.25,2*0B
$GNGSA,A,3,03,08,15,34,05,,,,,,,,1.43,0.68,1.25,3*00
$GNGSA,A,3,08,09,06,13,20,16,29,27,32,38,39,,1.43,0.68,1.25,4*04
$GNGSA,A,3,04,,,,,,,,,,,,1.43,0.68,1.25,5*0F
$GPGSV,4,1,13,02,19,321,43,08,23,287,40,10,49,020,48,18,24,136,41,1*62
$GPGSV,4,2,13,23,26,070,41,24,06,041,36,27,35,245,43,28,37,165,44,1*6C
$GPGSV,4,3,13,31,16,186,33,32,74,329,50,36,34,246,42,40,59,208,47,1*61
$GPGSV,4,4,13,41,56,146,46,1*51
$GPGSV,3,1,09,08,23,287,42,10,49,020,45,18,24,136,46,23,26,070,42,6*68
$GPGSV,3,2,09,24,06,041,41,27,35,245,43,28,37,165,46,31,16,186,33,6*68
$GPGSV,3,3,09,32,74,329,47,6*53
$GPGSV,1,1,01,49,17,257,,0*5F
$GLGSV,3,1,09,65,45,297,47,66,14,252,41,72,35,016,46,74,10,082,37,1*71
$GLGSV,3,2,09,75,07,130,39,86,26,159,46,87,73,181,49,88,38,327,51,1*7F
$GLGSV,3,3,09,,,,48,1*7D
$GLGSV,2,1,07,65,45,297,05,66,14,252,39,72,35,016,46,75,07,130,37,3*7A
$GLGSV,2,2,07,86,26,159,42,88,38,327,46,,,,46,3*71
$GLGSV,1,1,01,73,00,042,,0*4A
$GAGSV,2,1,06,03,73,008,53,05,23,039,50,08,47,236,52,13,12,322,42,2*7E
$GAGSV,2,2,06,15,63,341,52,34,57,120,51,2*72
$GAGSV,2,1,06,03,73,008,47,05,23,039,41,08,47,236,43,13,12,322,33,7*78
$GAGSV,2,2,06,15,63,341,47,34,57,120,48,7*7B
$GAGSV,1,1,01,36,07,135,,0*40
$GBGSV,2,1,08,08,31,065,39,13,43,050,44,20,47,299,49,27,22,163,42,1*77
$GBGSV,2,2,08,29,38,304,47,32,42,027,48,38,25,077,39,39,49,079,47,1*78
$GBGSV,2,1,05,06,51,106,47,08,31,065,46,09,49,128,48,13,43,050,47,B*0E
$GBGSV,2,2,05,16,49,092,47,B*32
$GBGSV,2,1,05,10,08,165,,19,11,262,,59,08,095,,60,60,149,,0*70
$GBGSV,2,2,05,61,35,113,,0*40
$GQGSV,1,1,02,04,20,068,36,07,19,104,33,1*60
$GQGSV,1,1,03,03,06,127,27,04,20,068,37,07,19,104,40,6*57
$GNGLL,2454.22763,N,06708.26980,E,140948.00,A,D*7B
$GNRMC,140949.00,A,2454.22763,N,06708.26981,E,0.007,,050525,,,R,V*0E
$GNVTG,,T,,M,0.007,N,0.012,K,D*3C
$GNGGA,140949.00,2454.22763,N,06708.26981,E,4,12,0.68,21.8,M,-44.2,M,1.0,0289*7B
$GNGSA,A,3,08,10,18,23,02,27,28,32,31,,,,1.43,0.68,1.25,1*00
$GNGSA,A,3,87,66,86,72,65,88,,,,,,,1.43,0.68,1.25,2*0B
$GNGSA,A,3,03,08,15,34,05,,,,,,,,1.43,0.68,1.25,3*00
$GNGSA,A,3,08,09,06,13,20,16,29,27,32,38,39,,1.43,0.68,1.25,4*04
$GNGSA,A,3,04,,,,,,,,,,,,1.43,0.68,1.25,5*0F
$GPGSV,4,1,13,02,19,321,43,08,23,287,40,10,49,020,48,18,24,136,41,1*62
$GPGSV,4,2,13,23,26,070,41,24,06,041,36,27,35,245,43,28,37,165,44,1*6C
$GPGSV,4,3,13,31,16,186,33,32,74,329,50,36,34,246,42,40,59,208,47,1*61
$GPGSV,4,4,13,41,56,146,46,1*51
$GPGSV,3,1,09,08,23,287,43,10,49,020,45,18,24,136,46,23,26,070,42,6*69
$GPGSV,3,2,09,24,06,041,41,27,35,245,43,28,37,165,46,31,16,186,34,6*6F
$GPGSV,3,3,09,32,74,329,47,6*53
$GPGSV,1,1,01,49,17,257,,0*5F
$GLGSV,3,1,09,65,45,297,47,66,14,252,41,72,35,016,46,74,10,082,37,1*71
$GLGSV,3,2,09,75,07,130,39,86,26,159,46,87,72,181,49,88,38,327,51,1*7E
$GLGSV,3,3,09,,,,48,1*7D
$GLGSV,2,1,07,65,45,297,09,66,14,252,40,72,35,016,48,75,07,130,39,3*78
$GLGSV,2,2,07,86,26,159,43,88,38,327,47,,,,47,3*70
$GLGSV,1,1,01,73,00,042,,0*4A
$GAGSV,2,1,06,03,73,008,52,05,23,039,50,08,47,236,51,13,12,322,42,2*7C
$GAGSV,2,2,06,15,63,341,51,34,57,120,51,2*71
$GAGSV,2,1,06,03,73,008,47,05,23,039,41,08,47,236,43,13,12,322,33,7*78
$GAGSV,2,2,06,15,63,341,47,34,57,120,48,7*7B
$GAGSV,1,1,01,36,07,135,,0*40
$GBGSV,2,1,08,08,31,065,39,13,43,050,44,20,47,299,49,27,22,163,42,1*77
$GBGSV,2,2,08,29,38,304,47,32,42,027,48,38,25,077,39,39,49,079,47,1*78
$GBGSV,2,1,05,06,51,106,47,08,31,065,46,09,49,128,48,13,43,050,47,B*0E
$GBGSV,2,2,05,16,49,092,47,B*32
$GBGSV,2,1,05,10,08,165,,19,11,262,,59,08,095,,60,60,149,,0*70
$GBGSV,2,2,05,61,35,113,,0*40
$GQGSV,1,1,02,04,20,068,36,07,19,104,33,1*60
$GQGSV,1,1,03,03,06,127,27,04,20,068,37,07,19,104,40,6*57
$GNGLL,2454.22763,N,06708.26981,E,140949.00,A,D*7B
$GNRMC,140950.00,A,2454.22763,N,06708.26981,E,0.006,,050525,,,R,V*07
$GNVTG,,T,,M,0.006,N,0.011,K,D*3E
$GNGGA,140950.00,2454.22763,N,06708.26981,E,4,12,0.68,21.8,M,-44.2,M,1.0,0289*73
$GNGSA,A,3,08,10,18,23,02,27,28,32,31,,,,1.43,0.68,1.25,1*00
$GNGSA,A,3,87,66,86,72,65,88,,,,,,,1.43,0.68,1.25,2*0B
$GNGSA,A,3,03,08,15,34,05,,,,,,,,1.43,0.68,1.25,3*00
$GNGSA,A,3,08,09,06,13,20,16,29,27,32,38,39,,1.43,0.68,1.25,4*04
$GNGSA,A,3,04,,,,,,,,,,,,1.43,0.68,1.25,5*0F
$GPGSV,4,1,13,02,19,321,43,08,23,287,40,10,49,020,48,18,24,136,41,1*62
$GPGSV,4,2,13,23,26,070,41,24,06,041,36,27,35,245,43,28,37,165,44,1*6C
$GPGSV,4,3,13,31,16,186,33,32,74,329,50,36,34,246,42,40,59,208,47,1*61
$GPGSV,4,4,13,41,56,146,46,1*51
$GPGSV,3,1,09,08,23,287,44,10,49,020,46,18,24,136,47,23,26,070,43,6*6D
$GPGSV,3,2,09,24,06,041,42,27,35,245,44,28,37,165,47,31,16,186,34,6*6A
$GPGSV,3,3,09,32,74,329,48,6*5C
$GPGSV,1,1,01,49,17,257,,0*5F
$GLGSV,3,1,09,65,45,297,47,66,14,252,41,72,35,016,46,74,10,082,37,1*71
$GLGSV,3,2,09,75,07,130,38,86,26,159,46,87,72,181,49,88,39,326,51,1*7F
$GLGSV,3,3,09,,,,48,1*7D
$GLGSV,2,1,07,65,45,297,08,66,14,252,41,72,35,016,48,75,07,130,39,3*78
$GLGSV,2,2,07,86,26,159,43,88,39,326,47,,,,47,3*70
$GLGSV,1,1,01,73,00,042,,0*4A
$GAGSV,2,1,06,03,73,008,53,05,23,039,51,08,47,236,52,13,12,322,43,2*7E
$GAGSV,2,2,06,15,63,341,52,34,57,120,51,2*72
$GAGSV,2,1,06,03,73,008,47,05,23,039,41,08,47,236,43,13,12,322,33,7*78
$GAGSV,2,2,06,15,63,341,47,34,57,120,48,7*7B
$GAGSV,1,1,01,36,07,135,,0*40
$GBGSV,2,1,08,08,31,065,39,13,43,050,44,20,47,299,49,27,22,163,42,1*77
$GBGSV,2,2,08,29,38,304,47,32,42,027,48,38,25,077,39,39,49,079,47,1*78
$GBGSV,2,1,05,06,51,106,48,08,31,065,47,09,49,128,49,13,43,050,48,B*0E
$GBGSV,2,2,05,16,49,092,47,B*32
$GBGSV,2,1,05,10,08,165,,19,11,262,,59,08,095,,60,60,149,,0*70
$GBGSV,2,2,05,61,35,113,,0*40
$GQGSV,1,1,02,04,20,068,37,07,19,104,33,1*61
$GQGSV,1,1,03,03,06,127,27,04,20,068,37,07,19,104,41,6*56
$GNGLL,2454.22763,N,06708.26981,E,140950.00,A,D*73
$GNRMC,140951.00,A,2454.22763,N,06708.26980,E,0.007,,050525,,,R,V*06
$GNVTG,,T,,M,0.007,N,0.012,K,D*3C
$GNGGA,140951.00,2454.22763,N,06708.26980,E,4,12,0.68,21.8,M,-44.2,M,1.0,0289*73
$GNGSA,A,3,08,10,18,23,02,27,28,32,31,,,,1.43,0.68,1.25,1*00
$GNGSA,A,3,87,66,86,72,65,88,,,,,,,1.43,0.68,1.25,2*0B
$GNGSA,A,3,03,08,15,34,05,,,,,,,,1.43,0.68,1.25,3*00
$GNGSA,A,3,08,09,06,13,20,16,29,27,32,38,39,,1.43,0.68,1.25,4*04
$GNGSA,A,3,04,,,,,,,,,,,,1.43,0.68,1.25,5*0F
$GPGSV,4,1,13,02,19,321,43,08,23,287,40,10,49,020,48,18,24,136,41,1*62
$GPGSV,4,2,13,23,26,070,41,24,06,041,36,27,35,245,43,28,37,165,44,1*6C
$GPGSV,4,3,13,31,16,186,33,32,74,329,50,36,34,246,42,40,59,208,47,1*61
$GPGSV,4,4,13,41,56,146,46,1*51
$GPGSV,3,1,09,08,23,287,43,10,49,020,46,18,24,136,47,23,26,070,43,6*6A
$GPGSV,3,2,09,24,06,041,42,27,35,245,44,28,37,165,47,31,16,186,35,6*6B
$GPGSV,3,3,09,32,74,329,48,6*5C
$GPGSV,1,1,01,49,17,257,,0*5F
$GLGSV,3,1,09,65,45,297,47,66,14,252,41,72,35,016,46,74,10,082,37,1*71
$GLGSV,3,2,09,75,07,130,38,86,26,159,46,87,72,181,49,88,39,326,51,1*7F
$GLGSV,3,3,09,,,,48,1*7D
$GLGSV,2,1,07,65,45,297,11,66,14,252,40,72,35,016,48,75,07,130,39,3*71
$GLGSV,2,2,07,86,26,159,43,88,39,326,47,,,,47,3*70
$GLGSV,1,1,01,73,00,042,,0*4A
$GAGSV,2,1,06,03,73,008,53,05,23,039,51,08,47,236,52,13,12,322,43,2*7E
$GAGSV,2,2,06,15,63,341,52,34,57,120,51,2*72
$GAGSV,2,1,06,03,73,008,47,05,23,039,41,08,47,236,43,13,12,322,32,7*79
$GAGSV,2,2,06,15,63,341,47,34,57,120,48,7*7B
$GAGSV,1,1,01,36,07,135,,0*40
$GBGSV,2,1,08,08,31,065,39,13,43,050,44,20,47,299,49,27,22,163,42,1*77
$GBGSV,2,2,08,29,38,304,47,32,42,027,48,38,25,077,39,39,49,079,47,1*78
$GBGSV,2,1,05,06,51,106,48,08,31,065,46,09,49,128,48,13,43,050,48,B*0E
$GBGSV,2,2,05,16,49,092,47,B*32
$GBGSV,2,1,05,10,08,165,,19,11,262,,59,08,095,,60,60,149,,0*70
$GBGSV,2,2,05,61,35,113,,0*40
$GQGSV,1,1,02,04,20,068,37,07,19,104,33,1*61
$GQGSV,1,1,03,03,06,127,28,04,20,068,38,07,19,104,41,6*56
$GNGLL,2454.22763,N,06708.26980,E,140951.00,A,D*73
$GNRMC,140952.00,A,2454.22763,N,06708.26981,E,0.011,,050525,,,R,V*03
$GNVTG,,T,,M,0.011,N,0.021,K,D*3B
$GNGGA,140952.00,2454.22763,N,06708.26981,E,4,12,0.68,21.8,M,-44.2,M,1.0,0289*71
$GNGSA,A,3,08,10,18,23,02,27,28,32,31,,,,1.43,0.68,1.25,1*00
$GNGSA,A,3,87,66,86,72,65,88,,,,,,,1.43,0.68,1.25,2*0B
$GNGSA,A,3,03,08,15,34,05,,,,,,,,1.43,0.68,1.25,3*00
$GNGSA,A,3,08,09,06,13,20,16,29,27,32,38,39,,1.43,0.68,1.25,4*04
$GNGSA,A,3,04,,,,,,,,,,,,1.43,0.68,1.25,5*0F
$GPGSV,4,1,13,02,19,321,43,08,23,287,40,10,49,020,48,18,24,136,41,1*62
$GPGSV,4,2,13,23,26,070,41,24,06,041,37,27,35,245,43,28,37,165,44,1*6D
$GPGSV,4,3,13,31,16,186,33,32,74,329,51,36,34,246,42,40,59,208,47,1*60
$GPGSV,4,4,13,41,56,146,46,1*51
$GPGSV,3,1,09,08,23,287,43,10,49,020,45,18,24,136,46,23,26,070,43,6*68
$GPGSV,3,2,09,24,06,041,42,27,35,245,43,28,37,165,46,31,16,186,34,6*6C
$GPGSV,3,3,09,32,74,329,48,6*5C
$GPGSV,1,1,01,49,17,257,,0*5F
$GLGSV,3,1,09,65,45,297,47,66,14,252,41,72,35,016,46,74,10,082,37,1*71
$GLGSV,3,2,09,75,07,130,38,86,26,159,46,87,72,181,49,88,39,326,51,1*7F
$GLGSV,3,3,09,,,,48,1*7D
$GLGSV,2,1,07,65,45,297,10,66,14,252,41,72,35,016,48,75,07,130,39,3*71
$GLGSV,2,2,07,86,26,159,43,88,39,326,47,,,,47,3*70
$GLGSV,1,1,01,73,00,042,,0*4A
$GAGSV,2,1,06,03,73,008,53,05,23,039,50,08,47,236,52,13,12,322,42,2*7E
$GAGSV,2,2,06,15,63,341,52,34,57,120,51,2*72
$GAGSV,2,1,06,03,73,008,47,05,23,039,41,08,47,236,43,13,12,322,33,7*78
$GAGSV,2,2,06,15,63,341,47,34,57,120,48,7*7B
$GAGSV,1,1,01,36,07,135,,0*40
$GBGSV,2,1,08,08,31,065,39,13,43,050,44,20,47,299,49,27,22,163,42,1*77
$GBGSV,2,2,08,29,38,304,47,32,42,027,48,38,25,077,39,39,49,079,47,1*78
$GBGSV,2,1,05,06,51,106,48,08,31,065,46,09,49,128,48,13,43,050,48,B*0E
$GBGSV,2,2,05,16,49,092,47,B*32
$GBGSV,2,1,05,10,08,165,,19,11,262,,59,08,095,,60,60,149,,0*70
$GBGSV,2,2,05,61,35,113,,0*40
$GQGSV,1,1,02,04,20,068,36,07,19,104,33,1*60
$GQGSV,1,1,03,03,06,127,27,04,20,068,37,07,19,104,40,6*57
$GNGLL,2454.22763,N,06708.26981,E,140952.00,A,D*71
$GNRMC,140953.00,A,2454.22763,N,06708.26980,E,0.072,,050525,,,R,V*06
$GNVTG,,T,,M,0.072,N,0.134,K,D*3B
$GNGGA,140953.00,2454.22763,N,06708.26980,E,4,12,0.68,21.8,M,-44.2,M,1.0,0289*71
$GNGSA,A,3,08,10,18,23,02,27,28,32,31,,,,1.43,0.68,1.25,1*00
$GNGSA,A,3,87,66,86,72,65,88,,,,,,,1.43,0.68,1.25,2*0B
$GNGSA,A,3,03,08,15,34,05,,,,,,,,1.43,0.68,1.25,3*00
$GNGSA,A,3,08,09,06,13,20,16,29,27,32,38,39,,1.43,0.68,1.25,4*04
$GNGSA,A,3,04,,,,,,,,,,,,1.43,0.68,1.25,5*0F
$GPGSV,4,1,13,02,19,321,43,08,23,287,40,10,49,020,48,18,24,136,41,1*62
$GPGSV,4,2,13,23,26,070,41,24,06,041,37,27,35,245,43,28,37,165,44,1*6D
$GPGSV,4,3,13,31,16,186,33,32,74,329,51,36,34,246,42,40,59,208,47,1*60
$GPGSV,4,4,13,41,56,146,46,1*51
$GPGSV,3,1,09,08,23,287,43,10,49,020,45,18,24,136,46,23,26,070,42,6*69
$GPGSV,3,2,09,24,06,041,42,27,35,245,43,28,37,165,46,31,16,186,34,6*6C
$GPGSV,3,3,09,32,74,329,47,6*53
$GPGSV,1,1,01,49,17,257,,0*5F
$GLGSV,3,1,09,65,45,297,47,66,14,252,41,72,35,016,46,74,10,082,37,1*71
$GLGSV,3,2,09,75,07,130,38,86,26,159,46,87,72,181,49,88,39,326,51,1*7F
$GLGSV,3,3,09,,,,48,1*7D
$GLGSV,2,1,07,65,45,297,13,66,14,252,41,72,35,016,48,75,07,130,39,3*72
$GLGSV,2,2,07,86,26,159,43,88,39,326,47,,,,47,3*70
$GLGSV,1,1,01,73,00,042,,0*4A
$GAGSV,2,1,06,03,73,008,53,05,23,039,50,08,47,236,52,13,12,322,42,2*7E
$GAGSV,2,2,06,15,63,341,52,34,57,120,51,2*72
$GAGSV,2,1,06,03,73,008,47,05,23,039,41,08,47,236,43,13,12,322,33,7*78
$GAGSV,2,2,06,15,63,341,47,34,57,120,48,7*7B
$GAGSV,1,1,01,36,07,135,,0*40
$GBGSV,2,1,08,08,31,065,39,13,43,050,44,20,47,299,49,27,22,163,42,1*77
$GBGSV,2,2,08,29,38,304,47,32,42,027,48,38,25,077,39,39,49,079,47,1*78
$GBGSV,2,1,05,06,51,106,48,08,31,065,47,09,49,128,48,13,43,050,48,B*0F
$GBGSV,2,2,05,16,49,092,47,B*32
$GBGSV,2,1,05,10,08,165,,19,11,262,,59,08,095,,60,60,149,,0*70
$GBGSV,2,2,05,61,35,113,,0*40
$GQGSV,1,1,02,04,20,068,36,07,19,104,33,1*60
$GQGSV,1,1,03,03,06,127,27,04,20,068,37,07,19,104,40,6*57
$GNGLL,2454.22763,N,06708.26980,E,140953.00,A,D*71
$GNRMC,140954.00,A,2454.22760,N,06708.26966,E,0.594,257.43,050525,,,R,V*1E
$GNVTG,257.43,T,,M,0.594,N,1.099,K,D*28
$GNGGA,140954.00,2454.22760,N,06708.26966,E,4,12,0.68,21.8,M,-44.2,M,1.0,0289*7D
$GNGSA,A,3,08,10,18,23,02,27,28,32,31,,,,1.43,0.68,1.25,1*00
$GNGSA,A,3,87,66,86,72,65,88,,,,,,,1.43,0.68,1.25,2*0B
$GNGSA,A,3,03,08,15,34,05,,,,,,,,1.43,0.68,1.25,3*00
$GNGSA,A,3,08,09,06,13,20,16,29,27,32,38,39,,1.43,0.68,1.25,4*04
$GNGSA,A,3,04,,,,,,,,,,,,1.43,0.68,1.25,5*0F
$GPGSV,4,1,13,02,19,321,41,08,23,287,42,10,49,020,47,18,24,136,42,1*6E
$GPGSV,4,2,13,23,26,070,42,24,06,041,39,27,35,245,43,28,37,165,45,1*61
$GPGSV,4,3,13,31,16,186,29,32,74,329,51,36,34,246,40,40,59,208,47,1*69
$GPGSV,4,4,13,41,56,146,47,1*50
$GPGSV,3,1,09,08,23,287,41,10,49,020,44,18,24,136,44,23,26,070,43,6*69
$GPGSV,3,2,09,24,06,041,37,27,35,245,44,28,37,165,47,31,16,186,29,6*64
$GPGSV,3,3,09,32,74,329,48,6*5C
$GPGSV,1,1,01,49,17,257,,0*5F
$GLGSV,3,1,09,65,45,297,47,66,14,252,40,72,35,016,46,74,10,082,37,1*70
$GLGSV,3,2,09,75,07,130,37,86,26,159,47,87,72,181,49,88,39,326,49,1*78
$GLGSV,3,3,09,,,,47,1*72
$GLGSV,2,1,07,65,45,297,10,66,14,252,40,72,35,016,46,75,07,130,40,3*70
$GLGSV,2,2,07,86,26,159,44,88,39,326,48,,,,48,3*77
$GLGSV,1,1,01,73,00,042,,0*4A
$GAGSV,2,1,06,03,73,008,53,05,23,039,47,08,47,236,51,13,12,322,45,2*7C
$GAGSV,2,2,06,15,63,341,52,34,57,120,50,2*73
$GAGSV,2,1,06,03,73,008,48,05,23,039,40,08,47,236,43,13,12,322,38,7*7D
$GAGSV,2,2,06,15,63,341,47,34,57,120,47,7*74
$GAGSV,1,1,01,36,07,135,,0*40
$GBGSV,2,1,08,08,31,065,39,13,43,050,45,20,47,299,48,27,22,163,42,1*77
$GBGSV,2,2,08,29,38,304,49,32,42,027,48,38,25,077,38,39,49,079,46,1*76
$GBGSV,2,1,05,06,51,106,47,08,31,065,46,09,49,128,49,13,43,050,48,B*00
$GBGSV,2,2,05,16,49,092,46,B*33
$GBGSV,2,1,05,10,08,165,,19,11,262,,59,08,095,,60,60,149,,0*70
$GBGSV,2,2,05,61,35,113,,0*40
$GQGSV,1,1,02,04,20,068,37,07,19,104,32,1*60
$GQGSV,1,1,03,03,06,127,36,04,20,068,39,07,19,104,39,6*57
$GNGLL,2454.22760,N,06708.26966,E,140954.00,A,D*7D
$GNRMC,140955.00,A,2454.22755,N,06708.26942,E,0.842,258.82,050525,,,R,V*1B
$GNVTG,258.82,T,,M,0.842,N,1.560,K,D*2F
$GNGGA,140955.00,2454.22755,N,06708.26942,E,4,12,0.68,21.8,M,-44.2,M,2.0,0289*7F
$GNGSA,A,3,08,10,18,23,02,27,28,32,31,,,,1.43,0.68,1.25,1*00
$GNGSA,A,3,87,66,86,72,65,88,,,,,,,1.43,0.68,1.25,2*0B
$GNGSA,A,3,03,08,15,34,05,,,,,,,,1.43,0.68,1.25,3*00
$GNGSA,A,3,08,09,06,13,20,16,29,27,32,38,39,,1.43,0.68,1.25,4*04
$GNGSA,A,3,04,,,,,,,,,,,,1.43,0.68,1.25,5*0F
$GPGSV,4,1,13,02,19,321,43,08,23,287,41,10,49,020,47,18,24,136,41,1*6C
$GPGSV,4,2,13,23,26,070,41,24,06,041,33,27,35,245,43,28,37,165,44,1*69
$GPGSV,4,3,13,31,16,186,36,32,74,329,51,36,34,246,41,40,59,208,47,1*66
$GPGSV,4,4,13,41,56,146,47,1*50
$GPGSV,3,1,09,08,23,287,43,10,49,020,46,18,24,136,46,23,26,070,44,6*6C
$GPGSV,3,2,09,24,06,041,40,27,35,245,45,28,37,165,47,31,16,186,30,6*6D
$GPGSV,3,3,09,32,74,329,48,6*5C
$GPGSV,1,1,01,49,17,257,,0*5F
$GLGSV,3,1,09,65,45,297,47,66,14,252,32,72,35,016,46,74,10,082,34,1*76
$GLGSV,3,2,09,75,07,130,34,86,26,159,45,87,72,181,49,88,39,326,50,1*71
$GLGSV,3,3,09,,,,48,1*7D
$GLGSV,2,1,08,65,45,297,08,66,14,252,43,72,35,016,48,75,07,130,38,3*74
$GLGSV,2,2,08,86,26,159,44,87,72,181,20,88,39,326,50,,,,50,3*48
$GLGSV,1,1,01,73,00,042,,0*4A
$GAGSV,2,1,06,03,73,008,53,05,23,039,51,08,47,236,53,13,13,322,45,2*78
$GAGSV,2,2,06,15,63,341,53,34,57,120,52,2*70
$GAGSV,2,1,06,03,73,008,47,05,23,039,41,08,47,236,43,13,13,322,38,7*72
$GAGSV,2,2,06,15,63,341,47,34,57,120,47,7*74
$GAGSV,1,1,01,36,07,135,,0*40
$GBGSV,2,1,08,08,31,065,38,13,43,050,44,20,47,299,47,27,22,163,41,1*7B
$GBGSV,2,2,08,29,38,304,47,32,42,027,48,38,25,077,39,39,49,079,47,1*78
$GBGSV,2,1,05,06,51,106,49,08,31,065,45,09,49,128,49,13,43,050,49,B*0C
$GBGSV,2,2,05,16,49,092,49,B*3C
$GBGSV,2,1,05,10,08,165,,19,11,262,,59,08,095,,60,60,149,,0*70
$GBGSV,2,2,05,61,35,113,,0*40
$GQGSV,1,1,02,04,20,068,37,07,19,104,26,1*65
$GQGSV,1,1,03,03,06,127,39,04,20,068,39,07,19,104,42,6*54
$GNGLL,2454.22755,N,06708.26942,E,140955.00,A,D*7C
$GNRMC,140956.00,A,2454.22751,N,06708.26919,E,0.592,259.34,050525,,,R,V*1E
$GNVTG,259.34,T,,M,0.592,N,1.097,K,D*2E
$GNGGA,140956.00,2454.22751,N,06708.26919,E,4,12,0.68,21.8,M,-44.2,M,1.0,0289*75
$GNGSA,A,3,08,10,18,23,02,27,28,32,31,,,,1.43,0.68,1.25,1*00
$GNGSA,A,3,87,66,86,72,65,88,,,,,,,1.43,0.68,1.25,2*0B
$GNGSA,A,3,03,08,15,34,05,,,,,,,,1.43,0.68,1.25,3*00
$GNGSA,A,3,08,09,06,13,20,16,29,27,32,38,39,,1.43,0.68,1.25,4*04
$GNGSA,A,3,04,,,,,,,,,,,,1.43,0.68,1.25,5*0F
$GPGSV,4,1,13,02,19,321,43,08,23,287,42,10,49,020,46,18,24,136,42,1*6D
$GPGSV,4,2,13,23,26,070,40,24,06,041,38,27,35,245,43,28,37,165,44,1*63
$GPGSV,4,3,13,31,16,186,32,32,74,329,51,36,34,246,42,40,59,208,47,1*61
$GPGSV,4,4,13,41,56,146,47,1*50
$GPGSV,3,1,09,08,23,287,41,10,49,020,45,18,24,136,44,23,26,070,43,6*68
$GPGSV,3,2,09,24,06,041,31,27,35,245,45,28,37,165,47,31,16,186,34,6*6F
$GPGSV,3,3,09,32,74,329,47,6*53
$GPGSV,1,1,01,49,17,257,,0*5F
$GLGSV,3,1,09,65,45,297,45,66,14,252,38,72,35,016,46,74,10,082,39,1*73
$GLGSV,3,2,09,75,07,130,32,86,26,159,46,87,72,181,49,88,39,326,50,1*74
$GLGSV,3,3,09,,,,48,1*7D
$GLGSV,2,1,08,65,45,297,07,66,14,252,40,72,35,016,47,75,07,130,35,3*7A
$GLGSV,2,2,08,86,26,159,42,87,72,181,17,88,39,326,48,,,,49,3*4B
$GLGSV,1,1,01,73,00,042,,0*4A
$GAGSV,2,1,06,03,73,008,52,05,23,039,50,08,47,236,51,13,13,322,44,2*7B
$GAGSV,2,2,06,15,63,341,51,34,57,120,51,2*71
$GAGSV,2,1,06,03,73,008,47,05,23,039,39,08,47,236,44,13,13,322,36,7*74
$GAGSV,2,2,06,15,63,341,47,34,57,120,47,7*74
$GAGSV,1,1,01,36,07,135,,0*40
$GBGSV,2,1,08,08,31,065,40,13,43,050,45,20,47,299,48,27,22,163,42,1*79
$GBGSV,2,2,08,29,38,304,46,32,42,027,48,38,25,077,39,39,49,079,47,1*79
$GBGSV,2,1,05,06,51,106,47,08,31,065,45,09,49,128,49,13,43,050,48,B*03
$GBGSV,2,2,05,16,49,092,47,B*32
$GBGSV,2,1,05,10,08,165,,19,11,262,,59,08,095,,60,60,149,,0*70
$GBGSV,2,2,05,61,35,113,,0*40
$GQGSV,1,1,02,04,20,068,39,07,19,104,29,1*64
$GQGSV,1,1,03,03,06,127,35,04,20,068,42,07,19,104,41,6*57
$GNGLL,2454.22751,N,06708.26919,E,140956.00,A,D*75
$GNRMC,140957.00,A,2454.22750,N,06708.26914,E,0.149,,050525,,,R,V*06
$GNVTG,,T,,M,0.149,N,0.276,K,D*37
$GNGGA,140957.00,2454.22750,N,06708.26914,E,4,12,0.68,21.8,M,-44.2,M,1.0,0289*78
$GNGSA,A,3,08,10,18,23,02,27,28,32,31,,,,1.43,0.68,1.25,1*00
$GNGSA,A,3,87,66,86,72,65,88,,,,,,,1.43,0.68,1.25,2*0B
$GNGSA,A,3,03,08,15,34,05,,,,,,,,1.43,0.68,1.25,3*00
$GNGSA,A,3,08,09,06,13,20,16,29,27,32,38,39,,1.43,0.68,1.25,4*04
$GNGSA,A,3,04,,,,,,,,,,,,1.43,0.68,1.25,5*0F
$GPGSV,4,1,13,02,19,321,43,08,23,286,41,10,49,020,47,18,24,136,40,1*6C
$GPGSV,4,2,13,23,26,070,41,24,06,041,36,27,35,245,43,28,37,165,44,1*6C
$GPGSV,4,3,13,31,16,186,36,32,74,329,51,36,34,246,40,40,59,208,47,1*67
$GPGSV,4,4,13,41,56,146,47,1*50
$GPGSV,3,1,09,08,23,286,40,10,49,020,44,18,24,136,43,23,26,070,45,6*68
$GPGSV,3,2,09,24,06,041,41,27,35,245,45,28,37,165,47,31,16,186,32,6*6E
$GPGSV,3,3,09,32,74,329,47,6*53
$GPGSV,1,1,01,49,17,257,,0*5F
$GLGSV,3,1,09,65,45,297,45,66,14,252,37,72,35,016,46,74,10,082,37,1*72
$GLGSV,3,2,09,75,07,130,35,86,26,159,45,87,72,181,49,88,39,326,49,1*78
$GLGSV,3,3,09,,,,48,1*7D
$GLGSV,2,1,08,65,45,297,07,66,14,252,39,72,35,016,48,75,07,130,36,3*78
$GLGSV,2,2,08,86,26,159,41,87,72,181,14,88,39,326,47,,,,48,3*45
$GLGSV,1,1,01,73,00,042,,0*4A
$GAGSV,2,1,06,03,73,008,52,05,23,039,48,08,47,236,51,13,13,322,44,2*72
$GAGSV,2,2,06,15,63,341,52,34,57,120,51,2*72
$GAGSV,2,1,06,03,73,008,48,05,23,039,39,08,47,236,44,13,13,322,32,7*7F
$GAGSV,2,2,06,15,63,341,48,34,57,120,48,7*74
$GAGSV,1,1,01,36,07,135,,0*40
$GBGSV,2,1,08,08,31,065,41,13,43,050,45,20,47,299,48,27,22,163,42,1*78
$GBGSV,2,2,08,29,38,304,48,32,42,027,48,38,25,077,42,39,49,079,45,1*79
$GBGSV,2,1,05,06,51,106,47,08,31,065,45,09,49,128,49,13,43,050,48,B*03
$GBGSV,2,2,05,16,49,092,47,B*32
$GBGSV,2,1,05,10,08,165,,19,11,262,,59,08,095,,60,60,149,,0*70
$GBGSV,2,2,05,61,35,113,,0*40
$GQGSV,1,1,02,04,20,068,36,07,19,104,32,1*61
$GQGSV,1,1,03,03,06,127,35,04,20,068,42,07,19,104,42,6*54
$GNGLL,2454.22750,N,06708.26914,E,140957.00,A,D*78
$GNRMC,140958.00,A,2454.22749,N,06708.26901,E,0.543,263.03,050525,,,R,V*11
$GNVTG,263.03,T,,M,0.543,N,1.005,K,D*24
$GNGGA,140958.00,2454.22749,N,06708.26901,E,4,12,0.68,21.8,M,-44.2,M,1.0,0289*7B
$GNGSA,A,3,08,10,18,23,02,27,28,32,31,,,,1.43,0.68,1.25,1*00
$GNGSA,A,3,87,66,86,72,65,88,,,,,,,1.43,0.68,1.25,2*0B
$GNGSA,A,3,03,08,15,34,05,,,,,,,,1.43,0.68,1.25,3*00
$GNGSA,A,3,08,09,06,13,20,16,29,27,32,38,39,,1.43,0.68,1.25,4*04
$GNGSA,A,3,04,,,,,,,,,,,,1.43,0.68,1.25,5*0F
$GPGSV,4,1,13,02,19,321,40,08,23,286,42,10,49,020,47,18,24,136,40,1*6C
$GPGSV,4,2,13,23,26,070,40,24,06,041,38,27,35,245,44,28,37,165,44,1*64
$GPGSV,4,3,13,31,16,186,40,32,74,329,51,36,34,246,42,40,59,208,47,1*64
$GPGSV,4,4,13,41,56,146,47,1*50
$GPGSV,3,1,09,08,23,286,41,10,49,020,45,18,24,136,43,23,26,070,44,6*69
$GPGSV,3,2,09,24,06,041,32,27,35,245,45,28,37,165,47,31,16,186,32,6*6A
$GPGSV,3,3,09,32,74,329,47,6*53
$GPGSV,1,1,01,49,17,257,,0*5F
$GLGSV,3,1,09,65,45,297,46,66,14,252,34,72,35,016,46,74,10,082,32,1*77
$GLGSV,3,2,09,75,07,130,35,86,26,159,47,87,72,181,49,88,39,326,50,1*72
$GLGSV,3,3,09,,,,47,1*72
$GLGSV,2,1,08,65,45,297,07,66,14,252,39,72,35,016,47,75,07,130,26,3*76
$GLGSV,2,2,08,86,26,159,42,87,72,181,10,88,39,326,47,,,,47,3*4D
$GLGSV,1,1,01,73,00,042,,0*4A
$GAGSV,2,1,06,03,73,008,53,05,23,039,49,08,47,236,51,13,13,322,41,2*77
$GAGSV,2,2,06,15,63,341,52,34,57,120,52,2*71
$GAGSV,2,1,06,03,73,008,48,05,23,039,40,08,47,236,44,13,13,322,36,7*75
$GAGSV,2,2,06,15,63,341,48,34,57,120,47,7*7B
$GAGSV,1,1,01,36,07,135,,0*40
$GBGSV,2,1,08,08,31,065,41,13,43,050,44,20,47,299,48,27,22,163,43,1*78
$GBGSV,2,2,08,29,38,304,48,32,42,027,47,38,25,077,41,39,49,079,47,1*77
$GBGSV,2,1,05,06,51,106,48,08,31,065,43,09,49,128,49,13,43,050,47,B*05
$GBGSV,2,2,05,16,49,092,47,B*32
$GBGSV,2,1,05,10,08,165,,19,11,262,,59,08,095,,60,60,149,,0*70
$GBGSV,2,2,05,61,35,113,,0*40
$GQGSV,1,1,02,04,20,068,36,07,19,104,33,1*60
$GQGSV,1,1,03,03,06,127,34,04,20,068,38,07,19,104,40,6*5A
$GNGLL,2454.22749,N,06708.26901,E,140958.00,A,D*7B
$GNRMC,140959.00,A,2454.22747,N,06708.26888,E,0.408,264.45,050525,,,R,V*15
$GNVTG,264.45,T,,M,0.408,N,0.755,K,D*2C
$GNGGA,140959.00,2454.22747,N,06708.26888,E,4,12,0.68,21.8,M,-44.2,M,1.0,0289*74
$GNGSA,A,3,08,10,18,23,02,27,28,32,31,,,,1.43,0.68,1.25,1*00
$GNGSA,A,3,87,66,86,72,65,88,,,,,,,1.43,0.68,1.25,2*0B
$GNGSA,A,3,03,08,15,34,05,,,,,,,,1.43,0.68,1.25,3*00
$GNGSA,A,3,08,09,06,13,20,16,29,27,32,38,39,,1.43,0.68,1.25,4*04
$GNGSA,A,3,04,,,,,,,,,,,,1.43,0.68,1.25,5*0F
$GPGSV,4,1,13,02,19,321,40,08,23,286,41,10,49,021,47,18,24,136,41,1*6F
$GPGSV,4,2,13,23,26,070,41,24,06,041,36,27,35,245,43,28,37,165,44,1*6C
$GPGSV,4,3,13,31,16,186,37,32,74,329,51,36,34,246,42,40,59,208,47,1*64
$GPGSV,4,4,13,41,56,146,47,1*50
$GPGSV,3,1,09,08,23,286,40,10,49,021,44,18,24,136,41,23,26,070,44,6*6A
$GPGSV,3,2,09,24,06,041,33,27,35,245,45,28,37,165,47,31,16,186,32,6*6B
$GPGSV,3,3,09,32,74,329,47,6*53
$GPGSV,1,1,01,49,17,257,,0*5F
$GLGSV,3,1,09,65,45,297,47,66,14,252,41,72,35,016,45,74,10,082,41,1*73
$GLGSV,3,2,09,75,07,130,40,86,26,159,46,87,72,181,49,88,39,326,50,1*71
$GLGSV,3,3,09,,,,47,1*72
$GLGSV,2,1,08,65,45,297,07,66,14,252,37,72,35,016,48,75,07,130,35,3*75
$GLGSV,2,2,08,86,26,159,41,87,72,181,10,88,39,326,49,,,,47,3*40
$GLGSV,1,1,01,73,00,042,,0*4A
$GAGSV,2,1,06,03,73,008,52,05,23,039,46,08,47,236,51,13,13,322,39,2*76
$GAGSV,2,2,06,15,63,341,50,34,57,120,51,2*70
$GAGSV,2,1,06,03,73,008,48,05,23,039,39,08,47,236,44,13,13,322,34,7*79
$GAGSV,2,2,06,15,63,341,47,34,57,120,47,7*74
$GAGSV,1,1,01,36,07,135,,0*40
$GBGSV,2,1,08,08,31,065,41,13,43,050,44,20,47,299,48,27,22,163,41,1*7A
$GBGSV,2,2,08,29,38,304,47,32,42,027,49,38,25,077,41,39,49,079,47,1*76
$GBGSV,2,1,05,06,51,106,47,08,31,065,44,09,49,128,48,13,43,050,47,B*0C
$GBGSV,2,2,05,16,49,092,47,B*32
$GBGSV,2,1,05,10,08,165,,19,11,262,,59,08,095,,60,60,149,,0*70
$GBGSV,2,2,05,61,35,113,,0*40
$GQGSV,1,1,02,04,20,068,36,07,19,104,34,1*67
$GQGSV,1,1,03,03,06,127,34,04,20,068,42,07,19,104,40,6*57
$GNGLL,2454.22747,N,06708.26888,E,140959.00,A,D*74
$GNRMC,141000.00,A,2454.22746,N,06708.26867,E,0.690,267.71,050525,,,R,V*16
$GNVTG,267.71,T,,M,0.690,N,1.278,K,D*20
$GNGGA,141000.00,2454.22746,N,06708.26867,E,4,12,0.68,21.8,M,-44.2,M,1.0,0289*70
$GNGSA,A,3,08,10,18,23,02,27,28,32,31,,,,1.43,0.68,1.25,1*00
$GNGSA,A,3,87,66,86,72,65,88,,,,,,,1.43,0.68,1.25,2*0B
$GNGSA,A,3,03,08,15,34,05,,,,,,,,1.43,0.68,1.25,3*00
$GNGSA,A,3,08,09,06,13,20,16,29,27,32,38,39,,1.43,0.68,1.25,4*04
$GNGSA,A,3,04,,,,,,,,,,,,1.43,0.68,1.25,5*0F
$GPGSV,4,1,13,02,19,321,39,08,23,286,41,10,49,021,48,18,24,136,40,1*6F
$GPGSV,4,2,13,23,26,070,40,24,06,041,32,27,35,245,43,28,37,165,44,1*69
$GPGSV,4,3,13,31,16,186,35,32,74,329,51,36,34,246,42,40,59,208,47,1*66
$GPGSV,4,4,13,41,56,146,47,1*50
$GPGSV,3,1,09,08,23,286,40,10,49,021,45,18,24,136,43,23,26,070,41,6*6C
$GPGSV,3,2,09,24,06,041,32,27,35,245,45,28,37,165,46,31,16,186,29,6*61
$GPGSV,3,3,09,32,74,329,47,6*53
$GPGSV,1,1,01,49,17,257,,0*5F
$GLGSV,3,1,09,65,45,297,46,66,14,252,39,72,35,016,47,74,10,082,36,1*7F
$GLGSV,3,2,09,75,07,130,29,86,26,159,46,87,72,181,49,88,39,326,50,1*7E
$GLGSV,3,3,09,,,,48,1*7D
$GLGSV,2,1,08,65,45,297,09,66,14,252,41,72,35,016,47,75,07,130,39,3*79
$GLGSV,2,2,08,86,26,159,41,87,72,181,11,88,39,326,48,,,,49,3*4E
$GLGSV,1,1,01,73,00,042,,0*4A
$GAGSV,2,1,06,03,73,008,52,05,23,039,51,08,47,236,50,13,13,322,40,2*7F
$GAGSV,2,2,06,15,63,341,52,34,57,120,52,2*71
$GAGSV,2,1,06,03,73,008,47,05,23,039,41,08,47,236,44,13,13,322,34,7*79
$GAGSV,2,2,06,15,63,341,47,34,57,120,47,7*74
$GAGSV,1,1,01,36,07,135,,0*40
$GBGSV,2,1,08,08,31,065,42,13,43,050,45,20,47,299,49,27,22,163,42,1*7A
$GBGSV,2,2,08,29,38,304,47,32,42,027,49,38,25,077,40,39,49,079,46,1*76
$GBGSV,2,1,05,06,51,106,46,08,31,065,46,09,49,128,48,13,43,050,46,B*0E
$GBGSV,2,2,05,16,49,092,46,B*33
$GBGSV,2,1,05,10,08,165,,19,11,262,,59,08,095,,60,60,149,,0*70
$GBGSV,2,2,05,61,35,113,,0*40
$GQGSV,1,1,02,04,20,068,36,07,19,104,34,1*67
$GQGSV,1,1,03,03,06,127,37,04,20,068,38,07,19,104,42,6*5B
$GNGLL,2454.22746,N,06708.26867,E,141000.00,A,D*70
$GNRMC,141001.00,A,2454.22746,N,06708.26861,E,0.044,,050525,,,R,V*05
$GNVTG,,T,,M,0.044,N,0.081,K,D*31
$GNGGA,141001.00,2454.22746,N,06708.26861,E,4,12,0.68,21.8,M,-44.2,M,1.0,0289*77
$GNGSA,A,3,08,10,18,23,02,27,28,32,31,,,,1.43,0.68,1.25,1*00
$GNGSA,A,3,87,66,86,72,65,88,,,,,,,1.43,0.68,1.25,2*0B
$GNGSA,A,3,03,08,15,34,05,,,,,,,,1.43,0.68,1.25,3*00
$GNGSA,A,3,08,09,06,13,20,16,29,27,32,38,39,,1.43,0.68,1.25,4*04
$GNGSA,A,3,04,,,,,,,,,,,,1.43,0.68,1.25,5*0F
$GPGSV,4,1,13,02,19,321,39,08,23,286,40,10,49,021,47,18,24,136,40,1*61
$GPGSV,4,2,13,23,26,070,41,24,06,041,38,27,35,245,44,28,37,165,44,1*65
$GPGSV,4,3,13,31,16,186,37,32,74,329,51,36,34,246,43,40,59,208,47,1*65
$GPGSV,4,4,13,41,56,146,47,1*50
$GPGSV,3,1,09,08,23,286,41,10,49,021,46,18,24,136,43,23,26,070,42,6*6D
$GPGSV,3,2,09,24,06,041,45,27,35,245,45,28,37,165,46,31,16,186,33,6*6A
$GPGSV,3,3,09,32,74,329,48,6*5C
$GPGSV,1,1,01,49,17,257,,0*5F
$GLGSV,3,1,09,65,45,297,46,66,14,252,39,72,35,016,45,74,10,082,27,1*7D
$GLGSV,3,2,09,75,07,130,30,86,26,159,45,87,72,181,49,88,39,326,49,1*7D
$GLGSV,3,3,09,,,,48,1*7D
$GLGSV,2,1,08,65,45,297,09,66,14,252,40,72,35,016,47,75,07,130,41,3*77
$GLGSV,2,2,08,86,26,159,40,87,72,181,11,88,39,326,46,,,,46,3*4E
$GLGSV,1,1,01,73,00,042,,0*4A
$GAGSV,2,1,06,03,73,008,53,05,23,039,46,08,47,236,51,13,13,322,37,2*79
$GAGSV,2,2,06,15,63,341,52,34,57,120,51,2*72
$GAGSV,2,1,06,03,73,008,47,05,23,039,39,08,47,236,44,13,13,322,34,7*76
$GAGSV,2,2,06,15,63,341,47,34,57,120,46,7*75
$GAGSV,1,1,01,36,07,135,,0*40
$GBGSV,2,1,08,08,31,065,41,13,43,050,44,20,47,299,48,27,22,163,42,1*79
$GBGSV,2,2,08,29,38,304,47,32,42,027,48,38,25,077,42,39,49,079,46,1*75
$GBGSV,2,1,05,06,51,106,46,08,31,065,46,09,49,128,48,13,43,050,46,B*0E
$GBGSV,2,2,05,16,49,092,47,B*32
$GBGSV,2,1,05,10,08,165,,19,11,262,,59,08,095,,60,60,149,,0*70
$GBGSV,2,2,05,61,35,113,,0*40
$GQGSV,1,1,02,04,20,068,32,07,19,104,35,1*62
$GQGSV,1,1,03,03,06,127,35,04,20,068,40,07,19,104,44,6*50
$GNGLL,2454.22746,N,06708.26861,E,141001.00,A,D*77
$GNRMC,141002.00,A,2454.22746,N,06708.26861,E,0.025,,050525,,,R,V*01
$GNVTG,,T,,M,0.025,N,0.047,K,D*3C
$GNGGA,141002.00,2454.22746,N,06708.26861,E,4,12,0.68,21.8,M,-44.2,M,1.0,0289*74
$GNGSA,A,3,08,10,18,23,02,27,28,32,31,,,,1.43,0.68,1.25,1*00
$GNGSA,A,3,87,66,86,72,65,88,,,,,,,1.43,0.68,1.25,2*0B
$GNGSA,A,3,03,08,15,34,05,,,,,,,,1.43,0.68,1.25,3*00
$GNGSA,A,3,08,09,06,13,20,16,29,27,32,38,39,,1.43,0.68,1.25,4*04
$GNGSA,A,3,04,,,,,,,,,,,,1.43,0.68,1.25,5*0F
$GPGSV,4,1,13,02,19,321,39,08,23,286,40,10,49,021,47,18,24,136,40,1*61
$GPGSV,4,2,13,23,26,070,40,24,06,041,38,27,35,245,44,28,37,165,44,1*64
$GPGSV,4,3,13,31,16,186,37,32,74,329,51,36,34,246,43,40,59,208,47,1*65
$GPGSV,4,4,13,41,56,146,47,1*50
$GPGSV,3,1,09,08,23,286,41,10,49,021,46,18,24,136,43,23,26,070,42,6*6D
$GPGSV,3,2,09,24,06,041,45,27,35,245,45,28,37,165,46,31,16,186,33,6*6A
$GPGSV,3,3,09,32,74,329,48,6*5C
$GPGSV,1,1,01,49,17,257,,0*5F
$GLGSV,3,1,09,65,45,297,46,66,14,252,39,72,35,016,45,74,10,082,23,1*79
$GLGSV,3,2,09,75,07,130,30,86,26,159,44,87,72,181,49,88,39,326,49,1*7C
$GLGSV,3,3,09,,,,48,1*7D
$GLGSV,2,1,08,65,45,297,09,66,14,252,40,72,35,016,47,75,07,130,41,3*77
$GLGSV,2,2,08,86,26,159,40,87,72,181,12,88,39,326,46,,,,46,3*4D
$GLGSV,1,1,01,73,00,042,,0*4A
$GAGSV,2,1,06,03,73,008,53,05,23,039,46,08,47,236,51,13,13,322,37,2*79
$GAGSV,2,2,06,15,63,341,52,34,57,120,51,2*72
$GAGSV,2,1,06,03,73,008,48,05,23,039,39,08,47,236,44,13,13,322,35,7*78
$GAGSV,2,2,06,15,63,341,47,34,57,120,46,7*75
$GAGSV,1,1,01,36,07,135,,0*40
$GBGSV,2,1,08,08,31,065,42,13,43,050,45,20,47,299,48,27,22,163,42,1*7B
$GBGSV,2,2,08,29,38,304,47,32,42,027,48,38,25,077,42,39,49,079,46,1*75
$GBGSV,2,1,05,06,51,106,47,08,31,065,47,09,49,128,48,13,43,050,47,B*0F
$GBGSV,2,2,05,16,49,092,47,B*32
$GBGSV,2,1,05,10,08,165,,19,11,262,,59,08,095,,60,60,149,,0*70
$GBGSV,2,2,05,61,35,113,,0*40
$GQGSV,1,1,02,04,20,068,32,07,19,104,34,1*63
$GQGSV,1,1,03,03,06,127,34,04,20,068,40,07,19,104,44,6*51
$GNGLL,2454.22746,N,06708.26861,E,141002.00,A,D*74
$GNRMC,141003.00,A,2454.22745,N,06708.26861,E,0.010,,050525,,,R,V*05
$GNVTG,,T,,M,0.010,N,0.019,K,D*31
$GNGGA,141003.00,2454.22745,N,06708.26861,E,4,12,0.68,21.8,M,-44.2,M,1.0,0289*76
$GNGSA,A,3,08,10,18,23,02,27,28,32,31,,,,1.43,0.68,1.25,1*00
$GNGSA,A,3,87,66,86,72,65,88,,,,,,,1.43,0.68,1.25,2*0B
$GNGSA,A,3,03,08,15,34,05,,,,,,,,1.43,0.68,1.25,3*00
$GNGSA,A,3,08,09,06,13,20,16,29,27,32,38,39,,1.43,0.68,1.25,4*04
$GNGSA,A,3,04,,,,,,,,,,,,1.43,0.68,1.25,5*0F
$GPGSV,4,1,13,02,19,321,39,08,23,286,40,10,49,021,47,18,24,136,40,1*61
$GPGSV,4,2,13,23,26,070,40,24,06,041,37,27,35,245,44,28,37,165,45,1*6A
$GPGSV,4,3,13,31,16,186,37,32,74,329,51,36,34,246,43,40,59,208,47,1*65
$GPGSV,4,4,13,41,56,146,47,1*50
$GPGSV,3,1,09,08,23,286,41,10,49,021,46,18,24,136,43,23,26,070,42,6*6D
$GPGSV,3,2,09,24,06,041,45,27,35,245,45,28,37,165,46,31,16,186,33,6*6A
$GPGSV,3,3,09,32,74,329,48,6*5C
$GPGSV,1,1,01,49,17,257,,0*5F
$GLGSV,3,1,09,65,45,297,46,66,14,252,39,72,35,016,45,74,10,082,23,1*79
$GLGSV,3,2,09,75,07,130,29,86,26,159,44,87,72,181,49,88,39,326,49,1*74
$GLGSV,3,3,09,,,,48,1*7D
$GLGSV,2,1,08,65,45,297,09,66,14,252,39,72,35,016,47,75,07,130,41,3*79
$GLGSV,2,2,08,86,26,159,40,87,72,181,11,88,39,326,46,,,,46,3*4E
$GLGSV,1,1,01,73,00,042,,0*4A
$GAGSV,2,1,06,03,73,008,53,05,23,039,46,08,47,236,51,13,13,322,38,2*76
$GAGSV,2,2,06,15,63,341,52,34,57,120,51,2*72
$GAGSV,2,1,06,03,73,008,48,05,23,039,39,08,47,236,44,13,13,322,34,7*79
$GAGSV,2,2,06,15,63,341,47,34,57,120,46,7*75
$GAGSV,1,1,01,36,07,135,,0*40
$GBGSV,2,1,08,08,31,065,42,13,43,050,45,20,47,299,48,27,22,163,42,1*7B
$GBGSV,2,2,08,29,38,304,47,32,42,027,48,38,25,077,42,39,49,079,46,1*75
$GBGSV,2,1,05,06,51,106,47,08,31,065,47,09,49,128,48,13,43,050,47,B*0F
$GBGSV,2,2,05,16,49,092,47,B*32
$GBGSV,2,1,05,10,08,165,,19,11,262,,59,08,095,,60,60,149,,0*70
$GBGSV,2,2,05,61,35,113,,0*40
$GQGSV,1,1,02,04,20,068,32,07,19,104,34,1*63
$GQGSV,1,1,03,03,06,127,33,04,20,068,40,07,19,104,44,6*56
$GNGLL,2454.22745,N,06708.26861,E,141003.00,A,D*76
$GNRMC,141004.00,A,2454.22746,N,06708.26861,E,0.003,,050525,,,R,V*03
$GNVTG,,T,,M,0.003,N,0.006,K,D*3D
$GNGGA,141004.00,2454.22746,N,06708.26861,E,4,12,0.68,21.8,M,-44.2,M,1.0,0289*72
$GNGSA,A,3,08,10,18,23,02,27,28,32,31,,,,1.43,0.68,1.26,1*03
$GNGSA,A,3,87,66,86,72,65,88,,,,,,,1.43,0.68,1.26,2*08
$GNGSA,A,3,03,08,15,34,05,,,,,,,,1.43,0.68,1.26,3*03
$GNGSA,A,3,08,09,06,13,20,16,29,27,32,38,39,,1.43,0.68,1.26,4*07
$GNGSA,A,3,04,,,,,,,,,,,,1.43,0.68,1.26,5*0C
$GPGSV,4,1,13,02,19,321,39,08,23,286,41,10,49,021,47,18,24,136,41,1*61
$GPGSV,4,2,13,23,26,070,40,24,06,041,38,27,35,245,44,28,37,165,45,1*65
$GPGSV,4,3,13,31,16,186,37,32,74,329,51,36,34,246,43,40,59,208,47,1*65
$GPGSV,4,4,13,41,56,146,47,1*50
$GPGSV,3,1,09,08,23,286,41,10,49,021,46,18,24,136,43,23,26,070,42,6*6D
$GPGSV,3,2,09,24,06,041,45,27,35,245,45,28,37,165,47,31,16,186,33,6*6B
$GPGSV,3,3,09,32,74,329,48,6*5C
$GPGSV,1,1,01,49,17,257,,0*5F
$GLGSV,3,1,09,65,45,297,46,66,14,252,39,72,35,016,45,74,10,082,22,1*78
$GLGSV,3,2,09,75,07,130,30,86,26,159,44,87,72,181,49,88,39,326,49,1*7C
$GLGSV,3,3,09,,,,48,1*7D
$GLGSV,2,1,08,65,45,297,09,66,14,252,39,72,35,016,47,75,07,130,41,3*79
$GLGSV,2,2,08,86,26,159,40,87,72,181,08,88,39,326,46,,,,46,3*46
$GLGSV,1,1,01,73,00,042,,0*4A
$GAGSV,2,1,06,03,73,008,53,05,23,039,46,08,47,236,51,13,13,322,38,2*76
$GAGSV,2,2,06,15,63,341,52,34,57,120,51,2*72
$GAGSV,2,1,06,03,73,008,48,05,23,039,39,08,47,236,44,13,13,322,34,7*79
$GAGSV,2,2,06,15,63,341,47,34,57,120,46,7*75
$GAGSV,1,1,01,36,07,135,,0*40
$GBGSV,2,1,08,08,31,065,42,13,43,050,45,20,47,299,48,27,22,163,42,1*7B
$GBGSV,2,2,08,29,38,304,47,32,42,027,48,38,25,077,42,39,49,079,46,1*75
$GBGSV,2,1,05,06,51,106,47,08,31,065,47,09,49,128,48,13,43,050,47,B*0F
$GBGSV,2,2,05,16,49,092,47,B*32
$GBGSV,2,1,05,10,08,165,,19,11,262,,59,08,095,,60,60,149,,0*70
$GBGSV,2,2,05,61,35,113,,0*40
$GQGSV,1,1,02,04,20,068,32,07,19,104,34,1*63
$GQGSV,1,1,03,03,06,127,33,04,20,068,40,07,19,104,44,6*56
$GNGLL,2454.22746,N,06708.26861,E,141004.00,A,D*72
$GNRMC,141005.00,A,2454.22746,N,06708.26861,E,0.005,,050525,,,R,V*04
$GNVTG,,T,,M,0.005,N,0.009,K,D*34
$GNGGA,141005.00,2454.22746,N,06708.26861,E,4,12,0.68,21.8,M,-44.2,M,1.0,0289*73
$GNGSA,A,3,08,10,18,23,02,27,28,32,31,,,,1.43,0.68,1.26,1*03
$GNGSA,A,3,87,66,86,72,65,88,,,,,,,1.43,0.68,1.26,2*08
$GNGSA,A,3,03,08,15,34,05,,,,,,,,1.43,0.68,1.26,3*03
$GNGSA,A,3,08,09,06,13,20,16,29,27,32,38,39,,1.43,0.68,1.26,4*07
$GNGSA,A,3,04,,,,,,,,,,,,1.43,0.68,1.26,5*0C
$GPGSV,4,1,13,02,19,321,39,08,23,286,41,10,49,021,46,18,24,136,40,1*61
$GPGSV,4,2,13,23,26,070,40,24,06,041,37,27,35,245,44,28,37,165,45,1*6A
$GPGSV,4,3,13,31,16,186,38,32,74,329,51,36,34,246,43,40,59,208,47,1*6A
$GPGSV,4,4,13,41,56,146,47,1*50
$GPGSV,3,1,09,08,23,286,41,10,49,021,46,18,24,136,43,23,26,070,42,6*6D
$GPGSV,3,2,09,24,06,041,45,27,35,245,45,28,37,165,47,31,16,186,33,6*6B
$GPGSV,3,3,09,32,74,329,48,6*5C
$GPGSV,1,1,01,49,17,257,,0*5F
$GLGSV,3,1,09,65,45,297,46,66,14,252,39,72,35,016,45,74,10,082,22,1*78
$GLGSV,3,2,09,75,07,130,30,86,26,159,44,87,72,181,49,88,39,326,49,1*7C
$GLGSV,3,3,09,,,,48,1*7D
$GLGSV,2,1,08,65,45,297,02,66,14,252,39,72,35,016,47,75,07,130,41,3*72
$GLGSV,2,2,08,86,26,159,39,87,72,181,08,88,39,326,46,,,,46,3*48
$GLGSV,1,1,01,73,00,042,,0*4A
$GAGSV,2,1,06,03,73,008,53,05,23,039,46,08,47,236,51,13,13,322,38,2*76
$GAGSV,2,2,06,15,63,341,52,34,57,120,51,2*72
$GAGSV,2,1,06,03,73,008,48,05,23,039,39,08,47,236,44,13,13,322,34,7*79
$GAGSV,2,2,06,15,63,341,47,34,57,120,46,7*75
$GAGSV,1,1,01,36,07,135,,0*40
$GBGSV,2,1,08,08,31,065,42,13,43,050,45,20,47,299,48,27,22,163,42,1*7B
$GBGSV,2,2,08,29,38,304,47,32,42,027,48,38,25,077,42,39,49,079,46,1*75
$GBGSV,2,1,05,06,51,106,47,08,31,065,47,09,49,128,48,13,43,050,47,B*0F
$GBGSV,2,2,05,16,49,092,47,B*32
$GBGSV,2,1,05,10,08,165,,19,11,262,,59,08,095,,60,60,149,,0*70
$GBGSV,2,2,05,61,35,113,,0*40
$GQGSV,1,1,02,04,20,068,32,07,19,104,34,1*63
$GQGSV,1,1,03,03,06,127,33,04,20,068,40,07,19,104,44,6*56
$GNGLL,2454.22746,N,06708.26861,E,141005.00,A,D*73
$GNRMC,141006.00,A,2454.22745,N,06708.26861,E,0.011,,050525,,,R,V*01
$GNVTG,,T,,M,0.011,N,0.020,K,D*3A
$GNGGA,141006.00,2454.22745,N,06708.26861,E,4,12,0.68,21.8,M,-44.2,M,1.0,0289*73
$GNGSA,A,3,08,10,18,23,02,27,28,32,31,,,,1.43,0.68,1.26,1*03
$GNGSA,A,3,87,66,86,72,65,88,,,,,,,1.43,0.68,1.26,2*08
$GNGSA,A,3,03,08,15,34,05,,,,,,,,1.43,0.68,1.26,3*03
$GNGSA,A,3,08,09,06,13,20,16,29,27,32,38,39,,1.43,0.68,1.26,4*07
$GNGSA,A,3,04,,,,,,,,,,,,1.43,0.68,1.26,5*0C
$GPGSV,4,1,13,02,19,321,39,08,23,286,41,10,49,021,47,18,24,136,40,1*60
$GPGSV,4,2,13,23,26,070,40,24,06,041,37,27,35,245,44,28,37,165,45,1*6A
$GPGSV,4,3,13,31,16,186,38,32,74,329,51,36,34,246,43,40,59,208,47,1*6A
$GPGSV,4,4,13,41,56,146,47,1*50
$GPGSV,3,1,09,08,23,286,41,10,49,021,46,18,24,136,43,23,26,070,42,6*6D
$GPGSV,3,2,09,24,06,041,44,27,35,245,45,28,37,165,46,31,16,186,33,6*6B
$GPGSV,3,3,09,32,74,329,48,6*5C
$GPGSV,1,1,01,49,17,257,,0*5F
$GLGSV,3,1,09,65,45,297,46,66,14,252,39,72,35,016,45,74,10,082,23,1*79
$GLGSV,3,2,09,75,07,130,29,86,26,159,44,87,72,181,49,88,39,326,49,1*74
$GLGSV,3,3,09,,,,48,1*7D
$GLGSV,2,1,07,65,45,297,06,66,14,252,39,72,35,016,47,75,07,130,41,3*79
$GLGSV,2,2,07,86,26,159,40,88,39,326,46,,,,46,3*73
$GLGSV,1,1,01,73,00,042,,0*4A
$GAGSV,2,1,06,03,73,008,53,05,23,039,46,08,47,236,51,13,13,322,38,2*76
$GAGSV,2,2,06,15,63,341,52,34,57,120,51,2*72
$GAGSV,2,1,06,03,73,008,48,05,23,039,38,08,47,236,44,13,13,322,34,7*78
$GAGSV,2,2,06,15,63,341,47,34,57,120,46,7*75
$GAGSV,1,1,01,36,07,135,,0*40
$GBGSV,2,1,08,08,31,065,42,13,43,050,45,20,47,299,48,27,22,163,42,1*7B
$GBGSV,2,2,08,29,38,304,47,32,42,027,48,38,25,077,42,39,49,079,46,1*75
$GBGSV,2,1,05,06,51,106,47,08,31,065,47,09,49,128,48,13,43,050,47,B*0F
$GBGSV,2,2,05,16,49,092,47,B*32
$GBGSV,2,1,05,10,08,165,,19,11,262,,59,08,095,,60,60,149,,0*70
$GBGSV,2,2,05,61,35,113,,0*40
$GQGSV,1,1,02,04,20,068,32,07,19,104,34,1*63
$GQGSV,1,1,03,03,06,127,33,04,20,068,39,07,19,104,44,6*58
$GNGLL,2454.22745,N,06708.26861,E,141006.00,A,D*73
$GNRMC,141007.00,A,2454.22746,N,06708.26862,E,0.004,,050525,,,R,V*04
$GNVTG,,T,,M,0.004,N,0.008,K,D*34
$GNGGA,141007.00,2454.22746,N,06708.26862,E,4,12,0.68,21.8,M,-44.2,M,1.0,0289*72
$GNGSA,A,3,08,10,18,23,02,27,28,32,31,,,,1.43,0.68,1.26,1*03
$GNGSA,A,3,87,66,86,72,65,88,,,,,,,1.43,0.68,1.26,2*08
$GNGSA,A,3,03,08,15,34,05,,,,,,,,1.43,0.68,1.26,3*03
$GNGSA,A,3,08,09,06,13,20,16,29,27,32,38,39,,1.43,0.68,1.26,4*07
$GNGSA,A,3,04,,,,,,,,,,,,1.43,0.68,1.26,5*0C
$GPGSV,4,1,13,02,19,321,39,08,23,286,41,10,49,021,47,18,23,136,40,1*67
$GPGSV,4,2,13,23,26,070,40,24,06,041,37,27,35,245,44,28,37,165,45,1*6A
$GPGSV,4,3,13,31,16,186,38,32,74,329,51,36,34,246,43,40,59,208,47,1*6A
$GPGSV,4,4,13,41,56,146,47,1*50
$GPGSV,1,1,01,02,19,321,13,5*59
$GPGSV,3,1,09,08,23,286,41,10,49,021,46,18,23,136,43,23,26,070,43,6*6B
$GPGSV,3,2,09,24,06,041,44,27,35,245,45,28,37,165,47,31,16,186,33,6*6A
$GPGSV,3,3,09,32,74,329,48,6*5C
$GPGSV,1,1,01,49,17,257,,0*5F
$GLGSV,3,1,09,65,45,297,46,66,14,252,39,72,35,016,45,74,10,082,22,1*78
$GLGSV,3,2,09,75,07,130,29,86,26,159,44,87,72,181,49,88,39,326,49,1*74
$GLGSV,3,3,09,,,,48,1*7D
$GLGSV,2,1,07,65,45,297,06,66,14,252,39,72,35,016,47,75,07,130,41,3*79
$GLGSV,2,2,07,86,26,159,40,88,39,326,46,,,,46,3*73
$GLGSV,1,1,01,73,00,042,,0*4A
$GAGSV,2,1,06,03,73,008,53,05,23,039,46,08,47,236,51,13,13,322,38,2*76
$GAGSV,2,2,06,15,63,341,52,34,57,120,51,2*72
$GAGSV,2,1,06,03,73,008,48,05,23,039,38,08,47,236,44,13,13,322,34,7*78
$GAGSV,2,2,06,15,63,341,47,34,57,120,46,7*75
$GAGSV,1,1,01,36,07,135,,0*40
$GBGSV,2,1,08,08,31,065,42,13,43,050,45,20,47,299,48,27,22,163,42,1*7B
$GBGSV,2,2,08,29,38,304,47,32,42,027,48,38,25,077,42,39,49,079,46,1*75
$GBGSV,2,1,05,06,51,106,47,08,31,065,47,09,49,128,48,13,43,050,47,B*0F
$GBGSV,2,2,05,16,49,092,47,B*32
$GBGSV,2,1,05,10,08,165,,19,11,262,,59,08,095,,60,60,149,,0*70
$GBGSV,2,2,05,61,35,113,,0*40
$GQGSV,1,1,02,04,20,068,32,07,19,104,34,1*63
$GQGSV,1,1,03,03,06,127,33,04,20,068,40,07,19,104,44,6*56
$GNGLL,2454.22746,N,06708.26862,E,141007.00,A,D*72
$GNRMC,141008.00,A,2454.22746,N,06708.26861,E,0.011,,050525,,,R,V*0C
$GNVTG,,T,,M,0.011,N,0.021,K,D*3B
$GNGGA,141008.00,2454.22746,N,06708.26861,E,4,12,0.68,21.8,M,-44.2,M,1.0,0289*7E
$GNGSA,A,3,08,10,18,23,02,27,28,32,31,,,,1.43,0.68,1.26,1*03
$GNGSA,A,3,87,66,86,72,65,88,,,,,,,1.43,0.68,1.26,2*08
$GNGSA,A,3,03,08,15,34,05,,,,,,,,1.43,0.68,1.26,3*03
$GNGSA,A,3,08,09,06,13,20,16,29,27,32,38,39,,1.43,0.68,1.26,4*07
$GNGSA,A,3,04,,,,,,,,,,,,1.43,0.68,1.26,5*0C
$GPGSV,4,1,13,02,19,321,39,08,23,286,41,10,49,021,46,18,23,136,40,1*66
$GPGSV,4,2,13,23,26,070,40,24,06,041,37,27,35,245,44,28,37,165,45,1*6A
$GPGSV,4,3,13,31,16,186,38,32,74,329,51,36,34,246,43,40,59,208,47,1*6A
$GPGSV,4,4,13,41,56,146,47,1*50
$GPGSV,3,1,10,02,19,321,11,08,23,286,41,10,49,021,46,18,23,136,43,6*6C
$GPGSV,3,2,10,23,26,070,43,24,06,041,45,27,35,245,45,28,37,165,47,6*6C
$GPGSV,3,3,10,31,16,186,34,32,74,329,48,6*69
$GPGSV,1,1,01,49,17,257,,0*5F
$GLGSV,3,1,09,65,45,297,46,66,14,252,40,72,35,016,45,74,10,082,22,1*76
$GLGSV,3,2,09,75,07,130,28,86,26,159,44,87,72,181,49,88,39,326,49,1*75
$GLGSV,3,3,09,,,,48,1*7D
$GLGSV,2,1,07,65,45,297,07,66,14,252,39,72,35,016,47,75,07,130,41,3*78
$GLGSV,2,2,07,86,26,159,40,88,39,326,46,,,,46,3*73
$GLGSV,1,1,01,73,00,042,,0*4A
$GAGSV,2,1,06,03,73,008,53,05,23,039,46,08,47,236,51,13,13,322,38,2*76
$GAGSV,2,2,06,15,63,341,52,34,57,120,51,2*72
$GAGSV,2,1,06,03,73,008,48,05,23,039,39,08,47,236,45,13,13,322,34,7*78
$GAGSV,2,2,06,15,63,341,47,34,57,120,46,7*75
$GAGSV,1,1,01,36,07,135,,0*40
$GBGSV,2,1,08,08,31,065,42,13,43,050,45,20,47,299,48,27,22,163,42,1*7B
$GBGSV,2,2,08,29,38,304,47,32,42,027,48,38,25,077,42,39,49,079,46,1*75
$GBGSV,2,1,05,06,51,106,47,08,31,065,47,09,49,128,48,13,43,050,47,B*0F
$GBGSV,2,2,05,16,49,092,47,B*32
$GBGSV,2,1,05,10,08,165,,19,11,262,,59,08,095,,60,60,149,,0*70
$GBGSV,2,2,05,61,35,113,,0*40
$GQGSV,1,1,02,04,20,068,33,07,19,104,34,1*62
$GQGSV,1,1,03,03,06,127,33,04,20,068,40,07,19,104,44,6*56
$GNGLL,2454.22746,N,06708.26861,E,141008.00,A,D*7E
$GNRMC,141009.00,A,2454.22746,N,06708.26861,E,0.013,,050525,,,R,V*0F
$GNVTG,,T,,M,0.013,N,0.024,K,D*3C
$GNGGA,141009.00,2454.22746,N,06708.26861,E,4,12,0.68,21.8,M,-44.2,M,1.0,0289*7F
$GNGSA,A,3,08,10,18,23,02,27,28,32,31,,,,1.43,0.68,1.26,1*03
$GNGSA,A,3,87,66,86,72,65,88,,,,,,,1.43,0.68,1.26,2*08
$GNGSA,A,3,03,08,15,34,05,,,,,,,,1.43,0.68,1.26,3*03
$GNGSA,A,3,08,09,06,13,20,16,29,27,32,38,39,,1.43,0.68,1.26,4*07
$GNGSA,A,3,04,,,,,,,,,,,,1.43,0.68,1.26,5*0C
$GPGSV,4,1,13,02,19,321,39,08,23,286,41,10,49,021,46,18,23,136,40,1*66
$GPGSV,4,2,13,23,26,070,40,24,06,041,37,27,35,245,44,28,37,165,45,1*6A
$GPGSV,4,3,13,31,16,186,38,32,74,329,51,36,34,246,43,40,59,208,47,1*6A
$GPGSV,4,4,13,41,56,146,47,1*50
$GPGSV,3,1,09,08,23,286,41,10,49,021,45,18,23,136,42,23,26,070,42,6*68
$GPGSV,3,2,09,24,06,041,44,27,35,245,44,28,37,165,46,31,16,186,33,6*6A
$GPGSV,3,3,09,32,74,329,48,6*5C
$GPGSV,1,1,01,49,17,257,,0*5F
$GLGSV,2,1,08,65,45,297,46,66,14,252,39,72,35,016,45,74,10,082,22,1*78
$GLGSV,2,2,08,75,07,130,27,86,26,159,44,87,72,181,49,88,39,326,49,1*7A
$GLGSV,2,1,06,65,45,297,08,66,14,252,39,72,35,016,46,75,07,130,41,3*77
$GLGSV,2,2,06,86,26,159,40,88,39,326,46,3*70
$GLGSV,1,1,01,73,00,042,,0*4A
$GAGSV,2,1,06,03,73,008,53,05,23,039,46,08,47,236,51,13,13,322,38,2*76
$GAGSV,2,2,06,15,63,341,52,34,57,120,51,2*72
$GAGSV,2,1,06,03,73,008,48,05,23,039,38,08,47,236,44,13,13,322,34,7*78
$GAGSV,2,2,06,15,63,341,47,34,57,120,46,7*75
$GAGSV,1,1,01,36,07,135,,0*40
$GBGSV,2,1,08,08,31,065,42,13,43,050,45,20,47,299,48,27,22,163,42,1*7B
$GBGSV,2,2,08,29,38,304,47,32,42,027,48,38,25,077,42,39,49,079,46,1*75
$GBGSV,2,1,05,06,51,106,47,08,31,065,47,09,49,128,48,13,43,050,47,B*0F
$GBGSV,2,2,05,16,49,092,47,B*32
$GBGSV,2,1,05,10,08,165,,19,11,262,,59,08,095,,60,60,149,,0*70
$GBGSV,2,2,05,61,35,113,,0*40
$GQGSV,1,1,02,04,20,068,32,07,19,104,34,1*63
$GQGSV,1,1,03,03,06,127,32,04,20,068,39,07,19,104,44,6*59
$GNGLL,2454.22746,N,06708.26861,E,141009.00,A,D*7F
$GNRMC,141010.00,A,2454.22746,N,06708.26861,E,0.011,,050525,,,R,V*05
$GNVTG,,T,,M,0.011,N,0.021,K,D*3B
$GNGGA,141010.00,2454.22746,N,06708.26861,E,4,12,0.68,21.8,M,-44.2,M,1.0,0289*77
$GNGSA,A,3,08,10,18,23,02,27,28,32,31,,,,1.43,0.68,1.26,1*03
$GNGSA,A,3,87,66,86,72,65,88,,,,,,,1.43,0.68,1.26,2*08
$GNGSA,A,3,03,08,15,34,05,,,,,,,,1.43,0.68,1.26,3*03
$GNGSA,A,3,08,09,06,13,20,16,29,27,32,38,39,,1.43,0.68,1.26,4*07
$GNGSA,A,3,04,,,,,,,,,,,,1.43,0.68,1.26,5*0C
$GPGSV,4,1,13,02,19,321,39,08,23,286,41,10,49,021,46,18,23,136,40,1*66
$GPGSV,4,2,13,23,26,070,40,24,06,041,37,27,35,245,44,28,37,165,45,1*6A
$GPGSV,4,3,13,31,16,186,38,32,74,329,51,36,34,246,43,40,59,208,47,1*6A
$GPGSV,4,4,13,41,56,146,47,1*50
$GPGSV,3,1,09,08,23,286,41,10,49,021,45,18,23,136,42,23,26,070,42,6*68
$GPGSV,3,2,09,24,06,041,44,27,35,245,44,28,37,165,46,31,16,186,33,6*6A
$GPGSV,3,3,09,32,74,329,48,6*5C
$GPGSV,1,1,01,49,17,257,,0*5F
$GLGSV,2,1,08,65,45,297,46,66,14,252,39,72,35,016,45,74,10,082,21,1*7B
$GLGSV,2,2,08,75,07,130,25,86,26,159,44,87,72,181,49,88,39,326,49,1*78
$GLGSV,2,1,06,65,45,297,08,66,14,252,39,72,35,016,46,75,07,130,41,3*77
$GLGSV,2,2,06,86,26,159,40,88,39,326,46,3*70
$GLGSV,1,1,01,73,00,042,,0*4A
$GAGSV,2,1,06,03,73,008,53,05,23,039,46,08,47,236,51,13,13,322,38,2*76
$GAGSV,2,2,06,15,63,341,52,34,57,120,51,2*72
$GAGSV,2,1,06,03,73,008,48,05,23,039,38,08,47,236,45,13,13,322,34,7*79
$GAGSV,2,2,06,15,63,341,47,34,57,120,46,7*75
$GAGSV,1,1,01,36,07,135,,0*40
$GBGSV,2,1,08,08,31,065,42,13,43,050,45,20,47,299,48,27,22,163,42,1*7B
$GBGSV,2,2,08,29,38,304,47,32,42,027,48,38,25,077,42,39,49,079,46,1*75
$GBGSV,2,1,05,06,51,106,47,08,31,065,47,09,49,128,48,13,43,050,47,B*0F
$GBGSV,2,2,05,16,49,092,47,B*32
$GBGSV,2,1,05,10,08,165,,19,11,262,,59,08,095,,60,60,149,,0*70
$GBGSV,2,2,05,61,35,113,,0*40
$GQGSV,1,1,02,04,20,068,33,07,19,104,34,1*62
$GQGSV,1,1,03,03,06,127,32,04,20,068,39,07,19,104,44,6*59
$GNGLL,2454.22746,N,06708.26861,E,141010.00,A,D*77
$GNRMC,141011.00,A,2454.22746,N,06708.26861,E,0.009,,050525,,,R,V*0D
$GNVTG,,T,,M,0.009,N,0.017,K,D*37
$GNGGA,141011.00,2454.22746,N,06708.26861,E,4,12,0.68,21.8,M,-44.2,M,1.0,0289*76
$GNGSA,A,3,08,10,18,23,02,27,28,32,31,,,,1.43,0.68,1.26,1*03
$GNGSA,A,3,87,66,86,72,65,88,,,,,,,1.43,0.68,1.26,2*08
$GNGSA,A,3,03,08,15,34,05,,,,,,,,1.43,0.68,1.26,3*03
$GNGSA,A,3,08,09,06,13,20,16,29,27,32,38,39,,1.43,0.68,1.26,4*07
$GNGSA,A,3,04,,,,,,,,,,,,1.43,0.68,1.26,5*0C
$GPGSV,4,1,13,02,19,321,39,08,23,286,41,10,49,021,46,18,23,136,40,1*66
$GPGSV,4,2,13,23,25,070,40,24,06,041,37,27,35,245,44,28,37,165,44,1*68
$GPGSV,4,3,13,31,16,186,37,32,74,329,51,36,34,246,43,40,59,208,47,1*65
$GPGSV,4,4,13,41,56,146,47,1*50
$GPGSV,3,1,09,08,23,286,41,10,49,021,45,18,23,136,42,23,25,070,42,6*6B
$GPGSV,3,2,09,24,06,041,44,27,35,245,44,28,37,165,46,31,16,186,33,6*6A
$GPGSV,3,3,09,32,74,329,48,6*5C
$GPGSV,1,1,01,49,17,257,,0*5F
$GLGSV,3,1,09,65,45,297,46,66,14,252,39,72,35,016,45,74,10,082,19,1*70
$GLGSV,3,2,09,75,07,130,24,86,26,159,44,87,72,181,49,88,39,326,49,1*79
$GLGSV,3,3,09,,,,48,1*7D
$GLGSV,2,1,06,65,45,297,10,66,14,252,39,72,35,016,46,75,07,130,41,3*7E
$GLGSV,2,2,06,86,26,159,40,88,39,326,46,3*70
$GLGSV,1,1,01,73,00,042,,0*4A
$GAGSV,2,1,06,03,73,008,53,05,23,039,46,08,47,236,51,13,13,322,38,2*76
$GAGSV,2,2,06,15,63,341,52,34,57,120,51,2*72
$GAGSV,2,1,06,03,73,008,48,05,23,039,38,08,47,236,45,13,13,322,34,7*79
$GAGSV,2,2,06,15,63,341,47,34,57,120,46,7*75
$GAGSV,1,1,01,36,07,135,,0*40
$GBGSV,2,1,08,08,31,065,42,13,43,050,45,20,47,299,48,27,22,163,42,1*7B
$GBGSV,2,2,08,29,38,304,47,32,42,027,48,38,25,077,42,39,49,079,46,1*75
$GBGSV,2,1,05,06,51,106,47,08,31,065,47,09,49,128,48,13,43,050,47,B*0F
$GBGSV,2,2,05,16,49,092,47,B*32
$GBGSV,2,1,05,10,08,165,,19,11,262,,59,08,095,,60,60,149,,0*70
$GBGSV,2,2,05,61,35,113,,0*40
$GQGSV,1,1,02,04,20,068,33,07,19,104,34,1*62
$GQGSV,1,1,03,03,06,127,32,04,20,068,39,07,19,104,44,6*59
$GNGLL,2454.22746,N,06708.26861,E,141011.00,A,D*76
$GNRMC,141012.00,A,2454.22746,N,06708.26861,E,0.015,,050525,,,R,V*03
$GNVTG,,T,,M,0.015,N,0.027,K,D*39
$GNGGA,141012.00,2454.22746,N,06708.26861,E,4,12,0.68,21.8,M,-44.2,M,1.0,0289*75
$GNGSA,A,3,08,10,18,23,02,27,28,32,31,,,,1.43,0.68,1.26,1*03
$GNGSA,A,3,87,66,86,72,65,88,,,,,,,1.43,0.68,1.26,2*08
$GNGSA,A,3,03,08,15,34,05,,,,,,,,1.43,0.68,1.26,3*03
$GNGSA,A,3,08,09,06,13,20,16,29,27,32,38,39,,1.43,0.68,1.26,4*07
$GNGSA,A,3,04,,,,,,,,,,,,1.43,0.68,1.26,5*0C
$GPGSV,4,1,13,02,19,321,39,08,23,286,41,10,49,021,46,18,23,136,40,1*66
$GPGSV,4,2,13,23,25,070,40,24,06,041,37,27,35,245,44,28,37,165,45,1*69
$GPGSV,4,3,13,31,16,186,38,32,74,329,51,36,34,246,43,40,59,208,47,1*6A
$GPGSV,4,4,13,41,56,146,47,1*50
$GPGSV,3,1,09,08,23,286,41,10,49,021,45,18,23,136,42,23,25,070,42,6*6B
$GPGSV,3,2,09,24,06,041,44,27,35,245,44,28,37,165,46,31,16,186,34,6*6D
$GPGSV,3,3,09,32,74,329,48,6*5C
$GPGSV,1,1,01,49,17,257,,0*5F
$GLGSV,3,1,09,65,45,297,46,66,14,252,39,72,35,016,45,74,10,082,18,1*71
$GLGSV,3,2,09,75,07,130,23,86,26,159,44,87,72,181,49,88,39,326,49,1*7E
$GLGSV,3,3,09,,,,48,1*7D
$GLGSV,2,1,06,65,45,297,09,66,14,252,39,72,35,016,46,75,07,130,41,3*76
$GLGSV,2,2,06,86,26,159,40,88,39,326,46,3*70
$GLGSV,1,1,01,73,00,042,,0*4A
$GAGSV,2,1,06,03,73,008,53,05,23,039,46,08,47,236,51,13,13,322,38,2*76
$GAGSV,2,2,06,15,63,341,52,34,57,120,51,2*72
$GAGSV,2,1,06,03,73,008,48,05,23,039,38,08,47,236,45,13,13,322,33,7*7E
$GAGSV,2,2,06,15,63,341,47,34,57,120,46,7*75
$GAGSV,1,1,01,36,07,135,,0*40
$GBGSV,2,1,08,08,31,065,42,13,43,050,45,20,47,299,48,27,22,163,42,1*7B
$GBGSV,2,2,08,29,38,304,47,32,42,027,48,38,25,077,42,39,49,079,46,1*75
$GBGSV,2,1,06,06,51,106,47,08,31,065,47,09,49,128,48,13,43,050,47,B*0C
$GBGSV,2,2,06,16,49,092,47,38,25,077,17,B*0B
$GBGSV,2,1,05,10,08,165,,19,11,262,,59,08,095,,60,60,149,,0*70
$GBGSV,2,2,05,61,35,113,,0*40
$GQGSV,1,1,02,04,20,068,33,07,19,104,34,1*62
$GQGSV,1,1,03,03,06,127,32,04,20,068,39,07,19,104,44,6*59
$GNGLL,2454.22746,N,06708.26861,E,141012.00,A,D*75
$GNRMC,141013.00,A,2454.22746,N,06708.26861,E,0.006,,050525,,,R,V*00
$GNVTG,,T,,M,0.006,N,0.011,K,D*3E
$GNGGA,141013.00,2454.22746,N,06708.26861,E,4,12,0.68,21.8,M,-44.2,M,1.0,0289*74
$GNGSA,A,3,08,10,18,23,02,27,28,32,31,,,,1.43,0.68,1.26,1*03
$GNGSA,A,3,87,66,86,72,65,88,,,,,,,1.43,0.68,1.26,2*08
$GNGSA,A,3,03,08,15,34,05,,,,,,,,1.43,0.68,1.26,3*03
$GNGSA,A,3,08,09,06,13,20,16,29,27,32,38,39,,1.43,0.68,1.26,4*07
$GNGSA,A,3,04,,,,,,,,,,,,1.43,0.68,1.26,5*0C
$GPGSV,4,1,13,02,19,321,39,08,23,286,41,10,49,021,46,18,23,136,40,1*66
$GPGSV,4,2,13,23,25,070,40,24,06,041,37,27,35,245,44,28,37,165,45,1*69
$GPGSV,4,3,13,31,16,186,37,32,74,329,51,36,34,246,43,40,59,208,47,1*65
$GPGSV,4,4,13,41,56,146,47,1*50
$GPGSV,3,1,09,08,23,286,40,10,49,021,45,18,23,136,42,23,25,070,42,6*6A
$GPGSV,3,2,09,24,06,041,44,27,35,245,44,28,37,165,46,31,16,186,33,6*6A
$GPGSV,3,3,09,32,74,329,48,6*5C
$GPGSV,1,1,01,49,17,257,,0*5F
$GLGSV,3,1,09,65,45,297,46,66,14,252,39,72,35,016,45,74,10,082,17,1*7E
$GLGSV,3,2,09,75,07,130,22,86,26,159,44,87,72,181,49,88,39,326,49,1*7F
$GLGSV,3,3,09,,,,48,1*7D
$GLGSV,2,1,06,65,45,297,07,66,14,252,39,72,35,016,46,75,07,130,42,3*7B
$GLGSV,2,2,06,86,26,159,40,88,39,326,46,3*70
$GLGSV,1,1,01,73,00,042,,0*4A
$GAGSV,2,1,06,03,73,008,53,05,23,039,46,08,47,236,51,13,13,322,38,2*76
$GAGSV,2,2,06,15,63,341,51,34,57,120,51,2*71
$GAGSV,2,1,06,03,73,008,48,05,23,039,38,08,47,236,45,13,13,322,34,7*79
$GAGSV,2,2,06,15,63,341,47,34,57,120,46,7*75
$GAGSV,1,1,01,36,07,135,,0*40
$GBGSV,2,1,08,08,31,065,42,13,43,050,45,20,47,299,48,27,22,163,42,1*7B
$GBGSV,2,2,08,29,38,304,47,32,42,027,48,38,25,077,42,39,49,079,46,1*75
$GBGSV,2,1,06,06,51,106,47,08,31,065,47,09,49,128,48,13,43,050,47,B*0C
$GBGSV,2,2,06,16,49,092,47,38,25,077,14,B*08
$GBGSV,2,1,05,10,08,165,,19,11,262,,59,08,095,,60,60,149,,0*70
$GBGSV,2,2,05,61,35,113,,0*40
$GQGSV,1,1,02,04,20,068,33,07,19,104,34,1*62
$GQGSV,1,1,03,03,06,127,33,04,20,068,39,07,19,104,44,6*58
$GNGLL,2454.22746,N,06708.26861,E,141013.00,A,D*74
$GNRMC,141014.00,A,2454.22746,N,06708.26861,E,0.008,,050525,,,R,V*09
$GNVTG,,T,,M,0.008,N,0.014,K,D*35
$GNGGA,141014.00,2454.22746,N,06708.26861,E,4,12,0.68,21.8,M,-44.2,M,1.0,0289*73
$GNGSA,A,3,08,10,18,23,02,27,28,32,31,,,,1.43,0.68,1.26,1*03
$GNGSA,A,3,87,66,86,72,65,88,,,,,,,1.43,0.68,1.26,2*08
$GNGSA,A,3,03,08,15,34,05,,,,,,,,1.43,0.68,1.26,3*03
$GNGSA,A,3,08,09,06,13,20,16,29,27,32,38,39,,1.43,0.68,1.26,4*07
$GNGSA,A,3,04,,,,,,,,,,,,1.43,0.68,1.26,5*0C
$GPGSV,4,1,13,02,19,321,39,08,23,286,41,10,49,021,46,18,23,136,40,1*66
$GPGSV,4,2,13,23,25,070,40,24,06,041,37,27,35,245,44,28,37,165,45,1*69
$GPGSV,4,3,13,31,16,186,37,32,74,329,51,36,34,246,43,40,59,208,47,1*65
$GPGSV,4,4,13,41,56,146,47,1*50
$GPGSV,3,1,09,08,23,286,40,10,49,021,45,18,23,136,42,23,25,070,42,6*6A
$GPGSV,3,2,09,24,06,041,44,27,35,245,44,28,37,165,46,31,16,186,33,6*6A
$GPGSV,3,3,09,32,74,329,48,6*5C
$GPGSV,1,1,01,49,17,257,,0*5F
$GLGSV,3,1,09,65,45,297,46,66,14,252,39,72,35,016,45,74,10,082,17,1*7E
$GLGSV,3,2,09,75,07,130,21,86,26,159,44,87,72,181,49,88,39,326,49,1*7C
$GLGSV,3,3,09,,,,48,1*7D
$GLGSV,2,1,06,65,45,297,11,66,14,252,39,72,35,016,46,75,07,130,42,3*7C
$GLGSV,2,2,06,86,26,159,40,88,39,326,46,3*70
$GLGSV,1,1,01,73,00,042,,0*4A
$GAGSV,2,1,06,03,73,008,53,05,23,039,46,08,47,236,51,13,13,322,38,2*76
$GAGSV,2,2,06,15,63,341,52,34,57,120,51,2*72
$GAGSV,2,1,06,03,73,008,48,05,23,039,38,08,47,236,45,13,13,322,34,7*79
$GAGSV,2,2,06,15,63,341,47,34,57,120,46,7*75
$GAGSV,1,1,01,36,07,135,,0*40
$GBGSV,2,1,08,08,31,065,42,13,43,050,45,20,47,299,48,27,22,163,42,1*7B
$GBGSV,2,2,08,29,38,304,47,32,42,027,48,38,25,077,42,39,49,079,46,1*75
$GBGSV,2,1,06,06,51,106,47,08,31,065,47,09,49,128,48,13,43,050,47,B*0C
$GBGSV,2,2,06,16,49,092,47,38,25,077,10,B*0C
$GBGSV,2,1,05,10,08,165,,19,11,262,,59,08,095,,60,60,149,,0*70
$GBGSV,2,2,05,61,35,113,,0*40
$GQGSV,1,1,02,04,20,068,32,07,19,104,35,1*62
$GQGSV,1,1,03,03,06,127,32,04,20,068,39,07,19,104,44,6*59
$GNGLL,2454.22746,N,06708.26861,E,141014.00,A,D*73
$GNRMC,141015.00,A,2454.22745,N,06708.26861,E,0.014,,050525,,,R,V*06
$GNVTG,,T,,M,0.014,N,0.025,K,D*3A
$GNGGA,141015.00,2454.22745,N,06708.26861,E,4,12,0.68,21.8,M,-44.2,M,1.0,0289*71
$GNGSA,A,3,08,10,18,23,02,27,28,32,31,,,,1.43,0.68,1.26,1*03
$GNGSA,A,3,87,66,86,72,65,88,,,,,,,1.43,0.68,1.26,2*08
$GNGSA,A,3,03,08,15,34,05,,,,,,,,1.43,0.68,1.26,3*03
$GNGSA,A,3,08,09,06,13,20,16,29,27,32,38,39,,1.43,0.68,1.26,4*07
$GNGSA,A,3,04,,,,,,,,,,,,1.43,0.68,1.26,5*0C
$GPGSV,4,1,13,02,19,321,39,08,23,286,41,10,49,021,46,18,23,136,40,1*66
$GPGSV,4,2,13,23,25,070,40,24,06,041,37,27,34,244,44,28,37,165,45,1*69
$GPGSV,4,3,13,31,16,186,37,32,74,329,51,36,34,246,43,40,59,208,47,1*65
$GPGSV,4,4,13,41,56,146,47,1*50
$GPGSV,3,1,09,08,23,286,40,10,49,021,45,18,23,136,42,23,25,070,42,6*6A
$GPGSV,3,2,09,24,06,041,44,27,34,244,44,28,37,165,46,31,16,186,33,6*6A
$GPGSV,3,3,09,32,74,329,48,6*5C
$GPGSV,1,1,01,49,17,257,,0*5F
$GLGSV,3,1,09,65,45,297,46,66,14,252,39,72,35,016,45,74,10,082,17,1*7E
$GLGSV,3,2,09,75,07,130,20,86,26,159,44,87,72,181,49,88,39,326,49,1*7D
$GLGSV,3,3,09,,,,48,1*7D
$GLGSV,2,1,06,65,45,297,08,66,14,252,39,72,35,016,46,75,07,130,42,3*74
$GLGSV,2,2,06,86,26,159,40,88,39,326,47,3*71
$GLGSV,1,1,01,73,00,042,,0*4A
$GAGSV,2,1,06,03,73,008,53,05,23,039,46,08,47,236,51,13,13,322,38,2*76
$GAGSV,2,2,06,15,63,341,52,34,57,120,51,2*72
$GAGSV,2,1,06,03,73,008,48,05,23,039,38,08,47,236,45,13,13,322,33,7*7E
$GAGSV,2,2,06,15,63,341,47,34,57,120,46,7*75
$GAGSV,1,1,01,36,07,135,,0*40
$GBGSV,2,1,08,08,31,065,42,13,43,050,45,20,47,299,48,27,22,163,42,1*7B
$GBGSV,2,2,08,29,38,304,47,32,42,027,48,38,25,077,42,39,49,079,46,1*75
$GBGSV,2,1,06,06,51,106,47,08,31,065,47,09,49,128,48,13,43,050,47,B*0C
$GBGSV,2,2,06,16,49,092,47,38,25,077,09,B*04
$GBGSV,2,1,05,10,08,165,,19,11,262,,59,08,095,,60,60,149,,0*70
$GBGSV,2,2,05,61,35,113,,0*40
$GQGSV,1,1,02,04,20,068,33,07,19,104,34,1*62
$GQGSV,1,1,03,03,06,127,32,04,20,068,39,07,19,104,44,6*59
$GNGLL,2454.22745,N,06708.26861,E,141015.00,A,D*71
$GNRMC,141016.00,A,2454.22746,N,06708.26861,E,0.011,,050525,,,R,V*03
$GNVTG,,T,,M,0.011,N,0.021,K,D*3B
$GNGGA,141016.00,2454.22746,N,06708.26861,E,4,12,0.68,21.8,M,-44.2,M,1.0,0289*71
$GNGSA,A,3,08,10,18,23,02,27,28,32,31,,,,1.43,0.68,1.26,1*03
$GNGSA,A,3,87,66,86,72,65,88,,,,,,,1.43,0.68,1.26,2*08
$GNGSA,A,3,03,08,15,34,05,,,,,,,,1.43,0.68,1.26,3*03
$GNGSA,A,3,08,09,06,13,20,16,29,27,32,38,39,,1.43,0.68,1.26,4*07
$GNGSA,A,3,04,,,,,,,,,,,,1.43,0.68,1.26,5*0C
$GPGSV,4,1,13,02,19,321,40,08,23,286,41,10,49,021,46,18,23,136,40,1*68
$GPGSV,4,2,13,23,25,070,40,24,06,041,37,27,34,244,44,28,38,165,45,1*66
$GPGSV,4,3,13,31,16,186,37,32,74,329,51,36,34,246,43,40,59,208,47,1*65
$GPGSV,4,4,13,41,56,146,47,1*50
$GPGSV,3,1,09,08,23,286,40,10,49,021,45,18,23,136,42,23,25,070,42,6*6A
$GPGSV,3,2,09,24,06,041,44,27,34,244,44,28,38,165,46,31,16,186,33,6*65
$GPGSV,3,3,09,32,74,329,48,6*5C
$GPGSV,1,1,01,49,17,257,,0*5F
$GLGSV,3,1,09,65,45,297,46,66,14,252,39,72,35,016,45,74,10,082,17,1*7E
$GLGSV,3,2,09,75,07,130,22,86,26,159,44,87,72,181,49,88,39,326,49,1*7F
$GLGSV,3,3,09,,,,48,1*7D
$GLGSV,2,1,06,65,45,297,09,66,14,252,39,72,35,016,46,75,07,130,42,3*75
$GLGSV,2,2,06,86,26,159,40,88,39,326,46,3*70
$GLGSV,1,1,01,73,00,042,,0*4A
$GAGSV,2,1,06,03,73,008,53,05,23,039,47,08,47,236,51,13,13,322,38,2*77
$GAGSV,2,2,06,15,63,341,52,34,57,120,51,2*72
$GAGSV,2,1,06,03,73,008,48,05,23,039,38,08,47,236,45,13,13,322,33,7*7E
$GAGSV,2,2,06,15,63,341,47,34,57,120,46,7*75
$GAGSV,1,1,01,36,07,135,,0*40
$GBGSV,2,1,08,08,31,065,42,13,43,050,45,20,47,299,48,27,22,163,42,1*7B
$GBGSV,2,2,08,29,38,304,47,32,42,027,48,38,25,077,42,39,49,079,46,1*75
$GBGSV,2,1,06,06,51,106,47,08,31,065,47,09,49,128,48,13,43,050,47,B*0C
$GBGSV,2,2,06,16,49,092,47,38,25,077,10,B*0C
$GBGSV,2,1,05,10,08,165,,19,11,262,,59,08,095,,60,60,149,,0*70
$GBGSV,2,2,05,61,35,113,,0*40
$GQGSV,1,1,02,04,20,068,33,07,19,104,34,1*62
$GQGSV,1,1,03,03,06,127,32,04,20,068,39,07,19,104,44,6*59
$GNGLL,2454.22746,N,06708.26861,E,141016.00,A,D*71
$GNRMC,141017.00,A,2454.22746,N,06708.26861,E,0.008,,050525,,,R,V*0A
$GNVTG,,T,,M,0.008,N,0.016,K,D*37
$GNGGA,141017.00,2454.22746,N,06708.26861,E,4,12,0.68,21.8,M,-44.2,M,1.0,0289*70
$GNGSA,A,3,08,10,18,23,02,27,28,32,31,,,,1.43,0.68,1.26,1*03
$GNGSA,A,3,87,66,86,72,65,88,,,,,,,1.43,0.68,1.26,2*08
$GNGSA,A,3,03,08,15,34,05,,,,,,,,1.43,0.68,1.26,3*03
$GNGSA,A,3,08,09,06,13,20,16,29,27,32,38,39,,1.43,0.68,1.26,4*07
$GNGSA,A,3,04,,,,,,,,,,,,1.43,0.68,1.26,5*0C
$GPGSV,4,1,13,02,19,321,40,08,23,286,41,10,49,021,46,18,23,136,40,1*68
$GPGSV,4,2,13,23,25,070,40,24,06,041,37,27,34,244,44,28,38,165,45,1*66
$GPGSV,4,3,13,31,16,186,37,32,74,329,51,36,34,246,43,40,59,208,47,1*65
$GPGSV,4,4,13,41,56,146,47,1*50
$GPGSV,3,1,09,08,23,286,41,10,49,021,45,18,23,136,42,23,25,070,42,6*6B
$GPGSV,3,2,09,24,06,041,44,27,34,244,44,28,38,165,46,31,16,186,33,6*65
$GPGSV,3,3,09,32,74,329,48,6*5C
$GPGSV,1,1,01,49,17,257,,0*5F
$GLGSV,3,1,09,65,45,297,46,66,14,252,40,72,35,016,45,74,10,082,14,1*73
$GLGSV,3,2,09,75,07,130,22,86,26,159,44,87,72,181,49,88,39,326,48,1*7E
$GLGSV,3,3,09,,,,48,1*7D
$GLGSV,2,1,06,65,45,297,10,66,14,252,40,72,35,016,46,75,07,130,42,3*73
$GLGSV,2,2,06,86,26,159,40,88,39,326,46,3*70
$GLGSV,1,1,01,73,00,042,,0*4A
$GAGSV,2,1,06,03,73,008,53,05,23,039,47,08,47,236,51,13,13,322,38,2*77
$GAGSV,2,2,06,15,63,341,52,34,57,120,51,2*72
$GAGSV,2,1,06,03,73,008,48,05,23,039,38,08,47,236,45,13,13,322,33,7*7E
$GAGSV,2,2,06,15,63,341,47,34,57,120,46,7*75
$GAGSV,1,1,01,36,07,135,,0*40
$GBGSV,2,1,08,08,31,065,42,13,43,050,45,20,47,299,48,27,22,163,42,1*7B
$GBGSV,2,2,08,29,38,304,47,32,42,027,48,38,25,077,42,39,49,079,46,1*75
$GBGSV,2,1,06,06,51,106,47,08,31,065,47,09,49,128,48,13,43,050,47,B*0C
$GBGSV,2,2,06,16,49,092,47,38,25,077,09,B*04
$GBGSV,2,1,05,10,08,165,,19,11,262,,59,08,095,,60,60,149,,0*70
$GBGSV,2,2,05,61,35,113,,0*40
$GQGSV,1,1,02,04,20,068,33,07,19,104,34,1*62
$GQGSV,1,1,03,03,06,127,32,04,20,068,39,07,19,104,44,6*59
$GNGLL,2454.22746,N,06708.26861,E,141017.00,A,D*70
$GNRMC,141018.00,A,2454.22745,N,06708.26861,E,0.009,,050525,,,R,V*07
$GNVTG,,T,,M,0.009,N,0.017,K,D*37
$GNGGA,141018.00,2454.22745,N,06708.26861,E,4,12,0.68,21.8,M,-44.2,M,1.0,0289*7C
$GNGSA,A,3,08,10,18,23,02,27,28,32,31,,,,1.43,0.68,1.26,1*03
$GNGSA,A,3,87,66,86,72,65,88,,,,,,,1.43,0.68,1.26,2*08
$GNGSA,A,3,03,08,15,34,05,,,,,,,,1.43,0.68,1.26,3*03
$GNGSA,A,3,08,09,06,13,20,16,29,27,32,38,39,,1.43,0.68,1.26,4*07
$GNGSA,A,3,04,,,,,,,,,,,,1.43,0.68,1.26,5*0C
$GPGSV,4,1,13,02,19,321,40,08,23,286,41,10,49,021,46,18,23,136,40,1*68
$GPGSV,4,2,13,23,25,070,40,24,06,041,37,27,34,244,44,28,38,165,45,1*66
$GPGSV,4,3,13,31,16,186,37,32,73,332,51,36,34,246,43,40,59,208,47,1*68
$GPGSV,4,4,13,41,56,146,47,1*50
$GPGSV,3,1,09,08,23,286,41,10,49,021,45,18,23,136,42,23,25,070,42,6*6B
$GPGSV,3,2,09,24,06,041,44,27,34,244,44,28,38,165,46,31,16,186,33,6*65
$GPGSV,3,3,09,32,73,332,48,6*51
$GPGSV,1,1,01,49,17,257,,0*5F
$GLGSV,3,1,09,65,45,297,46,66,14,252,40,72,35,016,45,74,10,082,12,1*75
$GLGSV,3,2,09,75,07,130,23,86,26,159,44,87,72,181,49,88,39,326,48,1*7F
$GLGSV,3,3,09,,,,48,1*7D
$GLGSV,2,1,06,65,45,297,08,66,14,252,39,72,35,016,46,75,07,130,42,3*74
$GLGSV,2,2,06,86,26,159,40,88,39,326,46,3*70
$GLGSV,1,1,01,73,00,042,,0*4A
$GAGSV,2,1,06,03,73,008,53,05,23,039,46,08,47,236,51,13,13,322,38,2*76
$GAGSV,2,2,06,15,63,341,52,34,57,120,51,2*72
$GAGSV,2,1,06,03,73,008,48,05,23,039,38,08,47,236,45,13,13,322,33,7*7E
$GAGSV,2,2,06,15,63,341,47,34,57,120,46,7*75
$GAGSV,1,1,01,36,07,135,,0*40
$GBGSV,2,1,08,08,31,065,42,13,43,050,44,20,47,299,48,27,22,163,41,1*79
$GBGSV,2,2,08,29,38,304,47,32,42,027,48,38,25,077,42,39,49,079,46,1*75
$GBGSV,2,1,06,06,51,106,47,08,31,065,47,09,49,128,48,13,43,050,47,B*0C
$GBGSV,2,2,06,16,49,092,47,38,25,077,08,B*05
$GBGSV,2,1,05,10,08,165,,19,11,262,,59,08,095,,60,60,149,,0*70
$GBGSV,2,2,05,61,35,113,,0*40
$GQGSV,1,1,02,04,20,068,33,07,19,104,34,1*62
$GQGSV,1,1,03,03,06,127,32,04,20,068,39,07,19,104,44,6*59
$GNGLL,2454.22745,N,06708.26861,E,141018.00,A,D*7C
$GNRMC,141019.00,A,2454.22746,N,06708.26861,E,0.006,,050525,,,R,V*0A
$GNVTG,,T,,M,0.006,N,0.011,K,D*3E
$GNGGA,141019.00,2454.22746,N,06708.26861,E,4,12,0.68,21.8,M,-44.2,M,1.0,0289*7E
$GNGSA,A,3,08,10,18,23,02,27,28,32,31,,,,1.43,0.68,1.26,1*03
$GNGSA,A,3,87,66,86,72,65,88,,,,,,,1.43,0.68,1.26,2*08
$GNGSA,A,3,03,08,15,34,05,,,,,,,,1.43,0.68,1.26,3*03
$GNGSA,A,3,08,09,06,13,20,16,29,27,32,38,39,,1.43,0.68,1.26,4*07
$GNGSA,A,3,04,,,,,,,,,,,,1.43,0.68,1.26,5*0C
$GPGSV,4,1,13,02,19,321,40,08,23,286,41,10,49,021,46,18,23,136,40,1*68
$GPGSV,4,2,13,23,25,070,40,24,06,041,37,27,34,244,44,28,38,165,45,1*66
$GPGSV,4,3,13,31,16,186,37,32,73,332,51,36,34,246,43,40,59,208,47,1*68
$GPGSV,4,4,13,41,56,146,47,1*50
$GPGSV,3,1,09,08,23,286,41,10,49,021,45,18,23,136,42,23,25,070,42,6*6B
$GPGSV,3,2,09,24,06,041,44,27,34,244,44,28,38,165,46,31,16,186,34,6*62
$GPGSV,3,3,09,32,73,332,48,6*51
$GPGSV,1,1,01,49,17,257,,0*5F
$GLGSV,3,1,09,65,45,297,46,66,14,252,40,72,35,016,45,74,10,082,15,1*72
$GLGSV,3,2,09,75,07,130,24,86,26,159,44,87,72,181,49,88,39,326,48,1*78
$GLGSV,3,3,09,,,,48,1*7D
$GLGSV,2,1,06,65,45,297,12,66,14,252,40,72,35,016,46,75,07,130,42,3*71
$GLGSV,2,2,06,86,26,159,40,88,39,326,46,3*70
$GLGSV,1,1,01,73,00,042,,0*4A
$GAGSV,2,1,06,03,73,008,53,05,23,039,47,08,47,236,51,13,13,322,38,2*77
$GAGSV,2,2,06,15,63,341,52,34,57,120,51,2*72
$GAGSV,2,1,06,03,73,008,48,05,23,039,38,08,47,236,45,13,13,322,33,7*7E
$GAGSV,2,2,06,15,63,341,47,34,57,120,46,7*75
$GAGSV,1,1,01,36,07,135,,0*40
$GBGSV,2,1,08,08,31,065,42,13,43,050,45,20,47,299,48,27,22,163,41,1*78
$GBGSV,2,2,08,29,38,304,47,32,42,027,48,38,25,077,42,39,49,079,46,1*75
$GBGSV,2,1,06,06,51,106,47,08,31,065,47,09,49,128,48,13,43,050,47,B*0C
$GBGSV,2,2,06,16,49,092,47,38,25,077,08,B*05
$GBGSV,2,1,05,10,08,165,,19,11,262,,59,08,095,,60,60,149,,0*70
$GBGSV,2,2,05,61,35,113,,0*40
$GQGSV,1,1,02,04,20,068,33,07,19,104,34,1*62
$GQGSV,1,1,03,03,06,127,32,04,20,068,39,07,19,104,44,6*59
$GNGLL,2454.22746,N,06708.26861,E,141019.00,A,D*7E
$GNRMC,141020.00,A,2454.22746,N,06708.26861,E,0.007,,050525,,,R,V*01
$GNVTG,,T,,M,0.007,N,0.014,K,D*3A
$GNGGA,141020.00,2454.22746,N,06708.26861,E,4,12,0.68,21.8,M,-44.2,M,1.0,0289*74
$GNGSA,A,3,08,10,18,23,02,27,28,32,31,,,,1.43,0.68,1.26,1*03
$GNGSA,A,3,87,66,86,72,65,88,,,,,,,1.43,0.68,1.26,2*08
$GNGSA,A,3,03,08,15,34,05,,,,,,,,1.43,0.68,1.26,3*03
$GNGSA,A,3,08,09,06,13,20,16,29,27,32,38,39,,1.43,0.68,1.26,4*07
$GNGSA,A,3,04,,,,,,,,,,,,1.43,0.68,1.26,5*0C
$GPGSV,4,1,14,02,19,321,40,08,23,286,41,10,49,021,46,18,23,136,40,1*6F
$GPGSV,4,2,14,23,25,070,40,24,06,041,37,27,34,244,44,28,38,165,45,1*61
$GPGSV,4,3,14,29,,,28,31,16,186,37,32,73,332,51,36,34,246,43,1*5F
$GPGSV,4,4,14,40,59,208,47,41,56,146,47,1*66
$GPGSV,3,1,09,08,23,286,41,10,49,021,45,18,23,136,42,23,25,070,42,6*6B
$GPGSV,3,2,09,24,06,041,44,27,34,244,44,28,38,165,46,31,16,186,33,6*65
$GPGSV,3,3,09,32,73,332,48,6*51
$GPGSV,1,1,01,49,17,257,,0*5F
$GLGSV,3,1,09,65,45,297,46,66,14,252,40,72,35,016,45,74,10,082,17,1*70
$GLGSV,3,2,09,75,07,130,25,86,26,159,44,87,72,181,49,88,39,326,48,1*79
$GLGSV,3,3,09,,,,48,1*7D
$GLGSV,2,1,06,65,45,297,11,66,14,252,40,72,35,016,47,75,07,130,42,3*73
$GLGSV,2,2,06,86,26,159,40,88,39,326,46,3*70
$GLGSV,1,1,01,73,00,042,,0*4A
$GAGSV,2,1,06,03,73,008,53,05,23,039,47,08,47,236,51,13,13,322,38,2*77
$GAGSV,2,2,06,15,63,341,52,34,57,120,51,2*72
$GAGSV,2,1,06,03,73,008,47,05,23,039,38,08,47,236,45,13,13,322,33,7*71
$GAGSV,2,2,06,15,63,341,47,34,57,120,46,7*75
$GAGSV,1,1,01,36,07,135,,0*40
$GBGSV,2,1,08,08,31,065,42,13,43,050,45,20,47,299,48,27,22,163,41,1*78
$GBGSV,2,2,08,29,38,304,