$GNRMC,140017.00,A,2454.22747,N,06708.26894,E,0.004,,050525,,,R,V*0C
$GNVTG,,T,,M,0.004,N,0.007,K,D*3B
$GNGGA,140017.00,2454.22747,N,06708.26894,E,4,12,0.73,21.8,M,-44.2,M,1.0,0288*71
$GNGSA,A,3,08,10,18,23,27,28,32,31,,,,,1.49,0.73,1.30,1*06
$GNGSA,A,3,87,66,86,72,65,88,,,,,,,1.49,0.73,1.30,2*0F
$GNGSA,A,3,03,08,15,34,05,,,,,,,,1.49,0.73,1.30,3*04
$GNGSA,A,3,08,09,06,13,20,16,29,27,32,38,39,,1.49,0.73,1.30,4*00
$GNGSA,A,3,04,,,,,,,,,,,,1.49,0.73,1.30,5*0B
$GPGSV,4,1,13,02,,,38,08,23,291,40,10,49,014,47,18,27,133,42,1*5C
$GPGSV,4,2,13,23,27,066,41,24,09,043,38,27,37,249,44,28,33,167,43,1*61
$GPGSV,4,3,13,31,12,187,38,32,76,315,51,36,41,240,42,40,58,207,47,1*69
$GPGSV,4,4,13,41,56,146,47,1*50
$GPGSV,3,1,09,08,23,291,39,10,49,014,46,18,27,133,44,23,27,066,44,6*63
$GPGSV,3,2,09,24,09,043,39,27,37,249,44,28,33,167,45,31,12,187,33,6*63
$GPGSV,3,3,09,32,76,315,48,6*51
$GLGSV,2,1,08,65,45,289,46,66,11,247,31,72,38,011,47,75,04,134,38,1*75
$GLGSV,2,2,08,86,31,157,47,87,78,181,49,88,34,329,50,,,,49,1*4E
$GLGSV,2,1,05,66,11,247,37,72,38,011,46,75,04,134,27,86,31,157,44,3*7F
$GLGSV,2,2,05,88,34,329,46,3*42
$GAGSV,2,1,05,03,76,005,53,05,25,038,48,08,44,232,51,15,60,340,52,2*79
$GAGSV,2,2,05,34,59,114,52,2*4B
$GAGSV,2,1,05,03,76,005,47,05,25,038,40,08,44,232,44,15,60,340,47,7*71
$GAGSV,2,2,05,34,59,114,47,7*4A
$GBGSV,2,1,08,08,30,063,40,13,43,047,44,20,46,293,48,27,26,163,41,1*75
$GBGSV,2,2,08,29,36,307,48,32,45,023,48,38,25,074,41,39,48,082,47,1*70
$GBGSV,2,1,05,06,50,108,48,08,30,063,48,09,47,129,48,13,43,047,47,B*0E
$GBGSV,2,2,05,16,48,095,47,B*34
$GQGSV,1,1,02,04,21,067,38,07,,,34,1*5A
$GQGSV,1,1,01,04,21,067,39,6*5F
$GNGLL,2454.22747,N,06708.26894,E,140017.00,A,D*7A
$GNRMC,140018.00,A,2454.22747,N,06708.26894,E,0.005,,050525,,,R,V*02
$GNVTG,,T,,M,0.005,N,0.010,K,D*3C
$GNGGA,140018.00,2454.22747,N,06708.26894,E,4,12,0.73,21.8,M,-44.2,M,1.0,0288*7E
$GNGSA,A,3,08,10,18,23,27,28,32,31,,,,,1.49,0.73,1.30,1*06
$GNGSA,A,3,87,66,86,72,65,88,,,,,,,1.49,0.73,1.30,2*0F
$GNGSA,A,3,03,08,15,34,05,,,,,,,,1.49,0.73,1.30,3*04
$GNGSA,A,3,08,09,06,13,20,16,29,27,32,38,39,,1.49,0.73,1.30,4*00
$GNGSA,A,3,04,,,,,,,,,,,,1.49,0.73,1.30,5*0B
$GPGSV,4,1,13,02,,,38,08,23,291,40,10,49,014,47,18,27,133,42,1*5C
$GPGSV,4,2,13,23,27,066,41,24,09,043,38,27,37,249,44,28,33,167,43,1*61
$GPGSV,4,3,13,31,12,187,38,32,76,315,51,36,41,240,42,40,58,207,47,1*69
$GPGSV,4,4,13,41,56,146,47,1*50
$GPGSV,3,1,09,08,23,291,39,10,49,014,46,18,27,133,44,23,27,066,44,6*63
$GPGSV,3,2,09,24,09,043,39,27,37,249,44,28,33,167,45,31,12,187,33,6*63
$GPGSV,3,3,09,32,76,315,48,6*51
$GLGSV,2,1,08,65,45,289,46,66,11,247,32,72,38,011,47,75,04,134,38,1*76
$GLGSV,2,2,08,86,31,157,47,87,78,181,49,88,34,329,50,,,,49,1*4E
$GLGSV,2,1,05,66,11,247,37,72,38,011,46,75,04,134,27,86,31,157,44,3*7F
$GLGSV,2,2,05,88,34,329,46,3*42
$GAGSV,2,1,05,03,76,005,53,05,25,038,48,08,44,232,51,15,60,340,52,2*79
$GAGSV,2,2,05,34,59,114,52,2*4B
$GAGSV,2,1,05,03,76,005,47,05,25,038,40,08,44,232,44,15,60,340,47,7*71
$GAGSV,2,2,05,34,59,114,47,7*4A
$GBGSV,2,1,08,08,30,063,40,13,43,047,44,20,46,293,48,27,26,163,41,1*75
$GBGSV,2,2,08,29,36,307,48,32,45,023,48,38,25,074,41,39,48,082,47,1*70
$GBGSV,2,1,05,06,50,108,47,08,30,063,48,09,47,129,48,13,43,047,47,B*01
$GBGSV,2,2,05,16,48,095,47,B*34
$GQGSV,1,1,02,04,21,067,38,07,,,34,1*5A
$GQGSV,1,1,01,04,21,067,39,6*5F
$GNGLL,2454.22747,N,06708.26894,E,140018.00,A,D*75
$GNRMC,140019.00,A,2454.22747,N,06708.26894,E,0.009,,050525,,,R,V*0F
$GNVTG,,T,,M,0.009,N,0.017,K,D*37
$GNGGA,140019.00,2454.22747,N,06708.26894,E,4,12,0.73,21.8,M,-44.2,M,1.0,0288*7F
$GNGSA,A,3,08,10,18,23,27,28,32,31,,,,,1.49,0.73,1.30,1*06
$GNGSA,A,3,87,66,86,72,65,88,,,,,,,1.49,0.73,1.30,2*0F
$GNGSA,A,3,03,08,15,34,05,,,,,,,,1.49,0.73,1.30,3*04
$GNGSA,A,3,08,09,06,13,20,16,29,27,32,38,39,,1.49,0.73,1.30,4*00
$GNGSA,A,3,04,,,,,,,,,,,,1.49,0.73,1.30,5*0B
$GPGSV,4,1,13,02,,,38,08,23,291,40,10,49,014,47,18,27,133,42,1*5C
$GPGSV,4,2,13,23,27,066,41,24,09,043,37,27,37,249,44,28,33,167,43,1*6E
$GPGSV,4,3,13,31,12,187,38,32,76,315,51,36,41,240,42,40,58,207,47,1*69
$GPGSV,4,4,13,41,56,146,47,1*50
$GPGSV,3,1,09,08,23,291,39,10,49,014,46,18,27,133,44,23,27,066,44,6*63
$GPGSV,3,2,09,24,09,043,39,27,37,249,44,28,33,167,45,31,12,187,33,6*63
$GPGSV,3,3,09,32,76,315,48,6*51
$GLGSV,2,1,08,65,45,289,46,66,11,247,31,72,38,011,46,75,04,134,38,1*74
$GLGSV,2,2,08,86,31,157,47,87,78,181,48,88,34,329,50,,,,49,1*4F
$GLGSV,2,1,05,66,11,247,38,72,38,011,46,75,04,134,27,86,31,157,44,3*70
$GLGSV,2,2,05,88,34,329,46,3*42
$GAGSV,2,1,05,03,76,005,53,05,25,038,48,08,44,232,51,15,60,340,52,2*79
$GAGSV,2,2,05,34,59,114,52,2*4B
$GAGSV,2,1,05,03,76,005,47,05,25,038,40,08,44,232,44,15,60,340,47,7*71
$GAGSV,2,2,05,34,59,114,47,7*4A
$GBGSV,2,1,08,08,30,063,40,13,43,047,44,20,46,293,48,27,26,163,41,1*75
$GBGSV,2,2,08,29,36,307,48,32,45,023,48,38,25,074,41,39,48,082,47,1*70
$GBGSV,2,1,05,06,50,108,48,08,30,063,48,09,47,129,48,13,43,047,47,B*0E
$GBGSV,2,2,05,16,48,095,47,B*34
$GQGSV,1,1,02,04,21,067,38,07,,,34,1*5A
$GQGSV,1,1,01,04,21,067,39,6*5F
$GNGLL,2454.22747,N,06708.26894,E,140019.00,A,D*74
$GNRMC,140020.00,A,2454.22747,N,06708.26894,E,0.001,,050525,,,R,V*0D
$GNVTG,,T,,M,0.001,N,0.002,K,D*3B
$GNGGA,140020.00,2454.22747,N,06708.26894,E,4,12,0.73,21.8,M,-44.2,M,1.0,0288*75
$GNGSA,A,3,08,10,18,23,27,28,32,31,,,,,1.49,0.73,1.30,1*06
$GNGSA,A,3,87,66,86,72,65,88,,,,,,,1.49,0.73,1.30,2*0F
$GNGSA,A,3,03,08,15,34,05,,,,,,,,1.49,0.73,1.30,3*04
$GNGSA,A,3,08,09,06,13,20,16,29,27,32,38,39,,1.49,0.73,1.30,4*00
$GNGSA,A,3,04,,,,,,,,,,,,1.49,0.73,1.30,5*0B
$GPGSV,4,1,13,02,,,38,08,23,291,40,10,49,014,47,18,27,133,42,1*5C
$GPGSV,4,2,13,23,27,066,41,24,09,043,37,27,37,249,44,28,33,167,43,1*6E
$GPGSV,4,3,13,31,12,187,38,32,76,315,51,36,41,240,42,40,58,207,47,1*69
$GPGSV,4,4,13,41,56,146,47,1*50
$GPGSV,3,1,09,08,23,291,40,10,49,014,46,18,27,133,44,23,27,066,44,6*6D
$GPGSV,3,2,09,24,09,043,39,27,37,249,44,28,33,167,45,31,12,187,33,6*63
$GPGSV,3,3,09,32,76,315,48,6*51
$GLGSV,2,1,08,65,45,290,46,66,11,247,31,72,38,011,46,75,04,134,38,1*7C
$GLGSV,2,2,08,86,31,157,47,87,78,181,48,88,34,329,50,,,,49,1*4F
$GLGSV,2,1,05,66,11,247,38,72,38,011,46,75,04,134,27,86,31,157,44,3*70
$GLGSV,2,2,05,88,34,329,46,3*42
$GAGSV,2,1,05,03,76,005,53,05,25,038,48,08,44,232,51,15,60,340,52,2*79
$GAGSV,2,2,05,34,59,114,52,2*4B
$GAGSV,2,1,05,03,76,005,47,05,25,038,40,08,44,232,44,15,60,340,47,7*71
$GAGSV,2,2,05,34,59,114,47,7*4A
$GBGSV,2,1,08,08,30,063,40,13,43,047,44,20,46,293,48,27,26,163,41,1*75
$GBGSV,2,2,08,29,36,307,48,32,45,023,48,38,25,074,41,39,48,082,47,1*70
$GBGSV,2,1,05,06,50,108,48,08,30,063,47,09,47,129,48,13,43,047,47,B*01
$GBGSV,2,2,05,16,48,095,47,B*34
$GQGSV,1,1,02,04,21,067,38,07,,,34,1*5A
$GQGSV,1,1,01,04,21,067,39,6*5F
$GNGLL,2454.22747,N,06708.26894,E,140020.00,A,D*7E
$GNRMC,140021.00,A,2454.22747,N,06708.26894,E,0.008,,050525,,,R,V*05
$GNVTG,,T,,M,0.008,N,0.014,K,D*35
$GNGGA,140021.00,2454.22747,N,06708.26894,E,4,12,0.73,21.8,M,-44.2,M,1.0,0288*74
$GNGSA,A,3,08,10,18,23,27,28,32,31,,,,,1.49,0.73,1.30,1*06
$GNGSA,A,3,87,66,86,72,65,88,,,,,,,1.49,0.73,1.30,2*0F
$GNGSA,A,3,03,08,15,34,05,,,,,,,,1.49,0.73,1.30,3*04
$GNGSA,A,3,08,09,06,13,20,16,29,27,32,38,39,,1.49,0.73,1.30,4*00
$GNGSA,A,3,04,,,,,,,,,,,,1.49,0.73,1.30,5*0B
$GPGSV,4,1,13,02,,,38,08,23,291,40,10,49,014,47,18,27,133,42,1*5C
$GPGSV,4,2,13,23,27,066,41,24,09,043,37,27,37,249,44,28,33,167,43,1*6E
$GPGSV,4,3,13,31,12,187,38,32,76,315,51,36,41,240,42,40,58,207,47,1*69
$GPGSV,4,4,13,41,56,146,47,1*50
$GPGSV,3,1,09,08,23,291,40,10,49,014,46,18,27,133,44,23,27,066,44,6*6D
$GPGSV,3,2,09,24,09,043,39,27,37,249,44,28,33,167,45,31,12,187,33,6*63
$GPGSV,3,3,09,32,76,315,48,6*51
$GLGSV,2,1,08,65,45,290,46,66,11,247,31,72,38,011,46,75,04,134,39,1*7D
$GLGSV,2,2,08,86,31,157,47,87,78,181,48,88,34,329,50,,,,48,1*4E
$GLGSV,2,1,05,66,11,247,37,72,38,011,46,75,04,134,27,86,31,157,44,3*7F
$GLGSV,2,2,05,88,34,329,46,3*42
$GAGSV,2,1,05,03,76,005,53,05,25,038,48,08,44,232,51,15,60,340,52,2*79
$GAGSV,2,2,05,34,59,114,52,2*4B
$GAGSV,2,1,05,03,76,005,47,05,25,038,40,08,44,232,44,15,60,340,47,7*71
$GAGSV,2,2,05,34,59,114,47,7*4A
$GBGSV,2,1,08,08,30,063,40,13,43,047,44,20,46,293,48,27,26,163,41,1*75
$GBGSV,2,2,08,29,36,307,48,32,45,023,48,38,25,074,41,39,48,082,47,1*70
$GBGSV,2,1,05,06,50,108,47,08,30,063,47,09,47,129,48,13,43,047,47,B*0E
$GBGSV,2,2,05,16,48,095,47,B*34
$GQGSV,1,1,02,04,21,067,38,07,,,34,1*5A
$GQGSV,1,1,01,04,21,067,39,6*5F
$GNGLL,2454.22747,N,06708.26894,E,140021.00,A,D*7F
$GNRMC,140022.00,A,2454.22747,N,06708.26894,E,0.001,,050525,,,R,V*0F
$GNVTG,,T,,M,0.001,N,0.002,K,D*3B
$GNGGA,140022.00,2454.22747,N,06708.26894,E,4,12,0.73,21.8,M,-44.2,M,1.0,0288*77
$GNGSA,A,3,08,10,18,23,27,28,32,31,,,,,1.49,0.73,1.30,1*06
$GNGSA,A,3,87,66,86,72,65,88,,,,,,,1.49,0.73,1.30,2*0F
$GNGSA,A,3,03,08,15,34,05,,,,,,,,1.49,0.73,1.30,3*04
$GNGSA,A,3,08,09,06,13,20,16,29,27,32,38,39,,1.49,0.73,1.30,4*00
$GNGSA,A,3,04,,,,,,,,,,,,1.49,0.73,1.30,5*0B
$GPGSV,4,1,13,02,,,38,08,23,291,40,10,49,014,47,18,27,133,42,1*5C
$GPGSV,4,2,13,23,27,066,41,24,09,043,37,27,37,249,44,28,33,167,43,1*6E
$GPGSV,4,3,13,31,12,187,38,32,76,315,51,36,41,240,42,40,58,207,47,1*69
$GPGSV,4,4,13,41,56,146,47,1*50
$GPGSV,3,1,09,08,23,291,40,10,49,014,46,18,27,133,44,23,27,066,44,6*6D
$GPGSV,3,2,09,24,09,043,39,27,37,249,44,28,33,167,45,31,12,187,33,6*63
$GPGSV,3,3,09,32,76,315,48,6*51
$GLGSV,2,1,08,65,45,290,46,66,11,247,31,72,38,011,47,75,04,134,39,1*7C
$GLGSV,2,2,08,86,31,157,47,87,78,181,48,88,34,329,50,,,,48,1*4E
$GLGSV,2,1,05,66,11,247,37,72,38,011,46,75,04,134,27,86,31,157,44,3*7F
$GLGSV,2,2,05,88,34,329,46,3*42
$GAGSV,2,1,05,03,76,005,53,05,25,038,48,08,44,232,51,15,60,340,52,2*79
$GAGSV,2,2,05,34,59,114,52,2*4B
$GAGSV,2,1,05,03,76,005,47,05,25,038,40,08,44,232,44,15,60,340,47,7*71
$GAGSV,2,2,05,34,59,114,47,7*4A
$GBGSV,2,1,08,08,30,063,40,13,43,047,44,20,46,293,48,27,26,163,41,1*75
$GBGSV,2,2,08,29,36,307,48,32,45,023,48,38,25,074,41,39,48,082,47,1*70
$GBGSV,2,1,05,06,50,108,47,08,30,063,47,09,47,129,48,13,43,047,47,B*0E
$GBGSV,2,2,05,16,48,095,47,B*34
$GQGSV,1,1,02,04,21,067,38,07,,,34,1*5A
$GQGSV,1,1,01,04,21,067,39,6*5F
$GNGLL,2454.22747,N,06708.26894,E,140022.00,A,D*7C
$GNRMC,140023.00,A,2454.22747,N,06708.26894,E,0.001,,050525,,,R,V*0E
$GNVTG,,T,,M,0.001,N,0.002,K,D*3B
$GNGGA,140023.00,2454.22747,N,06708.26894,E,4,12,0.73,21.8,M,-44.2,M,1.0,0288*76
$GNGSA,A,3,08,10,18,23,27,28,32,31,,,,,1.49,0.73,1.30,1*06
$GNGSA,A,3,87,66,86,72,65,88,,,,,,,1.49,0.73,1.30,2*0F
$GNGSA,A,3,03,08,15,34,05,,,,,,,,1.49,0.73,1.30,3*04
$GNGSA,A,3,08,09,06,13,20,16,29,27,32,38,39,,1.49,0.73,1.30,4*00
$GNGSA,A,3,04,,,,,,,,,,,,1.49,0.73,1.30,5*0B
$GPGSV,4,1,13,02,,,38,08,23,291,40,10,49,014,47,18,27,133,42,1*5C
$GPGSV,4,2,13,23,27,066,41,24,09,043,37,27,37,249,44,28,33,167,43,1*6E
$GPGSV,4,3,13,31,12,187,38,32,76,315,51,36,41,240,42,40,58,207,47,1*69
$GPGSV,4,4,13,41,56,146,47,1*50
$GPGSV,3,1,09,08,23,291,39,10,49,014,46,18,27,133,44,23,27,066,44,6*63
$GPGSV,3,2,09,24,09,043,39,27,37,249,44,28,33,167,45,31,12,187,33,6*63
$GPGSV,3,3,09,32,76,315,48,6*51
$GLGSV,2,1,08,65,45,290,46,66,11,247,31,72,38,011,46,75,04,134,39,1*7D
$GLGSV,2,2,08,86,31,157,47,87,78,181,48,88,34,329,50,,,,48,1*4E
$GLGSV,2,1,05,66,11,247,37,72,38,011,46,75,04,134,27,86,31,157,44,3*7F
$GLGSV,2,2,05,88,34,329,47,3*43
$GAGSV,2,1,05,03,76,005,53,05,25,038,48,08,44,232,51,15,60,340,52,2*79
$GAGSV,2,2,05,34,59,114,52,2*4B
$GAGSV,2,1,05,03,76,005,47,05,25,038,40,08,44,232,44,15,60,340,47,7*71
$GAGSV,2,2,05,34,59,114,47,7*4A
$GBGSV,2,1,08,08,30,063,40,13,43,047,44,20,46,293,48,27,26,163,41,1*75
$GBGSV,2,2,08,29,36,307,48,32,45,023,48,38,25,074,41,39,48,082,47,1*70
$GBGSV,2,1,05,06,50,108,47,08,30,063,47,09,47,129,48,13,43,047,47,B*0E
$GBGSV,2,2,05,16,48,095,47,B*34
$GQGSV,1,1,02,04,21,067,38,07,,,34,1*5A
$GQGSV,1,1,01,04,21,067,39,6*5F
$GNGLL,2454.22747,N,06708.26894,E,140023.00,A,D*7D
$GNRMC,140024.00,A,2454.22747,N,06708.26894,E,0.006,,050525,,,R,V*0E
$GNVTG,,T,,M,0.006,N,0.012,K,D*3D
$GNGGA,140024.00,2454.22747,N,06708.26894,E,4,12,0.73,21.8,M,-44.2,M,1.0,0288*71
$GNGSA,A,3,08,10,18,23,27,28,32,31,,,,,1.49,0.73,1.30,1*06
$GNGSA,A,3,87,66,86,72,65,88,,,,,,,1.49,0.73,1.30,2*0F
$GNGSA,A,3,03,08,15,34,05,,,,,,,,1.49,0.73,1.30,3*04
$GNGSA,A,3,08,09,06,13,20,16,29,27,32,38,39,,1.49,0.73,1.30,4*00
$GNGSA,A,3,04,,,,,,,,,,,,1.49,0.73,1.30,5*0B
$GPGSV,4,1,13,02,,,38,08,23,291,40,10,49,014,47,18,27,133,42,1*5C
$GPGSV,4,2,13,23,27,066,41,24,09,043,37,27,37,249,44,28,33,167,43,1*6E
$GPGSV,4,3,13,31,12,187,38,32,76,315,51,36,41,240,42,40,58,207,47,1*69
$GPGSV,4,4,13,41,56,146,47,1*50
$GPGSV,3,1,09,08,23,291,39,10,49,014,46,18,27,133,44,23,27,066,44,6*63
$GPGSV,3,2,09,24,09,043,39,27,37,249,44,28,33,167,45,31,12,187,33,6*63
$GPGSV,3,3,09,32,76,315,48,6*51
$GLGSV,2,1,08,65,45,290,46,66,11,247,32,72,38,011,46,75,04,134,39,1*7E
$GLGSV,2,2,08,86,31,157,47,87,78,181,48,88,34,329,49,,,,48,1*46
$GLGSV,2,1,05,66,11,247,37,72,38,011,46,75,04,134,27,86,31,157,44,3*7F
$GLGSV,2,2,05,88,34,329,46,3*42
$GAGSV,2,1,05,03,76,005,53,05,25,038,48,08,44,232,51,15,60,340,52,2*79
$GAGSV,2,2,05,34,59,114,52,2*4B
$GAGSV,2,1,05,03,76,005,47,05,25,038,40,08,44,232,44,15,60,340,47,7*71
$GAGSV,2,2,05,34,59,114,47,7*4A
$GBGSV,2,1,08,08,30,063,40,13,43,047,44,20,46,293,48,27,26,163,41,1*75
$GBGSV,2,2,08,29,36,307,48,32,45,023,48,38,25,074,41,39,48,082,47,1*70
$GBGSV,2,1,05,06,50,108,47,08,30,063,47,09,47,129,48,13,43,047,47,B*0E
$GBGSV,2,2,05,16,48,095,47,B*34
$GQGSV,1,1,02,04,21,067,38,07,,,34,1*5A
$GQGSV,1,1,01,04,21,067,39,6*5F
$GNGLL,2454.22747,N,06708.26894,E,140024.00,A,D*7A
$GNRMC,140025.00,A,2454.22747,N,06708.26894,E,0.005,,050525,,,R,V*0C
$GNVTG,,T,,M,0.005,N,0.009,K,D*34
$GNGGA,140025.00,2454.22747,N,06708.26894,E,4,12,0.73,21.8,M,-44.2,M,1.0,0288*70
$GNGSA,A,3,08,10,18,23,02,27,28,32,31,,,,1.49,0.73,1.30,1*04
$GNGSA,A,3,87,66,86,72,65,88,,,,,,,1.49,0.73,1.30,2*0F
$GNGSA,A,3,03,08,15,34,05,,,,,,,,1.49,0.73,1.30,3*04
$GNGSA,A,3,08,09,06,13,20,16,29,27,32,38,39,,1.49,0.73,1.30,4*00
$GNGSA,A,3,04,,,,,,,,,,,,1.49,0.73,1.30,5*0B
$GPGSV,4,1,13,02,16,321,39,08,23,291,40,10,49,014,47,18,27,133,42,1*6A
$GPGSV,4,2,13,23,27,066,41,24,09,043,37,27,37,249,44,28,33,167,43,1*6E
$GPGSV,4,3,13,31,12,187,38,32,76,315,51,36,41,240,42,40,58,207,47,1*69
$GPGSV,4,4,13,41,56,146,47,1*50
$GPGSV,3,1,09,08,23,291,39,10,49,014,46,18,27,133,44,23,27,066,44,6*63
$GPGSV,3,2,09,24,09,043,39,27,37,249,44,28,33,167,45,31,12,187,32,6*62
$GPGSV,3,3,09,32,76,315,48,6*51
$GLGSV,2,1,08,65,45,290,46,66,11,247,32,72,38,011,46,75,04,134,39,1*7E
$GLGSV,2,2,08,86,31,157,47,87,78,181,49,88,34,329,49,,,,48,1*47
$GLGSV,2,1,05,66,11,247,37,72,38,011,46,75,04,134,26,86,31,157,44,3*7E
$GLGSV,2,2,05,88,34,329,47,3*43
$GAGSV,2,1,05,03,76,005,53,05,25,038,48,08,44,232,51,15,60,340,52,2*79
$GAGSV,2,2,05,34,59,114,52,2*4B
$GAGSV,2,1,05,03,76,005,47,05,25,038,40,08,44,232,44,15,60,340,47,7*71
$GAGSV,2,2,05,34,59,114,47,7*4A
$GBGSV,2,1,08,08,30,063,40,13,43,047,44,20,46,293,48,27,26,163,41,1*75
$GBGSV,2,2,08,29,36,307,48,32,45,023,48,38,25,074,41,39,48,082,47,1*70
$GBGSV,2,1,05,06,50,108,47,08,30,063,48,09,47,129,48,13,43,047,47,B*01
$GBGSV,2,2,05,16,48,095,47,B*34
$GQGSV,1,1,02,04,21,067,38,07,,,34,1*5A
$GQGSV,1,1,01,04,21,067,39,6*5F
$GNGLL,2454.22747,N,06708.26894,E,140025.00,A,D*7B
$GNRMC,140026.00,A,2454.22747,N,06708.26894,E,0.004,,050525,,,R,V*0E
$GNVTG,,T,,M,0.004,N,0.008,K,D*34
$GNGGA,140026.00,2454.22747,N,06708.26894,E,4,12,0.73,21.8,M,-44.2,M,1.0,0288*73
$GNGSA,A,3,08,10,18,23,02,27,28,32,31,,,,1.49,0.73,1.30,1*04
$GNGSA,A,3,87,66,86,72,65,88,,,,,,,1.49,0.73,1.30,2*0F
$GNGSA,A,3,03,08,15,34,05,,,,,,,,1.49,0.73,1.30,3*04
$GNGSA,A,3,08,09,06,13,20,16,29,27,32,38,39,,1.49,0.73,1.30,4*00
$GNGSA,A,3,04,,,,,,,,,,,,1.49,0.73,1.30,5*0B
$GPGSV,4,1,13,02,16,321,39,08,23,291,40,10,49,014,47,18,27,133,42,1*6A
$GPGSV,4,2,13,23,27,066,41,24,09,043,37,27,37,249,44,28,33,167,43,1*6E
$GPGSV,4,3,13,31,12,187,38,32,76,315,51,36,41,240,42,40,58,207,47,1*69
$GPGSV,4,4,13,41,56,146,47,1*50
$GPGSV,3,1,09,08,23,291,39,10,49,014,46,18,27,133,44,23,27,066,44,6*63
$GPGSV,3,2,09,24,09,043,40,27,37,249,44,28,33,167,45,31,12,187,33,6*6D
$GPGSV,3,3,09,32,76,315,48,6*51
$GLGSV,2,1,08,65,45,290,47,66,11,247,32,72,38,011,46,75,04,134,39,1*7F
$GLGSV,2,2,08,86,31,157,47,87,78,181,48,88,34,329,49,,,,48,1*46
$GLGSV,2,1,05,66,11,247,37,72,38,011,46,75,04,134,26,86,31,157,44,3*7E
$GLGSV,2,2,05,88,34,329,47,3*43
$GAGSV,2,1,05,03,76,005,53,05,25,038,48,08,44,232,51,15,60,340,52,2*79
$GAGSV,2,2,05,34,59,114,52,2*4B
$GAGSV,2,1,05,03,76,005,47,05,25,038,39,08,44,232,44,15,60,340,47,7*7F
$GAGSV,2,2,05,34,59,114,47,7*4A
$GBGSV,2,1,08,08,30,063,40,13,43,047,44,20,46,293,48,27,26,163,41,1*75
$GBGSV,2,2,08,29,36,307,48,32,45,023,48,38,25,074,41,39,48,082,47,1*70
$GBGSV,2,1,05,06,50,108,47,08,30,063,47,09,47,129,48,13,43,047,47,B*0E
$GBGSV,2,2,05,16,48,095,47,B*34
$GQGSV,1,1,02,04,21,067,38,07,,,34,1*5A
$GQGSV,1,1,01,04,21,067,39,6*5F
$GNGLL,2454.22747,N,06708.26894,E,140026.00,A,D*78
$GNRMC,140027.00,A,2454.22747,N,06708.26894,E,0.003,,050525,,,R,V*08
$GNVTG,,T,,M,0.003,N,0.005,K,D*3E
$GNGGA,140027.00,2454.22747,N,06708.26894,E,4,12,0.69,21.8,M,-44.2,M,1.0,0288*79
$GNGSA,A,3,08,10,18,23,02,27,28,32,31,,,,1.38,0.69,1.19,1*02
$GNGSA,A,3,87,66,86,72,65,88,,,,,,,1.38,0.69,1.19,2*09
$GNGSA,A,3,03,08,15,34,05,,,,,,,,1.38,0.69,1.19,3*02
$GNGSA,A,3,08,09,06,13,20,16,29,27,32,38,39,,1.38,0.69,1.19,4*06
$GNGSA,A,3,04,,,,,,,,,,,,1.38,0.69,1.19,5*0D
$GPGSV,4,1,13,02,16,321,39,08,23,291,40,10,49,014,47,18,27,133,42,1*6A
$GPGSV,4,2,13,23,27,066,41,24,09,043,37,27,37,249,43,28,33,167,43,1*69
$GPGSV,4,3,13,31,12,187,38,32,76,315,51,36,41,240,42,40,58,207,47,1*69
$GPGSV,4,4,13,41,56,146,47,1*50
$GPGSV,3,1,09,08,23,291,39,10,49,014,46,18,27,133,44,23,27,066,44,6*63
$GPGSV,3,2,09,24,09,043,39,27,37,249,44,28,33,167,45,31,12,187,33,6*63
$GPGSV,3,3,09,32,76,315,48,6*51
$GLGSV,2,1,08,65,45,290,47,66,11,247,32,72,38,011,46,75,04,134,38,1*7E
$GLGSV,2,2,08,86,31,157,47,87,78,181,48,88,34,329,49,,,,48,1*46
$GLGSV,2,1,05,66,11,247,37,72,38,011,46,75,04,134,25,86,31,157,44,3*7D
$GLGSV,2,2,05,88,34,329,46,3*42
$GAGSV,2,1,05,03,76,005,53,05,25,038,48,08,44,232,51,15,60,340,52,2*79
$GAGSV,2,2,05,34,59,114,52,2*4B
$GAGSV,2,1,05,03,76,005,47,05,25,038,39,08,44,232,44,15,60,340,47,7*7F
$GAGSV,2,2,05,34,59,114,47,7*4A
$GBGSV,2,1,08,08,30,063,40,13,43,047,44,20,46,293,48,27,26,163,41,1*75
$GBGSV,2,2,08,29,36,307,48,32,45,023,48,38,25,074,41,39,48,082,47,1*70
$GBGSV,2,1,05,06,50,108,47,08,30,063,47,09,47,129,48,13,43,047,47,B*0E
$GBGSV,2,2,05,16,48,095,47,B*34
$GQGSV,1,1,02,04,21,067,38,07,,,33,1*5D
$GQGSV,1,1,01,04,21,067,39,6*5F
$GNGLL,2454.22747,N,06708.26894,E,140027.00,A,D*79
$GNRMC,140028.00,A,2454.22747,N,06708.26894,E,0.010,,050525,,,R,V*05
$GNVTG,,T,,M,0.010,N,0.019,K,D*31
$GNGGA,140028.00,2454.22747,N,06708.26894,E,4,12,0.69,21.8,M,-44.2,M,1.0,0288*76
$GNGSA,A,3,08,10,18,23,02,27,28,32,31,,,,1.38,0.69,1.19,1*02
$GNGSA,A,3,87,66,86,72,65,88,,,,,,,1.38,0.69,1.19,2*09
$GNGSA,A,3,03,08,15,34,05,,,,,,,,1.38,0.69,1.19,3*02
$GNGSA,A,3,08,09,06,13,20,16,29,27,32,38,39,,1.38,0.69,1.19,4*06
$GNGSA,A,3,04,,,,,,,,,,,,1.38,0.69,1.19,5*0D
$GPGSV,4,1,13,02,16,321,39,08,23,291,40,10,49,014,47,18,27,133,42,1*6A
$GPGSV,4,2,13,23,27,066,41,24,09,043,37,27,37,249,44,28,33,167,43,1*6E
$GPGSV,4,3,13,31,12,187,38,32,76,315,51,36,41,240,42,40,58,207,47,1*69
$GPGSV,4,4,13,41,56,146,47,1*50
$GPGSV,3,1,09,08,23,291,40,10,49,014,46,18,27,133,44,23,27,066,44,6*6D
$GPGSV,3,2,09,24,09,043,40,27,37,249,44,28,33,167,45,31,12,187,32,6*6C
$GPGSV,3,3,09,32,76,315,48,6*51
$GLGSV,2,1,08,65,45,290,47,66,11,247,33,72,38,011,46,75,04,134,38,1*7F
$GLGSV,2,2,08,86,31,157,47,87,78,181,49,88,34,329,49,,,,48,1*47
$GLGSV,2,1,05,66,11,247,37,72,38,011,46,75,04,134,24,86,31,157,44,3*7C
$GLGSV,2,2,05,88,34,329,46,3*42
$GAGSV,2,1,05,03,76,005,53,05,25,038,48,08,44,232,51,15,60,340,52,2*79
$GAGSV,2,2,05,34,59,114,52,2*4B
$GAGSV,2,1,05,03,76,005,47,05,25,038,39,08,44,232,44,15,60,340,47,7*7F
$GAGSV,2,2,05,34,59,114,47,7*4A
$GBGSV,2,1,08,08,30,063,40,13,43,047,44,20,46,293,48,27,26,163,41,1*75
$GBGSV,2,2,08,29,36,307,48,32,45,023,48,38,25,074,41,39,48,082,47,1*70
$GBGSV,2,1,05,06,50,108,47,08,30,063,47,09,47,129,48,13,43,047,47,B*0E
$GBGSV,2,2,05,16,48,095,47,B*34
$GQGSV,1,1,02,04,21,067,38,07,,,34,1*5A
$GQGSV,1,1,01,04,21,067,39,6*5F
$GNGLL,2454.22747,N,06708.26894,E,140028.00,A,D*76
$GNRMC,140029.00,A,2454.22747,N,06708.26894,E,0.005,,050525,,,R,V*00
$GNVTG,,T,,M,0.005,N,0.008,K,D*35
$GNGGA,140029.00,2454.22747,N,06708.26894,E,4,12,0.69,21.8,M,-44.2,M,1.0,0288*77
$GNGSA,A,3,08,10,18,23,02,27,28,32,31,,,,1.38,0.69,1.19,1*02
$GNGSA,A,3,87,66,86,72,65,88,,,,,,,1.38,0.69,1.19,2*09
$GNGSA,A,3,03,08,15,34,05,,,,,,,,1.38,0.69,1.19,3*02
$GNGSA,A,3,08,09,06,13,20,16,29,27,32,38,39,,1.38,0.69,1.19,4*06
$GNGSA,A,3,04,,,,,,,,,,,,1.38,0.69,1.19,5*0D
$GPGSV,4,1,13,02,16,321,39,08,23,291,40,10,49,014,47,18,27,133,42,1*6A
$GPGSV,4,2,13,23,27,066,41,24,09,043,37,27,37,249,43,28,33,167,43,1*69
$GPGSV,4,3,13,31,12,187,38,32,76,315,51,36,41,240,42,40,58,207,47,1*69
$GPGSV,4,4,13,41,56,146,47,1*50
$GPGSV,3,1,09,08,23,291,39,10,49,014,46,18,27,133,44,23,27,066,44,6*63
$GPGSV,3,2,09,24,09,043,40,27,37,249,44,28,33,167,45,31,12,187,32,6*6C
$GPGSV,3,3,09,32,76,315,48,6*51
$GLGSV,2,1,08,65,45,290,47,66,11,247,33,72,38,011,46,75,04,134,38,1*7F
$GLGSV,2,2,08,86,31,157,47,87,78,181,49,88,34,329,49,,,,48,1*47
$GLGSV,2,1,05,66,11,247,37,72,38,011,46,75,04,134,22,86,31,157,44,3*7A
$GLGSV,2,2,05,88,34,329,47,3*43
$GAGSV,2,1,05,03,76,005,53,05,25,038,48,08,44,232,51,15,60,340,52,2*79
$GAGSV,2,2,05,34,59,114,52,2*4B
$GAGSV,2,1,05,03,76,005,47,05,25,038,39,08,44,232,44,15,60,340,47,7*7F
$GAGSV,2,2,05,34,59,114,47,7*4A
$GBGSV,2,1,08,08,30,063,40,13,43,047,44,20,46,293,48,27,26,163,41,1*75
$GBGSV,2,2,08,29,36,307,48,32,45,023,48,38,25,074,41,39,48,082,47,1*70
$GBGSV,2,1,05,06,50,108,47,08,30,063,47,09,47,129,48,13,43,047,47,B*0E
$GBGSV,2,2,05,16,48,095,47,B*34
$GQGSV,1,1,02,04,21,067,38,07,,,34,1*5A
$GQGSV,1,1,01,04,21,067,39,6*5F
$GNGLL,2454.22747,N,06708.26894,E,140029.00,A,D*77
$GNRMC,140030.00,A,2454.22747,N,06708.26894,E,0.005,,050525,,,R,V*08
$GNVTG,,T,,M,0.005,N,0.009,K,D*34
$GNGGA,140030.00,2454.22747,N,06708.26894,E,4,12,0.69,21.8,M,-44.2,M,1.0,0288*7F
$GNGSA,A,3,08,10,18,23,02,27,28,32,31,,,,1.38,0.69,1.19,1*02
$GNGSA,A,3,87,66,86,72,65,88,,,,,,,1.38,0.69,1.19,2*09
$GNGSA,A,3,03,08,15,34,05,,,,,,,,1.38,0.69,1.19,3*02
$GNGSA,A,3,08,09,06,13,20,16,29,27,32,38,39,,1.38,0.69,1.19,4*06
$GNGSA,A,3,04,,,,,,,,,,,,1.38,0.69,1.19,5*0D
$GPGSV,4,1,13,02,16,321,39,08,23,291,40,10,49,014,47,18,27,133,43,1*6B
$GPGSV,4,2,13,23,27,066,41,24,09,043,37,27,37,249,43,28,33,167,43,1*69
$GPGSV,4,3,13,31,12,187,38,32,76,315,51,36,41,240,42,40,58,207,47,1*69
$GPGSV,4,4,13,41,56,146,47,1*50
$GPGSV,3,1,09,08,23,291,40,10,49,014,46,18,27,133,44,23,27,066,44,6*6D
$GPGSV,3,2,09,24,09,043,40,27,37,249,44,28,33,167,46,31,12,187,32,6*6F
$GPGSV,3,3,09,32,76,315,48,6*51
$GLGSV,2,1,08,65,45,290,47,66,11,247,33,72,38,011,46,75,04,134,38,1*7F
$GLGSV,2,2,08,86,31,157,47,87,78,181,49,88,34,329,49,,,,48,1*47
$GLGSV,2,1,06,66,11,247,37,72,38,011,46,75,04,134,19,86,31,157,44,3*71
$GLGSV,2,2,06,88,34,329,47,,,,48,3*4C
$GAGSV,2,1,05,03,76,005,53,05,25,038,48,08,44,232,51,15,60,340,52,2*79
$GAGSV,2,2,05,34,59,114,52,2*4B
$GAGSV,2,1,05,03,76,005,47,05,25,038,39,08,44,232,44,15,60,340,47,7*7F
$GAGSV,2,2,05,34,59,114,47,7*4A
$GBGSV,2,1,08,08,30,063,40,13,43,047,44,20,46,293,48,27,26,163,41,1*75
$GBGSV,2,2,08,29,36,307,48,32,45,023,48,38,25,074,41,39,48,082,47,1*70
$GBGSV,2,1,05,06,50,108,47,08,30,063,47,09,47,129,48,13,43,047,47,B*0E
$GBGSV,2,2,05,16,48,095,47,B*34
$GQGSV,1,1,02,04,21,067,38,07,,,34,1*5A
$GQGSV,1,1,01,04,21,067,39,6*5F
$GNGLL,2454.22747,N,06708.26894,E,140030.00,A,D*7F
$GNRMC,140031.00,A,2454.22747,N,06708.26894,E,0.007,,050525,,,R,V*0B
$GNVTG,,T,,M,0.007,N,0.012,K,D*3C
$GNGGA,140031.00,2454.22747,N,06708.26894,E,4,12,0.69,21.8,M,-44.2,M,1.0,0288*7E
$GNGSA,A,3,08,10,18,23,02,27,28,32,31,,,,1.38,0.69,1.19,1*02
$GNGSA,A,3,87,66,86,72,65,88,,,,,,,1.38,0.69,1.19,2*09
$GNGSA,A,3,03,08,15,34,05,,,,,,,,1.38,0.69,1.19,3*02
$GNGSA,A,3,08,09,06,13,20,16,29,27,32,38,39,,1.38,0.69,1.19,4*06
$GNGSA,A,3,04,,,,,,,,,,,,1.38,0.69,1.19,5*0D
$GPGSV,4,1,13,02,16,321,39,08,23,291,40,10,49,014,47,18,27,133,43,1*6B
$GPGSV,4,2,13,23,27,066,41,24,09,043,37,27,37,249,43,28,33,167,43,1*69
$GPGSV,4,3,13,31,12,187,39,32,76,315,51,36,41,240,42,40,58,207,47,1*68
$GPGSV,4,4,13,41,56,146,47,1*50
$GPGSV,3,1,09,08,23,291,39,10,49,014,46,18,27,133,44,23,27,066,44,6*63
$GPGSV,3,2,09,24,09,043,40,27,37,249,44,28,33,167,46,31,12,187,33,6*6E
$GPGSV,3,3,09,32,76,315,48,6*51
$GLGSV,2,1,08,65,45,290,47,66,11,247,34,72,38,011,46,75,04,134,38,1*78
$GLGSV,2,2,08,86,31,157,47,87,78,181,49,88,34,329,49,,,,48,1*47
$GLGSV,2,1,06,66,11,247,37,72,38,011,46,75,04,134,16,86,31,157,44,3*7E
$GLGSV,2,2,06,88,34,329,47,,,,48,3*4C
$GAGSV,2,1,05,03,76,005,53,05,25,038,48,08,44,232,51,15,60,340,52,2*79
$GAGSV,2,2,05,34,59,114,52,2*4B
$GAGSV,2,1,05,03,76,005,47,05,25,038,39,08,44,232,44,15,60,340,47,7*7F
$GAGSV,2,2,05,34,59,114,47,7*4A
$GBGSV,2,1,08,08,30,063,40,13,43,047,44,20,46,293,48,27,26,163,41,1*75
$GBGSV,2,2,08,29,36,307,48,32,45,023,48,38,25,074,41,39,48,082,47,1*70
$GBGSV,2,1,05,06,50,108,47,08,30,063,47,09,47,129,48,13,43,047,47,B*0E
$GBGSV,2,2,05,16,48,095,47,B*34
$GQGSV,1,1,02,04,21,067,38,07,,,34,1*5A
$GQGSV,1,1,01,04,21,067,39,6*5F
$GNGLL,2454.22747,N,06708.26894,E,140031.00,A,D*7E
$GNRMC,140032.00,A,2454.22747,N,06708.26894,E,0.002,,050525,,,R,V*0D
$GNVTG,,T,,M,0.002,N,0.004,K,D*3E
$GNGGA,140032.00,2454.22747,N,06708.26894,E,4,12,0.69,21.8,M,-44.2,M,1.0,0288*7D
$GNGSA,A,3,08,10,18,23,02,27,28,32,31,,,,1.38,0.69,1.19,1*02
$GNGSA,A,3,87,66,86,72,65,88,,,,,,,1.38,0.69,1.19,2*09
$GNGSA,A,3,03,08,15,34,05,,,,,,,,1.38,0.69,1.19,3*02
$GNGSA,A,3,08,09,06,13,20,16,29,27,32,38,39,,1.38,0.69,1.19,4*06
$GNGSA,A,3,04,,,,,,,,,,,,1.38,0.69,1.19,5*0D
$GPGSV,4,1,14,02,16,321,39,08,23,291,40,10,49,014,47,18,27,133,43,1*6C
$GPGSV,4,2,14,21,,,28,23,27,066,41,24,09,043,37,27,37,249,43,1*5A
$GPGSV,4,3,14,28,33,167,43,31,12,187,38,32,76,315,51,36,41,240,42,1*6C
$GPGSV,4,4,14,40,58,207,47,41,56,146,47,1*68
$GPGSV,3,1,09,08,23,291,40,10,49,014,46,18,27,133,44,23,27,066,44,6*6D
$GPGSV,3,2,09,24,09,043,40,27,37,249,44,28,33,167,45,31,12,187,33,6*6D
$GPGSV,3,3,09,32,76,315,48,6*51
$GLGSV,2,1,08,65,45,290,47,66,11,247,33,72,38,011,46,75,04,134,38,1*7F
$GLGSV,2,2,08,86,31,157,47,87,78,181,49,88,35,329,49,,,,48,1*46
$GLGSV,2,1,06,66,11,247,37,72,38,011,46,75,04,134,12,86,31,157,44,3*7A
$GLGSV,2,2,06,88,35,329,47,,,,48,3*4D
$GAGSV,2,1,05,03,76,005,53,05,25,038,48,08,44,232,51,15,60,340,52,2*79
$GAGSV,2,2,05,34,59,114,52,2*4B
$GAGSV,2,1,05,03,76,005,47,05,25,038,39,08,44,232,44,15,60,340,47,7*7F
$GAGSV,2,2,05,34,59,114,47,7*4A
$GBGSV,2,1,08,08,30,063,40,13,43,047,44,20,46,293,48,27,26,163,41,1*75
$GBGSV,2,2,08,29,36,307,48,32,45,023,48,38,25,074,41,39,48,082,47,1*70
$GBGSV,2,1,05,06,50,108,48,08,30,063,47,09,47,129,48,13,43,047,47,B*01
$GBGSV,2,2,05,16,48,095,47,B*34
$GQGSV,1,1,02,04,21,067,38,07,19,104,34,1*67
$GQGSV,1,1,02,04,21,067,39,07,19,104,34,6*61
$GNGLL,2454.22747,N,06708.26894,E,140032.00,A,D*7D
$GNRMC,140033.00,A,2454.22747,N,06708.26894,E,0.001,,050525,,,R,V*0F
$GNVTG,,T,,M,0.001,N,0.002,K,D*3B
$GNGGA,140033.00,2454.22747,N,06708.26894,E,4,12,0.69,21.8,M,-44.2,M,1.0,0288*7C
$GNGSA,A,3,08,10,18,23,02,27,28,32,31,,,,1.38,0.69,1.19,1*02
$GNGSA,A,3,87,66,86,72,65,88,,,,,,,1.38,0.69,1.19,2*09
$GNGSA,A,3,03,08,15,34,05,,,,,,,,1.38,0.69,1.19,3*02
$GNGSA,A,3,08,09,06,13,20,16,29,27,32,38,39,,1.38,0.69,1.19,4*06
$GNGSA,A,3,04,,,,,,,,,,,,1.38,0.69,1.19,5*0D
$GPGSV,4,1,14,02,16,321,39,08,23,291,40,10,49,014,47,18,27,133,42,1*6D
$GPGSV,4,2,14,21,,,26,23,27,066,41,24,09,043,37,27,37,249,43,1*54
$GPGSV,4,3,14,28,33,167,43,31,12,187,38,32,76,315,51,36,41,240,42,1*6C
$GPGSV,4,4,14,40,58,207,47,41,56,146,47,1*68
$GPGSV,3,1,09,08,23,291,40,10,49,014,46,18,27,133,44,23,27,066,44,6*6D
$GPGSV,3,2,09,24,09,043,40,27,37,249,44,28,33,167,46,31,12,187,33,6*6E
$GPGSV,3,3,09,32,76,315,48,6*51
$GLGSV,2,1,08,65,45,290,47,66,11,247,33,72,38,011,46,75,04,134,38,1*7F
$GLGSV,2,2,08,86,31,157,47,87,78,181,49,88,35,329,49,,,,48,1*46
$GLGSV,2,1,06,66,11,247,37,72,38,011,46,75,04,134,07,86,31,157,44,3*7E
$GLGSV,2,2,06,88,35,329,47,,,,48,3*4D
$GAGSV,2,1,05,03,76,005,53,05,25,038,47,08,44,232,51,15,60,340,52,2*76
$GAGSV,2,2,05,34,59,114,52,2*4B
$GAGSV,2,1,05,03,76,005,47,05,25,038,39,08,44,232,44,15,60,340,47,7*7F
$GAGSV,2,2,05,34,59,114,47,7*4A
$GBGSV,2,1,08,08,30,063,40,13,43,047,44,20,46,293,48,27,26,163,41,1*75
$GBGSV,2,2,08,29,36,307,48,32,45,023,48,38,25,074,40,39,48,082,47,1*71
$GBGSV,2,1,05,06,50,108,48,08,30,063,47,09,47,129,48,13,43,047,46,B*00
$GBGSV,2,2,05,16,48,095,47,B*34
$GQGSV,1,1,02,04,21,067,38,07,19,104,34,1*67
$GQGSV,1,1,02,04,21,067,39,07,19,104,39,6*6C
$GNGLL,2454.22747,N,06708.26894,E,140033.00,A,D*7C
$GNRMC,140034.00,A,2454.22747,N,06708.26894,E,0.004,,050525,,,R,V*0D
$GNVTG,,T,,M,0.004,N,0.007,K,D*3B
$GNGGA,140034.00,2454.22747,N,06708.26894,E,4,12,0.69,21.8,M,-44.2,M,1.0,0288*7B
$GNGSA,A,3,08,10,18,23,02,27,28,32,31,,,,1.38,0.69,1.19,1*02
$GNGSA,A,3,87,66,86,72,65,88,,,,,,,1.38,0.69,1.19,2*09
$GNGSA,A,3,03,08,15,34,05,,,,,,,,1.38,0.69,1.19,3*02
$GNGSA,A,3,08,09,06,13,20,16,29,27,32,38,39,,1.38,0.69,1.19,4*06
$GNGSA,A,3,04,,,,,,,,,,,,1.38,0.69,1.19,5*0D
$GPGSV,4,1,14,02,16,321,39,08,23,291,40,10,49,014,47,18,27,133,43,1*6C
$GPGSV,4,2,14,21,,,25,23,27,066,41,24,09,043,37,27,37,249,43,1*57
$GPGSV,4,3,14,28,33,167,43,31,12,187,38,32,76,315,51,36,41,240,42,1*6C
$GPGSV,4,4,14,40,58,207,47,41,56,146,47,1*68
$GPGSV,3,1,09,08,23,291,39,10,49,014,46,18,27,133,44,23,27,066,44,6*63
$GPGSV,3,2,09,24,09,043,40,27,37,249,44,28,33,167,45,31,12,187,33,6*6D
$GPGSV,3,3,09,32,76,315,48,6*51
$GLGSV,2,1,08,65,45,290,47,66,11,247,33,72,38,011,46,75,04,134,38,1*7F
$GLGSV,2,2,08,86,31,157,47,87,78,181,49,88,35,329,49,,,,48,1*46
$GLGSV,2,1,06,66,11,247,37,72,38,011,46,75,04,134,07,86,31,157,44,3*7E
$GLGSV,2,2,06,88,35,329,47,,,,48,3*4D
$GAGSV,2,1,05,03,76,005,53,05,25,038,47,08,44,232,51,15,60,340,52,2*76
$GAGSV,2,2,05,34,59,114,52,2*4B
$GAGSV,2,1,05,03,76,005,47,05,25,038,39,08,44,232,44,15,60,340,47,7*7F
$GAGSV,2,2,05,34,59,114,47,7*4A
$GBGSV,2,1,08,08,30,063,40,13,43,047,44,20,46,293,48,27,26,163,41,1*75
$GBGSV,2,2,08,29,36,307,48,32,45,023,48,38,25,074,40,39,48,082,47,1*71
$GBGSV,2,1,05,06,50,108,47,08,30,063,47,09,47,129,48,13,43,047,46,B*0F
$GBGSV,2,2,05,16,48,095,47,B*34
$GQGSV,1,1,02,04,21,067,38,07,19,104,34,1*67
$GQGSV,1,1,02,04,21,067,39,07,19,104,40,6*62
$GNGLL,2454.22747,N,06708.26894,E,140034.00,A,D*7B
$GNRMC,140035.00,A,2454.22748,N,06708.26894,E,0.007,,050525,,,R,V*00
$GNVTG,,T,,M,0.007,N,0.012,K,D*3C
$GNGGA,140035.00,2454.22748,N,06708.26894,E,4,12,0.69,21.8,M,-44.2,M,1.0,0288*75
$GNGSA,A,3,08,10,18,23,02,27,28,32,31,,,,1.38,0.69,1.19,1*02
$GNGSA,A,3,87,66,86,72,65,88,,,,,,,1.38,0.69,1.19,2*09
$GNGSA,A,3,03,08,15,34,05,,,,,,,,1.38,0.69,1.19,3*02
$GNGSA,A,3,08,09,06,13,20,16,29,27,32,38,39,,1.38,0.69,1.19,4*06
$GNGSA,A,3,04,,,,,,,,,,,,1.38,0.69,1.19,5*0D
$GPGSV,4,1,14,02,16,321,39,08,23,291,40,10,49,014,47,18,27,133,43,1*6C
$GPGSV,4,2,14,21,,,24,23,27,066,41,24,09,043,38,27,37,249,43,1*59
$GPGSV,4,3,14,28,33,167,43,31,12,187,38,32,76,315,51,36,41,240,42,1*6C
$GPGSV,4,4,14,40,58,207,47,41,56,146,47,1*68
$GPGSV,3,1,09,08,23,291,40,10,49,014,46,18,27,133,44,23,27,066,44,6*6D
$GPGSV,3,2,09,24,09,043,41,27,37,249,44,28,33,167,46,31,12,187,33,6*6F
$GPGSV,3,3,09,32,76,315,48,6*51
$GLGSV,2,1,08,65,45,290,47,66,11,247,32,72,38,011,46,75,04,134,38,1*7E
$GLGSV,2,2,08,86,31,157,47,87,78,181,49,88,35,329,49,,,,48,1*46
$GLGSV,2,1,06,66,11,247,36,72,38,011,46,75,04,134,07,86,31,157,44,3*7F
$GLGSV,2,2,06,88,35,329,47,,,,48,3*4D
$GAGSV,2,1,05,03,76,005,53,05,25,038,47,08,44,232,51,15,60,340,52,2*76
$GAGSV,2,2,05,34,59,114,52,2*4B
$GAGSV,2,1,05,03,76,005,47,05,25,038,39,08,44,232,44,15,60,340,47,7*7F
$GAGSV,2,2,05,34,59,114,47,7*4A
$GBGSV,2,1,08,08,30,063,40,13,43,047,44,20,46,293,48,27,26,163,41,1*75
$GBGSV,2,2,08,29,36,307,48,32,45,023,48,38,25,074,40,39,48,082,47,1*71
$GBGSV,2,1,05,06,50,108,47,08,30,063,47,09,47,129,48,13,43,047,46,B*0F
$GBGSV,2,2,05,16,48,095,47,B*34
$GQGSV,1,1,02,04,21,067,38,07,19,104,34,1*67
$GQGSV,1,1,02,04,21,067,39,07,19,104,40,6*62
$GNGLL,2454.22748,N,06708.26894,E,140035.00,A,D*75
$GNRMC,140036.00,A,2454.22747,N,06708.26894,E,0.003,,050525,,,R,V*08
$GNVTG,,T,,M,0.003,N,0.006,K,D*3D
$GNGGA,140036.00,2454.22747,N,06708.26894,E,4,12,0.69,21.8,M,-44.2,M,1.0,0288*79
$GNGSA,A,3,08,10,18,23,02,27,28,32,31,,,,1.38,0.69,1.19,1*02
$GNGSA,A,3,87,66,86,72,65,88,,,,,,,1.38,0.69,1.19,2*09
$GNGSA,A,3,03,08,15,34,05,,,,,,,,1.38,0.69,1.19,3*02
$GNGSA,A,3,08,09,06,13,20,16,29,27,32,38,39,,1.38,0.69,1.19,4*06
$GNGSA,A,3,04,,,,,,,,,,,,1.38,0.69,1.19,5*0D
$GPGSV,4,1,14,02,16,321,39,08,23,291,40,10,49,014,47,18,27,133,43,1*6C
$GPGSV,4,2,14,21,,,25,23,27,066,41,24,09,043,38,27,37,249,43,1*58
$GPGSV,4,3,14,28,33,167,43,31,12,187,38,32,76,315,51,36,41,240,42,1*6C
$GPGSV,4,4,14,40,58,207,47,41,56,146,47,1*68
$GPGSV,3,1,09,08,23,291,40,10,49,014,46,18,27,133,45,23,27,066,44,6*6C
$GPGSV,3,2,09,24,09,043,41,27,37,249,44,28,33,167,46,31,12,187,33,6*6F
$GPGSV,3,3,09,32,76,315,48,6*51
$GLGSV,2,1,08,65,45,290,46,66,11,247,32,72,38,011,46,75,04,134,38,1*7F
$GLGSV,2,2,08,86,31,157,47,87,78,181,49,88,35,329,49,,,,48,1*46
$GLGSV,2,1,06,66,11,247,36,72,38,011,46,75,04,134,07,86,31,157,44,3*7F
$GLGSV,2,2,06,88,35,329,47,,,,48,3*4D
$GAGSV,2,1,05,03,76,005,53,05,25,038,47,08,44,232,51,15,60,340,52,2*76
$GAGSV,2,2,05,34,59,114,52,2*4B
$GAGSV,2,1,05,03,76,005,47,05,25,038,39,08,44,232,44,15,60,340,47,7*7F
$GAGSV,2,2,05,34,59,114,47,7*4A
$GBGSV,2,1,08,08,30,063,40,13,43,047,44,20,46,293,48,27,26,163,41,1*75
$GBGSV,2,2,08,29,36,307,48,32,45,023,48,38,25,074,40,39,48,082,47,1*71
$GBGSV,2,1,05,06,50,108,47,08,30,063,47,09,47,129,48,13,43,047,46,B*0F
$GBGSV,2,2,05,16,48,095,47,B*34
$GQGSV,1,1,02,04,21,067,38,07,19,104,34,1*67
$GQGSV,1,1,02,04,21,067,39,07,19,104,40,6*62
$GNGLL,2454.22747,N,06708.26894,E,140036.00,A,D*79
$GNRMC,140037.00,A,2454.22747,N,06708.26894,E,0.003,,050525,,,R,V*09
$GNVTG,,T,,M,0.003,N,0.006,K,D*3D
$GNGGA,140037.00,2454.22747,N,06708.26894,E,4,12,0.69,21.8,M,-44.2,M,1.0,0288*78
$GNGSA,A,3,08,10,18,23,02,27,28,32,31,,,,1.38,0.69,1.19,1*02
$GNGSA,A,3,87,66,86,72,65,88,,,,,,,1.38,0.69,1.19,2*09
$GNGSA,A,3,03,08,15,34,05,,,,,,,,1.38,0.69,1.19,3*02
$GNGSA,A,3,08,09,06,13,20,16,29,27,32,38,39,,1.38,0.69,1.19,4*06
$GNGSA,A,3,04,,,,,,,,,,,,1.38,0.69,1.19,5*0D
$GPGSV,4,1,14,02,16,321,38,08,23,291,40,10,49,015,47,18,27,133,43,1*6C
$GPGSV,4,2,14,21,,,24,23,27,066,41,24,09,043,38,27,37,249,43,1*59
$GPGSV,4,3,14,28,33,167,43,31,12,187,38,32,76,315,51,36,41,240,42,1*6C
$GPGSV,4,4,14,40,58,207,47,41,56,146,47,1*68
$GPGSV,3,1,09,08,23,291,40,10,49,015,46,18,27,133,45,23,27,066,44,6*6D
$GPGSV,3,2,09,24,09,043,41,27,37,249,44,28,33,167,46,31,12,187,32,6*6E
$GPGSV,3,3,09,32,76,315,48,6*51
$GLGSV,2,1,08,65,45,290,46,66,11,247,32,72,38,011,46,75,04,134,38,1*7F
$GLGSV,2,2,08,86,31,157,47,87,78,181,49,88,35,329,49,,,,48,1*46
$GLGSV,2,1,07,65,45,290,13,66,11,247,36,72,38,011,46,75,04,134,18,3*74
$GLGSV,2,2,07,86,31,157,44,88,35,329,47,,,,48,3*73
$GAGSV,2,1,05,03,76,005,53,05,25,038,47,08,44,232,51,15,60,340,52,2*76
$GAGSV,2,2,05,34,59,114,52,2*4B
$GAGSV,2,1,05,03,76,005,47,05,25,038,39,08,44,232,44,15,60,340,47,7*7F
$GAGSV,2,2,05,34,59,114,47,7*4A
$GBGSV,2,1,08,08,30,063,40,13,43,047,44,20,46,293,48,27,26,163,41,1*75
$GBGSV,2,2,08,29,36,307,48,32,45,023,48,38,25,074,40,39,48,082,47,1*71
$GBGSV,2,1,05,06,50,108,47,08,30,063,47,09,47,129,48,13,43,047,47,B*0E
$GBGSV,2,2,05,16,48,095,47,B*34
$GQGSV,1,1,02,04,21,067,38,07,19,104,34,1*67
$GQGSV,1,1,02,04,21,067,39,07,19,104,40,6*62
$GNGLL,2454.22747,N,06708.26894,E,140037.00,A,D*78
$GNRMC,140038.00,A,2454.22747,N,06708.26894,E,0.001,,050525,,,R,V*04
$GNVTG,,T,,M,0.001,N,0.001,K,D*38
$GNGGA,140038.00,2454.22747,N,06708.26894,E,4,12,0.69,21.8,M,-44.2,M,1.0,0288*77
$GNGSA,A,3,08,10,18,23,02,27,28,32,31,,,,1.38,0.69,1.19,1*02
$GNGSA,A,3,87,66,86,72,65,88,,,,,,,1.38,0.69,1.19,2*09
$GNGSA,A,3,03,08,15,34,05,,,,,,,,1.38,0.69,1.19,3*02
$GNGSA,A,3,08,09,06,13,20,16,29,27,32,38,39,,1.38,0.69,1.19,4*06
$GNGSA,A,3,04,,,,,,,,,,,,1.38,0.69,1.19,5*0D
$GPGSV,4,1,13,02,16,321,39,08,23,291,40,10,49,015,47,18,27,133,43,1*6A
$GPGSV,4,2,13,23,27,066,41,24,09,043,38,27,37,249,43,28,33,167,43,1*66
$GPGSV,4,3,13,31,12,187,38,32,76,315,51,36,41,240,42,40,58,207,47,1*69
$GPGSV,4,4,13,41,56,146,47,1*50
$GPGSV,3,1,09,08,23,291,40,10,49,015,46,18,27,133,45,23,27,066,44,6*6D
$GPGSV,3,2,09,24,09,043,41,27,37,249,44,28,33,167,46,31,12,187,33,6*6F
$GPGSV,3,3,09,32,76,315,48,6*51
$GLGSV,2,1,08,65,45,290,46,66,11,247,32,72,38,011,46,75,04,134,37,1*70
$GLGSV,2,2,08,86,31,157,47,87,78,181,49,88,35,329,49,,,,48,1*46
$GLGSV,2,1,07,65,45,290,12,66,11,247,35,72,38,011,46,75,04,134,21,3*7C
$GLGSV,2,2,07,86,31,157,44,88,35,329,47,,,,48,3*73
$GAGSV,2,1,05,03,76,005,53,05,25,038,47,08,44,232,51,15,60,340,52,2*76
$GAGSV,2,2,05,34,59,114,52,2*4B
$GAGSV,2,1,05,03,76,005,47,05,25,038,39,08,44,232,44,15,60,340,47,7*7F
$GAGSV,2,2,05,34,59,114,47,7*4A
$GBGSV,2,1,08,08,30,063,40,13,43,047,44,20,46,293,48,27,26,163,41,1*75
$GBGSV,2,2,08,29,36,307,48,32,45,023,48,38,25,074,40,39,48,082,47,1*71
$GBGSV,2,1,05,06,50,108,47,08,30,063,47,09,47,129,48,13,43,047,46,B*0F
$GBGSV,2,2,05,16,48,095,47,B*34
$GQGSV,1,1,02,04,21,067,38,07,19,104,34,1*67
$GQGSV,1,1,02,04,21,067,39,07,19,104,40,6*62
$GNGLL,2454.22747,N,06708.26894,E,140038.00,A,D*77
$GNRMC,140039.00,A,2454.22747,N,06708.26894,E,0.009,,050525,,,R,V*0D
$GNVTG,,T,,M,0.009,N,0.018,K,D*38
$GNGGA,140039.00,2454.22747,N,06708.26894,E,4,12,0.69,21.8,M,-44.2,M,1.0,0288*76
$GNGSA,A,3,08,10,18,23,02,27,28,32,31,,,,1.38,0.69,1.19,1*02
$GNGSA,A,3,87,66,86,72,65,88,,,,,,,1.38,0.69,1.19,2*09
$GNGSA,A,3,03,08,15,34,05,,,,,,,,1.38,0.69,1.19,3*02
$GNGSA,A,3,08,09,06,13,20,16,29,27,32,38,39,,1.38,0.69,1.19,4*06
$GNGSA,A,3,04,,,,,,,,,,,,1.38,0.69,1.19,5*0D
$GPGSV,4,1,13,02,16,321,39,08,23,291,40,10,49,015,47,18,27,134,43,1*6D
$GPGSV,4,2,13,23,27,066,41,24,09,043,38,27,37,249,44,28,33,167,43,1*61
$GPGSV,4,3,13,31,12,187,38,32,76,315,51,36,41,240,42,40,58,207,47,1*69
$GPGSV,4,4,13,41,56,146,47,1*50
$GPGSV,3,1,09,08,23,291,40,10,49,015,46,18,27,134,45,23,27,066,44,6*6A
$GPGSV,3,2,09,24,09,043,41,27,37,249,44,28,33,167,46,31,12,187,32,6*6E
$GPGSV,3,3,09,32,76,315,48,6*51
$GLGSV,2,1,07,65,45,290,46,66,11,247,33,72,38,011,46,75,04,134,37,1*7E
$GLGSV,2,2,07,86,31,157,47,87,78,181,49,88,35,329,49,1*45
$GLGSV,2,1,06,65,45,290,09,66,11,247,35,72,38,011,46,75,04,134,24,3*72
$GLGSV,2,2,06,86,31,157,44,88,35,329,47,3*7E
$GAGSV,2,1,05,03,76,005,53,05,25,038,47,08,44,232,51,15,60,340,52,2*76
$GAGSV,2,2,05,34,59,114,52,2*4B
$GAGSV,2,1,05,03,76,005,47,05,25,038,39,08,44,232,44,15,60,340,47,7*7F
$GAGSV,2,2,05,34,59,114,47,7*4A
$GBGSV,2,1,08,08,30,063,40,13,43,047,44,20,46,293,48,27,26,163,41,1*75
$GBGSV,2,2,08,29,36,307,48,32,45,023,48,38,25,074,40,39,48,082,47,1*71
$GBGSV,2,1,05,06,50,108,47,08,30,063,47,09,47,129,48,13,43,047,46,B*0F
$GBGSV,2,2,05,16,48,095,47,B*34
$GQGSV,1,1,02,04,21,067,38,07,19,104,34,1*67
$GQGSV,1,1,02,04,21,067,39,07,19,104,40,6*62
$GNGLL,2454.22747,N,06708.26894,E,140039.00,A,D*76
$GNRMC,140040.00,A,2454.22747,N,06708.26894,E,0.010,,050525,,,R,V*0B
$GNVTG,,T,,M,0.010,N,0.019,K,D*31
$GNGGA,140040.00,2454.22747,N,06708.26894,E,4,12,0.69,21.8,M,-44.2,M,1.0,0288*78
$GNGSA,A,3,08,10,18,23,02,27,28,32,31,,,,1.38,0.69,1.19,1*02
$GNGSA,A,3,87,66,86,72,65,88,,,,,,,1.38,0.69,1.19,2*09
$GNGSA,A,3,03,08,15,34,05,,,,,,,,1.38,0.69,1.19,3*02
$GNGSA,A,3,08,09,06,13,20,16,29,27,32,38,39,,1.38,0.69,1.19,4*06
$GNGSA,A,3,04,,,,,,,,,,,,1.38,0.69,1.19,5*0D
$GPGSV,4,1,13,02,16,321,39,08,23,291,40,10,49,015,47,18,27,134,43,1*6D
$GPGSV,4,2,13,23,27,066,41,24,09,043,38,27,37,249,44,28,33,167,43,1*61
$GPGSV,4,3,13,31,12,187,38,32,76,315,51,36,41,240,42,40,58,207,47,1*69
$GPGSV,4,4,13,41,56,146,47,1*50
$GPGSV,3,1,09,08,23,291,40,10,49,015,46,18,27,134,45,23,27,066,44,6*6A
$GPGSV,3,2,09,24,09,043,41,27,37,249,44,28,33,167,46,31,12,187,32,6*6E
$GPGSV,3,3,09,32,76,315,48,6*51
$GLGSV,2,1,08,65,45,290,46,66,11,247,32,72,38,011,46,75,04,134,36,1*71
$GLGSV,2,2,08,86,31,157,47,87,78,181,49,88,35,329,49,,,,48,1*46
$GLGSV,2,1,06,65,45,290,08,66,11,247,35,72,38,011,46,75,04,134,25,3*72
$GLGSV,2,2,06,86,31,157,44,88,35,329,47,3*7E
$GAGSV,2,1,05,03,76,005,53,05,25,038,47,08,44,232,51,15,60,340,52,2*76
$GAGSV,2,2,05,34,59,114,52,2*4B
$GAGSV,2,1,05,03,76,005,47,05,25,038,39,08,44,232,44,15,60,340,47,7*7F
$GAGSV,2,2,05,34,59,114,47,7*4A
$GBGSV,2,1,08,08,30,063,40,13,43,047,44,20,46,293,48,27,26,163,41,1*75
$GBGSV,2,2,08,29,36,307,48,32,45,023,48,38,25,074,40,39,48,082,47,1*71
$GBGSV,2,1,05,06,50,108,47,08,30,063,47,09,47,129,48,13,43,047,46,B*0F
$GBGSV,2,2,05,16,48,095,47,B*34
$GQGSV,1,1,02,04,21,067,38,07,19,104,34,1*67
$GQGSV,1,1,02,04,21,067,38,07,19,104,40,6*63
$GNGLL,2454.22747,N,06708.26894,E,140040.00,A,D*78
$GNRMC,140041.00,A,2454.22747,N,06708.26894,E,0.005,,050525,,,R,V*0E
$GNVTG,,T,,M,0.005,N,0.010,K,D*3C
$GNGGA,140041.00,2454.22747,N,06708.26894,E,4,12,0.69,21.8,M,-44.2,M,1.0,0288*79
$GNGSA,A,3,08,10,18,23,02,27,28,32,31,,,,1.38,0.69,1.19,1*02
$GNGSA,A,3,87,66,86,72,65,88,,,,,,,1.38,0.69,1.19,2*09
$GNGSA,A,3,03,08,15,34,05,,,,,,,,1.38,0.69,1.19,3*02
$GNGSA,A,3,08,09,06,13,20,16,29,27,32,38,39,,1.38,0.69,1.19,4*06
$GNGSA,A,3,04,,,,,,,,,,,,1.38,0.69,1.19,5*0D
$GPGSV,4,1,13,02,16,321,39,08,23,291,41,10,49,015,47,18,27,134,43,1*6C
$GPGSV,4,2,13,23,27,066,41,24,09,043,38,27,37,249,44,28,33,167,43,1*61
$GPGSV,4,3,13,31,12,187,38,32,76,315,51,36,41,240,42,40,58,207,47,1*69
$GPGSV,4,4,13,41,56,146,47,1*50
$GPGSV,3,1,09,08,23,291,40,10,49,015,46,18,27,134,45,23,27,066,44,6*6A
$GPGSV,3,2,09,24,09,043,41,27,37,249,44,28,33,167,46,31,12,187,33,6*6F
$GPGSV,3,3,09,32,76,315,48,6*51
$GLGSV,2,1,08,65,45,290,46,66,11,247,32,72,38,011,46,75,04,134,36,1*71
$GLGSV,2,2,08,86,31,157,47,87,78,181,49,88,35,329,49,,,,48,1*46
$GLGSV,2,1,06,65,45,290,07,66,11,247,35,72,38,011,46,75,04,134,25,3*7D
$GLGSV,2,2,06,86,31,157,44,88,35,329,47,3*7E
$GAGSV,2,1,05,03,76,005,53,05,25,038,47,08,44,232,51,15,60,340,52,2*76
$GAGSV,2,2,05,34,59,114,52,2*4B
$GAGSV,2,1,05,03,76,005,47,05,25,038,39,08,44,232,44,15,60,340,47,7*7F
$GAGSV,2,2,05,34,59,114,47,7*4A
$GBGSV,2,1,08,08,30,063,40,13,43,047,44,20,46,293,48,27,26,163,41,1*75
$GBGSV,2,2,08,29,36,307,48,32,45,023,48,38,25,074,40,39,48,082,47,1*71
$GBGSV,2,1,05,06,50,108,47,08,30,063,47,09,47,129,48,13,43,047,46,B*0F
$GBGSV,2,2,05,16,48,095,47,B*34
$GQGSV,1,1,02,04,21,067,38,07,19,104,34,1*67
$GQGSV,1,1,02,04,21,067,39,07,19,104,40,6*62
$GNGLL,2454.22747,N,06708.26894,E,140041.00,A,D*79
$GNRMC,140042.00,A,2454.22747,N,06708.26894,E,0.006,,050525,,,R,V*0E
$GNVTG,,T,,M,0.006,N,0.012,K,D*3D
$GNGGA,140042.00,2454.22747,N,06708.26894,E,4,12,0.69,21.8,M,-44.2,M,1.0,0288*7A
$GNGSA,A,3,08,10,18,23,02,27,28,32,31,,,,1.38,0.69,1.19,1*02
$GNGSA,A,3,87,66,86,72,65,88,,,,,,,1.38,0.69,1.19,2*09
$GNGSA,A,3,03,08,15,34,05,,,,,,,,1.38,0.69,1.19,3*02
$GNGSA,A,3,08,09,06,13,20,16,29,27,32,38,39,,1.38,0.69,1.19,4*06
$GNGSA,A,3,04,,,,,,,,,,,,1.38,0.69,1.19,5*0D
$GPGSV,4,1,13,02,16,321,39,08,23,291,41,10,49,015,47,18,27,134,43,1*6C
$GPGSV,4,2,13,23,27,066,41,24,09,043,38,27,37,249,44,28,33,167,43,1*61
$GPGSV,4,3,13,31,12,187,39,32,76,315,51,36,41,240,42,40,58,207,47,1*68
$GPGSV,4,4,13,41,56,146,47,1*50
$GPGSV,3,1,09,08,23,291,40,10,49,015,46,18,27,134,45,23,27,066,44,6*6A
$GPGSV,3,2,09,24,09,043,41,27,37,249,44,28,33,167,46,31,12,187,33,6*6F
$GPGSV,3,3,09,32,76,315,48,6*51
$GLGSV,2,1,08,65,45,290,46,66,11,247,32,72,38,011,46,75,04,134,36,1*71
$GLGSV,2,2,08,86,31,157,47,87,78,181,49,88,35,329,49,,,,48,1*46
$GLGSV,2,1,06,65,45,290,08,66,11,247,35,72,38,011,46,75,04,134,25,3*72
$GLGSV,2,2,06,86,31,157,44,88,35,329,47,3*7E
$GAGSV,2,1,05,03,76,005,53,05,25,038,47,08,44,232,52,15,60,340,52,2*75
$GAGSV,2,2,05,34,59,114,52,2*4B
$GAGSV,2,1,05,03,76,005,47,05,25,038,39,08,44,232,44,15,60,340,47,7*7F
$GAGSV,2,2,05,34,59,114,47,7*4A
$GBGSV,2,1,08,08,30,063,40,13,43,047,44,20,46,293,48,27,26,163,41,1*75
$GBGSV,2,2,08,29,36,307,48,32,45,023,48,38,25,074,40,39,48,082,47,1*71
$GBGSV,2,1,05,06,50,108,47,08,30,063,47,09,47,129,48,13,43,047,46,B*0F
$GBGSV,2,2,05,16,48,095,47,B*34
$GQGSV,1,1,02,04,21,067,38,07,19,104,34,1*67
$GQGSV,1,1,02,04,21,067,39,07,19,104,40,6*62
$GNGLL,2454.22747,N,06708.26894,E,140042.00,A,D*7A
$GNRMC,140043.00,A,2454.22748,N,06708.26894,E,0.005,,050525,,,R,V*03
$GNVTG,,T,,M,0.005,N,0.009,K,D*34
$GNGGA,140043.00,2454.22748,N,06708.26894,E,4,12,0.69,21.8,M,-44.2,M,1.0,0288*74
$GNGSA,A,3,08,10,18,23,02,27,28,32,31,,,,1.38,0.69,1.19,1*02
$GNGSA,A,3,87,66,86,72,65,88,,,,,,,1.38,0.69,1.19,2*09
$GNGSA,A,3,03,08,15,34,05,,,,,,,,1.38,0.69,1.19,3*02
$GNGSA,A,3,08,09,06,13,20,16,29,27,32,38,39,,1.38,0.69,1.19,4*06
$GNGSA,A,3,04,,,,,,,,,,,,1.38,0.69,1.19,5*0D
$GPGSV,4,1,13,02,16,321,39,08,23,291,41,10,49,015,48,18,27,134,43,1*63
$GPGSV,4,2,13,23,27,066,41,24,09,043,38,27,37,249,44,28,34,167,43,1*66
$GPGSV,4,3,13,31,12,187,38,32,76,315,51,36,34,246,42,40,58,207,47,1*6D
$GPGSV,4,4,13,41,56,146,47,1*50
$GPGSV,3,1,09,08,23,291,39,10,49,015,46,18,27,134,45,23,27,066,44,6*64
$GPGSV,3,2,09,24,09,043,41,27,37,249,44,28,34,167,46,31,12,187,33,6*68
$GPGSV,3,3,09,32,76,315,48,6*51
$GPGSV,1,1,01,49,17,257,,0*5F
$GLGSV,2,1,08,65,45,290,46,66,11,247,33,72,38,011,46,75,04,134,36,1*70
$GLGSV,2,2,08,86,31,157,47,87,78,181,49,88,35,329,49,,,,48,1*46
$GLGSV,2,1,06,65,45,290,08,66,11,247,35,72,38,011,46,75,04,134,25,3*72
$GLGSV,2,2,06,86,31,157,44,88,35,329,47,3*7E
$GAGSV,2,1,05,03,76,005,53,05,25,038,47,08,44,232,52,15,60,340,52,2*75
$GAGSV,2,2,05,34,59,114,52,2*4B
$GAGSV,2,1,05,03,76,005,47,05,25,038,39,08,44,232,44,15,60,340,47,7*7F
$GAGSV,2,2,05,34,59,114,47,7*4A
$GBGSV,2,1,08,08,30,063,40,13,43,047,45,20,46,293,48,27,26,163,41,1*74
$GBGSV,2,2,08,29,36,307,48,32,45,023,48,38,25,074,40,39,48,082,47,1*71
$GBGSV,2,1,05,06,50,108,47,08,30,063,47,09,47,129,48,13,43,047,46,B*0F
$GBGSV,2,2,05,16,48,095,47,B*34
$GQGSV,1,1,02,04,21,067,38,07,19,104,34,1*67
$GQGSV,1,1,02,04,21,067,39,07,19,104,40,6*62
$GNGLL,2454.22748,N,06708.26894,E,140043.00,A,D*74
$GNRMC,140044.00,A,2454.22747,N,06708.26894,E,0.006,,050525,,,R,V*08
$GNVTG,,T,,M,0.006,N,0.011,K,D*3E
$GNGGA,140044.00,2454.22747,N,06708.26894,E,4,12,0.69,21.8,M,-44.2,M,1.0,0288*7C
$GNGSA,A,3,08,10,18,23,02,27,28,32,31,,,,1.38,0.69,1.19,1*02
$GNGSA,A,3,87,66,86,72,65,88,,,,,,,1.38,0.69,1.19,2*09
$GNGSA,A,3,03,08,15,34,05,,,,,,,,1.38,0.69,1.19,3*02
$GNGSA,A,3,08,09,06,13,20,16,29,27,32,38,39,,1.38,0.69,1.19,4*06
$GNGSA,A,3,04,,,,,,,,,,,,1.38,0.69,1.19,5*0D
$GPGSV,4,1,13,02,16,321,39,08,23,291,41,10,49,015,47,18,27,134,43,1*6C
$GPGSV,4,2,13,23,27,066,41,24,09,043,38,27,37,249,44,28,34,167,43,1*66
$GPGSV,4,3,13,31,13,187,39,32,76,315,51,36,34,246,42,40,58,207,47,1*6D
$GPGSV,4,4,13,41,56,146,47,1*50
$GPGSV,3,1,09,08,23,291,40,10,49,015,46,18,27,134,45,23,27,066,44,6*6A
$GPGSV,3,2,09,24,09,043,41,27,37,249,44,28,34,167,46,31,13,187,33,6*69
$GPGSV,3,3,09,32,76,315,48,6*51
$GPGSV,1,1,01,49,17,257,,0*5F
$GLGSV,2,1,08,65,45,290,46,66,11,247,33,72,38,011,46,75,04,134,36,1*70
$GLGSV,2,2,08,86,31,157,47,87,78,181,49,88,35,329,49,,,,48,1*46
$GLGSV,2,1,06,65,45,290,07,66,11,247,35,72,38,011,46,75,04,134,25,3*7D
$GLGSV,2,2,06,86,31,157,44,88,35,329,47,3*7E
$GAGSV,2,1,05,03,76,005,53,05,25,038,47,08,44,232,52,15,60,340,52,2*75
$GAGSV,2,2,05,34,59,114,52,2*4B
$GAGSV,2,1,05,03,76,005,47,05,25,038,39,08,44,232,44,15,60,340,47,7*7F
$GAGSV,2,2,05,34,59,114,47,7*4A
$GBGSV,2,1,08,08,30,063,40,13,43,047,44,20,46,293,48,27,26,163,41,1*75
$GBGSV,2,2,08,29,36,307,48,32,45,023,48,38,25,074,40,39,48,082,47,1*71
$GBGSV,2,1,05,06,50,108,47,08,30,063,47,09,47,129,48,13,43,047,46,B*0F
$GBGSV,2,2,05,16,48,095,47,B*34
$GQGSV,1,1,02,04,21,067,38,07,19,104,34,1*67
$GQGSV,1,1,02,04,21,067,39,07,19,104,40,6*62
$GNGLL,2454.22747,N,06708.26894,E,140044.00,A,D*7C
$GNRMC,140045.00,A,2454.22747,N,06708.26894,E,0.008,,050525,,,R,V*07
$GNVTG,,T,,M,0.008,N,0.014,K,D*35
$GNGGA,140045.00,2454.22747,N,06708.26894,E,4,12,0.69,21.8,M,-44.2,M,1.0,0288*7D
$GNGSA,A,3,08,10,18,23,02,27,28,32,31,,,,1.38,0.69,1.19,1*02
$GNGSA,A,3,87,66,86,72,65,88,,,,,,,1.38,0.69,1.19,2*09
$GNGSA,A,3,03,08,15,34,05,,,,,,,,1.38,0.69,1.19,3*02
$GNGSA,A,3,08,09,06,13,20,16,29,27,32,38,39,,1.38,0.69,1.19,4*06
$GNGSA,A,3,04,,,,,,,,,,,,1.38,0.69,1.19,5*0D
$GPGSV,4,1,13,02,16,321,39,08,23,291,41,10,49,015,47,18,27,134,43,1*6C
$GPGSV,4,2,13,23,27,066,41,24,09,043,38,27,37,249,44,28,34,167,43,1*66
$GPGSV,4,3,13,31,13,187,38,32,76,317,51,36,34,246,42,40,58,207,47,1*6E
$GPGSV,4,4,13,41,56,146,47,1*50
$GPGSV,3,1,09,08,23,291,40,10,49,015,46,18,27,134,45,23,27,066,44,6*6A
$GPGSV,3,2,09,24,09,043,41,27,37,249,44,28,34,167,45,31,13,187,33,6*6A
$GPGSV,3,3,09,32,76,317,48,6*53
$GPGSV,1,1,01,49,17,257,,0*5F
$GLGSV,2,1,08,65,45,290,46,66,11,247,33,72,38,011,46,75,04,134,37,1*71
$GLGSV,2,2,08,86,31,157,47,87,78,181,49,88,35,329,49,,,,48,1*46
$GLGSV,2,1,06,65,45,290,08,66,11,247,34,72,38,011,46,75,04,134,24,3*72
$GLGSV,2,2,06,86,31,157,44,88,35,329,47,3*7E
$GAGSV,2,1,05,03,76,005,53,05,25,038,47,08,44,232,51,15,60,340,52,2*76
$GAGSV,2,2,05,34,59,114,52,2*4B
$GAGSV,2,1,05,03,76,005,47,05,25,038,39,08,44,232,44,15,60,340,47,7*7F
$GAGSV,2,2,05,34,59,114,47,7*4A
$GBGSV,2,1,08,08,30,063,40,13,43,047,44,20,46,293,48,27,26,163,41,1*75
$GBGSV,2,2,08,29,36,307,48,32,45,023,48,38,25,074,40,39,48,082,47,1*71
$GBGSV,2,1,05,06,50,108,47,08,30,063,47,09,47,129,48,13,43,047,46,B*0F
$GBGSV,2,2,05,16,48,095,47,B*34
$GQGSV,1,1,02,04,21,067,38,07,19,104,34,1*67
$GQGSV,1,1,02,04,21,067,39,07,19,104,40,6*62
$GNGLL,2454.22747,N,06708.26894,E,140045.00,A,D*7D
$GNRMC,140046.00,A,2454.22747,N,06708.26894,E,0.006,,050525,,,R,V*0A
$GNVTG,,T,,M,0.006,N,0.010,K,D*3F
$GNGGA,140046.00,2454.22747,N,06708.26894,E,4,12,0.69,21.8,M,-44.2,M,1.0,0288*7E
$GNGSA,A,3,08,10,18,23,02,27,28,32,31,,,,1.38,0.69,1.19,1*02
$GNGSA,A,3,87,66,86,72,65,88,,,,,,,1.38,0.69,1.19,2*09
$GNGSA,A,3,03,08,15,34,05,,,,,,,,1.38,0.69,1.19,3*02
$GNGSA,A,3,08,09,06,13,20,16,29,27,32,38,39,,1.38,0.69,1.19,4*06
$GNGSA,A,3,04,,,,,,,,,,,,1.38,0.69,1.19,5*0D
$GPGSV,4,1,13,02,16,321,39,08,23,291,41,10,49,015,47,18,27,134,42,1*6D
$GPGSV,4,2,13,23,27,066,41,24,09,043,38,27,37,249,43,28,34,167,43,1*61
$GPGSV,4,3,13,31,13,187,38,32,76,317,51,36,34,246,42,40,58,207,47,1*6E
$GPGSV,4,4,13,41,56,146,47,1*50
$GPGSV,3,1,09,08,23,291,40,10,49,015,46,18,27,134,45,23,27,066,44,6*6A
$GPGSV,3,2,09,24,09,043,41,27,37,249,44,28,34,167,45,31,13,187,33,6*6A
$GPGSV,3,3,09,32,76,317,48,6*53
$GPGSV,1,1,01,49,17,257,,0*5F
$GLGSV,2,1,08,65,45,290,46,66,11,247,33,72,38,011,46,75,04,134,37,1*71
$GLGSV,2,2,08,86,31,157,47,87,78,181,49,88,35,329,49,,,,48,1*46
$GLGSV,2,1,06,65,45,290,08,66,11,247,34,72,38,011,46,75,04,134,25,3*73
$GLGSV,2,2,06,86,31,157,44,88,35,329,47,3*7E
$GAGSV,2,1,05,03,76,005,53,05,25,038,47,08,44,232,51,15,60,340,52,2*76
$GAGSV,2,2,05,34,59,114,52,2*4B
$GAGSV,2,1,05,03,76,005,47,05,25,038,39,08,44,232,44,15,60,340,47,7*7F
$GAGSV,2,2,05,34,59,114,47,7*4A
$GBGSV,2,1,08,08,30,063,40,13,43,047,44,20,46,293,48,27,26,163,41,1*75
$GBGSV,2,2,08,29,36,307,48,32,45,023,48,38,25,074,40,39,48,082,47,1*71
$GBGSV,2,1,05,06,50,108,47,08,30,063,47,09,47,129,48,13,43,047,46,B*0F
$GBGSV,2,2,05,16,48,095,47,B*34
$GQGSV,1,1,02,04,21,067,38,07,19,104,34,1*67
$GQGSV,1,1,02,04,21,067,39,07,19,104,40,6*62
$GNGLL,2454.22747,N,06708.26894,E,140046.00,A,D*7E
$GNRMC,140047.00,A,2454.22747,N,06708.26894,E,0.005,,050525,,,R,V*08
$GNVTG,,T,,M,0.005,N,0.010,K,D*3C
$GNGGA,140047.00,2454.22747,N,06708.26894,E,4,12,0.69,21.8,M,-44.2,M,1.0,0288*7F
$GNGSA,A,3,08,10,18,23,02,27,28,32,31,,,,1.38,0.69,1.19,1*02
$GNGSA,A,3,87,66,86,72,65,88,,,,,,,1.38,0.69,1.19,2*09
$GNGSA,A,3,03,08,15,34,05,,,,,,,,1.38,0.69,1.19,3*02
$GNGSA,A,3,08,09,06,13,20,16,29,27,32,38,39,,1.38,0.69,1.19,4*06
$GNGSA,A,3,04,,,,,,,,,,,,1.38,0.69,1.19,5*0D
$GPGSV,4,1,13,02,16,321,39,08,23,291,41,10,49,015,47,18,27,134,42,1*6D
$GPGSV,4,2,13,23,27,066,41,24,09,043,38,27,37,249,44,28,34,167,43,1*66
$GPGSV,4,3,13,31,13,187,38,32,76,317,51,36,34,246,42,40,58,207,47,1*6E
$GPGSV,4,4,13,41,56,146,47,1*50
$GPGSV,3,1,09,08,23,291,40,10,49,015,46,18,27,134,45,23,27,066,44,6*6A
$GPGSV,3,2,09,24,09,043,41,27,37,249,44,28,34,167,45,31,13,187,33,6*6A
$GPGSV,3,3,09,32,76,317,48,6*53
$GPGSV,1,1,01,49,17,257,,0*5F
$GLGSV,2,1,08,65,45,290,46,66,11,247,33,72,38,011,46,75,04,134,38,1*7E
$GLGSV,2,2,08,86,31,157,47,87,78,181,49,88,35,329,49,,,,48,1*46
$GLGSV,2,1,06,65,45,290,08,66,11,247,34,72,38,011,46,75,04,134,25,3*73
$GLGSV,2,2,06,86,31,157,44,88,35,329,47,3*7E
$GAGSV,2,1,05,03,76,005,53,05,25,038,47,08,44,232,51,15,60,340,52,2*76
$GAGSV,2,2,05,34,59,114,52,2*4B
$GAGSV,2,1,05,03,76,005,47,05,25,038,39,08,44,232,44,15,60,340,47,7*7F
$GAGSV,2,2,05,34,59,114,47,7*4A
$GBGSV,2,1,08,08,30,063,40,13,43,047,45,20,46,293,48,27,26,163,41,1*74
$GBGSV,2,2,08,29,36,307,48,32,45,023,48,38,25,074,40,39,48,082,47,1*71
$GBGSV,2,1,05,06,50,108,47,08,30,063,47,09,47,129,48,13,43,047,46,B*0F
$GBGSV,2,2,05,16,48,095,47,B*34
$GQGSV,1,1,02,04,21,067,38,07,19,104,34,1*67
$GQGSV,1,1,02,04,21,067,39,07,19,104,40,6*62
$GNGLL,2454.22747,N,06708.26894,E,140047.00,A,D*7F
$GNRMC,140048.00,A,2454.22747,N,06708.26894,E,0.010,,050525,,,R,V*03
$GNVTG,,T,,M,0.010,N,0.018,K,D*30
$GNGGA,140048.00,2454.22747,N,06708.26894,E,4,12,0.69,21.8,M,-44.2,M,1.0,0288*70
$GNGSA,A,3,08,10,18,23,02,27,28,32,31,,,,1.38,0.69,1.19,1*02
$GNGSA,A,3,87,66,86,72,65,88,,,,,,,1.38,0.69,1.19,2*09
$GNGSA,A,3,03,08,15,34,05,,,,,,,,1.38,0.69,1.19,3*02
$GNGSA,A,3,08,09,06,13,20,16,29,27,32,38,39,,1.38,0.69,1.19,4*06
$GNGSA,A,3,04,,,,,,,,,,,,1.38,0.69,1.19,5*0D
$GPGSV,4,1,13,02,16,321,39,08,23,291,41,10,49,015,47,18,27,134,42,1*6D
$GPGSV,4,2,13,23,27,066,41,24,09,043,38,27,37,249,43,28,34,167,43,1*61
$GPGSV,4,3,13,31,13,187,38,32,76,317,51,36,34,246,42,40,58,207,47,1*6E
$GPGSV,4,4,13,41,56,146,47,1*50
$GPGSV,3,1,09,08,23,291,40,10,49,015,46,18,27,134,45,23,27,066,44,6*6A
$GPGSV,3,2,09,24,09,043,41,27,37,249,44,28,34,167,45,31,13,187,33,6*6A
$GPGSV,3,3,09,32,76,317,48,6*53
$GPGSV,1,1,01,49,17,257,,0*5F
$GLGSV,2,1,08,65,45,290,46,66,11,247,33,72,38,011,46,75,04,134,38,1*7E
$GLGSV,2,2,08,86,31,157,47,87,78,181,49,88,35,329,49,,,,48,1*46
$GLGSV,2,1,05,66,11,247,34,72,38,011,46,75,04,134,25,86,31,157,44,3*7E
$GLGSV,2,2,05,88,35,329,47,3*42
$GAGSV,2,1,05,03,76,005,53,05,25,038,47,08,44,232,51,15,60,340,52,2*76
$GAGSV,2,2,05,34,59,114,52,2*4B
$GAGSV,2,1,05,03,76,005,47,05,25,038,39,08,44,232,44,15,60,340,47,7*7F
$GAGSV,2,2,05,34,59,114,47,7*4A
$GBGSV,2,1,08,08,30,063,40,13,43,047,44,20,46,293,48,27,26,163,41,1*75
$GBGSV,2,2,08,29,36,307,48,32,45,023,48,38,25,074,40,39,48,082,47,1*71
$GBGSV,2,1,05,06,50,108,47,08,30,063,47,09,47,129,48,13,43,047,46,B*0F
$GBGSV,2,2,05,16,48,095,47,B*34
$GQGSV,1,1,02,04,21,067,38,07,19,104,34,1*67
$GQGSV,1,1,02,04,21,067,38,07,19,104,40,6*63
$GNGLL,2454.22747,N,06708.26894,E,140048.00,A,D*70
$GNRMC,140049.00,A,2454.22747,N,06708.26894,E,0.045,,050525,,,R,V*02
$GNVTG,,T,,M,0.045,N,0.083,K,D*32
$GNGGA,140049.00,2454.22747,N,06708.26894,E,4,12,0.69,21.8,M,-44.2,M,1.0,0288*71
$GNGSA,A,3,08,10,18,23,02,27,28,32,31,,,,1.38,0.69,1.19,1*02
$GNGSA,A,3,87,66,86,72,65,88,,,,,,,1.38,0.69,1.19,2*09
$GNGSA,A,3,03,08,15,34,05,,,,,,,,1.38,0.69,1.19,3*02
$GNGSA,A,3,08,09,06,13,20,16,29,27,32,38,39,,1.38,0.69,1.19,4*06
$GNGSA,A,3,04,,,,,,,,,,,,1.38,0.69,1.19,5*0D
$GPGSV,4,1,13,02,16,321,39,08,23,291,41,10,49,015,47,18,27,134,43,1*6C
$GPGSV,4,2,13,23,27,066,41,24,09,043,38,27,37,249,43,28,34,167,43,1*61
$GPGSV,4,3,13,31,13,187,38,32,76,317,51,36,34,246,42,40,58,207,47,1*6E
$GPGSV,4,4,13,41,56,146,47,1*50
$GPGSV,3,1,09,08,23,291,40,10,49,015,46,18,27,134,45,23,27,066,44,6*6A
$GPGSV,3,2,09,24,09,043,41,27,37,249,44,28,34,167,45,31,13,187,33,6*6A
$GPGSV,3,3,09,32,76,317,48,6*53
$GPGSV,1,1,01,49,17,257,,0*5F
$GLGSV,3,1,09,65,45,290,46,66,11,247,33,71,01,044,27,72,38,011,46,1*77
$GLGSV,3,2,09,75,04,134,38,86,31,157,47,87,78,181,49,88,35,329,49,1*71
$GLGSV,3,3,09,,,,48,1*7D
$GLGSV,2,1,05,66,11,247,34,72,38,011,46,75,04,134,26,86,31,157,44,3*7D
$GLGSV,2,2,05,88,35,329,47,3*42
$GAGSV,2,1,05,03,76,005,53,05,25,038,47,08,44,232,52,15,60,340,52,2*75
$GAGSV,2,2,05,34,59,114,52,2*4B
$GAGSV,2,1,05,03,76,005,47,05,25,038,39,08,44,232,44,15,60,340,47,7*7F
$GAGSV,2,2,05,34,59,114,47,7*4A
$GBGSV,2,1,08,08,30,063,40,13,43,047,44,20,46,293,49,27,26,163,41,1*74
$GBGSV,2,2,08,29,36,307,48,32,45,023,48,38,25,074,40,39,48,082,47,1*71
$GBGSV,2,1,05,06,50,108,47,08,30,063,47,09,47,129,48,13,43,047,46,B*0F
$GBGSV,2,2,05,16,48,095,47,B*34
$GQGSV,1,1,02,04,21,067,38,07,19,104,34,1*67
$GQGSV,1,1,02,04,21,067,39,07,19,104,40,6*62
$GNGLL,2454.22747,N,06708.26894,E,140049.00,A,D*71
$GNRMC,140050.00,A,2454.22747,N,06708.26894,E,0.002,,050525,,,R,V*09
$GNVTG,,T,,M,0.002,N,0.003,K,D*39
$GNGGA,140050.00,2454.22747,N,06708.26894,E,4,12,0.69,21.8,M,-44.2,M,1.0,0288*79
$GNGSA,A,3,08,10,18,23,02,27,28,32,31,,,,1.38,0.69,1.19,1*02
$GNGSA,A,3,87,66,86,72,65,88,,,,,,,1.38,0.69,1.19,2*09
$GNGSA,A,3,03,08,15,34,05,,,,,,,,1.38,0.69,1.19,3*02
$GNGSA,A,3,08,09,06,13,20,16,29,27,32,38,39,,1.38,0.69,1.19,4*06
$GNGSA,A,3,04,,,,,,,,,,,,1.38,0.69,1.19,5*0D
$GPGSV,4,1,13,02,16,321,39,08,23,291,41,10,49,015,47,18,27,134,43,1*6C
$GPGSV,4,2,13,23,27,066,41,24,09,043,38,27,37,249,43,28,34,167,43,1*61
$GPGSV,4,3,13,31,13,187,39,32,76,317,51,36,34,246,42,40,58,207,47,1*6F
$GPGSV,4,4,13,41,56,146,47,1*50
$GPGSV,3,1,09,08,23,291,40,10,49,015,46,18,27,134,45,23,27,066,44,6*6A
$GPGSV,3,2,09,24,09,043,41,27,37,249,44,28,34,167,45,31,13,187,32,6*6B
$GPGSV,3,3,09,32,76,317,48,6*53
$GPGSV,1,1,01,49,17,257,,0*5F
$GLGSV,3,1,09,65,45,290,46,66,11,247,33,71,01,044,27,72,38,011,46,1*77
$GLGSV,3,2,09,75,04,134,37,86,31,157,47,87,78,181,49,88,35,329,49,1*7E
$GLGSV,3,3,09,,,,48,1*7D
$GLGSV,2,1,05,66,11,247,33,72,38,011,46,75,04,134,26,86,31,157,44,3*7A
$GLGSV,2,2,05,88,35,329,47,3*42
$GAGSV,2,1,05,03,76,005,53,05,25,038,47,08,45,233,51,15,60,340,52,2*76
$GAGSV,2,2,05,34,59,114,52,2*4B
$GAGSV,2,1,05,03,76,005,47,05,25,038,38,08,45,233,44,15,60,340,47,7*7E
$GAGSV,2,2,05,34,59,114,47,7*4A
$GBGSV,2,1,08,08,30,063,40,13,43,047,44,20,46,293,48,27,26,163,41,1*75
$GBGSV,2,2,08,29,36,307,48,32,45,023,48,38,25,074,40,39,48,082,47,1*71
$GBGSV,2,1,05,06,50,108,47,08,30,063,47,09,47,129,48,13,43,047,46,B*0F
$GBGSV,2,2,05,16,48,095,47,B*34
$GQGSV,1,1,02,04,21,067,38,07,19,104,34,1*67
$GQGSV,1,1,02,04,21,067,38,07,19,104,40,6*63
$GNGLL,2454.22747,N,06708.26894,E,140050.00,A,D*79
$GNRMC,140051.00,A,2454.22747,N,06708.26894,E,0.003,,050525,,,R,V*09
$GNVTG,,T,,M,0.003,N,0.006,K,D*3D
$GNGGA,140051.00,2454.22747,N,06708.26894,E,4,12,0.69,21.8,M,-44.2,M,1.0,0288*78
$GNGSA,A,3,08,10,18,23,02,27,28,32,31,,,,1.38,0.69,1.19,1*02
$GNGSA,A,3,87,66,86,72,65,88,,,,,,,1.38,0.69,1.19,2*09
$GNGSA,A,3,03,08,15,34,05,,,,,,,,1.38,0.69,1.19,3*02
$GNGSA,A,3,08,09,06,13,20,16,29,27,32,38,39,,1.38,0.69,1.19,4*06
$GNGSA,A,3,04,,,,,,,,,,,,1.38,0.69,1.19,5*0D
$GPGSV,4,1,13,02,16,321,39,08,23,291,41,10,49,015,47,18,27,134,43,1*6C
$GPGSV,4,2,13,23,27,066,41,24,09,043,38,27,37,249,43,28,34,167,43,1*61
$GPGSV,4,3,13,31,13,187,38,32,76,317,51,36,34,246,42,40,58,207,47,1*6E
$GPGSV,4,4,13,41,56,146,47,1*50
$GPGSV,3,1,09,08,23,291,40,10,49,015,46,18,27,134,45,23,27,066,44,6*6A
$GPGSV,3,2,09,24,09,043,41,27,37,249,44,28,34,167,45,31,13,187,32,6*6B
$GPGSV,3,3,09,32,76,317,48,6*53
$GPGSV,1,1,01,49,17,257,,0*5F
$GLGSV,3,1,09,65,45,290,46,66,11,247,34,71,01,044,27,72,38,011,46,1*70
$GLGSV,3,2,09,75,04,134,37,86,31,157,47,87,78,181,49,88,35,329,49,1*7E
$GLGSV,3,3,09,,,,48,1*7D
$GLGSV,2,1,05,66,11,247,33,72,38,011,46,75,04,134,27,86,31,157,44,3*7B
$GLGSV,2,2,05,88,35,329,47,3*42
$GAGSV,2,1,05,03,76,005,53,05,25,038,47,08,45,233,51,15,60,340,52,2*76
$GAGSV,2,2,05,34,59,114,52,2*4B
$GAGSV,2,1,05,03,76,005,47,05,25,038,39,08,45,233,44,15,60,340,47,7*7F
$GAGSV,2,2,05,34,59,114,47,7*4A
$GBGSV,2,1,08,08,30,063,40,13,43,047,44,20,46,293,49,27,26,163,41,1*74
$GBGSV,2,2,08,29,36,307,48,32,45,023,48,38,25,074,40,39,48,082,47,1*71
$GBGSV,2,1,05,06,50,108,47,08,30,063,47,09,47,129,48,13,43,047,46,B*0F
$GBGSV,2,2,05,16,48,095,47,B*34
$GQGSV,1,1,02,04,21,067,38,07,19,104,34,1*67
$GQGSV,1,1,02,04,21,067,38,07,19,104,40,6*63
$GNGLL,2454.22747,N,06708.26894,E,140051.00,A,D*78
$GNRMC,140052.00,A,2454.22747,N,06708.26894,E,0.007,,050525,,,R,V*0E
$GNVTG,,T,,M,0.007,N,0.014,K,D*3A
$GNGGA,140052.00,2454.22747,N,06708.26894,E,4,12,0.69,21.8,M,-44.2,M,1.0,0288*7B
$GNGSA,A,3,08,10,18,23,02,27,28,32,31,,,,1.38,0.69,1.19,1*02
$GNGSA,A,3,87,66,86,72,65,88,,,,,,,1.38,0.69,1.19,2*09
$GNGSA,A,3,03,08,15,34,05,,,,,,,,1.38,0.69,1.19,3*02
$GNGSA,A,3,08,09,06,13,20,16,29,27,32,38,39,,1.38,0.69,1.19,4*06
$GNGSA,A,3,04,,,,,,,,,,,,1.38,0.69,1.19,5*0D
$GPGSV,4,1,13,02,16,321,39,08,23,291,41,10,49,015,47,18,27,134,43,1*6C
$GPGSV,4,2,13,23,27,066,41,24,09,043,37,27,37,249,43,28,34,167,43,1*6E
$GPGSV,4,3,13,31,13,187,38,32,76,317,51,36,34,246,42,40,58,207,47,1*6E
$GPGSV,4,4,13,41,56,146,47,1*50
$GPGSV,3,1,09,08,23,291,40,10,49,015,46,18,27,134,45,23,27,066,44,6*6A
$GPGSV,3,2,09,24,09,043,41,27,37,249,44,28,34,167,45,31,13,187,33,6*6A
$GPGSV,3,3,09,32,76,317,48,6*53
$GPGSV,1,1,01,49,17,257,,0*5F
$GLGSV,3,1,09,65,45,290,46,66,11,247,34,71,01,044,27,72,38,011,46,1*70
$GLGSV,3,2,09,75,04,134,36,86,31,157,47,87,78,181,49,88,35,329,49,1*7F
$GLGSV,3,3,09,,,,48,1*7D
$GLGSV,2,1,05,66,11,247,34,72,38,011,46,75,04,134,27,86,31,157,44,3*7C
$GLGSV,2,2,05,88,35,329,47,3*42
$GAGSV,2,1,05,03,76,005,53,05,25,038,47,08,45,233,51,15,60,340,52,2*76
$GAGSV,2,2,05,34,59,114,52,2*4B
$GAGSV,2,1,05,03,76,005,47,05,25,038,39,08,45,233,44,15,60,340,47,7*7F
$GAGSV,2,2,05,34,59,114,47,7*4A
$GBGSV,2,1,08,08,30,063,40,13,43,047,45,20,46,293,49,27,26,163,41,1*75
$GBGSV,2,2,08,29,36,307,48,32,45,023,48,38,25,074,40,39,48,082,47,1*71
$GBGSV,2,1,05,06,50,108,47,08,30,063,47,09,47,129,48,13,43,047,46,B*0F
$GBGSV,2,2,05,16,48,095,47,B*34
$GQGSV,1,1,02,04,21,067,38,07,19,104,34,1*67
$GQGSV,1,1,02,04,21,067,38,07,19,104,40,6*63
$GNGLL,2454.22747,N,06708.26894,E,140052.00,A,D*7B
$GNRMC,140053.00,A,2454.22747,N,06708.26894,E,0.008,,050525,,,R,V*00
$GNVTG,,T,,M,0.008,N,0.014,K,D*35
$GNGGA,140053.00,2454.22747,N,06708.26894,E,4,12,0.69,21.8,M,-44.2,M,1.0,0288*7A
$GNGSA,A,3,08,10,18,23,02,27,28,32,31,,,,1.38,0.69,1.19,1*02
$GNGSA,A,3,87,66,86,72,65,88,,,,,,,1.38,0.69,1.19,2*09
$GNGSA,A,3,03,08,15,34,05,,,,,,,,1.38,0.69,1.19,3*02
$GNGSA,A,3,08,09,06,13,20,16,29,27,32,38,39,,1.38,0.69,1.19,4*06
$GNGSA,A,3,04,,,,,,,,,,,,1.38,0.69,1.19,5*0D
$GPGSV,4,1,13,02,16,321,39,08,23,291,41,10,49,015,47,18,27,134,42,1*6D
$GPGSV,4,2,13,23,27,066,41,24,09,043,38,27,37,249,43,28,34,167,43,1*61
$GPGSV,4,3,13,31,13,187,38,32,76,317,51,36,34,246,42,40,58,207,47,1*6E
$GPGSV,4,4,13,41,56,146,47,1*50
$GPGSV,3,1,09,08,23,291,40,10,49,015,46,18,27,134,45,23,27,066,44,6*6A
$GPGSV,3,2,09,24,09,043,41,27,37,249,44,28,34,167,45,31,13,187,33,6*6A
$GPGSV,3,3,09,32,76,317,48,6*53
$GPGSV,1,1,01,49,17,257,,0*5F
$GLGSV,3,1,09,65,45,290,46,66,11,247,34,71,01,044,26,72,38,012,46,1*72
$GLGSV,3,2,09,75,04,134,36,86,31,157,47,87,78,181,49,88,35,329,49,1*7F
$GLGSV,3,3,09,,,,48,1*7D
$GLGSV,2,1,05,66,11,247,34,72,38,012,47,75,04,134,27,86,31,157,44,3*7E
$GLGSV,2,2,05,88,35,329,47,3*42
$GAGSV,2,1,05,03,76,005,53,05,25,038,47,08,45,233,51,15,60,340,52,2*76
$GAGSV,2,2,05,34,59,114,52,2*4B
$GAGSV,2,1,05,03,76,005,47,05,25,038,39,08,45,233,44,15,60,340,47,7*7F
$GAGSV,2,2,05,34,59,114,47,7*4A
$GBGSV,2,1,08,08,30,063,40,13,43,047,44,20,46,293,49,27,26,163,41,1*74
$GBGSV,2,2,08,29,36,307,48,32,45,023,48,38,25,074,40,39,48,082,47,1*71
$GBGSV,2,1,05,06,50,108,47,08,30,063,47,09,47,129,48,13,43,047,46,B*0F
$GBGSV,2,2,05,16,48,095,47,B*34
$GQGSV,1,1,02,04,21,067,38,07,19,104,34,1*67
$GQGSV,1,1,02,04,21,067,38,07,19,104,40,6*63
$GNGLL,2454.22747,N,06708.26894,E,140053.00,A,D*7A
$GNRMC,140054.00,A,2454.22747,N,06708.26894,E,0.002,,050525,,,R,V*0D
$GNVTG,,T,,M,0.002,N,0.004,K,D*3E
$GNGGA,140054.00,2454.22747,N,06708.26894,E,4,12,0.69,21.8,M,-44.2,M,1.0,0288*7D
$GNGSA,A,3,08,10,18,23,02,27,28,32,31,,,,1.38,0.69,1.19,1*02
$GNGSA,A,3,87,66,86,72,65,88,,,,,,,1.38,0.69,1.19,2*09
$GNGSA,A,3,03,08,15,34,05,,,,,,,,1.38,0.69,1.19,3*02
$GNGSA,A,3,08,09,06,13,20,16,29,27,32,38,39,,1.38,0.69,1.19,4*06
$GNGSA,A,3,04,,,,,,,,,,,,1.38,0.69,1.19,5*0D
$GPGSV,4,1,13,02,16,321,40,08,23,291,41,10,49,015,47,18,27,134,43,1*62
$GPGSV,4,2,13,23,27,066,41,24,09,043,37,27,37,249,43,28,34,167,43,1*6E
$GPGSV,4,3,13,31,13,187,38,32,76,317,51,36,34,246,42,40,58,207,47,1*6E
$GPGSV,4,4,13,41,56,146,47,1*50
$GPGSV,3,1,09,08,23,291,40,10,49,015,46,18,27,134,45,23,27,066,44,6*6A
$GPGSV,3,2,09,24,09,043,41,27,37,249,44,28,34,167,45,31,13,187,32,6*6B
$GPGSV,3,3,09,32,76,317,48,6*53
$GPGSV,1,1,01,49,17,257,,0*5F
$GLGSV,3,1,09,65,45,290,46,66,11,247,35,71,01,044,27,72,38,012,46,1*72
$GLGSV,3,2,09,75,04,134,35,86,31,157,47,87,78,181,49,88,35,329,49,1*7C
$GLGSV,3,3,09,,,,48,1*7D
$GLGSV,2,1,05,66,11,247,35,72,38,012,47,75,04,134,27,86,31,157,44,3*7F
$GLGSV,2,2,05,88,35,329,47,3*42
$GAGSV,2,1,05,03,76,005,53,05,25,038,47,08,45,233,51,15,60,340,52,2*76
$GAGSV,2,2,05,34,59,114,52,2*4B
$GAGSV,2,1,05,03,76,005,47,05,25,038,39,08,45,233,44,15,60,340,47,7*7F
$GAGSV,2,2,05,34,59,114,47,7*4A
$GBGSV,2,1,08,08,30,063,40,13,43,047,45,20,46,293,49,27,26,163,41,1*75
$GBGSV,2,2,08,29,36,307,48,32,45,023,48,38,25,074,40,39,48,082,47,1*71
$GBGSV,2,1,05,06,50,108,47,08,30,063,47,09,47,129,48,13,43,047,46,B*0F
$GBGSV,2,2,05,16,48,095,47,B*34
$GQGSV,1,1,02,04,21,067,38,07,19,104,34,1*67
$GQGSV,1,1,02,04,21,067,38,07,19,104,40,6*63
$GNGLL,2454.22747,N,06708.26894,E,140054.00,A,D*7D
$GNRMC,140055.00,A,2454.22748,N,06708.26894,E,0.007,,050525,,,R,V*06
$GNVTG,,T,,M,0.007,N,0.013,K,D*3D
$GNGGA,140055.00,2454.22748,N,06708.26894,E,4,12,0.69,21.8,M,-44.2,M,1.0,0288*73
$GNGSA,A,3,08,10,18,23,02,27,28,32,31,,,,1.38,0.69,1.19,1*02
$GNGSA,A,3,87,66,86,72,65,88,,,,,,,1.38,0.69,1.19,2*09
$GNGSA,A,3,03,08,15,34,05,,,,,,,,1.38,0.69,1.19,3*02
$GNGSA,A,3,08,09,06,13,20,16,29,27,32,38,39,,1.38,0.69,1.19,4*06
$GNGSA,A,3,04,,,,,,,,,,,,1.38,0.69,1.19,5*0D
$GPGSV,4,1,13,02,16,321,39,08,23,291,41,10,49,015,47,18,27,134,43,1*6C
$GPGSV,4,2,13,23,27,066,41,24,09,043,37,27,37,249,43,28,34,167,43,1*6E
$GPGSV,4,3,13,31,13,187,38,32,76,317,51,36,34,246,42,40,58,207,47,1*6E
$GPGSV,4,4,13,41,56,146,47,1*50
$GPGSV,3,1,09,08,23,291,40,10,49,015,46,18,27,134,45,23,27,066,44,6*6A
$GPGSV,3,2,09,24,09,043,41,27,37,249,45,28,34,167,45,31,13,187,32,6*6A
$GPGSV,3,3,09,32,76,317,48,6*53
$GPGSV,1,1,01,49,17,257,,0*5F
$GLGSV,3,1,09,65,45,290,46,66,11,247,35,71,01,044,27,72,38,012,46,1*72
$GLGSV,3,2,09,75,04,134,35,86,31,157,47,87,78,181,49,88,35,329,49,1*7C
$GLGSV,3,3,09,,,,48,1*7D
$GLGSV,2,1,05,66,11,247,35,72,38,012,47,75,04,134,28,86,31,157,44,3*70
$GLGSV,2,2,05,88,35,329,47,3*42
$GAGSV,2,1,05,03,76,005,53,05,25,038,47,08,45,233,51,15,60,340,52,2*76
$GAGSV,2,2,05,34,59,114,52,2*4B
$GAGSV,2,1,05,03,76,005,47,05,25,038,39,08,45,233,44,15,60,340,47,7*7F
$GAGSV,2,2,05,34,59,114,47,7*4A
$GBGSV,2,1,08,08,30,063,40,13,43,047,44,20,46,293,49,27,26,163,41,1*74
$GBGSV,2,2,08,29,36,307,48,32,45,023,48,38,25,074,40,39,48,082,47,1*71
$GBGSV,2,1,05,06,50,108,47,08,30,063,47,09,47,129,48,13,43,047,46,B*0F
$GBGSV,2,2,05,16,48,095,47,B*34
$GQGSV,1,1,02,04,21,067,38,07,19,104,34,1*67
$GQGSV,1,1,02,04,21,067,39,07,19,104,40,6*62
$GNGLL,2454.22748,N,06708.26894,E,140055.00,A,D*73
$GNRMC,140056.00,A,2454.22747,N,06708.26894,E,0.004,,050525,,,R,V*09
$GNVTG,,T,,M,0.004,N,0.007,K,D*3B
$GNGGA,140056.00,2454.22747,N,06708.26894,E,4,12,0.69,21.8,M,-44.2,M,1.0,0288*7F
$GNGSA,A,3,08,10,18,23,02,27,28,32,31,,,,1.38,0.69,1.19,1*02
$GNGSA,A,3,87,66,86,72,65,88,,,,,,,1.38,0.69,1.19,2*09
$GNGSA,A,3,03,08,15,34,05,,,,,,,,1.38,0.69,1.19,3*02
$GNGSA,A,3,08,09,06,13,20,16,29,27,32,38,39,,1.38,0.69,1.19,4*06
$GNGSA,A,3,04,,,,,,,,,,,,1.38,0.69,1.19,5*0D
$GPGSV,4,1,13,02,16,321,39,08,23,291,41,10,49,015,47,18,27,134,42,1*6D
$GPGSV,4,2,13,23,27,066,41,24,09,043,37,27,37,249,43,28,34,167,43,1*6E
$GPGSV,4,3,13,31,13,187,38,32,76,317,51,36,34,246,42,40,58,207,47,1*6E
$GPGSV,4,4,13,41,56,146,47,1*50
$GPGSV,1,1,01,02,16,321,13,5*56
$GPGSV,3,1,09,08,23,291,40,10,49,015,46,18,27,134,45,23,27,066,44,6*6A
$GPGSV,3,2,09,24,09,043,41,27,37,249,45,28,34,167,45,31,13,187,32,6*6A
$GPGSV,3,3,09,32,76,317,48,6*53
$GPGSV,1,1,01,49,17,257,,0*5F
$GLGSV,3,1,09,65,45,290,46,66,11,247,35,71,01,044,27,72,38,012,46,1*72
$GLGSV,3,2,09,75,04,134,35,86,31,157,47,87,78,181,49,88,35,329,49,1*7C
$GLGSV,3,3,09,,,,48,1*7D
$GLGSV,2,1,05,66,11,247,35,72,38,012,47,75,04,134,28,86,31,157,44,3*70
$GLGSV,2,2,05,88,35,329,47,3*42
$GAGSV,2,1,05,03,76,005,53,05,25,038,47,08,45,233,51,15,60,340,52,2*76
$GAGSV,2,2,05,34,59,114,52,2*4B
$GAGSV,2,1,05,03,76,005,47,05,25,038,39,08,45,233,44,15,60,340,47,7*7F
$GAGSV,2,2,05,34,59,114,47,7*4A
$GBGSV,2,1,08,08,30,063,40,13,43,047,45,20,46,293,49,27,26,163,41,1*75
$GBGSV,2,2,08,29,36,307,48,32,45,023,48,38,25,074,40,39,48,082,47,1*71
$GBGSV,2,1,05,06,50,108,47,08,30,063,47,09,47,129,48,13,43,047,46,B*0F
$GBGSV,2,2,05,16,48,095,47,B*34
$GQGSV,1,1,02,04,21,067,38,07,19,104,34,1*67
$GQGSV,1,1,02,04,21,067,39,07,19,104,40,6*62
$GNGLL,2454.22747,N,06708.26894,E,140056.00,A,D*7F
$GNRMC,140057.00,A,2454.22747,N,06708.26894,E,0.006,,050525,,,R,V*0A
$GNVTG,,T,,M,0.006,N,0.012,K,D*3D
$GNGGA,140057.00,2454.22747,N,06708.26894,E,4,12,0.69,21.8,M,-44.2,M,1.0,0288*7E
$GNGSA,A,3,08,10,18,23,02,27,28,32,31,,,,1.38,0.69,1.19,1*02
$GNGSA,A,3,87,66,86,72,65,88,,,,,,,1.38,0.69,1.19,2*09
$GNGSA,A,3,03,08,15,34,05,,,,,,,,1.38,0.69,1.19,3*02
$GNGSA,A,3,08,09,06,13,20,16,29,27,32,38,39,,1.38,0.69,1.19,4*06
$GNGSA,A,3,04,,,,,,,,,,,,1.38,0.69,1.19,5*0D
$GPGSV,4,1,13,02,16,321,39,08,23,291,41,10,49,015,47,18,27,134,42,1*6D
$GPGSV,4,2,13,23,27,066,41,24,09,043,37,27,37,249,43,28,34,167,43,1*6E
$GPGSV,4,3,13,31,13,187,38,32,76,317,51,36,34,246,42,40,58,207,47,1*6E
$GPGSV,4,4,13,41,56,146,47,1*50
$GPGSV,1,1,01,02,16,321,12,5*57
$GPGSV,3,1,09,08,23,291,40,10,49,015,46,18,27,134,45,23,27,066,44,6*6A
$GPGSV,3,2,09,24,09,043,41,27,37,249,45,28,34,167,45,31,13,187,32,6*6A
$GPGSV,3,3,09,32,76,317,48,6*53
$GPGSV,1,1,01,49,17,257,,0*5F
$GLGSV,3,1,09,65,45,290,46,66,11,247,35,71,01,044,27,72,38,012,47,1*73
$GLGSV,3,2,09,75,04,134,36,86,31,157,47,87,78,181,49,88,35,329,49,1*7F
$GLGSV,3,3,09,,,,48,1*7D
$GLGSV,2,1,05,66,11,247,35,72,38,012,47,75,04,134,29,86,31,157,44,3*71
$GLGSV,2,2,05,88,35,329,47,3*42
$GLGSV,1,1,01,73,00,046,,0*4E
$GAGSV,2,1,05,03,76,005,53,05,25,038,47,08,45,233,51,15,60,340,51,2*75
$GAGSV,2,2,05,34,59,114,51,2*48
$GAGSV,2,1,05,03,76,005,47,05,25,038,39,08,45,233,44,15,60,340,47,7*7F
$GAGSV,2,2,05,34,59,114,47,7*4A
$GBGSV,2,1,08,08,30,063,40,13,43,047,44,20,46,293,49,27,26,163,41,1*74
$GBGSV,2,2,08,29,36,307,48,32,45,023,48,38,25,074,40,39,48,082,47,1*71
$GBGSV,2,1,05,06,50,108,47,08,30,063,47,09,47,129,48,13,43,047,46,B*0F
$GBGSV,2,2,05,16,48,095,47,B*34
$GQGSV,1,1,02,04,21,067,38,07,19,104,34,1*67
$GQGSV,1,1,02,04,21,067,39,07,19,104,40,6*62
$GNGLL,2454.22747,N,06708.26894,E,140057.00,A,D*7E
$GNRMC,140058.00,A,2454.22747,N,06708.26894,E,0.003,,050525,,,R,V*00
$GNVTG,,T,,M,0.003,N,0.006,K,D*3D
$GNGGA,140058.00,2454.22747,N,06708.26894,E,4,12,0.69,21.8,M,-44.2,M,1.0,0288*71
$GNGSA,A,3,08,10,18,23,02,27,28,32,31,,,,1.38,0.69,1.19,1*02
$GNGSA,A,3,87,66,86,72,65,88,,,,,,,1.38,0.69,1.19,2*09
$GNGSA,A,3,03,08,15,34,05,,,,,,,,1.38,0.69,1.19,3*02
$GNGSA,A,3,08,09,06,13,20,16,29,27,32,38,39,,1.38,0.69,1.19,4*06
$GNGSA,A,3,04,,,,,,,,,,,,1.38,0.69,1.19,5*0D
$GPGSV,4,1,14,02,16,321,39,08,23,291,41,10,49,015,47,13,,,25,1*53
$GPGSV,4,2,14,18,27,134,42,23,27,066,41,24,09,043,37,27,37,249,43,1*6F
$GPGSV,4,3,14,28,34,167,43,31,13,187,38,32,76,317,51,36,34,246,42,1*6C
$GPGSV,4,4,14,40,58,207,47,41,56,146,47,1*68
$GPGSV,3,1,10,02,16,321,09,08,23,291,40,10,49,015,46,18,27,134,45,6*6A
$GPGSV,3,2,10,23,27,066,44,24,09,043,41,27,37,249,45,28,34,167,45,6*69
$GPGSV,3,3,10,31,13,187,32,32,76,317,48,6*64
$GPGSV,1,1,01,49,17,257,,0*5F
$GLGSV,3,1,09,65,45,290,46,66,11,247,35,71,01,044,27,72,38,012,47,1*73
$GLGSV,3,2,09,75,04,134,37,86,31,157,47,87,78,181,49,88,35,329,49,1*7E
$GLGSV,3,3,09,,,,48,1*7D
$GLGSV,2,1,06,66,11,247,35,72,38,012,47,75,04,134,29,86,31,157,44,3*72
$GLGSV,2,2,06,88,35,329,47,,,,47,3*42
$GLGSV,1,1,01,73,00,046,,0*4E
$GAGSV,2,1,05,03,76,005,53,05,25,038,47,08,45,233,51,15,60,340,52,2*76
$GAGSV,2,2,05,34,59,114,52,2*4B
$GAGSV,2,1,05,03,76,005,47,05,25,038,39,08,45,233,44,15,60,340,47,7*7F
$GAGSV,2,2,05,34,59,114,47,7*4A
$GBGSV,2,1,08,08,30,063,40,13,43,047,45,20,46,293,49,27,26,163,41,1*75
$GBGSV,2,2,08,29,36,307,48,32,45,023,48,38,25,074,40,39,48,082,47,1*71
$GBGSV,2,1,05,06,50,108,47,08,30,063,47,09,47,129,48,13,43,047,46,B*0F
$GBGSV,2,2,05,16,48,095,47,B*34
$GQGSV,1,1,02,04,21,067,37,07,19,104,34,1*68
$GQGSV,1,1,02,04,21,067,39,07,19,104,40,6*62
$GNGLL,2454.22747,N,06708.26894,E,140058.00,A,D*71
$GNRMC,140059.00,A,2454.22747,N,06708.26894,E,0.004,,050525,,,R,V*06
$GNVTG,,T,,M,0.004,N,0.007,K,D*3B
$GNGGA,140059.00,2454.22747,N,06708.26894,E,4,12,0.69,21.8,M,-44.2,M,1.0,0288*70
$GNGSA,A,3,08,10,18,23,02,27,28,32,31,,,,1.38,0.69,1.19,1*02
$GNGSA,A,3,87,66,86,72,65,88,,,,,,,1.38,0.69,1.19,2*09
$GNGSA,A,3,03,08,15,34,05,,,,,,,,1.38,0.69,1.19,3*02
$GNGSA,A,3,08,09,06,13,20,16,29,27,32,38,39,,1.38,0.69,1.19,4*06
$GNGSA,A,3,04,,,,,,,,,,,,1.38,0.69,1.19,5*0D
$GPGSV,4,1,14,02,16,321,39,08,23,291,41,10,49,015,47,13,,,25,1*53
$GPGSV,4,2,14,18,27,134,43,23,27,066,41,24,09,043,37,27,37,249,43,1*6E
$GPGSV,4,3,14,28,34,167,43,31,13,187,38,32,76,317,51,36,34,246,42,1*6C
$GPGSV,4,4,14,40,58,207,47,41,56,146,47,1*68
$GPGSV,3,1,09,08,23,291,40,10,49,015,46,18,27,134,45,23,27,066,44,6*6A
$GPGSV,3,2,09,24,09,043,41,27,37,249,45,28,34,167,45,31,13,187,32,6*6A
$GPGSV,3,3,09,32,76,317,48,6*53
$GPGSV,1,1,01,49,17,257,,0*5F
$GLGSV,3,1,10,65,45,290,46,66,11,247,35,71,01,044,28,72,38,012,47,1*74
$GLGSV,3,2,10,73,00,046,15,75,04,134,37,86,31,157,47,87,78,181,49,1*77
$GLGSV,3,3,10,88,35,329,49,,,,48,1*46
$GLGSV,2,1,07,66,11,247,36,72,38,012,47,73,00,046,16,75,04,134,29,3*7E
$GLGSV,2,2,07,86,31,157,44,88,35,329,47,,,,48,3*73
$GAGSV,2,1,05,03,76,005,53,05,25,038,47,08,45,233,51,15,60,340,52,2*76
$GAGSV,2,2,05,34,59,114,52,2*4B
$GAGSV,2,1,05,03,76,005,47,05,25,038,39,08,45,233,44,15,60,340,47,7*7F
$GAGSV,2,2,05,34,59,114,47,7*4A
$GBGSV,2,1,08,08,30,063,40,13,43,047,44,20,46,293,49,27,26,163,41,1*74
$GBGSV,2,2,08,29,36,307,47,32,45,023,48,38,25,074,40,39,48,082,47,1*7E
$GBGSV,2,1,05,06,50,108,47,08,30,063,47,09,47,129,48,13,43,047,46,B*0F
$GBGSV,2,2,05,16,48,095,47,B*34
$GQGSV,1,1,02,04,21,067,38,07,19,104,34,1*67
$GQGSV,1,1,02,04,21,067,39,07,19,104,40,6*62
$GNGLL,2454.22747,N,06708.26894,E,140059.00,A,D*70
$GNRMC,140100.00,A,2454.22747,N,06708.26894,E,0.005,,050525,,,R,V*0A
$GNVTG,,T,,M,0.005,N,0.009,K,D*34
$GNGGA,140100.00,2454.22747,N,06708.26894,E,4,12,0.69,21.8,M,-44.2,M,1.0,0288*7D
$GNGSA,A,3,08,10,18,23,02,27,28,32,31,,,,1.38,0.69,1.19,1*02
$GNGSA,A,3,87,66,86,72,65,88,,,,,,,1.38,0.69,1.19,2*09
$GNGSA,A,3,03,08,15,34,05,,,,,,,,1.38,0.69,1.19,3*02
$GNGSA,A,3,08,09,06,13,20,16,29,27,32,38,39,,1.38,0.69,1.19,4*06
$GNGSA,A,3,04,,,,,,,,,,,,1.38,0.69,1.19,5*0D
$GPGSV,4,1,14,02,16,321,39,08,23,291,41,10,49,015,47,13,,,25,1*53
$GPGSV,4,2,14,18,27,134,43,23,27,066,41,24,09,043,37,27,37,249,43,1*6E
$GPGSV,4,3,14,28,34,167,43,31,13,187,38,32,76,317,51,36,34,246,42,1*6C
$GPGSV,4,4,14,40,58,207,47,41,56,146,47,1*68
$GPGSV,3,1,09,08,23,291,40,10,49,015,46,18,27,134,45,23,27,066,44,6*6A
$GPGSV,3,2,09,24,09,043,41,27,37,249,45,28,34,167,45,31,13,187,32,6*6A
$GPGSV,3,3,09,32,76,317,48,6*53
$GPGSV,1,1,01,49,17,257,,0*5F
$GLGSV,3,1,11,65,45,290,46,66,11,247,35,71,01,044,28,72,38,012,47,1*75
$GLGSV,3,2,11,73,00,046,15,75,04,134,37,86,31,157,47,87,78,181,49,1*76
$GLGSV,3,3,11,88,35,329,49,,,,48,,,,36,1*42
$GLGSV,2,1,07,66,11,247,36,72,38,012,47,73,00,046,16,75,04,134,29,3*7E
$GLGSV,2,2,07,86,31,157,44,88,35,329,47,,,,48,3*73
$GAGSV,2,1,05,03,76,005,53,05,25,038,47,08,45,233,51,15,60,340,52,2*76
$GAGSV,2,2,05,34,59,114,52,2*4B
$GAGSV,2,1,05,03,76,005,47,05,25,038,39,08,45,233,44,15,60,340,47,7*7F
$GAGSV,2,2,05,34,59,114,47,7*4A
$GBGSV,2,1,08,08,30,063,40,13,43,047,45,20,46,293,49,27,26,163,41,1*75
$GBGSV,2,2,08,29,36,307,48,32,45,023,48,38,25,074,40,39,48,082,47,1*71
$GBGSV,2,1,05,06,50,108,47,08,30,063,47,09,47,129,48,13,43,047,46,B*0F
$GBGSV,2,2,05,16,48,095,47,B*34
$GQGSV,1,1,02,04,21,067,38,07,19,104,34,1*67
$GQGSV,1,1,02,04,21,067,38,07,19,104,40,6*63
$GNGLL,2454.22747,N,06708.26894,E,140100.00,A,D*7D
$GNRMC,140101.00,A,2454.22748,N,06708.26894,E,0.008,,050525,,,R,V*09
$GNVTG,,T,,M,0.008,N,0.015,K,D*34
$GNGGA,140101.00,2454.22748,N,06708.26894,E,4,12,0.69,21.8,M,-44.2,M,1.0,0288*73
$GNGSA,A,3,08,10,18,23,02,27,28,32,31,,,,1.38,0.69,1.19,1*02
$GNGSA,A,3,87,66,86,72,65,88,,,,,,,1.38,0.69,1.19,2*09
$GNGSA,A,3,03,08,15,34,05,,,,,,,,1.38,0.69,1.19,3*02
$GNGSA,A,3,08,09,06,13,20,16,29,27,32,38,39,,1.38,0.69,1.19,4*06
$GNGSA,A,3,04,,,,,,,,,,,,1.38,0.69,1.19,5*0D
$GPGSV,4,1,15,02,16,321,39,08,23,291,41,10,49,015,47,13,,,24,1*53
$GPGSV,4,2,15,17,,,28,18,27,134,43,23,27,066,41,24,09,043,37,1*5A
$GPGSV,4,3,15,27,37,249,43,28,34,167,43,31,13,187,38,32,76,317,51,1*60
$GPGSV,4,4,15,36,34,246,42,40,58,207,47,41,56,146,47,1*5D
$GPGSV,3,1,09,08,23,291,40,10,49,015,46,18,27,134,45,23,27,066,44,6*6A
$GPGSV,3,2,09,24,09,043,41,27,37,249,45,28,34,167,45,31,13,187,32,6*6A
$GPGSV,3,3,09,32,76,317,48,6*53
$GPGSV,1,1,01,49,17,257,,0*5F
$GLGSV,3,1,11,65,45,290,46,66,11,247,35,71,01,044,29,72,38,012,47,1*74
$GLGSV,3,2,11,73,00,046,16,74,08,086,36,75,04,134,37,86,31,157,47,1*70
$GLGSV,3,3,11,87,78,181,49,88,35,329,49,,,,48,1*72
$GLGSV,2,1,07,66,11,247,36,72,38,012,47,73,00,046,17,75,04,134,29,3*7F
$GLGSV,2,2,07,86,31,157,44,88,35,329,47,,,,48,3*73
$GAGSV,2,1,05,03,76,005,53,05,25,038,47,08,45,233,51,15,60,340,52,2*76
$GAGSV,2,2,05,34,59,114,52,2*4B
$GAGSV,2,1,05,03,76,005,47,05,25,038,39,08,45,233,44,15,60,340,47,7*7F
$GAGSV,2,2,05,34,59,114,47,7*4A
$GBGSV,2,1,08,08,30,063,40,13,43,047,45,20,46,293,49,27,26,163,41,1*75
$GBGSV,2,2,08,29,36,307,47,32,45,023,48,38,25,074,40,39,48,082,47,1*7E
$GBGSV,2,1,05,06,50,108,47,08,30,063,47,09,47,129,48,13,43,047,46,B*0F
$GBGSV,2,2,05,16,48,095,47,B*34
$GQGSV,1,1,02,04,21,067,38,07,19,104,34,1*67
$GQGSV,1,1,02,04,21,067,38,07,19,104,40,6*63
$GNGLL,2454.22748,N,06708.26894,E,140101.00,A,D*73
$GNRMC,140102.00,A,2454.22748,N,06708.26894,E,0.011,,050525,,,R,V*02
$GNVTG,,T,,M,0.011,N,0.020,K,D*3A
$GNGGA,140102.00,2454.22748,N,06708.26894,E,4,12,0.69,21.8,M,-44.2,M,1.0,0288*70
$GNGSA,A,3,08,10,18,23,02,27,28,32,31,,,,1.38,0.69,1.19,1*02
$GNGSA,A,3,87,66,86,72,65,88,,,,,,,1.38,0.69,1.19,2*09
$GNGSA,A,3,03,08,15,34,05,,,,,,,,1.38,0.69,1.19,3*02
$GNGSA,A,3,08,09,06,13,20,16,29,27,32,38,39,,1.38,0.69,1.19,4*06
$GNGSA,A,3,04,,,,,,,,,,,,1.38,0.69,1.19,5*0D
$GPGSV,4,1,14,02,16,321,39,08,23,291,41,10,49,015,47,13,,,25,1*53
$GPGSV,4,2,14,18,27,134,43,23,27,066,41,24,09,043,37,27,37,249,43,1*6E
$GPGSV,4,3,14,28,34,167,43,31,13,187,38,32,76,317,51,36,34,246,42,1*6C
$GPGSV,4,4,14,40,58,207,47,41,56,146,47,1*68
$GPGSV,3,1,09,08,23,291,40,10,49,015,46,18,27,134,45,23,27,066,44,6*6A
$GPGSV,3,2,09,24,09,043,41,27,37,249,45,28,34,167,45,31,13,187,32,6*6A
$GPGSV,3,3,09,32,76,317,48,6*53
$GPGSV,1,1,01,49,17,257,,0*5F
$GLGSV,3,1,11,65,45,290,46,66,11,247,34,71,01,044,29,72,38,012,47,1*75
$GLGSV,3,2,11,73,00,046,17,74,08,086,35,75,04,134,37,86,31,157,47,1*72
$GLGSV,3,3,11,87,78,181,49,88,35,329,49,,,,48,1*72
$GLGSV,2,1,07,66,11,247,36,72,38,012,47,73,00,046,16,75,04,134,28,3*7F
$GLGSV,2,2,07,86,31,157,44,88,35,329,47,,,,47,3*7C
$GAGSV,2,1,05,03,76,005,53,05,25,038,47,08,45,233,51,15,60,340,52,2*76
$GAGSV,2,2,05,34,59,114,52,2*4B
$GAGSV,2,1,05,03,76,005,47,05,25,038,39,08,45,233,44,15,60,340,47,7*7F
$GAGSV,2,2,05,34,59,114,47,7*4A
$GBGSV,2,1,08,08,30,063,40,13,43,047,45,20,46,293,49,27,26,163,41,1*75
$GBGSV,2,2,08,29,36,307,48,32,45,023,48,38,25,074,40,39,48,082,47,1*71
$GBGSV,2,1,05,06,50,108,48,08,30,063,47,09,47,129,48,13,43,047,46,B*00
$GBGSV,2,2,05,16,48,095,47,B*34
$GQGSV,1,1,02,04,21,067,38,07,19,104,34,1*67
$GQGSV,1,1,02,04,21,067,38,07,19,104,40,6*63
$GNGLL,2454.22748,N,06708.26894,E,140102.00,A,D*70
$GNRMC,140103.00,A,2454.22748,N,06708.26894,E,0.010,,050525,,,R,V*02
$GNVTG,,T,,M,0.010,N,0.018,K,D*30
$GNGGA,140103.00,2454.22748,N,06708.26894,E,4,12,0.69,21.8,M,-44.2,M,1.0,0288*71
$GNGSA,A,3,08,10,18,23,02,27,28,32,31,,,,1.38,0.69,1.19,1*02
$GNGSA,A,3,87,66,86,72,65,88,,,,,,,1.38,0.69,1.19,2*09
$GNGSA,A,3,03,08,15,34,05,,,,,,,,1.38,0.69,1.19,3*02
$GNGSA,A,3,08,09,06,13,20,16,29,27,32,38,39,,1.38,0.69,1.19,4*06
$GNGSA,A,3,04,,,,,,,,,,,,1.38,0.69,1.19,5*0D
$GPGSV,4,1,14,02,16,321,39,08,23,291,41,10,49,015,47,13,,,24,1*52
$GPGSV,4,2,14,18,27,134,43,23,27,066,41,24,09,043,37,27,37,249,43,1*6E
$GPGSV,4,3,14,28,34,167,43,31,13,187,38,32,76,317,51,36,34,246,42,1*6C
$GPGSV,4,4,14,40,58,207,47,41,56,146,47,1*68
$GPGSV,3,1,09,08,23,291,40,10,49,015,46,18,27,134,45,23,27,066,44,6*6A
$GPGSV,3,2,09,24,09,043,41,27,37,249,45,28,34,167,45,31,13,187,32,6*6A
$GPGSV,3,3,09,32,76,317,48,6*53
$GPGSV,1,1,01,49,17,257,,0*5F
$GLGSV,3,1,11,65,45,290,46,66,11,247,34,71,01,044,30,72,38,012,47,1*7D
$GLGSV,3,2,11,73,00,046,17,74,08,086,35,75,04,134,36,86,31,157,47,1*73
$GLGSV,3,3,11,87,78,181,49,88,35,329,49,,,,48,1*72
$GLGSV,2,1,07,66,11,247,36,72,38,012,47,73,00,046,16,75,04,134,28,3*7F
$GLGSV,2,2,07,86,31,157,44,88,35,329,47,,,,47,3*7C
$GAGSV,2,1,05,03,76,005,53,05,25,038,47,08,45,233,51,15,60,340,52,2*76
$GAGSV,2,2,05,34,59,114,52,2*4B
$GAGSV,2,1,05,03,76,005,47,05,25,038,39,08,45,233,44,15,60,340,47,7*7F
$GAGSV,2,2,05,34,59,114,47,7*4A
$GBGSV,2,1,08,08,30,063,40,13,43,047,45,20,46,293,49,27,26,163,41,1*75
$GBGSV,2,2,08,29,36,307,48,32,45,023,48,38,25,074,40,39,48,082,47,1*71
$GBGSV,2,1,05,06,50,108,48,08,30,063,47,09,47,129,48,13,43,047,46,B*00
$GBGSV,2,2,05,16,48,095,47,B*34
$GQGSV,1,1,02,04,21,067,38,07,19,104,34,1*67
$GQGSV,1,1,02,04,21,067,39,07,19,104,40,6*62
$GNGLL,2454.22748,N,06708.26894,E,140103.00,A,D*71
$GNRMC,140104.00,A,2454.22747,N,06708.26894,E,0.002,,050525,,,R,V*09
$GNVTG,,T,,M,0.002,N,0.003,K,D*39
$GNGGA,140104.00,2454.22747,N,06708.26894,E,4,12,0.69,21.8,M,-44.2,M,1.0,0288*79
$GNGSA,A,3,08,10,18,23,02,27,28,32,31,,,,1.38,0.69,1.19,1*02
$GNGSA,A,3,87,66,86,72,65,88,,,,,,,1.38,0.69,1.19,2*09
$GNGSA,A,3,03,08,15,34,05,,,,,,,,1.38,0.69,1.19,3*02
$GNGSA,A,3,08,09,06,13,20,16,29,27,32,38,39,,1.38,0.69,1.19,4*06
$GNGSA,A,3,04,,,,,,,,,,,,1.38,0.69,1.19,5*0D
$GPGSV,4,1,14,02,16,321,39,08,23,291,41,10,49,015,47,13,,,25,1*53
$GPGSV,4,2,14,18,27,134,43,23,27,066,41,24,09,043,37,27,37,249,43,1*6E
$GPGSV,4,3,14,28,34,167,43,31,13,187,38,32,76,317,51,36,34,246,42,1*6C
$GPGSV,4,4,14,40,58,207,47,41,56,146,47,1*68
$GPGSV,3,1,09,08,23,291,40,10,49,015,46,18,27,134,45,23,27,066,44,6*6A
$GPGSV,3,2,09,24,09,043,41,27,37,249,45,28,34,167,45,31,13,187,32,6*6A
$GPGSV,3,3,09,32,76,317,48,6*53
$GPGSV,1,1,01,49,17,257,,0*5F
$GLGSV,3,1,11,65,45,290,46,66,11,247,33,71,01,044,30,72,38,012,47,1*7A
$GLGSV,3,2,11,73,00,046,16,74,08,086,35,75,04,134,36,86,31,157,47,1*72
$GLGSV,3,3,11,87,78,181,49,88,35,329,49,,,,48,1*72
$GLGSV,2,1,07,66,11,247,36,72,38,012,47,73,00,046,17,75,04,134,28,3*7E
$GLGSV,2,2,07,86,31,157,44,88,35,329,47,,,,47,3*7C
$GAGSV,2,1,05,03,76,005,53,05,25,038,47,08,45,233,51,15,60,340,52,2*76
$GAGSV,2,2,05,34,58,115,52,2*4B
$GAGSV,2,1,05,03,76,005,47,05,25,038,39,08,45,233,44,15,60,340,47,7*7F
$GAGSV,2,2,05,34,58,115,47,7*4A
$GBGSV,2,1,08,08,30,063,40,13,43,047,44,20,46,293,49,27,26,163,41,1*74
$GBGSV,2,2,08,29,36,307,47,32,45,023,48,38,25,074,40,39,48,082,47,1*7E
$GBGSV,2,1,05,06,50,108,48,08,30,063,47,09,47,129,48,13,43,047,46,B*00
$GBGSV,2,2,05,16,48,095,47,B*34
$GQGSV,1,1,02,04,21,067,38,07,19,104,36,1*65
$GQGSV,1,1,02,04,21,067,39,07,19,104,40,6*62
$GNGLL,2454.22747,N,06708.26894,E,140104.00,A,D*79
$GNRMC,140105.00,A,2454.22747,N,06708.26894,E,0.003,,050525,,,R,V*09
$GNVTG,,T,,M,0.003,N,0.006,K,D*3D
$GNGGA,140105.00,2454.22747,N,06708.26894,E,4,12,0.69,21.8,M,-44.2,M,1.0,0288*78
$GNGSA,A,3,08,10,18,23,02,27,28,32,31,,,,1.38,0.69,1.19,1*02
$GNGSA,A,3,87,66,86,72,65,88,,,,,,,1.38,0.69,1.19,2*09
$GNGSA,A,3,03,08,15,34,05,,,,,,,,1.38,0.69,1.19,3*02
$GNGSA,A,3,08,09,06,13,20,16,29,27,32,38,39,,1.38,0.69,1.19,4*06
$GNGSA,A,3,04,,,,,,,,,,,,1.38,0.69,1.19,5*0D
$GPGSV,4,1,14,02,16,321,39,08,23,291,41,10,49,015,47,13,,,25,1*53
$GPGSV,4,2,14,18,27,134,42,23,27,066,41,24,09,043,36,27,37,249,43,1*6E
$GPGSV,4,3,14,28,34,167,43,31,13,187,38,32,76,317,51,36,34,246,41,1*6F
$GPGSV,4,4,14,40,58,207,47,41,56,146,47,1*68
$GPGSV,3,1,09,08,23,291,40,10,49,015,46,18,27,134,45,23,27,066,44,6*6A
$GPGSV,3,2,09,24,09,043,41,27,37,249,45,28,34,167,45,31,13,187,32,6*6A
$GPGSV,3,3,09,32,76,317,48,6*53
$GPGSV,1,1,01,49,17,257,,0*5F
$GLGSV,3,1,11,65,45,290,46,66,11,247,32,71,01,044,30,72,38,012,47,1*7B
$GLGSV,3,2,11,73,00,046,15,74,08,086,35,75,04,134,36,86,31,157,47,1*71
$GLGSV,3,3,11,87,78,181,49,88,35,329,49,,,,48,1*72
$GLGSV,2,1,07,66,11,247,37,72,38,012,47,73,00,046,17,75,04,134,29,3*7E
$GLGSV,2,2,07,86,31,157,44,88,35,329,47,,,,47,3*7C
$GAGSV,2,1,05,03,76,005,53,05,25,038,47,08,45,233,51,15,60,340,52,2*76
$GAGSV,2,2,05,34,58,115,52,2*4B
$GAGSV,2,1,05,03,76,005,47,05,25,038,39,08,45,233,44,15,60,340,47,7*7F
$GAGSV,2,2,05,34,58,115,47,7*4A
$GBGSV,2,1,08,08,30,063,40,13,43,047,45,20,46,293,49,27,26,163,41,1*75
$GBGSV,2,2,08,29,36,307,48,32,45,023,48,38,25,074,40,39,48,082,47,1*71
$GBGSV,2,1,05,06,50,107,48,08,30,063,47,09,47,129,48,13,43,047,46,B*0F
$GBGSV,2,2,05,16,48,095,47,B*34
$GQGSV,1,1,02,04,21,067,38,07,19,104,34,1*67
$GQGSV,1,1,02,04,21,067,39,07,19,104,40,6*62
$GNGLL,2454.22747,N,06708.26894,E,140105.00,A,D*78
$GNRMC,140106.00,A,2454.22748,N,06708.26894,E,0.007,,050525,,,R,V*01
$GNVTG,,T,,M,0.007,N,0.013,K,D*3D
$GNGGA,140106.00,2454.22748,N,06708.26894,E,4,12,0.69,21.8,M,-44.2,M,1.0,0288*74
$GNGSA,A,3,08,10,18,23,02,27,28,32,31,,,,1.38,0.69,1.19,1*02
$GNGSA,A,3,87,66,86,72,65,88,,,,,,,1.38,0.69,1.19,2*09
$GNGSA,A,3,03,08,15,34,05,,,,,,,,1.38,0.69,1.19,3*02
$GNGSA,A,3,08,09,06,13,20,16,29,27,32,38,39,,1.38,0.69,1.19,4*06
$GNGSA,A,3,04,,,,,,,,,,,,1.38,0.69,1.19,5*0D
$GPGSV,4,1,14,02,16,321,39,08,23,291,41,10,49,015,47,13,,,25,1*53
$GPGSV,4,2,14,18,27,134,43,23,27,066,41,24,09,043,36,27,37,249,43,1*6F
$GPGSV,4,3,14,28,34,167,43,31,13,187,38,32,76,317,51,36,34,246,42,1*6C
$GPGSV,4,4,14,40,58,207,47,41,56,146,47,1*68
$GPGSV,3,1,09,08,23,291,40,10,49,015,46,18,27,134,45,23,27,066,44,6*6A
$GPGSV,3,2,09,24,09,043,41,27,37,249,45,28,34,167,45,31,13,187,32,6*6A
$GPGSV,3,3,09,32,76,317,48,6*53
$GPGSV,1,1,01,49,17,257,,0*5F
$GLGSV,3,1,11,65,45,290,46,66,11,247,32,71,01,044,30,72,38,012,47,1*7B
$GLGSV,3,2,11,73,00,046,13,74,08,086,34,75,04,134,35,86,31,157,47,1*75
$GLGSV,3,3,11,87,78,181,49,88,35,329,49,,,,48,1*72
$GLGSV,2,1,07,66,11,247,37,72,38,012,47,73,00,046,16,75,04,134,29,3*7F
$GLGSV,2,2,07,86,31,157,44,88,35,329,47,,,,47,3*7C
$GAGSV,2,1,05,03,76,005,53,05,25,038,47,08,45,233,51,15,60,340,52,2*76
$GAGSV,2,2,05,34,58,115,52,2*4B
$GAGSV,2,1,05,03,76,005,47,05,25,038,39,08,45,233,44,15,60,340,47,7*7F
$GAGSV,2,2,05,34,58,115,47,7*4A
$GBGSV,2,1,08,08,30,063,40,13,43,047,45,20,46,293,49,27,26,163,41,1*75
$GBGSV,2,2,08,29,36,307,47,32,45,023,48,38,25,074,40,39,48,082,47,1*7E
$GBGSV,2,1,05,06,50,107,48,08,30,063,47,09,47,129,48,13,43,047,46,B*0F
$GBGSV,2,2,05,16,48,095,47,B*34
$GQGSV,1,1,02,04,21,067,38,07,19,104,34,1*67
$GQGSV,1,1,02,04,21,067,38,07,19,104,40,6*63
$GNGLL,2454.22748,N,06708.26894,E,140106.00,A,D*74
$GNRMC,140107.00,A,2454.22747,N,06708.26894,E,0.003,,050525,,,R,V*0B
$GNVTG,,T,,M,0.003,N,0.005,K,D*3E
$GNGGA,140107.00,2454.22747,N,06708.26894,E,4,12,0.69,21.8,M,-44.2,M,1.0,0288*7A
$GNGSA,A,3,08,10,18,23,02,27,28,32,31,,,,1.38,0.69,1.19,1*02
$GNGSA,A,3,87,66,86,72,65,88,,,,,,,1.38,0.69,1.19,2*09
$GNGSA,A,3,03,08,15,34,05,,,,,,,,1.38,0.69,1.19,3*02
$GNGSA,A,3,08,09,06,13,20,16,29,27,32,38,39,,1.38,0.69,1.19,4*06
$GNGSA,A,3,04,,,,,,,,,,,,1.38,0.69,1.19,5*0D
$GPGSV,4,1,14,02,16,321,40,08,23,291,41,10,49,015,47,13,,,25,1*5D
$GPGSV,4,2,14,18,27,134,43,23,27,066,41,24,09,043,36,27,37,249,43,1*6F
$GPGSV,4,3,14,28,34,167,43,31,13,187,38,32,76,317,51,36,34,246,42,1*6C
$GPGSV,4,4,14,40,58,207,47,41,56,146,47,1*68
$GPGSV,3,1,09,08,23,291,40,10,49,015,46,18,27,134,45,23,27,066,44,6*6A
$GPGSV,3,2,09,24,09,043,41,27,37,249,45,28,34,167,45,31,13,187,32,6*6A
$GPGSV,3,3,09,32,76,317,48,6*53
$GPGSV,1,1,01,49,17,257,,0*5F
$GLGSV,3,1,11,65,45,290,46,66,11,247,31,71,01,044,29,72,38,012,47,1*70
$GLGSV,3,2,11,73,00,046,12,74,08,086,34,75,04,134,35,86,31,157,47,1*74
$GLGSV,3,3,11,87,78,181,49,88,35,329,49,,,,48,1*72
$GLGSV,2,1,07,66,11,247,37,72,38,012,47,73,00,046,16,75,04,134,29,3*7F
$GLGSV,2,2,07,86,31,157,44,88,35,329,47,,,,47,3*7C
$GAGSV,2,1,05,03,76,005,53,05,25,038,47,08,45,233,51,15,60,340,52,2*76
$GAGSV,2,2,05,34,58,115,52,2*4B
$GAGSV,2,1,05,03,76,005,47,05,25,038,39,08,45,233,44,15,60,340,47,7*7F
$GAGSV,2,2,05,34,58,115,47,7*4A
$GBGSV,2,1,08,08,30,063,40,13,43,047,45,20,46,293,49,27,26,163,42,1*76
$GBGSV,2,2,08,29,36,307,47,32,45,023,48,38,25,074,40,39,48,082,47,1*7E
$GBGSV,2,1,05,06,50,107,48,08,30,063,47,09,47,129,48,13,43,047,46,B*0F
$GBGSV,2,2,05,16,48,095,47,B*34
$GQGSV,1,1,02,04,21,067,38,07,19,104,34,1*67
$GQGSV,1,1,02,04,21,067,38,07,19,104,40,6*63
$GNGLL,2454.22747,N,06708.26894,E,140107.00,A,D*7A
$GNRMC,140108.00,A,2454.22747,N,06708.26894,E,0.009,,050525,,,R,V*0E
$GNVTG,,T,,M,0.009,N,0.017,K,D*37
$GNGGA,140108.00,2454.22747,N,06708.26894,E,4,12,0.69,21.8,M,-44.2,M,1.0,0288*75
$GNGSA,A,3,08,10,18,23,02,27,28,32,31,,,,1.38,0.69,1.19,1*02
$GNGSA,A,3,87,66,86,72,65,88,,,,,,,1.38,0.69,1.19,2*09
$GNGSA,A,3,03,08,15,34,05,,,,,,,,1.38,0.69,1.19,3*02
$GNGSA,A,3,08,09,06,13,20,16,29,27,32,38,39,,1.38,0.69,1.19,4*06
$GNGSA,A,3,04,,,,,,,,,,,,1.38,0.69,1.19,5*0D
$GPGSV,4,1,14,02,16,321,40,08,23,291,41,10,49,015,47,13,,,25,1*5D
$GPGSV,4,2,14,18,27,134,43,23,27,066,41,24,09,043,36,27,37,249,43,1*6F
$GPGSV,4,3,14,28,34,167,43,31,13,187,38,32,76,317,51,36,34,246,42,1*6C
$GPGSV,4,4,14,40,58,207,47,41,56,146,47,1*68
$GPGSV,3,1,09,08,23,291,40,10,49,015,46,18,27,134,45,23,27,066,43,6*6D
$GPGSV,3,2,09,24,09,043,41,27,37,249,45,28,34,167,45,31,13,187,32,6*6A
$GPGSV,3,3,09,32,76,317,48,6*53
$GPGSV,1,1,01,49,17,257,,0*5F
$GLGSV,3,1,11,65,45,290,46,66,11,247,30,71,01,044,29,72,38,012,47,1*71
$GLGSV,3,2,11,73,00,046,13,74,08,086,34,75,04,134,36,86,31,157,46,1*77
$GLGSV,3,3,11,87,78,181,49,88,35,329,49,,,,48,1*72
$GLGSV,2,1,07,66,11,247,37,72,38,012,47,73,00,046,15,75,04,134,29,3*7C
$GLGSV,2,2,07,86,31,157,44,88,35,329,47,,,,47,3*7C
$GAGSV,2,1,05,03,76,005,53,05,25,038,47,08,45,233,51,15,60,340,52,2*76
$GAGSV,2,2,05,34,58,115,52,2*4B
$GAGSV,2,1,05,03,76,005,47,05,25,038,39,08,45,233,44,15,60,340,47,7*7F
$GAGSV,2,2,05,34,58,115,47,7*4A
$GBGSV,2,1,08,08,30,063,40,13,43,048,45,20,46,293,49,27,26,163,42,1*79
$GBGSV,2,2,08,29,36,307,47,32,45,023,48,38,25,074,40,39,48,082,47,1*7E
$GBGSV,2,1,05,06,50,107,48,08,30,063,47,09,47,129,48,13,43,048,46,B*00
$GBGSV,2,2,05,16,48,095,47,B*34
$GQGSV,1,1,02,04,21,067,38,07,19,104,34,1*67
$GQGSV,1,1,02,04,21,067,38,07,19,104,40,6*63
$GNGLL,2454.22747,N,06708.26894,E,140108.00,A,D*75
$GNRMC,140109.00,A,2454.22748,N,06708.26894,E,0.010,,050525,,,R,V*08
$GNVTG,,T,,M,0.010,N,0.019,K,D*31
$GNGGA,140109.00,2454.22748,N,06708.26894,E,4,12,0.69,21.8,M,-44.2,M,1.0,0288*7B
$GNGSA,A,3,08,10,18,23,02,27,28,32,31,,,,1.38,0.69,1.19,1*02
$GNGSA,A,3,87,66,86,72,65,88,,,,,,,1.38,0.69,1.19,2*09
$GNGSA,A,3,03,08,15,34,05,,,,,,,,1.38,0.69,1.19,3*02
$GNGSA,A,3,08,09,06,13,20,16,29,27,32,38,39,,1.38,0.69,1.19,4*06
$GNGSA,A,3,04,,,,,,,,,,,,1.38,0.69,1.19,5*0D
$GPGSV,4,1,13,02,16,321,40,08,23,291,41,10,49,015,47,18,27,134,43,1*62
$GPGSV,4,2,13,23,27,066,41,24,09,043,36,27,37,249,43,28,34,167,43,1*6F
$GPGSV,4,3,13,31,13,187,38,32,76,317,51,36,34,246,43,40,58,207,47,1*6F
$GPGSV,4,4,13,41,56,146,47,1*50
$GPGSV,3,1,09,08,23,291,40,10,49,015,45,18,27,134,45,23,27,066,43,6*6E
$GPGSV,3,2,09,24,09,043,41,27,37,249,45,28,34,167,45,31,13,187,32,6*6A
$GPGSV,3,3,09,32,76,317,48,6*53
$GPGSV,1,1,01,49,17,257,,0*5F
$GLGSV,3,1,11,65,45,290,46,66,11,247,28,71,01,044,28,72,38,012,47,1*79
$GLGSV,3,2,11,73,00,046,12,74,08,086,34,75,04,134,37,86,31,157,46,1*77
$GLGSV,3,3,11,87,78,181,49,88,35,329,49,,,,48,1*72
$GLGSV,2,1,07,66,11,247,37,72,38,012,47,73,00,046,16,75,04,134,29,3*7F
$GLGSV,2,2,07,86,31,157,44,88,35,329,47,,,,47,3*7C
$GAGSV,2,1,05,03,76,005,53,05,25,038,47,08,45,233,51,15,60,340,52,2*76
$GAGSV,2,2,05,34,58,115,52,2*4B
$GAGSV,2,1,05,03,76,005,47,05,25,038,39,08,45,233,44,15,60,340,47,7*7F
$GAGSV,2,2,05,34,58,115,47,7*4A
$GBGSV,2,1,08,08,30,063,40,13,43,048,45,20,46,293,49,27,26,163,42,1*79
$GBGSV,2,2,08,29,36,307,47,32,45,023,48,38,25,074,40,39,48,082,47,1*7E
$GBGSV,2,1,05,06,50,107,48,08,30,063,47,09,47,129,48,13,43,048,46,B*00
$GBGSV,2,2,05,16,48,095,47,B*34
$GQGSV,1,1,02,04,21,067,38,07,19,104,35,1*66
$GQGSV,1,1,02,04,21,067,38,07,19,104,40,6*63
$GNGLL,2454.22748,N,06708.26894,E,140109.00,A,D*7B
$GNRMC,140110.00,A,2454.22748,N,06708.26894,E,0.004,,050525,,,R,V*05
$GNVTG,,T,,M,0.004,N,0.008,K,D*34
$GNGGA,140110.00,2454.22748,N,06708.26894,E,4,12,0.69,21.8,M,-44.2,M,1.0,0288*73
$GNGSA,A,3,08,10,18,23,02,27,28,32,31,,,,1.38,0.69,1.19,1*02
$GNGSA,A,3,87,66,86,72,65,88,,,,,,,1.38,0.69,1.19,2*09
$GNGSA,A,3,03,08,15,34,05,,,,,,,,1.38,0.69,1.19,3*02
$GNGSA,A,3,08,09,06,13,20,16,29,27,32,38,39,,1.38,0.69,1.19,4*06
$GNGSA,A,3,04,,,,,,,,,,,,1.38,0.69,1.19,5*0D
$GPGSV,4,1,13,02,16,321,40,08,23,291,41,10,49,015,47,18,27,134,42,1*63
$GPGSV,4,2,13,23,27,066,41,24,09,043,35,27,37,249,44,28,34,167,43,1*6B
$GPGSV,4,3,13,31,13,187,38,32,76,317,51,36,34,246,42,40,58,207,47,1*6E
$GPGSV,4,4,13,41,56,146,47,1*50
$GPGSV,3,1,09,08,23,291,40,10,49,015,46,18,27,134,45,23,27,066,43,6*6D
$GPGSV,3,2,09,24,09,043,41,27,37,249,45,28,34,167,45,31,13,187,32,6*6A
$GPGSV,3,3,09,32,76,317,48,6*53
$GPGSV,1,1,01,49,17,257,,0*5F
$GLGSV,3,1,11,65,45,290,46,66,11,247,14,71,01,044,28,72,38,012,47,1*76
$GLGSV,3,2,11,73,00,046,13,74,08,086,33,75,04,134,37,86,31,157,46,1*71
$GLGSV,3,3,11,87,78,181,49,88,35,329,49,,,,48,1*72
$GLGSV,2,1,07,66,11,247,37,72,38,012,47,73,00,046,16,75,04,134,29,3*7F
$GLGSV,2,2,07,86,31,157,44,88,35,329,47,,,,47,3*7C
$GAGSV,2,1,05,03,76,005,53,05,25,038,47,08,45,233,51,15,60,340,52,2*76
$GAGSV,2,2,05,34,58,115,52,2*4B
$GAGSV,2,1,05,03,76,005,47,05,25,038,39,08,45,233,44,15,60,340,47,7*7F
$GAGSV,2,2,05,34,58,115,47,7*4A
$GBGSV,2,1,08,08,30,063,40,13,43,048,45,20,47,294,49,27,26,163,42,1*7F
$GBGSV,2,2,08,29,36,307,47,32,45,023,48,38,25,074,40,39,48,082,47,1*7E
$GBGSV,2,1,05,06,50,107,48,08,30,063,47,09,47,129,48,13,43,048,46,B*00
$GBGSV,2,2,05,16,48,095,47,B*34
$GQGSV,1,1,02,04,21,067,38,07,19,104,34,1*67
$GQGSV,1,1,02,04,21,067,39,07,19,104,40,6*62
$GNGLL,2454.22748,N,06708.26894,E,140110.00,A,D*73
$GNRMC,140111.00,A,2454.22748,N,06708.26894,E,0.003,,050525,,,R,V*03
$GNVTG,,T,,M,0.003,N,0.006,K,D*3D
$GNGGA,140111.00,2454.22748,N,06708.26894,E,4,12,0.69,21.8,M,-44.2,M,1.0,0288*72
$GNGSA,A,3,08,10,18,23,02,27,28,32,31,,,,1.38,0.69,1.19,1*02
$GNGSA,A,3,87,66,86,72,65,88,,,,,,,1.38,0.69,1.19,2*09
$GNGSA,A,3,03,08,15,34,05,,,,,,,,1.38,0.69,1.19,3*02
$GNGSA,A,3,08,09,06,13,20,16,29,27,32,38,39,,1.38,0.69,1.19,4*06
$GNGSA,A,3,04,,,,,,,,,,,,1.38,0.69,1.19,5*0D
$GPGSV,4,1,13,02,16,321,40,08,23,291,41,10,49,015,47,18,27,134,42,1*63
$GPGSV,4,2,13,23,27,066,41,24,09,043,35,27,37,249,44,28,34,167,43,1*6B
$GPGSV,4,3,13,31,13,187,38,32,76,317,51,36,34,246,42,40,58,207,47,1*6E
$GPGSV,4,4,13,41,56,146,47,1*50
$GPGSV,3,1,09,08,23,291,40,10,49,015,46,18,27,134,45,23,27,066,44,6*6A
$GPGSV,3,2,09,24,09,043,41,27,37,249,45,28,34,167,45,31,13,187,32,6*6A
$GPGSV,3,3,09,32,76,317,48,6*53
$GPGSV,1,1,01,49,17,257,,0*5F
$GLGSV,3,1,11,65,45,290,46,66,11,247,14,71,01,044,27,72,38,012,47,1*79
$GLGSV,3,2,11,73,00,046,12,74,08,086,33,75,04,134,38,86,31,157,46,1*7F
$GLGSV,3,3,11,87,78,181,49,88,35,329,49,,,,48,1*72
$GLGSV,2,1,07,66,11,247,37,72,38,012,47,73,00,046,16,75,04,134,29,3*7F
$GLGSV,2,2,07,86,31,157,44,88,35,329,47,,,,47,3*7C
$GAGSV,2,1,05,03,76,005,53,05,25,038,47,08,45,233,51,15,60,340,52,2*76
$GAGSV,2,2,05,34,58,115,52,2*4B
$GAGSV,2,1,05,03,76,005,47,05,25,038,39,08,45,233,44,15,60,340,47,7*7F
$GAGSV,2,2,05,34,58,115,47,7*4A
$GBGSV,2,1,08,08,30,063,40,13,43,048,45,20,47,294,49,27,26,163,42,1*7F
$GBGSV,2,2,08,29,36,307,48,32,45,023,48,38,25,074,40,39,48,082,47,1*71
$GBGSV,2,1,05,06,50,107,48,08,30,063,47,09,47,129,48,13,43,048,46,B*00
$GBGSV,2,2,05,16,48,095,47,B*34
$GQGSV,1,1,02,04,21,067,38,07,19,104,34,1*67
$GQGSV,1,1,02,04,21,067,39,07,19,104,40,6*62
$GNGLL,2454.22748,N,06708.26894,E,140111.00,A,D*72
$GNRMC,140112.00,A,2454.22748,N,06708.26894,E,0.009,,050525,,,R,V*0A
$GNVTG,,T,,M,0.009,N,0.017,K,D*37
$GNGGA,140112.00,2454.22748,N,06708.26894,E,4,12,0.69,21.8,M,-44.2,M,1.0,0288*71
$GNGSA,A,3,08,10,18,23,02,27,28,32,31,,,,1.38,0.69,1.19,1*02
$GNGSA,A,3,87,66,86,72,65,88,,,,,,,1.38,0.69,1.19,2*09
$GNGSA,A,3,03,08,15,34,05,,,,,,,,1.38,0.69,1.19,3*02
$GNGSA,A,3,08,09,06,13,20,16,29,27,32,38,39,,1.38,0.69,1.19,4*06
$GNGSA,A,3,04,,,,,,,,,,,,1.38,0.69,1.19,5*0D
$GPGSV,4,1,13,02,16,321,40,08,23,291,41,10,49,015,47,18,27,134,43,1*62
$GPGSV,4,2,13,23,27,066,41,24,09,043,35,27,37,249,44,28,34,167,43,1*6B
$GPGSV,4,3,13,31,13,187,38,32,76,317,51,36,34,246,42,40,58,207,47,1*6E
$GPGSV,4,4,13,41,56,146,47,1*50
$GPGSV,3,1,09,08,23,291,40,10,49,015,46,18,27,134,45,23,27,066,44,6*6A
$GPGSV,3,2,09,24,09,043,41,27,37,249,45,28,34,167,45,31,13,187,32,6*6A
$GPGSV,3,3,09,32,76,317,48,6*53
$GPGSV,1,1,01,49,17,257,,0*5F
$GLGSV,3,1,11,65,45,290,46,66,11,247,15,71,01,044,27,72,38,012,47,1*78
$GLGSV,3,2,11,73,00,046,12,74,08,086,33,75,04,134,38,86,31,157,46,1*7F
$GLGSV,3,3,11,87,78,181,49,88,35,329,49,,,,48,1*72
$GLGSV,2,1,07,66,11,247,37,72,38,012,47,73,00,046,16,75,04,134,30,3*77
$GLGSV,2,2,07,86,31,157,44,88,35,329,48,,,,47,3*73
$GAGSV,2,1,05,03,76,005,53,05,25,038,47,08,45,233,51,15,60,340,52,2*76
$GAGSV,2,2,05,34,58,115,52,2*4B
$GAGSV,2,1,05,03,76,005,47,05,25,038,38,08,45,233,44,15,60,340,47,7*7E
$GAGSV,2,2,05,34,58,115,47,7*4A
$GBGSV,2,1,08,08,30,063,40,13,43,048,45,20,47,294,49,27,26,163,42,1*7F
$GBGSV,2,2,08,29,36,307,47,32,45,023,48,38,25,074,40,39,48,082,47,1*7E
$GBGSV,2,1,05,06,50,107,48,08,30,063,47,09,47,129,48,13,43,048,46,B*00
$GBGSV,2,2,05,16,48,095,47,B*34
$GQGSV,1,1,02,04,21,067,38,07,19,104,34,1*67
$GQGSV,1,1,02,04,21,067,39,07,19,104,40,6*62
$GNGLL,2454.22748,N,06708.26894,E,140112.00,A,D*71
$GNRMC,140113.00,A,2454.22748,N,06708.26894,E,0.011,,050525,,,R,V*02
$GNVTG,,T,,M,0.011,N,0.020,K,D*3A
$GNGGA,140113.00,2454.22748,N,06708.26894,E,4,12,0.69,21.8,M,-44.2,M,1.0,0288*70
$GNGSA,A,3,08,10,18,23,02,27,28,32,31,,,,1.38,0.69,1.19,1*02
$GNGSA,A,3,87,66,86,72,65,88,,,,,,,1.38,0.69,1.19,2*09
$GNGSA,A,3,03,08,15,34,05,,,,,,,,1.38,0.69,1.19,3*02
$GNGSA,A,3,08,09,06,13,20,16,29,27,32,38,39,,1.38,0.69,1.19,4*06
$GNGSA,A,3,04,,,,,,,,,,,,1.38,0.69,1.19,5*0D
$GPGSV,4,1,14,02,16,321,40,08,23,291,41,10,49,015,47,15,,,24,1*5A
$GPGSV,4,2,14,18,27,134,42,23,27,066,41,24,09,043,35,27,37,249,44,1*6A
$GPGSV,4,3,14,28,34,167,43,31,13,187,38,32,76,317,51,36,34,246,42,1*6C
$GPGSV,4,4,14,40,58,207,47,41,56,146,47,1*68
$GPGSV,3,1,09,08,23,291,40,10,49,015,46,18,27,134,45,23,27,066,43,6*6D
$GPGSV,3,2,09,24,09,043,41,27,37,249,45,28,34,167,45,31,13,187,32,6*6A
$GPGSV,3,3,09,32,76,317,48,6*53
$GPGSV,1,1,01,49,17,257,,0*5F
$GLGSV,3,1,11,65,45,290,46,66,11,247,18,71,01,044,26,72,38,012,47,1*74
$GLGSV,3,2,11,73,00,046,14,74,08,086,32,75,04,134,38,86,31,157,46,1*78
$GLGSV,3,3,11,87,78,181,49,88,35,329,49,,,,48,1*72
$GLGSV,2,1,07,66,11,247,37,72,38,012,47,73,00,046,16,75,04,134,31,3*76
$GLGSV,2,2,07,86,31,157,44,88,35,329,48,,,,47,3*73
$GAGSV,2,1,05,03,76,005,53,05,25,038,47,08,45,233,51,15,60,340,52,2*76
$GAGSV,2,2,05,34,58,115,52,2*4B
$GAGSV,2,1,05,03,76,005,47,05,25,038,38,08,45,233,44,15,60,340,47,7*7E
$GAGSV,2,2,05,34,58,115,47,7*4A
$GBGSV,2,1,08,08,30,063,40,13,43,048,45,20,47,294,49,27,26,163,42,1*7F
$GBGSV,2,2,08,29,36,307,47,32,44,023,48,38,25,074,40,39,48,082,47,1*7F
$GBGSV,2,1,05,06,50,107,48,08,30,063,47,09,47,129,48,13,43,048,46,B*00
$GBGSV,2,2,05,16,48,095,47,B*34
$GQGSV,1,1,02,04,21,067,38,07,19,104,34,1*67
$GQGSV,1,1,02,04,21,067,39,07,19,104,40,6*62
$GNGLL,2454.22748,N,06708.26894,E,140113.00,A,D*70
$GNRMC,140114.00,A,2454.22748,N,06708.26894,E,0.011,,050525,,,R,V*05
$GNVTG,,T,,M,0.011,N,0.020,K,D*3A
$GNGGA,140114.00,2454.22748,N,06708.26894,E,4,12,0.69,21.8,M,-44.2,M,1.0,0288*77
$GNGSA,A,3,08,10,18,23,02,27,28,32,31,,,,1.38,0.69,1.19,1*02
$GNGSA,A,3,87,66,86,72,65,88,,,,,,,1.38,0.69,1.19,2*09
$GNGSA,A,3,03,08,15,34,05,,,,,,,,1.38,0.69,1.19,3*02
$GNGSA,A,3,08,09,06,13,20,16,29,27,32,38,39,,1.38,0.69,1.19,4*06
$GNGSA,A,3,04,,,,,,,,,,,,1.38,0.69,1.19,5*0D
$GPGSV,4,1,13,02,16,321,40,08,23,291,41,10,49,015,47,18,27,134,43,1*62
$GPGSV,4,2,13,23,27,066,41,24,09,043,35,27,37,249,44,28,34,167,43,1*6B
$GPGSV,4,3,13,31,13,187,38,32,76,317,51,36,34,246,42,40,58,207,47,1*6E
$GPGSV,4,4,13,41,56,146,47,1*50
$GPGSV,3,1,09,08,23,291,40,10,49,015,46,18,27,134,45,23,27,066,44,6*6A
$GPGSV,3,2,09,24,09,043,41,27,37,249,45,28,34,167,45,31,13,187,32,6*6A
$GPGSV,3,3,09,32,76,317,48,6*53
$GPGSV,1,1,01,49,17,257,,0*5F
$GLGSV,3,1,11,65,45,290,46,66,11,247,21,71,01,044,27,72,38,012,47,1*7F
$GLGSV,3,2,11,73,00,046,15,74,08,086,32,75,04,134,38,86,31,157,46,1*79
$GLGSV,3,3,11,87,78,181,49,88,35,329,49,,,,48,1*72
$GLGSV,2,1,07,66,11,247,37,72,38,012,47,73,00,046,16,75,04,134,31,3*76
$GLGSV,2,2,07,86,31,157,44,88,35,329,47,,,,47,3*7C
$GAGSV,2,1,05,03,76,005,53,05,25,038,47,08,45,233,51,15,60,340,52,2*76
$GAGSV,2,2,05,34,58,115,52,2*4B
$GAGSV,2,1,05,03,76,005,47,05,25,038,38,08,45,233,44,15,60,340,47,7*7E
$GAGSV,2,2,05,34,58,115,47,7*4A
$GBGSV,2,1,08,08,30,063,40,13,43,048,45,20,47,294,49,27,26,163,42,1*7F
$GBGSV,2,2,08,29,36,307,47,32,44,023,48,38,25,075,40,39,48,082,47,1*7E
$GBGSV,2,1,05,06,50,107,48,08,30,063,47,09,47,129,48,13,43,048,46,B*00
$GBGSV,2,2,05,16,48,095,47,B*34
$GQGSV,1,1,02,04,21,067,38,07,19,104,34,1*67
$GQGSV,1,1,02,04,21,067,38,07,19,104,40,6*63
$GNGLL,2454.22748,N,06708.26894,E,140114.00,A,D*77
$GNRMC,140115.00,A,2454.22748,N,06708.26894,E,0.005,,050525,,,R,V*01
$GNVTG,,T,,M,0.005,N,0.010,K,D*3C
$GNGGA,140115.00,2454.22748,N,06708.26894,E,4,12,0.69,21.8,M,-44.2,M,1.0,0288*76
$GNGSA,A,3,08,10,18,23,02,27,28,32,31,,,,1.38,0.69,1.19,1*02
$GNGSA,A,3,87,66,86,72,65,88,,,,,,,1.38,0.69,1.19,2*09
$GNGSA,A,3,03,08,15,34,05,,,,,,,,1.38,0.69,1.19,3*02
$GNGSA,A,3,08,09,06,13,20,16,29,27,32,38,39,,1.38,0.69,1.19,4*06
$GNGSA,A,3,04,,,,,,,,,,,,1.38,0.69,1.19,5*0D
$GPGSV,4,1,13,02,16,321,40,08,23,291,41,10,49,015,47,18,27,134,42,1*63
$GPGSV,4,2,13,23,27,066,41,24,09,043,35,27,37,249,44,28,34,167,43,1*6B
$GPGSV,4,3,13,31,13,187,38,32,76,317,51,36,34,246,42,40,58,207,47,1*6E
$GPGSV,4,4,13,41,56,146,47,1*50
$GPGSV,3,1,09,08,23,291,40,10,49,015,46,18,27,134,45,23,27,066,44,6*6A
$GPGSV,3,2,09,24,09,043,41,27,37,249,45,28,34,167,45,31,13,187,31,6*69
$GPGSV,3,3,09,32,76,317,48,6*53
$GPGSV,1,1,01,49,17,257,,0*5F
$GLGSV,3,1,11,65,45,290,46,66,11,247,23,71,01,044,26,72,38,012,47,1*7C
$GLGSV,3,2,11,73,00,046,14,74,08,086,32,75,04,133,38,86,31,157,46,1*7F
$GLGSV,3,3,11,87,78,181,49,88,35,329,49,,,,48,1*72
$GLGSV,2,1,07,66,11,247,37,72,38,012,47,73,00,046,18,75,04,133,31,3*7F
$GLGSV,2,2,07,86,31,157,44,88,35,329,48,,,,47,3*73
$GAGSV,2,1,05,03,76,005,53,05,25,038,47,08,45,233,51,15,60,340,52,2*76
$GAGSV,2,2,05,34,58,115,52,2*4B
$GAGSV,2,1,05,03,76,005,47,05,25,038,38,08,45,233,44,15,60,340,47,7*7E
$GAGSV,2,2,05,34,58,115,47,7*4A
$GBGSV,2,1,08,08,30,063,40,13,43,048,45,20,47,294,49,27,26,163,42,1*7F
$GBGSV,2,2,08,29,36,307,47,32,44,023,48,38,25,075,40,39,48,081,47,1*7D
$GBGSV,2,1,05,06,50,107,48,08,30,063,47,09,47,129,48,13,43,048,46,B*00
$GBGSV,2,2,05,16,48,095,47,B*34
$GQGSV,1,1,02,04,21,067,38,07,19,104,34,1*67
$GQGSV,1,1,02,04,21,067,39,07,19,104,40,6*62
$GNGLL,2454.22748,N,06708.26894,E,140115.00,A,D*76
$GNRMC,140116.00,A,2454.22748,N,06708.26894,E,0.010,,050525,,,R,V*06
$GNVTG,,T,,M,0.010,N,0.019,K,D*31
$GNGGA,140116.00,2454.22748,N,06708.26894,E,4,12,0.69,21.8,M,-44.2,M,1.0,0288*75
$GNGSA,A,3,08,10,18,23,02,27,28,32,31,,,,1.38,0.69,1.19,1*02
$GNGSA,A,3,87,66,86,72,65,88,,,,,,,1.38,0.69,1.19,2*09
$GNGSA,A,3,03,08,15,34,05,,,,,,,,1.38,0.69,1.19,3*02
$GNGSA,A,3,08,09,06,13,20,16,29,27,32,38,39,,1.38,0.69,1.19,4*06
$GNGSA,A,3,04,,,,,,,,,,,,1.38,0.69,1.19,5*0D
$GPGSV,4,1,13,02,16,321,40,08,23,291,41,10,49,015,47,18,27,134,43,1*62
$GPGSV,4,2,13,23,27,066,40,24,09,043,35,27,37,249,44,28,34,167,43,1*6A
$GPGSV,4,3,13,31,13,187,38,32,76,317,51,36,34,246,42,40,58,207,47,1*6E
$GPGSV,4,4,13,41,56,146,47,1*50
$GPGSV,3,1,09,08,23,291,40,10,49,015,46,18,27,134,45,23,27,066,44,6*6A
$GPGSV,3,2,09,24,09,043,41,27,37,249,45,28,34,167,45,31,13,187,32,6*6A
$GPGSV,3,3,09,32,76,317,48,6*53