$GNRMC,150959.00,A,2454.23250,N,06708.26906,E,0.005,,050525,,,R,V*07
$GNVTG,,T,,M,0.005,N,0.009,K,D*34
$GNGGA,150959.00,2454.23250,N,06708.26906,E,4,12,0.60,21.8,M,-44.2,M,1.0,0293*73
$GNGSA,A,3,10,27,28,32,31,01,02,08,23,,,,1.23,0.60,1.07,1*06
$GNGSA,A,3,87,81,74,88,75,65,66,72,,,,,1.23,0.60,1.07,2*03
$GNGSA,A,3,08,03,15,,,,,,,,,,1.23,0.60,1.07,3*0C
$GNGSA,A,3,08,09,06,13,20,16,29,32,38,39,,,1.23,0.60,1.07,4*0F
$GNGSA,A,3,04,07,,,,,,,,,,,1.23,0.60,1.07,5*06
$GPGSV,4,1,13,01,15,321,35,02,42,312,46,08,19,259,34,10,45,060,47,1*6A
$GPGSV,4,2,13,23,14,096,38,25,05,091,34,27,19,220,39,28,64,142,47,1*66
$GPGSV,4,3,13,31,42,180,46,32,53,015,48,36,34,246,42,40,59,208,48,1*6B
$GPGSV,4,4,13,41,56,146,46,1*51
$GPGSV,3,1,09,01,15,321,35,08,19,259,39,10,45,060,46,23,14,096,37,6*64
$GPGSV,3,2,09,25,05,091,31,27,19,220,40,28,64,142,49,31,42,180,45,6*64
$GPGSV,3,3,09,32,53,015,46,6*5B
$GPGSV,1,1,03,18,01,147,,26,02,177,,49,17,257,,0*50
$GLGSV,3,1,10,65,42,342,45,66,25,284,44,72,17,042,44,74,13,052,37,1*74
$GLGSV,3,2,10,75,25,103,46,76,08,159,39,81,16,329,40,87,36,183,45,1*70
$GLGSV,3,3,10,88,59,283,51,,,,41,1*4D
$GLGSV,3,1,09,65,42,342,09,66,25,284,42,72,17,042,45,75,25,103,46,3*76
$GLGSV,3,2,09,76,08,159,42,81,16,329,40,87,36,183,09,88,59,283,48,3*72
$GLGSV,3,3,09,,,,45,3*72
$GAGSV,2,1,07,03,52,022,51,05,06,047,45,07,13,241,30,08,58,274,51,2*72
$GAGSV,2,2,07,13,31,323,50,15,86,289,53,34,38,147,50,2*42
$GAGSV,2,1,08,03,52,022,45,05,06,047,35,07,13,241,32,08,58,274,47,7*7F
$GAGSV,2,2,08,13,31,323,43,15,86,289,47,18,15,278,33,34,38,147,44,7*7A
$GAGSV,1,1,02,02,03,145,,25,02,097,,0*7C
$GBGSV,2,1,08,08,34,082,42,09,63,117,47,13,47,067,45,20,50,337,50,1*72
$GBGSV,2,2,08,29,44,271,48,32,30,051,45,38,27,094,44,39,51,059,47,1*78
$GBGSV,2,1,05,06,61,085,47,08,34,082,46,09,63,117,49,13,47,067,48,B*01
$GBGSV,2,2,05,16,56,072,48,B*3D
$GBGSV,4,1,14,01,03,095,,02,58,140,,03,35,113,,05,62,201,,0*77
$GBGSV,4,2,14,10,04,161,,19,22,286,,23,16,059,,27,01,161,,0*7B
$GBGSV,4,3,14,30,36,196,,35,06,319,,37,35,110,,59,08,095,,0*7C
$GBGSV,4,4,14,60,60,149,,61,35,113,,0*7C
$GQGSV,1,1,02,04,20,074,39,07,19,104,33,1*62
$GQGSV,1,1,02,04,20,074,38,07,19,104,46,6*66
$GNGLL,2454.23250,N,06708.26906,E,150959.00,A,D*70
$GNRMC,151000.00,A,2454.23250,N,06708.26906,E,0.008,,050525,,,R,V*0E
$GNVTG,,T,,M,0.008,N,0.015,K,D*34
$GNGGA,151000.00,2454.23250,N,06708.26906,E,4,12,0.60,21.8,M,-44.2,M,1.0,0293*77
$GNGSA,A,3,10,27,28,32,31,01,02,08,23,,,,1.23,0.60,1.07,1*06
$GNGSA,A,3,87,81,74,88,75,65,66,72,,,,,1.23,0.60,1.07,2*03
$GNGSA,A,3,08,03,15,,,,,,,,,,1.23,0.60,1.07,3*0C
$GNGSA,A,3,08,09,06,13,20,16,29,32,38,39,,,1.23,0.60,1.07,4*0F
$GNGSA,A,3,04,07,,,,,,,,,,,1.23,0.60,1.07,5*06
$GPGSV,4,1,13,01,15,321,35,02,42,312,46,08,19,259,33,10,45,060,47,1*6D
$GPGSV,4,2,13,23,14,096,38,25,05,091,34,27,19,220,39,28,64,142,47,1*66
$GPGSV,4,3,13,31,42,180,46,32,53,015,48,36,34,246,42,40,59,208,48,1*6B
$GPGSV,4,4,13,41,56,146,46,1*51
$GPGSV,3,1,09,01,15,321,35,08,19,259,39,10,45,060,46,23,14,096,37,6*64
$GPGSV,3,2,09,25,05,091,32,27,19,220,40,28,64,142,49,31,42,180,45,6*67
$GPGSV,3,3,09,32,53,015,46,6*5B
$GPGSV,1,1,03,18,01,147,,26,02,177,,49,17,257,,0*50
$GLGSV,3,1,10,65,42,342,45,66,25,284,44,72,17,042,44,74,13,052,37,1*74
$GLGSV,3,2,10,75,25,103,46,76,08,159,39,81,16,329,40,87,36,183,46,1*73
$GLGSV,3,3,10,88,59,283,51,,,,41,1*4D
$GLGSV,3,1,09,65,42,342,08,66,25,284,43,72,17,042,45,75,25,103,46,3*76
$GLGSV,3,2,09,76,08,159,42,81,16,329,40,87,36,183,06,88,59,283,48,3*7D
$GLGSV,3,3,09,,,,45,3*72
$GAGSV,2,1,07,03,52,022,51,05,06,047,45,07,13,241,30,08,58,274,51,2*72
$GAGSV,2,2,07,13,31,323,50,15,86,289,53,34,38,147,50,2*42
$GAGSV,2,1,08,03,52,022,46,05,06,047,35,07,13,241,32,08,58,274,47,7*7C
$GAGSV,2,2,08,13,31,323,43,15,86,289,47,18,15,278,33,34,38,147,44,7*7A
$GAGSV,1,1,02,02,03,145,,25,02,097,,0*7C
$GBGSV,2,1,08,08,34,082,42,09,63,117,47,13,47,067,45,20,50,337,50,1*72
$GBGSV,2,2,08,29,44,271,48,32,30,051,45,38,27,094,44,39,51,059,47,1*78
$GBGSV,2,1,05,06,61,085,47,08,34,082,46,09,63,117,49,13,47,067,48,B*01
$GBGSV,2,2,05,16,56,072,48,B*3D
$GBGSV,4,1,14,01,03,095,,02,58,140,,03,35,113,,05,62,201,,0*77
$GBGSV,4,2,14,10,04,161,,19,22,286,,23,16,059,,27,01,161,,0*7B
$GBGSV,4,3,14,30,36,196,,35,06,319,,37,35,110,,59,08,095,,0*7C
$GBGSV,4,4,14,60,60,149,,61,35,113,,0*7C
$GQGSV,1,1,02,04,20,074,39,07,19,104,33,1*62
$GQGSV,1,1,02,04,20,074,38,07,19,104,46,6*66
$GNGLL,2454.23250,N,06708.26906,E,151000.00,A,D*74
$GNRMC,151001.00,A,2454.23250,N,06708.26906,E,0.000,,050525,,,R,V*07
$GNVTG,,T,,M,0.000,N,0.001,K,D*39
$GNGGA,151001.00,2454.23250,N,06708.26906,E,4,12,0.60,21.8,M,-44.2,M,1.0,0293*76
$GNGSA,A,3,10,27,28,32,31,01,02,08,23,,,,1.23,0.60,1.07,1*06
$GNGSA,A,3,87,81,74,88,75,65,66,72,,,,,1.23,0.60,1.07,2*03
$GNGSA,A,3,08,03,15,,,,,,,,,,1.23,0.60,1.07,3*0C
$GNGSA,A,3,08,09,06,13,20,16,29,32,38,39,,,1.23,0.60,1.07,4*0F
$GNGSA,A,3,04,07,,,,,,,,,,,1.23,0.60,1.07,5*06
$GPGSV,4,1,13,01,15,321,35,02,42,312,46,08,19,259,33,10,45,060,47,1*6D
$GPGSV,4,2,13,23,14,096,38,25,05,091,34,27,19,220,39,28,64,142,47,1*66
$GPGSV,4,3,13,31,42,180,46,32,53,015,48,36,34,246,42,40,59,208,48,1*6B
$GPGSV,4,4,13,41,56,146,46,1*51
$GPGSV,3,1,09,01,15,321,35,08,19,259,39,10,45,060,46,23,14,096,37,6*64
$GPGSV,3,2,09,25,05,091,32,27,19,220,40,28,64,142,49,31,42,180,45,6*67
$GPGSV,3,3,09,32,53,015,46,6*5B
$GPGSV,1,1,03,18,01,147,,26,02,177,,49,17,257,,0*50
$GLGSV,3,1,10,65,42,342,45,66,25,284,44,72,17,042,44,74,13,052,37,1*74
$GLGSV,3,2,10,75,25,103,46,76,08,159,39,81,16,329,40,87,36,183,45,1*70
$GLGSV,3,3,10,88,59,283,51,,,,41,1*4D
$GLGSV,3,1,09,65,42,342,08,66,25,284,42,72,17,042,45,75,25,103,46,3*77
$GLGSV,3,2,09,76,08,159,42,81,16,329,40,87,36,183,06,88,59,283,48,3*7D
$GLGSV,3,3,09,,,,45,3*72
$GAGSV,2,1,07,03,52,022,51,05,06,047,45,07,13,241,30,08,58,274,51,2*72
$GAGSV,2,2,07,13,31,323,50,15,86,289,53,34,38,147,50,2*42
$GAGSV,2,1,08,03,52,022,46,05,06,047,35,07,13,241,32,08,58,274,47,7*7C
$GAGSV,2,2,08,13,31,323,43,15,86,289,47,18,15,278,33,34,38,147,44,7*7A
$GAGSV,1,1,02,02,03,145,,25,02,097,,0*7C
$GBGSV,2,1,08,08,34,082,42,09,63,117,47,13,47,067,45,20,50,337,50,1*72
$GBGSV,2,2,08,29,44,271,48,32,30,051,45,38,27,094,44,39,51,059,47,1*78
$GBGSV,2,1,05,06,61,085,47,08,34,082,46,09,63,117,49,13,47,067,48,B*01
$GBGSV,2,2,05,16,56,072,48,B*3D
$GBGSV,4,1,14,01,03,095,,02,58,140,,03,35,113,,05,62,201,,0*77
$GBGSV,4,2,14,10,04,161,,19,22,286,,23,16,059,,27,01,161,,0*7B
$GBGSV,4,3,14,30,36,196,,35,06,319,,37,35,110,,59,08,095,,0*7C
$GBGSV,4,4,14,60,60,149,,61,35,113,,0*7C
$GQGSV,1,1,02,04,20,074,39,07,19,104,33,1*62
$GQGSV,1,1,02,04,20,074,38,07,19,104,46,6*66
$GNGLL,2454.23250,N,06708.26906,E,151001.00,A,D*75
$GNRMC,151002.00,A,2454.23250,N,06708.26906,E,0.003,,050525,,,R,V*07
$GNVTG,,T,,M,0.003,N,0.006,K,D*3D
$GNGGA,151002.00,2454.23250,N,06708.26906,E,4,12,0.60,21.8,M,-44.2,M,1.0,0293*75
$GNGSA,A,3,10,27,28,32,31,01,02,08,23,,,,1.23,0.60,1.07,1*06
$GNGSA,A,3,87,81,74,88,75,65,66,72,,,,,1.23,0.60,1.07,2*03
$GNGSA,A,3,08,03,15,,,,,,,,,,1.23,0.60,1.07,3*0C
$GNGSA,A,3,08,09,06,13,20,16,29,32,38,39,,,1.23,0.60,1.07,4*0F
$GNGSA,A,3,04,07,,,,,,,,,,,1.23,0.60,1.07,5*06
$GPGSV,4,1,13,01,15,321,35,02,42,312,46,08,19,259,33,10,45,060,47,1*6D
$GPGSV,4,2,13,23,14,096,38,25,05,091,34,27,19,220,39,28,64,142,47,1*66
$GPGSV,4,3,13,31,42,180,46,32,53,015,48,36,34,246,42,40,59,208,47,1*64
$GPGSV,4,4,13,41,56,146,46,1*51
$GPGSV,3,1,09,01,15,321,36,08,19,259,38,10,45,060,46,23,14,096,37,6*66
$GPGSV,3,2,09,25,05,091,32,27,19,220,40,28,64,142,49,31,42,180,45,6*67
$GPGSV,3,3,09,32,53,015,46,6*5B
$GPGSV,1,1,03,18,01,147,,26,02,177,,49,17,257,,0*50
$GLGSV,3,1,10,65,42,342,45,66,25,284,44,72,17,042,44,74,13,052,37,1*74
$GLGSV,3,2,10,75,25,103,46,76,08,159,39,81,16,329,40,87,36,183,45,1*70
$GLGSV,3,3,10,88,59,283,51,,,,41,1*4D
$GLGSV,3,1,09,65,42,342,08,66,25,284,42,72,17,042,45,75,25,103,46,3*77
$GLGSV,3,2,09,76,08,159,42,81,16,329,40,87,36,183,06,88,59,283,48,3*7D
$GLGSV,3,3,09,,,,45,3*72
$GAGSV,2,1,07,03,52,022,51,05,06,047,45,07,13,241,30,08,58,274,51,2*72
$GAGSV,2,2,07,13,31,323,50,15,86,289,53,34,38,147,50,2*42
$GAGSV,2,1,08,03,52,022,46,05,06,047,36,07,13,241,32,08,58,274,47,7*7F
$GAGSV,2,2,08,13,31,323,43,15,86,289,47,18,15,278,33,34,38,147,44,7*7A
$GAGSV,1,1,02,02,03,145,,25,02,097,,0*7C
$GBGSV,2,1,08,08,34,082,42,09,63,117,47,13,47,067,45,20,50,337,50,1*72
$GBGSV,2,2,08,29,44,271,48,32,30,051,45,38,27,094,44,39,51,059,47,1*78
$GBGSV,2,1,05,06,61,085,47,08,34,082,46,09,63,117,49,13,47,067,48,B*01
$GBGSV,2,2,05,16,56,072,48,B*3D
$GBGSV,4,1,14,01,03,095,,02,58,140,,03,35,113,,05,62,201,,0*77
$GBGSV,4,2,14,10,04,161,,19,22,286,,23,16,059,,27,01,161,,0*7B
$GBGSV,4,3,14,30,36,196,,35,06,319,,37,35,110,,59,08,095,,0*7C
$GBGSV,4,4,14,60,60,149,,61,35,113,,0*7C
$GQGSV,1,1,02,04,20,074,39,07,19,104,33,1*62
$GQGSV,1,1,02,04,20,074,38,07,19,104,46,6*66
$GNGLL,2454.23250,N,06708.26906,E,151002.00,A,D*76
$GNRMC,151003.00,A,2454.23250,N,06708.26906,E,0.005,,050525,,,R,V*00
$GNVTG,,T,,M,0.005,N,0.009,K,D*34
$GNGGA,151003.00,2454.23250,N,06708.26906,E,4,12,0.60,21.8,M,-44.2,M,1.0,0293*74
$GNGSA,A,3,10,27,28,32,31,01,02,08,23,,,,1.23,0.60,1.07,1*06
$GNGSA,A,3,87,81,74,88,75,65,66,72,,,,,1.23,0.60,1.07,2*03
$GNGSA,A,3,08,03,15,,,,,,,,,,1.23,0.60,1.07,3*0C
$GNGSA,A,3,08,09,06,13,20,16,29,32,38,39,,,1.23,0.60,1.07,4*0F
$GNGSA,A,3,04,07,,,,,,,,,,,1.23,0.60,1.07,5*06
$GPGSV,4,1,13,01,15,321,35,02,42,312,46,08,19,259,33,10,45,060,47,1*6D
$GPGSV,4,2,13,23,14,096,38,25,05,091,33,27,19,220,39,28,64,142,47,1*61
$GPGSV,4,3,13,31,42,180,46,32,53,015,48,36,34,246,42,40,59,208,47,1*64
$GPGSV,4,4,13,41,56,146,46,1*51
$GPGSV,3,1,09,01,15,321,36,08,19,259,39,10,45,060,46,23,14,096,37,6*67
$GPGSV,3,2,09,25,05,091,33,27,19,220,40,28,64,142,49,31,42,180,45,6*66
$GPGSV,3,3,09,32,53,015,46,6*5B
$GPGSV,1,1,03,18,01,147,,26,02,177,,49,17,257,,0*50
$GLGSV,3,1,10,65,42,342,45,66,25,284,44,72,17,042,44,74,13,052,37,1*74
$GLGSV,3,2,10,75,25,103,46,76,08,159,39,81,16,329,40,87,36,183,46,1*73
$GLGSV,3,3,10,88,59,283,51,,,,41,1*4D
$GLGSV,2,1,08,65,42,342,02,66,25,284,42,72,17,042,45,75,25,103,45,3*7E
$GLGSV,2,2,08,76,08,159,42,81,16,329,40,88,59,283,48,,,,45,3*4A
$GAGSV,2,1,07,03,52,022,51,05,06,047,45,07,13,241,30,08,58,274,51,2*72
$GAGSV,2,2,07,13,31,323,49,15,86,289,53,34,38,147,50,2*4A
$GAGSV,2,1,08,03,52,022,45,05,06,047,36,07,13,241,32,08,58,274,47,7*7C
$GAGSV,2,2,08,13,31,323,44,15,86,289,47,18,15,278,33,34,38,147,44,7*7D
$GAGSV,1,1,02,02,03,145,,25,02,097,,0*7C
$GBGSV,2,1,08,08,34,082,42,09,63,117,47,13,47,067,45,20,50,337,50,1*72
$GBGSV,2,2,08,29,44,271,48,32,30,051,45,38,27,094,44,39,51,059,47,1*78
$GBGSV,2,1,05,06,61,085,47,08,34,082,46,09,63,117,48,13,47,067,48,B*00
$GBGSV,2,2,05,16,56,072,48,B*3D
$GBGSV,4,1,14,01,03,095,,02,58,140,,03,35,113,,05,62,201,,0*77
$GBGSV,4,2,14,10,04,161,,19,22,286,,23,16,059,,27,01,161,,0*7B
$GBGSV,4,3,14,30,36,196,,35,06,319,,37,35,110,,59,08,095,,0*7C
$GBGSV,4,4,14,60,60,149,,61,35,113,,0*7C
$GQGSV,1,1,02,04,20,074,39,07,19,104,33,1*62
$GQGSV,1,1,02,04,20,074,37,07,19,104,46,6*69
$GNGLL,2454.23250,N,06708.26906,E,151003.00,A,D*77
$GNRMC,151004.00,A,2454.23250,N,06708.26906,E,0.006,,050525,,,R,V*04
$GNVTG,,T,,M,0.006,N,0.010,K,D*3F
$GNGGA,151004.00,2454.23250,N,06708.26906,E,4,12,0.60,21.8,M,-44.2,M,1.0,0293*73
$GNGSA,A,3,10,27,28,32,31,01,02,08,23,,,,1.23,0.60,1.07,1*06
$GNGSA,A,3,87,81,74,88,75,65,66,72,,,,,1.23,0.60,1.07,2*03
$GNGSA,A,3,08,03,15,,,,,,,,,,1.23,0.60,1.07,3*0C
$GNGSA,A,3,08,09,06,13,20,16,29,32,38,39,,,1.23,0.60,1.07,4*0F
$GNGSA,A,3,04,07,,,,,,,,,,,1.23,0.60,1.07,5*06
$GPGSV,4,1,13,01,15,321,35,02,42,312,45,08,19,259,33,10,45,060,47,1*6E
$GPGSV,4,2,13,23,14,096,38,25,05,091,33,27,19,220,39,28,64,142,47,1*61
$GPGSV,4,3,13,31,42,180,46,32,53,015,48,36,34,246,42,40,59,208,48,1*6B
$GPGSV,4,4,13,41,56,146,47,1*50
$GPGSV,3,1,09,01,15,321,36,08,19,259,39,10,45,060,46,23,14,096,37,6*67
$GPGSV,3,2,09,25,05,091,33,27,19,220,40,28,64,142,49,31,42,180,45,6*66
$GPGSV,3,3,09,32,53,015,46,6*5B
$GPGSV,1,1,03,18,01,147,,26,02,177,,49,17,257,,0*50
$GLGSV,3,1,10,65,42,342,45,66,25,284,44,72,17,042,44,74,13,052,37,1*74
$GLGSV,3,2,10,75,25,103,46,76,08,159,39,81,16,329,40,87,36,183,46,1*73
$GLGSV,3,3,10,88,59,283,51,,,,41,1*4D
$GLGSV,3,1,09,65,42,342,05,66,25,284,42,72,17,042,45,75,25,103,45,3*79
$GLGSV,3,2,09,76,08,159,42,81,16,329,40,87,36,183,05,88,59,283,48,3*7E
$GLGSV,3,3,09,,,,45,3*72
$GAGSV,2,1,07,03,52,022,51,05,06,047,45,07,13,241,31,08,58,274,51,2*73
$GAGSV,2,2,07,13,31,323,49,15,86,289,53,34,38,147,50,2*4A
$GAGSV,2,1,08,03,52,022,46,05,06,047,36,07,13,241,32,08,58,274,47,7*7F
$GAGSV,2,2,08,13,31,323,43,15,86,289,47,18,15,278,33,34,38,147,44,7*7A
$GAGSV,1,1,02,02,03,145,,25,02,097,,0*7C
$GBGSV,2,1,08,08,34,082,42,09,63,117,47,13,47,067,45,20,50,337,50,1*72
$GBGSV,2,2,08,29,44,271,48,32,30,051,45,38,27,094,44,39,51,059,47,1*78
$GBGSV,2,1,05,06,61,085,47,08,34,082,46,09,63,117,48,13,47,067,48,B*00
$GBGSV,2,2,05,16,56,072,48,B*3D
$GBGSV,4,1,14,01,03,095,,02,58,140,,03,35,113,,05,62,201,,0*77
$GBGSV,4,2,14,10,04,161,,19,22,286,,23,16,059,,27,01,161,,0*7B
$GBGSV,4,3,14,30,36,196,,35,06,319,,37,35,110,,59,08,095,,0*7C
$GBGSV,4,4,14,60,60,149,,61,35,113,,0*7C
$GQGSV,1,1,02,04,20,074,39,07,19,104,33,1*62
$GQGSV,1,1,02,04,20,074,37,07,19,104,46,6*69
$GNGLL,2454.23250,N,06708.26906,E,151004.00,A,D*70
$GNRMC,151005.00,A,2454.23250,N,06708.26906,E,0.011,,050525,,,R,V*03
$GNVTG,,T,,M,0.011,N,0.020,K,D*3A
$GNGGA,151005.00,2454.23250,N,06708.26906,E,4,12,0.60,21.8,M,-44.2,M,1.0,0293*72
$GNGSA,A,3,10,27,28,32,31,01,02,08,23,,,,1.23,0.60,1.07,1*06
$GNGSA,A,3,87,81,74,88,75,65,66,72,,,,,1.23,0.60,1.07,2*03
$GNGSA,A,3,08,03,15,,,,,,,,,,1.23,0.60,1.07,3*0C
$GNGSA,A,3,08,09,06,13,20,16,29,32,38,39,,,1.23,0.60,1.07,4*0F
$GNGSA,A,3,04,07,,,,,,,,,,,1.23,0.60,1.07,5*06
$GPGSV,4,1,13,01,15,321,35,02,42,312,45,08,18,258,33,10,45,060,47,1*6E
$GPGSV,4,2,13,23,14,096,38,25,05,091,33,27,19,220,39,28,64,142,47,1*61
$GPGSV,4,3,13,31,42,180,46,32,53,015,48,36,34,246,42,40,59,208,47,1*64
$GPGSV,4,4,13,41,56,146,46,1*51
$GPGSV,3,1,09,01,15,321,36,08,18,258,39,10,45,060,46,23,14,096,37,6*67
$GPGSV,3,2,09,25,05,091,33,27,19,220,40,28,64,142,49,31,42,180,45,6*66
$GPGSV,3,3,09,32,53,015,46,6*5B
$GPGSV,1,1,03,18,01,147,,26,02,177,,49,17,257,,0*50
$GLGSV,3,1,10,65,42,342,45,66,25,284,44,72,17,042,44,74,13,052,37,1*74
$GLGSV,3,2,10,75,25,103,46,76,08,159,39,81,16,329,40,87,36,183,46,1*73
$GLGSV,3,3,10,88,59,283,51,,,,41,1*4D
$GLGSV,3,1,09,65,42,342,07,66,25,284,42,72,17,042,45,75,25,103,46,3*78
$GLGSV,3,2,09,76,08,159,42,81,16,329,40,87,36,183,07,88,59,283,48,3*7C
$GLGSV,3,3,09,,,,45,3*72
$GAGSV,2,1,07,03,52,022,51,05,06,047,45,07,13,241,31,08,58,274,51,2*73
$GAGSV,2,2,07,13,31,323,50,15,86,289,53,34,38,147,50,2*42
$GAGSV,2,1,08,03,52,022,45,05,06,047,36,07,13,241,32,08,58,274,47,7*7C
$GAGSV,2,2,08,13,31,323,43,15,86,289,47,18,15,278,33,34,38,147,44,7*7A
$GAGSV,1,1,02,02,03,145,,25,02,097,,0*7C
$GBGSV,2,1,08,08,34,082,42,09,63,117,47,13,47,067,45,20,50,337,50,1*72
$GBGSV,2,2,08,29,44,271,48,32,30,051,45,38,27,094,44,39,51,059,47,1*78
$GBGSV,2,1,05,06,61,085,47,08,34,082,46,09,63,117,48,13,47,067,48,B*00
$GBGSV,2,2,05,16,56,072,48,B*3D
$GBGSV,4,1,14,01,03,095,,02,58,140,,03,35,113,,05,62,201,,0*77
$GBGSV,4,2,14,10,04,161,,19,22,286,,23,16,059,,27,01,161,,0*7B
$GBGSV,4,3,14,30,36,196,,35,06,319,,37,35,110,,59,08,095,,0*7C
$GBGSV,4,4,14,60,60,149,,61,35,113,,0*7C
$GQGSV,1,1,02,04,20,074,39,07,19,104,33,1*62
$GQGSV,1,1,02,04,20,074,37,07,19,104,46,6*69
$GNGLL,2454.23250,N,06708.26906,E,151005.00,A,D*71
$GNRMC,151006.00,A,2454.23250,N,06708.26906,E,0.005,,050525,,,R,V*05
$GNVTG,,T,,M,0.005,N,0.010,K,D*3C
$GNGGA,151006.00,2454.23250,N,06708.26906,E,4,12,0.60,21.8,M,-44.2,M,1.0,0293*71
$GNGSA,A,3,10,27,28,32,31,01,02,08,23,,,,1.23,0.60,1.07,1*06
$GNGSA,A,3,87,81,74,88,75,65,66,72,,,,,1.23,0.60,1.07,2*03
$GNGSA,A,3,08,03,15,,,,,,,,,,1.23,0.60,1.07,3*0C
$GNGSA,A,3,08,09,06,13,20,16,29,32,38,39,,,1.23,0.60,1.07,4*0F
$GNGSA,A,3,04,07,,,,,,,,,,,1.23,0.60,1.07,5*06
$GPGSV,4,1,13,01,15,321,35,02,42,312,45,08,18,258,33,10,45,060,47,1*6E
$GPGSV,4,2,13,23,14,096,38,25,05,091,33,27,19,220,39,28,64,142,47,1*61
$GPGSV,4,3,13,31,42,180,46,32,53,015,48,36,34,246,42,40,59,208,47,1*64
$GPGSV,4,4,13,41,56,146,46,1*51
$GPGSV,3,1,09,01,15,321,36,08,18,258,38,10,45,060,46,23,14,096,37,6*66
$GPGSV,3,2,09,25,05,091,33,27,19,220,40,28,64,142,49,31,42,180,45,6*66
$GPGSV,3,3,09,32,53,015,46,6*5B
$GPGSV,1,1,03,18,01,147,,26,02,177,,49,17,257,,0*50
$GLGSV,3,1,10,65,42,342,45,66,25,284,44,72,17,042,44,74,13,052,37,1*74
$GLGSV,3,2,10,75,25,103,46,76,08,159,39,81,16,329,40,87,36,183,46,1*73
$GLGSV,3,3,10,88,59,283,51,,,,41,1*4D
$GLGSV,3,1,09,65,42,342,08,66,25,284,43,72,17,042,45,75,25,103,46,3*76
$GLGSV,3,2,09,76,08,159,42,81,16,329,40,87,36,183,08,88,59,283,48,3*73
$GLGSV,3,3,09,,,,45,3*72
$GAGSV,2,1,07,03,52,022,51,05,06,047,45,07,13,241,30,08,58,274,51,2*72
$GAGSV,2,2,07,13,31,323,50,15,86,289,53,34,38,147,50,2*42
$GAGSV,2,1,08,03,52,022,45,05,06,047,36,07,13,241,32,08,58,274,47,7*7C
$GAGSV,2,2,08,13,31,323,43,15,86,289,47,18,15,278,33,34,38,147,44,7*7A
$GAGSV,1,1,02,02,03,145,,25,02,097,,0*7C
$GBGSV,2,1,08,08,34,082,42,09,63,117,47,13,47,067,45,20,50,337,50,1*72
$GBGSV,2,2,08,29,44,271,48,32,30,051,45,38,27,094,44,39,51,059,47,1*78
$GBGSV,2,1,05,06,61,085,48,08,34,082,46,09,63,117,49,13,47,067,48,B*0E
$GBGSV,2,2,05,16,56,072,48,B*3D
$GBGSV,4,1,14,01,03,095,,02,58,140,,03,35,113,,05,62,201,,0*77
$GBGSV,4,2,14,10,04,161,,19,22,286,,23,16,059,,27,01,161,,0*7B
$GBGSV,4,3,14,30,36,196,,35,06,319,,37,35,110,,59,08,095,,0*7C
$GBGSV,4,4,14,60,60,149,,61,35,113,,0*7C
$GQGSV,1,1,02,04,20,074,39,07,19,104,33,1*62
$GQGSV,1,1,02,04,20,074,38,07,19,104,46,6*66
$GNGLL,2454.23250,N,06708.26906,E,151006.00,A,D*72
$GNRMC,151007.00,A,2454.23250,N,06708.26906,E,0.004,,050525,,,R,V*05
$GNVTG,,T,,M,0.004,N,0.007,K,D*3B
$GNGGA,151007.00,2454.23250,N,06708.26906,E,4,12,0.60,21.8,M,-44.2,M,1.0,0293*70
$GNGSA,A,3,10,27,28,32,31,01,02,08,23,,,,1.23,0.60,1.07,1*06
$GNGSA,A,3,87,81,74,88,75,65,66,72,,,,,1.23,0.60,1.07,2*03
$GNGSA,A,3,08,03,15,,,,,,,,,,1.23,0.60,1.07,3*0C
$GNGSA,A,3,08,09,06,13,20,16,29,32,38,39,,,1.23,0.60,1.07,4*0F
$GNGSA,A,3,04,07,,,,,,,,,,,1.23,0.60,1.07,5*06
$GPGSV,4,1,13,01,15,321,35,02,42,312,45,08,18,258,33,10,45,062,47,1*6C
$GPGSV,4,2,13,23,14,096,38,25,05,091,34,27,19,220,39,28,64,142,47,1*66
$GPGSV,4,3,13,31,42,180,46,32,53,015,48,36,34,246,42,40,59,208,48,1*6B
$GPGSV,4,4,13,41,56,146,46,1*51
$GPGSV,3,1,09,01,15,321,36,08,18,258,38,10,45,062,46,23,14,096,37,6*64
$GPGSV,3,2,09,25,05,091,33,27,19,220,40,28,64,142,49,31,42,180,45,6*66
$GPGSV,3,3,09,32,53,015,46,6*5B
$GPGSV,1,1,03,18,01,147,,26,02,177,,49,17,257,,0*50
$GLGSV,3,1,10,65,42,342,45,66,25,284,44,72,17,042,44,74,13,052,37,1*74
$GLGSV,3,2,10,75,25,103,46,76,08,159,40,81,16,329,40,87,36,183,46,1*7D
$GLGSV,3,3,10,88,59,283,51,,,,41,1*4D
$GLGSV,3,1,09,65,42,342,11,66,25,284,43,72,17,042,45,75,25,103,46,3*7E
$GLGSV,3,2,09,76,08,159,43,81,16,329,40,87,36,183,10,88,59,283,48,3*7B
$GLGSV,3,3,09,,,,45,3*72
$GAGSV,2,1,07,03,52,022,51,05,06,047,45,07,13,241,31,08,58,274,51,2*73
$GAGSV,2,2,07,13,31,323,50,15,86,289,53,34,38,147,50,2*42
$GAGSV,2,1,08,03,52,022,46,05,06,047,36,07,13,241,32,08,58,274,47,7*7F
$GAGSV,2,2,08,13,31,323,43,15,86,289,47,18,15,278,33,34,38,147,44,7*7A
$GAGSV,1,1,02,02,03,145,,25,02,097,,0*7C
$GBGSV,2,1,08,08,34,082,42,09,63,117,47,13,47,067,45,20,50,337,50,1*72
$GBGSV,2,2,08,29,44,271,48,32,30,051,45,38,27,094,44,39,51,059,47,1*78
$GBGSV,2,1,05,06,61,085,48,08,34,082,46,09,63,117,49,13,47,067,48,B*0E
$GBGSV,2,2,05,16,56,072,48,B*3D
$GBGSV,4,1,14,01,03,095,,02,58,140,,03,35,113,,05,62,201,,0*77
$GBGSV,4,2,14,10,04,161,,19,22,286,,23,16,059,,27,01,161,,0*7B
$GBGSV,4,3,14,30,36,196,,35,06,319,,37,35,110,,59,08,095,,0*7C
$GBGSV,4,4,14,60,60,149,,61,35,113,,0*7C
$GQGSV,1,1,02,04,20,074,39,07,19,104,33,1*62
$GQGSV,1,1,02,04,20,074,38,07,19,104,46,6*66
$GNGLL,2454.23250,N,06708.26906,E,151007.00,A,D*73
$GNRMC,151008.00,A,2454.23250,N,06708.26906,E,0.002,,050525,,,R,V*0C
$GNVTG,,T,,M,0.002,N,0.004,K,D*3E
$GNGGA,151008.00,2454.23250,N,06708.26906,E,4,12,0.60,21.8,M,-44.2,M,1.0,0293*7F
$GNGSA,A,3,10,27,28,32,31,01,02,08,23,,,,1.23,0.60,1.07,1*06
$GNGSA,A,3,87,81,74,88,75,65,66,72,,,,,1.23,0.60,1.07,2*03
$GNGSA,A,3,08,03,15,,,,,,,,,,1.23,0.60,1.07,3*0C
$GNGSA,A,3,08,09,06,13,20,16,29,32,38,39,,,1.23,0.60,1.07,4*0F
$GNGSA,A,3,04,07,,,,,,,,,,,1.23,0.60,1.07,5*06
$GPGSV,4,1,13,01,15,321,35,02,42,312,45,08,18,258,33,10,45,062,47,1*6C
$GPGSV,4,2,13,23,14,096,38,25,05,091,33,27,19,220,39,28,64,142,47,1*61
$GPGSV,4,3,13,31,42,180,46,32,53,015,48,36,34,246,42,40,59,208,48,1*6B
$GPGSV,4,4,13,41,56,146,46,1*51
$GPGSV,3,1,09,01,15,321,36,08,18,258,39,10,45,062,46,23,14,096,37,6*65
$GPGSV,3,2,09,25,05,091,33,27,19,220,40,28,64,142,49,31,42,180,45,6*66
$GPGSV,3,3,09,32,53,015,46,6*5B
$GPGSV,1,1,03,18,01,147,,26,02,177,,49,17,257,,0*50
$GLGSV,3,1,10,65,42,342,45,66,25,284,44,72,17,042,44,74,13,052,37,1*74
$GLGSV,3,2,10,75,25,103,46,76,08,159,40,81,16,329,40,87,36,183,46,1*7D
$GLGSV,3,3,10,88,59,283,51,,,,41,1*4D
$GLGSV,3,1,09,65,42,342,11,66,25,284,43,72,17,042,45,75,25,103,46,3*7E
$GLGSV,3,2,09,76,08,159,43,81,16,329,40,87,36,183,10,88,59,283,48,3*7B
$GLGSV,3,3,09,,,,45,3*72
$GAGSV,2,1,07,03,52,022,51,05,06,047,45,07,13,241,30,08,58,274,51,2*72
$GAGSV,2,2,07,13,31,323,50,15,86,289,53,34,38,147,50,2*42
$GAGSV,2,1,08,03,52,022,46,05,06,047,36,07,13,241,32,08,58,274,47,7*7F
$GAGSV,2,2,08,13,31,323,43,15,86,289,47,18,15,278,33,34,38,147,44,7*7A
$GAGSV,1,1,02,02,03,145,,25,02,097,,0*7C
$GBGSV,2,1,08,08,34,082,42,09,63,117,47,13,47,067,45,20,50,337,50,1*72
$GBGSV,2,2,08,29,44,271,48,32,30,051,45,38,27,094,44,39,51,059,47,1*78
$GBGSV,2,1,05,06,61,085,48,08,34,082,46,09,63,117,49,13,47,067,48,B*0E
$GBGSV,2,2,05,16,56,072,48,B*3D
$GBGSV,4,1,14,01,03,095,,02,58,140,,03,35,113,,05,62,201,,0*77
$GBGSV,4,2,14,10,04,161,,19,22,286,,23,16,059,,27,01,161,,0*7B
$GBGSV,4,3,14,30,36,196,,35,06,319,,37,35,110,,59,08,095,,0*7C
$GBGSV,4,4,14,60,60,149,,61,35,113,,0*7C
$GQGSV,1,1,02,04,20,074,39,07,19,104,32,1*63
$GQGSV,1,1,02,04,20,074,38,07,19,104,46,6*66
$GNGLL,2454.23250,N,06708.26906,E,151008.00,A,D*7C
$GNRMC,151009.00,A,2454.23250,N,06708.26906,E,0.005,,050525,,,R,V*0A
$GNVTG,,T,,M,0.005,N,0.009,K,D*34
$GNGGA,151009.00,2454.23250,N,06708.26906,E,4,12,0.60,21.8,M,-44.2,M,1.0,0293*7E
$GNGSA,A,3,10,27,28,32,31,01,02,08,23,,,,1.23,0.60,1.07,1*06
$GNGSA,A,3,87,81,74,88,75,65,66,72,,,,,1.23,0.60,1.07,2*03
$GNGSA,A,3,08,03,15,,,,,,,,,,1.23,0.60,1.07,3*0C
$GNGSA,A,3,08,09,06,13,20,16,29,32,38,39,,,1.23,0.60,1.07,4*0F
$GNGSA,A,3,04,07,,,,,,,,,,,1.23,0.60,1.07,5*06
$GPGSV,4,1,13,01,15,321,35,02,42,312,45,08,18,258,33,10,45,062,47,1*6C
$GPGSV,4,2,13,23,14,096,38,25,05,091,33,27,19,220,39,28,64,142,47,1*61
$GPGSV,4,3,13,31,42,180,46,32,53,015,48,36,34,246,42,40,59,208,48,1*6B
$GPGSV,4,4,13,41,56,146,46,1*51
$GPGSV,3,1,09,01,15,321,36,08,18,258,39,10,45,062,46,23,14,096,37,6*65
$GPGSV,3,2,09,25,05,091,33,27,19,220,40,28,64,142,49,31,42,180,45,6*66
$GPGSV,3,3,09,32,53,015,46,6*5B
$GPGSV,1,1,03,18,01,147,,26,02,177,,49,17,257,,0*50
$GLGSV,3,1,09,65,42,342,45,66,25,284,44,72,17,042,44,74,13,052,37,1*7C
$GLGSV,3,2,09,75,25,103,46,76,08,159,40,81,16,329,40,87,36,183,46,1*75
$GLGSV,3,3,09,88,59,283,51,1*40
$GLGSV,2,1,08,65,42,342,08,66,25,284,43,72,17,042,45,75,25,103,46,3*76
$GLGSV,2,2,08,76,08,159,42,81,16,329,40,87,36,183,05,88,59,283,48,3*7E
$GAGSV,2,1,07,03,52,022,51,05,06,047,45,07,13,241,31,08,58,274,51,2*73
$GAGSV,2,2,07,13,31,323,50,15,86,289,53,34,38,147,50,2*42
$GAGSV,2,1,08,03,52,022,46,05,06,047,36,07,13,241,32,08,58,274,47,7*7F
$GAGSV,2,2,08,13,31,323,43,15,86,289,47,18,15,278,33,34,38,147,44,7*7A
$GAGSV,1,1,02,02,03,145,,25,02,097,,0*7C
$GBGSV,2,1,08,08,34,082,42,09,63,117,47,13,47,067,45,20,50,337,50,1*72
$GBGSV,2,2,08,29,44,271,48,32,30,051,45,38,27,094,44,39,51,059,47,1*78
$GBGSV,2,1,05,06,61,085,48,08,34,082,46,09,63,117,49,13,47,067,48,B*0E
$GBGSV,2,2,05,16,56,072,48,B*3D
$GBGSV,4,1,14,01,03,095,,02,58,140,,03,35,113,,05,62,201,,0*77
$GBGSV,4,2,14,10,04,161,,19,22,286,,23,16,059,,27,01,161,,0*7B
$GBGSV,4,3,14,30,36,196,,35,06,319,,37,35,110,,59,08,095,,0*7C
$GBGSV,4,4,14,60,60,149,,61,35,113,,0*7C
$GQGSV,1,1,02,04,20,074,38,07,19,104,33,1*63
$GQGSV,1,1,02,04,20,074,38,07,19,104,46,6*66
$GNGLL,2454.23250,N,06708.26906,E,151009.00,A,D*7D
$GNRMC,151010.00,A,2454.23250,N,06708.26906,E,0.002,,050525,,,R,V*05
$GNVTG,,T,,M,0.002,N,0.004,K,D*3E
$GNGGA,151010.00,2454.23250,N,06708.26906,E,4,12,0.60,21.8,M,-44.2,M,1.0,0293*76
$GNGSA,A,3,10,27,28,32,31,01,02,08,23,,,,1.23,0.60,1.07,1*06
$GNGSA,A,3,87,81,74,88,75,65,66,72,,,,,1.23,0.60,1.07,2*03
$GNGSA,A,3,08,03,15,,,,,,,,,,1.23,0.60,1.07,3*0C
$GNGSA,A,3,08,09,06,13,20,16,29,32,38,39,,,1.23,0.60,1.07,4*0F
$GNGSA,A,3,04,07,,,,,,,,,,,1.23,0.60,1.07,5*06
$GPGSV,4,1,13,01,15,321,35,02,42,312,45,08,18,258,33,10,45,062,47,1*6C
$GPGSV,4,2,13,23,14,096,38,25,05,091,33,27,19,220,39,28,64,142,47,1*61
$GPGSV,4,3,13,31,42,180,46,32,53,015,48,36,34,246,42,40,59,208,48,1*6B
$GPGSV,4,4,13,41,56,146,46,1*51
$GPGSV,3,1,09,01,15,321,36,08,18,258,39,10,45,062,46,23,14,096,37,6*65
$GPGSV,3,2,09,25,05,091,32,27,19,220,40,28,64,142,49,31,42,180,45,6*67
$GPGSV,3,3,09,32,53,015,46,6*5B
$GPGSV,1,1,03,18,01,147,,26,02,177,,49,17,257,,0*50
$GLGSV,3,1,10,65,42,342,45,66,25,284,44,72,17,042,44,74,13,052,37,1*74
$GLGSV,3,2,10,75,25,103,46,76,08,159,39,81,16,329,40,87,36,183,46,1*73
$GLGSV,3,3,10,88,59,283,51,,,,40,1*4C
$GLGSV,2,1,07,65,42,342,03,66,25,284,43,72,17,042,45,75,25,103,46,3*72
$GLGSV,2,2,07,76,08,159,42,81,16,329,40,88,59,283,48,3*44
$GAGSV,2,1,07,03,52,022,51,05,06,047,45,07,13,241,31,08,58,274,51,2*73
$GAGSV,2,2,07,13,31,323,50,15,86,289,53,34,38,147,50,2*42
$GAGSV,2,1,08,03,52,022,46,05,06,047,36,07,13,241,32,08,58,274,47,7*7F
$GAGSV,2,2,08,13,31,323,43,15,86,289,47,18,15,278,33,34,38,147,44,7*7A
$GAGSV,1,1,02,02,03,145,,25,02,097,,0*7C
$GBGSV,2,1,08,08,34,082,42,09,63,117,47,13,47,067,45,20,50,337,50,1*72
$GBGSV,2,2,08,29,44,271,47,32,30,051,45,38,27,094,44,39,51,059,47,1*77
$GBGSV,2,1,05,06,61,085,48,08,34,082,46,09,63,117,49,13,47,067,48,B*0E
$GBGSV,2,2,05,16,56,072,48,B*3D
$GBGSV,4,1,14,01,03,095,,02,58,140,,03,35,113,,05,62,201,,0*77
$GBGSV,4,2,14,10,04,161,,19,22,286,,23,16,059,,27,01,161,,0*7B
$GBGSV,4,3,14,30,36,196,,35,06,319,,37,35,110,,59,08,095,,0*7C
$GBGSV,4,4,14,60,60,149,,61,35,113,,0*7C
$GQGSV,1,1,02,04,20,074,39,07,19,104,33,1*62
$GQGSV,1,1,02,04,20,074,38,07,19,104,46,6*66
$GNGLL,2454.23250,N,06708.26906,E,151010.00,A,D*75
$GNRMC,151011.00,A,2454.23250,N,06708.26906,E,0.005,,050525,,,R,V*03
$GNVTG,,T,,M,0.005,N,0.010,K,D*3C
$GNGGA,151011.00,2454.23250,N,06708.26906,E,4,12,0.60,21.8,M,-44.2,M,1.0,0293*77
$GNGSA,A,3,10,27,28,32,31,01,02,08,23,,,,1.23,0.60,1.07,1*06
$GNGSA,A,3,87,81,74,88,75,65,66,72,,,,,1.23,0.60,1.07,2*03
$GNGSA,A,3,08,03,15,,,,,,,,,,1.23,0.60,1.07,3*0C
$GNGSA,A,3,08,09,06,13,20,16,29,32,38,39,,,1.23,0.60,1.07,4*0F
$GNGSA,A,3,04,07,,,,,,,,,,,1.23,0.60,1.07,5*06
$GPGSV,4,1,13,01,15,321,35,02,42,312,45,08,18,258,34,10,45,062,47,1*6B
$GPGSV,4,2,13,23,14,096,38,25,05,091,33,27,19,220,39,28,64,142,47,1*61
$GPGSV,4,3,13,31,42,180,46,32,53,015,48,36,34,246,42,40,59,208,48,1*6B
$GPGSV,4,4,13,41,56,146,46,1*51
$GPGSV,3,1,09,01,15,321,36,08,18,258,38,10,45,062,46,23,14,096,36,6*65
$GPGSV,3,2,09,25,05,091,33,27,19,220,40,28,64,142,49,31,42,180,45,6*66
$GPGSV,3,3,09,32,53,015,46,6*5B
$GPGSV,1,1,03,18,01,147,,26,02,177,,49,17,257,,0*50
$GLGSV,3,1,10,65,42,342,45,66,25,284,44,72,17,042,44,74,13,052,37,1*74
$GLGSV,3,2,10,75,25,103,46,76,08,159,39,81,16,329,40,87,36,183,46,1*73
$GLGSV,3,3,10,88,59,283,51,,,,41,1*4D
$GLGSV,3,1,09,65,42,342,06,66,25,284,43,72,17,042,45,75,25,103,46,3*78
$GLGSV,3,2,09,76,08,159,42,81,16,329,40,87,36,183,05,88,59,283,48,3*7E
$GLGSV,3,3,09,,,,45,3*72
$GAGSV,2,1,07,03,52,022,51,05,06,047,45,07,13,241,30,08,58,274,51,2*72
$GAGSV,2,2,07,13,31,323,50,15,86,289,53,34,38,147,50,2*42
$GAGSV,2,1,08,03,52,022,46,05,06,047,37,07,13,241,32,08,58,274,47,7*7E
$GAGSV,2,2,08,13,31,323,44,15,86,289,47,18,15,278,33,34,38,147,44,7*7D
$GAGSV,1,1,02,02,03,145,,25,02,097,,0*7C
$GBGSV,2,1,08,08,34,082,42,09,63,117,47,13,47,067,45,20,50,337,50,1*72
$GBGSV,2,2,08,29,44,271,48,32,30,051,45,38,27,094,44,39,51,059,47,1*78
$GBGSV,2,1,05,06,61,085,48,08,34,082,46,09,63,117,49,13,47,067,48,B*0E
$GBGSV,2,2,05,16,56,072,48,B*3D
$GBGSV,4,1,14,01,03,095,,02,58,140,,03,35,113,,05,62,201,,0*77
$GBGSV,4,2,14,10,04,161,,19,22,286,,23,16,059,,27,01,161,,0*7B
$GBGSV,4,3,14,30,36,196,,35,06,319,,37,35,110,,59,08,095,,0*7C
$GBGSV,4,4,14,60,60,149,,61,35,113,,0*7C
$GQGSV,1,1,02,04,20,074,39,07,19,104,33,1*62
$GQGSV,1,1,02,04,20,074,38,07,19,104,45,6*65
$GNGLL,2454.23250,N,06708.26906,E,151011.00,A,D*74
$GNRMC,151012.00,A,2454.23250,N,06708.26906,E,0.002,,050525,,,R,V*07
$GNVTG,,T,,M,0.002,N,0.004,K,D*3E
$GNGGA,151012.00,2454.23250,N,06708.26906,E,4,12,0.60,21.8,M,-44.2,M,1.0,0293*74
$GNGSA,A,3,10,27,28,32,31,01,02,08,23,,,,1.23,0.60,1.07,1*06
$GNGSA,A,3,87,81,74,88,75,65,66,72,,,,,1.23,0.60,1.07,2*03
$GNGSA,A,3,08,03,15,,,,,,,,,,1.23,0.60,1.07,3*0C
$GNGSA,A,3,08,09,06,13,20,16,29,32,38,39,,,1.23,0.60,1.07,4*0F
$GNGSA,A,3,04,07,,,,,,,,,,,1.23,0.60,1.07,5*06
$GPGSV,4,1,13,01,15,321,35,02,42,312,45,08,18,258,34,10,45,062,47,1*6B
$GPGSV,4,2,13,23,14,096,38,25,05,091,33,27,19,220,39,28,64,142,47,1*61
$GPGSV,4,3,13,31,42,180,46,32,53,015,48,36,34,246,42,40,59,208,47,1*64
$GPGSV,4,4,13,41,56,146,46,1*51
$GPGSV,3,1,09,01,15,321,36,08,18,258,39,10,45,062,46,23,14,096,37,6*65
$GPGSV,3,2,09,25,05,091,33,27,19,220,40,28,64,142,49,31,42,180,45,6*66
$GPGSV,3,3,09,32,53,015,46,6*5B
$GPGSV,1,1,03,18,01,147,,26,02,177,,49,17,257,,0*50
$GLGSV,3,1,10,65,42,342,45,66,25,284,44,72,17,042,44,74,13,052,37,1*74
$GLGSV,3,2,10,75,25,103,47,76,08,159,40,81,16,329,40,87,36,183,46,1*7C
$GLGSV,3,3,10,88,59,283,51,,,,41,1*4D
$GLGSV,3,1,09,65,42,342,08,66,25,284,43,72,17,042,45,75,25,103,46,3*76
$GLGSV,3,2,09,76,08,159,43,81,16,329,40,87,36,183,10,88,59,283,48,3*7B
$GLGSV,3,3,09,,,,45,3*72
$GAGSV,2,1,07,03,52,022,51,05,06,047,45,07,13,241,30,08,58,274,51,2*72
$GAGSV,2,2,07,13,31,323,50,15,86,289,53,34,38,147,50,2*42
$GAGSV,2,1,08,03,52,022,46,05,06,047,37,07,13,241,32,08,58,274,47,7*7E
$GAGSV,2,2,08,13,31,323,44,15,86,289,47,18,15,278,33,34,38,147,44,7*7D
$GAGSV,1,1,02,02,03,145,,25,02,097,,0*7C
$GBGSV,2,1,08,08,34,082,42,09,63,117,47,13,47,067,45,20,50,337,50,1*72
$GBGSV,2,2,08,29,44,271,48,32,30,051,45,38,27,094,44,39,51,059,47,1*78
$GBGSV,2,1,05,06,61,085,48,08,34,082,46,09,63,117,49,13,47,067,48,B*0E
$GBGSV,2,2,05,16,56,072,48,B*3D
$GBGSV,4,1,14,01,03,095,,02,58,140,,03,35,113,,05,62,201,,0*77
$GBGSV,4,2,14,10,04,161,,19,22,286,,23,16,059,,27,01,161,,0*7B
$GBGSV,4,3,14,30,36,196,,35,06,319,,37,35,110,,59,08,095,,0*7C
$GBGSV,4,4,14,60,60,149,,61,35,113,,0*7C
$GQGSV,1,1,02,04,20,074,39,07,19,104,33,1*62
$GQGSV,1,1,02,04,20,074,38,07,19,104,46,6*66
$GNGLL,2454.23250,N,06708.26906,E,151012.00,A,D*77
$GNRMC,151013.00,A,2454.23250,N,06708.26906,E,0.008,,050525,,,R,V*0C
$GNVTG,,T,,M,0.008,N,0.015,K,D*34
$GNGGA,151013.00,2454.23250,N,06708.26906,E,4,12,0.60,21.8,M,-44.2,M,1.0,0293*75
$GNGSA,A,3,10,27,28,32,31,01,02,08,23,,,,1.23,0.60,1.07,1*06
$GNGSA,A,3,87,81,74,88,75,65,66,72,,,,,1.23,0.60,1.07,2*03
$GNGSA,A,3,08,03,15,,,,,,,,,,1.23,0.60,1.07,3*0C
$GNGSA,A,3,08,09,06,13,20,16,29,32,38,39,,,1.23,0.60,1.07,4*0F
$GNGSA,A,3,04,07,,,,,,,,,,,1.23,0.60,1.07,5*06
$GPGSV,4,1,13,01,15,321,35,02,42,312,45,08,18,258,34,10,45,062,47,1*6B
$GPGSV,4,2,13,23,14,096,38,25,05,091,34,27,19,220,39,28,64,142,47,1*66
$GPGSV,4,3,13,31,42,180,46,32,53,015,48,36,34,246,42,40,59,208,48,1*6B
$GPGSV,4,4,13,41,56,146,46,1*51
$GPGSV,3,1,09,01,15,321,36,08,18,258,39,10,45,062,46,23,14,096,37,6*65
$GPGSV,3,2,09,25,05,091,33,27,19,220,40,28,64,142,49,31,42,180,45,6*66
$GPGSV,3,3,09,32,53,015,46,6*5B
$GPGSV,1,1,03,18,01,147,,26,02,177,,49,17,257,,0*50
$GLGSV,3,1,10,65,42,342,45,66,25,284,44,72,17,042,44,74,13,052,37,1*74
$GLGSV,3,2,10,75,25,103,47,76,08,159,40,81,16,329,40,87,36,183,46,1*7C
$GLGSV,3,3,10,88,59,283,52,,,,41,1*4E
$GLGSV,3,1,09,65,42,342,09,66,25,284,43,72,17,042,45,75,25,103,46,3*77
$GLGSV,3,2,09,76,08,159,43,81,16,329,40,87,36,183,10,88,59,283,48,3*7B
$GLGSV,3,3,09,,,,45,3*72
$GAGSV,2,1,07,03,52,022,51,05,06,047,45,07,13,241,31,08,58,274,51,2*73
$GAGSV,2,2,07,13,31,323,50,15,86,289,53,34,38,147,50,2*42
$GAGSV,2,1,08,03,52,022,46,05,06,047,37,07,13,241,32,08,58,274,47,7*7E
$GAGSV,2,2,08,13,31,323,44,15,86,289,47,18,15,278,34,34,38,147,44,7*7A
$GAGSV,1,1,02,02,03,145,,25,02,097,,0*7C
$GBGSV,2,1,08,08,34,082,42,09,63,117,47,13,47,067,45,20,50,337,50,1*72
$GBGSV,2,2,08,29,44,271,48,32,30,051,45,38,27,094,44,39,51,059,47,1*78
$GBGSV,2,1,05,06,61,085,48,08,34,082,46,09,63,117,49,13,47,067,48,B*0E
$GBGSV,2,2,05,16,56,072,48,B*3D
$GBGSV,4,1,14,01,03,095,,02,58,140,,03,35,113,,05,62,201,,0*77
$GBGSV,4,2,14,10,04,161,,19,22,286,,23,16,059,,27,01,161,,0*7B
$GBGSV,4,3,14,30,36,196,,35,06,319,,37,35,110,,59,08,095,,0*7C
$GBGSV,4,4,14,60,60,149,,61,35,113,,0*7C
$GQGSV,1,1,02,04,20,074,39,07,19,104,33,1*62
$GQGSV,1,1,02,04,20,074,38,07,19,104,46,6*66
$GNGLL,2454.23250,N,06708.26906,E,151013.00,A,D*76
$GNRMC,151014.00,A,2454.23250,N,06708.26906,E,0.027,,050525,,,R,V*06
$GNVTG,,T,,M,0.027,N,0.050,K,D*38
$GNGGA,151014.00,2454.23250,N,06708.26906,E,4,12,0.60,21.8,M,-44.2,M,1.0,0293*72
$GNGSA,A,3,10,27,28,32,31,01,02,08,23,,,,1.23,0.60,1.07,1*06
$GNGSA,A,3,87,81,74,88,75,65,66,72,,,,,1.23,0.60,1.07,2*03
$GNGSA,A,3,08,03,15,,,,,,,,,,1.23,0.60,1.07,3*0C
$GNGSA,A,3,08,09,06,13,20,16,29,32,38,39,,,1.23,0.60,1.07,4*0F
$GNGSA,A,3,04,07,,,,,,,,,,,1.23,0.60,1.07,5*06
$GPGSV,4,1,13,01,15,321,35,02,42,312,45,08,18,258,34,10,45,062,47,1*6B
$GPGSV,4,2,13,23,14,096,38,25,05,091,34,27,19,220,39,28,64,142,47,1*66
$GPGSV,4,3,13,31,42,180,46,32,53,015,48,36,34,246,42,40,59,208,48,1*6B
$GPGSV,4,4,13,41,56,146,46,1*51
$GPGSV,3,1,09,01,15,321,36,08,18,258,39,10,45,062,46,23,14,096,37,6*65
$GPGSV,3,2,09,25,05,091,33,27,19,220,40,28,64,142,49,31,42,180,45,6*66
$GPGSV,3,3,09,32,53,015,46,6*5B
$GPGSV,1,1,03,18,01,147,,26,02,177,,49,17,257,,0*50
$GLGSV,3,1,10,65,42,342,45,66,25,284,44,72,17,042,44,74,13,052,38,1*7B
$GLGSV,3,2,10,75,25,103,47,76,08,159,39,81,16,329,40,87,36,183,46,1*72
$GLGSV,3,3,10,88,59,283,52,,,,41,1*4E
$GLGSV,3,1,09,65,42,342,09,66,25,284,43,72,17,042,45,75,25,103,46,3*77
$GLGSV,3,2,09,76,08,159,43,81,16,329,40,87,36,183,09,88,59,283,48,3*73
$GLGSV,3,3,09,,,,45,3*72
$GAGSV,2,1,07,03,52,022,51,05,06,047,45,07,13,241,31,08,58,274,51,2*73
$GAGSV,2,2,07,13,31,323,50,15,86,289,53,34,38,147,50,2*42
$GAGSV,2,1,08,03,52,022,46,05,06,047,37,07,13,241,33,08,58,274,47,7*7F
$GAGSV,2,2,08,13,31,323,44,15,86,289,47,18,15,278,34,34,38,147,44,7*7A
$GAGSV,1,1,02,02,03,145,,25,02,097,,0*7C
$GBGSV,2,1,08,08,34,082,42,09,63,117,47,13,47,067,45,20,50,337,50,1*72
$GBGSV,2,2,08,29,44,271,48,32,30,051,45,38,27,094,44,39,51,059,47,1*78
$GBGSV,2,1,05,06,61,085,48,08,34,082,46,09,63,117,49,13,47,067,48,B*0E
$GBGSV,2,2,05,16,56,072,48,B*3D
$GBGSV,4,1,14,01,03,095,,02,58,140,,03,35,113,,05,62,201,,0*77
$GBGSV,4,2,14,10,04,161,,19,22,286,,23,16,059,,27,01,161,,0*7B
$GBGSV,4,3,14,30,36,196,,35,06,319,,37,35,110,,59,08,095,,0*7C
$GBGSV,4,4,14,60,60,149,,61,35,113,,0*7C
$GQGSV,1,1,02,04,20,074,39,07,19,104,33,1*62
$GQGSV,1,1,02,04,20,074,38,07,19,104,46,6*66
$GNGLL,2454.23250,N,06708.26906,E,151014.00,A,D*71
$GNRMC,151015.00,A,2454.23250,N,06708.26906,E,0.013,,050525,,,R,V*00
$GNVTG,,T,,M,0.013,N,0.024,K,D*3C
$GNGGA,151015.00,2454.23250,N,06708.26906,E,4,12,0.60,21.8,M,-44.2,M,1.0,0293*73
$GNGSA,A,3,10,27,28,32,31,01,02,08,23,,,,1.23,0.60,1.07,1*06
$GNGSA,A,3,87,81,74,88,75,65,66,72,,,,,1.23,0.60,1.07,2*03
$GNGSA,A,3,08,03,15,,,,,,,,,,1.23,0.60,1.07,3*0C
$GNGSA,A,3,08,09,06,13,20,16,29,32,38,39,,,1.23,0.60,1.07,4*0F
$GNGSA,A,3,04,07,,,,,,,,,,,1.23,0.60,1.07,5*06
$GPGSV,4,1,13,01,15,321,36,02,42,312,45,08,18,258,34,10,45,062,47,1*68
$GPGSV,4,2,13,23,14,096,38,25,05,091,34,27,19,220,39,28,64,142,47,1*66
$GPGSV,4,3,13,31,42,180,46,32,53,015,48,36,34,246,42,40,59,208,48,1*6B
$GPGSV,4,4,13,41,56,146,47,1*50
$GPGSV,3,1,09,01,15,321,36,08,18,258,39,10,45,062,46,23,14,096,37,6*65
$GPGSV,3,2,09,25,05,091,33,27,19,220,40,28,64,142,49,31,42,180,45,6*66
$GPGSV,3,3,09,32,53,015,46,6*5B
$GPGSV,1,1,03,18,00,147,,26,02,177,,49,17,257,,0*51
$GLGSV,3,1,10,65,42,342,45,66,25,284,44,72,17,042,44,74,13,052,38,1*7B
$GLGSV,3,2,10,75,25,103,47,76,08,159,39,81,16,329,40,87,36,183,46,1*72
$GLGSV,3,3,10,88,59,283,52,,,,41,1*4E
$GLGSV,3,1,09,65,42,342,07,66,25,284,43,72,17,042,45,75,25,103,46,3*79
$GLGSV,3,2,09,76,08,159,43,81,16,329,40,87,36,183,12,88,59,283,48,3*79
$GLGSV,3,3,09,,,,45,3*72
$GAGSV,2,1,07,03,52,022,51,05,06,047,45,07,13,241,31,08,58,274,51,2*73
$GAGSV,2,2,07,13,31,323,49,15,86,289,53,34,38,147,50,2*4A
$GAGSV,2,1,08,03,52,022,46,05,06,047,37,07,13,241,33,08,58,274,47,7*7F
$GAGSV,2,2,08,13,31,323,44,15,86,289,47,18,15,278,34,34,38,147,44,7*7A
$GAGSV,1,1,02,02,03,145,,25,02,097,,0*7C
$GBGSV,2,1,08,08,34,082,42,09,63,117,47,13,47,067,45,20,50,337,50,1*72
$GBGSV,2,2,08,29,44,271,47,32,30,051,45,38,27,094,44,39,51,059,47,1*77
$GBGSV,2,1,05,06,61,085,47,08,34,082,46,09,63,117,49,13,47,067,48,B*01
$GBGSV,2,2,05,16,56,072,48,B*3D
$GBGSV,4,1,14,01,03,095,,02,58,140,,03,35,113,,05,62,201,,0*77
$GBGSV,4,2,14,10,04,161,,19,22,286,,23,16,059,,27,01,161,,0*7B
$GBGSV,4,3,14,30,36,196,,35,06,319,,37,35,110,,59,08,095,,0*7C
$GBGSV,4,4,14,60,60,149,,61,35,113,,0*7C
$GQGSV,1,1,02,04,20,074,39,07,19,104,33,1*62
$GQGSV,1,1,02,04,20,074,37,07,19,104,46,6*69
$GNGLL,2454.23250,N,06708.26906,E,151015.00,A,D*70
$GNRMC,151016.00,A,2454.23250,N,06708.26906,E,0.006,,050525,,,R,V*07
$GNVTG,,T,,M,0.006,N,0.010,K,D*3F
$GNGGA,151016.00,2454.23250,N,06708.26906,E,4,12,0.60,21.8,M,-44.2,M,1.0,0293*70
$GNGSA,A,3,10,27,28,32,31,01,02,08,23,,,,1.23,0.60,1.07,1*06
$GNGSA,A,3,87,81,74,88,75,65,66,72,,,,,1.23,0.60,1.07,2*03
$GNGSA,A,3,08,03,15,,,,,,,,,,1.23,0.60,1.07,3*0C
$GNGSA,A,3,08,09,06,13,20,16,29,32,38,39,,,1.23,0.60,1.07,4*0F
$GNGSA,A,3,04,07,,,,,,,,,,,1.23,0.60,1.07,5*06
$GPGSV,4,1,13,01,15,321,35,02,42,312,45,08,18,258,34,10,45,062,47,1*6B
$GPGSV,4,2,13,23,14,096,38,25,05,091,34,27,19,220,39,28,64,142,47,1*66
$GPGSV,4,3,13,31,42,180,46,32,53,015,48,36,34,246,42,40,59,208,48,1*6B
$GPGSV,4,4,13,41,56,146,46,1*51
$GPGSV,3,1,09,01,15,321,36,08,18,258,39,10,45,062,46,23,14,096,37,6*65
$GPGSV,3,2,09,25,05,091,33,27,19,220,40,28,64,142,49,31,42,180,45,6*66
$GPGSV,3,3,09,32,53,015,46,6*5B
$GPGSV,1,1,03,18,00,147,,26,02,177,,49,17,257,,0*51
$GLGSV,3,1,10,65,42,342,45,66,25,284,44,72,17,042,44,74,13,052,38,1*7B
$GLGSV,3,2,10,75,25,103,47,76,08,159,39,81,16,329,40,87,36,183,46,1*72
$GLGSV,3,3,10,88,59,283,52,,,,42,1*4D
$GLGSV,3,1,09,65,42,342,07,66,25,284,43,72,17,042,45,75,25,103,46,3*79
$GLGSV,3,2,09,76,08,159,43,81,16,329,40,87,36,183,09,88,59,283,48,3*73
$GLGSV,3,3,09,,,,45,3*72
$GAGSV,2,1,07,03,52,022,51,05,06,047,45,07,13,241,31,08,58,274,51,2*73
$GAGSV,2,2,07,13,31,323,50,15,86,289,53,34,38,147,50,2*42
$GAGSV,2,1,08,03,52,022,46,05,06,047,37,07,13,241,33,08,58,274,47,7*7F
$GAGSV,2,2,08,13,31,323,44,15,86,289,47,18,15,278,34,34,38,147,44,7*7A
$GAGSV,1,1,02,02,03,145,,25,02,097,,0*7C
$GBGSV,2,1,08,08,34,082,42,09,63,117,47,13,47,067,45,20,50,337,50,1*72
$GBGSV,2,2,08,29,44,271,48,32,30,051,45,38,27,094,44,39,51,059,47,1*78
$GBGSV,2,1,05,06,61,085,47,08,34,082,46,09,63,117,49,13,47,067,48,B*01
$GBGSV,2,2,05,16,56,072,48,B*3D
$GBGSV,4,1,14,01,03,095,,02,58,140,,03,35,113,,05,62,201,,0*77
$GBGSV,4,2,14,10,04,161,,19,22,286,,23,16,059,,27,01,161,,0*7B
$GBGSV,4,3,14,30,36,196,,35,06,319,,37,35,110,,59,08,095,,0*7C
$GBGSV,4,4,14,60,60,149,,61,35,113,,0*7C
$GQGSV,1,1,02,04,20,074,39,07,19,104,34,1*65
$GQGSV,1,1,02,04,20,074,37,07,19,104,46,6*69
$GNGLL,2454.23250,N,06708.26906,E,151016.00,A,D*73
$GNRMC,151017.00,A,2454.23250,N,06708.26906,E,0.003,,050525,,,R,V*03
$GNVTG,,T,,M,0.003,N,0.006,K,D*3D
$GNGGA,151017.00,2454.23250,N,06708.26906,E,4,12,0.60,21.8,M,-44.2,M,1.0,0293*71
$GNGSA,A,3,10,27,28,32,31,01,02,08,23,,,,1.23,0.60,1.07,1*06
$GNGSA,A,3,87,81,74,88,75,65,66,72,,,,,1.23,0.60,1.07,2*03
$GNGSA,A,3,08,03,15,,,,,,,,,,1.23,0.60,1.07,3*0C
$GNGSA,A,3,08,09,06,13,20,16,29,32,38,39,,,1.23,0.60,1.07,4*0F
$GNGSA,A,3,04,07,,,,,,,,,,,1.23,0.60,1.07,5*06
$GPGSV,4,1,13,01,15,321,35,02,42,312,45,08,18,258,34,10,45,062,47,1*6B
$GPGSV,4,2,13,23,14,096,39,25,05,091,34,27,19,220,39,28,64,142,47,1*67
$GPGSV,4,3,13,31,42,180,46,32,53,015,48,36,34,246,42,40,59,208,48,1*6B
$GPGSV,4,4,13,41,56,146,47,1*50
$GPGSV,3,1,09,01,15,321,36,08,18,258,39,10,45,062,46,23,14,096,37,6*65
$GPGSV,3,2,09,25,05,091,33,27,19,220,40,28,64,142,49,31,42,180,45,6*66
$GPGSV,3,3,09,32,53,015,46,6*5B
$GPGSV,1,1,03,18,00,147,,26,02,177,,49,17,257,,0*51
$GLGSV,3,1,10,65,42,342,45,66,25,284,44,72,17,042,44,74,13,052,38,1*7B
$GLGSV,3,2,10,75,25,103,47,76,08,159,39,81,16,329,40,87,36,183,46,1*72
$GLGSV,3,3,10,88,59,283,52,,,,42,1*4D
$GLGSV,3,1,09,65,42,342,10,66,25,284,43,72,17,042,45,75,25,103,46,3*7F
$GLGSV,3,2,09,76,08,159,43,81,16,329,40,87,36,183,09,88,59,283,48,3*73
$GLGSV,3,3,09,,,,45,3*72
$GAGSV,2,1,07,03,52,022,51,05,06,047,45,07,13,241,31,08,58,274,51,2*73
$GAGSV,2,2,07,13,31,323,50,15,86,289,53,34,38,147,50,2*42
$GAGSV,2,1,08,03,52,022,46,05,06,047,37,07,13,241,32,08,58,274,47,7*7E
$GAGSV,2,2,08,13,31,323,44,15,86,289,47,18,15,278,34,34,38,147,44,7*7A
$GAGSV,1,1,02,02,03,145,,25,02,097,,0*7C
$GBGSV,2,1,08,08,34,082,42,09,63,117,47,13,47,067,45,20,50,337,50,1*72
$GBGSV,2,2,08,29,44,271,48,32,30,051,45,38,27,094,44,39,51,059,47,1*78
$GBGSV,2,1,05,06,61,085,47,08,34,082,46,09,63,117,49,13,47,067,48,B*01
$GBGSV,2,2,05,16,56,072,48,B*3D
$GBGSV,4,1,14,01,03,095,,02,58,140,,03,35,113,,05,62,201,,0*77
$GBGSV,4,2,14,10,04,161,,19,22,286,,23,16,059,,27,01,161,,0*7B
$GBGSV,4,3,14,30,36,196,,35,06,319,,37,35,110,,59,08,095,,0*7C
$GBGSV,4,4,14,60,60,149,,61,35,113,,0*7C
$GQGSV,1,1,02,04,20,074,39,07,19,104,33,1*62
$GQGSV,1,1,02,04,20,074,37,07,19,104,46,6*69
$GNGLL,2454.23250,N,06708.26906,E,151017.00,A,D*72
$GNRMC,151018.00,A,2454.23250,N,06708.26906,E,0.008,,050525,,,R,V*07
$GNVTG,,T,,M,0.008,N,0.014,K,D*35
$GNGGA,151018.00,2454.23250,N,06708.26906,E,4,12,0.60,21.8,M,-44.2,M,1.0,0293*7E
$GNGSA,A,3,10,27,28,32,31,01,02,08,23,,,,1.23,0.60,1.07,1*06
$GNGSA,A,3,87,81,74,88,75,65,66,72,,,,,1.23,0.60,1.07,2*03
$GNGSA,A,3,08,03,15,,,,,,,,,,1.23,0.60,1.07,3*0C
$GNGSA,A,3,08,09,06,13,20,16,29,32,38,39,,,1.23,0.60,1.07,4*0F
$GNGSA,A,3,04,07,,,,,,,,,,,1.23,0.60,1.07,5*06
$GPGSV,4,1,13,01,15,321,35,02,42,312,45,08,18,258,34,10,45,062,47,1*6B
$GPGSV,4,2,13,23,14,096,39,25,05,091,34,27,19,220,39,28,64,142,47,1*67
$GPGSV,4,3,13,31,42,180,46,32,53,015,48,36,34,246,42,40,59,208,48,1*6B
$GPGSV,4,4,13,41,56,146,47,1*50
$GPGSV,3,1,09,01,15,321,36,08,18,258,39,10,45,062,46,23,14,096,37,6*65
$GPGSV,3,2,09,25,05,091,33,27,19,220,40,28,64,142,49,31,42,180,45,6*66
$GPGSV,3,3,09,32,53,015,46,6*5B
$GPGSV,1,1,03,18,00,147,,26,02,177,,49,17,257,,0*51
$GLGSV,3,1,10,65,42,342,45,66,25,284,44,72,17,042,44,74,13,052,38,1*7B
$GLGSV,3,2,10,75,25,103,47,76,08,159,39,81,16,329,40,87,36,183,46,1*72
$GLGSV,3,3,10,88,59,283,52,,,,42,1*4D
$GLGSV,3,1,09,65,42,342,09,66,25,284,43,72,17,042,45,75,25,103,46,3*77
$GLGSV,3,2,09,76,08,159,43,81,16,329,40,87,36,183,09,88,59,283,48,3*73
$GLGSV,3,3,09,,,,45,3*72
$GAGSV,2,1,07,03,52,022,51,05,06,047,45,07,13,241,30,08,58,274,51,2*72
$GAGSV,2,2,07,13,31,323,50,15,86,289,53,34,38,147,50,2*42
$GAGSV,2,1,08,03,52,022,46,05,06,047,37,07,13,241,33,08,58,274,47,7*7F
$GAGSV,2,2,08,13,31,323,44,15,86,289,47,18,15,278,34,34,38,147,44,7*7A
$GAGSV,1,1,02,02,03,145,,25,02,097,,0*7C
$GBGSV,2,1,08,08,34,082,42,09,63,117,47,13,47,067,45,20,50,337,50,1*72
$GBGSV,2,2,08,29,44,271,48,32,30,051,45,38,27,094,44,39,51,059,47,1*78
$GBGSV,2,1,05,06,61,085,47,08,34,082,46,09,63,117,49,13,47,067,48,B*01
$GBGSV,2,2,05,16,56,072,48,B*3D
$GBGSV,4,1,14,01,03,095,,02,58,140,,03,35,113,,05,62,201,,0*77
$GBGSV,4,2,14,10,04,161,,19,22,286,,23,16,059,,27,01,161,,0*7B
$GBGSV,4,3,14,30,36,196,,35,06,319,,37,35,110,,59,08,095,,0*7C
$GBGSV,4,4,14,60,60,149,,61,35,113,,0*7C
$GQGSV,1,1,02,04,20,074,39,07,19,104,33,1*62
$GQGSV,1,1,02,04,20,074,38,07,19,104,46,6*66
$GNGLL,2454.23250,N,06708.26906,E,151018.00,A,D*7D
$GNRMC,151019.00,A,2454.23250,N,06708.26906,E,0.003,,050525,,,R,V*0D
$GNVTG,,T,,M,0.003,N,0.006,K,D*3D
$GNGGA,151019.00,2454.23250,N,06708.26906,E,4,12,0.60,21.8,M,-44.2,M,1.0,0293*7F
$GNGSA,A,3,10,27,28,32,31,01,02,08,23,,,,1.23,0.60,1.07,1*06
$GNGSA,A,3,87,81,74,88,75,65,66,72,,,,,1.23,0.60,1.07,2*03
$GNGSA,A,3,08,03,15,,,,,,,,,,1.23,0.60,1.07,3*0C
$GNGSA,A,3,08,09,06,13,20,16,29,32,38,39,,,1.23,0.60,1.07,4*0F
$GNGSA,A,3,04,07,,,,,,,,,,,1.23,0.60,1.07,5*06
$GPGSV,4,1,13,01,15,321,36,02,42,312,45,08,18,258,34,10,45,062,47,1*68
$GPGSV,4,2,13,23,13,097,39,25,05,091,34,27,19,220,40,28,64,142,47,1*6F
$GPGSV,4,3,13,31,42,180,46,32,53,015,48,36,34,246,42,40,59,208,48,1*6B
$GPGSV,4,4,13,41,56,146,47,1*50
$GPGSV,3,1,09,01,15,321,36,08,18,258,39,10,45,062,46,23,13,097,37,6*63
$GPGSV,3,2,09,25,05,091,33,27,19,220,40,28,64,142,49,31,42,180,45,6*66
$GPGSV,3,3,09,32,53,015,46,6*5B
$GPGSV,1,1,03,18,00,147,,26,02,177,,49,17,257,,0*51
$GLGSV,3,1,10,65,42,342,45,66,25,284,44,72,17,042,44,74,13,052,38,1*7B
$GLGSV,3,2,10,75,25,103,47,76,08,159,39,81,16,329,40,87,36,183,46,1*72
$GLGSV,3,3,10,88,59,283,52,,,,42,1*4D
$GLGSV,3,1,09,65,42,342,10,66,25,284,43,72,17,042,45,75,25,103,46,3*7F
$GLGSV,3,2,09,76,08,159,43,81,16,329,40,87,36,183,07,88,59,283,48,3*7D
$GLGSV,3,3,09,,,,45,3*72
$GAGSV,2,1,07,03,52,022,51,05,06,047,45,07,13,241,31,08,58,274,51,2*73
$GAGSV,2,2,07,13,31,323,50,15,86,289,53,34,38,147,50,2*42
$GAGSV,2,1,08,03,52,022,46,05,06,047,37,07,13,241,33,08,58,274,47,7*7F
$GAGSV,2,2,08,13,31,323,44,15,86,289,47,18,15,278,34,34,38,147,44,7*7A
$GAGSV,1,1,02,02,03,145,,25,02,097,,0*7C
$GBGSV,2,1,08,08,34,082,42,09,63,117,47,13,47,067,45,20,50,337,50,1*72
$GBGSV,2,2,08,29,44,271,48,32,30,051,45,38,27,094,44,39,51,059,47,1*78
$GBGSV,2,1,05,06,61,085,47,08,34,082,46,09,63,117,49,13,47,067,48,B*01
$GBGSV,2,2,05,16,56,072,48,B*3D
$GBGSV,4,1,14,01,03,095,,02,58,140,,03,35,113,,05,62,201,,0*77
$GBGSV,4,2,14,10,04,161,,19,22,286,,23,16,059,,27,01,161,,0*7B
$GBGSV,4,3,14,30,36,196,,35,06,319,,37,35,110,,59,08,095,,0*7C
$GBGSV,4,4,14,60,60,149,,61,35,113,,0*7C
$GQGSV,1,1,02,04,20,074,38,07,19,104,33,1*63
$GQGSV,1,1,02,04,20,074,38,07,19,104,46,6*66
$GNGLL,2454.23250,N,06708.26906,E,151019.00,A,D*7C
$GNRMC,151020.00,A,2454.23250,N,06708.26906,E,0.010,,050525,,,R,V*05
$GNVTG,,T,,M,0.010,N,0.018,K,D*30
$GNGGA,151020.00,2454.23250,N,06708.26906,E,4,12,0.60,21.8,M,-44.2,M,1.0,0293*75
$GNGSA,A,3,10,27,28,32,31,01,02,08,23,,,,1.23,0.60,1.07,1*06
$GNGSA,A,3,87,81,74,88,75,65,66,72,,,,,1.23,0.60,1.07,2*03
$GNGSA,A,3,08,03,15,,,,,,,,,,1.23,0.60,1.07,3*0C
$GNGSA,A,3,08,09,06,13,20,16,29,32,38,39,,,1.23,0.60,1.07,4*0F
$GNGSA,A,3,04,07,,,,,,,,,,,1.23,0.60,1.07,5*06
$GPGSV,4,1,13,01,15,321,35,02,42,312,45,08,18,258,34,10,45,062,47,1*6B
$GPGSV,4,2,13,23,13,097,39,25,05,091,34,27,19,220,40,28,64,142,47,1*6F
$GPGSV,4,3,13,31,42,180,46,32,53,015,47,36,34,246,42,40,59,208,48,1*64
$GPGSV,4,4,13,41,56,146,47,1*50
$GPGSV,3,1,09,01,15,321,36,08,18,258,39,10,45,062,46,23,13,097,37,6*63
$GPGSV,3,2,09,25,05,091,33,27,19,220,40,28,64,142,49,31,42,180,45,6*66
$GPGSV,3,3,09,32,53,015,46,6*5B
$GPGSV,1,1,03,18,00,147,,26,02,177,,49,17,257,,0*51
$GLGSV,3,1,10,65,42,342,45,66,25,284,44,72,17,042,44,74,13,052,39,1*7A
$GLGSV,3,2,10,75,25,103,47,76,08,159,40,81,16,329,40,87,36,183,46,1*7C
$GLGSV,3,3,10,88,59,283,52,,,,42,1*4D
$GLGSV,3,1,09,65,42,342,08,66,25,284,43,72,17,042,45,75,25,103,46,3*76
$GLGSV,3,2,09,76,08,159,43,81,16,329,40,87,36,183,11,88,59,283,48,3*7A
$GLGSV,3,3,09,,,,45,3*72
$GAGSV,2,1,07,03,52,022,51,05,06,047,45,07,13,241,31,08,58,274,51,2*73
$GAGSV,2,2,07,13,31,323,50,15,86,289,53,34,38,147,50,2*42
$GAGSV,2,1,08,03,52,022,46,05,06,047,37,07,13,241,32,08,58,274,47,7*7E
$GAGSV,2,2,08,13,31,323,44,15,86,289,47,18,15,278,34,34,38,147,44,7*7A
$GAGSV,1,1,02,02,03,145,,25,02,097,,0*7C
$GBGSV,2,1,08,08,34,082,42,09,63,117,47,13,47,067,45,20,50,337,50,1*72
$GBGSV,2,2,08,29,44,271,48,32,30,051,45,38,27,094,44,39,51,059,47,1*78
$GBGSV,2,1,05,06,61,085,47,08,34,082,46,09,63,117,49,13,47,067,48,B*01
$GBGSV,2,2,05,16,56,072,48,B*3D
$GBGSV,4,1,14,01,03,095,,02,58,140,,03,35,113,,05,62,201,,0*77
$GBGSV,4,2,14,10,04,161,,19,22,286,,23,16,059,,27,01,161,,0*7B
$GBGSV,4,3,14,30,36,196,,35,06,319,,37,35,110,,59,08,095,,0*7C
$GBGSV,4,4,14,60,60,149,,61,35,113,,0*7C
$GQGSV,1,1,02,04,20,074,38,07,19,104,33,1*63
$GQGSV,1,1,02,04,20,074,38,07,19,104,46,6*66
$GNGLL,2454.23250,N,06708.26906,E,151020.00,A,D*76
$GNRMC,151021.00,A,2454.23250,N,06708.26906,E,0.001,,050525,,,R,V*04
$GNVTG,,T,,M,0.001,N,0.002,K,D*3B
$GNGGA,151021.00,2454.23250,N,06708.26906,E,4,12,0.63,21.8,M,-44.2,M,1.0,0293*77
$GNGSA,A,3,10,27,28,32,31,01,02,08,23,,,,1.31,0.63,1.14,1*04
$GNGSA,A,3,87,81,74,88,75,65,66,72,,,,,1.31,0.63,1.14,2*01
$GNGSA,A,3,08,03,15,,,,,,,,,,1.31,0.63,1.14,3*0E
$GNGSA,A,3,08,09,06,13,20,16,29,32,38,39,,,1.31,0.63,1.14,4*0D
$GNGSA,A,3,04,07,,,,,,,,,,,1.31,0.63,1.14,5*04
$GPGSV,4,1,13,01,15,321,35,02,42,312,45,08,18,258,34,10,45,062,47,1*6B
$GPGSV,4,2,13,23,13,097,39,25,05,090,34,27,19,220,40,28,64,142,47,1*6E
$GPGSV,4,3,13,31,42,180,46,32,53,015,47,36,34,246,42,40,59,208,48,1*64
$GPGSV,4,4,13,41,56,146,47,1*50
$GPGSV,3,1,09,01,15,321,36,08,18,258,39,10,45,062,46,23,13,097,37,6*63
$GPGSV,3,2,09,25,05,090,33,27,19,220,40,28,64,142,49,31,42,180,45,6*67
$GPGSV,3,3,09,32,53,015,46,6*5B
$GPGSV,1,1,03,18,00,147,,26,02,177,,49,17,257,,0*51
$GLGSV,3,1,10,65,42,342,45,66,25,284,44,72,17,042,44,74,13,052,39,1*7A
$GLGSV,3,2,10,75,25,103,47,76,08,159,40,81,16,329,40,87,36,183,46,1*7C
$GLGSV,3,3,10,88,59,283,52,,,,42,1*4D
$GLGSV,3,1,09,65,42,342,10,66,25,284,43,72,17,042,45,75,25,103,46,3*7F
$GLGSV,3,2,09,76,08,159,43,81,16,329,40,87,36,183,09,88,59,283,48,3*73
$GLGSV,3,3,09,,,,45,3*72
$GAGSV,2,1,07,03,52,022,51,05,06,047,45,07,13,241,31,08,58,274,51,2*73
$GAGSV,2,2,07,13,31,323,50,15,86,289,53,34,38,147,50,2*42
$GAGSV,2,1,08,03,52,022,46,05,06,047,37,07,13,241,32,08,58,274,47,7*7E
$GAGSV,2,2,08,13,31,323,44,15,86,289,47,18,15,278,34,34,38,147,44,7*7A
$GAGSV,1,1,02,02,03,145,,25,02,097,,0*7C
$GBGSV,2,1,08,08,34,082,42,09,63,117,47,13,47,067,45,20,50,337,50,1*72
$GBGSV,2,2,08,29,44,271,48,32,30,051,45,38,27,094,44,39,51,059,47,1*78
$GBGSV,2,1,05,06,61,085,47,08,34,082,46,09,63,117,49,13,47,067,48,B*01
$GBGSV,2,2,05,16,56,072,48,B*3D
$GBGSV,4,1,14,01,03,095,,02,58,140,,03,35,113,,05,62,201,,0*77
$GBGSV,4,2,14,10,04,161,,19,22,286,,23,16,059,,27,01,161,,0*7B
$GBGSV,4,3,14,30,36,196,,35,06,319,,37,35,110,,59,08,095,,0*7C
$GBGSV,4,4,14,60,60,149,,61,35,113,,0*7C
$GQGSV,1,1,02,04,20,074,38,07,19,104,33,1*63
$GQGSV,1,1,02,04,20,074,38,07,19,104,46,6*66
$GNGLL,2454.23250,N,06708.26906,E,151021.00,A,D*77
$GNRMC,151022.00,A,2454.23250,N,06708.26906,E,0.001,,050525,,,R,V*07
$GNVTG,,T,,M,0.001,N,0.002,K,D*3B
$GNGGA,151022.00,2454.23250,N,06708.26906,E,4,12,0.63,21.8,M,-44.2,M,2.0,0293*77
$GNGSA,A,3,10,27,28,32,31,01,02,08,23,,,,1.31,0.63,1.14,1*04
$GNGSA,A,3,87,81,74,88,75,65,66,72,,,,,1.31,0.63,1.14,2*01
$GNGSA,A,3,08,03,15,,,,,,,,,,1.31,0.63,1.14,3*0E
$GNGSA,A,3,08,09,06,13,20,16,29,32,38,39,,,1.31,0.63,1.14,4*0D
$GNGSA,A,3,04,07,,,,,,,,,,,1.31,0.63,1.14,5*04
$GPGSV,4,1,13,01,15,321,35,02,42,312,45,08,18,258,34,10,45,062,47,1*6B
$GPGSV,4,2,13,23,13,097,38,25,05,090,34,27,19,220,40,28,64,142,47,1*6F
$GPGSV,4,3,13,31,42,180,46,32,53,015,47,36,34,246,42,40,59,208,48,1*64
$GPGSV,4,4,13,41,56,146,47,1*50
$GPGSV,3,1,09,01,15,321,37,08,18,258,39,10,45,062,46,23,13,097,37,6*62
$GPGSV,3,2,09,25,05,090,33,27,19,220,40,28,64,142,49,31,42,180,45,6*67
$GPGSV,3,3,09,32,53,015,46,6*5B
$GPGSV,1,1,03,18,00,147,,26,03,176,,49,17,257,,0*51
$GLGSV,3,1,10,65,42,342,45,66,25,284,44,72,17,042,44,74,13,052,39,1*7A
$GLGSV,3,2,10,75,25,103,47,76,08,159,40,81,16,329,40,87,36,183,46,1*7C
$GLGSV,3,3,10,88,59,283,52,,,,42,1*4D
$GLGSV,3,1,09,65,42,342,10,66,25,284,43,72,17,042,45,75,25,103,46,3*7F
$GLGSV,3,2,09,76,08,159,43,81,16,329,40,87,36,183,09,88,59,283,48,3*73
$GLGSV,3,3,09,,,,45,3*72
$GAGSV,2,1,07,03,52,022,51,05,06,047,45,07,13,241,31,08,58,274,51,2*73
$GAGSV,2,2,07,13,31,323,50,15,86,289,53,34,38,147,50,2*42
$GAGSV,2,1,08,03,52,022,46,05,06,047,37,07,13,241,32,08,58,274,47,7*7E
$GAGSV,2,2,08,13,31,323,44,15,86,289,47,18,15,278,34,34,38,147,44,7*7A
$GAGSV,1,1,02,02,03,145,,25,02,097,,0*7C
$GBGSV,2,1,08,08,34,082,42,09,63,117,47,13,47,067,45,20,50,337,50,1*72
$GBGSV,2,2,08,29,44,271,48,32,30,051,45,38,27,094,44,39,51,059,47,1*78
$GBGSV,2,1,06,06,61,085,47,08,34,082,46,09,63,117,49,13,47,067,48,B*02
$GBGSV,2,2,06,16,56,072,48,20,50,337,12,B*0D
$GBGSV,4,1,14,01,03,095,,02,58,140,,03,35,113,,05,62,201,,0*77
$GBGSV,4,2,14,10,04,161,,19,22,286,,23,16,059,,27,01,161,,0*7B
$GBGSV,4,3,14,30,36,196,,35,06,319,,37,35,110,,59,08,095,,0*7C
$GBGSV,4,4,14,60,60,149,,61,35,113,,0*7C
$GQGSV,1,1,02,04,20,074,38,07,19,104,33,1*63
$GQGSV,1,1,02,04,20,074,38,07,19,104,46,6*66
$GNGLL,2454.23250,N,06708.26906,E,151022.00,A,D*74
$GNRMC,151023.00,A,2454.23250,N,06708.26906,E,0.001,,050525,,,R,V*06
$GNVTG,,T,,M,0.001,N,0.001,K,D*38
$GNGGA,151023.00,2454.23250,N,06708.26906,E,4,12,0.63,21.8,M,-44.2,M,1.0,0293*75
$GNGSA,A,3,10,27,28,32,31,01,02,08,23,,,,1.31,0.63,1.14,1*04
$GNGSA,A,3,87,81,74,88,75,65,66,72,,,,,1.31,0.63,1.14,2*01
$GNGSA,A,3,08,03,15,,,,,,,,,,1.31,0.63,1.14,3*0E
$GNGSA,A,3,08,09,06,13,20,16,29,32,38,39,,,1.31,0.63,1.14,4*0D
$GNGSA,A,3,04,07,,,,,,,,,,,1.31,0.63,1.14,5*04
$GPGSV,4,1,13,01,15,321,35,02,42,312,45,08,18,258,34,10,45,062,47,1*6B
$GPGSV,4,2,13,23,13,097,39,25,05,090,34,27,18,219,40,28,64,142,47,1*65
$GPGSV,4,3,13,31,42,180,46,32,53,015,47,36,34,246,42,40,59,208,47,1*6B
$GPGSV,4,4,13,41,56,146,46,1*51
$GPGSV,3,1,09,01,15,321,36,08,18,258,39,10,45,062,46,23,13,097,37,6*63
$GPGSV,3,2,09,25,05,090,33,27,18,219,40,28,64,142,49,31,42,180,45,6*6C
$GPGSV,3,3,09,32,53,015,46,6*5B
$GPGSV,1,1,03,18,00,147,,26,03,176,,49,17,257,,0*51
$GLGSV,3,1,10,65,42,342,45,66,25,284,45,72,17,042,44,74,13,052,39,1*7B
$GLGSV,3,2,10,75,25,103,47,76,08,159,40,81,16,329,40,87,36,183,46,1*7C
$GLGSV,3,3,10,88,59,283,52,,,,42,1*4D
$GLGSV,3,1,09,65,42,342,06,66,25,284,43,72,17,042,45,75,25,103,46,3*78
$GLGSV,3,2,09,76,08,159,43,81,16,329,40,87,36,183,08,88,59,283,48,3*72
$GLGSV,3,3,09,,,,44,3*73
$GAGSV,2,1,07,03,52,022,51,05,06,047,44,07,13,241,31,08,58,274,51,2*72
$GAGSV,2,2,07,13,31,323,50,15,86,289,53,34,38,147,50,2*42
$GAGSV,2,1,08,03,52,022,46,05,06,047,37,07,13,241,32,08,58,274,47,7*7E
$GAGSV,2,2,08,13,31,323,44,15,86,289,47,18,15,278,34,34,38,147,44,7*7A
$GAGSV,1,1,02,02,03,145,,25,02,097,,0*7C
$GBGSV,2,1,08,08,34,082,42,09,63,117,47,13,47,067,45,20,50,337,50,1*72
$GBGSV,2,2,08,29,44,271,48,32,30,051,45,38,27,094,44,39,51,059,47,1*78
$GBGSV,2,1,06,06,61,085,48,08,34,082,46,09,63,117,49,13,47,067,48,B*0D
$GBGSV,2,2,06,16,56,072,48,20,50,337,09,B*07
$GBGSV,4,1,14,01,03,095,,02,58,140,,03,35,113,,05,62,201,,0*77
$GBGSV,4,2,14,10,04,161,,19,22,286,,23,16,059,,27,01,161,,0*7B
$GBGSV,4,3,14,30,36,196,,35,06,319,,37,35,110,,59,08,095,,0*7C
$GBGSV,4,4,14,60,60,149,,61,35,113,,0*7C
$GQGSV,1,1,02,04,20,074,38,07,19,104,33,1*63
$GQGSV,1,1,02,04,20,074,38,07,19,104,46,6*66
$GNGLL,2454.23250,N,06708.26906,E,151023.00,A,D*75
$GNRMC,151024.00,A,2454.23250,N,06708.26906,E,0.007,,050525,,,R,V*07
$GNVTG,,T,,M,0.007,N,0.013,K,D*3D
$GNGGA,151024.00,2454.23250,N,06708.26906,E,4,12,0.63,21.8,M,-44.2,M,1.0,0293*72
$GNGSA,A,3,10,27,28,32,31,01,02,08,23,,,,1.31,0.63,1.14,1*04
$GNGSA,A,3,87,81,74,88,75,65,66,72,,,,,1.31,0.63,1.14,2*01
$GNGSA,A,3,08,03,15,,,,,,,,,,1.31,0.63,1.14,3*0E
$GNGSA,A,3,08,09,06,13,20,16,29,32,38,39,,,1.31,0.63,1.14,4*0D
$GNGSA,A,3,04,07,,,,,,,,,,,1.31,0.63,1.14,5*04
$GPGSV,4,1,13,01,15,321,35,02,42,312,45,08,18,258,35,10,45,062,47,1*6A
$GPGSV,4,2,13,23,13,097,39,25,05,090,34,27,18,219,40,28,64,140,47,1*67
$GPGSV,4,3,13,31,42,180,46,32,53,015,47,36,34,246,42,40,59,208,48,1*64
$GPGSV,4,4,13,41,56,146,47,1*50
$GPGSV,3,1,09,01,15,321,36,08,18,258,39,10,45,062,46,23,13,097,37,6*63
$GPGSV,3,2,09,25,05,090,33,27,18,219,40,28,64,140,49,31,42,180,45,6*6E
$GPGSV,3,3,09,32,53,015,47,6*5A
$GPGSV,1,1,03,18,00,147,,26,03,176,,49,17,257,,0*51
$GLGSV,3,1,10,65,42,342,45,66,25,284,44,72,17,042,44,74,13,052,39,1*7A
$GLGSV,3,2,10,75,25,103,47,76,08,159,40,81,16,329,40,87,36,183,46,1*7C
$GLGSV,3,3,10,88,59,283,52,,,,43,1*4C
$GLGSV,3,1,09,65,42,342,06,66,25,284,43,72,17,042,45,75,25,103,45,3*7B
$GLGSV,3,2,09,76,08,159,43,81,16,329,40,87,36,183,07,88,59,283,48,3*7D
$GLGSV,3,3,09,,,,44,3*73
$GAGSV,2,1,07,03,52,022,51,05,06,047,44,07,13,241,31,08,58,274,51,2*72
$GAGSV,2,2,07,13,31,323,50,15,86,289,53,34,38,147,50,2*42
$GAGSV,2,1,08,03,52,022,46,05,06,047,37,07,13,241,32,08,58,274,47,7*7E
$GAGSV,2,2,08,13,31,323,44,15,86,289,47,18,15,278,33,34,38,147,44,7*7D
$GAGSV,1,1,02,02,03,145,,25,02,097,,0*7C
$GBGSV,2,1,08,08,34,082,42,09,63,117,47,13,47,067,45,20,50,337,50,1*72
$GBGSV,2,2,08,29,44,271,48,32,30,051,45,38,27,094,44,39,51,059,47,1*78
$GBGSV,2,1,06,06,61,085,48,08,34,082,46,09,63,117,49,13,47,067,48,B*0D
$GBGSV,2,2,06,16,56,072,48,20,50,337,08,B*06
$GBGSV,4,1,14,01,03,095,,02,58,140,,03,35,113,,05,62,201,,0*77
$GBGSV,4,2,14,10,04,161,,19,22,286,,23,16,059,,27,01,161,,0*7B
$GBGSV,4,3,14,30,36,196,,35,06,319,,37,35,110,,59,08,095,,0*7C
$GBGSV,4,4,14,60,60,149,,61,35,113,,0*7C
$GQGSV,1,1,02,04,20,074,38,07,19,104,33,1*63
$GQGSV,1,1,02,04,20,074,38,07,19,104,46,6*66
$GNGLL,2454.23250,N,06708.26906,E,151024.00,A,D*72
$GNRMC,151025.00,A,2454.23250,N,06708.26906,E,0.011,,050525,,,R,V*01
$GNVTG,,T,,M,0.011,N,0.020,K,D*3A
$GNGGA,151025.00,2454.23250,N,06708.26906,E,4,12,0.63,21.8,M,-44.2,M,1.0,0293*73
$GNGSA,A,3,10,27,28,32,31,01,02,08,23,,,,1.31,0.63,1.14,1*04
$GNGSA,A,3,87,81,74,88,75,65,66,72,,,,,1.31,0.63,1.14,2*01
$GNGSA,A,3,08,03,15,,,,,,,,,,1.31,0.63,1.14,3*0E
$GNGSA,A,3,08,09,06,13,20,16,29,32,38,39,,,1.31,0.63,1.14,4*0D
$GNGSA,A,3,04,07,,,,,,,,,,,1.31,0.63,1.14,5*04
$GPGSV,4,1,13,01,15,321,35,02,42,312,45,08,18,258,35,10,45,062,47,1*6A
$GPGSV,4,2,13,23,13,097,39,25,05,090,34,27,18,219,40,28,64,140,47,1*67
$GPGSV,4,3,13,31,42,180,46,32,53,015,47,36,34,246,42,40,59,208,48,1*64
$GPGSV,4,4,13,41,56,146,47,1*50
$GPGSV,3,1,09,01,15,321,37,08,18,258,39,10,45,062,46,23,13,097,37,6*62
$GPGSV,3,2,09,25,05,090,33,27,18,219,41,28,64,140,49,31,42,180,46,6*6C
$GPGSV,3,3,09,32,53,015,47,6*5A
$GPGSV,1,1,03,18,00,147,,26,03,176,,49,17,257,,0*51
$GLGSV,3,1,10,65,42,342,45,66,25,284,44,72,17,042,44,74,13,052,39,1*7A
$GLGSV,3,2,10,75,25,103,47,76,08,159,40,81,16,329,40,87,36,183,46,1*7C
$GLGSV,3,3,10,88,59,283,52,,,,42,1*4D
$GLGSV,3,1,09,65,42,342,09,66,25,284,43,72,17,042,45,75,25,103,46,3*77
$GLGSV,3,2,09,76,08,159,43,81,16,329,40,87,36,183,08,88,59,283,48,3*72
$GLGSV,3,3,09,,,,44,3*73
$GAGSV,2,1,07,03,52,022,51,05,06,047,44,07,13,241,31,08,58,274,51,2*72
$GAGSV,2,2,07,13,31,323,49,15,86,278,52,34,38,147,50,2*45
$GAGSV,2,1,08,03,52,022,46,05,06,047,38,07,13,241,32,08,58,274,47,7*71
$GAGSV,2,2,08,13,31,323,44,15,86,278,47,18,15,278,33,34,38,147,44,7*73
$GAGSV,1,1,02,02,03,145,,25,02,097,,0*7C
$GBGSV,2,1,08,08,34,082,42,09,63,117,47,13,47,067,45,20,50,337,50,1*72
$GBGSV,2,2,08,29,44,271,48,32,30,051,45,38,27,094,44,39,51,059,47,1*78
$GBGSV,2,1,06,06,61,085,47,08,34,082,45,09,63,117,49,13,47,067,48,B*01
$GBGSV,2,2,06,16,56,072,48,20,50,337,08,B*06
$GBGSV,4,1,14,01,03,095,,02,58,140,,03,35,113,,05,62,201,,0*77
$GBGSV,4,2,14,10,04,161,,19,22,286,,23,16,059,,27,01,161,,0*7B
$GBGSV,4,3,14,30,36,196,,35,06,319,,37,35,110,,59,08,095,,0*7C
$GBGSV,4,4,14,60,60,149,,61,35,113,,0*7C
$GQGSV,1,1,02,04,20,074,39,07,19,104,33,1*62
$GQGSV,1,1,02,04,20,074,37,07,19,104,46,6*69
$GNGLL,2454.23250,N,06708.26906,E,151025.00,A,D*73
$GNRMC,151026.00,A,2454.23250,N,06708.26906,E,0.012,,050525,,,R,V*01
$GNVTG,,T,,M,0.012,N,0.022,K,D*3B
$GNGGA,151026.00,2454.23250,N,06708.26906,E,4,12,0.63,21.8,M,-44.2,M,1.0,0293*70
$GNGSA,A,3,10,27,28,32,31,01,02,08,23,,,,1.31,0.63,1.14,1*04
$GNGSA,A,3,87,81,74,88,75,65,66,72,,,,,1.31,0.63,1.14,2*01
$GNGSA,A,3,08,03,15,,,,,,,,,,1.31,0.63,1.14,3*0E
$GNGSA,A,3,08,09,06,13,20,16,29,32,38,39,,,1.31,0.63,1.14,4*0D
$GNGSA,A,3,04,07,,,,,,,,,,,1.31,0.63,1.14,5*04
$GPGSV,4,1,13,01,15,321,36,02,42,312,45,08,18,258,35,10,45,062,47,1*69
$GPGSV,4,2,13,23,13,097,39,25,05,090,34,27,18,219,40,28,64,140,47,1*67
$GPGSV,4,3,13,31,42,180,46,32,53,015,47,36,34,246,42,40,59,208,47,1*6B
$GPGSV,4,4,13,41,56,146,47,1*50
$GPGSV,3,1,09,01,15,321,37,08,18,258,39,10,45,062,46,23,13,097,37,6*62
$GPGSV,3,2,09,25,05,090,33,27,18,219,40,28,64,140,49,31,42,180,46,6*6D
$GPGSV,3,3,09,32,53,015,47,6*5A
$GPGSV,1,1,03,18,00,147,,26,03,176,,49,17,257,,0*51
$GLGSV,3,1,10,65,42,342,45,66,25,284,45,72,17,042,44,74,13,052,39,1*7B
$GLGSV,3,2,10,75,25,103,47,76,08,159,40,81,16,329,41,87,36,183,46,1*7D
$GLGSV,3,3,10,88,59,283,51,,,,43,1*4F
$GLGSV,3,1,09,65,42,342,07,66,25,284,43,72,17,042,45,75,25,103,46,3*79
$GLGSV,3,2,09,76,08,159,43,81,16,329,40,87,36,183,10,88,59,283,48,3*7B
$GLGSV,3,3,09,,,,44,3*73
$GAGSV,2,1,07,03,52,022,51,05,06,047,44,07,13,241,31,08,58,274,51,2*72
$GAGSV,2,2,07,13,31,323,49,15,86,278,53,34,38,147,50,2*44
$GAGSV,2,1,08,03,52,022,46,05,06,047,38,07,13,241,32,08,58,274,47,7*71
$GAGSV,2,2,08,13,31,323,44,15,86,278,47,18,15,278,33,34,38,147,44,7*73
$GAGSV,1,1,02,02,03,145,,25,02,097,,0*7C
$GBGSV,2,1,08,08,34,082,42,09,63,117,47,13,47,067,45,20,50,337,50,1*72
$GBGSV,2,2,08,29,44,271,48,32,30,051,45,38,27,094,44,39,51,059,47,1*78
$GBGSV,2,1,06,06,61,085,47,08,34,082,45,09,63,117,49,13,47,067,48,B*01
$GBGSV,2,2,06,16,56,072,48,20,50,337,08,B*06
$GBGSV,4,1,14,01,03,095,,02,58,140,,03,35,113,,05,62,201,,0*77
$GBGSV,4,2,14,10,04,161,,19,22,286,,23,16,059,,27,01,161,,0*7B
$GBGSV,4,3,14,30,36,196,,35,06,319,,37,35,110,,59,08,095,,0*7C
$GBGSV,4,4,14,60,60,149,,61,35,113,,0*7C
$GQGSV,1,1,02,04,20,074,39,07,19,104,33,1*62
$GQGSV,1,1,02,04,20,074,37,07,19,104,46,6*69
$GNGLL,2454.23250,N,06708.26906,E,151026.00,A,D*70
$GNRMC,151027.00,A,2454.23250,N,06708.26906,E,0.005,,050525,,,R,V*06
$GNVTG,,T,,M,0.005,N,0.009,K,D*34
$GNGGA,151027.00,2454.23250,N,06708.26906,E,4,12,0.63,21.8,M,-44.2,M,1.0,0293*71
$GNGSA,A,3,10,27,28,32,31,01,02,08,23,,,,1.31,0.63,1.14,1*04
$GNGSA,A,3,87,81,74,88,75,65,66,72,,,,,1.31,0.63,1.14,2*01
$GNGSA,A,3,08,03,15,,,,,,,,,,1.31,0.63,1.14,3*0E
$GNGSA,A,3,08,09,06,13,20,16,29,32,38,39,,,1.31,0.63,1.14,4*0D
$GNGSA,A,3,04,07,,,,,,,,,,,1.31,0.63,1.14,5*04
$GPGSV,4,1,13,01,15,321,35,02,42,312,45,08,18,258,35,10,45,062,47,1*6A
$GPGSV,4,2,13,23,13,097,39,25,05,090,34,27,18,219,40,28,64,140,47,1*67
$GPGSV,4,3,13,31,43,179,46,32,53,015,47,36,34,246,42,40,59,208,48,1*63
$GPGSV,4,4,13,41,56,146,47,1*50
$GPGSV,3,1,09,01,15,321,37,08,18,258,39,10,45,062,46,23,13,097,36,6*63
$GPGSV,3,2,09,25,05,090,34,27,18,219,40,28,64,140,49,31,43,179,46,6*6D
$GPGSV,3,3,09,32,53,015,47,6*5A
$GPGSV,1,1,03,18,00,147,,26,03,176,,49,17,257,,0*51
$GLGSV,3,1,10,65,42,342,45,66,25,284,45,72,17,042,44,74,13,052,39,1*7B
$GLGSV,3,2,10,75,25,103,47,76,08,159,40,81,16,329,41,87,36,183,46,1*7D
$GLGSV,3,3,10,88,59,283,52,,,,42,1*4D
$GLGSV,3,1,09,65,42,342,07,66,25,284,43,72,17,042,45,75,25,103,46,3*79
$GLGSV,3,2,09,76,08,159,43,81,16,329,40,87,36,183,10,88,59,283,48,3*7B
$GLGSV,3,3,09,,,,44,3*73
$GAGSV,2,1,07,03,52,022,51,05,06,047,43,07,13,241,31,08,58,274,51,2*75
$GAGSV,2,2,07,13,31,323,49,15,86,278,52,34,38,147,50,2*45
$GAGSV,2,1,08,03,52,022,46,05,06,047,38,07,13,241,32,08,58,274,47,7*71
$GAGSV,2,2,08,13,31,323,44,15,86,278,47,18,15,278,33,34,38,147,44,7*73
$GAGSV,1,1,02,02,03,145,,25,02,097,,0*7C
$GBGSV,2,1,08,08,34,082,42,09,63,117,47,13,47,067,45,20,50,337,50,1*72
$GBGSV,2,2,08,29,44,271,48,32,30,051,45,38,27,094,44,39,51,059,47,1*78
$GBGSV,2,1,06,06,61,085,47,08,34,082,45,09,63,117,48,13,47,067,47,B*0F
$GBGSV,2,2,06,16,56,072,47,20,50,337,07,B*06
$GBGSV,4,1,14,01,03,095,,02,58,140,,03,35,113,,05,62,201,,0*77
$GBGSV,4,2,14,10,04,161,,19,22,286,,23,16,059,,27,01,161,,0*7B
$GBGSV,4,3,14,30,36,196,,35,06,319,,37,35,110,,59,08,095,,0*7C
$GBGSV,4,4,14,60,60,149,,61,35,113,,0*7C
$GQGSV,1,1,02,04,20,074,38,07,19,104,33,1*63
$GQGSV,1,1,02,04,20,074,37,07,19,104,46,6*69
$GNGLL,2454.23250,N,06708.26906,E,151027.00,A,D*71
$GNRMC,151028.00,A,2454.23250,N,06708.26906,E,0.005,,050525,,,R,V*09
$GNVTG,,T,,M,0.005,N,0.010,K,D*3C
$GNGGA,151028.00,2454.23250,N,06708.26906,E,4,12,0.63,21.8,M,-44.2,M,1.0,0293*7E
$GNGSA,A,3,10,27,28,32,31,01,02,08,23,,,,1.31,0.63,1.14,1*04
$GNGSA,A,3,87,81,74,88,75,65,66,72,,,,,1.31,0.63,1.14,2*01
$GNGSA,A,3,08,03,15,,,,,,,,,,1.31,0.63,1.14,3*0E
$GNGSA,A,3,08,09,06,13,20,16,29,32,38,39,,,1.31,0.63,1.14,4*0D
$GNGSA,A,3,04,07,,,,,,,,,,,1.31,0.63,1.14,5*04
$GPGSV,4,1,13,01,15,321,35,02,42,312,45,08,18,258,35,10,45,062,47,1*6A
$GPGSV,4,2,13,23,13,097,38,25,05,090,34,27,18,219,40,28,64,140,47,1*66
$GPGSV,4,3,13,31,43,179,46,32,52,016,47,36,34,246,42,40,59,208,48,1*61
$GPGSV,4,4,13,41,56,146,47,1*50
$GPGSV,3,1,09,01,15,321,37,08,18,258,39,10,45,062,46,23,13,097,36,6*63
$GPGSV,3,2,09,25,05,090,34,27,18,219,40,28,64,140,49,31,43,179,46,6*6D
$GPGSV,3,3,09,32,52,016,47,6*58
$GPGSV,1,1,03,18,00,147,,26,03,176,,49,17,257,,0*51
$GLGSV,3,1,10,65,42,342,45,66,25,284,44,72,17,042,43,74,13,052,39,1*7D
$GLGSV,3,2,10,75,25,103,46,76,08,159,39,81,16,329,41,87,36,183,46,1*72
$GLGSV,3,3,10,88,59,283,52,,,,42,1*4D
$GLGSV,3,1,09,65,42,342,08,66,25,284,43,72,17,042,45,75,25,103,46,3*76
$GLGSV,3,2,09,76,08,159,43,81,16,329,40,87,36,183,08,88,59,283,48,3*72
$GLGSV,3,3,09,,,,44,3*73
$GAGSV,2,1,07,03,52,022,51,05,06,047,43,07,13,241,31,08,58,274,51,2*75
$GAGSV,2,2,07,13,31,323,49,15,86,278,52,34,38,147,50,2*45
$GAGSV,2,1,08,03,52,022,46,05,06,047,38,07,13,241,32,08,58,274,47,7*71
$GAGSV,2,2,08,13,31,323,44,15,86,278,47,18,15,278,33,34,38,147,44,7*73
$GAGSV,1,1,02,02,03,145,,25,02,097,,0*7C
$GBGSV,2,1,08,08,34,082,42,09,63,117,47,13,47,067,45,20,50,337,50,1*72
$GBGSV,2,2,08,29,44,271,48,32,30,051,45,38,27,094,44,39,51,059,47,1*78
$GBGSV,2,1,06,06,61,085,47,08,34,082,45,09,63,117,49,13,47,067,47,B*0E
$GBGSV,2,2,06,16,56,072,47,20,50,337,07,B*06
$GBGSV,4,1,14,01,03,095,,02,58,140,,03,35,113,,05,62,201,,0*77
$GBGSV,4,2,14,10,04,161,,19,22,286,,23,16,059,,27,01,161,,0*7B
$GBGSV,4,3,14,30,36,196,,35,06,319,,37,35,110,,59,08,095,,0*7C
$GBGSV,4,4,14,60,60,149,,61,35,113,,0*7C
$GQGSV,1,1,02,04,20,074,38,07,19,104,33,1*63
$GQGSV,1,1,02,04,20,074,37,07,19,104,46,6*69
$GNGLL,2454.23250,N,06708.26906,E,151028.00,A,D*7E
$GNRMC,151029.00,A,2454.23250,N,06708.26906,E,0.005,,050525,,,R,V*08
$GNVTG,,T,,M,0.005,N,0.009,K,D*34
$GNGGA,151029.00,2454.23250,N,06708.26906,E,4,12,0.63,21.8,M,-44.2,M,1.0,0293*7F
$GNGSA,A,3,10,27,28,32,31,01,02,08,23,,,,1.31,0.63,1.14,1*04
$GNGSA,A,3,87,81,74,88,75,65,66,72,,,,,1.31,0.63,1.14,2*01
$GNGSA,A,3,08,03,15,,,,,,,,,,1.31,0.63,1.14,3*0E
$GNGSA,A,3,08,09,06,13,20,16,29,32,38,39,,,1.31,0.63,1.14,4*0D
$GNGSA,A,3,04,07,,,,,,,,,,,1.31,0.63,1.14,5*04
$GPGSV,4,1,13,01,15,321,35,02,42,312,45,08,18,258,35,10,45,062,47,1*6A
$GPGSV,4,2,13,23,13,097,38,25,05,090,34,27,18,219,40,28,64,140,47,1*66
$GPGSV,4,3,13,31,43,179,46,32,52,016,47,36,34,246,42,40,59,208,48,1*61
$GPGSV,4,4,13,41,56,146,47,1*50
$GPGSV,3,1,09,01,15,321,36,08,18,258,39,10,45,062,46,23,13,097,35,6*61
$GPGSV,3,2,09,25,05,090,33,27,18,219,40,28,64,140,48,31,43,179,45,6*68
$GPGSV,3,3,09,32,52,016,46,6*59
$GPGSV,1,1,03,18,00,147,,26,03,176,,49,17,257,,0*51
$GLGSV,3,1,10,65,42,342,45,66,25,284,44,72,17,042,44,74,13,052,39,1*7A
$GLGSV,3,2,10,75,25,103,46,76,08,159,39,81,16,329,41,87,36,183,46,1*72
$GLGSV,3,3,10,88,59,283,52,,,,43,1*4C
$GLGSV,3,1,10,65,42,342,08,66,25,284,43,72,17,042,45,74,13,052,14,3*78
$GLGSV,3,2,10,75,25,103,46,76,08,159,43,81,16,329,40,87,36,183,11,3*7E
$GLGSV,3,3,10,88,59,283,48,,,,44,3*42
$GAGSV,2,1,07,03,52,022,52,05,06,047,43,07,13,241,31,08,58,274,51,2*76
$GAGSV,2,2,07,13,31,323,49,15,86,278,52,34,38,147,50,2*45
$GAGSV,2,1,08,03,52,022,46,05,06,047,38,07,13,241,31,08,58,274,47,7*72
$GAGSV,2,2,08,13,31,323,44,15,86,278,47,18,15,278,33,34,38,147,44,7*73
$GAGSV,1,1,02,02,03,145,,25,02,097,,0*7C
$GBGSV,2,1,08,08,34,082,42,09,63,117,47,13,47,067,44,20,50,337,50,1*73
$GBGSV,2,2,08,29,44,271,48,32,30,051,45,38,27,094,44,39,51,059,47,1*78
$GBGSV,2,1,06,06,61,085,47,08,34,082,45,09,63,117,49,13,47,067,47,B*0E
$GBGSV,2,2,06,16,56,072,47,20,50,337,08,B*09
$GBGSV,4,1,14,01,03,095,,02,58,140,,03,35,113,,05,62,201,,0*77
$GBGSV,4,2,14,10,04,161,,19,22,286,,23,16,059,,27,01,161,,0*7B
$GBGSV,4,3,14,30,36,196,,35,06,319,,37,35,110,,59,08,095,,0*7C
$GBGSV,4,4,14,60,60,149,,61,35,113,,0*7C
$GQGSV,1,1,02,04,20,074,39,07,19,104,33,1*62
$GQGSV,1,1,02,04,20,074,36,07,19,104,46,6*68
$GNGLL,2454.23250,N,06708.26906,E,151029.00,A,D*7F
$GNRMC,151030.00,A,2454.23250,N,06708.26906,E,0.006,,050525,,,R,V*03
$GNVTG,,T,,M,0.006,N,0.012,K,D*3D
$GNGGA,151030.00,2454.23250,N,06708.26906,E,4,12,0.63,21.8,M,-44.2,M,1.0,0293*77
$GNGSA,A,3,10,27,28,32,31,01,02,08,23,,,,1.31,0.63,1.14,1*04
$GNGSA,A,3,87,81,74,88,75,65,66,72,,,,,1.31,0.63,1.14,2*01
$GNGSA,A,3,08,03,15,,,,,,,,,,1.31,0.63,1.14,3*0E
$GNGSA,A,3,08,09,06,13,20,16,29,32,38,39,,,1.31,0.63,1.14,4*0D
$GNGSA,A,3,04,07,,,,,,,,,,,1.31,0.63,1.14,5*04
$GPGSV,4,1,13,01,15,321,35,02,42,312,45,08,18,258,35,10,45,062,47,1*6A
$GPGSV,4,2,13,23,13,097,38,25,05,090,35,27,18,219,40,28,64,140,47,1*67
$GPGSV,4,3,13,31,43,179,46,32,52,016,47,36,34,246,42,40,59,208,47,1*6E
$GPGSV,4,4,13,41,56,146,47,1*50
$GPGSV,3,1,09,01,15,321,36,08,18,258,39,10,45,062,46,23,13,097,35,6*61
$GPGSV,3,2,09,25,05,090,34,27,18,219,40,28,64,140,48,31,43,179,45,6*6F
$GPGSV,3,3,09,32,52,016,46,6*59
$GPGSV,1,1,03,18,00,147,,26,03,176,,49,17,257,,0*51
$GLGSV,3,1,10,65,42,342,45,66,25,284,44,72,17,042,44,74,13,052,39,1*7A
$GLGSV,3,2,10,75,25,103,46,76,08,159,39,81,16,329,41,87,36,183,46,1*72
$GLGSV,3,3,10,88,59,283,51,,,,43,1*4F
$GLGSV,3,1,10,65,42,342,10,66,25,284,43,72,17,042,45,74,13,052,13,3*76
$GLGSV,3,2,10,75,25,103,46,76,08,159,43,81,16,329,40,87,36,183,07,3*79
$GLGSV,3,3,10,88,59,283,48,,,,44,3*42
$GAGSV,2,1,07,03,52,022,52,05,06,047,43,07,13,241,31,08,58,274,51,2*76
$GAGSV,2,2,07,13,31,323,49,15,86,278,52,34,38,147,50,2*45
$GAGSV,2,1,08,03,52,022,46,05,06,047,38,07,13,241,31,08,58,274,47,7*72
$GAGSV,2,2,08,13,31,323,44,15,86,278,47,18,15,278,33,34,38,147,44,7*73
$GAGSV,1,1,02,02,03,145,,25,02,097,,0*7C
$GBGSV,2,1,08,08,34,082,42,09,63,117,47,13,47,067,44,20,50,337,50,1*73
$GBGSV,2,2,08,29,44,271,48,32,30,051,45,38,27,094,44,39,51,059,47,1*78
$GBGSV,2,1,06,06,61,085,47,08,34,082,45,09,63,117,49,13,47,067,47,B*0E
$GBGSV,2,2,06,16,56,072,47,20,50,337,08,B*09
$GBGSV,4,1,14,01,03,095,,02,58,140,,03,35,113,,05,62,201,,0*77
$GBGSV,4,2,14,10,04,161,,19,22,286,,23,16,059,,27,01,161,,0*7B
$GBGSV,4,3,14,30,36,196,,35,06,319,,37,35,110,,59,08,095,,0*7C
$GBGSV,4,4,14,60,60,149,,61,35,113,,0*7C
$GQGSV,1,1,02,04,20,074,39,07,19,104,33,1*62
$GQGSV,1,1,02,04,20,074,36,07,19,104,46,6*68
$GNGLL,2454.23250,N,06708.26906,E,151030.00,A,D*77
$GNRMC,151031.00,A,2454.23250,N,06708.26906,E,0.006,,050525,,,R,V*02
$GNVTG,,T,,M,0.006,N,0.010,K,D*3F
$GNGGA,151031.00,2454.23250,N,06708.26906,E,4,12,0.63,21.8,M,-44.2,M,1.0,0293*76
$GNGSA,A,3,10,27,28,32,31,01,02,08,23,,,,1.31,0.63,1.14,1*04
$GNGSA,A,3,87,81,74,88,75,65,66,72,,,,,1.31,0.63,1.14,2*01
$GNGSA,A,3,08,03,15,,,,,,,,,,1.31,0.63,1.14,3*0E
$GNGSA,A,3,08,09,06,13,20,16,29,32,38,39,,,1.31,0.63,1.14,4*0D
$GNGSA,A,3,04,07,,,,,,,,,,,1.31,0.63,1.14,5*04
$GPGSV,4,1,13,01,15,321,35,02,42,312,45,08,18,258,35,10,45,062,47,1*6A
$GPGSV,4,2,13,23,13,097,38,25,05,090,35,27,18,219,40,28,64,140,47,1*67
$GPGSV,4,3,13,31,43,179,46,32,52,016,47,36,34,246,42,40,59,208,47,1*6E
$GPGSV,4,4,13,41,56,146,47,1*50
$GPGSV,3,1,09,01,15,321,36,08,18,258,39,10,45,062,46,23,13,097,35,6*61
$GPGSV,3,2,09,25,05,090,33,27,18,219,40,28,64,140,48,31,43,179,45,6*68
$GPGSV,3,3,09,32,52,016,46,6*59
$GPGSV,1,1,03,18,00,147,,26,03,176,,49,17,257,,0*51
$GLGSV,3,1,10,65,42,342,46,66,25,284,44,72,17,042,43,74,13,052,39,1*7E
$GLGSV,3,2,10,75,25,103,46,76,08,159,39,81,16,329,41,87,36,183,46,1*72
$GLGSV,3,3,10,88,59,283,51,,,,42,1*4E
$GLGSV,3,1,10,65,42,342,10,66,25,284,43,72,17,042,45,74,13,052,13,3*76
$GLGSV,3,2,10,75,25,103,46,76,08,159,43,81,16,329,40,87,36,183,07,3*79
$GLGSV,3,3,10,88,59,283,48,,,,44,3*42
$GAGSV,2,1,07,03,52,022,52,05,06,047,43,07,13,241,31,08,58,274,51,2*76
$GAGSV,2,2,07,13,31,323,49,15,86,278,52,34,38,147,50,2*45
$GAGSV,2,1,08,03,52,022,46,05,06,047,38,07,13,241,31,08,58,274,47,7*72
$GAGSV,2,2,08,13,31,323,44,15,86,278,47,18,15,278,33,34,38,147,44,7*73
$GAGSV,1,1,02,02,03,145,,25,02,097,,0*7C
$GBGSV,2,1,08,08,34,082,42,09,63,117,47,13,47,067,45,20,50,337,50,1*72
$GBGSV,2,2,08,29,44,271,48,32,30,051,45,38,27,094,44,39,51,059,47,1*78
$GBGSV,2,1,06,06,61,085,47,08,34,082,45,09,63,117,49,13,47,067,47,B*0E
$GBGSV,2,2,06,16,56,072,47,20,50,337,08,B*09
$GBGSV,4,1,14,01,03,095,,02,58,140,,03,35,113,,05,62,201,,0*77
$GBGSV,4,2,14,10,04,161,,19,22,286,,23,16,059,,27,01,161,,0*7B
$GBGSV,4,3,14,30,36,196,,35,06,319,,37,35,110,,59,08,095,,0*7C
$GBGSV,4,4,14,60,60,149,,61,35,113,,0*7C
$GQGSV,1,1,02,04,20,074,39,07,19,104,33,1*62
$GQGSV,1,1,02,04,20,074,36,07,19,104,46,6*68
$GNGLL,2454.23250,N,06708.26906,E,151031.00,A,D*76
$GNRMC,151032.00,A,2454.23250,N,06708.26906,E,0.006,,050525,,,R,V*01
$GNVTG,,T,,M,0.006,N,0.010,K,D*3F
$GNGGA,151032.00,2454.23250,N,06708.26906,E,4,12,0.63,21.8,M,-44.2,M,1.0,0293*75
$GNGSA,A,3,10,27,28,32,31,01,02,08,23,,,,1.31,0.63,1.14,1*04
$GNGSA,A,3,87,81,74,88,75,65,66,72,,,,,1.31,0.63,1.14,2*01
$GNGSA,A,3,08,03,15,,,,,,,,,,1.31,0.63,1.14,3*0E
$GNGSA,A,3,08,09,06,13,20,16,29,32,38,39,,,1.31,0.63,1.14,4*0D
$GNGSA,A,3,04,07,,,,,,,,,,,1.31,0.63,1.14,5*04
$GPGSV,4,1,13,01,15,321,35,02,42,312,45,08,18,258,35,10,45,062,47,1*6A
$GPGSV,4,2,13,23,13,097,38,25,05,090,35,27,18,219,40,28,64,140,47,1*67
$GPGSV,4,3,13,31,43,179,46,32,52,016,47,36,34,246,42,40,59,208,47,1*6E
$GPGSV,4,4,13,41,56,146,47,1*50
$GPGSV,3,1,09,01,15,321,36,08,18,258,39,10,45,062,46,23,13,097,35,6*61
$GPGSV,3,2,09,25,05,090,34,27,18,219,40,28,64,140,48,31,43,179,45,6*6F
$GPGSV,3,3,09,32,52,016,46,6*59
$GPGSV,1,1,03,18,00,147,,26,03,176,,49,17,257,,0*51
$GLGSV,3,1,10,65,42,342,46,66,25,284,44,72,17,042,43,74,13,052,39,1*7E
$GLGSV,3,2,10,75,25,103,46,76,08,159,39,81,16,329,41,87,36,183,46,1*72
$GLGSV,3,3,10,88,59,283,51,,,,42,1*4E
$GLGSV,3,1,10,65,42,342,10,66,25,284,43,72,17,042,45,74,13,052,12,3*77
$GLGSV,3,2,10,75,25,103,46,76,08,159,43,81,16,329,40,87,36,183,07,3*79
$GLGSV,3,3,10,88,59,283,48,,,,44,3*42
$GAGSV,2,1,07,03,52,022,52,05,06,047,43,07,13,241,31,08,58,274,51,2*76
$GAGSV,2,2,07,13,31,323,49,15,86,278,52,34,38,147,50,2*45
$GAGSV,2,1,08,03,52,022,46,05,06,047,38,07,13,241,31,08,58,274,47,7*72
$GAGSV,2,2,08,13,31,323,44,15,86,278,47,18,15,278,32,34,38,147,44,7*72
$GAGSV,1,1,02,02,03,145,,25,02,097,,0*7C
$GBGSV,2,1,08,08,34,082,42,09,63,117,47,13,47,067,45,20,50,337,50,1*72
$GBGSV,2,2,08,29,44,271,48,32,30,051,45,38,27,094,44,39,51,059,47,1*78
$GBGSV,2,1,06,06,61,085,47,08,34,082,45,09,63,117,49,13,47,067,48,B*01
$GBGSV,2,2,06,16,56,072,47,20,50,337,07,B*06
$GBGSV,4,1,14,01,03,095,,02,58,140,,03,35,113,,05,62,201,,0*77
$GBGSV,4,2,14,10,04,161,,19,22,286,,23,16,059,,27,01,161,,0*7B
$GBGSV,4,3,14,30,36,196,,35,06,319,,37,35,110,,59,08,095,,0*7C
$GBGSV,4,4,14,60,60,149,,61,35,113,,0*7C
$GQGSV,1,1,02,04,20,074,39,07,19,104,33,1*62
$GQGSV,1,1,02,04,20,074,37,07,19,104,46,6*69
$GNGLL,2454.23250,N,06708.26906,E,151032.00,A,D*75
$GNRMC,151033.00,A,2454.23250,N,06708.26906,E,0.010,,050525,,,R,V*07
$GNVTG,,T,,M,0.010,N,0.018,K,D*30
$GNGGA,151033.00,2454.23250,N,06708.26906,E,4,12,0.63,21.8,M,-44.2,M,1.0,0293*74
$GNGSA,A,3,10,27,28,32,31,01,02,08,23,,,,1.31,0.63,1.14,1*04
$GNGSA,A,3,87,81,74,88,75,65,66,72,,,,,1.31,0.63,1.14,2*01
$GNGSA,A,3,08,03,15,,,,,,,,,,1.31,0.63,1.14,3*0E
$GNGSA,A,3,08,09,06,13,20,16,29,32,38,39,,,1.31,0.63,1.14,4*0D
$GNGSA,A,3,04,07,,,,,,,,,,,1.31,0.63,1.14,5*04
$GPGSV,4,1,13,01,15,321,35,02,42,312,45,08,18,258,35,10,45,062,47,1*6A
$GPGSV,4,2,13,23,13,097,38,25,05,090,35,27,18,219,40,28,64,140,47,1*67
$GPGSV,4,3,13,31,43,179,46,32,52,016,47,36,34,246,42,40,59,208,47,1*6E
$GPGSV,4,4,13,41,56,146,47,1*50
$GPGSV,3,1,09,01,15,321,36,08,18,258,39,10,45,062,46,23,13,097,35,6*61
$GPGSV,3,2,09,25,05,090,34,27,18,219,40,28,64,140,48,31,43,179,45,6*6F
$GPGSV,3,3,09,32,52,016,46,6*59
$GPGSV,1,1,03,18,00,147,,26,03,176,,49,17,257,,0*51
$GLGSV,3,1,10,65,42,342,46,66,25,284,44,72,17,042,43,74,13,052,39,1*7E
$GLGSV,3,2,10,75,25,103,46,76,08,159,39,81,16,329,41,87,36,183,46,1*72
$GLGSV,3,3,10,88,59,283,52,,,,42,1*4D
$GLGSV,3,1,10,65,42,342,10,66,25,284,43,72,17,042,45,74,13,052,12,3*77
$GLGSV,3,2,10,75,25,103,46,76,08,159,43,81,16,329,40,87,36,183,07,3*79
$GLGSV,3,3,10,88,59,283,48,,,,44,3*42
$GAGSV,2,1,07,03,52,022,52,05,06,047,43,07,13,241,31,08,58,274,51,2*76
$GAGSV,2,2,07,13,31,323,49,15,86,278,53,34,38,147,50,2*44
$GAGSV,2,1,08,03,52,022,46,05,06,047,38,07,13,241,31,08,58,274,47,7*72
$GAGSV,2,2,08,13,31,323,44,15,86,278,47,18,15,278,33,34,38,147,44,7*73
$GAGSV,1,1,02,02,03,145,,25,02,097,,0*7C
$GBGSV,2,1,08,08,34,082,42,09,63,117,47,13,47,067,45,20,50,337,50,1*72
$GBGSV,2,2,08,29,44,271,48,32,30,051,45,38,27,094,44,39,51,059,47,1*78
$GBGSV,2,1,05,06,61,085,47,08,34,082,45,09,63,117,49,13,47,067,48,B*02
$GBGSV,2,2,05,16,56,072,47,B*32
$GBGSV,4,1,14,01,03,095,,02,58,140,,03,35,113,,05,62,201,,0*77
$GBGSV,4,2,14,10,04,161,,19,22,286,,23,16,059,,27,01,161,,0*7B
$GBGSV,4,3,14,30,36,196,,35,06,319,,37,35,110,,59,08,095,,0*7C
$GBGSV,4,4,14,60,60,149,,61,35,113,,0*7C
$GQGSV,1,1,02,04,20,074,38,07,19,104,33,1*63
$GQGSV,1,1,02,04,20,074,36,07,19,104,45,6*6B
$GNGLL,2454.23250,N,06708.26906,E,151033.00,A,D*74
$GNRMC,151034.00,A,2454.23250,N,06708.26906,E,0.005,,050525,,,R,V*04
$GNVTG,,T,,M,0.005,N,0.009,K,D*34
$GNGGA,151034.00,2454.23250,N,06708.26906,E,4,12,0.63,21.8,M,-44.2,M,1.0,0293*73
$GNGSA,A,3,10,27,28,32,31,01,02,08,23,,,,1.31,0.63,1.14,1*04
$GNGSA,A,3,87,81,74,88,75,65,66,72,,,,,1.31,0.63,1.14,2*01
$GNGSA,A,3,08,03,15,,,,,,,,,,1.31,0.63,1.14,3*0E
$GNGSA,A,3,08,09,06,13,20,16,29,32,38,39,,,1.31,0.63,1.14,4*0D
$GNGSA,A,3,04,07,,,,,,,,,,,1.31,0.63,1.14,5*04
$GPGSV,4,1,13,01,15,321,35,02,42,312,45,08,18,258,35,10,45,062,47,1*6A
$GPGSV,4,2,13,23,13,097,38,25,05,090,35,27,18,219,40,28,64,140,47,1*67
$GPGSV,4,3,13,31,43,179,46,32,52,016,48,36,34,246,42,40,59,208,48,1*6E
$GPGSV,4,4,13,41,56,146,47,1*50
$GPGSV,3,1,09,01,15,321,36,08,18,258,39,10,45,062,46,23,13,097,35,6*61
$GPGSV,3,2,09,25,05,090,34,27,18,219,40,28,64,140,48,31,43,179,45,6*6F
$GPGSV,3,3,09,32,52,016,46,6*59
$GPGSV,1,1,03,18,00,147,,26,03,176,,49,17,257,,0*51
$GLGSV,3,1,10,65,42,342,46,66,25,284,44,72,17,042,43,74,13,052,39,1*7E
$GLGSV,3,2,10,75,25,103,46,76,08,159,38,81,16,329,41,87,36,183,46,1*73
$GLGSV,3,3,10,88,59,283,52,,,,42,1*4D
$GLGSV,3,1,10,65,42,342,10,66,25,284,43,72,17,042,45,74,13,052,13,3*76
$GLGSV,3,2,10,75,25,103,46,76,08,159,43,81,16,329,40,87,36,183,07,3*79
$GLGSV,3,3,10,88,59,283,48,,,,44,3*42
$GAGSV,2,1,07,03,52,022,52,05,06,047,43,07,13,241,31,08,58,274,51,2*76
$GAGSV,2,2,07,13,31,323,49,15,86,278,53,34,38,147,50,2*44
$GAGSV,2,1,08,03,52,022,46,05,06,047,38,07,13,241,31,08,58,274,47,7*72
$GAGSV,2,2,08,13,31,323,44,15,86,278,47,18,15,278,32,34,38,147,44,7*72
$GAGSV,1,1,02,02,03,145,,25,02,097,,0*7C
$GBGSV,2,1,08,08,34,082,42,09,63,117,47,13,47,067,45,20,50,337,50,1*72
$GBGSV,2,2,08,29,44,271,48,32,30,051,45,38,27,094,44,39,51,059,47,1*78
$GBGSV,2,1,05,06,61,085,47,08,34,082,45,09,63,117,49,13,47,067,48,B*02
$GBGSV,2,2,05,16,56,072,47,B*32
$GBGSV,4,1,14,01,03,095,,02,58,140,,03,35,113,,05,62,201,,0*77
$GBGSV,4,2,14,10,04,161,,19,22,286,,23,16,059,,27,01,161,,0*7B
$GBGSV,4,3,14,30,36,196,,35,06,319,,37,35,110,,59,08,095,,0*7C
$GBGSV,4,4,14,60,60,149,,61,35,113,,0*7C
$GQGSV,1,1,02,04,20,074,39,07,19,104,33,1*62
$GQGSV,1,1,02,04,20,074,36,07,19,104,46,6*68
$GNGLL,2454.23250,N,06708.26906,E,151034.00,A,D*73
$GNRMC,151035.00,A,2454.23250,N,06708.26906,E,0.015,,050525,,,R,V*04
$GNVTG,,T,,M,0.015,N,0.028,K,D*36
$GNGGA,151035.00,2454.23250,N,06708.26906,E,4,12,0.63,21.8,M,-44.2,M,1.0,0293*72
$GNGSA,A,3,10,27,28,32,31,01,02,08,23,,,,1.31,0.63,1.14,1*04
$GNGSA,A,3,87,81,74,88,75,65,66,72,,,,,1.31,0.63,1.14,2*01
$GNGSA,A,3,08,03,15,,,,,,,,,,1.31,0.63,1.14,3*0E
$GNGSA,A,3,08,09,06,13,20,16,29,32,38,39,,,1.31,0.63,1.14,4*0D
$GNGSA,A,3,04,07,,,,,,,,,,,1.31,0.63,1.14,5*04
$GPGSV,4,1,13,01,15,321,35,02,42,312,45,08,18,258,35,10,45,062,47,1*6A
$GPGSV,4,2,13,23,13,097,38,25,05,090,35,27,18,219,40,28,64,140,47,1*67
$GPGSV,4,3,13,31,43,179,46,32,52,016,48,36,34,246,42,40,59,208,48,1*6E
$GPGSV,4,4,13,41,56,146,47,1*50
$GPGSV,3,1,09,01,15,321,37,08,18,258,39,10,45,062,46,23,13,097,35,6*60
$GPGSV,3,2,09,25,05,090,34,27,18,219,40,28,64,140,48,31,43,179,45,6*6F
$GPGSV,3,3,09,32,52,016,46,6*59
$GPGSV,1,1,03,18,00,147,,26,03,176,,49,17,257,,0*51
$GLGSV,3,1,10,65,42,342,46,66,25,284,44,72,17,042,43,74,13,052,39,1*7E
$GLGSV,3,2,10,75,25,103,47,76,08,159,38,81,16,329,41,87,36,183,46,1*72
$GLGSV,3,3,10,88,59,283,52,,,,42,1*4D
$GLGSV,3,1,09,66,25,284,43,72,17,042,45,74,13,052,13,75,25,103,46,3*7A
$GLGSV,3,2,09,76,08,159,43,81,16,329,40,87,36,183,03,88,59,283,48,3*79
$GLGSV,3,3,09,,,,44,3*73
$GAGSV,2,1,07,03,52,022,51,05,06,047,43,07,13,241,32,08,58,274,51,2*76
$GAGSV,2,2,07,13,31,323,49,15,86,278,53,34,38,147,50,2*44
$GAGSV,2,1,08,03,52,022,46,05,06,047,38,07,13,241,31,08,58,274,47,7*72
$GAGSV,2,2,08,13,31,323,44,15,86,278,47,18,15,278,32,34,38,147,44,7*72
$GAGSV,1,1,02,02,03,145,,25,02,097,,0*7C
$GBGSV,2,1,08,08,34,082,42,09,63,117,47,13,47,067,44,20,50,337,50,1*73
$GBGSV,2,2,08,29,44,271,48,32,30,051,45,38,27,094,44,39,51,059,47,1*78
$GBGSV,2,1,05,06,61,085,47,08,34,082,45,09,63,117,49,13,47,067,48,B*02
$GBGSV,2,2,05,16,56,072,47,B*32
$GBGSV,4,1,14,01,03,095,,02,58,140,,03,35,113,,05,62,201,,0*77
$GBGSV,4,2,14,10,04,161,,19,22,286,,23,16,059,,27,01,161,,0*7B
$GBGSV,4,3,14,30,36,196,,35,06,319,,37,35,110,,59,08,095,,0*7C
$GBGSV,4,4,14,60,60,149,,61,35,113,,0*7C
$GQGSV,1,1,02,04,20,074,39,07,19,104,33,1*62
$GQGSV,1,1,02,04,20,074,36,07,19,104,46,6*68
$GNGLL,2454.23250,N,06708.26906,E,151035.00,A,D*72
$GNRMC,151036.00,A,2454.23250,N,06708.26906,E,0.005,,050525,,,R,V*06
$GNVTG,,T,,M,0.005,N,0.009,K,D*34
$GNGGA,151036.00,2454.23250,N,06708.26906,E,4,12,0.63,21.8,M,-44.2,M,1.0,0293*71
$GNGSA,A,3,10,27,28,32,31,01,02,08,23,,,,1.31,0.63,1.14,1*04
$GNGSA,A,3,87,81,74,88,75,65,66,72,,,,,1.31,0.63,1.14,2*01
$GNGSA,A,3,08,03,15,,,,,,,,,,1.31,0.63,1.14,3*0E
$GNGSA,A,3,08,09,06,13,20,16,29,32,38,39,,,1.31,0.63,1.14,4*0D
$GNGSA,A,3,04,07,,,,,,,,,,,1.31,0.63,1.14,5*04
$GPGSV,4,1,13,01,15,321,35,02,42,312,45,08,18,258,35,10,45,062,47,1*6A
$GPGSV,4,2,13,23,13,097,38,25,05,090,35,27,18,219,40,28,64,140,47,1*67
$GPGSV,4,3,13,31,43,179,46,32,52,016,48,36,34,246,42,40,59,208,48,1*6E
$GPGSV,4,4,13,41,56,146,47,1*50
$GPGSV,3,1,09,01,15,321,37,08,18,258,39,10,45,062,46,23,13,097,35,6*60
$GPGSV,3,2,09,25,05,090,34,27,18,219,40,28,64,140,48,31,43,179,45,6*6F
$GPGSV,3,3,09,32,52,016,46,6*59
$GPGSV,1,1,03,18,00,147,,26,03,176,,49,17,257,,0*51
$GLGSV,3,1,10,65,42,342,46,66,25,284,45,72,17,042,43,74,13,052,39,1*7F
$GLGSV,3,2,10,75,25,103,47,76,08,159,38,81,16,329,41,87,36,183,46,1*72
$GLGSV,3,3,10,88,59,283,52,,,,42,1*4D
$GLGSV,3,1,10,65,42,342,04,66,25,284,43,72,17,042,45,74,13,052,10,3*70
$GLGSV,3,2,10,75,25,103,46,76,08,159,43,81,16,329,40,87,36,183,05,3*7B
$GLGSV,3,3,10,88,59,283,48,,,,44,3*42
$GAGSV,2,1,07,03,52,022,52,05,06,047,43,07,13,241,32,08,58,274,51,2*75
$GAGSV,2,2,07,13,31,323,50,15,86,278,53,34,38,147,50,2*4C
$GAGSV,2,1,08,03,52,022,46,05,06,047,38,07,13,241,32,08,58,274,47,7*71
$GAGSV,2,2,08,13,31,323,44,15,86,278,47,18,15,278,32,34,38,147,44,7*72
$GAGSV,1,1,02,02,03,145,,25,02,097,,0*7C
$GBGSV,2,1,08,08,34,082,42,09,63,117,47,13,47,067,44,20,50,337,50,1*73
$GBGSV,2,2,08,29,44,271,48,32,30,051,45,38,27,094,44,39,51,059,47,1*78
$GBGSV,2,1,05,06,61,085,47,08,34,082,45,09,63,117,49,13,47,067,48,B*02
$GBGSV,2,2,05,16,56,072,47,B*32
$GBGSV,4,1,14,01,03,095,,02,58,140,,03,35,113,,05,62,201,,0*77
$GBGSV,4,2,14,10,04,161,,19,22,286,,23,16,059,,27,01,161,,0*7B
$GBGSV,4,3,14,30,36,196,,35,06,319,,37,35,110,,59,08,095,,0*7C
$GBGSV,4,4,14,60,60,149,,61,35,113,,0*7C
$GQGSV,1,1,02,04,20,074,39,07,19,104,33,1*62
$GQGSV,1,1,02,04,20,074,36,07,19,104,46,6*68
$GNGLL,2454.23250,N,06708.26906,E,151036.00,A,D*71
$GNRMC,151037.00,A,2454.23250,N,06708.26906,E,0.002,,050525,,,R,V*00
$GNVTG,,T,,M,0.002,N,0.005,K,D*3F
$GNGGA,151037.00,2454.23250,N,06708.26906,E,4,12,0.63,21.8,M,-44.2,M,1.0,0293*70
$GNGSA,A,3,10,27,28,32,31,01,02,08,23,,,,1.31,0.63,1.14,1*04
$GNGSA,A,3,87,81,74,88,75,65,66,72,,,,,1.31,0.63,1.14,2*01
$GNGSA,A,3,08,03,15,,,,,,,,,,1.31,0.63,1.14,3*0E
$GNGSA,A,3,08,09,06,13,20,16,29,32,38,39,,,1.31,0.63,1.14,4*0D
$GNGSA,A,3,04,07,,,,,,,,,,,1.31,0.63,1.14,5*04
$GPGSV,4,1,13,01,15,321,35,02,42,312,45,08,18,258,36,10,45,062,47,1*69
$GPGSV,4,2,13,23,13,097,38,25,05,090,35,27,18,219,40,28,64,140,47,1*67
$GPGSV,4,3,13,31,43,179,46,32,52,016,48,36,34,246,42,40,59,208,48,1*6E
$GPGSV,4,4,13,41,56,146,47,1*50
$GPGSV,3,1,09,01,15,321,37,08,18,258,39,10,45,062,46,23,13,097,35,6*60
$GPGSV,3,2,09,25,05,090,34,27,18,219,40,28,64,140,48,31,43,179,45,6*6F
$GPGSV,3,3,09,32,52,016,46,6*59
$GPGSV,1,1,03,18,00,147,,26,03,176,,49,17,257,,0*51
$GLGSV,3,1,10,65,42,342,46,66,25,284,44,72,17,042,43,74,13,052,39,1*7E
$GLGSV,3,2,10,75,25,103,47,76,08,159,38,81,16,329,41,87,36,183,46,1*72
$GLGSV,3,3,10,88,59,283,52,,,,42,1*4D
$GLGSV,3,1,10,65,42,342,07,66,25,284,43,72,17,042,45,74,13,052,08,3*7A
$GLGSV,3,2,10,75,25,103,46,76,08,159,43,81,16,329,40,87,36,183,08,3*76
$GLGSV,3,3,10,88,59,283,48,,,,44,3*42
$GAGSV,2,1,07,03,52,022,52,05,06,047,43,07,13,241,32,08,58,274,51,2*75
$GAGSV,2,2,07,13,31,323,49,15,86,278,53,34,38,147,50,2*44
$GAGSV,2,1,08,03,52,022,46,05,06,047,38,07,13,241,31,08,58,274,47,7*72
$GAGSV,2,2,08,13,31,323,44,15,86,278,47,18,15,278,32,34,38,147,43,7*75
$GAGSV,1,1,02,02,03,145,,25,02,097,,0*7C
$GBGSV,2,1,08,08,34,082,42,09,63,117,47,13,47,067,44,20,50,337,50,1*73
$GBGSV,2,2,08,29,44,271,48,32,30,051,45,38,27,094,44,39,51,059,47,1*78
$GBGSV,2,1,05,06,61,085,47,08,34,082,45,09,63,117,49,13,47,067,48,B*02
$GBGSV,2,2,05,16,56,072,48,B*3D
$GBGSV,4,1,14,01,03,095,,02,58,140,,03,35,113,,05,62,201,,0*77
$GBGSV,4,2,14,10,04,161,,19,22,286,,23,16,059,,27,01,161,,0*7B
$GBGSV,4,3,14,30,36,196,,35,06,319,,37,35,110,,59,08,095,,0*7C
$GBGSV,4,4,14,60,60,149,,61,35,113,,0*7C
$GQGSV,1,1,02,04,20,074,39,07,19,104,33,1*62
$GQGSV,1,1,02,04,20,074,37,07,19,104,46,6*69
$GNGLL,2454.23250,N,06708.26906,E,151037.00,A,D*70
$GNRMC,151038.00,A,2454.23250,N,06708.26906,E,0.007,,050525,,,R,V*0A
$GNVTG,,T,,M,0.007,N,0.012,K,D*3C
$GNGGA,151038.00,2454.23250,N,06708.26906,E,4,12,0.63,21.8,M,-44.2,M,1.0,0293*7F
$GNGSA,A,3,10,27,28,32,31,01,02,08,23,,,,1.31,0.63,1.14,1*04
$GNGSA,A,3,87,81,74,88,75,65,66,72,,,,,1.31,0.63,1.14,2*01
$GNGSA,A,3,08,03,15,,,,,,,,,,1.31,0.63,1.14,3*0E
$GNGSA,A,3,08,09,06,13,20,16,29,32,38,39,,,1.31,0.63,1.14,4*0D
$GNGSA,A,3,04,07,,,,,,,,,,,1.31,0.63,1.14,5*04
$GPGSV,4,1,13,01,15,321,35,02,42,312,45,08,18,258,35,10,45,062,47,1*6A
$GPGSV,4,2,13,23,13,097,38,25,05,090,35,27,18,219,40,28,64,140,47,1*67
$GPGSV,4,3,13,31,43,179,46,32,52,016,48,36,34,246,42,40,59,208,48,1*6E
$GPGSV,4,4,13,41,56,146,47,1*50
$GPGSV,3,1,09,01,15,321,37,08,18,258,39,10,45,062,46,23,13,097,35,6*60
$GPGSV,3,2,09,25,05,090,34,27,18,219,40,28,64,140,48,31,43,179,45,6*6F
$GPGSV,3,3,09,32,52,016,46,6*59
$GPGSV,1,1,03,18,00,147,,26,03,176,,49,17,257,,0*51
$GLGSV,3,1,10,65,42,342,46,66,25,284,45,72,17,042,43,74,13,052,40,1*71
$GLGSV,3,2,10,75,25,103,47,76,08,159,38,81,16,329,41,87,36,183,46,1*72
$GLGSV,3,3,10,88,59,283,52,,,,42,1*4D
$GLGSV,3,1,10,65,42,342,08,66,25,284,43,72,17,042,45,74,13,052,07,3*7A
$GLGSV,3,2,10,75,25,103,46,76,08,159,43,81,16,329,41,87,36,183,11,3*7F
$GLGSV,3,3,10,88,59,283,48,,,,44,3*42
$GAGSV,2,1,07,03,52,022,52,05,06,047,43,07,13,241,32,08,58,274,51,2*75
$GAGSV,2,2,07,13,31,323,49,15,86,278,53,34,38,147,50,2*44
$GAGSV,2,1,08,03,52,022,46,05,06,047,39,07,13,241,31,08,58,274,47,7*73
$GAGSV,2,2,08,13,31,323,44,15,86,278,47,18,15,278,32,34,38,147,43,7*75
$GAGSV,1,1,02,02,03,145,,25,02,097,,0*7C
$GBGSV,2,1,08,08,34,082,42,09,63,117,47,13,47,067,45,20,50,337,50,1*72
$GBGSV,2,2,08,29,44,271,48,32,30,051,45,38,27,094,44,39,51,059,47,1*78
$GBGSV,2,1,05,06,61,085,47,08,34,082,45,09,63,117,49,13,47,067,48,B*02
$GBGSV,2,2,05,16,56,072,48,B*3D
$GBGSV,4,1,14,01,03,095,,02,58,140,,03,35,113,,05,62,201,,0*77
$GBGSV,4,2,14,10,04,161,,19,22,286,,23,16,059,,27,01,161,,0*7B
$GBGSV,4,3,14,30,36,196,,35,06,319,,37,35,110,,59,08,095,,0*7C
$GBGSV,4,4,14,60,60,149,,61,35,113,,0*7C
$GQGSV,1,1,02,04,20,074,39,07,19,104,33,1*62
$GQGSV,1,1,02,04,20,074,36,07,19,104,46,6*68
$GNGLL,2454.23250,N,06708.26906,E,151038.00,A,D*7F
$GNRMC,151039.00,A,2454.23250,N,06708.26906,E,0.007,,050525,,,R,V*0B
$GNVTG,,T,,M,0.007,N,0.013,K,D*3D
$GNGGA,151039.00,2454.23250,N,06708.26906,E,4,12,0.63,21.8,M,-44.2,M,1.0,0293*7E
$GNGSA,A,3,10,27,28,32,31,01,02,08,23,,,,1.31,0.63,1.14,1*04
$GNGSA,A,3,87,81,74,88,75,65,66,72,,,,,1.31,0.63,1.14,2*01
$GNGSA,A,3,08,03,15,,,,,,,,,,1.31,0.63,1.14,3*0E
$GNGSA,A,3,08,09,06,13,20,16,29,32,38,39,,,1.31,0.63,1.14,4*0D
$GNGSA,A,3,04,07,,,,,,,,,,,1.31,0.63,1.14,5*04
$GPGSV,4,1,13,01,15,321,35,02,42,312,45,08,18,258,35,10,45,062,47,1*6A
$GPGSV,4,2,13,23,13,097,38,25,05,090,35,27,18,219,40,28,64,140,47,1*67
$GPGSV,4,3,13,31,43,179,46,32,52,016,48,36,34,246,42,40,59,208,48,1*6E
$GPGSV,4,4,13,41,56,146,47,1*50
$GPGSV,3,1,09,01,15,321,37,08,18,258,39,10,45,062,46,23,13,097,35,6*60
$GPGSV,3,2,09,25,05,090,34,27,18,219,40,28,64,140,48,31,43,179,45,6*6F
$GPGSV,3,3,09,32,52,016,46,6*59
$GPGSV,1,1,03,18,00,147,,26,03,176,,49,17,257,,0*51
$GLGSV,3,1,09,65,42,342,46,66,25,284,45,72,17,042,43,74,13,052,40,1*79
$GLGSV,3,2,09,75,25,103,47,76,08,159,38,81,16,329,41,87,36,183,46,1*7A
$GLGSV,3,3,09,88,59,283,52,1*43
$GLGSV,3,1,09,65,42,342,08,66,25,284,42,72,17,042,45,74,13,052,08,3*7C
$GLGSV,3,2,09,75,25,103,46,76,08,159,42,81,16,329,40,87,36,183,08,3*7F
$GLGSV,3,3,09,88,59,283,48,3*4A
$GAGSV,2,1,07,03,52,022,51,05,06,047,43,07,13,241,32,08,58,274,51,2*76
$GAGSV,2,2,07,13,31,323,49,15,86,278,53,34,38,147,50,2*44
$GAGSV,2,1,08,03,52,022,46,05,06,047,39,07,13,241,31,08,58,274,47,7*73
$GAGSV,2,2,08,13,31,323,44,15,86,278,47,18,15,278,32,34,38,147,43,7*75
$GAGSV,1,1,02,02,03,145,,25,02,097,,0*7C
$GBGSV,2,1,08,08,34,082,42,09,63,117,47,13,47,067,45,20,50,337,50,1*72
$GBGSV,2,2,08,29,44,271,48,32,30,051,45,38,27,094,44,39,51,059,47,1*78
$GBGSV,2,1,05,06,61,085,47,08,34,082,45,09,63,117,49,13,47,067,48,B*02
$GBGSV,2,2,05,16,56,072,48,B*3D
$GBGSV,4,1,14,01,03,095,,02,58,140,,03,35,113,,05,62,201,,0*77
$GBGSV,4,2,14,10,04,161,,19,22,286,,23,16,059,,27,01,161,,0*7B
$GBGSV,4,3,14,30,36,196,,35,06,319,,37,35,110,,59,08,095,,0*7C
$GBGSV,4,4,14,60,60,149,,61,35,113,,0*7C
$GQGSV,1,1,02,04,20,074,39,07,19,104,33,1*62
$GQGSV,1,1,02,04,20,074,36,07,19,104,46,6*68
$GNGLL,2454.23250,N,06708.26906,E,151039.00,A,D*7E
$GNRMC,151040.00,A,2454.23250,N,06708.26906,E,0.009,,050525,,,R,V*0B
$GNVTG,,T,,M,0.009,N,0.017,K,D*37
$GNGGA,151040.00,2454.23250,N,06708.26906,E,4,12,0.63,21.8,M,-44.2,M,1.0,0293*70
$GNGSA,A,3,10,27,28,32,31,01,02,08,23,,,,1.31,0.63,1.14,1*04
$GNGSA,A,3,87,81,74,88,75,65,66,72,,,,,1.31,0.63,1.14,2*01
$GNGSA,A,3,08,03,15,,,,,,,,,,1.31,0.63,1.14,3*0E
$GNGSA,A,3,08,09,06,13,20,16,29,32,38,39,,,1.31,0.63,1.14,4*0D
$GNGSA,A,3,04,07,,,,,,,,,,,1.31,0.63,1.14,5*04
$GPGSV,4,1,13,01,15,321,35,02,42,312,45,08,18,258,35,10,45,062,47,1*6A
$GPGSV,4,2,13,23,13,097,38,25,05,090,35,27,18,219,40,28,64,140,47,1*67
$GPGSV,4,3,13,31,43,179,46,32,52,016,48,36,34,246,42,40,59,208,48,1*6E
$GPGSV,4,4,13,41,56,146,47,1*50
$GPGSV,3,1,09,01,15,321,37,08,18,258,39,10,45,062,46,23,13,097,35,6*60
$GPGSV,3,2,09,25,05,090,34,27,18,219,40,28,64,140,48,31,43,179,45,6*6F
$GPGSV,3,3,09,32,52,016,46,6*59
$GPGSV,1,1,03,18,00,147,,26,03,176,,49,17,257,,0*51
$GLGSV,3,1,10,65,42,342,46,66,25,284,45,72,17,042,43,74,13,052,40,1*71
$GLGSV,3,2,10,75,25,103,47,76,08,159,38,81,16,329,41,87,36,183,46,1*72
$GLGSV,3,3,10,88,59,283,52,,,,42,1*4D
$GLGSV,2,1,08,65,42,342,08,66,25,284,42,72,17,042,45,75,25,103,45,3*74
$GLGSV,2,2,08,76,08,159,42,81,16,329,41,87,36,183,08,88,59,283,48,3*72
$GAGSV,2,1,07,03,52,022,52,05,06,047,43,07,13,241,32,08,58,274,51,2*75
$GAGSV,2,2,07,13,31,323,49,15,86,278,53,34,38,147,50,2*44
$GAGSV,2,1,08,03,52,022,46,05,06,047,39,07,13,241,32,08,58,274,47,7*70
$GAGSV,2,2,08,13,31,323,44,15,86,278,47,18,15,278,32,34,38,147,43,7*75
$GAGSV,1,1,02,02,04,144,,25,02,097,,0*7A
$GBGSV,2,1,08,08,34,082,42,09,63,117,47,13,47,067,45,20,50,337,50,1*72
$GBGSV,2,2,08,29,44,271,48,32,30,051,45,38,27,094,44,39,51,059,47,1*78
$GBGSV,2,1,05,06,61,085,47,08,34,082,45,09,63,117,49,13,47,067,48,B*02
$GBGSV,2,2,05,16,56,072,48,B*3D
$GBGSV,4,1,14,01,03,095,,02,58,140,,03,35,113,,05,62,201,,0*77
$GBGSV,4,2,14,10,04,161,,19,22,286,,23,16,059,,27,01,161,,0*7B
$GBGSV,4,3,14,30,36,196,,35,06,319,,37,35,110,,59,08,095,,0*7C
$GBGSV,4,4,14,60,60,149,,61,35,113,,0*7C
$GQGSV,1,1,02,04,20,074,38,07,19,104,33,1*63
$GQGSV,1,1,02,04,20,074,36,07,19,104,46,6*68
$GNGLL,2454.23250,N,06708.26906,E,151040.00,A,D*70
$GNRMC,151041.00,A,2454.23250,N,06708.26906,E,0.005,,050525,,,R,V*06
$GNVTG,,T,,M,0.005,N,0.009,K,D*34
$GNGGA,151041.00,2454.23250,N,06708.26906,E,4,12,0.63,21.8,M,-44.2,M,1.0,0293*71
$GNGSA,A,3,10,27,28,32,31,01,02,08,23,,,,1.31,0.63,1.14,1*04
$GNGSA,A,3,87,81,74,88,75,65,66,72,,,,,1.31,0.63,1.14,2*01
$GNGSA,A,3,08,03,15,,,,,,,,,,1.31,0.63,1.14,3*0E
$GNGSA,A,3,08,09,06,13,20,16,29,32,38,39,,,1.31,0.63,1.14,4*0D
$GNGSA,A,3,04,07,,,,,,,,,,,1.31,0.63,1.14,5*04
$GPGSV,4,1,13,01,15,321,35,02,42,312,45,08,18,258,35,10,45,062,47,1*6A
$GPGSV,4,2,13,23,13,097,38,25,05,090,35,27,18,219,40,28,64,140,47,1*67
$GPGSV,4,3,13,31,43,179,46,32,52,016,48,36,34,246,42,40,59,208,48,1*6E
$GPGSV,4,4,13,41,56,146,47,1*50
$GPGSV,3,1,09,01,15,321,37,08,18,258,39,10,45,062,46,23,13,097,35,6*60
$GPGSV,3,2,09,25,05,090,34,27,18,219,40,28,64,140,48,31,43,179,45,6*6F
$GPGSV,3,3,09,32,52,016,46,6*59
$GPGSV,1,1,03,18,00,147,,26,03,176,,49,17,257,,0*51
$GLGSV,3,1,10,65,42,342,46,66,25,284,45,72,17,042,43,74,13,052,40,1*71
$GLGSV,3,2,10,75,25,103,47,76,08,159,38,81,16,329,41,87,36,183,46,1*72
$GLGSV,3,3,10,88,59,283,52,,,,42,1*4D
$GLGSV,2,1,08,65,42,342,08,66,25,284,43,72,17,042,45,75,25,103,45,3*75
$GLGSV,2,2,08,76,08,159,42,81,16,329,41,87,36,183,08,88,59,283,48,3*72
$GAGSV,2,1,07,03,51,022,52,05,06,047,43,07,13,241,31,08,58,274,51,2*75
$GAGSV,2,2,07,13,31,323,49,15,86,278,53,34,38,147,50,2*44
$GAGSV,2,1,08,03,51,022,46,05,06,047,39,07,13,241,31,08,58,274,47,7*70
$GAGSV,2,2,08,13,31,323,44,15,86,278,47,18,15,278,32,34,38,147,43,7*75
$GAGSV,1,1,02,02,04,144,,25,02,097,,0*7A
$GBGSV,2,1,08,08,34,082,42,09,63,117,47,13,47,067,45,20,50,337,50,1*72
$GBGSV,2,2,08,29,44,271,48,32,30,051,45,38,27,094,44,39,51,059,47,1*78
$GBGSV,2,1,05,06,61,085,48,08,34,082,46,09,63,117,49,13,47,067,48,B*0E
$GBGSV,2,2,05,16,56,072,48,B*3D
$GBGSV,4,1,14,01,03,095,,02,58,140,,03,35,113,,05,62,201,,0*77
$GBGSV,4,2,14,10,04,161,,19,22,286,,23,16,059,,27,01,161,,0*7B
$GBGSV,4,3,14,30,36,196,,35,06,319,,37,35,110,,59,08,095,,0*7C
$GBGSV,4,4,14,60,60,149,,61,35,113,,0*7C
$GQGSV,1,1,02,04,20,074,39,07,19,104,33,1*62
$GQGSV,1,1,02,04,20,074,36,07,19,104,46,6*68
$GNGLL,2454.23250,N,06708.26906,E,151041.00,A,D*71
$GNRMC,151042.00,A,2454.23250,N,06708.26906,E,0.005,,050525,,,R,V*05
$GNVTG,,T,,M,0.005,N,0.010,K,D*3C
$GNGGA,151042.00,2454.23250,N,06708.26906,E,4,12,0.63,21.8,M,-44.2,M,1.0,0293*72
$GNGSA,A,3,10,27,28,32,31,01,02,08,23,,,,1.31,0.63,1.14,1*04
$GNGSA,A,3,87,81,74,88,75,65,66,72,,,,,1.31,0.63,1.14,2*01
$GNGSA,A,3,08,03,15,,,,,,,,,,1.31,0.63,1.14,3*0E
$GNGSA,A,3,08,09,06,13,20,16,29,32,38,39,,,1.31,0.63,1.14,4*0D
$GNGSA,A,3,04,07,,,,,,,,,,,1.31,0.63,1.14,5*04
$GPGSV,4,1,13,01,15,321,35,02,42,312,45,08,18,258,35,10,45,062,47,1*6A
$GPGSV,4,2,13,23,13,097,38,25,05,090,35,27,18,219,40,28,64,140,47,1*67
$GPGSV,4,3,13,31,43,179,46,32,52,016,48,36,34,246,42,40,59,208,48,1*6E
$GPGSV,4,4,13,41,56,146,47,1*50
$GPGSV,3,1,09,01,15,321,37,08,18,258,39,10,45,062,46,23,13,097,35,6*60
$GPGSV,3,2,09,25,05,090,34,27,18,219,40,28,64,140,48,31,43,179,45,6*6F
$GPGSV,3,3,09,32,52,016,46,6*59
$GPGSV,1,1,03,18,00,147,,26,03,176,,49,17,257,,0*51
$GLGSV,3,1,10,65,42,342,46,66,25,284,45,72,17,042,43,74,13,052,40,1*71
$GLGSV,3,2,10,75,25,103,47,76,08,159,38,81,16,329,41,87,36,183,46,1*72
$GLGSV,3,3,10,88,59,283,52,,,,42,1*4D
$GLGSV,2,1,08,65,42,342,09,66,25,284,42,72,17,042,45,75,25,103,45,3*75
$GLGSV,2,2,08,76,08,159,42,81,16,329,41,87,36,183,08,88,59,283,48,3*72
$GAGSV,2,1,07,03,51,022,52,05,06,047,43,07,13,241,31,08,58,274,51,2*75
$GAGSV,2,2,07,13,31,323,49,15,86,278,53,34,38,147,50,2*44
$GAGSV,2,1,08,03,51,022,46,05,06,047,39,07,13,241,31,08,58,274,47,7*70
$GAGSV,2,2,08,13,31,323,44,15,86,278,47,18,15,278,32,34,38,147,43,7*75
$GAGSV,1,1,02,02,04,144,,25,02,097,,0*7A
$GBGSV,2,1,08,08,34,082,42,09,63,117,47,13,47,067,45,20,50,337,50,1*72
$GBGSV,2,2,08,29,44,271,48,32,30,051,45,38,27,094,44,39,51,059,47,1*78
$GBGSV,2,1,05,06,61,085,48,08,34,082,46,09,63,117,49,13,47,067,48,B*0E
$GBGSV,2,2,05,16,56,072,48,B*3D
$GBGSV,4,1,14,01,03,095,,02,58,140,,03,35,113,,05,62,201,,0*77
$GBGSV,4,2,14,10,04,161,,19,22,286,,23,16,059,,27,01,161,,0*7B
$GBGSV,4,3,14,30,36,196,,35,06,319,,37,35,110,,59,08,095,,0*7C
$GBGSV,4,4,14,60,60,149,,61,35,113,,0*7C
$GQGSV,1,1,02,04,20,074,38,07,19,104,33,1*63
$GQGSV,1,1,02,04,20,074,36,07,19,104,46,6*68
$GNGLL,2454.23250,N,06708.26906,E,151042.00,A,D*72
$GNRMC,151043.00,A,2454.23250,N,06708.26906,E,0.003,,050525,,,R,V*02
$GNVTG,,T,,M,0.003,N,0.006,K,D*3D
$GNGGA,151043.00,2454.23250,N,06708.26906,E,4,12,0.63,21.8,M,-44.2,M,1.0,0293*73
$GNGSA,A,3,10,27,28,32,31,01,02,08,23,,,,1.31,0.63,1.14,1*04
$GNGSA,A,3,87,81,74,88,75,65,66,72,,,,,1.31,0.63,1.14,2*01
$GNGSA,A,3,08,03,15,,,,,,,,,,1.31,0.63,1.14,3*0E
$GNGSA,A,3,08,09,06,13,20,16,29,32,38,39,,,1.31,0.63,1.14,4*0D
$GNGSA,A,3,04,07,,,,,,,,,,,1.31,0.63,1.14,5*04
$GPGSV,4,1,13,01,15,321,35,02,42,312,45,08,18,258,35,10,45,062,47,1*6A
$GPGSV,4,2,13,23,13,097,38,25,05,090,35,27,18,219,40,28,64,140,47,1*67
$GPGSV,4,3,13,31,43,179,46,32,52,016,47,36,34,246,42,40,59,208,48,1*61
$GPGSV,4,4,13,41,56,146,47,1*50
$GPGSV,3,1,09,01,15,321,37,08,18,258,39,10,45,062,46,23,13,097,35,6*60
$GPGSV,3,2,09,25,05,090,34,27,18,219,40,28,64,140,48,31,43,179,45,6*6F
$GPGSV,3,3,09,32,52,016,46,6*59
$GPGSV,1,1,03,18,00,147,,26,03,176,,49,17,257,,0*51
$GLGSV,3,1,10,65,42,342,46,66,25,284,45,72,17,042,43,74,13,052,40,1*71
$GLGSV,3,2,10,75,25,103,47,76,08,159,38,81,16,329,41,87,36,183,46,1*72
$GLGSV,3,3,10,88,59,283,52,,,,42,1*4D
$GLGSV,2,1,08,65,42,342,09,66,25,284,42,72,17,042,45,75,25,103,45,3*75
$GLGSV,2,2,08,76,08,159,42,81,16,329,41,87,36,183,08,88,59,283,48,3*72
$GAGSV,2,1,07,03,51,022,52,05,06,048,43,07,13,241,31,08,58,274,51,2*7A
$GAGSV,2,2,07,13,31,323,49,15,86,278,53,34,38,147,50,2*44
$GAGSV,2,1,08,03,51,022,46,05,06,048,39,07,13,241,31,08,58,274,47,7*7F
$GAGSV,2,2,08,13,31,323,44,15,86,278,47,18,15,278,32,34,38,147,43,7*75
$GAGSV,1,1,02,02,04,144,,25,02,097,,0*7A
$GBGSV,2,1,08,08,34,082,42,09,63,117,47,13,47,067,45,20,50,337,49,1*7A
$GBGSV,2,2,08,29,44,271,48,32,30,051,45,38,27,094,43,39,51,059,47,1*7F
$GBGSV,2,1,05,06,61,085,48,08,34,082,45,09,63,117,49,13,47,067,48,B*0D
$GBGSV,2,2,05,16,56,072,48,B*3D
$GBGSV,4,1,14,01,03,095,,02,58,140,,03,35,113,,05,62,201,,0*77
$GBGSV,4,2,14,10,04,161,,19,22,286,,23,16,059,,27,01,161,,0*7B
$GBGSV,4,3,14,30,36,196,,35,06,319,,37,35,110,,59,08,095,,0*7C
$GBGSV,4,4,14,60,60,149,,61,35,113,,0*7C
$GQGSV,1,1,02,04,20,074,38,07,19,104,33,1*63
$GQGSV,1,1,02,04,20,074,36,07,19,104,46,6*68
$GNGLL,2454.23250,N,06708.26906,E,151043.00,A,D*73
$GNRMC,151044.00,A,2454.23250,N,06708.26906,E,0.001,,050525,,,R,V*07
$GNVTG,,T,,M,0.001,N,0.002,K,D*3B
$GNGGA,151044.00,2454.23250,N,06708.26906,E,4,12,0.63,21.8,M,-44.2,M,1.0,0293*74
$GNGSA,A,3,10,27,28,32,31,01,02,08,23,,,,1.31,0.63,1.14,1*04
$GNGSA,A,3,87,81,74,88,75,65,66,72,,,,,1.31,0.63,1.14,2*01
$GNGSA,A,3,08,03,15,,,,,,,,,,1.31,0.63,1.14,3*0E
$GNGSA,A,3,08,09,06,13,20,16,29,32,38,39,,,1.31,0.63,1.14,4*0D
$GNGSA,A,3,04,07,,,,,,,,,,,1.31,0.63,1.14,5*04
$GPGSV,4,1,13,01,15,321,35,02,42,312,45,08,18,258,35,10,45,062,47,1*6A
$GPGSV,4,2,13,23,13,097,38,25,05,090,36,27,18,219,40,28,64,140,47,1*64
$GPGSV,4,3,13,31,43,179,46,32,52,016,48,36,34,246,42,40,59,208,48,1*6E
$GPGSV,4,4,13,41,56,146,47,1*50
$GPGSV,3,1,09,01,15,321,37,08,18,258,39,10,45,062,46,23,13,097,35,6*60
$GPGSV,3,2,09,25,05,090,34,27,18,219,40,28,64,140,48,31,43,179,45,6*6F
$GPGSV,3,3,09,32,52,016,46,6*59
$GPGSV,1,1,03,18,00,147,,26,03,176,,49,17,257,,0*51
$GLGSV,3,1,10,65,42,342,46,66,25,284,45,72,17,042,43,74,13,052,40,1*71
$GLGSV,3,2,10,75,25,103,47,76,08,159,38,81,16,329,41,87,36,183,46,1*72
$GLGSV,3,3,10,88,59,283,51,,,,42,1*4E
$GLGSV,2,1,08,65,42,342,11,66,25,284,42,72,17,042,45,75,25,103,45,3*7C
$GLGSV,2,2,08,76,08,159,42,81,16,329,41,87,36,183,09,88,59,283,48,3*73
$GAGSV,2,1,07,03,51,022,52,05,06,048,43,07,13,241,31,08,58,274,51,2*7A
$GAGSV,2,2,07,13,31,323,49,15,86,278,53,34,38,147,50,2*44
$GAGSV,2,1,08,03,51,022,46,05,06,048,39,07,13,241,31,08,58,274,47,7*7F
$GAGSV,2,2,08,13,31,323,44,15,86,278,47,18,15,278,31,34,38,147,43,7*76
$GAGSV,1,1,02,02,04,144,,25,02,097,,0*7A
$GBGSV,2,1,08,08,34,082,42,09,63,117,47,13,47,067,45,20,50,337,49,1*7A
$GBGSV,2,2,08,29,44,271,48,32,30,051,45,38,27,094,44,39,51,059,47,1*78
$GBGSV,2,1,05,06,61,085,48,08,34,082,45,09,63,117,49,13,47,067,48,B*0D
$GBGSV,2,2,05,16,56,072,48,B*3D
$GBGSV,4,1,14,01,03,095,,02,58,140,,03,35,113,,05,62,201,,0*77
$GBGSV,4,2,14,10,04,161,,19,22,286,,23,16,059,,27,01,161,,0*7B
$GBGSV,4,3,14,30,36,196,,35,06,319,,37,35,110,,59,08,095,,0*7C
$GBGSV,4,4,14,60,60,149,,61,35,113,,0*7C
$GQGSV,1,1,02,04,20,074,38,07,19,104,33,1*63
$GQGSV,1,1,02,04,20,074,36,07,19,104,46,6*68
$GNGLL,2454.23250,N,06708.26906,E,151044.00,A,D*74
$GNRMC,151045.00,A,2454.23250,N,06708.26906,E,0.003,,050525,,,R,V*04
$GNVTG,,T,,M,0.003,N,0.006,K,D*3D
$GNGGA,151045.00,2454.23250,N,06708.26906,E,4,12,0.63,21.8,M,-44.2,M,1.0,0293*75
$GNGSA,A,3,10,27,28,32,31,01,02,08,23,,,,1.31,0.63,1.14,1*04
$GNGSA,A,3,87,81,74,88,75,65,66,72,,,,,1.31,0.63,1.14,2*01
$GNGSA,A,3,08,03,15,,,,,,,,,,1.31,0.63,1.14,3*0E
$GNGSA,A,3,08,09,06,13,20,16,29,32,38,39,,,1.31,0.63,1.14,4*0D
$GNGSA,A,3,04,07,,,,,,,,,,,1.31,0.63,1.14,5*04
$GPGSV,4,1,13,01,15,321,35,02,42,312,45,08,18,258,35,10,45,062,47,1*6A
$GPGSV,4,2,13,23,13,097,38,25,05,090,36,27,18,219,40,28,64,140,47,1*64
$GPGSV,4,3,13,31,43,179,46,32,52,016,47,36,34,246,42,40,59,208,48,1*61
$GPGSV,4,4,13,41,56,146,47,1*50
$GPGSV,3,1,09,01,15,321,37,08,18,258,39,10,45,062,46,23,13,097,35,6*60
$GPGSV,3,2,09,25,05,090,34,27,18,219,40,28,64,140,48,31,43,179,45,6*6F
$GPGSV,3,3,09,32,52,016,46,6*59
$GPGSV,1,1,03,18,00,147,,26,03,176,,49,17,257,,0*51
$GLGSV,3,1,10,65,42,342,46,66,25,284,45,72,17,042,43,74,13,052,40,1*71
$GLGSV,3,2,10,75,25,103,47,76,08,159,38,81,16,329,41,87,36,183,46,1*72
$GLGSV,3,3,10,88,59,283,51,,,,42,1*4E
$GLGSV,2,1,08,65,42,342,08,66,25,284,42,72,17,042,44,75,25,103,45,3*75
$GLGSV,2,2,08,76,08,159,42,81,16,329,40,87,36,183,09,88,59,283,48,3*72
$GAGSV,2,1,07,03,51,022,52,05,06,048,43,07,13,242,32,08,58,274,51,2*7A
$GAGSV,2,2,07,13,31,323,49,15,86,278,53,34,38,147,50,2*44
$GAGSV,2,1,08,03,51,022,46,05,06,048,39,07,13,242,31,08,58,274,47,7*7C
$GAGSV,2,2,08,13,31,323,44,15,86,278,47,18,15,278,31,34,38,147,43,7*76
$GAGSV,1,1,02,02,04,144,,25,02,097,,0*7A
$GBGSV,2,1,08,08,34,082,42,09,63,117,47,13,47,067,45,20,50,337,49,1*7A
$GBGSV,2,2,08,29,44,271,48,32,30,051,45,38,27,094,44,39,51,059,47,1*78
$GBGSV,2,1,05,06,61,085,48,08,34,082,46,09,63,117,49,13,47,067,48,B*0E
$GBGSV,2,2,05,16,56,072,48,B*3D
$GBGSV,4,1,14,01,03,095,,02,58,140,,03,35,113,,05,62,201,,0*77
$GBGSV,4,2,14,10,04,161,,19,22,286,,23,16,059,,27,01,161,,0*7B
$GBGSV,4,3,14,30,36,196,,35,06,319,,37,35,110,,59,08,095,,0*7C
$GBGSV,4,4,14,60,60,149,,61,35,113,,0*7C
$GQGSV,1,1,02,04,20,074,39,07,19,104,34,1*65
$GQGSV,1,1,02,04,20,074,36,07,19,104,46,6*68
$GNGLL,2454.23250,N,06708.26906,E,151045.00,A,D*75
$GNRMC,151046.00,A,2454.23250,N,06708.26906,E,0.006,,050525,,,R,V*02
$GNVTG,,T,,M,0.006,N,0.010,K,D*3F
$GNGGA,151046.00,2454.23250,N,06708.26906,E,4,12,0.63,21.8,M,-44.2,M,1.0,0293*76
$GNGSA,A,3,10,27,28,32,31,01,02,08,23,,,,1.31,0.63,1.14,1*04
$GNGSA,A,3,87,81,74,88,75,65,66,72,,,,,1.31,0.63,1.14,2*01
$GNGSA,A,3,08,03,15,,,,,,,,,,1.31,0.63,1.14,3*0E
$GNGSA,A,3,08,09,06,13,20,16,29,32,38,39,,,1.31,0.63,1.14,4*0D
$GNGSA,A,3,04,07,,,,,,,,,,,1.31,0.63,1.14,5*04
$GPGSV,4,1,13,01,15,321,35,02,42,312,45,08,18,258,35,10,45,062,47,1*6A
$GPGSV,4,2,13,23,13,097,38,25,05,090,36,27,18,219,40,28,64,140,47,1*64
$GPGSV,4,3,13,31,43,179,46,32,52,016,48,36,34,246,42,40,59,208,48,1*6E
$GPGSV,4,4,13,41,56,146,47,1*50
$GPGSV,3,1,09,01,15,321,37,08,18,258,39,10,45,062,46,23,13,097,35,6*60
$GPGSV,3,2,09,25,05,090,35,27,18,219,40,28,64,140,48,31,43,179,45,6*6E
$GPGSV,3,3,09,32,52,016,46,6*59
$GPGSV,1,1,03,18,00,147,,26,03,176,,49,17,257,,0*51
$GLGSV,3,1,10,65,42,342,46,66,25,284,45,72,17,042,43,74,13,052,40,1*71
$GLGSV,3,2,10,75,25,103,47,76,08,159,38,81,16,329,41,87,36,183,46,1*72
$GLGSV,3,3,10,88,59,283,51,,,,42,1*4E
$GLGSV,2,1,08,65,42,342,11,66,25,284,42,72,17,042,44,75,25,103,45,3*7D
$GLGSV,2,2,08,76,08,159,42,81,16,329,41,87,36,183,10,88,59,283,48,3*7B
$GAGSV,2,1,07,03,51,022,52,05,06,048,43,07,13,242,31,08,58,276,51,2*7B
$GAGSV,2,2,07,13,31,323,49,15,86,278,53,34,38,147,50,2*44
$GAGSV,2,1,08,03,51,022,46,05,06,048,39,07,13,242,31,08,58,276,47,7*7E
$GAGSV,2,2,08,13,31,323,44,15,86,278,47,18,15,278,31,34,38,147,43,7*76
$GAGSV,1,1,02,02,04,144,,25,02,097,,0*7A
$GBGSV,2,1,08,08,34,082,42,09,63,117,47,13,47,067,45,20,50,337,50,1*72
$GBGSV,2,2,08,29,44,271,48,32,30,051,45,38,27,094,44,39,51,059,47,1*78
$GBGSV,2,1,05,06,61,085,48,08,34,082,46,09,63,117,49,13,47,067,48,B*0E
$GBGSV,2,2,05,16,56,072,48,B*3D
$GBGSV,4,1,14,01,03,095,,02,58,140,,03,35,113,,05,62,201,,0*77
$GBGSV,4,2,14,10,04,161,,19,22,286,,23,16,059,,27,01,161,,0*7B
$GBGSV,4,3,14,30,36,196,,35,06,319,,37,35,110,,59,08,095,,0*7C
$GBGSV,4,4,14,60,60,149,,61,35,113,,0*7C
$GQGSV,1,1,02,04,20,074,39,07,19,104,33,1*62
$GQGSV,1,1,02,04,20,074,36,07,19,104,46,6*68
$GNGLL,2454.23250,N,06708.26906,E,151046.00,A,D*76
$GNRMC,151047.00,A,2454.23250,N,06708.26906,E,0.008,,050525,,,R,V*0D
$GNVTG,,T,,M,0.008,N,0.014,K,D*35
$GNGGA,151047.00,2454.23250,N,06708.26906,E,4,12,0.63,21.8,M,-44.2,M,1.0,0293*77
$GNGSA,A,3,10,27,28,32,31,01,02,08,23,,,,1.31,0.63,1.14,1*04
$GNGSA,A,3,87,81,74,88,75,65,66,72,,,,,1.31,0.63,1.14,2*01
$GNGSA,A,3,08,03,15,,,,,,,,,,1.31,0.63,1.14,3*0E
$GNGSA,A,3,08,09,06,13,20,16,29,32,38,39,,,1.31,0.63,1.14,4*0D
$GNGSA,A,3,04,07,,,,,,,,,,,1.31,0.63,1.14,5*04
$GPGSV,4,1,13,01,15,321,35,02,42,312,45,08,18,258,35,10,45,062,47,1*6A
$GPGSV,4,2,13,23,13,097,37,25,05,090,36,27,18,219,40,28,64,140,47,1*6B
$GPGSV,4,3,13,31,43,179,46,32,52,016,47,36,34,246,42,40,59,208,48,1*61
$GPGSV,4,4,13,41,56,146,47,1*50
$GPGSV,3,1,09,01,15,321,37,08,18,258,39,10,45,062,46,23,13,097,35,6*60
$GPGSV,3,2,09,25,05,090,35,27,18,219,40,28,64,140,48,31,43,179,45,6*6E
$GPGSV,3,3,09,32,52,016,46,6*59
$GPGSV,1,1,03,18,00,147,,26,03,176,,49,17,257,,0*51
$GLGSV,3,1,10,65,42,342,46,66,25,284,44,72,17,042,43,74,13,052,40,1*70
$GLGSV,3,2,10,75,25,103,47,76,08,159,38,81,16,329,41,87,36,183,46,1*72
$GLGSV,3,3,10,88,59,283,51,,,,42,1*4E
$GLGSV,2,1,08,65,42,342,09,66,25,284,42,72,17,042,44,75,25,103,45,3*74
$GLGSV,2,2,08,76,08,159,42,81,16,329,41,87,36,183,10,88,59,283,48,3*7B
$GAGSV,2,1,07,03,51,022,52,05,06,048,43,07,13,242,32,08,58,276,51,2*78
$GAGSV,2,2,07,13,31,323,49,15,86,278,53,34,38,147,50,2*44
$GAGSV,2,1,08,03,51,022,46,05,06,048,39,07,13,242,31,08,58,276,47,7*7E
$GAGSV,2,2,08,13,31,323,44,15,86,278,47,18,15,278,31,34,38,147,43,7*76
$GAGSV,1,1,02,02,04,144,,25,02,097,,0*7A
$GBGSV,2,1,08,08,34,082,42,09,63,117,47,13,47,067,45,20,50,337,49,1*7A
$GBGSV,2,2,08,29,44,271,48,32,30,051,45,38,27,094,44,39,51,059,47,1*78
$GBGSV,2,1,05,06,61,085,48,08,34,082,45,09,63,117,49,13,47,067,48,B*0D
$GBGSV,2,2,05,16,56,072,48,B*3D
$GBGSV,4,1,14,01,03,095,,02,58,140,,03,35,113,,05,62,201,,0*77
$GBGSV,4,2,14,10,04,161,,19,22,286,,23,16,059,,27,01,161,,0*7B
$GBGSV,4,3,14,30,36,196,,35,06,319,,37,35,110,,59,08,095,,0*7C
$GBGSV,4,4,14,60,60,149,,61,35,113,,0*7C
$GQGSV,1,1,02,04,20,074,39,07,19,104,33,1*62
$GQGSV,1,1,02,04,20,074,36,07,19,104,46,6*68
$GNGLL,2454.23250,N,06708.26906,E,151047.00,A,D*77
$GNRMC,151048.00,A,2454.23250,N,06708.26906,E,0.007,,050525,,,R,V*0D
$GNVTG,,T,,M,0.007,N,0.012,K,D*3C
$GNGGA,151048.00,2454.23250,N,06708.26906,E,4,12,0.63,21.8,M,-44.2,M,1.0,0293*78
$GNGSA,A,3,10,27,28,32,31,01,02,08,23,,,,1.31,0.63,1.14,1*04
$GNGSA,A,3,87,81,74,88,75,65,66,72,,,,,1.31,0.63,1.14,2*01
$GNGSA,A,3,08,03,15,,,,,,,,,,1.31,0.63,1.14,3*0E
$GNGSA,A,3,08,09,06,13,20,16,29,32,38,39,,,1.31,0.63,1.14,4*0D
$GNGSA,A,3,04,07,,,,,,,,,,,1.31,0.63,1.14,5*04
$GPGSV,4,1,13,01,15,321,35,02,42,312,45,08,18,258,35,10,45,062,47,1*6A
$GPGSV,4,2,13,23,13,097,37,25,05,090,36,27,18,219,40,28,64,140,47,1*6B
$GPGSV,4,3,13,31,43,179,46,32,52,016,47,36,34,246,42,40,59,208,48,1*61
$GPGSV,4,4,13,41,56,146,47,1*50
$GPGSV,3,1,09,01,15,321,37,08,18,258,39,10,45,062,46,23,13,097,35,6*60
$GPGSV,3,2,09,25,05,090,35,27,18,219,40,28,64,140,48,31,43,179,45,6*6E
$GPGSV,3,3,09,32,52,016,46,6*59
$GPGSV,1,1,03,18,00,147,,26,03,176,,49,17,257,,0*51
$GLGSV,3,1,10,65,42,342,46,66,25,284,44,72,17,042,43,74,13,052,40,1*70
$GLGSV,3,2,10,75,25,103,47,76,08,159,38,81,16,329,41,87,36,183,46,1*72
$GLGSV,3,3,10,88,59,283,51,,,,41,1*4D
$GLGSV,2,1,08,65,42,342,09,66,25,284,42,72,17,042,44,75,25,103,45,3*74
$GLGSV,2,2,08,76,08,159,42,81,16,329,41,87,36,183,12,88,59,283,48,3*79
$GAGSV,2,1,07,03,51,022,52,05,06,048,43,07,13,242,31,08,58,276,51,2*7B
$GAGSV,2,2,07,13,31,323,49,15,86,278,53,34,38,147,50,2*44
$GAGSV,2,1,08,03,51,022,46,05,06,048,39,07,13,242,31,08,58,276,47,7*7E
$GAGSV,2,2,08,13,31,323,44,15,86,278,47,18,15,278,31,34,38,147,43,7*76
$GAGSV,1,1,02,02,04,144,,25,02,097,,0*7A
$GBGSV,2,1,08,08,34,082,42,09,63,117,47,13,47,067,45,20,50,337,49,1*7A
$GBGSV,2,2,08,29,44,271,48,32,30,051,45,38,27,094,44,39,51,059,47,1*78
$GBGSV,2,1,05,06,61,085,48,08,34,082,45,09,63,117,49,13,47,067,48,B*0D
$GBGSV,2,2,05,16,56,072,48,B*3D
$GBGSV,4,1,14,01,03,095,,02,58,140,,03,35,113,,05,62,201,,0*77
$GBGSV,4,2,14,10,04,161,,19,22,286,,23,16,059,,27,01,161,,0*7B
$GBGSV,4,3,14,30,36,196,,35,06,319,,37,35,110,,59,08,095,,0*7C
$GBGSV,4,4,14,60,60,149,,61,35,113,,0*7C
$GQGSV,1,1,02,04,20,074,39,07,19,104,33,1*62
$GQGSV,1,1,02,04,20,074,36,07,19,104,46,6*68
$GNGLL,2454.23250,N,06708.26906,E,151048.00,A,D*78
$GNRMC,151049.00,A,2454.23250,N,06708.26906,E,0.024,,050525,,,R,V*0D
$GNVTG,,T,,M,0.024,N,0.044,K,D*3E
$GNGGA,151049.00,2454.23250,N,06708.26906,E,4,12,0.63,21.8,M,-44.2,M,1.0,0293*79
$GNGSA,A,3,10,27,28,32,31,01,02,08,23,,,,1.31,0.63,1.14,1*04
$GNGSA,A,3,87,81,74,88,75,65,66,72,,,,,1.31,0.63,1.14,2*01
$GNGSA,A,3,08,03,15,,,,,,,,,,1.31,0.63,1.14,3*0E
$GNGSA,A,3,08,09,06,13,20,16,29,32,38,39,,,1.31,0.63,1.14,4*0D
$GNGSA,A,3,04,07,,,,,,,,,,,1.31,0.63,1.14,5*04
$GPGSV,4,1,13,01,15,321,35,02,42,312,45,08,18,258,35,10,45,062,47,1*6A
$GPGSV,4,2,13,23,13,097,38,25,05,090,36,27,18,219,39,28,64,140,47,1*6A
$GPGSV,4,3,13,31,43,179,46,32,52,016,47,36,34,246,42,40,59,208,48,1*61
$GPGSV,4,4,13,41,56,146,47,1*50
$GPGSV,3,1,09,01,15,321,37,08,18,258,39,10,45,062,46,23,13,097,35,6*60
$GPGSV,3,2,09,25,05,090,35,27,18,219,40,28,64,140,48,31,43,179,45,6*6E
$GPGSV,3,3,09,32,52,016,46,6*59
$GPGSV,1,1,03,18,00,147,,26,03,176,,49,17,257,,0*51
$GLGSV,3,1,10,65,42,342,46,66,25,284,44,72,17,042,43,74,13,052,40,1*70
$GLGSV,3,2,10,75,25,103,47,76,08,159,38,81,16,329,41,87,36,183,46,1*72
$GLGSV,3,3,10,88,59,283,51,,,,41,1*4D
$GLGSV,2,1,08,65,42,342,08,66,25,284,42,72,17,042,44,75,25,103,45,3*75
$GLGSV,2,2,08,76,08,159,42,81,16,329,41,87,36,183,11,88,59,283,48,3*7A
$GAGSV,2,1,07,03,51,022,52,05,06,048,43,07,13,242,32,08,58,276,51,2*78
$GAGSV,2,2,07,13,31,323,49,15,86,278,53,34,37,147,50,2*4B
$GAGSV,2,1,08,03,51,022,46,05,06,048,39,07,13,242,32,08,58,276,47,7*7D
$GAGSV,2,2,08,13,31,323,44,15,86,278,47,18,15,278,31,34,37,147,43,7*79
$GAGSV,1,1,02,02,04,144,,25,02,097,,0*7A
$GBGSV,2,1,08,08,34,082,42,09,63,117,47,13,47,067,45,20,50,337,49,1*7A
$GBGSV,2,2,08,29,44,271,48,32,30,051,45,38,27,094,44,39,51,059,47,1*78
$GBGSV,2,1,05,06,61,085,48,08,34,082,45,09,63,117,49,13,47,067,48,B*0D
$GBGSV,2,2,05,16,56,072,48,B*3D
$GBGSV,4,1,14,01,03,095,,02,58,140,,03,35,113,,05,62,201,,0*77
$GBGSV,4,2,14,10,04,161,,19,22,286,,23,16,059,,27,01,161,,0*7B
$GBGSV,4,3,14,30,36,196,,35,06,319,,37,35,110,,59,08,095,,0*7C
$GBGSV,4,4,14,60,60,149,,61,35,113,,0*7C
$GQGSV,1,1,02,04,20,074,39,07,19,104,33,1*62
$GQGSV,1,1,02,04,20,074,36,07,19,104,46,6*68
$GNGLL,2454.23250,N,06708.26906,E,151049.00,A,D*79
$GNRMC,151050.00,A,2454.23250,N,06708.26906,E,0.003,,050525,,,R,V*00
$GNVTG,,T,,M,0.003,N,0.005,K,D*3E
$GNGGA,151050.00,2454.23250,N,06708.26906,E,4,12,0.63,21.8,M,-44.2,M,1.0,0293*71
$GNGSA,A,3,10,27,28,32,31,01,02,08,23,,,,1.31,0.63,1.14,1*04
$GNGSA,A,3,87,81,74,88,75,65,66,72,,,,,1.31,0.63,1.14,2*01
$GNGSA,A,3,08,03,15,,,,,,,,,,1.31,0.63,1.14,3*0E
$GNGSA,A,3,08,09,06,13,20,16,29,32,38,39,,,1.31,0.63,1.14,4*0D
$GNGSA,A,3,04,07,,,,,,,,,,,1.31,0.63,1.14,5*04
$GPGSV,4,1,13,01,15,321,35,02,42,312,45,08,18,258,35,10,45,062,47,1*6A
$GPGSV,4,2,13,23,13,097,38,25,05,090,36,27,18,219,39,28,64,140,47,1*6A
$GPGSV,4,3,13,31,43,179,46,32,52,016,47,36,34,246,42,40,59,208,48,1*61
$GPGSV,4,4,13,41,56,146,47,1*50
$GPGSV,3,1,09,01,15,321,37,08,18,258,38,10,45,062,46,23,13,097,35,6*61
$GPGSV,3,2,09,25,05,090,35,27,18,219,40,28,64,140,48,31,43,179,45,6*6E
$GPGSV,3,3,09,32,52,016,46,6*59
$GPGSV,1,1,03,18,00,147,,26,03,176,,49,17,257,,0*51
$GLGSV,3,1,10,65,42,342,46,66,25,284,44,72,17,042,43,74,13,052,40,1*70
$GLGSV,3,2,10,75,25,103,47,76,08,159,38,81,16,329,41,87,36,183,46,1*72
$GLGSV,3,3,10,88,59,283,51,,,,41,1*4D
$GLGSV,2,1,08,65,42,342,12,66,25,284,42,72,17,042,44,75,25,103,45,3*7E
$GLGSV,2,2,08,76,08,159,41,81,16,329,41,87,36,183,08,88,59,283,48,3*71
$GAGSV,2,1,07,03,51,022,51,05,06,048,43,07,13,242,31,08,58,276,51,2*78
$GAGSV,2,2,07,13,31,323,49,15,86,278,52,34,37,147,50,2*4A
$GAGSV,2,1,08,03,51,022,46,05,06,048,39,07,13,242,32,08,58,276,47,7*7D
$GAGSV,2,2,08,13,31,323,44,15,86,278,47,18,15,278,31,34,37,147,43,7*79
$GAGSV,1,1,02,02,04,144,,25,02,097,,0*7A
$GBGSV,2,1,08,08,34,082,42,09,63,117,47,13,47,067,45,20,50,337,49,1*7A
$GBGSV,2,2,08,29,44,271,48,32,30,051,45,38,27,094,44,39,51,059,47,1*78
$GBGSV,2,1,05,06,61,085,48,08,34,082,45,09,63,117,49,13,47,067,47,B*02
$GBGSV,2,2,05,16,56,072,48,B*3D
$GBGSV,4,1,14,01,03,095,,02,58,140,,03,35,113,,05,62,201,,0*77
$GBGSV,4,2,14,10,04,161,,19,22,286,,23,16,059,,27,01,161,,0*7B
$GBGSV,4,3,14,30,36,196,,35,06,319,,37,35,110,,59,08,095,,0*7C
$GBGSV,4,4,14,60,60,149,,61,35,113,,0*7C
$GQGSV,1,1,02,04,20,074,39,07,19,104,33,1*62
$GQGSV,1,1,02,04,20,074,36,07,19,104,46,6*68
$GNGLL,2454.23250,N,06708.26906,E,151050.00,A,D*71
$GNRMC,151051.00,A,2454.23250,N,06708.26906,E,0.005,,050525,,,R,V*07
$GNVTG,,T,,M,0.005,N,0.009,K,D*34
$GNGGA,151051.00,2454.23250,N,06708.26906,E,4,12,0.63,21.8,M,-44.2,M,1.0,0293*70
$GNGSA,A,3,10,27,28,32,31,01,02,08,23,,,,1.31,0.63,1.14,1*04
$GNGSA,A,3,87,81,74,88,75,65,66,72,,,,,1.31,0.63,1.14,2*01
$GNGSA,A,3,08,03,15,,,,,,,,,,1.31,0.63,1.14,3*0E
$GNGSA,A,3,08,09,06,13,20,16,29,32,38,39,,,1.31,0.63,1.14,4*0D
$GNGSA,A,3,04,07,,,,,,,,,,,1.31,0.63,1.14,5*04
$GPGSV,4,1,13,01,15,321,36,02,42,312,45,08,18,258,36,10,45,062,48,1*65
$GPGSV,4,2,13,23,13,097,38,25,05,090,36,27,18,219,39,28,64,140,47,1*6A
$GPGSV,4,3,13,31,43,179,46,32,52,016,47,36,34,246,42,40,59,208,48,1*61
$GPGSV,4,4,13,41,56,146,47,1*50
$GPGSV,3,1,09,01,15,321,37,08,18,258,38,10,45,062,46,23,13,097,36,6*62
$GPGSV,3,2,09,25,05,090,35,27,18,219,39,28,64,140,48,31,43,179,45,6*60
$GPGSV,3,3,09,32,52,016,46,6*59
$GPGSV,1,1,03,18,00,147,,26,03,176,,49,17,257,,0*51
$GLGSV,3,1,10,65,42,342,46,66,25,284,44,72,17,042,43,74,13,052,40,1*70
$GLGSV,3,2,10,75,25,103,47,76,08,159,38,81,16,329,41,87,36,183,46,1*72
$GLGSV,3,3,10,88,59,283,51,,,,41,1*4D
$GLGSV,2,1,08,65,42,342,11,66,25,284,42,72,17,042,45,75,25,103,45,3*7C
$GLGSV,2,2,08,76,08,159,41,81,16,329,41,87,36,183,09,88,59,283,48,3*70
$GAGSV,2,1,07,03,51,022,52,05,06,048,43,07,13,242,31,08,58,276,51,2*7B
$GAGSV,2,2,07,13,32,323,49,15,86,278,53,34,37,147,50,2*48
$GAGSV,2,1,08,03,51,022,46,05,06,048,39,07,13,242,32,08,58,276,47,7*7D
$GAGSV,2,2,08,13,32,323,44,15,86,278,47,18,15,278,31,34,37,147,43,7*7A
$GAGSV,1,1,02,02,04,144,,25,02,097,,0*7A
$GBGSV,2,1,08,08,34,082,42,09,63,117,47,13,47,067,45,20,50,337,49,1*7A
$GBGSV,2,2,08,29,44,271,47,32,30,051,45,38,27,094,44,39,51,059,47,1*77
$GBGSV,2,1,05,06,61,085,48,08,34,082,45,09,63,117,49,13,47,067,48,B*0D
$GBGSV,2,2,05,16,56,072,48,B*3D
$GBGSV,4,1,14,01,03,095,,02,58,140,,03,35,113,,05,62,201,,0*77
$GBGSV,4,2,14,10,04,161,,19,22,286,,23,16,059,,27,01,161,,0*7B
$GBGSV,4,3,14,30,36,196,,35,06,319,,37,35,110,,59,08,095,,0*7C
$GBGSV,4,4,14,60,60,149,,61,35,113,,0*7C
$GQGSV,1,1,02,04,20,074,39,07,19,104,33,1*62
$GQGSV,1,1,02,04,20,074,36,07,19,104,46,6*68
$GNGLL,2454.23250,N,06708.26906,E,151051.00,A,D*70
$GNRMC,151052.00,A,2454.23250,N,06708.26906,E,0.002,,050525,,,R,V*03
$GNVTG,,T,,M,0.002,N,0.003,K,D*39
$GNGGA,151052.00,2454.23250,N,06708.26906,E,4,12,0.63,21.8,M,-44.2,M,1.0,0293*73
$GNGSA,A,3,10,27,28,32,31,01,02,08,23,,,,1.31,0.63,1.14,1*04
$GNGSA,A,3,87,81,74,88,75,65,66,72,,,,,1.31,0.63,1.14,2*01
$GNGSA,A,3,08,03,15,,,,,,,,,,1.31,0.63,1.14,3*0E
$GNGSA,A,3,08,09,06,13,20,16,29,32,38,39,,,1.31,0.63,1.14,4*0D
$GNGSA,A,3,04,07,,,,,,,,,,,1.31,0.63,1.14,5*04
$GPGSV,4,1,13,01,15,321,35,02,42,312,45,08,18,258,36,10,45,062,48,1*66
$GPGSV,4,2,13,23,13,097,38,25,05,090,36,27,18,219,39,28,64,140,47,1*6A
$GPGSV,4,3,13,31,43,179,46,32,52,016,47,36,34,246,42,40,59,208,48,1*61
$GPGSV,4,4,13,41,56,146,47,1*50
$GPGSV,3,1,09,01,15,321,37,08,18,258,38,10,45,062,46,23,13,097,35,6*61
$GPGSV,3,2,09,25,05,090,35,27,18,219,39,28,64,140,48,31,43,179,45,6*60
$GPGSV,3,3,09,32,52,016,46,6*59
$GPGSV,1,1,03,18,00,147,,26,03,176,,49,17,257,,0*51
$GLGSV,3,1,10,65,42,342,46,66,25,284,44,72,17,042,43,74,13,052,40,1*70
$GLGSV,3,2,10,75,25,103,47,76,08,159,38,81,16,329,41,87,36,183,46,1*72
$GLGSV,3,3,10,88,59,283,51,,,,41,1*4D
$GLGSV,2,1,08,65,42,342,12,66,25,284,42,72,17,042,44,75,25,103,45,3*7E
$GLGSV,2,2,08,76,08,159,42,81,16,329,41,87,36,183,07,88,59,283,48,3*7D
$GAGSV,2,1,07,03,51,022,52,05,06,048,43,07,13,242,32,08,58,276,51,2*78
$GAGSV,2,2,07,13,32,323,49,15,86,275,53,34,37,147,50,2*45
$GAGSV,2,1,08,03,51,022,46,05,06,048,39,07,13,242,32,08,58,276,47,7*7D
$GAGSV,2,2,08,13,32,323,44,15,86,275,47,18,15,278,31,34,37,147,43,7*77
$GAGSV,1,1,02,02,04,144,,25,02,097,,0*7A
$GBGSV,2,1,08,08,34,082,42,09,63,117,47,13,47,067,45,20,50,337,49,1*7A
$GBGSV,2,2,08,29,44,271,47,32,30,051,45,38,27,094,44,39,51,059,47,1*77
$GBGSV,2,1,05,06,61,085,48,08,34,082,46,09,63,117,49,13,47,067,48,B*0E
$GBGSV,2,2,05,16,56,072,48,B*3D
$GBGSV,4,1,14,01,03,095,,02,58,140,,03,35,113,,05,62,201,,0*77
$GBGSV,4,2,14,10,04,161,,19,22,286,,23,16,059,,27,01,161,,0*7B
$GBGSV,4,3,14,30,36,196,,35,06,319,,37,35,110,,59,08,095,,0*7C
$GBGSV,4,4,14,60,60,149,,61,35,113,,0*7C
$GQGSV,1,1,02,04,20,074,39,07,19,104,33,1*62
$GQGSV,1,1,02,04,20,074,36,07,19,104,46,6*68
$GNGLL,2454.23250,N,06708.26906,E,151052.00,A,D*73
$GNRMC,151053.00,A,2454.23250,N,06708.26906,E,0.007,,050525,,,R,V*07
$GNVTG,,T,,M,0.007,N,0.013,K,D*3D
$GNGGA,151053.00,2454.23250,N,06708.26906,E,4,12,0.63,21.8,M,-44.2,M,1.0,0293*72
$GNGSA,A,3,10,27,28,32,31,01,02,08,23,,,,1.31,0.63,1.14,1*04
$GNGSA,A,3,87,81,74,88,75,65,66,72,,,,,1.31,0.63,1.14,2*01
$GNGSA,A,3,08,03,15,,,,,,,,,,1.31,0.63,1.14,3*0E
$GNGSA,A,3,08,09,06,13,20,16,29,32,38,39,,,1.31,0.63,1.14,4*0D
$GNGSA,A,3,04,07,,,,,,,,,,,1.31,0.63,1.14,5*04
$GPGSV,4,1,13,01,15,321,35,02,42,312,45,08,18,258,36,10,45,062,48,1*66
$GPGSV,4,2,13,23,13,097,38,25,05,090,36,27,18,219,39,28,64,140,47,1*6A
$GPGSV,4,3,13,31,43,179,46,32,52,016,47,36,34,246,42,40,59,208,48,1*61
$GPGSV,4,4,13,41,56,146,47,1*50
$GPGSV,3,1,09,01,15,321,37,08,18,258,38,10,45,062,46,23,13,097,35,6*61
$GPGSV,3,2,09,25,05,090,35,27,18,219,40,28,64,140,48,31,43,179,45,6*6E
$GPGSV,3,3,09,32,52,016,46,6*59
$GPGSV,1,1,03,18,00,147,,26,03,176,,49,17,257,,0*51
$GLGSV,3,1,10,65,42,342,46,66,25,284,44,72,17,042,43,74,13,052,40,1*70
$GLGSV,3,2,10,75,25,103,47,76,08,159,38,81,16,329,41,87,36,183,46,1*72
$GLGSV,3,3,10,88,59,283,51,,,,41,1*4D
$GLGSV,2,1,08,65,42,342,08,66,25,284,42,72,17,042,44,75,25,103,45,3*75
$GLGSV,2,2,08,76,08,159,42,81,16,329,41,87,36,183,10,88,59,283,48,3*7B
$GAGSV,2,1,07,03,51,022,52,05,06,048,43,07,13,242,32,08,58,276,51,2*78
$GAGSV,2,2,07,13,32,323,49,15,86,275,53,34,37,147,50,2*45
$GAGSV,2,1,08,03,51,022,46,05,06,048,39,07,13,242,31,08,58,276,47,7*7E
$GAGSV,2,2,08,13,32,323,44,15,86,275,47,18,15,278,30,34,37,147,43,7*76
$GAGSV,1,1,02,02,04,144,,25,02,097,,0*7A
$GBGSV,2,1,08,08,34,082,42,09,63,117,47,13,47,067,45,20,50,337,49,1*7A
$GBGSV,2,2,08,29,44,271,47,32,30,051,45,38,27,094,43,39,51,059,47,1*70
$GBGSV,2,1,05,06,61,085,48,08,34,082,46,09,63,117,49,13,47,067,48,B*0E
$GBGSV,2,2,05,16,56,072,48,B*3D
$GBGSV,4,1,14,01,03,095,,02,58,140,,03,35,113,,05,62,201,,0*77
$GBGSV,4,2,14,10,04,161,,19,22,286,,23,16,059,,27,01,161,,0*7B
$GBGSV,4,3,14,30,36,196,,35,06,319,,37,35,110,,59,08,095,,0*7C
$GBGSV,4,4,14,60,60,149,,61,35,113,,0*7C
$GQGSV,1,1,02,04,20,074,39,07,19,104,33,1*62
$GQGSV,1,1,02,04,20,074,36,07,19,104,46,6*68
$GNGLL,2454.23250,N,06708.26906,E,151053.00,A,D*72
$GNRMC,151054.00,A,2454.23250,N,06708.26906,E,0.005,,050525,,,R,V*02
$GNVTG,,T,,M,0.005,N,0.010,K,D*3C
$GNGGA,151054.00,2454.23250,N,06708.26906,E,4,12,0.63,21.8,M,-44.2,M,1.0,0293*75
$GNGSA,A,3,10,27,28,32,31,01,02,08,23,,,,1.31,0.63,1.14,1*04
$GNGSA,A,3,87,81,74,88,75,65,66,72,,,,,1.31,0.63,1.14,2*01
$GNGSA,A,3,08,03,15,,,,,,,,,,1.31,0.63,1.14,3*0E
$GNGSA,A,3,08,09,06,13,20,16,29,32,38,39,,,1.31,0.63,1.14,4*0D
$GNGSA,A,3,04,07,,,,,,,,,,,1.31,0.63,1.14,5*04
$GPGSV,4,1,13,01,15,321,35,02,42,312,45,08,18,258,36,10,45,062,48,1*66
$GPGSV,4,2,13,23,13,097,38,25,05,090,35,27,18,219,39,28,64,140,47,1*69
$GPGSV,4,3,13,31,43,179,46,32,52,016,47,36,34,246,42,40,59,208,48,1*61
$GPGSV,4,4,13,41,56,146,47,1*50
$GPGSV,3,1,09,01,15,321,37,08,18,258,38,10,45,062,46,23,13,097,36,6*62
$GPGSV,3,2,09,25,05,090,36,27,18,219,39,28,64,140,48,31,43,179,45,6*63
$GPGSV,3,3,09,32,52,016,46,6*59
$GPGSV,1,1,03,18,00,147,,26,03,176,,49,17,257,,0*51
$GLGSV,3,1,10,65,42,342,46,66,25,284,44,72,17,042,43,74,13,052,39,1*7E
$GLGSV,3,2,10,75,25,103,47,76,08,159,38,81,16,329,41,87,36,183,46,1*72
$GLGSV,3,3,10,88,59,283,51,,,,41,1*4D
$GLGSV,2,1,08,65,42,342,10,66,25,284,43,72,17,042,44,75,25,103,45,3*7D
$GLGSV,2,2,08,76,08,159,42,81,16,329,41,87,36,183,09,88,59,283,48,3*73
$GAGSV,2,1,07,03,51,022,52,05,06,048,43,07,13,242,31,08,58,276,51,2*7B
$GAGSV,2,2,07,13,32,323,49,15,86,275,53,34,37,147,50,2*45
$GAGSV,2,1,08,03,51,022,46,05,06,048,39,07,13,242,32,08,58,276,47,7*7D
$GAGSV,2,2,08,13,32,323,44,15,86,275,47,18,15,276,30,34,37,147,43,7*78
$GAGSV,1,1,02,02,04,144,,25,02,097,,0*7A
$GBGSV,2,1,08,08,34,082,42,09,63,117,47,13,47,067,45,20,50,337,49,1*7A
$GBGSV,2,2,08,29,44,271,48,32,30,051,45,38,27,094,43,39,51,059,47,1*7F
$GBGSV,2,1,05,06,61,085,48,08,34,082,46,09,63,117,49,13,47,067,48,B*0E
$GBGSV,2,2,05,16,56,072,48,B*3D
$GBGSV,4,1,14,01,03,095,,02,58,140,,03,35,113,,05,62,201,,0*77
$GBGSV,4,2,14,10,04,161,,19,22,286,,23,16,059,,27,01,161,,0*7B
$GBGSV,4,3,14,30,36,196,,35,06,319,,37,35,110,,59,08,095,,0*7C
$GBGSV,4,4,14,60,60,149,,61,35,113,,0*7C
$GQGSV,1,1,02,04,20,074,39,07,19,104,33,1*62
$GQGSV,1,1,02,04,20,074,36,07,19,104,46,6*68
$GNGLL,2454.23250,N,06708.26906,E,151054.00,A,D*75
$GNRMC,151055.00,A,2454.23250,N,06708.26906,E,0.001,,050525,,,R,V*07
$GNVTG,,T,,M,0.001,N,0.002,K,D*3B
$GNGGA,151055.00,2454.23250,N,06708.26906,E,4,12,0.63,21.8,M,-44.2,M,1.0,0293*74
$GNGSA,A,3,10,27,28,32,31,01,02,08,23,,,,1.31,0.63,1.14,1*04
$GNGSA,A,3,87,81,74,88,75,65,66,72,,,,,1.31,0.63,1.14,2*01
$GNGSA,A,3,08,03,15,,,,,,,,,,1.31,0.63,1.14,3*0E
$GNGSA,A,3,08,09,06,13,20,16,29,32,38,39,,,1.31,0.63,1.14,4*0D
$GNGSA,A,3,04,07,,,,,,,,,,,1.31,0.63,1.14,5*04
$GPGSV,4,1,13,01,15,321,35,02,42,312,45,08,18,258,36,10,45,062,48,1*66
$GPGSV,4,2,13,23,13,097,38,25,05,090,35,27,18,219,39,28,64,140,47,1*69
$GPGSV,4,3,13,31,43,179,46,32,52,016,47,36,34,246,42,40,59,208,48,1*61
$GPGSV,4,4,13,41,56,146,47,1*50
$GPGSV,3,1,09,01,15,321,37,08,18,258,38,10,45,062,46,23,13,097,36,6*62
$GPGSV,3,2,09,25,05,090,35,27,18,219,39,28,64,140,48,31,43,179,45,6*60
$GPGSV,3,3,09,32,52,016,46,6*59
$GPGSV,1,1,03,18,00,147,,26,03,176,,49,17,257,,0*51
$GLGSV,3,1,10,65,42,342,46,66,25,284,44,72,17,042,43,74,13,052,39,1*7E
$GLGSV,3,2,10,75,25,103,47,76,08,159,38,81,16,329,41,87,36,183,46,1*72
$GLGSV,3,3,10,88,59,283,51,,,,41,1*4D
$GLGSV,2,1,08,65,42,342,08,66,25,284,43,72,17,042,44,75,25,103,45,3*74
$GLGSV,2,2,08,76,08,159,41,81,16,329,41,87,36,183,07,88,59,283,48,3*7E
$GAGSV,2,1,07,03,51,022,52,05,06,048,43,07,13,242,31,08,58,276,51,2*7B
$GAGSV,2,2,07,13,32,323,50,15,86,275,53,34,37,147,50,2*4D
$GAGSV,2,1,08,03,51,022,46,05,06,048,39,07,13,242,31,08,58,276,47,7*7E
$GAGSV,2,2,08,13,32,323,44,15,86,275,47,18,15,276,30,34,37,147,43,7*78
$GAGSV,1,1,02,02,04,144,,25,02,097,,0*7A
$GBGSV,2,1,08,08,34,082,42,09,63,117,47,13,47,067,45,20,50,337,49,1*7A
$GBGSV,2,2,08,29,44,271,48,32,30,051,45,38,27,094,44,39,51,059,47,1*78
$GBGSV,2,1,05,06,61,085,48,08,34,082,46,09,63,117,49,13,47,067,48,B*0E
$GBGSV,2,2,05,16,56,072,48,B*3D
$GBGSV,4,1,14,01,03,095,,02,58,140,,03,35,113,,05,62,201,,0*77
$GBGSV,4,2,14,10,04,161,,19,22,286,,23,16,059,,27,01,161,,0*7B
$GBGSV,4,3,14,30,36,196,,35,06,319,,37,35,110,,59,08,095,,0*7C
$GBGSV,4,4,14,60,60,149,,61,35,113,,0*7C
$GQGSV,1,1,02,04,20,074,39,07,19,104,33,1*62
$GQGSV,1,1,02,04,20,074,37,07,19,104,46,6*69
$GNGLL,2454.23250,N,06708.26906,E,151055.00,A,D*74
$GNRMC,151056.00,A,2454.23250,N,06708.26906,E,0.021,,050525,,,R,V*06
$GNVTG,,T,,M,0.021,N,0.038,K,D*30
$GNGGA,151056.00,2454.23250,N,06708.26906,E,4,12,0.63,21.8,M,-44.2,M,1.0,0293*77
$GNGSA,A,3,10,27,28,32,31,01,02,08,23,,,,1.31,0.63,1.14,1*04
$GNGSA,A,3,87,81,74,88,75,65,66,72,,,,,1.31,0.63,1.14,2*01
$GNGSA,A,3,08,03,15,,,,,,,,,,1.31,0.63,1.14,3*0E
$GNGSA,A,3,08,09,06,13,20,16,29,32,38,39,,,1.31,0.63,1.14,4*0D
$GNGSA,A,3,04,07,,,,,,,,,,,1.31,0.63,1.14,5*04
$GPGSV,4,1,13,01,15,321,35,02,42,312,45,08,18,258,36,10,45,062,48,1*66
$GPGSV,4,2,13,23,13,097,38,25,05,090,35,27,18,219,39,28,64,140,47,1*69
$GPGSV,4,3,13,31,43,179,46,32,52,016,47,36,34,246,42,40,59,208,48,1*61
$GPGSV,4,4,13,41,56,146,47,1*50
$GPGSV,3,1,09,01,15,321,37,08,18,258,38,10,45,062,46,23,13,097,36,6*62
$GPGSV,3,2,09,25,05,090,35,27,18,219,39,28,64,140,48,31,43,179,45,6*60
$GPGSV,3,3,09,32,52,016,46,6*59
$GPGSV,1,1,03,18,00,147,,26,03,176,,49,17,257,,0*51
$GLGSV,3,1,10,65,42,342,46,66,25,284,44,72,17,042,43,74,13,052,40,1*70
$GLGSV,3,2,10,75,25,103,47,76,08,159,38,81,16,329,41,87,36,183,46,1*72
$GLGSV,3,3,10,88,59,283,51,,,,41,1*4D
$GLGSV,2,1,08,65,42,342,10,66,25,284,43,72,17,042,44,75,25,103,45,3*7D
$GLGSV,2,2,08,76,08,159,41,81,16,329,41,87,36,183,11,88,59,283,48,3*79
$GAGSV,2,1,07,03,51,022,52,05,06,048,43,07,13,242,31,08,58,276,51,2*7B
$GAGSV,2,2,07,13,32,323,50,15,86,275,53,34,37,147,50,2*4D
$GAGSV,2,1,08,03,51,022,46,05,06,048,39,07,13,242,31,08,58,276,47,7*7E
$GAGSV,2,2,08,13,32,323,44,15,86,275,47,18,15,276,30,34,37,147,43,7*78
$GAGSV,1,1,02,02,04,144,,25,02,097,,0*7A
$GBGSV,2,1,08,08,34,082,42,09,63,117,47,13,47,067,45,20,50,337,49,1*7A
$GBGSV,2,2,08,29,44,271,47,32,30,051,45,38,27,094,44,39,51,059,47,1*77
$GBGSV,2,1,05,06,61,085,48,08,34,082,46,09,63,117,49,13,47,067,48,B*0E
$GBGSV,2,2,05,16,56,072,48,B*3D
$GBGSV,4,1,14,01,03,095,,02,58,140,,03,35,113,,05,62,201,,0*77
$GBGSV,4,2,14,10,04,161,,19,22,286,,23,16,059,,27,01,161,,0*7B
$GBGSV,4,3,14,30,36,196,,35,06,319,,37,35,110,,59,08,095,,0*7C
$GBGSV,4,4,14,60,60,149,,61,35,113,,0*7C
$GQGSV,1,1,02,04,20,074,38,07,19,104,33,1*63
$GQGSV,1,1,02,04,20,074,36,07,19,104,46,6*68
$GNGLL,2454.23250,N,06708.26906,E,151056.00,A,D*77
$GNRMC,151057.00,A,2454.23250,N,06708.26906,E,0.011,,050525,,,R,V*04
$GNVTG,,T,,M,0.011,N,0.020,K,D*3A
$GNGGA,151057.00,2454.23250,N,06708.26906,E,4,12,0.63,21.8,M,-44.2,M,1.0,0293*76
$GNGSA,A,3,10,27,28,32,31,01,02,08,23,,,,1.31,0.63,1.14,1*04
$GNGSA,A,3,87,81,74,88,75,65,66,72,,,,,1.31,0.63,1.14,2*01
$GNGSA,A,3,08,03,15,,,,,,,,,,1.31,0.63,1.14,3*0E
$GNGSA,A,3,08,09,06,13,20,16,29,32,38,39,,,1.31,0.63,1.14,4*0D
$GNGSA,A,3,04,07,,,,,,,,,,,1.31,0.63,1.14,5*04
$GPGSV,4,1,13,01,15,321,35,02,42,312,45,08,18,258,36,10,45,062,48,1*66
$GPGSV,4,2,13,23,13,097,38,25,05,090,35,27,18,219,39,28,64,140,47,1*69
$GPGSV,4,3,13,31,43,179,46,32,52,016,47,36,34,246,42,40,59,208,48,1*61
$GPGSV,4,4,13,41,56,146,47,1*50
$GPGSV,3,1,09,01,15,321,37,08,18,258,38,10,45,062,46,23,13,097,36,6*62
$GPGSV,3,2,09,25,05,090,35,27,18,219,39,28,64,140,48,31,43,179,45,6*60
$GPGSV,3,3,09,32,52,016,46,6*59
$GPGSV,1,1,03,18,00,147,,26,03,176,,49,17,257,,0*51
$GLGSV,3,1,10,65,42,342,46,66,25,284,44,72,17,042,43,74,13,052,39,1*7E
$GLGSV,3,2,10,75,25,103,47,76,08,159,38,81,16,329,41,87,36,183,46,1*72
$GLGSV,3,3,10,88,59,283,51,,,,40,1*4C
$GLGSV,2,1,08,65,42,342,08,66,25,284,43,72,17,042,44,75,25,103,45,3*74
$GLGSV,2,2,08,76,08,159,41,81,16,329,41,87,36,183,11,88,59,283,48,3*79
$GAGSV,2,1,07,03,51,022,52,05,06,048,43,07,13,242,31,08,58,276,51,2*7B
$GAGSV,2,2,07,13,32,323,50,15,86,275,53,34,37,147,50,2*4D
$GAGSV,2,1,08,03,51,022,46,05,06,048,39,07,13,242,31,08,58,276,47,7*7E
$GAGSV,2,2,08,13,32,323,44,15,86,275,47,18,15,276,30,34,37,147,43,7*78
$GAGSV,1,1,02,02,04,144,,25,02,097,,0*7A
$GBGSV,2,1,08,08,34,082,42,09,63,117,47,13,47,067,45,20,50,337,49,1*7A
$GBGSV,2,2,08,29,44,271,48,32,30,051,45,38,27,094,44,39,51,059,47,1*78
$GBGSV,2,1,05,06,61,085,48,08,34,082,46,09,63,117,49,13,47,067,48,B*0E
$GBGSV,2,2,05,16,56,072,48,B*3D
$GBGSV,4,1,14,01,03,095,,02,58,140,,03,35,113,,05,62,201,,0*77
$GBGSV,4,2,14,10,04,161,,19,22,286,,23,16,059,,27,01,161,,0*7B
$GBGSV,4,3,14,30,36,196,,35,06,319,,37,35,110,,59,08,095,,0*7C
$GBGSV,4,4,14,60,60,149,,61,35,113,,0*7C
$GQGSV,1,1,02,04,20,074,38,07,19,104,33,1*63
$GQGSV,1,1,02,04,20,074,37,07,19,104,46,6*69
$GNGLL,2454.23250,N,06708.26906,E,151057.00,A,D*76
$GNRMC,151058.00,A,2454.23250,N,06708.26906,E,0.004,,050525,,,R,V*0F
$GNVTG,,T,,M,0.004,N,0.008,K,D*34
$GNGGA,151058.00,2454.23250,N,06708.26906,E,4,12,0.63,21.8,M,-44.2,M,1.0,0293*79
$GNGSA,A,3,10,27,28,32,31,01,02,08,23,,,,1.31,0.63,1.14,1*04
$GNGSA,A,3,87,81,74,88,75,65,66,72,,,,,1.31,0.63,1.14,2*01
$GNGSA,A,3,08,03,15,,,,,,,,,,1.31,0.63,1.14,3*0E
$GNGSA,A,3,08,09,06,13,20,16,29,32,38,39,,,1.31,0.63,1.14,4*0D
$GNGSA,A,3,04,07,,,,,,,,,,,1.31,0.63,1.14,5*04
$GPGSV,4,1,13,01,15,321,35,02,42,312,45,08,18,258,36,10,45,062,48,1*66
$GPGSV,4,2,13,23,13,097,38,25,05,090,35,27,18,219,39,28,64,140,47,1*69
$GPGSV,4,3,13,31,43,179,46,32,52,016,48,36,34,246,42,40,59,208,48,1*6E
$GPGSV,4,4,13,41,56,146,47,1*50
$GPGSV,3,1,09,01,15,321,37,08,18,258,38,10,45,062,46,23,13,097,36,6*62
$GPGSV,3,2,09,25,05,090,36,27,18,219,40,28,64,140,48,31,43,179,45,6*6D
$GPGSV,3,3,09,32,52,016,46,6*59
$GPGSV,1,1,03,18,00,147,,26,03,176,,49,17,257,,0*51
$GLGSV,3,1,10,65,42,342,46,66,25,284,44,72,17,042,43,74,13,052,40,1*70
$GLGSV,3,2,10,75,25,103,47,76,08,159,38,81,16,329,41,87,36,183,46,1*72
$GLGSV,3,3,10,88,59,283,51,,,,40,1*4C
$GLGSV,3,1,09,65,42,342,10,66,25,284,43,72,17,042,44,75,25,103,45,3*7D
$GLGSV,3,2,09,76,08,159,41,81,16,329,41,87,36,183,06,88,59,283,48,3*7F
$GLGSV,3,3,09,,,,44,3*73
$GAGSV,2,1,07,03,51,022,51,05,06,048,42,07,13,242,31,08,58,276,51,2*79
$GAGSV,2,2,07,13,32,323,49,15,86,275,53,34,37,147,50,2*45
$GAGSV,2,1,08,03,51,022,46,05,06,048,39,07,13,242,31,08,58,276,47,7*7E
$GAGSV,2,2,08,13,32,323,44,15,86,275,47,18,15,276,30,34,37,147,43,7*78
$GAGSV,1,1,02,02,04,144,,25,02,097,,0*7A
$GBGSV,2,1,08,08,34,082,42,09,63,117,47,13,47,067,45,20,50,337,49,1*7A
$GBGSV,2,2,08,29,44,271,48,32,30,051,45,38,27,094,44,39,51,059,47,1*78
$GBGSV,2,1,05,06,61,085,48,08,34,082,46,09,63,117,49,13,47,067,48,B*0E
$GBGSV,2,2,05,16,56,072,48,B*3D
$GBGSV,4,1,14,01,03,095,,02,58,140,,03,35,113,,05,62,201,,0*77
$GBGSV,4,2,14,10,04,161,,19,22,286,,23,16,059,,27,01,161,,0*7B
$GBGSV,4,3,14,30,36,196,,35,06,319,,37,35,110,,59,08,095,,0*7C
$GBGSV,4,4,14,60,60,149,,61,35,113,,0*7C
$GQGSV,1,1,02,04,20,074,38,07,19,104,33,1*63
$GQGSV,1,1,02,04,20,074,36,07,19,104,46,6*68
$GNGLL,2454.23250,N,06708.26906,E,151058.00,A,D*79
$GNRMC,151059.00,A,2454.23250,N,06708.26906,E,0.020,,050525,,,R,V*08
$GNVTG,,T,,M,0.020,N,0.037,K,D*3E
$GNGGA,151059.00,2454.23250,N,06708.26906,E,4,12,0.63,21.8,M,-44.2,M,1.0,0293*78
$GNGSA,A,3,10,27,28,32,31,01,02,08,23,,,,1.31,0.63,1.14,1*04
$GNGSA,A,3,87,81,74,88,75,65,66,72,,,,,1.31,0.63,1.14,2*01
$GNGSA,A,3,08,03,15,,,,,,,,,,1.31,0.63,1.14,3*0E
$GNGSA,A,3,08,09,06,13,20,16,29,32,38,39,,,1.31,0.63,1.14,4*0D
$GNGSA,A,3,04,07,,,,,,,,,,,1.31,0.63,1.14,5*04
$GPGSV,4,1,13,01,15,321,35,02,42,312,45,08,18,258,36,10,45,062,48,1*66
$GPGSV,4,2,13,23,13,097,38,25,05,090,35,27,18,219,39,28,64,140,47,1*69
$GPGSV,4,3,13,31,43,179,46,32,52,016,48,36,34,246,42,40,59,208,48,1*6E
$GPGSV,4,4,13,41,56,146,47,1*50
$GPGSV,3,1,09,01,15,321,37,08,18,258,38,10,45,062,46,23,13,097,35,6*61
$GPGSV,3,2,09,25,05,090,36,27,18,219,39,28,64,140,48,31,43,179,45,6*63
$GPGSV,3,3,09,32,52,016,46,6*59
$GPGSV,1,1,03,18,00,147,,26,03,176,,49,17,257,,0*51
$GLGSV,3,1,10,65,42,342,46,66,25,284,44,72,17,042,43,74,13,052,40,1*70
$GLGSV,3,2,10,75,25,103,47,76,08,159,38,81,16,329,41,87,36,183,46,1*72
$GLGSV,3,3,10,88,59,283,51,,,,40,1*4C
$GLGSV,3,1,09,65,42,342,07,66,25,284,43,72,17,042,44,75,25,103,45,3*7B
$GLGSV,3,2,09,76,08,159,41,81,16,329,41,87,36,183,09,88,59,283,48,3*70
$GLGSV,3,3,09,,,,44,3*73
$GAGSV,2,1,07,03,51,022,51,05,06,048,42,07,13,242,31,08,58,276,51,2*79
$GAGSV,2,2,07,13,32,323,49,15,86,275,52,34,37,147,50,2*44
$GAGSV,2,1,08,03,51,022,46,05,06,048,39,07,13,242,31,08,58,276,47,7*7E
$GAGSV,2,2,08,13,32,323,44,15,86,275,47,18,15,276,30,34,37,147,43,7*78
$GAGSV,1,1,02,02,04,144,,25,02,097,,0*7A
$GBGSV,2,1,08,08,34,082,42,09,63,117,47,13,47,067,45,20,50,337,49,1*7A
$GBGSV,2,2,08,29,44,271,47,32,30,051,45,38,27,094,44,39,51,059,47,1*77
$GBGSV,2,1,05,06,61,085,48,08,34,082,46,09,63,117,49,13,47,067,48,B*0E
$GBGSV,2,2,05,16,56,072,48,B*3D
$GBGSV,4,1,14,01,03,095,,02,58,140,,03,35,113,,05,62,201,,0*77
$GBGSV,4,2,14,10,04,161,,19,22,286,,23,16,059,,27,01,161,,0*7B
$GBGSV,4,3,14,30,36,196,,35,06,319,,37,35,110,,59,08,095,,0*7C
$GBGSV,4,4,14,60,60,149,,61,35,113,,0*7C
$GQGSV,1,1,02,04,20,074,38,07,19,104,33,1*63
$GQGSV,1,1,02,04,20,074,36,07,19,104,46,6*68
$GNGLL,2454.23250,N,06708.26906,E,151059.00,A,D*78
$GNRMC,151100.00,A,2454.23250,N,06708.26906,E,0.003,,050525,,,R,V*04
$GNVTG,,T,,M,0.003,N,0.006,K,D*3D
$GNGGA,151100.00,2454.23250,N,06708.26906,E,4,12,0.63,21.8,M,-44.2,M,1.0,0293*75
$GNGSA,A,3,10,27,28,32,31,01,02,08,23,,,,1.31,0.63,1.14,1*04
$GNGSA,A,3,87,81,74,88,75,65,66,72,,,,,1.31,0.63,1.14,2*01
$GNGSA,A,3,08,03,15,,,,,,,,,,1.31,0.63,1.14,3*0E
$GNGSA,A,3,08,09,06,13,20,16,29,32,38,39,,,1.31,0.63,1.14,4*0D
$GNGSA,A,3,04,07,,,,,,,,,,,1.31,0.63,1.14,5*04
$GPGSV,4,1,13,01,15,321,35,02,42,312,45,08,18,258,36,10,45,062,48,1*66
$GPGSV,4,2,13,23,13,097,38,25,05,090,35,27,18,219,39,28,64,140,47,1*69
$GPGSV,4,3,13,31,43,179,46,32,52,016,48,36,34,246,42,40,59,208,48,1*6E
$GPGSV,4,4,13,41,56,146,46,1*51
$GPGSV,3,1,09,01,15,321,37,08,18,258,38,10,45,062,46,23,13,097,36,6*62
$GPGSV,3,2,09,25,05,090,35,27,18,219,39,28,64,140,48,31,43,179,45,6*60
$GPGSV,3,3,09,32,52,016,46,6*59
$GPGSV,1,1,03,18,00,147,,26,03,176,,49,17,257,,0*51
$GLGSV,3,1,10,65,42,342,46,66,25,284,44,72,17,042,43,74,13,052,39,1*7E
$GLGSV,3,2,10,75,25,103,47,76,08,159,38,81,16,329,40,87,36,183,46,1*73
$GLGSV,3,3,10,88,59,283,51,,,,40,1*4C
$GLGSV,3,1,09,65,42,342,08,66,25,284,43,72,17,042,44,75,25,103,45,3*74
$GLGSV,3,2,09,76,08,159,40,81,16,329,41,87,36,183,10,88,59,283,48,3*79
$GLGSV,3,3,09,,,,44,3*73
$GAGSV,2,1,07,03,51,022,52,05,06,048,43,07,13,242,31,08,58,276,51,2*7B
$GAGSV,2,2,07,13,32,323,50,15,86,275,53,34,37,147,50,2*4D
$GAGSV,2,1,08,03,51,022,46,05,06,048,39,07,13,242,31,08,58,276,47,7*7E
$GAGSV,2,2,08,13,32,323,44,15,86,275,47,18,15,276,29,34,37,147,43,7*70
$GAGSV,1,1,02,02,04,144,,25,02,097,,0*7A
$GBGSV,2,1,08,08,34,082,42,09,63,117,47,13,47,067,45,20,50,337,49,1*7A
$GBGSV,2,2,08,29,44,271,47,32,30,051,45,38,27,094,44,39,51,059,47,1*77
$GBGSV,2,1,05,06,61,085,48,08,34,082,46,09,63,117,49,13,47,067,48,B*0E
$GBGSV,2,2,05,16,56,072,48,B*3D
$GBGSV,4,1,14,01,03,095,,02,58,140,,03,35,113,,05,62,201,,0*77
$GBGSV,4,2,14,10,04,161,,19,22,286,,23,16,059,,27,01,161,,0*7B
$GBGSV,4,3,14,30,36,196,,35,06,319,,37,35,110,,59,08,095,,0*7C
$GBGSV,4,4,14,60,60,149,,61,35,113,,0*7C
$GQGSV,1,1,02,04,20,074,38,07,19,104,33,1*63
$GQGSV,1,1,02,04,20,074,36,07,19,104,46,6*68
$GNGLL,2454.23250,N,06708.26906,E,151100.00,A,D*75
$GNRMC,151101.00,A,2454.23250,N,06708.26906,E,0.003,,050525,,,R,V*05
$GNVTG,,T,,M,0.003,N,0.006,K,D*3D
$GNGGA,151101.00,2454.23250,N,06708.26906,E,4,12,0.63,21.8,M,-44.2,M,1.0,0293*74
$GNGSA,A,3,10,27,28,32,31,01,02,08,23,,,,1.31,0.63,1.14,1*04
$GNGSA,A,3,87,81,74,88,75,65,66,72,,,,,1.31,0.63,1.14,2*01
$GNGSA,A,3,08,03,15,,,,,,,,,,1.31,0.63,1.14,3*0E
$GNGSA,A,3,08,09,06,13,20,16,29,32,38,39,,,1.31,0.63,1.14,4*0D
$GNGSA,A,3,04,07,,,,,,,,,,,1.31,0.63,1.14,5*04
$GPGSV,4,1,13,01,15,321,35,02,42,312,45,08,18,258,36,10,45,062,48,1*66
$GPGSV,4,2,13,23,13,097,38,25,05,090,35,27,18,219,39,28,64,140,47,1*69
$GPGSV,4,3,13,31,43,179,46,32,52,016,48,36,34,246,42,40,59,208,48,1*6E
$GPGSV,4,4,13,41,56,146,46,1*51
$GPGSV,3,1,09,01,15,321,37,08,18,258,37,10,45,062,46,23,13,097,36,6*6D
$GPGSV,3,2,09,25,05,090,36,27,18,219,39,28,64,140,48,31,43,179,45,6*63
$GPGSV,3,3,09,32,52,016,46,6*59
$GPGSV,1,1,03,18,00,147,,26,03,176,,49,17,257,,0*51
$GLGSV,3,1,10,65,42,342,46,66,25,284,44,72,17,042,43,74,13,052,39,1*7E
$GLGSV,3,2,10,75,25,103,47,76,08,159,38,81,16,329,41,87,36,183,46,1*72
$GLGSV,3,3,10,88,59,283,51,,,,41,1*4D
$GLGSV,3,1,09,65,42,342,08,66,25,284,43,72,17,042,44,75,25,103,45,3*74
$GLGSV,3,2,09,76,08,159,40,81,16,329,41,87,36,183,10,88,59,283,48,3*79
$GLGSV,3,3,09,,,,44,3*73
$GAGSV,2,1,07,03,51,022,52,05,06,048,43,07,13,242,31,08,58,276,51,2*7B
$GAGSV,2,2,07,13,32,323,50,15,86,275,53,34,37,147,50,2*4D
$GAGSV,2,1,08,03,51,022,46,05,06,048,39,07,13,242,31,08,58,276,47,7*7E
$GAGSV,2,2,08,13,32,323,44,15,86,275,47,18,15,276,29,34,37,147,43,7*70
$GAGSV,1,1,02,02,04,144,,25,02,097,,0*7A
$GBGSV,2,1,08,08,34,082,43,09,63,117,47,13,47,067,45,20,50,337,50,1*73
$GBGSV,2,2,08,29,44,271,48,32,30,051,45,38,27,094,44,39,51,059,47,1*78
$GBGSV,2,1,05,06,61,085,48,08,34,082,46,09,63,117,49,13,47,067,48,B*0E
$GBGSV,2,2,05,16,56,072,48,B*3D
$GBGSV,4,1,14,01,03,095,,02,58,140,,03,35,113,,05,62,201,,0*77
$GBGSV,4,2,14,10,04,161,,19,22,286,,23,16,059,,27,01,161,,0*7B
$GBGSV,4,3,14,30,36,196,,35,06,319,,37,35,110,,59,08,095,,0*7C
$GBGSV,4,4,14,60,60,149,,61,35,113,,0*7C
$GQGSV,1,1,02,04,20,074,38,07,19,104,33,1*63
$GQGSV,1,1,02,04,20,074,37,07,19,104,45,6*6A
$GNGLL,2454.23250,N,06708.26906,E,151101.00,A,D*74
$GNRMC,151102.00,A,2454.23250,N,06708.26906,E,0.009,,050525,,,R,V*0C
$GNVTG,,T,,M,0.009,N,0.016,K,D*36
$GNGGA,151102.00,2454.23250,N,06708.26906,E,4,12,0.63,21.8,M,-44.2,M,1.0,0293*77
$GNGSA,A,3,10,27,28,32,31,01,02,08,23,,,,1.31,0.63,1.14,1*04
$GNGSA,A,3,87,81,74,88,75,65,66,72,,,,,1.31,0.63,1.14,2*01
$GNGSA,A,3,08,03,15,,,,,,,,,,1.31,0.63,1.14,3*0E
$GNGSA,A,3,08,09,06,13,20,16,29,32,38,39,,,1.31,0.63,1.14,4*0D
$GNGSA,A,3,04,07,,,,,,,,,,,1.31,0.63,1.14,5*04
$GPGSV,4,1,13,01,15,321,34,02,42,312,45,08,18,258,36,10,45,062,48,1*67
$GPGSV,4,2,13,23,13,097,38,25,05,090,35,27,18,219,39,28,64,140,47,1*69
$GPGSV,4,3,13,31,43,179,46,32,52,016,48,36,34,246,42,40,59,208,48,1*6E
$GPGSV,4,4,13,41,56,146,47,1*50
$GPGSV,3,1,09,01,15,321,37,08,18,258,37,10,45,062,46,23,13,097,36,6*6D
$GPGSV,3,2,09,25,05,090,36,27,18,219,39,28,64,140,48,31,43,179,45,6*63
$GPGSV,3,3,09,32,52,016,46,6*59
$GPGSV,1,1,03,18,00,147,,26,03,176,,49,17,257,,0*51
$GLGSV,3,1,10,65,42,342,46,66,25,284,44,72,17,042,43,74,13,052,39,1*7E
$GLGSV,3,2,10,75,25,103,47,76,08,159,38,81,16,329,41,87,36,183,46,1*72
$GLGSV,3,3,10,88,59,283,51,,,,40,1*4C
$GLGSV,3,1,09,65,42,342,08,66,25,284,43,72,17,042,44,75,25,103,45,3*74
$GLGSV,3,2,09,76,08,159,40,81,16,329,41,87,36,183,10,88,59,283,48,3*79
$GLGSV,3,3,09,,,,44,3*73
$GAGSV,2,1,07,03,51,022,51,05,06,048,43,07,13,242,31,08,58,276,51,2*78
$GAGSV,2,2,07,13,32,323,49,15,86,275,53,34,37,147,50,2*45
$GAGSV,2,1,08,03,51,022,46,05,06,048,39,07,13,242,31,08,58,276,47,7*7E
$GAGSV,2,2,08,13,32,323,44,15,86,275,47,18,15,276,29,34,37,147,43,7*70
$GAGSV,1,1,02,02,04,144,,25,02,097,,0*7A
$GBGSV,2,1,08,08,34,082,42,09,63,117,47,13,47,067,45,20,50,337,50,1*72
$GBGSV,2,2,08,29,44,271,48,32,30,051,45,38,27,094,44,39,51,059,47,1*78
$GBGSV,2,1,05,06,61,085,48,08,34,082,46,09,63,117,49,13,47,067,48,B*0E
$GBGSV,2,2,05,16,56,072,48,B*3D
$GBGSV,4,1,14,01,03,095,,02,58,140,,03,35,113,,05,62,201,,0*77
$GBGSV,4,2,14,10,04,161,,19,22,286,,23,16,059,,27,01,161,,0*7B
$GBGSV,4,3,14,30,36,196,,35,06,319,,37,35,110,,59,08,095,,0*7C
$GBGSV,4,4,14,60,60,149,,61,35,113,,0*7C
$GQGSV,1,1,02,04,20,074,38,07,19,104,33,1*63
$GQGSV,1,1,02,04,20,074,37,07,19,104,45,6*6A
$GNGLL,2454.23250,N,06708.26906,E,151102.00,A,D*77
$GNRMC,151103.00,A,2454.23250,N,06708.26906,E,0.008,,050525,,,R,V*0C
$GNVTG,,T,,M,0.008,N,0.014,K,D*35
$GNGGA,151103.00,2454.23250,N,06708.26906,E,4,12,0.63,21.8,M,-44.2,M,1.0,0293*76
$GNGSA,A,3,10,27,28,32,31,01,02,08,23,,,,1.31,0.63,1.14,1*04
$GNGSA,A,3,87,81,74,88,75,65,66,72,,,,,1.31,0.63,1.14,2*01
$GNGSA,A,3,08,03,15,,,,,,,,,,1.31,0.63,1.14,3*0E
$GNGSA,A,3,08,09,06,13,20,16,29,32,38,39,,,1.31,0.63,1.14,4*0D
$GNGSA,A,3,04,07,,,,,,,,,,,1.31,0.63,1.14,5*04
$GPGSV,4,1,13,01,15,321,35,02,42,312,45,08,18,258,36,10,45,062,48,1*66
$GPGSV,4,2,13,23,13,097,38,25,05,090,35,27,18,219,39,28,64,140,47,1*69
$GPGSV,4,3,13,31,43,179,46,32,52,016,48,36,34,246,42,40,59,208,48,1*6E
$GPGSV,4,4,13,41,56,146,46,1*51
$GPGSV,3,1,09,01,15,321,37,08,18,258,37,10,45,062,46,23,13,097,36,6*6D
$GPGSV,3,2,09,25,05,090,36,27,18,219,39,28,64,140,48,31,43,179,45,6*63
$GPGSV,3,3,09,32,52,016,46,6*59
$GPGSV,1,1,03,18,00,147,,26,03,176,,49,17,257,,0*51
$GLGSV,3,1,10,65,42,342,46,66,25,284,44,72,17,042,43,74,13,052,39,1*7E
$GLGSV,3,2,10,75,25,103,47,76,08,159,38,81,16,329,41,87,36,183,46,1*72
$GLGSV,3,3,10,88,59,283,51,,,,40,1*4C
$GLGSV,2,1,08,66,25,284,43,72,17,042,44,75,25,103,45,76,08,159,40,3*7C
$GLGSV,2,2,08,81,16,329,41,87,36,183,03,88,59,283,48,,,,44,3*4B
$GAGSV,2,1,07,03,51,022,51,05,06,048,43,07,13,242,31,08,58,276,51,2*78
$GAGSV,2,2,07,13,32,323,49,15,86,275,53,34,37,147,50,2*45
$GAGSV,2,1,08,03,51,022,46,05,06,048,39,07,13,242,30,08,58,276,47,7*7F
$GAGSV,2,2,08,13,32,323,44,15,86,275,47,18,15,276,29,34,37,147,43,7*70
$GAGSV,1,1,02,02,04,144,,25,02,097,,0*7A
$GBGSV,2,1,08,08,34,082,42,09,63,117,47,13,47,067,45,20,50,337,50,1*72
$GBGSV,2,2,08,29,44,271,47,32,30,051,45,38,27,094,44,39,51,059,47,1*77
$GBGSV,2,1,05,06,61,085,48,08,34,082,46,09,63,117,49,13,47,067,48,B*0E
$GBGSV,2,2,05,16,56,072,48,B*3D
$GBGSV,4,1,14,01,03,095,,02,58,140,,03,35,113,,05,62,201,,0*77
$GBGSV,4,2,14,10,04,161,,19,22,286,,23,16,059,,27,01,161,,0*7B
$GBGSV,4,3,14,30,36,196,,35,06,319,,37,35,110,,59,08,095,,0*7C
$GBGSV,4,4,14,60,60,149,,61,35,113,,0*7C
$GQGSV,1,1,02,04,20,074,38,07,19,104,33,1*63
$GQGSV,1,1,02,04,20,074,37,07,19,104,45,6*6A
$GNGLL,2454.23250,N,06708.26906,E,151103.00,A,D*76
$GNRMC,151104.00,A,2454.23250,N,06708.26906,E,0.011,,050525,,,R,V*03
$GNVTG,,T,,M,0.011,N,0.021,K,D*3B
$GNGGA,151104.00,2454.23250,N,06708.26906,E,4,12,0.63,21.8,M,-44.2,M,1.0,0293*71
$GNGSA,A,3,10,27,28,32,31,01,02,08,23,,,,1.31,0.63,1.14,1*04
$GNGSA,A,3,87,81,74,88,75,65,66,72,,,,,1.31,0.63,1.14,2*01
$GNGSA,A,3,08,03,15,,,,,,,,,,1.31,0.63,1.14,3*0E
$GNGSA,A,3,08,09,06,13,20,16,29,32,38,39,,,1.31,0.63,1.14,4*0D
$GNGSA,A,3,04,07,,,,,,,,,,,1.31,0.63,1.14,5*04
$GPGSV,4,1,13,01,15,321,34,02,42,312,45,08,18,258,36,10,45,062,48,1*67
$GPGSV,4,2,13,23,13,097,38,25,05,090,34,27,18,219,39,28,64,140,47,1*68
$GPGSV,4,3,13,31,43,179,46,32,52,016,48,36,34,246,42,40,59,208,48,1*6E
$GPGSV,4,4,13,41,56,146,46,1*51
$GPGSV,3,1,09,01,15,321,37,08,18,258,37,10,45,062,46,23,13,097,37,6*6C
$GPGSV,3,2,09,25,05,090,35,27,18,219,39,28,64,140,49,31,43,179,45,6*61
$GPGSV,3,3,09,32,52,016,46,6*59
$GPGSV,1,1,03,18,00,147,,26,03,176,,49,17,257,,0*51
$GLGSV,3,1,10,65,42,342,45,66,25,284,44,72,17,042,43,74,13,052,39,1*7D
$GLGSV,3,2,10,75,25,103,47,76,08,159,38,81,16,329,41,87,36,183,46,1*72
$GLGSV,3,3,10,88,59,283,51,,,,41,1*4D
$GLGSV,3,1,09,65,42,342,05,66,25,284,43,72,17,042,44,75,25,103,45,3*79
$GLGSV,3,2,09,76,08,159,40,81,16,329,41,87,36,183,05,88,59,283,48,3*7D
$GLGSV,3,3,09,,,,44,3*73
$GAGSV,2,1,07,03,51,022,51,05,06,048,43,07,13,242,31,08,58,276,51,2*78
$GAGSV,2,2,07,13,32,323,49,15,86,275,53,34,37,147,50,2*45
$GAGSV,2,1,08,03,51,022,46,05,06,048,39,07,13,242,30,08,58,276,47,7*7F
$GAGSV,2,2,08,13,32,323,44,15,86,275,47,18,15,276,29,34,37,147,43,7*70
$GAGSV,1,1,02,02,04,144,,25,02,097,,0*7A
$GBGSV,2,1,08,08,34,082,43,09,63,117,47,13,47,067,45,20,50,337,50,1*73
$GBGSV,2,2,08,29,44,271,47,32,30,051,45,38,27,094,44,39,51,059,47,1*77
$GBGSV,2,1,06,06,61,085,48,08,34,082,46,09,63,117,49,13,47,067,48,B*0D
$GBGSV,2,2,06,16,56,072,48,29,44,271,13,B*03
$GBGSV,4,1,14,01,03,095,,02,58,140,,03,35,113,,05,62,201,,0*77
$GBGSV,4,2,14,10,04,161,,19,22,286,,23,16,059,,27,01,161,,0*7B
$GBGSV,4,3,14,30,36,196,,35,06,319,,37,35,110,,59,08,095,,0*7C
$GBGSV,4,4,14,60,60,149,,61,35,113,,0*7C
$GQGSV,1,1,02,04,20,074,38,07,19,104,33,1*63
$GQGSV,1,1,02,04,20,074,36,07,19,104,45,6*6B
$GNGLL,2454.23250,N,06708.26906,E,151104.00,A,D*71
$GNRMC,151105.00,A,2454.23250,N,06708.26906,E,0.007,,050525,,,R,V*05
$GNVTG,,T,,M,0.007,N,0.014,K,D*3A
$GNGGA,151105.00,2454.23250,N,06708.26906,E,4,12,0.63,21.8,M,-44.2,M,1.0,0293*70
$GNGSA,A,3,10,27,28,32,31,01,02,08,23,,,,1.31,0.63,1.14,1*04
$GNGSA,A,3,87,81,74,88,75,65,66,72,,,,,1.31,0.63,1.14,2*01
$GNGSA,A,3,08,03,15,,,,,,,,,,1.31,0.63,1.14,3*0E
$GNGSA,A,3,08,09,06,13,20,16,29,32,38,39,,,1.31,0.63,1.14,4*0D
$GNGSA,A,3,04,07,,,,,,,,,,,1.31,0.63,1.14,5*04
$GPGSV,4,1,13,01,15,321,34,02,42,312,45,08,18,258,36,10,45,062,48,1*67
$GPGSV,4,2,13,23,13,097,38,25,05,090,34,27,18,219,38,28,64,140,47,1*69
$GPGSV,4,3,13,31,43,179,46,32,52,016,48,36,34,246,42,40,59,208,48,1*6E
$GPGSV,4,4,13,41,56,146,46,1*51
$GPGSV,3,1,09,01,15,321,37,08,18,258,37,10,45,062,46,23,13,097,37,6*6C
$GPGSV,3,2,09,25,05,090,35,27,18,219,39,28,64,140,49,31,43,179,45,6*61
$GPGSV,3,3,09,32,52,016,46,6*59
$GPGSV,1,1,03,18,00,147,,26,03,176,,49,17,257,,0*51
$GLGSV,3,1,10,65,42,342,45,66,25,284,44,72,17,042,43,74,13,052,39,1*7D
$GLGSV,3,2,10,75,25,103,47,76,08,159,38,81,16,329,40,87,36,183,46,1*73
$GLGSV,3,3,10,88,59,283,51,,,,41,1*4D
$GLGSV,3,1,09,65,42,342,06,66,25,284,43,72,17,042,44,75,25,103,45,3*7A
$GLGSV,3,2,09,76,08,159,40,81,16,329,41,87,36,183,07,88,59,283,48,3*7F
$GLGSV,3,3,09,,,,44,3*73
$GAGSV,2,1,07,03,51,022,51,05,06,048,43,07,13,242,31,08,58,276,51,2*78
$GAGSV,2,2,07,13,32,323,49,15,86,275,53,34,37,147,50,2*45
$GAGSV,2,1,08,03,51,022,46,05,06,048,40,07,13,242,30,08,58,276,47,7*71
$GAGSV,2,2,08,13,32,323,44,15,86,275,47,18,15,276,29,34,37,147,43,7*70
$GAGSV,1,1,02,02,04,144,,25,02,097,,0*7A
$GBGSV,2,1,08,08,34,082,43,09,63,117,47,13,47,067,45,20,50,337,50,1*73
$GBGSV,2,2,08,29,44,271,48,32,30,051,46,38,27,094,43,39,51,059,47,1*7C
$GBGSV,2,1,06,06,61,085,48,08,34,082,46,09,63,117,49,13,47,067,48,B*0D
$GBGSV,2,2,06,16,56,072,48,29,44,271,11,B*01
$GBGSV,4,1,14,01,03,095,,02,58,140,,03,35,113,,05,62,201,,0*77
$GBGSV,4,2,14,10,04,161,,19,22,286,,23,16,059,,27,01,161,,0*7B
$GBGSV,4,3,14,30,36,196,,35,06,319,,37,35,110,,59,08,095,,0*7C
$GBGSV,4,4,14,60,60,149,,61,35,113,,0*7C
$GQGSV,1,1,02,04,20,074,38,07,19,104,33,1*63
$GQGSV,1,1,02,04,20,074,37,07,19,104,45,6*6A
$GNGLL,2454.23250,N,06708.26906,E,151105.00,A,D*70
$GNRMC,151106.00,A,2454.23250,N,06708.26906,E,0.010,,050525,,,R,V*00
$GNVTG,,T,,M,0.010,N,0.018,K,D*30
$GNGGA,151106.00,2454.23250,N,06708.26906,E,4,12,0.63,21.8,M,-44.2,M,1.0,0293*73
$GNGSA,A,3,10,27,28,32,31,01,02,08,23,,,,1.31,0.63,1.14,1*04
$GNGSA,A,3,87,81,74,88,75,65,66,72,,,,,1.31,0.63,1.14,2*01
$GNGSA,A,3,08,03,15,,,,,,,,,,1.31,0.63,1.14,3*0E
$GNGSA,A,3,08,09,06,13,20,16,29,32,38,39,,,1.31,0.63,1.14,4*0D
$GNGSA,A,3,04,07,,,,,,,,,,,1.31,0.63,1.14,5*04
$GPGSV,4,1,13,01,15,321,34,02,42,312,45,08,18,258,36,10,45,062,48,1*67
$GPGSV,4,2,13,23,13,097,38,25,05,090,34,27,18,219,39,28,64,140,47,1*68
$GPGSV,4,3,13,31,43,179,46,32,52,016,48,36,34,246,42,40,59,208,48,1*6E
$GPGSV,4,4,13,41,56,146,47,1*50
$GPGSV,3,1,09,01,15,321,38,08,18,258,37,10,45,062,46,23,13,097,36,6*62
$GPGSV,3,2,09,25,05,090,35,27,18,219,39,28,64,140,49,31,43,179,45,6*61
$GPGSV,3,3,09,32,52,016,46,6*59
$GPGSV,1,1,03,18,00,147,,26,03,176,,49,17,257,,0*51
$GLGSV,3,1,10,65,42,342,45,66,25,284,44,72,17,042,43,74,13,052,39,1*7D
$GLGSV,3,2,10,75,25,103,47,76,08,159,38,81,16,329,40,87,36,183,46,1*73
$GLGSV,3,3,10,88,59,283,51,,,,41,1*4D
$GLGSV,3,1,09,65,42,342,07,66,25,284,43,72,17,042,44,75,25,103,45,3*7B
$GLGSV,3,2,09,76,08,159,40,81,16,329,41,87,36,183,08,88,59,283,48,3*70
$GLGSV,3,3,09,,,,44,3*73
$GAGSV,2,1,07,03,51,022,51,05,06,048,43,07,13,242,31,08,58,276,51,2*78
$GAGSV,2,2,07,13,32,323,49,15,86,275,53,34,37,147,50,2*45
$GAGSV,2,1,08,03,51,022,46,05,06,048,40,07,13,242,30,08,58,276,47,7*71
$GAGSV,2,2,08,13,32,323,44,15,86,275,47,18,15,276,29,34,37,147,43,7*70
$GAGSV,1,1,02,02,04,144,,25,02,097,,0*7A
$GBGSV,2,1,08,08,34,082,43,09,63,117,47,13,47,067,45,20,50,337,50,1*73
$GBGSV,2,2,08,29,44,271,47,32,30,051,46,38,27,094,43,39,51,059,47,1*73
$GBGSV,2,1,06,06,61,085,47,08,34,082,45,09,63,117,48,13,47,067,47,B*0F
$GBGSV,2,2,06,16,56,072,48,29,44,271,09,B*08
$GBGSV,4,1,14,01,03,095,,02,58,140,,03,35,113,,05,62,201,,0*77
$GBGSV,4,2,14,10,04,161,,19,22,286,,23,16,059,,27,01,161,,0*7B
$GBGSV,4,3,14,30,36,196,,35,06,319,,37,35,110,,59,08,095,,0*7C
$GBGSV,4,4,14,60,60,149,,61,35,113,,0*7C
$GQGSV,1,1,02,04,20,074,38,07,19,104,33,1*63
$GQGSV,1,1,02,04,20,074,37,07,19,104,46,6*69
$GNGLL,2454.23250,N,06708.26906,E,151106.00,A,D*73
$GNRMC,151107.00,A,2454.23250,N,06708.26906,E,0.004,,050525,,,R,V*04
$GNVTG,,T,,M,0.004,N,0.008,K,D*34
$GNGGA,151107.00,2454.23250,N,06708.26906,E,4,12,0.63,21.8,M,-44.2,M,1.0,0293*72
$GNGSA,A,3,10,27,28,32,31,01,02,08,23,,,,1.31,0.63,1.14,1*04
$GNGSA,A,3,87,81,74,88,75,65,66,72,,,,,1.31,0.63,1.14,2*01
$GNGSA,A,3,08,03,15,,,,,,,,,,1.31,0.63,1.14,3*0E
$GNGSA,A,3,08,09,06,13,20,16,29,32,38,39,,,1.31,0.63,1.14,4*0D
$GNGSA,A,3,04,07,,,,,,,,,,,1.31,0.63,1.14,5*04
$GPGSV,4,1,13,01,15,321,34,02,42,312,45,08,18,258,36,10,45,062,48,1*67
$GPGSV,4,2,13,23,13,097,38,25,05,090,34,27,18,219,39,28,64,140,47,1*68
$GPGSV,4,3,13,31,43,179,46,32,52,016,48,36,34,246,42,40,59,208,48,1*6E
$GPGSV,4,4,13,41,56,146,47,1*50
$GPGSV,3,1,09,01,15,321,38,08,18,258,37,10,45,062,46,23,13,097,36,6*62
$GPGSV,3,2,09,25,05,090,35,27,18,219,39,28,64,140,49,31,43,179,45,6*61
$GPGSV,3,3,09,32,52,016,46,6*59
$GPGSV,1,1,03,18,00,147,,26,03,176,,49,17,257,,0*51
$GLGSV,3,1,10,65,42,342,46,66,25,284,44,72,17,042,43,74,13,052,39,1*7E
$GLGSV,3,2,10,75,25,103,47,76,08,159,38,81,16,329,40,87,36,183,46,1*73
$GLGSV,3,3,10,88,59,283,51,,,,41,1*4D
$GLGSV,3,1,09,65,42,342,11,66,25,284,43,72,17,042,44,75,25,103,45,3*7C
$GLGSV,3,2,09,76,08,159,40,81,16,329,41,87,36,183,09,88,59,283,49,3*70
$GLGSV,3,3,09,,,,44,3*73
$GAGSV,2,1,07,03,51,022,51,05,06,048,43,07,13,242,31,08,58,276,51,2*78
$GAGSV,2,2,07,13,32,323,49,15,86,275,53,34,37,147,50,2*45
$GAGSV,2,1,08,03,51,022,46,05,06,048,40,07,13,242,30,08,58,276,47,7*71
$GAGSV,2,2,08,13,32,323,44,15,86,275,47,18,15,276,30,34,37,147,43,7*78
$GAGSV,1,1,02,02,04,144,,25,02,097,,0*7A
$GBGSV,2,1,08,08,34,082,43,09,63,117,47,13,47,067,45,20,50,337,50,1*73
$GBGSV,2,2,08,29,44,271,47,32,30,051,46,38,27,094,44,39,51,059,47,1*74
$GBGSV,2,1,06,06,61,085,47,08,34,082,45,09,63,117,49,13,47,067,47,B*0E
$GBGSV,2,2,06,16,56,072,48,29,44,271,08,B*09
$GBGSV,4,1,14,01,03,095,,02,58,140,,03,35,113,,05,62,201,,0*77
$GBGSV,4,2,14,10,04,161,,19,22,286,,23,16,059,,27,01,161,,0*7B
$GBGSV,4,3,14,30,36,196,,35,06,319,,37,35,110,,59,08,095,,0*7C
$GBGSV,4,4,14,60,60,149,,61,35,113,,0*7C
$GQGSV,1,1,02,04,20,074,38,07,19,104,33,1*63
$GQGSV,1,1,02,04,20,074,37,07,19,104,45,6*6A
$GNGLL,2454.23250,N,06708.26906,E,151107.00,A,D*72
$GNRMC,151108.00,A,2454.23250,N,06708.26906,E,0.006,,050525,,,R,V*09
$GNVTG,,T,,M,0.006,N,0.012,K,D*3D
$GNGGA,151108.00,2454.23250,N,06708.26906,E,4,12,0.63,21.8,M,-44.2,M,1.0,0293*7D
$GNGSA,A,3,10,27,28,32,31,01,02,08,23,,,,1.31,0.63,1.14,1*04
$GNGSA,A,3,87,81,74,88,75,65,66,72,,,,,1.31,0.63,1.14,2*01
$GNGSA,A,3,08,03,15,,,,,,,,,,1.31,0.63,1.14,3*0E
$GNGSA,A,3,08,09,06,13,20,16,29,32,38,39,,,1.31,0.63,1.14,4*0D
$GNGSA,A,3,04,07,,,,,,,,,,,1.31,0.63,1.14,5*04
$GPGSV,4,1,13,01,15,321,34,02,42,312,45,08,18,258,35,10,45,062,48,1*64
$GPGSV,4,2,13,23,13,097,38,25,05,090,34,27,18,219,39,28,64,140,48,1*67
$GPGSV,4,3,13,31,43,179,46,32,52,016,48,36,34,246,42,40,59,208,48,1*6E
$GPGSV,4,4,13,41,56,146,47,1*50
$GPGSV,3,1,09,01,15,321,37,08,18,258,37,10,45,062,46,23,13,097,37,6*6C
$GPGSV,3,2,09,25,05,090,35,27,18,219,40,28,64,140,49,31,43,179,45,6*6F
$GPGSV,3,3,09,32,52,016,46,6*59
$GPGSV,1,1,03,18,00,147,,26,03,176,,49,17,257,,0*51
$GLGSV,3,1,10,65,42,342,46,66,25,284,44,72,17,042,43,74,13,052,39,1*7E
$GLGSV,3,2,10,75,25,103,47,76,08,159,38,81,16,329,40,87,36,183,46,1*73
$GLGSV,3,3,10,88,59,283,51,,,,41,1*4D
$GLGSV,3,1,09,65,42,342,11,66,25,284,43,72,17,042,44,75,25,103,45,3*7C
$GLGSV,3,2,09,76,08,159,40,81,16,329,41,87,36,183,09,88,59,283,48,3*71
$GLGSV,3,3,09,,,,44,3*73
$GAGSV,2,1,07,03,51,022,51,05,06,048,43,07,13,242,31,08,58,276,51,2*78
$GAGSV,2,2,07,13,32,323,49,15,86,275,53,34,37,147,50,2*45
$GAGSV,2,1,08,03,51,022,46,05,06,048,40,07,13,242,30,08,58,276,47,7*71
$GAGSV,2,2,08,13,32,323,44,15,86,275,47,18,15,276,29,34,37,147,44,7*77
$GAGSV,1,1,02,02,04,144,,25,02,097,,0*7A
$GBGSV,2,1,08,08,34,082,43,09,63,117,47,13,47,067,45,20,50,337,50,1*73
$GBGSV,2,2,08,29,44,271,47,32,30,051,46,38,27,094,43,39,51,059,47,1*73
$GBGSV,2,1,06,06,61,085,47,08,34,082,45,09,63,117,49,13,47,067,47,B*0E
$GBGSV,2,2,06,16,56,072,48,29,44,271,08,B*09
$GBGSV,4,1,14,01,03,095,,02,58,140,,03,35,113,,05,62,201,,0*77
$GBGSV,4,2,14,10,04,161,,19,22,286,,23,16,059,,27,01,161,,0*7B
$GBGSV,4,3,14,30,36,196,,35,06,319,,37,35,110,,59,08,095,,0*7C
$GBGSV,4,4,14,60,60,149,,61,35,113,,0*7C
$GQGSV,1,1,02,04,20,074,38,07,19,104,33,1*63
$GQGSV,1,1,02,04,20,074,37,07,19,104,45,6*6A
$GNGLL,2454.23250,N,06708.26906,E,151108.00,A,D*7D
$GNRMC,151109.00,A,2454.23250,N,06708.26906,E,0.007,,050525,,,R,V*09
$GNVTG,,T,,M,0.007,N,0.013,K,D*3D
$GNGGA,151109.00,2454.23250,N,06708.26906,E,4,12,0.63,21.8,M,-44.2,M,1.0,0293*7C
$GNGSA,A,3,10,27,28,32,31,01,02,08,23,,,,1.31,0.63,1.14,1*04
$GNGSA,A,3,87,81,74,88,75,65,66,72,,,,,1.31,0.63,1.14,2*01
$GNGSA,A,3,08,03,15,,,,,,,,,,1.31,0.63,1.14,3*0E
$GNGSA,A,3,08,09,06,13,20,16,29,32,38,39,,,1.31,0.63,1.14,4*0D
$GNGSA,A,3,04,07,,,,,,,,,,,1.31,0.63,1.14,5*04
$GPGSV,4,1,13,01,15,321,34,02,42,312,45,08,18,258,36,10,45,062,48,1*67
$GPGSV,4,2,13,23,13,097,38,25,05,090,34,27,18,219,39,28,64,140,48,1*67
$GPGSV,4,3,13,31,43,179,46,32,52,016,48,36,34,246,42,40,59,208,48,1*6E
$GPGSV,4,4,13,41,56,146,47,1*50
$GPGSV,3,1,09,01,15,321,37,08,18,258,37,10,45,062,46,23,13,097,37,6*6C
$GPGSV,3,2,09,25,05,090,35,27,18,219,40,28,64,140,49,31,43,179,45,6*6F
$GPGSV,3,3,09,32,52,016,46,6*59
$GPGSV,1,1,03,18,00,147,,26,03,176,,49,17,257,,0*51
$GLGSV,3,1,09,65,42,342,46,66,25,284,44,72,17,042,43,74,13,052,39,1*76
$GLGSV,3,2,09,75,25,103,47,76,08,159,38,81,16,329,40,87,36,183,46,1*7B
$GLGSV,3,3,09,88,59,283,51,1*40
$GLGSV,2,1,08,65,42,342,07,66,25,284,43,72,17,042,44,75,25,103,45,3*7B
$GLGSV,2,2,08,76,08,159,40,81,16,329,41,87,36,183,10,88,59,283,48,3*79
$GAGSV,2,1,07,03,51,022,51,05,06,048,43,07,13,242,31,08,58,276,51,2*78
$GAGSV,2,2,07,13,32,323,49,15,86,275,53,34,37,147,50,2*45
$GAGSV,2,1,08,03,51,022,46,05,06,048,40,07,13,242,30,08,58,276,47,7*71
$GAGSV,2,2,08,13,32,323,44,15,86,275,47,18,15,276,30,34,37,147,44,7*7F
$GAGSV,1,1,02,02,04,144,,25,02,097,,0*7A
$GBGSV,2,1,08,08,34,082,43,09,63,117,47,13,47,067,45,20,50,337,50,1*73
$GBGSV,2,2,08,29,44,271,47,32,30,051,46,38,27,094,43,39,51,059,47,1*73
$GBGSV,2,1,06,06,61,085,47,08,34,082,45,09,63,117,49,13,47,067,47,B*0E
$GBGSV,2,2,06,16,56,072,48,29,44,271,07,B*06
$GBGSV,4,1,14,01,03,095,,02,58,140,,03,35,113,,05,62,201,,0*77
$GBGSV,4,2,14,10,04,161,,19,22,286,,23,16,059,,27,01,161,,0*7B
$GBGSV,4,3,14,30,36,196,,35,06,319,,37,35,110,,59,08,095,,0*7C
$GBGSV,4,4,14,60,60,149,,61,35,113,,0*7C
$GQGSV,1,1,02,04,20,074,38,07,19,104,33,1*63
$GQGSV,1,1,02,04,20,074,37,07,19,104,46,6*69
$GNGLL,2454.23250,N,06708.26906,E,151109.00,A,D*7C
$GNRMC,151110.00,A,2454.23250,N,06708.26906,E,0.008,,050525,,,R,V*0E
$GNVTG,,T,,M,0.008,N,0.014,K,D*35
$GNGGA,151110.00,2454.23250,N,06708.26906,E,4,12,0.63,21.8,M,-44.2,M,2.0,0293*77
$GNGSA,A,3,10,27,28,32,31,01,02,08,23,,,,1.31,0.63,1.14,1*04
$GNGSA,A,3,87,81,74,88,75,65,66,72,,,,,1.31,0.63,1.14,2*01
$GNGSA,A,3,08,03,15,,,,,,,,,,1.31,0.63,1.14,3*0E
$GNGSA,A,3,08,09,06,13,20,16,29,32,38,39,,,1.31,0.63,1.14,4*0D
$GNGSA,A,3,04,07,,,,,,,,,,,1.31,0.63,1.14,5*04
$GPGSV,4,1,13,01,15,321,34,02,42,312,45,08,18,258,36,10,45,062,48,1*67
$GPGSV,4,2,13,23,13,097,38,25,05,090,34,27,18,219,39,28,64,140,48,1*67
$GPGSV,4,3,13,31,43,179,46,32,52,016,48,36,34,246,42,40,59,208,48,1*6E
$GPGSV,4,4,13,41,56,146,47,1*50
$GPGSV,3,1,09,01,15,321,37,08,18,258,37,10,45,062,46,23,13,097,37,6*6C
$GPGSV,3,2,09,25,05,090,35,27,18,219,40,28,64,140,49,31,43,179,45,6*6F
$GPGSV,3,3,09,32,52,016,46,6*59
$GPGSV,1,1,03,18,00,147,,26,03,176,,49,17,257,,0*51
$GLGSV,3,1,10,65,42,342,46,66,25,284,44,72,17,042,43,74,13,052,39,1*7E
$GLGSV,3,2,10,75,25,103,47,76,08,159,38,81,16,329,40,87,36,183,46,1*73
$GLGSV,3,3,10,88,59,283,51,,,,41,1*4D
$GLGSV,2,1,08,65,42,342,01,66,25,284,43,72,17,042,44,75,25,103,45,3*7D
$GLGSV,2,2,08,76,08,159,40,81,16,329,41,87,36,183,10,88,59,283,48,3*79
$GAGSV,2,1,07,03,51,022,51,05,06,048,43,07,13,242,31,08,58,276,51,2*78
$GAGSV,2,2,07,13,32,323,50,15,86,275,53,34,37,147,50,2*4D
$GAGSV,2,1,08,03,51,022,46,05,06,048,40,07,13,242,30,08,58,276,47,7*71
$GAGSV,2,2,08,13,32,323,44,15,86,275,47,18,15,276,30,34,37,147,44,7*7F
$GAGSV,1,1,02,02,04,144,,25,02,097,,0*7A
$GBGSV,2,1,08,08,34,082,43,09,63,117,47,13,47,067,45,20,50,337,50,1*73
$GBGSV,2,2,08,29,44,271,47,32,30,051,46,38,27,094,43,39,51,059,47,1*73
$GBGSV,2,1,06,06,61,085,47,08,34,082,45,09,63,117,49,13,47,067,48,B*01
$GBGSV,2,2,06,16,56,072,48,29,44,271,06,B*07
$GBGSV,4,1,14,01,03,095,,02,58,140,,03,35,113,,05,62,201,,0*77
$GBGSV,4,2,14,10,04,161,,19,22,286,,23,16,059,,27,01,161,,0*7B
$GBGSV,4,3,14,30,36,196,,35,06,319,,37,35,110,,59,08,095,,0*7C
$GBGSV,4,4,14,60,60,149,,61,35,113,,0*7C
$GQGSV,1,1,02,04,20,074,38,07,19,104,33,1*63
$GQGSV,1,1,02,04,20,074,37,07,19,104,46,6*69
$GNGLL,2454.23250,N,06708.26906,E,151110.00,A,D*74
$GNRMC,151111.00,A,2454.23250,N,06708.26906,E,0.005,,050525,,,R,V*02
$GNVTG,,T,,M,0.005,N,0.009,K,D*34
$GNGGA,151111.00,2454.23250,N,06708.26906,E,4,12,0.63,21.8,M,-44.2,M,1.0,0293*75
$GNGSA,A,3,10,27,28,32,31,01,02,08,23,,,,1.31,0.63,1.14,1*04
$GNGSA,A,3,87,81,74,88,75,65,66,72,,,,,1.31,0.63,1.14,2*01
$GNGSA,A,3,08,03,15,,,,,,,,,,1.31,0.63,1.14,3*0E
$GNGSA,A,3,08,09,06,13,20,16,29,32,38,39,,,1.31,0.63,1.14,4*0D
$GNGSA,A,3,04,07,,,,,,,,,,,1.31,0.63,1.14,5*04
$GPGSV,4,1,13,01,15,321,34,02,42,312,45,08,18,258,36,10,45,062,48,1*67
$GPGSV,4,2,13,23,13,097,38,25,05,090,34,27,18,219,39,28,64,140,48,1*67
$GPGSV,4,3,13,31,43,179,46,32,52,016,48,36,34,246,42,40,59,208,48,1*6E
$GPGSV,4,4,13,41,56,146,47,1*50
$GPGSV,3,1,09,01,15,321,37,08,18,258,37,10,45,062,46,23,13,097,37,6*6C
$GPGSV,3,2,09,25,05,090,35,27,18,219,40,28,64,140,49,31,43,179,45,6*6F
$GPGSV,3,3,09,32,52,016,46,6*59
$GPGSV,1,1,03,18,00,147,,26,03,176,,49,17,257,,0*51
$GLGSV,3,1,10,65,42,342,46,66,25,284,44,72,17,042,43,74,13,052,39,1*7E
$GLGSV,3,2,10,75,25,103,47,76,08,159,38,81,16,329,40,87,36,183,46,1*73
$GLGSV,3,3,10,88,59,283,51,,,,42,1*4E
$GLGSV,2,1,08,65,42,342,06,66,25,284,43,72,17,042,44,75,25,103,45,3*7A
$GLGSV,2,2,08,76,08,159,40,81,16,329,41,87,36,183,11,88,59,283,48,3*78
$GAGSV,2,1,07,03,51,022,51,05,06,048,43,07,13,242,31,08,58,276,51,2*78
$GAGSV,2,2,07,13,32,323,49,15,86,275,53,34,37,147,50,2*45
$GAGSV,2,1,08,03,51,022,46,05,06,048,40,07,13,242,30,08,58,276,47,7*71
$GAGSV,2,2,08,13,32,323,44,15,86,275,47,18,15,276,30,34,37,147,44,7*7F
$GAGSV,1,1,02,02,04,144,,25,02,097,,0*7A
$GBGSV,2,1,08,08,34,082,43,09,63,117,47,13,47,067,45,20,50,337,50,1*73
$GBGSV,2,2,08,29,44,271,47,32,30,051,46,38,27,094,43,39,51,059,47,1*73
$GBGSV,2,1,06,06,61,085,47,08,34,082,45,09,63,117,49,13,47,067,47,B*0E
$GBGSV,2,2,06,16,56,072,48,29,44,271,07,B*06
$GBGSV,4,1,14,01,03,095,,02,58,140,,03,35,113,,05,62,201,,0*77
$GBGSV,4,2,14,10,04,161,,19,22,286,,23,16,059,,27,01,161,,0*7B
$GBGSV,4,3,14,30,36,196,,35,06,319,,37,35,110,,59,08,095,,0*7C
$GBGSV,4,4,14,60,60,149,,61,35,113,,0*7C
$GQGSV,1,1,02,04,20,074,38,07,19,104,33,1*63
$GQGSV,1,1,02,04,20,074,37,07,19,104,45,6*6A
$GNGLL,2454.23250,N,06708.26906,E,151111.00,A,D*75
$GNRMC,151112.00,A,2454.23250,N,06708.26906,E,0.003,,050525,,,R,V*07
$GNVTG,,T,,M,0.003,N,0.006,K,D*3D
$GNGGA,151112.00,2454.23250,N,06708.26906,E,4,12,0.63,21.8,M,-44.2,M,1.0,0293*76
$GNGSA,A,3,10,27,28,32,31,01,02,08,23,,,,1.31,0.63,1.14,1*04
$GNGSA,A,3,87,81,74,88,75,65,66,72,,,,,1.31,0.63,1.14,2*01
$GNGSA,A,3,08,03,15,,,,,,,,,,1.31,0.63,1.14,3*0E
$GNGSA,A,3,08,09,06,13,20,16,29,32,38,39,,,1.31,0.63,1.14,4*0D
$GNGSA,A,3,04,07,,,,,,,,,,,1.31,0.63,1.14,5*04
$GPGSV,4,1,13,01,15,321,34,02,42,312,45,08,18,258,36,10,45,062,48,1*67
$GPGSV,4,2,13,23,13,097,39,25,05,090,34,27,18,219,39,28,64,140,48,1*66
$GPGSV,4,3,13,31,43,179,46,32,52,016,48,36,34,246,42,40,59,208,48,1*6E
$GPGSV,4,4,13,41,56,146,47,1*50
$GPGSV,3,1,09,01,15,321,37,08,18,258,36,10,45,062,46,23,13,097,36,6*6C
$GPGSV,3,2,09,25,05,090,35,27,18,219,40,28,64,140,49,31,43,179,45,6*6F
$GPGSV,3,3,09,32,52,016,46,6*59
$GPGSV,1,1,03,18,00,147,,26,03,176,,49,17,257,,0*51
$GLGSV,3,1,10,65,42,342,46,66,25,284,44,72,17,042,43,74,13,052,38,1*7F
$GLGSV,3,2,10,75,25,103,47,76,08,159,38,81,16,329,40,87,36,183,46,1*73
$GLGSV,3,3,10,88,59,283,51,,,,42,1*4E
$GLGSV,2,1,08,65,42,342,08,66,25,284,43,72,17,042,44,75,25,103,45,3*74
$GLGSV,2,2,08,76,08,159,40,81,16,329,41,87,36,183,09,88,59,283,48,3*71
$GAGSV,2,1,07,03,51,022,51,05,06,048,43,07,13,242,31,08,58,276,51,2*78
$GAGSV,2,2,07,13,32,323,50,15,86,275,53,34,37,147,50,2*4D
$GAGSV,2,1,08,03,51,022,46,05,06,048,40,07,13,242,30,08,58,276,47,7*71
$GAGSV,2,2,08,13,32,323,44,15,86,275,47,18,15,276,30,34,37,147,44,7*7F
$GAGSV,1,1,02,02,04,144,,25,02,097,,0*7A
$GBGSV,2,1,08,08,34,082,43,09,63,117,47,13,47,067,45,20,50,337,50,1*73
$GBGSV,2,2,08,29,44,271,47,32,30,051,46,38,27,094,43,39,51,059,47,1*73
$GBGSV,2,1,06,06,61,085,48,08,34,082,46,09,63,117,49,13,47,067,48,B*0D
$GBGSV,2,2,06,16,56,072,48,29,44,271,07,B*06
$GBGSV,4,1,14,01,03,095,,02,58,140,,03,35,113,,05,62,201,,0*77
$GBGSV,4,2,14,10,04,161,,19,22,286,,23,16,059,,27,01,161,,0*7B
$GBGSV,4,3,14,30,36,196,,35,06,319,,37,35,110,,59,08,095,,0*7C
$GBGSV,4,4,14,60,60,149,,61,35,113,,0*7C
$GQGSV,1,1,02,04,20,074,38,07,19,104,33,1*63
$GQGSV,1,1,02,04,20,074,37,07,19,104,46,6*69
$GNGLL,2454.23250,N,06708.26906,E,151112.00,A,D*76
$GNRMC,151113.00,A,2454.23250,N,06708.26906,E,0.005,,050525,,,R,V*00
$GNVTG,,T,,M,0.005,N,0.010,K,D*3C
$GNGGA,151113.00,2454.23250,N,06708.26906,E,4,12,0.63,21.8,M,-44.2,M,1.0,0293*77
$GNGSA,A,3,10,27,28,32,31,01,02,08,23,,,,1.31,0.63,1.14,1*04
$GNGSA,A,3,87,81,74,88,75,65,66,72,,,,,1.31,0.63,1.14,2*01
$GNGSA,A,3,08,03,15,,,,,,,,,,1.31,0.63,1.14,3*0E
$GNGSA,A,3,08,09,06,13,20,16,29,32,38,39,,,1.31,0.63,1.14,4*0D
$GNGSA,A,3,04,07,,,,,,,,,,,1.31,0.63,1.14,5*04
$GPGSV,4,1,13,01,15,321,33,02,42,312,45,08,18,258,36,10,45,062,47,1*6F
$GPGSV,4,2,13,23,13,097,38,25,05,090,34,27,18,219,39,28,64,140,48,1*67
$GPGSV,4,3,13,31,43,179,46,32,52,016,48,36,34,246,42,40,59,208,48,1*6E
$GPGSV,4,4,13,41,56,146,47,1*50
$GPGSV,3,1,09,01,15,321,37,08,18,258,36,10,45,062,46,23,13,097,36,6*6C
$GPGSV,3,2,09,25,05,090,35,27,18,219,40,28,64,140,49,31,43,179,45,6*6F
$GPGSV,3,3,09,32,52,016,46,6*59
$GPGSV,1,1,03,18,00,147,,26,03,176,,49,17,257,,0*51
$GLGSV,3,1,10,65,42,342,46,66,25,284,44,72,17,042,43,74,13,052,38,1*7F
$GLGSV,3,2,10,75,25,103,47,76,08,159,38,81,16,329,40,87,36,183,46,1*73
$GLGSV,3,3,10,88,59,283,51,,,,42,1*4E
$GLGSV,2,1,08,65,42,342,08,66,25,284,43,72,17,042,44,75,25,103,45,3*74
$GLGSV,2,2,08,76,08,159,40,81,16,329,41,87,36,183,11,88,59,283,48,3*78
$GAGSV,2,1,07,03,51,022,51,05,06,048,42,07,13,242,31,08,58,276,51,2*79
$GAGSV,2,2,07,13,32,323,50,15,86,275,53,34,37,147,50,2*4D
$GAGSV,2,1,08,03,51,022,46,05,06,048,40,07,13,242,30,08,58,276,47,7*71
$GAGSV,2,2,08,13,32,323,44,15,86,275,47,18,15,276,30,34,37,147,44,7*7F
$GAGSV,1,1,02,02,04,144,,25,02,097,,0*7A
$GBGSV,2,1,08,08,34,082,43,09,63,117,47,13,47,067,45,20,50,337,50,1*73
$GBGSV,2,2,08,29,44,271,47,32,30,051,46,38,27,094,43,39,51,059,47,1*73
$GBGSV,2,1,06,06,61,085,47,08,34,082,46,09,63,117,49,13,47,067,48,B*02
$GBGSV,2,2,06,16,56,072,48,29,44,271,08,B*09
$GBGSV,4,1,14,01,03,095,,02,58,140,,03,35,113,,05,62,201,,0*77
$GBGSV,4,2,14,10,04,161,,19,22,286,,23,16,059,,27,01,161,,0*7B
$GBGSV,4,3,14,30,36,196,,35,06,319,,37,35,110,,59,08,095,,0*7C
$GBGSV,4,4,14,60,60,149,,61,35,113,,0*7C
$GQGSV,1,1,02,04,20,074,38,07,19,104,33,1*63
$GQGSV,1,1,02,04,20,074,37,07,19,104,46,6*69
$GNGLL,2454.23250,N,06708.26906,E,151113.00,A,D*77
$GNRMC,151114.00,A,2454.23250,N,06708.26906,E,0.006,,050525,,,R,V*04
$GNVTG,,T,,M,0.006,N,0.011,K,D*3E
$GNGGA,151114.00,2454.23250,N,06708.26906,E,4,12,0.63,21.8,M,-44.2,M,1.0,0293*70
$GNGSA,A,3,10,27,28,32,31,01,02,08,23,,,,1.31,0.63,1.14,1*04
$GNGSA,A,3,87,81,74,88,75,65,66,72,,,,,1.31,0.63,1.14,2*01
$GNGSA,A,3,08,03,15,,,,,,,,,,1.31,0.63,1.14,3*0E
$GNGSA,A,3,08,09,06,13,20,16,29,32,38,39,,,1.31,0.63,1.14,4*0D
$GNGSA,A,3,04,07,,,,,,,,,,,1.31,0.63,1.14,5*04
$GPGSV,4,1,13,01,15,321,34,02,42,312,45,08,18,258,36,10,45,062,48,1*67
$GPGSV,4,2,13,23,13,097,38,25,05,090,34,27,18,219,39,28,64,140,48,1*67
$GPGSV,4,3,13,31,43,179,46,32,52,016,48,36,34,246,42,40,59,208,48,1*6E
$GPGSV,4,4,13,41,56,146,47,1*50
$GPGSV,3,1,09,01,15,321,37,08,18,258,36,10,45,062,46,23,13,097,36,6*6C
$GPGSV,3,2,09,25,05,090,35,27,18,219,40,28,64,140,49,31,43,179,45,6*6F
$GPGSV,3,3,09,32,52,016,46,6*59
$GPGSV,1,1,03,18,00,147,,26,03,176,,49,17,257,,0*51
$GLGSV,3,1,10,65,42,342,46,66,25,284,44,72,17,042,43,74,13,052,38,1*7F
$GLGSV,3,2,10,75,25,103,47,76,08,159,38,81,16,329,40,87,36,183,46,1*73
$GLGSV,3,3,10,88,59,283,51,,,,42,1*4E
$GLGSV,2,1,08,65,42,342,09,66,25,284,43,72,17,042,44,75,25,103,45,3*75
$GLGSV,2,2,08,76,08,159,40,81,16,329,41,87,36,183,08,88,59,283,48,3*70
$GAGSV,2,1,07,03,51,022,51,05,06,048,42,07,13,242,31,08,58,276,51,2*79
$GAGSV,2,2,07,13,32,323,50,15,86,275,53,34,37,147,50,2*4D
$GAGSV,2,1,08,03,51,022,46,05,06,048,40,07,13,242,30,08,58,276,47,7*71
$GAGSV,2,2,08,13,32,323,44,15,86,275,47,18,15,276,31,34,37,147,44,7*7E
$GAGSV,1,1,02,02,04,144,,25,02,097,,0*7A
$GBGSV,2,1,08,08,34,082,43,09,63,117,47,13,47,067,45,20,50,337,50,1*73
$GBGSV,2,2,08,29,44,271,47,32,30,051,46,38,27,094,43,39,51,059,47,1*73
$GBGSV,2,1,06,06,61,085,47,08,34,082,46,09,63,117,49,13,47,067,48,B*02
$GBGSV,2,2,06,16,56,072,48,29,44,271,08,B*09
$GBGSV,4,1,14,01,03,095,,02,58,140,,03,35,113,,05,62,201,,0*77
$GBGSV,4,2,14,10,04,161,,19,22,286,,23,16,059,,27,01,161,,0*7B
$GBGSV,4,3,14,30,36,196,,35,06,319,,37,35,110,,59,08,095,,0*7C
$GBGSV,4,4,14,60,60,149,,61,35,113,,0*7C
$GQGSV,1,1,02,04,20,074,38,07,19,104,33,1*63
$GQGSV,1,1,02,04,20,074,37,07,19,104,46,6*69
$GNGLL,2454.23250,N,06708.26906,E,151114.00,A,D*70
$GNRMC,151115.00,A,2454.23250,N,06708.26906,E,0.003,,050525,,,R,V*00
$GNVTG,,T,,M,0.003,N,0.006,K,D*3D
$GNGGA,151115.00,2454.23250,N,06708.26906,E,4,12,0.63,21.8,M,-44.2,M,1.0,0293*71
$GNGSA,A,3,10,27,28,32,31,01,02,08,23,,,,1.31,0.63,1.14,1*04
$GNGSA,A,3,87,81,74,88,75,65,66,72,,,,,1.31,0.63,1.14,2*01
$GNGSA,A,3,08,03,15,,,,,,,,,,1.31,0.63,1.14,3*0E
$GNGSA,A,3,08,09,06,13,20,16,29,32,38,39,,,1.31,0.63,1.14,4*0D
$GNGSA,A,3,04,07,,,,,,,,,,,1.31,0.63,1.14,5*04
$GPGSV,4,1,13,01,15,321,33,02,42,312,45,08,18,258,36,10,45,062,48,1*60
$GPGSV,4,2,13,23,13,097,38,25,05,090,34,27,18,219,39,28,64,140,48,1*67
$GPGSV,4,3,13,31,43,179,46,32,52,016,48,36,34,246,42,40,59,208,48,1*6E
$GPGSV,4,4,13,41,56,146,47,1*50
$GPGSV,3,1,09,01,15,321,37,08,18,258,36,10,45,062,46,23,13,097,36,6*6C
$GPGSV,3,2,09,25,05,090,35,27,18,219,40,28,64,140,49,31,43,179,45,6*6F
$GPGSV,3,3,09,32,52,016,46,6*59
$GPGSV,1,1,03,18,00,147,,26,03,176,,49,17,257,,0*51
$GLGSV,3,1,10,65,42,342,46,66,25,284,44,72,17,042,43,74,13,052,38,1*7F
$GLGSV,3,2,10,75,25,103,47,76,08,159,38,81,16,329,40,87,36,183,46,1*73
$GLGSV,3,3,10,88,59,283,51,,,,43,1*4F
$GLGSV,2,1,08,65,42,342,10,66,25,284,43,72,17,042,44,75,25,103,45,3*7D
$GLGSV,2,2,08,76,08,159,40,81,16,329,41,87,36,183,08,88,59,283,48,3*70
$GAGSV,2,1,07,03,51,022,51,05,06,048,42,07,13,242,31,08,58,276,51,2*79
$GAGSV,2,2,07,13,32,323,50,15,86,275,53,34,37,147,50,2*4D
$GAGSV,2,1,08,03,51,022,46,05,06,048,40,07,13,242,30,08,58,276,47,7*71
$GAGSV,2,2,08,13,32,323,44,15,86,275,47,18,15,276,31,34,37,147,43,7*79
$GAGSV,1,1,02,02,04,144,,25,02,097,,0*7A
$GBGSV,2,1,08,08,34,083,43,09,63,117,47,13,47,067,45,20,50,337,50,1*72
$GBGSV,2,2,08,29,44,271,47,32,30,051,46,38,27,094,43,39,51,059,47,1*73
$GBGSV,2,1,05,06,61,085,47,08,34,083,46,09,63,117,49,13,47,067,48,B*00
$GBGSV,2,2,05,16,56,072,48,B*3D
$GBGSV,4,1,14,01,03,095,,02,58,140,,03,35,113,,05,62,201,,0*77
$GBGSV,4,2,14,10,04,161,,19,22,286,,23,16,059,,27,01,161,,0*7B
$GBGSV,4,3,14,30,36,196,,35,06,319,,37,35,110,,59,08,095,,0*7C
$GBGSV,4,4,14,60,60,149,,61,35,113,,0*7C
$GQGSV,1,1,02,04,20,074,38,07,19,104,33,1*63
$GQGSV,1,1,02,04,20,074,37,07,19,104,46,6*69
$GNGLL,2454.23250,N,06708.26906,E,151115.00,A,D*71
$GNRMC,151116.00,A,2454.23250,N,06708.26906,E,0.009,,050525,,,R,V*09
$GNVTG,,T,,M,0.009,N,0.016,K,D*36
$GNGGA,151116.00,2454.23250,N,06708.26906,E,4,12,0.63,21.8,M,-44.2,M,1.0,0293*72
$GNGSA,A,3,10,27,28,32,31,01,02,08,23,,,,1.31,0.63,1.14,1*04
$GNGSA,A,3,87,81,74,88,75,65,66,72,,,,,1.31,0.63,1.14,2*01
$GNGSA,A,3,08,03,15,,,,,,,,,,1.31,0.63,1.14,3*0E
$GNGSA,A,3,08,09,06,13,20,16,29,32,38,39,,,1.31,0.63,1.14,4*0D
$GNGSA,A,3,04,07,,,,,,,,,,,1.31,0.63,1.14,5*04
$GPGSV,4,1,13,01,15,321,34,02,42,312,45,08,18,258,36,10,45,062,48,1*67
$GPGSV,4,2,13,23,13,097,38,25,05,090,34,27,18,219,39,28,64,140,48,1*67
$GPGSV,4,3,13,31,43,179,46,32,52,016,48,36,34,246,42,40,59,208,48,1*6E
$GPGSV,4,4,13,41,56,146,47,1*50
$GPGSV,3,1,09,01,15,321,37,08,18,258,36,10,45,062,46,23,13,097,36,6*6C
$GPGSV,3,2,09,25,05,090,35,27,18,219,40,28,64,140,49,31,43,179,45,6*6F
$GPGSV,3,3,09,32,52,016,46,6*59
$GPGSV,1,1,03,18,00,147,,26,03,176,,49,17,257,,0*51
$GLGSV,3,1,10,65,42,342,46,66,25,284,44,72,17,042,43,74,13,052,38,1*7F
$GLGSV,3,2,10,75,25,103,47,76,08,159,38,81,16,329,40,87,36,183,46,1*73
$GLGSV,3,3,10,88,59,283,51,,,,43,1*4F
$GLGSV,2,1,08,65,42,342,12,66,25,284,43,72,17,042,43,75,25,103,45,3*78
$GLGSV,2,2,08,76,08,159,40,81,16,329,42,87,36,183,09,88,59,283,48,3*72
$GAGSV,2,1,07,03,51,022,51,05,06,048,42,07,13,242,31,08,58,276,51,2*79
$GAGSV,2,2,07,13,32,323,50,15,86,275,53,34,37,147,50,2*4D
$GAGSV,2,1,08,03,51,022,45,05,06,048,40,07,13,242,29,08,58,276,47,7*7A
$GAGSV,2,2,08,13,32,323,44,15,86,275,47,18,15,276,31,34,37,147,43,7*79
$GAGSV,1,1,02,02,04,144,,25,02,097,,0*7A
$GBGSV,2,1,08,08,34,083,43,09,64,116,47,13,47,067,45,20,50,337,50,1*74
$GBGSV,2,2,08,29,44,271,47,32,30,051,46,38,27,094,43,39,51,059,47,1*73
$GBGSV,2,1,05,06,61,085,48,08,34,083,46,09,64,116,49,13,47,067,48,B*09
$GBGSV,2,2,05,16,56,072,48,B*3D
$GBGSV,4,1,14,01,03,095,,02,58,140,,03,35,113,,05,62,201,,0*77
$GBGSV,4,2,14,10,04,161,,19,22,286,,23,16,059,,27,01,161,,0*7B
$GBGSV,4,3,14,30,36,196,,35,06,319,,37,35,110,,59,08,095,,0*7C
$GBGSV,4,4,14,60,60,149,,61,35,113,,0*7C
$GQGSV,1,1,02,04,20,074,38,07,19,104,33,1*63
$GQGSV,1,1,02,04,20,074,37,07,19,104,46,6*69
$GNGLL,2454.23250,N,06708.26906,E,151116.00,A,D*72
$GNRMC,151117.00,A,2454.23250,N,06708.26906,E,0.007,,050525,,,R,V*06
$GNVTG,,T,,M,0.007,N,0.013,K,D*3D
$GNGGA,151117.00,2454.23250,N,06708.26906,E,4,12,0.63,21.8,M,-44.2,M,1.0,0293*73
$GNGSA,A,3,10,27,28,32,31,01,02,08,23,,,,1.31,0.63,1.14,1*04
$GNGSA,A,3,87,81,74,88,75,65,66,72,,,,,1.31,0.63,1.14,2*01
$GNGSA,A,3,08,03,15,,,,,,,,,,1.31,0.63,1.14,3*0E
$GNGSA,A,3,08,09,06,13,20,16,29,32,38,39,,,1.31,0.63,1.14,4*0D
$GNGSA,A,3,04,07,,,,,,,,,,,1.31,0.63,1.14,5*04
$GPGSV,4,1,13,01,15,321,34,02,42,312,45,08,18,258,36,10,45,062,47,1*68
$GPGSV,4,2,13,23,13,097,38,25,05,090,34,27,18,219,39,28,64,140,48,1*67
$GPGSV,4,3,13,31,43,179,46,32,52,016,48,36,34,246,42,40,59,208,48,1*6E
$GPGSV,4,4,13,41,56,146,47,1*50
$GPGSV,3,1,09,01,15,321,37,08,18,258,36,10,45,062,46,23,13,097,36,6*6C
$GPGSV,3,2,09,25,05,090,35,27,18,219,40,28,64,140,49,31,43,179,45,6*6F
$GPGSV,3,3,09,32,52,016,46,6*59
$GPGSV,1,1,03,18,00,147,,26,03,176,,49,17,257,,0*51
$GLGSV,3,1,10,65,42,342,46,66,25,284,44,72,17,042,43,74,13,052,37,1*70
$GLGSV,3,2,10,75,25,103,47,76,08,159,39,81,16,329,40,87,36,183,46,1*72
$GLGSV,3,3,10,88,59,283,51,,,,43,1*4F
$GLGSV,2,1,08,65,42,342,11,66,25,284,43,72,17,042,44,75,25,103,45,3*7C
$GLGSV,2,2,08,76,08,159,40,81,16,329,42,87,36,183,09,88,59,283,48,3*72
$GAGSV,2,1,07,03,51,022,51,05,06,048,42,07,13,242,32,08,58,276,51,2*7A
$GAGSV,2,2,07,13,32,323,50,15,86,275,53,34,37,147,50,2*4D
$GAGSV,2,1,08,03,51,022,45,05,06,048,40,07,13,242,29,08,58,276,47,7*7A
$GAGSV,2,2,08,13,32,323,44,15,86,275,47,18,15,276,31,34,37,147,43,7*79
$GAGSV,1,1,02,02,04,144,,25,02,097,,0*7A
$GBGSV,2,1,08,08,34,083,43,09,64,116,47,13,47,067,45,20,50,337,50,1*74
$GBGSV,2,2,08,29,44,271,47,32,30,051,46,38,27,094,43,39,51,059,47,1*73
$GBGSV,2,1,05,06,61,085,48,08,34,083,46,09,64,116,49,13,47,067,48,B*09
$GBGSV,2,2,05,16,56,072,48,B*3D
$GBGSV,4,1,14,01,03,095,,02,58,140,,03,35,113,,05,62,201,,0*77
$GBGSV,4,2,14,10,04,161,,19,22,286,,23,16,059,,27,01,161,,0*7B
$GBGSV,4,3,14,30,36,196,,35,06,319,,37,35,110,,59,08,095,,0*7C
$GBGSV,4,4,14,60,60,149,,61,35,113,,0*7C
$GQGSV,1,1,02,04,20,074,38,07,19,104,33,1*63
$GQGSV,1,1,02,04,20,074,37,07,19,104,46,6*69
$GNGLL,2454.23250,N,06708.26906,E,151117.00,A,D*73
$GNRMC,151118.00,A,2454.23250,N,06708.26906,E,0.007,,050525,,,R,V*09
$GNVTG,,T,,M,0.007,N,0.012,K,D*3C
$GNGGA,151118.00,2454.23250,N,06708.26906,E,4,12,0.63,21.8,M,-44.2,M,1.0,0293*7C
$GNGSA,A,3,10,27,28,32,31,01,02,08,23,,,,1.31,0.63,1.14,1*04
$GNGSA,A,3,87,81,74,88,75,65,66,72,,,,,1.31,0.63,1.14,2*01
$GNGSA,A,3,08,03,15,,,,,,,,,,1.31,0.63,1.14,3*0E
$GNGSA,A,3,08,09,06,13,20,16,29,32,38,39,,,1.31,0.63,1.14,4*0D
$GNGSA,A,3,04,07,,,,,,,,,,,1.31,0.63,1.14,5*04
$GPGSV,4,1,13,01,15,321,34,02,42,312,45,08,18,258,36,10,45,062,47,1*68
$GPGSV,4,2,13,23,13,097,38,25,05,090,34,27,18,219,39,28,64,140,48,1*67
$GPGSV,4,3,13,31,43,179,46,32,52,016,48,36,34,246,42,40,59,208,48,1*6E
$GPGSV,4,4,13,41,56,146,47,1*50
$GPGSV,3,1,09,01,15,321,37,08,18,258,36,10,45,062,46,23,13,097,36,6*6C
$GPGSV,3,2,09,25,05,090,35,27,18,219,40,28,64,140,49,31,43,179,45,6*6F
$GPGSV,3,3,09,32,52,016,46,6*59
$GPGSV,1,1,03,18,00,147,,26,03,176,,49,17,257,,0*51
$GLGSV,3,1,10,65,42,342,46,66,25,284,44,72,17,042,43,74,13,052,37,1*70
$GLGSV,3,2,10,75,25,103,47,76,08,159,39,81,16,329,40,87,36,183,46,1*72
$GLGSV,3,3,10,88,59,283,52,,,,43,1*4C
$GLGSV,2,1,08,65,42,342,08,66,25,284,43,72,17,042,43,75,25,103,45,3*73
$GLGSV,2,2,08,76,08,159,40,81,16,329,42,87,36,183,11,88,59,283,48,3*7B
$GAGSV,2,1,07,03,51,022,51,05,06,048,42,07,13,242,32,08,58,276,51,2*7A
$GAGSV,2,2,07,13,32,323,50,15,86,275,53,34,37,147,50,2*4D
$GAGSV,2,1,08,03,51,022,45,05,06,048,40,07,13,242,29,08,58,276,47,7*7A
$GAGSV,2,2,08,13,32,323,44,15,86,275,47,18,15,276,31,34,37,147,43,7*79
$GAGSV,1,1,02,02,04,144,,25,02,097,,0*7A
$GBGSV,2,1,08,08,34,083,43,09,64,116,47,13,47,068,45,20,50,337,50,1*7B
$GBGSV,2,2,08,29,44,271,47,32,30,051,46,38,27,094,43,39,51,059,47,1*73
$GBGSV,2,1,05,06,61,085,48,08,34,083,46,09,64,116,49,13,47,068,48,B*06
$GBGSV,2,2,05,16,56,072,48,B*3D
$GBGSV,4,1,14,01,03,095,,02,58,140,,03,35,113,,05,62,201,,0*77
$GBGSV,4,2,14,10,04,161,,19,22,286,,23,16,059,,27,01,161,,0*7B
$GBGSV,4,3,14,30,36,196,,35,06,319,,37,35,110,,59,08,095,,0*7C
$GBGSV,4,4,14,60,60,149,,61,35,113,,0*7C
$GQGSV,1,1,02,04,20,074,38,07,19,104,33,1*63
$GQGSV,1,1,02,04,20,074,37,07,19,104,46,6*69
$GNGLL,2454.23250,N,06708.26906,E,151118.00,A,D*7C
$GNRMC,151119.00,A,2454.23250,N,06708.26906,E,0.010,,050525,,,R,V*0E
$GNVTG,,T,,M,0.010,N,0.018,K,D*30
$GNGGA,151119.00,2454.23250,N,06708.26906,E,4,12,0.63,21.8,M,-44.2,M,1.0,0293*7D
$GNGSA,A,3,10,27,28,32,31,01,02,08,23,,,,1.31,0.63,1.14,1*04
$GNGSA,A,3,87,81,74,88,75,65,66,72,,,,,1.31,0.63,1.14,2*01
$GNGSA,A,3,08,03,15,,,,,,,,,,1.31,0.63,1.14,3*0E
$GNGSA,A,3,08,09,06,13,20,16,29,32,38,39,,,1.31,0.63,1.14,4*0D
$GNGSA,A,3,04,07,,,,,,,,,,,1.31,0.63,1.14,5*04
$GPGSV,4,1,13,01,15,321,34,02,42,312,45,08,18,258,36,10,45,062,48,1*67
$GPGSV,4,2,13,23,13,097,38,25,05,090,35,27,18,219,39,28,64,140,48,1*66
$GPGSV,4,3,13,31,43,179,46,32,52,016,48,36,34,246,42,40,59,208,48,1*6E
$GPGSV,4,4,13,41,56,146,46,1*51
$GPGSV,3,1,09,01,15,321,38,08,18,258,36,10,45,062,46,23,13,097,36,6*63
$GPGSV,3,2,09,25,05,090,35,27,18,219,40,28,64,140,49,31,43,179,45,6*6F
$GPGSV,3,3,09,32,52,016,46,6*59
$GPGSV,1,1,03,18,00,147,,26,03,176,,49,17,257,,0*51
$GLGSV,3,1,10,65,42,342,46,66,25,284,44,72,17,042,43,74,13,052,37,1*70
$GLGSV,3,2,10,75,25,103,47,76,08,159,39,81,16,329,41,87,36,183,46,1*73
$GLGSV,3,3,10,88,59,283,51,,,,43,1*4F
$GLGSV,2,1,08,65,42,342,10,66,25,284,43,72,17,042,43,75,25,103,46,3*79
$GLGSV,2,2,08,76,08,159,40,81,16,329,42,87,36,183,10,88,59,283,48,3*7A
$GAGSV,2,1,07,03,51,022,51,05,06,048,42,07,13,242,32,08,58,276,51,2*7A
$GAGSV,2,2,07,13,32,323,50,15,86,275,53,34,37,147,50,2*4D
$GAGSV,2,1,08,03,51,022,45,05,06,048,40,07,13,242,29,08,58,276,47,7*7A
$GAGSV,2,2,08,13,32,323,44,15,86,275,47,18,15,276,31,34,37,147,44,7*7E
$GAGSV,1,1,02,02,04,144,,25,02,097,,0*7A
$GBGSV,2,1,08,08,34,083,43,09,64,116,47,13,47,068,45,20,50,337,50,1*7B
$GBGSV,2,2,08,29,44,271,47,32,30,051,46,38,27,094,43,39,51,059,47,1*73
$GBGSV,2,1,05,06,61,085,48,08,34,083,46,09,64,116,49,13,47,068,48,B*06
$GBGSV,2,2,05,16,56,071,48,B*3E
$GBGSV,4,1,14,01,03,095,,02,58,140,,03,35,113,,05,62,201,,0*77
$GBGSV,4,2,14,10,04,161,,19,22,286,,23,16,059,,27,01,161,,0*7B
$GBGSV,4,3,14,30,36,196,,35,06,319,,37,35,110,,59,08,095,,0*7C
$GBGSV,4,4,14,60,60,149,,61,35,113,,0*7C
$GQGSV,1,1,02,04,20,074,38,07,19,104,33,1*63
$GQGSV,1,1,02,04,20,074,37,07,19,104,46,6*69
$GNGLL,2454.23250,N,06708.26906,E,151119.00,A,D*7D
$GNRMC,151120.00,A,2454.23250,N,06708.26906,E,0.015,,050525,,,R,V*01
$GNVTG,,T,,M,0.015,N,0.028,K,D*36
$GNGGA,151120.00,2454.23250,N,06708.26906,E,4,12,0.63,21.8,M,-44.2,M,1.0,0293*77
$GNGSA,A,3,10,27,28,32,31,01,02,08,23,,,,1.31,0.63,1.14,1*04
$GNGSA,A,3,87,81,74,88,75,65,66,72,,,,,1.31,0.63,1.14,2*01
$GNGSA,A,3,08,03,15,,,,,,,,,,1.31,0.63,1.14,3*0E
$GNGSA,A,3,08,09,06,13,20,16,29,32,38,39,,,1.31,0.63,1.14,4*0D
$GNGSA,A,3,04,07,,,,,,,,,,,1.31,0.63,1.14,5*04
$GPGSV,4,1,13,01,15,321,34,02,42,312,45,08,18,258,36,10,45,062,47,1*68
$GPGSV,4,2,13,23,13,097,38,25,05,090,35,27,18,219,39,28,64,140,48,1*66
$GPGSV,4,3,13,31,43,179,46,32,52,016,48,36,34,246,42,40,59,208,48,1*6E
$GPGSV,4,4,13,41,56,146,47,1*50
$GPGSV,3,1,09,01,15,321,38,08,18,258,36,10,45,062,46,23,13,097,36,6*63
$GPGSV,3,2,09,25,05,090,35,27,18,219,40,28,64,140,49,31,43,179,45,6*6F
$GPGSV,3,3,09,32,52,016,46,6*59
$GPGSV,1,1,03,18,00,147,,26,03,176,,49,17,257,,0*51
$GLGSV,3,1,10,65,42,342,46,66,25,284,44,72,17,042,43,74,13,052,37,1*70
$GLGSV,3,2,10,75,25,103,47,76,08,159,39,81,16,329,40,87,36,183,46,1*72
$GLGSV,3,3,10,88,59,283,51,,,,43,1*4F
$GLGSV,2,1,08,65,42,342,11,66,25,284,43,72,17,042,43,75,25,103,45,3*7B
$GLGSV,2,2,08,76,08,159,40,81,16,329,42,87,36,183,08,88,59,283,48,3*73
$GAGSV,2,1,07,03,51,022,51,05,06,048,42,07,13,242,32,08,58,276,51,2*7A
$GAGSV,2,2,07,13,32,323,50,15,86,275,53,34,37,147,50,2*4D
$GAGSV,2,1,08,03,51,022,45,05,06,048,40,07,13,242,29,08,58,276,47,7*7A
$GAGSV,2,2,08,13,32,323,44,15,86,275,47,18,15,276,31,34,37,147,44,7*7E
$GAGSV,1,1,02,02,04,144,,25,02,097,,0*7A
$GBGSV,2,1,08,08,34,083,43,09,64,116,47,13,47,068,45,20,50,337,50,1*7B
$GBGSV,2,2,08,29,44,271,47,32,30,051,46,38,27,094,43,39,51,059,47,1*73
$GBGSV,2,1,05,06,61,085,48,08,34,083,46,09,64,116,49,13,47,068,48,B*06
$GBGSV,2,2,05,16,56,071,48,B*3E
$GBGSV,4,1,14,01,03,095,,02,58,140,,03,35,113,,05,62,201,,0*77
$GBGSV,4,2,14,10,04,161,,19,22,286,,23,16,059,,27,01,161,,0*7B
$GBGSV,4,3,14,30,36,196,,35,06,319,,37,35,110,,59,08,095,,0*7C
$GBGSV,4,4,14,60,60,149,,61,35,113,,0*7C
$GQGSV,1,1,02,04,20,074,38,07,19,104,33,1*63
$GQGSV,1,1,02,04,20,074,37,07,19,104,46,6*69
$GNGLL,2454.23250,N,06708.26906,E,151120.00,A,D*77
$GNRMC,151121.00,A,2454.23250,N,06708.26906,E,0.006,,050525,,,R,V*02
$GNVTG,,T,,M,0.006,N,0.011,K,D*3E
$GNGGA,151121.00,2454.23250,N,06708.26906,E,4,12,0.63,21.8,M,-44.2,M,1.0,0293*76
$GNGSA,A,3,10,27,28,32,31,01,02,08,23,,,,1.31,0.63,1.14,1*04
$GNGSA,A,3,87,81,74,88,75,65,66,72,,,,,1.31,0.63,1.14,2*01
$GNGSA,A,3,08,03,15,,,,,,,,,,1.31,0.63,1.14,3*0E
$GNGSA,A,3,08,09,06,13,20,16,29,32,38,39,,,1.31,0.63,1.14,4*0D
$GNGSA,A,3,04,07,,,,,,,,,,,1.31,0.63,1.14,5*04
$GPGSV,4,1,13,01,15,321,34,02,42,312,45,08,18,258,36,10,45,062,47,1*68
$GPGSV,4,2,13,23,13,097,39,25,05,090,35,27,18,219,39,28,64,140,48,1*67
$GPGSV,4,3,13,31,43,179,46,32,52,016,48,36,34,246,42,40,59,208,48,1*6E
$GPGSV,4,4,13,41,56,146,47,1*50
$GPGSV,3,1,09,01,15,321,38,08,18,258,36,10,45,062,46,23,13,097,37,6*62
$GPGSV,3,2,09,25,05,090,35,27,18,219,40,28,64,140,49,31,43,179,45,6*6F
$GPGSV,3,3,09,32,52,016,46,6*59
$GPGSV,1,1,03,18,00,147,,26,03,176,,49,17,257,,0*51
$GLGSV,3,1,10,65,42,342,46,66,25,284,44,72,17,042,43,74,13,052,37,1*70
$GLGSV,3,2,10,75,25,103,47,76,08,159,39,81,16,329,40,87,36,183,46,1*72
$GLGSV,3,3,10,88,59,283,51,,,,43,1*4F
$GLGSV,2,1,08,65,42,342,10,66,25,284,43,72,17,042,43,75,25,103,45,3*7A
$GLGSV,2,2,08,76,08,159,40,81,16,329,42,87,36,183,08,88,59,283,48,3*73
$GAGSV,2,1,07,03,51,022,51,05,06,048,42,07,13,242,31,08,58,276,51,2*79
$GAGSV,2,2,07,13,32,323,50,15,86,275,53,34,37,147,50,2*4D
$GAGSV,2,1,08,03,51,022,45,05,06,048,40,07,13,242,29,08,58,276,47,7*7A
$GAGSV,2,2,08,13,32,323,44,15,86,275,47,18,15,276,32,34,37,147,44,7*7D
$GAGSV,1,1,02,02,04,144,,25,02,097,,0*7A
$GBGSV,2,1,08,08,34,083,43,09,64,116,47,13,47,068,45,20,50,338,50,1*74
$GBGSV,2,2,08,29,44,271,47,32,30,051,46,38,27,094,43,39,51,059,47,1*73
$GBGSV,2,1,05,06,61,085,48,08,34,083,46,09,64,116,49,13,47,068,48,B*06
$GBGSV,2,2,05,16,56,071,48,B*3E
$GBGSV,4,1,14,01,03,095,,02,58,140,,03,35,113,,05,62,201,,0*77
$GBGSV,4,2,14,10,04,161,,19,22,286,,23,16,059,,27,01,161,,0*7B
$GBGSV,4,3,14,30,36,196,,35,06,319,,37,35,110,,59,08,095,,0*7C
$GBGSV,4,4,14,60,60,149,,61,35,113,,0*7C
$GQGSV,1,1,02,04,20,074,38,07,19,104,33,1*63
$GQGSV,1,1,02,04,20,074,37,07,19,104,46,6*69
$GNGLL,2454.23250,N,06708.26906,E,151121.00,A,D*76
$GNRMC,151122.00,A,2454.23250,N,06708.26906,E,0.006,,050525,,,R,V*01
$GNVTG,,T,,M,0.006,N,0.011,K,D*3E
$GNGGA,151122.00,2454.23250,N,06708.26906,E,4,12,0.63,21.8,M,-44.2,M,1.0,0293*75
$GNGSA,A,3,10,27,28,32,31,01,02,08,23,,,,1.31,0.63,1.14,1*04
$GNGSA,A,3,87,81,74,88,75,65,66,72,,,,,1.31,0.63,1.14,2*01
$GNGSA,A,3,08,03,15,,,,,,,,,,1.31,0.63,1.14,3*0E
$GNGSA,A,3,08,09,06,13,20,16,29,32,38,39,,,1.31,0.63,1.14,4*0D
$GNGSA,A,3,04,07,,,,,,,,,,,1.31,0.63,1.14,5*04
$GPGSV,4,1,13,01,15,321,33,02,42,312,45,08,18,258,36,10,45,062,47,1*6F
$GPGSV,4,2,13,23,13,097,39,25,05,090,35,27,18,219,39,28,64,140,48,1*67
$GPGSV,4,3,13,31,43,179,46,32,52,016,48,36,34,246,42,40,59,208,48,1*6E
$GPGSV,4,4,13,41,56,146,47,1*50
$GPGSV,3,1,09,01,15,321,37,08,18,258,36,10,45,062,46,23,13,097,37,6*6D
$GPGSV,3,2,09,25,05,090,34,27,18,219,40,28,64,140,49,31,43,179,45,6*6E
$GPGSV,3,3,09,32,52,016,46,6*59
$GPGSV,1,1,03,18,00,147,,26,03,176,,49,17,257,,0*51
$GLGSV,3,1,10,65,42,342,46,66,25,284,44,72,17,042,43,74,13,052,37,1*70
$GLGSV,3,2,10,75,25,103,46,76,08,159,39,81,16,329,40,87,36,183,46,1*73
$GLGSV,3,3,10,88,59,283,51,,,,43,1*4F
$GLGSV,2,1,08,65,42,342,13,66,25,284,43,72,17,042,43,75,25,103,45,3*79
$GLGSV,2,2,08,76,08,159,40,81,16,329,42,87,36,183,12,88,59,283,48,3*78
$GAGSV,2,1,07,03,51,022,51,05,06,048,42,07,13,242,31,08,58,276,51,2*79
$GAGSV,2,2,07,13,32,323,50,15,86,275,53,34,37,147,50,2*4D
$GAGSV,2,1,08,03,51,022,45,05,06,048,40,07,13,242,29,08,58,276,47,7*7A
$GAGSV,2,2,08,13,32,323,44,15,86,275,47,18,15,276,31,34,37,147,43,7*79
$GAGSV,1,1,02,02,04,144,,25,02,097,,0*7A
$GBGSV,2,1,08,08,34,083,43,09,64,116,47,13,47,068,45,20,50,338,50,1*74
$GBGSV,2,2,08,29,44,271,47,32,30,051,46,38,27,094,43,39,51,059,47,1*73
$GBGSV,2,1,05,06,61,085,48,08,34,083,46,09,64,116,49,13,47,068,48,B*06
$GBGSV,2,2,05,16,56,071,48,B*3E
$GBGSV,4,1,14,01,03,095,,02,58,140,,03,35,113,,05,62,201,,0*77
$GBGSV,4,2,14,10,04,161,,19,22,286,,23,15,058,,27,01,161,,0*79
$GBGSV,4,3,14,30,36,196,,35,06,319,,37,35,110,,59,08,095,,0*7C
$GBGSV,4,4,14,60,60,149,,61,35,113,,0*7C
$GQGSV,1,1,02,04,20,074,38,07,19,104,33,1*63
$GQGSV,1,1,02,04,20,074,37,07,19,104,45,6*6A
$GNGLL,2454.23250,N,06708.26906,E,151122.00,A,D*75
$GNRMC,151123.00,A,2454.23250,N,06708.26906,E,0.003,,050525,,,R,V*05
$GNVTG,,T,,M,0.003,N,0.006,K,D*3D
$GNGGA,151123.00,2454.23250,N,06708.26906,E,4,12,0.63,21.8,M,-44.2,M,1.0,0293*74
$GNGSA,A,3,10,27,28,32,31,01,02,08,23,,,,1.31,0.63,1.14,1*04
$GNGSA,A,3,87,81,74,88,75,65,66,72,,,,,1.31,0.63,1.14,2*01
$GNGSA,A,3,08,03,15,,,,,,,,,,1.31,0.63,1.14,3*0E
$GNGSA,A,3,08,09,06,13,20,16,29,32,38,39,,,1.31,0.63,1.14,4*0D
$GNGSA,A,3,04,07,,,,,,,,,,,1.31,0.63,1.14,5*04
$GPGSV,4,1,13,01,15,321,33,02,42,312,45,08,18,258,36,10,45,062,47,1*6F
$GPGSV,4,2,13,23,13,097,39,25,05,090,35,27,18,219,39,28,64,140,48,1*67
$GPGSV,4,3,13,31,43,179,46,32,52,016,48,36,34,246,42,40,59,208,48,1*6E
$GPGSV,4,4,13,41,56,146,47,1*50
$GPGSV,3,1,09,01,15,321,38,08,18,258,35,10,45,062,46,23,13,097,37,6*61
$GPGSV,3,2,09,25,05,090,34,27,18,219,40,28,64,140,49,31,43,179,45,6*6E
$GPGSV,3,3,09,32,52,016,46,6*59
$GPGSV,1,1,03,18,00,147,,26,03,176,,49,17,257,,0*51
$GLGSV,3,1,10,65,42,342,46,66,25,284,44,72,17,042,43,74,13,052,37,1*70
$GLGSV,3,2,10,75,25,103,46,76,08,159,39,81,16,329,40,87,36,183,46,1*73
$GLGSV,3,3,10,88,59,283,51,,,,43,1*4F
$GLGSV,3,1,09,65,42,342,08,66,25,284,43,72,17,042,43,75,25,103,45,3*73
$GLGSV,3,2,09,76,08,159,40,81,16,329,41,87,36,183,09,88,59,283,48,3*71
$GLGSV,3,3,09,,,,42,3*75
$GAGSV,2,1,07,03,51,022,51,05,06,048,42,07,13,242,31,08,58,276,51,2*79
$GAGSV,2,2,07,13,32,323,50,15,86,275,53,34,37,147,50,2*4D
$GAGSV,2,1,08,03,51,022,45,05,06,048,40,07,13,242,28,08,58,276,47,7*7B
$GAGSV,2,2,08,13,32,323,44,15,86,275,47,18,15,276,31,34,37,147,43,7*79
$GAGSV,1,1,02,02,04,144,,25,02,097,,0*7A
$GBGSV,2,1,08,08,34,083,43,09,64,116,47,13,47,068,45,20,50,338,50,1*74
$GBGSV,2,2,08,29,44,271,47,32,30,051,46,38,27,094,43,39,51,059,47,1*73
$GBGSV,2,1,05,06,61,085,48,08,34,083,46,09,64,116,49,13,47,068,48,B*06
$GBGSV,2,2,05,16,56,071,48,B*3E
$GBGSV,4,1,14,01,03,095,,02,58,140,,03,35,113,,05,62,201,,0*77
$GBGSV,4,2,14,10,04,161,,19,22,286,,23,15,058,,27,01,161,,0*79
$GBGSV,4,3,14,30,36,196,,35,06,319,,37,35,110,,59,08,095,,0*7C
$GBGSV,4,4,14,60,60,149,,61,35,113,,0*7C
$GQGSV,1,1,02,04,20,074,38,07,19,104,33,1*63
$GQGSV,1,1,02,04,20,074,37,07,19,104,45,6*6A
$GNGLL,2454.23250,N,06708.26906,E,151123.00,A,D*74
$GNRMC,151124.00,A,2454.23250,N,06708.26906,E,0.004,,050525,,,R,V*05
$GNVTG,,T,,M,0.004,N,0.008,K,D*34
$GNGGA,151124.00,2454.23250,N,06708.26906,E,4,12,0.63,21.8,M,-44.2,M,1.0,0293*73
$GNGSA,A,3,10,27,28,32,31,01,02,08,23,,,,1.31,0.63,1.14,1*04
$GNGSA,A,3,87,81,74,88,75,65,66,72,,,,,1.31,0.63,1.14,2*01
$GNGSA,A,3,08,03,15,,,,,,,,,,1.31,0.63,1.14,3*0E
$GNGSA,A,3,08,09,06,13,20,16,29,32,38,39,,,1.31,0.63,1.14,4*0D
$GNGSA,A,3,04,07,,,,,,,,,,,1.31,0.63,1.14,5*04
$GPGSV,4,1,13,01,15,321,34,02,42,312,46,08,18,258,36,10,45,062,47,1*6B
$GPGSV,4,2,13,23,13,097,39,25,05,090,35,27,18,219,39,28,64,140,48,1*67
$GPGSV,4,3,13,31,43,179,46,32,52,016,48,36,34,246,42,40,59,208,48,1*6E
$GPGSV,4,4,13,41,56,146,46,1*51
$GPGSV,3,1,09,01,15,321,38,08,18,258,35,10,45,062,46,23,13,097,37,6*61
$GPGSV,3,2,09,25,05,090,34,27,18,219,40,28,64,140,49,31,43,179,45,6*6E
$GPGSV,3,3,09,32,52,016,46,6*59
$GPGSV,1,1,03,18,00,147,,26,03,176,,49,17,257,,0*51
$GLGSV,3,1,10,65,42,342,46,66,25,284,44,72,17,042,43,74,13,052,37,1*70
$GLGSV,3,2,10,75,25,103,47,76,08,159,40,81,16,329,40,87,36,183,46,1*7C
$GLGSV,3,3,10,88,59,283,51,,,,43,1*4F
$GLGSV,3,1,09,65,42,342,13,66,25,284,43,72,17,042,43,75,25,103,45,3*79
$GLGSV,3,2,09,76,08,159,40,81,16,329,41,87,36,183,08,88,59,283,48,3*70
$GLGSV,3,3,09,,,,42,3*75
$GAGSV,2,1,07,03,51,022,51,05,06,048,42,07,13,242,31,08,58,276,51,2*79
$GAGSV,2,2,07,13,32,323,50,15,86,275,53,34,37,147,50,2*4D
$GAGSV,2,1,08,03,51,022,45,05,06,048,40,07,13,242,28,08,58,276,47,7*7B
$GAGSV,2,2,08,13,32,323,44,15,86,275,47,18,15,276,31,34,37,147,44,7*7E
$GAGSV,1,1,02,02,04,144,,25,02,097,,0*7A
$GBGSV,2,1,08,08,34,083,43,09,64,116,47,13,47,068,45,20,50,338,50,1*74
$GBGSV,2,2,08,29,44,271,47,32,30,051,46,38,27,094,43,39,51,059,47,1*73
$GBGSV,2,1,05,06,61,085,48,08,34,083,46,09,64,116,49,13,47,068,48,B*06
$GBGSV,2,2,05,16,56,071,48,B*3E
$GBGSV,4,1,14,01,03,095,,02,58,140,,03,35,113,,05,62,201,,0*77
$GBGSV,4,2,14,10,04,161,,19,22,286,,23,15,058,,27,01,161,,0*79
$GBGSV,4,3,14,30,36,196,,35,06,319,,37,35,110,,59,08,095,,0*7C
$GBGSV,4,4,14,60,60,149,,61,35,113,,0*7C
$GQGSV,1,1,02,04,20,074,38,07,19,104,33,1*63
$GQGSV,1,1,02,04,20,074,37,07,19,104,45,6*6A
$GNGLL,2454.23250,N,06708.26906,E,151124.00,A,D*73
$GNRMC,151125.00,A,2454.23250,N,06708.26906,E,0.011,,050525,,,R,V*00
$GNVTG,,T,,M,0.011,N,0.020,K,D*3A
$GNGGA,151125.00,2454.23250,N,06708.26906,E,4,12,0.63,21.8,M,-44.2,M,1.0,0293*72
$GNGSA,A,3,10,27,28,32,31,01,02,08,23,,,,1.31,0.63,1.14,1*04
$GNGSA,A,3,87,81,74,88,75,65,66,72,,,,,1.31,0.63,1.14,2*01
$GNGSA,A,3,08,03,15,,,,,,,,,,1.31,0.63,1.14,3*0E
$GNGSA,A,3,08,09,06,13,20,16,29,32,38,39,,,1.31,0.63,1.14,4*0D
$GNGSA,A,3,04,07,,,,,,,,,,,1.31,0.63,1.14,5*04
$GPGSV,4,1,13,01,15,321,34,02,42,312,46,08,18,258,36,10,45,062,48,1*64
$GPGSV,4,2,13,23,13,097,38,25,05,090,35,27,18,219,39,28,64,140,48,1*66
$GPGSV,4,3,13,31,43,179,46,32,52,016,48,36,34,246,42,40,59,208,48,1*6E
$GPGSV,4,4,13,41,56,146,46,1*51
$GPGSV,3,1,09,01,15,321,38,08,18,258,35,10,45,062,46,23,13,097,37,6*61
$GPGSV,3,2,09,25,05,090,34,27,18,219,40,28,64,140,49,31,43,179,45,6*6E
$GPGSV,3,3,09,32,52,016,46,6*59
$GPGSV,1,1,03,18,00,147,,26,03,176,,49,17,257,,0*51
$GLGSV,3,1,10,65,42,342,46,66,25,284,44,72,17,042,43,74,13,052,37,1*70
$GLGSV,3,2,10,75,25,103,47,76,08,159,40,81,16,329,40,87,36,183,46,1*7C
$GLGSV,3,3,10,88,59,283,51,,,,43,1*4F
$GLGSV,3,1,09,65,42,342,09,66,25,284,43,72,17,042,43,75,25,103,45,3*72
$GLGSV,3,2,09,76,08,159,40,81,16,329,41,87,36,183,11,88,59,283,48,3*78
$GLGSV,3,3,09,,,,42,3*75
$GAGSV,2,1,07,03,51,022,51,05,06,048,42,07,13,242,32,08,58,276,51,2*7A
$GAGSV,2,2,07,13,32,323,50,15,86,275,53,34,37,147,50,2*4D
$GAGSV,2,1,08,03,51,022,45,05,06,048,40,07,13,242,28,08,58,276,47,7*7B
$GAGSV,2,2,08,13,32,323,44,15,86,275,47,18,15,276,31,34,37,147,43,7*79
$GAGSV,1,1,02,02,04,144,,25,02,097,,0*7A
$GBGSV,2,1,08,08,34,083,43,09,64,116,47,13,47,068,45,20,50,338,50,1*74
$GBGSV,2,2,08,29,44,271,47,32,30,051,46,38,27,094,43,39,51,059,47,1*73
$GBGSV,2,1,05,06,61,085,48,08,34,083,46,09,64,116,49,13,47,068,48,B*06
$GBGSV,2,2,05,16,56,071,48,B*3E
$GBGSV,4,1,14,01,03,095,,02,58,140,,03,35,113,,05,62,201,,0*77
$GBGSV,4,2,14,10,04,161,,19,22,286,,23,15,058,,27,01,161,,0*79
$GBGSV,4,3,14,30,36,196,,35,06,319,,37,35,110,,59,08,095,,0*7C
$GBGSV,4,4,14,60,60,149,,61,35,113,,0*7C
$GQGSV,1,1,02,04,20,074,38,07,19,104,33,1*63
$GQGSV,1,1,02,04,20,074,37,07,19,104,46,6*69
$GNGLL,2454.23250,N,06708.26906,E,151125.00,A,D*72
$GNRMC,151126.00,A,2454.23250,N,06708.26906,E,0.006,,050525,,,R,V*05
$GNVTG,,T,,M,0.006,N,0.010,K,D*3F
$GNGGA,151126.00,2454.23250,N,06708.26906,E,4,12,0.63,21.8,M,-44.2,M,1.0,0293*71
$GNGSA,A,3,10,27,28,32,31,01,02,08,23,,,,1.31,0.63,1.14,1*04
$GNGSA,A,3,87,81,74,88,75,65,66,72,,,,,1.31,0.63,1.14,2*01
$GNGSA,A,3,08,03,15,,,,,,,,,,1.31,0.63,1.14,3*0E
$GNGSA,A,3,08,09,06,13,20,16,29,32,38,39,,,1.31,0.63,1.14,4*0D
$GNGSA,A,3,04,07,,,,,,,,,,,1.31,0.63,1.14,5*04
$GPGSV,4,1,13,01,15,321,33,02,42,312,46,08,18,258,36,10,45,062,48,1*63
$GPGSV,4,2,13,23,13,097,39,25,05,090,35,27,18,219,39,28,64,140,47,1*68
$GPGSV,4,3,13,31,43,179,46,32,52,016,48,36,34,246,42,40,59,208,48,1*6E
$GPGSV,4,4,13,41,56,146,46,1*51
$GPGSV,3,1,09,01,15,321,37,08,18,258,35,10,45,062,46,23,13,097,37,6*6E
$GPGSV,3,2,09,25,05,090,34,27,18,219,40,28,64,140,49,31,43,179,45,6*6E
$GPGSV,3,3,09,32,52,016,46,6*59
$GPGSV,1,1,03,18,00,147,,26,03,176,,49,17,257,,0*51
$GLGSV,3,1,10,65,42,342,46,66,25,284,44,72,17,042,43,74,13,052,37,1*70
$GLGSV,3,2,10,75,25,103,46,76,08,159,40,81,16,329,40,87,36,183,46,1*7D
$GLGSV,3,3,10,88,59,283,51,,,,43,1*4F
$GLGSV,3,1,09,65,42,342,08,66,25,284,43,72,17,042,43,75,25,103,45,3*73
$GLGSV,3,2,09,76,08,159,40,81,16,329,41,87,36,183,10,88,59,283,48,3*79
$GLGSV,3,3,09,,,,42,3*75
$GAGSV,2,1,07,03,51,022,51,05,06,048,42,07,13,242,32,08,58,276,51,2*7A
$GAGSV,2,2,07,13,32,323,50,15,86,275,53,34,37,147,50,2*4D
$GAGSV,2,1,08,03,51,022,45,05,06,048,40,07,13,242,28,08,58,276,47,7*7B
$GAGSV,2,2,08,13,32,323,44,15,86,275,47,18,15,276,31,34,37,147,44,7*7E
$GAGSV,1,1,02,02,04,144,,25,02,097,,0*7A
$GBGSV,2,1,08,08,34,083,43,09,64,116,47,13,47,068,45,20,50,338,50,1*74
$GBGSV,2,2,08,29,44,271,47,32,30,051,46,38,27,094,43,39,51,059,47,1*73
$GBGSV,2,1,05,06,61,085,48,08,34,083,46,09,64,116,49,13,47,068,48,B*06
$GBGSV,2,2,05,16,56,071,48,B*3E
$GBGSV,4,1,14,01,03,095,,02,58,140,,03,35,113,,05,62,201,,0*77
$GBGSV,4,2,14,10,04,161,,19,22,286,,23,15,058,,27,01,161,,0*79
$GBGSV,4,3,14,30,36,196,,35,06,319,,37,35,110,,59,08,095,,0*7C
$GBGSV,4,4,14,60,60,149,,61,35,113,,0*7C
$GQGSV,1,1,02,04,20,074,38,07,19,104,33,1*63
$GQGSV,1,1,02,04,20,074,37,07,19,104,45,6*6A
$GNGLL,2454.23250,N,06708.26906,E,151126.00,A,D*71
$GNRMC,151127.00,A,2454.23250,N,06708.26906,E,0.002,,050525,,,R,V*00
$GNVTG,,T,,M,0.002,N,0.003,K,D*39
$GNGGA,151127.00,2454.23250,N,06708.26906,E,4,12,0.63,21.8,M,-44.2,M,1.0,0293*70
$GNGSA,A,3,10,27,28,32,31,01,02,08,23,,,,1.31,0.63,1.14,1*04
$GNGSA,A,3,87,81,74,88,75,65,66,72,,,,,1.31,0.63,1.14,2*01
$GNGSA,A,3,08,03,15,,,,,,,,,,1.31,0.63,1.14,3*0E
$GNGSA,A,3,08,09,06,13,20,16,29,32,38,39,,,1.31,0.63,1.14,4*0D
$GNGSA,A,3,04,07,,,,,,,,,,,1.31,0.63,1.14,5*04
$GPGSV,4,1,13,01,15,321,33,02,42,312,45,08,18,258,36,10,45,062,48,1*60
$GPGSV,4,2,13,23,13,097,39,25,05,090,35,27,18,219,39,28,64,140,47,1*68
$GPGSV,4,3,13,31,43,179,46,32,52,016,48,36,34,246,42,40,59,208,48,1*6E
$GPGSV,4,4,13,41,56,146,46,1*51
$GPGSV,3,1,09,01,15,321,38,08,18,258,35,10,45,062,46,23,13,097,37,6*61
$GPGSV,3,2,09,25,05,090,34,27,18,219,40,28,64,140,49,31,43,179,45,6*6E
$GPGSV,3,3,09,32,52,016,46,6*59
$GPGSV,1,1,03,18,00,147,,26,03,176,,49,17,257,,0*51
$GLGSV,3,1,10,65,42,342,46,66,25,284,44,72,17,042,43,74,13,052,37,1*70
$GLGSV,3,2,10,75,25,103,46,76,08,159,40,81,16,329,40,87,36,183,46,1*7D
$GLGSV,3,3,10,88,59,283,51,,,,43,1*4F
$GLGSV,3,1,09,65,42,342,09,66,25,284,43,72,17,042,42,75,25,103,45,3*73
$GLGSV,3,2,09,76,08,159,40,81,16,329,41,87,36,183,11,88,59,283,48,3*78
$GLGSV,3,3,09,,,,42,3*75
$GAGSV,2,1,07,03,51,022,51,05,06,048,42,07,13,242,31,08,58,276,51,2*79
$GAGSV,2,2,07,13,32,323,50,15,86,275,53,34,37,147,50,2*4D
$GAGSV,2,1,08,03,51,022,45,05,06,048,40,07,13,242,28,08,58,276,47,7*7B
$GAGSV,2,2,08,13,32,323,44,15,86,275,47,18,15,276,31,34,37,147,44,7*7E
$GAGSV,1,1,02,02,04,144,,25,02,097,,0*7A
$GBGSV,2,1,08,08,34,083,43,09,64,116,47,13,47,068,45,20,50,338,50,1*74
$GBGSV,2,2,08,29,44,271,47,32,30,051,46,38,27,094,43,39,51,059,47,1*73
$GBGSV,2,1,05,06,61,085,48,08,34,083,46,09,64,116,49,13,47,068,48,B*06
$GBGSV,2,2,05,16,56,071,48,B*3E
$GBGSV,4,1,14,01,03,095,,02,58,140,,03,35,113,,05,62,201,,0*77
$GBGSV,4,2,14,10,04,161,,19,22,286,,23,15,058,,27,01,161,,0*79
$GBGSV,4,3,14,30,36,196,,35,06,319,,37,35,110,,59,08,095,,0*7C
$GBGSV,4,4,14,60,60,149,,61,35,113,,0*7C
$GQGSV,1,1,02,04,20,074,38,07,19,104,33,1*63
$GQGSV,1,1,02,04,20,074,37,07,19,104,45,6*6A
$GNGLL,2454.23250,N,06708.26906,E,151127.00,A,D*70
$GNRMC,151128.00,A,2454.23250,N,06708.26906,E,0.006,,050525,,,R,V*0B
$GNVTG,,T,,M,0.006,N,0.011,K,D*3E
$GNGGA,151128.00,2454.23250,N,06708.26906,E,4,12,0.63,21.8,M,-44.2,M,1.0,0293*7F
$GNGSA,A,3,10,27,28,32,31,01,02,08,23,,,,1.31,0.63,1.14,1*04
$GNGSA,A,3,87,81,74,88,75,65,66,72,,,,,1.31,0.63,1.14,2*01
$GNGSA,A,3,08,03,15,,,,,,,,,,1.31,0.63,1.14,3*0E
$GNGSA,A,3,08,09,06,13,20,16,29,32,38,39,,,1.31,0.63,1.14,4*0D
$GNGSA,A,3,04,07,,,,,,,,,,,1.31,0.63,1.14,5*04
$GPGSV,4,1,13,01,15,321,33,02,42,312,45,08,18,258,36,10,45,062,48,1*60
$GPGSV,4,2,13,23,13,097,38,25,05,090,35,27,18,219,39,28,64,140,47,1*69
$GPGSV,4,3,13,31,43,179,46,32,52,016,48,36,34,246,42,40,59,208,48,1*6E
$GPGSV,4,4,13,41,56,146,47,1*50
$GPGSV,3,1,09,01,15,321,38,08,18,258,35,10,45,062,46,23,13,097,37,6*61
$GPGSV,3,2,09,25,05,090,34,27,18,219,40,28,64,140,49,31,43,179,45,6*6E
$GPGSV,3,3,09,32,52,016,46,6*59
$GPGSV,1,1,03,18,00,147,,26,03,176,,49,17,257,,0*51
$GLGSV,3,1,10,65,42,342,46,66,25,284,44,72,17,042,42,74,13,052,37,1*71
$GLGSV,3,2,10,75,25,103,46,76,08,159,40,81,16,329,40,87,36,183,46,1*7D
$GLGSV,3,3,10,88,59,283,51,,,,43,1*4F
$GLGSV,3,1,09,65,42,342,11,66,25,284,43,72,17,042,42,75,25,103,45,3*7A
$GLGSV,3,2,09,76,08,159,41,81,16,329,41,87,36,183,08,88,59,283,48,3*71
$GLGSV,3,3,09,,,,42,3*75
$GAGSV,2,1,07,03,51,022,51,05,06,048,42,07,13,242,32,08,58,276,51,2*7A
$GAGSV,2,2,07,13,32,323,50,15,86,275,53,34,37,147,50,2*4D
$GAGSV,2,1,08,03,51,022,45,05,06,048,40,07,13,242,28,08,58,276,47,7*7B
$GAGSV,2,2,08,13,32,323,44,15,86,275,47,18,15,276,31,34,37,147,43,7*79
$GAGSV,1,1,02,02,04,144,,25,02,097,,0*7A
$GBGSV,2,1,08,08,34,083,43,09,64,116,47,13,47,068,45,20,50,338,50,1*74
$GBGSV,2,2,08,29,44,271,47,32,30,051,46,38,27,094,43,39,51,059,47,1*73
$GBGSV,2,1,05,06,61,085,48,08,34,083,46,09,64,116,49,13,47,068,48,B*06
$GBGSV,2,2,05,16,56,071,48,B*3E
$GBGSV,4,1,14,01,03,095,,02,58,140,,03,35,113,,05,62,201,,0*77
$GBGSV,4,2,14,10,04,161,,19,22,286,,23,15,058,,27,00,161,,0*78
$GBGSV,4,3,14,30,36,196,,35,06,319,,37,35,110,,59,08,095,,0*7C
$GBGSV,4,4,14,60,60,149,,61,35,113,,0*7C
$GQGSV,1,1,02,04,20,074,38,07,19,104,33,1*63
$GQGSV,1,1,02,04,20,074,37,07,19,104,46,6*69
$GNGLL,2454.23250,N,06708.26906,E,151128.00,A,D*7F
$GNRMC,151129.00,A,2454.23250,N,06708.26906,E,0.004,,050525,,,R,V*08
$GNVTG,,T,,M,0.004,N,0.008,K,D*34
$GNGGA,151129.00,2454.23250,N,06708.26906,E,4,12,0.63,21.8,M,-44.2,M,1.0,0293*7E
$GNGSA,A,3,10,27,28,32,31,01,02,08,23,,,,1.31,0.63,1.14,1*04
$GNGSA,A,3,87,81,74,88,75,65,66,72,,,,,1.31,0.63,1.14,2*01
$GNGSA,A,3,08,03,15,,,,,,,,,,1.31,0.63,1.14,3*0E
$GNGSA,A,3,08,09,06,13,20,16,29,32,38,39,,,1.31,0.63,1.14,4*0D
$GNGSA,A,3,04,07,,,,,,,,,,,1.31,0.63,1.14,5*04
$GPGSV,4,1,13,01,15,321,33,02,42,312,45,08,18,258,36,10,45,062,47,1*6F
$GPGSV,4,2,13,23,13,097,38,25,05,090,36,27,18,219,39,28,64,140,47,1*6A
$GPGSV,4,3,13,31,43,179,46,32,52,016,48,36,34,246,42,40,59,208,48,1*6E
$GPGSV,4,4,13,41,56,146,47,1*50
$GPGSV,3,1,09,01,15,321,38,08,18,258,35,10,45,062,46,23,13,097,37,6*61
$GPGSV,3,2,09,25,05,090,34,27,18,219,40,28,64,140,49,31,43,179,45,6*6E
$GPGSV,3,3,09,32,52,016,46,6*59
$GPGSV,1,1,03,18,00,147,,26,03,176,,49,17,257,,0*51
$GLGSV,3,1,10,65,42,342,45,66,25,284,44,72,17,042,42,74,13,052,36,1*73
$GLGSV,3,2,10,75,25,103,46,76,08,159,40,81,16,329,40,87,36,183,46,1*7D
$GLGSV,3,3,10,88,59,283,51,,,,43,1*4F
$GLGSV,3,1,09,65,42,342,09,66,25,284,43,72,17,042,42,75,25,103,45,3*73
$GLGSV,3,2,09,76,08,159,41,81,16,329,41,87,36,183,12,88,59,283,48,3*7A
$GLGSV,3,3,09,,,,42,3*75
$GAGSV,2,1,07,03,51,022,51,05,06,048,42,07,13,242,32,08,58,276,51,2*7A
$GAGSV,2,2,07,13,32,323,50,15,86,275,53,34,37,147,50,2*4D
$GAGSV,2,1,08,03,51,022,45,05,06,048,40,07,13,242,28,08,58,276,47,7*7B
$GAGSV,2,2,08,13,32,323,44,15,86,275,47,18,15,276,30,34,37,147,43,7*78
$GAGSV,1,1,02,02,04,144,,25,02,097,,0*7A
$GBGSV,2,1,08,08,34,083,43,09,64,116,47,13,47,068,45,20,50,338,50,1*74
$GBGSV,2,2,08,29,44,271,47,32,30,051,46,38,27,094,43,39,51,059,47,1*73
$GBGSV,2,1,06,06,61,085,48,08,34,083,46,09,64,116,49,13,47,068,48,B*05
$GBGSV,2,2,06,16,56,071,48,39,51,059,13,B*0D
$GBGSV,4,1,14,01,03,095,,02,58,140,,03,35,113,,05,62,201,,0*77
$GBGSV,4,2,14,10,04,161,,19,22,286,,23,15,058,,27,00,161,,0*78
$GBGSV,4,3,14,30,36,196,,35,06,319,,37,35,110,,59,08,095,,0*7C
$GBGSV,4,4,14,60,60,149,,61,35,113,,0*7C
$GQGSV,1,1,02,04,20,074,38,07,19,104,33,1*63
$GQGSV,1,1,02,04,20,074,37,07,19,104,46,6*69
$GNGLL,2454.23250,N,06708.26906,E,151129.00,A,D*7E
$GNRMC,151130.00,A,2454.23250,N,06708.26906,E,0.010,,050525,,,R,V*05
$GNVTG,,T,,M,0.010,N,0.018,K,D*30
$GNGGA,151130.00,2454.23250,N,06708.26906,E,4,12,0.63,21.8,M,-44.2,M,1.0,0293*76
$GNGSA,A,3,10,27,28,32,31,01,02,08,23,,,,1.31,0.63,1.14,1*04
$GNGSA,A,3,87,81,74,88,75,65,66,72,,,,,1.31,0.63,1.14,2*01
$GNGSA,A,3,08,03,15,,,,,,,,,,1.31,0.63,1.14,3*0E
$GNGSA,A,3,08,09,06,13,20,16,29,32,38,39,,,1.31,0.63,1.14,4*0D
$GNGSA,A,3,04,07,,,,,,,,,,,1.31,0.63,1.14,5*04
$GPGSV,4,1,13,01,15,321,33,02,42,312,45,08,18,258,36,10,45,062,47,1*6F
$GPGSV,4,2,13,23,13,097,38,25,05,090,35,27,18,219,39,28,64,140,47,1*69
$GPGSV,4,3,13,31,43,179,46,32,52,016,48,36,34,246,42,40,59,208,47,1*61
$GPGSV,4,4,13,41,56,146,46,1*51
$GPGSV,3,1,09,01,15,321,38,08,18,258,35,10,45,062,46,23,13,097,37,6*61
$GPGSV,3,2,09,25,05,090,34,27,18,219,40,28,64,140,49,31,43,179,45,6*6E
$GPGSV,3,3,09,32,52,016,46,6*59
$GPGSV,1,1,03,18,00,147,,26,03,176,,49,17,257,,0*51
$GLGSV,3,1,10,65,42,342,46,66,25,284,44,72,17,042,42,74,13,052,36,1*70
$GLGSV,3,2,10,75,25,103,46,76,08,159,40,81,16,329,40,87,36,183,46,1*7D
$GLGSV,3,3,10,88,59,283,51,,,,43,1*4F
$GLGSV,3,1,09,65,42,342,11,66,25,284,44,72,17,042,42,75,25,103,45,3*7D
$GLGSV,3,2,09,76,08,159,41,81,16,329,41,87,36,183,09,88,59,283,48,3*70
$GLGSV,3,3,09,,,,42,3*75
$GAGSV,2,1,07,03,51,022,51,05,06,048,42,07,13,242,32,08,58,276,51,2*7A
$GAGSV,2,2,07,13,32,323,50,15,86,275,53,34,37,147,50,2*4D
$GAGSV,2,1,08,03,51,022,45,05,06,048,40,07,13,242,28,08,58,276,47,7*7B
$GAGSV,2,2,08,13,32,323,44,15,86,275,47,18,15,276,30,34,37,147,43,7*78
$GAGSV,1,1,02,02,04,144,,25,02,097,,0*7A
$GBGSV,2,1,08,08,34,083,43,09,64,116,47,13,47,068,45,20,50,338,50,1*74
$GBGSV,2,2,08,29,44,269,48,32,30,051,46,38,27,094,43,39,51,059,47,1*75
$GBGSV,2,1,06,06,61,085,48,08,34,083,46,09,64,116,49,13,47,068,48,B*05
$GBGSV,2,2,06,16,56,071,48,39,51,059,13,B*0D
$GBGSV,4,1,14,01,03,095,,02,58,140,,03,35,113,,05,62,201,,0*77
$GBGSV,4,2,14,10,04,161,,19,22,286,,23,15,058,,27,00,161,,0*78
$GBGSV,4,3,14,30,36,196,,35,06,319,,37,35,110,,59,08,095,,0*7C
$GBGSV,4,4,14,60,60,149,,61,35,113,,0*7C
$GQGSV,1,1,02,04,20,074,38,07,19,104,33,1*63
$GQGSV,1,1,02,04,20,074,37,07,19,104,46,6*69
$GNGLL,2454.23250,N,06708.26906,E,151130.00,A,D*76
$GNRMC,151131.00,A,2454.23250,N,06708.26906,E,0.003,,050525,,,R,V*06
$GNVTG,,T,,M,0.003,N,0.006,K,D*3D
$GNGGA,151131.00,2454.23250,N,06708.26906,E,4,12,0.63,21.8,M,-44.2,M,1.0,0293*77
$GNGSA,A,3,10,27,28,32,31,01,02,08,23,,,,1.31,0.63,1.14,1*04
$GNGSA,A,3,87,81,74,88,75,65,66,72,,,,,1.31,0.63,1.14,2*01
$GNGSA,A,3,08,03,15,,,,,,,,,,1.31,0.63,1.14,3*0E
$GNGSA,A,3,08,09,06,13,20,16,29,32,38,39,,,1.31,0.63,1.14,4*0D
$GNGSA,A,3,04,07,,,,,,,,,,,1.31,0.63,1.14,5*04
$GPGSV,4,1,13,01,15,321,33,02,42,312,45,08,18,258,36,10,45,062,47,1*6F
$GPGSV,4,2,13,23,13,097,38,25,05,090,36,27,18,219,39,28,64,140,47,1*6A
$GPGSV,4,3,13,31,43,179,46,32,52,016,48,36,34,246,42,40,59,208,48,1*6E
$GPGSV,4,4,13,41,56,146,46,1*51
$GPGSV,3,1,09,01,15,321,38,08,18,258,35,10,45,062,46,23,13,097,37,6*61
$GPGSV,3,2,09,25,05,090,34,27,18,219,40,28,64,140,49,31,43,179,45,6*6E
$GPGSV,3,3,09,32,52,016,46,6*59
$GPGSV,1,1,03,18,00,147,,26,03,176,,49,17,257,,0*51
$GLGSV,3,1,10,65,42,342,46,66,25,284,44,72,17,042,42,74,13,052,37,1*71
$GLGSV,3,2,10,75,25,103,46,76,08,159,40,81,16,329,40,87,36,183,46,1*7D
$GLGSV,3,3,10,88,59,283,51,,,,43,1*4F
$GLGSV,3,1,09,65,42,342,10,66,25,284,43,72,17,042,42,75,25,103,45,3*7B
$GLGSV,3,2,09,76,08,159,41,81,16,329,41,87,36,183,09,88,59,283,48,3*70
$GLGSV,3,3,09,,,,42,3*75
$GAGSV,2,1,07,03,51,022,51,05,06,048,42,07,13,242,32,08,58,276,51,2*7A
$GAGSV,2,2,07,13,32,323,50,15,86,275,53,34,37,147,50,2*4D
$GAGSV,2,1,08,03,51,022,45,05,06,048,40,07,13,242,28,08,58,276,47,7*7B
$GAGSV,2,2,08,13,32,323,44,15,86,275,47,18,15,276,30,34,37,147,43,7*78
$GAGSV,1,1,02,02,04,144,,25,02,097,,0*7A
$GBGSV,2,1,08,08,34,083,43,09,64,116,47,13,47,068,45,20,50,338,50,1*74
$GBGSV,2,2,08,29,44,269,47,32,30,051,46,38,27,094,43,39,51,059,47,1*7A
$GBGSV,2,1,06,06,61,085,48,08,34,083,46,09,64,116,49,13,47,068,48,B*05
$GBGSV,2,2,06,16,56,071,48,39,51,059,13,B*0D
$GBGSV,4,1,14,01,03,095,,02,58,140,,03,35,113,,05,62,201,,0*77
$GBGSV,4,2,14,10,04,161,,19,22,286,,23,15,058,,27,00,161,,0*78
$GBGSV,4,3,14,30,35,196,,35,06,319,,37,35,110,,59,08,095,,0*7F
$GBGSV,4,4,14,60,60,149,,61,35,113,,0*7C
$GQGSV,1,1,02,04,20,074,38,07,19,104,33,1*63
$GQGSV,1,1,02,04,20,074,37,07,19,104,45,6*6A
$GNGLL,2454.23250,N,06708.26906,E,151131.00,A,D*77
$GNRMC,151132.00,A,2454.23250,N,06708.26906,E,0.011,,050525,,,R,V*06
$GNVTG,,T,,M,0.011,N,0.020,K,D*3A
$GNGGA,151132.00,2454.23250,N,06708.26906,E,4,12,0.63,21.8,M,-44.2,M,1.0,0293*74
$GNGSA,A,3,10,27,28,32,31,01,02,08,23,,,,1.31,0.63,1.14,1*04
$GNGSA,A,3,87,81,74,88,75,65,66,72,,,,,1.31,0.63,1.14,2*01
$GNGSA,A,3,08,03,15,,,,,,,,,,1.31,0.63,1.14,3*0E
$GNGSA,A,3,08,09,06,13,20,16,29,32,38,39,,,1.31,0.63,1.14,4*0D
$GNGSA,A,3,04,07,,,,,,,,,,,1.31,0.63,1.14,5*04
$GPGSV,4,1,13,01,15,321,33,02,42,312,46,08,18,258,36,10,45,062,47,1*6C
$GPGSV,4,2,13,23,13,097,38,25,05,090,36,27,18,219,39,28,64,140,47,1*6A
$GPGSV,4,3,13,31,43,179,46,32,52,016,48,36,34,246,42,40,59,208,48,1*6E
$GPGSV,4,4,13,41,56,146,46,1*51
$GPGSV,3,1,09,01,15,321,38,08,18,258,35,10,45,062,46,23,13,097,37,6*61
$GPGSV,3,2,09,25,05,090,33,27,18,219,40,28,64,140,49,31,43,179,45,6*69
$GPGSV,3,3,09,32,52,016,46,6*59
$GPGSV,1,1,03,18,00,147,,26,03,176,,49,17,257,,0*51
$GLGSV,3,1,10,65,42,342,46,66,25,284,44,72,17,042,42,74,13,052,37,1*71
$GLGSV,3,2,10,75,25,103,46,76,08,159,39,81,16,329,40,87,36,183,46,1*73
$GLGSV,3,3,10,88,59,283,51,,,,43,1*4F
$GLGSV,3,1,09,65,42,342,10,66,25,284,43,72,17,042,42,75,25,103,45,3*7B
$GLGSV,3,2,09,76,08,159,41,81,16,329,41,87,36,183,09,88,59,283,48,3*70
$GLGSV,3,3,09,,,,42,3*75
$GAGSV,2,1,07,03,51,022,51,05,06,048,42,07,13,242,32,08,58,276,51,2*7A
$GAGSV,2,2,07,13,32,323,50,15,86,275,53,34,37,147,50,2*4D
$GAGSV,2,1,08,03,51,022,45,05,06,048,40,07,13,242,28,08,58,276,47,7*7B
$GAGSV,2,2,08,13,32,323,44,15,86,275,47,18,15,276,30,34,37,147,44,7*7F
$GAGSV,1,1,02,02,04,144,,25,02,097,,0*7A
$GBGSV,2,1,08,08,34,083,43,09,64,116,47,13,47,068,45,20,50,338,50,1*74
$GBGSV,2,2,08,29,44,269,47,32,29,052,46,38,27,094,43,39,51,059,47,1*71
$GBGSV,2,1,06,06,61,085,48,08,34,083,46,09,64,116,49,13,47,068,48,B*05
$GBGSV,2,2,06,16,56,071,48,39,51,059,14,B*0A
$GBGSV,4,1,14,01,03,095,,02,58,140,,03,35,113,,05,62,201,,0*77
$GBGSV,4,2,14,10,04,161,,19,22,286,,23,15,058,,27,00,161,,0*78
$GBGSV,4,3,14,30,35,196,,35,06,319,,37,35,110,,59,08,095,,0*7F
$GBGSV,4,4,14,60,60,149,,61,35,113,,0*7C
$GQGSV,1,1,02,04,20,074,38,07,19,104,33,1*63
$GQGSV,1,1,02,04,20,074,37,07,19,104,46,6*69
$GNGLL,2454.23250,N,06708.26906,E,151132.00,A,D*74
$GNRMC,151133.00,A,2454.23250,N,06708.26906,E,0.001,,050525,,,R,V*06
$GNVTG,,T,,M,0.001,N,0.001,K,D*38
$GNGGA,151133.00,2454.23250,N,06708.26906,E,4,12,0.63,21.8,M,-44.2,M,1.0,0293*75
$GNGSA,A,3,10,27,28,32,31,01,02,08,23,,,,1.31,0.63,1.14,1*04
$GNGSA,A,3,87,81,74,88,75,65,66,72,,,,,1.31,0.63,1.14,2*01
$GNGSA,A,3,08,03,15,,,,,,,,,,1.31,0.63,1.14,3*0E
$GNGSA,A,3,08,09,06,13,20,16,29,32,38,39,,,1.31,0.63,1.14,4*0D
$GNGSA,A,3,04,07,,,,,,,,,,,1.31,0.63,1.14,5*04
$GPGSV,4,1,13,01,15,321,33,02,42,312,46,08,18,258,36,10,45,062,48,1*63
$GPGSV,4,2,13,23,13,097,38,25,05,090,36,27,18,219,39,28,64,140,48,1*65
$GPGSV,4,3,13,31,43,179,46,32,52,016,48,36,34,246,42,40,59,208,48,1*6E
$GPGSV,4,4,13,41,56,146,46,1*51
$GPGSV,3,1,09,01,15,321,38,08,18,258,35,10,45,062,46,23,13,097,37,6*61
$GPGSV,3,2,09,25,05,090,33,27,18,219,40,28,64,140,49,31,43,179,45,6*69
$GPGSV,3,3,09,32,52,016,46,6*59
$GPGSV,1,1,03,18,00,147,,26,03,176,,49,17,257,,0*51
$GLGSV,3,1,10,65,42,342,45,66,25,284,44,72,17,042,42,74,13,052,36,1*73
$GLGSV,3,2,10,75,25,103,46,76,08,159,39,81,16,329,40,87,36,183,46,1*73
$GLGSV,3,3,10,88,59,283,51,,,,43,1*4F
$GLGSV,3,1,09,65,42,342,09,66,25,284,44,72,17,042,42,75,25,103,45,3*74
$GLGSV,3,2,09,76,08,159,41,81,16,329,41,87,36,183,09,88,59,283,48,3*70
$GLGSV,3,3,09,,,,42,3*75
$GAGSV,2,1,07,03,51,022,51,05,06,048,42,07,13,242,32,08,58,276,51,2*7A
$GAGSV,2,2,07,13,32,323,50,15,86,275,53,34,37,147,50,2*4D
$GAGSV,2,1,08,03,51,022,45,05,06,048,40,07,13,242,28,08,58,276,47,7*7B
$GAGSV,2,2,08,13,32,323,44,15,86,275,47,18,15,276,30,34,37,147,44,7*7F
$GAGSV,1,1,02,02,04,144,,25,02,097,,0*7A
$GBGSV,2,1,08,08,34,083,43,09,64,116,47,13,47,068,45,20,50,338,50,1*74
$GBGSV,2,2,08,29,44,269,47,32,29,052,46,38,27,094,43,39,51,059,47,1*71
$GBGSV,2,1,06,06,61,085,48,08,34,083,46,09,64,116,49,13,47,068,48,B*05
$GBGSV,2,2,06,16,56,071,48,39,51,059,13,B*0D
$GBGSV,4,1,14,01,03,095,,02,58,140,,03,35,113,,05,62,201,,0*77
$GBGSV,4,2,14,10,04,161,,19,22,286,,23,15,058,,27,00,161,,0*78
$GBGSV,4,3,14,30,35,196,,35,06,319,,37,35,110,,59,08,095,,0*7F
$GBGSV,4,4,14,60,60,149,,61,35,113,,0*7C
$GQGSV,1,1,02,04,20,074,38,07,19,104,33,1*63
$GQGSV,1,1,02,04,20,074,37,07,19,104,45,6*6A
$GNGLL,2454.23250,N,06708.26906,E,151133.00,A,D*75
$GNRMC,151134.00,A,2454.23250,N,06708.26906,E,0.001,,050525,,,R,V*01
$GNVTG,,T,,M,0.001,N,0.003,K,D*3A
$GNGGA,151134.00,2454.23250,N,06708.26906,E,4,12,0.63,21.8,M,-44.2,M,1.0,0293*72
$GNGSA,A,3,10,27,28,32,31,01,02,08,23,,,,1.31,0.63,1.14,1*04
$GNGSA,A,3,87,81,74,88,75,65,66,72,,,,,1.31,0.63,1.14,2*01
$GNGSA,A,3,08,03,15,,,,,,,,,,1.31,0.63,1.14,3*0E
$GNGSA,A,3,08,09,06,13,20,16,29,32,38,39,,,1.31,0.63,1.14,4*0D
$GNGSA,A,3,04,07,,,,,,,,,,,1.31,0.63,1.14,5*04
$GPGSV,4,1,13,01,15,321,33,02,42,312,46,08,18,258,36,10,45,062,47,1*6C
$GPGSV,4,2,13,23,13,097,38,25,05,090,36,27,18,219,39,28,64,140,47,1*6A
$GPGSV,4,3,13,31,43,179,46,32,52,016,48,36,34,246,42,40,59,208,48,1*6E
$GPGSV,4,4,13,41,56,146,46,1*51
$GPGSV,3,1,09,01,15,321,38,08,18,258,35,10,45,062,46,23,13,097,37,6*61
$GPGSV,3,2,09,25,05,090,33,27,18,219,40,28,64,140,49,31,43,179,45,6*69
$GPGSV,3,3,09,32,52,016,46,6*59
$GPGSV,1,1,03,18,00,147,,26,03,176,,49,17,257,,0*51
$GLGSV,3,1,10,65,42,342,45,66,25,284,44,72,17,042,42,74,13,052,36,1*73
$GLGSV,3,2,10,75,25,103,46,76,08,159,39,81,16,329,39,87,36,183,46,1*7D
$GLGSV,3,3,10,88,59,283,51,,,,43,1*4F
$GLGSV,3,1,09,65,42,342,03,66,25,284,44,72,17,042,42,75,25,103,45,3*7E
$GLGSV,3,2,09,76,08,159,41,81,16,329,41,87,36,183,01,88,59,283,48,3*78
$GLGSV,3,3,09,,,,42,3*75
$GAGSV,2,1,07,03,51,022,51,05,06,048,42,07,13,242,32,08,58,276,51,2*7A
$GAGSV,2,2,07,13,32,323,50,15,86,275,53,34,37,147,50,2*4D
$GAGSV,2,1,08,03,51,022,45,05,06,048,40,07,13,242,28,08,58,276,47,7*7B
$GAGSV,2,2,08,13,32,323,44,15,86,275,47,18,15,276,29,34,37,147,44,7*77
$GAGSV,1,1,02,02,04,144,,25,02,097,,0*7A
$GBGSV,2,1,08,08,34,083,43,09,64,116,47,13,47,068,45,20,50,338,50,1*74
$GBGSV,2,2,08,29,44,269,47,32,29,052,46,38,27,094,43,39,51,059,47,1*71
$GBGSV,2,1,06,06,61,085,48,08,34,083,46,09,64,116,49,13,47,068,48,B*05
$GBGSV,2,2,06,16,56,071,48,39,51,059,13,B*0D
$GBGSV,4,1,14,01,03,095,,02,58,140,,03,35,113,,05,62,201,,0*77
$GBGSV,4,2,14,10,04,161,,19,22,286,,23,15,058,,27,00,161,,0*78
$GBGSV,4,3,14,30,35,196,,35,06,319,,37,35,110,,59,08,095,,0*7F
$GBGSV,4,4,14,60,60,149,,61,35,113,,0*7C
$GQGSV,1,1,02,04,20,074,38,07,19,104,33,1*63
$GQGSV,1,1,02,04,20,074,37,07,19,104,45,6*6A
$GNGLL,2454.23250,N,06708.26906,E,151134.00,A,D*72
$GNRMC,151135.00,A,2454.23250,N,06708.26906,E,0.014,,050525,,,R,V*04
$GNVTG,,T,,M,0.014,N,0.027,K,D*38
$GNGGA,151135.00,2454.23250,N,06708.26906,E,4,12,0.63,21.8,M,-44.2,M,1.0,0293*73
$GNGSA,A,3,10,27,28,32,31,01,02,08,23,,,,1.31,0.63,1.14,1*04
$GNGSA,A,3,87,81,74,88,75,65,66,72,,,,,1.31,0.63,1.14,2*01
$GNGSA,A,3,08,03,15,,,,,,,,,,1.31,0.63,1.14,3*0E
$GNGSA,A,3,08,09,06,13,20,16,29,32,38,39,,,1.31,0.63,1.14,4*0D
$GNGSA,A,3,04,07,,,,,,,,,,,1.31,0.63,1.14,5*04
$GPGSV,4,1,13,01,15,321,33,02,42,312,46,08,18,258,36,10,45,062,48,1*63
$GPGSV,4,2,13,23,13,097,38,25,05,090,36,27,18,219,39,28,64,140,47,1*6A
$GPGSV,4,3,13,31,43,179,46,32,52,016,48,36,34,246,42,40,59,208,48,1*6E
$GPGSV,4,4,13,41,56,146,46,1*51
$GPGSV,3,1,09,01,15,321,38,08,18,258,35,10,45,062,46,23,13,097,37,6*61
$GPGSV,3,2,09,25,05,090,33,27,18,219,40,28,64,140,49,31,43,179,45,6*69
$GPGSV,3,3,09,32,52,016,46,6*59
$GPGSV,1,1,03,18,00,147,,26,03,176,,49,17,257,,0*51
$GLGSV,3,1,10,65,42,342,45,66,25,284,43,72,17,042,42,74,13,052,36,1*74
$GLGSV,3,2,10,75,25,103,46,76,08,159,39,81,16,329,39,87,36,183,46,1*7D
$GLGSV,3,3,10,88,59,283,51,,,,43,1*4F
$GLGSV,3,1,09,65,42,342,06,66,25,284,44,72,17,042,42,75,25,103,45,3*7B
$GLGSV,3,2,09,76,08,159,41,81,16,329,41,87,36,183,06,88,59,283,48,3*7F
$GLGSV,3,3,09,,,,41,3*76
$GAGSV,2,1,07,03,51,022,51,05,06,048,42,07,13,242,32,08,58,276,51,2*7A
$GAGSV,2,2,07,13,32,323,50,15,86,275,53,34,37,147,50,2*4D
$GAGSV,2,1,08,03,51,022,45,05,06,048,40,07,13,242,29,08,58,276,47,7*7A
$GAGSV,2,2,08,13,32,323,44,15,86,275,47,18,15,276,29,34,37,147,44,7*77
$GAGSV,1,1,02,02,04,144,,25,02,097,,0*7A
$GBGSV,2,1,08,08,34,083,43,09,64,116,47,13,47,068,45,20,50,338,50,1*74
$GBGSV,2,2,08,29,44,269,47,32,29,052,46,38,27,094,43,39,51,059,47,1*71
$GBGSV,2,1,06,06,61,085,48,08,34,083,46,09,64,116,49,13,47,068,48,B*05
$GBGSV,2,2,06,16,56,071,48,39,51,059,11,B*0F
$GBGSV,4,1,14,01,03,095,,02,58,140,,03,35,113,,05,62,201,,0*77
$GBGSV,4,2,14,10,04,161,,19,22,286,,23,15,058,,27,00,161,,0*78
$GBGSV,4,3,14,30,35,196,,35,07,319,,37,35,110,,59,08,095,,0*7E
$GBGSV,4,4,14,60,60,149,,61,35,113,,0*7C
$GQGSV,1,1,02,04,20,074,38,07,19,104,33,1*63
$GQGSV,1,1,02,04,20,074,37,07,19,104,45,6*6A
$GNGLL,2454.23250,N,06708.26906,E,151135.00,A,D*73
$GNRMC,151136.00,A,2454.23250,N,06708.26906,E,0.002,,050525,,,R,V*00
$GNVTG,,T,,M,0.002,N,0.004,K,D*3E
$GNGGA,151136.00,2454.23250,N,06708.26906,E,4,12,0.63,21.8,M,-44.2,M,1.0,0293*70
$GNGSA,A,3,10,27,28,32,31,01,02,08,23,,,,1.31,0.63,1.14,1*04
$GNGSA,A,3,87,81,74,88,75,65,66,72,,,,,1.31,0.63,1.14,2*01
$GNGSA,A,3,08,03,15,,,,,,,,,,1.31,0.63,1.14,3*0E
$GNGSA,A,3,08,09,06,13,20,16,29,32,38,39,,,1.31,0.63,1.14,4*0D
$GNGSA,A,3,04,07,,,,,,,,,,,1.31,0.63,1.14,5*04
$GPGSV,4,1,13,01,15,321,33,02,42,312,46,08,18,258,36,10,45,062,48,1*63
$GPGSV,4,2,13,23,13,097,39,25,05,090,36,27,18,219,39,28,64,140,47,1*6B
$GPGSV,4,3,13,31,43,179,46,32,52,016,48,36,34,246,42,40,59,208,48,1*6E
$GPGSV,4,4,13,41,56,146,46,1*51
$GPGSV,3,1,09,01,15,321,38,08,18,258,35,10,45,062,46,23,13,097,38,6*6E
$GPGSV,3,2,09,25,05,090,33,27,18,219,40,28,64,140,49,31,43,179,45,6*69
$GPGSV,3,3,09,32,52,016,46,6*59
$GPGSV,1,1,03,18,00,147,,26,03,176,,49,17,257,,0*51
$GLGSV,3,1,10,65,42,342,45,66,25,284,43,72,17,042,42,74,13,052,36,1*74
$GLGSV,3,2,10,75,25,103,46,76,08,159,39,81,16,329,39,87,36,183,46,1*7D
$GLGSV,3,3,10,88,59,283,51,,,,43,1*4F
$GLGSV,3,1,09,65,42,342,07,66,25,284,44,72,17,042,42,75,25,103,45,3*7A
$GLGSV,3,2,09,76,08,159,41,81,16,329,41,87,36,183,06,88,59,283,48,3*7F
$GLGSV,3,3,09,,,,41,3*76
$GAGSV,2,1,07,03,51,022,51,05,06,048,42,07,13,242,32,08,58,276,51,2*7A
$GAGSV,2,2,07,13,32,323,50,15,86,275,53,34,37,147,50,2*4D
$GAGSV,2,1,08,03,51,022,45,05,06,048,40,07,13,242,29,08,58,276,47,7*7A
$GAGSV,2,2,08,13,32,323,44,15,86,275,47,18,15,276,29,34,37,147,44,7*77
$GAGSV,1,1,02,02,04,144,,25,02,097,,0*7A
$GBGSV,2,1,08,08,34,083,43,09,64,116,47,13,47,068,45,20,50,338,50,1*74
$GBGSV,2,2,08,29,44,269,47,32,29,052,46,38,27,094,43,39,51,059,47,1*71
$GBGSV,2,1,07,06,61,085,48,08,34,083,46,09,64,116,49,13,47,068,48,B*04
$GBGSV,2,2,07,16,56,071,48,38,27,094,13,39,51,059,10,B*3E
$GBGSV,4,1,14,01,03,095,,02,58,140,,03,35,113,,05,62,201,,0*77
$GBGSV,4,2,14,10,04,161,,19,22,286,,23,15,058,,27,00,161,,0*78
$GBGSV,4,3,14,30,35,196,,35,07,319,,37,35,110,,59,08,095,,0*7E
$GBGSV,4,4,14,60,60,149,,61,35,113,,0*7C
$GQGSV,1,1,02,04,20,074,38,07,19,104,33,1*63
$GQGSV,1,1,02,04,20,074,37,07,19,104,46,6*69
$GNGLL,2454.23250,N,06708.26906,E,151136.00,A,D*70
$GNRMC,151137.00,A,2454.23250,N,06708.26906,E,0.005,,050525,,,R,V*06
$GNVTG,,T,,M,0.005,N,0.010,K,D*3C
$GNGGA,151137.00,2454.23250,N,06708.26906,E,4,12,0.63,21.8,M,-44.2,M,1.0,0293*71
$GNGSA,A,3,10,27,28,32,31,01,02,08,23,,,,1.31,0.63,1.14,1*04
$GNGSA,A,3,87,81,74,88,75,65,66,72,,,,,1.31,0.63,1.14,2*01
$GNGSA,A,3,08,03,15,,,,,,,,,,1.31,0.63,1.14,3*0E
$GNGSA,A,3,08,09,06,13,20,16,29,32,38,39,,,1.31,0.63,1.14,4*0D
$GNGSA,A,3,04,07,,,,,,,,,,,1.31,0.63,1.14,5*04
$GPGSV,4,1,13,01,15,321,33,02,42,312,46,08,18,258,36,10,45,062,48,1*63
$GPGSV,4,2,13,23,13,097,38,25,05,090,36,27,18,219,39,28,64,140,47,1*6A
$GPGSV,4,3,13,31,43,179,46,32,52,016,48,36,34,246,42,40,59,208,48,1*6E
$GPGSV,4,4,13,41,56,146,46,1*51
$GPGSV,3,1,09,01,15,321,38,08,18,258,35,10,45,062,46,23,13,097,38,6*6E
$GPGSV,3,2,09,25,05,090,33,27,18,219,40,28,64,140,49,31,43,179,45,6*69
$GPGSV,3,3,09,32,52,016,46,6*59
$GPGSV,1,1,03,18,00,147,,26,03,176,,49,17,257,,0*51
$GLGSV,3,1,10,65,42,342,46,66,25,284,43,72,17,042,42,74,13,052,36,1*77
$GLGSV,3,2,10,75,25,103,46,76,08,159,39,81,16,329,39,87,36,183,46,1*7D
$GLGSV,3,3,10,88,59,283,51,,,,43,1*4F
$GLGSV,3,1,09,65,42,342,07,66,25,284,43,72,17,042,42,75,25,103,45,3*7D
$GLGSV,3,2,09,76,08,159,41,81,16,329,41,87,36,183,10,88,59,283,48,3*78
$GLGSV,3,3,09,,,,41,3*76
$GAGSV,2,1,07,03,51,022,51,05,06,048,42,07,13,242,32,08,58,276,51,2*7A
$GAGSV,2,2,07,13,32,323,50,15,86,275,53,34,37,147,50,2*4D
$GAGSV,2,1,08,03,51,022,45,05,06,048,40,07,13,242,29,08,58,276,47,7*7A
$GAGSV,2,2,08,13,32,323,44,15,86,275,47,18,15,276,29,34,37,147,44,7*77
$GAGSV,1,1,02,02,04,144,,25,02,097,,0*7A
$GBGSV,2,1,08,08,34,083,43,09,64,116,47,13,47,068,45,20,50,338,50,1*74
$GBGSV,2,2,08,29,44,269,48,32,29,052,46,38,27,094,43,39,51,059,47,1*7E
$GBGSV,2,1,06,06,61,085,48,08,34,083,46,09,64,116,49,13,47,068,48,B*05
$GBGSV,2,2,06,16,56,071,48,39,51,059,09,B*06
$GBGSV,4,1,14,01,03,095,,02,58,140,,03,35,113,,05,62,201,,0*77
$GBGSV,4,2,14,10,04,161,,19,22,286,,23,15,058,,27,00,161,,0*78
$GBGSV,4,3,14,30,35,196,,35,07,319,,37,35,109,,59,08,095,,0*76
$GBGSV,4,4,14,60,60,149,,61,35,113,,0*7C
$GQGSV,1,1,02,04,20,074,38,07,19,104,33,1*63
$GQGSV,1,1,02,04,20,074,37,07,19,104,45,6*6A
$GNGLL,2454.23250,N,06708.26906,E,151137.00,A,D*71
$GNRMC,151138.00,A,2454.23250,N,06708.26906,E,0.009,,050525,,,R,V*05
$GNVTG,,T,,M,0.009,N,0.018,K,D*38
$GNGGA,151138.00,2454.23250,N,06708.26906,E,4,12,0.63,21.8,M,-44.2,M,1.0,0293*7E
$GNGSA,A,3,10,27,28,32,31,01,02,08,23,,,,1.31,0.63,1.14,1*04
$GNGSA,A,3,87,81,74,88,75,65,66,72,,,,,1.31,0.63,1.14,2*01
$GNGSA,A,3,08,03,15,,,,,,,,,,1.31,0.63,1.14,3*0E
$GNGSA,A,3,08,09,06,13,20,16,29,32,38,39,,,1.31,0.63,1.14,4*0D
$GNGSA,A,3,04,07,,,,,,,,,,,1.31,0.63,1.14,5*04
$GPGSV,4,1,13,01,15,321,33,02,42,312,46,08,18,258,36,10,45,062,47,1*6C
$GPGSV,4,2,13,23,13,097,38,25,05,090,36,27,18,219,39,28,64,140,47,1*6A
$GPGSV,4,3,13,31,43,179,46,32,52,016,48,36,34,246,42,40,59,208,48,1*6E
$GPGSV,4,4,13,41,56,146,47,1*50
$GPGSV,3,1,09,01,15,321,37,08,18,258,35,10,45,062,46,23,13,097,37,6*6E
$GPGSV,3,2,09,25,05,090,33,27,18,219,40,28,64,140,49,31,43,179,45,6*69
$GPGSV,3,3,09,32,52,016,46,6*59
$GPGSV,1,1,03,18,00,147,,26,03,176,,49,17,257,,0*51
$GLGSV,3,1,10,65,42,342,46,66,25,284,43,72,17,042,42,74,13,052,36,1*77
$GLGSV,3,2,10,75,25,103,46,76,08,159,39,81,16,329,39,87,36,183,47,1*7C
$GLGSV,3,3,10,88,59,283,51,,,,43,1*4F
$GLGSV,3,1,09,65,42,342,08,66,25,284,43,72,17,042,42,75,25,103,45,3*72
$GLGSV,3,2,09,76,08,159,41,81,16,329,41,87,36,183,10,88,59,283,48,3*78
$GLGSV,3,3,09,,,,41,3*76
$GAGSV,2,1,07,03,51,022,51,05,06,048,42,07,13,242,32,08,58,276,51,2*7A
$GAGSV,2,2,07,13,32,323,50,15,86,275,53,34,37,147,50,2*4D
$GAGSV,2,1,08,03,51,022,45,05,06,048,40,07,13,242,29,08,58,276,47,7*7A
$GAGSV,2,2,08,13,32,323,44,15,86,275,47,18,15,276,28,34,37,147,44,7*76
$GAGSV,1,1,02,02,04,144,,25,02,097,,0*7A
$GBGSV,2,1,08,08,34,083,43,09,64,116,47,13,47,068,45,20,50,338,50,1*74
$GBGSV,2,2,08,29,44,269,47,32,29,052,46,38,27,094,43,39,51,059,47,1*71
$GBGSV,2,1,06,06,61,085,48,08,34,083,46,09,64,116,49,13,47,068,48,B*05
$GBGSV,2,2,06,16,56,071,48,39,51,059,09,B*06
$GBGSV,4,1,14,01,03,095,,02,58,140,,03,35,113,,05,62,201,,0*77
$GBGSV,4,2,14,10,04,161,,19,22,286,,23,15,058,,27,00,161,,0*78
$GBGSV,4,3,14,30,35,196,,35,07,319,,37,35,109,,59,08,095,,0*76
$GBGSV,4,4,14,60,60,149,,61,35,113,,0*7C
$GQGSV,1,1,02,04,20,074,38,07,19,104,33,1*63
$GQGSV,1,1,02,04,20,074,37,07,19,104,45,6*6A
$GNGLL,2454.23250,N,06708.26906,E,151138.00,A,D*7E
$GNRMC,151139.00,A,2454.23250,N,06708.26906,E,0.008,,050525,,,R,V*05
$GNVTG,,T,,M,0.008,N,0.016,K,D*37
$GNGGA,151139.00,2454.23250,N,06708.26906,E,4,12,0.63,21.8,M,-44.2,M,1.0,0293*7F
$GNGSA,A,3,10,27,28,32,31,01,02,08,23,,,,1.31,0.63,1.14,1*04
$GNGSA,A,3,87,81,74,88,75,65,66,72,,,,,1.31,0.63,1.14,2*01
$GNGSA,A,3,08,03,15,,,,,,,,,,1.31,0.63,1.14,3*0E
$GNGSA,A,3,08,09,06,13,20,16,29,32,38,39,,,1.31,0.63,1.14,4*0D
$GNGSA,A,3,04,07,,,,,,,,,,,1.31,0.63,1.14,5*04
$GPGSV,4,1,13,01,15,321,33,02,42,312,45,08,18,258,36,10,45,062,47,1*6F
$GPGSV,4,2,13,23,13,097,38,25,05,090,36,27,18,219,39,28,64,140,47,1*6A
$GPGSV,4,3,13,31,43,179,46,32,52,016,48,36,34,246,42,40,59,208,48,1*6E
$GPGSV,4,4,13,41,56,146,46,1*51
$GPGSV,3,1,09,01,15,321,38,08,18,258,35,10,45,062,46,23,13,097,38,6*6E
$GPGSV,3,2,09,25,05,090,33,27,18,219,40,28,64,140,49,31,43,179,45,6*69
$GPGSV,3,3,09,32,52,016,46,6*59
$GPGSV,1,1,03,18,00,147,,26,03,176,,49,17,257,,0*51
$GLGSV,3,1,09,65,42,342,46,66,25,284,44,72,17,042,42,74,13,052,37,1*79
$GLGSV,3,2,09,75,25,103,46,76,08,159,39,81,16,329,39,87,36,183,47,1*74
$GLGSV,3,3,09,88,59,283,51,1*40
$GLGSV,3,1,09,65,42,342,08,66,25,284,44,72,17,042,42,75,25,103,45,3*75
$GLGSV,3,2,09,76,08,159,41,81,16,329,41,87,36,183,10,88,59,283,48,3*78
$GLGSV,3,3,09,,,,41,3*76
$GAGSV,2,1,07,03,51,022,51,05,06,048,42,07,13,242,32,08,58,276,51,2*7A
$GAGSV,2,2,07,13,32,323,50,15,86,275,53,34,37,147,50,2*4D
$GAGSV,2,1,08,03,51,022,45,05,06,048,40,07,13,242,29,08,58,276,47,7*7A
$GAGSV,2,2,08,13,32,323,44,15,86,275,47,18,15,276,28,34,37,147,43,7*71
$GAGSV,1,1,02,02,04,144,,25,02,097,,0*7A
$GBGSV,2,1,08,08,34,083,43,09,64,116,47,13,47,068,45,20,50,338,50,1*74
$GBGSV,2,2,08,29,44,269,48,32,29,052,46,38,27,094,43,39,51,058,47,1*7F
$GBGSV,2,1,06,06,61,085,48,08,34,083,46,09,64,116,49,13,47,068,48,B*05
$GBGSV,2,2,06,16,56,071,48,39,51,058,08,B*06
$GBGSV,4,1,14,01,03,095,,02,58,140,,03,35,113,,05,62,201,,0*77
$GBGSV,4,2,14,10,04,161,,19,22,286,,23,15,058,,27,00,161,,0*78
$GBGSV,4,3,14,30,35,196,,35,07,319,,37,35,109,,59,08,095,,0*76
$GBGSV,4,4,14,60,60,149,,61,35,113,,0*7C
$GQGSV,1,1,02,04,20,074,38,07,19,104,33,1*63
$GQGSV,1,1,02,04,20,074,37,07,19,104,45,6*6A
$GNGLL,2454.23250,N,06708.26906,E,151139.00,A,D*7F
$GNRMC,151140.00,A,2454.23250,N,06708.26906,E,0.008,,050525,,,R,V*0B
$GNVTG,,T,,M,0.008,N,0.014,K,D*35
$GNGGA,151140.00,2454.23250,N,06708.26906,E,4,12,0.63,21.8,M,-44.2,M,1.0,0293*71
$GNGSA,A,3,10,27,28,32,31,01,02,08,23,,,,1.31,0.63,1.14,1*04
$GNGSA,A,3,87,81,74,88,75,65,66,72,,,,,1.31,0.63,1.14,2*01
$GNGSA,A,3,08,03,15,,,,,,,,,,1.31,0.63,1.14,3*0E
$GNGSA,A,3,08,09,06,13,20,16,29,32,38,39,,,1.31,0.63,1.14,4*0D
$GNGSA,A,3,04,07,,,,,,,,,,,1.31,0.63,1.14,5*04
$GPGSV,4,1,13,01,15,321,33,02,42,312,45,08,18,258,36,10,45,062,47,1*6F
$GPGSV,4,2,13,23,13,097,38,25,05,090,36,27,18,219,39,28,64,140,47,1*6A
$GPGSV,4,3,13,31,43,179,46,32,52,016,48,36,34,246,42,40,59,208,48,1*6E
$GPGSV,4,4,13,41,56,146,46,1*51
$GPGSV,3,1,09,01,15,321,38,08,18,258,35,10,45,062,46,23,13,097,38,6*6E
$GPGSV,3,2,09,25,05,090,33,27,18,219,40,28,64,140,49,31,43,179,45,6*69
$GPGSV,3,3,09,32,52,016,46,6*59
$GPGSV,1,1,03,18,00,147,,26,03,176,,49,17,257,,0*51
$GLGSV,3,1,10,65,42,342,46,66,25,284,44,72,17,042,42,74,13,052,37,1*71
$GLGSV,3,2,10,75,25,103,46,76,08,159,39,81,16,329,39,87,36,183,47,1*7C
$GLGSV,3,3,10,88,59,283,51,,,,42,1*4E
$GLGSV,3,1,09,65,42,342,08,66,25,284,44,72,17,042,42,75,25,103,45,3*75
$GLGSV,3,2,09,76,08,159,41,81,16,329,41,87,36,183,10,88,59,283,48,3*78
$GLGSV,3,3,09,,,,41,3*76
$GAGSV,2,1,07,03,51,022,51,05,06,048,42,07,13,242,32,08,58,276,51,2*7A
$GAGSV,2,2,07,13,32,323,50,15,86,275,53,34,37,147,50,2*4D
$GAGSV,2,1,08,03,51,022,45,05,06,048,40,07,13,242,30,08,58,276,47,7*72
$GAGSV,2,2,08,13,32,323,44,15,86,275,47,18,15,276,28,34,37,147,43,7*71
$GAGSV,1,1,02,02,04,144,,25,02,097,,0*7A
$GBGSV,2,1,08,08,34,083,43,09,64,116,47,13,47,068,45,20,50,338,50,1*74
$GBGSV,2,2,08,29,44,269,48,32,29,052,46,38,27,094,43,39,51,058,47,1*7F
$GBGSV,2,1,06,06,61,085,48,08,34,083,46,09,64,116,49,13,47,068,48,B*05
$GBGSV,2,2,06,16,56,071,48,39,51,058,08,B*06
$GBGSV,4,1,14,01,03,095,,02,58,140,,03,35,113,,05,62,201,,0*77
$GBGSV,4,2,14,10,04,161,,19,22,286,,23,15,058,,27,00,161,,0*78
$GBGSV,4,3,14,30,35,196,,35,07,319,,37,35,109,,59,08,095,,0*76
$GBGSV,4,4,14,60,60,149,,61,35,113,,0*7C
$GQGSV,1,1,02,04,20,074,38,07,19,104,33,1*63
$GQGSV,1,1,02,04,20,074,37,07,19,104,45,6*6A
$GNGLL,2454.23250,N,06708.26906,E,151140.00,A,D*71
$GNRMC,151141.00,A,2454.23250,N,06708.26906,E,0.002,,050525,,,R,V*00
$GNVTG,,T,,M,0.002,N,0.004,K,D*3E
$GNGGA,151141.00,2454.23250,N,06708.26906,E,4,12,0.63,21.8,M,-44.2,M,1.0,0293*70
$GNGSA,A,3,10,27,28,32,31,01,02,08,23,,,,1.31,0.63,1.14,1*04
$GNGSA,A,3,87,81,74,88,75,65,66,72,,,,,1.31,0.63,1.14,2*01
$GNGSA,A,3,08,03,15,,,,,,,,,,1.31,0.63,1.14,3*0E
$GNGSA,A,3,08,09,06,13,20,16,29,32,38,39,,,1.31,0.63,1.14,4*0D
$GNGSA,A,3,04,07,,,,,,,,,,,1.31,0.63,1.14,5*04
$GPGSV,4,1,13,01,15,321,33,02,42,312,46,08,18,258,36,10,45,062,47,1*6C
$GPGSV,4,2,13,23,13,097,38,25,05,090,36,27,18,219,39,28,64,140,47,1*6A
$GPGSV,4,3,13,31,43,179,46,32,52,016,48,36,34,246,42,40,59,208,48,1*6E
$GPGSV,4,4,13,41,56,146,46,1*51
$GPGSV,1,1,01,02,42,312,12,5*56
$GPGSV,3,1,09,01,15,321,38,08,18,258,35,10,45,062,46,23,13,097,38,6*6E
$GPGSV,3,2,09,25,05,090,33,27,18,219,40,28,64,140,49,31,43,179,45,6*69
$GPGSV,3,3,09,32,52,016,46,6*59
$GPGSV,1,1,03,18,00,147,,26,03,176,,49,17,257,,0*51
$GLGSV,3,1,10,65,42,342,46,66,25,284,44,72,17,042,42,74,13,052,37,1*71
$GLGSV,3,2,10,75,25,103,46,76,08,159,39,81,16,329,39,87,36,183,47,1*7C
$GLGSV,3,3,10,88,59,283,51,,,,42,1*4E
$GLGSV,3,1,09,65,42,342,09,66,25,284,44,72,17,042,42,75,25,103,45,3*74
$GLGSV,3,2,09,76,08,159,41,81,16,329,41,87,36,183,09,88,59,283,49,3*71
$GLGSV,3,3,09,,,,41,3*76
$GAGSV,2,1,07,03,51,022,51,05,06,048,42,07,13,242,32,08,58,276,51,2*7A
$GAGSV,2,2,07,13,32,323,50,15,86,275,53,34,37,147,50,2*4D
$GAGSV,2,1,08,03,51,022,45,05,06,048,41,07,13,242,29,08,58,276,47,7*7B
$GAGSV,2,2,08,13,32,323,44,15,86,275,47,18,15,276,28,34,37,147,43,7*71
$GAGSV,1,1,02,02,04,144,,25,02,097,,0*7A
$GBGSV,2,1,08,08,34,083,43,09,64,116,47,13,47,068,45,20,50,338,50,1*74
$GBGSV,2,2,08,29,44,269,48,32,29,052,46,38,27,094,43,39,51,058,47,1*7F
$GBGSV,2,1,06,06,61,085,48,08,34,083,46,09,64,116,49,13,47,068,48,B*05
$GBGSV,2,2,06,16,56,071,48,39,51,058,09,B*07
$GBGSV,4,1,14,01,03,095,,02,58,140,,03,35,113,,05,62,201,,0*77
$GBGSV,4,2,14,10,04,161,,19,22,286,,23,15,058,,27,00,161,,0*78
$GBGSV,4,3,14,30,35,196,,35,07,319,,37,35,109,,59,08,095,,0*76
$GBGSV,4,4,14,60,60,149,,61,35,113,,0*7C
$GQGSV,1,1,02,04,20,074,38,07,19,104,33,1*63
$GQGSV,1,1,02,04,20,074,37,07,19,104,46,6*69
$GNGLL,2454.23250,N,06708.26906,E,151141.00,A,D*70
$GNRMC,151142.00,A,2454.23250,N,06708.26906,E,0.008,,050525,,,R,V*09
$GNVTG,,T,,M,0.008,N,0.014,K,D*35
$GNGGA,151142.00,2454.23250,N,06708.26906,E,4,12,0.63,21.8,M,-44.2,M,1.0,0293*73
$GNGSA,A,3,10,27,28,32,31,01,02,08,23,,,,1.31,0.63,1.14,1*04
$GNGSA,A,3,87,81,74,88,75,65,66,72,,,,,1.31,0.63,1.14,2*01
$GNGSA,A,3,08,03,15,,,,,,,,,,1.31,0.63,1.14,3*0E
$GNGSA,A,3,08,09,06,13,20,16,29,32,38,39,,,1.31,0.63,1.14,4*0D
$GNGSA,A,3,04,07,,,,,,,,,,,1.31,0.63,1.14,5*04
$GPGSV,4,1,13,01,15,321,33,02,42,312,45,08,18,258,36,10,45,062,47,1*6F
$GPGSV,4,2,13,23,13,097,38,25,05,090,37,27,18,219,38,28,64,140,47,1*6A
$GPGSV,4,3,13,31,43,179,46,32,52,016,48,36,34,246,42,40,59,208,48,1*6E
$GPGSV,4,4,13,41,56,146,46,1*51
$GPGSV,1,1,01,02,42,312,09,5*5C
$GPGSV,3,1,09,01,15,321,38,08,18,258,35,10,45,062,46,23,13,097,38,6*6E
$GPGSV,3,2,09,25,05,090,33,27,18,219,40,28,64,140,49,31,43,179,45,6*69
$GPGSV,3,3,09,32,52,016,46,6*59
$GPGSV,1,1,03,18,00,147,,26,03,176,,49,17,257,,0*51
$GLGSV,3,1,10,65,42,342,46,66,25,284,44,72,17,042,42,74,13,052,37,1*71
$GLGSV,3,2,10,75,25,103,46,76,08,159,39,81,16,329,40,87,36,183,47,1*72
$GLGSV,3,3,10,88,59,283,51,,,,43,1*4F
$GLGSV,3,1,09,65,42,342,12,66,25,284,44,72,17,042,42,75,25,103,45,3*7E
$GLGSV,3,2,09,76,08,159,41,81,16,329,41,87,36,183,10,88,59,283,48,3*78
$GLGSV,3,3,09,,,,41,3*76
$GAGSV,2,1,07,03,51,022,51,05,06,048,42,07,13,242,32,08,58,276,51,2*7A
$GAGSV,2,2,07,13,32,323,50,15,86,275,53,34,37,147,50,2*4D
$GAGSV,2,1,08,03,51,022,45,05,06,048,41,07,13,242,30,08,58,276,47,7*73
$GAGSV,2,2,08,13,32,323,44,15,86,275,47,18,15,276,28,34,37,147,43,7*71
$GAGSV,1,1,02,02,04,144,,25,02,097,,0*7A
$GBGSV,2,1,08,08,34,083,43,09,64,116,47,13,47,068,45,20,50,338,50,1*74
$GBGSV,2,2,08,29,44,269,48,32,29,052,46,38,27,094,43,39,51,058,47,1*7F
$GBGSV,2,1,06,06,61,085,48,08,34,083,46,09,64,116,49,13,47,068,48,B*05
$GBGSV,2,2,06,16,56,071,48,39,51,058,12,B*0D
$GBGSV,4,1,14,01,03,095,,02,58,140,,03,35,113,,05,62,201,,0*77
$GBGSV,4,2,14,10,04,161,,19,22,286,,23,15,058,,27,00,161,,0*78
$GBGSV,4,3,14,30,35,196,,35,07,319,,37,35,109,,59,08,095,,0*76
$GBGSV,4,4,14,60,60,149,,61,35,113,,0*7C
$GQGSV,1,1,02,04,20,074,38,07,19,104,33,1*63
$GQGSV,1,1,02,04,20,074,37,07,19,104,45,6*6A
$GNGLL,2454.23250,N,06708.26906,E,151142.00,A,D*73
$GNRMC,151143.00,A,2454.23250,N,06708.26906,E,0.003,,050525,,,R,V*03
$GNVTG,,T,,M,0.003,N,0.006,K,D*3D
$GNGGA,151143.00,2454.23250,N,06708.26906,E,4,12,0.63,21.8,M,-44.2,M,1.0,0293*72
$GNGSA,A,3,10,27,28,32,31,01,02,08,23,,,,1.31,0.63,1.14,1*04
$GNGSA,A,3,87,81,74,88,75,65,66,72,,,,,1.31,0.63,1.14,2*01
$GNGSA,A,3,08,03,15,,,,,,,,,,1.31,0.63,1.14,3*0E
$GNGSA,A,3,08,09,06,13,20,16,29,32,38,39,,,1.31,0.63,1.14,4*0D
$GNGSA,A,3,04,07,,,,,,,,,,,1.31,0.63,1.14,5*04
$GPGSV,4,1,13,01,15,321,33,02,42,312,45,08,18,258,36,10,45,062,47,1*6F
$GPGSV,4,2,13,23,13,097,38,25,05,090,37,27,18,219,38,28,64,140,47,1*6A
$GPGSV,4,3,13,31,43,179,46,32,52,016,48,36,34,246,42,40,59,208,48,1*6E
$GPGSV,4,4,13,41,56,146,46,1*51
$GPGSV,3,1,10,01,15,321,37,02,42,312,08,08,18,258,35,10,45,062,46,6*63
$GPGSV,3,2,10,23,13,097,38,25,05,090,33,27,18,219,40,28,64,140,49,6*6C
$GPGSV,3,3,10,31,43,179,45,32,52,016,46,6*6A
$GPGSV,1,1,03,18,00,147,,26,03,176,,49,17,257,,0*51
$GLGSV,3,1,10,65,42,342,46,66,25,284,44,72,17,042,42,74,13,052,37,1*71
$GLGSV,3,2,10,75,25,103,46,76,08,159,39,81,16,329,40,87,36,183,47,1*72
$GLGSV,3,3,10,88,59,283,51,,,,43,1*4F
$GLGSV,3,1,09,65,42,342,11,66,25,284,43,72,17,042,42,75,25,103,45,3*7A
$GLGSV,3,2,09,76,08,159,41,81,16,329,41,87,36,183,07,88,59,283,48,3*7E
$GLGSV,3,3,09,,,,41,3*76
$GAGSV,2,1,07,03,51,022,51,05,06,048,41,07,13,242,32,08,58,276,51,2*79
$GAGSV,2,2,07,13,32,323,50,15,86,275,53,34,37,147,50,2*4D
$GAGSV,2,1,08,03,51,022,45,05,06,048,41,07,13,242,30,08,58,276,47,7*73
$GAGSV,2,2,08,13,32,323,44,15,86,275,47,18,15,276,28,34,37,147,43,7*71
$GAGSV,1,1,02,02,04,144,,25,02,097,,0*7A
$GBGSV,2,1,08,08,34,083,43,09,64,116,47,13,47,068,45,20,50,338,50,1*74
$GBGSV,2,2,08,29,44,269,47,32,29,052,46,38,27,094,43,39,51,058,47,1*70
$GBGSV,2,1,06,06,61,085,48,08,34,083,46,09,64,116,49,13,47,068,48,B*05
$GBGSV,2,2,06,16,56,071,48,39,51,058,11,B*0E
$GBGSV,4,1,14,01,03,095,,02,58,140,,03,35,113,,05,62,201,,0*77
$GBGSV,4,2,14,10,04,161,,19,22,286,,23,15,058,,27,00,161,,0*78
$GBGSV,4,3,14,30,35,196,,35,07,319,,37,35,109,,59,08,095,,0*76
$GBGSV,4,4,14,60,60,149,,61,35,113,,0*7C
$GQGSV,1,1,02,04,20,074,38,07,19,104,33,1*63
$GQGSV,1,1,02,04,20,074,37,07,19,104,45,6*6A
$GNGLL,2454.23250,N,06708.26906,E,151143.00,A,D*72
$GNRMC,151144.00,A,2454.23250,N,06708.26906,E,0.012,,050525,,,R,V*04
$GNVTG,,T,,M,0.012,N,0.021,K,D*38
$GNGGA,151144.00,2454.23250,N,06708.26906,E,4,12,0.63,21.8,M,-44.2,M,1.0,0293*75
$GNGSA,A,3,10,27,28,32,31,01,02,08,23,,,,1.30,0.63,1.14,1*05
$GNGSA,A,3,87,81,74,88,75,65,66,72,,,,,1.30,0.63,1.14,2*00
$GNGSA,A,3,08,03,15,,,,,,,,,,1.30,0.63,1.14,3*0F
$GNGSA,A,3,08,09,06,13,20,16,29,32,38,39,,,1.30,0.63,1.14,4*0C
$GNGSA,A,3,04,07,,,,,,,,,,,1.30,0.63,1.14,5*05
$GPGSV,4,1,13,01,15,321,33,02,42,312,45,08,18,258,36,10,45,062,47,1*6F
$GPGSV,4,2,13,23,13,097,38,25,05,090,37,27,18,219,39,28,64,140,47,1*6B
$GPGSV,4,3,13,31,43,179,46,32,52,016,48,36,34,246,42,40,59,208,48,1*6E
$GPGSV,4,4,13,41,56,146,46,1*51
$GPGSV,3,1,10,01,15,321,37,02,42,312,08,08,18,258,35,10,45,062,46,6*63
$GPGSV,3,2,10,23,13,097,38,25,05,090,33,27,18,219,39,28,64,140,49,6*62
$GPGSV,3,3,10,31,43,179,45,32,52,016,46,6*6A
$GPGSV,1,1,03,18,00,147,,26,03,176,,49,17,257,,0*51
$GLGSV,3,1,10,65,42,342,46,66,25,284,44,72,17,042,42,74,13,052,37,1*71
$GLGSV,3,2,10,75,25,103,46,76,08,159,39,81,16,329,39,87,36,183,47,1*7C
$GLGSV,3,3,10,88,59,283,51,,,,43,1*4F
$GLGSV,3,1,09,65,42,342,10,66,25,284,43,72,17,042,42,75,25,103,45,3*7B
$GLGSV,3,2,09,76,08,159,41,81,16,329,41,87,36,183,07,88,59,283,49,3*7F
$GLGSV,3,3,09,,,,41,3*76
$GAGSV,2,1,07,03,51,022,51,05,06,048,41,07,13,242,32,08,58,276,51,2*79
$GAGSV,2,2,07,13,32,323,50,15,86,275,53,34,37,147,50,2*4D
$GAGSV,2,1,08,03,51,022,45,05,06,048,41,07,13,242,30,08,58,276,47,7*73
$GAGSV,2,2,08,13,32,323,44,15,86,275,47,18,15,276,28,34,37,147,43,7*71
$GAGSV,1,1,02,02,04,144,,25,02,097,,0*7A
$GBGSV,2,1,08,08,34,083,43,09,64,116,47,13,47,068,45,20,50,338,50,1*74
$GBGSV,2,2,08,29,44,269,47,32,29,052,46,38,27,094,43,39,51,058,47,1*70
$GBGSV,2,1,06,06,61,085,48,08,34,083,46,09,64,116,49,13,47,068,48,B*05
$GBGSV,2,2,06,16,56,071,48,39,51,058,09,B*07
$GBGSV,4,1,14,01,03,095,,02,58,140,,03,35,113,,05,62,201,,0*77
$GBGSV,4,2,14,10,04,161,,19,22,286,,23,15,058,,27,00,161,,0*78
$GBGSV,4,3,14,30,35,196,,35,07,319,,37,35,109,,59,08,095,,0*76
$GBGSV,4,4,14,60,60,149,,61,35,113,,0*7C
$GQGSV,1,1,02,04,20,074,38,07,19,104,33,1*63
$GQGSV,1,1,02,04,20,074,37,07,19,104,45,6*6A
$GNGLL,2454.23250,N,06708.26906,E,151144.00,A,D*75
$GNRMC,151145.00,A,2454.23250,N,06708.26906,E,0.006,,050525,,,R,V*00
$GNVTG,,T,,M,0.006,N,0.011,K,D*3E
$GNGGA,151145.00,2454.23250,N,06708.26906,E,4,12,0.63,21.8,M,-44.2,M,1.0,0293*74
$GNGSA,A,3,10,27,28,32,31,01,02,08,23,,,,1.30,0.63,1.14,1*05
$GNGSA,A,3,87,81,74,88,75,65,66,72,,,,,1.30,0.63,1.14,2*00
$GNGSA,A,3,08,03,15,,,,,,,,,,1.30,0.63,1.14,3*0F
$GNGSA,A,3,08,09,06,13,20,16,29,32,38,39,,,1.30,0.63,1.14,4*0C
$GNGSA,A,3,04,07,,,,,,,,,,,1.30,0.63,1.14,5*05
$GPGSV,4,1,13,01,15,321,33,02,42,312,45,08,18,258,36,10,45,062,47,1*6F
$GPGSV,4,2,13,23,13,097,38,25,05,090,37,27,18,219,39,28,64,140,47,1*6B
$GPGSV,4,3,13,31,43,179,46,32,52,016,48,36,34,246,42,40,59,208,48,1*6E
$GPGSV,4,4,13,41,56,146,47,1*50
$GPGSV,3,1,09,01,15,321,37,08,18,258,35,10,45,062,46,23,13,097,38,6*61
$GPGSV,3,2,09,25,05,090,33,27,18,219,39,28,64,140,49,31,43,179,45,6*67
$GPGSV,3,3,09,32,52,016,46,6*59
$GPGSV,1,1,03,18,00,147,,26,03,176,,49,17,257,,0*51
$GLGSV,3,1,10,65,42,342,46,66,25,284,44,72,17,042,42,74,13,052,37,1*71
$GLGSV,3,2,10,75,25,103,46,76,08,159,39,81,16,329,39,87,36,183,46,1*7D
$GLGSV,3,3,10,88,59,283,51,,,,43,1*4F
$GLGSV,3,1,09,65,42,342,12,66,25,284,43,72,17,042,42,75,25,103,45,3*79
$GLGSV,3,2,09,76,08,159,41,81,16,329,41,87,36,183,08,88,59,283,49,3*70
$GLGSV,3,3,09,,,,41,3*76
$GAGSV,2,1,07,03,51,022,51,05,06,048,41,07,13,242,32,08,58,276,51,2*79
$GAGSV,2,2,07,13,32,323,50,15,86,275,53,34,37,147,50,2*4D
$GAGSV,2,1,08,03,51,022,45,05,06,048,41,07,13,242,30,08,58,276,47,7*73
$GAGSV,2,2,08,13,32,323,44,15,86,275,47,18,15,276,28,34,37,147,43,7*71
$GAGSV,1,1,02,02,04,144,,25,02,097,,0*7A
$GBGSV,2,1,08,08,34,083,43,09,64,116,47,13,47,068,45,20,50,338,50,1*74
$GBGSV,2,2,08,29,44,269,47,32,29,052,46,38,27,094,43,39,51,058,47,1*70
$GBGSV,2,1,07,06,61,085,48,08,34,083,46,09,64,116,49,13,47,068,48,B*04
$GBGSV,2,2,07,16,56,071,48,20,50,338,12,39,51,058,08,B*3B
$GBGSV,4,1,14,01,03,095,,02,58,140,,03,35,113,,05,62,201,,0*77
$GBGSV,4,2,14,10,04,161,,19,22,286,,23,15,058,,27,00,161,,0*78
$GBGSV,4,3,14,30,35,196,,35,07,319,,37,35,109,,59,08,095,,0*76
$GBGSV,4,4,14,60,60,149,,61,35,113,,0*7C
$GQGSV,1,1,02,04,20,074,38,07,19,104,33,1*63
$GQGSV,1,1,02,04,20,074,37,07,19,104,45,6*6A
$GNGLL,2454.23250,N,06708.26906,E,151145.00,A,D*74
$GNRMC,151146.00,A,2454.23250,N,06708.26906,E,0.004,,050525,,,R,V*01
$GNVTG,,T,,M,0.004,N,0.008,K,D*34
$GNGGA,151146.00,2454.23250,N,06708.26906,E,4,12,0.63,21.8,M,-44.2,M,1.0,0293*77
$GNGSA,A,3,10,27,28,32,31,01,02,08,23,,,,1.30,0.63,1.14,1*05
$GNGSA,A,3,87,81,74,88,75,65,66,72,,,,,1.30,0.63,1.14,2*00
$GNGSA,A,3,08,03,15,,,,,,,,,,1.30,0.63,1.14,3*0F
$GNGSA,A,3,08,09,06,13,20,16,29,32,38,39,,,1.30,0.63,1.14,4*0C
$GNGSA,A,3,04,07,,,,,,,,,,,1.30,0.63,1.14,5*05
$GPGSV,4,1,13,01,15,321,33,02,42,312,45,08,18,258,36,10,45,062,47,1*6F
$GPGSV,4,2,13,23,13,097,38,25,05,090,37,27,18,219,39,28,64,140,47,1*6B
$GPGSV,4,3,13,31,43,179,46,32,52,016,48,36,34,246,42,40,59,208,48,1*6E
$GPGSV,4,4,13,41,56,146,47,1*50
$GPGSV,3,1,09,01,15,321,37,08,18,258,35,10,45,062,46,23,13,097,38,6*61
$GPGSV,3,2,09,25,05,090,33,27,18,219,39,28,64,140,49,31,43,179,45,6*67
$GPGSV,3,3,09,32,52,016,46,6*59
$GPGSV,1,1,03,18,00,147,,26,03,176,,49,17,257,,0*51
$GLGSV,3,1,10,65,42,342,46,66,25,284,44,72,17,042,42,74,13,052,37,1*71
$GLGSV,3,2,10,75,25,103,47,76,08,159,39,81,16,329,39,87,36,183,47,1*7D
$GLGSV,3,3,10,88,59,283,51,,,,43,1*4F
$GLGSV,3,1,09,65,42,342,09,66,25,284,43,72,17,042,42,75,25,103,45,3*73
$GLGSV,3,2,09,76,08,159,41,81,16,329,41,87,36,183,12,88,59,283,49,3*7B
$GLGSV,3,3,09,,,,41,3*76
$GAGSV,2,1,07,03,51,022,51,05,06,048,41,07,13,242,32,08,58,276,51,2*79
$GAGSV,2,2,07,13,32,323,50,15,86,275,53,34,37,147,50,2*4D
$GAGSV,2,1,08,03,51,022,45,05,06,048,41,07,13,242,30,08,58,276,47,7*73
$GAGSV,2,2,08,13,32,323,44,15,86,275,47,18,15,276,28,34,37,147,43,7*71
$GAGSV,1,1,02,02,04,144,,25,02,097,,0*7A
$GBGSV,2,1,08,08,34,083,43,09,64,116,47,13,47,068,45,20,50,338,50,1*74
$GBGSV,2,2,08,29,44,269,47,32,29,052,46,38,27,094,43,39,51,058,47,1*70
$GBGSV,2,1,07,06,61,085,48,08,34,083,46,09,64,116,49,13,47,068,48,B*04
$GBGSV,2,2,07,16,56,071,48,20,50,338,11,39,51,058,08,B*38
$GBGSV,4,1,14,01,03,095,,02,58,140,,03,35,113,,05,62,201,,0*77
$GBGSV,4,2,14,10,04,161,,19,22,286,,23,15,058,,27,00,161,,0*78
$GBGSV,4,3,14,30,35,196,,35,07,319,,37,35,109,,59,08,095,,0*76
$GBGSV,4,4,14,60,60,149,,61,35,113,,0*7C
$GQGSV,1,1,02,04,20,074,38,07,19,104,33,1*63
$GQGSV,1,1,02,04,20,074,37,07,19,104,45,6*6A
$GNGLL,2454.23250,N,06708.26906,E,151146.00,A,D*77
$GNRMC,151147.00,A,2454.23250,N,06708.26906,E,0.005,,050525,,,R,V*01
$GNVTG,,T,,M,0.005,N,0.009,K,D*34
$GNGGA,151147.00,2454.23250,N,06708.26906,E,4,12,0.63,21.8,M,-44.2,M,1.0,0293*76
$GNGSA,A,3,10,27,28,32,31,01,02,08,23,,,,1.30,0.63,1.14,1*05
$GNGSA,A,3,87,81,74,88,75,65,66,72,,,,,1.30,0.63,1.14,2*00
$GNGSA,A,3,08,03,15,,,,,,,,,,1.30,0.63,1.14,3*0F
$GNGSA,A,3,08,09,06,13,20,16,29,32,38,39,,,1.30,0.63,1.14,4*0C
$GNGSA,A,3,04,07,,,,,,,,,,,1.30,0.63,1.14,5*05
$GPGSV,4,1,13,01,15,321,33,02,42,312,45,08,18,258,36,10,45,062,47,1*6F
$GPGSV,4,2,13,23,13,097,38,25,05,090,37,27,18,219,38,28,64,140,47,1*6A
$GPGSV,4,3,13,31,43,179,46,32,52,016,47,36,34,246,42,40,59,208,48,1*61
$GPGSV,4,4,13,41,56,146,46,1*51
$GPGSV,3,1,09,01,15,321,37,08,18,258,35,10,45,062,46,23,13,097,38,6*61
$GPGSV,3,2,09,25,05,090,33,27,18,219,39,28,64,140,49,31,43,179,45,6*67
$GPGSV,3,3,09,32,52,016,46,6*59
$GPGSV,1,1,03,18,00,147,,26,03,176,,49,17,257,,0*51
$GLGSV,3,1,10,65,42,342,46,66,25,284,44,72,17,042,42,74,13,052,37,1*71
$GLGSV,3,2,10,75,25,103,47,76,08,159,38,81,16,329,40,87,36,183,47,1*72
$GLGSV,3,3,10,88,59,283,51,,,,43,1*4F
$GLGSV,3,1,09,65,42,342,12,66,25,284,43,72,17,042,42,75,25,103,45,3*79
$GLGSV,3,2,09,76,08,159,41,81,16,329,40,87,36,183,08,88,59,283,49,3*71
$GLGSV,3,3,09,,,,41,3*76
$GAGSV,2,1,07,03,51,022,51,05,06,048,41,07,13,242,32,08,58,276,51,2*79
$GAGSV,2,2,07,13,32,323,50,15,86,275,53,34,37,147,50,2*4D
$GAGSV,2,1,08,03,51,022,45,05,06,048,41,07,13,242,30,08,58,276,47,7*73
$GAGSV,2,2,08,13,32,323,44,15,86,275,47,18,15,276,28,34,37,147,43,7*71
$GAGSV,1,1,02,02,04,144,,25,02,097,,0*7A
$GBGSV,2,1,08,08,34,083,43,09,64,116,47,13,47,068,45,20,50,338,50,1*74
$GBGSV,2,2,08,29,44,269,47,32,29,052,46,38,27,094,43,39,51,058,47,1*70
$GBGSV,2,1,07,06,61,085,48,08,34,083,46,09,64,116,49,13,47,068,48,B*04
$GBGSV,2,2,07,16,56,071,48,20,50,338,09,39,51,058,08,B*31
$GBGSV,4,1,14,01,03,095,,02,58,140,,03,35,113,,05,62,201,,0*77
$GBGSV,4,2,14,10,04,161,,19,22,286,,23,15,058,,27,00,161,,0*78
$GBGSV,4,3,14,30,35,196,,35,07,319,,37,35,109,,59,08,095,,0*76
$GBGSV,4,4,14,60,60,149,,61,35,113,,0*7C
$GQGSV,1,1,02,04,20,074,38,07,19,104,33,1*63
$GQGSV,1,1,02,04,20,074,37,07,19,104,45,6*6A
$GNGLL,2454.23250,N,06708.26906,E,151147.00,A,D*76
$GNRMC,151148.00,A,2454.23250,N,06708.26906,E,0.006,,050525,,,R,V*0D
$GNVTG,,T,,M,0.006,N,0.010,K,D*3F
$GNGGA,151148.00,2454.23250,N,06708.26906,E,4,12,0.63,21.8,M,-44.2,M,1.0,0293*79
$GNGSA,A,3,10,27,28,32,31,01,02,08,23,,,,1.30,0.63,1.14,1*05
$GNGSA,A,3,87,81,74,88,75,65,66,72,,,,,1.30,0.63,1.14,2*00
$GNGSA,A,3,08,03,15,,,,,,,,,,1.30,0.63,1.14,3*0F
$GNGSA,A,3,08,09,06,13,20,16,29,32,38,39,,,1.30,0.63,1.14,4*0C
$GNGSA,A,3,04,07,,,,,,,,,,,1.30,0.63,1.14,5*05
$GPGSV,4,1,13,01,15,321,33,02,42,312,45,08,18,258,37,10,45,062,47,1*6E
$GPGSV,4,2,13,23,13,097,38,25,05,090,37,27,18,219,38,28,64,140,47,1*6A
$GPGSV,4,3,13,31,43,179,46,32,52,016,47,36,34,246,42,40,59,208,48,1*61
$GPGSV,4,4,13,41,56,146,47,1*50
$GPGSV,3,1,09,01,15,321,37,08,18,258,35,10,45,062,46,23,13,097,38,6*61
$GPGSV,3,2,09,25,05,090,33,27,18,219,39,28,64,140,49,31,43,179,45,6*67
$GPGSV,3,3,09,32,52,016,46,6*59
$GPGSV,1,1,03,18,00,147,,26,03,176,,49,17,257,,0*51
$GLGSV,3,1,10,65,42,342,46,66,25,284,44,72,17,042,42,74,13,052,37,1*71
$GLGSV,3,2,10,75,25,103,47,76,08,159,38,81,16,329,39,87,36,183,46,1*7D
$GLGSV,3,3,10,88,59,283,51,,,,43,1*4F
$GLGSV,3,1,09,65,42,342,10,66,25,284,43,72,17,042,42,75,25,103,45,3*7B
$GLGSV,3,2,09,76,08,159,41,81,16,329,40,87,36,183,10,88,59,283,49,3*78
$GLGSV,3,3,09,,,,41,3*76
$GAGSV,2,1,07,03,51,022,51,05,06,048,41,07,13,242,32,08,58,276,51,2*79
$GAGSV,2,2,07,13,32,323,50,15,86,275,53,34,37,147,50,2*4D
$GAGSV,2,1,08,03,51,022,45,05,06,048,41,07,13,242,30,08,58,276,47,7*73
$GAGSV,2,2,08,13,32,323,44,15,86,275,47,18,15,276,28,34,37,147,43,7*71
$GAGSV,1,1,02,02,04,144,,25,02,097,,0*7A
$GBGSV,2,1,08,08,34,083,43,09,64,116,47,13,47,068,45,20,50,338,50,1*74
$GBGSV,2,2,08,29,44,269,47,32,29,052,46,38,27,094,44,39,51,058,47,1*77
$GBGSV,2,1,07,06,61,085,48,08,34,083,46,09,64,116,49,13,47,068,48,B*04
$GBGSV,2,2,07,16,56,071,48,20,50,338,08,39,51,058,08,B*30
$GBGSV,4,1,14,01,03,095,,02,58,140,,03,35,113,,05,62,201,,0*77
$GBGSV,4,2,14,10,04,161,,19,22,286,,23,15,058,,27,00,161,,0*78
$GBGSV,4,3,14,30,35,196,,35,07,319,,37,35,109,,59,08,095,,0*76
$GBGSV,4,4,14,60,60,149,,61,35,113,,0*7C
$GQGSV,1,1,02,04,20,074,38,07,19,104,33,1*63
$GQGSV,1,1,02,04,20,074,37,07,19,104,45,6*6A
$GNGLL,2454.23250,N,06708.26906,E,151148.00,A,D*79
$GNRMC,151149.00,A,2454.23250,N,06708.26906,E,0.004,,050525,,,R,V*0E
$GNVTG,,T,,M,0.004,N,0.008,K,D*34
$GNGGA,151149.00,2454.23250,N,06708.26906,E,4,12,0.63,21.8,M,-44.2,M,1.0,0293*78
$GNGSA,A,3,10,27,28,32,31,01,02,08,23,,,,1.30,0.63,1.14,1*05
$GNGSA,A,3,87,81,74,88,75,65,66,72,,,,,1.30,0.63,1.14,2*00
$GNGSA,A,3,08,03,15,,,,,,,,,,1.30,0.63,1.14,3*0F
$GNGSA,A,3,08,09,06,13,20,16,29,32,38,39,,,1.30,0.63,1.14,4*0C
$GNGSA,A,3,04,07,,,,,,,,,,,1.30,0.63,1.14,5*05
$GPGSV,4,1,13,01,15,321,33,02,42,312,45,08,18,258,36,10,45,062,47,1*6F
$GPGSV,4,2,13,23,13,097,38,25,05,090,37,27,18,219,38,28,64,140,47,1*6A
$GPGSV,4,3,13,31,43,179,46,32,52,016,47,36,34,246,42,40,59,208,48,1*61
$GPGSV,4,4,13,41,56,146,47,1*50
$GPGSV,3,1,09,01,15,321,37,08,18,258,35,10,45,062,46,23,13,097,38,6*61
$GPGSV,3,2,09,25,05,090,33,27,18,219,39,28,64,140,49,31,43,179,45,6*67
$GPGSV,3,3,09,32,52,016,46,6*59
$GPGSV,1,1,03,18,00,147,,26,03,176,,49,17,257,,0*51
$GLGSV,3,1,10,65,42,342,46,66,25,284,44,72,17,042,42,74,13,052,37,1*71
$GLGSV,3,2,10,75,25,103,47,76,08,159,38,81,16,329,40,87,36,183,47,1*72
$GLGSV,3,3,10,88,59,283,51,,,,43,1*4F
$GLGSV,3,1,09,65,42,342,11,66,25,284,43,72,17,042,42,75,25,103,45,3*7A
$GLGSV,3,2,09,76,08,159,41,81,16,329,40,87,36,183,08,88,59,283,48,3*70
$GLGSV,3,3,09,,,,41,3*76
$GAGSV,2,1,07,03,51,022,51,05,06,048,41,07,13,242,32,08,58,276,51,2*79
$GAGSV,2,2,07,13,32,323,50,15,86,275,53,34,37,147,50,2*4D
$GAGSV,2,1,08,03,51,022,45,05,06,048,41,07,13,242,30,08,58,276,47,7*73
$GAGSV,2,2,08,13,32,323,44,15,86,275,47,18,15,276,28,34,37,147,43,7*71
$GAGSV,1,1,02,02,04,144,,25,02,097,,0*7A
$GBGSV,2,1,08,08,34,083,43,09,64,116,47,13,47,068,45,20,50,338,50,1*74
$GBGSV,2,2,08,29,44,269,47,32,29,052,46,38,27,094,43,39,51,058,47,1*70
$GBGSV,2,1,07,06,61,085,47,08,34,083,46,09,64,116,49,13,47,068,48,B*0B
$GBGSV,2,2,07,16,56,071,48,20,50,338,08,39,51,058,08,B*30
$GBGSV,4,1,14,01,03,095,,02,58,140,,03,35,113,,05,62,201,,0*77
$GBGSV,4,2,14,10,04,161,,19,22,286,,23,15,058,,27,00,161,,0*78
$GBGSV,4,3,14,30,35,196,,35,07,319,,37,35,109,,59,08,095,,0*76
$GBGSV,4,4,14,60,60,149,,61,35,113,,0*7C
$GQGSV,1,1,02,04,20,074,38,07,19,104,33,1*63
$GQGSV,1,1,02,04,20,074,37,07,19,104,45,6*6A
$GNGLL,2454.23250,N,06708.26906,E,151149.00,A,D*78
$GNRMC,151150.00,A,2454.23250,N,06708.26906,E,0.005,,050525,,,R,V*07
$GNVTG,,T,,M,0.005,N,0.009,K,D*34
$GNGGA,151150.00,2454.23250,N,06708.26906,E,4,12,0.63,21.8,M,-44.2,M,1.0,0293*70
$GNGSA,A,3,10,27,28,32,31,01,02,08,23,,,,1.30,0.63,1.14,1*05
$GNGSA,A,3,87,81,74,88,75,65,66,72,,,,,1.30,0.63,1.14,2*00
$GNGSA,A,3,08,03,15,,,,,,,,,,1.30,0.63,1.14,3*0F
$GNGSA,A,3,08,09,06,13,20,16,29,32,38,39,,,1.30,0.63,1.14,4*0C
$GNGSA,A,3,04,07,,,,,,,,,,,1.30,0.63,1.14,5*05
$GPGSV,4,1,13,01,15,321,33,02,42,312,45,08,18,258,37,10,45,062,47,1*6E
$GPGSV,4,2,13,23,13,097,38,25,05,090,37,27,18,219,38,28,64,140,47,1*6A
$GPGSV,4,3,13,31,43,179,46,32,52,016,47,36,34,246,42,40,59,208,48,1*61
$GPGSV,4,4,13,41,56,146,47,1*50
$GPGSV,3,1,09,01,15,321,37,08,18,258,35,10,45,062,46,23,13,097,38,6*61
$GPGSV,3,2,09,25,05,090,33,27,18,219,39,28,64,140,49,31,43,179,45,6*67
$GPGSV,3,3,09,32,52,016,46,6*59
$GPGSV,1,1,03,18,00,147,,26,03,176,,49,17,257,,0*51
$GLGSV,3,1,10,65,42,344,46,66,25,284,44,72,17,042,42,74,13,052,37,1*77
$GLGSV,3,2,10,75,25,103,47,76,08,159,39,81,16,329,40,87,36,183,47,1*73
$GLGSV,3,3,10,88,59,283,51,,,,43,1*4F
$GLGSV,3,1,09,65,42,344,08,66,25,284,43,72,17,042,42,75,25,103,45,3*74
$GLGSV,3,2,09,76,08,159,42,81,16,329,40,87,36,183,09,88,59,283,48,3*72
$GLGSV,3,3,09,,,,41,3*76
$GAGSV,2,1,07,03,51,022,51,05,06,048,41,07,13,242,32,08,58,276,51,2*79
$GAGSV,2,2,07,13,32,323,50,15,86,275,53,34,37,147,50,2*4D
$GAGSV,2,1,08,03,51,022,45,05,06,048,40,07,13,242,30,08,58,276,47,7*72
$GAGSV,2,2,08,13,32,323,44,15,86,275,47,18,15,276,28,34,37,147,43,7*71
$GAGSV,1,1,02,02,04,144,,25,02,097,,0*7A
$GBGSV,2,1,08,08,34,083,43,09,64,116,47,13,47,068,45,20,50,338,50,1*74
$GBGSV,2,2,08,29,44,269,47,32,29,052,46,38,27,094,43,39,51,058,47,1*70
$GBGSV,2,1,08,06,61,085,48,08,34,083,46,09,64,116,49,13,47,068,48,B*0B
$GBGSV,2,2,08,16,56,071,48,20,50,338,08,29,44,269,20,39,51,058,10,B*02
$GBGSV,4,1,14,01,03,095,,02,58,140,,03,35,113,,05,62,201,,0*77
$GBGSV,4,2,14,10,04,161,,19,22,286,,23,15,058,,27,00,161,,0*78
$GBGSV,4,3,14,30,35,196,,35,07,319,,37,35,109,,59,08,095,,0*76
$GBGSV,4,4,14,60,60,149,,61,35,113,,0*7C
$GQGSV,1,1,02,04,20,074,38,07,19,104,33,1*63
$GQGSV,1,1,02,04,20,074,37,07,19,104,45,6*6A
$GNGLL,2454.23250,N,06708.26906,E,151150.00,A,D*70
$GNRMC,151151.00,A,2454.23250,N,06708.26906,E,0.002,,050525,,,R,V*01
$GNVTG,,T,,M,0.002,N,0.004,K,D*3E
$GNGGA,151151.00,2454.23250,N,06708.26906,E,4,12,0.63,21.8,M,-44.2,M,1.0,0293*71
$GNGSA,A,3,10,27,28,32,31,01,02,08,23,,,,1.30,0.63,1.14,1*05
$GNGSA,A,3,87,81,74,88,75,65,66,72,,,,,1.30,0.63,1.14,2*00
$GNGSA,A,3,08,03,15,,,,,,,,,,1.30,0.63,1.14,3*0F
$GNGSA,A,3,08,09,06,13,20,16,29,32,38,39,,,1.30,0.63,1.14,4*0C
$GNGSA,A,3,04,07,,,,,,,,,,,1.30,0.63,1.14,5*05
$GPGSV,4,1,13,01,15,321,33,02,42,312,45,08,18,258,37,10,45,062,47,1*6E
$GPGSV,4,2,13,23,13,097,38,25,05,090,37,27,18,219,38,28,64,140,47,1*6A
$GPGSV,4,3,13,31,43,179,46,32,52,016,47,36,34,246,42,40,59,208,48,1*61
$GPGSV,4,4,13,41,56,146,46,1*51
$GPGSV,3,1,09,01,15,321,37,08,18,258,35,10,45,062,46,23,13,097,38,6*61
$GPGSV,3,2,09,25,05,090,33,27,18,219,39,28,64,140,49,31,43,179,45,6*67
$GPGSV,3,3,09,32,52,016,46,6*59
$GPGSV,1,1,03,18,00,147,,26,03,176,,49,17,257,,0*51
$GLGSV,3,1,10,65,42,344,45,66,25,285,44,72,17,042,42,74,13,052,37,1*75
$GLGSV,3,2,10,75,25,103,47,76,08,159,39,81,16,329,40,87,36,183,47,1*73
$GLGSV,3,3,10,88,59,283,51,,,,43,1*4F
$GLGSV,3,1,09,65,42,344,10,66,25,285,43,72,17,042,42,75,25,103,45,3*7C
$GLGSV,3,2,09,76,08,159,42,81,16,329,40,87,36,183,08,88,59,283,49,3*72
$GLGSV,3,3,09,,,,41,3*76
$GAGSV,2,1,07,03,51,022,51,05,06,048,41,07,13,242,32,08,58,276,51,2*79
$GAGSV,2,2,07,13,32,323,50,15,86,275,53,34,37,147,50,2*4D
$GAGSV,2,1,08,03,51,022,45,05,06,048,40,07,13,242,30,08,58,276,47,7*72
$GAGSV,2,2,08,13,32,323,44,15,86,275,47,18,15,276,28,34,37,147,43,7*71
$GAGSV,1,1,02,02,04,144,,25,02,097,,0*7A
$GBGSV,2,1,08,08,34,083,43,09,64,116,47,13,47,068,45,20,50,338,50,1*74
$GBGSV,2,2,08,29,44,269,47,32,29,052,46,38,27,094,44,39,51,058,47,1*77
$GBGSV,2,1,08,06,61,085,48,08,34,083,46,09,64,116,49,13,47,068,48,B*0B
$GBGSV,2,2,08,16,56,071,48,20,50,338,08,29,44,269,18,39,51,058,09,B*01
$GBGSV,4,1,14,01,03,095,,02,58,140,,03,35,113,,05,62,201,,0*77
$GBGSV,4,2,14,10,04,161,,19,22,286,,23,15,058,,27,00,161,,0*78
$GBGSV,4,3,14,30,35,196,,35,07,319,,37,35,109,,59,08,095,,0*76
$GBGSV,4,4,14,60,60,149,,61,35,113,,0*7C
$GQGSV,1,1,02,04,20,074,38,07,19,104,33,1*63
$GQGSV,1,1,02,04,20,074,37,07,19,104,45,6*6A
$GNGLL,2454.23250,N,06708.26906,E,151151.00,A,D*71
$GNRMC,151152.00,A,2454.23250,N,06708.26906,E,0.004,,050525,,,R,V*04
$GNVTG,,T,,M,0.004,N,0.007,K,D*3B
$GNGGA,151152.00,2454.23250,N,06708.26906,E,4,12,0.63,21.8,M,-44.2,M,1.0,0293*72
$GNGSA,A,3,10,27,28,32,31,01,02,08,23,,,,1.30,0.63,1.14,1*05
$GNGSA,A,3,87,81,74,88,75,65,66,72,,,,,1.30,0.63,1.14,2*00
$GNGSA,A,3,08,03,15,,,,,,,,,,1.30,0.63,1.14,3*0F
$GNGSA,A,3,08,09,06,13,20,16,29,32,38,39,,,1.30,0.63,1.14,4*0C
$GNGSA,A,3,04,07,,,,,,,,,,,1.30,0.63,1.14,5*05
$GPGSV,4,1,13,01,15,321,33,02,42,312,45,08,18,258,37,10,45,062,47,1*6E
$GPGSV,4,2,13,23,13,097,38,25,05,090,37,27,18,219,38,28,64,140,47,1*6A
$GPGSV,4,3,13,31,43,179,46,32,52,016,47,36,34,246,42,40,59,208,48,1*61
$GPGSV,4,4,13,41,56,146,46,1*51
$GPGSV,3,1,09,01,15,321,37,08,18,258,35,10,45,062,46,23,13,097,38,6*61
$GPGSV,3,2,09,25,05,090,33,27,18,219,39,28,64,140,49,31,43,179,45,6*67
$GPGSV,3,3,09,32,52,016,46,6*59
$GPGSV,1,1,03,18,00,147,,26,03,176,,49,17,257,,0*51
$GLGSV,3,1,10,65,42,344,45,66,25,285,44,72,17,042,43,74,13,052,38,1*7B
$GLGSV,3,2,10,75,25,103,47,76,08,159,38,81,16,329,40,87,36,183,47,1*72
$GLGSV,3,3,10,88,59,283,51,,,,43,1*4F
$GLGSV,3,1,09,65,42,344,07,66,25,285,43,72,17,042,42,75,25,103,45,3*7A
$GLGSV,3,2,09,76,08,159,42,81,16,329,40,87,36,183,08,88,59,283,49,3*72
$GLGSV,3,3,09,,,,41,3*76
$GAGSV,2,1,07,03,51,022,51,05,06,048,41,07,13,242,32,08,58,276,51,2*79
$GAGSV,2,2,07,13,32,323,50,15,86,275,53,34,37,147,50,2*4D
$GAGSV,2,1,08,03,51,022,45,05,06,048,40,07,13,242,30,08,58,276,47,7*72
$GAGSV,2,2,08,13,32,323,44,15,86,275,47,18,15,276,28,34,37,147,44,7*76
$GAGSV,1,1,02,02,04,144,,25,02,097,,0*7A
$GBGSV,2,1,08,08,34,083,43,09,64,116,47,13,47,068,45,20,50,338,50,1*74
$GBGSV,2,2,08,29,44,269,47,32,29,052,47,38,27,094,43,39,51,058,47,1*71
$GBGSV,2,1,08,06,61,085,48,08,34,083,46,09,64,116,49,13,47,068,48,B*0B
$GBGSV,2,2,08,16,56,071,48,20,50,338,07,29,44,269,15,39,51,058,10,B*0B
$GBGSV,4,1,14,01,03,095,,02,58,140,,03,35,113,,05,62,201,,0*77
$GBGSV,4,2,14,10,04,161,,19,22,286,,23,15,058,,27,00,161,,0*78
$GBGSV,4,3,14,30,35,196,,35,07,319,,37,35,109,,59,08,095,,0*76
$GBGSV,4,4,14,60,60,149,,61,35,113,,0*7C
$GQGSV,1,1,02,04,20,074,38,07,19,104,33,1*63
$GQGSV,1,1,02,04,20,074,37,07,19,104,45,6*6A
$GNGLL,2454.23250,N,06708.26906,E,151152.00,A,D*72
$GNRMC,151153.00,A,2454.23250,N,06708.26906,E,0.002,,050525,,,R,V*03
$GNVTG,,T,,M,0.002,N,0.004,K,D*3E
$GNGGA,151153.00,2454.23250,N,06708.26906,E,4,12,0.63,21.8,M,-44.2,M,1.0,0293*73
$GNGSA,A,3,10,27,28,32,31,01,02,08,23,,,,1.30,0.63,1.14,1*05
$GNGSA,A,3,87,81,74,88,75,65,66,72,,,,,1.30,0.63,1.14,2*00
$GNGSA,A,3,08,03,15,,,,,,,,,,1.30,0.63,1.14,3*0F
$GNGSA,A,3,08,09,06,13,20,16,29,32,38,39,,,1.30,0.63,1.14,4*0C
$GNGSA,A,3,04,07,,,,,,,,,,,1.30,0.63,1.14,5*05
$GPGSV,4,1,13,01,15,321,33,02,42,312,45,08,18,258,36,10,45,062,47,1*6F
$GPGSV,4,2,13,23,13,097,38,25,05,090,37,27,18,219,38,28,64,140,47,1*6A
$GPGSV,4,3,13,31,43,179,46,32,52,016,47,36,34,246,42,40,59,208,48,1*61
$GPGSV,4,4,13,41,56,146,46,1*51
$GPGSV,3,1,09,01,15,321,37,08,18,258,35,10,45,062,46,23,13,097,38,6*61
$GPGSV,3,2,09,25,05,090,33,27,18,219,39,28,64,140,49,31,43,179,45,6*67
$GPGSV,3,3,09,32,52,016,46,6*59
$GPGSV,1,1,03,18,00,147,,26,03,176,,49,17,257,,0*51
$GLGSV,3,1,10,65,42,344,46,66,25,285,44,72,17,042,43,74,13,052,38,1*78
$GLGSV,3,2,10,75,25,103,47,76,08,159,38,81,16,329,40,87,36,183,47,1*72
$GLGSV,3,3,10,88,59,283,51,,,,43,1*4F
$GLGSV,3,1,09,65,42,344,09,66,25,285,43,72,17,042,42,75,25,103,46,3*77
$GLGSV,3,2,09,76,08,159,42,81,16,329,40,87,36,183,10,88,59,283,49,3*7B
$GLGSV,3,3,09,,,,41,3*76
$GAGSV,2,1,07,03,51,022,51,05,06,048,41,07,13,242,32,08,58,276,51,2*79
$GAGSV,2,2,07,13,32,323,50,15,86,275,53,34,37,147,50,2*4D
$GAGSV,2,1,08,03,51,022,45,05,06,048,40,07,13,242,29,08,58,276,47,7*7A
$GAGSV,2,2,08,13,32,323,44,15,86,275,47,18,15,276,28,34,37,147,44,7*76
$GAGSV,1,1,02,02,04,144,,25,02,097,,0*7A
$GBGSV,2,1,08,08,34,083,43,09,64,116,47,13,47,068,45,20,50,338,50,1*74
$GBGSV,2,2,08,29,44,269,48,32,29,052,47,38,27,094,43,39,51,058,47,1*7E
$GBGSV,2,1,08,06,61,085,48,08,34,083,46,09,64,116,49,13,47,068,48,B*0B
$GBGSV,2,2,08,16,56,071,48,20,50,338,07,29,44,269,12,39,51,058,11,B*0D
$GBGSV,4,1,14,01,03,095,,02,58,140,,03,35,113,,05,62,201,,0*77
$GBGSV,4,2,14,10,04,161,,19,22,286,,23,15,058,,27,00,161,,0*78
$GBGSV,4,3,14,30,35,196,,35,07,319,,37,35,109,,59,08,095,,0*76
$GBGSV,4,4,14,60,60,149,,61,35,113,,0*7C
$GQGSV,1,1,02,04,20,074,38,07,19,104,33,1*63
$GQGSV,1,1,02,04,20,074,37,07,19,104,46,6*69
$GNGLL,2454.23250,N,06708.26906,E,151153.00,A,D*73
$GNRMC,151154.00,A,2454.23250,N,06708.26906,E,0.001,,050525,,,R,V*07
$GNVTG,,T,,M,0.001,N,0.003,K,D*3A
$GNGGA,151154.00,2454.23250,N,06708.26906,E,4,12,0.63,21.8,M,-44.2,M,1.0,0293*74
$GNGSA,A,3,10,27,28,32,31,01,02,08,23,,,,1.30,0.63,1.14,1*05
$GNGSA,A,3,87,81,74,88,75,65,66,72,,,,,1.30,0.63,1.14,2*00
$GNGSA,A,3,08,03,15,,,,,,,,,,1.30,0.63,1.14,3*0F
$GNGSA,A,3,08,09,06,13,20,16,29,32,38,39,,,1.30,0.63,1.14,4*0C
$GNGSA,A,3,04,07,,,,,,,,,,,1.30,0.63,1.14,5*05
$GPGSV,4,1,13,01,15,321,33,02,42,312,45,08,18,258,36,10,45,062,47,1*6F
$GPGSV,4,2,13,23,13,097,38,25,05,090,37,27,18,219,38,28,64,140,47,1*6A
$GPGSV,4,3,13,31,43,179,46,32,52,016,47,36,34,246,42,40,59,208,48,1*61
$GPGSV,4,4,13,41,56,146,46,1*51
$GPGSV,3,1,09,01,15,321,37,08,18,258,35,10,45,062,46,23,13,097,38,6*61
$GPGSV,3,2,09,25,05,090,33,27,18,219,39,28,64,140,49,31,43,179,45,6*67
$GPGSV,3,3,09,32,52,016,46,6*59
$GPGSV,1,1,03,18,00,147,,26,03,176,,49,17,257,,0*51
$GLGSV,3,1,10,65,42,344,46,66,25,285,44,72,17,042,43,74,13,052,38,1*78
$GLGSV,3,2,10,75,25,103,47,76,08,159,38,81,16,329,40,87,36,183,47,1*72
$GLGSV,3,3,10,88,59,283,51,,,,44,1*48
$GLGSV,3,1,09,65,42,344,08,66,25,285,43,72,17,042,42,75,25,103,46,3*76
$GLGSV,3,2,09,76,08,159,42,81,16,329,40,87,36,183,09,88,59,283,49,3*73
$GLGSV,3,3,09,,,,41,3*76
$GAGSV,2,1,07,03,51,022,51,05,06,048,41,07,13,242,32,08,58,276,51,2*79
$GAGSV,2,2,07,13,32,323,50,15,86,275,53,34,37,147,50,2*4D
$GAGSV,2,1,08,03,51,022,45,05,06,048,40,07,13,242,30,08,58,276,47,7*72
$GAGSV,2,2,08,13,32,323,44,15,86,275,47,18,15,276,28,34,37,147,44,7*76
$GAGSV,1,1,02,02,04,144,,25,02,097,,0*7A
$GBGSV,2,1,08,08,34,083,43,09,64,116,47,13,47,068,45,20,50,338,50,1*74
$GBGSV,2,2,08,29,44,269,48,32,29,052,47,38,27,094,44,39,51,058,47,1*79
$GBGSV,2,1,07,06,61,085,48,08,34,083,46,09,64,116,49,13,47,068,48,B*04
$GBGSV,2,2,07,16,56,071,48,20,50,338,07,29,44,269,10,B*33
$GBGSV,4,1,14,01,03,095,,02,58,140,,03,35,113,,05,62,201,,0*77
$GBGSV,4,2,14,10,04,161,,19,22,286,,23,15,058,,27,00,161,,0*78
$GBGSV,4,3,14,30,35,196,,35,07,319,,37,35,109,,59,08,095,,0*76
$GBGSV,4,4,14,60,60,149,,61,35,113,,0*7C
$GQGSV,1,1,02,04,20,074,38,07,19,104,33,1*63
$GQGSV,1,1,02,04,20,074,37,07,19,104,45,6*6A
$GNGLL,2454.23250,N,06708.26906,E,151154.00,A,D*74
$GNRMC,151155.00,A,2454.23250,N,06708.26906,E,0.002,,050525,,,R,V*05
$GNVTG,,T,,M,0.002,N,0.004,K,D*3E
$GNGGA,151155.00,2454.23250,N,06708.26906,E,4,12,0.63,21.8,M,-44.2,M,1.0,0293*75
$GNGSA,A,3,10,27,28,32,31,01,02,08,23,,,,1.30,0.63,1.14,1*05
$GNGSA,A,3,87,81,74,88,75,65,66,72,,,,,1.30,0.63,1.14,2*00
$GNGSA,A,3,08,03,15,,,,,,,,,,1.30,0.63,1.14,3*0F
$GNGSA,A,3,08,09,06,13,20,16,29,32,38,39,,,1.30,0.63,1.14,4*0C
$GNGSA,A,3,04,07,,,,,,,,,,,1.30,0.63,1.14,5*05
$GPGSV,4,1,13,01,15,321,33,02,42,312,45,08,18,258,36,10,45,062,47,1*6F
$GPGSV,4,2,13,23,13,097,38,25,05,090,37,27,18,219,38,28,64,140,47,1*6A
$GPGSV,4,3,13,31,43,179,46,32,52,016,47,36,34,246,42,40,59,208,48,1*61
$GPGSV,4,4,13,41,56,146,46,1*51
$GPGSV,3,1,09,01,15,321,38,08,18,258,35,10,45,062,46,23,13,097,38,6*6E
$GPGSV,3,2,09,25,05,090,33,27,18,219,39,28,64,140,49,31,43,179,44,6*66
$GPGSV,3,3,09,32,52,016,46,6*59
$GPGSV,1,1,03,18,00,147,,26,03,176,,49,17,257,,0*51
$GLGSV,3,1,10,65,42,344,46,66,25,285,44,72,17,042,43,74,13,052,38,1*78
$GLGSV,3,2,10,75,25,103,47,76,08,159,38,81,16,329,40,87,36,183,47,1*72
$GLGSV,3,3,10,88,59,283,51,,,,44,1*48
$GLGSV,3,1,09,65,42,344,10,66,25,285,43,72,17,042,42,75,25,103,46,3*7F
$GLGSV,3,2,09,76,08,159,42,81,16,329,40,87,36,183,08,88,59,283,49,3*72
$GLGSV,3,3,09,,,,41,3*76
$GAGSV,2,1,07,03,51,022,51,05,06,048,41,07,13,242,32,08,58,276,51,2*79
$GAGSV,2,2,07,13,32,323,50,15,86,275,53,34,37,147,50,2*4D
$GAGSV,2,1,08,03,51,022,45,05,06,048,40,07,13,242,30,08,58,276,47,7*72
$GAGSV,2,2,08,13,32,323,44,15,86,275,47,18,15,276,27,34,37,147,44,7*79
$GAGSV,1,1,02,02,04,144,,25,02,097,,0*7A
$GBGSV,2,1,08,08,34,083,43,09,64,116,47,13,47,068,45,20,50,338,50,1*74
$GBGSV,2,2,08,29,44,269,48,32,29,052,47,38,27,094,44,39,51,058,47,1*79
$GBGSV,2,1,06,06,61,085,48,08,34,083,46,09,64,116,49,13,47,068,48,B*05
$GBGSV,2,2,06,16,56,071,48,29,44,269,08,B*03
$GBGSV,4,1,14,01,03,095,,02,58,140,,03,35,113,,05,62,201,,0*77
$GBGSV,4,2,14,10,04,161,,19,22,286,,23,15,058,,27,00,161,,0*78
$GBGSV,4,3,14,30,35,196,,35,07,319,,37,35,109,,59,08,095,,0*76
$GBGSV,4,4,14,60,60,149,,61,35,113,,0*7C
$GQGSV,1,1,02,04,20,074,38,07,19,104,33,1*63
$GQGSV,1,1,02,04,20,074,37,07,19,104,45,6*6A
$GNGLL,2454.23250,N,06708.26906,E,151155.00,A,D*75
$GNRMC,151156.00,A,2454.23250,N,06708.26906,E,0.011,,050525,,,R,V*04
$GNVTG,,T,,M,0.011,N,0.021,K,D*3B
$GNGGA,151156.00,2454.23250,N,06708.26906,E,4,12,0.63,21.8,M,-44.2,M,1.0,0293*76
$GNGSA,A,3,10,27,28,32,31,01,02,08,23,,,,1.30,0.63,1.14,1*05
$GNGSA,A,3,87,81,74,88,75,65,66,72,,,,,1.30,0.63,1.14,2*00
$GNGSA,A,3,08,03,15,,,,,,,,,,1.30,0.63,1.14,3*0F
$GNGSA,A,3,08,09,06,13,20,16,29,32,38,39,,,1.30,0.63,1.14,4*0C
$GNGSA,A,3,04,07,,,,,,,,,,,1.30,0.63,1.14,5*05
$GPGSV,4,1,13,01,15,321,33,02,42,312,45,08,18,258,36,10,45,062,47,1*6F
$GPGSV,4,2,13,23,13,097,38,25,05,090,38,27,18,219,38,28,64,140,47,1*65
$GPGSV,4,3,13,31,43,179,46,32,52,016,47,36,34,246,42,40,59,208,48,1*61
$GPGSV,4,4,13,41,56,146,46,1*51
$GPGSV,3,1,09,01,15,321,38,08,18,258,35,10,45,062,46,23,13,097,38,6*6E
$GPGSV,3,2,09,25,05,090,33,27,18,219,38,28,64,140,49,31,43,179,44,6*67
$GPGSV,3,3,09,32,52,016,46,6*59
$GPGSV,1,1,03,18,00,147,,26,03,176,,49,17,257,,0*51
$GLGSV,3,1,10,65,42,344,46,66,25,285,44,72,17,042,43,74,13,052,38,1*78
$GLGSV,3,2,10,75,25,103,47,76,08,159,38,81,16,329,40,87,36,183,47,1*72
$GLGSV,3,3,10,88,59,283,51,,,,44,1*48
$GLGSV,3,1,09,65,42,344,12,66,25,285,43,72,17,042,42,75,25,103,46,3*7D
$GLGSV,3,2,09,76,08,159,42,81,16,329,40,87,36,183,09,88,59,283,48,3*72
$GLGSV,3,3,09,,,,41,3*76
$GAGSV,2,1,07,03,51,022,51,05,06,048,41,07,13,242,32,08,58,276,51,2*79
$GAGSV,2,2,07,13,32,323,50,15,86,275,53,34,37,147,50,2*4D
$GAGSV,2,1,08,03,51,022,45,05,06,048,40,07,13,242,30,08,58,276,47,7*72
$GAGSV,2,2,08,13,32,323,44,15,86,275,47,18,15,276,27,34,37,147,44,7*79
$GAGSV,1,1,02,02,04,144,,25,02,097,,0*7A
$GBGSV,2,1,08,08,34,083,43,09,64,116,47,13,47,068,45,20,50,338,50,1*74
$GBGSV,2,2,08,29,44,269,48,32,29,052,47,38,27,094,44,39,51,058,47,1*79
$GBGSV,2,1,06,06,61,085,48,08,34,083,46,09,64,116,49,13,47,068,48,B*05
$GBGSV,2,2,06,16,56,071,48,29,44,269,08,B*03
$GBGSV,4,1,14,01,03,095,,02,58,140,,03,35,113,,05,62,201,,0*77
$GBGSV,4,2,14,10,04,161,,19,22,286,,23,15,058,,27,00,161,,0*78
$GBGSV,4,3,14,30,35,196,,35,07,319,,37,35,109,,59,08,095,,0*76
$GBGSV,4,4,14,60,60,149,,61,35,113,,0*7C
$GQGSV,1,1,02,04,20,074,38,07,19,104,33,1*63
$GQGSV,1,1,02,04,20,074,37,07,19,104,45,6*6A
$GNGLL,2454.23250,N,06708.26906,E,151156.00,A,D*76
$GNRMC,151157.00,A,2454.23250,N,06708.26906,E,0.010,,050525,,,R,V*04
$GNVTG,,T,,M,0.010,N,0.019,K,D*31
$GNGGA,151157.00,2454.23250,N,06708.26906,E,4,12,0.63,21.8,M,-44.2,M,1.0,0293*77
$GNGSA,A,3,10,27,28,32,31,01,02,08,23,,,,1.30,0.63,1.14,1*05
$GNGSA,A,3,87,81,74,88,75,65,66,72,,,,,1.30,0.63,1.14,2*00
$GNGSA,A,3,08,03,15,,,,,,,,,,1.30,0.63,1.14,3*0F
$GNGSA,A,3,08,09,06,13,20,16,29,32,38,39,,,1.30,0.63,1.14,4*0C
$GNGSA,A,3,04,07,,,,,,,,,,,1.30,0.63,1.14,5*05
$GPGSV,4,1,13,01,15,321,33,02,42,312,45,08,18,258,36,10,45,062,47,1*6F
$GPGSV,4,2,13,23,13,097,39,25,05,090,38,27,18,219,38,28,64,140,47,1*64
$GPGSV,4,3,13,31,43,179,46,32,52,016,47,36,34,246,42,40,59,208,48,1*61
$GPGSV,4,4,13,41,56,146,46,1*51
$GPGSV,3,1,09,01,15,321,37,08,18,258,34,10,45,062,46,23,13,097,38,6*60
$GPGSV,3,2,09,25,05,090,33,27,18,219,38,28,64,140,48,31,43,179,44,6*66
$GPGSV,3,3,09,32,52,016,46,6*59
$GPGSV,1,1,03,18,00,147,,26,03,176,,49,17,257,,0*51
$GLGSV,3,1,10,65,42,344,46,66,25,285,44,72,17,043,43,74,13,052,38,1*79
$GLGSV,3,2,10,75,25,103,47,76,08,159,38,81,16,329,40,87,36,183,47,1*72
$GLGSV,3,3,10,88,59,283,51,,,,43,1*4F
$GLGSV,3,1,09,65,42,344,11,66,25,285,43,72,17,043,42,75,25,103,46,3*7F
$GLGSV,3,2,09,76,08,159,42,81,16,329,40,87,36,183,08,88,59,283,48,3*73
$GLGSV,3,3,09,,,,41,3*76
$GAGSV,2,1,07,03,51,022,51,05,06,048,41,07,13,242,32,08,58,276,51,2*79
$GAGSV,2,2,07,13,32,323,50,15,86,275,53,34,37,147,50,2*4D
$GAGSV,2,1,08,03,51,022,45,05,06,048,40,07,13,242,30,08,58,276,47,7*72
$GAGSV,2,2,08,13,32,323,44,15,86,275,47,18,15,276,27,34,37,147,44,7*79
$GAGSV,1,1,02,02,04,144,,25,02,097,,0*7A
$GBGSV,2,1,08,08,34,083,43,09,64,116,47,13,47,068,45,20,50,338,50,1*74
$GBGSV,2,2,08,29,44,269,47,32,29,052,47,38,27,094,43,39,51,058,47,1*71
$GBGSV,2,1,06,06,61,085,48,08,34,083,46,09,64,116,49,13,47,068,48,B*05
$GBGSV,2,2,06,16,56,071,48,29,44,269,08,B*03
$GBGSV,4,1,14,01,03,095,,02,58,140,,03,35,113,,05,62,201,,0*77
$GBGSV,4,2,14,10,04,161,,19,22,286,,23,15,058,,27,00,161,,0*78
$GBGSV,4,3,14,30,35,196,,35,07,319,,37,35,109,,59,08,095,,0*76
$GBGSV,4,4,14,60,60,149,,61,35,113,,0*7C
$GQGSV,1,1,02,04,20,074,38,07,19,104,33,1*63
$GQGSV,1,1,02,04,20,074,36,07,19,104,45,6*6B
$GNGLL,2454.23250,N,06708.26906,E,151157.00,A,D*77
$GNRMC,151158.00,A,2454.23250,N,06708.26906,E,0.004,,050525,,,R,V*0E
$GNVTG,,T,,M,0.004,N,0.007,K,D*3B
$GNGGA,151158.00,2454.23250,N,06708.26906,E,4,12,0.63,21.8,M,-44.2,M,2.0,0293*7B
$GNGSA,A,3,10,27,28,32,31,01,02,08,23,,,,1.30,0.63,1.14,1*05
$GNGSA,A,3,87,81,74,88,75,65,66,72,,,,,1.30,0.63,1.14,2*00
$GNGSA,A,3,08,03,15,,,,,,,,,,1.30,0.63,1.14,3*0F
$GNGSA,A,3,08,09,06,13,20,16,29,32,38,39,,,1.30,0.63,1.14,4*0C
$GNGSA,A,3,04,07,,,,,,,,,,,1.30,0.63,1.14,5*05
$GPGSV,4,1,13,01,15,321,33,02,42,312,45,08,18,258,36,10,45,062,47,1*6F
$GPGSV,4,2,13,23,13,097,38,25,05,090,38,27,18,219,38,28,64,140,47,1*65
$GPGSV,4,3,13,31,43,179,46,32,52,016,47,36,34,246,42,40,59,208,48,1*61
$GPGSV,4,4,13,41,56,146,46,1*51
$GPGSV,3,1,09,01,15,321,37,08,18,258,34,10,45,062,46,23,13,097,37,6*6F
$GPGSV,3,2,09,25,05,090,33,27,18,219,38,28,64,140,48,31,43,179,44,6*66
$GPGSV,3,3,09,32,52,016,46,6*59
$GPGSV,1,1,03,18,00,147,,26,03,176,,49,17,257,,0*51
$GLGSV,3,1,10,65,42,344,45,66,25,285,44,72,17,043,43,74,13,052,38,1*7A
$GLGSV,3,2,10,75,25,103,47,76,08,159,39,81,16,329,40,87,36,183,47,1*73
$GLGSV,3,3,10,88,59,283,51,,,,43,1*4F
$GLGSV,3,1,09,65,42,344,11,66,25,285,43,72,17,043,42,75,25,103,45,3*7C
$GLGSV,3,2,09,76,08,159,42,81,16,329,40,87,36,183,09,88,59,283,48,3*72
$GLGSV,3,3,09,,,,41,3*76
$GAGSV,2,1,07,03,51,022,51,05,06,048,41,07,13,242,32,08,58,276,51,2*79
$GAGSV,2,2,07,13,32,323,50,15,86,275,53,34,37,147,50,2*4D
$GAGSV,2,1,08,03,51,022,45,05,06,048,40,07,13,242,29,08,58,276,47,7*7A
$GAGSV,2,2,08,13,32,323,44,15,86,275,47,18,15,276,27,34,37,147,44,7*79
$GAGSV,1,1,02,02,04,144,,25,02,097,,0*7A
$GBGSV,2,1,08,08,34,083,43,09,64,116,47,13,47,068,45,20,50,338,50,1*74
$GBGSV,2,2,08,29,44,269,47,32,29,052,47,38,27,094,43,39,51,058,47,1*71
$GBGSV,2,1,06,06,61,085,48,08,34,083,46,09,64,116,49,13,47,068,48,B*05
$GBGSV,2,2,06,16,56,071,48,29,44,269,08,B*03
$GBGSV,4,1,14,01,03,095,,02,58,140,,03,35,113,,05,62,201,,0*77
$GBGSV,4,2,14,10,04,161,,19,22,286,,23,15,058,,27,00,161,,0*78
$GBGSV,4,3,14,30,35,196,,35,07,319,,37,35,109,,59,08,095,,0*76
$GBGSV,4,4,14,60,60,149,,61,35,113,,0*7C
$GQGSV,1,1,02,04,20,074,38,07,19,104,33,1*63
$GQGSV,1,1,02,04,20,074,37,07,19,104,45,6*6A
$GNGLL,2454.23250,N,06708.26906,E,151158.00,A,D*78
$GNRMC,151159.00,A,2454.23250,N,06708.26906,E,0.005,,050525,,,R,V*0E
$GNVTG,,T,,M,0.005,N,0.009,K,D*34
$GNGGA,151159.00,2454.23250,N,06708.26906,E,4,12,0.63,21.8,M,-44.2,M,1.0,0293*79
$GNGSA,A,3,10,27,28,32,31,01,02,08,23,,,,1.30,0.63,1.14,1*05
$GNGSA,A,3,87,81,74,88,75,65,66,72,,,,,1.30,0.63,1.14,2*00
$GNGSA,A,3,08,03,15,,,,,,,,,,1.30,0.63,1.14,3*0F
$GNGSA,A,3,08,09,06,13,20,16,29,32,38,39,,,1.30,0.63,1.14,4*0C
$GNGSA,A,3,04,07,,,,,,,,,,,1.30,0.63,1.14,5*05
$GPGSV,4,1,13,01,15,321,33,02,42,312,45,08,18,258,36,10,45,062,47,1*6F
$GPGSV,4,2,13,23,13,097,38,25,05,090,38,27,18,219,38,28,64,140,47,1*65
$GPGSV,4,3,13,31,43,179,46,32,52,016,47,36,34,246,42,40,59,208,48,1*61
$GPGSV,4,4,13,41,56,146,46,1*51
$GPGSV,3,1,09,01,15,321,37,08,18,258,34,10,45,062,46,23,13,097,38,6*60
$GPGSV,3,2,09,25,05,090,33,27,18,219,38,28,64,140,48,31,43,179,44,6*66
$GPGSV,3,3,09,32,52,016,46,6*59
$GPGSV,1,1,03,18,00,147,,26,03,176,,49,17,257,,0*51
$GLGSV,3,1,10,65,42,344,45,66,25,285,44,72,17,043,43,74,13,050,38,1*78
$GLGSV,3,2,10,75,25,103,47,76,08,159,39,81,16,329,40,87,36,183,47,1*73
$GLGSV,3,3,10,88,59,283,51,,,,43,1*4F
$GLGSV,3,1,09,65,42,344,08,66,25,285,43,72,17,043,42,75,25,103,45,3*74
$GLGSV,3,2,09,76,08,159,42,81,16,329,40,87,36,183,12,88,59,283,48,3*78
$GLGSV,3,3,09,,,,41,3*76
$GAGSV,2,1,07,03,51,022,51,05,06,048,41,07,13,242,32,08,58,276,51,2*79
$GAGSV,2,2,07,13,32,323,50,15,86,275,53,34,37,147,50,2*4D
$GAGSV,2,1,08,03,51,022,45,05,06,048,40,07,13,242,29,08,58,276,47,7*7A
$GAGSV,2,2,08,13,32,323,44,15,86,275,47,18,15,276,26,34,37,147,44,7*78
$GAGSV,1,1,02,02,04,144,,25,02,097,,0*7A
$GBGSV,2,1,08,08,34,083,43,09,64,116,47,13,47,068,45,20,50,338,50,1*74
$GBGSV,2,2,08,29,44,269,48,32,29,052,47,38,27,094,43,39,51,058,47,1*7E
$GBGSV,2,1,06,06,61,085,48,08,34,083,46,09,64,116,49,13,47,068,48,B*05
$GBGSV,2,2,06,16,56,071,48,29,44,269,09,B*02
$GBGSV,4,1,14,01,03,095,,02,58,140,,03,35,113,,05,62,201,,0*77
$GBGSV,4,2,14,10,04,161,,19,22,286,,23,15,058,,27,00,161,,0*78
$GBGSV,4,3,14,30,35,196,,35,07,319,,37,35,109,,59,08,095,,0*76
$GBGSV,4,4,14,60,60,149,,61,35,113,,0*7C
$GQGSV,1,1,02,04,20,074,38,07,19,104,33,1*63
$GQGSV,1,1,02,04,20,074,37,07,19,104,45,6*6A
$GNGLL,2454.23250,N,06708.26906,E,151159.00,A,D*79
$GNRMC,151200.00,A,2454.23250,N,06708.26906,E,0.017,,050525,,,R,V*02
$GNVTG,,T,,M,0.017,N,0.032,K,D*3F
$GNGGA,151200.00,2454.23250,N,06708.26906,E,4,12,0.63,21.8,M,-44.2,M,1.0,0293*76
$GNGSA,A,3,10,27,28,32,31,01,02,08,23,,,,1.30,0.63,1.14,1*05
$GNGSA,A,3,87,81,74,88,75,65,66,72,,,,,1.30,0.63,1.14,2*00
$GNGSA,A,3,08,03,15,,,,,,,,,,1.30,0.63,1.14,3*0F
$GNGSA,A,3,08,09,06,13,20,16,29,32,38,39,,,1.30,0.63,1.14,4*0C
$GNGSA,A,3,04,07,,,,,,,,,,,1.30,0.63,1.14,5*05
$GPGSV,4,1,13,01,15,321,33,02,42,312,45,08,18,258,36,10,45,062,47,1*6F
$GPGSV,4,2,13,23,13,097,38,25,05,090,38,27,18,219,38,28,64,140,47,1*65
$GPGSV,4,3,13,31,43,179,47,32,52,016,47,36,34,246,42,40,59,208,48,1*60
$GPGSV,4,4,13,41,56,146,46,1*51
$GPGSV,3,1,09,01,15,321,38,08,18,258,34,10,45,062,46,23,13,097,38,6*6F
$GPGSV,3,2,09,25,05,090,33,27,18,219,38,28,64,140,49,31,43,179,44,6*67
$GPGSV,3,3,09,32,52,016,46,6*59
$GPGSV,1,1,03,18,00,147,,26,03,176,,49,17,257,,0*51
$GLGSV,3,1,10,65,42,344,46,66,25,285,44,72,17,043,43,74,13,050,38,1*7B
$GLGSV,3,2,10,75,26,102,47,76,08,159,39,81,16,329,40,87,36,183,47,1*71
$GLGSV,3,3,10,88,59,283,51,,,,43,1*4F
$GLGSV,3,1,09,65,42,344,09,66,25,285,43,72,17,043,42,75,26,102,45,3*77
$GLGSV,3,2,09,76,08,159,42,81,16,329,40,87,36,183,10,88,59,283,48,3*7A
$GLGSV,3,3,09,,,,41,3*76
$GAGSV,2,1,07,03,51,022,51,05,06,048,41,07,13,242,32,08,58,276,51,2*79
$GAGSV,2,2,07,13,32,323,50,15,86,275,53,34,37,147,50,2*4D
$GAGSV,2,1,08,03,51,022,45,05,06,048,40,07,13,242,29,08,58,276,47,7*7A
$GAGSV,2,2,08,13,32,323,44,15,86,275,47,18,15,276,26,34,37,147,44,7*78
$GAGSV,1,1,02,02,04,144,,25,02,097,,0*7A
$GBGSV,2,1,08,08,34,083,43,09,64,116,47,13,47,068,45,20,50,338,50,1*74
$GBGSV,2,2,08,29,44,269,48,32,29,052,47,38,27,094,44,39,51,058,47,1*79
$GBGSV,2,1,06,06,61,085,48,08,34,083,46,09,64,116,49,13,47,068,48,B*05
$GBGSV,2,2,06,16,56,071,48,29,44,269,08,B*03
$GBGSV,4,1,14,01,03,095,,02,58,140,,03,35,113,,05,62,201,,0*77
$GBGSV,4,2,14,10,04,161,,19,22,286,,23,15,058,,27,00,161,,0*78
$GBGSV,4,3,14,30,35,196,,35,07,319,,37,35,109,,59,08,095,,0*76
$GBGSV,4,4,14,60,60,149,,61,35,113,,0*7C
$GQGSV,1,1,02,04,20,074,38,07,19,104,33,1*63
$GQGSV,1,1,02,04,20,074,37,07,19,104,45,6*6A
$GNGLL,2454.23250,N,06708.26906,E,151200.00,A,D*76
$GNRMC,151201.00,A,2454.23250,N,06708.26906,E,0.005,,050525,,,R,V*00
$GNVTG,,T,,M,0.005,N,0.009,K,D*34
$GNGGA,151201.00,2454.23250,N,06708.26906,E,4,12,0.63,21.8,M,-44.2,M,1.0,0293*77
$GNGSA,A,3,10,27,28,32,31,01,02,08,23,,,,1.30,0.63,1.14,1*05
$GNGSA,A,3,87,81,74,88,75,65,66,72,,,,,1.30,0.63,1.14,2*00
$GNGSA,A,3,08,03,15,,,,,,,,,,1.30,0.63,1.14,3*0F
$GNGSA,A,3,08,09,06,13,20,16,29,32,38,39,,,1.30,0.63,1.14,4*0C
$GNGSA,A,3,04,07,,,,,,,,,,,1.30,0.63,1.14,5*05
$GPGSV,4,1,13,01,15,321,32,02,42,312,45,08,18,258,36,10,45,062,47,1*6E
$GPGSV,4,2,13,23,13,097,38,25,05,090,38,27,18,219,38,28,64,140,47,1*65
$GPGSV,4,3,13,31,43,179,47,32,52,016,47,36,34,246,42,40,59,208,48,1*60
$GPGSV,4,4,13,41,56,146,47,1*50
$GPGSV,3,1,09,01,15,321,38,08,18,258,34,10,45,062,46,23,13,097,38,6*6F
$GPGSV,3,2,09,25,05,090,33,27,18,219,38,28,64,140,49,31,43,179,44,6*67
$GPGSV,3,3,09,32,52,016,46,6*59
$GPGSV,1,1,03,18,00,147,,26,03,176,,49,17,257,,0*51
$GLGSV,3,1,10,65,42,344,45,66,25,285,44,72,17,043,43,74,13,050,38,1*78
$GLGSV,3,2,10,75,26,102,47,76,08,158,39,81,16,329,40,87,36,183,47,1*70
$GLGSV,3,3,10,88,59,283,51,,,,43,1*4F
$GLGSV,3,1,09,65,42,344,09,66,25,285,43,72,17,043,42,75,26,102,45,3*77
$GLGSV,3,2,09,76,08,158,42,81,16,329,40,87,36,183,10,88,59,283,48,3*7B
$GLGSV,3,3,09,,,,40,3*77
$GAGSV,2,1,07,03,51,022,51,05,06,048,41,07,13,242,32,08,58,276,51,2*79
$GAGSV,2,2,07,13,32,323,50,15,86,275,53,34,37,147,50,2*4D
$GAGSV,2,1,08,03,51,022,45,05,06,048,40,07,13,242,30,08,58,276,47,7*72
$GAGSV,2,2,08,13,32,323,44,15,86,275,47,18,15,276,26,34,37,147,44,7*78
$GAGSV,1,1,02,02,04,144,,25,02,097,,0*7A
$GBGSV,2,1,08,08,34,083,43,09,64,116,47,13,47,068,45,20,50,338,50,1*74
$GBGSV,2,2,08,29,44,269,48,32,29,052,46,38,27,094,44,39,51,058,47,1*78
$GBGSV,2,1,05,06,61,085,48,08,34,083,46,09,64,116,49,13,47,068,48,B*06
$GBGSV,2,2,05,16,56,071,48,B*3E
$GBGSV,4,1,14,01,03,095,,02,58,140,,03,35,113,,05,62,201,,0*77
$GBGSV,4,2,14,10,04,161,,19,22,286,,23,15,058,,27,00,161,,0*78
$GBGSV,4,3,14,30,35,196,,35,07,319,,37,35,109,,59,08,095,,0*76
$GBGSV,4,4,14,60,60,149,,61,35,113,,0*7C
$GQGSV,1,1,02,04,20,074,38,07,19,104,33,1*63
$GQGSV,1,1,02,04,20,074,37,07,19,104,45,6*6A
$GNGLL,2454.23250,N,06708.26906,E,151201.00,A,D*77
$GNRMC,151202.00,A,2454.23250,N,06708.26906,E,0.003,,050525,,,R,V*05
$GNVTG,,T,,M,0.003,N,0.006,K,D*3D
$GNGGA,151202.00,2454.23250,N,06708.26906,E,4,12,0.63,21.8,M,-44.2,M,1.0,0293*74
$GNGSA,A,3,10,27,28,32,31,01,02,08,23,,,,1.30,0.63,1.14,1*05
$GNGSA,A,3,87,81,74,88,75,65,66,72,,,,,1.30,0.63,1.14,2*00
$GNGSA,A,3,08,03,15,,,,,,,,,,1.30,0.63,1.14,3*0F
$GNGSA,A,3,08,09,06,13,20,16,29,32,38,39,,,1.30,0.63,1.14,4*0C
$GNGSA,A,3,04,07,,,,,,,,,,,1.30,0.63,1.14,5*05
$GPGSV,4,1,13,01,15,321,32,02,42,312,45,08,18,258,36,10,45,062,47,1*6E
$GPGSV,4,2,13,23,13,097,38,25,05,090,38,27,18,219,38,28,64,140,47,1*65
$GPGSV,4,3,13,31,43,179,47,32,52,016,47,36,34,246,42,40,59,208,48,1*60
$GPGSV,4,4,13,41,56,146,46,1*51
$GPGSV,3,1,09,01,15,321,38,08,18,258,34,10,45,062,46,23,13,097,38,6*6F
$GPGSV,3,2,09,25,05,090,33,27,18,219,38,28,64,140,49,31,43,179,44,6*67
$GPGSV,3,3,09,32,52,016,46,6*59
$GPGSV,1,1,03,18,00,147,,26,03,176,,49,17,257,,0*51
$GLGSV,3,1,10,65,42,344,46,66,25,285,45,72,17,043,43,74,13,050,38,1*7A
$GLGSV,3,2,10,75,26,102,47,76,08,158,39,81,16,329,40,87,36,183,46,1*71
$GLGSV,3,3,10,88,59,283,51,,,,43,1*4F
$GLGSV,3,1,09,65,42,344,09,66,25,285,43,72,17,043,42,75,26,102,45,3*77
$GLGSV,3,2,09,76,08,158,42,81,16,329,40,87,36,183,10,88,59,283,48,3*7B
$GLGSV,3,3,09,,,,41,3*76
$GAGSV,2,1,07,03,51,022,51,05,06,048,41,07,13,242,32,08,58,276,51,2*79
$GAGSV,2,2,07,13,32,323,50,15,86,275,53,34,37,147,50,2*4D
$GAGSV,2,1,08,03,51,022,45,05,06,048,40,07,13,242,29,08,58,276,47,7*7A
$GAGSV,2,2,08,13,32,323,44,15,86,275,47,18,15,276,26,34,37,147,44,7*78
$GAGSV,1,1,02,02,04,144,,25,02,097,,0*7A
$GBGSV,2,1,08,08,34,083,43,09,64,116,47,13,47,068,45,20,50,338,50,1*74
$GBGSV,2,2,08,29,44,269,47,32,29,052,46,38,27,094,43,39,51,058,47,1*70
$GBGSV,2,1,05,06,61,085,48,08,34,083,46,09,64,116,49,13,47,068,48,B*06
$GBGSV,2,2,05,16,56,071,48,B*3E
$GBGSV,4,1,14,01,03,095,,02,58,140,,03,35,113,,05,62,201,,0*77
$GBGSV,4,2,14,10,04,161,,19,22,286,,23,15,058,,27,00,161,,0*78
$GBGSV,4,3,14,30,35,196,,35,07,319,,37,35,109,,59,08,095,,0*76
$GBGSV,4,4,14,60,60,149,,61,35,113,,0*7C
$GQGSV,1,1,02,04,20,074,38,07,19,104,33,1*63
$GQGSV,1,1,02,04,20,074,37,07,19,104,45,6*6A
$GNGLL,2454.23250,N,06708.26906,E,151202.00,A,D*74
$GNRMC,151203.00,A,2454.23250,N,06708.26906,E,0.003,,050525,,,R,V*04
$GNVTG,,T,,M,0.003,N,0.005,K,D*3E
$GNGGA,151203.00,2454.23250,N,06708.26906,E,4,12,0.63,21.8,M,-44.2,M,1.0,0293*75
$GNGSA,A,3,10,27,28,32,31,01,02,08,23,,,,1.30,0.63,1.14,1*05
$GNGSA,A,3,87,81,74,88,75,65,66,72,,,,,1.30,0.63,1.14,2*00
$GNGSA,A,3,08,03,15,,,,,,,,,,1.30,0.63,1.14,3*0F
$GNGSA,A,3,08,09,06,13,20,16,29,32,38,39,,,1.30,0.63,1.14,4*0C
$GNGSA,A,3,04,07,,,,,,,,,,,1.30,0.63,1.14,5*05
$GPGSV,4,1,13,01,15,321,32,02,42,312,45,08,18,258,36,10,45,062,47,1*6E
$GPGSV,4,2,13,23,13,097,39,25,05,090,38,27,18,219,38,28,64,140,47,1*64
$GPGSV,4,3,13,31,43,179,47,32,52,016,47,36,34,246,42,40,59,208,48,1*60
$GPGSV,4,4,13,41,56,146,46,1*51
$GPGSV,3,1,09,01,15,321,38,08,18,258,34,10,45,062,46,23,13,097,38,6*6F
$GPGSV,3,2,09,25,05,090,33,27,18,219,38,28,64,140,49,31,43,179,44,6*67
$GPGSV,3,3,09,32,52,016,46,6*59
$GPGSV,1,1,03,18,00,147,,26,03,176,,49,17,257,,0*51
$GLGSV,3,1,10,65,42,344,46,66,25,285,44,72,17,043,43,74,13,050,38,1*7B
$GLGSV,3,2,10,75,26,102,47,76,08,158,39,81,16,329,41,87,36,183,46,1*70
$GLGSV,3,3,10,88,59,283,51,,,,43,1*4F
$GLGSV,3,1,09,65,42,344,09,66,25,285,43,72,17,043,42,75,26,102,45,3*77
$GLGSV,3,2,09,76,08,158,42,81,16,329,40,87,36,183,10,88,59,283,48,3*7B
$GLGSV,3,3,09,,,,41,3*76
$GAGSV,2,1,07,03,51,022,51,05,06,048,41,07,13,242,32,08,58,276,51,2*79
$GAGSV,2,2,07,13,32,323,50,15,86,275,53,34,37,147,50,2*4D
$GAGSV,2,1,08,03,51,022,45,05,06,048,40,07,13,242,29,08,58,276,47,7*7A
$GAGSV,2,2,08,13,32,323,44,15,86,275,47,18,15,276,26,34,37,147,44,7*78
$GAGSV,1,1,02,02,04,144,,25,02,097,,0*7A
$GBGSV,2,1,08,08,34,083,43,09,64,116,47,13,47,068,45,20,50,338,50,1*74
$GBGSV,2,2,08,29,44,269,48,32,29,052,46,38,27,094,44,39,51,058,47,1*78
$GBGSV,2,1,05,06,61,085,48,08,34,083,46,09,64,116,49,13,47,068,48,B*06
$GBGSV,2,2,05,16,56,071,48,B*3E
$GBGSV,4,1,14,01,03,095,,02,58,140,,03,35,113,,05,62,201,,0*77
$GBGSV,4,2,14,10,04,161,,19,22,286,,23,15,058,,27,00,161,,0*78
$GBGSV,4,3,14,30,35,196,,35,07,319,,37,35,109,,59,08,095,,0*76
$GBGSV,4,4,14,60,60,149,,61,35,113,,0*7C
$GQGSV,1,1,02,04,20,074,39,07,19,104,33,1*62
$GQGSV,1,1,02,04,20,074,37,07,19,104,45,6*6A
$GNGLL,2454.23250,N,06708.26906,E,151203.00,A,D*75
$GNRMC,151204.00,A,2454.23250,N,06708.26906,E,0.005,,050525,,,R,V*05
$GNVTG,,T,,M,0.005,N,0.009,K,D*34
$GNGGA,151204.00,2454.23250,N,06708.26906,E,4,12,0.63,21.8,M,-44.2,M,1.0,0293*72
$GNGSA,A,3,10,27,28,32,31,01,02,08,23,,,,1.30,0.63,1.14,1*05
$GNGSA,A,3,87,81,74,88,75,65,66,72,,,,,1.30,0.63,1.14,2*00
$GNGSA,A,3,08,03,15,,,,,,,,,,1.30,0.63,1.14,3*0F
$GNGSA,A,3,08,09,06,13,20,16,29,32,38,39,,,1.30,0.63,1.14,4*0C
$GNGSA,A,3,04,07,,,,,,,,,,,1.30,0.63,1.14,5*05
$GPGSV,4,1,13,01,15,321,32,02,42,312,45,08,18,258,36,10,45,062,47,1*6E
$GPGSV,4,2,13,23,13,097,39,25,05,090,38,27,18,219,38,28,64,140,47,1*64
$GPGSV,4,3,13,31,43,179,47,32,52,016,48,36,34,246,42,40,59,208,48,1*6F
$GPGSV,4,4,13,41,56,146,46,1*51
$GPGSV,3,1,09,01,15,321,38,08,18,258,34,10,45,062,46,23,13,097,38,6*6F
$GPGSV,3,2,09,25,05,090,33,27,18,219,38,28,64,140,49,31,43,179,44,6*67
$GPGSV,3,3,09,32,52,016,46,6*59
$GPGSV,1,1,03,18,00,147,,26,03,176,,49,17,257,,0*51
$GLGSV,3,1,10,65,42,344,46,66,25,285,44,72,17,043,43,74,13,050,38,1*7B
$GLGSV,3,2,10,75,26,102,47,76,08,158,39,81,16,329,41,87,36,183,47,1*71
$GLGSV,3,3,10,88,59,283,51,,,,43,1*4F
$GLGSV,3,1,09,65,42,344,09,66,25,285,43,72,17,043,42,75,26,102,45,3*77
$GLGSV,3,2,09,76,08,158,42,81,16,329,40,87,36,183,10,88,59,283,48,3*7B
$GLGSV,3,3,09,,,,41,3*76
$GAGSV,2,1,07,03,51,022,51,05,06,048,40,07,13,242,32,08,58,276,51,2*78
$GAGSV,2,2,07,13,32,323,50,15,86,275,53,34,37,147,50,2*4D
$GAGSV,2,1,08,03,51,022,45,05,06,048,40,07,13,242,29,08,58,276,47,7*7A
$GAGSV,2,2,08,13,32,323,44,15,86,275,48,18,15,276,26,34,37,147,44,7*77
$GAGSV,1,1,02,02,04,144,,25,02,097,,0*7A
$GBGSV,2,1,08,08,34,083,43,09,64,116,47,13,47,068,45,20,50,338,50,1*74
$GBGSV,2,2,08,29,44,269,48,32,29,052,46,38,27,094,43,39,51,058,47,1*7F
$GBGSV,2,1,05,06,61,085,48,08,34,083,46,09,64,116,49,13,47,068,48,B*06
$GBGSV,2,2,05,16,56,071,48,B*3E
$GBGSV,4,1,14,01,03,095,,02,58,140,,03,35,113,,05,62,201,,0*77
$GBGSV,4,2,14,10,04,161,,19,22,286,,23,15,058,,27,00,161,,0*78
$GBGSV,4,3,14,30,35,196,,35,07,319,,37,35,109,,59,08,095,,0*76
$GBGSV,4,4,14,60,60,149,,61,35,113,,0*7C
$GQGSV,1,1,02,04,20,074,38,07,19,104,33,1*63
$GQGSV,1,1,02,04,20,074,37,07,19,104,45,6*6A
$GNGLL,2454.23250,N,06708.26906,E,151204.00,A,D*72
$GNRMC,151205.00,A,2454.23250,N,06708.26906,E,0.011,,050525,,,R,V*01
$GNVTG,,T,,M,0.011,N,0.020,K,D*3A
$GNGGA,151205.00,2454.23250,N,06708.26906,E,4,12,0.63,21.8,M,-44.2,M,1.0,0293*73
$GNGSA,A,3,10,27,28,32,31,01,02,08,23,,,,1.30,0.63,1.14,1*05
$GNGSA,A,3,87,81,74,88,75,65,66,72,,,,,1.30,0.63,1.14,2*00
$GNGSA,A,3,08,03,15,,,,,,,,,,1.30,0.63,1.14,3*0F
$GNGSA,A,3,08,09,06,13,20,16,29,32,38,39,,,1.30,0.63,1.14,4*0C
$GNGSA,A,3,04,07,,,,,,,,,,,1.30,0.63,1.14,5*05
$GPGSV,4,1,13,01,15,321,32,02,42,312,45,08,18,258,36,10,45,062,47,1*6E
$GPGSV,4,2,13,23,13,097,38,25,05,090,38,27,18,219,39,28,64,140,48,1*6B
$GPGSV,4,3,13,31,43,179,47,32,52,016,48,36,34,246,42,40,59,208,48,1*6F
$GPGSV,4,4,13,41,56,146,46,1*51
$GPGSV,3,1,09,01,15,321,38,08,18,258,34,10,45,062,47,23,13,097,38,6*6E
$GPGSV,3,2,09,25,05,090,34,27,18,219,38,28,64,140,49,31,43,179,45,6*61
$GPGSV,3,3,09,32,52,016,47,6*58
$GPGSV,1,1,03,18,00,147,,26,03,176,,49,17,257,,0*51
$GLGSV,3,1,10,65,42,344,45,66,25,285,44,72,17,043,43,74,13,050,39,1*79
$GLGSV,3,2,10,75,26,102,47,76,08,158,39,81,16,329,41,87,36,183,47,1*71
$GLGSV,3,3,10,88,59,283,51,,,,43,1*4F
$GLGSV,3,1,09,65,42,344,08,66,25,285,43,72,17,043,42,75,26,102,45,3*76
$GLGSV,3,2,09,76,08,158,42,81,16,329,40,87,36,183,03,88,59,283,48,3*79
$GLGSV,3,3,09,,,,40,3*77
$GAGSV,2,1,07,03,51,022,51,05,06,048,41,07,13,242,33,08,58,276,51,2*78
$GAGSV,2,2,07,13,32,323,50,15,86,275,53,34,37,147,50,2*4D
$GAGSV,2,1,08,03,51,022,45,05,06,048,40,07,13,242,29,08,58,276,47,7*7A
$GAGSV,2,2,08,13,32,323,44,15,86,275,48,18,15,276,26,34,37,147,44,7*77
$GAGSV,1,1,02,02,04,144,,25,02,097,,0*7A
$GBGSV,2,1,08,08,34,083,43,09,64,116,47,13,47,068,45,20,50,338,50,1*74
$GBGSV,2,2,08,29,44,269,48,32,29,052,46,38,27,094,44,39,51,058,47,1*78
$GBGSV,2,1,06,06,61,085,48,08,34,083,46,09,64,116,49,13,47,068,48,B*05
$GBGSV,2,2,06,16,56,071,48,38,27,094,14,B*0B
$GBGSV,4,1,14,01,03,095,,02,58,140,,03,35,113,,05,62,201,,0*77
$GBGSV,4,2,14,10,04,161,,19,22,286,,23,15,058,,27,00,161,,0*78
$GBGSV,4,3,14,30,35,196,,35,07,319,,37,35,109,,59,08,095,,0*76
$GBGSV,4,4,14,60,60,149,,61,35,113,,0*7C
$GQGSV,1,1,02,04,20,074,38,07,19,104,33,1*63
$GQGSV,1,1,02,04,20,074,37,07,19,104,46,6*69
$GNGLL,2454.23250,N,06708.26906,E,151205.00,A,D*73
$GNRMC,151206.00,A,2454.23250,N,06708.26906,E,0.006,,050525,,,R,V*04
$GNVTG,,T,,M,0.006,N,0.011,K,D*3E
$GNGGA,151206.00,2454.23250,N,06708.26906,E,4,12,0.63,21.8,M,-44.2,M,1.0,0293*70
$GNGSA,A,3,10,27,28,32,31,01,02,08,23,,,,1.30,0.63,1.14,1*05
$GNGSA,A,3,87,81,74,88,75,65,66,72,,,,,1.30,0.63,1.14,2*00
$GNGSA,A,3,08,03,15,,,,,,,,,,1.30,0.63,1.14,3*0F
$GNGSA,A,3,08,09,06,13,20,16,29,32,38,39,,,1.30,0.63,1.14,4*0C
$GNGSA,A,3,04,07,,,,,,,,,,,1.30,0.63,1.14,5*05
$GPGSV,4,1,13,01,15,321,32,02,42,312,45,08,18,258,36,10,45,062,47,1*6E
$GPGSV,4,2,13,23,13,097,38,25,05,090,38,27,18,219,39,28,64,140,48,1*6B
$GPGSV,4,3,13,31,43,179,47,32,52,016,48,36,34,246,42,40,59,208,48,1*6F
$GPGSV,4,4,13,41,56,146,46,1*51
$GPGSV,3,1,09,01,15,321,38,08,18,258,35,10,45,062,47,23,13,097,38,6*6F
$GPGSV,3,2,09,25,05,090,34,27,18,219,38,28,64,140,49,31,43,179,45,6*61
$GPGSV,3,3,09,32,52,016,47,6*58
$GPGSV,1,1,03,18,00,147,,26,03,176,,49,17,257,,0*51
$GLGSV,3,1,10,65,42,344,45,66,25,285,44,72,17,043,43,74,13,050,39,1*79
$GLGSV,3,2,10,75,26,102,47,76,08,158,39,81,17,329,41,87,36,183,47,1*70
$GLGSV,3,3,10,88,59,283,51,,,,43,1*4F
$GLGSV,3,1,09,65,42,344,08,66,25,285,43,72,17,043,42,75,26,102,45,3*76
$GLGSV,